VEHICLE_REGISTRATION;5000000000;veh_0;[src.main.java.CarSendsCamAPP, src.main.java.EventProcessingApp, src.main.java.MainCarApp];Car
VEHICLE_REGISTRATION;5000000000;veh_1;[src.main.java.CarSendsCamAPP, src.main.java.EventProcessingApp, src.main.java.MainCarApp];Car_0
VEHICLE_UPDATES;7000000000;veh_0;41.00657402997151;-8.64239622791148;6.261728133043377;180.14766920786022
VEHICLE_UPDATES;7000000000;veh_1;41.004649667443175;-8.643989233860765;7.644975192429484;90.16591395568926
VEHICLE_UPDATES;8000000000;veh_0;41.00651900844656;-8.642396754251664;6.108390218407019;180.19124020941587
VEHICLE_UPDATES;8000000000;veh_1;41.00464923442768;-8.643907263210693;6.894913034913117;90.16591395568926
VEHICLE_UPDATES;9000000000;veh_0;41.00645607731715;-8.642397371753976;6.986509323740481;180.19124020941547
VEHICLE_UPDATES;9000000000;veh_1;41.004648753240666;-8.643816186544665;7.660860359649161;90.16591395568926
VEHICLE_UPDATES;10000000000;veh_0;41.00639409481815;-8.642397979946418;6.881193879494546;180.19124020941547
VEHICLE_UPDATES;10000000000;veh_1;41.0046482993676;-8.643730292207232;7.224951970441253;90.16591395568926
VEHICLE_UPDATES;11000000000;veh_0;41.00633219691514;-8.642398587307216;6.871802097364432;180.19124020941587
VEHICLE_UPDATES;11000000000;veh_1;41.00464775641114;-8.64365243558046;6.54898841942566;90.33703010985688
VEHICLE_UPDATES;12000000000;veh_0;41.006277249853035;-8.642399126462971;6.10013125461164;180.19124020941547
VEHICLE_UPDATES;12000000000;veh_1;41.00464794649481;-8.64356537229515;7.323147796214545;89.57905898949569
VEHICLE_UPDATES;13000000000;veh_0;41.006221753483096;-8.642399671007439;6.161114435355282;180.19124020941547
VEHICLE_UPDATES;13000000000;veh_1;41.00464816095418;-8.64347865558664;7.293986830444993;89.57905898949569
VEHICLE_UPDATES;14000000000;veh_0;41.00616301524305;-8.642400247360596;6.521021382525666;180.19124020941547
VEHICLE_UPDATES;14000000000;veh_1;41.00464836784967;-8.6433949723326;7.038834415473031;89.57905898949733
VEHICLE_UPDATES;15000000000;veh_0;41.00610070260403;-8.642400858785043;6.91784511698979;180.19124020941547
VEHICLE_UPDATES;15000000000;veh_1;41.00464838526871;-8.643304961407495;7.571055864104056;89.86833624206884
VEHICLE_REGISTRATION;15285714285;veh_2;[src.main.java.CarSendsCamAPP, src.main.java.EventProcessingApp, src.main.java.MainCarApp];Car
VEHICLE_REGISTRATION;15285714285;veh_3;[src.main.java.CarSendsCamAPP, src.main.java.EventProcessingApp, src.main.java.MainCarApp];Car_0
VEHICLE_UPDATES;16000000000;veh_0;41.00604627503613;-8.642401392838257;6.042457628474674;180.19124020941547
VEHICLE_UPDATES;16000000000;veh_1;41.00464827129934;-8.643220783987745;7.080373756777481;89.86833624206884
VEHICLE_UPDATES;17000000000;veh_0;41.00598265441248;-8.642402043675512;7.063072447540342;180.2215031987318
VEHICLE_UPDATES;17000000000;veh_1;41.004648148368354;-8.643130038413863;7.632837732186528;89.86833624206722
VEHICLE_UPDATES;18000000000;veh_0;41.00592538810151;-8.642402594662823;6.357605040204814;180.16025225894282
VEHICLE_UPDATES;18000000000;veh_1;41.004648041619994;-8.643051281330553;6.624455791063594;89.86833624206722
VEHICLE_UPDATES;18000000000;veh_2;41.006569063033645;-8.642358218032884;6.78971945861556;180.14766920786036
VEHICLE_UPDATES;18000000000;veh_3;41.00467845141191;-8.643981113125516;8.303140554415318;90.16591395568828
VEHICLE_UPDATES;19000000000;veh_0;41.00587103790599;-8.642403057416063;6.033826516187853;180.13491255010234
VEHICLE_UPDATES;19000000000;veh_1;41.00464702898667;-8.64296846755796;6.96659908455702;90.7233931194289
VEHICLE_UPDATES;19000000000;veh_2;41.0065102898469;-8.642358785996857;6.524588811762784;180.1912402094153
VEHICLE_UPDATES;19000000000;veh_3;41.00467789180492;-8.643875181952632;8.908344880515966;90.16591395568992
VEHICLE_UPDATES;20000000000;veh_0;41.00581520684024;-8.64240353277673;6.198229064784115;180.13491255010234
VEHICLE_UPDATES;20000000000;veh_1;41.00464588155925;-8.642877858014437;7.62244876982084;90.72339311942727
VEHICLE_UPDATES;20000000000;veh_2;41.00644221354266;-8.64235945402428;7.557361900915545;180.19124020941572
VEHICLE_UPDATES;20000000000;veh_3;41.004677332175184;-8.643769264901348;8.907157525328243;90.16591395568828
VEHICLE_UPDATES;21000000000;veh_0;41.0057541191041;-8.642404052892786;6.781811751556686;180.13491255010234
VEHICLE_UPDATES;21000000000;veh_1;41.00464480765736;-8.642793059699194;7.133584540643715;90.72339311942727
VEHICLE_UPDATES;21000000000;veh_2;41.00637240944387;-8.64236013900446;7.749169646126371;180.1912402094153
VEHICLE_UPDATES;21000000000;veh_3;41.00467671534321;-8.643669897970797;8.35640770362343;90.31175441080389
VEHICLE_UPDATES;22000000000;veh_0;41.005697221040386;-8.642404537335702;6.316684453367358;180.13491255010234
VEHICLE_UPDATES;22000000000;veh_1;41.00464375241586;-8.642709739662289;7.009225923338891;90.72339311942727
VEHICLE_UPDATES;22000000000;veh_2;41.00631083466055;-8.642360743229593;6.83560771440823;180.1912402094153
VEHICLE_UPDATES;22000000000;veh_3;41.004676758719256;-8.643570771017718;8.336057389226067;89.57888711286945
VEHICLE_UPDATES;23000000000;veh_0;41.00563850238806;-8.642405037278275;6.518801699011689;180.13491255010234
VEHICLE_UPDATES;23000000000;veh_1;41.00464260709859;-8.642619312781207;7.607083326884532;90.72339311942727
VEHICLE_UPDATES;23000000000;veh_2;41.00624822743952;-8.642399411238415;6.975327326769162;180.19124020941547
VEHICLE_UPDATES;23000000000;veh_3;41.00467699039577;-8.643477179090528;7.870519693197006;89.57888711286945
VEHICLE_UPDATES;24000000000;veh_0;41.005583670569706;-8.642405504126407;6.087294802806443;180.13491255010234
VEHICLE_UPDATES;24000000000;veh_1;41.00464152913377;-8.642534208736398;7.159304599123201;90.72339311942727
VEHICLE_UPDATES;24000000000;veh_2;41.00618362737785;-8.642400045109737;7.171791067572464;180.19124020941587
VEHICLE_UPDATES;24000000000;veh_3;41.00467723488228;-8.64337837891188;8.308502390609378;89.57888711287109
VEHICLE_UPDATES;25000000000;veh_0;41.00552654149611;-8.642405990532614;6.342330419683;180.13491255010234
VEHICLE_UPDATES;25000000000;veh_1;41.00464109905907;-8.642500256232523;2.856225272672389;90.72339311942727
VEHICLE_UPDATES;25000000000;veh_2;41.006115213197354;-8.642400716404255;7.595228086195108;180.19124020941547
VEHICLE_UPDATES;25000000000;veh_3;41.004677177097264;-8.643279648073051;8.302646574868145;89.86843701764728
VEHICLE_REGISTRATION;25571428570;veh_4;[src.main.java.CarSendsCamAPP, src.main.java.EventProcessingApp, src.main.java.MainCarApp];Car
VEHICLE_REGISTRATION;25571428570;veh_5;[src.main.java.CarSendsCamAPP, src.main.java.EventProcessingApp, src.main.java.MainCarApp];Car_0
VEHICLE_UPDATES;26000000000;veh_0;41.00546653274878;-8.64240650145554;6.662024702146752;180.13491255010234
VEHICLE_UPDATES;26000000000;veh_1;41.004641049220844;-8.64249632177498;0.330982869602384;90.72339311942727
VEHICLE_UPDATES;26000000000;veh_2;41.0060547355306;-8.642401309822423;6.714129504065182;180.19124020941587
VEHICLE_UPDATES;26000000000;veh_3;41.0046770394559;-8.643178108745259;8.53881662455506;89.86843701764728
VEHICLE_UPDATES;27000000000;veh_0;41.00541200154464;-8.642406965740744;6.053921163586071;180.13491255010234
VEHICLE_UPDATES;27000000000;veh_1;41.00464103222806;-8.642494980289845;0.112851287768396;90.72339311942727
VEHICLE_UPDATES;27000000000;veh_2;41.00598588632283;-8.642402009709972;7.643539661836964;180.2205454316288
VEHICLE_UPDATES;27000000000;veh_3;41.0046768949668;-8.643071588684696;8.957664911822672;89.86843701764728
VEHICLE_UPDATES;28000000000;veh_0;41.00535559029402;-8.64240744603174;6.262639272600515;180.13491255010234
VEHICLE_UPDATES;28000000000;veh_1;41.00464103203146;-8.642494964768858;0.001305689653605;90.72339311942727
VEHICLE_UPDATES;28000000000;veh_2;41.00592210719335;-8.642402622597452;7.080646226408113;180.1523673477626
VEHICLE_UPDATES;28000000000;veh_3;41.00467592411182;-8.64297366293162;8.235798316077585;90.72293676843753
VEHICLE_UPDATES;28000000000;veh_4;41.00654321387031;-8.642358462915325;9.659310175691731;180.16835825545303
VEHICLE_UPDATES;28000000000;veh_5;41.0046496320946;-8.643982541894516;8.207865994115828;90.16591395568926
VEHICLE_UPDATES;29000000000;veh_0;41.00529655570347;-8.642408109212386;6.553982531177915;180.29993154303912
VEHICLE_UPDATES;29000000000;veh_1;41.00464103203146;-8.642494964768858;0.0;90.72339311942727
VEHICLE_UPDATES;29000000000;veh_2;41.00585615748991;-8.642403184112029;7.321575658947382;180.13491255010234
VEHICLE_UPDATES;29000000000;veh_3;41.00467468285501;-8.642875597044078;8.247860418121586;90.72293676843755
VEHICLE_UPDATES;29000000000;veh_4;41.006462865672226;-8.642359251366754;8.919702980182134;180.19124020941572
VEHICLE_UPDATES;29000000000;veh_5;41.00464912431948;-8.64388642127815;8.08512915444514;90.16591395568926
VEHICLE_UPDATES;30000000000;veh_0;41.00523318581909;-8.642408889688948;7.035329521369292;180.29993154303952
VEHICLE_UPDATES;30000000000;veh_1;41.00464103203146;-8.642494964768858;0.0;90.72339311942727
VEHICLE_UPDATES;30000000000;veh_2;41.0057917549668;-8.642403732451928;7.149811379790459;180.13491255010234
VEHICLE_UPDATES;30000000000;veh_3;41.00467341538768;-8.642775467189823;8.421451318940402;90.72293676843753
VEHICLE_UPDATES;30000000000;veh_4;41.00637480149399;-8.642360115531558;9.776277753947303;180.1912402094153
VEHICLE_UPDATES;30000000000;veh_5;41.00464862364679;-8.643791659993814;7.970789908356501;90.16591395569088
VEHICLE_UPDATES;31000000000;veh_0;41.005168504155456;-8.642409686319652;7.180963272546521;180.29993154303912
VEHICLE_UPDATES;31000000000;veh_1;41.00464103203146;-8.642494964768858;0.0;90.72339311942727
VEHICLE_UPDATES;31000000000;veh_2;41.005726574395226;-8.642404287414783;7.236188346419636;180.13491255010234
VEHICLE_UPDATES;31000000000;veh_3;41.00467215177727;-8.642675648874027;8.395249657264234;90.72293676843753
VEHICLE_UPDATES;31000000000;veh_4;41.00629417046702;-8.642360906752838;8.95110043182876;180.19124020941572
VEHICLE_UPDATES;31000000000;veh_5;41.00464805756438;-8.643692336178594;8.354603461264169;90.23146906540225
VEHICLE_UPDATES;32000000000;veh_0;41.00510290739159;-8.64241049421883;7.282557690740666;180.29993154303952
VEHICLE_UPDATES;32000000000;veh_1;41.00464103203146;-8.642494964768858;0.0;90.72339311942727
VEHICLE_UPDATES;32000000000;veh_2;41.00566834109465;-8.642404783225604;6.464919165863808;180.13491255010234
VEHICLE_UPDATES;32000000000;veh_3;41.00467091143058;-8.642577674907432;8.240130472091282;90.72293676843755
VEHICLE_UPDATES;32000000000;veh_4;41.00621231400223;-8.642361709996466;9.087139951650984;180.1912402094153
VEHICLE_UPDATES;32000000000;veh_5;41.00464786468466;-8.64359844531169;7.897583589604593;89.57905898949569
VEHICLE_UPDATES;33000000000;veh_0;41.005042020242186;-8.642411244111855;6.759695858150823;180.29993154303952
VEHICLE_UPDATES;33000000000;veh_1;41.00464103203146;-8.642494964768858;0.0;90.72339311942727
VEHICLE_UPDATES;33000000000;veh_2;41.00559981560288;-8.642405366664756;7.607533073976789;180.13491255010234
VEHICLE_UPDATES;33000000000;veh_3;41.00467014372406;-8.642517037697738;5.099911275921342;90.72293676843755
VEHICLE_UPDATES;33000000000;veh_4;41.00612420162447;-8.642362574625261;9.781628102533519;180.1912402094153
VEHICLE_UPDATES;33000000000;veh_5;41.00464811859436;-8.643495785888145;8.634973541805058;89.57905898949569
VEHICLE_UPDATES;34000000000;veh_0;41.00497913141337;-8.642412018655913;6.981922382131322;180.29993154303952
VEHICLE_UPDATES;34000000000;veh_1;41.00464103203146;-8.642494964768858;0.0;90.72339311942727
VEHICLE_UPDATES;34000000000;veh_2;41.005533235161415;-8.642405933541722;7.391598240744475;180.13491255010234
VEHICLE_UPDATES;34000000000;veh_3;41.00466988646151;-8.642496718408285;1.708960154751752;90.72293676843753
VEHICLE_UPDATES;34000000000;veh_4;41.00604065152717;-8.642363394482409;9.275155071591959;180.19124020941572
VEHICLE_UPDATES;34000000000;veh_5;41.004648383264275;-8.64338873658526;9.004218657426073;89.57905898949569
VEHICLE_UPDATES;35000000000;veh_0;41.00491964149668;-8.642412751336927;6.604574834197862;180.29993154303952
VEHICLE_UPDATES;35000000000;veh_1;41.00464103203146;-8.642494964768858;0.0;90.72339311942727
VEHICLE_UPDATES;35000000000;veh_2;41.005465124974954;-8.642406513441507;7.561426712239314;180.13491255010274
VEHICLE_UPDATES;35000000000;veh_3;41.00466986083971;-8.642494694746016;0.170200744899445;90.72293676843755
VEHICLE_UPDATES;35000000000;veh_4;41.00595752035314;-8.642364254188056;9.228677423697897;180.22150319873154
VEHICLE_UPDATES;35000000000;veh_5;41.00464837146889;-8.64329476647925;7.904070540023504;89.86833624206722
VEHICLE_REGISTRATION;35857142855;veh_6;[src.main.java.CarSendsCamAPP, src.main.java.EventProcessingApp, src.main.java.MainCarApp];Car
VEHICLE_REGISTRATION;35857142855;veh_7;[src.main.java.CarSendsCamAPP, src.main.java.EventProcessingApp, src.main.java.MainCarApp];Car_0
VEHICLE_UPDATES;36000000000;veh_0;41.00486100372941;-8.642413473521149;6.509969079742311;180.29993154303952
VEHICLE_UPDATES;36000000000;veh_1;41.00464103203146;-8.642494964768858;0.0;90.72339311942727
VEHICLE_UPDATES;36000000000;veh_2;41.00539591154254;-8.64240710273274;7.683906291604195;180.13491255010234
VEHICLE_UPDATES;36000000000;veh_3;41.00466985644241;-8.64249434743856;0.02921040168997;90.72293676843753
VEHICLE_UPDATES;36000000000;veh_4;41.005877808966694;-8.642364946594489;8.848955528302119;180.13491255010246
VEHICLE_UPDATES;36000000000;veh_5;41.0046482350848;-8.643194045555179;8.471889386064841;89.86833624206884
VEHICLE_UPDATES;37000000000;veh_0;41.00480048817033;-8.642414218830563;6.718441585559501;180.29993154303952
VEHICLE_UPDATES;37000000000;veh_1;41.00464103203146;-8.642494964768858;0.0;90.72339311942727
VEHICLE_UPDATES;37000000000;veh_2;41.005335349124785;-8.642407631423653;6.723500353160468;180.15064092763367
VEHICLE_UPDATES;37000000000;veh_3;41.004669856359676;-8.642494340902948;0.00054967978761;90.72293676843755
VEHICLE_UPDATES;37000000000;veh_4;41.00579289807377;-8.642365669597208;9.426156469205395;180.13491255010246
VEHICLE_UPDATES;37000000000;veh_5;41.0046481012848;-8.643095296083265;8.306065688742793;89.86833624206884
VEHICLE_UPDATES;38000000000;veh_0;41.00474725675002;-8.642414874427084;5.909755933904813;180.29993154303952
VEHICLE_UPDATES;38000000000;veh_1;41.00464103203146;-8.642494964768858;0.0;90.72339311942727
VEHICLE_UPDATES;38000000000;veh_2;41.00527113401154;-8.64240842231142;7.129166943223368;180.29993154303912
VEHICLE_UPDATES;38000000000;veh_3;41.004669856327816;-8.642494338387962;0.000211523617345;90.72293676843755
VEHICLE_UPDATES;38000000000;veh_4;41.00570498954386;-8.642366418121536;9.758931001489051;180.13491255010246
VEHICLE_UPDATES;38000000000;veh_5;41.004647381099076;-8.642996274143755;8.329585625528827;90.72339311942727
VEHICLE_UPDATES;38000000000;veh_6;41.006566717579844;-8.642396292322466;7.07353335267142;180.14766920786022
VEHICLE_UPDATES;38000000000;veh_7;41.00467851589978;-8.643993321583112;7.276463077520461;90.16591395568992
VEHICLE_UPDATES;39000000000;veh_0;41.004734558541855;-8.64241503081762;1.409755933904813;180.29993154303952
VEHICLE_UPDATES;39000000000;veh_1;41.00464103203146;-8.642494964768858;0.0;90.72339311942727
VEHICLE_UPDATES;39000000000;veh_2;41.005206441471614;-8.642409219077264;7.182170809402283;180.29993154303912
VEHICLE_UPDATES;39000000000;veh_3;41.00466985630279;-8.642494336411163;0.000166259363578;90.72293676843755
VEHICLE_UPDATES;39000000000;veh_4;41.00562109746969;-8.642367132443866;9.313054738407024;180.13491255010246
VEHICLE_UPDATES;39000000000;veh_5;41.00464602731001;-8.642889367285056;8.993446106784514;90.72339311942727
VEHICLE_UPDATES;39000000000;veh_6;41.006498103381794;-8.64239695937967;7.617430530416077;180.19124020941547
VEHICLE_UPDATES;39000000000;veh_7;41.00467801639719;-8.643898765133876;7.951780710067109;90.16591395568992
VEHICLE_UPDATES;40000000000;veh_0;41.00473027264902;-8.642415083602458;0.475820114098279;180.29993154303952
VEHICLE_UPDATES;40000000000;veh_1;41.00464103203146;-8.642494964768858;0.0;90.72339311942727
VEHICLE_UPDATES;40000000000;veh_2;41.00513668926905;-8.642410078156628;7.743894856113162;180.29993154303952
VEHICLE_UPDATES;40000000000;veh_3;41.00466985630279;-8.642494336411163;0.0;90.72293676843755
VEHICLE_UPDATES;40000000000;veh_4;41.00553340513611;-8.642367879121792;9.734930249912665;180.13491255010246
VEHICLE_UPDATES;40000000000;veh_5;41.00464485598202;-8.64279687544522;7.78079558161041;90.72339311942727
VEHICLE_UPDATES;40000000000;veh_6;41.00643290463721;-8.642397599132032;7.238256160446672;180.19124020941547
VEHICLE_UPDATES;40000000000;veh_7;41.00467754170901;-8.64380891968935;7.555606127600626;90.16591395568992
VEHICLE_UPDATES;41000000000;veh_0;41.00472912427656;-8.642415097745753;0.127492387394501;180.29993154303912
VEHICLE_UPDATES;41000000000;veh_1;41.00464103203146;-8.642494964768858;0.0;90.72339311942727
VEHICLE_UPDATES;41000000000;veh_2;41.00506760080386;-8.642410929058979;7.670206589942951;180.29993154303952
VEHICLE_UPDATES;41000000000;veh_3;41.00466985630279;-8.642494336411163;0.0;90.72293676843755
VEHICLE_UPDATES;41000000000;veh_4;41.00544879568037;-8.642368599547119;9.392692654700019;180.13491255010246
VEHICLE_UPDATES;41000000000;veh_5;41.00464353354146;-8.642692458315853;8.784000576096124;90.7233931194289
VEHICLE_UPDATES;41000000000;veh_6;41.00636913849528;-8.642398224825534;7.079210918440713;180.19124020941587
VEHICLE_UPDATES;41000000000;veh_7;41.004677054522816;-8.64371672248891;7.753378597600826;90.16591395568992
VEHICLE_UPDATES;42000000000;veh_0;41.00472853421504;-8.642415105012919;0.065508670929634;180.29993154303912
VEHICLE_UPDATES;42000000000;veh_1;41.00464103203146;-8.642494964768858;0.0;90.72339311942727
VEHICLE_UPDATES;42000000000;veh_2;41.005005547958035;-8.64241169330778;6.889111518689584;180.29993154303952
VEHICLE_UPDATES;42000000000;veh_3;41.00466985630279;-8.642494336411163;0.0;90.72293676843755
VEHICLE_UPDATES;42000000000;veh_4;41.00536921540557;-8.642369277148008;8.834391444459557;180.13491255010246
VEHICLE_UPDATES;42000000000;veh_5;41.00464252436621;-8.642612780982295;6.702786954442517;90.72339311942727
VEHICLE_UPDATES;42000000000;veh_6;41.00630068200261;-8.642398896540396;7.599925760316892;180.19124020941547
VEHICLE_UPDATES;42000000000;veh_7;41.00467660855415;-8.643631417841494;7.173845427739875;90.04514942305856
VEHICLE_UPDATES;43000000000;veh_0;41.004728388505924;-8.642415106807466;0.016176634800713;180.29993154303952
VEHICLE_UPDATES;43000000000;veh_1;41.00464103203146;-8.642494964768858;0.0;90.72339311942727
VEHICLE_UPDATES;43000000000;veh_2;41.00494596228889;-8.642412427168845;6.615205311651494;180.29993154303952
VEHICLE_UPDATES;43000000000;veh_3;41.00466985630279;-8.642494336411163;0.0;90.72293676843755
VEHICLE_UPDATES;43000000000;veh_4;41.005289297772535;-8.642370144929494;8.87196652135253;180.29988793645856
VEHICLE_UPDATES;43000000000;veh_5;41.00464210533484;-8.64257969851058;2.78303446536559;90.72339311942727
VEHICLE_UPDATES;43000000000;veh_6;41.00623650582904;-8.642399526253799;7.124731782355575;180.19124020941547
VEHICLE_UPDATES;43000000000;veh_7;41.004676828876704;-8.6435424322785;7.48315210021145;89.57888711287109
VEHICLE_UPDATES;44000000000;veh_0;41.00472834065152;-8.642415107396838;0.005312799413842;180.29993154303952
VEHICLE_UPDATES;44000000000;veh_1;41.00464103203146;-8.642494964768858;0.0;90.72339311942727
VEHICLE_UPDATES;44000000000;veh_2;41.004879588486475;-8.64241324463099;7.368824275971543;180.29993154303952
VEHICLE_UPDATES;44000000000;veh_3;41.00466985630279;-8.642494336411163;0.0;90.72293676843755
VEHICLE_UPDATES;44000000000;veh_4;41.00521083986167;-8.642371111199047;8.709992841937579;180.2998879364582
VEHICLE_UPDATES;44000000000;veh_5;41.004642027369606;-8.642573543248348;0.517806143133564;90.72339311942727
VEHICLE_UPDATES;44000000000;veh_6;41.00616597038139;-8.642400218364129;7.830727694716534;180.19124020941547
VEHICLE_UPDATES;44000000000;veh_7;41.00467705728695;-8.643450150899536;7.760310445609943;89.57888711287109
VEHICLE_UPDATES;45000000000;veh_0;41.004728332490814;-8.642415107497346;0.00090600243972;180.29993154303952
VEHICLE_UPDATES;45000000000;veh_1;41.00464103203146;-8.642494964768858;0.0;90.72339311942727
VEHICLE_UPDATES;45000000000;veh_2;41.004820636281394;-8.642375916812266;6.512302738726367;180.2998879364582
VEHICLE_UPDATES;45000000000;veh_3;41.00466985630279;-8.642494336411163;0.0;90.72293676843755
VEHICLE_UPDATES;45000000000;veh_4;41.00512327780088;-8.6423721895897;9.720688495579177;180.2998879364582
VEHICLE_UPDATES;45000000000;veh_5;41.00464201871869;-8.642572860270315;0.057454940091405;90.72339311942727
VEHICLE_UPDATES;45000000000;veh_6;41.00609562036646;-8.642400908652935;7.81014116715849;180.19124020941587
VEHICLE_UPDATES;45000000000;veh_7;41.0046772688832;-8.643364635994528;7.191290564765663;89.57888711287109
VEHICLE_UPDATES;46000000000;veh_0;41.00472833051144;-8.642415107521723;0.000219748838767;180.29993154303952
VEHICLE_UPDATES;46000000000;veh_1;41.00464103203146;-8.642494964768858;0.0;90.72339311942727
VEHICLE_UPDATES;46000000000;veh_2;41.00476152756734;-8.642376644768463;6.561944219026401;180.29988793645856
VEHICLE_UPDATES;46000000000;veh_3;41.00466985630279;-8.642494336411163;0.0;90.72293676843755
VEHICLE_UPDATES;46000000000;veh_4;41.005037846001535;-8.642373241741062;9.484197709084489;180.29988793645816
VEHICLE_UPDATES;46000000000;veh_5;41.00464201255612;-8.64257237374357;0.040928643977479;90.72339311942727
VEHICLE_UPDATES;46000000000;veh_6;41.00602574880873;-8.642401594245028;7.757023550567446;180.19124020941547
VEHICLE_UPDATES;46000000000;veh_7;41.004677162232404;-8.643268678939693;8.069384542527118;89.86843701764728
VEHICLE_REGISTRATION;46142857140;veh_8;[src.main.java.CarSendsCamAPP, src.main.java.EventProcessingApp, src.main.java.MainCarApp];Car
VEHICLE_REGISTRATION;46142857140;veh_9;[src.main.java.CarSendsCamAPP, src.main.java.EventProcessingApp, src.main.java.MainCarApp];Car_0
VEHICLE_UPDATES;47000000000;veh_0;41.00472832945306;-8.642415107534758;0.000117503231992;180.29993154303952
VEHICLE_UPDATES;47000000000;veh_1;41.00464103203146;-8.642494964768858;0.0;90.72339311942727
VEHICLE_UPDATES;47000000000;veh_2;41.00473485089984;-8.642376973305687;2.961505855013302;180.2998879364582
VEHICLE_UPDATES;47000000000;veh_3;41.00466985630279;-8.642494336411163;0.0;90.72293676843755
VEHICLE_UPDATES;47000000000;veh_4;41.00495643914177;-8.642374244319244;9.037369544551709;180.29988793645816
VEHICLE_UPDATES;47000000000;veh_5;41.004642011499925;-8.6425722903593;0.007014630123781;90.72339311942727
VEHICLE_UPDATES;47000000000;veh_6;41.00595764121465;-8.642402306549847;7.561219661191335;180.2215031987318
VEHICLE_UPDATES;47000000000;veh_7;41.00467704363108;-8.643181187841195;7.35744920608166;89.86843701764728
VEHICLE_UPDATES;48000000000;veh_0;41.00472832945306;-8.642415107534758;0.0;180.29993154303952
VEHICLE_UPDATES;48000000000;veh_1;41.00464103203146;-8.642494964768858;0.0;90.72339311942727
VEHICLE_UPDATES;48000000000;veh_2;41.00472897018934;-8.642377045729692;0.652846106757605;180.2998879364582
VEHICLE_UPDATES;48000000000;veh_3;41.00466985630279;-8.642494336411163;0.0;90.72293676843755
VEHICLE_UPDATES;48000000000;veh_4;41.004876024823595;-8.64237523467049;8.927182570639067;180.29988793645816
VEHICLE_UPDATES;48000000000;veh_5;41.00464201112608;-8.642572260844947;0.002482869543987;90.72339311942727
VEHICLE_UPDATES;48000000000;veh_6;41.005894317019504;-8.64240285921111;7.030106340998081;180.13491255010234
VEHICLE_UPDATES;48000000000;veh_7;41.004676926914726;-8.643095135048581;7.236496823560888;89.86843701764728
VEHICLE_UPDATES;49000000000;veh_0;41.00472832945306;-8.642415107534758;0.0;180.29993154303952
VEHICLE_UPDATES;49000000000;veh_1;41.00464103203146;-8.642494964768858;0.0;90.72339311942727
VEHICLE_UPDATES;49000000000;veh_2;41.00472826230343;-8.642377054447673;0.078585838782414;180.29988793645816
VEHICLE_UPDATES;49000000000;veh_3;41.00466985630279;-8.642494336411163;0.0;90.72293676843755
VEHICLE_UPDATES;49000000000;veh_4;41.00481211436402;-8.642376021764452;7.095009278533618;180.2998879364582
VEHICLE_UPDATES;49000000000;veh_5;41.00464201097199;-8.642572248679258;0.001023428125145;90.7233931194289
VEHICLE_UPDATES;49000000000;veh_6;41.005827174935945;-8.64240343087725;7.453950762443474;180.13491255010234
VEHICLE_UPDATES;49000000000;veh_7;41.004676231055626;-8.64299791414215;8.176243776525812;90.72293676843755
VEHICLE_UPDATES;49000000000;veh_8;41.00656783680061;-8.642358228834828;6.925846667360488;180.14766920786036
VEHICLE_UPDATES;49000000000;veh_9;41.00464962047135;-8.643980341472275;8.39295321581923;90.16591395568926
VEHICLE_UPDATES;50000000000;veh_0;41.00472832945306;-8.642415107534758;0.0;180.29993154303952
VEHICLE_UPDATES;50000000000;veh_1;41.00464103203146;-8.642494964768858;0.0;90.72339311942727
VEHICLE_UPDATES;50000000000;veh_2;41.00472808115158;-8.64237705667865;0.020110540679096;180.2998879364586
VEHICLE_UPDATES;50000000000;veh_3;41.00466985630279;-8.642494336411163;0.0;90.72293676843755
VEHICLE_UPDATES;50000000000;veh_4;41.00478873902645;-8.642376309644646;2.595009278533618;180.2998879364586
VEHICLE_UPDATES;50000000000;veh_5;41.00464201093023;-8.642572245382876;0.000277305376255;90.72339311942727
VEHICLE_UPDATES;50000000000;veh_6;41.00575778372683;-8.642404021691322;7.703643116468793;180.13491255010234
VEHICLE_UPDATES;50000000000;veh_7;41.00467514436574;-8.642912058075606;7.220949721569636;90.72293676843753
VEHICLE_UPDATES;50000000000;veh_8;41.006510739513075;-8.642358781584312;6.33854276505855;180.1912402094153
VEHICLE_UPDATES;50000000000;veh_9;41.004649074645734;-8.643877018973827;8.690911244391842;90.16591395568926
VEHICLE_UPDATES;51000000000;veh_0;41.00472832945306;-8.642415107534758;0.0;180.29993154303952
VEHICLE_UPDATES;51000000000;veh_1;41.00464103203146;-8.642494964768858;0.0;90.72339311942727
VEHICLE_UPDATES;51000000000;veh_2;41.00472803800907;-8.642377057209973;0.004789459634543;180.29988793645856
VEHICLE_UPDATES;51000000000;veh_3;41.00466985630279;-8.642494336411163;0.0;90.72293676843755
VEHICLE_UPDATES;51000000000;veh_4;41.004787453380644;-8.642376325478077;0.142725758790045;180.2998879364586
VEHICLE_UPDATES;51000000000;veh_5;41.004642010907986;-8.6425722436268;0.000147728343304;90.72339311942727
VEHICLE_UPDATES;51000000000;veh_6;41.005691443687795;-8.642404586525316;7.364909555224931;180.13491255010234
VEHICLE_UPDATES;51000000000;veh_7;41.004673957910974;-8.642818325659997;7.883392690495097;90.72293676843753
VEHICLE_UPDATES;51000000000;veh_8;41.0064447399858;-8.642359429232528;7.326812443422127;180.19124020941572
VEHICLE_UPDATES;51000000000;veh_9;41.00464854311247;-8.643776418805372;8.461924247909716;90.16591395568926
VEHICLE_UPDATES;52000000000;veh_0;41.00472832945306;-8.642415107534758;0.0;180.29993154303952
VEHICLE_UPDATES;52000000000;veh_1;41.00464103203146;-8.642494964768858;0.0;90.72339311942727
VEHICLE_UPDATES;52000000000;veh_2;41.00472803374552;-8.64237705726248;0.000473318406398;180.2998879364582
VEHICLE_UPDATES;52000000000;veh_3;41.00466985630279;-8.642494336411163;0.0;90.72293676843755
VEHICLE_UPDATES;52000000000;veh_4;41.004786814393896;-8.642376333347547;0.07093700949547;180.29988793645816
VEHICLE_UPDATES;52000000000;veh_5;41.004642010907986;-8.6425722436268;0.0;90.72339311942727
VEHICLE_UPDATES;52000000000;veh_6;41.005621331932225;-8.642405183470794;7.783636243894925;180.13491255010234
VEHICLE_UPDATES;52000000000;veh_7;41.004672858187746;-8.642731450598987;7.306653136271493;90.72293676843753
VEHICLE_UPDATES;52000000000;veh_8;41.00638681079825;-8.642359997685666;6.430898904596428;180.19124020941572
VEHICLE_UPDATES;52000000000;veh_9;41.00464794118567;-8.643676916634332;8.36963859433346;90.28695517343797
VEHICLE_UPDATES;53000000000;veh_0;41.00472832945306;-8.642415107534758;0.0;180.29993154303952
VEHICLE_UPDATES;53000000000;veh_1;41.00464103203146;-8.642494964768858;0.0;90.72339311942727
VEHICLE_UPDATES;53000000000;veh_2;41.00472803153335;-8.642377057289726;0.000245583242765;180.2998879364582
VEHICLE_UPDATES;53000000000;veh_3;41.00466985630279;-8.642494336411163;0.0;90.72293676843755
VEHICLE_UPDATES;53000000000;veh_4;41.00478665569378;-8.642376335302027;0.017618068792073;180.2998879364582
VEHICLE_UPDATES;53000000000;veh_5;41.004642010907986;-8.6425722436268;0.0;90.72339311942727
VEHICLE_UPDATES;53000000000;veh_6;41.00555892462378;-8.642405714817555;6.928307220127663;180.13491255010234
VEHICLE_UPDATES;53000000000;veh_7;41.00467172306101;-8.642641784184354;7.541421068227359;90.72293676843755
VEHICLE_UPDATES;53000000000;veh_8;41.0063235980621;-8.642360617984163;7.01744195665789;180.1912402094153
VEHICLE_UPDATES;53000000000;veh_9;41.00464792160616;-8.643575434329058;8.536063430458686;89.57905898949569
VEHICLE_UPDATES;54000000000;veh_0;41.00472832945306;-8.642415107534758;0.0;180.29993154303952
VEHICLE_UPDATES;54000000000;veh_1;41.00464103203146;-8.642494964768858;0.0;90.72339311942727
VEHICLE_UPDATES;54000000000;veh_2;41.00472803153335;-8.642377057289726;0.0;180.2998879364582
VEHICLE_UPDATES;54000000000;veh_3;41.00466985630279;-8.642494336411163;0.0;90.72293676843755
VEHICLE_UPDATES;54000000000;veh_4;41.00478661525836;-8.64237633580001;0.004488931527733;180.29988793645816
VEHICLE_UPDATES;54000000000;veh_5;41.004642010907986;-8.6425722436268;0.0;90.72339311942727
VEHICLE_UPDATES;54000000000;veh_6;41.00549072592189;-8.642406295471615;7.57125351291359;180.13491255010234
VEHICLE_UPDATES;54000000000;veh_7;41.004671106293266;-8.642593066516309;4.097414411240972;90.72293676843753
VEHICLE_UPDATES;54000000000;veh_8;41.006261532552124;-8.642399280685245;6.915120710344958;180.19124020941547
VEHICLE_UPDATES;54000000000;veh_9;41.004648155361245;-8.643480917431573;7.950082716672128;89.57905898949569
VEHICLE_UPDATES;55000000000;veh_0;41.00472832945306;-8.642415107534758;0.0;180.29993154303952
VEHICLE_UPDATES;55000000000;veh_1;41.00464103203146;-8.642494964768858;0.0;90.72339311942727
VEHICLE_UPDATES;55000000000;veh_2;41.00472803153335;-8.642377057289726;0.0;180.2998879364582
VEHICLE_UPDATES;55000000000;veh_3;41.00466985630279;-8.642494336411163;0.0;90.72293676843755
VEHICLE_UPDATES;55000000000;veh_4;41.00478659433446;-8.6423763360577;0.00232286305177;180.2998879364586
VEHICLE_UPDATES;55000000000;veh_5;41.004642010907986;-8.6425722436268;0.0;90.72339311942727
VEHICLE_UPDATES;55000000000;veh_6;41.00542721947813;-8.642406836173546;7.050330379486313;180.13491255010234
VEHICLE_UPDATES;55000000000;veh_7;41.00467087178969;-8.642574543815508;1.557857454357646;90.72293676843755
VEHICLE_UPDATES;55000000000;veh_8;41.0062029940451;-8.642399855079523;6.498847400053378;180.19124020941547
VEHICLE_UPDATES;55000000000;veh_9;41.00464841071592;-8.64337763109078;8.687705305871;89.57905898949569
VEHICLE_UPDATES;56000000000;veh_0;41.00472832945306;-8.642415107534758;0.0;180.29993154303952
VEHICLE_UPDATES;56000000000;veh_1;41.00464103203146;-8.642494964768858;0.0;90.72339311942727
VEHICLE_UPDATES;56000000000;veh_2;41.00472803153335;-8.642377057289726;0.0;180.2998879364582
VEHICLE_UPDATES;56000000000;veh_3;41.00466985630279;-8.642494336411163;0.0;90.72293676843755
VEHICLE_UPDATES;56000000000;veh_4;41.004786591984676;-8.642376336086638;0.000260859719293;180.29988793645816
VEHICLE_UPDATES;56000000000;veh_5;41.004642010907986;-8.6425722436268;0.0;90.72339311942727
VEHICLE_UPDATES;56000000000;veh_6;41.00536059357815;-8.642407403433328;7.396644712213656;180.13491255010234
VEHICLE_UPDATES;56000000000;veh_7;41.0046708527777;-8.642573042128113;0.126299881390646;90.72293676843753
VEHICLE_UPDATES;56000000000;veh_8;41.00614529371067;-8.642400421248082;6.405794812977287;180.19124020941547
VEHICLE_UPDATES;56000000000;veh_9;41.00464835001077;-8.64327891515058;8.303251072368962;89.86833624206722
VEHICLE_REGISTRATION;56428571425;veh_10;[src.main.java.CarSendsCamAPP, src.main.java.EventProcessingApp, src.main.java.MainCarApp];Car
VEHICLE_REGISTRATION;56428571425;veh_11;[src.main.java.CarSendsCamAPP, src.main.java.EventProcessingApp, src.main.java.MainCarApp];Car_0
VEHICLE_UPDATES;57000000000;veh_0;41.00472832945306;-8.642415107534758;0.0;180.29993154303952
VEHICLE_UPDATES;57000000000;veh_1;41.00464103203146;-8.642494964768858;0.0;90.72339311942727
VEHICLE_UPDATES;57000000000;veh_2;41.00472803153335;-8.642377057289726;0.0;180.2998879364582
VEHICLE_UPDATES;57000000000;veh_3;41.00466985630279;-8.642494336411163;0.0;90.72293676843755
VEHICLE_UPDATES;57000000000;veh_4;41.004786591984676;-8.642376336086638;0.0;180.29988793645816
VEHICLE_UPDATES;57000000000;veh_5;41.004642010907986;-8.6425722436268;0.0;90.72339311942727
VEHICLE_UPDATES;57000000000;veh_6;41.005291343101725;-8.642408173411937;7.688138370283177;180.29993154303952
VEHICLE_UPDATES;57000000000;veh_7;41.00467083688256;-8.642571786630219;0.10559403749502;90.72293676843755
VEHICLE_UPDATES;57000000000;veh_8;41.006085343506285;-8.642401009491431;6.655571550508934;180.19124020941587
VEHICLE_UPDATES;57000000000;veh_9;41.00464821226355;-8.643177198187093;8.55566877229177;89.86833624206722
VEHICLE_UPDATES;58000000000;veh_0;41.00472832945306;-8.642415107534758;0.0;180.29993154303952
VEHICLE_UPDATES;58000000000;veh_1;41.00464103203146;-8.642494964768858;0.0;90.72339311942727
VEHICLE_UPDATES;58000000000;veh_2;41.00472803153335;-8.642377057289726;0.0;180.2998879364582
VEHICLE_UPDATES;58000000000;veh_3;41.00466985630279;-8.642494336411163;0.0;90.72293676843755
VEHICLE_UPDATES;58000000000;veh_4;41.004786591984676;-8.642376336086638;0.0;180.29988793645816
VEHICLE_UPDATES;58000000000;veh_5;41.004642010907986;-8.6425722436268;0.0;90.72339311942727
VEHICLE_UPDATES;58000000000;veh_6;41.005221333853434;-8.642409035659986;7.772432208012088;180.29993154303952
VEHICLE_UPDATES;58000000000;veh_7;41.00467083553162;-8.642571679925082;0.008974468448938;90.72293676843753
VEHICLE_UPDATES;58000000000;veh_8;41.00602960762463;-8.642401556381694;6.187704416230294;180.19124020941547
VEHICLE_UPDATES;58000000000;veh_9;41.00464807421832;-8.64307532759979;8.568590546516148;89.86833624206884
VEHICLE_UPDATES;59000000000;veh_0;41.00472832945306;-8.642415107534758;0.0;180.29993154303952
VEHICLE_UPDATES;59000000000;veh_1;41.00464103203146;-8.642494964768858;0.0;90.72339311942727
VEHICLE_UPDATES;59000000000;veh_2;41.00472803153335;-8.642377057289726;0.0;180.2998879364582
VEHICLE_UPDATES;59000000000;veh_3;41.00466985630279;-8.642494336411163;0.0;90.72293676843755
VEHICLE_UPDATES;59000000000;veh_4;41.004786591984676;-8.642376336086638;0.0;180.29988793645816
VEHICLE_UPDATES;59000000000;veh_5;41.004642010907986;-8.6425722436268;0.0;90.72339311942727
VEHICLE_UPDATES;59000000000;veh_6;41.0051520740964;-8.642409888674818;7.689223537428534;180.29993154303952
VEHICLE_UPDATES;59000000000;veh_7;41.00467083519028;-8.642571652963444;0.00226761684526;90.72293676843755
VEHICLE_UPDATES;59000000000;veh_8;41.0059687565682;-8.642402189733902;6.755605981946895;180.2215031987318
VEHICLE_UPDATES;59000000000;veh_9;41.004647103561226;-8.642974356722911;8.493770249886817;90.72339311942727
VEHICLE_UPDATES;59000000000;veh_10;41.00656665263357;-8.642358239266207;7.057304023753452;180.14766920786036
VEHICLE_UPDATES;59000000000;veh_11;41.00467845627703;-8.643982034150369;8.225686423528776;90.16591395568828
VEHICLE_UPDATES;60000000000;veh_0;41.00472832945306;-8.642415107534758;0.0;180.29993154303952
VEHICLE_UPDATES;60000000000;veh_1;41.00464103203146;-8.642494964768858;0.0;90.72339311942727
VEHICLE_UPDATES;60000000000;veh_2;41.00472803153335;-8.642377057289726;0.0;180.2998879364582
VEHICLE_UPDATES;60000000000;veh_3;41.00466985630279;-8.642494336411163;0.0;90.72293676843755
VEHICLE_UPDATES;60000000000;veh_4;41.004786591984676;-8.642376336086638;0.0;180.29988793645816
VEHICLE_UPDATES;60000000000;veh_5;41.004642010907986;-8.6425722436268;0.0;90.72339311942727
VEHICLE_UPDATES;60000000000;veh_6;41.00508766223819;-8.642410681980033;7.151009353713362;180.29993154303952
VEHICLE_UPDATES;60000000000;veh_7;41.004670835016704;-8.642571639254918;0.001152959789957;90.72293676843755
VEHICLE_UPDATES;60000000000;veh_8;41.00590510979736;-8.642402767318279;7.065931361849393;180.13491255010234
VEHICLE_UPDATES;60000000000;veh_9;41.00464584838847;-8.642875238683503;8.338218554295977;90.7233931194289
VEHICLE_UPDATES;60000000000;veh_10;41.0065001969082;-8.64235888503819;7.377452714915919;180.1912402094153
VEHICLE_UPDATES;60000000000;veh_11;41.00467791560263;-8.643879686380247;8.606996492437855;90.16591395568828
VEHICLE_UPDATES;61000000000;veh_0;41.00472832945306;-8.642415107534758;0.0;180.29993154303952
VEHICLE_UPDATES;61000000000;veh_1;41.00464103203146;-8.642494964768858;0.0;90.72339311942727
VEHICLE_UPDATES;61000000000;veh_2;41.00472803153335;-8.642377057289726;0.0;180.2998879364582
VEHICLE_UPDATES;61000000000;veh_3;41.00466985630279;-8.642494336411163;0.0;90.72293676843755
VEHICLE_UPDATES;61000000000;veh_4;41.004786591984676;-8.642376336086638;0.0;180.29988793645816
VEHICLE_UPDATES;61000000000;veh_5;41.004642010907986;-8.6425722436268;0.0;90.72339311942727
VEHICLE_UPDATES;61000000000;veh_6;41.0050212654529;-8.64241149972978;7.371376020877851;180.29993154303952
VEHICLE_UPDATES;61000000000;veh_7;41.00467083494975;-8.642571633965353;0.00044488058156;90.72293676843755
VEHICLE_UPDATES;61000000000;veh_8;41.005845306325725;-8.642403276501781;6.639235938183005;180.13491255010274
VEHICLE_UPDATES;61000000000;veh_9;41.00464460073292;-8.642776720930494;8.287720349291718;90.72339311942727
VEHICLE_UPDATES;61000000000;veh_10;41.00644078056661;-8.64235946808594;6.595992553664903;180.1912402094153
VEHICLE_UPDATES;61000000000;veh_11;41.00467741484977;-8.643784910961571;7.970195275919348;90.16591395568992
VEHICLE_UPDATES;62000000000;veh_0;41.00472832945306;-8.642415107534758;0.0;180.29993154303952
VEHICLE_UPDATES;62000000000;veh_1;41.00464103203146;-8.642494964768858;0.0;90.72339311942727
VEHICLE_UPDATES;62000000000;veh_2;41.00472803153335;-8.642377057289726;0.0;180.2998879364582
VEHICLE_UPDATES;62000000000;veh_3;41.00466985630279;-8.642494336411163;0.0;90.72293676843755
VEHICLE_UPDATES;62000000000;veh_4;41.004786591984676;-8.642376336086638;0.0;180.29988793645816
VEHICLE_UPDATES;62000000000;veh_5;41.004642010907986;-8.6425722436268;0.0;90.72339311942727
VEHICLE_UPDATES;62000000000;veh_6;41.00495846333846;-8.64241227320523;6.972295319705499;180.29993154303952
VEHICLE_UPDATES;62000000000;veh_7;41.00467083494975;-8.642571633965353;0.0;90.72293676843755
VEHICLE_UPDATES;62000000000;veh_8;41.005790179638055;-8.64240374586467;6.120030697766664;180.13491255010234
VEHICLE_UPDATES;62000000000;veh_9;41.00464346163669;-8.642686781079382;7.566112124702451;90.72339311942727
VEHICLE_UPDATES;62000000000;veh_10;41.006373887153835;-8.642360124503869;7.426045356027382;180.19124020941572
VEHICLE_UPDATES;62000000000;veh_11;41.00467686586733;-8.643689818381835;7.996911015991889;90.23981099588802
VEHICLE_UPDATES;63000000000;veh_0;41.00472832945306;-8.642415107534758;0.0;180.29993154303952
VEHICLE_UPDATES;63000000000;veh_1;41.00464103203146;-8.642494964768858;0.0;90.72339311942727
VEHICLE_UPDATES;63000000000;veh_2;41.00472803153335;-8.642377057289726;0.0;180.2998879364582
VEHICLE_UPDATES;63000000000;veh_3;41.00466985630279;-8.642494336411163;0.0;90.72293676843755
VEHICLE_UPDATES;63000000000;veh_4;41.004786591984676;-8.642376336086638;0.0;180.29988793645816
VEHICLE_UPDATES;63000000000;veh_5;41.004642010907986;-8.6425722436268;0.0;90.72339311942727
VEHICLE_UPDATES;63000000000;veh_6;41.004888717486445;-8.642413132198024;7.743189478732875;180.29993154303952
VEHICLE_UPDATES;63000000000;veh_7;41.00467083494975;-8.642571633965353;0.0;90.72293676843755
VEHICLE_UPDATES;63000000000;veh_8;41.00573038450763;-8.642404254974625;6.638309782981845;180.13491255010234
VEHICLE_UPDATES;63000000000;veh_9;41.00464300000622;-8.642650333607326;3.066112124702451;90.72339311942727
VEHICLE_UPDATES;63000000000;veh_10;41.00631123657425;-8.642360739285674;6.955035198864127;180.19124020941572
VEHICLE_UPDATES;63000000000;veh_11;41.00467670794057;-8.643591280330362;8.286608669675724;89.57888711287109
VEHICLE_UPDATES;64000000000;veh_0;41.00472832945306;-8.642415107534758;0.0;180.29993154303952
VEHICLE_UPDATES;64000000000;veh_1;41.00464103203146;-8.642494964768858;0.0;90.72339311942727
VEHICLE_UPDATES;64000000000;veh_2;41.00472803153335;-8.642377057289726;0.0;180.2998879364582
VEHICLE_UPDATES;64000000000;veh_3;41.00466985630279;-8.642494336411163;0.0;90.72293676843755
VEHICLE_UPDATES;64000000000;veh_4;41.004786591984676;-8.642376336086638;0.0;180.29988793645816
VEHICLE_UPDATES;64000000000;veh_5;41.004642010907986;-8.6425722436268;0.0;90.72339311942727
VEHICLE_UPDATES;64000000000;veh_6;41.00482839440529;-8.64241387513769;6.697072707450143;180.29993154303912
VEHICLE_UPDATES;64000000000;veh_7;41.00467083494975;-8.642571633965353;0.0;90.72293676843755
VEHICLE_UPDATES;64000000000;veh_8;41.00566654566547;-8.642404798512255;7.087232737458284;180.13491255010234
VEHICLE_UPDATES;64000000000;veh_9;41.004642990819185;-8.642649608266074;0.061018707232105;90.72339311942727
VEHICLE_UPDATES;64000000000;veh_10;41.00624238608021;-8.642399468555306;7.668442981306064;180.19124020941587
VEHICLE_UPDATES;64000000000;veh_11;41.00467697027263;-8.643485309591679;8.911503490830608;89.57888711287109
VEHICLE_UPDATES;65000000000;veh_0;41.00472832945306;-8.642415107534758;0.0;180.29993154303952
VEHICLE_UPDATES;65000000000;veh_1;41.00464103203146;-8.642494964768858;0.0;90.72339311942727
VEHICLE_UPDATES;65000000000;veh_2;41.00472803153335;-8.642377057289726;0.0;180.2998879364582
VEHICLE_UPDATES;65000000000;veh_3;41.00466985630279;-8.642494336411163;0.0;90.72293676843755
VEHICLE_UPDATES;65000000000;veh_4;41.004786591984676;-8.642376336086638;0.0;180.29988793645816
VEHICLE_UPDATES;65000000000;veh_5;41.004642010907986;-8.6425722436268;0.0;90.72339311942727
VEHICLE_UPDATES;65000000000;veh_6;41.004798728928776;-8.642414240497349;3.293463261033476;180.29993154303952
VEHICLE_UPDATES;65000000000;veh_7;41.00467083494975;-8.642571633965353;0.0;90.72293676843755
VEHICLE_UPDATES;65000000000;veh_8;41.00560725303226;-8.642405303341143;6.582523623207557;180.13491255010234
VEHICLE_UPDATES;65000000000;veh_9;41.00464298983749;-8.642649530758744;0.006520237332366;90.72339311942727
VEHICLE_UPDATES;65000000000;veh_10;41.006179067290795;-8.642400089854341;7.029546352231476;180.19124020941547
VEHICLE_UPDATES;65000000000;veh_11;41.004677237919296;-8.643377151399463;9.095455199644737;89.57888711286945
VEHICLE_UPDATES;66000000000;veh_0;41.00472832945306;-8.642415107534758;0.0;180.29993154303952
VEHICLE_UPDATES;66000000000;veh_1;41.00464103203146;-8.642494964768858;0.0;90.72339311942727
VEHICLE_UPDATES;66000000000;veh_2;41.00472803153335;-8.642377057289726;0.0;180.2998879364582
VEHICLE_UPDATES;66000000000;veh_3;41.00466985630279;-8.642494336411163;0.0;90.72293676843755
VEHICLE_UPDATES;66000000000;veh_4;41.004786591984676;-8.642376336086638;0.0;180.29988793645816
VEHICLE_UPDATES;66000000000;veh_5;41.004642010907986;-8.6425722436268;0.0;90.72339311942727
VEHICLE_UPDATES;66000000000;veh_6;41.00479242151982;-8.642414318179268;0.700248977686171;180.29993154303952
VEHICLE_UPDATES;66000000000;veh_7;41.00467083493313;-8.642571632652754;0.000110396564706;90.72293676843755
VEHICLE_UPDATES;66000000000;veh_8;41.00554370498961;-8.64240584439997;7.05494873172694;180.13491255010234
VEHICLE_UPDATES;66000000000;veh_9;41.0046429897826;-8.642649526425519;0.000364528788035;90.7233931194289
VEHICLE_UPDATES;66000000000;veh_10;41.006114091563525;-8.64240072740995;7.213496744388315;180.19124020941547
VEHICLE_UPDATES;66000000000;veh_11;41.00467716184751;-8.643268394943142;9.14573734300381;89.86843701764892
VEHICLE_REGISTRATION;66714285710;veh_12;[src.main.java.CarSendsCamAPP, src.main.java.EventProcessingApp, src.main.java.MainCarApp];Car
VEHICLE_REGISTRATION;66714285710;veh_13;[src.main.java.CarSendsCamAPP, src.main.java.EventProcessingApp, src.main.java.MainCarApp];Car_0
VEHICLE_UPDATES;67000000000;veh_0;41.00472832945306;-8.642415107534758;0.0;180.29993154303952
VEHICLE_UPDATES;67000000000;veh_1;41.00464103203146;-8.642494964768858;0.0;90.72339311942727
VEHICLE_UPDATES;67000000000;veh_2;41.00472803153335;-8.642377057289726;0.0;180.2998879364582
VEHICLE_UPDATES;67000000000;veh_3;41.00466985630279;-8.642494336411163;0.0;90.72293676843755
VEHICLE_UPDATES;67000000000;veh_4;41.004786591984676;-8.642376336086638;0.0;180.29988793645816
VEHICLE_UPDATES;67000000000;veh_5;41.004642010907986;-8.6425722436268;0.0;90.72339311942727
VEHICLE_UPDATES;67000000000;veh_6;41.00478778706996;-8.642414375257045;0.51451694331071;180.29993154303952
VEHICLE_UPDATES;67000000000;veh_7;41.00467083493313;-8.642571632652754;0.0;90.72293676843755
VEHICLE_UPDATES;67000000000;veh_8;41.0054875208537;-8.64240632276001;6.237425698694746;180.13491255010234
VEHICLE_UPDATES;67000000000;veh_9;41.00464298973117;-8.642649522364657;0.000341616540949;90.7233931194289
VEHICLE_UPDATES;67000000000;veh_10;41.006052914028416;-8.64240132769532;6.791827719251225;180.19124020941547
VEHICLE_UPDATES;67000000000;veh_11;41.004677025253315;-8.643167635106373;8.473266358628706;89.86843701764728
VEHICLE_UPDATES;68000000000;veh_0;41.00472832945306;-8.642415107534758;0.0;180.29993154303952
VEHICLE_UPDATES;68000000000;veh_1;41.00464103203146;-8.642494964768858;0.0;90.72339311942727
VEHICLE_UPDATES;68000000000;veh_2;41.00472803153335;-8.642377057289726;0.0;180.2998879364582
VEHICLE_UPDATES;68000000000;veh_3;41.00466985630279;-8.642494336411163;0.0;90.72293676843755
VEHICLE_UPDATES;68000000000;veh_4;41.004786591984676;-8.642376336086638;0.0;180.29988793645816
VEHICLE_UPDATES;68000000000;veh_5;41.004642010907986;-8.6425722436268;0.0;90.72339311942727
VEHICLE_UPDATES;68000000000;veh_6;41.00478696624185;-8.642414385366344;0.091128392275328;180.29993154303952
VEHICLE_UPDATES;68000000000;veh_7;41.00467083493313;-8.642571632652754;0.0;90.72293676843755
VEHICLE_UPDATES;68000000000;veh_8;41.005427079360096;-8.642406837366527;6.710067092539716;180.13491255010234
VEHICLE_UPDATES;68000000000;veh_9;41.00464298973117;-8.642649522364657;0.0;90.7233931194289
VEHICLE_UPDATES;68000000000;veh_10;41.005992610870926;-8.64240193903878;6.694768417824592;180.2148972146117
VEHICLE_UPDATES;68000000000;veh_11;41.004676885247136;-8.643064425769293;8.679253966805362;89.86843701764728
VEHICLE_UPDATES;69000000000;veh_0;41.00472832945306;-8.642415107534758;0.0;180.29993154303952
VEHICLE_UPDATES;69000000000;veh_1;41.00464103203146;-8.642494964768858;0.0;90.72339311942727
VEHICLE_UPDATES;69000000000;veh_2;41.00472803153335;-8.642377057289726;0.0;180.2998879364582
VEHICLE_UPDATES;69000000000;veh_3;41.00466985630279;-8.642494336411163;0.0;90.72293676843755
VEHICLE_UPDATES;69000000000;veh_4;41.004786591984676;-8.642376336086638;0.0;180.29988793645816
VEHICLE_UPDATES;69000000000;veh_5;41.004642010907986;-8.6425722436268;0.0;90.72339311942727
VEHICLE_UPDATES;69000000000;veh_6;41.00478691023851;-8.64241438605608;0.006217492867389;180.29993154303952
VEHICLE_UPDATES;69000000000;veh_7;41.00467083493313;-8.642571632652754;0.0;90.72293676843755
VEHICLE_UPDATES;69000000000;veh_8;41.005366322514526;-8.642407354656637;6.74507662638181;180.13491255010234
VEHICLE_UPDATES;69000000000;veh_9;41.00464298973117;-8.642649522364657;0.0;90.7233931194289
VEHICLE_UPDATES;69000000000;veh_10;41.005931302872646;-8.642402544302689;6.806315387634161;180.17446705788223
VEHICLE_UPDATES;69000000000;veh_11;41.004675715674054;-8.642957194779957;9.018501059200451;90.72293676843755
VEHICLE_UPDATES;69000000000;veh_12;41.006573372608244;-8.642358180069643;6.311302759112791;180.14766920785996
VEHICLE_UPDATES;69000000000;veh_13;41.004649627278276;-8.643981630104776;8.284560651440957;90.16591395569088
VEHICLE_UPDATES;70000000000;veh_0;41.00472832945306;-8.642415107534758;0.0;180.29993154303952
VEHICLE_UPDATES;70000000000;veh_1;41.00464103203146;-8.642494964768858;0.0;90.72339311942727
VEHICLE_UPDATES;70000000000;veh_2;41.00472803153335;-8.642377057289726;0.0;180.2998879364582
VEHICLE_UPDATES;70000000000;veh_3;41.00466985630279;-8.642494336411163;0.0;90.72293676843755
VEHICLE_UPDATES;70000000000;veh_4;41.004786591984676;-8.642376336086638;0.0;180.29988793645816
VEHICLE_UPDATES;70000000000;veh_5;41.004642010907986;-8.6425722436268;0.0;90.72339311942727
VEHICLE_UPDATES;70000000000;veh_6;41.00478688788612;-8.642414386331371;0.00248156446448;180.29993154303952
VEHICLE_UPDATES;70000000000;veh_7;41.00467083493313;-8.642571632652754;0.0;90.72293676843755
VEHICLE_UPDATES;70000000000;veh_8;41.00530550633072;-8.642407998974459;6.751748090126525;180.28732410001368
VEHICLE_UPDATES;70000000000;veh_9;41.00464298973117;-8.642649522364657;0.0;90.7233931194289
VEHICLE_UPDATES;70000000000;veh_10;41.005864002309345;-8.642403117319082;7.471544846810932;180.13491255010234
VEHICLE_UPDATES;70000000000;veh_11;41.00467446047937;-8.64285802888206;8.34037717685739;90.72293676843755
VEHICLE_UPDATES;70000000000;veh_12;41.00652012087727;-8.642358689525572;5.911632298688405;180.1912402094153
VEHICLE_UPDATES;70000000000;veh_13;41.004649178051174;-8.643896591843545;7.152943358166928;90.16591395568926
VEHICLE_UPDATES;71000000000;veh_0;41.00472832945306;-8.642415107534758;0.0;180.29993154303952
VEHICLE_UPDATES;71000000000;veh_1;41.00464103203146;-8.642494964768858;0.0;90.72339311942727
VEHICLE_UPDATES;71000000000;veh_2;41.00472803153335;-8.642377057289726;0.0;180.2998879364582
VEHICLE_UPDATES;71000000000;veh_3;41.00466985630279;-8.642494336411163;0.0;90.72293676843755
VEHICLE_UPDATES;71000000000;veh_4;41.004786591984676;-8.642376336086638;0.0;180.29988793645816
VEHICLE_UPDATES;71000000000;veh_5;41.004642010907986;-8.6425722436268;0.0;90.72339311942727
VEHICLE_UPDATES;71000000000;veh_6;41.00478688688547;-8.642414386343694;0.000111092506489;180.29993154303952
VEHICLE_UPDATES;71000000000;veh_7;41.00467083493313;-8.642571632652754;0.0;90.72293676843755
VEHICLE_UPDATES;71000000000;veh_8;41.00524555021777;-8.642408737406617;6.656332362914431;180.29993154303912
VEHICLE_UPDATES;71000000000;veh_9;41.00464298973117;-8.642649522364657;0.0;90.7233931194289
VEHICLE_UPDATES;71000000000;veh_10;41.00579657162066;-8.642403691441732;7.48599096179248;180.13491255010234
VEHICLE_UPDATES;71000000000;veh_11;41.00467325248004;-8.642762597992503;8.026243543114349;90.72293676843755
VEHICLE_UPDATES;71000000000;veh_12;41.0064615198029;-8.642359264573656;6.505487230849453;180.1912402094153
VEHICLE_UPDATES;71000000000;veh_13;41.00464865494593;-8.64379758348764;8.328029830047713;90.16591395569088
VEHICLE_UPDATES;72000000000;veh_0;41.00472832945306;-8.642415107534758;0.0;180.29993154303952
VEHICLE_UPDATES;72000000000;veh_1;41.00464103203146;-8.642494964768858;0.0;90.72339311942727
VEHICLE_UPDATES;72000000000;veh_2;41.00472803153335;-8.642377057289726;0.0;180.2998879364582
VEHICLE_UPDATES;72000000000;veh_3;41.00466985630279;-8.642494336411163;0.0;90.72293676843755
VEHICLE_UPDATES;72000000000;veh_4;41.004786591984676;-8.642376336086638;0.0;180.29988793645816
VEHICLE_UPDATES;72000000000;veh_5;41.004642010907986;-8.6425722436268;0.0;90.72339311942727
VEHICLE_UPDATES;72000000000;veh_6;41.00478688688547;-8.642414386343694;0.0;180.29993154303952
VEHICLE_UPDATES;72000000000;veh_7;41.00467083493313;-8.642571632652754;0.0;90.72293676843755
VEHICLE_UPDATES;72000000000;veh_8;41.00519005362005;-8.642409420912895;6.161236568219932;180.29993154303952
VEHICLE_UPDATES;72000000000;veh_9;41.00464298973117;-8.642649522364657;0.0;90.7233931194289
VEHICLE_UPDATES;72000000000;veh_10;41.00572728094784;-8.642404281399035;7.692481780645969;180.13491255010234
VEHICLE_UPDATES;72000000000;veh_11;41.00467222095203;-8.642681113124805;6.853309468108004;90.72293676843753
VEHICLE_UPDATES;72000000000;veh_12;41.006411211632475;-8.642359758242964;5.584866160024889;180.1912402094153
VEHICLE_UPDATES;72000000000;veh_13;41.004648140408804;-8.64370331277859;7.929541017782728;90.19197058593993
VEHICLE_UPDATES;73000000000;veh_0;41.00472832945306;-8.642415107534758;0.0;180.29993154303952
VEHICLE_UPDATES;73000000000;veh_1;41.00464103203146;-8.642494964768858;0.0;90.72339311942727
VEHICLE_UPDATES;73000000000;veh_2;41.00472803153335;-8.642377057289726;0.0;180.2998879364582
VEHICLE_UPDATES;73000000000;veh_3;41.00466985630279;-8.642494336411163;0.0;90.72293676843755
VEHICLE_UPDATES;73000000000;veh_4;41.004786591984676;-8.642376336086638;0.0;180.29988793645816
VEHICLE_UPDATES;73000000000;veh_5;41.004642010907986;-8.6425722436268;0.0;90.72339311942727
VEHICLE_UPDATES;73000000000;veh_6;41.00478688688547;-8.642414386343694;0.0;180.29993154303952
VEHICLE_UPDATES;73000000000;veh_7;41.00467083493313;-8.642571632652754;0.0;90.72293676843755
VEHICLE_UPDATES;73000000000;veh_8;41.00513289049585;-8.642410124942863;6.346254403498928;180.29993154303912
VEHICLE_UPDATES;73000000000;veh_9;41.00464298973117;-8.642649522364657;0.0;90.7233931194289
VEHICLE_UPDATES;73000000000;veh_10;41.005660445214346;-8.642404850452728;7.419940306746932;180.13491255010234
VEHICLE_UPDATES;73000000000;veh_11;41.00467186672964;-8.64265313261307;2.353309468108004;90.72293676843753
VEHICLE_UPDATES;73000000000;veh_12;41.00635718850439;-8.642360288365651;5.997275086013601;180.19124020941572
VEHICLE_UPDATES;73000000000;veh_13;41.00464782415001;-8.643614830638185;7.442681242843943;89.7778856027146
VEHICLE_UPDATES;74000000000;veh_0;41.00472832945306;-8.642415107534758;0.0;180.29993154303952
VEHICLE_UPDATES;74000000000;veh_1;41.00464103203146;-8.642494964768858;0.0;90.72339311942727
VEHICLE_UPDATES;74000000000;veh_2;41.00472803153335;-8.642377057289726;0.0;180.2998879364582
VEHICLE_UPDATES;74000000000;veh_3;41.00466985630279;-8.642494336411163;0.0;90.72293676843755
VEHICLE_UPDATES;74000000000;veh_4;41.004786591984676;-8.642376336086638;0.0;180.29988793645816
VEHICLE_UPDATES;74000000000;veh_5;41.004642010907986;-8.6425722436268;0.0;90.72339311942727
VEHICLE_UPDATES;74000000000;veh_6;41.00478688688547;-8.642414386343694;0.0;180.29993154303952
VEHICLE_UPDATES;74000000000;veh_7;41.00467083493313;-8.642571632652754;0.0;90.72293676843755
VEHICLE_UPDATES;74000000000;veh_8;41.005072608982;-8.642410867377695;6.692458190285573;180.29993154303912
VEHICLE_UPDATES;74000000000;veh_9;41.00464298973117;-8.642649522364657;0.0;90.7233931194289
VEHICLE_UPDATES;74000000000;veh_10;41.0055977533213;-8.64240538422339;6.95990115589236;180.13491255010234
VEHICLE_UPDATES;74000000000;veh_11;41.00467183623392;-8.642650723738711;0.202599113458296;90.72293676843755
VEHICLE_UPDATES;74000000000;veh_12;41.00630232977294;-8.642398880372019;6.114860471650958;180.19124020941547
VEHICLE_UPDATES;74000000000;veh_13;41.004648064722524;-8.64351757015257;8.18085365329575;89.57905898949569
VEHICLE_UPDATES;75000000000;veh_0;41.00472832945306;-8.642415107534758;0.0;180.29993154303952
VEHICLE_UPDATES;75000000000;veh_1;41.00464103203146;-8.642494964768858;0.0;90.72339311942727
VEHICLE_UPDATES;75000000000;veh_2;41.00472803153335;-8.642377057289726;0.0;180.2998879364582
VEHICLE_UPDATES;75000000000;veh_3;41.00466985630279;-8.642494336411163;0.0;90.72293676843755
VEHICLE_UPDATES;75000000000;veh_4;41.004786591984676;-8.642376336086638;0.0;180.29988793645816
VEHICLE_UPDATES;75000000000;veh_5;41.004642010907986;-8.6425722436268;0.0;90.72339311942727
VEHICLE_UPDATES;75000000000;veh_6;41.00478688688547;-8.642414386343694;0.0;180.29993154303952
VEHICLE_UPDATES;75000000000;veh_7;41.00467083493313;-8.642571632652754;0.0;90.72293676843755
VEHICLE_UPDATES;75000000000;veh_8;41.00501073055334;-8.642411629478511;6.869747720058981;180.29993154303912
VEHICLE_UPDATES;75000000000;veh_9;41.00464298973117;-8.642649522364657;0.0;90.7233931194289
VEHICLE_UPDATES;75000000000;veh_10;41.00552755913533;-8.64240598186828;7.792787338758419;180.13491255010234
VEHICLE_UPDATES;75000000000;veh_11;41.00467181799361;-8.642649282929186;0.121179725262181;90.72293676843753
VEHICLE_UPDATES;75000000000;veh_12;41.00625089614142;-8.642399385052435;5.710076020784677;180.19124020941547
VEHICLE_UPDATES;75000000000;veh_13;41.004648288188534;-8.643427195871858;7.601635535309875;89.57905898949569
VEHICLE_UPDATES;76000000000;veh_0;41.00472832945306;-8.642415107534758;0.0;180.29993154303952
VEHICLE_UPDATES;76000000000;veh_1;41.00464103203146;-8.642494964768858;0.0;90.72339311942727
VEHICLE_UPDATES;76000000000;veh_2;41.00472803153335;-8.642377057289726;0.0;180.2998879364582
VEHICLE_UPDATES;76000000000;veh_3;41.00466985630279;-8.642494336411163;0.0;90.72293676843755
VEHICLE_UPDATES;76000000000;veh_4;41.004786591984676;-8.642376336086638;0.0;180.29988793645816
VEHICLE_UPDATES;76000000000;veh_5;41.004642010907986;-8.6425722436268;0.0;90.72339311942727
VEHICLE_UPDATES;76000000000;veh_6;41.00478688688547;-8.642414386343694;0.0;180.29993154303952
VEHICLE_UPDATES;76000000000;veh_7;41.00467083493313;-8.642571632652754;0.0;90.72293676843755
VEHICLE_UPDATES;76000000000;veh_8;41.00494716542586;-8.642412412350946;7.057005067710738;180.29993154303952
VEHICLE_UPDATES;76000000000;veh_9;41.00464298973117;-8.642649522364657;0.0;90.7233931194289
VEHICLE_UPDATES;76000000000;veh_10;41.005460846724034;-8.642406549867086;7.406249116140018;180.13491255010234
VEHICLE_UPDATES;76000000000;veh_11;41.0046718141646;-8.642648980475153;0.025437988817449;90.72293676843753
VEHICLE_UPDATES;76000000000;veh_12;41.0061958752318;-8.64239992493098;6.108329593004659;180.19124020941587
VEHICLE_UPDATES;76000000000;veh_13;41.004648417579176;-8.643328834072028;8.273478957234735;89.7599608246673
VEHICLE_REGISTRATION;76999999995;veh_14;[src.main.java.CarSendsCamAPP, src.main.java.EventProcessingApp, src.main.java.MainCarApp];Car
VEHICLE_REGISTRATION;76999999995;veh_15;[src.main.java.CarSendsCamAPP, src.main.java.EventProcessingApp, src.main.java.MainCarApp];Car_0
VEHICLE_UPDATES;77000000000;veh_0;41.00472832945306;-8.642415107534758;0.0;180.29993154303952
VEHICLE_UPDATES;77000000000;veh_1;41.00464103203146;-8.642494964768858;0.0;90.72339311942727
VEHICLE_UPDATES;77000000000;veh_2;41.00472803153335;-8.642377057289726;0.0;180.2998879364582
VEHICLE_UPDATES;77000000000;veh_3;41.00466985630279;-8.642494336411163;0.0;90.72293676843755
VEHICLE_UPDATES;77000000000;veh_4;41.004786591984676;-8.642376336086638;0.0;180.29988793645816
VEHICLE_UPDATES;77000000000;veh_5;41.004642010907986;-8.6425722436268;0.0;90.72339311942727
VEHICLE_UPDATES;77000000000;veh_6;41.00478688688547;-8.642414386343694;0.0;180.29993154303952
VEHICLE_UPDATES;77000000000;veh_7;41.00467083493313;-8.642571632652754;0.0;90.72293676843755
VEHICLE_UPDATES;77000000000;veh_8;41.00489192740837;-8.642413092664546;6.132528648484471;180.29993154303952
VEHICLE_UPDATES;77000000000;veh_9;41.00464298973117;-8.642649522364657;0.0;90.7233931194289
VEHICLE_UPDATES;77000000000;veh_10;41.00540066258014;-8.64240706228191;6.681496725429382;180.13491255010234
VEHICLE_UPDATES;77000000000;veh_11;41.00467181365403;-8.642648940143872;0.003392074805248;90.72293676843753
VEHICLE_UPDATES;77000000000;veh_12;41.00614078065691;-8.642400465531114;6.116507732203231;180.19124020941547
VEHICLE_UPDATES;77000000000;veh_13;41.004648289985916;-8.6432345827301;7.927716585101413;89.86833624206722
VEHICLE_UPDATES;78000000000;veh_0;41.00472832945306;-8.642415107534758;0.0;180.29993154303952
VEHICLE_UPDATES;78000000000;veh_1;41.00464103203146;-8.642494964768858;0.0;90.72339311942727
VEHICLE_UPDATES;78000000000;veh_2;41.00472803153335;-8.642377057289726;0.0;180.2998879364582
VEHICLE_UPDATES;78000000000;veh_3;41.00466985630279;-8.642494336411163;0.0;90.72293676843755
VEHICLE_UPDATES;78000000000;veh_4;41.004786591984676;-8.642376336086638;0.0;180.29988793645816
VEHICLE_UPDATES;78000000000;veh_5;41.004642010907986;-8.6425722436268;0.0;90.72339311942727
VEHICLE_UPDATES;78000000000;veh_6;41.00478688688547;-8.642414386343694;0.0;180.29993154303952
VEHICLE_UPDATES;78000000000;veh_7;41.00467083493313;-8.642571632652754;0.0;90.72293676843755
VEHICLE_UPDATES;78000000000;veh_8;41.00485331931761;-8.642413568162436;4.286272959054806;180.29993154303952
VEHICLE_UPDATES;78000000000;veh_9;41.00464298973117;-8.642649522364657;0.0;90.7233931194289
VEHICLE_UPDATES;78000000000;veh_10;41.005335602888465;-8.64240762829824;7.222776081564437;180.14947866403475
VEHICLE_UPDATES;78000000000;veh_11;41.004671813537875;-8.642648930969257;0.00077163380452;90.72293676843753
VEHICLE_UPDATES;78000000000;veh_12;41.006089598086206;-8.642400967744694;5.682203504662962;180.19124020941547
VEHICLE_UPDATES;78000000000;veh_13;41.00464817629994;-8.643150652406225;7.059589954551162;89.86833624206884
VEHICLE_UPDATES;79000000000;veh_0;41.00472832945306;-8.642415107534758;0.0;180.29993154303952
VEHICLE_UPDATES;79000000000;veh_1;41.00464103203146;-8.642494964768858;0.0;90.72339311942727
VEHICLE_UPDATES;79000000000;veh_2;41.00472803153335;-8.642377057289726;0.0;180.2998879364582
VEHICLE_UPDATES;79000000000;veh_3;41.00466985630279;-8.642494336411163;0.0;90.72293676843755
VEHICLE_UPDATES;79000000000;veh_4;41.004786591984676;-8.642376336086638;0.0;180.29988793645816
VEHICLE_UPDATES;79000000000;veh_5;41.004642010907986;-8.6425722436268;0.0;90.72339311942727
VEHICLE_UPDATES;79000000000;veh_6;41.00478688688547;-8.642414386343694;0.0;180.29993154303952
VEHICLE_UPDATES;79000000000;veh_7;41.00467083493313;-8.642571632652754;0.0;90.72293676843755
VEHICLE_UPDATES;79000000000;veh_8;41.00484763933786;-8.6424136381171;0.630591749210919;180.29993154303952
VEHICLE_UPDATES;79000000000;veh_9;41.00464298973117;-8.642649522364657;0.0;90.7233931194289
VEHICLE_UPDATES;79000000000;veh_10;41.00526772437947;-8.642408464305158;7.535877425421561;180.29993154303952
VEHICLE_UPDATES;79000000000;veh_11;41.00467181351075;-8.642648928826661;0.000180203668431;90.72293676843753
VEHICLE_UPDATES;79000000000;veh_12;41.00603377726734;-8.642401515468471;6.197134009852075;180.19124020941547
VEHICLE_UPDATES;79000000000;veh_13;41.00464805914795;-8.643064210420338;7.270852207152026;89.86833624206884
VEHICLE_UPDATES;79000000000;veh_14;41.006576828963745;-8.642358149622442;5.927604054756985;180.14766920786036
VEHICLE_UPDATES;79000000000;veh_15;41.004678475522084;-8.643985677491044;7.919297529930862;90.16591395568828
VEHICLE_UPDATES;80000000000;veh_0;41.00472832945306;-8.642415107534758;0.0;180.29993154303952
VEHICLE_UPDATES;80000000000;veh_1;41.00464103203146;-8.642494964768858;0.0;90.72339311942727
VEHICLE_UPDATES;80000000000;veh_2;41.00472803153335;-8.642377057289726;0.0;180.2998879364582
VEHICLE_UPDATES;80000000000;veh_3;41.00466985630279;-8.642494336411163;0.0;90.72293676843755
VEHICLE_UPDATES;80000000000;veh_4;41.004786591984676;-8.642376336086638;0.0;180.29988793645816
VEHICLE_UPDATES;80000000000;veh_5;41.004642010907986;-8.6425722436268;0.0;90.72339311942727
VEHICLE_UPDATES;80000000000;veh_6;41.00478688688547;-8.642414386343694;0.0;180.29993154303952
VEHICLE_UPDATES;80000000000;veh_7;41.00467083493313;-8.642571632652754;0.0;90.72293676843755
VEHICLE_UPDATES;80000000000;veh_8;41.00484582018459;-8.6424136605218;0.201962524116541;180.29993154303952
VEHICLE_UPDATES;80000000000;veh_9;41.00464298973117;-8.642649522364657;0.0;90.7233931194289
VEHICLE_UPDATES;80000000000;veh_10;41.00520222815317;-8.642409270969239;7.271396127913679;180.29993154303952
VEHICLE_UPDATES;80000000000;veh_11;41.00467181351075;-8.642648928826661;0.0;90.72293676843753
VEHICLE_UPDATES;80000000000;veh_12;41.005982482462;-8.642402045482614;5.694680782045238;180.2215031987318
VEHICLE_UPDATES;80000000000;veh_13;41.004647032671876;-8.642968758579137;8.029615352714288;90.72339311942727
VEHICLE_UPDATES;80000000000;veh_14;41.0065130735619;-8.642358758680441;7.077675367802904;180.19124020941572
VEHICLE_UPDATES;80000000000;veh_15;41.00467798105669;-8.64389207568978;7.871499034749958;90.16591395568828
VEHICLE_UPDATES;81000000000;veh_0;41.00472832945306;-8.642415107534758;0.0;180.29993154303952
VEHICLE_UPDATES;81000000000;veh_1;41.00464103203146;-8.642494964768858;0.0;90.72339311942727
VEHICLE_UPDATES;81000000000;veh_2;41.00472803153335;-8.642377057289726;0.0;180.2998879364582
VEHICLE_UPDATES;81000000000;veh_3;41.00466985630279;-8.642494336411163;0.0;90.72293676843755
VEHICLE_UPDATES;81000000000;veh_4;41.004786591984676;-8.642376336086638;0.0;180.29988793645816
VEHICLE_UPDATES;81000000000;veh_5;41.004642010907986;-8.6425722436268;0.0;90.72339311942727
VEHICLE_UPDATES;81000000000;veh_6;41.00478688688547;-8.642414386343694;0.0;180.29993154303952
VEHICLE_UPDATES;81000000000;veh_7;41.00467083493313;-8.642571632652754;0.0;90.72293676843755
VEHICLE_UPDATES;81000000000;veh_8;41.004845576790245;-8.642413663519447;0.027021657391675;180.29993154303952
VEHICLE_UPDATES;81000000000;veh_9;41.00464298973117;-8.642649522364657;0.0;90.7233931194289
VEHICLE_UPDATES;81000000000;veh_10;41.005135558866925;-8.642410092078823;7.401629249320897;180.29993154303952
VEHICLE_UPDATES;81000000000;veh_11;41.00467181351075;-8.642648928826661;0.0;90.72293676843753
VEHICLE_UPDATES;81000000000;veh_12;41.00592406721569;-8.64240260590924;6.485156843076461;180.15707781231765
VEHICLE_UPDATES;81000000000;veh_13;41.00464592975014;-8.642881663418787;7.326804345652314;90.72339311942727
VEHICLE_UPDATES;81000000000;veh_14;41.006458863201324;-8.642359290642663;6.018060454264806;180.1912402094153
VEHICLE_UPDATES;81000000000;veh_15;41.00467747912265;-8.643797074794906;7.989156809599752;90.16591395568992
VEHICLE_UPDATES;82000000000;veh_0;41.00472832945306;-8.642415107534758;0.0;180.29993154303952
VEHICLE_UPDATES;82000000000;veh_1;41.00464103203146;-8.642494964768858;0.0;90.72339311942727
VEHICLE_UPDATES;82000000000;veh_2;41.00472803153335;-8.642377057289726;0.0;180.2998879364582
VEHICLE_UPDATES;82000000000;veh_3;41.00466985630279;-8.642494336411163;0.0;90.72293676843755
VEHICLE_UPDATES;82000000000;veh_4;41.004786591984676;-8.642376336086638;0.0;180.29988793645816
VEHICLE_UPDATES;82000000000;veh_5;41.004642010907986;-8.6425722436268;0.0;90.72339311942727
VEHICLE_UPDATES;82000000000;veh_6;41.00478688688547;-8.642414386343694;0.0;180.29993154303952
VEHICLE_UPDATES;82000000000;veh_7;41.00467083493313;-8.642571632652754;0.0;90.72293676843755
VEHICLE_UPDATES;82000000000;veh_8;41.00484546642754;-8.642413664878672;0.012252475719159;180.29993154303912
VEHICLE_UPDATES;82000000000;veh_9;41.00464298973117;-8.642649522364657;0.0;90.7233931194289
VEHICLE_UPDATES;82000000000;veh_10;41.00507438928543;-8.642410845451275;6.791051529499303;180.29993154303952
VEHICLE_UPDATES;82000000000;veh_11;41.00467181351075;-8.642648928826661;0.0;90.72293676843753
VEHICLE_UPDATES;82000000000;veh_12;41.00587129623843;-8.64240305521655;5.858505541468971;180.13491255010234
VEHICLE_UPDATES;82000000000;veh_13;41.004644794765724;-8.642792041770194;7.539343260640131;90.72339311942727
VEHICLE_UPDATES;82000000000;veh_14;41.0063972091611;-8.642359895647704;6.844406375409626;180.1912402094153
VEHICLE_UPDATES;82000000000;veh_15;41.00467700612049;-8.64370837993975;7.458850856695006;90.1727751668023
VEHICLE_UPDATES;83000000000;veh_0;41.00472832945306;-8.642415107534758;0.0;180.29993154303952
VEHICLE_UPDATES;83000000000;veh_1;41.00464103203146;-8.642494964768858;0.0;90.72339311942727
VEHICLE_UPDATES;83000000000;veh_2;41.00472803153335;-8.642377057289726;0.0;180.2998879364582
VEHICLE_UPDATES;83000000000;veh_3;41.00466985630279;-8.642494336411163;0.0;90.72293676843755
VEHICLE_UPDATES;83000000000;veh_4;41.004786591984676;-8.642376336086638;0.0;180.29988793645816
VEHICLE_UPDATES;83000000000;veh_5;41.004642010907986;-8.6425722436268;0.0;90.72339311942727
VEHICLE_UPDATES;83000000000;veh_6;41.00478688688547;-8.642414386343694;0.0;180.29993154303952
VEHICLE_UPDATES;83000000000;veh_7;41.00467083493313;-8.642571632652754;0.0;90.72293676843755
VEHICLE_UPDATES;83000000000;veh_8;41.004845451813445;-8.64241366505866;0.001622457541337;180.29993154303952
VEHICLE_UPDATES;83000000000;veh_9;41.00464298973117;-8.642649522364657;0.0;90.7233931194289
VEHICLE_UPDATES;83000000000;veh_10;41.00500710503958;-8.642411674130637;7.469901941216151;180.29993154303952
VEHICLE_UPDATES;83000000000;veh_11;41.00467181351075;-8.642648928826661;0.0;90.72293676843753
VEHICLE_UPDATES;83000000000;veh_12;41.005814048928904;-8.642403542635485;6.355457002982498;180.13491255010234
VEHICLE_UPDATES;83000000000;veh_13;41.00464407191315;-8.6427349661123;4.801440248826886;90.7233931194289
VEHICLE_UPDATES;83000000000;veh_14;41.00633468685135;-8.64236050917141;6.940795593619869;180.1912402094153
VEHICLE_UPDATES;83000000000;veh_15;41.00467662481842;-8.643624849850218;7.024598380445185;89.94037050239885
VEHICLE_UPDATES;84000000000;veh_0;41.00472832945306;-8.642415107534758;0.0;180.29993154303952
VEHICLE_UPDATES;84000000000;veh_1;41.00464103203146;-8.642494964768858;0.0;90.72339311942727
VEHICLE_UPDATES;84000000000;veh_2;41.00472803153335;-8.642377057289726;0.0;180.2998879364582
VEHICLE_UPDATES;84000000000;veh_3;41.00466985630279;-8.642494336411163;0.0;90.72293676843755
VEHICLE_UPDATES;84000000000;veh_4;41.004786591984676;-8.642376336086638;0.0;180.29988793645816
VEHICLE_UPDATES;84000000000;veh_5;41.004642010907986;-8.6425722436268;0.0;90.72339311942727
VEHICLE_UPDATES;84000000000;veh_6;41.00478688688547;-8.642414386343694;0.0;180.29993154303952
VEHICLE_UPDATES;84000000000;veh_7;41.00467083493313;-8.642571632652754;0.0;90.72293676843755
VEHICLE_UPDATES;84000000000;veh_8;41.00484544464601;-8.642413665146934;0.000795728623036;180.29993154303912
VEHICLE_UPDATES;84000000000;veh_9;41.00464298973117;-8.642649522364657;0.0;90.7233931194289
VEHICLE_UPDATES;84000000000;veh_10;41.00493896140626;-8.642412513392069;7.565311111474942;180.29993154303912
VEHICLE_UPDATES;84000000000;veh_11;41.00467181351075;-8.642648928826661;0.0;90.72293676843753
VEHICLE_UPDATES;84000000000;veh_12;41.00575732079875;-8.642404025632802;6.297818909339608;180.13491255010234
VEHICLE_UPDATES;84000000000;veh_13;41.004643986633106;-8.642728232639447;0.566447575509925;90.72339311942727
VEHICLE_UPDATES;84000000000;veh_14;41.00627811484242;-8.642399117975465;6.305183382196875;180.19124020941547
VEHICLE_UPDATES;84000000000;veh_15;41.00467683378409;-8.64354044993497;7.09752662965251;89.57888711287109
VEHICLE_UPDATES;85000000000;veh_0;41.00472832945306;-8.642415107534758;0.0;180.29993154303952
VEHICLE_UPDATES;85000000000;veh_1;41.00464103203146;-8.642494964768858;0.0;90.72339311942727
VEHICLE_UPDATES;85000000000;veh_2;41.00472803153335;-8.642377057289726;0.0;180.2998879364582
VEHICLE_UPDATES;85000000000;veh_3;41.00466985630279;-8.642494336411163;0.0;90.72293676843755
VEHICLE_UPDATES;85000000000;veh_4;41.004786591984676;-8.642376336086638;0.0;180.29988793645816
VEHICLE_UPDATES;85000000000;veh_5;41.004642010907986;-8.6425722436268;0.0;90.72339311942727
VEHICLE_UPDATES;85000000000;veh_6;41.00478688688547;-8.642414386343694;0.0;180.29993154303952
VEHICLE_UPDATES;85000000000;veh_7;41.00467083493313;-8.642571632652754;0.0;90.72293676843755
VEHICLE_UPDATES;85000000000;veh_8;41.00484544464601;-8.642413665146934;0.0;180.29993154303912
VEHICLE_UPDATES;85000000000;veh_9;41.00464298973117;-8.642649522364657;0.0;90.7233931194289
VEHICLE_UPDATES;85000000000;veh_10;41.00491106182818;-8.642374803168849;3.065311111474942;180.29988793645856
VEHICLE_UPDATES;85000000000;veh_11;41.00467181351075;-8.642648928826661;0.0;90.72293676843753
VEHICLE_UPDATES;85000000000;veh_12;41.00569953979618;-8.642404517593318;6.414706177554094;180.13491255010234
VEHICLE_UPDATES;85000000000;veh_13;41.004643974804;-8.64272729864749;0.078571265084606;90.72339311942727
VEHICLE_UPDATES;85000000000;veh_14;41.00622203537028;-8.642399668241493;6.225849469056875;180.19124020941547
VEHICLE_UPDATES;85000000000;veh_15;41.00467706367861;-8.643447568133258;7.810802397072928;89.57888711286945
VEHICLE_UPDATES;86000000000;veh_0;41.00472832945306;-8.642415107534758;0.0;180.29993154303952
VEHICLE_UPDATES;86000000000;veh_1;41.00464103203146;-8.642494964768858;0.0;90.72339311942727
VEHICLE_UPDATES;86000000000;veh_2;41.00472803153335;-8.642377057289726;0.0;180.2998879364582
VEHICLE_UPDATES;86000000000;veh_3;41.00466985630279;-8.642494336411163;0.0;90.72293676843755
VEHICLE_UPDATES;86000000000;veh_4;41.004786591984676;-8.642376336086638;0.0;180.29988793645816
VEHICLE_UPDATES;86000000000;veh_5;41.004642010907986;-8.6425722436268;0.0;90.72339311942727
VEHICLE_UPDATES;86000000000;veh_6;41.00478688688547;-8.642414386343694;0.0;180.29993154303952
VEHICLE_UPDATES;86000000000;veh_7;41.00467083493313;-8.642571632652754;0.0;90.72293676843755
VEHICLE_UPDATES;86000000000;veh_8;41.00484544464601;-8.642413665146934;0.0;180.29993154303912
VEHICLE_UPDATES;86000000000;veh_9;41.00464298973117;-8.642649522364657;0.0;90.7233931194289
VEHICLE_UPDATES;86000000000;veh_10;41.0048680818901;-8.642375332492378;4.771410876035292;180.29988793645856
VEHICLE_UPDATES;86000000000;veh_11;41.00467181351075;-8.642648928826661;0.0;90.72293676843753
VEHICLE_UPDATES;86000000000;veh_12;41.0056498159954;-8.642404940952016;5.520215206417255;180.13491255010274
VEHICLE_UPDATES;86000000000;veh_13;41.004643970401666;-8.642726951053145;0.029241073518955;90.72339311942727
VEHICLE_UPDATES;86000000000;veh_14;41.00616478078081;-8.642400230036753;6.356308973491714;180.19124020941547
VEHICLE_UPDATES;86000000000;veh_15;41.00467726475057;-8.643366306398834;6.833624430407452;89.57888711287109
VEHICLE_UPDATES;87000000000;veh_0;41.00472832945306;-8.642415107534758;0.0;180.29993154303952
VEHICLE_UPDATES;87000000000;veh_1;41.00464103203146;-8.642494964768858;0.0;90.72339311942727
VEHICLE_UPDATES;87000000000;veh_2;41.00472803153335;-8.642377057289726;0.0;180.2998879364582
VEHICLE_UPDATES;87000000000;veh_3;41.00466985630279;-8.642494336411163;0.0;90.72293676843755
VEHICLE_UPDATES;87000000000;veh_4;41.004786591984676;-8.642376336086638;0.0;180.29988793645816
VEHICLE_UPDATES;87000000000;veh_5;41.004642010907986;-8.6425722436268;0.0;90.72339311942727
VEHICLE_UPDATES;87000000000;veh_6;41.00478688688547;-8.642414386343694;0.0;180.29993154303952
VEHICLE_UPDATES;87000000000;veh_7;41.00467083493313;-8.642571632652754;0.0;90.72293676843755
VEHICLE_UPDATES;87000000000;veh_8;41.00484544464601;-8.642413665146934;0.0;180.29993154303912
VEHICLE_UPDATES;87000000000;veh_9;41.00464298973117;-8.642649522364657;0.0;90.7233931194289
VEHICLE_UPDATES;87000000000;veh_10;41.004855852338835;-8.642375483106422;1.35766165029662;180.2998879364582
VEHICLE_UPDATES;87000000000;veh_11;41.00467181351075;-8.642648928826661;0.0;90.72293676843753
VEHICLE_UPDATES;87000000000;veh_12;41.0055944167573;-8.642405412631486;6.150288372287528;180.13491255010234
VEHICLE_UPDATES;87000000000;veh_13;41.00464396895159;-8.6427268365595;0.009631678630418;90.72339311942727
VEHICLE_UPDATES;87000000000;veh_14;41.00610289053615;-8.64240083731663;6.870951602006854;180.19124020941547
VEHICLE_UPDATES;87000000000;veh_15;41.00467716890739;-8.64327360448022;7.795648655073399;89.86843701764728
VEHICLE_REGISTRATION;87285714280;veh_16;[src.main.java.CarSendsCamAPP, src.main.java.EventProcessingApp, src.main.java.MainCarApp];Car
VEHICLE_REGISTRATION;87285714280;veh_17;[src.main.java.CarSendsCamAPP, src.main.java.EventProcessingApp, src.main.java.MainCarApp];Car_0
VEHICLE_UPDATES;88000000000;veh_0;41.00472832945306;-8.642415107534758;0.0;180.29993154303952
VEHICLE_UPDATES;88000000000;veh_1;41.00464103203146;-8.642494964768858;0.0;90.72339311942727
VEHICLE_UPDATES;88000000000;veh_2;41.00472803153335;-8.642377057289726;0.0;180.2998879364582
VEHICLE_UPDATES;88000000000;veh_3;41.00466985630279;-8.642494336411163;0.0;90.72293676843755
VEHICLE_UPDATES;88000000000;veh_4;41.004786591984676;-8.642376336086638;0.0;180.29988793645816
VEHICLE_UPDATES;88000000000;veh_5;41.004642010907986;-8.6425722436268;0.0;90.72339311942727
VEHICLE_UPDATES;88000000000;veh_6;41.00478688688547;-8.642414386343694;0.0;180.29993154303952
VEHICLE_UPDATES;88000000000;veh_7;41.00467083493313;-8.642571632652754;0.0;90.72293676843755
VEHICLE_UPDATES;88000000000;veh_8;41.00484544464601;-8.642413665146934;0.0;180.29993154303912
VEHICLE_UPDATES;88000000000;veh_9;41.00464298973117;-8.642649522364657;0.0;90.7233931194289
VEHICLE_UPDATES;88000000000;veh_10;41.00485050118512;-8.642375549008973;0.594057459680066;180.29988793645816
VEHICLE_UPDATES;88000000000;veh_11;41.00467181351075;-8.642648928826661;0.0;90.72293676843753
VEHICLE_UPDATES;88000000000;veh_12;41.00553641906835;-8.642405906433446;6.438761987803504;180.13491255010234
VEHICLE_UPDATES;88000000000;veh_13;41.004643968677705;-8.642726814934283;0.001819202835404;90.7233931194289
VEHICLE_UPDATES;88000000000;veh_14;41.00604612623501;-8.642401394298318;6.30187784899451;180.19124020941547
VEHICLE_UPDATES;88000000000;veh_15;41.00467705007997;-8.643185943869446;7.371704115007686;89.86843701764892
VEHICLE_UPDATES;89000000000;veh_0;41.00472832945306;-8.642415107534758;0.0;180.29993154303952
VEHICLE_UPDATES;89000000000;veh_1;41.00464103203146;-8.642494964768858;0.0;90.72339311942727
VEHICLE_UPDATES;89000000000;veh_2;41.00472803153335;-8.642377057289726;0.0;180.2998879364582
VEHICLE_UPDATES;89000000000;veh_3;41.00466985630279;-8.642494336411163;0.0;90.72293676843755
VEHICLE_UPDATES;89000000000;veh_4;41.004786591984676;-8.642376336086638;0.0;180.29988793645816
VEHICLE_UPDATES;89000000000;veh_5;41.004642010907986;-8.6425722436268;0.0;90.72339311942727
VEHICLE_UPDATES;89000000000;veh_6;41.00478688688547;-8.642414386343694;0.0;180.29993154303952
VEHICLE_UPDATES;89000000000;veh_7;41.00467083493313;-8.642571632652754;0.0;90.72293676843755
VEHICLE_UPDATES;89000000000;veh_8;41.00484544464601;-8.642413665146934;0.0;180.29993154303912
VEHICLE_UPDATES;89000000000;veh_9;41.00464298973117;-8.642649522364657;0.0;90.7233931194289
VEHICLE_UPDATES;89000000000;veh_10;41.0048463914197;-8.642375599623099;0.456244940710911;180.2998879364582
VEHICLE_UPDATES;89000000000;veh_11;41.00467181351075;-8.642648928826661;0.0;90.72293676843753
VEHICLE_UPDATES;89000000000;veh_12;41.005480789743764;-8.642406380069596;6.175831888742746;180.13491255010234
VEHICLE_UPDATES;89000000000;veh_13;41.004643968588184;-8.6427268078666;0.000594562592783;90.72339311942727
VEHICLE_UPDATES;89000000000;veh_14;41.00599269967017;-8.64240193810555;5.931340557434187;180.21482262857543
VEHICLE_UPDATES;89000000000;veh_15;41.00467693199064;-8.643098876437284;7.321821603469233;89.86843701764892
VEHICLE_UPDATES;90000000000;veh_0;41.00472832945306;-8.642415107534758;0.0;180.29993154303952
VEHICLE_UPDATES;90000000000;veh_1;41.00464103203146;-8.642494964768858;0.0;90.72339311942727
VEHICLE_UPDATES;90000000000;veh_2;41.00472803153335;-8.642377057289726;0.0;180.2998879364582
VEHICLE_UPDATES;90000000000;veh_3;41.00466985630279;-8.642494336411163;0.0;90.72293676843755
VEHICLE_UPDATES;90000000000;veh_4;41.004786591984676;-8.642376336086638;0.0;180.29988793645816
VEHICLE_UPDATES;90000000000;veh_5;41.004642010907986;-8.6425722436268;0.0;90.72339311942727
VEHICLE_UPDATES;90000000000;veh_6;41.00478688688547;-8.642414386343694;0.0;180.29993154303952
VEHICLE_UPDATES;90000000000;veh_7;41.00467083493313;-8.642571632652754;0.0;90.72293676843755
VEHICLE_UPDATES;90000000000;veh_8;41.00484544464601;-8.642413665146934;0.0;180.29993154303912
VEHICLE_UPDATES;90000000000;veh_9;41.00464298973117;-8.642649522364657;0.0;90.7233931194289
VEHICLE_UPDATES;90000000000;veh_10;41.004845478844025;-8.642375610861992;0.101309440315457;180.29988793645816
VEHICLE_UPDATES;90000000000;veh_11;41.00467181351075;-8.642648928826661;0.0;90.72293676843753
VEHICLE_UPDATES;90000000000;veh_12;41.00542821512967;-8.642406827696453;5.836705328301528;180.13491255010234
VEHICLE_UPDATES;90000000000;veh_13;41.004643968533536;-8.642726803551467;0.000363006884105;90.72339311942727
VEHICLE_UPDATES;90000000000;veh_14;41.005937416020124;-8.642402492253508;6.137507004295067;180.18915860941925
VEHICLE_UPDATES;90000000000;veh_15;41.00467646939746;-8.643016745482306;6.907055593665371;90.42678976509087
VEHICLE_UPDATES;90000000000;veh_16;41.00656816860416;-8.642358225911956;6.889012322143876;180.14766920785996
VEHICLE_UPDATES;90000000000;veh_17;41.004649598597105;-8.64397620043136;8.74127443534245;90.16591395568926
VEHICLE_UPDATES;91000000000;veh_0;41.00472832945306;-8.642415107534758;0.0;180.29993154303952
VEHICLE_UPDATES;91000000000;veh_1;41.00464079478912;-8.642472688758044;1.871886881208047;90.65197613626329
VEHICLE_UPDATES;91000000000;veh_2;41.00472803153335;-8.642377057289726;0.0;180.2998879364582
VEHICLE_UPDATES;91000000000;veh_3;41.004669581229834;-8.642467554732761;2.255001980718225;90.62109490951589
VEHICLE_UPDATES;91000000000;veh_4;41.004786591984676;-8.642376336086638;0.0;180.29988793645816
VEHICLE_UPDATES;91000000000;veh_5;41.004642010907986;-8.6425722436268;0.0;90.72339311942727
VEHICLE_UPDATES;91000000000;veh_6;41.00478688688547;-8.642414386343694;0.0;180.29993154303952
VEHICLE_UPDATES;91000000000;veh_7;41.00467083493313;-8.642571632652754;0.0;90.72293676843755
VEHICLE_UPDATES;91000000000;veh_8;41.00484544464601;-8.642413665146934;0.0;180.29993154303912
VEHICLE_UPDATES;91000000000;veh_9;41.00464298973117;-8.642649522364657;0.0;90.7233931194289
VEHICLE_UPDATES;91000000000;veh_10;41.00484516559455;-8.642375614719839;0.03477533753043;180.29988793645816
VEHICLE_UPDATES;91000000000;veh_11;41.00467181351075;-8.642648928826661;0.0;90.72293676843753
VEHICLE_UPDATES;91000000000;veh_12;41.00537792219294;-8.642407255895872;5.583399026967585;180.13491255010234
VEHICLE_UPDATES;91000000000;veh_13;41.0046439685034;-8.642726801172296;0.000200145630581;90.72339311942727
VEHICLE_UPDATES;91000000000;veh_14;41.00588052536827;-8.64240297663715;6.31586180727888;180.13491255010234
VEHICLE_UPDATES;91000000000;veh_15;41.004675363703505;-8.642929386879235;7.3473209389594;90.72293676843755
VEHICLE_UPDATES;91000000000;veh_16;41.00650382940537;-8.642358849392743;7.142489624570349;180.19124020941572
VEHICLE_UPDATES;91000000000;veh_17;41.00464905709102;-8.643873696233712;8.622080360552456;90.16591395568926
VEHICLE_UPDATES;92000000000;veh_0;41.00472832945306;-8.642415107534758;0.0;180.29993154303952
VEHICLE_UPDATES;92000000000;veh_1;41.0046403684858;-8.642421557394437;4.291214669076726;90.39595623630524
VEHICLE_UPDATES;92000000000;veh_2;41.00472803153335;-8.642377057289726;0.0;180.2998879364582
VEHICLE_UPDATES;92000000000;veh_3;41.00466918151153;-8.642419737199882;4.029808825417422;90.39760485622517
VEHICLE_UPDATES;92000000000;veh_4;41.004786591984676;-8.642376336086638;0.0;180.29988793645816
VEHICLE_UPDATES;92000000000;veh_5;41.00464176742363;-8.642553021010404;1.617086087451872;90.72339311942727
VEHICLE_UPDATES;92000000000;veh_6;41.00478688688547;-8.642414386343694;0.0;180.29993154303952
VEHICLE_UPDATES;92000000000;veh_7;41.00467059976375;-8.64255305763527;1.562257580125972;90.72293676843755
VEHICLE_UPDATES;92000000000;veh_8;41.00484544464601;-8.642413665146934;0.0;180.29993154303912
VEHICLE_UPDATES;92000000000;veh_9;41.00464298973117;-8.642649522364657;0.0;90.7233931194289
VEHICLE_UPDATES;92000000000;veh_10;41.00484515698368;-8.642375614825887;0.000955935905546;180.2998879364582
VEHICLE_UPDATES;92000000000;veh_11;41.00467181351075;-8.642648928826661;0.0;90.72293676843753
VEHICLE_UPDATES;92000000000;veh_12;41.00531872751147;-8.64240783613937;6.57169952388946;180.22676969125766
VEHICLE_UPDATES;92000000000;veh_13;41.0046439685034;-8.642726801172296;0.0;90.72339311942727
VEHICLE_UPDATES;92000000000;veh_14;41.00582163278484;-8.642403478064573;6.53811131858226;180.13491255010234
VEHICLE_UPDATES;92000000000;veh_15;41.004674197701284;-8.642837269112523;7.747592102327998;90.72293676843755
VEHICLE_UPDATES;92000000000;veh_16;41.006441762176046;-8.642359458453498;6.890275833394603;180.19124020941572
VEHICLE_UPDATES;92000000000;veh_17;41.00464855996385;-8.643779607911544;7.914184111579482;90.16591395569088
VEHICLE_UPDATES;93000000000;veh_0;41.00472832945306;-8.642415107534758;0.0;180.29993154303952
VEHICLE_UPDATES;93000000000;veh_1;41.00463980598977;-8.64235409506047;5.661796245747246;90.39595623630524
VEHICLE_UPDATES;93000000000;veh_2;41.00472803153335;-8.642377057289726;0.0;180.2998879364582
VEHICLE_UPDATES;93000000000;veh_3;41.00466863160471;-8.642353956782186;5.54362587442156;90.39760485622517
VEHICLE_UPDATES;93000000000;veh_4;41.004786591984676;-8.642376336086638;0.0;180.29988793645816
VEHICLE_UPDATES;93000000000;veh_5;41.004641187391854;-8.642507229652715;3.852158675185029;90.72339311942727
VEHICLE_UPDATES;93000000000;veh_6;41.00478688688547;-8.642414386343694;0.0;180.29993154303952
VEHICLE_UPDATES;93000000000;veh_7;41.0046700239777;-8.642507579772847;3.824929713986151;90.72293676843753
VEHICLE_UPDATES;93000000000;veh_8;41.00484544464601;-8.642413665146934;0.0;180.29993154303912
VEHICLE_UPDATES;93000000000;veh_9;41.00464278243588;-8.642633155922697;1.376812818767285;90.72339311942727
VEHICLE_UPDATES;93000000000;veh_10;41.004845152471;-8.642375614881464;0.000500974010747;180.2998879364586
VEHICLE_UPDATES;93000000000;veh_11;41.00467162624358;-8.642634136596607;1.244105031499993;90.72293676843755
VEHICLE_UPDATES;93000000000;veh_12;41.00526817648911;-8.642408458736881;5.612178485082463;180.29993154303952
VEHICLE_UPDATES;93000000000;veh_13;41.0046439685034;-8.642726801172296;0.0;90.72339311942727
VEHICLE_UPDATES;93000000000;veh_14;41.005764023125394;-8.642403968567598;6.395684153055363;180.13491255010234
VEHICLE_UPDATES;93000000000;veh_15;41.004673253875545;-8.642762708231851;6.270965224980348;90.72293676843753
VEHICLE_UPDATES;93000000000;veh_16;41.00638266112298;-8.642360038405949;6.560991329175645;180.1912402094153
VEHICLE_UPDATES;93000000000;veh_17;41.00464790141874;-8.643671647795726;9.08108489451853;90.30591469581503
VEHICLE_UPDATES;94000000000;veh_0;41.00472832945306;-8.642415107534758;0.0;180.29993154303952
VEHICLE_UPDATES;94000000000;veh_1;41.00463952651123;-8.642273994378687;6.728750480249511;89.77859724990057
VEHICLE_UPDATES;94000000000;veh_2;41.00472803153335;-8.642377057289726;0.0;180.2998879364582
VEHICLE_UPDATES;94000000000;veh_3;41.004668386907994;-8.64225837929424;8.045939514809287;89.6021778161488
VEHICLE_UPDATES;94000000000;veh_4;41.004786591984676;-8.642376336086638;0.0;180.29988793645816
VEHICLE_UPDATES;94000000000;veh_5;41.00464059941003;-8.64244925440435;4.870394715628368;90.49095373625764
VEHICLE_UPDATES;94000000000;veh_6;41.00478688688547;-8.642414386343694;0.0;180.29993154303952
VEHICLE_UPDATES;94000000000;veh_7;41.004669354304994;-8.64244040785814;5.65663407479847;90.43494416613379
VEHICLE_UPDATES;94000000000;veh_8;41.00484544464601;-8.642413665146934;0.0;180.29993154303912
VEHICLE_UPDATES;94000000000;veh_9;41.00464237509644;-8.642600996066854;2.705420174035026;90.72339311942727
VEHICLE_UPDATES;94000000000;veh_10;41.004845152471;-8.642375614881464;0.0;180.2998879364586
VEHICLE_UPDATES;94000000000;veh_11;41.00467117020928;-8.642598115081183;3.029600603292118;90.72293676843755
VEHICLE_UPDATES;94000000000;veh_12;41.00521559241524;-8.642409106372593;5.837887970461511;180.29993154303952
VEHICLE_UPDATES;94000000000;veh_13;41.0046438489808;-8.642717364065026;0.793888483998787;90.72339311942727
VEHICLE_UPDATES;94000000000;veh_14;41.005710429050566;-8.642404424879837;5.949883665265107;180.13491255010274
VEHICLE_UPDATES;94000000000;veh_15;41.0046726060676;-8.642711534540407;4.303978782991281;90.72293676843755
VEHICLE_UPDATES;94000000000;veh_16;41.00632023885554;-8.642360650947584;6.929689568921217;180.1912402094153
VEHICLE_UPDATES;94000000000;veh_17;41.00464792492952;-8.643574090767881;8.205877649424759;89.57905898949569
VEHICLE_UPDATES;95000000000;veh_0;41.00472832945306;-8.642415107534758;0.0;180.29993154303952
VEHICLE_UPDATES;95000000000;veh_1;41.00463971382188;-8.642187093347282;7.307932197958218;89.60223657677096
VEHICLE_UPDATES;95000000000;veh_2;41.00472803153335;-8.642377057289726;0.0;180.2998879364582
VEHICLE_UPDATES;95000000000;veh_3;41.00466858678383;-8.642165675153713;7.797092271061869;89.6021778161488
VEHICLE_UPDATES;95000000000;veh_4;41.004786591984676;-8.642376336086638;0.0;180.29988793645816
VEHICLE_UPDATES;95000000000;veh_5;41.00463985819103;-8.642360355560877;7.460861579290373;90.39595623630524
VEHICLE_UPDATES;95000000000;veh_6;41.00478688688547;-8.642414386343694;0.0;180.29993154303952
VEHICLE_UPDATES;95000000000;veh_7;41.004668552152054;-8.642344452945137;8.086572815873344;90.39760485622517
VEHICLE_UPDATES;95000000000;veh_8;41.00484544464601;-8.642413665146934;0.0;180.29993154303912
VEHICLE_UPDATES;95000000000;veh_9;41.00464169715947;-8.642547473838743;4.502511427625796;90.72339311942727
VEHICLE_UPDATES;95000000000;veh_10;41.004845152471;-8.642375614881464;0.0;180.2998879364586
VEHICLE_UPDATES;95000000000;veh_11;41.00467033685464;-8.642532291857167;5.536082570297066;90.72293676843755
VEHICLE_UPDATES;95000000000;veh_12;41.00515590596988;-8.642409841480879;6.626393739516847;180.29993154303952
VEHICLE_UPDATES;95000000000;veh_13;41.004643367724725;-8.642679366301618;3.196529004082557;90.72339311942727
VEHICLE_UPDATES;95000000000;veh_14;41.00564690574237;-8.642404965730481;7.052202899991125;180.13491255010234
VEHICLE_UPDATES;95000000000;veh_15;41.00467215600564;-8.642675982881117;2.990083105485316;90.72293676843755
VEHICLE_UPDATES;95000000000;veh_16;41.00625904506529;-8.642399305093107;6.818361409695113;180.19124020941547
VEHICLE_UPDATES;95000000000;veh_17;41.00464818859668;-8.643467476418643;8.967633488903914;89.57905898949569
VEHICLE_UPDATES;96000000000;veh_0;41.00472832945306;-8.642415107534758;0.0;180.29993154303952
VEHICLE_UPDATES;96000000000;veh_1;41.004639911453175;-8.642095371178714;7.713365168826641;89.60223657677096
VEHICLE_UPDATES;96000000000;veh_2;41.00472803153335;-8.642377057289726;0.0;180.2998879364582
VEHICLE_UPDATES;96000000000;veh_3;41.00466878526541;-8.642073583432904;7.745583317895675;89.60217781615042
VEHICLE_UPDATES;96000000000;veh_4;41.004786591984676;-8.642376336086638;0.0;180.29988793645816
VEHICLE_UPDATES;96000000000;veh_5;41.004639506871435;-8.642283104317322;6.48806558830522;89.93073062060235
VEHICLE_UPDATES;96000000000;veh_6;41.00478688688547;-8.642414386343694;0.0;180.29993154303952
VEHICLE_UPDATES;96000000000;veh_7;41.00466840027342;-8.642252181374833;7.766296445532963;89.60217781614881
VEHICLE_UPDATES;96000000000;veh_8;41.00484544464601;-8.642413665146934;0.0;180.29993154303912
VEHICLE_UPDATES;96000000000;veh_9;41.00464075716928;-8.642468176478513;6.667861727373457;90.62094317648082
VEHICLE_UPDATES;96000000000;veh_10;41.004845152471;-8.642375614881464;0.0;180.2998879364586
VEHICLE_UPDATES;96000000000;veh_11;41.00466933482192;-8.642438077147725;7.931471545175072;90.41894138291036
VEHICLE_UPDATES;96000000000;veh_12;41.005103999964646;-8.642410480762559;5.762608624446206;180.29993154303952
VEHICLE_UPDATES;96000000000;veh_13;41.00464271662246;-8.642627959840322;4.324524210537561;90.72339311942727
VEHICLE_UPDATES;96000000000;veh_14;41.005592635818765;-8.642405427794712;6.024914628574216;180.13491255010234
VEHICLE_UPDATES;96000000000;veh_15;41.00467148971353;-8.64262335218438;4.426520825755201;90.72293676843755
VEHICLE_UPDATES;96000000000;veh_16;41.00619591717622;-8.642399924519413;7.008352933020555;180.19124020941547
VEHICLE_UPDATES;96000000000;veh_17;41.00464844485241;-8.64336382066363;8.718777775847514;89.57905898949569
VEHICLE_UPDATES;97000000000;veh_0;41.00472832945306;-8.642415107534758;0.0;180.29993154303952
VEHICLE_UPDATES;97000000000;veh_1;41.00464009415903;-8.642010545863819;7.133375054112622;89.60223657676934
VEHICLE_UPDATES;97000000000;veh_2;41.00472803153335;-8.642377057289726;0.0;180.2998879364582
VEHICLE_UPDATES;97000000000;veh_3;41.00466898827135;-8.641979357167545;7.925114032650622;89.6021778161488
VEHICLE_UPDATES;97000000000;veh_4;41.004786591984676;-8.642376336086638;0.0;180.29988793645816
VEHICLE_UPDATES;97000000000;veh_5;41.004639695437945;-8.642195623742564;7.356668829369571;89.60223657676934
VEHICLE_UPDATES;97000000000;veh_6;41.00478688688547;-8.642414386343694;0.0;180.29993154303952
VEHICLE_UPDATES;97000000000;veh_7;41.004668581164985;-8.642168281696655;7.056572969992438;89.60217781615042
VEHICLE_UPDATES;97000000000;veh_8;41.00484544464601;-8.642413665146934;0.0;180.29993154303912
VEHICLE_UPDATES;97000000000;veh_9;41.004640095923705;-8.642388867371324;6.656040092206258;90.39595623630524
VEHICLE_UPDATES;97000000000;veh_10;41.004845152471;-8.642375614881464;0.0;180.2998879364586
VEHICLE_UPDATES;97000000000;veh_11;41.00466850271307;-8.642338539282004;8.388525141072442;90.39760485622517
VEHICLE_UPDATES;97000000000;veh_12;41.00504995640608;-8.642411146369264;5.999919897886925;180.29993154303912
VEHICLE_UPDATES;97000000000;veh_13;41.00464172996661;-8.642550063873475;6.552931202125984;90.72339311942727
VEHICLE_UPDATES;97000000000;veh_14;41.005536135616445;-8.642405908846799;6.27251467160374;180.13491255010234
VEHICLE_UPDATES;97000000000;veh_15;41.004670522154655;-8.642546927678262;6.427706616437412;90.72293676843753
VEHICLE_UPDATES;97000000000;veh_16;41.0061393894846;-8.642400479181589;6.275609959277549;180.19124020941547
VEHICLE_UPDATES;97000000000;veh_17;41.00464831902618;-8.643256029348498;9.066599284661162;89.86833624206884
VEHICLE_REGISTRATION;97571428565;veh_18;[src.main.java.CarSendsCamAPP, src.main.java.EventProcessingApp, src.main.java.MainCarApp];Car
VEHICLE_REGISTRATION;97571428565;veh_19;[src.main.java.CarSendsCamAPP, src.main.java.EventProcessingApp, src.main.java.MainCarApp];Car_0
VEHICLE_UPDATES;98000000000;veh_0;41.00472832945306;-8.642415107534758;0.0;180.29993154303952
VEHICLE_UPDATES;98000000000;veh_1;41.00464028883345;-8.64192013197307;7.60334569309278;89.60223657677096
VEHICLE_UPDATES;98000000000;veh_2;41.00472803153335;-8.642377057289726;0.0;180.2998879364582
VEHICLE_UPDATES;98000000000;veh_3;41.00466918575392;-8.641887660280611;7.712374914019624;89.60217781614881
VEHICLE_UPDATES;98000000000;veh_4;41.004786591984676;-8.642376336086638;0.0;180.29988793645816
VEHICLE_UPDATES;98000000000;veh_5;41.004639888002906;-8.642106256396607;7.515336633527286;89.60223657676934
VEHICLE_UPDATES;98000000000;veh_6;41.00478688688547;-8.642414386343694;0.0;180.29993154303952
VEHICLE_UPDATES;98000000000;veh_7;41.0046687669334;-8.642082090576109;7.249299932760628;89.6021778161488
VEHICLE_UPDATES;98000000000;veh_8;41.00484544464601;-8.642413665146934;0.0;180.29993154303912
VEHICLE_UPDATES;98000000000;veh_9;41.00463949220794;-8.642289905776753;8.308959741437185;90.04423495676836
VEHICLE_UPDATES;98000000000;veh_10;41.004845152471;-8.642375614881464;0.0;180.2998879364586
VEHICLE_UPDATES;98000000000;veh_11;41.00466839255515;-8.642255760565163;6.96688823929115;89.6021778161488
VEHICLE_UPDATES;98000000000;veh_12;41.004991374670176;-8.642411867867091;6.50374862121977;180.29993154303952
VEHICLE_UPDATES;98000000000;veh_13;41.0046408855282;-8.642483399204153;5.608108139938135;90.72339311942727
VEHICLE_UPDATES;98000000000;veh_14;41.00547650900388;-8.64240641651639;6.619601045855844;180.13491255010234
VEHICLE_UPDATES;98000000000;veh_15;41.00466949062734;-8.642456715922739;7.591644409496019;90.54682467654294
VEHICLE_UPDATES;98000000000;veh_16;41.00608168113718;-8.64240104542728;6.406684329651521;180.19124020941547
VEHICLE_UPDATES;98000000000;veh_17;41.004648187740244;-8.643159096343727;8.153278030025934;89.86833624206884
VEHICLE_UPDATES;99000000000;veh_0;41.00472832945306;-8.642415107534758;0.0;180.29993154303952
VEHICLE_UPDATES;99000000000;veh_1;41.00464046584693;-8.641837891857797;6.9159729873333;89.60223657676934
VEHICLE_UPDATES;99000000000;veh_2;41.00472803153335;-8.642377057289726;0.0;180.2998879364582
VEHICLE_UPDATES;99000000000;veh_3;41.00466938916214;-8.641793176506487;7.946772387950936;89.6021778161488
VEHICLE_UPDATES;99000000000;veh_4;41.004786591984676;-8.642376336086638;0.0;180.29988793645816
VEHICLE_UPDATES;99000000000;veh_5;41.00464009006814;-8.642012445469238;7.889019096985736;89.60223657677096
VEHICLE_UPDATES;99000000000;veh_6;41.00478688688547;-8.642414386343694;0.0;180.29993154303952
VEHICLE_UPDATES;99000000000;veh_7;41.00466897810595;-8.641984076343876;8.243709589052456;89.60217781615042
VEHICLE_UPDATES;99000000000;veh_8;41.00484544464601;-8.642413665146934;0.0;180.29993154303912
VEHICLE_UPDATES;99000000000;veh_9;41.00463969966353;-8.64219366304513;8.093521398989163;89.60223657676934
VEHICLE_UPDATES;99000000000;veh_10;41.004845152471;-8.642375614881464;0.0;180.2998879364586
VEHICLE_UPDATES;99000000000;veh_11;41.004668587731516;-8.64216523552113;7.61381441157907;89.60217781614881
VEHICLE_UPDATES;99000000000;veh_12;41.00493911146347;-8.642412511543956;5.802264991156758;180.29993154303952
VEHICLE_UPDATES;99000000000;veh_13;41.00464018150189;-8.642399131162028;7.072286471483689;90.39595623630524
VEHICLE_UPDATES;99000000000;veh_14;41.005416165291564;-8.642406930290143;6.699211641358734;180.13491255010234
VEHICLE_UPDATES;99000000000;veh_15;41.00466878148573;-8.642371885257372;7.149079982621277;90.39760485622517
VEHICLE_UPDATES;99000000000;veh_16;41.00601640929499;-8.64240168893067;7.246372776629628;180.1949079653691
VEHICLE_UPDATES;99000000000;veh_17;41.004648061940166;-8.64306627013972;7.80784479890873;89.86833624206884
VEHICLE_UPDATES;100000000000;veh_0;41.00472832945306;-8.642415107534758;0.0;180.29993154303952
VEHICLE_UPDATES;100000000000;veh_1;41.00464064071453;-8.641756621931979;6.834385015935624;89.60223657676934
VEHICLE_UPDATES;100000000000;veh_2;41.00472803153335;-8.642377057289726;0.0;180.2998879364582
VEHICLE_UPDATES;100000000000;veh_3;41.00466959461223;-8.641697707735098;8.029617817910644;89.60217781614881
VEHICLE_UPDATES;100000000000;veh_4;41.004786591984676;-8.642376336086638;0.0;180.29988793645816
VEHICLE_UPDATES;100000000000;veh_5;41.00464027952507;-8.64192445587325;7.39947490541836;89.60223657676934
VEHICLE_UPDATES;100000000000;veh_6;41.00478688688547;-8.642414386343694;0.0;180.29993154303952
VEHICLE_UPDATES;100000000000;veh_7;41.0046691856481;-8.641887709427689;8.105158329941773;89.6021778161488
VEHICLE_UPDATES;100000000000;veh_8;41.00484544464601;-8.642413665146934;0.0;180.29993154303912
VEHICLE_UPDATES;100000000000;veh_9;41.00463990170568;-8.642099895857605;7.885340801795315;89.60223657676934
VEHICLE_UPDATES;100000000000;veh_10;41.004845152471;-8.642375614881464;0.0;180.2998879364586
VEHICLE_UPDATES;100000000000;veh_11;41.004668795921845;-8.642068638083463;8.124546866566815;89.6021778161488
VEHICLE_UPDATES;100000000000;veh_12;41.00490561339787;-8.642412924107497;3.718957637732301;180.29993154303952
VEHICLE_UPDATES;100000000000;veh_13;41.00463946357297;-8.642303187175468;8.053453706267144;90.26568212948828
VEHICLE_UPDATES;100000000000;veh_14;41.005363335789625;-8.642407380085888;5.865002288440765;180.13491255010234
VEHICLE_UPDATES;100000000000;veh_15;41.00466833900014;-8.642280594233776;7.688418700929413;89.88720268870514
VEHICLE_UPDATES;100000000000;veh_16;41.00594995603694;-8.642402385483978;7.377558416954466;180.2192956647841
VEHICLE_UPDATES;100000000000;veh_17;41.00464698197109;-8.642964754741481;8.53968285770544;90.72339311942727
VEHICLE_UPDATES;100000000000;veh_18;41.00656395438275;-8.642358263035218;7.356843621989864;180.14766920786036
VEHICLE_UPDATES;100000000000;veh_19;41.00467850163133;-8.64399062034535;7.503625267891326;90.16591395568992
VEHICLE_UPDATES;101000000000;veh_0;41.00472832945306;-8.642415107534758;0.0;180.29993154303952
VEHICLE_UPDATES;101000000000;veh_1;41.004640812377005;-8.641676815676941;6.711297789243036;89.60223657676934
VEHICLE_UPDATES;101000000000;veh_2;41.00472803153335;-8.642377057289726;0.0;180.2998879364582
VEHICLE_UPDATES;101000000000;veh_3;41.00466981831483;-8.641593715564422;8.746497668303805;89.6021778161488
VEHICLE_UPDATES;101000000000;veh_4;41.004786591984676;-8.642376336086638;0.0;180.29988793645816
VEHICLE_UPDATES;101000000000;veh_5;41.004640461750874;-8.641839795185447;7.119530754578358;89.60223657676934
VEHICLE_UPDATES;101000000000;veh_6;41.00478688688547;-8.642414386343694;0.0;180.29993154303952
VEHICLE_UPDATES;101000000000;veh_7;41.004669374226125;-8.641800115556821;7.367281428236024;89.6021778161488
VEHICLE_UPDATES;101000000000;veh_8;41.00484544464601;-8.642413665146934;0.0;180.29993154303912
VEHICLE_UPDATES;101000000000;veh_9;41.00464010169523;-8.642007046390088;7.808165241794335;89.60223657676934
VEHICLE_UPDATES;101000000000;veh_10;41.004845152471;-8.642375614881464;0.0;180.2998879364586
VEHICLE_UPDATES;101000000000;veh_11;41.00466898722983;-8.641979840684392;7.46850690474101;89.6021778161488
VEHICLE_UPDATES;101000000000;veh_12;41.0049046945318;-8.64241293542428;0.102012576245065;180.29993154303952
VEHICLE_UPDATES;101000000000;veh_13;41.004639666218736;-8.642209181260199;7.905416586382167;89.60223657676934
VEHICLE_UPDATES;101000000000;veh_14;41.005309307037635;-8.642407952164092;5.998214405988866;180.26991646972792
VEHICLE_UPDATES;101000000000;veh_15;41.00466852948432;-8.642192254697825;7.429997291659618;89.60217781614881
VEHICLE_UPDATES;101000000000;veh_16;41.00589021808004;-8.642402894110653;6.631962704204247;180.13491255010234
VEHICLE_UPDATES;101000000000;veh_17;41.00464576561038;-8.642868702127657;8.080342331565145;90.72339311942727
VEHICLE_UPDATES;101000000000;veh_18;41.00649796857535;-8.642358906904667;7.325287265850382;180.19124020941572
VEHICLE_UPDATES;101000000000;veh_19;41.004677974488644;-8.643890832464203;8.391721090798379;90.16591395568828
VEHICLE_UPDATES;102000000000;veh_0;41.00472832945306;-8.642415107534758;0.0;180.29993154303952
VEHICLE_UPDATES;102000000000;veh_1;41.00464101026928;-8.641584783241914;7.739456980120377;89.60223657676934
VEHICLE_UPDATES;102000000000;veh_2;41.00472803153335;-8.642377057289726;0.0;180.2998879364582
VEHICLE_UPDATES;102000000000;veh_3;41.00466995600796;-8.641529684738988;5.385457978297952;89.6021778161488
VEHICLE_UPDATES;102000000000;veh_4;41.004786591984676;-8.642376336086638;0.0;180.29988793645816
VEHICLE_UPDATES;102000000000;veh_5;41.004640614748155;-8.641768691517239;5.979454757493943;89.60223657677096
VEHICLE_UPDATES;102000000000;veh_6;41.00478688688547;-8.642414386343694;0.0;180.29993154303952
VEHICLE_UPDATES;102000000000;veh_7;41.004669575148576;-8.641706753706423;7.852410443546692;89.60217781615042
VEHICLE_UPDATES;102000000000;veh_8;41.00484544464601;-8.642413665146934;0.0;180.29993154303912
VEHICLE_UPDATES;102000000000;veh_9;41.004640286870874;-8.641921043632681;7.232391944281587;89.60223657676934
VEHICLE_UPDATES;102000000000;veh_10;41.004845152471;-8.642375614881464;0.0;180.2998879364586
VEHICLE_UPDATES;102000000000;veh_11;41.00466916327601;-8.641898099134997;6.875058642357438;89.60217781615044
VEHICLE_UPDATES;102000000000;veh_12;41.00490424122736;-8.642412941007192;0.050325891825049;180.29993154303952
VEHICLE_UPDATES;102000000000;veh_13;41.00463987344816;-8.642113012217873;8.087324504081012;89.60223657677096
VEHICLE_UPDATES;102000000000;veh_14;41.005252264608046;-8.642408654710854;6.332855011829698;180.29993154303912
VEHICLE_UPDATES;102000000000;veh_15;41.00466871767775;-8.642104946667775;7.343240143416131;89.60217781615044
VEHICLE_UPDATES;102000000000;veh_16;41.00582705203092;-8.642403431923695;7.012541090312639;180.13491255010234
VEHICLE_UPDATES;102000000000;veh_17;41.00464443428017;-8.64276357794065;8.843480906369326;90.72339311942727
VEHICLE_UPDATES;102000000000;veh_18;41.00643053260905;-8.642359568648175;7.486275982398691;180.1912402094153
VEHICLE_UPDATES;102000000000;veh_19;41.004677473614784;-8.643796032406934;7.972267253471651;90.16591395568992
VEHICLE_UPDATES;103000000000;veh_0;41.00472832945306;-8.642415107534758;0.0;180.29993154303952
VEHICLE_UPDATES;103000000000;veh_1;41.00464113862004;-8.641525073735163;5.021264063797466;89.60223657677096
VEHICLE_UPDATES;103000000000;veh_2;41.00472803153335;-8.642377057289726;0.0;180.2998879364582
VEHICLE_UPDATES;103000000000;veh_3;41.004669827389144;-8.641436855936924;7.798787118837232;89.96029399144821
VEHICLE_UPDATES;103000000000;veh_4;41.004786591984676;-8.642376336086638;0.0;180.29988793645816
VEHICLE_UPDATES;103000000000;veh_5;41.004640802312394;-8.641681495448653;7.332743305371149;89.60223657677096
VEHICLE_UPDATES;103000000000;veh_6;41.00478688688547;-8.642414386343694;0.0;180.29993154303952
VEHICLE_UPDATES;103000000000;veh_7;41.00466971865059;-8.641640051664943;5.610126671161262;89.60217781614881
VEHICLE_UPDATES;103000000000;veh_8;41.00484544464601;-8.642413665146934;0.0;180.29993154303912
VEHICLE_UPDATES;103000000000;veh_9;41.004640425028725;-8.641856858333432;5.397655321129039;89.60223657676934
VEHICLE_UPDATES;103000000000;veh_10;41.004845152471;-8.642375614881464;0.0;180.2998879364586
VEHICLE_UPDATES;103000000000;veh_11;41.00466938529623;-8.641794972562908;8.673694538221376;89.6021778161488
VEHICLE_UPDATES;103000000000;veh_12;41.00490406051712;-8.642412943232827;0.020062463111419;180.29993154303952
VEHICLE_UPDATES;103000000000;veh_13;41.00464006760792;-8.64202287462043;7.580110841609391;89.60223657676934
VEHICLE_UPDATES;103000000000;veh_14;41.00519410491712;-8.642409371016427;6.456893386602924;180.29993154303952
VEHICLE_UPDATES;103000000000;veh_15;41.00466889057839;-8.64202470633227;6.748795641480627;89.6021778161488
VEHICLE_UPDATES;103000000000;veh_16;41.00576201545671;-8.64240398566137;7.22020215174392;180.13491255010234
VEHICLE_UPDATES;103000000000;veh_17;41.00464317970938;-8.642664521744711;8.333016808111381;90.72339311942727
VEHICLE_UPDATES;103000000000;veh_18;41.00636396896921;-8.6423602218298;7.389436227672885;180.1912402094153
VEHICLE_UPDATES;103000000000;veh_19;41.004676958870334;-8.643702126656;7.897077616917082;90.1953591429338
VEHICLE_UPDATES;104000000000;veh_0;41.00472832945306;-8.642415107534758;0.0;180.29993154303952
VEHICLE_UPDATES;104000000000;veh_1;41.00464102343017;-8.641445488531845;6.699907550585963;89.96018362036888
VEHICLE_UPDATES;104000000000;veh_2;41.00472803153335;-8.642377057289726;0.0;180.2998879364582
VEHICLE_UPDATES;104000000000;veh_3;41.004669563781185;-8.641334921637789;8.560488112830813;89.96029399144659
VEHICLE_UPDATES;104000000000;veh_4;41.004786591984676;-8.642376336086638;0.0;180.29988793645816
VEHICLE_UPDATES;104000000000;veh_5;41.00464094852373;-8.641613502502542;5.717858940141329;89.60223657676934
VEHICLE_UPDATES;104000000000;veh_6;41.00478688688547;-8.642414386343694;0.0;180.29993154303952
VEHICLE_UPDATES;104000000000;veh_7;41.00466990625882;-8.641552821266655;7.336710736708596;89.6021778161488
VEHICLE_UPDATES;104000000000;veh_8;41.00484544464601;-8.642413665146934;0.0;180.29993154303912
VEHICLE_UPDATES;104000000000;veh_9;41.00464062313334;-8.641764794015948;7.74213813527552;89.60223657676934
VEHICLE_UPDATES;104000000000;veh_10;41.004845152471;-8.642375614881464;0.0;180.2998879364586
VEHICLE_UPDATES;104000000000;veh_11;41.004669521354586;-8.641731753390022;5.317192100345001;89.60217781615042
VEHICLE_UPDATES;104000000000;veh_12;41.00490401041155;-8.642412943849928;0.005562723936264;180.29993154303952
VEHICLE_UPDATES;104000000000;veh_13;41.00464020156144;-8.641960668346046;5.231229455283158;89.60223657676934
VEHICLE_UPDATES;104000000000;veh_14;41.00514173506604;-8.642410016011857;5.814104864168503;180.29993154303952
VEHICLE_UPDATES;104000000000;veh_15;41.004669077837235;-8.641937773326877;7.311697839490751;89.60217781614881
VEHICLE_UPDATES;104000000000;veh_16;41.005702615990124;-8.642404491401937;6.594384114711771;180.13491255010234
VEHICLE_UPDATES;104000000000;veh_17;41.004641977064686;-8.642569571749299;7.987586585026395;90.72339311942727
VEHICLE_UPDATES;104000000000;veh_18;41.00630083457676;-8.642360841358938;7.008744752205128;180.19124020941572
VEHICLE_UPDATES;104000000000;veh_19;41.00467667611869;-8.643604132305494;8.240932627542058;89.60986836425651
VEHICLE_UPDATES;105000000000;veh_0;41.00472832945306;-8.642415107534758;0.0;180.29993154303952
VEHICLE_UPDATES;105000000000;veh_1;41.00464079556823;-8.641357322454526;7.424811425482841;89.96018362036725
VEHICLE_UPDATES;105000000000;veh_2;41.00472803153335;-8.642377057289726;0.0;180.2998879364582
VEHICLE_UPDATES;105000000000;veh_3;41.00466913519653;-8.641240602054197;7.93204461757678;90.10884960452657
VEHICLE_UPDATES;105000000000;veh_4;41.004786591984676;-8.642376336086638;0.0;180.29988793645816
VEHICLE_UPDATES;105000000000;veh_5;41.004641106878644;-8.641539841348935;6.194526192702381;89.60223657676934
VEHICLE_UPDATES;105000000000;veh_6;41.00478688688547;-8.642414386343694;0.0;180.29993154303952
VEHICLE_UPDATES;105000000000;veh_7;41.00466989388001;-8.641462572735632;7.585029059742087;89.92997893381516
VEHICLE_UPDATES;105000000000;veh_8;41.00484544464601;-8.642413665146934;0.0;180.29993154303912
VEHICLE_UPDATES;105000000000;veh_9;41.00464076364488;-8.641699473963934;5.493082221258339;89.60223657676934
VEHICLE_UPDATES;105000000000;veh_10;41.004845152471;-8.642375614881464;0.0;180.2998879364586
VEHICLE_UPDATES;105000000000;veh_11;41.00466971225846;-8.641643023210774;7.462853221998395;89.60217781614881
VEHICLE_UPDATES;105000000000;veh_12;41.00490400303532;-8.642412943940775;0.000818908890259;180.29993154303952
VEHICLE_UPDATES;105000000000;veh_13;41.00464039640451;-8.641870157917738;7.611464006829321;89.60223657676934
VEHICLE_UPDATES;105000000000;veh_14;41.005082109241805;-8.642410750371399;6.619663492641003;180.29993154303952
VEHICLE_UPDATES;105000000000;veh_15;41.004669253971635;-8.641855976940652;6.879670817648674;89.6021778161488
VEHICLE_UPDATES;105000000000;veh_16;41.005635548391126;-8.642405062429173;7.445681417931096;180.13491255010234
VEHICLE_UPDATES;105000000000;veh_17;41.00464119544387;-8.642507865319194;5.191000466816323;90.72339311942727
VEHICLE_UPDATES;105000000000;veh_18;41.00623860440205;-8.642399505662077;6.933520578973146;180.19124020941547
VEHICLE_UPDATES;105000000000;veh_19;41.00467689588645;-8.64351536237603;7.465018611199335;89.57888711287109
VEHICLE_UPDATES;106000000000;veh_0;41.00472832945306;-8.642415107534758;0.0;180.29993154303952
VEHICLE_UPDATES;106000000000;veh_1;41.00464041923077;-8.641264922441964;7.773261142362827;90.1088496045282
VEHICLE_UPDATES;106000000000;veh_2;41.00472803153335;-8.642377057289726;0.0;180.2998879364582
VEHICLE_UPDATES;106000000000;veh_3;41.00466866107993;-8.6411364460469;8.759308418656023;90.10884960452657
VEHICLE_UPDATES;106000000000;veh_4;41.004786591984676;-8.642376336086638;0.0;180.29988793645816
VEHICLE_UPDATES;106000000000;veh_5;41.00464105036293;-8.641455911280291;7.064047772461548;89.96018362036888
VEHICLE_UPDATES;106000000000;veh_6;41.00478688688547;-8.642414386343694;0.0;180.29993154303952
VEHICLE_UPDATES;106000000000;veh_7;41.004669665065535;-8.641374083063212;7.431402303488435;89.96029399144659
VEHICLE_UPDATES;106000000000;veh_8;41.00484544464601;-8.642413665146934;0.0;180.29993154303912
VEHICLE_UPDATES;106000000000;veh_9;41.004640902529474;-8.641634893313629;5.430902319289699;89.60223657676934
VEHICLE_UPDATES;106000000000;veh_10;41.004845152471;-8.642375614881464;0.0;180.2998879364586
VEHICLE_UPDATES;106000000000;veh_11;41.00466989643577;-8.641557389362113;7.202429304783232;89.6021778161488
VEHICLE_UPDATES;106000000000;veh_12;41.00490400185679;-8.64241294395529;0.000130840959366;180.29993154303912
VEHICLE_UPDATES;106000000000;veh_13;41.004640563047694;-8.641792720973061;6.512050910478037;89.60223657676934
VEHICLE_UPDATES;106000000000;veh_14;41.005022092011906;-8.642411489549808;6.663117306008526;180.29993154303952
VEHICLE_UPDATES;106000000000;veh_15;41.00466945327476;-8.641763388533446;7.787358248593899;89.6021778161488
VEHICLE_UPDATES;106000000000;veh_16;41.0055748815572;-8.642405578957563;6.735084000520633;180.13491255010234
VEHICLE_UPDATES;106000000000;veh_17;41.00464105382023;-8.642496684871395;0.94054558965439;90.72339311942727
VEHICLE_UPDATES;106000000000;veh_18;41.006168299625436;-8.642400195509074;7.80511898478322;180.19124020941587
VEHICLE_UPDATES;106000000000;veh_19;41.00467711785193;-8.643425676673136;7.542029655150251;89.57888711287109
VEHICLE_UPDATES;107000000000;veh_0;41.00472832945306;-8.642415107534758;0.0;180.29993154303952
VEHICLE_UPDATES;107000000000;veh_1;41.004639997270964;-8.641172219160689;7.796160799175487;90.10884960452657
VEHICLE_UPDATES;107000000000;veh_2;41.00472803153335;-8.642377057289726;0.0;180.2998879364582
VEHICLE_UPDATES;107000000000;veh_3;41.00466820202092;-8.64103561764786;8.479463504581968;90.10884960452657
VEHICLE_UPDATES;107000000000;veh_4;41.004786591984676;-8.642376336086638;0.0;180.29988793645816
VEHICLE_UPDATES;107000000000;veh_5;41.00464081549507;-8.641365031658992;7.653329605134198;89.96018362036888
VEHICLE_UPDATES;107000000000;veh_6;41.00478688688547;-8.642414386343694;0.0;180.29993154303952
VEHICLE_UPDATES;107000000000;veh_7;41.00466929365239;-8.641275416940363;8.292977593327382;90.10884960452657
VEHICLE_UPDATES;107000000000;veh_8;41.00484544464601;-8.642413665146934;0.0;180.29993154303912
VEHICLE_UPDATES;107000000000;veh_9;41.00464109377642;-8.641545936878165;7.480781151845096;89.60223657676934
VEHICLE_UPDATES;107000000000;veh_10;41.004845152471;-8.642375614881464;0.0;180.2998879364586
VEHICLE_UPDATES;107000000000;veh_11;41.004669920661556;-8.641472931704648;7.099288252290599;89.85216523249673
VEHICLE_UPDATES;107000000000;veh_12;41.00490400185679;-8.64241294395529;0.0;180.29993154303912
VEHICLE_UPDATES;107000000000;veh_13;41.004640715227836;-8.641721983691971;5.948643474430568;89.60223657676934
VEHICLE_UPDATES;107000000000;veh_14;41.004980433761816;-8.642373948810297;4.593162918402614;180.29988793645816
VEHICLE_UPDATES;107000000000;veh_15;41.00466963791417;-8.641677581455616;7.21699913992701;89.60217781615042
VEHICLE_UPDATES;107000000000;veh_16;41.00551666172252;-8.642406074650488;6.463424043508471;180.13491255010234
VEHICLE_UPDATES;107000000000;veh_17;41.00464104113995;-8.642495683833323;0.084211470080556;90.7233931194289
VEHICLE_UPDATES;107000000000;veh_18;41.006099394557836;-8.642400871619845;7.649725530513713;180.19124020941587
VEHICLE_UPDATES;107000000000;veh_19;41.004677246485365;-8.643330861359436;7.973390458997452;89.74735599192398
VEHICLE_REGISTRATION;107857142850;veh_20;[src.main.java.CarSendsCamAPP, src.main.java.EventProcessingApp, src.main.java.MainCarApp];Car
VEHICLE_REGISTRATION;107857142850;veh_21;[src.main.java.CarSendsCamAPP, src.main.java.EventProcessingApp, src.main.java.MainCarApp];Car_0
VEHICLE_UPDATES;108000000000;veh_0;41.00472832945306;-8.642415107534758;0.0;180.29993154303952
VEHICLE_UPDATES;108000000000;veh_1;41.00463959419306;-8.64108367946687;7.446011544697905;90.10884960452657
VEHICLE_UPDATES;108000000000;veh_2;41.00472803153335;-8.642377057289726;0.0;180.2998879364582
VEHICLE_UPDATES;108000000000;veh_3;41.004667772770006;-8.640941353868085;7.927392516868444;90.1088496045282
VEHICLE_UPDATES;108000000000;veh_4;41.004786591984676;-8.642376336086638;0.0;180.29988793645816
VEHICLE_UPDATES;108000000000;veh_5;41.00464044440032;-8.641270452632835;7.957405510693314;90.10884960452657
VEHICLE_UPDATES;108000000000;veh_6;41.00478688688547;-8.642414386343694;0.0;180.29993154303952
VEHICLE_UPDATES;108000000000;veh_7;41.0046688407617;-8.64117591689071;8.36775178636934;90.10884960452657
VEHICLE_UPDATES;108000000000;veh_8;41.00484544464601;-8.642413665146934;0.0;180.29993154303912
VEHICLE_UPDATES;108000000000;veh_9;41.00464103793864;-8.641451103140922;7.981562883262961;89.96018362036725
VEHICLE_UPDATES;108000000000;veh_10;41.004845152471;-8.642375614881464;0.0;180.2998879364586
VEHICLE_UPDATES;108000000000;veh_11;41.00466965291395;-8.64136938439746;8.695949208563125;89.96029399144821
VEHICLE_UPDATES;108000000000;veh_12;41.00490400185679;-8.64241294395529;0.0;180.29993154303912
VEHICLE_UPDATES;108000000000;veh_13;41.00464090619148;-8.64163319026916;7.46707262333239;89.60223657676934
VEHICLE_UPDATES;108000000000;veh_14;41.004930062453646;-8.642374569164549;5.591962694840549;180.29988793645816
VEHICLE_UPDATES;108000000000;veh_15;41.00466981204096;-8.641596632681335;6.808380485569741;89.6021778161488
VEHICLE_UPDATES;108000000000;veh_16;41.00544978864614;-8.642406644016953;7.424085747927652;180.13491255010274
VEHICLE_UPDATES;108000000000;veh_17;41.00464103225121;-8.642494982116343;0.059031339743831;90.72339311942727
VEHICLE_UPDATES;108000000000;veh_18;41.006030443414204;-8.64240154818079;7.654840723805281;180.19124020941547
VEHICLE_UPDATES;108000000000;veh_19;41.004677123668166;-8.643240225085068;7.621938599141428;89.86843701764728
VEHICLE_UPDATES;109000000000;veh_0;41.00472832945306;-8.642415107534758;0.0;180.29993154303952
VEHICLE_UPDATES;109000000000;veh_1;41.004639174897115;-8.640991593185344;7.744272632970461;90.10884960452657
VEHICLE_UPDATES;109000000000;veh_2;41.00472803153335;-8.642377057289726;0.0;180.2998879364582
VEHICLE_UPDATES;109000000000;veh_3;41.00466730109242;-8.640837792678317;8.709285995179112;90.10884960452657
VEHICLE_UPDATES;109000000000;veh_4;41.004786591984676;-8.642376336086638;0.0;180.29988793645816
VEHICLE_UPDATES;109000000000;veh_5;41.004640017434106;-8.641176648569157;7.888734392618513;90.10884960452657
VEHICLE_UPDATES;109000000000;veh_6;41.00478688688547;-8.642414386343694;0.0;180.29993154303952
VEHICLE_UPDATES;109000000000;veh_7;41.00466844060351;-8.641088017862447;7.392129623122023;90.10884960452657
VEHICLE_UPDATES;109000000000;veh_8;41.00484544464601;-8.642413665146934;0.0;180.29993154303912
VEHICLE_UPDATES;109000000000;veh_9;41.00464081355998;-8.641364283012976;7.311463739361815;89.96018362036888
VEHICLE_UPDATES;109000000000;veh_10;41.004845152471;-8.642375614881464;0.0;180.2998879364586
VEHICLE_UPDATES;109000000000;veh_11;41.00466923984151;-8.641263593707531;8.892691360779823;90.10884960452657
VEHICLE_UPDATES;109000000000;veh_12;41.00490400185679;-8.64241294395529;0.0;180.29993154303912
VEHICLE_UPDATES;109000000000;veh_13;41.004641088041694;-8.641548604780814;7.113206859464471;89.60223657676934
VEHICLE_UPDATES;109000000000;veh_14;41.00491306676046;-8.642374778476894;1.886774141781995;180.29988793645816
VEHICLE_UPDATES;109000000000;veh_15;41.004669957227804;-8.641529117404438;5.678525681095699;89.6021778161488
VEHICLE_UPDATES;109000000000;veh_16;41.00538569818709;-8.64240718969029;7.115166281058678;180.13491255010234
VEHICLE_UPDATES;109000000000;veh_17;41.00464103210955;-8.642494970933644;0.000940735093817;90.72339311942727
VEHICLE_UPDATES;109000000000;veh_18;41.00596059680226;-8.642402275488333;7.754281184503959;180.2215031987318
VEHICLE_UPDATES;109000000000;veh_19;41.00467699130335;-8.643142601713441;8.209509457492382;89.86843701764728
VEHICLE_UPDATES;110000000000;veh_0;41.00472832945306;-8.642415107534758;0.0;180.29993154303952
VEHICLE_UPDATES;110000000000;veh_1;41.00463880396492;-8.640910142075569;6.849876016824493;90.10884960452657
VEHICLE_UPDATES;110000000000;veh_2;41.00472803153335;-8.642377057289726;0.0;180.2998879364582
VEHICLE_UPDATES;110000000000;veh_3;41.00463806426901;-8.64073572935384;8.606449894096027;90.06674369432656
VEHICLE_UPDATES;110000000000;veh_4;41.004786591984676;-8.642376336086638;0.0;180.29988793645816
VEHICLE_UPDATES;110000000000;veh_5;41.0046395711522;-8.641078618787235;8.244109014822504;90.10884960452657
VEHICLE_UPDATES;110000000000;veh_6;41.00478688688547;-8.642414386343694;0.0;180.29993154303952
VEHICLE_UPDATES;110000000000;veh_7;41.004668003219955;-8.640991958722203;8.078378604259782;90.10884960452657
VEHICLE_UPDATES;110000000000;veh_8;41.00484544464601;-8.642413665146934;0.0;180.29993154303912
VEHICLE_UPDATES;110000000000;veh_9;41.00464043709212;-8.641268846887467;8.029399067846219;90.10884960452657
VEHICLE_UPDATES;110000000000;veh_10;41.004845152471;-8.642375614881464;0.0;180.2998879364586
VEHICLE_UPDATES;110000000000;veh_11;41.004668816286966;-8.64117054032904;7.825599867925519;90.10884960452657
VEHICLE_UPDATES;110000000000;veh_12;41.00490400185679;-8.64241294395529;0.0;180.29993154303912
VEHICLE_UPDATES;110000000000;veh_13;41.004641042774786;-8.641452974694754;8.048308955011716;89.96018362036888
VEHICLE_UPDATES;110000000000;veh_14;41.004903865306545;-8.642374891798362;1.021497922415719;180.29988793645856
VEHICLE_UPDATES;110000000000;veh_15;41.004669847688994;-8.641444707113216;7.091724860725606;89.96029399144821
VEHICLE_UPDATES;110000000000;veh_16;41.00531885698481;-8.642407834544747;7.420597262016722;180.22617668932085
VEHICLE_UPDATES;110000000000;veh_17;41.00464103204156;-8.642494965566323;0.000451521207116;90.72339311942727
VEHICLE_UPDATES;110000000000;veh_18;41.005890337397275;-8.642402893094753;7.800040045271778;180.13491255010234
VEHICLE_UPDATES;110000000000;veh_19;41.00467687066253;-8.643053678245211;7.477902558313795;89.86843701764728
VEHICLE_UPDATES;110000000000;veh_20;41.006561159697384;-8.642358287653721;7.667088663859285;180.14766920786036
VEHICLE_UPDATES;110000000000;veh_21;41.004649578246756;-8.643972347908127;9.065327160017565;90.16591395568926
VEHICLE_UPDATES;111000000000;veh_0;41.00472832945306;-8.642415107534758;0.0;180.29993154303952
VEHICLE_UPDATES;111000000000;veh_1;41.00463841569577;-8.64082361243602;7.276966704036096;90.09954132628972
VEHICLE_UPDATES;111000000000;veh_2;41.00472803153335;-8.642377057289726;0.0;180.2998879364582
VEHICLE_UPDATES;111000000000;veh_3;41.00463767791194;-8.640639130405122;8.123745790730485;90.06674369432656
VEHICLE_UPDATES;111000000000;veh_4;41.004786591984676;-8.642376336086638;0.0;180.29988793645816
VEHICLE_UPDATES;111000000000;veh_5;41.004639221949276;-8.641001926035733;6.449707453050347;90.1088496045282
VEHICLE_UPDATES;111000000000;veh_6;41.00478688688547;-8.642414386343694;0.0;180.29993154303952
VEHICLE_UPDATES;111000000000;veh_7;41.00466757700675;-8.640898369748939;7.870642727334493;90.10884960452657
VEHICLE_UPDATES;111000000000;veh_8;41.00484544464601;-8.642413665146934;0.0;180.29993154303912
VEHICLE_UPDATES;111000000000;veh_9;41.00463999477134;-8.641171670048776;8.172378040082199;90.10884960452657
VEHICLE_UPDATES;111000000000;veh_10;41.004845152471;-8.642375614881464;0.0;180.2998879364586
VEHICLE_UPDATES;111000000000;veh_11;41.00466837307399;-8.641073185733504;8.187323629276818;90.10884960452657
VEHICLE_UPDATES;111000000000;veh_12;41.00490400185679;-8.64241294395529;0.0;180.29993154303912
VEHICLE_UPDATES;111000000000;veh_13;41.00464079176026;-8.641355849267654;8.179313432743626;89.96018362036888
VEHICLE_UPDATES;111000000000;veh_14;41.00490373442193;-8.642374893410283;0.014530134192304;180.2998879364582
VEHICLE_UPDATES;111000000000;veh_15;41.004669631821606;-8.641361228783017;7.010547555644679;89.96029399144821
VEHICLE_UPDATES;111000000000;veh_16;41.005260310334634;-8.64240855561806;6.499853710585499;180.29993154303952
VEHICLE_UPDATES;111000000000;veh_17;41.00464103204156;-8.642494965566323;0.0;90.72339311942727
VEHICLE_UPDATES;111000000000;veh_18;41.005824578655044;-8.642403452982665;7.300375570248033;180.13491255010234
VEHICLE_UPDATES;111000000000;veh_19;41.00467571261294;-8.642956952930424;8.135042924883889;90.72293676843755
VEHICLE_UPDATES;111000000000;veh_20;41.00649347813917;-8.642358950969;7.513539488987989;180.1912402094153
VEHICLE_UPDATES;111000000000;veh_21;41.00464899809977;-8.643862530544812;9.237223009256647;90.16591395568926
VEHICLE_UPDATES;112000000000;veh_0;41.00472832945306;-8.642415107534758;0.0;180.29993154303952
VEHICLE_UPDATES;112000000000;veh_1;41.00463804611285;-8.640731189405193;7.772560728810714;90.0667436943282
VEHICLE_UPDATES;112000000000;veh_2;41.00472803153335;-8.642377057289726;0.0;180.2998879364582
VEHICLE_UPDATES;112000000000;veh_3;41.004637307998195;-8.64054666166309;7.776405197499575;90.06674369432656
VEHICLE_UPDATES;112000000000;veh_4;41.004786591984676;-8.642376336086638;0.0;180.29988793645816
VEHICLE_UPDATES;112000000000;veh_5;41.00463880620342;-8.640910633579637;7.67751362246166;90.10884960452657
VEHICLE_UPDATES;112000000000;veh_6;41.00478688688547;-8.642414386343694;0.0;180.29993154303952
VEHICLE_UPDATES;112000000000;veh_7;41.00466717106883;-8.640805822754357;7.783004799834893;90.08403679505773
VEHICLE_UPDATES;112000000000;veh_8;41.00484544464601;-8.642413665146934;0.0;180.29993154303912
VEHICLE_UPDATES;112000000000;veh_9;41.004639640714956;-8.641093897659603;6.540502706875875;90.10884960452657
VEHICLE_UPDATES;112000000000;veh_10;41.004845152471;-8.642375614881464;0.0;180.2998879364586
VEHICLE_UPDATES;112000000000;veh_11;41.00466800281844;-8.640991870549625;6.838441828255757;90.10884960452657
VEHICLE_UPDATES;112000000000;veh_12;41.00490400185679;-8.64241294395529;0.0;180.29993154303912
VEHICLE_UPDATES;112000000000;veh_13;41.004640403033065;-8.64126136355393;7.948493665658722;90.1088496045282
VEHICLE_UPDATES;112000000000;veh_14;41.00490371386668;-8.642374893663435;0.002281938494215;180.29988793645816
VEHICLE_UPDATES;112000000000;veh_15;41.00466931358914;-8.641279797477717;6.845075103139187;90.1088496045282
VEHICLE_UPDATES;112000000000;veh_16;41.00519629596293;-8.642409344031128;7.10688050648872;180.29993154303952
VEHICLE_UPDATES;112000000000;veh_17;41.00464103204156;-8.642494965566323;0.0;90.72339311942727
VEHICLE_UPDATES;112000000000;veh_18;41.00576157516806;-8.64240398941009;6.994493755845504;180.13491255010234
VEHICLE_UPDATES;112000000000;veh_19;41.004674613846284;-8.642870145180675;7.300991451887527;90.72293676843753
VEHICLE_UPDATES;112000000000;veh_20;41.00641915055673;-8.642359680339123;8.251335674153633;180.1912402094153
VEHICLE_UPDATES;112000000000;veh_21;41.00464845112759;-8.643759011056126;8.707481190123596;90.16591395569088
VEHICLE_UPDATES;113000000000;veh_0;41.00472832945306;-8.642415107534758;0.0;180.29993154303952
VEHICLE_UPDATES;113000000000;veh_1;41.00463773426014;-8.640653217610279;6.557245690332712;90.06674369432656
VEHICLE_UPDATES;113000000000;veh_2;41.00472803153335;-8.642377057289726;0.0;180.2998879364582
VEHICLE_UPDATES;113000000000;veh_3;41.00463693963377;-8.640454598628645;7.742286268203775;90.06674369432656
VEHICLE_UPDATES;113000000000;veh_4;41.004786591984676;-8.642376336086638;0.0;180.29988793645816
VEHICLE_UPDATES;113000000000;veh_5;41.004638389595755;-8.64081708489551;7.867252102515573;90.09376280699838
VEHICLE_UPDATES;113000000000;veh_6;41.00478688688547;-8.642414386343694;0.0;180.29993154303952
VEHICLE_UPDATES;113000000000;veh_7;41.00466679459861;-8.640711681206803;7.917080543470078;90.06674369432656
VEHICLE_UPDATES;113000000000;veh_8;41.00484544464601;-8.642413665146934;0.0;180.29993154303912
VEHICLE_UPDATES;113000000000;veh_9;41.00463923717531;-8.64100526977787;7.453428089472853;90.10884960452657
VEHICLE_UPDATES;113000000000;veh_10;41.004845152471;-8.642375614881464;0.0;180.2998879364586
VEHICLE_UPDATES;113000000000;veh_11;41.004667562221904;-8.640895123555024;8.136225915741969;90.10884960452657
VEHICLE_UPDATES;113000000000;veh_12;41.00490400185679;-8.64241294395529;0.0;180.29993154303912
VEHICLE_UPDATES;113000000000;veh_13;41.00464007711196;-8.64118975872545;6.021823050558142;90.1088496045282
VEHICLE_UPDATES;113000000000;veh_14;41.00490371221104;-8.642374893683824;0.000183800741039;180.2998879364582
VEHICLE_UPDATES;113000000000;veh_15;41.004668894749585;-8.641187777031341;7.738732352048772;90.10884960452657
VEHICLE_UPDATES;113000000000;veh_16;41.005139031135585;-8.642410049313861;6.357545502169282;180.29993154303912
VEHICLE_UPDATES;113000000000;veh_17;41.00464103204156;-8.642494965566323;0.0;90.72339311942727
VEHICLE_UPDATES;113000000000;veh_18;41.005691487600025;-8.64240458615144;7.780951100362616;180.13491255010234
VEHICLE_UPDATES;113000000000;veh_19;41.00467351555324;-8.642783380013501;7.297410313559809;90.72293676843755
VEHICLE_UPDATES;113000000000;veh_20;41.0063449220694;-8.64236040873459;8.240334712832228;180.19124020941572
VEHICLE_UPDATES;113000000000;veh_21;41.00464778034181;-8.643655606150944;8.697960181258619;90.33703010985688
VEHICLE_UPDATES;114000000000;veh_0;41.00472832945306;-8.642415107534758;0.0;180.29993154303952
VEHICLE_UPDATES;114000000000;veh_1;41.004637387095265;-8.640566432298854;7.298441937127137;90.06674369432656
VEHICLE_UPDATES;114000000000;veh_2;41.00472803153335;-8.642377057289726;0.0;180.2998879364582
VEHICLE_UPDATES;114000000000;veh_3;41.0046365436765;-8.640355659973162;8.32051009170364;90.06674369432656
VEHICLE_UPDATES;114000000000;veh_4;41.004786591984676;-8.642376336086638;0.0;180.29988793645816
VEHICLE_UPDATES;114000000000;veh_5;41.00463811006084;-8.640747179799568;5.878855066037223;90.06674369432656
VEHICLE_UPDATES;114000000000;veh_6;41.00478688688547;-8.642414386343694;0.0;180.29993154303952
VEHICLE_UPDATES;114000000000;veh_7;41.004666425031274;-8.640619284510409;7.770342838112706;90.06674369432656
VEHICLE_UPDATES;114000000000;veh_8;41.00484544464601;-8.642413665146934;0.0;180.29993154303912
VEHICLE_UPDATES;114000000000;veh_9;41.004638790585915;-8.640907204484565;8.247095734077691;90.10884960452657
VEHICLE_UPDATES;114000000000;veh_10;41.004845152471;-8.642375614881464;0.0;180.2998879364586
VEHICLE_UPDATES;114000000000;veh_11;41.004667135649846;-8.640796964933587;8.254928158302944;90.07619539349857
VEHICLE_UPDATES;114000000000;veh_12;41.00490400185679;-8.64241294395529;0.0;180.29993154303912
VEHICLE_UPDATES;114000000000;veh_13;41.00463963548796;-8.641092749581778;8.158275352553712;90.10884960452657
VEHICLE_UPDATES;114000000000;veh_14;41.00490371221104;-8.642374893683824;0.0;180.2998879364582
VEHICLE_UPDATES;114000000000;veh_15;41.00466850396917;-8.641101935828484;7.219070670438613;90.10884960452657
VEHICLE_UPDATES;114000000000;veh_16;41.00507557828107;-8.64241083080747;7.044540674157665;180.29993154303952
VEHICLE_UPDATES;114000000000;veh_17;41.00464103204156;-8.642494965566323;0.0;90.72339311942727
VEHICLE_UPDATES;114000000000;veh_18;41.00562960115864;-8.642405113065045;6.870481913684087;180.13491255010234
VEHICLE_UPDATES;114000000000;veh_19;41.00467228420881;-8.642686109920351;8.180930587121399;90.72293676843753
VEHICLE_UPDATES;114000000000;veh_20;41.0062774819203;-8.642361070514943;7.486740126346231;180.19124020941572
VEHICLE_UPDATES;114000000000;veh_21;41.004648003812235;-8.643542198566676;9.539052868056112;89.57905898949569
VEHICLE_UPDATES;115000000000;veh_0;41.00472832945306;-8.642415107534758;0.0;180.29993154303952
VEHICLE_UPDATES;115000000000;veh_1;41.00463706542376;-8.640486034476064;6.761269169700318;90.06674369432656
VEHICLE_UPDATES;115000000000;veh_2;41.00472803153335;-8.642377057289726;0.0;180.2998879364582
VEHICLE_UPDATES;115000000000;veh_3;41.00463617061723;-8.640262462296013;7.837707346492702;90.06674369432656
VEHICLE_UPDATES;115000000000;veh_4;41.004786591984676;-8.642376336086638;0.0;180.29988793645816
VEHICLE_UPDATES;115000000000;veh_5;41.00463773431174;-8.64065323050831;7.900915773186099;90.06674369432656
VEHICLE_UPDATES;115000000000;veh_6;41.00478688688547;-8.642414386343694;0.0;180.29993154303952
VEHICLE_UPDATES;115000000000;veh_7;41.00466607043399;-8.640530647927575;7.454126337287457;90.06674369432656
VEHICLE_UPDATES;115000000000;veh_8;41.00484544464601;-8.642413665146934;0.0;180.29993154303912
VEHICLE_UPDATES;115000000000;veh_9;41.00463847555974;-8.640838039800412;5.816612197419254;90.1088496045282
VEHICLE_UPDATES;115000000000;veh_10;41.004845152471;-8.642375614881464;0.0;180.2998879364586
VEHICLE_UPDATES;115000000000;veh_11;41.004666765304265;-8.640704356556212;7.78814458459878;90.06674369432656
VEHICLE_UPDATES;115000000000;veh_12;41.00490400185679;-8.64241294395529;0.0;180.29993154303912
VEHICLE_UPDATES;115000000000;veh_13;41.004639233185536;-8.641004393592354;7.430562490030976;90.1088496045282
VEHICLE_UPDATES;115000000000;veh_14;41.00490371221104;-8.642374893683824;0.0;180.2998879364582
VEHICLE_UPDATES;115000000000;veh_15;41.00466812290707;-8.641018242922437;7.038403395015428;90.10884960452657
VEHICLE_UPDATES;115000000000;veh_16;41.00501166068116;-8.642411618022978;7.096136664424316;180.29993154303912
VEHICLE_UPDATES;115000000000;veh_17;41.00464103204156;-8.642494965566323;0.0;90.72339311942727
VEHICLE_UPDATES;115000000000;veh_18;41.0055611884097;-8.64240569554331;7.595016587393509;180.13491255010234
VEHICLE_UPDATES;115000000000;veh_19;41.00467100104007;-8.642584752866433;8.52466603436798;90.72293676843753
VEHICLE_UPDATES;115000000000;veh_20;41.006205059571364;-8.642361781182837;8.039829484910696;180.19124020941572
VEHICLE_UPDATES;115000000000;veh_21;41.00464827064238;-8.643434292937581;9.07624667443242;89.57905898949569
VEHICLE_UPDATES;116000000000;veh_0;41.00472832945306;-8.642415107534758;0.0;180.29993154303952
VEHICLE_UPDATES;116000000000;veh_1;41.00463669462676;-8.640393375722258;7.79238496295082;90.06674369432656
VEHICLE_UPDATES;116000000000;veh_2;41.00472803153335;-8.642377057289726;0.0;180.2998879364582
VEHICLE_UPDATES;116000000000;veh_3;41.00463579707781;-8.640169163528498;7.846208944801496;90.06674369432656
VEHICLE_UPDATES;116000000000;veh_4;41.004786591984676;-8.642376336086638;0.0;180.29988793645816
VEHICLE_UPDATES;116000000000;veh_5;41.00463740418286;-8.640570703525455;6.940326450462543;90.06674369432656
VEHICLE_UPDATES;116000000000;veh_6;41.00478688688547;-8.642414386343694;0.0;180.29993154303952
VEHICLE_UPDATES;116000000000;veh_7;41.004665685994084;-8.640434571002425;8.079841611790911;90.06674369432656
VEHICLE_UPDATES;116000000000;veh_8;41.00484544464601;-8.642413665146934;0.0;180.29993154303912
VEHICLE_UPDATES;116000000000;veh_9;41.0046380754831;-8.640738533461189;8.368251746550758;90.06674369432656
VEHICLE_UPDATES;116000000000;veh_10;41.004845152471;-8.642375614881464;0.0;180.2998879364586
VEHICLE_UPDATES;116000000000;veh_11;41.00466642029482;-8.64061810045605;7.253933276977992;90.06674369432656
VEHICLE_UPDATES;116000000000;veh_12;41.00490400185679;-8.64241294395529;0.0;180.29993154303912
VEHICLE_UPDATES;116000000000;veh_13;41.00463891279719;-8.640934038689752;5.916707084275039;90.10884960452657
VEHICLE_UPDATES;116000000000;veh_14;41.00490371221104;-8.642374893683824;0.0;180.2998879364582
VEHICLE_UPDATES;116000000000;veh_15;41.00466770549727;-8.640926582264832;7.708475251529979;90.10884960452657
VEHICLE_UPDATES;116000000000;veh_16;41.004968967997826;-8.642412143829207;4.739744814696717;180.29993154303952
VEHICLE_UPDATES;116000000000;veh_17;41.00464103204156;-8.642494965566323;0.0;90.72339311942727
VEHICLE_UPDATES;116000000000;veh_18;41.00549624401346;-8.642406248489813;7.209968443990836;180.13491255010234
VEHICLE_UPDATES;116000000000;veh_19;41.00467020512526;-8.642521887371615;5.287321871370567;90.72293676843755
VEHICLE_UPDATES;116000000000;veh_20;41.0061364063733;-8.642400508452498;7.647094863329075;180.19124020941547
VEHICLE_UPDATES;116000000000;veh_21;41.00464841990463;-8.643330552375701;8.725902335233055;89.74950843536868
VEHICLE_UPDATES;117000000000;veh_0;41.00472832945306;-8.642415107534758;0.0;180.29993154303952
VEHICLE_UPDATES;117000000000;veh_1;41.00463636777021;-8.640311712714185;6.867668516797932;90.06674369432656
VEHICLE_UPDATES;117000000000;veh_2;41.00472803153335;-8.642377057289726;0.0;180.2998879364582
VEHICLE_UPDATES;117000000000;veh_3;41.00463542396666;-8.640075990547691;7.835630710074933;90.06674369432656
VEHICLE_UPDATES;117000000000;veh_4;41.004786591984676;-8.642376336086638;0.0;180.29988793645816
VEHICLE_UPDATES;117000000000;veh_5;41.00463703030213;-8.640477257103838;7.858625866171947;90.06674369432656
VEHICLE_UPDATES;117000000000;veh_6;41.00478688688547;-8.642414386343694;0.0;180.29993154303952
VEHICLE_UPDATES;117000000000;veh_7;41.0046653137694;-8.640341565901828;7.821508585638807;90.06674369432656
VEHICLE_UPDATES;117000000000;veh_8;41.00484544464601;-8.642413665146934;0.0;180.29993154303912
VEHICLE_UPDATES;117000000000;veh_9;41.00463779073064;-8.640667335815104;5.987555596725058;90.06674369432656
VEHICLE_UPDATES;117000000000;veh_10;41.004845152471;-8.642375614881464;0.0;180.2998879364586
VEHICLE_UPDATES;117000000000;veh_11;41.00466601698919;-8.64051729012501;8.477909692107758;90.06674369432656
VEHICLE_UPDATES;117000000000;veh_12;41.00490400185679;-8.64241294395529;0.0;180.29993154303912
VEHICLE_UPDATES;117000000000;veh_13;41.004638490707435;-8.640841365301135;7.793647402354369;90.10884960452657
VEHICLE_UPDATES;117000000000;veh_14;41.00490371221104;-8.642374893683824;0.0;180.2998879364582
VEHICLE_UPDATES;117000000000;veh_15;41.00466733695568;-8.64084566607147;6.80488773550527;90.10884960452657
VEHICLE_UPDATES;117000000000;veh_16;41.004965508269166;-8.64241218643944;0.384099325510864;180.29993154303952
VEHICLE_UPDATES;117000000000;veh_17;41.00464103204156;-8.642494965566323;0.0;90.72339311942727
VEHICLE_UPDATES;117000000000;veh_18;41.00543571562763;-8.642406763836336;6.719713666414062;180.13491255010234
VEHICLE_UPDATES;117000000000;veh_19;41.00466999267841;-8.642505107671083;1.411261924437448;90.72293676843755
VEHICLE_UPDATES;117000000000;veh_20;41.00605904914753;-8.642401267496457;8.588069960919201;180.19124020941547
VEHICLE_UPDATES;117000000000;veh_21;41.004648272320225;-8.64322153781633;9.169487809556538;89.86833624206884
VEHICLE_UPDATES;118000000000;veh_0;41.00472832945306;-8.642415107534758;0.0;180.29993154303952
VEHICLE_UPDATES;118000000000;veh_1;41.00463604446916;-8.640230952241993;6.791767455501469;90.06674369432656
VEHICLE_UPDATES;118000000000;veh_2;41.00472803153335;-8.642377057289726;0.0;180.2998879364582
VEHICLE_UPDATES;118000000000;veh_3;41.00463501078408;-8.639972832908452;8.675317389100114;90.06674369432656
VEHICLE_UPDATES;118000000000;veh_4;41.004786591984676;-8.642376336086638;0.0;180.29988793645816
VEHICLE_UPDATES;118000000000;veh_5;41.00463671360046;-8.64039811662019;6.655529991679838;90.0667436943282
VEHICLE_UPDATES;118000000000;veh_6;41.00478688688547;-8.642414386343694;0.0;180.29993154303952
VEHICLE_UPDATES;118000000000;veh_7;41.00466492799151;-8.640245194135673;8.104637322901258;90.0667436943282
VEHICLE_UPDATES;118000000000;veh_8;41.00484544464601;-8.642413665146934;0.0;180.29993154303912
VEHICLE_UPDATES;118000000000;veh_9;41.00463741452456;-8.64057328856232;7.909154224469301;90.0667436943282
VEHICLE_UPDATES;118000000000;veh_10;41.004845152471;-8.642375614881464;0.0;180.2998879364586
VEHICLE_UPDATES;118000000000;veh_11;41.00466565009747;-8.640425600955266;7.71084180091812;90.06674369432656
VEHICLE_UPDATES;118000000000;veh_12;41.00490400185679;-8.64241294395529;0.0;180.29993154303912
VEHICLE_UPDATES;118000000000;veh_13;41.00463819589687;-8.640768644239374;6.115673704659248;90.06674369432656
VEHICLE_UPDATES;118000000000;veh_14;41.00490371221104;-8.642374893683824;0.0;180.2998879364582
VEHICLE_UPDATES;118000000000;veh_15;41.00466700165987;-8.640763457337425;6.91356333395155;90.06674369432656
VEHICLE_UPDATES;118000000000;veh_16;41.00496365696662;-8.642412209240195;0.205531743148114;180.29993154303952
VEHICLE_UPDATES;118000000000;veh_17;41.00464103204156;-8.642494965566323;0.0;90.72339311942727
VEHICLE_UPDATES;118000000000;veh_18;41.00537073233479;-8.642407317111013;7.214286489675904;180.13491255010234
VEHICLE_UPDATES;118000000000;veh_19;41.004669900321254;-8.64249781308128;0.613513743897151;90.72293676843755
VEHICLE_UPDATES;118000000000;veh_20;41.005990132913865;-8.642401965080708;7.65097885402105;180.21697854993022
VEHICLE_UPDATES;118000000000;veh_21;41.00464813208816;-8.643118024603787;8.706755835450254;89.86833624206722
VEHICLE_REGISTRATION;118142857135;veh_22;[src.main.java.CarSendsCamAPP, src.main.java.EventProcessingApp, src.main.java.MainCarApp];Car
VEHICLE_REGISTRATION;118142857135;veh_23;[src.main.java.CarSendsCamAPP, src.main.java.EventProcessingApp, src.main.java.MainCarApp];Car_0
VEHICLE_UPDATES;119000000000;veh_0;41.00472832945306;-8.642415107534758;0.0;180.29993154303952
VEHICLE_UPDATES;119000000000;veh_1;41.00463567886373;-8.640139641177761;7.679047773572603;90.06674369432656
VEHICLE_UPDATES;119000000000;veh_2;41.00472803153335;-8.642377057289726;0.0;180.2998879364582
VEHICLE_UPDATES;119000000000;veh_4;41.004786591984676;-8.642376336086638;0.0;180.29988793645816
VEHICLE_UPDATES;119000000000;veh_5;41.00463639901631;-8.640319518729857;6.609899256125558;90.06674369432656
VEHICLE_UPDATES;119000000000;veh_6;41.00478688688547;-8.642414386343694;0.0;180.29993154303952
VEHICLE_UPDATES;119000000000;veh_7;41.00466453420452;-8.640146842354595;8.271152037079887;90.06674369432656
VEHICLE_UPDATES;119000000000;veh_8;41.00484544464601;-8.642413665146934;0.0;180.29993154303912
VEHICLE_UPDATES;119000000000;veh_9;41.00463708114782;-8.640489964183054;7.007385728907762;90.06674369432656
VEHICLE_UPDATES;119000000000;veh_10;41.004845152471;-8.642375614881464;0.0;180.2998879364586
VEHICLE_UPDATES;119000000000;veh_11;41.004665257765296;-8.640327574179642;8.243819574275399;90.06674369432656
VEHICLE_UPDATES;119000000000;veh_12;41.00490400185679;-8.64241294395529;0.0;180.29993154303912
VEHICLE_UPDATES;119000000000;veh_13;41.00463780006956;-8.640669670685188;8.323444511407839;90.06674369432656
VEHICLE_UPDATES;119000000000;veh_14;41.00490371221104;-8.642374893683824;0.0;180.2998879364582
VEHICLE_UPDATES;119000000000;veh_15;41.00466662078764;-8.640668223869236;8.008908538298364;90.0667436943282
VEHICLE_UPDATES;119000000000;veh_16;41.00496261942131;-8.642412222018667;0.115188353371138;180.29993154303912
VEHICLE_UPDATES;119000000000;veh_17;41.00464103204156;-8.642494965566323;0.0;90.72339311942727
VEHICLE_UPDATES;119000000000;veh_18;41.00530723916498;-8.64240797763248;7.04893616939258;180.2793875415396
VEHICLE_UPDATES;119000000000;veh_19;41.00466987820494;-8.642496066288517;0.146914548905833;90.72293676843753
VEHICLE_UPDATES;119000000000;veh_20;41.0059180064244;-8.642402657512614;8.007354971884743;180.14251209043726
VEHICLE_UPDATES;119000000000;veh_21;41.00464760161074;-8.643013688388836;8.776380368139595;90.48708902393027
VEHICLE_UPDATES;120000000000;veh_0;41.00472832945306;-8.642415107534758;0.0;180.29993154303952
VEHICLE_UPDATES;120000000000;veh_1;41.00463535903784;-8.640059778504934;6.716264833467068;90.06674369432656
VEHICLE_UPDATES;120000000000;veh_2;41.00472803153335;-8.642377057289726;0.0;180.2998879364582
VEHICLE_UPDATES;120000000000;veh_4;41.004786591984676;-8.642376336086638;0.0;180.29988793645816
VEHICLE_UPDATES;120000000000;veh_5;41.004636067542506;-8.640236715486695;6.963559723497594;90.06674369432656
VEHICLE_UPDATES;120000000000;veh_6;41.00478688688547;-8.642414386343694;0.0;180.29993154303952
VEHICLE_UPDATES;120000000000;veh_7;41.00466415511651;-8.64005218156884;7.960748206195863;90.06674369432656
VEHICLE_UPDATES;120000000000;veh_8;41.00484544464601;-8.642413665146934;0.0;180.29993154303912
VEHICLE_UPDATES;120000000000;veh_9;41.00463675565645;-8.640408625197335;6.840418871134973;90.06674369432656
VEHICLE_UPDATES;120000000000;veh_10;41.004845152471;-8.642375614881464;0.0;180.2998879364586
VEHICLE_UPDATES;120000000000;veh_11;41.00466488016827;-8.640233248738443;7.932546258559382;90.06674369432656
VEHICLE_UPDATES;120000000000;veh_12;41.00490400185679;-8.64241294395529;0.0;180.29993154303912
VEHICLE_UPDATES;120000000000;veh_13;41.004637456638235;-8.640583815550633;7.220216213304457;90.06674369432656
VEHICLE_UPDATES;120000000000;veh_14;41.00490371221104;-8.642374893683824;0.0;180.2998879364582
VEHICLE_UPDATES;120000000000;veh_15;41.004666259225836;-8.640577836985642;7.601322411733362;90.06674369432656
VEHICLE_UPDATES;120000000000;veh_16;41.00496256269932;-8.642412222717258;0.006297281461344;180.29993154303912
VEHICLE_UPDATES;120000000000;veh_17;41.00464103204156;-8.642494965566323;0.0;90.72339311942727
VEHICLE_UPDATES;120000000000;veh_18;41.00523962747104;-8.642408810352324;7.506255560911412;180.29993154303952
VEHICLE_UPDATES;120000000000;veh_19;41.00466985646262;-8.642494349034372;0.144430194355307;90.72293676843755
VEHICLE_UPDATES;120000000000;veh_20;41.00584679217079;-8.642403263850897;7.906033203147344;180.13491255010234
VEHICLE_UPDATES;120000000000;veh_21;41.004646142599015;-8.642898471193133;9.692545890974813;90.72339311942727
VEHICLE_UPDATES;121000000000;veh_0;41.00471303939925;-8.642415321505897;1.697957976604812;180.33084429488702
VEHICLE_UPDATES;121000000000;veh_1;41.0046350480757;-8.639982142410096;6.52901490328739;90.06674369432656
VEHICLE_UPDATES;121000000000;veh_2;41.00471040734475;-8.642377309489742;1.956552377389744;180.34222590826104
VEHICLE_UPDATES;121000000000;veh_4;41.004786591984676;-8.642376336086638;0.0;180.29988793645816
VEHICLE_UPDATES;121000000000;veh_5;41.0046357305689;-8.640152553604171;7.077818235322008;90.06674369432656
VEHICLE_UPDATES;121000000000;veh_6;41.00478688688547;-8.642414386343694;0.0;180.29993154303952
VEHICLE_UPDATES;121000000000;veh_7;41.004663797527165;-8.639962906931041;7.507786028646374;90.06674369432656
VEHICLE_UPDATES;121000000000;veh_8;41.00484544464601;-8.642413665146934;0.0;180.29993154303912
VEHICLE_UPDATES;121000000000;veh_9;41.00463644848028;-8.640331876264161;6.454406257728336;90.0667436943282
VEHICLE_UPDATES;121000000000;veh_10;41.004845152471;-8.642375614881464;0.0;180.2998879364586
VEHICLE_UPDATES;121000000000;veh_11;41.004664487104705;-8.640135080163711;8.255744834805554;90.06674369432656
VEHICLE_UPDATES;121000000000;veh_12;41.00490400185679;-8.64241294395529;0.0;180.29993154303912
VEHICLE_UPDATES;121000000000;veh_13;41.00463713541725;-8.64050352728946;6.752055271925351;90.06674369432656
VEHICLE_UPDATES;121000000000;veh_14;41.00490371221104;-8.642374893683824;0.0;180.2998879364582
VEHICLE_UPDATES;121000000000;veh_15;41.00466588800841;-8.640485054723332;7.802768208469877;90.06674369432656
VEHICLE_UPDATES;121000000000;veh_16;41.00496255976406;-8.642412222753409;0.000325873213817;180.29993154303952
VEHICLE_UPDATES;121000000000;veh_17;41.00464103204156;-8.642494965566323;0.0;90.72339311942727
VEHICLE_UPDATES;121000000000;veh_18;41.0051723886195;-8.64240963847797;7.464862479649636;180.29993154303952
VEHICLE_UPDATES;121000000000;veh_19;41.00466985629917;-8.64249433612498;0.001085748463359;90.72293676843755
VEHICLE_UPDATES;121000000000;veh_20;41.00577920871922;-8.64240383927378;7.502950302094213;180.13491255010234
VEHICLE_UPDATES;121000000000;veh_21;41.004644752589975;-8.642788711557666;9.233433868437075;90.7233931194289
VEHICLE_UPDATES;121000000000;veh_22;41.006565516127075;-8.642358249277743;7.183470464725435;180.14766920786036
VEHICLE_UPDATES;121000000000;veh_23;41.0046785114791;-8.643992484679394;7.346842991665733;90.16591395568992
VEHICLE_UPDATES;122000000000;veh_0;41.00468458109378;-8.642415788403223;3.161507894564419;180.47116588225308
VEHICLE_UPDATES;122000000000;veh_2;41.00467373677069;-8.642377910861526;4.071003224304878;180.47712245760277
VEHICLE_UPDATES;122000000000;veh_4;41.004776611420354;-8.64237645900271;1.107990713277602;180.29988793645856
VEHICLE_UPDATES;122000000000;veh_5;41.00463542907328;-8.640077265642134;6.331542290113444;90.06674369432656
VEHICLE_UPDATES;122000000000;veh_6;41.00477434550953;-8.642414540802932;1.39234441984666;180.29993154303952
VEHICLE_UPDATES;122000000000;veh_8;41.00484544464601;-8.642413665146934;0.0;180.29993154303912
VEHICLE_UPDATES;122000000000;veh_9;41.00463607614751;-8.640238864858123;7.82204241449443;90.06674369432656
VEHICLE_UPDATES;122000000000;veh_10;41.004845152471;-8.642375614881464;0.0;180.2998879364586
VEHICLE_UPDATES;122000000000;veh_11;41.00466413550777;-8.640047285665034;7.38330971332182;90.06674369432656
VEHICLE_UPDATES;122000000000;veh_12;41.00490400185679;-8.64241294395529;0.0;180.29993154303912
VEHICLE_UPDATES;122000000000;veh_13;41.00463681163217;-8.640422612282785;6.804763205596212;90.06674369432656
VEHICLE_UPDATES;122000000000;veh_14;41.00490371221104;-8.642374893683824;0.0;180.2998879364582
VEHICLE_UPDATES;122000000000;veh_15;41.004665556568234;-8.640402230169506;6.965348653785567;90.06674369432656
VEHICLE_UPDATES;122000000000;veh_16;41.00496255976406;-8.642412222753409;0.0;180.29993154303952
VEHICLE_UPDATES;122000000000;veh_17;41.00464103204156;-8.642494965566323;0.0;90.72339311942727
VEHICLE_UPDATES;122000000000;veh_18;41.00510404091371;-8.642410480258224;7.58796747304328;180.29993154303952
VEHICLE_UPDATES;122000000000;veh_19;41.00466985629917;-8.64249433612498;0.0;90.72293676843755
VEHICLE_UPDATES;122000000000;veh_20;41.00570508072574;-8.642404470416643;8.229509313988492;180.13491255010234
VEHICLE_UPDATES;122000000000;veh_21;41.0046432697395;-8.642671629961015;9.84938798183948;90.72339311942727
VEHICLE_UPDATES;122000000000;veh_22;41.006497237922915;-8.642358914074507;7.579772418196701;180.19124020941572
VEHICLE_UPDATES;122000000000;veh_23;41.00467799533366;-8.643894778104249;8.216692421969753;90.16591395568992
VEHICLE_UPDATES;123000000000;veh_0;41.00463925944147;-8.642416531965745;5.034901348617858;180.47745377730985
VEHICLE_UPDATES;123000000000;veh_2;41.00462453591797;-8.642378717719842;5.46205871226266;180.47712245760277
VEHICLE_UPDATES;123000000000;veh_4;41.00474919251677;-8.642376796681157;3.043905079993189;180.2998879364582
VEHICLE_UPDATES;123000000000;veh_5;41.00463502477454;-8.639976325469778;8.488833580906082;90.0667436943282
VEHICLE_UPDATES;123000000000;veh_6;41.00475409002063;-8.64241479026881;2.248765761205373;180.29993154303952
VEHICLE_UPDATES;123000000000;veh_8;41.00483349587365;-8.642413812308023;1.326553543003907;180.29993154303952
VEHICLE_UPDATES;123000000000;veh_9;41.004635789266764;-8.640167212767688;6.025773857393578;90.06674369432656
VEHICLE_UPDATES;123000000000;veh_10;41.00483580885871;-8.642375729953391;1.037279598224665;180.29988793645816
VEHICLE_UPDATES;123000000000;veh_11;41.00466371381849;-8.63994201097673;8.853352479265839;90.0667436943282
VEHICLE_UPDATES;123000000000;veh_12;41.00490400185679;-8.64241294395529;0.0;180.29993154303912
VEHICLE_UPDATES;123000000000;veh_13;41.00463641809495;-8.64032428508588;8.269087900027486;90.06674369432656
VEHICLE_UPDATES;123000000000;veh_14;41.00490371221104;-8.642374893683824;0.0;180.2998879364582
VEHICLE_UPDATES;123000000000;veh_15;41.004665232416805;-8.640321241407998;6.810962973848598;90.0667436943282
VEHICLE_UPDATES;123000000000;veh_16;41.00496255976406;-8.642412222753409;0.0;180.29993154303952
VEHICLE_UPDATES;123000000000;veh_17;41.00464103204156;-8.642494965566323;0.0;90.72339311942727
VEHICLE_UPDATES;123000000000;veh_18;41.00504745925788;-8.642373123347374;6.250311308943836;180.29988793645856
VEHICLE_UPDATES;123000000000;veh_19;41.00466985629917;-8.64249433612498;0.0;90.72293676843755
VEHICLE_UPDATES;123000000000;veh_20;41.005629177327926;-8.64240511667362;8.426610270610071;180.13491255010234
VEHICLE_UPDATES;123000000000;veh_21;41.004642464325684;-8.642608040744912;5.349387981839479;90.72339311942727
VEHICLE_UPDATES;123000000000;veh_22;41.006435005742276;-8.642359524753749;6.908587583708033;180.19124020941572
VEHICLE_UPDATES;123000000000;veh_23;41.00467748888327;-8.64379892204257;8.061072566814516;90.16591395568992
VEHICLE_UPDATES;124000000000;veh_0;41.004576329924795;-8.64241758570327;6.98898284455399;180.50310919480344
VEHICLE_UPDATES;124000000000;veh_2;41.00455611551907;-8.642379893127098;7.598577596356314;180.54144317716006
VEHICLE_UPDATES;124000000000;veh_4;41.00470535340205;-8.642377392370918;4.866801596362845;180.3670862506507
VEHICLE_UPDATES;124000000000;veh_6;41.00471899193851;-8.642415223846307;3.896614720356097;180.30151105264952
VEHICLE_UPDATES;124000000000;veh_8;41.00482032941787;-8.642413974466022;1.461740837320843;180.29993154303952
VEHICLE_UPDATES;124000000000;veh_9;41.00463543715284;-8.640079283067607;7.394683010223597;90.06674369432656
VEHICLE_UPDATES;124000000000;veh_10;41.004813236618126;-8.642376007943266;2.505853610232139;180.29988793645856
VEHICLE_UPDATES;124000000000;veh_12;41.00489529101606;-8.642413051238263;0.967078156510282;180.29993154303952
VEHICLE_UPDATES;124000000000;veh_13;41.00463616989117;-8.640262280930427;5.214404918535651;90.06674369432656
VEHICLE_UPDATES;124000000000;veh_14;41.004894722290516;-8.64237500440009;0.998014574789599;180.2998879364582
VEHICLE_UPDATES;124000000000;veh_15;41.004664905343134;-8.640239536932286;6.871152945455777;90.06674369432656
VEHICLE_UPDATES;124000000000;veh_16;41.00496255976406;-8.642412222753409;0.0;180.29993154303952
VEHICLE_UPDATES;124000000000;veh_17;41.00464103204156;-8.642494965566323;0.0;90.72339311942727
VEHICLE_UPDATES;124000000000;veh_18;41.004989241467854;-8.642373840337747;6.463038693147297;180.29988793645816
VEHICLE_UPDATES;124000000000;veh_19;41.00466985629917;-8.64249433612498;0.0;90.72293676843755
VEHICLE_UPDATES;124000000000;veh_20;41.0055560525252;-8.642405739271071;8.118137305534438;180.13491255010234
VEHICLE_UPDATES;124000000000;veh_21;41.004642019969076;-8.642572958986433;2.95122275160458;90.7233931194289
VEHICLE_UPDATES;124000000000;veh_22;41.00637157964276;-8.642360147147196;7.041128147318415;180.1912402094153
VEHICLE_UPDATES;124000000000;veh_23;41.004677006782124;-8.643708467502886;7.606832389033196;90.17245892930491
VEHICLE_UPDATES;125000000000;veh_0;41.00451455399371;-8.642418698349838;6.853436424691333;180.54709486564582
VEHICLE_UPDATES;125000000000;veh_2;41.00449600735507;-8.642380975769324;6.678117014553551;180.5470948656459
VEHICLE_UPDATES;125000000000;veh_4;41.004647658935085;-8.642378338519308;6.404981826082574;180.47712245760277
VEHICLE_UPDATES;125000000000;veh_6;41.00466974892826;-8.642416031744938;5.470535328900819;180.47745377730985
VEHICLE_UPDATES;125000000000;veh_8;41.00479425619414;-8.642414295583459;2.894651104374946;180.29993154303912
VEHICLE_UPDATES;125000000000;veh_9;41.004635068898274;-8.639987340651505;7.732143210969312;90.0667436943282
VEHICLE_UPDATES;125000000000;veh_10;41.004771300648635;-8.64237652440773;4.655514791819864;180.29988793645816
VEHICLE_UPDATES;125000000000;veh_12;41.00488357015598;-8.642413195592665;1.301250715688984;180.29993154303912
VEHICLE_UPDATES;125000000000;veh_13;41.00463581711936;-8.640174168817051;7.41002341443956;90.06674369432656
VEHICLE_UPDATES;125000000000;veh_14;41.00487648112015;-8.64237522905093;2.025040576626863;180.2998879364582
VEHICLE_UPDATES;125000000000;veh_15;41.00466454039096;-8.640148387311655;7.665467390591892;90.06674369432656
VEHICLE_UPDATES;125000000000;veh_16;41.00495631122685;-8.64241229971076;0.693713051812035;180.29993154303952
VEHICLE_UPDATES;125000000000;veh_17;41.00464103204156;-8.642494965566323;0.0;90.72339311942727
VEHICLE_UPDATES;125000000000;veh_18;41.00496306531004;-8.64237416271381;2.905941971904348;180.29988793645816
VEHICLE_UPDATES;125000000000;veh_19;41.00466985629917;-8.64249433612498;0.0;90.72293676843755
VEHICLE_UPDATES;125000000000;veh_20;41.00548354868942;-8.64240635657956;8.049198968617238;180.13491255010234
VEHICLE_UPDATES;125000000000;veh_21;41.004642011983705;-8.642572328552218;0.053034736465332;90.72339311942727
VEHICLE_UPDATES;125000000000;veh_22;41.00630363925042;-8.642360813837094;7.542273715296216;180.19124020941572
VEHICLE_UPDATES;125000000000;veh_23;41.00467665500522;-8.643612659135293;8.05712824597748;89.74589332816373
VEHICLE_UPDATES;126000000000;veh_0;41.004450084648695;-8.642419859504821;7.152244324065848;180.54709486564582
VEHICLE_UPDATES;126000000000;veh_2;41.00443565981579;-8.64238206272069;6.704711934521016;180.5470948656459
VEHICLE_UPDATES;126000000000;veh_4;41.00458065290012;-8.642379451169733;7.439447703101849;180.49374877557457
VEHICLE_UPDATES;126000000000;veh_6;41.004608820912665;-8.642417031349954;6.768653193323171;180.47745377730945
VEHICLE_UPDATES;126000000000;veh_8;41.00475071145809;-8.642414831879048;4.834339581434771;180.29993154303952
VEHICLE_UPDATES;126000000000;veh_10;41.004718768655856;-8.642377172369969;5.831830705107012;180.301096245155
VEHICLE_UPDATES;126000000000;veh_12;41.00486033799838;-8.6424134817203;2.579235776331392;180.29993154303952
VEHICLE_UPDATES;126000000000;veh_13;41.00463543745608;-8.640079358786892;7.97330274220262;90.06674369432656
VEHICLE_UPDATES;126000000000;veh_14;41.00484222910433;-8.6423756508844;3.802481977801155;180.2998879364582
VEHICLE_UPDATES;126000000000;veh_15;41.004664188333834;-8.64006047538022;7.393185512476283;90.0667436943282
VEHICLE_UPDATES;126000000000;veh_16;41.00494861390431;-8.64241239451141;0.854557302164405;180.29993154303952
VEHICLE_UPDATES;126000000000;veh_17;41.00464103204156;-8.642494965566323;0.0;90.72339311942727
VEHICLE_UPDATES;126000000000;veh_18;41.004939199267305;-8.642374456639049;2.649484903641342;180.29988793645816
VEHICLE_UPDATES;126000000000;veh_19;41.00466985629917;-8.64249433612498;0.0;90.72293676843755
VEHICLE_UPDATES;126000000000;veh_20;41.00541248792639;-8.642406961599637;7.888992451529011;180.13491255010234
VEHICLE_UPDATES;126000000000;veh_21;41.00464201112098;-8.642572260441941;0.0057297184282;90.72339311942727
VEHICLE_UPDATES;126000000000;veh_22;41.00623877499821;-8.642399503988146;7.225936799654193;180.19124020941547
VEHICLE_UPDATES;126000000000;veh_23;41.004676890880475;-8.643517384720017;8.012006853462925;89.57888711286945
VEHICLE_UPDATES;127000000000;veh_0;41.00438482136506;-8.642421034956628;7.240323979492402;180.54709486564582
VEHICLE_UPDATES;127000000000;veh_2;41.00437393317917;-8.642383174509233;6.857931867281128;180.5470948656459
VEHICLE_UPDATES;127000000000;veh_4;41.00450858603041;-8.642380749207867;8.00674914059852;180.5470948656459
VEHICLE_UPDATES;127000000000;veh_6;41.00454429334114;-8.642418162714632;7.161632973768047;180.54709486564582
VEHICLE_UPDATES;127000000000;veh_8;41.004688342181716;-8.642415726697472;6.92648845424966;180.4526129288932
VEHICLE_UPDATES;127000000000;veh_10;41.00465163895411;-8.642378273249879;7.452439425827536;180.47712245760277
VEHICLE_UPDATES;127000000000;veh_12;41.004816269307625;-8.642414024470302;4.892509125619312;180.29993154303952
VEHICLE_UPDATES;127000000000;veh_13;41.00463508762177;-8.639992014919118;7.345415995634945;90.06674369432656
VEHICLE_UPDATES;127000000000;veh_14;41.004786424587195;-8.64237633814823;6.195129362560194;180.29988793645816
VEHICLE_UPDATES;127000000000;veh_15;41.004663816182365;-8.639967563902214;7.813635684653798;90.06674369432656
VEHICLE_UPDATES;127000000000;veh_16;41.00492789322548;-8.642412649708293;2.300411252646358;180.29993154303952
VEHICLE_UPDATES;127000000000;veh_17;41.00464103204156;-8.642494965566323;0.0;90.72339311942727
VEHICLE_UPDATES;127000000000;veh_18;41.00490640968854;-8.642374860462763;3.640129806028078;180.29988793645816
VEHICLE_UPDATES;127000000000;veh_19;41.00466985629917;-8.64249433612498;0.0;90.72293676843755
VEHICLE_UPDATES;127000000000;veh_20;41.00534209564692;-8.642407560926333;7.814778942313969;180.13491255010234
VEHICLE_UPDATES;127000000000;veh_21;41.00464201095338;-8.642572247210206;0.001113108392141;90.72339311942727
VEHICLE_UPDATES;127000000000;veh_22;41.00617721928633;-8.642400107987378;6.833812422090597;180.19124020941547
VEHICLE_UPDATES;127000000000;veh_23;41.004677116730385;-8.643426129900748;7.673982930544559;89.57888711287109
VEHICLE_UPDATES;128000000000;veh_0;41.004320500178075;-8.64242219343767;7.135807470177403;180.54709486564582
VEHICLE_UPDATES;128000000000;veh_2;41.004311087514424;-8.642384306450566;6.982257672275569;180.5470948656459
VEHICLE_UPDATES;128000000000;veh_4;41.004442796499895;-8.642381934178232;7.309326220515117;180.5470948656459
VEHICLE_UPDATES;128000000000;veh_6;41.00447984861246;-8.64241932342751;7.149513419458872;180.54709486564582
VEHICLE_UPDATES;128000000000;veh_8;41.00462392426194;-8.64241678355966;7.156355830450515;180.47745377730945
VEHICLE_UPDATES;128000000000;veh_10;41.00458648162573;-8.642379346185031;7.23371050477733;180.48242647989693
VEHICLE_UPDATES;128000000000;veh_12;41.00475952018561;-8.642414723391113;6.300291434033775;180.29993154303912
VEHICLE_UPDATES;128000000000;veh_14;41.00472643511305;-8.642377076950467;6.659721614773908;180.2998879364582
VEHICLE_UPDATES;128000000000;veh_16;41.00488709172203;-8.642413152220978;4.529785817085416;180.29993154303952
VEHICLE_UPDATES;128000000000;veh_17;41.00464103204156;-8.642494965566323;0.0;90.72339311942727
VEHICLE_UPDATES;128000000000;veh_18;41.00485262123626;-8.64237552289932;5.971316321027795;180.29988793645816
VEHICLE_UPDATES;128000000000;veh_19;41.00466985629917;-8.64249433612498;0.0;90.72293676843755
VEHICLE_UPDATES;128000000000;veh_20;41.00527103210254;-8.64240842356655;7.889471955715671;180.29993154303952
VEHICLE_UPDATES;128000000000;veh_21;41.00464201092127;-8.642572244675009;0.000213271223823;90.72339311942727
VEHICLE_UPDATES;128000000000;veh_22;41.00611347302915;-8.64240073347913;7.077003027679786;180.19124020941547
VEHICLE_UPDATES;128000000000;veh_23;41.004677240290405;-8.643326288363903;8.39606424131224;89.77519337072724
VEHICLE_REGISTRATION;128428571420;veh_24;[src.main.java.CarSendsCamAPP, src.main.java.EventProcessingApp, src.main.java.MainCarApp];Car
VEHICLE_REGISTRATION;128428571420;veh_25;[src.main.java.CarSendsCamAPP, src.main.java.EventProcessingApp, src.main.java.MainCarApp];Car_0
VEHICLE_UPDATES;129000000000;veh_0;41.00425921120228;-8.642423297303402;6.799413180948338;180.54709486564582
VEHICLE_UPDATES;129000000000;veh_2;41.00424717041767;-8.642385457687283;7.101295466806892;180.5470948656459
VEHICLE_UPDATES;129000000000;veh_4;41.004375578126385;-8.642383144881318;7.468072963282043;180.5470948656459
VEHICLE_UPDATES;129000000000;veh_6;41.00441416706387;-8.642420506413929;7.286726428705497;180.54709486564622
VEHICLE_UPDATES;129000000000;veh_8;41.00456176531917;-8.642417848026673;6.901158301351565;180.53123524643252
VEHICLE_UPDATES;129000000000;veh_10;41.00451840208205;-8.642380572405475;7.563750593515644;180.5470948656455
VEHICLE_UPDATES;129000000000;veh_12;41.00470138680497;-8.642415512682664;6.455272529400886;180.38828404509673
VEHICLE_UPDATES;129000000000;veh_14;41.00466690051491;-8.642378022971252;6.609259822759369;180.47712245760277
VEHICLE_UPDATES;129000000000;veh_16;41.00482810131643;-8.642413878747371;6.549118974832578;180.29993154303952
VEHICLE_UPDATES;129000000000;veh_17;41.00464103204156;-8.642494965566323;0.0;90.72339311942727
VEHICLE_UPDATES;129000000000;veh_18;41.00479619876935;-8.64237621777382;6.263730968422764;180.29988793645856
VEHICLE_UPDATES;129000000000;veh_19;41.00466985629917;-8.64249433612498;0.0;90.72293676843755
VEHICLE_UPDATES;129000000000;veh_20;41.00519281859939;-8.642409386858938;8.683269186994984;180.29993154303912
VEHICLE_UPDATES;129000000000;veh_21;41.00464201092127;-8.642572244675009;0.0;90.72339311942727
VEHICLE_UPDATES;129000000000;veh_22;41.006054122485494;-8.642401315837727;6.588998181321114;180.19124020941587
VEHICLE_UPDATES;129000000000;veh_23;41.004677112590485;-8.643232052599616;7.924632987485063;89.86843701764728
VEHICLE_UPDATES;130000000000;veh_0;41.00420328605236;-8.642424304559992;6.204349028008162;180.54709486564582
VEHICLE_UPDATES;130000000000;veh_2;41.00418363873941;-8.642386601979414;7.058474750995789;180.5470948656459
VEHICLE_UPDATES;130000000000;veh_4;41.004309482227335;-8.642384335364076;7.343364098331288;180.5470948656455
VEHICLE_UPDATES;130000000000;veh_6;41.00434723068384;-8.642421711998125;7.425937634890197;180.54709486564582
VEHICLE_UPDATES;130000000000;veh_8;41.00449643295702;-8.642419024727433;7.247987710108022;180.54709486564582
VEHICLE_UPDATES;130000000000;veh_10;41.00445786565848;-8.64238166275982;6.725697320175889;180.5470948656455
VEHICLE_UPDATES;130000000000;veh_12;41.00464792236052;-8.642416389839031;5.939505520356819;180.47745377730945
VEHICLE_UPDATES;130000000000;veh_14;41.004603038015006;-8.642379070269401;7.089729218189196;180.47712245760317
VEHICLE_UPDATES;130000000000;veh_16;41.00477060631332;-8.642414586854755;6.383099216358151;180.29993154303952
VEHICLE_UPDATES;130000000000;veh_17;41.00464103204156;-8.642494965566323;0.0;90.72339311942727
VEHICLE_UPDATES;130000000000;veh_18;41.0047380204218;-8.642376934271372;6.458659705966282;180.29988793645856
VEHICLE_UPDATES;130000000000;veh_19;41.00466985629917;-8.64249433612498;0.0;90.72293676843755
VEHICLE_UPDATES;130000000000;veh_20;41.00511831368654;-8.642410304472872;8.271541094199746;180.29993154303912
VEHICLE_UPDATES;130000000000;veh_21;41.00464201092127;-8.642572244675009;0.0;90.72339311942727
VEHICLE_UPDATES;130000000000;veh_22;41.0059971749684;-8.64240189107269;6.32222877649536;180.21106364642606
VEHICLE_UPDATES;130000000000;veh_23;41.00467698235473;-8.643136004020313;8.07707936774267;89.86843701764728
VEHICLE_UPDATES;131000000000;veh_0;41.00414482840461;-8.642425357426694;6.485304855477168;180.54709486564582
VEHICLE_UPDATES;131000000000;veh_2;41.004115408012375;-8.642387830904868;7.580546769911576;180.5470948656459
VEHICLE_UPDATES;131000000000;veh_4;41.00424712052433;-8.642385458585931;6.92848863987276;180.5470948656459
VEHICLE_UPDATES;131000000000;veh_6;41.00428205126308;-8.642422885935087;7.231020078911381;180.54709486564582
VEHICLE_UPDATES;131000000000;veh_8;41.004431181770926;-8.642420199963336;7.238981934060315;180.54709486564582
VEHICLE_UPDATES;131000000000;veh_10;41.00439818763236;-8.64238273765075;6.630327864235799;180.5470948656455
VEHICLE_UPDATES;131000000000;veh_12;41.00459438169612;-8.642417268244149;5.947972937637009;180.47745377730945
VEHICLE_UPDATES;131000000000;veh_14;41.00454975389919;-8.642380007709953;5.918763089696467;180.5470948656459
VEHICLE_UPDATES;131000000000;veh_16;41.004735694999496;-8.642415016821065;3.875856441234125;180.29993154303952
VEHICLE_UPDATES;131000000000;veh_17;41.00464103204156;-8.642494965566323;0.0;90.72339311942727
VEHICLE_UPDATES;131000000000;veh_18;41.00472037719687;-8.642377151556826;1.958659705966282;180.29988793645856
VEHICLE_UPDATES;131000000000;veh_19;41.00466985629917;-8.64249433612498;0.0;90.72293676843755
VEHICLE_UPDATES;131000000000;veh_20;41.00503995260706;-8.642411269577053;8.699652885158539;180.29993154303912
VEHICLE_UPDATES;131000000000;veh_21;41.00464201092127;-8.642572244675009;0.0;90.72339311942727
VEHICLE_UPDATES;131000000000;veh_22;41.005936631985605;-8.642402498929016;6.721390750836036;180.1872743618814
VEHICLE_UPDATES;131000000000;veh_23;41.00467674035093;-8.643038153756518;8.228701900400017;90.04214232160707
VEHICLE_UPDATES;131000000000;veh_24;41.00655623277258;-8.642358335161472;8.21404139288873;180.1526153030836
VEHICLE_UPDATES;131000000000;veh_25;41.0046496700734;-8.643989731800787;7.603091260879116;90.16591395568926
VEHICLE_UPDATES;132000000000;veh_0;41.0040855942503;-8.642426424276582;6.571450603768333;180.54709486564622
VEHICLE_UPDATES;132000000000;veh_2;41.00404960894299;-8.642389016030066;7.310385490341265;180.5470948656459
VEHICLE_UPDATES;132000000000;veh_4;41.0041777391509;-8.642386708238911;7.708385577393892;180.5470948656459
VEHICLE_UPDATES;132000000000;veh_6;41.004218506482076;-8.642424030428106;7.049672682665774;180.54709486564582
VEHICLE_UPDATES;132000000000;veh_8;41.00436744116043;-8.642421347989638;7.071398240053999;180.54709486564582
VEHICLE_UPDATES;132000000000;veh_10;41.00433896666692;-8.64238380430702;6.579547591891671;180.5470948656459
VEHICLE_UPDATES;132000000000;veh_12;41.00454517927324;-8.642418146758107;5.459256997062825;180.54709486564582
VEHICLE_UPDATES;132000000000;veh_14;41.00449193323615;-8.642381049150504;6.423971847239473;180.5470948656459
VEHICLE_UPDATES;132000000000;veh_16;41.00472847529609;-8.642415105738563;0.80153196050078;180.29993154303952
VEHICLE_UPDATES;132000000000;veh_17;41.00464103204156;-8.642494965566323;0.0;90.72339311942727
VEHICLE_UPDATES;132000000000;veh_18;41.00472037719687;-8.642377151556826;0.0;180.29988793645856
VEHICLE_UPDATES;132000000000;veh_19;41.00466985629917;-8.64249433612498;0.0;90.72293676843755
VEHICLE_UPDATES;132000000000;veh_20;41.00496956921984;-8.642412136424518;7.81396879763528;180.29993154303952
VEHICLE_UPDATES;132000000000;veh_21;41.00464201092127;-8.642572244675009;0.0;90.72339311942727
VEHICLE_UPDATES;132000000000;veh_22;41.00587813027315;-8.642402997029665;6.494717837958053;180.13491255010274
VEHICLE_UPDATES;132000000000;veh_23;41.004675507846535;-8.64294077502641;8.190066602931154;90.72293676843753
VEHICLE_UPDATES;132000000000;veh_24;41.00649057824413;-8.64235897942546;7.288513111287584;180.19124020941572
VEHICLE_UPDATES;132000000000;veh_25;41.004649259029165;-8.643911920022289;6.545091993589701;90.16591395568926
VEHICLE_UPDATES;133000000000;veh_0;41.00402913882187;-8.642427453996058;6.263193263570881;180.5626438859363
VEHICLE_UPDATES;133000000000;veh_2;41.00398092256199;-8.642390313480963;7.631241657787156;180.5898970918039
VEHICLE_UPDATES;133000000000;veh_4;41.00412161942923;-8.642387719029179;6.234994017522955;180.5470948656459
VEHICLE_UPDATES;133000000000;veh_6;41.00415758047853;-8.642425127752334;6.759144830938725;180.54709486564582
VEHICLE_UPDATES;133000000000;veh_8;41.00430123188633;-8.642422540475991;7.345272271620082;180.54709486564582
VEHICLE_UPDATES;133000000000;veh_10;41.00427605596227;-8.642384937418372;6.989483671437549;180.5470948656459
VEHICLE_UPDATES;133000000000;veh_12;41.00448574599976;-8.642419217209886;6.593541399725713;180.54709486564582
VEHICLE_UPDATES;133000000000;veh_14;41.004429531700126;-8.64238217309728;6.932914379406312;180.5470948656459
VEHICLE_UPDATES;133000000000;veh_16;41.00472836320979;-8.64241510711901;0.012443829678692;180.29993154303952
VEHICLE_UPDATES;133000000000;veh_17;41.00464103204156;-8.642494965566323;0.0;90.72339311942727
VEHICLE_UPDATES;133000000000;veh_18;41.00472037719687;-8.642377151556826;0.0;180.29988793645856
VEHICLE_UPDATES;133000000000;veh_19;41.00466985629917;-8.64249433612498;0.0;90.72293676843755
VEHICLE_UPDATES;133000000000;veh_20;41.00489742289403;-8.642413024981995;8.009690263962366;180.29993154303952
VEHICLE_UPDATES;133000000000;veh_21;41.00464201092127;-8.642572244675009;0.0;90.72339311942727
VEHICLE_UPDATES;133000000000;veh_22;41.005820254542044;-8.64240348979929;6.425222844974525;180.13491255010234
VEHICLE_UPDATES;133000000000;veh_23;41.004674368356355;-8.642850751024945;7.57149531323256;90.72293676843753
VEHICLE_UPDATES;133000000000;veh_24;41.00641443708641;-8.642359726591922;8.452666292886105;180.1912402094153
VEHICLE_UPDATES;133000000000;veh_25;41.00464879680367;-8.643824431371732;7.359056531772764;90.16591395568926
VEHICLE_UPDATES;134000000000;veh_0;41.00397323224578;-8.642428515073917;6.202351959157838;180.58913892279796
VEHICLE_UPDATES;134000000000;veh_2;41.003914328958906;-8.642390806381629;7.39813165039957;180.0155911482454
VEHICLE_UPDATES;134000000000;veh_4;41.004051522091764;-8.642388981571855;7.787930191632523;180.5470948656459
VEHICLE_UPDATES;134000000000;veh_6;41.004094665738336;-8.642426260892682;6.979775653951071;180.54709486564582
VEHICLE_UPDATES;134000000000;veh_8;41.004246219970774;-8.642423531286035;6.103034644998583;180.54709486564582
VEHICLE_UPDATES;134000000000;veh_10;41.00421589713736;-8.642386020962023;6.683745191374394;180.5470948656459
VEHICLE_UPDATES;134000000000;veh_12;41.004436925148426;-8.642420096519759;5.416196729835123;180.54709486564582
VEHICLE_UPDATES;134000000000;veh_14;41.004366325928764;-8.642383311526954;7.022266185776853;180.5470948656459
VEHICLE_UPDATES;134000000000;veh_16;41.00472832980015;-8.642415107530482;0.00370913919876;180.29993154303912
VEHICLE_UPDATES;134000000000;veh_17;41.00464103204156;-8.642494965566323;0.0;90.72339311942727
VEHICLE_UPDATES;134000000000;veh_18;41.00472037719687;-8.642377151556826;0.0;180.29988793645856
VEHICLE_UPDATES;134000000000;veh_19;41.00466985629917;-8.64249433612498;0.0;90.72293676843755
VEHICLE_UPDATES;134000000000;veh_20;41.004831445059416;-8.642413837565845;7.324863840884292;180.29993154303952
VEHICLE_UPDATES;134000000000;veh_21;41.00464201092127;-8.642572244675009;0.0;90.72339311942727
VEHICLE_UPDATES;134000000000;veh_22;41.005758039135614;-8.642404019516711;6.907002966380134;180.13491255010234
VEHICLE_UPDATES;134000000000;veh_23;41.00467320250252;-8.642758649946588;7.746188794367742;90.72293676843753
VEHICLE_UPDATES;134000000000;veh_24;41.00634362857449;-8.642360421427483;7.860672623488908;180.1912402094153
VEHICLE_UPDATES;134000000000;veh_25;41.004648343814914;-8.643738703214938;7.210973769887166;90.16591395568926
VEHICLE_UPDATES;135000000000;veh_0;41.00390966968901;-8.642428896088019;7.051067253240487;180.0313710165426
VEHICLE_UPDATES;135000000000;veh_2;41.0038505544569;-8.642391326302302;7.084928097917851;180.11922223629136
VEHICLE_UPDATES;135000000000;veh_4;41.00398741714509;-8.642390190100013;7.122229176929851;180.5898970918043
VEHICLE_UPDATES;135000000000;veh_6;41.00403562841686;-8.64242733082677;6.54962167314967;180.5550763282368
VEHICLE_UPDATES;135000000000;veh_8;41.00419106770535;-8.6424245246219;6.118605032149675;180.54709486564582
VEHICLE_UPDATES;135000000000;veh_10;41.00415541820782;-8.642387110268809;6.719309273723113;180.5470948656455
VEHICLE_UPDATES;135000000000;veh_12;41.00437845411474;-8.642421149636515;6.486790163708851;180.54709486564582
VEHICLE_UPDATES;135000000000;veh_14;41.00430480935381;-8.642384419529177;6.834593581668623;180.5470948656459
VEHICLE_UPDATES;135000000000;veh_16;41.00472832980015;-8.642415107530482;0.0;180.29993154303912
VEHICLE_UPDATES;135000000000;veh_17;41.00464103204156;-8.642494965566323;0.0;90.72339311942727
VEHICLE_UPDATES;135000000000;veh_18;41.00472037719687;-8.642377151556826;0.0;180.29988793645856
VEHICLE_UPDATES;135000000000;veh_19;41.00466985629917;-8.64249433612498;0.0;90.72293676843755
VEHICLE_UPDATES;135000000000;veh_20;41.004797386114475;-8.642414257035423;3.781226429995836;180.29993154303952
VEHICLE_UPDATES;135000000000;veh_21;41.00464201092127;-8.642572244675009;0.0;90.72339311942727
VEHICLE_UPDATES;135000000000;veh_22;41.00569463469662;-8.642404559356388;7.039006391022742;180.13491255010234
VEHICLE_UPDATES;135000000000;veh_23;41.00467199784352;-8.642663489415648;8.003505303885584;90.72293676843755
VEHICLE_UPDATES;135000000000;veh_24;41.006266385719954;-8.642361179400162;8.574968853580621;180.19124020941572
VEHICLE_UPDATES;135000000000;veh_25;41.004647769333964;-8.64365414772173;7.112456011720749;90.33703010985688
VEHICLE_UPDATES;136000000000;veh_0;41.00384666276628;-8.642429409752593;6.989484849051675;180.11924835566708
VEHICLE_UPDATES;136000000000;veh_2;41.00378860446321;-8.642391831347311;6.882237135960874;180.11922223629097
VEHICLE_UPDATES;136000000000;veh_4;41.003920422441865;-8.642390760508508;7.44275384804925;180.0
VEHICLE_UPDATES;136000000000;veh_6;41.003979902320545;-8.642428388479464;6.182329291246723;180.58913892279796
VEHICLE_UPDATES;136000000000;veh_8;41.004132746405354;-8.642425575032412;6.470178390416289;180.54709486564582
VEHICLE_UPDATES;136000000000;veh_10;41.00409594703815;-8.642388181422142;6.607345410867195;180.5470948656459
VEHICLE_UPDATES;136000000000;veh_12;41.004329649629966;-8.642422028648175;5.414380913843401;180.54709486564582
VEHICLE_UPDATES;136000000000;veh_14;41.00424714244674;-8.642385458191077;6.406889021913112;180.5470948656459
VEHICLE_UPDATES;136000000000;veh_16;41.00472832980015;-8.642415107530482;0.0;180.29993154303912
VEHICLE_UPDATES;136000000000;veh_17;41.00464103204156;-8.642494965566323;0.0;90.72339311942727
VEHICLE_UPDATES;136000000000;veh_18;41.00472037719687;-8.642377151556826;0.0;180.29988793645856
VEHICLE_UPDATES;136000000000;veh_19;41.00466985629917;-8.64249433612498;0.0;90.72293676843755
VEHICLE_UPDATES;136000000000;veh_20;41.00478720926378;-8.64237632848451;1.09708455757906;180.29988793645856
VEHICLE_UPDATES;136000000000;veh_21;41.00464201092127;-8.642572244675009;0.0;90.72339311942727
VEHICLE_UPDATES;136000000000;veh_22;41.00563079745477;-8.642405102879554;7.087055028993092;180.13491255010234
VEHICLE_UPDATES;136000000000;veh_23;41.00467125435951;-8.642604761924147;4.939293645702151;90.72293676843755
VEHICLE_UPDATES;136000000000;veh_24;41.00619606274464;-8.642361869466981;7.806771496834089;180.1912402094153
VEHICLE_UPDATES;136000000000;veh_25;41.00464793328852;-8.64357071140758;7.018079405878486;89.57905898949569
VEHICLE_UPDATES;137000000000;veh_0;41.003782628248366;-8.642429931793194;7.103477973785354;180.11924835566708
VEHICLE_UPDATES;137000000000;veh_2;41.00372745318777;-8.642392329879458;6.793504715447467;180.11922223629136
VEHICLE_UPDATES;137000000000;veh_4;41.003863097527244;-8.642391224045225;6.36841968661388;180.11922223629097
VEHICLE_UPDATES;137000000000;veh_6;41.00392222867725;-8.642428802143558;6.397864233210219;180.0
VEHICLE_UPDATES;137000000000;veh_8;41.00407565772535;-8.642426603240345;6.333431180921356;180.54709486564582
VEHICLE_UPDATES;137000000000;veh_10;41.004028304386964;-8.642389413343288;7.515226486383538;180.56347772765173
VEHICLE_UPDATES;137000000000;veh_12;41.00427694271905;-8.642422977944204;5.847316928334535;180.54709486564582
VEHICLE_UPDATES;137000000000;veh_14;41.00418358158442;-8.642386603008852;7.061717149409988;180.5470948656459
VEHICLE_UPDATES;137000000000;veh_16;41.00472832980015;-8.642415107530482;0.0;180.29993154303912
VEHICLE_UPDATES;137000000000;veh_17;41.00464103204156;-8.642494965566323;0.0;90.72339311942727
VEHICLE_UPDATES;137000000000;veh_18;41.00472037719687;-8.642377151556826;0.0;180.29988793645856
VEHICLE_UPDATES;137000000000;veh_19;41.00466985629917;-8.64249433612498;0.0;90.72293676843755
VEHICLE_UPDATES;137000000000;veh_20;41.004779319074125;-8.642376425656488;0.875928112254402;180.2998879364582
VEHICLE_UPDATES;137000000000;veh_21;41.00464201092127;-8.642572244675009;0.0;90.72339311942727
VEHICLE_UPDATES;137000000000;veh_22;41.0055733409336;-8.642405592074693;6.378682901937902;180.13491255010234
VEHICLE_UPDATES;137000000000;veh_23;41.004670971209;-8.642582396605533;1.881042000844925;90.72293676843755
VEHICLE_UPDATES;137000000000;veh_24;41.00612849031293;-8.64236253254131;7.5014250325615;180.1912402094153
VEHICLE_UPDATES;137000000000;veh_25;41.004648133906294;-8.643489593865734;6.823025137623588;89.57905898949569
VEHICLE_UPDATES;138000000000;veh_0;41.003722898590254;-8.642430418737165;6.625931138024768;180.11924835566748
VEHICLE_UPDATES;138000000000;veh_2;41.00366618988163;-8.642392829323592;6.805950518969599;180.11922223629097
VEHICLE_UPDATES;138000000000;veh_4;41.003797864700715;-8.642391755853657;7.246938304169785;180.11922223629097
VEHICLE_UPDATES;138000000000;veh_6;41.00385171726508;-8.642429368545793;7.821969347630857;180.11924835566708
VEHICLE_UPDATES;138000000000;veh_8;41.004019680498395;-8.642427633510291;6.210152259823839;180.57367329693741
VEHICLE_UPDATES;138000000000;veh_10;41.00396401780688;-8.642390524845242;7.142334713146623;180.45756703221147
VEHICLE_UPDATES;138000000000;veh_12;41.0042176764137;-8.642424045378293;6.57501760135498;180.54709486564582
VEHICLE_UPDATES;138000000000;veh_14;41.004125438658875;-8.642387650239876;6.459775323611275;180.5470948656459
VEHICLE_UPDATES;138000000000;veh_16;41.00472832980015;-8.642415107530482;0.0;180.29993154303912
VEHICLE_UPDATES;138000000000;veh_17;41.00464103204156;-8.642494965566323;0.0;90.72339311942727
VEHICLE_UPDATES;138000000000;veh_18;41.00472037719687;-8.642377151556826;0.0;180.29988793645856
VEHICLE_UPDATES;138000000000;veh_19;41.00466985629917;-8.64249433612498;0.0;90.72293676843755
VEHICLE_UPDATES;138000000000;veh_20;41.00477908298346;-8.642376428564072;0.026209566172624;180.2998879364582
VEHICLE_UPDATES;138000000000;veh_21;41.00464201092127;-8.642572244675009;0.0;90.72339311942727
VEHICLE_UPDATES;138000000000;veh_22;41.00550661894286;-8.642406160156185;7.407312662498481;180.13491255010234
VEHICLE_UPDATES;138000000000;veh_23;41.0046708695472;-8.642574366689242;0.675358583796447;90.72293676843753
VEHICLE_UPDATES;138000000000;veh_24;41.00606047993221;-8.642363199911264;7.550043021595893;180.1912402094153
VEHICLE_UPDATES;138000000000;veh_25;41.004648331891566;-8.643409518112739;6.735397333553808;89.57905898949569
VEHICLE_REGISTRATION;138714285705;veh_26;[src.main.java.CarSendsCamAPP, src.main.java.EventProcessingApp, src.main.java.MainCarApp];Car
VEHICLE_REGISTRATION;138714285705;veh_27;[src.main.java.CarSendsCamAPP, src.main.java.EventProcessingApp, src.main.java.MainCarApp];Car_0
VEHICLE_UPDATES;139000000000;veh_0;41.00366076436795;-8.64243092528291;6.892674207888646;180.11924835566708
VEHICLE_UPDATES;139000000000;veh_2;41.00360034432451;-8.642393366122663;7.31500838910431;180.11922223629097
VEHICLE_UPDATES;139000000000;veh_4;41.003733120622016;-8.642392283676093;7.192641548161343;180.11922223629136
VEHICLE_UPDATES;139000000000;veh_6;41.003788650438665;-8.642429882697426;6.996130014179037;180.11924835566708
VEHICLE_UPDATES;139000000000;veh_8;41.00395477865815;-8.64242862620703;7.200113257422085;180.30134483068653
VEHICLE_UPDATES;139000000000;veh_10;41.003902911571515;-8.642390899461814;6.788447869673903;180.05339642658473
VEHICLE_UPDATES;139000000000;veh_12;41.004169215486066;-8.64242491819708;5.376266452098266;180.54709486564582
VEHICLE_UPDATES;139000000000;veh_14;41.004065430851654;-8.642388731057562;6.666966697368362;180.5470948656459
VEHICLE_UPDATES;139000000000;veh_16;41.00472832980015;-8.642415107530482;0.0;180.29993154303912
VEHICLE_UPDATES;139000000000;veh_17;41.00464103204156;-8.642494965566323;0.0;90.72339311942727
VEHICLE_UPDATES;139000000000;veh_18;41.00472037719687;-8.642377151556826;0.0;180.29988793645856
VEHICLE_UPDATES;139000000000;veh_19;41.00466985629917;-8.64249433612498;0.0;90.72293676843755
VEHICLE_UPDATES;139000000000;veh_20;41.004778989299226;-8.642376429717846;0.010400339724163;180.2998879364582
VEHICLE_UPDATES;139000000000;veh_21;41.00464201092127;-8.642572244675009;0.0;90.72339311942727
VEHICLE_UPDATES;139000000000;veh_22;41.00544029058672;-8.642406724884587;7.363612223783895;180.13491255010234
VEHICLE_UPDATES;139000000000;veh_23;41.00467084055727;-8.642572076881965;0.192584947014668;90.72293676843753
VEHICLE_UPDATES;139000000000;veh_24;41.005983286888;-8.642363983381754;8.569455653859158;180.22150319873154
VEHICLE_UPDATES;139000000000;veh_25;41.00464841601438;-8.643327677830058;6.883807210619377;89.7669942082953
VEHICLE_UPDATES;140000000000;veh_0;41.0036001412164;-8.642431419508414;6.725048017633251;180.11924835566708
VEHICLE_UPDATES;140000000000;veh_2;41.003538732348076;-8.642393868406508;6.844685340898264;180.11922223629136
VEHICLE_UPDATES;140000000000;veh_4;41.003667003969134;-8.642392822686817;7.345125434148637;180.11922223629097
VEHICLE_UPDATES;140000000000;veh_6;41.003732567403496;-8.642430339912586;6.221403925682813;180.11924835566708
VEHICLE_UPDATES;140000000000;veh_8;41.003896555713574;-8.642429002999952;6.458746334007914;180.07474045555364
VEHICLE_UPDATES;140000000000;veh_10;41.00383597133599;-8.642391445190773;7.436620271869535;180.11922223629097
VEHICLE_UPDATES;140000000000;veh_12;41.00411723375635;-8.64242585442652;5.766864991850221;180.54709486564582
VEHICLE_UPDATES;140000000000;veh_14;41.00400268182556;-8.642389900108876;6.971566417188906;180.5898970918043
VEHICLE_UPDATES;140000000000;veh_16;41.00472832980015;-8.642415107530482;0.0;180.29993154303912
VEHICLE_UPDATES;140000000000;veh_17;41.00464103204156;-8.642494965566323;0.0;90.72339311942727
VEHICLE_UPDATES;140000000000;veh_18;41.00472037719687;-8.642377151556826;0.0;180.29988793645856
VEHICLE_UPDATES;140000000000;veh_19;41.00466985629917;-8.64249433612498;0.0;90.72293676843755
VEHICLE_UPDATES;140000000000;veh_20;41.004778958283495;-8.642376430099821;0.00344320777159;180.29988793645856
VEHICLE_UPDATES;140000000000;veh_21;41.00464201092127;-8.642572244675009;0.0;90.72339311942727
VEHICLE_UPDATES;140000000000;veh_22;41.005380960799855;-8.642407230024876;6.586648070946723;180.13491255010234
VEHICLE_UPDATES;140000000000;veh_23;41.0046708368839;-8.64257178673643;0.024402779894111;90.72293676843753
VEHICLE_UPDATES;140000000000;veh_24;41.005914920600034;-8.642364630594013;7.589540834316839;180.13560027009657
VEHICLE_UPDATES;140000000000;veh_25;41.00464829582564;-8.643238895209345;7.467728736572714;89.86833624206884
VEHICLE_UPDATES;141000000000;veh_0;41.00353834569742;-8.6424319232902;6.855101019415176;180.11924835566708
VEHICLE_UPDATES;141000000000;veh_2;41.00347424659574;-8.642394394116998;7.163942864832621;180.11922223629097
VEHICLE_UPDATES;141000000000;veh_4;41.00360818920363;-8.64239330216818;6.533933682420157;180.11922223629097
VEHICLE_UPDATES;141000000000;veh_6;41.00367174870296;-8.642430835733839;6.746740746320945;180.11924835566708
VEHICLE_UPDATES;141000000000;veh_8;41.00384141201958;-8.642429452559293;6.117201036895598;180.11924835566708
VEHICLE_UPDATES;141000000000;veh_10;41.00377315999226;-8.642391957257571;6.977927445771704;180.11922223629097
VEHICLE_UPDATES;141000000000;veh_12;41.004067829209205;-8.642426744237351;5.480951717529447;180.54709486564582
VEHICLE_UPDATES;141000000000;veh_14;41.00394201655735;-8.642390643777361;6.739764125020765;180.09711314868906
VEHICLE_UPDATES;141000000000;veh_16;41.00472832980015;-8.642415107530482;0.0;180.29993154303912
VEHICLE_UPDATES;141000000000;veh_17;41.00464103204156;-8.642494965566323;0.0;90.72339311942727
VEHICLE_UPDATES;141000000000;veh_18;41.00472037719687;-8.642377151556826;0.0;180.29988793645856
VEHICLE_UPDATES;141000000000;veh_19;41.00466985629917;-8.64249433612498;0.0;90.72293676843755
VEHICLE_UPDATES;141000000000;veh_20;41.00477894489514;-8.642376430264704;0.001486304938621;180.29988793645816
VEHICLE_UPDATES;141000000000;veh_21;41.00464201092127;-8.642572244675009;0.0;90.72339311942727
VEHICLE_UPDATES;141000000000;veh_22;41.00531372360327;-8.64240789776866;7.464572526509329;180.24968813081858
VEHICLE_UPDATES;141000000000;veh_23;41.00467083584606;-8.642571704762265;0.006894462309496;90.72293676843753
VEHICLE_UPDATES;141000000000;veh_24;41.00584221902949;-8.64240330278785;8.098000711097237;180.13491255010234
VEHICLE_UPDATES;141000000000;veh_25;41.00464817593735;-8.643150384788056;7.444833428966628;89.86833624206884
VEHICLE_UPDATES;141000000000;veh_26;41.006559630858256;-8.64239635564946;7.860285723029136;180.14875794705137
VEHICLE_UPDATES;141000000000;veh_27;41.00467851741003;-8.643993607495995;7.252419064377522;90.16591395568992
VEHICLE_UPDATES;142000000000;veh_0;41.003480370328816;-8.642432395927356;6.431323999623871;180.11924835566748
VEHICLE_UPDATES;142000000000;veh_2;41.003414566346095;-8.642394880650025;6.630083055041883;180.11922223629097
VEHICLE_UPDATES;142000000000;veh_4;41.00353975359459;-8.642393860080936;7.602746048871903;180.11922223629136
VEHICLE_UPDATES;142000000000;veh_6;41.00361196181338;-8.642431323142024;6.632279811054882;180.11924835566708
VEHICLE_UPDATES;142000000000;veh_8;41.00378127193212;-8.64242994285053;6.671460959786522;180.11924835566708
VEHICLE_UPDATES;142000000000;veh_10;41.00371156936805;-8.642392459371138;6.842313457781049;180.11922223629136
VEHICLE_UPDATES;142000000000;veh_12;41.00401897840083;-8.642427646835747;5.419546562653036;180.57449201736375
VEHICLE_UPDATES;142000000000;veh_14;41.00387990759273;-8.642391087001482;6.899870593105034;180.11922223629097
VEHICLE_UPDATES;142000000000;veh_16;41.00472832980015;-8.642415107530482;0.0;180.29993154303912
VEHICLE_UPDATES;142000000000;veh_17;41.00464103204156;-8.642494965566323;0.0;90.72339311942727
VEHICLE_UPDATES;142000000000;veh_18;41.00472037719687;-8.642377151556826;0.0;180.29988793645856
VEHICLE_UPDATES;142000000000;veh_19;41.00466985629917;-8.64249433612498;0.0;90.72293676843755
VEHICLE_UPDATES;142000000000;veh_20;41.00477893751651;-8.642376430355577;0.000819137574399;180.29988793645856
VEHICLE_UPDATES;142000000000;veh_21;41.00464201092127;-8.642572244675009;0.0;90.72339311942727
VEHICLE_UPDATES;142000000000;veh_22;41.00525081745634;-8.642408672534263;6.983845374076083;180.29993154303912
VEHICLE_UPDATES;142000000000;veh_23;41.00467083516637;-8.642571651074762;0.004515403959121;90.72293676843753
VEHICLE_UPDATES;142000000000;veh_24;41.00577095757547;-8.642403909526022;7.911273173929048;180.13491255010234
VEHICLE_UPDATES;142000000000;veh_25;41.00464806636161;-8.643069531729232;6.800753534510547;89.86833624206722
VEHICLE_UPDATES;142000000000;veh_26;41.00648657690026;-8.642397072481572;8.110328970459722;180.19124020941547
VEHICLE_UPDATES;142000000000;veh_27;41.00467805528156;-8.643906125463593;7.356853421844629;90.16591395568992
VEHICLE_UPDATES;143000000000;veh_0;41.00342289933239;-8.642432864451496;6.375372916870854;180.11924835566748
VEHICLE_UPDATES;143000000000;veh_2;41.00334744494905;-8.642395427844214;7.456745486675914;180.11922223629097
VEHICLE_UPDATES;143000000000;veh_4;41.00348395095951;-8.642394315003713;6.199305663696335;180.11922223629136
VEHICLE_UPDATES;143000000000;veh_6;41.00355386601895;-8.642431796762459;6.444683160628913;180.11924835566708
VEHICLE_UPDATES;143000000000;veh_8;41.00371865892173;-8.642430453300866;6.945787203201066;180.11924835566708
VEHICLE_UPDATES;143000000000;veh_10;41.003649222794856;-8.642392967646153;6.926294344535629;180.11922223629097
VEHICLE_UPDATES;143000000000;veh_12;41.00396502174791;-8.64242857084185;5.985947142994032;180.46870164547295
VEHICLE_UPDATES;143000000000;veh_14;41.00382166121909;-8.642391561853515;6.470789325893448;180.11922223629136
VEHICLE_UPDATES;143000000000;veh_16;41.00472832980015;-8.642415107530482;0.0;180.29993154303912
VEHICLE_UPDATES;143000000000;veh_17;41.00464103204156;-8.642494965566323;0.0;90.72339311942727
VEHICLE_UPDATES;143000000000;veh_18;41.00472037719687;-8.642377151556826;0.0;180.29988793645856
VEHICLE_UPDATES;143000000000;veh_19;41.00466985629917;-8.64249433612498;0.0;90.72293676843755
VEHICLE_UPDATES;143000000000;veh_20;41.00477893751651;-8.642376430355577;0.0;180.29988793645856
VEHICLE_UPDATES;143000000000;veh_21;41.00464201092127;-8.642572244675009;0.0;90.72339311942727
VEHICLE_UPDATES;143000000000;veh_22;41.00519265632246;-8.642409388857567;6.457053583715498;180.29993154303952
VEHICLE_UPDATES;143000000000;veh_23;41.004670834951746;-8.642571634123277;0.00142571002219;90.72293676843755
VEHICLE_UPDATES;143000000000;veh_24;41.005697014181855;-8.64240453909694;8.209015474409652;180.13491255010234
VEHICLE_UPDATES;143000000000;veh_25;41.004647185347295;-8.642980815412145;7.462933459221201;90.72339311942727
VEHICLE_UPDATES;143000000000;veh_26;41.00641200497655;-8.642397804206277;8.278850890539088;180.19124020941547
VEHICLE_UPDATES;143000000000;veh_27;41.00467753903899;-8.64380841436314;8.217073137939064;90.16591395568828
VEHICLE_UPDATES;144000000000;veh_0;41.003362585795024;-8.642433356147784;6.690701615359737;180.11924835566708
VEHICLE_UPDATES;144000000000;veh_2;41.00328611222083;-8.642395927845998;6.813662399856526;180.11922223629136
VEHICLE_UPDATES;144000000000;veh_4;41.00341207023994;-8.642394900999074;7.985474992409812;180.11922223629136
VEHICLE_UPDATES;144000000000;veh_6;41.003494285365925;-8.642432282486814;6.609401439310467;180.11924835566708
VEHICLE_UPDATES;144000000000;veh_8;41.00365460950709;-8.642430975459993;7.105130338767516;180.11924835566748
VEHICLE_UPDATES;144000000000;veh_10;41.003588664343404;-8.642393461342335;6.727645701763752;180.11922223629136
VEHICLE_UPDATES;144000000000;veh_12;41.00390533074845;-8.642428931461321;6.621588485837915;180.04572039547728
VEHICLE_UPDATES;144000000000;veh_14;41.003764343058855;-8.642392029137131;6.36767085206654;180.11922223629136
VEHICLE_UPDATES;144000000000;veh_16;41.00472832980015;-8.642415107530482;0.0;180.29993154303912
VEHICLE_UPDATES;144000000000;veh_17;41.00464103204156;-8.642494965566323;0.0;90.72339311942727
VEHICLE_UPDATES;144000000000;veh_18;41.00472037719687;-8.642377151556826;0.0;180.29988793645856
VEHICLE_UPDATES;144000000000;veh_19;41.00466985629917;-8.64249433612498;0.0;90.72293676843755
VEHICLE_UPDATES;144000000000;veh_20;41.00477893751651;-8.642376430355577;0.0;180.29988793645856
VEHICLE_UPDATES;144000000000;veh_21;41.00464201092127;-8.642572244675009;0.0;90.72339311942727
VEHICLE_UPDATES;144000000000;veh_22;41.00512430966643;-8.642410230625563;7.587850955449432;180.29993154303952
VEHICLE_UPDATES;144000000000;veh_23;41.00467083492831;-8.642571632272851;0.000155630537752;90.72293676843753
VEHICLE_UPDATES;144000000000;veh_24;41.00562806611363;-8.64240512613471;7.654446520550963;180.13491255010274
VEHICLE_UPDATES;144000000000;veh_25;41.00464611946586;-8.642896644457558;7.080808045593837;90.72339311942727
VEHICLE_UPDATES;144000000000;veh_26;41.006334574910504;-8.642398563973641;8.596156984294266;180.19124020941547
VEHICLE_UPDATES;144000000000;veh_27;41.004677073521215;-8.643720317567814;7.408552579625597;90.16591395568992
VEHICLE_UPDATES;145000000000;veh_0;41.00330714214597;-8.642433808141956;6.150475081094643;180.11924835566708
VEHICLE_UPDATES;145000000000;veh_2;41.003218180607625;-8.642396481642198;7.546754999078964;180.11922223629097
VEHICLE_UPDATES;145000000000;veh_4;41.00334994629733;-8.642395407452485;6.901561189360754;180.11922223629136
VEHICLE_UPDATES;145000000000;veh_6;41.00343264424704;-8.642432785007546;6.837972980730494;180.11924835566708
VEHICLE_UPDATES;145000000000;veh_8;41.00359885798511;-8.642431429969841;6.184628356719363;180.11924835566708
VEHICLE_UPDATES;145000000000;veh_10;41.00352613339849;-8.642393971117686;6.946776681218828;180.11922223629136
VEHICLE_UPDATES;145000000000;veh_12;41.00385626239045;-8.64242933149165;5.443251791560091;180.11924835566748
VEHICLE_UPDATES;145000000000;veh_14;41.00370786053099;-8.642392489607149;6.274837528080271;180.11922223629097
VEHICLE_UPDATES;145000000000;veh_16;41.00472832980015;-8.642415107530482;0.0;180.29993154303912
VEHICLE_UPDATES;145000000000;veh_17;41.00464103204156;-8.642494965566323;0.0;90.72339311942727
VEHICLE_UPDATES;145000000000;veh_18;41.00472037719687;-8.642377151556826;0.0;180.29988793645856
VEHICLE_UPDATES;145000000000;veh_19;41.00466985629917;-8.64249433612498;0.0;90.72293676843755
VEHICLE_UPDATES;145000000000;veh_20;41.00477893751651;-8.642376430355577;0.0;180.29988793645856
VEHICLE_UPDATES;145000000000;veh_21;41.00464201092127;-8.642572244675009;0.0;90.72339311942727
VEHICLE_UPDATES;145000000000;veh_22;41.00506496778962;-8.642410961487473;6.588139607263185;180.29993154303952
VEHICLE_UPDATES;145000000000;veh_23;41.00467083492831;-8.642571632272851;0.0;90.72293676843753
VEHICLE_UPDATES;145000000000;veh_24;41.00555166011923;-8.642405776668726;8.482407201395226;180.13491255010234
VEHICLE_UPDATES;145000000000;veh_25;41.00464512299552;-8.642817959176652;6.619330777781831;90.72339311942727
VEHICLE_UPDATES;145000000000;veh_26;41.00626283644538;-8.642399267891106;7.96428482356152;180.19124020941547
VEHICLE_UPDATES;145000000000;veh_27;41.004676628981514;-8.64362316865054;8.169883216588845;89.9135503777577
VEHICLE_UPDATES;146000000000;veh_0;41.00324429218771;-8.64243432051338;6.972071727985619;180.11924835566708
VEHICLE_UPDATES;146000000000;veh_2;41.00315193692933;-8.642397021676329;7.359236458704959;180.11922223629097
VEHICLE_UPDATES;146000000000;veh_4;41.00328192922733;-8.642395961946898;7.556248772565263;180.11922223629136
VEHICLE_UPDATES;146000000000;veh_6;41.00338225343566;-8.64243319581069;5.589953743181376;180.11924835566708
VEHICLE_UPDATES;146000000000;veh_8;41.0035408769787;-8.64243190265421;6.431949482398081;180.11924835566708
VEHICLE_UPDATES;146000000000;veh_10;41.003462604028634;-8.642394489031135;7.057695045846115;180.11922223629097
VEHICLE_UPDATES;146000000000;veh_12;41.00380471630091;-8.642429751720789;5.718111490631476;180.11924835566748
VEHICLE_UPDATES;146000000000;veh_14;41.003644616578136;-8.64239300519788;7.025987318069265;180.11922223629136
VEHICLE_UPDATES;146000000000;veh_16;41.00472832980015;-8.642415107530482;0.0;180.29993154303912
VEHICLE_UPDATES;146000000000;veh_17;41.00464103204156;-8.642494965566323;0.0;90.72339311942727
VEHICLE_UPDATES;146000000000;veh_18;41.00472037719687;-8.642377151556826;0.0;180.29988793645856
VEHICLE_UPDATES;146000000000;veh_19;41.00466985629917;-8.64249433612498;0.0;90.72293676843755
VEHICLE_UPDATES;146000000000;veh_20;41.00477893751651;-8.642376430355577;0.0;180.29988793645856
VEHICLE_UPDATES;146000000000;veh_21;41.00464201092127;-8.642572244675009;0.0;90.72339311942727
VEHICLE_UPDATES;146000000000;veh_22;41.00499986814721;-8.642411763260782;7.227367095061965;180.29993154303952
VEHICLE_UPDATES;146000000000;veh_23;41.00467083492831;-8.642571632272851;0.0;90.72293676843753
VEHICLE_UPDATES;146000000000;veh_24;41.00548546279936;-8.642406340282566;7.349064954800387;180.13491255010234
VEHICLE_UPDATES;146000000000;veh_25;41.004644165901155;-8.642742387176554;6.357428957796471;90.72339311942727
VEHICLE_UPDATES;146000000000;veh_26;41.00619178164954;-8.642399965098157;7.888384900643922;180.19124020941587
VEHICLE_UPDATES;146000000000;veh_27;41.00467686797464;-8.643526638211899;8.11763088567843;89.57888711286945
VEHICLE_UPDATES;147000000000;veh_0;41.00318669032429;-8.642434790099546;6.389889989994569;180.11924835566748
VEHICLE_UPDATES;147000000000;veh_2;41.00308859187579;-8.642397606899639;7.037273069650087;180.20218436817925
VEHICLE_UPDATES;147000000000;veh_4;41.00322280796046;-8.642396443918866;6.567983524195929;180.11922223629136
VEHICLE_UPDATES;147000000000;veh_6;41.00331771571293;-8.642433721942977;7.159298913679226;180.11924835566708
VEHICLE_UPDATES;147000000000;veh_8;41.003477081816584;-8.642432422736517;7.076925372431027;180.11924835566748
VEHICLE_UPDATES;147000000000;veh_10;41.003403350958656;-8.642394972081409;6.582626191189113;180.11922223629136
VEHICLE_UPDATES;147000000000;veh_12;41.00375630917522;-8.642430146358684;5.369899863527157;180.11924835566708
VEHICLE_UPDATES;147000000000;veh_14;41.00359001519921;-8.642431502059848;5.947633905061112;180.11924835566748
VEHICLE_UPDATES;147000000000;veh_16;41.00472832980015;-8.642415107530482;0.0;180.29993154303912
VEHICLE_UPDATES;147000000000;veh_17;41.00464103204156;-8.642494965566323;0.0;90.72339311942727
VEHICLE_UPDATES;147000000000;veh_18;41.00472037719687;-8.642377151556826;0.0;180.29988793645856
VEHICLE_UPDATES;147000000000;veh_19;41.00466985629917;-8.64249433612498;0.0;90.72293676843755
VEHICLE_UPDATES;147000000000;veh_20;41.00477893751651;-8.642376430355577;0.0;180.29988793645856
VEHICLE_UPDATES;147000000000;veh_21;41.00464201092127;-8.642572244675009;0.0;90.72339311942727
VEHICLE_UPDATES;147000000000;veh_22;41.00494195954208;-8.642412476466879;6.429017536942303;180.29993154303952
VEHICLE_UPDATES;147000000000;veh_23;41.00467083492831;-8.642571632272851;0.0;90.72293676843753
VEHICLE_UPDATES;147000000000;veh_24;41.00541610278284;-8.642406930822348;7.700179729807978;180.13491255010234
VEHICLE_UPDATES;147000000000;veh_25;41.00464326485912;-8.642671244635292;5.984804770434419;90.72339311942727
VEHICLE_UPDATES;147000000000;veh_26;41.00611153559788;-8.64240075248959;8.908782670117416;180.19124020941547
VEHICLE_UPDATES;147000000000;veh_27;41.00467708732476;-8.643438012923252;7.452855178687808;89.57888711286945
VEHICLE_UPDATES;148000000000;veh_0;41.00312885435217;-8.642435261593043;6.41586007223568;180.11924835566708
VEHICLE_UPDATES;148000000000;veh_2;41.003017209674574;-8.642436862930097;7.719907940637473;180.49607964342562
VEHICLE_UPDATES;148000000000;veh_4;41.0031568795426;-8.642396981383031;7.324213104666794;180.11922223629136
VEHICLE_UPDATES;148000000000;veh_6;41.003263196142065;-8.642434166402907;6.047965187649826;180.11924835566748
VEHICLE_UPDATES;148000000000;veh_8;41.0034145233691;-8.64243293273525;6.93973406109118;180.11924835566708
VEHICLE_UPDATES;148000000000;veh_10;41.003340960912205;-8.642395480703984;6.931123563193316;180.11922223629097
VEHICLE_UPDATES;148000000000;veh_12;41.00370446166665;-8.642430569043288;5.751548409309239;180.11924835566748
VEHICLE_UPDATES;148000000000;veh_14;41.00353433470414;-8.642431955989375;6.176749127982462;180.11924835566708
VEHICLE_UPDATES;148000000000;veh_16;41.00472832980015;-8.642415107530482;0.0;180.29993154303912
VEHICLE_UPDATES;148000000000;veh_17;41.00464103204156;-8.642494965566323;0.0;90.72339311942727
VEHICLE_UPDATES;148000000000;veh_18;41.00472037719687;-8.642377151556826;0.0;180.29988793645856
VEHICLE_UPDATES;148000000000;veh_19;41.00466985629917;-8.64249433612498;0.0;90.72293676843755
VEHICLE_UPDATES;148000000000;veh_20;41.00477893751651;-8.642376430355577;0.0;180.29988793645856
VEHICLE_UPDATES;148000000000;veh_21;41.00464201092127;-8.642572244675009;0.0;90.72339311942727
VEHICLE_UPDATES;148000000000;veh_22;41.00488293954599;-8.642413203359274;6.552404174832083;180.29993154303952
VEHICLE_UPDATES;148000000000;veh_23;41.00467083492831;-8.642571632272851;0.0;90.72293676843753
VEHICLE_UPDATES;148000000000;veh_24;41.00535006427612;-8.642407493080743;7.331433732632403;180.13491255010234
VEHICLE_UPDATES;148000000000;veh_25;41.0046430413076;-8.642653594471819;1.484804770434419;90.72339311942727
VEHICLE_UPDATES;148000000000;veh_26;41.00603938432427;-8.642401460451092;8.010113817971632;180.19124020941547
VEHICLE_UPDATES;148000000000;veh_27;41.00467727065189;-8.643348701900292;7.510518224953761;89.63875456792353
VEHICLE_REGISTRATION;148999999990;veh_28;[src.main.java.CarSendsCamAPP, src.main.java.EventProcessingApp, src.main.java.MainCarApp];Car
VEHICLE_REGISTRATION;148999999990;veh_29;[src.main.java.CarSendsCamAPP, src.main.java.EventProcessingApp, src.main.java.MainCarApp];Car_0
VEHICLE_UPDATES;149000000000;veh_0;41.00307880912031;-8.642435825925828;5.551741973911518;180.307454496078
VEHICLE_UPDATES;149000000000;veh_2;41.00295065594656;-8.64243798333526;7.383397530105118;180.49607964342522
VEHICLE_UPDATES;149000000000;veh_4;41.00307175460889;-8.642397890339776;9.456990733225481;180.37840156746455
VEHICLE_UPDATES;149000000000;veh_6;41.00320765028774;-8.642434619228322;6.161812807732146;180.11924835566748
VEHICLE_UPDATES;149000000000;veh_8;41.00335530566122;-8.6424334154978;6.569139043945792;180.11924835566708
VEHICLE_UPDATES;149000000000;veh_10;41.00327378842033;-8.642396028312952;7.462421690009135;180.11922223629136
VEHICLE_UPDATES;149000000000;veh_12;41.00365595958654;-8.642430964453565;5.380433254419827;180.11924835566708
VEHICLE_UPDATES;149000000000;veh_14;41.003483914216936;-8.642432367036273;5.593245844019698;180.11924835566748
VEHICLE_UPDATES;149000000000;veh_16;41.00472832980015;-8.642415107530482;0.0;180.29993154303912
VEHICLE_UPDATES;149000000000;veh_17;41.00464103204156;-8.642494965566323;0.0;90.72339311942727
VEHICLE_UPDATES;149000000000;veh_18;41.00472037719687;-8.642377151556826;0.0;180.29988793645856
VEHICLE_UPDATES;149000000000;veh_19;41.00466985629917;-8.64249433612498;0.0;90.72293676843755
VEHICLE_UPDATES;149000000000;veh_20;41.00477893751651;-8.642376430355577;0.0;180.29988793645856
VEHICLE_UPDATES;149000000000;veh_21;41.00464201092127;-8.642572244675009;0.0;90.72339311942727
VEHICLE_UPDATES;149000000000;veh_22;41.004822851881265;-8.642413943399383;6.670936750768857;180.29993154303952
VEHICLE_UPDATES;149000000000;veh_23;41.00467083492831;-8.642571632272851;0.0;90.72293676843753
VEHICLE_UPDATES;149000000000;veh_24;41.00527663605572;-8.642408354547085;8.151978383364012;180.29993154303912
VEHICLE_UPDATES;149000000000;veh_25;41.00464300162255;-8.642650461222248;0.263581917447497;90.7233931194289
VEHICLE_UPDATES;149000000000;veh_26;41.00596219720226;-8.642402258669057;8.569211621309131;180.2215031987318
VEHICLE_UPDATES;149000000000;veh_27;41.004677141593305;-8.643253450156537;8.01007042997246;89.86843701764728
VEHICLE_UPDATES;150000000000;veh_0;41.00301401831399;-8.642436916655427;7.187821012727087;180.49607964342522
VEHICLE_UPDATES;150000000000;veh_2;41.002887806815956;-8.642439041372498;6.97241348246314;180.49607964342522
VEHICLE_UPDATES;150000000000;veh_4;41.00299318612347;-8.642399212966737;8.728984438352287;180.49603027982158
VEHICLE_UPDATES;150000000000;veh_6;41.00315094378147;-8.64243508151456;6.290566189852539;180.11924835566708
VEHICLE_UPDATES;150000000000;veh_8;41.00329614441044;-8.642433897798846;6.562876078422154;180.11924835566748
VEHICLE_UPDATES;150000000000;veh_10;41.00320820034355;-8.642396563003771;7.286403517553183;180.11922223629097
VEHICLE_UPDATES;150000000000;veh_12;41.003596075795144;-8.642431452651396;6.643029304836877;180.11924835566708
VEHICLE_UPDATES;150000000000;veh_14;41.00343078805428;-8.642432800139881;5.893391795041562;180.11924835566708
VEHICLE_UPDATES;150000000000;veh_16;41.00472832980015;-8.642415107530482;0.0;180.29993154303912
VEHICLE_UPDATES;150000000000;veh_17;41.00464103204156;-8.642494965566323;0.0;90.72339311942727
VEHICLE_UPDATES;150000000000;veh_18;41.00472037719687;-8.642377151556826;0.0;180.29988793645856
VEHICLE_UPDATES;150000000000;veh_19;41.00466985629917;-8.64249433612498;0.0;90.72293676843755
VEHICLE_UPDATES;150000000000;veh_20;41.00477893751651;-8.642376430355577;0.0;180.29988793645856
VEHICLE_UPDATES;150000000000;veh_21;41.00464201092127;-8.642572244675009;0.0;90.72339311942727
VEHICLE_UPDATES;150000000000;veh_22;41.0047913191193;-8.642414331756408;3.500769417578538;180.29993154303952
VEHICLE_UPDATES;150000000000;veh_23;41.00467083492831;-8.642571632272851;0.0;90.72293676843753
VEHICLE_UPDATES;150000000000;veh_24;41.00520828797896;-8.64240919633535;7.588008796411422;180.29993154303952
VEHICLE_UPDATES;150000000000;veh_25;41.004642993665016;-8.642649832952532;0.052852647909542;90.7233931194289
VEHICLE_UPDATES;150000000000;veh_26;41.00589200498303;-8.64240287889645;7.792583181878053;180.13491255010234
VEHICLE_UPDATES;150000000000;veh_27;41.00467702272408;-8.643165770021149;7.373346027240244;89.86843701764892
VEHICLE_UPDATES;151000000000;veh_0;41.002953773284936;-8.642437930856186;6.683517395652999;180.49607964342522
VEHICLE_UPDATES;151000000000;veh_2;41.00281835362804;-8.642440210583262;7.705060252144154;180.49607964342522
VEHICLE_UPDATES;151000000000;veh_4;41.00290646349074;-8.64240067285669;9.634912730710582;180.49603027982118
VEHICLE_UPDATES;151000000000;veh_6;41.003087945105676;-8.642435672124634;6.988630335695156;180.21197120228987
VEHICLE_UPDATES;151000000000;veh_8;41.00323443325545;-8.642434400886179;6.845741986372481;180.11924835566708
VEHICLE_UPDATES;151000000000;veh_10;41.00314519045954;-8.64239707667506;6.999983197299364;180.11922223629097
VEHICLE_UPDATES;151000000000;veh_12;41.003540867497186;-8.642431902731506;6.124367363528349;180.11924835566708
VEHICLE_UPDATES;151000000000;veh_14;41.00337555545158;-8.642433250414882;6.127063357368634;180.11924835566708
VEHICLE_UPDATES;151000000000;veh_16;41.00472832980015;-8.642415107530482;0.0;180.29993154303912
VEHICLE_UPDATES;151000000000;veh_17;41.00464084841703;-8.642479121153448;1.332113303686492;90.69623775008078
VEHICLE_UPDATES;151000000000;veh_18;41.00472037719687;-8.642377151556826;0.0;180.29988793645856
VEHICLE_UPDATES;151000000000;veh_19;41.004669565061484;-8.642465620498122;2.417984977830201;90.60784625600715
VEHICLE_UPDATES;151000000000;veh_20;41.00477893751651;-8.642376430355577;0.0;180.29988793645856
VEHICLE_UPDATES;151000000000;veh_21;41.00464201092127;-8.642572244675009;0.0;90.72339311942727
VEHICLE_UPDATES;151000000000;veh_22;41.00478890904527;-8.642414361438822;0.267566584401222;180.29993154303952
VEHICLE_UPDATES;151000000000;veh_23;41.00467083492831;-8.642571632272851;0.0;90.72293676843753
VEHICLE_UPDATES;151000000000;veh_24;41.005136495286024;-8.642410080545751;7.970430255436194;180.29993154303952
VEHICLE_UPDATES;151000000000;veh_25;41.004642991318306;-8.642649647672908;0.015586488518463;90.72339311942727
VEHICLE_UPDATES;151000000000;veh_26;41.00581506516628;-8.642403533982977;8.541671253025033;180.13491255010234
VEHICLE_UPDATES;151000000000;veh_27;41.00467689422826;-8.643071044402557;7.965826774781656;89.86843701764728
VEHICLE_UPDATES;151000000000;veh_28;41.00656084263815;-8.64235829044671;7.702286204314139;180.14766920786036
VEHICLE_UPDATES;151000000000;veh_29;41.00464957653391;-8.643972023647454;9.092602155788395;90.16591395569088
VEHICLE_UPDATES;152000000000;veh_0;41.00289591315727;-8.642438904905976;6.418938983898713;180.49607964342522
VEHICLE_UPDATES;152000000000;veh_2;41.0027583265241;-8.642441221108058;6.659340789068644;180.49607964342522
VEHICLE_UPDATES;152000000000;veh_4;41.002824996561266;-8.642402044267817;9.051002251965926;180.49603027982118
VEHICLE_UPDATES;152000000000;veh_6;41.003028894110564;-8.642436666227047;6.551052667693384;180.49607964342522
VEHICLE_UPDATES;152000000000;veh_8;41.00317650113529;-8.642434873164484;6.426526021497297;180.11924835566708
VEHICLE_UPDATES;152000000000;veh_10;41.00308454019336;-8.64239767510606;6.737927951931554;180.24458882645084
VEHICLE_UPDATES;152000000000;veh_12;41.00348571537204;-8.642432352352591;6.118135940875859;180.11924835566708
VEHICLE_UPDATES;152000000000;veh_14;41.00331691331242;-8.642433728484395;6.505290011344068;180.11924835566708
VEHICLE_UPDATES;152000000000;veh_16;41.00472832980015;-8.642415107530482;0.0;180.29993154303912
VEHICLE_UPDATES;152000000000;veh_17;41.00464049539941;-8.642436779288923;3.553553371666931;90.4053824256684
VEHICLE_UPDATES;152000000000;veh_18;41.00472037719687;-8.642377151556826;0.0;180.29988793645856
VEHICLE_UPDATES;152000000000;veh_19;41.004669171167585;-8.642418499805393;3.971082824165932;90.39760485622355
VEHICLE_UPDATES;152000000000;veh_20;41.00477893751651;-8.642376430355577;0.0;180.29988793645856
VEHICLE_UPDATES;152000000000;veh_21;41.004641829668444;-8.64255793509376;1.203781225790276;90.72339311942727
VEHICLE_UPDATES;152000000000;veh_22;41.00478768431497;-8.642414376522574;0.135969642802341;180.29993154303912
VEHICLE_UPDATES;152000000000;veh_23;41.004670547233545;-8.642548908533028;1.911187155107966;90.72293676843755
VEHICLE_UPDATES;152000000000;veh_24;41.00505937053853;-8.642411030423823;8.56239524561618;180.29993154303952
VEHICLE_UPDATES;152000000000;veh_25;41.004642990129774;-8.642649553835234;0.007894013518828;90.72339311942727
VEHICLE_UPDATES;152000000000;veh_26;41.005745647251835;-8.642404125024116;7.706607861403808;180.13491255010234
VEHICLE_UPDATES;152000000000;veh_27;41.00467596379495;-8.642976798219065;7.926333352431742;90.72293676843753
VEHICLE_UPDATES;152000000000;veh_28;41.00648637500625;-8.642359020671524;8.266882790127118;180.1912402094153
VEHICLE_UPDATES;152000000000;veh_29;41.00464902275841;-8.643867197834222;8.81736170182709;90.16591395568926
VEHICLE_UPDATES;153000000000;veh_0;41.002833985188005;-8.642439947433784;6.870220788932508;180.49607964342522
VEHICLE_UPDATES;153000000000;veh_2;41.00268912455593;-8.642442386084106;7.67719003245436;180.49607964342522
VEHICLE_UPDATES;153000000000;veh_4;41.00273598642805;-8.642403542656233;9.889054481060244;180.49603027982118
VEHICLE_UPDATES;153000000000;veh_6;41.00296995651158;-8.642437658418316;6.538472554747575;180.49607964342522
VEHICLE_UPDATES;153000000000;veh_8;41.00312168061941;-8.642435320075048;6.081349470751332;180.11924835566708
VEHICLE_UPDATES;153000000000;veh_10;41.00301974760558;-8.642398765829459;7.198477728513601;180.49603027982118
VEHICLE_UPDATES;153000000000;veh_12;41.003435153053516;-8.642432764554874;5.608979426171631;180.11924835566708
VEHICLE_UPDATES;153000000000;veh_14;41.00326407151862;-8.642434159266584;5.861846018773095;180.11924835566708
VEHICLE_UPDATES;153000000000;veh_16;41.00472832980015;-8.642415107530482;0.0;180.29993154303912
VEHICLE_UPDATES;153000000000;veh_17;41.004639927572796;-8.64236867658436;5.715539510035887;90.39595623630524
VEHICLE_UPDATES;153000000000;veh_18;41.00472037719687;-8.642377151556826;0.0;180.29988793645856
VEHICLE_UPDATES;153000000000;veh_19;41.004668550707116;-8.642344280108508;6.254843723447993;90.39760485622517
VEHICLE_UPDATES;153000000000;veh_20;41.00477893751651;-8.642376430355577;0.0;180.29988793645856
VEHICLE_UPDATES;153000000000;veh_21;41.00464133020081;-8.642518503757056;3.317127354951659;90.72339311942727
VEHICLE_UPDATES;153000000000;veh_22;41.004787063991984;-8.642414384162455;0.06886830067868;180.29993154303952
VEHICLE_UPDATES;153000000000;veh_23;41.00466990909881;-8.642498506352373;4.239091037382982;90.72293676843755
VEHICLE_UPDATES;153000000000;veh_24;41.00498429018185;-8.642411955120162;8.335426714119357;180.29993154303952
VEHICLE_UPDATES;153000000000;veh_25;41.00464287051148;-8.642640109672545;0.794482042295419;90.72339311942727
VEHICLE_UPDATES;153000000000;veh_26;41.00567181719907;-8.642404753629341;8.196432613564156;180.13491255010274
VEHICLE_UPDATES;153000000000;veh_27;41.004674886090626;-8.642891653286934;7.16113961876565;90.72293676843753
VEHICLE_UPDATES;153000000000;veh_28;41.006418193008244;-8.642359689735446;7.569095262852777;180.19124020941572
VEHICLE_UPDATES;153000000000;veh_29;41.004648453274925;-8.643759417425224;9.065886002557876;90.16591395568926
VEHICLE_UPDATES;154000000000;veh_0;41.002770580398916;-8.642441014820687;7.034057476665928;180.49607964342522
VEHICLE_UPDATES;154000000000;veh_2;41.00262219015939;-8.642443512884038;7.425628043843586;180.49607964342522
VEHICLE_UPDATES;154000000000;veh_4;41.00265145809305;-8.64240496559392;9.391125108514913;180.49603027982118
VEHICLE_UPDATES;154000000000;veh_6;41.00290422217956;-8.64243876502737;7.292494579462657;180.49607964342522
VEHICLE_UPDATES;154000000000;veh_8;41.003059168132836;-8.642436156574965;6.934895077981959;180.49607964342522
VEHICLE_UPDATES;154000000000;veh_10;41.00295089816523;-8.642399924843371;7.649195286876123;180.49603027982158
VEHICLE_UPDATES;154000000000;veh_12;41.00338608591903;-8.642433164567006;5.443115614690818;180.11924835566708
VEHICLE_UPDATES;154000000000;veh_14;41.00320415673139;-8.642434647708736;6.646467278040537;180.11924835566708
VEHICLE_UPDATES;154000000000;veh_16;41.00472832980015;-8.642415107530482;0.0;180.29993154303912
VEHICLE_UPDATES;154000000000;veh_17;41.00463953446996;-8.64227030261393;8.2629677078221;89.7169121400128
VEHICLE_UPDATES;154000000000;veh_18;41.00472037719687;-8.642377151556826;0.0;180.29988793645856
VEHICLE_UPDATES;154000000000;veh_19;41.004668406604026;-8.642249245639729;7.998647355808059;89.6021778161488
VEHICLE_UPDATES;154000000000;veh_20;41.00477893751651;-8.642376430355577;0.0;180.29988793645856
VEHICLE_UPDATES;154000000000;veh_21;41.00464063097951;-8.64245304090259;5.501036103477239;90.51694703379806
VEHICLE_UPDATES;154000000000;veh_22;41.00478689142747;-8.642414386287756;0.019158122878643;180.29993154303952
VEHICLE_UPDATES;154000000000;veh_23;41.004669317313535;-8.642435982667509;5.266442892397752;90.4045577815036
VEHICLE_UPDATES;154000000000;veh_24;41.004910681103745;-8.64241286169346;8.172085150970933;180.29993154303952
VEHICLE_UPDATES;154000000000;veh_25;41.00464239388133;-8.642602479138258;3.165636280159958;90.72339311942727
VEHICLE_UPDATES;154000000000;veh_26;41.00559432755272;-8.642405413390989;8.602711664472208;180.13491255010274
VEHICLE_UPDATES;154000000000;veh_27;41.004673799829405;-8.642805837340202;7.217575774106284;90.72293676843753
VEHICLE_UPDATES;154000000000;veh_28;41.00635307418284;-8.642360328738961;7.229042878039461;180.1912402094153
VEHICLE_UPDATES;154000000000;veh_29;41.00464774767889;-8.643651278647685;9.09615630506311;90.33703010985852
VEHICLE_UPDATES;155000000000;veh_0;41.00270893860658;-8.642442052526057;6.838472482320955;180.49607964342522
VEHICLE_UPDATES;155000000000;veh_2;41.0025619560089;-8.642444526887019;6.682310072534871;180.49607964342522
VEHICLE_UPDATES;155000000000;veh_4;41.00256476938941;-8.642406424894334;9.63114261210803;180.49603027982118
VEHICLE_UPDATES;155000000000;veh_6;41.00284540441794;-8.642439755196676;6.525177785313433;180.49607964342522
VEHICLE_UPDATES;155000000000;veh_8;41.00300085153323;-8.64243713831306;6.469579600711326;180.49607964342522
VEHICLE_UPDATES;155000000000;veh_10;41.002890276400535;-8.642400945349866;6.735097759252015;180.49603027982118
VEHICLE_UPDATES;155000000000;veh_12;41.00333371055491;-8.642433591548015;5.810104108961299;180.11924835566708
VEHICLE_UPDATES;155000000000;veh_14;41.00314227228324;-8.642435152206776;6.864965634238497;180.11924835566708
VEHICLE_UPDATES;155000000000;veh_16;41.00472832980015;-8.642415107530482;0.0;180.29993154303912
VEHICLE_UPDATES;155000000000;veh_17;41.004639762617835;-8.642164449924634;8.901669678757127;89.60223657677096
VEHICLE_UPDATES;155000000000;veh_18;41.00472037719687;-8.642377151556826;0.0;180.29988793645856
VEHICLE_UPDATES;155000000000;veh_19;41.0046686101839;-8.642154819735033;7.941905156344289;89.60217781615042
VEHICLE_UPDATES;155000000000;veh_20;41.00477893751651;-8.642376430355577;0.0;180.29988793645856
VEHICLE_UPDATES;155000000000;veh_21;41.00463984052872;-8.642358237315802;7.956418896175459;90.39595623630524
VEHICLE_UPDATES;155000000000;veh_22;41.00478688742371;-8.642414386337066;0.000444497888907;180.29993154303912
VEHICLE_UPDATES;155000000000;veh_23;41.00466862858092;-8.642353595086805;6.943189766444263;90.39760485622517
VEHICLE_UPDATES;155000000000;veh_24;41.00486811928489;-8.642413385885877;4.725216144331227;180.29993154303952
VEHICLE_UPDATES;155000000000;veh_25;41.004641638923474;-8.64254287627573;5.014039574311607;90.72339311942727
VEHICLE_UPDATES;155000000000;veh_26;41.005520873163896;-8.642406038793649;8.154727102240049;180.13491255010234
VEHICLE_UPDATES;155000000000;veh_27;41.004672617503225;-8.642712437883501;7.85538945316532;90.72293676843753
VEHICLE_UPDATES;155000000000;veh_28;41.00628386221456;-8.642361007906125;7.683435278656241;180.1912402094153
VEHICLE_UPDATES;155000000000;veh_29;41.00464801361324;-8.643538235779687;9.50835942934506;89.57905898949569
VEHICLE_UPDATES;156000000000;veh_0;41.002653593142;-8.642442984234236;6.139964759248412;180.49607964342522
VEHICLE_UPDATES;156000000000;veh_2;41.00249875005832;-8.642445590915914;7.011998212120648;180.49607964342522
VEHICLE_UPDATES;156000000000;veh_4;41.00247816028393;-8.642407882850152;9.622299080625178;180.49603027982118
VEHICLE_UPDATES;156000000000;veh_6;41.00277689439137;-8.642440908527995;7.600426912281113;180.49607964342522
VEHICLE_UPDATES;156000000000;veh_8;41.00293522805285;-8.642438243057235;7.280196860391619;180.49607964342522
VEHICLE_UPDATES;156000000000;veh_10;41.00282703329419;-8.642402009981584;7.026329590485032;180.49603027982158
VEHICLE_UPDATES;156000000000;veh_12;41.003281398996705;-8.642434018007881;5.80302594128158;180.11924835566748
VEHICLE_UPDATES;156000000000;veh_14;41.003082922783754;-8.642435756673715;6.58385458528489;180.2644611668351
VEHICLE_UPDATES;156000000000;veh_16;41.00472832980015;-8.642415107530482;0.0;180.29993154303912
VEHICLE_UPDATES;156000000000;veh_17;41.00463996540054;-8.642070327909448;7.915179992410515;89.60223657677096
VEHICLE_UPDATES;156000000000;veh_18;41.00472037719687;-8.642377151556826;0.0;180.29988793645856
VEHICLE_UPDATES;156000000000;veh_19;41.00466882773275;-8.642053874954016;8.490190051526875;89.60217781615042
VEHICLE_UPDATES;156000000000;veh_20;41.00477893751651;-8.642376430355577;0.0;180.29988793645856
VEHICLE_UPDATES;156000000000;veh_21;41.00463957645637;-8.64225082576848;9.024752081737647;89.60223657676934
VEHICLE_UPDATES;156000000000;veh_22;41.00478688742371;-8.642414386337066;0.0;180.29993154303912
VEHICLE_UPDATES;156000000000;veh_23;41.00466838201627;-8.642260647684397;7.824669634050485;89.6021778161488
VEHICLE_UPDATES;156000000000;veh_24;41.00484655930817;-8.642375597555457;2.361150572102166;180.29988793645816
VEHICLE_UPDATES;156000000000;veh_25;41.00464070232465;-8.642461598222024;6.833177785975419;90.57572559465288
VEHICLE_UPDATES;156000000000;veh_26;41.00544932876042;-8.642406647932475;7.94268508523839;180.13491255010234
VEHICLE_UPDATES;156000000000;veh_27;41.00467143715764;-8.642619200853144;7.841728862279181;90.72293676843753
VEHICLE_UPDATES;156000000000;veh_28;41.00620920915418;-8.642399794095406;8.312777395537402;180.19124020941547
VEHICLE_UPDATES;156000000000;veh_29;41.004648290184676;-8.643426388462702;9.407793154625747;89.57905898949569
VEHICLE_UPDATES;157000000000;veh_0;41.00259859581601;-8.642443910079823;6.10134258627995;180.49607964342522
VEHICLE_UPDATES;157000000000;veh_2;41.00243068839614;-8.642446736684619;7.55068539422207;180.49607964342522
VEHICLE_UPDATES;157000000000;veh_4;41.0023995043877;-8.642409206919622;8.738694883025252;180.49603027982158
VEHICLE_UPDATES;157000000000;veh_6;41.00272662146933;-8.642441754845116;5.577222556952632;180.49607964342522
VEHICLE_UPDATES;157000000000;veh_8;41.00287108747263;-8.642439322834814;7.115685463585864;180.49607964342522
VEHICLE_UPDATES;157000000000;veh_10;41.002762417435875;-8.642403097719585;7.17884269742069;180.49603027982118
VEHICLE_UPDATES;157000000000;veh_12;41.003232102376835;-8.642434419888154;5.468572740569711;180.11924835566748
VEHICLE_UPDATES;157000000000;veh_14;41.003029524775016;-8.642436655610046;5.923916553221234;180.49607964342522
VEHICLE_UPDATES;157000000000;veh_16;41.00472832980015;-8.642415107530482;0.0;180.29993154303912
VEHICLE_UPDATES;157000000000;veh_17;41.004640170753305;-8.641974976623565;8.018555367262262;89.60223657677096
VEHICLE_UPDATES;157000000000;veh_18;41.00472037719687;-8.642377151556826;0.0;180.29988793645856
VEHICLE_UPDATES;157000000000;veh_19;41.00466901387112;-8.641967472365451;7.267085928221347;89.6021778161488
VEHICLE_UPDATES;157000000000;veh_20;41.00477893751651;-8.642376430355577;0.0;180.29988793645856
VEHICLE_UPDATES;157000000000;veh_21;41.00463978781376;-8.64215275712846;8.247070953622334;89.60223657676934
VEHICLE_UPDATES;157000000000;veh_22;41.00478688742371;-8.642414386337066;0.0;180.29993154303912
VEHICLE_UPDATES;157000000000;veh_23;41.00466857523999;-8.642171030225514;7.537479901651648;89.6021778161488
VEHICLE_UPDATES;157000000000;veh_24;41.00484153386525;-8.642375659446667;0.557898728874508;180.2998879364582
VEHICLE_UPDATES;157000000000;veh_25;41.004639956981585;-8.642372203631718;7.502467249678263;90.39595623630524
VEHICLE_UPDATES;157000000000;veh_26;41.00537010999597;-8.642407322409666;8.794673796982005;180.13491255010234
VEHICLE_UPDATES;157000000000;veh_27;41.0046703675787;-8.642534718568365;7.105408597269182;90.72293676843753
VEHICLE_UPDATES;157000000000;veh_28;41.00613930029731;-8.642400480056713;7.761164594269637;180.19124020941587
VEHICLE_UPDATES;157000000000;veh_29;41.00464840469403;-8.643319313410696;9.006372178962978;89.81787465692175
VEHICLE_UPDATES;158000000000;veh_0;41.00254204832544;-8.642444862019506;6.273316071081078;180.49607964342522
VEHICLE_UPDATES;158000000000;veh_2;41.00236635717869;-8.642447819651348;7.136833905514482;180.49607964342522
VEHICLE_UPDATES;158000000000;veh_4;41.00230972207719;-8.64241071828308;9.97484286919143;180.49603027982118
VEHICLE_UPDATES;158000000000;veh_6;41.00267341306801;-8.642442650577715;5.902881338981622;180.49607964342522
VEHICLE_UPDATES;158000000000;veh_8;41.00281018652305;-8.64244034807232;6.756284323782633;180.49607964342522
VEHICLE_UPDATES;158000000000;veh_10;41.00269323243831;-8.642404262371226;7.686475449486236;180.49603027982118
VEHICLE_UPDATES;158000000000;veh_12;41.00318130604739;-8.642434833993587;5.634938476640731;180.11924835566708
VEHICLE_UPDATES;158000000000;veh_14;41.00297137653751;-8.642437634512763;6.450901660653353;180.49607964342522
VEHICLE_UPDATES;158000000000;veh_16;41.00472832980015;-8.642415107530482;0.0;180.29993154303912
VEHICLE_UPDATES;158000000000;veh_17;41.00464039851604;-8.641869176868326;8.897218188190994;89.60223657676934
VEHICLE_UPDATES;158000000000;veh_18;41.00472037719687;-8.642377151556826;0.0;180.29988793645856
VEHICLE_UPDATES;158000000000;veh_19;41.00466921983457;-8.64187183221664;8.04403190876648;89.60217781615044
VEHICLE_UPDATES;158000000000;veh_20;41.00477893751651;-8.642376430355577;0.0;180.29988793645856
VEHICLE_UPDATES;158000000000;veh_21;41.00463998518782;-8.642061141694237;7.70438935560595;89.60223657677096
VEHICLE_UPDATES;158000000000;veh_22;41.00478688742371;-8.642414386337066;0.0;180.29993154303912
VEHICLE_UPDATES;158000000000;veh_23;41.0046687920751;-8.642070423258165;8.46177746615166;89.6021778161488
VEHICLE_UPDATES;158000000000;veh_24;41.00483800218324;-8.642375702941349;0.392069103572893;180.29988793645856
VEHICLE_UPDATES;158000000000;veh_25;41.00463948118919;-8.6422950165486;6.480660716229865;90.12948021030564
VEHICLE_UPDATES;158000000000;veh_26;41.0052967690971;-8.642408106584183;8.142233397212312;180.29993154303912
VEHICLE_UPDATES;158000000000;veh_27;41.00466939705452;-8.642445521898818;7.508166585440835;90.47004598743551
VEHICLE_UPDATES;158000000000;veh_28;41.006069651122594;-8.642401163467985;7.73233502054615;180.19124020941547
VEHICLE_UPDATES;158000000000;veh_29;41.004648265977316;-8.64321685427486;8.618094713508677;89.86833624206722
VEHICLE_UPDATES;159000000000;veh_0;41.00248407703624;-8.64244583792584;6.431270650789244;180.49607964342522
VEHICLE_UPDATES;159000000000;veh_2;41.00230002348149;-8.642448936325602;7.358986701529626;180.49607964342522
VEHICLE_UPDATES;159000000000;veh_4;41.00222657137957;-8.642412118007865;9.238068455484695;180.49603027982158
VEHICLE_UPDATES;159000000000;veh_6;41.00261557558593;-8.642443624236217;6.416426389554887;180.49607964342522
VEHICLE_UPDATES;159000000000;veh_8;41.002747529935746;-8.642441402862719;6.951052765014567;180.49607964342562
VEHICLE_UPDATES;159000000000;veh_10;41.00262725509897;-8.642405373022783;7.330103502248014;180.49603027982118
VEHICLE_UPDATES;159000000000;veh_12;41.00312228290312;-8.642435315165086;6.547555447054096;180.11924835566708
VEHICLE_UPDATES;159000000000;veh_14;41.00291196402795;-8.64243863469684;6.591158545161188;180.49607964342522
VEHICLE_UPDATES;159000000000;veh_16;41.00472832980015;-8.642415107530482;0.0;180.29993154303912
VEHICLE_UPDATES;159000000000;veh_17;41.00464061818815;-8.641767092591774;8.584765434860412;89.60223657676934
VEHICLE_UPDATES;159000000000;veh_18;41.00472037719687;-8.642377151556826;0.0;180.29988793645856
VEHICLE_UPDATES;159000000000;veh_19;41.00466942242339;-8.641777723130023;7.915258444224597;89.6021778161488
VEHICLE_UPDATES;159000000000;veh_20;41.00477893751651;-8.642376430355577;0.0;180.29988793645856
VEHICLE_UPDATES;159000000000;veh_21;41.00464019794979;-8.641962345759856;8.308232684606901;89.60223657676934
VEHICLE_UPDATES;159000000000;veh_22;41.00478688742371;-8.642414386337066;0.0;180.29993154303912
VEHICLE_UPDATES;159000000000;veh_23;41.004668991085026;-8.641978050933398;7.769184148859028;89.60217781614881
VEHICLE_UPDATES;159000000000;veh_24;41.004837560397846;-8.64237570838219;0.049044734755366;180.2998879364582
VEHICLE_UPDATES;159000000000;veh_25;41.00463967337117;-8.642205862650698;7.497386745917426;89.60223657676934
VEHICLE_UPDATES;159000000000;veh_26;41.00521712519892;-8.64240908749455;8.842071792256519;180.29993154303912
VEHICLE_UPDATES;159000000000;veh_27;41.004668686411456;-8.642360512620948;7.164132525466469;90.39760485622517
VEHICLE_UPDATES;159000000000;veh_28;41.00600301936372;-8.64240182965138;7.3973544819423;180.20615470475425
VEHICLE_UPDATES;159000000000;veh_29;41.004648112087644;-8.643103266682836;9.55413716159534;89.86833624206722
VEHICLE_REGISTRATION;159285714275;veh_30;[src.main.java.CarSendsCamAPP, src.main.java.EventProcessingApp, src.main.java.MainCarApp];Car
VEHICLE_REGISTRATION;159285714275;veh_31;[src.main.java.CarSendsCamAPP, src.main.java.EventProcessingApp, src.main.java.MainCarApp];Car_0
VEHICLE_UPDATES;160000000000;veh_0;41.00242877418959;-8.642446768908856;6.135236527296817;180.49607964342522
VEHICLE_UPDATES;160000000000;veh_2;41.00223285832819;-8.642450066993966;7.451227428640392;180.49607964342522
VEHICLE_UPDATES;160000000000;veh_4;41.0021349082688;-8.642451685451814;9.83066541452799;180.47282324749773
VEHICLE_UPDATES;160000000000;veh_6;41.00255650492181;-8.642444618652435;6.553234170271794;180.49607964342562
VEHICLE_UPDATES;160000000000;veh_8;41.00268792649224;-8.642442406252805;6.612340284845835;180.49607964342522
VEHICLE_UPDATES;160000000000;veh_10;41.00256003834288;-8.642406504535698;7.467803010915007;180.49603027982118
VEHICLE_UPDATES;160000000000;veh_12;41.00306844614138;-8.642436000382972;5.972415516419336;180.4157614896607
VEHICLE_UPDATES;160000000000;veh_14;41.00285454982851;-8.64243960123814;6.36946815010585;180.49607964342522
VEHICLE_UPDATES;160000000000;veh_16;41.00472832980015;-8.642415107530482;0.0;180.29993154303912
VEHICLE_UPDATES;160000000000;veh_17;41.00464084984281;-8.641659394330349;9.056872841240068;89.60223657677096
VEHICLE_UPDATES;160000000000;veh_18;41.00472037719687;-8.642377151556826;0.0;180.29988793645856
VEHICLE_UPDATES;160000000000;veh_19;41.00466961221338;-8.641689527104074;7.417927046570108;89.6021778161488
VEHICLE_UPDATES;160000000000;veh_20;41.00477893751651;-8.642376430355577;0.0;180.29988793645856
VEHICLE_UPDATES;160000000000;veh_21;41.00464042479474;-8.641856967056519;8.861809876665669;89.60223657676934
VEHICLE_UPDATES;160000000000;veh_22;41.00478688742371;-8.642414386337066;0.0;180.29993154303912
VEHICLE_UPDATES;160000000000;veh_23;41.00466917815709;-8.641891188339264;7.305775739799981;89.60217781615044
VEHICLE_UPDATES;160000000000;veh_24;41.00483751071008;-8.642375708994122;0.005516079023705;180.29988793645856
VEHICLE_UPDATES;160000000000;veh_25;41.00463984160679;-8.642127791285938;6.56540240025595;89.60223657676934
VEHICLE_UPDATES;160000000000;veh_26;41.005145611888544;-8.64240996826434;7.93941319368916;180.29993154303952
VEHICLE_UPDATES;160000000000;veh_27;41.00466836100339;-8.642270391538116;7.588113904089754;89.71672285250688
VEHICLE_UPDATES;160000000000;veh_28;41.00593079224478;-8.64240254865033;8.018542209095601;180.17323988057646
VEHICLE_UPDATES;160000000000;veh_29;41.00464736285941;-8.64299483373209;9.121186114510115;90.72339311942727
VEHICLE_UPDATES;161000000000;veh_0;41.0023742849714;-8.642447686193174;6.0449734273051;180.49607964342522
VEHICLE_UPDATES;161000000000;veh_2;41.00217424046546;-8.642451044407283;6.502990565890419;180.48480567407418
VEHICLE_UPDATES;161000000000;veh_4;41.00205299285449;-8.642453020523709;9.087558413184249;180.47282324749773
VEHICLE_UPDATES;161000000000;veh_6;41.00249433205134;-8.642445665289944;6.897389441636802;180.49607964342522
VEHICLE_UPDATES;161000000000;veh_8;41.00263132962645;-8.642443359026823;6.278793802764349;180.49607964342522
VEHICLE_UPDATES;161000000000;veh_10;41.002494615155776;-8.642407605853352;7.268536840740191;180.49603027982118
VEHICLE_UPDATES;161000000000;veh_12;41.00300922083501;-8.642436997419132;6.570390542862937;180.49607964342522
VEHICLE_UPDATES;161000000000;veh_14;41.002793713302125;-8.642440625390488;6.749137266915814;180.49607964342522
VEHICLE_UPDATES;161000000000;veh_16;41.00472832980015;-8.642415107530482;0.0;180.29993154303912
VEHICLE_UPDATES;161000000000;veh_17;41.00464104044392;-8.641570747120278;7.454776878581733;89.60223657677096
VEHICLE_UPDATES;161000000000;veh_18;41.00472037719687;-8.642377151556826;0.0;180.29988793645856
VEHICLE_UPDATES;161000000000;veh_19;41.004669821335376;-8.64159231110843;8.176572079195754;89.6021778161488
VEHICLE_UPDATES;161000000000;veh_20;41.00477893751651;-8.642376430355577;0.0;180.29988793645856
VEHICLE_UPDATES;161000000000;veh_21;41.00464065507478;-8.641749946808538;8.999855381189153;89.60223657677096
VEHICLE_UPDATES;161000000000;veh_22;41.00478688742371;-8.642414386337066;0.0;180.29993154303912
VEHICLE_UPDATES;161000000000;veh_23;41.004669368811335;-8.641802631139893;7.448304359673318;89.60217781614881
VEHICLE_UPDATES;161000000000;veh_24;41.0048375033243;-8.642375709085083;0.000819930488968;180.29988793645856
VEHICLE_UPDATES;161000000000;veh_25;41.00464002027961;-8.64204484953738;6.97497676135488;89.60223657677096
VEHICLE_UPDATES;161000000000;veh_26;41.00507059057941;-8.64241089223657;8.328871378378443;180.29993154303912
VEHICLE_UPDATES;161000000000;veh_27;41.00466856228313;-8.642177040650727;7.851488384974276;89.6021778161488
VEHICLE_UPDATES;161000000000;veh_28;41.00585510964578;-8.642403193033658;8.402098054942023;180.13491255010234
VEHICLE_UPDATES;161000000000;veh_29;41.004645978168355;-8.642885486783486;9.198716549493897;90.72339311942727
VEHICLE_UPDATES;162000000000;veh_0;41.00231557055164;-8.642448674603468;6.513712538002162;180.49607964342522
VEHICLE_UPDATES;162000000000;veh_2;41.00210681299147;-8.642452143354063;7.480290721140023;180.47282324749773
VEHICLE_UPDATES;162000000000;veh_4;41.001971719375305;-8.642454345129227;9.016343076996506;180.47282324749773
VEHICLE_UPDATES;162000000000;veh_6;41.0024473733152;-8.642446455806377;5.209550165893777;180.49607964342522
VEHICLE_UPDATES;162000000000;veh_8;41.00256674997456;-8.64244444618379;7.16439520335381;180.49607964342522
VEHICLE_UPDATES;162000000000;veh_10;41.00243447648203;-8.642408618210482;6.681425653479594;180.49603027982118
VEHICLE_UPDATES;162000000000;veh_12;41.0029566208693;-8.642437882918305;5.835382458205335;180.49607964342522
VEHICLE_UPDATES;162000000000;veh_14;41.00272974893135;-8.642441702196052;7.096136801717394;180.49607964342562
VEHICLE_UPDATES;162000000000;veh_16;41.00472832980015;-8.642415107530482;0.0;180.29993154303912
VEHICLE_UPDATES;162000000000;veh_17;41.00464114606193;-8.64152161128649;4.132072258797184;89.60223657676934
VEHICLE_UPDATES;162000000000;veh_18;41.00472037719687;-8.642377151556826;0.0;180.29988793645856
VEHICLE_UPDATES;162000000000;veh_19;41.00466993773866;-8.641538181381145;4.552703634521298;89.6021778161488
VEHICLE_UPDATES;162000000000;veh_20;41.00477893751651;-8.642376430355577;0.0;180.29988793645856
VEHICLE_UPDATES;162000000000;veh_21;41.004640847706575;-8.641660387698462;7.531463005956225;89.60223657676934
VEHICLE_UPDATES;162000000000;veh_22;41.00478688742371;-8.642414386337066;0.0;180.29993154303912
VEHICLE_UPDATES;162000000000;veh_23;41.00466956117815;-8.641713246426384;7.517904313851875;89.60217781614881
VEHICLE_UPDATES;162000000000;veh_24;41.00483749929867;-8.64237570913466;0.000446905501141;180.29988793645816
VEHICLE_UPDATES;162000000000;veh_25;41.004640198472444;-8.641962103010043;6.958559653693626;89.60223657676934
VEHICLE_UPDATES;162000000000;veh_26;41.00499260347468;-8.642411852733042;8.658134108717986;180.29993154303952
VEHICLE_UPDATES;162000000000;veh_27;41.004668760739904;-8.642084964655625;7.744260671871801;89.60217781615044
VEHICLE_UPDATES;162000000000;veh_28;41.00578410289345;-8.642403797603578;7.882996828938182;180.13491255010234
VEHICLE_UPDATES;162000000000;veh_29;41.00464464862434;-8.642780502424666;8.831717915448886;90.7233931194289
VEHICLE_UPDATES;162000000000;veh_30;41.00657107791416;-8.64235820028371;6.566042513044056;180.14766920786036
VEHICLE_UPDATES;162000000000;veh_31;41.004678439821944;-8.64397891901044;8.487655962347338;90.16591395568992
VEHICLE_UPDATES;163000000000;veh_0;41.0022520558525;-8.642449743820219;7.04625012422084;180.49607964342522
VEHICLE_UPDATES;163000000000;veh_2;41.0020438786283;-8.642453169068729;6.9818324721811;180.47282324749773
VEHICLE_UPDATES;163000000000;veh_4;41.00188245455697;-8.64245579997401;9.902888651871123;180.47282324749773
VEHICLE_UPDATES;163000000000;veh_6;41.002387176720404;-8.642447469170605;6.678143477305953;180.49607964342522
VEHICLE_UPDATES;163000000000;veh_8;41.002519505655535;-8.642445241509922;5.241232481576199;180.49607964342522
VEHICLE_UPDATES;163000000000;veh_10;41.00236510270971;-8.642409786025814;7.707447935000594;180.49603027982118
VEHICLE_UPDATES;163000000000;veh_12;41.002903682046444;-8.642438774120265;5.872974841423333;180.49607964342522
VEHICLE_UPDATES;163000000000;veh_14;41.0026680768924;-8.642442740409043;6.841827958779932;180.49607964342522
VEHICLE_UPDATES;163000000000;veh_16;41.00472832980015;-8.642415107530482;0.0;180.29993154303912
VEHICLE_UPDATES;163000000000;veh_17;41.00464105058608;-8.641455997637376;5.523720310941048;89.96018362036888
VEHICLE_UPDATES;163000000000;veh_18;41.00472037719687;-8.642377151556826;0.0;180.29988793645856
VEHICLE_UPDATES;163000000000;veh_19;41.00466988013311;-8.641457255634233;6.800240796769343;89.96029399144659
VEHICLE_UPDATES;163000000000;veh_20;41.00477893751651;-8.642376430355577;0.0;180.29988793645856
VEHICLE_UPDATES;163000000000;veh_21;41.00464095632652;-8.641609873430049;4.247991560303267;89.60223657676934
VEHICLE_UPDATES;163000000000;veh_22;41.00478688742371;-8.642414386337066;0.0;180.29993154303912
VEHICLE_UPDATES;163000000000;veh_23;41.00466970256666;-8.641647528627649;5.527344700135362;89.60217781615044
VEHICLE_UPDATES;163000000000;veh_24;41.00483749809156;-8.642375709149526;0.000134007390955;180.29988793645816
VEHICLE_UPDATES;163000000000;veh_25;41.00464038197798;-8.641876860605993;7.168450115872362;89.60223657677096
VEHICLE_UPDATES;163000000000;veh_26;41.00491242774016;-8.642412840181823;8.901115827990196;180.29993154303912
VEHICLE_UPDATES;163000000000;veh_27;41.00466896418535;-8.641990538679355;7.941911172491585;89.60217781614881
VEHICLE_UPDATES;163000000000;veh_28;41.005712385383305;-8.642404408223191;7.961903333631624;180.13491255010274
VEHICLE_UPDATES;163000000000;veh_29;41.00464328704377;-8.642672996201403;9.043867996719259;90.72339311942727
VEHICLE_UPDATES;163000000000;veh_30;41.00651362172049;-8.642358753301394;6.37838412278096;180.19124020941572
VEHICLE_UPDATES;163000000000;veh_31;41.00467790388975;-8.643877469364776;8.531468187989953;90.16591395568992
VEHICLE_UPDATES;164000000000;veh_0;41.002197154956136;-8.6424506680288;6.090644355948186;180.49607964342522
VEHICLE_UPDATES;164000000000;veh_2;41.001982496376336;-8.642454169484521;6.809643788977679;180.47282324749773
VEHICLE_UPDATES;164000000000;veh_4;41.00179307414549;-8.642457256697918;9.915712202553637;180.47282324749773
VEHICLE_UPDATES;164000000000;veh_6;41.00232321481918;-8.64244854591846;7.09586231781742;180.49607964342522
VEHICLE_UPDATES;164000000000;veh_8;41.00245575604946;-8.642446314689195;7.072310697781826;180.49607964342522
VEHICLE_UPDATES;164000000000;veh_10;41.00230569390197;-8.64241078609183;6.600337159202966;180.49603027982118
VEHICLE_UPDATES;164000000000;veh_12;41.00284763798336;-8.642439717595696;6.217466721298174;180.49607964342522
VEHICLE_UPDATES;164000000000;veh_14;41.00260641593402;-8.642443778433142;6.840598616753296;180.49607964342522
VEHICLE_UPDATES;164000000000;veh_16;41.00472832980015;-8.642415107530482;0.0;180.29993154303912
VEHICLE_UPDATES;164000000000;veh_17;41.00464080199641;-8.641359809340024;8.100394054442352;89.96018362036888
VEHICLE_UPDATES;164000000000;veh_18;41.00472037719687;-8.642377151556826;0.0;180.29988793645856
VEHICLE_UPDATES;164000000000;veh_19;41.00466964758264;-8.6413673229637;7.552585937718974;89.96029399144821
VEHICLE_UPDATES;164000000000;veh_20;41.00477893751651;-8.642376430355577;0.0;180.29988793645856
VEHICLE_UPDATES;164000000000;veh_21;41.0046410869942;-8.641549092100506;5.111398877817209;89.60223657677096
VEHICLE_UPDATES;164000000000;veh_22;41.00478688742371;-8.642414386337066;0.0;180.29993154303912
VEHICLE_UPDATES;164000000000;veh_23;41.004669901982375;-8.641554809983123;7.798312149941992;89.60217781615042
VEHICLE_UPDATES;164000000000;veh_24;41.00483749809156;-8.642375709149526;0.0;180.29988793645816
VEHICLE_UPDATES;164000000000;veh_25;41.00464056765114;-8.641790581467603;7.255634168600479;89.60223657677096
VEHICLE_UPDATES;164000000000;veh_26;41.00486200625021;-8.64241346117409;5.59779738421858;180.29993154303952
VEHICLE_UPDATES;164000000000;veh_27;41.00466914404289;-8.641907030739818;7.023624897047033;89.6021778161488
VEHICLE_UPDATES;164000000000;veh_28;41.00564710155051;-8.642404964063333;7.247652053009067;180.13491255010234
VEHICLE_UPDATES;164000000000;veh_29;41.00464186245118;-8.642560523220219;9.46169267221437;90.72339311942727
VEHICLE_UPDATES;164000000000;veh_30;41.006446231231024;-8.642359414599074;7.481227479728375;180.1912402094153
VEHICLE_UPDATES;164000000000;veh_31;41.00467742092547;-8.643786060790005;7.687058533653903;90.16591395568992
VEHICLE_UPDATES;165000000000;veh_0;41.002131914321005;-8.642451734247775;7.237689593123375;180.47282324749773
VEHICLE_UPDATES;165000000000;veh_2;41.00191882578156;-8.642455207193613;7.063508611491103;180.47282324749773
VEHICLE_UPDATES;165000000000;veh_4;41.001712972612424;-8.642458562190361;8.88632893627882;180.47282324749818
VEHICLE_UPDATES;165000000000;veh_6;41.00226255688;-8.642449567044391;6.729324359925123;180.49607964342522
VEHICLE_UPDATES;165000000000;veh_8;41.002395264644434;-8.64244733301664;6.710849405807416;180.49607964342522
VEHICLE_UPDATES;165000000000;veh_10;41.0022420362533;-8.64241185767884;7.072384639515142;180.49603027982118
VEHICLE_UPDATES;165000000000;veh_12;41.00279732260259;-8.642440564629794;5.581932952078991;180.49607964342562
VEHICLE_UPDATES;165000000000;veh_14;41.002548399023226;-8.642444755109798;6.436331933647916;180.49607964342522
VEHICLE_UPDATES;165000000000;veh_16;41.00472832980015;-8.642415107530482;0.0;180.29993154303912
VEHICLE_UPDATES;165000000000;veh_17;41.004640420102774;-8.641265114035305;7.966578915402454;90.10884960452657
VEHICLE_UPDATES;165000000000;veh_18;41.00472037719687;-8.642377151556826;0.0;180.29988793645856
VEHICLE_UPDATES;165000000000;veh_19;41.00466929292713;-8.641275257589863;7.738662458987088;90.10884960452657
VEHICLE_UPDATES;165000000000;veh_20;41.00477893751651;-8.642376430355577;0.0;180.29988793645856
VEHICLE_UPDATES;165000000000;veh_21;41.00464105936452;-8.641459394905967;7.548618866581472;89.95317905303888
VEHICLE_UPDATES;165000000000;veh_22;41.00478688742371;-8.642414386337066;0.0;180.29993154303912
VEHICLE_UPDATES;165000000000;veh_23;41.00466990805927;-8.641468057160207;7.291710146081747;89.88878787512517
VEHICLE_UPDATES;165000000000;veh_24;41.00483749809156;-8.642375709149526;0.0;180.29988793645816
VEHICLE_UPDATES;165000000000;veh_25;41.00464073357596;-8.641713453647109;6.486055146804826;89.60223657676934
VEHICLE_UPDATES;165000000000;veh_26;41.004847141736015;-8.642413644245567;1.650259409389932;180.29993154303952
VEHICLE_UPDATES;165000000000;veh_27;41.00466933794653;-8.641816969705035;7.574787852514622;89.60217781615042
VEHICLE_UPDATES;165000000000;veh_28;41.00557521232583;-8.642405576141345;7.980966470544506;180.13491255010234
VEHICLE_UPDATES;165000000000;veh_29;41.00464111535381;-8.642501542616579;4.961692672214371;90.72339311942727
VEHICLE_UPDATES;165000000000;veh_30;41.00638305159557;-8.642360034574287;7.01376741895682;180.19124020941572
VEHICLE_UPDATES;165000000000;veh_31;41.004676872138404;-8.643690648307444;8.02381165981787;90.23681368337449
VEHICLE_UPDATES;166000000000;veh_0;41.00206808703218;-8.642452774516439;7.080892174473135;180.47282324749773
VEHICLE_UPDATES;166000000000;veh_2;41.00185594797031;-8.642456231979445;6.97555846277826;180.47282324749773
VEHICLE_UPDATES;166000000000;veh_4;41.00162502898677;-8.642459995488535;9.756317310248502;180.47282324749773
VEHICLE_UPDATES;166000000000;veh_6;41.00219923320909;-8.642450633043264;7.025057600976326;180.49607964342562
VEHICLE_UPDATES;166000000000;veh_8;41.0023290867892;-8.64244844706861;7.341697804658646;180.49607964342522
VEHICLE_UPDATES;166000000000;veh_10;41.002177589804916;-8.64241293521922;7.160012717812854;180.48720374551843
VEHICLE_UPDATES;166000000000;veh_12;41.00274542820762;-8.642441438244155;5.757106997688301;180.49607964342522
VEHICLE_UPDATES;166000000000;veh_14;41.00248834619617;-8.642445766057572;6.662194162169063;180.49607964342522
VEHICLE_UPDATES;166000000000;veh_16;41.00472832980015;-8.642415107530482;0.0;180.29993154303912
VEHICLE_UPDATES;166000000000;veh_17;41.00463998465361;-8.64116944741888;8.045371368517328;90.10884960452657
VEHICLE_UPDATES;166000000000;veh_18;41.00472037719687;-8.642377151556826;0.0;180.29988793645856
VEHICLE_UPDATES;166000000000;veh_19;41.00466883348941;-8.64117431932249;8.488702972473689;90.10884960452657
VEHICLE_UPDATES;166000000000;veh_20;41.00477893751651;-8.642376430355577;0.0;180.29988793645856
VEHICLE_UPDATES;166000000000;veh_21;41.00464082210781;-8.641367590010436;7.731250576420392;89.96018362036725
VEHICLE_UPDATES;166000000000;veh_22;41.00478688742371;-8.642414386337066;0.0;180.29993154303912
VEHICLE_UPDATES;166000000000;veh_23;41.00466965847201;-8.641371533528691;8.106097783416306;89.96029399144821
VEHICLE_UPDATES;166000000000;veh_24;41.00483749809156;-8.642375709149526;0.0;180.29988793645816
VEHICLE_UPDATES;166000000000;veh_25;41.00464090431311;-8.641634063820614;6.676278278319912;89.60223657676934
VEHICLE_UPDATES;166000000000;veh_26;41.004845831671346;-8.64241366038033;0.145443470930449;180.29993154303952
VEHICLE_UPDATES;166000000000;veh_27;41.00466955020849;-8.641718344431418;8.295102606315252;89.6021778161488
VEHICLE_UPDATES;166000000000;veh_28;41.00549944929124;-8.642406221199625;8.41102729355013;180.13491255010234
VEHICLE_UPDATES;166000000000;veh_29;41.00464104583379;-8.642496054386267;0.461692672214371;90.72339311942727
VEHICLE_UPDATES;166000000000;veh_30;41.00631832423706;-8.642360669735462;7.18558487956642;180.19124020941572
VEHICLE_UPDATES;166000000000;veh_31;41.00467669455436;-8.643596686718148;7.901758749150026;89.57888711287109
VEHICLE_UPDATES;167000000000;veh_0;41.00200270523698;-8.642453840118177;7.253346416555448;180.4728232474978
VEHICLE_UPDATES;167000000000;veh_2;41.00178662063937;-8.642457361877115;7.691057224424709;180.47282324749773
VEHICLE_UPDATES;167000000000;veh_4;41.00153593836768;-8.642461447475553;9.883562671420165;180.4728232474978
VEHICLE_UPDATES;167000000000;veh_6;41.00213846966341;-8.642451627407482;6.741009986188042;180.4728232474978
VEHICLE_UPDATES;167000000000;veh_8;41.002267142712995;-8.64244948984579;6.872006979869652;180.49607964342522
VEHICLE_UPDATES;167000000000;veh_10;41.00211185231425;-8.642414006782172;7.303418569231938;180.47290371069997
VEHICLE_UPDATES;167000000000;veh_12;41.00269411292752;-8.642442302107787;5.692860579920002;180.49607964342522
VEHICLE_UPDATES;167000000000;veh_14;41.00243132220002;-8.642446726015002;6.326178949470223;180.49607964342522
VEHICLE_UPDATES;167000000000;veh_16;41.00472832980015;-8.642415107530482;0.0;180.29993154303912
VEHICLE_UPDATES;167000000000;veh_17;41.00463952465084;-8.641068405404317;8.497431782925663;90.10884960452657
VEHICLE_UPDATES;167000000000;veh_18;41.00472037719687;-8.642377151556826;0.0;180.29988793645856
VEHICLE_UPDATES;167000000000;veh_19;41.0046684362262;-8.641087056421231;7.338632637083643;90.10884960452657
VEHICLE_UPDATES;167000000000;veh_20;41.00477893751651;-8.642376430355577;0.0;180.29988793645856
VEHICLE_UPDATES;167000000000;veh_21;41.00464045140109;-8.641271990834692;8.04349462594552;90.10884960452657
VEHICLE_UPDATES;167000000000;veh_22;41.00478688742371;-8.642414386337066;0.0;180.29993154303912
VEHICLE_UPDATES;167000000000;veh_23;41.00466929238459;-8.641275138379436;8.102292948647198;90.10884960452657
VEHICLE_UPDATES;167000000000;veh_24;41.00483749809156;-8.642375709149526;0.0;180.29988793645816
VEHICLE_UPDATES;167000000000;veh_25;41.00464109215058;-8.641546693258121;7.347417347698318;89.60223657676934
VEHICLE_UPDATES;167000000000;veh_26;41.0048455377308;-8.642413664000502;0.032633299903578;180.29993154303952
VEHICLE_UPDATES;167000000000;veh_27;41.00466975245658;-8.641624335483904;7.906836014028725;89.60217781614881
VEHICLE_UPDATES;167000000000;veh_28;41.005430276527335;-8.642406810145474;7.67939142125221;180.13491255010234
VEHICLE_UPDATES;167000000000;veh_29;41.00464103501936;-8.642495200646792;0.071820101982175;90.72339311942727
VEHICLE_UPDATES;167000000000;veh_30;41.00625934581109;-8.642399302142113;6.572425376407307;180.19124020941587
VEHICLE_UPDATES;167000000000;veh_31;41.00467692340593;-8.643504244587051;7.773828741018946;89.57888711287109
VEHICLE_UPDATES;168000000000;veh_0;41.00193783277604;-8.642454897416162;7.196841647025301;180.47282324749773
VEHICLE_UPDATES;168000000000;veh_2;41.00172551699531;-8.642458357742631;6.778735186454993;180.4728232474978
VEHICLE_UPDATES;168000000000;veh_4;41.00145405994618;-8.642462781914908;9.083453523115255;180.47282324749773
VEHICLE_UPDATES;168000000000;veh_6;41.00207652448373;-8.642452637001472;6.872094157658476;180.47282324749773
VEHICLE_UPDATES;168000000000;veh_8;41.002204049835555;-8.642450551959637;6.999453633980516;180.49607964342562
VEHICLE_UPDATES;168000000000;veh_10;41.0020412818806;-8.642415157122263;7.84035721380503;180.47290371070036
VEHICLE_UPDATES;168000000000;veh_12;41.002641336298176;-8.642443190570697;5.854980997611769;180.49607964342522
VEHICLE_UPDATES;168000000000;veh_14;41.00236755156634;-8.642447799544772;7.074643363644891;180.49607964342522
VEHICLE_UPDATES;168000000000;veh_16;41.00472832980015;-8.642415107530482;0.0;180.29993154303912
VEHICLE_UPDATES;168000000000;veh_17;41.00463908975004;-8.640972895059233;8.032229576924976;90.10884960452657
VEHICLE_UPDATES;168000000000;veh_18;41.00472037719687;-8.642377151556826;0.0;180.29988793645856
VEHICLE_UPDATES;168000000000;veh_19;41.004667979711684;-8.640986796282185;8.43167407648463;90.10884960452657
VEHICLE_UPDATES;168000000000;veh_20;41.00477893751651;-8.642376430355577;0.0;180.29988793645856
VEHICLE_UPDATES;168000000000;veh_21;41.004639959174945;-8.641163850390052;9.094395406507907;90.10884960452657
VEHICLE_UPDATES;168000000000;veh_22;41.00478688742371;-8.642414386337066;0.0;180.29993154303912
VEHICLE_UPDATES;168000000000;veh_23;41.00466886446636;-8.641181124333837;7.906390000417328;90.10884960452657
VEHICLE_UPDATES;168000000000;veh_24;41.00483749809156;-8.642375709149526;0.0;180.29988793645816
VEHICLE_UPDATES;168000000000;veh_25;41.00464106448239;-8.641461375543411;7.180091242021697;89.93823358707857
VEHICLE_UPDATES;168000000000;veh_26;41.00484544552375;-8.642413665136123;0.010236833919503;180.29993154303952
VEHICLE_UPDATES;168000000000;veh_27;41.00466992735834;-8.641543008906435;6.840156479773325;89.6021778161488
VEHICLE_UPDATES;168000000000;veh_28;41.005359263489744;-8.642407414757823;7.883694015317876;180.13491255010234
VEHICLE_UPDATES;168000000000;veh_29;41.00464103226202;-8.642494982970963;0.018311792685955;90.72339311942727
VEHICLE_UPDATES;168000000000;veh_30;41.006194955981734;-8.642399933950877;7.148451438888412;180.19124020941587
VEHICLE_UPDATES;168000000000;veh_31;41.004677151587956;-8.643412043075692;7.753594055464777;89.57888711286945
VEHICLE_UPDATES;169000000000;veh_0;41.00187781059321;-8.642455875661554;6.658759881501189;180.47282324749773
VEHICLE_UPDATES;169000000000;veh_2;41.001659828612226;-8.642459428327582;7.287358314210702;180.47282324749773
VEHICLE_UPDATES;169000000000;veh_4;41.00136959193798;-8.642464158554626;9.370737751553767;180.47282324749773
VEHICLE_UPDATES;169000000000;veh_6;41.00201435093704;-8.642453650315101;6.897428732735334;180.47282324749773
VEHICLE_UPDATES;169000000000;veh_8;41.00214317882041;-8.642451550656677;6.752935197981912;180.47282324749773
VEHICLE_UPDATES;169000000000;veh_10;41.00197831189271;-8.642416183568024;6.99594954232459;180.47290371069997
VEHICLE_UPDATES;169000000000;veh_12;41.002592080239324;-8.642444019765357;5.464412744609639;180.49607964342522
VEHICLE_UPDATES;169000000000;veh_14;41.002305273351105;-8.642448847948383;6.909076041290128;180.49607964342522
VEHICLE_UPDATES;169000000000;veh_16;41.00472832980015;-8.642415107530482;0.0;180.29993154303912
VEHICLE_UPDATES;169000000000;veh_17;41.00463864671116;-8.640875615336597;8.181030858973202;90.1088496045282
VEHICLE_UPDATES;169000000000;veh_18;41.00472037719687;-8.642377151556826;0.0;180.29988793645856
VEHICLE_UPDATES;169000000000;veh_19;41.004667525623496;-8.640887088012505;8.38526315163646;90.10884960452657
VEHICLE_UPDATES;169000000000;veh_20;41.00477893751651;-8.642376430355577;0.0;180.29988793645856
VEHICLE_UPDATES;169000000000;veh_21;41.004639512785026;-8.641065799275017;8.245903108169426;90.1088496045282
VEHICLE_UPDATES;169000000000;veh_22;41.00478688742371;-8.642414386337066;0.0;180.29993154303912
VEHICLE_UPDATES;169000000000;veh_23;41.00466842822357;-8.641085298711214;8.05874009601565;90.10884960452657
VEHICLE_UPDATES;169000000000;veh_24;41.00483749809156;-8.642375709149526;0.0;180.29988793645816
VEHICLE_UPDATES;169000000000;veh_25;41.00464085481392;-8.641380243738626;6.832427706960404;89.96018362036888
VEHICLE_UPDATES;169000000000;veh_26;41.00484544454994;-8.64241366514812;0.000108110969019;180.29993154303952
VEHICLE_UPDATES;169000000000;veh_27;41.004669875804545;-8.64145558143259;7.346870976660488;89.96029399144659
VEHICLE_UPDATES;169000000000;veh_28;41.005291924294674;-8.642408166253837;7.475951117244829;180.29993154303952
VEHICLE_UPDATES;169000000000;veh_29;41.0046410320404;-8.64249496547513;0.001471821744961;90.72339311942727
VEHICLE_UPDATES;169000000000;veh_30;41.00613325455868;-8.642400539378757;6.849988982260663;180.19124020941547
VEHICLE_UPDATES;169000000000;veh_31;41.00467722723234;-8.643316649588913;8.022006887402672;89.83386777614024
VEHICLE_REGISTRATION;169571428560;veh_32;[src.main.java.CarSendsCamAPP, src.main.java.EventProcessingApp, src.main.java.MainCarApp];Car
VEHICLE_REGISTRATION;169571428560;veh_33;[src.main.java.CarSendsCamAPP, src.main.java.EventProcessingApp, src.main.java.MainCarApp];Car_0
VEHICLE_UPDATES;170000000000;veh_0;41.00181699618256;-8.642456866816506;6.746648227228886;180.4728232474978
VEHICLE_UPDATES;170000000000;veh_2;41.00159844443282;-8.642460428760549;6.809857150416043;180.47282324749813
VEHICLE_UPDATES;170000000000;veh_4;41.001283577830485;-8.642465560387876;9.542259243343958;180.47282324749773
VEHICLE_UPDATES;170000000000;veh_6;41.0019544972338;-8.642454625817372;6.640069132334985;180.4728232474978
VEHICLE_UPDATES;170000000000;veh_8;41.00208700808864;-8.642452466137906;6.231486617371163;180.47282324749773
VEHICLE_UPDATES;170000000000;veh_10;41.00191257875603;-8.642417255052088;7.302934582356896;180.47290371070036
VEHICLE_UPDATES;170000000000;veh_12;41.00253364411137;-8.642445003498734;6.482839407293127;180.49607964342562
VEHICLE_UPDATES;170000000000;veh_14;41.00224167559503;-8.642449918562919;7.055464354836904;180.49607964342522
VEHICLE_UPDATES;170000000000;veh_16;41.00472832980015;-8.642415107530482;0.0;180.29993154303912
VEHICLE_UPDATES;170000000000;veh_17;41.004638218130886;-8.640774204316452;8.52844400849582;90.06674369432656
VEHICLE_UPDATES;170000000000;veh_18;41.00472037719687;-8.642377151556826;0.0;180.29988793645856
VEHICLE_UPDATES;170000000000;veh_19;41.00466711911657;-8.640792830235213;7.926873642213756;90.07253514455087
VEHICLE_UPDATES;170000000000;veh_20;41.00477893751651;-8.642376430355577;0.0;180.29988793645856
VEHICLE_UPDATES;170000000000;veh_21;41.00463907940956;-8.640970624352363;8.004021223451609;90.10884960452657
VEHICLE_UPDATES;170000000000;veh_22;41.00478688742371;-8.642414386337066;0.0;180.29993154303912
VEHICLE_UPDATES;170000000000;veh_23;41.004668010596305;-8.64099357858627;7.71347623061182;90.10884960452657
VEHICLE_UPDATES;170000000000;veh_24;41.00483749809156;-8.642375709149526;0.0;180.29988793645816
VEHICLE_UPDATES;170000000000;veh_25;41.00464053267606;-8.641289848818685;7.607293979795466;90.10086031163056
VEHICLE_UPDATES;170000000000;veh_26;41.00484544454994;-8.64241366514812;0.0;180.29993154303952
VEHICLE_UPDATES;170000000000;veh_27;41.00466963872472;-8.641363897932393;7.699621399303053;89.96029399144659
VEHICLE_UPDATES;170000000000;veh_28;41.00522629382382;-8.642408974572065;7.286300000376348;180.29993154303912
VEHICLE_UPDATES;170000000000;veh_29;41.0046410320404;-8.64249496547513;0.0;90.72339311942727
VEHICLE_UPDATES;170000000000;veh_30;41.00607726946763;-8.642401088715395;6.215371279015642;180.19124020941587
VEHICLE_UPDATES;170000000000;veh_31;41.00467708751622;-8.643213555794823;8.669537397073867;89.86843701764892
VEHICLE_UPDATES;171000000000;veh_0;41.00176008322053;-8.642457794383517;6.313828028637087;180.47282324749773
VEHICLE_UPDATES;171000000000;veh_2;41.001532018369026;-8.642461511363058;7.369195200123046;180.47282324749773
VEHICLE_UPDATES;171000000000;veh_4;41.00120238657287;-8.642466883615603;9.007220321548171;180.47282324749813
VEHICLE_UPDATES;171000000000;veh_6;41.00188957410977;-8.642455683939176;7.20246206206762;180.47282324749813
VEHICLE_UPDATES;171000000000;veh_8;41.002030689076626;-8.642453384033919;6.247936515119831;180.4728232474978
VEHICLE_UPDATES;171000000000;veh_10;41.00184417887806;-8.642418370002638;7.599208761833209;180.47290371069997
VEHICLE_UPDATES;171000000000;veh_12;41.002484594916275;-8.642445829207698;5.441463402599097;180.49607964342522
VEHICLE_UPDATES;171000000000;veh_14;41.002178268554495;-8.642450978756575;7.034298906386421;180.48740381723334
VEHICLE_UPDATES;171000000000;veh_16;41.00472832980015;-8.642415107530482;0.0;180.29993154303912
VEHICLE_UPDATES;171000000000;veh_17;41.00463780147697;-8.640670022557611;8.761442341552277;90.0667436943282
VEHICLE_UPDATES;171000000000;veh_18;41.00472037719687;-8.642377151556826;0.0;180.29988793645856
VEHICLE_UPDATES;171000000000;veh_19;41.00466674867565;-8.64070019885538;7.790079042439462;90.06674369432656
VEHICLE_UPDATES;171000000000;veh_20;41.00477893751651;-8.642376430355577;0.0;180.29988793645856
VEHICLE_UPDATES;171000000000;veh_21;41.004638650637176;-8.640876477308026;7.917578856280015;90.1088496045282
VEHICLE_UPDATES;171000000000;veh_22;41.00478688742371;-8.642414386337066;0.0;180.29993154303912
VEHICLE_UPDATES;171000000000;veh_23;41.004667580790034;-8.640899200420913;7.937012179044802;90.10884960452657
VEHICLE_UPDATES;171000000000;veh_24;41.00483749809156;-8.642375709149526;0.0;180.29988793645816
VEHICLE_UPDATES;171000000000;veh_25;41.004640178543525;-8.641212042180971;6.543382786279359;90.1088496045282
VEHICLE_UPDATES;171000000000;veh_26;41.00484544454994;-8.64241366514812;0.0;180.29993154303952
VEHICLE_UPDATES;171000000000;veh_27;41.004669291749344;-8.641274998804347;7.472790129782719;90.10884960452657
VEHICLE_UPDATES;171000000000;veh_28;41.00516001005886;-8.642409790934284;7.358828677088302;180.29993154303952
VEHICLE_UPDATES;171000000000;veh_29;41.0046410320404;-8.64249496547513;0.0;90.72339311942727
VEHICLE_UPDATES;171000000000;veh_30;41.00601790767995;-8.642401673183475;6.590247726968926;180.1936494118857
VEHICLE_UPDATES;171000000000;veh_31;41.00467695977144;-8.643119354893791;7.921701299930277;89.86843701764728
VEHICLE_UPDATES;172000000000;veh_0;41.00169495690871;-8.642458855809238;7.225003124322845;180.47282324749773
VEHICLE_UPDATES;172000000000;veh_2;41.00147256937094;-8.642462480252085;6.595171255005677;180.47282324749773
VEHICLE_UPDATES;172000000000;veh_4;41.00112001894768;-8.642467990213149;9.137616647015326;180.18898819465934
VEHICLE_UPDATES;172000000000;veh_6;41.00183475953338;-8.642456577309153;6.081036742849452;180.47282324749773
VEHICLE_UPDATES;172000000000;veh_8;41.00196756442792;-8.642454412846982;7.002942333329442;180.47282324749773
VEHICLE_UPDATES;172000000000;veh_10;41.00177622114733;-8.64241947774318;7.550086228514622;180.47290371070036
VEHICLE_UPDATES;172000000000;veh_12;41.00243352378803;-8.64244668895291;5.665774378190749;180.49607964342522
VEHICLE_UPDATES;172000000000;veh_14;41.002120409223735;-8.642451921760108;6.418816989874059;180.47282324749773
VEHICLE_UPDATES;172000000000;veh_16;41.00472832980015;-8.642415107530482;0.0;180.29993154303912
VEHICLE_UPDATES;172000000000;veh_17;41.004637372220905;-8.6405627143277;9.024371424214143;90.06674369432656
VEHICLE_UPDATES;172000000000;veh_18;41.00472037719687;-8.642377151556826;0.0;180.29988793645856
VEHICLE_UPDATES;172000000000;veh_19;41.004666345499615;-8.640599402969833;8.476694732609317;90.0667436943282
VEHICLE_UPDATES;172000000000;veh_20;41.00477893751651;-8.642376430355577;0.0;180.29988793645856
VEHICLE_UPDATES;172000000000;veh_21;41.004638200667586;-8.64076983725134;8.968194051320058;90.06674369432656
VEHICLE_UPDATES;172000000000;veh_22;41.00478688742371;-8.642414386337066;0.0;180.29993154303912
VEHICLE_UPDATES;172000000000;veh_23;41.0046671880947;-8.640810080764371;7.494774102478084;90.08780620604375
VEHICLE_UPDATES;172000000000;veh_24;41.00483749809156;-8.642375709149526;0.0;180.29988793645816
VEHICLE_UPDATES;172000000000;veh_25;41.004639784859656;-8.641125559243612;7.273042372027228;90.1088496045282
VEHICLE_UPDATES;172000000000;veh_26;41.00484544454994;-8.64241366514812;0.0;180.29993154303952
VEHICLE_UPDATES;172000000000;veh_27;41.004668879402;-8.641184405421965;7.618719179343519;90.10884960452657
VEHICLE_UPDATES;172000000000;veh_28;41.005093996214214;-8.64241060397001;7.32886201724438;180.29993154303952
VEHICLE_UPDATES;172000000000;veh_29;41.0046410320404;-8.64249496547513;0.0;90.72339311942727
VEHICLE_UPDATES;172000000000;veh_30;41.005961715222;-8.64240226373439;6.23841804186112;180.2215031987318
VEHICLE_UPDATES;172000000000;veh_31;41.00467660785184;-8.643027684846174;7.709106174572657;90.2302389635623
VEHICLE_UPDATES;172000000000;veh_32;41.006562535558146;-8.642358275533706;7.514350904723335;180.14766920786036
VEHICLE_UPDATES;172000000000;veh_33;41.00464953961005;-8.643965033662479;9.680560629366234;90.16591395568926
VEHICLE_UPDATES;173000000000;veh_0;41.00163465628783;-8.642459838583779;6.689649039568482;180.47282324749813
VEHICLE_UPDATES;173000000000;veh_2;41.00140304832186;-8.64246361329087;7.712547460447219;180.4728232474978
VEHICLE_UPDATES;173000000000;veh_4;41.0010331541443;-8.642467821626903;9.635909536228516;179.68118734713914
VEHICLE_UPDATES;173000000000;veh_6;41.00176557635463;-8.642457704856545;7.675065192577659;180.47282324749813
VEHICLE_UPDATES;173000000000;veh_8;41.001912179186675;-8.642455315520275;6.144345425788636;180.47282324749773
VEHICLE_UPDATES;173000000000;veh_10;41.00171163274363;-8.642420530559644;7.175754783453952;180.47290371069997
VEHICLE_UPDATES;173000000000;veh_12;41.002378340642096;-8.642447617919123;6.121957007456571;180.49607964342522
VEHICLE_UPDATES;173000000000;veh_14;41.00206299650508;-8.642452857482661;6.369270529229716;180.4728232474978
VEHICLE_UPDATES;173000000000;veh_16;41.00470972112207;-8.642415375946786;2.06663264092058;180.3471989018717
VEHICLE_UPDATES;173000000000;veh_17;41.00463697157805;-8.640462581536177;8.42093398046137;90.06674369432656
VEHICLE_UPDATES;173000000000;veh_18;41.00470459079418;-8.64237740487716;1.752534923469648;180.37083750290373
VEHICLE_UPDATES;173000000000;veh_19;41.004665975748416;-8.640506982817511;7.772315586412438;90.06674369432656
VEHICLE_UPDATES;173000000000;veh_20;41.00477893751651;-8.642376430355577;0.0;180.29988793645856
VEHICLE_UPDATES;173000000000;veh_21;41.00463777303989;-8.640662912897682;8.992088163257279;90.06674369432656
VEHICLE_UPDATES;173000000000;veh_22;41.00478688742371;-8.642414386337066;0.0;180.29993154303912
VEHICLE_UPDATES;173000000000;veh_23;41.004666826419054;-8.640719637600716;7.606055233429913;90.06674369432656
VEHICLE_UPDATES;173000000000;veh_24;41.00483749809156;-8.642375709149526;0.0;180.29988793645816
VEHICLE_UPDATES;173000000000;veh_25;41.00463939177674;-8.641039222534053;7.260745031451622;90.10884960452657
VEHICLE_UPDATES;173000000000;veh_26;41.00484544454994;-8.64241366514812;0.0;180.29993154303952
VEHICLE_UPDATES;173000000000;veh_27;41.00466846001662;-8.641092281820605;7.747407624448736;90.10884960452657
VEHICLE_UPDATES;173000000000;veh_28;41.005019116985956;-8.64241152619049;8.31309747371385;180.29993154303952
VEHICLE_UPDATES;173000000000;veh_29;41.0046410320404;-8.64249496547513;0.0;90.72339311942727
VEHICLE_UPDATES;173000000000;veh_30;41.005898824983056;-8.64240282082901;6.981934509698737;180.13491255010234
VEHICLE_UPDATES;173000000000;veh_31;41.00467529886419;-8.642924264220206;8.698222075538064;90.72293676843755
VEHICLE_UPDATES;173000000000;veh_32;41.00649741672283;-8.642358912319956;7.229042845395099;180.19124020941572
VEHICLE_UPDATES;173000000000;veh_33;41.004648939741124;-8.643851484799512;9.551095930038286;90.16591395568926
VEHICLE_UPDATES;174000000000;veh_0;41.00157078995163;-8.64246087946966;7.085223397627575;180.47282324749773
VEHICLE_UPDATES;174000000000;veh_2;41.00133675250987;-8.642464693762733;7.354745031350445;180.4728232474978
VEHICLE_UPDATES;174000000000;veh_4;41.000951075699135;-8.642467662329626;9.104958856808022;179.68118734713954
VEHICLE_UPDATES;174000000000;veh_6;41.001700062398456;-8.642458772600287;7.268007742212227;180.4728232474978
VEHICLE_UPDATES;174000000000;veh_8;41.001852737103235;-8.64245628431026;6.594404602545286;180.47282324749773
VEHICLE_UPDATES;174000000000;veh_10;41.00164415163965;-8.642421630525568;7.497132941044468;180.47290371069997
VEHICLE_UPDATES;174000000000;veh_12;41.00232921376592;-8.64244844493106;5.450081104655751;180.49607964342522
VEHICLE_UPDATES;174000000000;veh_14;41.002002028805755;-8.642453851142736;6.763654039175772;180.4728232474978
VEHICLE_UPDATES;174000000000;veh_16;41.00466994123997;-8.642416028589807;4.419251567078755;180.47745377730985
VEHICLE_UPDATES;174000000000;veh_17;41.00463654123886;-8.64035505094073;9.04307219070771;90.0667436943282
VEHICLE_UPDATES;174000000000;veh_18;41.004668161544984;-8.64237800229126;4.044212412065827;180.47712245760277
VEHICLE_UPDATES;174000000000;veh_19;41.00466562312712;-8.640418861570357;7.410787981523314;90.0667436943282
VEHICLE_UPDATES;174000000000;veh_20;41.00476973927574;-8.642376543636876;1.021141191034783;180.29988793645816
VEHICLE_UPDATES;174000000000;veh_21;41.00463733674384;-8.640553846656896;9.172216044783703;90.06674369432656
VEHICLE_UPDATES;174000000000;veh_22;41.00477348458847;-8.642414551406011;1.487983690323207;180.29993154303952
VEHICLE_UPDATES;174000000000;veh_23;41.004666476810606;-8.640632228908489;7.35086351396775;90.0667436943282
VEHICLE_UPDATES;174000000000;veh_24;41.00483749809156;-8.642375709149526;0.0;180.29988793645816
VEHICLE_UPDATES;174000000000;veh_25;41.00463903623769;-8.640961144190511;6.566233033030109;90.10884960452657
VEHICLE_UPDATES;174000000000;veh_26;41.00484544454994;-8.64241366514812;0.0;180.29993154303952
VEHICLE_UPDATES;174000000000;veh_27;41.004668015654886;-8.64099468946715;8.207318715701899;90.10884960452657
VEHICLE_UPDATES;174000000000;veh_28;41.00495114781415;-8.64241236330364;7.545942396498565;180.29993154303952
VEHICLE_UPDATES;174000000000;veh_29;41.0046410320404;-8.64249496547513;0.0;90.72339311942727
VEHICLE_UPDATES;174000000000;veh_30;41.00583728669643;-8.64240334478305;6.831830869258817;180.13491255010234
VEHICLE_UPDATES;174000000000;veh_31;41.00467413004883;-8.642831924538367;7.766256358004461;90.72293676843755
VEHICLE_UPDATES;174000000000;veh_32;41.00643527663774;-8.642359522095479;6.898363770161461;180.1912402094153
VEHICLE_UPDATES;174000000000;veh_33;41.004648390832166;-8.64374760067204;8.738152590038522;90.16591395568926
VEHICLE_UPDATES;175000000000;veh_0;41.00151307884416;-8.642461820036242;6.40237265507794;180.47282324749773
VEHICLE_UPDATES;175000000000;veh_2;41.00127518031982;-8.642465697247857;6.830714339732346;180.47282324749773
VEHICLE_UPDATES;175000000000;veh_4;41.00086754950727;-8.642467500222228;9.265557212619111;179.68118734713914
VEHICLE_UPDATES;175000000000;veh_6;41.00164389232824;-8.642459688055698;6.231412732384745;180.47282324749813
VEHICLE_UPDATES;175000000000;veh_8;41.00179094307608;-8.642457291430075;6.855325201089467;180.47282324749773
VEHICLE_UPDATES;175000000000;veh_10;41.001579806135496;-8.642422679377542;7.148768541135426;180.47290371069997
VEHICLE_UPDATES;175000000000;veh_12;41.002273890882606;-8.642449376246063;6.137459203261883;180.49607964342522
VEHICLE_UPDATES;175000000000;veh_14;41.00193919904625;-8.642454875148577;6.970227788067014;180.47282324749773
VEHICLE_UPDATES;175000000000;veh_16;41.00461182159278;-8.642416982119864;6.45666417547036;180.47745377730945
VEHICLE_UPDATES;175000000000;veh_17;41.00463614808957;-8.640256835036178;8.259728575115252;90.06674369432656
VEHICLE_UPDATES;175000000000;veh_18;41.00461667919567;-8.642378846564254;5.715340257715434;180.47712245760277
VEHICLE_UPDATES;175000000000;veh_19;41.00466521775221;-8.640317577815043;8.51772386225231;90.06674369432656
VEHICLE_UPDATES;175000000000;veh_20;41.00474840309347;-8.642376806403322;2.368632768861223;180.29988793645856
VEHICLE_UPDATES;175000000000;veh_21;41.0046369377558;-8.640454129327274;8.385994617741735;90.0667436943282
VEHICLE_UPDATES;175000000000;veh_22;41.0047414091397;-8.642414946445989;3.561018512542258;180.29993154303912
VEHICLE_UPDATES;175000000000;veh_23;41.00466610722105;-8.640539842579043;7.769471115677414;90.0667436943282
VEHICLE_UPDATES;175000000000;veh_24;41.004831017392256;-8.642375788963024;0.719453777137779;180.2998879364582
VEHICLE_UPDATES;175000000000;veh_25;41.00463869360775;-8.640885911746963;6.326898614265771;90.10884960452657
VEHICLE_UPDATES;175000000000;veh_26;41.00483735689724;-8.642413764755661;0.897891768408556;180.29993154303952
VEHICLE_UPDATES;175000000000;veh_27;41.00466757017686;-8.64089687016257;8.226405005200853;90.10884960452657
VEHICLE_UPDATES;175000000000;veh_28;41.00491199513931;-8.642412845509751;4.346732767009375;180.29993154303952
VEHICLE_UPDATES;175000000000;veh_29;41.0046410320404;-8.64249496547513;0.0;90.72339311942727
VEHICLE_UPDATES;175000000000;veh_30;41.00578005263141;-8.642403832088503;6.353986592444095;180.13491255010234
VEHICLE_UPDATES;175000000000;veh_31;41.00467282388075;-8.642728740524788;8.678322476237367;90.72293676843755
VEHICLE_UPDATES;175000000000;veh_32;41.0063736048884;-8.642360127273705;6.846372289642397;180.1912402094153
VEHICLE_UPDATES;175000000000;veh_33;41.00464777362394;-8.643635253490936;9.450123226217261;90.10340463780186
