2025-06-04 15:07:26,714 INFO  - Initialize veh_1 application (at simulation time 6.000,000,000 s)
2025-06-04 15:07:26,717 INFO  - Sent periodic GreenWaveMsg: veh_1 on route r_1 (at simulation time 6.000,000,000 s)
2025-06-04 15:07:26,717 INFO  - I have no neighbours to send! (at simulation time 6.000,000,000 s)
2025-06-04 15:07:26,721 INFO  - I have no neighbours to send! (at simulation time 7.000,000,000 s)
2025-06-04 15:07:26,721 INFO  - I have no neighbours to send! (at simulation time 7.000,000,000 s)
2025-06-04 15:07:26,722 INFO  - I have no neighbours to send! (at simulation time 8.000,000,000 s)
2025-06-04 15:07:26,722 INFO  - I have no neighbours to send! (at simulation time 8.000,000,000 s)
2025-06-04 15:07:26,723 INFO  - I have no neighbours to send! (at simulation time 8.000,000,000 s)
2025-06-04 15:07:26,724 INFO  - I have no neighbours to send! (at simulation time 9.000,000,000 s)
2025-06-04 15:07:26,724 INFO  - I have no neighbours to send! (at simulation time 9.000,000,000 s)
2025-06-04 15:07:26,724 INFO  - I have no neighbours to send! (at simulation time 9.000,000,000 s)
2025-06-04 15:07:26,725 INFO  - I have no neighbours to send! (at simulation time 9.000,000,000 s)
2025-06-04 15:07:26,728 INFO  - I have no neighbours to send! (at simulation time 10.000,000,000 s)
2025-06-04 15:07:26,729 INFO  - I have no neighbours to send! (at simulation time 10.000,000,000 s)
2025-06-04 15:07:26,729 INFO  - I have no neighbours to send! (at simulation time 10.000,000,000 s)
2025-06-04 15:07:26,729 INFO  - I have no neighbours to send! (at simulation time 10.000,000,000 s)
2025-06-04 15:07:26,729 INFO  - I have no neighbours to send! (at simulation time 10.000,000,000 s)
2025-06-04 15:07:26,734 INFO  - Sent periodic GreenWaveMsg: veh_1 on route r_1 (at simulation time 11.000,000,000 s)
2025-06-04 15:07:26,734 INFO  - I have no neighbours to send! (at simulation time 11.000,000,000 s)
2025-06-04 15:07:26,734 INFO  - I have no neighbours to send! (at simulation time 11.000,000,000 s)
2025-06-04 15:07:26,734 INFO  - I have no neighbours to send! (at simulation time 11.000,000,000 s)
2025-06-04 15:07:26,735 INFO  - I have no neighbours to send! (at simulation time 11.000,000,000 s)
2025-06-04 15:07:26,735 INFO  - I have no neighbours to send! (at simulation time 11.000,000,000 s)
2025-06-04 15:07:26,735 INFO  - I have no neighbours to send! (at simulation time 11.000,000,000 s)
2025-06-04 15:07:26,737 INFO  - I have no neighbours to send! (at simulation time 12.000,000,000 s)
2025-06-04 15:07:26,737 INFO  - I have no neighbours to send! (at simulation time 12.000,000,000 s)
2025-06-04 15:07:26,737 INFO  - I have no neighbours to send! (at simulation time 12.000,000,000 s)
2025-06-04 15:07:26,737 INFO  - I have no neighbours to send! (at simulation time 12.000,000,000 s)
2025-06-04 15:07:26,737 INFO  - I have no neighbours to send! (at simulation time 12.000,000,000 s)
2025-06-04 15:07:26,737 INFO  - I have no neighbours to send! (at simulation time 12.000,000,000 s)
2025-06-04 15:07:26,737 INFO  - I have no neighbours to send! (at simulation time 12.000,000,000 s)
2025-06-04 15:07:26,739 INFO  - I have no neighbours to send! (at simulation time 13.000,000,000 s)
2025-06-04 15:07:26,739 INFO  - I have no neighbours to send! (at simulation time 13.000,000,000 s)
2025-06-04 15:07:26,739 INFO  - I have no neighbours to send! (at simulation time 13.000,000,000 s)
2025-06-04 15:07:26,739 INFO  - I have no neighbours to send! (at simulation time 13.000,000,000 s)
2025-06-04 15:07:26,739 INFO  - I have no neighbours to send! (at simulation time 13.000,000,000 s)
2025-06-04 15:07:26,739 INFO  - I have no neighbours to send! (at simulation time 13.000,000,000 s)
2025-06-04 15:07:26,739 INFO  - I have no neighbours to send! (at simulation time 13.000,000,000 s)
2025-06-04 15:07:26,739 INFO  - I have no neighbours to send! (at simulation time 13.000,000,000 s)
2025-06-04 15:07:26,741 INFO  - I have no neighbours to send! (at simulation time 14.000,000,000 s)
2025-06-04 15:07:26,741 INFO  - I have no neighbours to send! (at simulation time 14.000,000,000 s)
2025-06-04 15:07:26,741 INFO  - I have no neighbours to send! (at simulation time 14.000,000,000 s)
2025-06-04 15:07:26,741 INFO  - I have no neighbours to send! (at simulation time 14.000,000,000 s)
2025-06-04 15:07:26,741 INFO  - I have no neighbours to send! (at simulation time 14.000,000,000 s)
2025-06-04 15:07:26,741 INFO  - I have no neighbours to send! (at simulation time 14.000,000,000 s)
2025-06-04 15:07:26,741 INFO  - I have no neighbours to send! (at simulation time 14.000,000,000 s)
2025-06-04 15:07:26,742 INFO  - I have no neighbours to send! (at simulation time 14.000,000,000 s)
2025-06-04 15:07:26,742 INFO  - I have no neighbours to send! (at simulation time 14.000,000,000 s)
2025-06-04 15:07:26,746 INFO  - I have no neighbours to send! (at simulation time 15.000,000,000 s)
2025-06-04 15:07:26,746 INFO  - I have no neighbours to send! (at simulation time 15.000,000,000 s)
2025-06-04 15:07:26,746 INFO  - I have no neighbours to send! (at simulation time 15.000,000,000 s)
2025-06-04 15:07:26,746 INFO  - I have no neighbours to send! (at simulation time 15.000,000,000 s)
2025-06-04 15:07:26,746 INFO  - I have no neighbours to send! (at simulation time 15.000,000,000 s)
2025-06-04 15:07:26,746 INFO  - I have no neighbours to send! (at simulation time 15.000,000,000 s)
2025-06-04 15:07:26,746 INFO  - I have no neighbours to send! (at simulation time 15.000,000,000 s)
2025-06-04 15:07:26,746 INFO  - I have no neighbours to send! (at simulation time 15.000,000,000 s)
2025-06-04 15:07:26,746 INFO  - I have no neighbours to send! (at simulation time 15.000,000,000 s)
2025-06-04 15:07:26,746 INFO  - I have no neighbours to send! (at simulation time 15.000,000,000 s)
2025-06-04 15:07:26,749 INFO  - Sent periodic GreenWaveMsg: veh_1 on route r_1 (at simulation time 16.000,000,000 s)
2025-06-04 15:07:26,749 INFO  - I have no neighbours to send! (at simulation time 16.000,000,000 s)
2025-06-04 15:07:26,749 INFO  - I have no neighbours to send! (at simulation time 16.000,000,000 s)
2025-06-04 15:07:26,749 INFO  - I have no neighbours to send! (at simulation time 16.000,000,000 s)
2025-06-04 15:07:26,749 INFO  - I have no neighbours to send! (at simulation time 16.000,000,000 s)
2025-06-04 15:07:26,749 INFO  - I have no neighbours to send! (at simulation time 16.000,000,000 s)
2025-06-04 15:07:26,749 INFO  - I have no neighbours to send! (at simulation time 16.000,000,000 s)
2025-06-04 15:07:26,749 INFO  - I have no neighbours to send! (at simulation time 16.000,000,000 s)
2025-06-04 15:07:26,749 INFO  - I have no neighbours to send! (at simulation time 16.000,000,000 s)
2025-06-04 15:07:26,749 INFO  - I have no neighbours to send! (at simulation time 16.000,000,000 s)
2025-06-04 15:07:26,749 INFO  - I have no neighbours to send! (at simulation time 16.000,000,000 s)
2025-06-04 15:07:26,750 INFO  - I have no neighbours to send! (at simulation time 16.000,000,000 s)
2025-06-04 15:07:26,760 INFO  - I have no neighbours to send! (at simulation time 17.000,000,000 s)
2025-06-04 15:07:26,760 INFO  - I have no neighbours to send! (at simulation time 17.000,000,000 s)
2025-06-04 15:07:26,760 INFO  - I have no neighbours to send! (at simulation time 17.000,000,000 s)
2025-06-04 15:07:26,760 INFO  - I have no neighbours to send! (at simulation time 17.000,000,000 s)
2025-06-04 15:07:26,760 INFO  - I have no neighbours to send! (at simulation time 17.000,000,000 s)
2025-06-04 15:07:26,760 INFO  - I have no neighbours to send! (at simulation time 17.000,000,000 s)
2025-06-04 15:07:26,760 INFO  - I have no neighbours to send! (at simulation time 17.000,000,000 s)
2025-06-04 15:07:26,760 INFO  - I have no neighbours to send! (at simulation time 17.000,000,000 s)
2025-06-04 15:07:26,761 INFO  - I have no neighbours to send! (at simulation time 17.000,000,000 s)
2025-06-04 15:07:26,761 INFO  - I have no neighbours to send! (at simulation time 17.000,000,000 s)
2025-06-04 15:07:26,761 INFO  - I have no neighbours to send! (at simulation time 17.000,000,000 s)
2025-06-04 15:07:26,761 INFO  - I have no neighbours to send! (at simulation time 17.000,000,000 s)
2025-06-04 15:07:26,763 INFO  - I have no neighbours to send! (at simulation time 18.000,000,000 s)
2025-06-04 15:07:26,764 INFO  - I have no neighbours to send! (at simulation time 18.000,000,000 s)
2025-06-04 15:07:26,764 INFO  - I have no neighbours to send! (at simulation time 18.000,000,000 s)
2025-06-04 15:07:26,764 INFO  - I have no neighbours to send! (at simulation time 18.000,000,000 s)
2025-06-04 15:07:26,764 INFO  - I have no neighbours to send! (at simulation time 18.000,000,000 s)
2025-06-04 15:07:26,764 INFO  - I have no neighbours to send! (at simulation time 18.000,000,000 s)
2025-06-04 15:07:26,765 INFO  - I have no neighbours to send! (at simulation time 18.000,000,000 s)
2025-06-04 15:07:26,765 INFO  - I have no neighbours to send! (at simulation time 18.000,000,000 s)
2025-06-04 15:07:26,765 INFO  - I have no neighbours to send! (at simulation time 18.000,000,000 s)
2025-06-04 15:07:26,765 INFO  - I have no neighbours to send! (at simulation time 18.000,000,000 s)
2025-06-04 15:07:26,765 INFO  - I have no neighbours to send! (at simulation time 18.000,000,000 s)
2025-06-04 15:07:26,765 INFO  - I have no neighbours to send! (at simulation time 18.000,000,000 s)
2025-06-04 15:07:26,765 INFO  - I have no neighbours to send! (at simulation time 18.000,000,000 s)
2025-06-04 15:07:26,767 INFO  - I have no neighbours to send! (at simulation time 19.000,000,000 s)
2025-06-04 15:07:26,767 INFO  - I have no neighbours to send! (at simulation time 19.000,000,000 s)
2025-06-04 15:07:26,768 INFO  - I have no neighbours to send! (at simulation time 19.000,000,000 s)
2025-06-04 15:07:26,768 INFO  - I have no neighbours to send! (at simulation time 19.000,000,000 s)
2025-06-04 15:07:26,768 INFO  - I have no neighbours to send! (at simulation time 19.000,000,000 s)
2025-06-04 15:07:26,768 INFO  - I have no neighbours to send! (at simulation time 19.000,000,000 s)
2025-06-04 15:07:26,768 INFO  - I have no neighbours to send! (at simulation time 19.000,000,000 s)
2025-06-04 15:07:26,768 INFO  - I have no neighbours to send! (at simulation time 19.000,000,000 s)
2025-06-04 15:07:26,768 INFO  - I have no neighbours to send! (at simulation time 19.000,000,000 s)
2025-06-04 15:07:26,768 INFO  - I have no neighbours to send! (at simulation time 19.000,000,000 s)
2025-06-04 15:07:26,768 INFO  - I have no neighbours to send! (at simulation time 19.000,000,000 s)
2025-06-04 15:07:26,768 INFO  - I have no neighbours to send! (at simulation time 19.000,000,000 s)
2025-06-04 15:07:26,768 INFO  - I have no neighbours to send! (at simulation time 19.000,000,000 s)
2025-06-04 15:07:26,768 INFO  - I have no neighbours to send! (at simulation time 19.000,000,000 s)
2025-06-04 15:07:26,771 INFO  - I have no neighbours to send! (at simulation time 20.000,000,000 s)
2025-06-04 15:07:26,772 INFO  - I have no neighbours to send! (at simulation time 20.000,000,000 s)
2025-06-04 15:07:26,772 INFO  - I have no neighbours to send! (at simulation time 20.000,000,000 s)
2025-06-04 15:07:26,772 INFO  - I have no neighbours to send! (at simulation time 20.000,000,000 s)
2025-06-04 15:07:26,772 INFO  - I have no neighbours to send! (at simulation time 20.000,000,000 s)
2025-06-04 15:07:26,772 INFO  - I have no neighbours to send! (at simulation time 20.000,000,000 s)
2025-06-04 15:07:26,772 INFO  - I have no neighbours to send! (at simulation time 20.000,000,000 s)
2025-06-04 15:07:26,772 INFO  - I have no neighbours to send! (at simulation time 20.000,000,000 s)
2025-06-04 15:07:26,772 INFO  - I have no neighbours to send! (at simulation time 20.000,000,000 s)
2025-06-04 15:07:26,773 INFO  - I have no neighbours to send! (at simulation time 20.000,000,000 s)
2025-06-04 15:07:26,773 INFO  - I have no neighbours to send! (at simulation time 20.000,000,000 s)
2025-06-04 15:07:26,773 INFO  - I have no neighbours to send! (at simulation time 20.000,000,000 s)
2025-06-04 15:07:26,773 INFO  - I have no neighbours to send! (at simulation time 20.000,000,000 s)
2025-06-04 15:07:26,773 INFO  - I have no neighbours to send! (at simulation time 20.000,000,000 s)
2025-06-04 15:07:26,773 INFO  - I have no neighbours to send! (at simulation time 20.000,000,000 s)
2025-06-04 15:07:26,776 INFO  - Sent periodic GreenWaveMsg: veh_1 on route r_1 (at simulation time 21.000,000,000 s)
2025-06-04 15:07:26,776 INFO  - I have no neighbours to send! (at simulation time 21.000,000,000 s)
2025-06-04 15:07:26,777 INFO  - I have no neighbours to send! (at simulation time 21.000,000,000 s)
2025-06-04 15:07:26,777 INFO  - I have no neighbours to send! (at simulation time 21.000,000,000 s)
2025-06-04 15:07:26,777 INFO  - I have no neighbours to send! (at simulation time 21.000,000,000 s)
2025-06-04 15:07:26,777 INFO  - I have no neighbours to send! (at simulation time 21.000,000,000 s)
2025-06-04 15:07:26,777 INFO  - I have no neighbours to send! (at simulation time 21.000,000,000 s)
2025-06-04 15:07:26,777 INFO  - I have no neighbours to send! (at simulation time 21.000,000,000 s)
2025-06-04 15:07:26,777 INFO  - I have no neighbours to send! (at simulation time 21.000,000,000 s)
2025-06-04 15:07:26,777 INFO  - I have no neighbours to send! (at simulation time 21.000,000,000 s)
2025-06-04 15:07:26,778 INFO  - I have no neighbours to send! (at simulation time 21.000,000,000 s)
2025-06-04 15:07:26,778 INFO  - I have no neighbours to send! (at simulation time 21.000,000,000 s)
2025-06-04 15:07:26,778 INFO  - I have no neighbours to send! (at simulation time 21.000,000,000 s)
2025-06-04 15:07:26,778 INFO  - I have no neighbours to send! (at simulation time 21.000,000,000 s)
2025-06-04 15:07:26,778 INFO  - I have no neighbours to send! (at simulation time 21.000,000,000 s)
2025-06-04 15:07:26,778 INFO  - I have no neighbours to send! (at simulation time 21.000,000,000 s)
2025-06-04 15:07:26,778 INFO  - I have no neighbours to send! (at simulation time 21.000,000,000 s)
2025-06-04 15:07:26,779 INFO  - I have no neighbours to send! (at simulation time 22.000,000,000 s)
2025-06-04 15:07:26,780 INFO  - I have no neighbours to send! (at simulation time 22.000,000,000 s)
2025-06-04 15:07:26,780 INFO  - I have no neighbours to send! (at simulation time 22.000,000,000 s)
2025-06-04 15:07:26,781 INFO  - I have no neighbours to send! (at simulation time 22.000,000,000 s)
2025-06-04 15:07:26,781 INFO  - I have no neighbours to send! (at simulation time 22.000,000,000 s)
2025-06-04 15:07:26,781 INFO  - I have no neighbours to send! (at simulation time 22.000,000,000 s)
2025-06-04 15:07:26,781 INFO  - I have no neighbours to send! (at simulation time 22.000,000,000 s)
2025-06-04 15:07:26,781 INFO  - I have no neighbours to send! (at simulation time 22.000,000,000 s)
2025-06-04 15:07:26,781 INFO  - I have no neighbours to send! (at simulation time 22.000,000,000 s)
2025-06-04 15:07:26,781 INFO  - I have no neighbours to send! (at simulation time 22.000,000,000 s)
2025-06-04 15:07:26,781 INFO  - I have no neighbours to send! (at simulation time 22.000,000,000 s)
2025-06-04 15:07:26,781 INFO  - I have no neighbours to send! (at simulation time 22.000,000,000 s)
2025-06-04 15:07:26,781 INFO  - I have no neighbours to send! (at simulation time 22.000,000,000 s)
2025-06-04 15:07:26,781 INFO  - I have no neighbours to send! (at simulation time 22.000,000,000 s)
2025-06-04 15:07:26,781 INFO  - I have no neighbours to send! (at simulation time 22.000,000,000 s)
2025-06-04 15:07:26,781 INFO  - I have no neighbours to send! (at simulation time 22.000,000,000 s)
2025-06-04 15:07:26,781 INFO  - I have no neighbours to send! (at simulation time 22.000,000,000 s)
2025-06-04 15:07:26,783 INFO  - I have no neighbours to send! (at simulation time 23.000,000,000 s)
2025-06-04 15:07:26,784 INFO  - I have no neighbours to send! (at simulation time 23.000,000,000 s)
2025-06-04 15:07:26,784 INFO  - I have no neighbours to send! (at simulation time 23.000,000,000 s)
2025-06-04 15:07:26,784 INFO  - I have no neighbours to send! (at simulation time 23.000,000,000 s)
2025-06-04 15:07:26,784 INFO  - I have no neighbours to send! (at simulation time 23.000,000,000 s)
2025-06-04 15:07:26,784 INFO  - I have no neighbours to send! (at simulation time 23.000,000,000 s)
2025-06-04 15:07:26,784 INFO  - I have no neighbours to send! (at simulation time 23.000,000,000 s)
2025-06-04 15:07:26,784 INFO  - I have no neighbours to send! (at simulation time 23.000,000,000 s)
2025-06-04 15:07:26,784 INFO  - I have no neighbours to send! (at simulation time 23.000,000,000 s)
2025-06-04 15:07:26,784 INFO  - I have no neighbours to send! (at simulation time 23.000,000,000 s)
2025-06-04 15:07:26,784 INFO  - I have no neighbours to send! (at simulation time 23.000,000,000 s)
2025-06-04 15:07:26,784 INFO  - I have no neighbours to send! (at simulation time 23.000,000,000 s)
2025-06-04 15:07:26,787 INFO  - I have no neighbours to send! (at simulation time 23.000,000,000 s)
2025-06-04 15:07:26,787 INFO  - I have no neighbours to send! (at simulation time 23.000,000,000 s)
2025-06-04 15:07:26,787 INFO  - I have no neighbours to send! (at simulation time 23.000,000,000 s)
2025-06-04 15:07:26,787 INFO  - I have no neighbours to send! (at simulation time 23.000,000,000 s)
2025-06-04 15:07:26,787 INFO  - I have no neighbours to send! (at simulation time 23.000,000,000 s)
2025-06-04 15:07:26,787 INFO  - I have no neighbours to send! (at simulation time 23.000,000,000 s)
2025-06-04 15:07:26,789 INFO  - I have no neighbours to send! (at simulation time 24.000,000,000 s)
2025-06-04 15:07:26,790 INFO  - I have no neighbours to send! (at simulation time 24.000,000,000 s)
2025-06-04 15:07:26,790 INFO  - I have no neighbours to send! (at simulation time 24.000,000,000 s)
2025-06-04 15:07:26,790 INFO  - I have no neighbours to send! (at simulation time 24.000,000,000 s)
2025-06-04 15:07:26,790 INFO  - I have no neighbours to send! (at simulation time 24.000,000,000 s)
2025-06-04 15:07:26,790 INFO  - I have no neighbours to send! (at simulation time 24.000,000,000 s)
2025-06-04 15:07:26,790 INFO  - I have no neighbours to send! (at simulation time 24.000,000,000 s)
2025-06-04 15:07:26,791 INFO  - I have no neighbours to send! (at simulation time 24.000,000,000 s)
2025-06-04 15:07:26,791 INFO  - I have no neighbours to send! (at simulation time 24.000,000,000 s)
2025-06-04 15:07:26,791 INFO  - I have no neighbours to send! (at simulation time 24.000,000,000 s)
2025-06-04 15:07:26,791 INFO  - I have no neighbours to send! (at simulation time 24.000,000,000 s)
2025-06-04 15:07:26,791 INFO  - I have no neighbours to send! (at simulation time 24.000,000,000 s)
2025-06-04 15:07:26,791 INFO  - I have no neighbours to send! (at simulation time 24.000,000,000 s)
2025-06-04 15:07:26,791 INFO  - I have no neighbours to send! (at simulation time 24.000,000,000 s)
2025-06-04 15:07:26,791 INFO  - I have no neighbours to send! (at simulation time 24.000,000,000 s)
2025-06-04 15:07:26,791 INFO  - I have no neighbours to send! (at simulation time 24.000,000,000 s)
2025-06-04 15:07:26,791 INFO  - I have no neighbours to send! (at simulation time 24.000,000,000 s)
2025-06-04 15:07:26,791 INFO  - I have no neighbours to send! (at simulation time 24.000,000,000 s)
2025-06-04 15:07:26,792 INFO  - I have no neighbours to send! (at simulation time 24.000,000,000 s)
2025-06-04 15:07:26,795 INFO  - I have no neighbours to send! (at simulation time 25.000,000,000 s)
2025-06-04 15:07:26,796 INFO  - I have no neighbours to send! (at simulation time 25.000,000,000 s)
2025-06-04 15:07:26,796 INFO  - I have no neighbours to send! (at simulation time 25.000,000,000 s)
2025-06-04 15:07:26,796 INFO  - I have no neighbours to send! (at simulation time 25.000,000,000 s)
2025-06-04 15:07:26,796 INFO  - I have no neighbours to send! (at simulation time 25.000,000,000 s)
2025-06-04 15:07:26,796 INFO  - I have no neighbours to send! (at simulation time 25.000,000,000 s)
2025-06-04 15:07:26,796 INFO  - I have no neighbours to send! (at simulation time 25.000,000,000 s)
2025-06-04 15:07:26,796 INFO  - I have no neighbours to send! (at simulation time 25.000,000,000 s)
2025-06-04 15:07:26,796 INFO  - I have no neighbours to send! (at simulation time 25.000,000,000 s)
2025-06-04 15:07:26,796 INFO  - I have no neighbours to send! (at simulation time 25.000,000,000 s)
2025-06-04 15:07:26,796 INFO  - I have no neighbours to send! (at simulation time 25.000,000,000 s)
2025-06-04 15:07:26,796 INFO  - I have no neighbours to send! (at simulation time 25.000,000,000 s)
2025-06-04 15:07:26,796 INFO  - I have no neighbours to send! (at simulation time 25.000,000,000 s)
2025-06-04 15:07:26,796 INFO  - I have no neighbours to send! (at simulation time 25.000,000,000 s)
2025-06-04 15:07:26,796 INFO  - I have no neighbours to send! (at simulation time 25.000,000,000 s)
2025-06-04 15:07:26,796 INFO  - I have no neighbours to send! (at simulation time 25.000,000,000 s)
2025-06-04 15:07:26,796 INFO  - I have no neighbours to send! (at simulation time 25.000,000,000 s)
2025-06-04 15:07:26,796 INFO  - I have no neighbours to send! (at simulation time 25.000,000,000 s)
2025-06-04 15:07:26,796 INFO  - I have no neighbours to send! (at simulation time 25.000,000,000 s)
2025-06-04 15:07:26,796 INFO  - I have no neighbours to send! (at simulation time 25.000,000,000 s)
2025-06-04 15:07:26,798 INFO  - Sent periodic GreenWaveMsg: veh_1 on route r_1 (at simulation time 26.000,000,000 s)
2025-06-04 15:07:26,798 INFO  - I have no neighbours to send! (at simulation time 26.000,000,000 s)
2025-06-04 15:07:26,799 INFO  - I have no neighbours to send! (at simulation time 26.000,000,000 s)
2025-06-04 15:07:26,799 INFO  - I have no neighbours to send! (at simulation time 26.000,000,000 s)
2025-06-04 15:07:26,799 INFO  - I have no neighbours to send! (at simulation time 26.000,000,000 s)
2025-06-04 15:07:26,799 INFO  - I have no neighbours to send! (at simulation time 26.000,000,000 s)
2025-06-04 15:07:26,799 INFO  - I have no neighbours to send! (at simulation time 26.000,000,000 s)
2025-06-04 15:07:26,799 INFO  - I have no neighbours to send! (at simulation time 26.000,000,000 s)
2025-06-04 15:07:26,799 INFO  - I have no neighbours to send! (at simulation time 26.000,000,000 s)
2025-06-04 15:07:26,800 INFO  - I have no neighbours to send! (at simulation time 26.000,000,000 s)
2025-06-04 15:07:26,800 INFO  - I have no neighbours to send! (at simulation time 26.000,000,000 s)
2025-06-04 15:07:26,800 INFO  - I have no neighbours to send! (at simulation time 26.000,000,000 s)
2025-06-04 15:07:26,800 INFO  - I have no neighbours to send! (at simulation time 26.000,000,000 s)
2025-06-04 15:07:26,800 INFO  - I have no neighbours to send! (at simulation time 26.000,000,000 s)
2025-06-04 15:07:26,800 INFO  - I have no neighbours to send! (at simulation time 26.000,000,000 s)
2025-06-04 15:07:26,800 INFO  - I have no neighbours to send! (at simulation time 26.000,000,000 s)
2025-06-04 15:07:26,800 INFO  - I have no neighbours to send! (at simulation time 26.000,000,000 s)
2025-06-04 15:07:26,800 INFO  - I have no neighbours to send! (at simulation time 26.000,000,000 s)
2025-06-04 15:07:26,800 INFO  - I have no neighbours to send! (at simulation time 26.000,000,000 s)
2025-06-04 15:07:26,800 INFO  - I have no neighbours to send! (at simulation time 26.000,000,000 s)
2025-06-04 15:07:26,800 INFO  - I have no neighbours to send! (at simulation time 26.000,000,000 s)
2025-06-04 15:07:26,800 INFO  - I have no neighbours to send! (at simulation time 26.000,000,000 s)
2025-06-04 15:07:26,801 INFO  - Received ACK with origin at RSU from rsu_0 at 26002800000 (at simulation time 26.002,800,000 s)
2025-06-04 15:07:26,810 INFO  - Already have ACK (at simulation time 27.000,000,000 s)
2025-06-04 15:07:26,810 INFO  - Already have ACK (at simulation time 27.000,000,000 s)
2025-06-04 15:07:26,811 INFO  - Already have ACK (at simulation time 27.000,000,000 s)
2025-06-04 15:07:26,811 INFO  - Already have ACK (at simulation time 27.000,000,000 s)
2025-06-04 15:07:26,811 INFO  - Already have ACK (at simulation time 27.000,000,000 s)
2025-06-04 15:07:26,811 INFO  - Already have ACK (at simulation time 27.000,000,000 s)
2025-06-04 15:07:26,811 INFO  - Already have ACK (at simulation time 27.000,000,000 s)
2025-06-04 15:07:26,811 INFO  - Already have ACK (at simulation time 27.000,000,000 s)
2025-06-04 15:07:26,811 INFO  - Already have ACK (at simulation time 27.000,000,000 s)
2025-06-04 15:07:26,811 INFO  - Already have ACK (at simulation time 27.000,000,000 s)
2025-06-04 15:07:26,811 INFO  - Already have ACK (at simulation time 27.000,000,000 s)
2025-06-04 15:07:26,811 INFO  - Already have ACK (at simulation time 27.000,000,000 s)
2025-06-04 15:07:26,811 INFO  - Already have ACK (at simulation time 27.000,000,000 s)
2025-06-04 15:07:26,811 INFO  - Already have ACK (at simulation time 27.000,000,000 s)
2025-06-04 15:07:26,811 INFO  - Already have ACK (at simulation time 27.000,000,000 s)
2025-06-04 15:07:26,811 INFO  - Already have ACK (at simulation time 27.000,000,000 s)
2025-06-04 15:07:26,811 INFO  - Already have ACK (at simulation time 27.000,000,000 s)
2025-06-04 15:07:26,811 INFO  - Already have ACK (at simulation time 27.000,000,000 s)
2025-06-04 15:07:26,811 INFO  - Already have ACK (at simulation time 27.000,000,000 s)
2025-06-04 15:07:26,811 INFO  - Already have ACK (at simulation time 27.000,000,000 s)
2025-06-04 15:07:26,812 INFO  - Already have ACK (at simulation time 27.000,000,000 s)
2025-06-04 15:07:26,812 INFO  - Already have ACK (at simulation time 27.000,000,000 s)
2025-06-04 15:07:26,814 INFO  - Already have ACK (at simulation time 28.000,000,000 s)
2025-06-04 15:07:26,815 INFO  - Already have ACK (at simulation time 28.000,000,000 s)
2025-06-04 15:07:26,815 INFO  - Already have ACK (at simulation time 28.000,000,000 s)
2025-06-04 15:07:26,815 INFO  - Already have ACK (at simulation time 28.000,000,000 s)
2025-06-04 15:07:26,815 INFO  - Already have ACK (at simulation time 28.000,000,000 s)
2025-06-04 15:07:26,815 INFO  - Already have ACK (at simulation time 28.000,000,000 s)
2025-06-04 15:07:26,816 INFO  - Already have ACK (at simulation time 28.000,000,000 s)
2025-06-04 15:07:26,816 INFO  - Already have ACK (at simulation time 28.000,000,000 s)
2025-06-04 15:07:26,816 INFO  - Already have ACK (at simulation time 28.000,000,000 s)
2025-06-04 15:07:26,816 INFO  - Already have ACK (at simulation time 28.000,000,000 s)
2025-06-04 15:07:26,816 INFO  - Already have ACK (at simulation time 28.000,000,000 s)
2025-06-04 15:07:26,816 INFO  - Already have ACK (at simulation time 28.000,000,000 s)
2025-06-04 15:07:26,816 INFO  - Already have ACK (at simulation time 28.000,000,000 s)
2025-06-04 15:07:26,816 INFO  - Already have ACK (at simulation time 28.000,000,000 s)
2025-06-04 15:07:26,816 INFO  - Already have ACK (at simulation time 28.000,000,000 s)
2025-06-04 15:07:26,816 INFO  - Already have ACK (at simulation time 28.000,000,000 s)
2025-06-04 15:07:26,816 INFO  - Already have ACK (at simulation time 28.000,000,000 s)
2025-06-04 15:07:26,816 INFO  - Already have ACK (at simulation time 28.000,000,000 s)
2025-06-04 15:07:26,816 INFO  - Already have ACK (at simulation time 28.000,000,000 s)
2025-06-04 15:07:26,816 INFO  - Already have ACK (at simulation time 28.000,000,000 s)
2025-06-04 15:07:26,816 INFO  - Already have ACK (at simulation time 28.000,000,000 s)
2025-06-04 15:07:26,816 INFO  - Already have ACK (at simulation time 28.000,000,000 s)
2025-06-04 15:07:26,816 INFO  - Already have ACK (at simulation time 28.000,000,000 s)
2025-06-04 15:07:26,818 INFO  - Already have ACK (at simulation time 29.000,000,000 s)
2025-06-04 15:07:26,819 INFO  - Already have ACK (at simulation time 29.000,000,000 s)
2025-06-04 15:07:26,819 INFO  - Already have ACK (at simulation time 29.000,000,000 s)
2025-06-04 15:07:26,819 INFO  - Already have ACK (at simulation time 29.000,000,000 s)
2025-06-04 15:07:26,819 INFO  - Already have ACK (at simulation time 29.000,000,000 s)
2025-06-04 15:07:26,819 INFO  - Already have ACK (at simulation time 29.000,000,000 s)
2025-06-04 15:07:26,820 INFO  - Already have ACK (at simulation time 29.000,000,000 s)
2025-06-04 15:07:26,820 INFO  - Already have ACK (at simulation time 29.000,000,000 s)
2025-06-04 15:07:26,820 INFO  - Already have ACK (at simulation time 29.000,000,000 s)
2025-06-04 15:07:26,820 INFO  - Already have ACK (at simulation time 29.000,000,000 s)
2025-06-04 15:07:26,820 INFO  - Already have ACK (at simulation time 29.000,000,000 s)
2025-06-04 15:07:26,820 INFO  - Already have ACK (at simulation time 29.000,000,000 s)
2025-06-04 15:07:26,820 INFO  - Already have ACK (at simulation time 29.000,000,000 s)
2025-06-04 15:07:26,820 INFO  - Already have ACK (at simulation time 29.000,000,000 s)
2025-06-04 15:07:26,820 INFO  - Already have ACK (at simulation time 29.000,000,000 s)
2025-06-04 15:07:26,820 INFO  - Already have ACK (at simulation time 29.000,000,000 s)
2025-06-04 15:07:26,820 INFO  - Already have ACK (at simulation time 29.000,000,000 s)
2025-06-04 15:07:26,820 INFO  - Already have ACK (at simulation time 29.000,000,000 s)
2025-06-04 15:07:26,820 INFO  - Already have ACK (at simulation time 29.000,000,000 s)
2025-06-04 15:07:26,820 INFO  - Already have ACK (at simulation time 29.000,000,000 s)
2025-06-04 15:07:26,820 INFO  - Already have ACK (at simulation time 29.000,000,000 s)
2025-06-04 15:07:26,820 INFO  - Already have ACK (at simulation time 29.000,000,000 s)
2025-06-04 15:07:26,820 INFO  - Already have ACK (at simulation time 29.000,000,000 s)
2025-06-04 15:07:26,820 INFO  - Already have ACK (at simulation time 29.000,000,000 s)
2025-06-04 15:07:26,824 INFO  - Already have ACK (at simulation time 30.000,000,000 s)
2025-06-04 15:07:26,825 INFO  - Already have ACK (at simulation time 30.000,000,000 s)
2025-06-04 15:07:26,825 INFO  - Already have ACK (at simulation time 30.000,000,000 s)
2025-06-04 15:07:26,825 INFO  - Already have ACK (at simulation time 30.000,000,000 s)
2025-06-04 15:07:26,825 INFO  - Already have ACK (at simulation time 30.000,000,000 s)
2025-06-04 15:07:26,825 INFO  - Already have ACK (at simulation time 30.000,000,000 s)
2025-06-04 15:07:26,825 INFO  - Already have ACK (at simulation time 30.000,000,000 s)
2025-06-04 15:07:26,825 INFO  - Already have ACK (at simulation time 30.000,000,000 s)
2025-06-04 15:07:26,825 INFO  - Already have ACK (at simulation time 30.000,000,000 s)
2025-06-04 15:07:26,825 INFO  - Already have ACK (at simulation time 30.000,000,000 s)
2025-06-04 15:07:26,825 INFO  - Already have ACK (at simulation time 30.000,000,000 s)
2025-06-04 15:07:26,825 INFO  - Already have ACK (at simulation time 30.000,000,000 s)
2025-06-04 15:07:26,825 INFO  - Already have ACK (at simulation time 30.000,000,000 s)
2025-06-04 15:07:26,825 INFO  - Already have ACK (at simulation time 30.000,000,000 s)
2025-06-04 15:07:26,826 INFO  - Already have ACK (at simulation time 30.000,000,000 s)
2025-06-04 15:07:26,826 INFO  - Already have ACK (at simulation time 30.000,000,000 s)
2025-06-04 15:07:26,826 INFO  - Already have ACK (at simulation time 30.000,000,000 s)
2025-06-04 15:07:26,826 INFO  - Already have ACK (at simulation time 30.000,000,000 s)
2025-06-04 15:07:26,826 INFO  - Already have ACK (at simulation time 30.000,000,000 s)
2025-06-04 15:07:26,826 INFO  - Already have ACK (at simulation time 30.000,000,000 s)
2025-06-04 15:07:26,826 INFO  - Already have ACK (at simulation time 30.000,000,000 s)
2025-06-04 15:07:26,826 INFO  - Already have ACK (at simulation time 30.000,000,000 s)
2025-06-04 15:07:26,826 INFO  - Already have ACK (at simulation time 30.000,000,000 s)
2025-06-04 15:07:26,826 INFO  - Already have ACK (at simulation time 30.000,000,000 s)
2025-06-04 15:07:26,826 INFO  - Already have ACK (at simulation time 30.000,000,000 s)
2025-06-04 15:07:26,828 INFO  - Sent periodic GreenWaveMsg: veh_1 on route r_1 (at simulation time 31.000,000,000 s)
2025-06-04 15:07:26,828 INFO  - Already have ACK (at simulation time 31.000,000,000 s)
2025-06-04 15:07:26,829 INFO  - Already have ACK (at simulation time 31.000,000,000 s)
2025-06-04 15:07:26,830 INFO  - Already have ACK (at simulation time 31.000,000,000 s)
2025-06-04 15:07:26,830 INFO  - Already have ACK (at simulation time 31.000,000,000 s)
2025-06-04 15:07:26,830 INFO  - Already have ACK (at simulation time 31.000,000,000 s)
2025-06-04 15:07:26,830 INFO  - Already have ACK (at simulation time 31.000,000,000 s)
2025-06-04 15:07:26,830 INFO  - Already have ACK (at simulation time 31.000,000,000 s)
2025-06-04 15:07:26,830 INFO  - Already have ACK (at simulation time 31.000,000,000 s)
2025-06-04 15:07:26,830 INFO  - Already have ACK (at simulation time 31.000,000,000 s)
2025-06-04 15:07:26,830 INFO  - Already have ACK (at simulation time 31.000,000,000 s)
2025-06-04 15:07:26,830 INFO  - Already have ACK (at simulation time 31.000,000,000 s)
2025-06-04 15:07:26,830 INFO  - Already have ACK (at simulation time 31.000,000,000 s)
2025-06-04 15:07:26,830 INFO  - Already have ACK (at simulation time 31.000,000,000 s)
2025-06-04 15:07:26,830 INFO  - Already have ACK (at simulation time 31.000,000,000 s)
2025-06-04 15:07:26,831 INFO  - Already have ACK (at simulation time 31.000,000,000 s)
2025-06-04 15:07:26,831 INFO  - Already have ACK (at simulation time 31.000,000,000 s)
2025-06-04 15:07:26,831 INFO  - Already have ACK (at simulation time 31.000,000,000 s)
2025-06-04 15:07:26,831 INFO  - Already have ACK (at simulation time 31.000,000,000 s)
2025-06-04 15:07:26,831 INFO  - Already have ACK (at simulation time 31.000,000,000 s)
2025-06-04 15:07:26,831 INFO  - Already have ACK (at simulation time 31.000,000,000 s)
2025-06-04 15:07:26,831 INFO  - Already have ACK (at simulation time 31.000,000,000 s)
2025-06-04 15:07:26,831 INFO  - Already have ACK (at simulation time 31.000,000,000 s)
2025-06-04 15:07:26,831 INFO  - Already have ACK (at simulation time 31.000,000,000 s)
2025-06-04 15:07:26,831 INFO  - Already have ACK (at simulation time 31.000,000,000 s)
2025-06-04 15:07:26,831 INFO  - Already have ACK (at simulation time 31.000,000,000 s)
2025-06-04 15:07:26,831 INFO  - Already have ACK (at simulation time 31.000,000,000 s)
2025-06-04 15:07:26,832 INFO  - Received ACK with origin at RSU from rsu_0 at 31004800000 (at simulation time 31.004,800,000 s)
2025-06-04 15:07:26,834 INFO  - Already have ACK (at simulation time 32.000,000,000 s)
2025-06-04 15:07:26,835 INFO  - Already have ACK (at simulation time 32.000,000,000 s)
2025-06-04 15:07:26,835 INFO  - Already have ACK (at simulation time 32.000,000,000 s)
2025-06-04 15:07:26,835 INFO  - Already have ACK (at simulation time 32.000,000,000 s)
2025-06-04 15:07:26,835 INFO  - Already have ACK (at simulation time 32.000,000,000 s)
2025-06-04 15:07:26,836 INFO  - Already have ACK (at simulation time 32.000,000,000 s)
2025-06-04 15:07:26,836 INFO  - Already have ACK (at simulation time 32.000,000,000 s)
2025-06-04 15:07:26,836 INFO  - Already have ACK (at simulation time 32.000,000,000 s)
2025-06-04 15:07:26,836 INFO  - Already have ACK (at simulation time 32.000,000,000 s)
2025-06-04 15:07:26,836 INFO  - Already have ACK (at simulation time 32.000,000,000 s)
2025-06-04 15:07:26,836 INFO  - Already have ACK (at simulation time 32.000,000,000 s)
2025-06-04 15:07:26,836 INFO  - Already have ACK (at simulation time 32.000,000,000 s)
2025-06-04 15:07:26,836 INFO  - Already have ACK (at simulation time 32.000,000,000 s)
2025-06-04 15:07:26,836 INFO  - Already have ACK (at simulation time 32.000,000,000 s)
2025-06-04 15:07:26,836 INFO  - Already have ACK (at simulation time 32.000,000,000 s)
2025-06-04 15:07:26,836 INFO  - Already have ACK (at simulation time 32.000,000,000 s)
2025-06-04 15:07:26,836 INFO  - Already have ACK (at simulation time 32.000,000,000 s)
2025-06-04 15:07:26,836 INFO  - Already have ACK (at simulation time 32.000,000,000 s)
2025-06-04 15:07:26,836 INFO  - Already have ACK (at simulation time 32.000,000,000 s)
2025-06-04 15:07:26,836 INFO  - Already have ACK (at simulation time 32.000,000,000 s)
2025-06-04 15:07:26,836 INFO  - Already have ACK (at simulation time 32.000,000,000 s)
2025-06-04 15:07:26,836 INFO  - Already have ACK (at simulation time 32.000,000,000 s)
2025-06-04 15:07:26,836 INFO  - Already have ACK (at simulation time 32.000,000,000 s)
2025-06-04 15:07:26,836 INFO  - Already have ACK (at simulation time 32.000,000,000 s)
2025-06-04 15:07:26,836 INFO  - Already have ACK (at simulation time 32.000,000,000 s)
2025-06-04 15:07:26,836 INFO  - Already have ACK (at simulation time 32.000,000,000 s)
2025-06-04 15:07:26,836 INFO  - Already have ACK (at simulation time 32.000,000,000 s)
2025-06-04 15:07:26,837 INFO  - Resent to veh_3 - GreenWaveMsg origin in veh_3 (at simulation time 32.000,900,000 s)
2025-06-04 15:07:26,839 INFO  - Already have ACK (at simulation time 33.000,000,000 s)
2025-06-04 15:07:26,840 INFO  - Already have ACK (at simulation time 33.000,000,000 s)
2025-06-04 15:07:26,840 INFO  - Already have ACK (at simulation time 33.000,000,000 s)
2025-06-04 15:07:26,840 INFO  - Already have ACK (at simulation time 33.000,000,000 s)
2025-06-04 15:07:26,840 INFO  - Already have ACK (at simulation time 33.000,000,000 s)
2025-06-04 15:07:26,840 INFO  - Already have ACK (at simulation time 33.000,000,000 s)
2025-06-04 15:07:26,840 INFO  - Already have ACK (at simulation time 33.000,000,000 s)
2025-06-04 15:07:26,840 INFO  - Already have ACK (at simulation time 33.000,000,000 s)
2025-06-04 15:07:26,840 INFO  - Already have ACK (at simulation time 33.000,000,000 s)
2025-06-04 15:07:26,840 INFO  - Already have ACK (at simulation time 33.000,000,000 s)
2025-06-04 15:07:26,840 INFO  - Already have ACK (at simulation time 33.000,000,000 s)
2025-06-04 15:07:26,840 INFO  - Already have ACK (at simulation time 33.000,000,000 s)
2025-06-04 15:07:26,840 INFO  - Already have ACK (at simulation time 33.000,000,000 s)
2025-06-04 15:07:26,840 INFO  - Already have ACK (at simulation time 33.000,000,000 s)
2025-06-04 15:07:26,840 INFO  - Already have ACK (at simulation time 33.000,000,000 s)
2025-06-04 15:07:26,840 INFO  - Already have ACK (at simulation time 33.000,000,000 s)
2025-06-04 15:07:26,841 INFO  - Already have ACK (at simulation time 33.000,000,000 s)
2025-06-04 15:07:26,841 INFO  - Already have ACK (at simulation time 33.000,000,000 s)
2025-06-04 15:07:26,841 INFO  - Already have ACK (at simulation time 33.000,000,000 s)
2025-06-04 15:07:26,841 INFO  - Already have ACK (at simulation time 33.000,000,000 s)
2025-06-04 15:07:26,841 INFO  - Already have ACK (at simulation time 33.000,000,000 s)
2025-06-04 15:07:26,841 INFO  - Already have ACK (at simulation time 33.000,000,000 s)
2025-06-04 15:07:26,841 INFO  - Already have ACK (at simulation time 33.000,000,000 s)
2025-06-04 15:07:26,841 INFO  - Already have ACK (at simulation time 33.000,000,000 s)
2025-06-04 15:07:26,841 INFO  - Already have ACK (at simulation time 33.000,000,000 s)
2025-06-04 15:07:26,841 INFO  - Already have ACK (at simulation time 33.000,000,000 s)
2025-06-04 15:07:26,841 INFO  - Already have ACK (at simulation time 33.000,000,000 s)
2025-06-04 15:07:26,841 INFO  - Already have ACK (at simulation time 33.000,000,000 s)
2025-06-04 15:07:26,842 INFO  - Already have ACK (at simulation time 34.000,000,000 s)
2025-06-04 15:07:26,843 INFO  - Already have ACK (at simulation time 34.000,000,000 s)
2025-06-04 15:07:26,843 INFO  - Already have ACK (at simulation time 34.000,000,000 s)
2025-06-04 15:07:26,843 INFO  - Already have ACK (at simulation time 34.000,000,000 s)
2025-06-04 15:07:26,843 INFO  - Already have ACK (at simulation time 34.000,000,000 s)
2025-06-04 15:07:26,843 INFO  - Already have ACK (at simulation time 34.000,000,000 s)
2025-06-04 15:07:26,843 INFO  - Already have ACK (at simulation time 34.000,000,000 s)
2025-06-04 15:07:26,844 INFO  - Already have ACK (at simulation time 34.000,000,000 s)
2025-06-04 15:07:26,844 INFO  - Already have ACK (at simulation time 34.000,000,000 s)
2025-06-04 15:07:26,844 INFO  - Already have ACK (at simulation time 34.000,000,000 s)
2025-06-04 15:07:26,844 INFO  - Already have ACK (at simulation time 34.000,000,000 s)
2025-06-04 15:07:26,844 INFO  - Already have ACK (at simulation time 34.000,000,000 s)
2025-06-04 15:07:26,844 INFO  - Already have ACK (at simulation time 34.000,000,000 s)
2025-06-04 15:07:26,844 INFO  - Already have ACK (at simulation time 34.000,000,000 s)
2025-06-04 15:07:26,844 INFO  - Already have ACK (at simulation time 34.000,000,000 s)
2025-06-04 15:07:26,844 INFO  - Already have ACK (at simulation time 34.000,000,000 s)
2025-06-04 15:07:26,844 INFO  - Already have ACK (at simulation time 34.000,000,000 s)
2025-06-04 15:07:26,844 INFO  - Already have ACK (at simulation time 34.000,000,000 s)
2025-06-04 15:07:26,844 INFO  - Already have ACK (at simulation time 34.000,000,000 s)
2025-06-04 15:07:26,844 INFO  - Already have ACK (at simulation time 34.000,000,000 s)
2025-06-04 15:07:26,844 INFO  - Already have ACK (at simulation time 34.000,000,000 s)
2025-06-04 15:07:26,844 INFO  - Already have ACK (at simulation time 34.000,000,000 s)
2025-06-04 15:07:26,844 INFO  - Already have ACK (at simulation time 34.000,000,000 s)
2025-06-04 15:07:26,844 INFO  - Already have ACK (at simulation time 34.000,000,000 s)
2025-06-04 15:07:26,844 INFO  - Already have ACK (at simulation time 34.000,000,000 s)
2025-06-04 15:07:26,844 INFO  - Already have ACK (at simulation time 34.000,000,000 s)
2025-06-04 15:07:26,844 INFO  - Already have ACK (at simulation time 34.000,000,000 s)
2025-06-04 15:07:26,844 INFO  - Already have ACK (at simulation time 34.000,000,000 s)
2025-06-04 15:07:26,844 INFO  - Already have ACK (at simulation time 34.000,000,000 s)
2025-06-04 15:07:26,847 INFO  - Already have ACK (at simulation time 35.000,000,000 s)
2025-06-04 15:07:26,848 INFO  - Already have ACK (at simulation time 35.000,000,000 s)
2025-06-04 15:07:26,848 INFO  - Already have ACK (at simulation time 35.000,000,000 s)
2025-06-04 15:07:26,848 INFO  - Already have ACK (at simulation time 35.000,000,000 s)
2025-06-04 15:07:26,848 INFO  - Already have ACK (at simulation time 35.000,000,000 s)
2025-06-04 15:07:26,848 INFO  - Already have ACK (at simulation time 35.000,000,000 s)
2025-06-04 15:07:26,848 INFO  - Already have ACK (at simulation time 35.000,000,000 s)
2025-06-04 15:07:26,848 INFO  - Already have ACK (at simulation time 35.000,000,000 s)
2025-06-04 15:07:26,848 INFO  - Already have ACK (at simulation time 35.000,000,000 s)
2025-06-04 15:07:26,848 INFO  - Already have ACK (at simulation time 35.000,000,000 s)
2025-06-04 15:07:26,849 INFO  - Already have ACK (at simulation time 35.000,000,000 s)
2025-06-04 15:07:26,849 INFO  - Already have ACK (at simulation time 35.000,000,000 s)
2025-06-04 15:07:26,849 INFO  - Already have ACK (at simulation time 35.000,000,000 s)
2025-06-04 15:07:26,849 INFO  - Already have ACK (at simulation time 35.000,000,000 s)
2025-06-04 15:07:26,849 INFO  - Already have ACK (at simulation time 35.000,000,000 s)
2025-06-04 15:07:26,849 INFO  - Already have ACK (at simulation time 35.000,000,000 s)
2025-06-04 15:07:26,849 INFO  - Already have ACK (at simulation time 35.000,000,000 s)
2025-06-04 15:07:26,849 INFO  - Already have ACK (at simulation time 35.000,000,000 s)
2025-06-04 15:07:26,849 INFO  - Already have ACK (at simulation time 35.000,000,000 s)
2025-06-04 15:07:26,849 INFO  - Already have ACK (at simulation time 35.000,000,000 s)
2025-06-04 15:07:26,849 INFO  - Already have ACK (at simulation time 35.000,000,000 s)
2025-06-04 15:07:26,849 INFO  - Already have ACK (at simulation time 35.000,000,000 s)
2025-06-04 15:07:26,849 INFO  - Already have ACK (at simulation time 35.000,000,000 s)
2025-06-04 15:07:26,849 INFO  - Already have ACK (at simulation time 35.000,000,000 s)
2025-06-04 15:07:26,849 INFO  - Already have ACK (at simulation time 35.000,000,000 s)
2025-06-04 15:07:26,849 INFO  - Already have ACK (at simulation time 35.000,000,000 s)
2025-06-04 15:07:26,849 INFO  - Already have ACK (at simulation time 35.000,000,000 s)
2025-06-04 15:07:26,849 INFO  - Already have ACK (at simulation time 35.000,000,000 s)
2025-06-04 15:07:26,849 INFO  - Already have ACK (at simulation time 35.000,000,000 s)
2025-06-04 15:07:26,849 INFO  - Already have ACK (at simulation time 35.000,000,000 s)
2025-06-04 15:07:26,852 INFO  - Sent periodic GreenWaveMsg: veh_1 on route r_1 (at simulation time 36.000,000,000 s)
2025-06-04 15:07:26,852 INFO  - Already have ACK (at simulation time 36.000,000,000 s)
2025-06-04 15:07:26,853 INFO  - Already have ACK (at simulation time 36.000,000,000 s)
2025-06-04 15:07:26,853 INFO  - Already have ACK (at simulation time 36.000,000,000 s)
2025-06-04 15:07:26,853 INFO  - Already have ACK (at simulation time 36.000,000,000 s)
2025-06-04 15:07:26,853 INFO  - Already have ACK (at simulation time 36.000,000,000 s)
2025-06-04 15:07:26,854 INFO  - Already have ACK (at simulation time 36.000,000,000 s)
2025-06-04 15:07:26,854 INFO  - Already have ACK (at simulation time 36.000,000,000 s)
2025-06-04 15:07:26,854 INFO  - Already have ACK (at simulation time 36.000,000,000 s)
2025-06-04 15:07:26,854 INFO  - Already have ACK (at simulation time 36.000,000,000 s)
2025-06-04 15:07:26,854 INFO  - Already have ACK (at simulation time 36.000,000,000 s)
2025-06-04 15:07:26,854 INFO  - Already have ACK (at simulation time 36.000,000,000 s)
2025-06-04 15:07:26,854 INFO  - Already have ACK (at simulation time 36.000,000,000 s)
2025-06-04 15:07:26,854 INFO  - Already have ACK (at simulation time 36.000,000,000 s)
2025-06-04 15:07:26,854 INFO  - Already have ACK (at simulation time 36.000,000,000 s)
2025-06-04 15:07:26,854 INFO  - Already have ACK (at simulation time 36.000,000,000 s)
2025-06-04 15:07:26,854 INFO  - Already have ACK (at simulation time 36.000,000,000 s)
2025-06-04 15:07:26,854 INFO  - Already have ACK (at simulation time 36.000,000,000 s)
2025-06-04 15:07:26,854 INFO  - Already have ACK (at simulation time 36.000,000,000 s)
2025-06-04 15:07:26,854 INFO  - Already have ACK (at simulation time 36.000,000,000 s)
2025-06-04 15:07:26,854 INFO  - Already have ACK (at simulation time 36.000,000,000 s)
2025-06-04 15:07:26,854 INFO  - Already have ACK (at simulation time 36.000,000,000 s)
2025-06-04 15:07:26,854 INFO  - Already have ACK (at simulation time 36.000,000,000 s)
2025-06-04 15:07:26,854 INFO  - Already have ACK (at simulation time 36.000,000,000 s)
2025-06-04 15:07:26,854 INFO  - Already have ACK (at simulation time 36.000,000,000 s)
2025-06-04 15:07:26,854 INFO  - Already have ACK (at simulation time 36.000,000,000 s)
2025-06-04 15:07:26,855 INFO  - Already have ACK (at simulation time 36.000,000,000 s)
2025-06-04 15:07:26,855 INFO  - Already have ACK (at simulation time 36.000,000,000 s)
2025-06-04 15:07:26,855 INFO  - Already have ACK (at simulation time 36.000,000,000 s)
2025-06-04 15:07:26,855 INFO  - Already have ACK (at simulation time 36.000,000,000 s)
2025-06-04 15:07:26,855 INFO  - Already have ACK (at simulation time 36.000,000,000 s)
2025-06-04 15:07:26,855 INFO  - Already have ACK (at simulation time 36.000,000,000 s)
2025-06-04 15:07:26,856 INFO  - Received ACK with origin at RSU from rsu_0 at 36004300000 (at simulation time 36.004,300,000 s)
2025-06-04 15:07:26,865 INFO  - Already have ACK (at simulation time 37.000,000,000 s)
2025-06-04 15:07:26,866 INFO  - Already have ACK (at simulation time 37.000,000,000 s)
2025-06-04 15:07:26,866 INFO  - Already have ACK (at simulation time 37.000,000,000 s)
2025-06-04 15:07:26,866 INFO  - Already have ACK (at simulation time 37.000,000,000 s)
2025-06-04 15:07:26,867 INFO  - Already have ACK (at simulation time 37.000,000,000 s)
2025-06-04 15:07:26,867 INFO  - Already have ACK (at simulation time 37.000,000,000 s)
2025-06-04 15:07:26,867 INFO  - Already have ACK (at simulation time 37.000,000,000 s)
2025-06-04 15:07:26,867 INFO  - Already have ACK (at simulation time 37.000,000,000 s)
2025-06-04 15:07:26,867 INFO  - Already have ACK (at simulation time 37.000,000,000 s)
2025-06-04 15:07:26,867 INFO  - Already have ACK (at simulation time 37.000,000,000 s)
2025-06-04 15:07:26,867 INFO  - Already have ACK (at simulation time 37.000,000,000 s)
2025-06-04 15:07:26,867 INFO  - Already have ACK (at simulation time 37.000,000,000 s)
2025-06-04 15:07:26,867 INFO  - Already have ACK (at simulation time 37.000,000,000 s)
2025-06-04 15:07:26,867 INFO  - Already have ACK (at simulation time 37.000,000,000 s)
2025-06-04 15:07:26,867 INFO  - Already have ACK (at simulation time 37.000,000,000 s)
2025-06-04 15:07:26,867 INFO  - Already have ACK (at simulation time 37.000,000,000 s)
2025-06-04 15:07:26,867 INFO  - Already have ACK (at simulation time 37.000,000,000 s)
2025-06-04 15:07:26,867 INFO  - Already have ACK (at simulation time 37.000,000,000 s)
2025-06-04 15:07:26,867 INFO  - Already have ACK (at simulation time 37.000,000,000 s)
2025-06-04 15:07:26,867 INFO  - Already have ACK (at simulation time 37.000,000,000 s)
2025-06-04 15:07:26,867 INFO  - Already have ACK (at simulation time 37.000,000,000 s)
2025-06-04 15:07:26,868 INFO  - Already have ACK (at simulation time 37.000,000,000 s)
2025-06-04 15:07:26,868 INFO  - Already have ACK (at simulation time 37.000,000,000 s)
2025-06-04 15:07:26,868 INFO  - Already have ACK (at simulation time 37.000,000,000 s)
2025-06-04 15:07:26,868 INFO  - Already have ACK (at simulation time 37.000,000,000 s)
2025-06-04 15:07:26,868 INFO  - Already have ACK (at simulation time 37.000,000,000 s)
2025-06-04 15:07:26,868 INFO  - Already have ACK (at simulation time 37.000,000,000 s)
2025-06-04 15:07:26,868 INFO  - Already have ACK (at simulation time 37.000,000,000 s)
2025-06-04 15:07:26,868 INFO  - Already have ACK (at simulation time 37.000,000,000 s)
2025-06-04 15:07:26,868 INFO  - Already have ACK (at simulation time 37.000,000,000 s)
2025-06-04 15:07:26,868 INFO  - Already have ACK (at simulation time 37.000,000,000 s)
2025-06-04 15:07:26,868 INFO  - Already have ACK (at simulation time 37.000,000,000 s)
2025-06-04 15:07:26,870 INFO  - Already have ACK (at simulation time 38.000,000,000 s)
2025-06-04 15:07:26,871 INFO  - Already have ACK (at simulation time 38.000,000,000 s)
2025-06-04 15:07:26,871 INFO  - Already have ACK (at simulation time 38.000,000,000 s)
2025-06-04 15:07:26,871 INFO  - Already have ACK (at simulation time 38.000,000,000 s)
2025-06-04 15:07:26,871 INFO  - Already have ACK (at simulation time 38.000,000,000 s)
2025-06-04 15:07:26,871 INFO  - Already have ACK (at simulation time 38.000,000,000 s)
2025-06-04 15:07:26,871 INFO  - Already have ACK (at simulation time 38.000,000,000 s)
2025-06-04 15:07:26,871 INFO  - Already have ACK (at simulation time 38.000,000,000 s)
2025-06-04 15:07:26,871 INFO  - Already have ACK (at simulation time 38.000,000,000 s)
2025-06-04 15:07:26,871 INFO  - Already have ACK (at simulation time 38.000,000,000 s)
2025-06-04 15:07:26,871 INFO  - Already have ACK (at simulation time 38.000,000,000 s)
2025-06-04 15:07:26,872 INFO  - Already have ACK (at simulation time 38.000,000,000 s)
2025-06-04 15:07:26,872 INFO  - Already have ACK (at simulation time 38.000,000,000 s)
2025-06-04 15:07:26,872 INFO  - Already have ACK (at simulation time 38.000,000,000 s)
2025-06-04 15:07:26,872 INFO  - Already have ACK (at simulation time 38.000,000,000 s)
2025-06-04 15:07:26,872 INFO  - Already have ACK (at simulation time 38.000,000,000 s)
2025-06-04 15:07:26,872 INFO  - Already have ACK (at simulation time 38.000,000,000 s)
2025-06-04 15:07:26,872 INFO  - Already have ACK (at simulation time 38.000,000,000 s)
2025-06-04 15:07:26,872 INFO  - Already have ACK (at simulation time 38.000,000,000 s)
2025-06-04 15:07:26,872 INFO  - Already have ACK (at simulation time 38.000,000,000 s)
2025-06-04 15:07:26,872 INFO  - Already have ACK (at simulation time 38.000,000,000 s)
2025-06-04 15:07:26,872 INFO  - Already have ACK (at simulation time 38.000,000,000 s)
2025-06-04 15:07:26,872 INFO  - Already have ACK (at simulation time 38.000,000,000 s)
2025-06-04 15:07:26,872 INFO  - Already have ACK (at simulation time 38.000,000,000 s)
2025-06-04 15:07:26,872 INFO  - Already have ACK (at simulation time 38.000,000,000 s)
2025-06-04 15:07:26,872 INFO  - Already have ACK (at simulation time 38.000,000,000 s)
2025-06-04 15:07:26,872 INFO  - Already have ACK (at simulation time 38.000,000,000 s)
2025-06-04 15:07:26,872 INFO  - Already have ACK (at simulation time 38.000,000,000 s)
2025-06-04 15:07:26,872 INFO  - Already have ACK (at simulation time 38.000,000,000 s)
2025-06-04 15:07:26,872 INFO  - Already have ACK (at simulation time 38.000,000,000 s)
2025-06-04 15:07:26,872 INFO  - Already have ACK (at simulation time 38.000,000,000 s)
2025-06-04 15:07:26,872 INFO  - Already have ACK (at simulation time 38.000,000,000 s)
2025-06-04 15:07:26,872 INFO  - Already have ACK (at simulation time 38.000,000,000 s)
2025-06-04 15:07:26,874 INFO  - Already have ACK (at simulation time 39.000,000,000 s)
2025-06-04 15:07:26,875 INFO  - Already have ACK (at simulation time 39.000,000,000 s)
2025-06-04 15:07:26,875 INFO  - Already have ACK (at simulation time 39.000,000,000 s)
2025-06-04 15:07:26,875 INFO  - Already have ACK (at simulation time 39.000,000,000 s)
2025-06-04 15:07:26,875 INFO  - Already have ACK (at simulation time 39.000,000,000 s)
2025-06-04 15:07:26,875 INFO  - Already have ACK (at simulation time 39.000,000,000 s)
2025-06-04 15:07:26,875 INFO  - Already have ACK (at simulation time 39.000,000,000 s)
2025-06-04 15:07:26,875 INFO  - Already have ACK (at simulation time 39.000,000,000 s)
2025-06-04 15:07:26,875 INFO  - Already have ACK (at simulation time 39.000,000,000 s)
2025-06-04 15:07:26,875 INFO  - Already have ACK (at simulation time 39.000,000,000 s)
2025-06-04 15:07:26,876 INFO  - Already have ACK (at simulation time 39.000,000,000 s)
2025-06-04 15:07:26,876 INFO  - Already have ACK (at simulation time 39.000,000,000 s)
2025-06-04 15:07:26,876 INFO  - Already have ACK (at simulation time 39.000,000,000 s)
2025-06-04 15:07:26,876 INFO  - Already have ACK (at simulation time 39.000,000,000 s)
2025-06-04 15:07:26,876 INFO  - Already have ACK (at simulation time 39.000,000,000 s)
2025-06-04 15:07:26,876 INFO  - Already have ACK (at simulation time 39.000,000,000 s)
2025-06-04 15:07:26,876 INFO  - Already have ACK (at simulation time 39.000,000,000 s)
2025-06-04 15:07:26,876 INFO  - Already have ACK (at simulation time 39.000,000,000 s)
2025-06-04 15:07:26,876 INFO  - Already have ACK (at simulation time 39.000,000,000 s)
2025-06-04 15:07:26,876 INFO  - Already have ACK (at simulation time 39.000,000,000 s)
2025-06-04 15:07:26,876 INFO  - Already have ACK (at simulation time 39.000,000,000 s)
2025-06-04 15:07:26,876 INFO  - Already have ACK (at simulation time 39.000,000,000 s)
2025-06-04 15:07:26,876 INFO  - Already have ACK (at simulation time 39.000,000,000 s)
2025-06-04 15:07:26,876 INFO  - Already have ACK (at simulation time 39.000,000,000 s)
2025-06-04 15:07:26,876 INFO  - Already have ACK (at simulation time 39.000,000,000 s)
2025-06-04 15:07:26,876 INFO  - Already have ACK (at simulation time 39.000,000,000 s)
2025-06-04 15:07:26,876 INFO  - Already have ACK (at simulation time 39.000,000,000 s)
2025-06-04 15:07:26,876 INFO  - Already have ACK (at simulation time 39.000,000,000 s)
2025-06-04 15:07:26,876 INFO  - Already have ACK (at simulation time 39.000,000,000 s)
2025-06-04 15:07:26,876 INFO  - Already have ACK (at simulation time 39.000,000,000 s)
2025-06-04 15:07:26,876 INFO  - Already have ACK (at simulation time 39.000,000,000 s)
2025-06-04 15:07:26,876 INFO  - Already have ACK (at simulation time 39.000,000,000 s)
2025-06-04 15:07:26,876 INFO  - Already have ACK (at simulation time 39.000,000,000 s)
2025-06-04 15:07:26,876 INFO  - Already have ACK (at simulation time 39.000,000,000 s)
2025-06-04 15:07:26,879 INFO  - Already have ACK (at simulation time 40.000,000,000 s)
2025-06-04 15:07:26,880 INFO  - Already have ACK (at simulation time 40.000,000,000 s)
2025-06-04 15:07:26,880 INFO  - Already have ACK (at simulation time 40.000,000,000 s)
2025-06-04 15:07:26,880 INFO  - Already have ACK (at simulation time 40.000,000,000 s)
2025-06-04 15:07:26,880 INFO  - Already have ACK (at simulation time 40.000,000,000 s)
2025-06-04 15:07:26,880 INFO  - Already have ACK (at simulation time 40.000,000,000 s)
2025-06-04 15:07:26,881 INFO  - Already have ACK (at simulation time 40.000,000,000 s)
2025-06-04 15:07:26,881 INFO  - Already have ACK (at simulation time 40.000,000,000 s)
2025-06-04 15:07:26,881 INFO  - Already have ACK (at simulation time 40.000,000,000 s)
2025-06-04 15:07:26,881 INFO  - Already have ACK (at simulation time 40.000,000,000 s)
2025-06-04 15:07:26,881 INFO  - Already have ACK (at simulation time 40.000,000,000 s)
2025-06-04 15:07:26,881 INFO  - Already have ACK (at simulation time 40.000,000,000 s)
2025-06-04 15:07:26,881 INFO  - Already have ACK (at simulation time 40.000,000,000 s)
2025-06-04 15:07:26,881 INFO  - Already have ACK (at simulation time 40.000,000,000 s)
2025-06-04 15:07:26,881 INFO  - Already have ACK (at simulation time 40.000,000,000 s)
2025-06-04 15:07:26,881 INFO  - Already have ACK (at simulation time 40.000,000,000 s)
2025-06-04 15:07:26,881 INFO  - Already have ACK (at simulation time 40.000,000,000 s)
2025-06-04 15:07:26,881 INFO  - Already have ACK (at simulation time 40.000,000,000 s)
2025-06-04 15:07:26,881 INFO  - Already have ACK (at simulation time 40.000,000,000 s)
2025-06-04 15:07:26,881 INFO  - Already have ACK (at simulation time 40.000,000,000 s)
2025-06-04 15:07:26,881 INFO  - Already have ACK (at simulation time 40.000,000,000 s)
2025-06-04 15:07:26,881 INFO  - Already have ACK (at simulation time 40.000,000,000 s)
2025-06-04 15:07:26,881 INFO  - Already have ACK (at simulation time 40.000,000,000 s)
2025-06-04 15:07:26,881 INFO  - Already have ACK (at simulation time 40.000,000,000 s)
2025-06-04 15:07:26,881 INFO  - Already have ACK (at simulation time 40.000,000,000 s)
2025-06-04 15:07:26,881 INFO  - Already have ACK (at simulation time 40.000,000,000 s)
2025-06-04 15:07:26,881 INFO  - Already have ACK (at simulation time 40.000,000,000 s)
2025-06-04 15:07:26,881 INFO  - Already have ACK (at simulation time 40.000,000,000 s)
2025-06-04 15:07:26,882 INFO  - Already have ACK (at simulation time 40.000,000,000 s)
2025-06-04 15:07:26,882 INFO  - Already have ACK (at simulation time 40.000,000,000 s)
2025-06-04 15:07:26,882 INFO  - Already have ACK (at simulation time 40.000,000,000 s)
2025-06-04 15:07:26,882 INFO  - Already have ACK (at simulation time 40.000,000,000 s)
2025-06-04 15:07:26,882 INFO  - Already have ACK (at simulation time 40.000,000,000 s)
2025-06-04 15:07:26,882 INFO  - Already have ACK (at simulation time 40.000,000,000 s)
2025-06-04 15:07:26,882 INFO  - Already have ACK (at simulation time 40.000,000,000 s)
2025-06-04 15:07:26,884 INFO  - Sent periodic GreenWaveMsg: veh_1 on route r_1 (at simulation time 41.000,000,000 s)
2025-06-04 15:07:26,884 INFO  - Already have ACK (at simulation time 41.000,000,000 s)
2025-06-04 15:07:26,885 INFO  - Already have ACK (at simulation time 41.000,000,000 s)
2025-06-04 15:07:26,885 INFO  - Already have ACK (at simulation time 41.000,000,000 s)
2025-06-04 15:07:26,885 INFO  - Already have ACK (at simulation time 41.000,000,000 s)
2025-06-04 15:07:26,885 INFO  - Already have ACK (at simulation time 41.000,000,000 s)
2025-06-04 15:07:26,885 INFO  - Already have ACK (at simulation time 41.000,000,000 s)
2025-06-04 15:07:26,885 INFO  - Already have ACK (at simulation time 41.000,000,000 s)
2025-06-04 15:07:26,885 INFO  - Already have ACK (at simulation time 41.000,000,000 s)
2025-06-04 15:07:26,885 INFO  - Already have ACK (at simulation time 41.000,000,000 s)
2025-06-04 15:07:26,885 INFO  - Already have ACK (at simulation time 41.000,000,000 s)
2025-06-04 15:07:26,885 INFO  - Already have ACK (at simulation time 41.000,000,000 s)
2025-06-04 15:07:26,885 INFO  - Already have ACK (at simulation time 41.000,000,000 s)
2025-06-04 15:07:26,885 INFO  - Already have ACK (at simulation time 41.000,000,000 s)
2025-06-04 15:07:26,886 INFO  - Already have ACK (at simulation time 41.000,000,000 s)
2025-06-04 15:07:26,886 INFO  - Already have ACK (at simulation time 41.000,000,000 s)
2025-06-04 15:07:26,886 INFO  - Already have ACK (at simulation time 41.000,000,000 s)
2025-06-04 15:07:26,886 INFO  - Already have ACK (at simulation time 41.000,000,000 s)
2025-06-04 15:07:26,886 INFO  - Already have ACK (at simulation time 41.000,000,000 s)
2025-06-04 15:07:26,886 INFO  - Already have ACK (at simulation time 41.000,000,000 s)
2025-06-04 15:07:26,886 INFO  - Already have ACK (at simulation time 41.000,000,000 s)
2025-06-04 15:07:26,886 INFO  - Already have ACK (at simulation time 41.000,000,000 s)
2025-06-04 15:07:26,886 INFO  - Already have ACK (at simulation time 41.000,000,000 s)
2025-06-04 15:07:26,886 INFO  - Already have ACK (at simulation time 41.000,000,000 s)
2025-06-04 15:07:26,886 INFO  - Already have ACK (at simulation time 41.000,000,000 s)
2025-06-04 15:07:26,886 INFO  - Already have ACK (at simulation time 41.000,000,000 s)
2025-06-04 15:07:26,886 INFO  - Already have ACK (at simulation time 41.000,000,000 s)
2025-06-04 15:07:26,886 INFO  - Already have ACK (at simulation time 41.000,000,000 s)
2025-06-04 15:07:26,886 INFO  - Already have ACK (at simulation time 41.000,000,000 s)
2025-06-04 15:07:26,886 INFO  - Already have ACK (at simulation time 41.000,000,000 s)
2025-06-04 15:07:26,886 INFO  - Already have ACK (at simulation time 41.000,000,000 s)
2025-06-04 15:07:26,886 INFO  - Already have ACK (at simulation time 41.000,000,000 s)
2025-06-04 15:07:26,886 INFO  - Already have ACK (at simulation time 41.000,000,000 s)
2025-06-04 15:07:26,886 INFO  - Already have ACK (at simulation time 41.000,000,000 s)
2025-06-04 15:07:26,886 INFO  - Already have ACK (at simulation time 41.000,000,000 s)
2025-06-04 15:07:26,886 INFO  - Already have ACK (at simulation time 41.000,000,000 s)
2025-06-04 15:07:26,886 INFO  - Already have ACK (at simulation time 41.000,000,000 s)
2025-06-04 15:07:26,887 INFO  - Received ACK with origin at RSU from rsu_0 at 41001800000 (at simulation time 41.001,800,000 s)
2025-06-04 15:07:26,888 INFO  - Already have ACK (at simulation time 42.000,000,000 s)
2025-06-04 15:07:26,889 INFO  - Already have ACK (at simulation time 42.000,000,000 s)
2025-06-04 15:07:26,889 INFO  - Already have ACK (at simulation time 42.000,000,000 s)
2025-06-04 15:07:26,889 INFO  - Already have ACK (at simulation time 42.000,000,000 s)
2025-06-04 15:07:26,890 INFO  - Already have ACK (at simulation time 42.000,000,000 s)
2025-06-04 15:07:26,890 INFO  - Already have ACK (at simulation time 42.000,000,000 s)
2025-06-04 15:07:26,890 INFO  - Already have ACK (at simulation time 42.000,000,000 s)
2025-06-04 15:07:26,890 INFO  - Already have ACK (at simulation time 42.000,000,000 s)
2025-06-04 15:07:26,890 INFO  - Already have ACK (at simulation time 42.000,000,000 s)
2025-06-04 15:07:26,890 INFO  - Already have ACK (at simulation time 42.000,000,000 s)
2025-06-04 15:07:26,890 INFO  - Already have ACK (at simulation time 42.000,000,000 s)
2025-06-04 15:07:26,890 INFO  - Already have ACK (at simulation time 42.000,000,000 s)
2025-06-04 15:07:26,890 INFO  - Already have ACK (at simulation time 42.000,000,000 s)
2025-06-04 15:07:26,890 INFO  - Already have ACK (at simulation time 42.000,000,000 s)
2025-06-04 15:07:26,890 INFO  - Already have ACK (at simulation time 42.000,000,000 s)
2025-06-04 15:07:26,890 INFO  - Already have ACK (at simulation time 42.000,000,000 s)
2025-06-04 15:07:26,890 INFO  - Already have ACK (at simulation time 42.000,000,000 s)
2025-06-04 15:07:26,890 INFO  - Already have ACK (at simulation time 42.000,000,000 s)
2025-06-04 15:07:26,890 INFO  - Already have ACK (at simulation time 42.000,000,000 s)
2025-06-04 15:07:26,890 INFO  - Already have ACK (at simulation time 42.000,000,000 s)
2025-06-04 15:07:26,891 INFO  - Already have ACK (at simulation time 42.000,000,000 s)
2025-06-04 15:07:26,891 INFO  - Already have ACK (at simulation time 42.000,000,000 s)
2025-06-04 15:07:26,891 INFO  - Already have ACK (at simulation time 42.000,000,000 s)
2025-06-04 15:07:26,891 INFO  - Already have ACK (at simulation time 42.000,000,000 s)
2025-06-04 15:07:26,891 INFO  - Already have ACK (at simulation time 42.000,000,000 s)
2025-06-04 15:07:26,891 INFO  - Already have ACK (at simulation time 42.000,000,000 s)
2025-06-04 15:07:26,891 INFO  - Already have ACK (at simulation time 42.000,000,000 s)
2025-06-04 15:07:26,891 INFO  - Already have ACK (at simulation time 42.000,000,000 s)
2025-06-04 15:07:26,891 INFO  - Already have ACK (at simulation time 42.000,000,000 s)
2025-06-04 15:07:26,891 INFO  - Already have ACK (at simulation time 42.000,000,000 s)
2025-06-04 15:07:26,891 INFO  - Already have ACK (at simulation time 42.000,000,000 s)
2025-06-04 15:07:26,891 INFO  - Already have ACK (at simulation time 42.000,000,000 s)
2025-06-04 15:07:26,891 INFO  - Already have ACK (at simulation time 42.000,000,000 s)
2025-06-04 15:07:26,891 INFO  - Already have ACK (at simulation time 42.000,000,000 s)
2025-06-04 15:07:26,891 INFO  - Already have ACK (at simulation time 42.000,000,000 s)
2025-06-04 15:07:26,891 INFO  - Already have ACK (at simulation time 42.000,000,000 s)
2025-06-04 15:07:26,891 INFO  - Already have ACK (at simulation time 42.000,000,000 s)
2025-06-04 15:07:26,892 INFO  - Resent to veh_0 - GreenWaveMsg origin in veh_5 (at simulation time 42.001,900,000 s)
2025-06-04 15:07:26,893 INFO  - Already have ACK (at simulation time 43.000,000,000 s)
2025-06-04 15:07:26,894 INFO  - Already have ACK (at simulation time 43.000,000,000 s)
2025-06-04 15:07:26,894 INFO  - Already have ACK (at simulation time 43.000,000,000 s)
2025-06-04 15:07:26,894 INFO  - Already have ACK (at simulation time 43.000,000,000 s)
2025-06-04 15:07:26,894 INFO  - Already have ACK (at simulation time 43.000,000,000 s)
2025-06-04 15:07:26,894 INFO  - Already have ACK (at simulation time 43.000,000,000 s)
2025-06-04 15:07:26,894 INFO  - Already have ACK (at simulation time 43.000,000,000 s)
2025-06-04 15:07:26,895 INFO  - Already have ACK (at simulation time 43.000,000,000 s)
2025-06-04 15:07:26,895 INFO  - Already have ACK (at simulation time 43.000,000,000 s)
2025-06-04 15:07:26,895 INFO  - Already have ACK (at simulation time 43.000,000,000 s)
2025-06-04 15:07:26,895 INFO  - Already have ACK (at simulation time 43.000,000,000 s)
2025-06-04 15:07:26,895 INFO  - Already have ACK (at simulation time 43.000,000,000 s)
2025-06-04 15:07:26,895 INFO  - Already have ACK (at simulation time 43.000,000,000 s)
2025-06-04 15:07:26,895 INFO  - Already have ACK (at simulation time 43.000,000,000 s)
2025-06-04 15:07:26,895 INFO  - Already have ACK (at simulation time 43.000,000,000 s)
2025-06-04 15:07:26,895 INFO  - Already have ACK (at simulation time 43.000,000,000 s)
2025-06-04 15:07:26,895 INFO  - Already have ACK (at simulation time 43.000,000,000 s)
2025-06-04 15:07:26,895 INFO  - Already have ACK (at simulation time 43.000,000,000 s)
2025-06-04 15:07:26,895 INFO  - Already have ACK (at simulation time 43.000,000,000 s)
2025-06-04 15:07:26,895 INFO  - Already have ACK (at simulation time 43.000,000,000 s)
2025-06-04 15:07:26,895 INFO  - Already have ACK (at simulation time 43.000,000,000 s)
2025-06-04 15:07:26,895 INFO  - Already have ACK (at simulation time 43.000,000,000 s)
2025-06-04 15:07:26,895 INFO  - Already have ACK (at simulation time 43.000,000,000 s)
2025-06-04 15:07:26,896 INFO  - Already have ACK (at simulation time 43.000,000,000 s)
2025-06-04 15:07:26,896 INFO  - Already have ACK (at simulation time 43.000,000,000 s)
2025-06-04 15:07:26,896 INFO  - Already have ACK (at simulation time 43.000,000,000 s)
2025-06-04 15:07:26,896 INFO  - Already have ACK (at simulation time 43.000,000,000 s)
2025-06-04 15:07:26,896 INFO  - Already have ACK (at simulation time 43.000,000,000 s)
2025-06-04 15:07:26,896 INFO  - Already have ACK (at simulation time 43.000,000,000 s)
2025-06-04 15:07:26,896 INFO  - Already have ACK (at simulation time 43.000,000,000 s)
2025-06-04 15:07:26,896 INFO  - Already have ACK (at simulation time 43.000,000,000 s)
2025-06-04 15:07:26,896 INFO  - Already have ACK (at simulation time 43.000,000,000 s)
2025-06-04 15:07:26,896 INFO  - Already have ACK (at simulation time 43.000,000,000 s)
2025-06-04 15:07:26,896 INFO  - Already have ACK (at simulation time 43.000,000,000 s)
2025-06-04 15:07:26,896 INFO  - Already have ACK (at simulation time 43.000,000,000 s)
2025-06-04 15:07:26,896 INFO  - Already have ACK (at simulation time 43.000,000,000 s)
2025-06-04 15:07:26,896 INFO  - Already have ACK (at simulation time 43.000,000,000 s)
2025-06-04 15:07:26,896 INFO  - Already have ACK (at simulation time 43.000,000,000 s)
2025-06-04 15:07:26,897 INFO  - Already have ACK (at simulation time 44.000,000,000 s)
2025-06-04 15:07:26,898 INFO  - Already have ACK (at simulation time 44.000,000,000 s)
2025-06-04 15:07:26,898 INFO  - Already have ACK (at simulation time 44.000,000,000 s)
2025-06-04 15:07:26,898 INFO  - Already have ACK (at simulation time 44.000,000,000 s)
2025-06-04 15:07:26,898 INFO  - Already have ACK (at simulation time 44.000,000,000 s)
2025-06-04 15:07:26,898 INFO  - Already have ACK (at simulation time 44.000,000,000 s)
2025-06-04 15:07:26,899 INFO  - Already have ACK (at simulation time 44.000,000,000 s)
2025-06-04 15:07:26,899 INFO  - Already have ACK (at simulation time 44.000,000,000 s)
2025-06-04 15:07:26,899 INFO  - Already have ACK (at simulation time 44.000,000,000 s)
2025-06-04 15:07:26,899 INFO  - Already have ACK (at simulation time 44.000,000,000 s)
2025-06-04 15:07:26,899 INFO  - Already have ACK (at simulation time 44.000,000,000 s)
2025-06-04 15:07:26,899 INFO  - Already have ACK (at simulation time 44.000,000,000 s)
2025-06-04 15:07:26,899 INFO  - Already have ACK (at simulation time 44.000,000,000 s)
2025-06-04 15:07:26,899 INFO  - Already have ACK (at simulation time 44.000,000,000 s)
2025-06-04 15:07:26,899 INFO  - Already have ACK (at simulation time 44.000,000,000 s)
2025-06-04 15:07:26,899 INFO  - Already have ACK (at simulation time 44.000,000,000 s)
2025-06-04 15:07:26,899 INFO  - Already have ACK (at simulation time 44.000,000,000 s)
2025-06-04 15:07:26,899 INFO  - Already have ACK (at simulation time 44.000,000,000 s)
2025-06-04 15:07:26,899 INFO  - Already have ACK (at simulation time 44.000,000,000 s)
2025-06-04 15:07:26,899 INFO  - Already have ACK (at simulation time 44.000,000,000 s)
2025-06-04 15:07:26,899 INFO  - Already have ACK (at simulation time 44.000,000,000 s)
2025-06-04 15:07:26,899 INFO  - Already have ACK (at simulation time 44.000,000,000 s)
2025-06-04 15:07:26,899 INFO  - Already have ACK (at simulation time 44.000,000,000 s)
2025-06-04 15:07:26,899 INFO  - Already have ACK (at simulation time 44.000,000,000 s)
2025-06-04 15:07:26,900 INFO  - Already have ACK (at simulation time 44.000,000,000 s)
2025-06-04 15:07:26,900 INFO  - Already have ACK (at simulation time 44.000,000,000 s)
2025-06-04 15:07:26,900 INFO  - Already have ACK (at simulation time 44.000,000,000 s)
2025-06-04 15:07:26,900 INFO  - Already have ACK (at simulation time 44.000,000,000 s)
2025-06-04 15:07:26,900 INFO  - Already have ACK (at simulation time 44.000,000,000 s)
2025-06-04 15:07:26,900 INFO  - Already have ACK (at simulation time 44.000,000,000 s)
2025-06-04 15:07:26,900 INFO  - Already have ACK (at simulation time 44.000,000,000 s)
2025-06-04 15:07:26,900 INFO  - Already have ACK (at simulation time 44.000,000,000 s)
2025-06-04 15:07:26,900 INFO  - Already have ACK (at simulation time 44.000,000,000 s)
2025-06-04 15:07:26,900 INFO  - Already have ACK (at simulation time 44.000,000,000 s)
2025-06-04 15:07:26,900 INFO  - Already have ACK (at simulation time 44.000,000,000 s)
2025-06-04 15:07:26,900 INFO  - Already have ACK (at simulation time 44.000,000,000 s)
2025-06-04 15:07:26,900 INFO  - Already have ACK (at simulation time 44.000,000,000 s)
2025-06-04 15:07:26,900 INFO  - Already have ACK (at simulation time 44.000,000,000 s)
2025-06-04 15:07:26,900 INFO  - Already have ACK (at simulation time 44.000,000,000 s)
2025-06-04 15:07:26,902 INFO  - Already have ACK (at simulation time 45.000,000,000 s)
2025-06-04 15:07:26,903 INFO  - Already have ACK (at simulation time 45.000,000,000 s)
2025-06-04 15:07:26,903 INFO  - Already have ACK (at simulation time 45.000,000,000 s)
2025-06-04 15:07:26,903 INFO  - Already have ACK (at simulation time 45.000,000,000 s)
2025-06-04 15:07:26,903 INFO  - Already have ACK (at simulation time 45.000,000,000 s)
2025-06-04 15:07:26,904 INFO  - Already have ACK (at simulation time 45.000,000,000 s)
2025-06-04 15:07:26,904 INFO  - Already have ACK (at simulation time 45.000,000,000 s)
2025-06-04 15:07:26,904 INFO  - Already have ACK (at simulation time 45.000,000,000 s)
2025-06-04 15:07:26,904 INFO  - Already have ACK (at simulation time 45.000,000,000 s)
2025-06-04 15:07:26,904 INFO  - Already have ACK (at simulation time 45.000,000,000 s)
2025-06-04 15:07:26,904 INFO  - Already have ACK (at simulation time 45.000,000,000 s)
2025-06-04 15:07:26,904 INFO  - Already have ACK (at simulation time 45.000,000,000 s)
2025-06-04 15:07:26,904 INFO  - Already have ACK (at simulation time 45.000,000,000 s)
2025-06-04 15:07:26,904 INFO  - Already have ACK (at simulation time 45.000,000,000 s)
2025-06-04 15:07:26,905 INFO  - Already have ACK (at simulation time 45.000,000,000 s)
2025-06-04 15:07:26,905 INFO  - Already have ACK (at simulation time 45.000,000,000 s)
2025-06-04 15:07:26,905 INFO  - Already have ACK (at simulation time 45.000,000,000 s)
2025-06-04 15:07:26,905 INFO  - Already have ACK (at simulation time 45.000,000,000 s)
2025-06-04 15:07:26,905 INFO  - Already have ACK (at simulation time 45.000,000,000 s)
2025-06-04 15:07:26,905 INFO  - Already have ACK (at simulation time 45.000,000,000 s)
2025-06-04 15:07:26,905 INFO  - Already have ACK (at simulation time 45.000,000,000 s)
2025-06-04 15:07:26,905 INFO  - Already have ACK (at simulation time 45.000,000,000 s)
2025-06-04 15:07:26,905 INFO  - Already have ACK (at simulation time 45.000,000,000 s)
2025-06-04 15:07:26,905 INFO  - Already have ACK (at simulation time 45.000,000,000 s)
2025-06-04 15:07:26,905 INFO  - Already have ACK (at simulation time 45.000,000,000 s)
2025-06-04 15:07:26,905 INFO  - Already have ACK (at simulation time 45.000,000,000 s)
2025-06-04 15:07:26,905 INFO  - Already have ACK (at simulation time 45.000,000,000 s)
2025-06-04 15:07:26,905 INFO  - Already have ACK (at simulation time 45.000,000,000 s)
2025-06-04 15:07:26,906 INFO  - Already have ACK (at simulation time 45.000,000,000 s)
2025-06-04 15:07:26,906 INFO  - Already have ACK (at simulation time 45.000,000,000 s)
2025-06-04 15:07:26,906 INFO  - Already have ACK (at simulation time 45.000,000,000 s)
2025-06-04 15:07:26,906 INFO  - Already have ACK (at simulation time 45.000,000,000 s)
2025-06-04 15:07:26,906 INFO  - Already have ACK (at simulation time 45.000,000,000 s)
2025-06-04 15:07:26,906 INFO  - Already have ACK (at simulation time 45.000,000,000 s)
2025-06-04 15:07:26,906 INFO  - Already have ACK (at simulation time 45.000,000,000 s)
2025-06-04 15:07:26,906 INFO  - Already have ACK (at simulation time 45.000,000,000 s)
2025-06-04 15:07:26,906 INFO  - Already have ACK (at simulation time 45.000,000,000 s)
2025-06-04 15:07:26,906 INFO  - Already have ACK (at simulation time 45.000,000,000 s)
2025-06-04 15:07:26,906 INFO  - Already have ACK (at simulation time 45.000,000,000 s)
2025-06-04 15:07:26,906 INFO  - Already have ACK (at simulation time 45.000,000,000 s)
2025-06-04 15:07:26,908 INFO  - Sent periodic GreenWaveMsg: veh_1 on route r_1 (at simulation time 46.000,000,000 s)
2025-06-04 15:07:26,908 INFO  - Already have ACK (at simulation time 46.000,000,000 s)
2025-06-04 15:07:26,909 INFO  - Already have ACK (at simulation time 46.000,000,000 s)
2025-06-04 15:07:26,909 INFO  - Already have ACK (at simulation time 46.000,000,000 s)
2025-06-04 15:07:26,909 INFO  - Already have ACK (at simulation time 46.000,000,000 s)
2025-06-04 15:07:26,909 INFO  - Already have ACK (at simulation time 46.000,000,000 s)
2025-06-04 15:07:26,909 INFO  - Already have ACK (at simulation time 46.000,000,000 s)
2025-06-04 15:07:26,909 INFO  - Already have ACK (at simulation time 46.000,000,000 s)
2025-06-04 15:07:26,909 INFO  - Already have ACK (at simulation time 46.000,000,000 s)
2025-06-04 15:07:26,910 INFO  - Already have ACK (at simulation time 46.000,000,000 s)
2025-06-04 15:07:26,910 INFO  - Already have ACK (at simulation time 46.000,000,000 s)
2025-06-04 15:07:26,910 INFO  - Already have ACK (at simulation time 46.000,000,000 s)
2025-06-04 15:07:26,910 INFO  - Already have ACK (at simulation time 46.000,000,000 s)
2025-06-04 15:07:26,910 INFO  - Already have ACK (at simulation time 46.000,000,000 s)
2025-06-04 15:07:26,910 INFO  - Already have ACK (at simulation time 46.000,000,000 s)
2025-06-04 15:07:26,910 INFO  - Already have ACK (at simulation time 46.000,000,000 s)
2025-06-04 15:07:26,910 INFO  - Already have ACK (at simulation time 46.000,000,000 s)
2025-06-04 15:07:26,910 INFO  - Already have ACK (at simulation time 46.000,000,000 s)
2025-06-04 15:07:26,910 INFO  - Already have ACK (at simulation time 46.000,000,000 s)
2025-06-04 15:07:26,910 INFO  - Already have ACK (at simulation time 46.000,000,000 s)
2025-06-04 15:07:26,911 INFO  - Already have ACK (at simulation time 46.000,000,000 s)
2025-06-04 15:07:26,911 INFO  - Already have ACK (at simulation time 46.000,000,000 s)
2025-06-04 15:07:26,911 INFO  - Already have ACK (at simulation time 46.000,000,000 s)
2025-06-04 15:07:26,911 INFO  - Already have ACK (at simulation time 46.000,000,000 s)
2025-06-04 15:07:26,911 INFO  - Already have ACK (at simulation time 46.000,000,000 s)
2025-06-04 15:07:26,911 INFO  - Already have ACK (at simulation time 46.000,000,000 s)
2025-06-04 15:07:26,911 INFO  - Already have ACK (at simulation time 46.000,000,000 s)
2025-06-04 15:07:26,911 INFO  - Already have ACK (at simulation time 46.000,000,000 s)
2025-06-04 15:07:26,911 INFO  - Already have ACK (at simulation time 46.000,000,000 s)
2025-06-04 15:07:26,911 INFO  - Already have ACK (at simulation time 46.000,000,000 s)
2025-06-04 15:07:26,911 INFO  - Already have ACK (at simulation time 46.000,000,000 s)
2025-06-04 15:07:26,911 INFO  - Already have ACK (at simulation time 46.000,000,000 s)
2025-06-04 15:07:26,911 INFO  - Already have ACK (at simulation time 46.000,000,000 s)
2025-06-04 15:07:26,911 INFO  - Already have ACK (at simulation time 46.000,000,000 s)
2025-06-04 15:07:26,911 INFO  - Already have ACK (at simulation time 46.000,000,000 s)
2025-06-04 15:07:26,911 INFO  - Already have ACK (at simulation time 46.000,000,000 s)
2025-06-04 15:07:26,911 INFO  - Already have ACK (at simulation time 46.000,000,000 s)
2025-06-04 15:07:26,911 INFO  - Already have ACK (at simulation time 46.000,000,000 s)
2025-06-04 15:07:26,911 INFO  - Already have ACK (at simulation time 46.000,000,000 s)
2025-06-04 15:07:26,911 INFO  - Already have ACK (at simulation time 46.000,000,000 s)
2025-06-04 15:07:26,911 INFO  - Already have ACK (at simulation time 46.000,000,000 s)
2025-06-04 15:07:26,911 INFO  - Already have ACK (at simulation time 46.000,000,000 s)
2025-06-04 15:07:26,913 INFO  - Received ACK with origin at RSU from rsu_0 at 46002300000 (at simulation time 46.002,300,000 s)
2025-06-04 15:07:26,914 INFO  - Already have ACK (at simulation time 47.000,000,000 s)
2025-06-04 15:07:26,915 INFO  - Already have ACK (at simulation time 47.000,000,000 s)
2025-06-04 15:07:26,915 INFO  - Already have ACK (at simulation time 47.000,000,000 s)
2025-06-04 15:07:26,915 INFO  - Already have ACK (at simulation time 47.000,000,000 s)
2025-06-04 15:07:26,915 INFO  - Already have ACK (at simulation time 47.000,000,000 s)
2025-06-04 15:07:26,915 INFO  - Already have ACK (at simulation time 47.000,000,000 s)
2025-06-04 15:07:26,916 INFO  - Already have ACK (at simulation time 47.000,000,000 s)
2025-06-04 15:07:26,916 INFO  - Already have ACK (at simulation time 47.000,000,000 s)
2025-06-04 15:07:26,916 INFO  - Already have ACK (at simulation time 47.000,000,000 s)
2025-06-04 15:07:26,916 INFO  - Already have ACK (at simulation time 47.000,000,000 s)
2025-06-04 15:07:26,916 INFO  - Already have ACK (at simulation time 47.000,000,000 s)
2025-06-04 15:07:26,916 INFO  - Already have ACK (at simulation time 47.000,000,000 s)
2025-06-04 15:07:26,916 INFO  - Already have ACK (at simulation time 47.000,000,000 s)
2025-06-04 15:07:26,916 INFO  - Already have ACK (at simulation time 47.000,000,000 s)
2025-06-04 15:07:26,916 INFO  - Already have ACK (at simulation time 47.000,000,000 s)
2025-06-04 15:07:26,916 INFO  - Already have ACK (at simulation time 47.000,000,000 s)
2025-06-04 15:07:26,917 INFO  - Already have ACK (at simulation time 47.000,000,000 s)
2025-06-04 15:07:26,917 INFO  - Already have ACK (at simulation time 47.000,000,000 s)
2025-06-04 15:07:26,917 INFO  - Already have ACK (at simulation time 47.000,000,000 s)
2025-06-04 15:07:26,917 INFO  - Already have ACK (at simulation time 47.000,000,000 s)
2025-06-04 15:07:26,917 INFO  - Already have ACK (at simulation time 47.000,000,000 s)
2025-06-04 15:07:26,917 INFO  - Already have ACK (at simulation time 47.000,000,000 s)
2025-06-04 15:07:26,917 INFO  - Already have ACK (at simulation time 47.000,000,000 s)
2025-06-04 15:07:26,917 INFO  - Already have ACK (at simulation time 47.000,000,000 s)
2025-06-04 15:07:26,917 INFO  - Already have ACK (at simulation time 47.000,000,000 s)
2025-06-04 15:07:26,917 INFO  - Already have ACK (at simulation time 47.000,000,000 s)
2025-06-04 15:07:26,917 INFO  - Already have ACK (at simulation time 47.000,000,000 s)
2025-06-04 15:07:26,917 INFO  - Already have ACK (at simulation time 47.000,000,000 s)
2025-06-04 15:07:26,917 INFO  - Already have ACK (at simulation time 47.000,000,000 s)
2025-06-04 15:07:26,917 INFO  - Already have ACK (at simulation time 47.000,000,000 s)
2025-06-04 15:07:26,918 INFO  - Already have ACK (at simulation time 47.000,000,000 s)
2025-06-04 15:07:26,918 INFO  - Already have ACK (at simulation time 47.000,000,000 s)
2025-06-04 15:07:26,918 INFO  - Already have ACK (at simulation time 47.000,000,000 s)
2025-06-04 15:07:26,918 INFO  - Already have ACK (at simulation time 47.000,000,000 s)
2025-06-04 15:07:26,918 INFO  - Already have ACK (at simulation time 47.000,000,000 s)
2025-06-04 15:07:26,918 INFO  - Already have ACK (at simulation time 47.000,000,000 s)
2025-06-04 15:07:26,918 INFO  - Already have ACK (at simulation time 47.000,000,000 s)
2025-06-04 15:07:26,918 INFO  - Already have ACK (at simulation time 47.000,000,000 s)
2025-06-04 15:07:26,918 INFO  - Already have ACK (at simulation time 47.000,000,000 s)
2025-06-04 15:07:26,918 INFO  - Already have ACK (at simulation time 47.000,000,000 s)
2025-06-04 15:07:26,918 INFO  - Already have ACK (at simulation time 47.000,000,000 s)
2025-06-04 15:07:26,918 INFO  - Already have ACK (at simulation time 47.000,000,000 s)
2025-06-04 15:07:26,928 INFO  - Already have ACK (at simulation time 48.000,000,000 s)
2025-06-04 15:07:26,928 INFO  - Already have ACK (at simulation time 48.000,000,000 s)
2025-06-04 15:07:26,928 INFO  - Already have ACK (at simulation time 48.000,000,000 s)
2025-06-04 15:07:26,929 INFO  - Already have ACK (at simulation time 48.000,000,000 s)
2025-06-04 15:07:26,929 INFO  - Already have ACK (at simulation time 48.000,000,000 s)
2025-06-04 15:07:26,929 INFO  - Already have ACK (at simulation time 48.000,000,000 s)
2025-06-04 15:07:26,929 INFO  - Already have ACK (at simulation time 48.000,000,000 s)
2025-06-04 15:07:26,929 INFO  - Already have ACK (at simulation time 48.000,000,000 s)
2025-06-04 15:07:26,929 INFO  - Already have ACK (at simulation time 48.000,000,000 s)
2025-06-04 15:07:26,929 INFO  - Already have ACK (at simulation time 48.000,000,000 s)
2025-06-04 15:07:26,929 INFO  - Already have ACK (at simulation time 48.000,000,000 s)
2025-06-04 15:07:26,929 INFO  - Already have ACK (at simulation time 48.000,000,000 s)
2025-06-04 15:07:26,929 INFO  - Already have ACK (at simulation time 48.000,000,000 s)
2025-06-04 15:07:26,929 INFO  - Already have ACK (at simulation time 48.000,000,000 s)
2025-06-04 15:07:26,929 INFO  - Already have ACK (at simulation time 48.000,000,000 s)
2025-06-04 15:07:26,929 INFO  - Already have ACK (at simulation time 48.000,000,000 s)
2025-06-04 15:07:26,930 INFO  - Already have ACK (at simulation time 48.000,000,000 s)
2025-06-04 15:07:26,930 INFO  - Already have ACK (at simulation time 48.000,000,000 s)
2025-06-04 15:07:26,930 INFO  - Already have ACK (at simulation time 48.000,000,000 s)
2025-06-04 15:07:26,930 INFO  - Already have ACK (at simulation time 48.000,000,000 s)
2025-06-04 15:07:26,930 INFO  - Already have ACK (at simulation time 48.000,000,000 s)
2025-06-04 15:07:26,930 INFO  - Already have ACK (at simulation time 48.000,000,000 s)
2025-06-04 15:07:26,930 INFO  - Already have ACK (at simulation time 48.000,000,000 s)
2025-06-04 15:07:26,930 INFO  - Already have ACK (at simulation time 48.000,000,000 s)
2025-06-04 15:07:26,930 INFO  - Already have ACK (at simulation time 48.000,000,000 s)
2025-06-04 15:07:26,930 INFO  - Already have ACK (at simulation time 48.000,000,000 s)
2025-06-04 15:07:26,930 INFO  - Already have ACK (at simulation time 48.000,000,000 s)
2025-06-04 15:07:26,930 INFO  - Already have ACK (at simulation time 48.000,000,000 s)
2025-06-04 15:07:26,930 INFO  - Already have ACK (at simulation time 48.000,000,000 s)
2025-06-04 15:07:26,930 INFO  - Already have ACK (at simulation time 48.000,000,000 s)
2025-06-04 15:07:26,930 INFO  - Already have ACK (at simulation time 48.000,000,000 s)
2025-06-04 15:07:26,930 INFO  - Already have ACK (at simulation time 48.000,000,000 s)
2025-06-04 15:07:26,930 INFO  - Already have ACK (at simulation time 48.000,000,000 s)
2025-06-04 15:07:26,930 INFO  - Already have ACK (at simulation time 48.000,000,000 s)
2025-06-04 15:07:26,930 INFO  - Already have ACK (at simulation time 48.000,000,000 s)
2025-06-04 15:07:26,930 INFO  - Already have ACK (at simulation time 48.000,000,000 s)
2025-06-04 15:07:26,930 INFO  - Already have ACK (at simulation time 48.000,000,000 s)
2025-06-04 15:07:26,930 INFO  - Already have ACK (at simulation time 48.000,000,000 s)
2025-06-04 15:07:26,930 INFO  - Already have ACK (at simulation time 48.000,000,000 s)
2025-06-04 15:07:26,930 INFO  - Already have ACK (at simulation time 48.000,000,000 s)
2025-06-04 15:07:26,930 INFO  - Already have ACK (at simulation time 48.000,000,000 s)
2025-06-04 15:07:26,930 INFO  - Already have ACK (at simulation time 48.000,000,000 s)
2025-06-04 15:07:26,930 INFO  - Already have ACK (at simulation time 48.000,000,000 s)
2025-06-04 15:07:26,932 INFO  - Already have ACK (at simulation time 49.000,000,000 s)
2025-06-04 15:07:26,934 INFO  - Already have ACK (at simulation time 49.000,000,000 s)
2025-06-04 15:07:26,934 INFO  - Already have ACK (at simulation time 49.000,000,000 s)
2025-06-04 15:07:26,934 INFO  - Already have ACK (at simulation time 49.000,000,000 s)
2025-06-04 15:07:26,934 INFO  - Already have ACK (at simulation time 49.000,000,000 s)
2025-06-04 15:07:26,934 INFO  - Already have ACK (at simulation time 49.000,000,000 s)
2025-06-04 15:07:26,934 INFO  - Already have ACK (at simulation time 49.000,000,000 s)
2025-06-04 15:07:26,934 INFO  - Already have ACK (at simulation time 49.000,000,000 s)
2025-06-04 15:07:26,934 INFO  - Already have ACK (at simulation time 49.000,000,000 s)
2025-06-04 15:07:26,934 INFO  - Already have ACK (at simulation time 49.000,000,000 s)
2025-06-04 15:07:26,934 INFO  - Already have ACK (at simulation time 49.000,000,000 s)
2025-06-04 15:07:26,935 INFO  - Already have ACK (at simulation time 49.000,000,000 s)
2025-06-04 15:07:26,935 INFO  - Already have ACK (at simulation time 49.000,000,000 s)
2025-06-04 15:07:26,935 INFO  - Already have ACK (at simulation time 49.000,000,000 s)
2025-06-04 15:07:26,935 INFO  - Already have ACK (at simulation time 49.000,000,000 s)
2025-06-04 15:07:26,935 INFO  - Already have ACK (at simulation time 49.000,000,000 s)
2025-06-04 15:07:26,935 INFO  - Already have ACK (at simulation time 49.000,000,000 s)
2025-06-04 15:07:26,935 INFO  - Already have ACK (at simulation time 49.000,000,000 s)
2025-06-04 15:07:26,935 INFO  - Already have ACK (at simulation time 49.000,000,000 s)
2025-06-04 15:07:26,935 INFO  - Already have ACK (at simulation time 49.000,000,000 s)
2025-06-04 15:07:26,935 INFO  - Already have ACK (at simulation time 49.000,000,000 s)
2025-06-04 15:07:26,935 INFO  - Already have ACK (at simulation time 49.000,000,000 s)
2025-06-04 15:07:26,936 INFO  - Already have ACK (at simulation time 49.000,000,000 s)
2025-06-04 15:07:26,936 INFO  - Already have ACK (at simulation time 49.000,000,000 s)
2025-06-04 15:07:26,936 INFO  - Already have ACK (at simulation time 49.000,000,000 s)
2025-06-04 15:07:26,936 INFO  - Already have ACK (at simulation time 49.000,000,000 s)
2025-06-04 15:07:26,936 INFO  - Already have ACK (at simulation time 49.000,000,000 s)
2025-06-04 15:07:26,936 INFO  - Already have ACK (at simulation time 49.000,000,000 s)
2025-06-04 15:07:26,936 INFO  - Already have ACK (at simulation time 49.000,000,000 s)
2025-06-04 15:07:26,936 INFO  - Already have ACK (at simulation time 49.000,000,000 s)
2025-06-04 15:07:26,936 INFO  - Already have ACK (at simulation time 49.000,000,000 s)
2025-06-04 15:07:26,936 INFO  - Already have ACK (at simulation time 49.000,000,000 s)
2025-06-04 15:07:26,936 INFO  - Already have ACK (at simulation time 49.000,000,000 s)
2025-06-04 15:07:26,936 INFO  - Already have ACK (at simulation time 49.000,000,000 s)
2025-06-04 15:07:26,936 INFO  - Already have ACK (at simulation time 49.000,000,000 s)
2025-06-04 15:07:26,936 INFO  - Already have ACK (at simulation time 49.000,000,000 s)
2025-06-04 15:07:26,936 INFO  - Already have ACK (at simulation time 49.000,000,000 s)
2025-06-04 15:07:26,936 INFO  - Already have ACK (at simulation time 49.000,000,000 s)
2025-06-04 15:07:26,936 INFO  - Already have ACK (at simulation time 49.000,000,000 s)
2025-06-04 15:07:26,936 INFO  - Already have ACK (at simulation time 49.000,000,000 s)
2025-06-04 15:07:26,936 INFO  - Already have ACK (at simulation time 49.000,000,000 s)
2025-06-04 15:07:26,936 INFO  - Already have ACK (at simulation time 49.000,000,000 s)
2025-06-04 15:07:26,936 INFO  - Already have ACK (at simulation time 49.000,000,000 s)
2025-06-04 15:07:26,936 INFO  - Already have ACK (at simulation time 49.000,000,000 s)
2025-06-04 15:07:26,940 INFO  - Already have ACK (at simulation time 50.000,000,000 s)
2025-06-04 15:07:26,941 INFO  - Already have ACK (at simulation time 50.000,000,000 s)
2025-06-04 15:07:26,941 INFO  - Already have ACK (at simulation time 50.000,000,000 s)
2025-06-04 15:07:26,941 INFO  - Already have ACK (at simulation time 50.000,000,000 s)
2025-06-04 15:07:26,941 INFO  - Already have ACK (at simulation time 50.000,000,000 s)
2025-06-04 15:07:26,941 INFO  - Already have ACK (at simulation time 50.000,000,000 s)
2025-06-04 15:07:26,941 INFO  - Already have ACK (at simulation time 50.000,000,000 s)
2025-06-04 15:07:26,941 INFO  - Already have ACK (at simulation time 50.000,000,000 s)
2025-06-04 15:07:26,941 INFO  - Already have ACK (at simulation time 50.000,000,000 s)
2025-06-04 15:07:26,941 INFO  - Already have ACK (at simulation time 50.000,000,000 s)
2025-06-04 15:07:26,942 INFO  - Already have ACK (at simulation time 50.000,000,000 s)
2025-06-04 15:07:26,942 INFO  - Already have ACK (at simulation time 50.000,000,000 s)
2025-06-04 15:07:26,942 INFO  - Already have ACK (at simulation time 50.000,000,000 s)
2025-06-04 15:07:26,942 INFO  - Already have ACK (at simulation time 50.000,000,000 s)
2025-06-04 15:07:26,942 INFO  - Already have ACK (at simulation time 50.000,000,000 s)
2025-06-04 15:07:26,942 INFO  - Already have ACK (at simulation time 50.000,000,000 s)
2025-06-04 15:07:26,942 INFO  - Already have ACK (at simulation time 50.000,000,000 s)
2025-06-04 15:07:26,942 INFO  - Already have ACK (at simulation time 50.000,000,000 s)
2025-06-04 15:07:26,942 INFO  - Already have ACK (at simulation time 50.000,000,000 s)
2025-06-04 15:07:26,942 INFO  - Already have ACK (at simulation time 50.000,000,000 s)
2025-06-04 15:07:26,942 INFO  - Already have ACK (at simulation time 50.000,000,000 s)
2025-06-04 15:07:26,942 INFO  - Already have ACK (at simulation time 50.000,000,000 s)
2025-06-04 15:07:26,943 INFO  - Already have ACK (at simulation time 50.000,000,000 s)
2025-06-04 15:07:26,943 INFO  - Already have ACK (at simulation time 50.000,000,000 s)
2025-06-04 15:07:26,943 INFO  - Already have ACK (at simulation time 50.000,000,000 s)
2025-06-04 15:07:26,943 INFO  - Already have ACK (at simulation time 50.000,000,000 s)
2025-06-04 15:07:26,943 INFO  - Already have ACK (at simulation time 50.000,000,000 s)
2025-06-04 15:07:26,943 INFO  - Already have ACK (at simulation time 50.000,000,000 s)
2025-06-04 15:07:26,943 INFO  - Already have ACK (at simulation time 50.000,000,000 s)
2025-06-04 15:07:26,943 INFO  - Already have ACK (at simulation time 50.000,000,000 s)
2025-06-04 15:07:26,943 INFO  - Already have ACK (at simulation time 50.000,000,000 s)
2025-06-04 15:07:26,943 INFO  - Already have ACK (at simulation time 50.000,000,000 s)
2025-06-04 15:07:26,943 INFO  - Already have ACK (at simulation time 50.000,000,000 s)
2025-06-04 15:07:26,943 INFO  - Already have ACK (at simulation time 50.000,000,000 s)
2025-06-04 15:07:26,943 INFO  - Already have ACK (at simulation time 50.000,000,000 s)
2025-06-04 15:07:26,943 INFO  - Already have ACK (at simulation time 50.000,000,000 s)
2025-06-04 15:07:26,943 INFO  - Already have ACK (at simulation time 50.000,000,000 s)
2025-06-04 15:07:26,943 INFO  - Already have ACK (at simulation time 50.000,000,000 s)
2025-06-04 15:07:26,943 INFO  - Already have ACK (at simulation time 50.000,000,000 s)
2025-06-04 15:07:26,943 INFO  - Already have ACK (at simulation time 50.000,000,000 s)
2025-06-04 15:07:26,943 INFO  - Already have ACK (at simulation time 50.000,000,000 s)
2025-06-04 15:07:26,943 INFO  - Already have ACK (at simulation time 50.000,000,000 s)
2025-06-04 15:07:26,943 INFO  - Already have ACK (at simulation time 50.000,000,000 s)
2025-06-04 15:07:26,943 INFO  - Already have ACK (at simulation time 50.000,000,000 s)
2025-06-04 15:07:26,943 INFO  - Already have ACK (at simulation time 50.000,000,000 s)
2025-06-04 15:07:26,946 INFO  - Sent periodic GreenWaveMsg: veh_1 on route r_1 (at simulation time 51.000,000,000 s)
2025-06-04 15:07:26,946 INFO  - Already have ACK (at simulation time 51.000,000,000 s)
2025-06-04 15:07:26,947 INFO  - Already have ACK (at simulation time 51.000,000,000 s)
2025-06-04 15:07:26,947 INFO  - Already have ACK (at simulation time 51.000,000,000 s)
2025-06-04 15:07:26,947 INFO  - Already have ACK (at simulation time 51.000,000,000 s)
2025-06-04 15:07:26,947 INFO  - Already have ACK (at simulation time 51.000,000,000 s)
2025-06-04 15:07:26,947 INFO  - Already have ACK (at simulation time 51.000,000,000 s)
2025-06-04 15:07:26,947 INFO  - Already have ACK (at simulation time 51.000,000,000 s)
2025-06-04 15:07:26,948 INFO  - Already have ACK (at simulation time 51.000,000,000 s)
2025-06-04 15:07:26,948 INFO  - Already have ACK (at simulation time 51.000,000,000 s)
2025-06-04 15:07:26,948 INFO  - Already have ACK (at simulation time 51.000,000,000 s)
2025-06-04 15:07:26,948 INFO  - Already have ACK (at simulation time 51.000,000,000 s)
2025-06-04 15:07:26,948 INFO  - Already have ACK (at simulation time 51.000,000,000 s)
2025-06-04 15:07:26,948 INFO  - Already have ACK (at simulation time 51.000,000,000 s)
2025-06-04 15:07:26,948 INFO  - Already have ACK (at simulation time 51.000,000,000 s)
2025-06-04 15:07:26,948 INFO  - Already have ACK (at simulation time 51.000,000,000 s)
2025-06-04 15:07:26,948 INFO  - Already have ACK (at simulation time 51.000,000,000 s)
2025-06-04 15:07:26,948 INFO  - Already have ACK (at simulation time 51.000,000,000 s)
2025-06-04 15:07:26,948 INFO  - Already have ACK (at simulation time 51.000,000,000 s)
2025-06-04 15:07:26,948 INFO  - Already have ACK (at simulation time 51.000,000,000 s)
2025-06-04 15:07:26,949 INFO  - Already have ACK (at simulation time 51.000,000,000 s)
2025-06-04 15:07:26,949 INFO  - Already have ACK (at simulation time 51.000,000,000 s)
2025-06-04 15:07:26,949 INFO  - Already have ACK (at simulation time 51.000,000,000 s)
2025-06-04 15:07:26,949 INFO  - Already have ACK (at simulation time 51.000,000,000 s)
2025-06-04 15:07:26,949 INFO  - Already have ACK (at simulation time 51.000,000,000 s)
2025-06-04 15:07:26,949 INFO  - Already have ACK (at simulation time 51.000,000,000 s)
2025-06-04 15:07:26,949 INFO  - Already have ACK (at simulation time 51.000,000,000 s)
2025-06-04 15:07:26,949 INFO  - Already have ACK (at simulation time 51.000,000,000 s)
2025-06-04 15:07:26,949 INFO  - Already have ACK (at simulation time 51.000,000,000 s)
2025-06-04 15:07:26,949 INFO  - Already have ACK (at simulation time 51.000,000,000 s)
2025-06-04 15:07:26,949 INFO  - Already have ACK (at simulation time 51.000,000,000 s)
2025-06-04 15:07:26,949 INFO  - Already have ACK (at simulation time 51.000,000,000 s)
2025-06-04 15:07:26,949 INFO  - Already have ACK (at simulation time 51.000,000,000 s)
2025-06-04 15:07:26,949 INFO  - Already have ACK (at simulation time 51.000,000,000 s)
2025-06-04 15:07:26,949 INFO  - Already have ACK (at simulation time 51.000,000,000 s)
2025-06-04 15:07:26,949 INFO  - Already have ACK (at simulation time 51.000,000,000 s)
2025-06-04 15:07:26,949 INFO  - Already have ACK (at simulation time 51.000,000,000 s)
2025-06-04 15:07:26,949 INFO  - Already have ACK (at simulation time 51.000,000,000 s)
2025-06-04 15:07:26,949 INFO  - Already have ACK (at simulation time 51.000,000,000 s)
2025-06-04 15:07:26,949 INFO  - Already have ACK (at simulation time 51.000,000,000 s)
2025-06-04 15:07:26,949 INFO  - Already have ACK (at simulation time 51.000,000,000 s)
2025-06-04 15:07:26,949 INFO  - Already have ACK (at simulation time 51.000,000,000 s)
2025-06-04 15:07:26,949 INFO  - Already have ACK (at simulation time 51.000,000,000 s)
2025-06-04 15:07:26,949 INFO  - Already have ACK (at simulation time 51.000,000,000 s)
2025-06-04 15:07:26,949 INFO  - Already have ACK (at simulation time 51.000,000,000 s)
2025-06-04 15:07:26,950 INFO  - Already have ACK (at simulation time 51.000,000,000 s)
2025-06-04 15:07:26,950 INFO  - Already have ACK (at simulation time 51.000,000,000 s)
2025-06-04 15:07:26,951 INFO  - Received ACK with origin at RSU from rsu_0 at 51002300000 (at simulation time 51.002,300,000 s)
2025-06-04 15:07:26,952 INFO  - Already have ACK (at simulation time 52.000,000,000 s)
2025-06-04 15:07:26,953 INFO  - Already have ACK (at simulation time 52.000,000,000 s)
2025-06-04 15:07:26,953 INFO  - Already have ACK (at simulation time 52.000,000,000 s)
2025-06-04 15:07:26,953 INFO  - Already have ACK (at simulation time 52.000,000,000 s)
2025-06-04 15:07:26,953 INFO  - Already have ACK (at simulation time 52.000,000,000 s)
2025-06-04 15:07:26,953 INFO  - Already have ACK (at simulation time 52.000,000,000 s)
2025-06-04 15:07:26,953 INFO  - Already have ACK (at simulation time 52.000,000,000 s)
2025-06-04 15:07:26,954 INFO  - Already have ACK (at simulation time 52.000,000,000 s)
2025-06-04 15:07:26,954 INFO  - Already have ACK (at simulation time 52.000,000,000 s)
2025-06-04 15:07:26,954 INFO  - Already have ACK (at simulation time 52.000,000,000 s)
2025-06-04 15:07:26,954 INFO  - Already have ACK (at simulation time 52.000,000,000 s)
2025-06-04 15:07:26,954 INFO  - Already have ACK (at simulation time 52.000,000,000 s)
2025-06-04 15:07:26,954 INFO  - Already have ACK (at simulation time 52.000,000,000 s)
2025-06-04 15:07:26,954 INFO  - Already have ACK (at simulation time 52.000,000,000 s)
2025-06-04 15:07:26,954 INFO  - Already have ACK (at simulation time 52.000,000,000 s)
2025-06-04 15:07:26,954 INFO  - Already have ACK (at simulation time 52.000,000,000 s)
2025-06-04 15:07:26,954 INFO  - Already have ACK (at simulation time 52.000,000,000 s)
2025-06-04 15:07:26,954 INFO  - Already have ACK (at simulation time 52.000,000,000 s)
2025-06-04 15:07:26,955 INFO  - Already have ACK (at simulation time 52.000,000,000 s)
2025-06-04 15:07:26,955 INFO  - Already have ACK (at simulation time 52.000,000,000 s)
2025-06-04 15:07:26,955 INFO  - Already have ACK (at simulation time 52.000,000,000 s)
2025-06-04 15:07:26,955 INFO  - Already have ACK (at simulation time 52.000,000,000 s)
2025-06-04 15:07:26,955 INFO  - Already have ACK (at simulation time 52.000,000,000 s)
2025-06-04 15:07:26,955 INFO  - Already have ACK (at simulation time 52.000,000,000 s)
2025-06-04 15:07:26,955 INFO  - Already have ACK (at simulation time 52.000,000,000 s)
2025-06-04 15:07:26,955 INFO  - Already have ACK (at simulation time 52.000,000,000 s)
2025-06-04 15:07:26,955 INFO  - Already have ACK (at simulation time 52.000,000,000 s)
2025-06-04 15:07:26,955 INFO  - Already have ACK (at simulation time 52.000,000,000 s)
2025-06-04 15:07:26,955 INFO  - Already have ACK (at simulation time 52.000,000,000 s)
2025-06-04 15:07:26,955 INFO  - Already have ACK (at simulation time 52.000,000,000 s)
2025-06-04 15:07:26,955 INFO  - Already have ACK (at simulation time 52.000,000,000 s)
2025-06-04 15:07:26,955 INFO  - Already have ACK (at simulation time 52.000,000,000 s)
2025-06-04 15:07:26,955 INFO  - Already have ACK (at simulation time 52.000,000,000 s)
2025-06-04 15:07:26,955 INFO  - Already have ACK (at simulation time 52.000,000,000 s)
2025-06-04 15:07:26,955 INFO  - Already have ACK (at simulation time 52.000,000,000 s)
2025-06-04 15:07:26,955 INFO  - Already have ACK (at simulation time 52.000,000,000 s)
2025-06-04 15:07:26,955 INFO  - Already have ACK (at simulation time 52.000,000,000 s)
2025-06-04 15:07:26,955 INFO  - Already have ACK (at simulation time 52.000,000,000 s)
2025-06-04 15:07:26,955 INFO  - Already have ACK (at simulation time 52.000,000,000 s)
2025-06-04 15:07:26,955 INFO  - Already have ACK (at simulation time 52.000,000,000 s)
2025-06-04 15:07:26,955 INFO  - Already have ACK (at simulation time 52.000,000,000 s)
2025-06-04 15:07:26,955 INFO  - Already have ACK (at simulation time 52.000,000,000 s)
2025-06-04 15:07:26,955 INFO  - Already have ACK (at simulation time 52.000,000,000 s)
2025-06-04 15:07:26,956 INFO  - Already have ACK (at simulation time 52.000,000,000 s)
2025-06-04 15:07:26,956 INFO  - Already have ACK (at simulation time 52.000,000,000 s)
2025-06-04 15:07:26,956 INFO  - Already have ACK (at simulation time 52.000,000,000 s)
2025-06-04 15:07:26,956 INFO  - Already have ACK (at simulation time 52.000,000,000 s)
2025-06-04 15:07:26,958 INFO  - Already have ACK (at simulation time 53.000,000,000 s)
2025-06-04 15:07:26,959 INFO  - Already have ACK (at simulation time 53.000,000,000 s)
2025-06-04 15:07:26,959 INFO  - Already have ACK (at simulation time 53.000,000,000 s)
2025-06-04 15:07:26,959 INFO  - Already have ACK (at simulation time 53.000,000,000 s)
2025-06-04 15:07:26,959 INFO  - Already have ACK (at simulation time 53.000,000,000 s)
2025-06-04 15:07:26,960 INFO  - Already have ACK (at simulation time 53.000,000,000 s)
2025-06-04 15:07:26,960 INFO  - Already have ACK (at simulation time 53.000,000,000 s)
2025-06-04 15:07:26,960 INFO  - Already have ACK (at simulation time 53.000,000,000 s)
2025-06-04 15:07:26,960 INFO  - Already have ACK (at simulation time 53.000,000,000 s)
2025-06-04 15:07:26,960 INFO  - Already have ACK (at simulation time 53.000,000,000 s)
2025-06-04 15:07:26,960 INFO  - Already have ACK (at simulation time 53.000,000,000 s)
2025-06-04 15:07:26,960 INFO  - Already have ACK (at simulation time 53.000,000,000 s)
2025-06-04 15:07:26,960 INFO  - Already have ACK (at simulation time 53.000,000,000 s)
2025-06-04 15:07:26,960 INFO  - Already have ACK (at simulation time 53.000,000,000 s)
2025-06-04 15:07:26,960 INFO  - Already have ACK (at simulation time 53.000,000,000 s)
2025-06-04 15:07:26,960 INFO  - Already have ACK (at simulation time 53.000,000,000 s)
2025-06-04 15:07:26,960 INFO  - Already have ACK (at simulation time 53.000,000,000 s)
2025-06-04 15:07:26,960 INFO  - Already have ACK (at simulation time 53.000,000,000 s)
2025-06-04 15:07:26,960 INFO  - Already have ACK (at simulation time 53.000,000,000 s)
2025-06-04 15:07:26,960 INFO  - Already have ACK (at simulation time 53.000,000,000 s)
2025-06-04 15:07:26,960 INFO  - Already have ACK (at simulation time 53.000,000,000 s)
2025-06-04 15:07:26,961 INFO  - Already have ACK (at simulation time 53.000,000,000 s)
2025-06-04 15:07:26,961 INFO  - Already have ACK (at simulation time 53.000,000,000 s)
2025-06-04 15:07:26,961 INFO  - Already have ACK (at simulation time 53.000,000,000 s)
2025-06-04 15:07:26,961 INFO  - Already have ACK (at simulation time 53.000,000,000 s)
2025-06-04 15:07:26,961 INFO  - Already have ACK (at simulation time 53.000,000,000 s)
2025-06-04 15:07:26,961 INFO  - Already have ACK (at simulation time 53.000,000,000 s)
2025-06-04 15:07:26,961 INFO  - Already have ACK (at simulation time 53.000,000,000 s)
2025-06-04 15:07:26,961 INFO  - Already have ACK (at simulation time 53.000,000,000 s)
2025-06-04 15:07:26,961 INFO  - Already have ACK (at simulation time 53.000,000,000 s)
2025-06-04 15:07:26,961 INFO  - Already have ACK (at simulation time 53.000,000,000 s)
2025-06-04 15:07:26,961 INFO  - Already have ACK (at simulation time 53.000,000,000 s)
2025-06-04 15:07:26,961 INFO  - Already have ACK (at simulation time 53.000,000,000 s)
2025-06-04 15:07:26,961 INFO  - Already have ACK (at simulation time 53.000,000,000 s)
2025-06-04 15:07:26,961 INFO  - Already have ACK (at simulation time 53.000,000,000 s)
2025-06-04 15:07:26,961 INFO  - Already have ACK (at simulation time 53.000,000,000 s)
2025-06-04 15:07:26,961 INFO  - Already have ACK (at simulation time 53.000,000,000 s)
2025-06-04 15:07:26,961 INFO  - Already have ACK (at simulation time 53.000,000,000 s)
2025-06-04 15:07:26,961 INFO  - Already have ACK (at simulation time 53.000,000,000 s)
2025-06-04 15:07:26,961 INFO  - Already have ACK (at simulation time 53.000,000,000 s)
2025-06-04 15:07:26,961 INFO  - Already have ACK (at simulation time 53.000,000,000 s)
2025-06-04 15:07:26,961 INFO  - Already have ACK (at simulation time 53.000,000,000 s)
2025-06-04 15:07:26,961 INFO  - Already have ACK (at simulation time 53.000,000,000 s)
2025-06-04 15:07:26,961 INFO  - Already have ACK (at simulation time 53.000,000,000 s)
2025-06-04 15:07:26,961 INFO  - Already have ACK (at simulation time 53.000,000,000 s)
2025-06-04 15:07:26,961 INFO  - Already have ACK (at simulation time 53.000,000,000 s)
2025-06-04 15:07:26,961 INFO  - Already have ACK (at simulation time 53.000,000,000 s)
2025-06-04 15:07:26,961 INFO  - Already have ACK (at simulation time 53.000,000,000 s)
2025-06-04 15:07:26,963 INFO  - Already have ACK (at simulation time 54.000,000,000 s)
2025-06-04 15:07:26,964 INFO  - Already have ACK (at simulation time 54.000,000,000 s)
2025-06-04 15:07:26,964 INFO  - Already have ACK (at simulation time 54.000,000,000 s)
2025-06-04 15:07:26,964 INFO  - Already have ACK (at simulation time 54.000,000,000 s)
2025-06-04 15:07:26,964 INFO  - Already have ACK (at simulation time 54.000,000,000 s)
2025-06-04 15:07:26,964 INFO  - Already have ACK (at simulation time 54.000,000,000 s)
2025-06-04 15:07:26,964 INFO  - Already have ACK (at simulation time 54.000,000,000 s)
2025-06-04 15:07:26,964 INFO  - Already have ACK (at simulation time 54.000,000,000 s)
2025-06-04 15:07:26,964 INFO  - Already have ACK (at simulation time 54.000,000,000 s)
2025-06-04 15:07:26,964 INFO  - Already have ACK (at simulation time 54.000,000,000 s)
2025-06-04 15:07:26,964 INFO  - Already have ACK (at simulation time 54.000,000,000 s)
2025-06-04 15:07:26,964 INFO  - Already have ACK (at simulation time 54.000,000,000 s)
2025-06-04 15:07:26,964 INFO  - Already have ACK (at simulation time 54.000,000,000 s)
2025-06-04 15:07:26,965 INFO  - Already have ACK (at simulation time 54.000,000,000 s)
2025-06-04 15:07:26,965 INFO  - Already have ACK (at simulation time 54.000,000,000 s)
2025-06-04 15:07:26,965 INFO  - Already have ACK (at simulation time 54.000,000,000 s)
2025-06-04 15:07:26,965 INFO  - Already have ACK (at simulation time 54.000,000,000 s)
2025-06-04 15:07:26,965 INFO  - Already have ACK (at simulation time 54.000,000,000 s)
2025-06-04 15:07:26,965 INFO  - Already have ACK (at simulation time 54.000,000,000 s)
2025-06-04 15:07:26,965 INFO  - Already have ACK (at simulation time 54.000,000,000 s)
2025-06-04 15:07:26,965 INFO  - Already have ACK (at simulation time 54.000,000,000 s)
2025-06-04 15:07:26,965 INFO  - Already have ACK (at simulation time 54.000,000,000 s)
2025-06-04 15:07:26,965 INFO  - Already have ACK (at simulation time 54.000,000,000 s)
2025-06-04 15:07:26,965 INFO  - Already have ACK (at simulation time 54.000,000,000 s)
2025-06-04 15:07:26,965 INFO  - Already have ACK (at simulation time 54.000,000,000 s)
2025-06-04 15:07:26,965 INFO  - Already have ACK (at simulation time 54.000,000,000 s)
2025-06-04 15:07:26,965 INFO  - Already have ACK (at simulation time 54.000,000,000 s)
2025-06-04 15:07:26,965 INFO  - Already have ACK (at simulation time 54.000,000,000 s)
2025-06-04 15:07:26,965 INFO  - Already have ACK (at simulation time 54.000,000,000 s)
2025-06-04 15:07:26,965 INFO  - Already have ACK (at simulation time 54.000,000,000 s)
2025-06-04 15:07:26,965 INFO  - Already have ACK (at simulation time 54.000,000,000 s)
2025-06-04 15:07:26,965 INFO  - Already have ACK (at simulation time 54.000,000,000 s)
2025-06-04 15:07:26,966 INFO  - Already have ACK (at simulation time 54.000,000,000 s)
2025-06-04 15:07:26,966 INFO  - Already have ACK (at simulation time 54.000,000,000 s)
2025-06-04 15:07:26,966 INFO  - Already have ACK (at simulation time 54.000,000,000 s)
2025-06-04 15:07:26,966 INFO  - Already have ACK (at simulation time 54.000,000,000 s)
2025-06-04 15:07:26,966 INFO  - Already have ACK (at simulation time 54.000,000,000 s)
2025-06-04 15:07:26,966 INFO  - Already have ACK (at simulation time 54.000,000,000 s)
2025-06-04 15:07:26,966 INFO  - Already have ACK (at simulation time 54.000,000,000 s)
2025-06-04 15:07:26,966 INFO  - Already have ACK (at simulation time 54.000,000,000 s)
2025-06-04 15:07:26,966 INFO  - Already have ACK (at simulation time 54.000,000,000 s)
2025-06-04 15:07:26,966 INFO  - Already have ACK (at simulation time 54.000,000,000 s)
2025-06-04 15:07:26,966 INFO  - Already have ACK (at simulation time 54.000,000,000 s)
2025-06-04 15:07:26,966 INFO  - Already have ACK (at simulation time 54.000,000,000 s)
2025-06-04 15:07:26,966 INFO  - Already have ACK (at simulation time 54.000,000,000 s)
2025-06-04 15:07:26,966 INFO  - Already have ACK (at simulation time 54.000,000,000 s)
2025-06-04 15:07:26,966 INFO  - Already have ACK (at simulation time 54.000,000,000 s)
2025-06-04 15:07:26,966 INFO  - Already have ACK (at simulation time 54.000,000,000 s)
2025-06-04 15:07:26,966 INFO  - Already have ACK (at simulation time 54.000,000,000 s)
2025-06-04 15:07:26,968 INFO  - Already have ACK (at simulation time 55.000,000,000 s)
2025-06-04 15:07:26,969 INFO  - Already have ACK (at simulation time 55.000,000,000 s)
2025-06-04 15:07:26,969 INFO  - Already have ACK (at simulation time 55.000,000,000 s)
2025-06-04 15:07:26,969 INFO  - Already have ACK (at simulation time 55.000,000,000 s)
2025-06-04 15:07:26,969 INFO  - Already have ACK (at simulation time 55.000,000,000 s)
2025-06-04 15:07:26,969 INFO  - Already have ACK (at simulation time 55.000,000,000 s)
2025-06-04 15:07:26,969 INFO  - Already have ACK (at simulation time 55.000,000,000 s)
2025-06-04 15:07:26,969 INFO  - Already have ACK (at simulation time 55.000,000,000 s)
2025-06-04 15:07:26,969 INFO  - Already have ACK (at simulation time 55.000,000,000 s)
2025-06-04 15:07:26,970 INFO  - Already have ACK (at simulation time 55.000,000,000 s)
2025-06-04 15:07:26,970 INFO  - Already have ACK (at simulation time 55.000,000,000 s)
2025-06-04 15:07:26,970 INFO  - Already have ACK (at simulation time 55.000,000,000 s)
2025-06-04 15:07:26,970 INFO  - Already have ACK (at simulation time 55.000,000,000 s)
2025-06-04 15:07:26,970 INFO  - Already have ACK (at simulation time 55.000,000,000 s)
2025-06-04 15:07:26,970 INFO  - Already have ACK (at simulation time 55.000,000,000 s)
2025-06-04 15:07:26,970 INFO  - Already have ACK (at simulation time 55.000,000,000 s)
2025-06-04 15:07:26,970 INFO  - Already have ACK (at simulation time 55.000,000,000 s)
2025-06-04 15:07:26,970 INFO  - Already have ACK (at simulation time 55.000,000,000 s)
2025-06-04 15:07:26,970 INFO  - Already have ACK (at simulation time 55.000,000,000 s)
2025-06-04 15:07:26,970 INFO  - Already have ACK (at simulation time 55.000,000,000 s)
2025-06-04 15:07:26,970 INFO  - Already have ACK (at simulation time 55.000,000,000 s)
2025-06-04 15:07:26,970 INFO  - Already have ACK (at simulation time 55.000,000,000 s)
2025-06-04 15:07:26,970 INFO  - Already have ACK (at simulation time 55.000,000,000 s)
2025-06-04 15:07:26,970 INFO  - Already have ACK (at simulation time 55.000,000,000 s)
2025-06-04 15:07:26,970 INFO  - Already have ACK (at simulation time 55.000,000,000 s)
2025-06-04 15:07:26,971 INFO  - Already have ACK (at simulation time 55.000,000,000 s)
2025-06-04 15:07:26,971 INFO  - Already have ACK (at simulation time 55.000,000,000 s)
2025-06-04 15:07:26,971 INFO  - Already have ACK (at simulation time 55.000,000,000 s)
2025-06-04 15:07:26,971 INFO  - Already have ACK (at simulation time 55.000,000,000 s)
2025-06-04 15:07:26,971 INFO  - Already have ACK (at simulation time 55.000,000,000 s)
2025-06-04 15:07:26,971 INFO  - Already have ACK (at simulation time 55.000,000,000 s)
2025-06-04 15:07:26,971 INFO  - Already have ACK (at simulation time 55.000,000,000 s)
2025-06-04 15:07:26,971 INFO  - Already have ACK (at simulation time 55.000,000,000 s)
2025-06-04 15:07:26,971 INFO  - Already have ACK (at simulation time 55.000,000,000 s)
2025-06-04 15:07:26,971 INFO  - Already have ACK (at simulation time 55.000,000,000 s)
2025-06-04 15:07:26,971 INFO  - Already have ACK (at simulation time 55.000,000,000 s)
2025-06-04 15:07:26,971 INFO  - Already have ACK (at simulation time 55.000,000,000 s)
2025-06-04 15:07:26,971 INFO  - Already have ACK (at simulation time 55.000,000,000 s)
2025-06-04 15:07:26,971 INFO  - Already have ACK (at simulation time 55.000,000,000 s)
2025-06-04 15:07:26,971 INFO  - Already have ACK (at simulation time 55.000,000,000 s)
2025-06-04 15:07:26,971 INFO  - Already have ACK (at simulation time 55.000,000,000 s)
2025-06-04 15:07:26,971 INFO  - Already have ACK (at simulation time 55.000,000,000 s)
2025-06-04 15:07:26,971 INFO  - Already have ACK (at simulation time 55.000,000,000 s)
2025-06-04 15:07:26,971 INFO  - Already have ACK (at simulation time 55.000,000,000 s)
2025-06-04 15:07:26,971 INFO  - Already have ACK (at simulation time 55.000,000,000 s)
2025-06-04 15:07:26,971 INFO  - Already have ACK (at simulation time 55.000,000,000 s)
2025-06-04 15:07:26,971 INFO  - Already have ACK (at simulation time 55.000,000,000 s)
2025-06-04 15:07:26,971 INFO  - Already have ACK (at simulation time 55.000,000,000 s)
2025-06-04 15:07:26,971 INFO  - Already have ACK (at simulation time 55.000,000,000 s)
2025-06-04 15:07:26,971 INFO  - Already have ACK (at simulation time 55.000,000,000 s)
2025-06-04 15:07:26,973 INFO  - Sent periodic GreenWaveMsg: veh_1 on route r_1 (at simulation time 56.000,000,000 s)
2025-06-04 15:07:26,973 INFO  - Already have ACK (at simulation time 56.000,000,000 s)
2025-06-04 15:07:26,973 INFO  - Already have ACK (at simulation time 56.000,000,000 s)
2025-06-04 15:07:26,973 INFO  - Already have ACK (at simulation time 56.000,000,000 s)
2025-06-04 15:07:26,974 INFO  - Already have ACK (at simulation time 56.000,000,000 s)
2025-06-04 15:07:26,974 INFO  - Already have ACK (at simulation time 56.000,000,000 s)
2025-06-04 15:07:26,974 INFO  - Already have ACK (at simulation time 56.000,000,000 s)
2025-06-04 15:07:26,974 INFO  - Already have ACK (at simulation time 56.000,000,000 s)
2025-06-04 15:07:26,974 INFO  - Already have ACK (at simulation time 56.000,000,000 s)
2025-06-04 15:07:26,974 INFO  - Already have ACK (at simulation time 56.000,000,000 s)
2025-06-04 15:07:26,974 INFO  - Already have ACK (at simulation time 56.000,000,000 s)
2025-06-04 15:07:26,974 INFO  - Already have ACK (at simulation time 56.000,000,000 s)
2025-06-04 15:07:26,974 INFO  - Already have ACK (at simulation time 56.000,000,000 s)
2025-06-04 15:07:26,974 INFO  - Already have ACK (at simulation time 56.000,000,000 s)
2025-06-04 15:07:26,974 INFO  - Already have ACK (at simulation time 56.000,000,000 s)
2025-06-04 15:07:26,974 INFO  - Already have ACK (at simulation time 56.000,000,000 s)
2025-06-04 15:07:26,974 INFO  - Already have ACK (at simulation time 56.000,000,000 s)
2025-06-04 15:07:26,975 INFO  - Already have ACK (at simulation time 56.000,000,000 s)
2025-06-04 15:07:26,975 INFO  - Already have ACK (at simulation time 56.000,000,000 s)
2025-06-04 15:07:26,975 INFO  - Already have ACK (at simulation time 56.000,000,000 s)
2025-06-04 15:07:26,975 INFO  - Already have ACK (at simulation time 56.000,000,000 s)
2025-06-04 15:07:26,975 INFO  - Already have ACK (at simulation time 56.000,000,000 s)
2025-06-04 15:07:26,975 INFO  - Already have ACK (at simulation time 56.000,000,000 s)
2025-06-04 15:07:26,975 INFO  - Already have ACK (at simulation time 56.000,000,000 s)
2025-06-04 15:07:26,975 INFO  - Already have ACK (at simulation time 56.000,000,000 s)
2025-06-04 15:07:26,975 INFO  - Already have ACK (at simulation time 56.000,000,000 s)
2025-06-04 15:07:26,975 INFO  - Already have ACK (at simulation time 56.000,000,000 s)
2025-06-04 15:07:26,975 INFO  - Already have ACK (at simulation time 56.000,000,000 s)
2025-06-04 15:07:26,975 INFO  - Already have ACK (at simulation time 56.000,000,000 s)
2025-06-04 15:07:26,975 INFO  - Already have ACK (at simulation time 56.000,000,000 s)
2025-06-04 15:07:26,975 INFO  - Already have ACK (at simulation time 56.000,000,000 s)
2025-06-04 15:07:26,975 INFO  - Already have ACK (at simulation time 56.000,000,000 s)
2025-06-04 15:07:26,975 INFO  - Already have ACK (at simulation time 56.000,000,000 s)
2025-06-04 15:07:26,975 INFO  - Already have ACK (at simulation time 56.000,000,000 s)
2025-06-04 15:07:26,975 INFO  - Already have ACK (at simulation time 56.000,000,000 s)
2025-06-04 15:07:26,975 INFO  - Already have ACK (at simulation time 56.000,000,000 s)
2025-06-04 15:07:26,975 INFO  - Already have ACK (at simulation time 56.000,000,000 s)
2025-06-04 15:07:26,975 INFO  - Already have ACK (at simulation time 56.000,000,000 s)
2025-06-04 15:07:26,976 INFO  - Already have ACK (at simulation time 56.000,000,000 s)
2025-06-04 15:07:26,976 INFO  - Already have ACK (at simulation time 56.000,000,000 s)
2025-06-04 15:07:26,976 INFO  - Already have ACK (at simulation time 56.000,000,000 s)
2025-06-04 15:07:26,976 INFO  - Already have ACK (at simulation time 56.000,000,000 s)
2025-06-04 15:07:26,976 INFO  - Already have ACK (at simulation time 56.000,000,000 s)
2025-06-04 15:07:26,976 INFO  - Already have ACK (at simulation time 56.000,000,000 s)
2025-06-04 15:07:26,976 INFO  - Already have ACK (at simulation time 56.000,000,000 s)
2025-06-04 15:07:26,976 INFO  - Already have ACK (at simulation time 56.000,000,000 s)
2025-06-04 15:07:26,976 INFO  - Already have ACK (at simulation time 56.000,000,000 s)
2025-06-04 15:07:26,976 INFO  - Already have ACK (at simulation time 56.000,000,000 s)
2025-06-04 15:07:26,976 INFO  - Already have ACK (at simulation time 56.000,000,000 s)
2025-06-04 15:07:26,976 INFO  - Already have ACK (at simulation time 56.000,000,000 s)
2025-06-04 15:07:26,976 INFO  - Already have ACK (at simulation time 56.000,000,000 s)
2025-06-04 15:07:26,976 INFO  - Already have ACK (at simulation time 56.000,000,000 s)
2025-06-04 15:07:26,976 INFO  - Received ACK with origin at RSU from rsu_0 at 56003800000 (at simulation time 56.003,800,000 s)
2025-06-04 15:07:26,978 INFO  - Already have ACK (at simulation time 57.000,000,000 s)
2025-06-04 15:07:26,978 INFO  - Already have ACK (at simulation time 57.000,000,000 s)
2025-06-04 15:07:26,978 INFO  - Already have ACK (at simulation time 57.000,000,000 s)
2025-06-04 15:07:26,978 INFO  - Already have ACK (at simulation time 57.000,000,000 s)
2025-06-04 15:07:26,979 INFO  - Already have ACK (at simulation time 57.000,000,000 s)
2025-06-04 15:07:26,979 INFO  - Already have ACK (at simulation time 57.000,000,000 s)
2025-06-04 15:07:26,979 INFO  - Already have ACK (at simulation time 57.000,000,000 s)
2025-06-04 15:07:26,979 INFO  - Already have ACK (at simulation time 57.000,000,000 s)
2025-06-04 15:07:26,979 INFO  - Already have ACK (at simulation time 57.000,000,000 s)
2025-06-04 15:07:26,979 INFO  - Already have ACK (at simulation time 57.000,000,000 s)
2025-06-04 15:07:26,979 INFO  - Already have ACK (at simulation time 57.000,000,000 s)
2025-06-04 15:07:26,979 INFO  - Already have ACK (at simulation time 57.000,000,000 s)
2025-06-04 15:07:26,979 INFO  - Already have ACK (at simulation time 57.000,000,000 s)
2025-06-04 15:07:26,979 INFO  - Already have ACK (at simulation time 57.000,000,000 s)
2025-06-04 15:07:26,979 INFO  - Already have ACK (at simulation time 57.000,000,000 s)
2025-06-04 15:07:26,979 INFO  - Already have ACK (at simulation time 57.000,000,000 s)
2025-06-04 15:07:26,979 INFO  - Already have ACK (at simulation time 57.000,000,000 s)
2025-06-04 15:07:26,980 INFO  - Already have ACK (at simulation time 57.000,000,000 s)
2025-06-04 15:07:26,980 INFO  - Already have ACK (at simulation time 57.000,000,000 s)
2025-06-04 15:07:26,980 INFO  - Already have ACK (at simulation time 57.000,000,000 s)
2025-06-04 15:07:26,980 INFO  - Already have ACK (at simulation time 57.000,000,000 s)
2025-06-04 15:07:26,980 INFO  - Already have ACK (at simulation time 57.000,000,000 s)
2025-06-04 15:07:26,980 INFO  - Already have ACK (at simulation time 57.000,000,000 s)
2025-06-04 15:07:26,980 INFO  - Already have ACK (at simulation time 57.000,000,000 s)
2025-06-04 15:07:26,980 INFO  - Already have ACK (at simulation time 57.000,000,000 s)
2025-06-04 15:07:26,980 INFO  - Already have ACK (at simulation time 57.000,000,000 s)
2025-06-04 15:07:26,980 INFO  - Already have ACK (at simulation time 57.000,000,000 s)
2025-06-04 15:07:26,980 INFO  - Already have ACK (at simulation time 57.000,000,000 s)
2025-06-04 15:07:26,980 INFO  - Already have ACK (at simulation time 57.000,000,000 s)
2025-06-04 15:07:26,980 INFO  - Already have ACK (at simulation time 57.000,000,000 s)
2025-06-04 15:07:26,980 INFO  - Already have ACK (at simulation time 57.000,000,000 s)
2025-06-04 15:07:26,980 INFO  - Already have ACK (at simulation time 57.000,000,000 s)
2025-06-04 15:07:26,980 INFO  - Already have ACK (at simulation time 57.000,000,000 s)
2025-06-04 15:07:26,980 INFO  - Already have ACK (at simulation time 57.000,000,000 s)
2025-06-04 15:07:26,980 INFO  - Already have ACK (at simulation time 57.000,000,000 s)
2025-06-04 15:07:26,980 INFO  - Already have ACK (at simulation time 57.000,000,000 s)
2025-06-04 15:07:26,980 INFO  - Already have ACK (at simulation time 57.000,000,000 s)
2025-06-04 15:07:26,981 INFO  - Already have ACK (at simulation time 57.000,000,000 s)
2025-06-04 15:07:26,981 INFO  - Already have ACK (at simulation time 57.000,000,000 s)
2025-06-04 15:07:26,981 INFO  - Already have ACK (at simulation time 57.000,000,000 s)
2025-06-04 15:07:26,981 INFO  - Already have ACK (at simulation time 57.000,000,000 s)
2025-06-04 15:07:26,981 INFO  - Already have ACK (at simulation time 57.000,000,000 s)
2025-06-04 15:07:26,981 INFO  - Already have ACK (at simulation time 57.000,000,000 s)
2025-06-04 15:07:26,981 INFO  - Already have ACK (at simulation time 57.000,000,000 s)
2025-06-04 15:07:26,981 INFO  - Already have ACK (at simulation time 57.000,000,000 s)
2025-06-04 15:07:26,981 INFO  - Already have ACK (at simulation time 57.000,000,000 s)
2025-06-04 15:07:26,981 INFO  - Already have ACK (at simulation time 57.000,000,000 s)
2025-06-04 15:07:26,981 INFO  - Already have ACK (at simulation time 57.000,000,000 s)
2025-06-04 15:07:26,981 INFO  - Already have ACK (at simulation time 57.000,000,000 s)
2025-06-04 15:07:26,981 INFO  - Already have ACK (at simulation time 57.000,000,000 s)
2025-06-04 15:07:26,981 INFO  - Already have ACK (at simulation time 57.000,000,000 s)
2025-06-04 15:07:26,981 INFO  - Already have ACK (at simulation time 57.000,000,000 s)
2025-06-04 15:07:26,982 INFO  - Resent to veh_7 - GreenWaveMsg origin in veh_7 (at simulation time 57.002,400,000 s)
2025-06-04 15:07:26,990 INFO  - Already have ACK (at simulation time 58.000,000,000 s)
2025-06-04 15:07:26,991 INFO  - Already have ACK (at simulation time 58.000,000,000 s)
2025-06-04 15:07:26,991 INFO  - Already have ACK (at simulation time 58.000,000,000 s)
2025-06-04 15:07:26,991 INFO  - Already have ACK (at simulation time 58.000,000,000 s)
2025-06-04 15:07:26,991 INFO  - Already have ACK (at simulation time 58.000,000,000 s)
2025-06-04 15:07:26,991 INFO  - Already have ACK (at simulation time 58.000,000,000 s)
2025-06-04 15:07:26,991 INFO  - Already have ACK (at simulation time 58.000,000,000 s)
2025-06-04 15:07:26,991 INFO  - Already have ACK (at simulation time 58.000,000,000 s)
2025-06-04 15:07:26,991 INFO  - Already have ACK (at simulation time 58.000,000,000 s)
2025-06-04 15:07:26,991 INFO  - Already have ACK (at simulation time 58.000,000,000 s)
2025-06-04 15:07:26,991 INFO  - Already have ACK (at simulation time 58.000,000,000 s)
2025-06-04 15:07:26,992 INFO  - Already have ACK (at simulation time 58.000,000,000 s)
2025-06-04 15:07:26,992 INFO  - Already have ACK (at simulation time 58.000,000,000 s)
2025-06-04 15:07:26,992 INFO  - Already have ACK (at simulation time 58.000,000,000 s)
2025-06-04 15:07:26,992 INFO  - Already have ACK (at simulation time 58.000,000,000 s)
2025-06-04 15:07:26,992 INFO  - Already have ACK (at simulation time 58.000,000,000 s)
2025-06-04 15:07:26,992 INFO  - Already have ACK (at simulation time 58.000,000,000 s)
2025-06-04 15:07:26,992 INFO  - Already have ACK (at simulation time 58.000,000,000 s)
2025-06-04 15:07:26,992 INFO  - Already have ACK (at simulation time 58.000,000,000 s)
2025-06-04 15:07:26,992 INFO  - Already have ACK (at simulation time 58.000,000,000 s)
2025-06-04 15:07:26,992 INFO  - Already have ACK (at simulation time 58.000,000,000 s)
2025-06-04 15:07:26,992 INFO  - Already have ACK (at simulation time 58.000,000,000 s)
2025-06-04 15:07:26,992 INFO  - Already have ACK (at simulation time 58.000,000,000 s)
2025-06-04 15:07:26,993 INFO  - Already have ACK (at simulation time 58.000,000,000 s)
2025-06-04 15:07:26,993 INFO  - Already have ACK (at simulation time 58.000,000,000 s)
2025-06-04 15:07:26,993 INFO  - Already have ACK (at simulation time 58.000,000,000 s)
2025-06-04 15:07:26,993 INFO  - Already have ACK (at simulation time 58.000,000,000 s)
2025-06-04 15:07:26,993 INFO  - Already have ACK (at simulation time 58.000,000,000 s)
2025-06-04 15:07:26,993 INFO  - Already have ACK (at simulation time 58.000,000,000 s)
2025-06-04 15:07:26,993 INFO  - Already have ACK (at simulation time 58.000,000,000 s)
2025-06-04 15:07:26,993 INFO  - Already have ACK (at simulation time 58.000,000,000 s)
2025-06-04 15:07:26,993 INFO  - Already have ACK (at simulation time 58.000,000,000 s)
2025-06-04 15:07:26,993 INFO  - Already have ACK (at simulation time 58.000,000,000 s)
2025-06-04 15:07:26,993 INFO  - Already have ACK (at simulation time 58.000,000,000 s)
2025-06-04 15:07:26,993 INFO  - Already have ACK (at simulation time 58.000,000,000 s)
2025-06-04 15:07:26,993 INFO  - Already have ACK (at simulation time 58.000,000,000 s)
2025-06-04 15:07:26,993 INFO  - Already have ACK (at simulation time 58.000,000,000 s)
2025-06-04 15:07:26,993 INFO  - Already have ACK (at simulation time 58.000,000,000 s)
2025-06-04 15:07:26,993 INFO  - Already have ACK (at simulation time 58.000,000,000 s)
2025-06-04 15:07:26,993 INFO  - Already have ACK (at simulation time 58.000,000,000 s)
2025-06-04 15:07:26,993 INFO  - Already have ACK (at simulation time 58.000,000,000 s)
2025-06-04 15:07:26,993 INFO  - Already have ACK (at simulation time 58.000,000,000 s)
2025-06-04 15:07:26,993 INFO  - Already have ACK (at simulation time 58.000,000,000 s)
2025-06-04 15:07:26,993 INFO  - Already have ACK (at simulation time 58.000,000,000 s)
2025-06-04 15:07:26,993 INFO  - Already have ACK (at simulation time 58.000,000,000 s)
2025-06-04 15:07:26,993 INFO  - Already have ACK (at simulation time 58.000,000,000 s)
2025-06-04 15:07:26,993 INFO  - Already have ACK (at simulation time 58.000,000,000 s)
2025-06-04 15:07:26,993 INFO  - Already have ACK (at simulation time 58.000,000,000 s)
2025-06-04 15:07:26,994 INFO  - Already have ACK (at simulation time 58.000,000,000 s)
2025-06-04 15:07:26,994 INFO  - Already have ACK (at simulation time 58.000,000,000 s)
2025-06-04 15:07:26,994 INFO  - Already have ACK (at simulation time 58.000,000,000 s)
2025-06-04 15:07:26,994 INFO  - Already have ACK (at simulation time 58.000,000,000 s)
2025-06-04 15:07:26,994 INFO  - Already have ACK (at simulation time 58.000,000,000 s)
2025-06-04 15:07:26,996 INFO  - Already have ACK (at simulation time 59.000,000,000 s)
2025-06-04 15:07:26,996 INFO  - Already have ACK (at simulation time 59.000,000,000 s)
2025-06-04 15:07:26,996 INFO  - Already have ACK (at simulation time 59.000,000,000 s)
2025-06-04 15:07:26,996 INFO  - Already have ACK (at simulation time 59.000,000,000 s)
2025-06-04 15:07:26,997 INFO  - Already have ACK (at simulation time 59.000,000,000 s)
2025-06-04 15:07:26,997 INFO  - Already have ACK (at simulation time 59.000,000,000 s)
2025-06-04 15:07:26,997 INFO  - Already have ACK (at simulation time 59.000,000,000 s)
2025-06-04 15:07:26,997 INFO  - Already have ACK (at simulation time 59.000,000,000 s)
2025-06-04 15:07:26,997 INFO  - Already have ACK (at simulation time 59.000,000,000 s)
2025-06-04 15:07:26,997 INFO  - Already have ACK (at simulation time 59.000,000,000 s)
2025-06-04 15:07:26,997 INFO  - Already have ACK (at simulation time 59.000,000,000 s)
2025-06-04 15:07:26,997 INFO  - Already have ACK (at simulation time 59.000,000,000 s)
2025-06-04 15:07:26,997 INFO  - Already have ACK (at simulation time 59.000,000,000 s)
2025-06-04 15:07:26,997 INFO  - Already have ACK (at simulation time 59.000,000,000 s)
2025-06-04 15:07:26,998 INFO  - Already have ACK (at simulation time 59.000,000,000 s)
2025-06-04 15:07:26,998 INFO  - Already have ACK (at simulation time 59.000,000,000 s)
2025-06-04 15:07:26,998 INFO  - Already have ACK (at simulation time 59.000,000,000 s)
2025-06-04 15:07:26,998 INFO  - Already have ACK (at simulation time 59.000,000,000 s)
2025-06-04 15:07:26,998 INFO  - Already have ACK (at simulation time 59.000,000,000 s)
2025-06-04 15:07:26,998 INFO  - Already have ACK (at simulation time 59.000,000,000 s)
2025-06-04 15:07:26,998 INFO  - Already have ACK (at simulation time 59.000,000,000 s)
2025-06-04 15:07:26,998 INFO  - Already have ACK (at simulation time 59.000,000,000 s)
2025-06-04 15:07:26,998 INFO  - Already have ACK (at simulation time 59.000,000,000 s)
2025-06-04 15:07:26,998 INFO  - Already have ACK (at simulation time 59.000,000,000 s)
2025-06-04 15:07:26,998 INFO  - Already have ACK (at simulation time 59.000,000,000 s)
2025-06-04 15:07:26,998 INFO  - Already have ACK (at simulation time 59.000,000,000 s)
2025-06-04 15:07:26,998 INFO  - Already have ACK (at simulation time 59.000,000,000 s)
2025-06-04 15:07:26,999 INFO  - Already have ACK (at simulation time 59.000,000,000 s)
2025-06-04 15:07:26,999 INFO  - Already have ACK (at simulation time 59.000,000,000 s)
2025-06-04 15:07:26,999 INFO  - Already have ACK (at simulation time 59.000,000,000 s)
2025-06-04 15:07:26,999 INFO  - Already have ACK (at simulation time 59.000,000,000 s)
2025-06-04 15:07:26,999 INFO  - Already have ACK (at simulation time 59.000,000,000 s)
2025-06-04 15:07:26,999 INFO  - Already have ACK (at simulation time 59.000,000,000 s)
2025-06-04 15:07:26,999 INFO  - Already have ACK (at simulation time 59.000,000,000 s)
2025-06-04 15:07:26,999 INFO  - Already have ACK (at simulation time 59.000,000,000 s)
2025-06-04 15:07:26,999 INFO  - Already have ACK (at simulation time 59.000,000,000 s)
2025-06-04 15:07:26,999 INFO  - Already have ACK (at simulation time 59.000,000,000 s)
2025-06-04 15:07:26,999 INFO  - Already have ACK (at simulation time 59.000,000,000 s)
2025-06-04 15:07:26,999 INFO  - Already have ACK (at simulation time 59.000,000,000 s)
2025-06-04 15:07:26,999 INFO  - Already have ACK (at simulation time 59.000,000,000 s)
2025-06-04 15:07:26,999 INFO  - Already have ACK (at simulation time 59.000,000,000 s)
2025-06-04 15:07:26,999 INFO  - Already have ACK (at simulation time 59.000,000,000 s)
2025-06-04 15:07:26,999 INFO  - Already have ACK (at simulation time 59.000,000,000 s)
2025-06-04 15:07:26,999 INFO  - Already have ACK (at simulation time 59.000,000,000 s)
2025-06-04 15:07:26,999 INFO  - Already have ACK (at simulation time 59.000,000,000 s)
2025-06-04 15:07:26,999 INFO  - Already have ACK (at simulation time 59.000,000,000 s)
2025-06-04 15:07:26,999 INFO  - Already have ACK (at simulation time 59.000,000,000 s)
2025-06-04 15:07:26,999 INFO  - Already have ACK (at simulation time 59.000,000,000 s)
2025-06-04 15:07:26,999 INFO  - Already have ACK (at simulation time 59.000,000,000 s)
2025-06-04 15:07:26,999 INFO  - Already have ACK (at simulation time 59.000,000,000 s)
2025-06-04 15:07:26,999 INFO  - Already have ACK (at simulation time 59.000,000,000 s)
2025-06-04 15:07:26,999 INFO  - Already have ACK (at simulation time 59.000,000,000 s)
2025-06-04 15:07:26,999 INFO  - Already have ACK (at simulation time 59.000,000,000 s)
2025-06-04 15:07:26,999 INFO  - Already have ACK (at simulation time 59.000,000,000 s)
2025-06-04 15:07:27,002 INFO  - Already have ACK (at simulation time 60.000,000,000 s)
2025-06-04 15:07:27,003 INFO  - Already have ACK (at simulation time 60.000,000,000 s)
2025-06-04 15:07:27,003 INFO  - Already have ACK (at simulation time 60.000,000,000 s)
2025-06-04 15:07:27,003 INFO  - Already have ACK (at simulation time 60.000,000,000 s)
2025-06-04 15:07:27,003 INFO  - Already have ACK (at simulation time 60.000,000,000 s)
2025-06-04 15:07:27,003 INFO  - Already have ACK (at simulation time 60.000,000,000 s)
2025-06-04 15:07:27,003 INFO  - Already have ACK (at simulation time 60.000,000,000 s)
2025-06-04 15:07:27,003 INFO  - Already have ACK (at simulation time 60.000,000,000 s)
2025-06-04 15:07:27,003 INFO  - Already have ACK (at simulation time 60.000,000,000 s)
2025-06-04 15:07:27,004 INFO  - Already have ACK (at simulation time 60.000,000,000 s)
2025-06-04 15:07:27,004 INFO  - Already have ACK (at simulation time 60.000,000,000 s)
2025-06-04 15:07:27,004 INFO  - Already have ACK (at simulation time 60.000,000,000 s)
2025-06-04 15:07:27,004 INFO  - Already have ACK (at simulation time 60.000,000,000 s)
2025-06-04 15:07:27,004 INFO  - Already have ACK (at simulation time 60.000,000,000 s)
2025-06-04 15:07:27,004 INFO  - Already have ACK (at simulation time 60.000,000,000 s)
2025-06-04 15:07:27,004 INFO  - Already have ACK (at simulation time 60.000,000,000 s)
2025-06-04 15:07:27,004 INFO  - Already have ACK (at simulation time 60.000,000,000 s)
2025-06-04 15:07:27,004 INFO  - Already have ACK (at simulation time 60.000,000,000 s)
2025-06-04 15:07:27,004 INFO  - Already have ACK (at simulation time 60.000,000,000 s)
2025-06-04 15:07:27,004 INFO  - Already have ACK (at simulation time 60.000,000,000 s)
2025-06-04 15:07:27,004 INFO  - Already have ACK (at simulation time 60.000,000,000 s)
2025-06-04 15:07:27,004 INFO  - Already have ACK (at simulation time 60.000,000,000 s)
2025-06-04 15:07:27,005 INFO  - Already have ACK (at simulation time 60.000,000,000 s)
2025-06-04 15:07:27,005 INFO  - Already have ACK (at simulation time 60.000,000,000 s)
2025-06-04 15:07:27,005 INFO  - Already have ACK (at simulation time 60.000,000,000 s)
2025-06-04 15:07:27,005 INFO  - Already have ACK (at simulation time 60.000,000,000 s)
2025-06-04 15:07:27,005 INFO  - Already have ACK (at simulation time 60.000,000,000 s)
2025-06-04 15:07:27,005 INFO  - Already have ACK (at simulation time 60.000,000,000 s)
2025-06-04 15:07:27,005 INFO  - Already have ACK (at simulation time 60.000,000,000 s)
2025-06-04 15:07:27,005 INFO  - Already have ACK (at simulation time 60.000,000,000 s)
2025-06-04 15:07:27,005 INFO  - Already have ACK (at simulation time 60.000,000,000 s)
2025-06-04 15:07:27,005 INFO  - Already have ACK (at simulation time 60.000,000,000 s)
2025-06-04 15:07:27,005 INFO  - Already have ACK (at simulation time 60.000,000,000 s)
2025-06-04 15:07:27,005 INFO  - Already have ACK (at simulation time 60.000,000,000 s)
2025-06-04 15:07:27,005 INFO  - Already have ACK (at simulation time 60.000,000,000 s)
2025-06-04 15:07:27,005 INFO  - Already have ACK (at simulation time 60.000,000,000 s)
2025-06-04 15:07:27,005 INFO  - Already have ACK (at simulation time 60.000,000,000 s)
2025-06-04 15:07:27,005 INFO  - Already have ACK (at simulation time 60.000,000,000 s)
2025-06-04 15:07:27,005 INFO  - Already have ACK (at simulation time 60.000,000,000 s)
2025-06-04 15:07:27,005 INFO  - Already have ACK (at simulation time 60.000,000,000 s)
2025-06-04 15:07:27,005 INFO  - Already have ACK (at simulation time 60.000,000,000 s)
2025-06-04 15:07:27,005 INFO  - Already have ACK (at simulation time 60.000,000,000 s)
2025-06-04 15:07:27,005 INFO  - Already have ACK (at simulation time 60.000,000,000 s)
2025-06-04 15:07:27,005 INFO  - Already have ACK (at simulation time 60.000,000,000 s)
2025-06-04 15:07:27,005 INFO  - Already have ACK (at simulation time 60.000,000,000 s)
2025-06-04 15:07:27,006 INFO  - Already have ACK (at simulation time 60.000,000,000 s)
2025-06-04 15:07:27,006 INFO  - Already have ACK (at simulation time 60.000,000,000 s)
2025-06-04 15:07:27,006 INFO  - Already have ACK (at simulation time 60.000,000,000 s)
2025-06-04 15:07:27,006 INFO  - Already have ACK (at simulation time 60.000,000,000 s)
2025-06-04 15:07:27,006 INFO  - Already have ACK (at simulation time 60.000,000,000 s)
2025-06-04 15:07:27,006 INFO  - Already have ACK (at simulation time 60.000,000,000 s)
2025-06-04 15:07:27,006 INFO  - Already have ACK (at simulation time 60.000,000,000 s)
2025-06-04 15:07:27,006 INFO  - Already have ACK (at simulation time 60.000,000,000 s)
2025-06-04 15:07:27,006 INFO  - Already have ACK (at simulation time 60.000,000,000 s)
2025-06-04 15:07:27,006 INFO  - Already have ACK (at simulation time 60.000,000,000 s)
2025-06-04 15:07:27,008 INFO  - Sent periodic GreenWaveMsg: veh_1 on route r_1 (at simulation time 61.000,000,000 s)
2025-06-04 15:07:27,008 INFO  - Already have ACK (at simulation time 61.000,000,000 s)
2025-06-04 15:07:27,009 INFO  - Already have ACK (at simulation time 61.000,000,000 s)
2025-06-04 15:07:27,009 INFO  - Already have ACK (at simulation time 61.000,000,000 s)
2025-06-04 15:07:27,009 INFO  - Already have ACK (at simulation time 61.000,000,000 s)
2025-06-04 15:07:27,009 INFO  - Already have ACK (at simulation time 61.000,000,000 s)
2025-06-04 15:07:27,009 INFO  - Already have ACK (at simulation time 61.000,000,000 s)
2025-06-04 15:07:27,009 INFO  - Already have ACK (at simulation time 61.000,000,000 s)
2025-06-04 15:07:27,009 INFO  - Already have ACK (at simulation time 61.000,000,000 s)
2025-06-04 15:07:27,009 INFO  - Already have ACK (at simulation time 61.000,000,000 s)
2025-06-04 15:07:27,010 INFO  - Already have ACK (at simulation time 61.000,000,000 s)
2025-06-04 15:07:27,010 INFO  - Already have ACK (at simulation time 61.000,000,000 s)
2025-06-04 15:07:27,010 INFO  - Already have ACK (at simulation time 61.000,000,000 s)
2025-06-04 15:07:27,010 INFO  - Already have ACK (at simulation time 61.000,000,000 s)
2025-06-04 15:07:27,010 INFO  - Already have ACK (at simulation time 61.000,000,000 s)
2025-06-04 15:07:27,010 INFO  - Already have ACK (at simulation time 61.000,000,000 s)
2025-06-04 15:07:27,010 INFO  - Already have ACK (at simulation time 61.000,000,000 s)
2025-06-04 15:07:27,010 INFO  - Already have ACK (at simulation time 61.000,000,000 s)
2025-06-04 15:07:27,010 INFO  - Already have ACK (at simulation time 61.000,000,000 s)
2025-06-04 15:07:27,010 INFO  - Already have ACK (at simulation time 61.000,000,000 s)
2025-06-04 15:07:27,010 INFO  - Already have ACK (at simulation time 61.000,000,000 s)
2025-06-04 15:07:27,010 INFO  - Already have ACK (at simulation time 61.000,000,000 s)
2025-06-04 15:07:27,010 INFO  - Already have ACK (at simulation time 61.000,000,000 s)
2025-06-04 15:07:27,011 INFO  - Already have ACK (at simulation time 61.000,000,000 s)
2025-06-04 15:07:27,011 INFO  - Already have ACK (at simulation time 61.000,000,000 s)
2025-06-04 15:07:27,011 INFO  - Already have ACK (at simulation time 61.000,000,000 s)
2025-06-04 15:07:27,011 INFO  - Already have ACK (at simulation time 61.000,000,000 s)
2025-06-04 15:07:27,011 INFO  - Already have ACK (at simulation time 61.000,000,000 s)
2025-06-04 15:07:27,011 INFO  - Already have ACK (at simulation time 61.000,000,000 s)
2025-06-04 15:07:27,011 INFO  - Already have ACK (at simulation time 61.000,000,000 s)
2025-06-04 15:07:27,011 INFO  - Already have ACK (at simulation time 61.000,000,000 s)
2025-06-04 15:07:27,011 INFO  - Already have ACK (at simulation time 61.000,000,000 s)
2025-06-04 15:07:27,011 INFO  - Already have ACK (at simulation time 61.000,000,000 s)
2025-06-04 15:07:27,011 INFO  - Already have ACK (at simulation time 61.000,000,000 s)
2025-06-04 15:07:27,011 INFO  - Already have ACK (at simulation time 61.000,000,000 s)
2025-06-04 15:07:27,011 INFO  - Already have ACK (at simulation time 61.000,000,000 s)
2025-06-04 15:07:27,011 INFO  - Already have ACK (at simulation time 61.000,000,000 s)
2025-06-04 15:07:27,011 INFO  - Already have ACK (at simulation time 61.000,000,000 s)
2025-06-04 15:07:27,011 INFO  - Already have ACK (at simulation time 61.000,000,000 s)
2025-06-04 15:07:27,011 INFO  - Already have ACK (at simulation time 61.000,000,000 s)
2025-06-04 15:07:27,011 INFO  - Already have ACK (at simulation time 61.000,000,000 s)
2025-06-04 15:07:27,011 INFO  - Already have ACK (at simulation time 61.000,000,000 s)
2025-06-04 15:07:27,011 INFO  - Already have ACK (at simulation time 61.000,000,000 s)
2025-06-04 15:07:27,011 INFO  - Already have ACK (at simulation time 61.000,000,000 s)
2025-06-04 15:07:27,011 INFO  - Already have ACK (at simulation time 61.000,000,000 s)
2025-06-04 15:07:27,012 INFO  - Already have ACK (at simulation time 61.000,000,000 s)
2025-06-04 15:07:27,012 INFO  - Already have ACK (at simulation time 61.000,000,000 s)
2025-06-04 15:07:27,012 INFO  - Already have ACK (at simulation time 61.000,000,000 s)
2025-06-04 15:07:27,012 INFO  - Already have ACK (at simulation time 61.000,000,000 s)
2025-06-04 15:07:27,012 INFO  - Already have ACK (at simulation time 61.000,000,000 s)
2025-06-04 15:07:27,012 INFO  - Already have ACK (at simulation time 61.000,000,000 s)
2025-06-04 15:07:27,012 INFO  - Already have ACK (at simulation time 61.000,000,000 s)
2025-06-04 15:07:27,012 INFO  - Already have ACK (at simulation time 61.000,000,000 s)
2025-06-04 15:07:27,012 INFO  - Already have ACK (at simulation time 61.000,000,000 s)
2025-06-04 15:07:27,012 INFO  - Already have ACK (at simulation time 61.000,000,000 s)
2025-06-04 15:07:27,012 INFO  - Already have ACK (at simulation time 61.000,000,000 s)
2025-06-04 15:07:27,012 INFO  - Already have ACK (at simulation time 61.000,000,000 s)
2025-06-04 15:07:27,012 INFO  - Received ACK with origin at RSU from rsu_0 at 61001800000 (at simulation time 61.001,800,000 s)
2025-06-04 15:07:27,014 INFO  - Already have ACK (at simulation time 62.000,000,000 s)
2025-06-04 15:07:27,014 INFO  - Already have ACK (at simulation time 62.000,000,000 s)
2025-06-04 15:07:27,014 INFO  - Already have ACK (at simulation time 62.000,000,000 s)
2025-06-04 15:07:27,015 INFO  - Already have ACK (at simulation time 62.000,000,000 s)
2025-06-04 15:07:27,015 INFO  - Already have ACK (at simulation time 62.000,000,000 s)
2025-06-04 15:07:27,015 INFO  - Already have ACK (at simulation time 62.000,000,000 s)
2025-06-04 15:07:27,015 INFO  - Already have ACK (at simulation time 62.000,000,000 s)
2025-06-04 15:07:27,015 INFO  - Already have ACK (at simulation time 62.000,000,000 s)
2025-06-04 15:07:27,015 INFO  - Already have ACK (at simulation time 62.000,000,000 s)
2025-06-04 15:07:27,015 INFO  - Already have ACK (at simulation time 62.000,000,000 s)
2025-06-04 15:07:27,015 INFO  - Already have ACK (at simulation time 62.000,000,000 s)
2025-06-04 15:07:27,015 INFO  - Already have ACK (at simulation time 62.000,000,000 s)
2025-06-04 15:07:27,016 INFO  - Already have ACK (at simulation time 62.000,000,000 s)
2025-06-04 15:07:27,016 INFO  - Already have ACK (at simulation time 62.000,000,000 s)
2025-06-04 15:07:27,016 INFO  - Already have ACK (at simulation time 62.000,000,000 s)
2025-06-04 15:07:27,016 INFO  - Already have ACK (at simulation time 62.000,000,000 s)
2025-06-04 15:07:27,016 INFO  - Already have ACK (at simulation time 62.000,000,000 s)
2025-06-04 15:07:27,016 INFO  - Already have ACK (at simulation time 62.000,000,000 s)
2025-06-04 15:07:27,016 INFO  - Already have ACK (at simulation time 62.000,000,000 s)
2025-06-04 15:07:27,016 INFO  - Already have ACK (at simulation time 62.000,000,000 s)
2025-06-04 15:07:27,016 INFO  - Already have ACK (at simulation time 62.000,000,000 s)
2025-06-04 15:07:27,016 INFO  - Already have ACK (at simulation time 62.000,000,000 s)
2025-06-04 15:07:27,016 INFO  - Already have ACK (at simulation time 62.000,000,000 s)
2025-06-04 15:07:27,016 INFO  - Already have ACK (at simulation time 62.000,000,000 s)
2025-06-04 15:07:27,016 INFO  - Already have ACK (at simulation time 62.000,000,000 s)
2025-06-04 15:07:27,016 INFO  - Already have ACK (at simulation time 62.000,000,000 s)
2025-06-04 15:07:27,017 INFO  - Already have ACK (at simulation time 62.000,000,000 s)
2025-06-04 15:07:27,017 INFO  - Already have ACK (at simulation time 62.000,000,000 s)
2025-06-04 15:07:27,017 INFO  - Already have ACK (at simulation time 62.000,000,000 s)
2025-06-04 15:07:27,017 INFO  - Already have ACK (at simulation time 62.000,000,000 s)
2025-06-04 15:07:27,017 INFO  - Already have ACK (at simulation time 62.000,000,000 s)
2025-06-04 15:07:27,017 INFO  - Already have ACK (at simulation time 62.000,000,000 s)
2025-06-04 15:07:27,017 INFO  - Already have ACK (at simulation time 62.000,000,000 s)
2025-06-04 15:07:27,017 INFO  - Already have ACK (at simulation time 62.000,000,000 s)
2025-06-04 15:07:27,017 INFO  - Already have ACK (at simulation time 62.000,000,000 s)
2025-06-04 15:07:27,017 INFO  - Already have ACK (at simulation time 62.000,000,000 s)
2025-06-04 15:07:27,017 INFO  - Already have ACK (at simulation time 62.000,000,000 s)
2025-06-04 15:07:27,017 INFO  - Already have ACK (at simulation time 62.000,000,000 s)
2025-06-04 15:07:27,017 INFO  - Already have ACK (at simulation time 62.000,000,000 s)
2025-06-04 15:07:27,017 INFO  - Already have ACK (at simulation time 62.000,000,000 s)
2025-06-04 15:07:27,017 INFO  - Already have ACK (at simulation time 62.000,000,000 s)
2025-06-04 15:07:27,017 INFO  - Already have ACK (at simulation time 62.000,000,000 s)
2025-06-04 15:07:27,017 INFO  - Already have ACK (at simulation time 62.000,000,000 s)
2025-06-04 15:07:27,017 INFO  - Already have ACK (at simulation time 62.000,000,000 s)
2025-06-04 15:07:27,017 INFO  - Already have ACK (at simulation time 62.000,000,000 s)
2025-06-04 15:07:27,017 INFO  - Already have ACK (at simulation time 62.000,000,000 s)
2025-06-04 15:07:27,017 INFO  - Already have ACK (at simulation time 62.000,000,000 s)
2025-06-04 15:07:27,017 INFO  - Already have ACK (at simulation time 62.000,000,000 s)
2025-06-04 15:07:27,017 INFO  - Already have ACK (at simulation time 62.000,000,000 s)
2025-06-04 15:07:27,017 INFO  - Already have ACK (at simulation time 62.000,000,000 s)
2025-06-04 15:07:27,017 INFO  - Already have ACK (at simulation time 62.000,000,000 s)
2025-06-04 15:07:27,017 INFO  - Already have ACK (at simulation time 62.000,000,000 s)
2025-06-04 15:07:27,017 INFO  - Already have ACK (at simulation time 62.000,000,000 s)
2025-06-04 15:07:27,017 INFO  - Already have ACK (at simulation time 62.000,000,000 s)
2025-06-04 15:07:27,017 INFO  - Already have ACK (at simulation time 62.000,000,000 s)
2025-06-04 15:07:27,017 INFO  - Already have ACK (at simulation time 62.000,000,000 s)
2025-06-04 15:07:27,018 INFO  - Already have ACK (at simulation time 62.000,000,000 s)
2025-06-04 15:07:27,020 INFO  - Already have ACK (at simulation time 63.000,000,000 s)
2025-06-04 15:07:27,021 INFO  - Already have ACK (at simulation time 63.000,000,000 s)
2025-06-04 15:07:27,021 INFO  - Already have ACK (at simulation time 63.000,000,000 s)
2025-06-04 15:07:27,021 INFO  - Already have ACK (at simulation time 63.000,000,000 s)
2025-06-04 15:07:27,021 INFO  - Already have ACK (at simulation time 63.000,000,000 s)
2025-06-04 15:07:27,021 INFO  - Already have ACK (at simulation time 63.000,000,000 s)
2025-06-04 15:07:27,022 INFO  - Already have ACK (at simulation time 63.000,000,000 s)
2025-06-04 15:07:27,022 INFO  - Already have ACK (at simulation time 63.000,000,000 s)
2025-06-04 15:07:27,022 INFO  - Already have ACK (at simulation time 63.000,000,000 s)
2025-06-04 15:07:27,022 INFO  - Already have ACK (at simulation time 63.000,000,000 s)
2025-06-04 15:07:27,022 INFO  - Already have ACK (at simulation time 63.000,000,000 s)
2025-06-04 15:07:27,022 INFO  - Already have ACK (at simulation time 63.000,000,000 s)
2025-06-04 15:07:27,022 INFO  - Already have ACK (at simulation time 63.000,000,000 s)
2025-06-04 15:07:27,022 INFO  - Already have ACK (at simulation time 63.000,000,000 s)
2025-06-04 15:07:27,022 INFO  - Already have ACK (at simulation time 63.000,000,000 s)
2025-06-04 15:07:27,022 INFO  - Already have ACK (at simulation time 63.000,000,000 s)
2025-06-04 15:07:27,022 INFO  - Already have ACK (at simulation time 63.000,000,000 s)
2025-06-04 15:07:27,023 INFO  - Already have ACK (at simulation time 63.000,000,000 s)
2025-06-04 15:07:27,023 INFO  - Already have ACK (at simulation time 63.000,000,000 s)
2025-06-04 15:07:27,023 INFO  - Already have ACK (at simulation time 63.000,000,000 s)
2025-06-04 15:07:27,023 INFO  - Already have ACK (at simulation time 63.000,000,000 s)
2025-06-04 15:07:27,023 INFO  - Already have ACK (at simulation time 63.000,000,000 s)
2025-06-04 15:07:27,023 INFO  - Already have ACK (at simulation time 63.000,000,000 s)
2025-06-04 15:07:27,023 INFO  - Already have ACK (at simulation time 63.000,000,000 s)
2025-06-04 15:07:27,023 INFO  - Already have ACK (at simulation time 63.000,000,000 s)
2025-06-04 15:07:27,023 INFO  - Already have ACK (at simulation time 63.000,000,000 s)
2025-06-04 15:07:27,023 INFO  - Already have ACK (at simulation time 63.000,000,000 s)
2025-06-04 15:07:27,023 INFO  - Already have ACK (at simulation time 63.000,000,000 s)
2025-06-04 15:07:27,023 INFO  - Already have ACK (at simulation time 63.000,000,000 s)
2025-06-04 15:07:27,023 INFO  - Already have ACK (at simulation time 63.000,000,000 s)
2025-06-04 15:07:27,023 INFO  - Already have ACK (at simulation time 63.000,000,000 s)
2025-06-04 15:07:27,023 INFO  - Already have ACK (at simulation time 63.000,000,000 s)
2025-06-04 15:07:27,023 INFO  - Already have ACK (at simulation time 63.000,000,000 s)
2025-06-04 15:07:27,024 INFO  - Already have ACK (at simulation time 63.000,000,000 s)
2025-06-04 15:07:27,024 INFO  - Already have ACK (at simulation time 63.000,000,000 s)
2025-06-04 15:07:27,024 INFO  - Already have ACK (at simulation time 63.000,000,000 s)
2025-06-04 15:07:27,024 INFO  - Already have ACK (at simulation time 63.000,000,000 s)
2025-06-04 15:07:27,024 INFO  - Already have ACK (at simulation time 63.000,000,000 s)
2025-06-04 15:07:27,024 INFO  - Already have ACK (at simulation time 63.000,000,000 s)
2025-06-04 15:07:27,024 INFO  - Already have ACK (at simulation time 63.000,000,000 s)
2025-06-04 15:07:27,024 INFO  - Already have ACK (at simulation time 63.000,000,000 s)
2025-06-04 15:07:27,024 INFO  - Already have ACK (at simulation time 63.000,000,000 s)
2025-06-04 15:07:27,024 INFO  - Already have ACK (at simulation time 63.000,000,000 s)
2025-06-04 15:07:27,024 INFO  - Already have ACK (at simulation time 63.000,000,000 s)
2025-06-04 15:07:27,024 INFO  - Already have ACK (at simulation time 63.000,000,000 s)
2025-06-04 15:07:27,024 INFO  - Already have ACK (at simulation time 63.000,000,000 s)
2025-06-04 15:07:27,024 INFO  - Already have ACK (at simulation time 63.000,000,000 s)
2025-06-04 15:07:27,024 INFO  - Already have ACK (at simulation time 63.000,000,000 s)
2025-06-04 15:07:27,024 INFO  - Already have ACK (at simulation time 63.000,000,000 s)
2025-06-04 15:07:27,024 INFO  - Already have ACK (at simulation time 63.000,000,000 s)
2025-06-04 15:07:27,024 INFO  - Already have ACK (at simulation time 63.000,000,000 s)
2025-06-04 15:07:27,024 INFO  - Already have ACK (at simulation time 63.000,000,000 s)
2025-06-04 15:07:27,024 INFO  - Already have ACK (at simulation time 63.000,000,000 s)
2025-06-04 15:07:27,024 INFO  - Already have ACK (at simulation time 63.000,000,000 s)
2025-06-04 15:07:27,024 INFO  - Already have ACK (at simulation time 63.000,000,000 s)
2025-06-04 15:07:27,024 INFO  - Already have ACK (at simulation time 63.000,000,000 s)
2025-06-04 15:07:27,024 INFO  - Already have ACK (at simulation time 63.000,000,000 s)
2025-06-04 15:07:27,024 INFO  - Already have ACK (at simulation time 63.000,000,000 s)
2025-06-04 15:07:27,025 INFO  - Resent to veh_7 - GreenWaveMsg origin in veh_9 (at simulation time 63.002,400,000 s)
2025-06-04 15:07:27,026 INFO  - Already have ACK (at simulation time 64.000,000,000 s)
2025-06-04 15:07:27,027 INFO  - Already have ACK (at simulation time 64.000,000,000 s)
2025-06-04 15:07:27,027 INFO  - Already have ACK (at simulation time 64.000,000,000 s)
2025-06-04 15:07:27,027 INFO  - Already have ACK (at simulation time 64.000,000,000 s)
2025-06-04 15:07:27,027 INFO  - Already have ACK (at simulation time 64.000,000,000 s)
2025-06-04 15:07:27,027 INFO  - Already have ACK (at simulation time 64.000,000,000 s)
2025-06-04 15:07:27,027 INFO  - Already have ACK (at simulation time 64.000,000,000 s)
2025-06-04 15:07:27,028 INFO  - Already have ACK (at simulation time 64.000,000,000 s)
2025-06-04 15:07:27,028 INFO  - Already have ACK (at simulation time 64.000,000,000 s)
2025-06-04 15:07:27,028 INFO  - Already have ACK (at simulation time 64.000,000,000 s)
2025-06-04 15:07:27,028 INFO  - Already have ACK (at simulation time 64.000,000,000 s)
2025-06-04 15:07:27,028 INFO  - Already have ACK (at simulation time 64.000,000,000 s)
2025-06-04 15:07:27,028 INFO  - Already have ACK (at simulation time 64.000,000,000 s)
2025-06-04 15:07:27,028 INFO  - Already have ACK (at simulation time 64.000,000,000 s)
2025-06-04 15:07:27,028 INFO  - Already have ACK (at simulation time 64.000,000,000 s)
2025-06-04 15:07:27,028 INFO  - Already have ACK (at simulation time 64.000,000,000 s)
2025-06-04 15:07:27,028 INFO  - Already have ACK (at simulation time 64.000,000,000 s)
2025-06-04 15:07:27,028 INFO  - Already have ACK (at simulation time 64.000,000,000 s)
2025-06-04 15:07:27,028 INFO  - Already have ACK (at simulation time 64.000,000,000 s)
2025-06-04 15:07:27,029 INFO  - Already have ACK (at simulation time 64.000,000,000 s)
2025-06-04 15:07:27,029 INFO  - Already have ACK (at simulation time 64.000,000,000 s)
2025-06-04 15:07:27,029 INFO  - Already have ACK (at simulation time 64.000,000,000 s)
2025-06-04 15:07:27,029 INFO  - Already have ACK (at simulation time 64.000,000,000 s)
2025-06-04 15:07:27,029 INFO  - Already have ACK (at simulation time 64.000,000,000 s)
2025-06-04 15:07:27,029 INFO  - Already have ACK (at simulation time 64.000,000,000 s)
2025-06-04 15:07:27,029 INFO  - Already have ACK (at simulation time 64.000,000,000 s)
2025-06-04 15:07:27,029 INFO  - Already have ACK (at simulation time 64.000,000,000 s)
2025-06-04 15:07:27,029 INFO  - Already have ACK (at simulation time 64.000,000,000 s)
2025-06-04 15:07:27,029 INFO  - Already have ACK (at simulation time 64.000,000,000 s)
2025-06-04 15:07:27,029 INFO  - Already have ACK (at simulation time 64.000,000,000 s)
2025-06-04 15:07:27,029 INFO  - Already have ACK (at simulation time 64.000,000,000 s)
2025-06-04 15:07:27,029 INFO  - Already have ACK (at simulation time 64.000,000,000 s)
2025-06-04 15:07:27,029 INFO  - Already have ACK (at simulation time 64.000,000,000 s)
2025-06-04 15:07:27,029 INFO  - Already have ACK (at simulation time 64.000,000,000 s)
2025-06-04 15:07:27,029 INFO  - Already have ACK (at simulation time 64.000,000,000 s)
2025-06-04 15:07:27,029 INFO  - Already have ACK (at simulation time 64.000,000,000 s)
2025-06-04 15:07:27,029 INFO  - Already have ACK (at simulation time 64.000,000,000 s)
2025-06-04 15:07:27,030 INFO  - Already have ACK (at simulation time 64.000,000,000 s)
2025-06-04 15:07:27,030 INFO  - Already have ACK (at simulation time 64.000,000,000 s)
2025-06-04 15:07:27,030 INFO  - Already have ACK (at simulation time 64.000,000,000 s)
2025-06-04 15:07:27,030 INFO  - Already have ACK (at simulation time 64.000,000,000 s)
2025-06-04 15:07:27,030 INFO  - Already have ACK (at simulation time 64.000,000,000 s)
2025-06-04 15:07:27,030 INFO  - Already have ACK (at simulation time 64.000,000,000 s)
2025-06-04 15:07:27,030 INFO  - Already have ACK (at simulation time 64.000,000,000 s)
2025-06-04 15:07:27,030 INFO  - Already have ACK (at simulation time 64.000,000,000 s)
2025-06-04 15:07:27,030 INFO  - Already have ACK (at simulation time 64.000,000,000 s)
2025-06-04 15:07:27,030 INFO  - Already have ACK (at simulation time 64.000,000,000 s)
2025-06-04 15:07:27,030 INFO  - Already have ACK (at simulation time 64.000,000,000 s)
2025-06-04 15:07:27,030 INFO  - Already have ACK (at simulation time 64.000,000,000 s)
2025-06-04 15:07:27,030 INFO  - Already have ACK (at simulation time 64.000,000,000 s)
2025-06-04 15:07:27,030 INFO  - Already have ACK (at simulation time 64.000,000,000 s)
2025-06-04 15:07:27,030 INFO  - Already have ACK (at simulation time 64.000,000,000 s)
2025-06-04 15:07:27,030 INFO  - Already have ACK (at simulation time 64.000,000,000 s)
2025-06-04 15:07:27,030 INFO  - Already have ACK (at simulation time 64.000,000,000 s)
2025-06-04 15:07:27,030 INFO  - Already have ACK (at simulation time 64.000,000,000 s)
2025-06-04 15:07:27,030 INFO  - Already have ACK (at simulation time 64.000,000,000 s)
2025-06-04 15:07:27,030 INFO  - Already have ACK (at simulation time 64.000,000,000 s)
2025-06-04 15:07:27,030 INFO  - Already have ACK (at simulation time 64.000,000,000 s)
2025-06-04 15:07:27,030 INFO  - Already have ACK (at simulation time 64.000,000,000 s)
2025-06-04 15:07:27,032 INFO  - Already have ACK (at simulation time 65.000,000,000 s)
2025-06-04 15:07:27,033 INFO  - Already have ACK (at simulation time 65.000,000,000 s)
2025-06-04 15:07:27,033 INFO  - Already have ACK (at simulation time 65.000,000,000 s)
2025-06-04 15:07:27,033 INFO  - Already have ACK (at simulation time 65.000,000,000 s)
2025-06-04 15:07:27,033 INFO  - Already have ACK (at simulation time 65.000,000,000 s)
2025-06-04 15:07:27,033 INFO  - Already have ACK (at simulation time 65.000,000,000 s)
2025-06-04 15:07:27,034 INFO  - Already have ACK (at simulation time 65.000,000,000 s)
2025-06-04 15:07:27,034 INFO  - Already have ACK (at simulation time 65.000,000,000 s)
2025-06-04 15:07:27,034 INFO  - Already have ACK (at simulation time 65.000,000,000 s)
2025-06-04 15:07:27,034 INFO  - Already have ACK (at simulation time 65.000,000,000 s)
2025-06-04 15:07:27,034 INFO  - Already have ACK (at simulation time 65.000,000,000 s)
2025-06-04 15:07:27,034 INFO  - Already have ACK (at simulation time 65.000,000,000 s)
2025-06-04 15:07:27,034 INFO  - Already have ACK (at simulation time 65.000,000,000 s)
2025-06-04 15:07:27,034 INFO  - Already have ACK (at simulation time 65.000,000,000 s)
2025-06-04 15:07:27,034 INFO  - Already have ACK (at simulation time 65.000,000,000 s)
2025-06-04 15:07:27,034 INFO  - Already have ACK (at simulation time 65.000,000,000 s)
2025-06-04 15:07:27,034 INFO  - Already have ACK (at simulation time 65.000,000,000 s)
2025-06-04 15:07:27,035 INFO  - Already have ACK (at simulation time 65.000,000,000 s)
2025-06-04 15:07:27,035 INFO  - Already have ACK (at simulation time 65.000,000,000 s)
2025-06-04 15:07:27,035 INFO  - Already have ACK (at simulation time 65.000,000,000 s)
2025-06-04 15:07:27,035 INFO  - Already have ACK (at simulation time 65.000,000,000 s)
2025-06-04 15:07:27,035 INFO  - Already have ACK (at simulation time 65.000,000,000 s)
2025-06-04 15:07:27,035 INFO  - Already have ACK (at simulation time 65.000,000,000 s)
2025-06-04 15:07:27,035 INFO  - Already have ACK (at simulation time 65.000,000,000 s)
2025-06-04 15:07:27,035 INFO  - Already have ACK (at simulation time 65.000,000,000 s)
2025-06-04 15:07:27,035 INFO  - Already have ACK (at simulation time 65.000,000,000 s)
2025-06-04 15:07:27,035 INFO  - Already have ACK (at simulation time 65.000,000,000 s)
2025-06-04 15:07:27,035 INFO  - Already have ACK (at simulation time 65.000,000,000 s)
2025-06-04 15:07:27,035 INFO  - Already have ACK (at simulation time 65.000,000,000 s)
2025-06-04 15:07:27,035 INFO  - Already have ACK (at simulation time 65.000,000,000 s)
2025-06-04 15:07:27,035 INFO  - Already have ACK (at simulation time 65.000,000,000 s)
2025-06-04 15:07:27,035 INFO  - Already have ACK (at simulation time 65.000,000,000 s)
2025-06-04 15:07:27,035 INFO  - Already have ACK (at simulation time 65.000,000,000 s)
2025-06-04 15:07:27,036 INFO  - Already have ACK (at simulation time 65.000,000,000 s)
2025-06-04 15:07:27,036 INFO  - Already have ACK (at simulation time 65.000,000,000 s)
2025-06-04 15:07:27,036 INFO  - Already have ACK (at simulation time 65.000,000,000 s)
2025-06-04 15:07:27,036 INFO  - Already have ACK (at simulation time 65.000,000,000 s)
2025-06-04 15:07:27,036 INFO  - Already have ACK (at simulation time 65.000,000,000 s)
2025-06-04 15:07:27,036 INFO  - Already have ACK (at simulation time 65.000,000,000 s)
2025-06-04 15:07:27,036 INFO  - Already have ACK (at simulation time 65.000,000,000 s)
2025-06-04 15:07:27,036 INFO  - Already have ACK (at simulation time 65.000,000,000 s)
2025-06-04 15:07:27,036 INFO  - Already have ACK (at simulation time 65.000,000,000 s)
2025-06-04 15:07:27,036 INFO  - Already have ACK (at simulation time 65.000,000,000 s)
2025-06-04 15:07:27,036 INFO  - Already have ACK (at simulation time 65.000,000,000 s)
2025-06-04 15:07:27,036 INFO  - Already have ACK (at simulation time 65.000,000,000 s)
2025-06-04 15:07:27,036 INFO  - Already have ACK (at simulation time 65.000,000,000 s)
2025-06-04 15:07:27,036 INFO  - Already have ACK (at simulation time 65.000,000,000 s)
2025-06-04 15:07:27,036 INFO  - Already have ACK (at simulation time 65.000,000,000 s)
2025-06-04 15:07:27,036 INFO  - Already have ACK (at simulation time 65.000,000,000 s)
2025-06-04 15:07:27,036 INFO  - Already have ACK (at simulation time 65.000,000,000 s)
2025-06-04 15:07:27,036 INFO  - Already have ACK (at simulation time 65.000,000,000 s)
2025-06-04 15:07:27,036 INFO  - Already have ACK (at simulation time 65.000,000,000 s)
2025-06-04 15:07:27,036 INFO  - Already have ACK (at simulation time 65.000,000,000 s)
2025-06-04 15:07:27,036 INFO  - Already have ACK (at simulation time 65.000,000,000 s)
2025-06-04 15:07:27,036 INFO  - Already have ACK (at simulation time 65.000,000,000 s)
2025-06-04 15:07:27,036 INFO  - Already have ACK (at simulation time 65.000,000,000 s)
2025-06-04 15:07:27,036 INFO  - Already have ACK (at simulation time 65.000,000,000 s)
2025-06-04 15:07:27,036 INFO  - Already have ACK (at simulation time 65.000,000,000 s)
2025-06-04 15:07:27,036 INFO  - Already have ACK (at simulation time 65.000,000,000 s)
2025-06-04 15:07:27,036 INFO  - Already have ACK (at simulation time 65.000,000,000 s)
2025-06-04 15:07:27,038 INFO  - Sent periodic GreenWaveMsg: veh_1 on route r_1 (at simulation time 66.000,000,000 s)
2025-06-04 15:07:27,038 INFO  - Already have ACK (at simulation time 66.000,000,000 s)
2025-06-04 15:07:27,039 INFO  - Already have ACK (at simulation time 66.000,000,000 s)
2025-06-04 15:07:27,039 INFO  - Already have ACK (at simulation time 66.000,000,000 s)
2025-06-04 15:07:27,039 INFO  - Already have ACK (at simulation time 66.000,000,000 s)
2025-06-04 15:07:27,039 INFO  - Already have ACK (at simulation time 66.000,000,000 s)
2025-06-04 15:07:27,039 INFO  - Already have ACK (at simulation time 66.000,000,000 s)
2025-06-04 15:07:27,039 INFO  - Already have ACK (at simulation time 66.000,000,000 s)
2025-06-04 15:07:27,039 INFO  - Already have ACK (at simulation time 66.000,000,000 s)
2025-06-04 15:07:27,039 INFO  - Already have ACK (at simulation time 66.000,000,000 s)
2025-06-04 15:07:27,039 INFO  - Already have ACK (at simulation time 66.000,000,000 s)
2025-06-04 15:07:27,040 INFO  - Already have ACK (at simulation time 66.000,000,000 s)
2025-06-04 15:07:27,040 INFO  - Already have ACK (at simulation time 66.000,000,000 s)
2025-06-04 15:07:27,040 INFO  - Already have ACK (at simulation time 66.000,000,000 s)
2025-06-04 15:07:27,040 INFO  - Already have ACK (at simulation time 66.000,000,000 s)
2025-06-04 15:07:27,040 INFO  - Already have ACK (at simulation time 66.000,000,000 s)
2025-06-04 15:07:27,040 INFO  - Already have ACK (at simulation time 66.000,000,000 s)
2025-06-04 15:07:27,040 INFO  - Already have ACK (at simulation time 66.000,000,000 s)
2025-06-04 15:07:27,040 INFO  - Already have ACK (at simulation time 66.000,000,000 s)
2025-06-04 15:07:27,040 INFO  - Already have ACK (at simulation time 66.000,000,000 s)
2025-06-04 15:07:27,040 INFO  - Already have ACK (at simulation time 66.000,000,000 s)
2025-06-04 15:07:27,040 INFO  - Already have ACK (at simulation time 66.000,000,000 s)
2025-06-04 15:07:27,040 INFO  - Already have ACK (at simulation time 66.000,000,000 s)
2025-06-04 15:07:27,040 INFO  - Already have ACK (at simulation time 66.000,000,000 s)
2025-06-04 15:07:27,041 INFO  - Already have ACK (at simulation time 66.000,000,000 s)
2025-06-04 15:07:27,041 INFO  - Already have ACK (at simulation time 66.000,000,000 s)
2025-06-04 15:07:27,041 INFO  - Already have ACK (at simulation time 66.000,000,000 s)
2025-06-04 15:07:27,041 INFO  - Already have ACK (at simulation time 66.000,000,000 s)
2025-06-04 15:07:27,041 INFO  - Already have ACK (at simulation time 66.000,000,000 s)
2025-06-04 15:07:27,041 INFO  - Already have ACK (at simulation time 66.000,000,000 s)
2025-06-04 15:07:27,041 INFO  - Already have ACK (at simulation time 66.000,000,000 s)
2025-06-04 15:07:27,041 INFO  - Already have ACK (at simulation time 66.000,000,000 s)
2025-06-04 15:07:27,041 INFO  - Already have ACK (at simulation time 66.000,000,000 s)
2025-06-04 15:07:27,041 INFO  - Already have ACK (at simulation time 66.000,000,000 s)
2025-06-04 15:07:27,041 INFO  - Already have ACK (at simulation time 66.000,000,000 s)
2025-06-04 15:07:27,041 INFO  - Already have ACK (at simulation time 66.000,000,000 s)
2025-06-04 15:07:27,041 INFO  - Already have ACK (at simulation time 66.000,000,000 s)
2025-06-04 15:07:27,041 INFO  - Already have ACK (at simulation time 66.000,000,000 s)
2025-06-04 15:07:27,041 INFO  - Already have ACK (at simulation time 66.000,000,000 s)
2025-06-04 15:07:27,041 INFO  - Already have ACK (at simulation time 66.000,000,000 s)
2025-06-04 15:07:27,041 INFO  - Already have ACK (at simulation time 66.000,000,000 s)
2025-06-04 15:07:27,041 INFO  - Already have ACK (at simulation time 66.000,000,000 s)
2025-06-04 15:07:27,042 INFO  - Already have ACK (at simulation time 66.000,000,000 s)
2025-06-04 15:07:27,042 INFO  - Already have ACK (at simulation time 66.000,000,000 s)
2025-06-04 15:07:27,042 INFO  - Already have ACK (at simulation time 66.000,000,000 s)
2025-06-04 15:07:27,042 INFO  - Already have ACK (at simulation time 66.000,000,000 s)
2025-06-04 15:07:27,042 INFO  - Already have ACK (at simulation time 66.000,000,000 s)
2025-06-04 15:07:27,042 INFO  - Already have ACK (at simulation time 66.000,000,000 s)
2025-06-04 15:07:27,042 INFO  - Already have ACK (at simulation time 66.000,000,000 s)
2025-06-04 15:07:27,042 INFO  - Already have ACK (at simulation time 66.000,000,000 s)
2025-06-04 15:07:27,042 INFO  - Already have ACK (at simulation time 66.000,000,000 s)
2025-06-04 15:07:27,042 INFO  - Already have ACK (at simulation time 66.000,000,000 s)
2025-06-04 15:07:27,042 INFO  - Already have ACK (at simulation time 66.000,000,000 s)
2025-06-04 15:07:27,042 INFO  - Already have ACK (at simulation time 66.000,000,000 s)
2025-06-04 15:07:27,042 INFO  - Already have ACK (at simulation time 66.000,000,000 s)
2025-06-04 15:07:27,042 INFO  - Already have ACK (at simulation time 66.000,000,000 s)
2025-06-04 15:07:27,042 INFO  - Already have ACK (at simulation time 66.000,000,000 s)
2025-06-04 15:07:27,042 INFO  - Already have ACK (at simulation time 66.000,000,000 s)
2025-06-04 15:07:27,042 INFO  - Already have ACK (at simulation time 66.000,000,000 s)
2025-06-04 15:07:27,042 INFO  - Already have ACK (at simulation time 66.000,000,000 s)
2025-06-04 15:07:27,042 INFO  - Already have ACK (at simulation time 66.000,000,000 s)
2025-06-04 15:07:27,042 INFO  - Already have ACK (at simulation time 66.000,000,000 s)
2025-06-04 15:07:27,042 INFO  - Received ACK with origin at RSU from rsu_0 at 66000800000 (at simulation time 66.000,800,000 s)
2025-06-04 15:07:27,044 INFO  - Already have ACK (at simulation time 67.000,000,000 s)
2025-06-04 15:07:27,045 INFO  - Already have ACK (at simulation time 67.000,000,000 s)
2025-06-04 15:07:27,045 INFO  - Already have ACK (at simulation time 67.000,000,000 s)
2025-06-04 15:07:27,045 INFO  - Already have ACK (at simulation time 67.000,000,000 s)
2025-06-04 15:07:27,045 INFO  - Already have ACK (at simulation time 67.000,000,000 s)
2025-06-04 15:07:27,045 INFO  - Already have ACK (at simulation time 67.000,000,000 s)
2025-06-04 15:07:27,046 INFO  - Already have ACK (at simulation time 67.000,000,000 s)
2025-06-04 15:07:27,046 INFO  - Already have ACK (at simulation time 67.000,000,000 s)
2025-06-04 15:07:27,046 INFO  - Already have ACK (at simulation time 67.000,000,000 s)
2025-06-04 15:07:27,046 INFO  - Already have ACK (at simulation time 67.000,000,000 s)
2025-06-04 15:07:27,046 INFO  - Already have ACK (at simulation time 67.000,000,000 s)
2025-06-04 15:07:27,046 INFO  - Already have ACK (at simulation time 67.000,000,000 s)
2025-06-04 15:07:27,046 INFO  - Already have ACK (at simulation time 67.000,000,000 s)
2025-06-04 15:07:27,046 INFO  - Already have ACK (at simulation time 67.000,000,000 s)
2025-06-04 15:07:27,046 INFO  - Already have ACK (at simulation time 67.000,000,000 s)
2025-06-04 15:07:27,047 INFO  - Already have ACK (at simulation time 67.000,000,000 s)
2025-06-04 15:07:27,047 INFO  - Already have ACK (at simulation time 67.000,000,000 s)
2025-06-04 15:07:27,047 INFO  - Already have ACK (at simulation time 67.000,000,000 s)
2025-06-04 15:07:27,047 INFO  - Already have ACK (at simulation time 67.000,000,000 s)
2025-06-04 15:07:27,047 INFO  - Already have ACK (at simulation time 67.000,000,000 s)
2025-06-04 15:07:27,047 INFO  - Already have ACK (at simulation time 67.000,000,000 s)
2025-06-04 15:07:27,047 INFO  - Already have ACK (at simulation time 67.000,000,000 s)
2025-06-04 15:07:27,047 INFO  - Already have ACK (at simulation time 67.000,000,000 s)
2025-06-04 15:07:27,047 INFO  - Already have ACK (at simulation time 67.000,000,000 s)
2025-06-04 15:07:27,047 INFO  - Already have ACK (at simulation time 67.000,000,000 s)
2025-06-04 15:07:27,047 INFO  - Already have ACK (at simulation time 67.000,000,000 s)
2025-06-04 15:07:27,047 INFO  - Already have ACK (at simulation time 67.000,000,000 s)
2025-06-04 15:07:27,047 INFO  - Already have ACK (at simulation time 67.000,000,000 s)
2025-06-04 15:07:27,048 INFO  - Already have ACK (at simulation time 67.000,000,000 s)
2025-06-04 15:07:27,048 INFO  - Already have ACK (at simulation time 67.000,000,000 s)
2025-06-04 15:07:27,048 INFO  - Already have ACK (at simulation time 67.000,000,000 s)
2025-06-04 15:07:27,048 INFO  - Already have ACK (at simulation time 67.000,000,000 s)
2025-06-04 15:07:27,048 INFO  - Already have ACK (at simulation time 67.000,000,000 s)
2025-06-04 15:07:27,048 INFO  - Already have ACK (at simulation time 67.000,000,000 s)
2025-06-04 15:07:27,048 INFO  - Already have ACK (at simulation time 67.000,000,000 s)
2025-06-04 15:07:27,048 INFO  - Already have ACK (at simulation time 67.000,000,000 s)
2025-06-04 15:07:27,048 INFO  - Already have ACK (at simulation time 67.000,000,000 s)
2025-06-04 15:07:27,048 INFO  - Already have ACK (at simulation time 67.000,000,000 s)
2025-06-04 15:07:27,048 INFO  - Already have ACK (at simulation time 67.000,000,000 s)
2025-06-04 15:07:27,048 INFO  - Already have ACK (at simulation time 67.000,000,000 s)
2025-06-04 15:07:27,048 INFO  - Already have ACK (at simulation time 67.000,000,000 s)
2025-06-04 15:07:27,048 INFO  - Already have ACK (at simulation time 67.000,000,000 s)
2025-06-04 15:07:27,048 INFO  - Already have ACK (at simulation time 67.000,000,000 s)
2025-06-04 15:07:27,048 INFO  - Already have ACK (at simulation time 67.000,000,000 s)
2025-06-04 15:07:27,048 INFO  - Already have ACK (at simulation time 67.000,000,000 s)
2025-06-04 15:07:27,048 INFO  - Already have ACK (at simulation time 67.000,000,000 s)
2025-06-04 15:07:27,048 INFO  - Already have ACK (at simulation time 67.000,000,000 s)
2025-06-04 15:07:27,048 INFO  - Already have ACK (at simulation time 67.000,000,000 s)
2025-06-04 15:07:27,048 INFO  - Already have ACK (at simulation time 67.000,000,000 s)
2025-06-04 15:07:27,049 INFO  - Already have ACK (at simulation time 67.000,000,000 s)
2025-06-04 15:07:27,049 INFO  - Already have ACK (at simulation time 67.000,000,000 s)
2025-06-04 15:07:27,049 INFO  - Already have ACK (at simulation time 67.000,000,000 s)
2025-06-04 15:07:27,049 INFO  - Already have ACK (at simulation time 67.000,000,000 s)
2025-06-04 15:07:27,049 INFO  - Already have ACK (at simulation time 67.000,000,000 s)
2025-06-04 15:07:27,049 INFO  - Already have ACK (at simulation time 67.000,000,000 s)
2025-06-04 15:07:27,049 INFO  - Already have ACK (at simulation time 67.000,000,000 s)
2025-06-04 15:07:27,049 INFO  - Already have ACK (at simulation time 67.000,000,000 s)
2025-06-04 15:07:27,049 INFO  - Already have ACK (at simulation time 67.000,000,000 s)
2025-06-04 15:07:27,049 INFO  - Already have ACK (at simulation time 67.000,000,000 s)
2025-06-04 15:07:27,049 INFO  - Already have ACK (at simulation time 67.000,000,000 s)
2025-06-04 15:07:27,049 INFO  - Already have ACK (at simulation time 67.000,000,000 s)
2025-06-04 15:07:27,049 INFO  - Already have ACK (at simulation time 67.000,000,000 s)
2025-06-04 15:07:27,059 INFO  - Already have ACK (at simulation time 68.000,000,000 s)
2025-06-04 15:07:27,060 INFO  - Already have ACK (at simulation time 68.000,000,000 s)
2025-06-04 15:07:27,060 INFO  - Already have ACK (at simulation time 68.000,000,000 s)
2025-06-04 15:07:27,060 INFO  - Already have ACK (at simulation time 68.000,000,000 s)
2025-06-04 15:07:27,060 INFO  - Already have ACK (at simulation time 68.000,000,000 s)
2025-06-04 15:07:27,060 INFO  - Already have ACK (at simulation time 68.000,000,000 s)
2025-06-04 15:07:27,061 INFO  - Already have ACK (at simulation time 68.000,000,000 s)
2025-06-04 15:07:27,061 INFO  - Already have ACK (at simulation time 68.000,000,000 s)
2025-06-04 15:07:27,061 INFO  - Already have ACK (at simulation time 68.000,000,000 s)
2025-06-04 15:07:27,061 INFO  - Already have ACK (at simulation time 68.000,000,000 s)
2025-06-04 15:07:27,061 INFO  - Already have ACK (at simulation time 68.000,000,000 s)
2025-06-04 15:07:27,061 INFO  - Already have ACK (at simulation time 68.000,000,000 s)
2025-06-04 15:07:27,061 INFO  - Already have ACK (at simulation time 68.000,000,000 s)
2025-06-04 15:07:27,061 INFO  - Already have ACK (at simulation time 68.000,000,000 s)
2025-06-04 15:07:27,061 INFO  - Already have ACK (at simulation time 68.000,000,000 s)
2025-06-04 15:07:27,061 INFO  - Already have ACK (at simulation time 68.000,000,000 s)
2025-06-04 15:07:27,061 INFO  - Already have ACK (at simulation time 68.000,000,000 s)
2025-06-04 15:07:27,062 INFO  - Already have ACK (at simulation time 68.000,000,000 s)
2025-06-04 15:07:27,062 INFO  - Already have ACK (at simulation time 68.000,000,000 s)
2025-06-04 15:07:27,062 INFO  - Already have ACK (at simulation time 68.000,000,000 s)
2025-06-04 15:07:27,062 INFO  - Already have ACK (at simulation time 68.000,000,000 s)
2025-06-04 15:07:27,062 INFO  - Already have ACK (at simulation time 68.000,000,000 s)
2025-06-04 15:07:27,062 INFO  - Already have ACK (at simulation time 68.000,000,000 s)
2025-06-04 15:07:27,062 INFO  - Already have ACK (at simulation time 68.000,000,000 s)
2025-06-04 15:07:27,062 INFO  - Already have ACK (at simulation time 68.000,000,000 s)
2025-06-04 15:07:27,062 INFO  - Already have ACK (at simulation time 68.000,000,000 s)
2025-06-04 15:07:27,062 INFO  - Already have ACK (at simulation time 68.000,000,000 s)
2025-06-04 15:07:27,062 INFO  - Already have ACK (at simulation time 68.000,000,000 s)
2025-06-04 15:07:27,062 INFO  - Already have ACK (at simulation time 68.000,000,000 s)
2025-06-04 15:07:27,062 INFO  - Already have ACK (at simulation time 68.000,000,000 s)
2025-06-04 15:07:27,062 INFO  - Already have ACK (at simulation time 68.000,000,000 s)
2025-06-04 15:07:27,063 INFO  - Already have ACK (at simulation time 68.000,000,000 s)
2025-06-04 15:07:27,063 INFO  - Already have ACK (at simulation time 68.000,000,000 s)
2025-06-04 15:07:27,063 INFO  - Already have ACK (at simulation time 68.000,000,000 s)
2025-06-04 15:07:27,063 INFO  - Already have ACK (at simulation time 68.000,000,000 s)
2025-06-04 15:07:27,063 INFO  - Already have ACK (at simulation time 68.000,000,000 s)
2025-06-04 15:07:27,063 INFO  - Already have ACK (at simulation time 68.000,000,000 s)
2025-06-04 15:07:27,063 INFO  - Already have ACK (at simulation time 68.000,000,000 s)
2025-06-04 15:07:27,063 INFO  - Already have ACK (at simulation time 68.000,000,000 s)
2025-06-04 15:07:27,063 INFO  - Already have ACK (at simulation time 68.000,000,000 s)
2025-06-04 15:07:27,063 INFO  - Already have ACK (at simulation time 68.000,000,000 s)
2025-06-04 15:07:27,063 INFO  - Already have ACK (at simulation time 68.000,000,000 s)
2025-06-04 15:07:27,063 INFO  - Already have ACK (at simulation time 68.000,000,000 s)
2025-06-04 15:07:27,063 INFO  - Already have ACK (at simulation time 68.000,000,000 s)
2025-06-04 15:07:27,063 INFO  - Already have ACK (at simulation time 68.000,000,000 s)
2025-06-04 15:07:27,063 INFO  - Already have ACK (at simulation time 68.000,000,000 s)
2025-06-04 15:07:27,063 INFO  - Already have ACK (at simulation time 68.000,000,000 s)
2025-06-04 15:07:27,063 INFO  - Already have ACK (at simulation time 68.000,000,000 s)
2025-06-04 15:07:27,063 INFO  - Already have ACK (at simulation time 68.000,000,000 s)
2025-06-04 15:07:27,063 INFO  - Already have ACK (at simulation time 68.000,000,000 s)
2025-06-04 15:07:27,063 INFO  - Already have ACK (at simulation time 68.000,000,000 s)
2025-06-04 15:07:27,063 INFO  - Already have ACK (at simulation time 68.000,000,000 s)
2025-06-04 15:07:27,063 INFO  - Already have ACK (at simulation time 68.000,000,000 s)
2025-06-04 15:07:27,063 INFO  - Already have ACK (at simulation time 68.000,000,000 s)
2025-06-04 15:07:27,063 INFO  - Already have ACK (at simulation time 68.000,000,000 s)
2025-06-04 15:07:27,063 INFO  - Already have ACK (at simulation time 68.000,000,000 s)
2025-06-04 15:07:27,064 INFO  - Already have ACK (at simulation time 68.000,000,000 s)
2025-06-04 15:07:27,064 INFO  - Already have ACK (at simulation time 68.000,000,000 s)
2025-06-04 15:07:27,064 INFO  - Already have ACK (at simulation time 68.000,000,000 s)
2025-06-04 15:07:27,064 INFO  - Already have ACK (at simulation time 68.000,000,000 s)
2025-06-04 15:07:27,064 INFO  - Already have ACK (at simulation time 68.000,000,000 s)
2025-06-04 15:07:27,064 INFO  - Already have ACK (at simulation time 68.000,000,000 s)
2025-06-04 15:07:27,064 INFO  - Already have ACK (at simulation time 68.000,000,000 s)
2025-06-04 15:07:27,066 INFO  - Already have ACK (at simulation time 69.000,000,000 s)
2025-06-04 15:07:27,066 INFO  - Already have ACK (at simulation time 69.000,000,000 s)
2025-06-04 15:07:27,066 INFO  - Already have ACK (at simulation time 69.000,000,000 s)
2025-06-04 15:07:27,066 INFO  - Already have ACK (at simulation time 69.000,000,000 s)
2025-06-04 15:07:27,067 INFO  - Already have ACK (at simulation time 69.000,000,000 s)
2025-06-04 15:07:27,067 INFO  - Already have ACK (at simulation time 69.000,000,000 s)
2025-06-04 15:07:27,067 INFO  - Already have ACK (at simulation time 69.000,000,000 s)
2025-06-04 15:07:27,067 INFO  - Already have ACK (at simulation time 69.000,000,000 s)
2025-06-04 15:07:27,067 INFO  - Already have ACK (at simulation time 69.000,000,000 s)
2025-06-04 15:07:27,067 INFO  - Already have ACK (at simulation time 69.000,000,000 s)
2025-06-04 15:07:27,067 INFO  - Already have ACK (at simulation time 69.000,000,000 s)
2025-06-04 15:07:27,067 INFO  - Already have ACK (at simulation time 69.000,000,000 s)
2025-06-04 15:07:27,067 INFO  - Already have ACK (at simulation time 69.000,000,000 s)
2025-06-04 15:07:27,067 INFO  - Already have ACK (at simulation time 69.000,000,000 s)
2025-06-04 15:07:27,067 INFO  - Already have ACK (at simulation time 69.000,000,000 s)
2025-06-04 15:07:27,068 INFO  - Already have ACK (at simulation time 69.000,000,000 s)
2025-06-04 15:07:27,068 INFO  - Already have ACK (at simulation time 69.000,000,000 s)
2025-06-04 15:07:27,068 INFO  - Already have ACK (at simulation time 69.000,000,000 s)
2025-06-04 15:07:27,068 INFO  - Already have ACK (at simulation time 69.000,000,000 s)
2025-06-04 15:07:27,068 INFO  - Already have ACK (at simulation time 69.000,000,000 s)
2025-06-04 15:07:27,068 INFO  - Already have ACK (at simulation time 69.000,000,000 s)
2025-06-04 15:07:27,068 INFO  - Already have ACK (at simulation time 69.000,000,000 s)
2025-06-04 15:07:27,068 INFO  - Already have ACK (at simulation time 69.000,000,000 s)
2025-06-04 15:07:27,068 INFO  - Already have ACK (at simulation time 69.000,000,000 s)
2025-06-04 15:07:27,068 INFO  - Already have ACK (at simulation time 69.000,000,000 s)
2025-06-04 15:07:27,068 INFO  - Already have ACK (at simulation time 69.000,000,000 s)
2025-06-04 15:07:27,068 INFO  - Already have ACK (at simulation time 69.000,000,000 s)
2025-06-04 15:07:27,068 INFO  - Already have ACK (at simulation time 69.000,000,000 s)
2025-06-04 15:07:27,069 INFO  - Already have ACK (at simulation time 69.000,000,000 s)
2025-06-04 15:07:27,069 INFO  - Already have ACK (at simulation time 69.000,000,000 s)
2025-06-04 15:07:27,069 INFO  - Already have ACK (at simulation time 69.000,000,000 s)
2025-06-04 15:07:27,069 INFO  - Already have ACK (at simulation time 69.000,000,000 s)
2025-06-04 15:07:27,069 INFO  - Already have ACK (at simulation time 69.000,000,000 s)
2025-06-04 15:07:27,069 INFO  - Already have ACK (at simulation time 69.000,000,000 s)
2025-06-04 15:07:27,069 INFO  - Already have ACK (at simulation time 69.000,000,000 s)
2025-06-04 15:07:27,069 INFO  - Already have ACK (at simulation time 69.000,000,000 s)
2025-06-04 15:07:27,069 INFO  - Already have ACK (at simulation time 69.000,000,000 s)
2025-06-04 15:07:27,069 INFO  - Already have ACK (at simulation time 69.000,000,000 s)
2025-06-04 15:07:27,069 INFO  - Already have ACK (at simulation time 69.000,000,000 s)
2025-06-04 15:07:27,069 INFO  - Already have ACK (at simulation time 69.000,000,000 s)
2025-06-04 15:07:27,069 INFO  - Already have ACK (at simulation time 69.000,000,000 s)
2025-06-04 15:07:27,069 INFO  - Already have ACK (at simulation time 69.000,000,000 s)
2025-06-04 15:07:27,069 INFO  - Already have ACK (at simulation time 69.000,000,000 s)
2025-06-04 15:07:27,069 INFO  - Already have ACK (at simulation time 69.000,000,000 s)
2025-06-04 15:07:27,069 INFO  - Already have ACK (at simulation time 69.000,000,000 s)
2025-06-04 15:07:27,069 INFO  - Already have ACK (at simulation time 69.000,000,000 s)
2025-06-04 15:07:27,069 INFO  - Already have ACK (at simulation time 69.000,000,000 s)
2025-06-04 15:07:27,069 INFO  - Already have ACK (at simulation time 69.000,000,000 s)
2025-06-04 15:07:27,070 INFO  - Already have ACK (at simulation time 69.000,000,000 s)
2025-06-04 15:07:27,070 INFO  - Already have ACK (at simulation time 69.000,000,000 s)
2025-06-04 15:07:27,070 INFO  - Already have ACK (at simulation time 69.000,000,000 s)
2025-06-04 15:07:27,070 INFO  - Already have ACK (at simulation time 69.000,000,000 s)
2025-06-04 15:07:27,070 INFO  - Already have ACK (at simulation time 69.000,000,000 s)
2025-06-04 15:07:27,070 INFO  - Already have ACK (at simulation time 69.000,000,000 s)
2025-06-04 15:07:27,070 INFO  - Already have ACK (at simulation time 69.000,000,000 s)
2025-06-04 15:07:27,070 INFO  - Already have ACK (at simulation time 69.000,000,000 s)
2025-06-04 15:07:27,070 INFO  - Already have ACK (at simulation time 69.000,000,000 s)
2025-06-04 15:07:27,070 INFO  - Already have ACK (at simulation time 69.000,000,000 s)
2025-06-04 15:07:27,070 INFO  - Already have ACK (at simulation time 69.000,000,000 s)
2025-06-04 15:07:27,070 INFO  - Already have ACK (at simulation time 69.000,000,000 s)
2025-06-04 15:07:27,070 INFO  - Already have ACK (at simulation time 69.000,000,000 s)
2025-06-04 15:07:27,070 INFO  - Already have ACK (at simulation time 69.000,000,000 s)
2025-06-04 15:07:27,070 INFO  - Already have ACK (at simulation time 69.000,000,000 s)
2025-06-04 15:07:27,070 INFO  - Already have ACK (at simulation time 69.000,000,000 s)
2025-06-04 15:07:27,073 INFO  - Already have ACK (at simulation time 70.000,000,000 s)
2025-06-04 15:07:27,074 INFO  - Already have ACK (at simulation time 70.000,000,000 s)
2025-06-04 15:07:27,074 INFO  - Already have ACK (at simulation time 70.000,000,000 s)
2025-06-04 15:07:27,074 INFO  - Already have ACK (at simulation time 70.000,000,000 s)
2025-06-04 15:07:27,074 INFO  - Already have ACK (at simulation time 70.000,000,000 s)
2025-06-04 15:07:27,075 INFO  - Already have ACK (at simulation time 70.000,000,000 s)
2025-06-04 15:07:27,075 INFO  - Already have ACK (at simulation time 70.000,000,000 s)
2025-06-04 15:07:27,075 INFO  - Already have ACK (at simulation time 70.000,000,000 s)
2025-06-04 15:07:27,075 INFO  - Already have ACK (at simulation time 70.000,000,000 s)
2025-06-04 15:07:27,075 INFO  - Already have ACK (at simulation time 70.000,000,000 s)
2025-06-04 15:07:27,075 INFO  - Already have ACK (at simulation time 70.000,000,000 s)
2025-06-04 15:07:27,075 INFO  - Already have ACK (at simulation time 70.000,000,000 s)
2025-06-04 15:07:27,075 INFO  - Already have ACK (at simulation time 70.000,000,000 s)
2025-06-04 15:07:27,075 INFO  - Already have ACK (at simulation time 70.000,000,000 s)
2025-06-04 15:07:27,075 INFO  - Already have ACK (at simulation time 70.000,000,000 s)
2025-06-04 15:07:27,076 INFO  - Already have ACK (at simulation time 70.000,000,000 s)
2025-06-04 15:07:27,076 INFO  - Already have ACK (at simulation time 70.000,000,000 s)
2025-06-04 15:07:27,076 INFO  - Already have ACK (at simulation time 70.000,000,000 s)
2025-06-04 15:07:27,076 INFO  - Already have ACK (at simulation time 70.000,000,000 s)
2025-06-04 15:07:27,076 INFO  - Already have ACK (at simulation time 70.000,000,000 s)
2025-06-04 15:07:27,076 INFO  - Already have ACK (at simulation time 70.000,000,000 s)
2025-06-04 15:07:27,076 INFO  - Already have ACK (at simulation time 70.000,000,000 s)
2025-06-04 15:07:27,076 INFO  - Already have ACK (at simulation time 70.000,000,000 s)
2025-06-04 15:07:27,076 INFO  - Already have ACK (at simulation time 70.000,000,000 s)
2025-06-04 15:07:27,076 INFO  - Already have ACK (at simulation time 70.000,000,000 s)
2025-06-04 15:07:27,076 INFO  - Already have ACK (at simulation time 70.000,000,000 s)
2025-06-04 15:07:27,076 INFO  - Already have ACK (at simulation time 70.000,000,000 s)
2025-06-04 15:07:27,076 INFO  - Already have ACK (at simulation time 70.000,000,000 s)
2025-06-04 15:07:27,077 INFO  - Already have ACK (at simulation time 70.000,000,000 s)
2025-06-04 15:07:27,077 INFO  - Already have ACK (at simulation time 70.000,000,000 s)
2025-06-04 15:07:27,077 INFO  - Already have ACK (at simulation time 70.000,000,000 s)
2025-06-04 15:07:27,077 INFO  - Already have ACK (at simulation time 70.000,000,000 s)
2025-06-04 15:07:27,077 INFO  - Already have ACK (at simulation time 70.000,000,000 s)
2025-06-04 15:07:27,077 INFO  - Already have ACK (at simulation time 70.000,000,000 s)
2025-06-04 15:07:27,077 INFO  - Already have ACK (at simulation time 70.000,000,000 s)
2025-06-04 15:07:27,077 INFO  - Already have ACK (at simulation time 70.000,000,000 s)
2025-06-04 15:07:27,077 INFO  - Already have ACK (at simulation time 70.000,000,000 s)
2025-06-04 15:07:27,077 INFO  - Already have ACK (at simulation time 70.000,000,000 s)
2025-06-04 15:07:27,077 INFO  - Already have ACK (at simulation time 70.000,000,000 s)
2025-06-04 15:07:27,077 INFO  - Already have ACK (at simulation time 70.000,000,000 s)
2025-06-04 15:07:27,077 INFO  - Already have ACK (at simulation time 70.000,000,000 s)
2025-06-04 15:07:27,077 INFO  - Already have ACK (at simulation time 70.000,000,000 s)
2025-06-04 15:07:27,077 INFO  - Already have ACK (at simulation time 70.000,000,000 s)
2025-06-04 15:07:27,077 INFO  - Already have ACK (at simulation time 70.000,000,000 s)
2025-06-04 15:07:27,077 INFO  - Already have ACK (at simulation time 70.000,000,000 s)
2025-06-04 15:07:27,077 INFO  - Already have ACK (at simulation time 70.000,000,000 s)
2025-06-04 15:07:27,077 INFO  - Already have ACK (at simulation time 70.000,000,000 s)
2025-06-04 15:07:27,077 INFO  - Already have ACK (at simulation time 70.000,000,000 s)
2025-06-04 15:07:27,077 INFO  - Already have ACK (at simulation time 70.000,000,000 s)
2025-06-04 15:07:27,078 INFO  - Already have ACK (at simulation time 70.000,000,000 s)
2025-06-04 15:07:27,078 INFO  - Already have ACK (at simulation time 70.000,000,000 s)
2025-06-04 15:07:27,078 INFO  - Already have ACK (at simulation time 70.000,000,000 s)
2025-06-04 15:07:27,078 INFO  - Already have ACK (at simulation time 70.000,000,000 s)
2025-06-04 15:07:27,078 INFO  - Already have ACK (at simulation time 70.000,000,000 s)
2025-06-04 15:07:27,078 INFO  - Already have ACK (at simulation time 70.000,000,000 s)
2025-06-04 15:07:27,078 INFO  - Already have ACK (at simulation time 70.000,000,000 s)
2025-06-04 15:07:27,078 INFO  - Already have ACK (at simulation time 70.000,000,000 s)
2025-06-04 15:07:27,078 INFO  - Already have ACK (at simulation time 70.000,000,000 s)
2025-06-04 15:07:27,078 INFO  - Already have ACK (at simulation time 70.000,000,000 s)
2025-06-04 15:07:27,078 INFO  - Already have ACK (at simulation time 70.000,000,000 s)
2025-06-04 15:07:27,078 INFO  - Already have ACK (at simulation time 70.000,000,000 s)
2025-06-04 15:07:27,078 INFO  - Already have ACK (at simulation time 70.000,000,000 s)
2025-06-04 15:07:27,078 INFO  - Already have ACK (at simulation time 70.000,000,000 s)
2025-06-04 15:07:27,078 INFO  - Already have ACK (at simulation time 70.000,000,000 s)
2025-06-04 15:07:27,078 INFO  - Already have ACK (at simulation time 70.000,000,000 s)
2025-06-04 15:07:27,080 INFO  - Sent periodic GreenWaveMsg: veh_1 on route r_1 (at simulation time 71.000,000,000 s)
2025-06-04 15:07:27,080 INFO  - Already have ACK (at simulation time 71.000,000,000 s)
2025-06-04 15:07:27,081 INFO  - Already have ACK (at simulation time 71.000,000,000 s)
2025-06-04 15:07:27,081 INFO  - Already have ACK (at simulation time 71.000,000,000 s)
2025-06-04 15:07:27,081 INFO  - Already have ACK (at simulation time 71.000,000,000 s)
2025-06-04 15:07:27,081 INFO  - Already have ACK (at simulation time 71.000,000,000 s)
2025-06-04 15:07:27,081 INFO  - Already have ACK (at simulation time 71.000,000,000 s)
2025-06-04 15:07:27,081 INFO  - Already have ACK (at simulation time 71.000,000,000 s)
2025-06-04 15:07:27,081 INFO  - Already have ACK (at simulation time 71.000,000,000 s)
2025-06-04 15:07:27,081 INFO  - Already have ACK (at simulation time 71.000,000,000 s)
2025-06-04 15:07:27,082 INFO  - Already have ACK (at simulation time 71.000,000,000 s)
2025-06-04 15:07:27,082 INFO  - Already have ACK (at simulation time 71.000,000,000 s)
2025-06-04 15:07:27,082 INFO  - Already have ACK (at simulation time 71.000,000,000 s)
2025-06-04 15:07:27,082 INFO  - Already have ACK (at simulation time 71.000,000,000 s)
2025-06-04 15:07:27,082 INFO  - Already have ACK (at simulation time 71.000,000,000 s)
2025-06-04 15:07:27,082 INFO  - Already have ACK (at simulation time 71.000,000,000 s)
2025-06-04 15:07:27,082 INFO  - Already have ACK (at simulation time 71.000,000,000 s)
2025-06-04 15:07:27,082 INFO  - Already have ACK (at simulation time 71.000,000,000 s)
2025-06-04 15:07:27,082 INFO  - Already have ACK (at simulation time 71.000,000,000 s)
2025-06-04 15:07:27,082 INFO  - Already have ACK (at simulation time 71.000,000,000 s)
2025-06-04 15:07:27,082 INFO  - Already have ACK (at simulation time 71.000,000,000 s)
2025-06-04 15:07:27,083 INFO  - Already have ACK (at simulation time 71.000,000,000 s)
2025-06-04 15:07:27,083 INFO  - Already have ACK (at simulation time 71.000,000,000 s)
2025-06-04 15:07:27,083 INFO  - Already have ACK (at simulation time 71.000,000,000 s)
2025-06-04 15:07:27,083 INFO  - Already have ACK (at simulation time 71.000,000,000 s)
2025-06-04 15:07:27,083 INFO  - Already have ACK (at simulation time 71.000,000,000 s)
2025-06-04 15:07:27,083 INFO  - Already have ACK (at simulation time 71.000,000,000 s)
2025-06-04 15:07:27,083 INFO  - Already have ACK (at simulation time 71.000,000,000 s)
2025-06-04 15:07:27,083 INFO  - Already have ACK (at simulation time 71.000,000,000 s)
2025-06-04 15:07:27,083 INFO  - Already have ACK (at simulation time 71.000,000,000 s)
2025-06-04 15:07:27,083 INFO  - Already have ACK (at simulation time 71.000,000,000 s)
2025-06-04 15:07:27,083 INFO  - Already have ACK (at simulation time 71.000,000,000 s)
2025-06-04 15:07:27,083 INFO  - Already have ACK (at simulation time 71.000,000,000 s)
2025-06-04 15:07:27,083 INFO  - Already have ACK (at simulation time 71.000,000,000 s)
2025-06-04 15:07:27,083 INFO  - Already have ACK (at simulation time 71.000,000,000 s)
2025-06-04 15:07:27,083 INFO  - Already have ACK (at simulation time 71.000,000,000 s)
2025-06-04 15:07:27,084 INFO  - Already have ACK (at simulation time 71.000,000,000 s)
2025-06-04 15:07:27,084 INFO  - Already have ACK (at simulation time 71.000,000,000 s)
2025-06-04 15:07:27,084 INFO  - Already have ACK (at simulation time 71.000,000,000 s)
2025-06-04 15:07:27,084 INFO  - Already have ACK (at simulation time 71.000,000,000 s)
2025-06-04 15:07:27,084 INFO  - Already have ACK (at simulation time 71.000,000,000 s)
2025-06-04 15:07:27,084 INFO  - Already have ACK (at simulation time 71.000,000,000 s)
2025-06-04 15:07:27,084 INFO  - Already have ACK (at simulation time 71.000,000,000 s)
2025-06-04 15:07:27,084 INFO  - Already have ACK (at simulation time 71.000,000,000 s)
2025-06-04 15:07:27,084 INFO  - Already have ACK (at simulation time 71.000,000,000 s)
2025-06-04 15:07:27,084 INFO  - Already have ACK (at simulation time 71.000,000,000 s)
2025-06-04 15:07:27,084 INFO  - Already have ACK (at simulation time 71.000,000,000 s)
2025-06-04 15:07:27,084 INFO  - Already have ACK (at simulation time 71.000,000,000 s)
2025-06-04 15:07:27,084 INFO  - Already have ACK (at simulation time 71.000,000,000 s)
2025-06-04 15:07:27,084 INFO  - Already have ACK (at simulation time 71.000,000,000 s)
2025-06-04 15:07:27,084 INFO  - Already have ACK (at simulation time 71.000,000,000 s)
2025-06-04 15:07:27,084 INFO  - Already have ACK (at simulation time 71.000,000,000 s)
2025-06-04 15:07:27,084 INFO  - Already have ACK (at simulation time 71.000,000,000 s)
2025-06-04 15:07:27,084 INFO  - Already have ACK (at simulation time 71.000,000,000 s)
2025-06-04 15:07:27,084 INFO  - Already have ACK (at simulation time 71.000,000,000 s)
2025-06-04 15:07:27,084 INFO  - Already have ACK (at simulation time 71.000,000,000 s)
2025-06-04 15:07:27,084 INFO  - Already have ACK (at simulation time 71.000,000,000 s)
2025-06-04 15:07:27,084 INFO  - Already have ACK (at simulation time 71.000,000,000 s)
2025-06-04 15:07:27,084 INFO  - Already have ACK (at simulation time 71.000,000,000 s)
2025-06-04 15:07:27,084 INFO  - Already have ACK (at simulation time 71.000,000,000 s)
2025-06-04 15:07:27,084 INFO  - Already have ACK (at simulation time 71.000,000,000 s)
2025-06-04 15:07:27,084 INFO  - Already have ACK (at simulation time 71.000,000,000 s)
2025-06-04 15:07:27,084 INFO  - Already have ACK (at simulation time 71.000,000,000 s)
2025-06-04 15:07:27,084 INFO  - Already have ACK (at simulation time 71.000,000,000 s)
2025-06-04 15:07:27,084 INFO  - Already have ACK (at simulation time 71.000,000,000 s)
2025-06-04 15:07:27,084 INFO  - Already have ACK (at simulation time 71.000,000,000 s)
2025-06-04 15:07:27,084 INFO  - Already have ACK (at simulation time 71.000,000,000 s)
2025-06-04 15:07:27,085 INFO  - Received ACK with origin at RSU from rsu_0 at 71003300000 (at simulation time 71.003,300,000 s)
2025-06-04 15:07:27,086 INFO  - Already have ACK (at simulation time 72.000,000,000 s)
2025-06-04 15:07:27,087 INFO  - Already have ACK (at simulation time 72.000,000,000 s)
2025-06-04 15:07:27,087 INFO  - Already have ACK (at simulation time 72.000,000,000 s)
2025-06-04 15:07:27,087 INFO  - Already have ACK (at simulation time 72.000,000,000 s)
2025-06-04 15:07:27,087 INFO  - Already have ACK (at simulation time 72.000,000,000 s)
2025-06-04 15:07:27,087 INFO  - Already have ACK (at simulation time 72.000,000,000 s)
2025-06-04 15:07:27,087 INFO  - Already have ACK (at simulation time 72.000,000,000 s)
2025-06-04 15:07:27,088 INFO  - Already have ACK (at simulation time 72.000,000,000 s)
2025-06-04 15:07:27,088 INFO  - Already have ACK (at simulation time 72.000,000,000 s)
2025-06-04 15:07:27,088 INFO  - Already have ACK (at simulation time 72.000,000,000 s)
2025-06-04 15:07:27,088 INFO  - Already have ACK (at simulation time 72.000,000,000 s)
2025-06-04 15:07:27,088 INFO  - Already have ACK (at simulation time 72.000,000,000 s)
2025-06-04 15:07:27,088 INFO  - Already have ACK (at simulation time 72.000,000,000 s)
2025-06-04 15:07:27,088 INFO  - Already have ACK (at simulation time 72.000,000,000 s)
2025-06-04 15:07:27,088 INFO  - Already have ACK (at simulation time 72.000,000,000 s)
2025-06-04 15:07:27,088 INFO  - Already have ACK (at simulation time 72.000,000,000 s)
2025-06-04 15:07:27,088 INFO  - Already have ACK (at simulation time 72.000,000,000 s)
2025-06-04 15:07:27,089 INFO  - Already have ACK (at simulation time 72.000,000,000 s)
2025-06-04 15:07:27,089 INFO  - Already have ACK (at simulation time 72.000,000,000 s)
2025-06-04 15:07:27,089 INFO  - Already have ACK (at simulation time 72.000,000,000 s)
2025-06-04 15:07:27,089 INFO  - Already have ACK (at simulation time 72.000,000,000 s)
2025-06-04 15:07:27,089 INFO  - Already have ACK (at simulation time 72.000,000,000 s)
2025-06-04 15:07:27,089 INFO  - Already have ACK (at simulation time 72.000,000,000 s)
2025-06-04 15:07:27,089 INFO  - Already have ACK (at simulation time 72.000,000,000 s)
2025-06-04 15:07:27,089 INFO  - Already have ACK (at simulation time 72.000,000,000 s)
2025-06-04 15:07:27,089 INFO  - Already have ACK (at simulation time 72.000,000,000 s)
2025-06-04 15:07:27,089 INFO  - Already have ACK (at simulation time 72.000,000,000 s)
2025-06-04 15:07:27,089 INFO  - Already have ACK (at simulation time 72.000,000,000 s)
2025-06-04 15:07:27,089 INFO  - Already have ACK (at simulation time 72.000,000,000 s)
2025-06-04 15:07:27,089 INFO  - Already have ACK (at simulation time 72.000,000,000 s)
2025-06-04 15:07:27,090 INFO  - Already have ACK (at simulation time 72.000,000,000 s)
2025-06-04 15:07:27,090 INFO  - Already have ACK (at simulation time 72.000,000,000 s)
2025-06-04 15:07:27,090 INFO  - Already have ACK (at simulation time 72.000,000,000 s)
2025-06-04 15:07:27,090 INFO  - Already have ACK (at simulation time 72.000,000,000 s)
2025-06-04 15:07:27,090 INFO  - Already have ACK (at simulation time 72.000,000,000 s)
2025-06-04 15:07:27,090 INFO  - Already have ACK (at simulation time 72.000,000,000 s)
2025-06-04 15:07:27,090 INFO  - Already have ACK (at simulation time 72.000,000,000 s)
2025-06-04 15:07:27,090 INFO  - Already have ACK (at simulation time 72.000,000,000 s)
2025-06-04 15:07:27,090 INFO  - Already have ACK (at simulation time 72.000,000,000 s)
2025-06-04 15:07:27,090 INFO  - Already have ACK (at simulation time 72.000,000,000 s)
2025-06-04 15:07:27,090 INFO  - Already have ACK (at simulation time 72.000,000,000 s)
2025-06-04 15:07:27,090 INFO  - Already have ACK (at simulation time 72.000,000,000 s)
2025-06-04 15:07:27,090 INFO  - Already have ACK (at simulation time 72.000,000,000 s)
2025-06-04 15:07:27,090 INFO  - Already have ACK (at simulation time 72.000,000,000 s)
2025-06-04 15:07:27,090 INFO  - Already have ACK (at simulation time 72.000,000,000 s)
2025-06-04 15:07:27,090 INFO  - Already have ACK (at simulation time 72.000,000,000 s)
2025-06-04 15:07:27,090 INFO  - Already have ACK (at simulation time 72.000,000,000 s)
2025-06-04 15:07:27,090 INFO  - Already have ACK (at simulation time 72.000,000,000 s)
2025-06-04 15:07:27,090 INFO  - Already have ACK (at simulation time 72.000,000,000 s)
2025-06-04 15:07:27,090 INFO  - Already have ACK (at simulation time 72.000,000,000 s)
2025-06-04 15:07:27,090 INFO  - Already have ACK (at simulation time 72.000,000,000 s)
2025-06-04 15:07:27,091 INFO  - Already have ACK (at simulation time 72.000,000,000 s)
2025-06-04 15:07:27,091 INFO  - Already have ACK (at simulation time 72.000,000,000 s)
2025-06-04 15:07:27,091 INFO  - Already have ACK (at simulation time 72.000,000,000 s)
2025-06-04 15:07:27,091 INFO  - Already have ACK (at simulation time 72.000,000,000 s)
2025-06-04 15:07:27,091 INFO  - Already have ACK (at simulation time 72.000,000,000 s)
2025-06-04 15:07:27,091 INFO  - Already have ACK (at simulation time 72.000,000,000 s)
2025-06-04 15:07:27,091 INFO  - Already have ACK (at simulation time 72.000,000,000 s)
2025-06-04 15:07:27,091 INFO  - Already have ACK (at simulation time 72.000,000,000 s)
2025-06-04 15:07:27,091 INFO  - Already have ACK (at simulation time 72.000,000,000 s)
2025-06-04 15:07:27,091 INFO  - Already have ACK (at simulation time 72.000,000,000 s)
2025-06-04 15:07:27,091 INFO  - Already have ACK (at simulation time 72.000,000,000 s)
2025-06-04 15:07:27,091 INFO  - Already have ACK (at simulation time 72.000,000,000 s)
2025-06-04 15:07:27,091 INFO  - Already have ACK (at simulation time 72.000,000,000 s)
2025-06-04 15:07:27,091 INFO  - Already have ACK (at simulation time 72.000,000,000 s)
2025-06-04 15:07:27,091 INFO  - Already have ACK (at simulation time 72.000,000,000 s)
2025-06-04 15:07:27,091 INFO  - Already have ACK (at simulation time 72.000,000,000 s)
2025-06-04 15:07:27,093 INFO  - Already have ACK (at simulation time 73.000,000,000 s)
2025-06-04 15:07:27,095 INFO  - Already have ACK (at simulation time 73.000,000,000 s)
2025-06-04 15:07:27,095 INFO  - Already have ACK (at simulation time 73.000,000,000 s)
2025-06-04 15:07:27,095 INFO  - Already have ACK (at simulation time 73.000,000,000 s)
2025-06-04 15:07:27,096 INFO  - Already have ACK (at simulation time 73.000,000,000 s)
2025-06-04 15:07:27,096 INFO  - Already have ACK (at simulation time 73.000,000,000 s)
2025-06-04 15:07:27,096 INFO  - Already have ACK (at simulation time 73.000,000,000 s)
2025-06-04 15:07:27,096 INFO  - Already have ACK (at simulation time 73.000,000,000 s)
2025-06-04 15:07:27,096 INFO  - Already have ACK (at simulation time 73.000,000,000 s)
2025-06-04 15:07:27,096 INFO  - Already have ACK (at simulation time 73.000,000,000 s)
2025-06-04 15:07:27,096 INFO  - Already have ACK (at simulation time 73.000,000,000 s)
2025-06-04 15:07:27,096 INFO  - Already have ACK (at simulation time 73.000,000,000 s)
2025-06-04 15:07:27,096 INFO  - Already have ACK (at simulation time 73.000,000,000 s)
2025-06-04 15:07:27,097 INFO  - Already have ACK (at simulation time 73.000,000,000 s)
2025-06-04 15:07:27,097 INFO  - Already have ACK (at simulation time 73.000,000,000 s)
2025-06-04 15:07:27,097 INFO  - Already have ACK (at simulation time 73.000,000,000 s)
2025-06-04 15:07:27,097 INFO  - Already have ACK (at simulation time 73.000,000,000 s)
2025-06-04 15:07:27,097 INFO  - Already have ACK (at simulation time 73.000,000,000 s)
2025-06-04 15:07:27,097 INFO  - Already have ACK (at simulation time 73.000,000,000 s)
2025-06-04 15:07:27,097 INFO  - Already have ACK (at simulation time 73.000,000,000 s)
2025-06-04 15:07:27,097 INFO  - Already have ACK (at simulation time 73.000,000,000 s)
2025-06-04 15:07:27,097 INFO  - Already have ACK (at simulation time 73.000,000,000 s)
2025-06-04 15:07:27,097 INFO  - Already have ACK (at simulation time 73.000,000,000 s)
2025-06-04 15:07:27,097 INFO  - Already have ACK (at simulation time 73.000,000,000 s)
2025-06-04 15:07:27,097 INFO  - Already have ACK (at simulation time 73.000,000,000 s)
2025-06-04 15:07:27,098 INFO  - Already have ACK (at simulation time 73.000,000,000 s)
2025-06-04 15:07:27,098 INFO  - Already have ACK (at simulation time 73.000,000,000 s)
2025-06-04 15:07:27,098 INFO  - Already have ACK (at simulation time 73.000,000,000 s)
2025-06-04 15:07:27,098 INFO  - Already have ACK (at simulation time 73.000,000,000 s)
2025-06-04 15:07:27,098 INFO  - Already have ACK (at simulation time 73.000,000,000 s)
2025-06-04 15:07:27,098 INFO  - Already have ACK (at simulation time 73.000,000,000 s)
2025-06-04 15:07:27,098 INFO  - Already have ACK (at simulation time 73.000,000,000 s)
2025-06-04 15:07:27,098 INFO  - Already have ACK (at simulation time 73.000,000,000 s)
2025-06-04 15:07:27,098 INFO  - Already have ACK (at simulation time 73.000,000,000 s)
2025-06-04 15:07:27,098 INFO  - Already have ACK (at simulation time 73.000,000,000 s)
2025-06-04 15:07:27,098 INFO  - Already have ACK (at simulation time 73.000,000,000 s)
2025-06-04 15:07:27,098 INFO  - Already have ACK (at simulation time 73.000,000,000 s)
2025-06-04 15:07:27,098 INFO  - Already have ACK (at simulation time 73.000,000,000 s)
2025-06-04 15:07:27,099 INFO  - Already have ACK (at simulation time 73.000,000,000 s)
2025-06-04 15:07:27,099 INFO  - Already have ACK (at simulation time 73.000,000,000 s)
2025-06-04 15:07:27,099 INFO  - Already have ACK (at simulation time 73.000,000,000 s)
2025-06-04 15:07:27,099 INFO  - Already have ACK (at simulation time 73.000,000,000 s)
2025-06-04 15:07:27,099 INFO  - Already have ACK (at simulation time 73.000,000,000 s)
2025-06-04 15:07:27,099 INFO  - Already have ACK (at simulation time 73.000,000,000 s)
2025-06-04 15:07:27,099 INFO  - Already have ACK (at simulation time 73.000,000,000 s)
2025-06-04 15:07:27,099 INFO  - Already have ACK (at simulation time 73.000,000,000 s)
2025-06-04 15:07:27,099 INFO  - Already have ACK (at simulation time 73.000,000,000 s)
2025-06-04 15:07:27,099 INFO  - Already have ACK (at simulation time 73.000,000,000 s)
2025-06-04 15:07:27,099 INFO  - Already have ACK (at simulation time 73.000,000,000 s)
2025-06-04 15:07:27,099 INFO  - Already have ACK (at simulation time 73.000,000,000 s)
2025-06-04 15:07:27,099 INFO  - Already have ACK (at simulation time 73.000,000,000 s)
2025-06-04 15:07:27,099 INFO  - Already have ACK (at simulation time 73.000,000,000 s)
2025-06-04 15:07:27,099 INFO  - Already have ACK (at simulation time 73.000,000,000 s)
2025-06-04 15:07:27,099 INFO  - Already have ACK (at simulation time 73.000,000,000 s)
2025-06-04 15:07:27,099 INFO  - Already have ACK (at simulation time 73.000,000,000 s)
2025-06-04 15:07:27,099 INFO  - Already have ACK (at simulation time 73.000,000,000 s)
2025-06-04 15:07:27,099 INFO  - Already have ACK (at simulation time 73.000,000,000 s)
2025-06-04 15:07:27,099 INFO  - Already have ACK (at simulation time 73.000,000,000 s)
2025-06-04 15:07:27,099 INFO  - Already have ACK (at simulation time 73.000,000,000 s)
2025-06-04 15:07:27,099 INFO  - Already have ACK (at simulation time 73.000,000,000 s)
2025-06-04 15:07:27,099 INFO  - Already have ACK (at simulation time 73.000,000,000 s)
2025-06-04 15:07:27,099 INFO  - Already have ACK (at simulation time 73.000,000,000 s)
2025-06-04 15:07:27,099 INFO  - Already have ACK (at simulation time 73.000,000,000 s)
2025-06-04 15:07:27,099 INFO  - Already have ACK (at simulation time 73.000,000,000 s)
2025-06-04 15:07:27,099 INFO  - Already have ACK (at simulation time 73.000,000,000 s)
2025-06-04 15:07:27,099 INFO  - Already have ACK (at simulation time 73.000,000,000 s)
2025-06-04 15:07:27,099 INFO  - Already have ACK (at simulation time 73.000,000,000 s)
2025-06-04 15:07:27,099 INFO  - Already have ACK (at simulation time 73.000,000,000 s)
2025-06-04 15:07:27,100 INFO  - Resent to veh_7 - GreenWaveMsg origin in veh_11 (at simulation time 73.001,400,000 s)
2025-06-04 15:07:27,103 INFO  - Already have ACK (at simulation time 74.000,000,000 s)
2025-06-04 15:07:27,104 INFO  - Already have ACK (at simulation time 74.000,000,000 s)
2025-06-04 15:07:27,104 INFO  - Already have ACK (at simulation time 74.000,000,000 s)
2025-06-04 15:07:27,104 INFO  - Already have ACK (at simulation time 74.000,000,000 s)
2025-06-04 15:07:27,104 INFO  - Already have ACK (at simulation time 74.000,000,000 s)
2025-06-04 15:07:27,104 INFO  - Already have ACK (at simulation time 74.000,000,000 s)
2025-06-04 15:07:27,105 INFO  - Already have ACK (at simulation time 74.000,000,000 s)
2025-06-04 15:07:27,105 INFO  - Already have ACK (at simulation time 74.000,000,000 s)
2025-06-04 15:07:27,105 INFO  - Already have ACK (at simulation time 74.000,000,000 s)
2025-06-04 15:07:27,105 INFO  - Already have ACK (at simulation time 74.000,000,000 s)
2025-06-04 15:07:27,105 INFO  - Already have ACK (at simulation time 74.000,000,000 s)
2025-06-04 15:07:27,105 INFO  - Already have ACK (at simulation time 74.000,000,000 s)
2025-06-04 15:07:27,105 INFO  - Already have ACK (at simulation time 74.000,000,000 s)
2025-06-04 15:07:27,105 INFO  - Already have ACK (at simulation time 74.000,000,000 s)
2025-06-04 15:07:27,105 INFO  - Already have ACK (at simulation time 74.000,000,000 s)
2025-06-04 15:07:27,105 INFO  - Already have ACK (at simulation time 74.000,000,000 s)
2025-06-04 15:07:27,106 INFO  - Already have ACK (at simulation time 74.000,000,000 s)
2025-06-04 15:07:27,106 INFO  - Already have ACK (at simulation time 74.000,000,000 s)
2025-06-04 15:07:27,106 INFO  - Already have ACK (at simulation time 74.000,000,000 s)
2025-06-04 15:07:27,106 INFO  - Already have ACK (at simulation time 74.000,000,000 s)
2025-06-04 15:07:27,106 INFO  - Already have ACK (at simulation time 74.000,000,000 s)
2025-06-04 15:07:27,106 INFO  - Already have ACK (at simulation time 74.000,000,000 s)
2025-06-04 15:07:27,106 INFO  - Already have ACK (at simulation time 74.000,000,000 s)
2025-06-04 15:07:27,106 INFO  - Already have ACK (at simulation time 74.000,000,000 s)
2025-06-04 15:07:27,106 INFO  - Already have ACK (at simulation time 74.000,000,000 s)
2025-06-04 15:07:27,106 INFO  - Already have ACK (at simulation time 74.000,000,000 s)
2025-06-04 15:07:27,106 INFO  - Already have ACK (at simulation time 74.000,000,000 s)
2025-06-04 15:07:27,107 INFO  - Already have ACK (at simulation time 74.000,000,000 s)
2025-06-04 15:07:27,107 INFO  - Already have ACK (at simulation time 74.000,000,000 s)
2025-06-04 15:07:27,107 INFO  - Already have ACK (at simulation time 74.000,000,000 s)
2025-06-04 15:07:27,107 INFO  - Already have ACK (at simulation time 74.000,000,000 s)
2025-06-04 15:07:27,107 INFO  - Already have ACK (at simulation time 74.000,000,000 s)
2025-06-04 15:07:27,107 INFO  - Already have ACK (at simulation time 74.000,000,000 s)
2025-06-04 15:07:27,107 INFO  - Already have ACK (at simulation time 74.000,000,000 s)
2025-06-04 15:07:27,107 INFO  - Already have ACK (at simulation time 74.000,000,000 s)
2025-06-04 15:07:27,107 INFO  - Already have ACK (at simulation time 74.000,000,000 s)
2025-06-04 15:07:27,107 INFO  - Already have ACK (at simulation time 74.000,000,000 s)
2025-06-04 15:07:27,107 INFO  - Already have ACK (at simulation time 74.000,000,000 s)
2025-06-04 15:07:27,107 INFO  - Already have ACK (at simulation time 74.000,000,000 s)
2025-06-04 15:07:27,107 INFO  - Already have ACK (at simulation time 74.000,000,000 s)
2025-06-04 15:07:27,107 INFO  - Already have ACK (at simulation time 74.000,000,000 s)
2025-06-04 15:07:27,108 INFO  - Already have ACK (at simulation time 74.000,000,000 s)
2025-06-04 15:07:27,108 INFO  - Already have ACK (at simulation time 74.000,000,000 s)
2025-06-04 15:07:27,108 INFO  - Already have ACK (at simulation time 74.000,000,000 s)
2025-06-04 15:07:27,108 INFO  - Already have ACK (at simulation time 74.000,000,000 s)
2025-06-04 15:07:27,108 INFO  - Already have ACK (at simulation time 74.000,000,000 s)
2025-06-04 15:07:27,108 INFO  - Already have ACK (at simulation time 74.000,000,000 s)
2025-06-04 15:07:27,108 INFO  - Already have ACK (at simulation time 74.000,000,000 s)
2025-06-04 15:07:27,108 INFO  - Already have ACK (at simulation time 74.000,000,000 s)
2025-06-04 15:07:27,108 INFO  - Already have ACK (at simulation time 74.000,000,000 s)
2025-06-04 15:07:27,108 INFO  - Already have ACK (at simulation time 74.000,000,000 s)
2025-06-04 15:07:27,108 INFO  - Already have ACK (at simulation time 74.000,000,000 s)
2025-06-04 15:07:27,108 INFO  - Already have ACK (at simulation time 74.000,000,000 s)
2025-06-04 15:07:27,108 INFO  - Already have ACK (at simulation time 74.000,000,000 s)
2025-06-04 15:07:27,108 INFO  - Already have ACK (at simulation time 74.000,000,000 s)
2025-06-04 15:07:27,108 INFO  - Already have ACK (at simulation time 74.000,000,000 s)
2025-06-04 15:07:27,108 INFO  - Already have ACK (at simulation time 74.000,000,000 s)
2025-06-04 15:07:27,108 INFO  - Already have ACK (at simulation time 74.000,000,000 s)
2025-06-04 15:07:27,108 INFO  - Already have ACK (at simulation time 74.000,000,000 s)
2025-06-04 15:07:27,108 INFO  - Already have ACK (at simulation time 74.000,000,000 s)
2025-06-04 15:07:27,108 INFO  - Already have ACK (at simulation time 74.000,000,000 s)
2025-06-04 15:07:27,108 INFO  - Already have ACK (at simulation time 74.000,000,000 s)
2025-06-04 15:07:27,108 INFO  - Already have ACK (at simulation time 74.000,000,000 s)
2025-06-04 15:07:27,108 INFO  - Already have ACK (at simulation time 74.000,000,000 s)
2025-06-04 15:07:27,108 INFO  - Already have ACK (at simulation time 74.000,000,000 s)
2025-06-04 15:07:27,108 INFO  - Already have ACK (at simulation time 74.000,000,000 s)
2025-06-04 15:07:27,108 INFO  - Already have ACK (at simulation time 74.000,000,000 s)
2025-06-04 15:07:27,108 INFO  - Already have ACK (at simulation time 74.000,000,000 s)
2025-06-04 15:07:27,108 INFO  - Already have ACK (at simulation time 74.000,000,000 s)
2025-06-04 15:07:27,111 INFO  - Already have ACK (at simulation time 75.000,000,000 s)
2025-06-04 15:07:27,112 INFO  - Already have ACK (at simulation time 75.000,000,000 s)
2025-06-04 15:07:27,112 INFO  - Already have ACK (at simulation time 75.000,000,000 s)
2025-06-04 15:07:27,112 INFO  - Already have ACK (at simulation time 75.000,000,000 s)
2025-06-04 15:07:27,112 INFO  - Already have ACK (at simulation time 75.000,000,000 s)
2025-06-04 15:07:27,112 INFO  - Already have ACK (at simulation time 75.000,000,000 s)
2025-06-04 15:07:27,112 INFO  - Already have ACK (at simulation time 75.000,000,000 s)
2025-06-04 15:07:27,112 INFO  - Already have ACK (at simulation time 75.000,000,000 s)
2025-06-04 15:07:27,112 INFO  - Already have ACK (at simulation time 75.000,000,000 s)
2025-06-04 15:07:27,113 INFO  - Already have ACK (at simulation time 75.000,000,000 s)
2025-06-04 15:07:27,113 INFO  - Already have ACK (at simulation time 75.000,000,000 s)
2025-06-04 15:07:27,113 INFO  - Already have ACK (at simulation time 75.000,000,000 s)
2025-06-04 15:07:27,113 INFO  - Already have ACK (at simulation time 75.000,000,000 s)
2025-06-04 15:07:27,113 INFO  - Already have ACK (at simulation time 75.000,000,000 s)
2025-06-04 15:07:27,113 INFO  - Already have ACK (at simulation time 75.000,000,000 s)
2025-06-04 15:07:27,113 INFO  - Already have ACK (at simulation time 75.000,000,000 s)
2025-06-04 15:07:27,113 INFO  - Already have ACK (at simulation time 75.000,000,000 s)
2025-06-04 15:07:27,113 INFO  - Already have ACK (at simulation time 75.000,000,000 s)
2025-06-04 15:07:27,113 INFO  - Already have ACK (at simulation time 75.000,000,000 s)
2025-06-04 15:07:27,114 INFO  - Already have ACK (at simulation time 75.000,000,000 s)
2025-06-04 15:07:27,114 INFO  - Already have ACK (at simulation time 75.000,000,000 s)
2025-06-04 15:07:27,114 INFO  - Already have ACK (at simulation time 75.000,000,000 s)
2025-06-04 15:07:27,114 INFO  - Already have ACK (at simulation time 75.000,000,000 s)
2025-06-04 15:07:27,114 INFO  - Already have ACK (at simulation time 75.000,000,000 s)
2025-06-04 15:07:27,114 INFO  - Already have ACK (at simulation time 75.000,000,000 s)
2025-06-04 15:07:27,114 INFO  - Already have ACK (at simulation time 75.000,000,000 s)
2025-06-04 15:07:27,114 INFO  - Already have ACK (at simulation time 75.000,000,000 s)
2025-06-04 15:07:27,114 INFO  - Already have ACK (at simulation time 75.000,000,000 s)
2025-06-04 15:07:27,114 INFO  - Already have ACK (at simulation time 75.000,000,000 s)
2025-06-04 15:07:27,114 INFO  - Already have ACK (at simulation time 75.000,000,000 s)
2025-06-04 15:07:27,114 INFO  - Already have ACK (at simulation time 75.000,000,000 s)
2025-06-04 15:07:27,114 INFO  - Already have ACK (at simulation time 75.000,000,000 s)
2025-06-04 15:07:27,115 INFO  - Already have ACK (at simulation time 75.000,000,000 s)
2025-06-04 15:07:27,115 INFO  - Already have ACK (at simulation time 75.000,000,000 s)
2025-06-04 15:07:27,115 INFO  - Already have ACK (at simulation time 75.000,000,000 s)
2025-06-04 15:07:27,115 INFO  - Already have ACK (at simulation time 75.000,000,000 s)
2025-06-04 15:07:27,115 INFO  - Already have ACK (at simulation time 75.000,000,000 s)
2025-06-04 15:07:27,115 INFO  - Already have ACK (at simulation time 75.000,000,000 s)
2025-06-04 15:07:27,115 INFO  - Already have ACK (at simulation time 75.000,000,000 s)
2025-06-04 15:07:27,115 INFO  - Already have ACK (at simulation time 75.000,000,000 s)
2025-06-04 15:07:27,115 INFO  - Already have ACK (at simulation time 75.000,000,000 s)
2025-06-04 15:07:27,115 INFO  - Already have ACK (at simulation time 75.000,000,000 s)
2025-06-04 15:07:27,115 INFO  - Already have ACK (at simulation time 75.000,000,000 s)
2025-06-04 15:07:27,115 INFO  - Already have ACK (at simulation time 75.000,000,000 s)
2025-06-04 15:07:27,115 INFO  - Already have ACK (at simulation time 75.000,000,000 s)
2025-06-04 15:07:27,115 INFO  - Already have ACK (at simulation time 75.000,000,000 s)
2025-06-04 15:07:27,115 INFO  - Already have ACK (at simulation time 75.000,000,000 s)
2025-06-04 15:07:27,115 INFO  - Already have ACK (at simulation time 75.000,000,000 s)
2025-06-04 15:07:27,115 INFO  - Already have ACK (at simulation time 75.000,000,000 s)
2025-06-04 15:07:27,115 INFO  - Already have ACK (at simulation time 75.000,000,000 s)
2025-06-04 15:07:27,115 INFO  - Already have ACK (at simulation time 75.000,000,000 s)
2025-06-04 15:07:27,115 INFO  - Already have ACK (at simulation time 75.000,000,000 s)
2025-06-04 15:07:27,116 INFO  - Already have ACK (at simulation time 75.000,000,000 s)
2025-06-04 15:07:27,116 INFO  - Already have ACK (at simulation time 75.000,000,000 s)
2025-06-04 15:07:27,116 INFO  - Already have ACK (at simulation time 75.000,000,000 s)
2025-06-04 15:07:27,116 INFO  - Already have ACK (at simulation time 75.000,000,000 s)
2025-06-04 15:07:27,116 INFO  - Already have ACK (at simulation time 75.000,000,000 s)
2025-06-04 15:07:27,116 INFO  - Already have ACK (at simulation time 75.000,000,000 s)
2025-06-04 15:07:27,116 INFO  - Already have ACK (at simulation time 75.000,000,000 s)
2025-06-04 15:07:27,116 INFO  - Already have ACK (at simulation time 75.000,000,000 s)
2025-06-04 15:07:27,116 INFO  - Already have ACK (at simulation time 75.000,000,000 s)
2025-06-04 15:07:27,116 INFO  - Already have ACK (at simulation time 75.000,000,000 s)
2025-06-04 15:07:27,116 INFO  - Already have ACK (at simulation time 75.000,000,000 s)
2025-06-04 15:07:27,116 INFO  - Already have ACK (at simulation time 75.000,000,000 s)
2025-06-04 15:07:27,116 INFO  - Already have ACK (at simulation time 75.000,000,000 s)
2025-06-04 15:07:27,116 INFO  - Already have ACK (at simulation time 75.000,000,000 s)
2025-06-04 15:07:27,116 INFO  - Already have ACK (at simulation time 75.000,000,000 s)
2025-06-04 15:07:27,116 INFO  - Already have ACK (at simulation time 75.000,000,000 s)
2025-06-04 15:07:27,116 INFO  - Already have ACK (at simulation time 75.000,000,000 s)
2025-06-04 15:07:27,116 INFO  - Already have ACK (at simulation time 75.000,000,000 s)
2025-06-04 15:07:27,118 INFO  - Sent periodic GreenWaveMsg: veh_1 on route r_1 (at simulation time 76.000,000,000 s)
2025-06-04 15:07:27,118 INFO  - Already have ACK (at simulation time 76.000,000,000 s)
2025-06-04 15:07:27,119 INFO  - Already have ACK (at simulation time 76.000,000,000 s)
2025-06-04 15:07:27,119 INFO  - Already have ACK (at simulation time 76.000,000,000 s)
2025-06-04 15:07:27,119 INFO  - Already have ACK (at simulation time 76.000,000,000 s)
2025-06-04 15:07:27,119 INFO  - Already have ACK (at simulation time 76.000,000,000 s)
2025-06-04 15:07:27,119 INFO  - Already have ACK (at simulation time 76.000,000,000 s)
2025-06-04 15:07:27,119 INFO  - Already have ACK (at simulation time 76.000,000,000 s)
2025-06-04 15:07:27,119 INFO  - Already have ACK (at simulation time 76.000,000,000 s)
2025-06-04 15:07:27,119 INFO  - Already have ACK (at simulation time 76.000,000,000 s)
2025-06-04 15:07:27,120 INFO  - Already have ACK (at simulation time 76.000,000,000 s)
2025-06-04 15:07:27,120 INFO  - Already have ACK (at simulation time 76.000,000,000 s)
2025-06-04 15:07:27,120 INFO  - Already have ACK (at simulation time 76.000,000,000 s)
2025-06-04 15:07:27,120 INFO  - Already have ACK (at simulation time 76.000,000,000 s)
2025-06-04 15:07:27,120 INFO  - Already have ACK (at simulation time 76.000,000,000 s)
2025-06-04 15:07:27,120 INFO  - Already have ACK (at simulation time 76.000,000,000 s)
2025-06-04 15:07:27,120 INFO  - Already have ACK (at simulation time 76.000,000,000 s)
2025-06-04 15:07:27,120 INFO  - Already have ACK (at simulation time 76.000,000,000 s)
2025-06-04 15:07:27,120 INFO  - Already have ACK (at simulation time 76.000,000,000 s)
2025-06-04 15:07:27,120 INFO  - Already have ACK (at simulation time 76.000,000,000 s)
2025-06-04 15:07:27,121 INFO  - Already have ACK (at simulation time 76.000,000,000 s)
2025-06-04 15:07:27,121 INFO  - Already have ACK (at simulation time 76.000,000,000 s)
2025-06-04 15:07:27,121 INFO  - Already have ACK (at simulation time 76.000,000,000 s)
2025-06-04 15:07:27,121 INFO  - Already have ACK (at simulation time 76.000,000,000 s)
2025-06-04 15:07:27,121 INFO  - Already have ACK (at simulation time 76.000,000,000 s)
2025-06-04 15:07:27,121 INFO  - Already have ACK (at simulation time 76.000,000,000 s)
2025-06-04 15:07:27,121 INFO  - Already have ACK (at simulation time 76.000,000,000 s)
2025-06-04 15:07:27,121 INFO  - Already have ACK (at simulation time 76.000,000,000 s)
2025-06-04 15:07:27,121 INFO  - Already have ACK (at simulation time 76.000,000,000 s)
2025-06-04 15:07:27,121 INFO  - Already have ACK (at simulation time 76.000,000,000 s)
2025-06-04 15:07:27,121 INFO  - Already have ACK (at simulation time 76.000,000,000 s)
2025-06-04 15:07:27,121 INFO  - Already have ACK (at simulation time 76.000,000,000 s)
2025-06-04 15:07:27,121 INFO  - Already have ACK (at simulation time 76.000,000,000 s)
2025-06-04 15:07:27,122 INFO  - Already have ACK (at simulation time 76.000,000,000 s)
2025-06-04 15:07:27,122 INFO  - Already have ACK (at simulation time 76.000,000,000 s)
2025-06-04 15:07:27,122 INFO  - Already have ACK (at simulation time 76.000,000,000 s)
2025-06-04 15:07:27,122 INFO  - Already have ACK (at simulation time 76.000,000,000 s)
2025-06-04 15:07:27,122 INFO  - Already have ACK (at simulation time 76.000,000,000 s)
2025-06-04 15:07:27,122 INFO  - Already have ACK (at simulation time 76.000,000,000 s)
2025-06-04 15:07:27,122 INFO  - Already have ACK (at simulation time 76.000,000,000 s)
2025-06-04 15:07:27,122 INFO  - Already have ACK (at simulation time 76.000,000,000 s)
2025-06-04 15:07:27,122 INFO  - Already have ACK (at simulation time 76.000,000,000 s)
2025-06-04 15:07:27,122 INFO  - Already have ACK (at simulation time 76.000,000,000 s)
2025-06-04 15:07:27,122 INFO  - Already have ACK (at simulation time 76.000,000,000 s)
2025-06-04 15:07:27,122 INFO  - Already have ACK (at simulation time 76.000,000,000 s)
2025-06-04 15:07:27,122 INFO  - Already have ACK (at simulation time 76.000,000,000 s)
2025-06-04 15:07:27,122 INFO  - Already have ACK (at simulation time 76.000,000,000 s)
2025-06-04 15:07:27,122 INFO  - Already have ACK (at simulation time 76.000,000,000 s)
2025-06-04 15:07:27,122 INFO  - Already have ACK (at simulation time 76.000,000,000 s)
2025-06-04 15:07:27,122 INFO  - Already have ACK (at simulation time 76.000,000,000 s)
2025-06-04 15:07:27,122 INFO  - Already have ACK (at simulation time 76.000,000,000 s)
2025-06-04 15:07:27,123 INFO  - Already have ACK (at simulation time 76.000,000,000 s)
2025-06-04 15:07:27,123 INFO  - Already have ACK (at simulation time 76.000,000,000 s)
2025-06-04 15:07:27,123 INFO  - Already have ACK (at simulation time 76.000,000,000 s)
2025-06-04 15:07:27,123 INFO  - Already have ACK (at simulation time 76.000,000,000 s)
2025-06-04 15:07:27,123 INFO  - Already have ACK (at simulation time 76.000,000,000 s)
2025-06-04 15:07:27,123 INFO  - Already have ACK (at simulation time 76.000,000,000 s)
2025-06-04 15:07:27,123 INFO  - Already have ACK (at simulation time 76.000,000,000 s)
2025-06-04 15:07:27,123 INFO  - Already have ACK (at simulation time 76.000,000,000 s)
2025-06-04 15:07:27,123 INFO  - Already have ACK (at simulation time 76.000,000,000 s)
2025-06-04 15:07:27,123 INFO  - Already have ACK (at simulation time 76.000,000,000 s)
2025-06-04 15:07:27,123 INFO  - Already have ACK (at simulation time 76.000,000,000 s)
2025-06-04 15:07:27,123 INFO  - Already have ACK (at simulation time 76.000,000,000 s)
2025-06-04 15:07:27,123 INFO  - Already have ACK (at simulation time 76.000,000,000 s)
2025-06-04 15:07:27,123 INFO  - Already have ACK (at simulation time 76.000,000,000 s)
2025-06-04 15:07:27,123 INFO  - Already have ACK (at simulation time 76.000,000,000 s)
2025-06-04 15:07:27,123 INFO  - Already have ACK (at simulation time 76.000,000,000 s)
2025-06-04 15:07:27,123 INFO  - Already have ACK (at simulation time 76.000,000,000 s)
2025-06-04 15:07:27,123 INFO  - Already have ACK (at simulation time 76.000,000,000 s)
2025-06-04 15:07:27,123 INFO  - Already have ACK (at simulation time 76.000,000,000 s)
2025-06-04 15:07:27,123 INFO  - Already have ACK (at simulation time 76.000,000,000 s)
2025-06-04 15:07:27,123 INFO  - Already have ACK (at simulation time 76.000,000,000 s)
2025-06-04 15:07:27,124 INFO  - Received ACK with origin at RSU from rsu_0 at 76001800000 (at simulation time 76.001,800,000 s)
2025-06-04 15:07:27,126 INFO  - Already have ACK (at simulation time 77.000,000,000 s)
2025-06-04 15:07:27,127 INFO  - Already have ACK (at simulation time 77.000,000,000 s)
2025-06-04 15:07:27,127 INFO  - Already have ACK (at simulation time 77.000,000,000 s)
2025-06-04 15:07:27,127 INFO  - Already have ACK (at simulation time 77.000,000,000 s)
2025-06-04 15:07:27,127 INFO  - Already have ACK (at simulation time 77.000,000,000 s)
2025-06-04 15:07:27,127 INFO  - Already have ACK (at simulation time 77.000,000,000 s)
2025-06-04 15:07:27,127 INFO  - Already have ACK (at simulation time 77.000,000,000 s)
2025-06-04 15:07:27,127 INFO  - Already have ACK (at simulation time 77.000,000,000 s)
2025-06-04 15:07:27,127 INFO  - Already have ACK (at simulation time 77.000,000,000 s)
2025-06-04 15:07:27,127 INFO  - Already have ACK (at simulation time 77.000,000,000 s)
2025-06-04 15:07:27,128 INFO  - Already have ACK (at simulation time 77.000,000,000 s)
2025-06-04 15:07:27,128 INFO  - Already have ACK (at simulation time 77.000,000,000 s)
2025-06-04 15:07:27,128 INFO  - Already have ACK (at simulation time 77.000,000,000 s)
2025-06-04 15:07:27,128 INFO  - Already have ACK (at simulation time 77.000,000,000 s)
2025-06-04 15:07:27,128 INFO  - Already have ACK (at simulation time 77.000,000,000 s)
2025-06-04 15:07:27,128 INFO  - Already have ACK (at simulation time 77.000,000,000 s)
2025-06-04 15:07:27,128 INFO  - Already have ACK (at simulation time 77.000,000,000 s)
2025-06-04 15:07:27,128 INFO  - Already have ACK (at simulation time 77.000,000,000 s)
2025-06-04 15:07:27,129 INFO  - Already have ACK (at simulation time 77.000,000,000 s)
2025-06-04 15:07:27,129 INFO  - Already have ACK (at simulation time 77.000,000,000 s)
2025-06-04 15:07:27,129 INFO  - Already have ACK (at simulation time 77.000,000,000 s)
2025-06-04 15:07:27,129 INFO  - Already have ACK (at simulation time 77.000,000,000 s)
2025-06-04 15:07:27,129 INFO  - Already have ACK (at simulation time 77.000,000,000 s)
2025-06-04 15:07:27,129 INFO  - Already have ACK (at simulation time 77.000,000,000 s)
2025-06-04 15:07:27,129 INFO  - Already have ACK (at simulation time 77.000,000,000 s)
2025-06-04 15:07:27,129 INFO  - Already have ACK (at simulation time 77.000,000,000 s)
2025-06-04 15:07:27,129 INFO  - Already have ACK (at simulation time 77.000,000,000 s)
2025-06-04 15:07:27,129 INFO  - Already have ACK (at simulation time 77.000,000,000 s)
2025-06-04 15:07:27,129 INFO  - Already have ACK (at simulation time 77.000,000,000 s)
2025-06-04 15:07:27,129 INFO  - Already have ACK (at simulation time 77.000,000,000 s)
2025-06-04 15:07:27,130 INFO  - Already have ACK (at simulation time 77.000,000,000 s)
2025-06-04 15:07:27,130 INFO  - Already have ACK (at simulation time 77.000,000,000 s)
2025-06-04 15:07:27,130 INFO  - Already have ACK (at simulation time 77.000,000,000 s)
2025-06-04 15:07:27,130 INFO  - Already have ACK (at simulation time 77.000,000,000 s)
2025-06-04 15:07:27,130 INFO  - Already have ACK (at simulation time 77.000,000,000 s)
2025-06-04 15:07:27,130 INFO  - Already have ACK (at simulation time 77.000,000,000 s)
2025-06-04 15:07:27,130 INFO  - Already have ACK (at simulation time 77.000,000,000 s)
2025-06-04 15:07:27,130 INFO  - Already have ACK (at simulation time 77.000,000,000 s)
2025-06-04 15:07:27,130 INFO  - Already have ACK (at simulation time 77.000,000,000 s)
2025-06-04 15:07:27,130 INFO  - Already have ACK (at simulation time 77.000,000,000 s)
2025-06-04 15:07:27,130 INFO  - Already have ACK (at simulation time 77.000,000,000 s)
2025-06-04 15:07:27,130 INFO  - Already have ACK (at simulation time 77.000,000,000 s)
2025-06-04 15:07:27,130 INFO  - Already have ACK (at simulation time 77.000,000,000 s)
2025-06-04 15:07:27,130 INFO  - Already have ACK (at simulation time 77.000,000,000 s)
2025-06-04 15:07:27,130 INFO  - Already have ACK (at simulation time 77.000,000,000 s)
2025-06-04 15:07:27,130 INFO  - Already have ACK (at simulation time 77.000,000,000 s)
2025-06-04 15:07:27,130 INFO  - Already have ACK (at simulation time 77.000,000,000 s)
2025-06-04 15:07:27,130 INFO  - Already have ACK (at simulation time 77.000,000,000 s)
2025-06-04 15:07:27,131 INFO  - Already have ACK (at simulation time 77.000,000,000 s)
2025-06-04 15:07:27,131 INFO  - Already have ACK (at simulation time 77.000,000,000 s)
2025-06-04 15:07:27,131 INFO  - Already have ACK (at simulation time 77.000,000,000 s)
2025-06-04 15:07:27,131 INFO  - Already have ACK (at simulation time 77.000,000,000 s)
2025-06-04 15:07:27,131 INFO  - Already have ACK (at simulation time 77.000,000,000 s)
2025-06-04 15:07:27,131 INFO  - Already have ACK (at simulation time 77.000,000,000 s)
2025-06-04 15:07:27,131 INFO  - Already have ACK (at simulation time 77.000,000,000 s)
2025-06-04 15:07:27,131 INFO  - Already have ACK (at simulation time 77.000,000,000 s)
2025-06-04 15:07:27,131 INFO  - Already have ACK (at simulation time 77.000,000,000 s)
2025-06-04 15:07:27,131 INFO  - Already have ACK (at simulation time 77.000,000,000 s)
2025-06-04 15:07:27,131 INFO  - Already have ACK (at simulation time 77.000,000,000 s)
2025-06-04 15:07:27,131 INFO  - Already have ACK (at simulation time 77.000,000,000 s)
2025-06-04 15:07:27,131 INFO  - Already have ACK (at simulation time 77.000,000,000 s)
2025-06-04 15:07:27,131 INFO  - Already have ACK (at simulation time 77.000,000,000 s)
2025-06-04 15:07:27,131 INFO  - Already have ACK (at simulation time 77.000,000,000 s)
2025-06-04 15:07:27,131 INFO  - Already have ACK (at simulation time 77.000,000,000 s)
2025-06-04 15:07:27,131 INFO  - Already have ACK (at simulation time 77.000,000,000 s)
2025-06-04 15:07:27,131 INFO  - Already have ACK (at simulation time 77.000,000,000 s)
2025-06-04 15:07:27,131 INFO  - Already have ACK (at simulation time 77.000,000,000 s)
2025-06-04 15:07:27,131 INFO  - Already have ACK (at simulation time 77.000,000,000 s)
2025-06-04 15:07:27,131 INFO  - Already have ACK (at simulation time 77.000,000,000 s)
2025-06-04 15:07:27,131 INFO  - Already have ACK (at simulation time 77.000,000,000 s)
2025-06-04 15:07:27,131 INFO  - Already have ACK (at simulation time 77.000,000,000 s)
2025-06-04 15:07:27,131 INFO  - Already have ACK (at simulation time 77.000,000,000 s)
2025-06-04 15:07:27,142 INFO  - Already have ACK (at simulation time 78.000,000,000 s)
2025-06-04 15:07:27,143 INFO  - Already have ACK (at simulation time 78.000,000,000 s)
2025-06-04 15:07:27,143 INFO  - Already have ACK (at simulation time 78.000,000,000 s)
2025-06-04 15:07:27,143 INFO  - Already have ACK (at simulation time 78.000,000,000 s)
2025-06-04 15:07:27,143 INFO  - Already have ACK (at simulation time 78.000,000,000 s)
2025-06-04 15:07:27,143 INFO  - Already have ACK (at simulation time 78.000,000,000 s)
2025-06-04 15:07:27,144 INFO  - Already have ACK (at simulation time 78.000,000,000 s)
2025-06-04 15:07:27,144 INFO  - Already have ACK (at simulation time 78.000,000,000 s)
2025-06-04 15:07:27,144 INFO  - Already have ACK (at simulation time 78.000,000,000 s)
2025-06-04 15:07:27,144 INFO  - Already have ACK (at simulation time 78.000,000,000 s)
2025-06-04 15:07:27,144 INFO  - Already have ACK (at simulation time 78.000,000,000 s)
2025-06-04 15:07:27,144 INFO  - Already have ACK (at simulation time 78.000,000,000 s)
2025-06-04 15:07:27,144 INFO  - Already have ACK (at simulation time 78.000,000,000 s)
2025-06-04 15:07:27,144 INFO  - Already have ACK (at simulation time 78.000,000,000 s)
2025-06-04 15:07:27,144 INFO  - Already have ACK (at simulation time 78.000,000,000 s)
2025-06-04 15:07:27,144 INFO  - Already have ACK (at simulation time 78.000,000,000 s)
2025-06-04 15:07:27,145 INFO  - Already have ACK (at simulation time 78.000,000,000 s)
2025-06-04 15:07:27,145 INFO  - Already have ACK (at simulation time 78.000,000,000 s)
2025-06-04 15:07:27,145 INFO  - Already have ACK (at simulation time 78.000,000,000 s)
2025-06-04 15:07:27,145 INFO  - Already have ACK (at simulation time 78.000,000,000 s)
2025-06-04 15:07:27,145 INFO  - Already have ACK (at simulation time 78.000,000,000 s)
2025-06-04 15:07:27,145 INFO  - Already have ACK (at simulation time 78.000,000,000 s)
2025-06-04 15:07:27,145 INFO  - Already have ACK (at simulation time 78.000,000,000 s)
2025-06-04 15:07:27,145 INFO  - Already have ACK (at simulation time 78.000,000,000 s)
2025-06-04 15:07:27,145 INFO  - Already have ACK (at simulation time 78.000,000,000 s)
2025-06-04 15:07:27,145 INFO  - Already have ACK (at simulation time 78.000,000,000 s)
2025-06-04 15:07:27,145 INFO  - Already have ACK (at simulation time 78.000,000,000 s)
2025-06-04 15:07:27,146 INFO  - Already have ACK (at simulation time 78.000,000,000 s)
2025-06-04 15:07:27,146 INFO  - Already have ACK (at simulation time 78.000,000,000 s)
2025-06-04 15:07:27,146 INFO  - Already have ACK (at simulation time 78.000,000,000 s)
2025-06-04 15:07:27,146 INFO  - Already have ACK (at simulation time 78.000,000,000 s)
2025-06-04 15:07:27,146 INFO  - Already have ACK (at simulation time 78.000,000,000 s)
2025-06-04 15:07:27,146 INFO  - Already have ACK (at simulation time 78.000,000,000 s)
2025-06-04 15:07:27,146 INFO  - Already have ACK (at simulation time 78.000,000,000 s)
2025-06-04 15:07:27,146 INFO  - Already have ACK (at simulation time 78.000,000,000 s)
2025-06-04 15:07:27,146 INFO  - Already have ACK (at simulation time 78.000,000,000 s)
2025-06-04 15:07:27,146 INFO  - Already have ACK (at simulation time 78.000,000,000 s)
2025-06-04 15:07:27,146 INFO  - Already have ACK (at simulation time 78.000,000,000 s)
2025-06-04 15:07:27,146 INFO  - Already have ACK (at simulation time 78.000,000,000 s)
2025-06-04 15:07:27,146 INFO  - Already have ACK (at simulation time 78.000,000,000 s)
2025-06-04 15:07:27,146 INFO  - Already have ACK (at simulation time 78.000,000,000 s)
2025-06-04 15:07:27,146 INFO  - Already have ACK (at simulation time 78.000,000,000 s)
2025-06-04 15:07:27,147 INFO  - Already have ACK (at simulation time 78.000,000,000 s)
2025-06-04 15:07:27,147 INFO  - Already have ACK (at simulation time 78.000,000,000 s)
2025-06-04 15:07:27,147 INFO  - Already have ACK (at simulation time 78.000,000,000 s)
2025-06-04 15:07:27,147 INFO  - Already have ACK (at simulation time 78.000,000,000 s)
2025-06-04 15:07:27,147 INFO  - Already have ACK (at simulation time 78.000,000,000 s)
2025-06-04 15:07:27,147 INFO  - Already have ACK (at simulation time 78.000,000,000 s)
2025-06-04 15:07:27,147 INFO  - Already have ACK (at simulation time 78.000,000,000 s)
2025-06-04 15:07:27,147 INFO  - Already have ACK (at simulation time 78.000,000,000 s)
2025-06-04 15:07:27,147 INFO  - Already have ACK (at simulation time 78.000,000,000 s)
2025-06-04 15:07:27,147 INFO  - Already have ACK (at simulation time 78.000,000,000 s)
2025-06-04 15:07:27,147 INFO  - Already have ACK (at simulation time 78.000,000,000 s)
2025-06-04 15:07:27,147 INFO  - Already have ACK (at simulation time 78.000,000,000 s)
2025-06-04 15:07:27,147 INFO  - Already have ACK (at simulation time 78.000,000,000 s)
2025-06-04 15:07:27,147 INFO  - Already have ACK (at simulation time 78.000,000,000 s)
2025-06-04 15:07:27,147 INFO  - Already have ACK (at simulation time 78.000,000,000 s)
2025-06-04 15:07:27,147 INFO  - Already have ACK (at simulation time 78.000,000,000 s)
2025-06-04 15:07:27,147 INFO  - Already have ACK (at simulation time 78.000,000,000 s)
2025-06-04 15:07:27,147 INFO  - Already have ACK (at simulation time 78.000,000,000 s)
2025-06-04 15:07:27,147 INFO  - Already have ACK (at simulation time 78.000,000,000 s)
2025-06-04 15:07:27,147 INFO  - Already have ACK (at simulation time 78.000,000,000 s)
2025-06-04 15:07:27,147 INFO  - Already have ACK (at simulation time 78.000,000,000 s)
2025-06-04 15:07:27,147 INFO  - Already have ACK (at simulation time 78.000,000,000 s)
2025-06-04 15:07:27,147 INFO  - Already have ACK (at simulation time 78.000,000,000 s)
2025-06-04 15:07:27,147 INFO  - Already have ACK (at simulation time 78.000,000,000 s)
2025-06-04 15:07:27,147 INFO  - Already have ACK (at simulation time 78.000,000,000 s)
2025-06-04 15:07:27,147 INFO  - Already have ACK (at simulation time 78.000,000,000 s)
2025-06-04 15:07:27,147 INFO  - Already have ACK (at simulation time 78.000,000,000 s)
2025-06-04 15:07:27,147 INFO  - Already have ACK (at simulation time 78.000,000,000 s)
2025-06-04 15:07:27,147 INFO  - Already have ACK (at simulation time 78.000,000,000 s)
2025-06-04 15:07:27,147 INFO  - Already have ACK (at simulation time 78.000,000,000 s)
2025-06-04 15:07:27,147 INFO  - Already have ACK (at simulation time 78.000,000,000 s)
2025-06-04 15:07:27,150 INFO  - Already have ACK (at simulation time 79.000,000,000 s)
2025-06-04 15:07:27,151 INFO  - Already have ACK (at simulation time 79.000,000,000 s)
2025-06-04 15:07:27,151 INFO  - Already have ACK (at simulation time 79.000,000,000 s)
2025-06-04 15:07:27,151 INFO  - Already have ACK (at simulation time 79.000,000,000 s)
2025-06-04 15:07:27,151 INFO  - Already have ACK (at simulation time 79.000,000,000 s)
2025-06-04 15:07:27,152 INFO  - Already have ACK (at simulation time 79.000,000,000 s)
2025-06-04 15:07:27,152 INFO  - Already have ACK (at simulation time 79.000,000,000 s)
2025-06-04 15:07:27,152 INFO  - Already have ACK (at simulation time 79.000,000,000 s)
2025-06-04 15:07:27,152 INFO  - Already have ACK (at simulation time 79.000,000,000 s)
2025-06-04 15:07:27,152 INFO  - Already have ACK (at simulation time 79.000,000,000 s)
2025-06-04 15:07:27,152 INFO  - Already have ACK (at simulation time 79.000,000,000 s)
2025-06-04 15:07:27,152 INFO  - Already have ACK (at simulation time 79.000,000,000 s)
2025-06-04 15:07:27,152 INFO  - Already have ACK (at simulation time 79.000,000,000 s)
2025-06-04 15:07:27,152 INFO  - Already have ACK (at simulation time 79.000,000,000 s)
2025-06-04 15:07:27,153 INFO  - Already have ACK (at simulation time 79.000,000,000 s)
2025-06-04 15:07:27,153 INFO  - Already have ACK (at simulation time 79.000,000,000 s)
2025-06-04 15:07:27,153 INFO  - Already have ACK (at simulation time 79.000,000,000 s)
2025-06-04 15:07:27,153 INFO  - Already have ACK (at simulation time 79.000,000,000 s)
2025-06-04 15:07:27,153 INFO  - Already have ACK (at simulation time 79.000,000,000 s)
2025-06-04 15:07:27,153 INFO  - Already have ACK (at simulation time 79.000,000,000 s)
2025-06-04 15:07:27,153 INFO  - Already have ACK (at simulation time 79.000,000,000 s)
2025-06-04 15:07:27,153 INFO  - Already have ACK (at simulation time 79.000,000,000 s)
2025-06-04 15:07:27,153 INFO  - Already have ACK (at simulation time 79.000,000,000 s)
2025-06-04 15:07:27,153 INFO  - Already have ACK (at simulation time 79.000,000,000 s)
2025-06-04 15:07:27,154 INFO  - Already have ACK (at simulation time 79.000,000,000 s)
2025-06-04 15:07:27,154 INFO  - Already have ACK (at simulation time 79.000,000,000 s)
2025-06-04 15:07:27,154 INFO  - Already have ACK (at simulation time 79.000,000,000 s)
2025-06-04 15:07:27,154 INFO  - Already have ACK (at simulation time 79.000,000,000 s)
2025-06-04 15:07:27,154 INFO  - Already have ACK (at simulation time 79.000,000,000 s)
2025-06-04 15:07:27,154 INFO  - Already have ACK (at simulation time 79.000,000,000 s)
2025-06-04 15:07:27,154 INFO  - Already have ACK (at simulation time 79.000,000,000 s)
2025-06-04 15:07:27,154 INFO  - Already have ACK (at simulation time 79.000,000,000 s)
2025-06-04 15:07:27,154 INFO  - Already have ACK (at simulation time 79.000,000,000 s)
2025-06-04 15:07:27,154 INFO  - Already have ACK (at simulation time 79.000,000,000 s)
2025-06-04 15:07:27,154 INFO  - Already have ACK (at simulation time 79.000,000,000 s)
2025-06-04 15:07:27,154 INFO  - Already have ACK (at simulation time 79.000,000,000 s)
2025-06-04 15:07:27,154 INFO  - Already have ACK (at simulation time 79.000,000,000 s)
2025-06-04 15:07:27,154 INFO  - Already have ACK (at simulation time 79.000,000,000 s)
2025-06-04 15:07:27,155 INFO  - Already have ACK (at simulation time 79.000,000,000 s)
2025-06-04 15:07:27,155 INFO  - Already have ACK (at simulation time 79.000,000,000 s)
2025-06-04 15:07:27,155 INFO  - Already have ACK (at simulation time 79.000,000,000 s)
2025-06-04 15:07:27,155 INFO  - Already have ACK (at simulation time 79.000,000,000 s)
2025-06-04 15:07:27,155 INFO  - Already have ACK (at simulation time 79.000,000,000 s)
2025-06-04 15:07:27,155 INFO  - Already have ACK (at simulation time 79.000,000,000 s)
2025-06-04 15:07:27,155 INFO  - Already have ACK (at simulation time 79.000,000,000 s)
2025-06-04 15:07:27,155 INFO  - Already have ACK (at simulation time 79.000,000,000 s)
2025-06-04 15:07:27,155 INFO  - Already have ACK (at simulation time 79.000,000,000 s)
2025-06-04 15:07:27,155 INFO  - Already have ACK (at simulation time 79.000,000,000 s)
2025-06-04 15:07:27,155 INFO  - Already have ACK (at simulation time 79.000,000,000 s)
2025-06-04 15:07:27,155 INFO  - Already have ACK (at simulation time 79.000,000,000 s)
2025-06-04 15:07:27,155 INFO  - Already have ACK (at simulation time 79.000,000,000 s)
2025-06-04 15:07:27,155 INFO  - Already have ACK (at simulation time 79.000,000,000 s)
2025-06-04 15:07:27,155 INFO  - Already have ACK (at simulation time 79.000,000,000 s)
2025-06-04 15:07:27,155 INFO  - Already have ACK (at simulation time 79.000,000,000 s)
2025-06-04 15:07:27,155 INFO  - Already have ACK (at simulation time 79.000,000,000 s)
2025-06-04 15:07:27,155 INFO  - Already have ACK (at simulation time 79.000,000,000 s)
2025-06-04 15:07:27,155 INFO  - Already have ACK (at simulation time 79.000,000,000 s)
2025-06-04 15:07:27,155 INFO  - Already have ACK (at simulation time 79.000,000,000 s)
2025-06-04 15:07:27,155 INFO  - Already have ACK (at simulation time 79.000,000,000 s)
2025-06-04 15:07:27,156 INFO  - Already have ACK (at simulation time 79.000,000,000 s)
2025-06-04 15:07:27,156 INFO  - Already have ACK (at simulation time 79.000,000,000 s)
2025-06-04 15:07:27,156 INFO  - Already have ACK (at simulation time 79.000,000,000 s)
2025-06-04 15:07:27,156 INFO  - Already have ACK (at simulation time 79.000,000,000 s)
2025-06-04 15:07:27,156 INFO  - Already have ACK (at simulation time 79.000,000,000 s)
2025-06-04 15:07:27,156 INFO  - Already have ACK (at simulation time 79.000,000,000 s)
2025-06-04 15:07:27,156 INFO  - Already have ACK (at simulation time 79.000,000,000 s)
2025-06-04 15:07:27,156 INFO  - Already have ACK (at simulation time 79.000,000,000 s)
2025-06-04 15:07:27,156 INFO  - Already have ACK (at simulation time 79.000,000,000 s)
2025-06-04 15:07:27,156 INFO  - Already have ACK (at simulation time 79.000,000,000 s)
2025-06-04 15:07:27,156 INFO  - Already have ACK (at simulation time 79.000,000,000 s)
2025-06-04 15:07:27,156 INFO  - Already have ACK (at simulation time 79.000,000,000 s)
2025-06-04 15:07:27,156 INFO  - Already have ACK (at simulation time 79.000,000,000 s)
2025-06-04 15:07:27,156 INFO  - Already have ACK (at simulation time 79.000,000,000 s)
2025-06-04 15:07:27,156 INFO  - Already have ACK (at simulation time 79.000,000,000 s)
2025-06-04 15:07:27,159 INFO  - Already have ACK (at simulation time 80.000,000,000 s)
2025-06-04 15:07:27,161 INFO  - Already have ACK (at simulation time 80.000,000,000 s)
2025-06-04 15:07:27,161 INFO  - Already have ACK (at simulation time 80.000,000,000 s)
2025-06-04 15:07:27,161 INFO  - Already have ACK (at simulation time 80.000,000,000 s)
2025-06-04 15:07:27,161 INFO  - Already have ACK (at simulation time 80.000,000,000 s)
2025-06-04 15:07:27,161 INFO  - Already have ACK (at simulation time 80.000,000,000 s)
2025-06-04 15:07:27,161 INFO  - Already have ACK (at simulation time 80.000,000,000 s)
2025-06-04 15:07:27,161 INFO  - Already have ACK (at simulation time 80.000,000,000 s)
2025-06-04 15:07:27,161 INFO  - Already have ACK (at simulation time 80.000,000,000 s)
2025-06-04 15:07:27,162 INFO  - Already have ACK (at simulation time 80.000,000,000 s)
2025-06-04 15:07:27,162 INFO  - Already have ACK (at simulation time 80.000,000,000 s)
2025-06-04 15:07:27,162 INFO  - Already have ACK (at simulation time 80.000,000,000 s)
2025-06-04 15:07:27,162 INFO  - Already have ACK (at simulation time 80.000,000,000 s)
2025-06-04 15:07:27,162 INFO  - Already have ACK (at simulation time 80.000,000,000 s)
2025-06-04 15:07:27,162 INFO  - Already have ACK (at simulation time 80.000,000,000 s)
2025-06-04 15:07:27,162 INFO  - Already have ACK (at simulation time 80.000,000,000 s)
2025-06-04 15:07:27,162 INFO  - Already have ACK (at simulation time 80.000,000,000 s)
2025-06-04 15:07:27,162 INFO  - Already have ACK (at simulation time 80.000,000,000 s)
2025-06-04 15:07:27,162 INFO  - Already have ACK (at simulation time 80.000,000,000 s)
2025-06-04 15:07:27,163 INFO  - Already have ACK (at simulation time 80.000,000,000 s)
2025-06-04 15:07:27,163 INFO  - Already have ACK (at simulation time 80.000,000,000 s)
2025-06-04 15:07:27,163 INFO  - Already have ACK (at simulation time 80.000,000,000 s)
2025-06-04 15:07:27,163 INFO  - Already have ACK (at simulation time 80.000,000,000 s)
2025-06-04 15:07:27,163 INFO  - Already have ACK (at simulation time 80.000,000,000 s)
2025-06-04 15:07:27,163 INFO  - Already have ACK (at simulation time 80.000,000,000 s)
2025-06-04 15:07:27,163 INFO  - Already have ACK (at simulation time 80.000,000,000 s)
2025-06-04 15:07:27,163 INFO  - Already have ACK (at simulation time 80.000,000,000 s)
2025-06-04 15:07:27,163 INFO  - Already have ACK (at simulation time 80.000,000,000 s)
2025-06-04 15:07:27,163 INFO  - Already have ACK (at simulation time 80.000,000,000 s)
2025-06-04 15:07:27,163 INFO  - Already have ACK (at simulation time 80.000,000,000 s)
2025-06-04 15:07:27,163 INFO  - Already have ACK (at simulation time 80.000,000,000 s)
2025-06-04 15:07:27,164 INFO  - Already have ACK (at simulation time 80.000,000,000 s)
2025-06-04 15:07:27,164 INFO  - Already have ACK (at simulation time 80.000,000,000 s)
2025-06-04 15:07:27,164 INFO  - Already have ACK (at simulation time 80.000,000,000 s)
2025-06-04 15:07:27,164 INFO  - Already have ACK (at simulation time 80.000,000,000 s)
2025-06-04 15:07:27,164 INFO  - Already have ACK (at simulation time 80.000,000,000 s)
2025-06-04 15:07:27,164 INFO  - Already have ACK (at simulation time 80.000,000,000 s)
2025-06-04 15:07:27,164 INFO  - Already have ACK (at simulation time 80.000,000,000 s)
2025-06-04 15:07:27,164 INFO  - Already have ACK (at simulation time 80.000,000,000 s)
2025-06-04 15:07:27,164 INFO  - Already have ACK (at simulation time 80.000,000,000 s)
2025-06-04 15:07:27,164 INFO  - Already have ACK (at simulation time 80.000,000,000 s)
2025-06-04 15:07:27,164 INFO  - Already have ACK (at simulation time 80.000,000,000 s)
2025-06-04 15:07:27,164 INFO  - Already have ACK (at simulation time 80.000,000,000 s)
2025-06-04 15:07:27,164 INFO  - Already have ACK (at simulation time 80.000,000,000 s)
2025-06-04 15:07:27,164 INFO  - Already have ACK (at simulation time 80.000,000,000 s)
2025-06-04 15:07:27,164 INFO  - Already have ACK (at simulation time 80.000,000,000 s)
2025-06-04 15:07:27,165 INFO  - Already have ACK (at simulation time 80.000,000,000 s)
2025-06-04 15:07:27,165 INFO  - Already have ACK (at simulation time 80.000,000,000 s)
2025-06-04 15:07:27,165 INFO  - Already have ACK (at simulation time 80.000,000,000 s)
2025-06-04 15:07:27,165 INFO  - Already have ACK (at simulation time 80.000,000,000 s)
2025-06-04 15:07:27,165 INFO  - Already have ACK (at simulation time 80.000,000,000 s)
2025-06-04 15:07:27,165 INFO  - Already have ACK (at simulation time 80.000,000,000 s)
2025-06-04 15:07:27,165 INFO  - Already have ACK (at simulation time 80.000,000,000 s)
2025-06-04 15:07:27,165 INFO  - Already have ACK (at simulation time 80.000,000,000 s)
2025-06-04 15:07:27,165 INFO  - Already have ACK (at simulation time 80.000,000,000 s)
2025-06-04 15:07:27,165 INFO  - Already have ACK (at simulation time 80.000,000,000 s)
2025-06-04 15:07:27,165 INFO  - Already have ACK (at simulation time 80.000,000,000 s)
2025-06-04 15:07:27,165 INFO  - Already have ACK (at simulation time 80.000,000,000 s)
2025-06-04 15:07:27,165 INFO  - Already have ACK (at simulation time 80.000,000,000 s)
2025-06-04 15:07:27,165 INFO  - Already have ACK (at simulation time 80.000,000,000 s)
2025-06-04 15:07:27,165 INFO  - Already have ACK (at simulation time 80.000,000,000 s)
2025-06-04 15:07:27,165 INFO  - Already have ACK (at simulation time 80.000,000,000 s)
2025-06-04 15:07:27,165 INFO  - Already have ACK (at simulation time 80.000,000,000 s)
2025-06-04 15:07:27,165 INFO  - Already have ACK (at simulation time 80.000,000,000 s)
2025-06-04 15:07:27,165 INFO  - Already have ACK (at simulation time 80.000,000,000 s)
2025-06-04 15:07:27,165 INFO  - Already have ACK (at simulation time 80.000,000,000 s)
2025-06-04 15:07:27,165 INFO  - Already have ACK (at simulation time 80.000,000,000 s)
2025-06-04 15:07:27,165 INFO  - Already have ACK (at simulation time 80.000,000,000 s)
2025-06-04 15:07:27,165 INFO  - Already have ACK (at simulation time 80.000,000,000 s)
2025-06-04 15:07:27,165 INFO  - Already have ACK (at simulation time 80.000,000,000 s)
2025-06-04 15:07:27,165 INFO  - Already have ACK (at simulation time 80.000,000,000 s)
2025-06-04 15:07:27,165 INFO  - Already have ACK (at simulation time 80.000,000,000 s)
2025-06-04 15:07:27,165 INFO  - Already have ACK (at simulation time 80.000,000,000 s)
2025-06-04 15:07:27,165 INFO  - Already have ACK (at simulation time 80.000,000,000 s)
2025-06-04 15:07:27,165 INFO  - Already have ACK (at simulation time 80.000,000,000 s)
2025-06-04 15:07:27,168 INFO  - Sent periodic GreenWaveMsg: veh_1 on route r_1 (at simulation time 81.000,000,000 s)
2025-06-04 15:07:27,168 INFO  - Already have ACK (at simulation time 81.000,000,000 s)
2025-06-04 15:07:27,169 INFO  - Already have ACK (at simulation time 81.000,000,000 s)
2025-06-04 15:07:27,169 INFO  - Already have ACK (at simulation time 81.000,000,000 s)
2025-06-04 15:07:27,169 INFO  - Already have ACK (at simulation time 81.000,000,000 s)
2025-06-04 15:07:27,169 INFO  - Already have ACK (at simulation time 81.000,000,000 s)
2025-06-04 15:07:27,169 INFO  - Already have ACK (at simulation time 81.000,000,000 s)
2025-06-04 15:07:27,169 INFO  - Already have ACK (at simulation time 81.000,000,000 s)
2025-06-04 15:07:27,170 INFO  - Already have ACK (at simulation time 81.000,000,000 s)
2025-06-04 15:07:27,170 INFO  - Already have ACK (at simulation time 81.000,000,000 s)
2025-06-04 15:07:27,170 INFO  - Already have ACK (at simulation time 81.000,000,000 s)
2025-06-04 15:07:27,170 INFO  - Already have ACK (at simulation time 81.000,000,000 s)
2025-06-04 15:07:27,170 INFO  - Already have ACK (at simulation time 81.000,000,000 s)
2025-06-04 15:07:27,170 INFO  - Already have ACK (at simulation time 81.000,000,000 s)
2025-06-04 15:07:27,170 INFO  - Already have ACK (at simulation time 81.000,000,000 s)
2025-06-04 15:07:27,170 INFO  - Already have ACK (at simulation time 81.000,000,000 s)
2025-06-04 15:07:27,170 INFO  - Already have ACK (at simulation time 81.000,000,000 s)
2025-06-04 15:07:27,171 INFO  - Already have ACK (at simulation time 81.000,000,000 s)
2025-06-04 15:07:27,171 INFO  - Already have ACK (at simulation time 81.000,000,000 s)
2025-06-04 15:07:27,171 INFO  - Already have ACK (at simulation time 81.000,000,000 s)
2025-06-04 15:07:27,171 INFO  - Already have ACK (at simulation time 81.000,000,000 s)
2025-06-04 15:07:27,171 INFO  - Already have ACK (at simulation time 81.000,000,000 s)
2025-06-04 15:07:27,171 INFO  - Already have ACK (at simulation time 81.000,000,000 s)
2025-06-04 15:07:27,171 INFO  - Already have ACK (at simulation time 81.000,000,000 s)
2025-06-04 15:07:27,171 INFO  - Already have ACK (at simulation time 81.000,000,000 s)
2025-06-04 15:07:27,171 INFO  - Already have ACK (at simulation time 81.000,000,000 s)
2025-06-04 15:07:27,171 INFO  - Already have ACK (at simulation time 81.000,000,000 s)
2025-06-04 15:07:27,172 INFO  - Already have ACK (at simulation time 81.000,000,000 s)
2025-06-04 15:07:27,172 INFO  - Already have ACK (at simulation time 81.000,000,000 s)
2025-06-04 15:07:27,172 INFO  - Already have ACK (at simulation time 81.000,000,000 s)
2025-06-04 15:07:27,172 INFO  - Already have ACK (at simulation time 81.000,000,000 s)
2025-06-04 15:07:27,172 INFO  - Already have ACK (at simulation time 81.000,000,000 s)
2025-06-04 15:07:27,172 INFO  - Already have ACK (at simulation time 81.000,000,000 s)
2025-06-04 15:07:27,172 INFO  - Already have ACK (at simulation time 81.000,000,000 s)
2025-06-04 15:07:27,172 INFO  - Already have ACK (at simulation time 81.000,000,000 s)
2025-06-04 15:07:27,172 INFO  - Already have ACK (at simulation time 81.000,000,000 s)
2025-06-04 15:07:27,172 INFO  - Already have ACK (at simulation time 81.000,000,000 s)
2025-06-04 15:07:27,172 INFO  - Already have ACK (at simulation time 81.000,000,000 s)
2025-06-04 15:07:27,172 INFO  - Already have ACK (at simulation time 81.000,000,000 s)
2025-06-04 15:07:27,172 INFO  - Already have ACK (at simulation time 81.000,000,000 s)
2025-06-04 15:07:27,172 INFO  - Already have ACK (at simulation time 81.000,000,000 s)
2025-06-04 15:07:27,173 INFO  - Already have ACK (at simulation time 81.000,000,000 s)
2025-06-04 15:07:27,173 INFO  - Already have ACK (at simulation time 81.000,000,000 s)
2025-06-04 15:07:27,173 INFO  - Already have ACK (at simulation time 81.000,000,000 s)
2025-06-04 15:07:27,173 INFO  - Already have ACK (at simulation time 81.000,000,000 s)
2025-06-04 15:07:27,173 INFO  - Already have ACK (at simulation time 81.000,000,000 s)
2025-06-04 15:07:27,173 INFO  - Already have ACK (at simulation time 81.000,000,000 s)
2025-06-04 15:07:27,173 INFO  - Already have ACK (at simulation time 81.000,000,000 s)
2025-06-04 15:07:27,173 INFO  - Already have ACK (at simulation time 81.000,000,000 s)
2025-06-04 15:07:27,173 INFO  - Already have ACK (at simulation time 81.000,000,000 s)
2025-06-04 15:07:27,173 INFO  - Already have ACK (at simulation time 81.000,000,000 s)
2025-06-04 15:07:27,173 INFO  - Already have ACK (at simulation time 81.000,000,000 s)
2025-06-04 15:07:27,173 INFO  - Already have ACK (at simulation time 81.000,000,000 s)
2025-06-04 15:07:27,173 INFO  - Already have ACK (at simulation time 81.000,000,000 s)
2025-06-04 15:07:27,173 INFO  - Already have ACK (at simulation time 81.000,000,000 s)
2025-06-04 15:07:27,173 INFO  - Already have ACK (at simulation time 81.000,000,000 s)
2025-06-04 15:07:27,173 INFO  - Already have ACK (at simulation time 81.000,000,000 s)
2025-06-04 15:07:27,173 INFO  - Already have ACK (at simulation time 81.000,000,000 s)
2025-06-04 15:07:27,173 INFO  - Already have ACK (at simulation time 81.000,000,000 s)
2025-06-04 15:07:27,173 INFO  - Already have ACK (at simulation time 81.000,000,000 s)
2025-06-04 15:07:27,173 INFO  - Already have ACK (at simulation time 81.000,000,000 s)
2025-06-04 15:07:27,173 INFO  - Already have ACK (at simulation time 81.000,000,000 s)
2025-06-04 15:07:27,174 INFO  - Already have ACK (at simulation time 81.000,000,000 s)
2025-06-04 15:07:27,174 INFO  - Already have ACK (at simulation time 81.000,000,000 s)
2025-06-04 15:07:27,174 INFO  - Already have ACK (at simulation time 81.000,000,000 s)
2025-06-04 15:07:27,174 INFO  - Already have ACK (at simulation time 81.000,000,000 s)
2025-06-04 15:07:27,174 INFO  - Already have ACK (at simulation time 81.000,000,000 s)
2025-06-04 15:07:27,174 INFO  - Already have ACK (at simulation time 81.000,000,000 s)
2025-06-04 15:07:27,174 INFO  - Already have ACK (at simulation time 81.000,000,000 s)
2025-06-04 15:07:27,174 INFO  - Already have ACK (at simulation time 81.000,000,000 s)
2025-06-04 15:07:27,174 INFO  - Already have ACK (at simulation time 81.000,000,000 s)
2025-06-04 15:07:27,174 INFO  - Already have ACK (at simulation time 81.000,000,000 s)
2025-06-04 15:07:27,174 INFO  - Already have ACK (at simulation time 81.000,000,000 s)
2025-06-04 15:07:27,174 INFO  - Already have ACK (at simulation time 81.000,000,000 s)
2025-06-04 15:07:27,174 INFO  - Already have ACK (at simulation time 81.000,000,000 s)
2025-06-04 15:07:27,174 INFO  - Already have ACK (at simulation time 81.000,000,000 s)
2025-06-04 15:07:27,174 INFO  - Already have ACK (at simulation time 81.000,000,000 s)
2025-06-04 15:07:27,176 INFO  - Already have ACK (at simulation time 82.000,000,000 s)
2025-06-04 15:07:27,177 INFO  - Already have ACK (at simulation time 82.000,000,000 s)
2025-06-04 15:07:27,178 INFO  - Already have ACK (at simulation time 82.000,000,000 s)
2025-06-04 15:07:27,178 INFO  - Already have ACK (at simulation time 82.000,000,000 s)
2025-06-04 15:07:27,178 INFO  - Already have ACK (at simulation time 82.000,000,000 s)
2025-06-04 15:07:27,178 INFO  - Already have ACK (at simulation time 82.000,000,000 s)
2025-06-04 15:07:27,178 INFO  - Already have ACK (at simulation time 82.000,000,000 s)
2025-06-04 15:07:27,178 INFO  - Already have ACK (at simulation time 82.000,000,000 s)
2025-06-04 15:07:27,178 INFO  - Already have ACK (at simulation time 82.000,000,000 s)
2025-06-04 15:07:27,178 INFO  - Already have ACK (at simulation time 82.000,000,000 s)
2025-06-04 15:07:27,178 INFO  - Already have ACK (at simulation time 82.000,000,000 s)
2025-06-04 15:07:27,179 INFO  - Already have ACK (at simulation time 82.000,000,000 s)
2025-06-04 15:07:27,179 INFO  - Already have ACK (at simulation time 82.000,000,000 s)
2025-06-04 15:07:27,179 INFO  - Already have ACK (at simulation time 82.000,000,000 s)
2025-06-04 15:07:27,179 INFO  - Already have ACK (at simulation time 82.000,000,000 s)
2025-06-04 15:07:27,179 INFO  - Already have ACK (at simulation time 82.000,000,000 s)
2025-06-04 15:07:27,179 INFO  - Already have ACK (at simulation time 82.000,000,000 s)
2025-06-04 15:07:27,179 INFO  - Already have ACK (at simulation time 82.000,000,000 s)
2025-06-04 15:07:27,179 INFO  - Already have ACK (at simulation time 82.000,000,000 s)
2025-06-04 15:07:27,179 INFO  - Already have ACK (at simulation time 82.000,000,000 s)
2025-06-04 15:07:27,179 INFO  - Already have ACK (at simulation time 82.000,000,000 s)
2025-06-04 15:07:27,180 INFO  - Already have ACK (at simulation time 82.000,000,000 s)
2025-06-04 15:07:27,180 INFO  - Already have ACK (at simulation time 82.000,000,000 s)
2025-06-04 15:07:27,180 INFO  - Already have ACK (at simulation time 82.000,000,000 s)
2025-06-04 15:07:27,180 INFO  - Already have ACK (at simulation time 82.000,000,000 s)
2025-06-04 15:07:27,180 INFO  - Already have ACK (at simulation time 82.000,000,000 s)
2025-06-04 15:07:27,180 INFO  - Already have ACK (at simulation time 82.000,000,000 s)
2025-06-04 15:07:27,180 INFO  - Already have ACK (at simulation time 82.000,000,000 s)
2025-06-04 15:07:27,180 INFO  - Already have ACK (at simulation time 82.000,000,000 s)
2025-06-04 15:07:27,180 INFO  - Already have ACK (at simulation time 82.000,000,000 s)
2025-06-04 15:07:27,180 INFO  - Already have ACK (at simulation time 82.000,000,000 s)
2025-06-04 15:07:27,180 INFO  - Already have ACK (at simulation time 82.000,000,000 s)
2025-06-04 15:07:27,181 INFO  - Already have ACK (at simulation time 82.000,000,000 s)
2025-06-04 15:07:27,181 INFO  - Already have ACK (at simulation time 82.000,000,000 s)
2025-06-04 15:07:27,181 INFO  - Already have ACK (at simulation time 82.000,000,000 s)
2025-06-04 15:07:27,181 INFO  - Already have ACK (at simulation time 82.000,000,000 s)
2025-06-04 15:07:27,181 INFO  - Already have ACK (at simulation time 82.000,000,000 s)
2025-06-04 15:07:27,181 INFO  - Already have ACK (at simulation time 82.000,000,000 s)
2025-06-04 15:07:27,181 INFO  - Already have ACK (at simulation time 82.000,000,000 s)
2025-06-04 15:07:27,181 INFO  - Already have ACK (at simulation time 82.000,000,000 s)
2025-06-04 15:07:27,181 INFO  - Already have ACK (at simulation time 82.000,000,000 s)
2025-06-04 15:07:27,181 INFO  - Already have ACK (at simulation time 82.000,000,000 s)
2025-06-04 15:07:27,182 INFO  - Already have ACK (at simulation time 82.000,000,000 s)
2025-06-04 15:07:27,182 INFO  - Already have ACK (at simulation time 82.000,000,000 s)
2025-06-04 15:07:27,182 INFO  - Already have ACK (at simulation time 82.000,000,000 s)
2025-06-04 15:07:27,182 INFO  - Already have ACK (at simulation time 82.000,000,000 s)
2025-06-04 15:07:27,182 INFO  - Already have ACK (at simulation time 82.000,000,000 s)
2025-06-04 15:07:27,182 INFO  - Already have ACK (at simulation time 82.000,000,000 s)
2025-06-04 15:07:27,182 INFO  - Already have ACK (at simulation time 82.000,000,000 s)
2025-06-04 15:07:27,182 INFO  - Already have ACK (at simulation time 82.000,000,000 s)
2025-06-04 15:07:27,182 INFO  - Already have ACK (at simulation time 82.000,000,000 s)
2025-06-04 15:07:27,182 INFO  - Already have ACK (at simulation time 82.000,000,000 s)
2025-06-04 15:07:27,182 INFO  - Already have ACK (at simulation time 82.000,000,000 s)
2025-06-04 15:07:27,182 INFO  - Already have ACK (at simulation time 82.000,000,000 s)
2025-06-04 15:07:27,182 INFO  - Already have ACK (at simulation time 82.000,000,000 s)
2025-06-04 15:07:27,182 INFO  - Already have ACK (at simulation time 82.000,000,000 s)
2025-06-04 15:07:27,182 INFO  - Already have ACK (at simulation time 82.000,000,000 s)
2025-06-04 15:07:27,182 INFO  - Already have ACK (at simulation time 82.000,000,000 s)
2025-06-04 15:07:27,182 INFO  - Already have ACK (at simulation time 82.000,000,000 s)
2025-06-04 15:07:27,182 INFO  - Already have ACK (at simulation time 82.000,000,000 s)
2025-06-04 15:07:27,182 INFO  - Already have ACK (at simulation time 82.000,000,000 s)
2025-06-04 15:07:27,182 INFO  - Already have ACK (at simulation time 82.000,000,000 s)
2025-06-04 15:07:27,183 INFO  - Already have ACK (at simulation time 82.000,000,000 s)
2025-06-04 15:07:27,183 INFO  - Already have ACK (at simulation time 82.000,000,000 s)
2025-06-04 15:07:27,183 INFO  - Already have ACK (at simulation time 82.000,000,000 s)
2025-06-04 15:07:27,183 INFO  - Already have ACK (at simulation time 82.000,000,000 s)
2025-06-04 15:07:27,183 INFO  - Already have ACK (at simulation time 82.000,000,000 s)
2025-06-04 15:07:27,183 INFO  - Already have ACK (at simulation time 82.000,000,000 s)
2025-06-04 15:07:27,183 INFO  - Already have ACK (at simulation time 82.000,000,000 s)
2025-06-04 15:07:27,183 INFO  - Already have ACK (at simulation time 82.000,000,000 s)
2025-06-04 15:07:27,183 INFO  - Already have ACK (at simulation time 82.000,000,000 s)
2025-06-04 15:07:27,183 INFO  - Already have ACK (at simulation time 82.000,000,000 s)
2025-06-04 15:07:27,183 INFO  - Already have ACK (at simulation time 82.000,000,000 s)
2025-06-04 15:07:27,183 INFO  - Already have ACK (at simulation time 82.000,000,000 s)
2025-06-04 15:07:27,183 INFO  - Already have ACK (at simulation time 82.000,000,000 s)
2025-06-04 15:07:27,183 INFO  - Already have ACK (at simulation time 82.000,000,000 s)
2025-06-04 15:07:27,183 INFO  - Already have ACK (at simulation time 82.000,000,000 s)
2025-06-04 15:07:27,186 INFO  - Already have ACK (at simulation time 83.000,000,000 s)
2025-06-04 15:07:27,187 INFO  - Already have ACK (at simulation time 83.000,000,000 s)
2025-06-04 15:07:27,187 INFO  - Already have ACK (at simulation time 83.000,000,000 s)
2025-06-04 15:07:27,188 INFO  - Already have ACK (at simulation time 83.000,000,000 s)
2025-06-04 15:07:27,188 INFO  - Already have ACK (at simulation time 83.000,000,000 s)
2025-06-04 15:07:27,188 INFO  - Already have ACK (at simulation time 83.000,000,000 s)
2025-06-04 15:07:27,188 INFO  - Already have ACK (at simulation time 83.000,000,000 s)
2025-06-04 15:07:27,188 INFO  - Already have ACK (at simulation time 83.000,000,000 s)
2025-06-04 15:07:27,188 INFO  - Already have ACK (at simulation time 83.000,000,000 s)
2025-06-04 15:07:27,189 INFO  - Already have ACK (at simulation time 83.000,000,000 s)
2025-06-04 15:07:27,189 INFO  - Already have ACK (at simulation time 83.000,000,000 s)
2025-06-04 15:07:27,189 INFO  - Already have ACK (at simulation time 83.000,000,000 s)
2025-06-04 15:07:27,189 INFO  - Already have ACK (at simulation time 83.000,000,000 s)
2025-06-04 15:07:27,189 INFO  - Already have ACK (at simulation time 83.000,000,000 s)
2025-06-04 15:07:27,189 INFO  - Already have ACK (at simulation time 83.000,000,000 s)
2025-06-04 15:07:27,190 INFO  - Already have ACK (at simulation time 83.000,000,000 s)
2025-06-04 15:07:27,190 INFO  - Already have ACK (at simulation time 83.000,000,000 s)
2025-06-04 15:07:27,190 INFO  - Already have ACK (at simulation time 83.000,000,000 s)
2025-06-04 15:07:27,190 INFO  - Already have ACK (at simulation time 83.000,000,000 s)
2025-06-04 15:07:27,190 INFO  - Already have ACK (at simulation time 83.000,000,000 s)
2025-06-04 15:07:27,190 INFO  - Already have ACK (at simulation time 83.000,000,000 s)
2025-06-04 15:07:27,191 INFO  - Already have ACK (at simulation time 83.000,000,000 s)
2025-06-04 15:07:27,191 INFO  - Already have ACK (at simulation time 83.000,000,000 s)
2025-06-04 15:07:27,191 INFO  - Already have ACK (at simulation time 83.000,000,000 s)
2025-06-04 15:07:27,191 INFO  - Already have ACK (at simulation time 83.000,000,000 s)
2025-06-04 15:07:27,191 INFO  - Already have ACK (at simulation time 83.000,000,000 s)
2025-06-04 15:07:27,191 INFO  - Already have ACK (at simulation time 83.000,000,000 s)
2025-06-04 15:07:27,191 INFO  - Already have ACK (at simulation time 83.000,000,000 s)
2025-06-04 15:07:27,191 INFO  - Already have ACK (at simulation time 83.000,000,000 s)
2025-06-04 15:07:27,192 INFO  - Already have ACK (at simulation time 83.000,000,000 s)
2025-06-04 15:07:27,192 INFO  - Already have ACK (at simulation time 83.000,000,000 s)
2025-06-04 15:07:27,192 INFO  - Already have ACK (at simulation time 83.000,000,000 s)
2025-06-04 15:07:27,192 INFO  - Already have ACK (at simulation time 83.000,000,000 s)
2025-06-04 15:07:27,192 INFO  - Already have ACK (at simulation time 83.000,000,000 s)
2025-06-04 15:07:27,192 INFO  - Already have ACK (at simulation time 83.000,000,000 s)
2025-06-04 15:07:27,192 INFO  - Already have ACK (at simulation time 83.000,000,000 s)
2025-06-04 15:07:27,192 INFO  - Already have ACK (at simulation time 83.000,000,000 s)
2025-06-04 15:07:27,192 INFO  - Already have ACK (at simulation time 83.000,000,000 s)
2025-06-04 15:07:27,192 INFO  - Already have ACK (at simulation time 83.000,000,000 s)
2025-06-04 15:07:27,192 INFO  - Already have ACK (at simulation time 83.000,000,000 s)
2025-06-04 15:07:27,193 INFO  - Already have ACK (at simulation time 83.000,000,000 s)
2025-06-04 15:07:27,193 INFO  - Already have ACK (at simulation time 83.000,000,000 s)
2025-06-04 15:07:27,193 INFO  - Already have ACK (at simulation time 83.000,000,000 s)
2025-06-04 15:07:27,193 INFO  - Already have ACK (at simulation time 83.000,000,000 s)
2025-06-04 15:07:27,193 INFO  - Already have ACK (at simulation time 83.000,000,000 s)
2025-06-04 15:07:27,193 INFO  - Already have ACK (at simulation time 83.000,000,000 s)
2025-06-04 15:07:27,193 INFO  - Already have ACK (at simulation time 83.000,000,000 s)
2025-06-04 15:07:27,193 INFO  - Already have ACK (at simulation time 83.000,000,000 s)
2025-06-04 15:07:27,193 INFO  - Already have ACK (at simulation time 83.000,000,000 s)
2025-06-04 15:07:27,193 INFO  - Already have ACK (at simulation time 83.000,000,000 s)
2025-06-04 15:07:27,193 INFO  - Already have ACK (at simulation time 83.000,000,000 s)
2025-06-04 15:07:27,193 INFO  - Already have ACK (at simulation time 83.000,000,000 s)
2025-06-04 15:07:27,193 INFO  - Already have ACK (at simulation time 83.000,000,000 s)
2025-06-04 15:07:27,193 INFO  - Already have ACK (at simulation time 83.000,000,000 s)
2025-06-04 15:07:27,194 INFO  - Already have ACK (at simulation time 83.000,000,000 s)
2025-06-04 15:07:27,194 INFO  - Already have ACK (at simulation time 83.000,000,000 s)
2025-06-04 15:07:27,194 INFO  - Already have ACK (at simulation time 83.000,000,000 s)
2025-06-04 15:07:27,194 INFO  - Already have ACK (at simulation time 83.000,000,000 s)
2025-06-04 15:07:27,194 INFO  - Already have ACK (at simulation time 83.000,000,000 s)
2025-06-04 15:07:27,194 INFO  - Already have ACK (at simulation time 83.000,000,000 s)
2025-06-04 15:07:27,194 INFO  - Already have ACK (at simulation time 83.000,000,000 s)
2025-06-04 15:07:27,194 INFO  - Already have ACK (at simulation time 83.000,000,000 s)
2025-06-04 15:07:27,194 INFO  - Already have ACK (at simulation time 83.000,000,000 s)
2025-06-04 15:07:27,194 INFO  - Already have ACK (at simulation time 83.000,000,000 s)
2025-06-04 15:07:27,194 INFO  - Already have ACK (at simulation time 83.000,000,000 s)
2025-06-04 15:07:27,194 INFO  - Already have ACK (at simulation time 83.000,000,000 s)
2025-06-04 15:07:27,194 INFO  - Already have ACK (at simulation time 83.000,000,000 s)
2025-06-04 15:07:27,194 INFO  - Already have ACK (at simulation time 83.000,000,000 s)
2025-06-04 15:07:27,194 INFO  - Already have ACK (at simulation time 83.000,000,000 s)
2025-06-04 15:07:27,194 INFO  - Already have ACK (at simulation time 83.000,000,000 s)
2025-06-04 15:07:27,194 INFO  - Already have ACK (at simulation time 83.000,000,000 s)
2025-06-04 15:07:27,194 INFO  - Already have ACK (at simulation time 83.000,000,000 s)
2025-06-04 15:07:27,194 INFO  - Already have ACK (at simulation time 83.000,000,000 s)
2025-06-04 15:07:27,194 INFO  - Already have ACK (at simulation time 83.000,000,000 s)
2025-06-04 15:07:27,194 INFO  - Already have ACK (at simulation time 83.000,000,000 s)
2025-06-04 15:07:27,194 INFO  - Already have ACK (at simulation time 83.000,000,000 s)
2025-06-04 15:07:27,194 INFO  - Already have ACK (at simulation time 83.000,000,000 s)
2025-06-04 15:07:27,194 INFO  - Already have ACK (at simulation time 83.000,000,000 s)
2025-06-04 15:07:27,199 INFO  - Already have ACK (at simulation time 84.000,000,000 s)
2025-06-04 15:07:27,200 INFO  - Already have ACK (at simulation time 84.000,000,000 s)
2025-06-04 15:07:27,200 INFO  - Already have ACK (at simulation time 84.000,000,000 s)
2025-06-04 15:07:27,201 INFO  - Already have ACK (at simulation time 84.000,000,000 s)
2025-06-04 15:07:27,201 INFO  - Already have ACK (at simulation time 84.000,000,000 s)
2025-06-04 15:07:27,201 INFO  - Already have ACK (at simulation time 84.000,000,000 s)
2025-06-04 15:07:27,201 INFO  - Already have ACK (at simulation time 84.000,000,000 s)
2025-06-04 15:07:27,201 INFO  - Already have ACK (at simulation time 84.000,000,000 s)
2025-06-04 15:07:27,202 INFO  - Already have ACK (at simulation time 84.000,000,000 s)
2025-06-04 15:07:27,202 INFO  - Already have ACK (at simulation time 84.000,000,000 s)
2025-06-04 15:07:27,202 INFO  - Already have ACK (at simulation time 84.000,000,000 s)
2025-06-04 15:07:27,202 INFO  - Already have ACK (at simulation time 84.000,000,000 s)
2025-06-04 15:07:27,202 INFO  - Already have ACK (at simulation time 84.000,000,000 s)
2025-06-04 15:07:27,202 INFO  - Already have ACK (at simulation time 84.000,000,000 s)
2025-06-04 15:07:27,203 INFO  - Already have ACK (at simulation time 84.000,000,000 s)
2025-06-04 15:07:27,203 INFO  - Already have ACK (at simulation time 84.000,000,000 s)
2025-06-04 15:07:27,203 INFO  - Already have ACK (at simulation time 84.000,000,000 s)
2025-06-04 15:07:27,203 INFO  - Already have ACK (at simulation time 84.000,000,000 s)
2025-06-04 15:07:27,203 INFO  - Already have ACK (at simulation time 84.000,000,000 s)
2025-06-04 15:07:27,203 INFO  - Already have ACK (at simulation time 84.000,000,000 s)
2025-06-04 15:07:27,204 INFO  - Already have ACK (at simulation time 84.000,000,000 s)
2025-06-04 15:07:27,204 INFO  - Already have ACK (at simulation time 84.000,000,000 s)
2025-06-04 15:07:27,204 INFO  - Already have ACK (at simulation time 84.000,000,000 s)
2025-06-04 15:07:27,204 INFO  - Already have ACK (at simulation time 84.000,000,000 s)
2025-06-04 15:07:27,204 INFO  - Already have ACK (at simulation time 84.000,000,000 s)
2025-06-04 15:07:27,204 INFO  - Already have ACK (at simulation time 84.000,000,000 s)
2025-06-04 15:07:27,205 INFO  - Already have ACK (at simulation time 84.000,000,000 s)
2025-06-04 15:07:27,205 INFO  - Already have ACK (at simulation time 84.000,000,000 s)
2025-06-04 15:07:27,205 INFO  - Already have ACK (at simulation time 84.000,000,000 s)
2025-06-04 15:07:27,205 INFO  - Already have ACK (at simulation time 84.000,000,000 s)
2025-06-04 15:07:27,205 INFO  - Already have ACK (at simulation time 84.000,000,000 s)
2025-06-04 15:07:27,205 INFO  - Already have ACK (at simulation time 84.000,000,000 s)
2025-06-04 15:07:27,205 INFO  - Already have ACK (at simulation time 84.000,000,000 s)
2025-06-04 15:07:27,205 INFO  - Already have ACK (at simulation time 84.000,000,000 s)
2025-06-04 15:07:27,205 INFO  - Already have ACK (at simulation time 84.000,000,000 s)
2025-06-04 15:07:27,205 INFO  - Already have ACK (at simulation time 84.000,000,000 s)
2025-06-04 15:07:27,206 INFO  - Already have ACK (at simulation time 84.000,000,000 s)
2025-06-04 15:07:27,206 INFO  - Already have ACK (at simulation time 84.000,000,000 s)
2025-06-04 15:07:27,206 INFO  - Already have ACK (at simulation time 84.000,000,000 s)
2025-06-04 15:07:27,206 INFO  - Already have ACK (at simulation time 84.000,000,000 s)
2025-06-04 15:07:27,206 INFO  - Already have ACK (at simulation time 84.000,000,000 s)
2025-06-04 15:07:27,206 INFO  - Already have ACK (at simulation time 84.000,000,000 s)
2025-06-04 15:07:27,206 INFO  - Already have ACK (at simulation time 84.000,000,000 s)
2025-06-04 15:07:27,206 INFO  - Already have ACK (at simulation time 84.000,000,000 s)
2025-06-04 15:07:27,206 INFO  - Already have ACK (at simulation time 84.000,000,000 s)
2025-06-04 15:07:27,206 INFO  - Already have ACK (at simulation time 84.000,000,000 s)
2025-06-04 15:07:27,206 INFO  - Already have ACK (at simulation time 84.000,000,000 s)
2025-06-04 15:07:27,207 INFO  - Already have ACK (at simulation time 84.000,000,000 s)
2025-06-04 15:07:27,207 INFO  - Already have ACK (at simulation time 84.000,000,000 s)
2025-06-04 15:07:27,207 INFO  - Already have ACK (at simulation time 84.000,000,000 s)
2025-06-04 15:07:27,207 INFO  - Already have ACK (at simulation time 84.000,000,000 s)
2025-06-04 15:07:27,207 INFO  - Already have ACK (at simulation time 84.000,000,000 s)
2025-06-04 15:07:27,207 INFO  - Already have ACK (at simulation time 84.000,000,000 s)
2025-06-04 15:07:27,207 INFO  - Already have ACK (at simulation time 84.000,000,000 s)
2025-06-04 15:07:27,207 INFO  - Already have ACK (at simulation time 84.000,000,000 s)
2025-06-04 15:07:27,207 INFO  - Already have ACK (at simulation time 84.000,000,000 s)
2025-06-04 15:07:27,207 INFO  - Already have ACK (at simulation time 84.000,000,000 s)
2025-06-04 15:07:27,207 INFO  - Already have ACK (at simulation time 84.000,000,000 s)
2025-06-04 15:07:27,207 INFO  - Already have ACK (at simulation time 84.000,000,000 s)
2025-06-04 15:07:27,207 INFO  - Already have ACK (at simulation time 84.000,000,000 s)
2025-06-04 15:07:27,207 INFO  - Already have ACK (at simulation time 84.000,000,000 s)
2025-06-04 15:07:27,207 INFO  - Already have ACK (at simulation time 84.000,000,000 s)
2025-06-04 15:07:27,207 INFO  - Already have ACK (at simulation time 84.000,000,000 s)
2025-06-04 15:07:27,207 INFO  - Already have ACK (at simulation time 84.000,000,000 s)
2025-06-04 15:07:27,208 INFO  - Already have ACK (at simulation time 84.000,000,000 s)
2025-06-04 15:07:27,208 INFO  - Already have ACK (at simulation time 84.000,000,000 s)
2025-06-04 15:07:27,208 INFO  - Already have ACK (at simulation time 84.000,000,000 s)
2025-06-04 15:07:27,208 INFO  - Already have ACK (at simulation time 84.000,000,000 s)
2025-06-04 15:07:27,208 INFO  - Already have ACK (at simulation time 84.000,000,000 s)
2025-06-04 15:07:27,208 INFO  - Already have ACK (at simulation time 84.000,000,000 s)
2025-06-04 15:07:27,208 INFO  - Already have ACK (at simulation time 84.000,000,000 s)
2025-06-04 15:07:27,208 INFO  - Already have ACK (at simulation time 84.000,000,000 s)
2025-06-04 15:07:27,208 INFO  - Already have ACK (at simulation time 84.000,000,000 s)
2025-06-04 15:07:27,208 INFO  - Already have ACK (at simulation time 84.000,000,000 s)
2025-06-04 15:07:27,208 INFO  - Already have ACK (at simulation time 84.000,000,000 s)
2025-06-04 15:07:27,208 INFO  - Already have ACK (at simulation time 84.000,000,000 s)
2025-06-04 15:07:27,208 INFO  - Already have ACK (at simulation time 84.000,000,000 s)
2025-06-04 15:07:27,208 INFO  - Already have ACK (at simulation time 84.000,000,000 s)
2025-06-04 15:07:27,208 INFO  - Already have ACK (at simulation time 84.000,000,000 s)
2025-06-04 15:07:27,213 INFO  - Already have ACK (at simulation time 85.000,000,000 s)
2025-06-04 15:07:27,214 INFO  - Already have ACK (at simulation time 85.000,000,000 s)
2025-06-04 15:07:27,214 INFO  - Already have ACK (at simulation time 85.000,000,000 s)
2025-06-04 15:07:27,214 INFO  - Already have ACK (at simulation time 85.000,000,000 s)
2025-06-04 15:07:27,215 INFO  - Already have ACK (at simulation time 85.000,000,000 s)
2025-06-04 15:07:27,215 INFO  - Already have ACK (at simulation time 85.000,000,000 s)
2025-06-04 15:07:27,215 INFO  - Already have ACK (at simulation time 85.000,000,000 s)
2025-06-04 15:07:27,215 INFO  - Already have ACK (at simulation time 85.000,000,000 s)
2025-06-04 15:07:27,215 INFO  - Already have ACK (at simulation time 85.000,000,000 s)
2025-06-04 15:07:27,215 INFO  - Already have ACK (at simulation time 85.000,000,000 s)
2025-06-04 15:07:27,215 INFO  - Already have ACK (at simulation time 85.000,000,000 s)
2025-06-04 15:07:27,215 INFO  - Already have ACK (at simulation time 85.000,000,000 s)
2025-06-04 15:07:27,216 INFO  - Already have ACK (at simulation time 85.000,000,000 s)
2025-06-04 15:07:27,216 INFO  - Already have ACK (at simulation time 85.000,000,000 s)
2025-06-04 15:07:27,216 INFO  - Already have ACK (at simulation time 85.000,000,000 s)
2025-06-04 15:07:27,216 INFO  - Already have ACK (at simulation time 85.000,000,000 s)
2025-06-04 15:07:27,216 INFO  - Already have ACK (at simulation time 85.000,000,000 s)
2025-06-04 15:07:27,216 INFO  - Already have ACK (at simulation time 85.000,000,000 s)
2025-06-04 15:07:27,216 INFO  - Already have ACK (at simulation time 85.000,000,000 s)
2025-06-04 15:07:27,216 INFO  - Already have ACK (at simulation time 85.000,000,000 s)
2025-06-04 15:07:27,216 INFO  - Already have ACK (at simulation time 85.000,000,000 s)
2025-06-04 15:07:27,216 INFO  - Already have ACK (at simulation time 85.000,000,000 s)
2025-06-04 15:07:27,217 INFO  - Already have ACK (at simulation time 85.000,000,000 s)
2025-06-04 15:07:27,217 INFO  - Already have ACK (at simulation time 85.000,000,000 s)
2025-06-04 15:07:27,217 INFO  - Already have ACK (at simulation time 85.000,000,000 s)
2025-06-04 15:07:27,217 INFO  - Already have ACK (at simulation time 85.000,000,000 s)
2025-06-04 15:07:27,217 INFO  - Already have ACK (at simulation time 85.000,000,000 s)
2025-06-04 15:07:27,217 INFO  - Already have ACK (at simulation time 85.000,000,000 s)
2025-06-04 15:07:27,217 INFO  - Already have ACK (at simulation time 85.000,000,000 s)
2025-06-04 15:07:27,217 INFO  - Already have ACK (at simulation time 85.000,000,000 s)
2025-06-04 15:07:27,217 INFO  - Already have ACK (at simulation time 85.000,000,000 s)
2025-06-04 15:07:27,217 INFO  - Already have ACK (at simulation time 85.000,000,000 s)
2025-06-04 15:07:27,217 INFO  - Already have ACK (at simulation time 85.000,000,000 s)
2025-06-04 15:07:27,217 INFO  - Already have ACK (at simulation time 85.000,000,000 s)
2025-06-04 15:07:27,217 INFO  - Already have ACK (at simulation time 85.000,000,000 s)
2025-06-04 15:07:27,218 INFO  - Already have ACK (at simulation time 85.000,000,000 s)
2025-06-04 15:07:27,218 INFO  - Already have ACK (at simulation time 85.000,000,000 s)
2025-06-04 15:07:27,218 INFO  - Already have ACK (at simulation time 85.000,000,000 s)
2025-06-04 15:07:27,218 INFO  - Already have ACK (at simulation time 85.000,000,000 s)
2025-06-04 15:07:27,218 INFO  - Already have ACK (at simulation time 85.000,000,000 s)
2025-06-04 15:07:27,218 INFO  - Already have ACK (at simulation time 85.000,000,000 s)
2025-06-04 15:07:27,218 INFO  - Already have ACK (at simulation time 85.000,000,000 s)
2025-06-04 15:07:27,218 INFO  - Already have ACK (at simulation time 85.000,000,000 s)
2025-06-04 15:07:27,218 INFO  - Already have ACK (at simulation time 85.000,000,000 s)
2025-06-04 15:07:27,218 INFO  - Already have ACK (at simulation time 85.000,000,000 s)
2025-06-04 15:07:27,218 INFO  - Already have ACK (at simulation time 85.000,000,000 s)
2025-06-04 15:07:27,218 INFO  - Already have ACK (at simulation time 85.000,000,000 s)
2025-06-04 15:07:27,218 INFO  - Already have ACK (at simulation time 85.000,000,000 s)
2025-06-04 15:07:27,218 INFO  - Already have ACK (at simulation time 85.000,000,000 s)
2025-06-04 15:07:27,218 INFO  - Already have ACK (at simulation time 85.000,000,000 s)
2025-06-04 15:07:27,218 INFO  - Already have ACK (at simulation time 85.000,000,000 s)
2025-06-04 15:07:27,218 INFO  - Already have ACK (at simulation time 85.000,000,000 s)
2025-06-04 15:07:27,218 INFO  - Already have ACK (at simulation time 85.000,000,000 s)
2025-06-04 15:07:27,219 INFO  - Already have ACK (at simulation time 85.000,000,000 s)
2025-06-04 15:07:27,219 INFO  - Already have ACK (at simulation time 85.000,000,000 s)
2025-06-04 15:07:27,219 INFO  - Already have ACK (at simulation time 85.000,000,000 s)
2025-06-04 15:07:27,219 INFO  - Already have ACK (at simulation time 85.000,000,000 s)
2025-06-04 15:07:27,219 INFO  - Already have ACK (at simulation time 85.000,000,000 s)
2025-06-04 15:07:27,219 INFO  - Already have ACK (at simulation time 85.000,000,000 s)
2025-06-04 15:07:27,219 INFO  - Already have ACK (at simulation time 85.000,000,000 s)
2025-06-04 15:07:27,219 INFO  - Already have ACK (at simulation time 85.000,000,000 s)
2025-06-04 15:07:27,219 INFO  - Already have ACK (at simulation time 85.000,000,000 s)
2025-06-04 15:07:27,219 INFO  - Already have ACK (at simulation time 85.000,000,000 s)
2025-06-04 15:07:27,219 INFO  - Already have ACK (at simulation time 85.000,000,000 s)
2025-06-04 15:07:27,219 INFO  - Already have ACK (at simulation time 85.000,000,000 s)
2025-06-04 15:07:27,219 INFO  - Already have ACK (at simulation time 85.000,000,000 s)
2025-06-04 15:07:27,219 INFO  - Already have ACK (at simulation time 85.000,000,000 s)
2025-06-04 15:07:27,219 INFO  - Already have ACK (at simulation time 85.000,000,000 s)
2025-06-04 15:07:27,219 INFO  - Already have ACK (at simulation time 85.000,000,000 s)
2025-06-04 15:07:27,219 INFO  - Already have ACK (at simulation time 85.000,000,000 s)
2025-06-04 15:07:27,219 INFO  - Already have ACK (at simulation time 85.000,000,000 s)
2025-06-04 15:07:27,219 INFO  - Already have ACK (at simulation time 85.000,000,000 s)
2025-06-04 15:07:27,219 INFO  - Already have ACK (at simulation time 85.000,000,000 s)
2025-06-04 15:07:27,219 INFO  - Already have ACK (at simulation time 85.000,000,000 s)
2025-06-04 15:07:27,219 INFO  - Already have ACK (at simulation time 85.000,000,000 s)
2025-06-04 15:07:27,219 INFO  - Already have ACK (at simulation time 85.000,000,000 s)
2025-06-04 15:07:27,219 INFO  - Already have ACK (at simulation time 85.000,000,000 s)
2025-06-04 15:07:27,219 INFO  - Already have ACK (at simulation time 85.000,000,000 s)
2025-06-04 15:07:27,219 INFO  - Already have ACK (at simulation time 85.000,000,000 s)
2025-06-04 15:07:27,219 INFO  - Already have ACK (at simulation time 85.000,000,000 s)
2025-06-04 15:07:27,221 INFO  - Sent periodic GreenWaveMsg: veh_1 on route r_1 (at simulation time 86.000,000,000 s)
2025-06-04 15:07:27,221 INFO  - Already have ACK (at simulation time 86.000,000,000 s)
2025-06-04 15:07:27,222 INFO  - Already have ACK (at simulation time 86.000,000,000 s)
2025-06-04 15:07:27,222 INFO  - Already have ACK (at simulation time 86.000,000,000 s)
2025-06-04 15:07:27,222 INFO  - Already have ACK (at simulation time 86.000,000,000 s)
2025-06-04 15:07:27,222 INFO  - Already have ACK (at simulation time 86.000,000,000 s)
2025-06-04 15:07:27,222 INFO  - Already have ACK (at simulation time 86.000,000,000 s)
2025-06-04 15:07:27,223 INFO  - Already have ACK (at simulation time 86.000,000,000 s)
2025-06-04 15:07:27,223 INFO  - Already have ACK (at simulation time 86.000,000,000 s)
2025-06-04 15:07:27,223 INFO  - Already have ACK (at simulation time 86.000,000,000 s)
2025-06-04 15:07:27,223 INFO  - Already have ACK (at simulation time 86.000,000,000 s)
2025-06-04 15:07:27,223 INFO  - Already have ACK (at simulation time 86.000,000,000 s)
2025-06-04 15:07:27,223 INFO  - Already have ACK (at simulation time 86.000,000,000 s)
2025-06-04 15:07:27,223 INFO  - Already have ACK (at simulation time 86.000,000,000 s)
2025-06-04 15:07:27,224 INFO  - Already have ACK (at simulation time 86.000,000,000 s)
2025-06-04 15:07:27,224 INFO  - Already have ACK (at simulation time 86.000,000,000 s)
2025-06-04 15:07:27,224 INFO  - Already have ACK (at simulation time 86.000,000,000 s)
2025-06-04 15:07:27,224 INFO  - Already have ACK (at simulation time 86.000,000,000 s)
2025-06-04 15:07:27,224 INFO  - Already have ACK (at simulation time 86.000,000,000 s)
2025-06-04 15:07:27,224 INFO  - Already have ACK (at simulation time 86.000,000,000 s)
2025-06-04 15:07:27,224 INFO  - Already have ACK (at simulation time 86.000,000,000 s)
2025-06-04 15:07:27,224 INFO  - Already have ACK (at simulation time 86.000,000,000 s)
2025-06-04 15:07:27,224 INFO  - Already have ACK (at simulation time 86.000,000,000 s)
2025-06-04 15:07:27,225 INFO  - Already have ACK (at simulation time 86.000,000,000 s)
2025-06-04 15:07:27,225 INFO  - Already have ACK (at simulation time 86.000,000,000 s)
2025-06-04 15:07:27,225 INFO  - Already have ACK (at simulation time 86.000,000,000 s)
2025-06-04 15:07:27,225 INFO  - Already have ACK (at simulation time 86.000,000,000 s)
2025-06-04 15:07:27,225 INFO  - Already have ACK (at simulation time 86.000,000,000 s)
2025-06-04 15:07:27,225 INFO  - Already have ACK (at simulation time 86.000,000,000 s)
2025-06-04 15:07:27,225 INFO  - Already have ACK (at simulation time 86.000,000,000 s)
2025-06-04 15:07:27,225 INFO  - Already have ACK (at simulation time 86.000,000,000 s)
2025-06-04 15:07:27,225 INFO  - Already have ACK (at simulation time 86.000,000,000 s)
2025-06-04 15:07:27,225 INFO  - Already have ACK (at simulation time 86.000,000,000 s)
2025-06-04 15:07:27,225 INFO  - Already have ACK (at simulation time 86.000,000,000 s)
2025-06-04 15:07:27,225 INFO  - Already have ACK (at simulation time 86.000,000,000 s)
2025-06-04 15:07:27,226 INFO  - Already have ACK (at simulation time 86.000,000,000 s)
2025-06-04 15:07:27,226 INFO  - Already have ACK (at simulation time 86.000,000,000 s)
2025-06-04 15:07:27,226 INFO  - Already have ACK (at simulation time 86.000,000,000 s)
2025-06-04 15:07:27,226 INFO  - Already have ACK (at simulation time 86.000,000,000 s)
2025-06-04 15:07:27,226 INFO  - Already have ACK (at simulation time 86.000,000,000 s)
2025-06-04 15:07:27,226 INFO  - Already have ACK (at simulation time 86.000,000,000 s)
2025-06-04 15:07:27,226 INFO  - Already have ACK (at simulation time 86.000,000,000 s)
2025-06-04 15:07:27,226 INFO  - Already have ACK (at simulation time 86.000,000,000 s)
2025-06-04 15:07:27,226 INFO  - Already have ACK (at simulation time 86.000,000,000 s)
2025-06-04 15:07:27,226 INFO  - Already have ACK (at simulation time 86.000,000,000 s)
2025-06-04 15:07:27,226 INFO  - Already have ACK (at simulation time 86.000,000,000 s)
2025-06-04 15:07:27,226 INFO  - Already have ACK (at simulation time 86.000,000,000 s)
2025-06-04 15:07:27,226 INFO  - Already have ACK (at simulation time 86.000,000,000 s)
2025-06-04 15:07:27,226 INFO  - Already have ACK (at simulation time 86.000,000,000 s)
2025-06-04 15:07:27,226 INFO  - Already have ACK (at simulation time 86.000,000,000 s)
2025-06-04 15:07:27,226 INFO  - Already have ACK (at simulation time 86.000,000,000 s)
2025-06-04 15:07:27,226 INFO  - Already have ACK (at simulation time 86.000,000,000 s)
2025-06-04 15:07:27,226 INFO  - Already have ACK (at simulation time 86.000,000,000 s)
2025-06-04 15:07:27,227 INFO  - Already have ACK (at simulation time 86.000,000,000 s)
2025-06-04 15:07:27,227 INFO  - Already have ACK (at simulation time 86.000,000,000 s)
2025-06-04 15:07:27,227 INFO  - Already have ACK (at simulation time 86.000,000,000 s)
2025-06-04 15:07:27,227 INFO  - Already have ACK (at simulation time 86.000,000,000 s)
2025-06-04 15:07:27,227 INFO  - Already have ACK (at simulation time 86.000,000,000 s)
2025-06-04 15:07:27,227 INFO  - Already have ACK (at simulation time 86.000,000,000 s)
2025-06-04 15:07:27,227 INFO  - Already have ACK (at simulation time 86.000,000,000 s)
2025-06-04 15:07:27,227 INFO  - Already have ACK (at simulation time 86.000,000,000 s)
2025-06-04 15:07:27,227 INFO  - Already have ACK (at simulation time 86.000,000,000 s)
2025-06-04 15:07:27,227 INFO  - Already have ACK (at simulation time 86.000,000,000 s)
2025-06-04 15:07:27,227 INFO  - Already have ACK (at simulation time 86.000,000,000 s)
2025-06-04 15:07:27,227 INFO  - Already have ACK (at simulation time 86.000,000,000 s)
2025-06-04 15:07:27,227 INFO  - Already have ACK (at simulation time 86.000,000,000 s)
2025-06-04 15:07:27,227 INFO  - Already have ACK (at simulation time 86.000,000,000 s)
2025-06-04 15:07:27,227 INFO  - Already have ACK (at simulation time 86.000,000,000 s)
2025-06-04 15:07:27,227 INFO  - Already have ACK (at simulation time 86.000,000,000 s)
2025-06-04 15:07:27,227 INFO  - Already have ACK (at simulation time 86.000,000,000 s)
2025-06-04 15:07:27,227 INFO  - Already have ACK (at simulation time 86.000,000,000 s)
2025-06-04 15:07:27,227 INFO  - Already have ACK (at simulation time 86.000,000,000 s)
2025-06-04 15:07:27,227 INFO  - Already have ACK (at simulation time 86.000,000,000 s)
2025-06-04 15:07:27,227 INFO  - Already have ACK (at simulation time 86.000,000,000 s)
2025-06-04 15:07:27,227 INFO  - Already have ACK (at simulation time 86.000,000,000 s)
2025-06-04 15:07:27,227 INFO  - Already have ACK (at simulation time 86.000,000,000 s)
2025-06-04 15:07:27,227 INFO  - Already have ACK (at simulation time 86.000,000,000 s)
2025-06-04 15:07:27,227 INFO  - Already have ACK (at simulation time 86.000,000,000 s)
2025-06-04 15:07:27,227 INFO  - Already have ACK (at simulation time 86.000,000,000 s)
2025-06-04 15:07:27,227 INFO  - Already have ACK (at simulation time 86.000,000,000 s)
2025-06-04 15:07:27,227 INFO  - Already have ACK (at simulation time 86.000,000,000 s)
2025-06-04 15:07:27,227 INFO  - Already have ACK (at simulation time 86.000,000,000 s)
2025-06-04 15:07:27,230 INFO  - Already have ACK (at simulation time 87.000,000,000 s)
2025-06-04 15:07:27,230 INFO  - Already have ACK (at simulation time 87.000,000,000 s)
2025-06-04 15:07:27,231 INFO  - Already have ACK (at simulation time 87.000,000,000 s)
2025-06-04 15:07:27,231 INFO  - Already have ACK (at simulation time 87.000,000,000 s)
2025-06-04 15:07:27,231 INFO  - Already have ACK (at simulation time 87.000,000,000 s)
2025-06-04 15:07:27,231 INFO  - Already have ACK (at simulation time 87.000,000,000 s)
2025-06-04 15:07:27,231 INFO  - Already have ACK (at simulation time 87.000,000,000 s)
2025-06-04 15:07:27,231 INFO  - Already have ACK (at simulation time 87.000,000,000 s)
2025-06-04 15:07:27,231 INFO  - Already have ACK (at simulation time 87.000,000,000 s)
2025-06-04 15:07:27,232 INFO  - Already have ACK (at simulation time 87.000,000,000 s)
2025-06-04 15:07:27,232 INFO  - Already have ACK (at simulation time 87.000,000,000 s)
2025-06-04 15:07:27,232 INFO  - Already have ACK (at simulation time 87.000,000,000 s)
2025-06-04 15:07:27,232 INFO  - Already have ACK (at simulation time 87.000,000,000 s)
2025-06-04 15:07:27,232 INFO  - Already have ACK (at simulation time 87.000,000,000 s)
2025-06-04 15:07:27,232 INFO  - Already have ACK (at simulation time 87.000,000,000 s)
2025-06-04 15:07:27,232 INFO  - Already have ACK (at simulation time 87.000,000,000 s)
2025-06-04 15:07:27,232 INFO  - Already have ACK (at simulation time 87.000,000,000 s)
2025-06-04 15:07:27,232 INFO  - Already have ACK (at simulation time 87.000,000,000 s)
2025-06-04 15:07:27,233 INFO  - Already have ACK (at simulation time 87.000,000,000 s)
2025-06-04 15:07:27,233 INFO  - Already have ACK (at simulation time 87.000,000,000 s)
2025-06-04 15:07:27,233 INFO  - Already have ACK (at simulation time 87.000,000,000 s)
2025-06-04 15:07:27,233 INFO  - Already have ACK (at simulation time 87.000,000,000 s)
2025-06-04 15:07:27,233 INFO  - Already have ACK (at simulation time 87.000,000,000 s)
2025-06-04 15:07:27,233 INFO  - Already have ACK (at simulation time 87.000,000,000 s)
2025-06-04 15:07:27,233 INFO  - Already have ACK (at simulation time 87.000,000,000 s)
2025-06-04 15:07:27,233 INFO  - Already have ACK (at simulation time 87.000,000,000 s)
2025-06-04 15:07:27,233 INFO  - Already have ACK (at simulation time 87.000,000,000 s)
2025-06-04 15:07:27,234 INFO  - Already have ACK (at simulation time 87.000,000,000 s)
2025-06-04 15:07:27,234 INFO  - Already have ACK (at simulation time 87.000,000,000 s)
2025-06-04 15:07:27,234 INFO  - Already have ACK (at simulation time 87.000,000,000 s)
2025-06-04 15:07:27,234 INFO  - Already have ACK (at simulation time 87.000,000,000 s)
2025-06-04 15:07:27,234 INFO  - Already have ACK (at simulation time 87.000,000,000 s)
2025-06-04 15:07:27,234 INFO  - Already have ACK (at simulation time 87.000,000,000 s)
2025-06-04 15:07:27,234 INFO  - Already have ACK (at simulation time 87.000,000,000 s)
2025-06-04 15:07:27,234 INFO  - Already have ACK (at simulation time 87.000,000,000 s)
2025-06-04 15:07:27,234 INFO  - Already have ACK (at simulation time 87.000,000,000 s)
2025-06-04 15:07:27,234 INFO  - Already have ACK (at simulation time 87.000,000,000 s)
2025-06-04 15:07:27,234 INFO  - Already have ACK (at simulation time 87.000,000,000 s)
2025-06-04 15:07:27,234 INFO  - Already have ACK (at simulation time 87.000,000,000 s)
2025-06-04 15:07:27,234 INFO  - Already have ACK (at simulation time 87.000,000,000 s)
2025-06-04 15:07:27,235 INFO  - Already have ACK (at simulation time 87.000,000,000 s)
2025-06-04 15:07:27,235 INFO  - Already have ACK (at simulation time 87.000,000,000 s)
2025-06-04 15:07:27,235 INFO  - Already have ACK (at simulation time 87.000,000,000 s)
2025-06-04 15:07:27,235 INFO  - Already have ACK (at simulation time 87.000,000,000 s)
2025-06-04 15:07:27,235 INFO  - Already have ACK (at simulation time 87.000,000,000 s)
2025-06-04 15:07:27,235 INFO  - Already have ACK (at simulation time 87.000,000,000 s)
2025-06-04 15:07:27,235 INFO  - Already have ACK (at simulation time 87.000,000,000 s)
2025-06-04 15:07:27,235 INFO  - Already have ACK (at simulation time 87.000,000,000 s)
2025-06-04 15:07:27,235 INFO  - Already have ACK (at simulation time 87.000,000,000 s)
2025-06-04 15:07:27,235 INFO  - Already have ACK (at simulation time 87.000,000,000 s)
2025-06-04 15:07:27,235 INFO  - Already have ACK (at simulation time 87.000,000,000 s)
2025-06-04 15:07:27,235 INFO  - Already have ACK (at simulation time 87.000,000,000 s)
2025-06-04 15:07:27,235 INFO  - Already have ACK (at simulation time 87.000,000,000 s)
2025-06-04 15:07:27,235 INFO  - Already have ACK (at simulation time 87.000,000,000 s)
2025-06-04 15:07:27,235 INFO  - Already have ACK (at simulation time 87.000,000,000 s)
2025-06-04 15:07:27,235 INFO  - Already have ACK (at simulation time 87.000,000,000 s)
2025-06-04 15:07:27,235 INFO  - Already have ACK (at simulation time 87.000,000,000 s)
2025-06-04 15:07:27,235 INFO  - Already have ACK (at simulation time 87.000,000,000 s)
2025-06-04 15:07:27,235 INFO  - Already have ACK (at simulation time 87.000,000,000 s)
2025-06-04 15:07:27,235 INFO  - Already have ACK (at simulation time 87.000,000,000 s)
2025-06-04 15:07:27,236 INFO  - Already have ACK (at simulation time 87.000,000,000 s)
2025-06-04 15:07:27,236 INFO  - Already have ACK (at simulation time 87.000,000,000 s)
2025-06-04 15:07:27,236 INFO  - Already have ACK (at simulation time 87.000,000,000 s)
2025-06-04 15:07:27,236 INFO  - Already have ACK (at simulation time 87.000,000,000 s)
2025-06-04 15:07:27,236 INFO  - Already have ACK (at simulation time 87.000,000,000 s)
2025-06-04 15:07:27,236 INFO  - Already have ACK (at simulation time 87.000,000,000 s)
2025-06-04 15:07:27,236 INFO  - Already have ACK (at simulation time 87.000,000,000 s)
2025-06-04 15:07:27,236 INFO  - Already have ACK (at simulation time 87.000,000,000 s)
2025-06-04 15:07:27,236 INFO  - Already have ACK (at simulation time 87.000,000,000 s)
2025-06-04 15:07:27,236 INFO  - Already have ACK (at simulation time 87.000,000,000 s)
2025-06-04 15:07:27,236 INFO  - Already have ACK (at simulation time 87.000,000,000 s)
2025-06-04 15:07:27,236 INFO  - Already have ACK (at simulation time 87.000,000,000 s)
2025-06-04 15:07:27,236 INFO  - Already have ACK (at simulation time 87.000,000,000 s)
2025-06-04 15:07:27,236 INFO  - Already have ACK (at simulation time 87.000,000,000 s)
2025-06-04 15:07:27,236 INFO  - Already have ACK (at simulation time 87.000,000,000 s)
2025-06-04 15:07:27,236 INFO  - Already have ACK (at simulation time 87.000,000,000 s)
2025-06-04 15:07:27,236 INFO  - Already have ACK (at simulation time 87.000,000,000 s)
2025-06-04 15:07:27,236 INFO  - Already have ACK (at simulation time 87.000,000,000 s)
2025-06-04 15:07:27,236 INFO  - Already have ACK (at simulation time 87.000,000,000 s)
2025-06-04 15:07:27,236 INFO  - Already have ACK (at simulation time 87.000,000,000 s)
2025-06-04 15:07:27,236 INFO  - Already have ACK (at simulation time 87.000,000,000 s)
2025-06-04 15:07:27,236 INFO  - Already have ACK (at simulation time 87.000,000,000 s)
2025-06-04 15:07:27,239 INFO  - Already have ACK (at simulation time 88.000,000,000 s)
2025-06-04 15:07:27,240 INFO  - Already have ACK (at simulation time 88.000,000,000 s)
2025-06-04 15:07:27,240 INFO  - Already have ACK (at simulation time 88.000,000,000 s)
2025-06-04 15:07:27,240 INFO  - Already have ACK (at simulation time 88.000,000,000 s)
2025-06-04 15:07:27,240 INFO  - Already have ACK (at simulation time 88.000,000,000 s)
2025-06-04 15:07:27,240 INFO  - Already have ACK (at simulation time 88.000,000,000 s)
2025-06-04 15:07:27,240 INFO  - Already have ACK (at simulation time 88.000,000,000 s)
2025-06-04 15:07:27,241 INFO  - Already have ACK (at simulation time 88.000,000,000 s)
2025-06-04 15:07:27,241 INFO  - Already have ACK (at simulation time 88.000,000,000 s)
2025-06-04 15:07:27,241 INFO  - Already have ACK (at simulation time 88.000,000,000 s)
2025-06-04 15:07:27,241 INFO  - Already have ACK (at simulation time 88.000,000,000 s)
2025-06-04 15:07:27,241 INFO  - Already have ACK (at simulation time 88.000,000,000 s)
2025-06-04 15:07:27,241 INFO  - Already have ACK (at simulation time 88.000,000,000 s)
2025-06-04 15:07:27,241 INFO  - Already have ACK (at simulation time 88.000,000,000 s)
2025-06-04 15:07:27,241 INFO  - Already have ACK (at simulation time 88.000,000,000 s)
2025-06-04 15:07:27,241 INFO  - Already have ACK (at simulation time 88.000,000,000 s)
2025-06-04 15:07:27,242 INFO  - Already have ACK (at simulation time 88.000,000,000 s)
2025-06-04 15:07:27,242 INFO  - Already have ACK (at simulation time 88.000,000,000 s)
2025-06-04 15:07:27,242 INFO  - Already have ACK (at simulation time 88.000,000,000 s)
2025-06-04 15:07:27,242 INFO  - Already have ACK (at simulation time 88.000,000,000 s)
2025-06-04 15:07:27,242 INFO  - Already have ACK (at simulation time 88.000,000,000 s)
2025-06-04 15:07:27,242 INFO  - Already have ACK (at simulation time 88.000,000,000 s)
2025-06-04 15:07:27,242 INFO  - Already have ACK (at simulation time 88.000,000,000 s)
2025-06-04 15:07:27,242 INFO  - Already have ACK (at simulation time 88.000,000,000 s)
2025-06-04 15:07:27,242 INFO  - Already have ACK (at simulation time 88.000,000,000 s)
2025-06-04 15:07:27,243 INFO  - Already have ACK (at simulation time 88.000,000,000 s)
2025-06-04 15:07:27,243 INFO  - Already have ACK (at simulation time 88.000,000,000 s)
2025-06-04 15:07:27,243 INFO  - Already have ACK (at simulation time 88.000,000,000 s)
2025-06-04 15:07:27,243 INFO  - Already have ACK (at simulation time 88.000,000,000 s)
2025-06-04 15:07:27,243 INFO  - Already have ACK (at simulation time 88.000,000,000 s)
2025-06-04 15:07:27,243 INFO  - Already have ACK (at simulation time 88.000,000,000 s)
2025-06-04 15:07:27,243 INFO  - Already have ACK (at simulation time 88.000,000,000 s)
2025-06-04 15:07:27,243 INFO  - Already have ACK (at simulation time 88.000,000,000 s)
2025-06-04 15:07:27,243 INFO  - Already have ACK (at simulation time 88.000,000,000 s)
2025-06-04 15:07:27,243 INFO  - Already have ACK (at simulation time 88.000,000,000 s)
2025-06-04 15:07:27,243 INFO  - Already have ACK (at simulation time 88.000,000,000 s)
2025-06-04 15:07:27,243 INFO  - Already have ACK (at simulation time 88.000,000,000 s)
2025-06-04 15:07:27,244 INFO  - Already have ACK (at simulation time 88.000,000,000 s)
2025-06-04 15:07:27,244 INFO  - Already have ACK (at simulation time 88.000,000,000 s)
2025-06-04 15:07:27,244 INFO  - Already have ACK (at simulation time 88.000,000,000 s)
2025-06-04 15:07:27,244 INFO  - Already have ACK (at simulation time 88.000,000,000 s)
2025-06-04 15:07:27,244 INFO  - Already have ACK (at simulation time 88.000,000,000 s)
2025-06-04 15:07:27,244 INFO  - Already have ACK (at simulation time 88.000,000,000 s)
2025-06-04 15:07:27,244 INFO  - Already have ACK (at simulation time 88.000,000,000 s)
2025-06-04 15:07:27,244 INFO  - Already have ACK (at simulation time 88.000,000,000 s)
2025-06-04 15:07:27,244 INFO  - Already have ACK (at simulation time 88.000,000,000 s)
2025-06-04 15:07:27,244 INFO  - Already have ACK (at simulation time 88.000,000,000 s)
2025-06-04 15:07:27,244 INFO  - Already have ACK (at simulation time 88.000,000,000 s)
2025-06-04 15:07:27,244 INFO  - Already have ACK (at simulation time 88.000,000,000 s)
2025-06-04 15:07:27,244 INFO  - Already have ACK (at simulation time 88.000,000,000 s)
2025-06-04 15:07:27,244 INFO  - Already have ACK (at simulation time 88.000,000,000 s)
2025-06-04 15:07:27,244 INFO  - Already have ACK (at simulation time 88.000,000,000 s)
2025-06-04 15:07:27,244 INFO  - Already have ACK (at simulation time 88.000,000,000 s)
2025-06-04 15:07:27,244 INFO  - Already have ACK (at simulation time 88.000,000,000 s)
2025-06-04 15:07:27,245 INFO  - Already have ACK (at simulation time 88.000,000,000 s)
2025-06-04 15:07:27,245 INFO  - Already have ACK (at simulation time 88.000,000,000 s)
2025-06-04 15:07:27,245 INFO  - Already have ACK (at simulation time 88.000,000,000 s)
2025-06-04 15:07:27,245 INFO  - Already have ACK (at simulation time 88.000,000,000 s)
2025-06-04 15:07:27,245 INFO  - Already have ACK (at simulation time 88.000,000,000 s)
2025-06-04 15:07:27,245 INFO  - Already have ACK (at simulation time 88.000,000,000 s)
2025-06-04 15:07:27,245 INFO  - Already have ACK (at simulation time 88.000,000,000 s)
2025-06-04 15:07:27,245 INFO  - Already have ACK (at simulation time 88.000,000,000 s)
2025-06-04 15:07:27,245 INFO  - Already have ACK (at simulation time 88.000,000,000 s)
2025-06-04 15:07:27,245 INFO  - Already have ACK (at simulation time 88.000,000,000 s)
2025-06-04 15:07:27,245 INFO  - Already have ACK (at simulation time 88.000,000,000 s)
2025-06-04 15:07:27,245 INFO  - Already have ACK (at simulation time 88.000,000,000 s)
2025-06-04 15:07:27,245 INFO  - Already have ACK (at simulation time 88.000,000,000 s)
2025-06-04 15:07:27,245 INFO  - Already have ACK (at simulation time 88.000,000,000 s)
2025-06-04 15:07:27,245 INFO  - Already have ACK (at simulation time 88.000,000,000 s)
2025-06-04 15:07:27,245 INFO  - Already have ACK (at simulation time 88.000,000,000 s)
2025-06-04 15:07:27,245 INFO  - Already have ACK (at simulation time 88.000,000,000 s)
2025-06-04 15:07:27,245 INFO  - Already have ACK (at simulation time 88.000,000,000 s)
2025-06-04 15:07:27,245 INFO  - Already have ACK (at simulation time 88.000,000,000 s)
2025-06-04 15:07:27,245 INFO  - Already have ACK (at simulation time 88.000,000,000 s)
2025-06-04 15:07:27,245 INFO  - Already have ACK (at simulation time 88.000,000,000 s)
2025-06-04 15:07:27,245 INFO  - Already have ACK (at simulation time 88.000,000,000 s)
2025-06-04 15:07:27,245 INFO  - Already have ACK (at simulation time 88.000,000,000 s)
2025-06-04 15:07:27,245 INFO  - Already have ACK (at simulation time 88.000,000,000 s)
2025-06-04 15:07:27,245 INFO  - Already have ACK (at simulation time 88.000,000,000 s)
2025-06-04 15:07:27,245 INFO  - Already have ACK (at simulation time 88.000,000,000 s)
2025-06-04 15:07:27,245 INFO  - Already have ACK (at simulation time 88.000,000,000 s)
2025-06-04 15:07:27,245 INFO  - Already have ACK (at simulation time 88.000,000,000 s)
2025-06-04 15:07:27,245 INFO  - Already have ACK (at simulation time 88.000,000,000 s)
2025-06-04 15:07:27,256 INFO  - Already have ACK (at simulation time 89.000,000,000 s)
2025-06-04 15:07:27,257 INFO  - Already have ACK (at simulation time 89.000,000,000 s)
2025-06-04 15:07:27,257 INFO  - Already have ACK (at simulation time 89.000,000,000 s)
2025-06-04 15:07:27,257 INFO  - Already have ACK (at simulation time 89.000,000,000 s)
2025-06-04 15:07:27,257 INFO  - Already have ACK (at simulation time 89.000,000,000 s)
2025-06-04 15:07:27,257 INFO  - Already have ACK (at simulation time 89.000,000,000 s)
2025-06-04 15:07:27,257 INFO  - Already have ACK (at simulation time 89.000,000,000 s)
2025-06-04 15:07:27,257 INFO  - Already have ACK (at simulation time 89.000,000,000 s)
2025-06-04 15:07:27,258 INFO  - Already have ACK (at simulation time 89.000,000,000 s)
2025-06-04 15:07:27,258 INFO  - Already have ACK (at simulation time 89.000,000,000 s)
2025-06-04 15:07:27,258 INFO  - Already have ACK (at simulation time 89.000,000,000 s)
2025-06-04 15:07:27,258 INFO  - Already have ACK (at simulation time 89.000,000,000 s)
2025-06-04 15:07:27,258 INFO  - Already have ACK (at simulation time 89.000,000,000 s)
2025-06-04 15:07:27,258 INFO  - Already have ACK (at simulation time 89.000,000,000 s)
2025-06-04 15:07:27,258 INFO  - Already have ACK (at simulation time 89.000,000,000 s)
2025-06-04 15:07:27,258 INFO  - Already have ACK (at simulation time 89.000,000,000 s)
2025-06-04 15:07:27,258 INFO  - Already have ACK (at simulation time 89.000,000,000 s)
2025-06-04 15:07:27,259 INFO  - Already have ACK (at simulation time 89.000,000,000 s)
2025-06-04 15:07:27,259 INFO  - Already have ACK (at simulation time 89.000,000,000 s)
2025-06-04 15:07:27,259 INFO  - Already have ACK (at simulation time 89.000,000,000 s)
2025-06-04 15:07:27,259 INFO  - Already have ACK (at simulation time 89.000,000,000 s)
2025-06-04 15:07:27,259 INFO  - Already have ACK (at simulation time 89.000,000,000 s)
2025-06-04 15:07:27,259 INFO  - Already have ACK (at simulation time 89.000,000,000 s)
2025-06-04 15:07:27,259 INFO  - Already have ACK (at simulation time 89.000,000,000 s)
2025-06-04 15:07:27,259 INFO  - Already have ACK (at simulation time 89.000,000,000 s)
2025-06-04 15:07:27,259 INFO  - Already have ACK (at simulation time 89.000,000,000 s)
2025-06-04 15:07:27,259 INFO  - Already have ACK (at simulation time 89.000,000,000 s)
2025-06-04 15:07:27,260 INFO  - Already have ACK (at simulation time 89.000,000,000 s)
2025-06-04 15:07:27,260 INFO  - Already have ACK (at simulation time 89.000,000,000 s)
2025-06-04 15:07:27,260 INFO  - Already have ACK (at simulation time 89.000,000,000 s)
2025-06-04 15:07:27,260 INFO  - Already have ACK (at simulation time 89.000,000,000 s)
2025-06-04 15:07:27,260 INFO  - Already have ACK (at simulation time 89.000,000,000 s)
2025-06-04 15:07:27,260 INFO  - Already have ACK (at simulation time 89.000,000,000 s)
2025-06-04 15:07:27,260 INFO  - Already have ACK (at simulation time 89.000,000,000 s)
2025-06-04 15:07:27,260 INFO  - Already have ACK (at simulation time 89.000,000,000 s)
2025-06-04 15:07:27,260 INFO  - Already have ACK (at simulation time 89.000,000,000 s)
2025-06-04 15:07:27,260 INFO  - Already have ACK (at simulation time 89.000,000,000 s)
2025-06-04 15:07:27,260 INFO  - Already have ACK (at simulation time 89.000,000,000 s)
2025-06-04 15:07:27,260 INFO  - Already have ACK (at simulation time 89.000,000,000 s)
2025-06-04 15:07:27,260 INFO  - Already have ACK (at simulation time 89.000,000,000 s)
2025-06-04 15:07:27,261 INFO  - Already have ACK (at simulation time 89.000,000,000 s)
2025-06-04 15:07:27,261 INFO  - Already have ACK (at simulation time 89.000,000,000 s)
2025-06-04 15:07:27,261 INFO  - Already have ACK (at simulation time 89.000,000,000 s)
2025-06-04 15:07:27,261 INFO  - Already have ACK (at simulation time 89.000,000,000 s)
2025-06-04 15:07:27,261 INFO  - Already have ACK (at simulation time 89.000,000,000 s)
2025-06-04 15:07:27,261 INFO  - Already have ACK (at simulation time 89.000,000,000 s)
2025-06-04 15:07:27,261 INFO  - Already have ACK (at simulation time 89.000,000,000 s)
2025-06-04 15:07:27,261 INFO  - Already have ACK (at simulation time 89.000,000,000 s)
2025-06-04 15:07:27,261 INFO  - Already have ACK (at simulation time 89.000,000,000 s)
2025-06-04 15:07:27,261 INFO  - Already have ACK (at simulation time 89.000,000,000 s)
2025-06-04 15:07:27,261 INFO  - Already have ACK (at simulation time 89.000,000,000 s)
2025-06-04 15:07:27,261 INFO  - Already have ACK (at simulation time 89.000,000,000 s)
2025-06-04 15:07:27,262 INFO  - Already have ACK (at simulation time 89.000,000,000 s)
2025-06-04 15:07:27,262 INFO  - Already have ACK (at simulation time 89.000,000,000 s)
2025-06-04 15:07:27,262 INFO  - Already have ACK (at simulation time 89.000,000,000 s)
2025-06-04 15:07:27,262 INFO  - Already have ACK (at simulation time 89.000,000,000 s)
2025-06-04 15:07:27,262 INFO  - Already have ACK (at simulation time 89.000,000,000 s)
2025-06-04 15:07:27,262 INFO  - Already have ACK (at simulation time 89.000,000,000 s)
2025-06-04 15:07:27,262 INFO  - Already have ACK (at simulation time 89.000,000,000 s)
2025-06-04 15:07:27,262 INFO  - Already have ACK (at simulation time 89.000,000,000 s)
2025-06-04 15:07:27,262 INFO  - Already have ACK (at simulation time 89.000,000,000 s)
2025-06-04 15:07:27,262 INFO  - Already have ACK (at simulation time 89.000,000,000 s)
2025-06-04 15:07:27,262 INFO  - Already have ACK (at simulation time 89.000,000,000 s)
2025-06-04 15:07:27,262 INFO  - Already have ACK (at simulation time 89.000,000,000 s)
2025-06-04 15:07:27,262 INFO  - Already have ACK (at simulation time 89.000,000,000 s)
2025-06-04 15:07:27,262 INFO  - Already have ACK (at simulation time 89.000,000,000 s)
2025-06-04 15:07:27,262 INFO  - Already have ACK (at simulation time 89.000,000,000 s)
2025-06-04 15:07:27,262 INFO  - Already have ACK (at simulation time 89.000,000,000 s)
2025-06-04 15:07:27,262 INFO  - Already have ACK (at simulation time 89.000,000,000 s)
2025-06-04 15:07:27,262 INFO  - Already have ACK (at simulation time 89.000,000,000 s)
2025-06-04 15:07:27,262 INFO  - Already have ACK (at simulation time 89.000,000,000 s)
2025-06-04 15:07:27,262 INFO  - Already have ACK (at simulation time 89.000,000,000 s)
2025-06-04 15:07:27,262 INFO  - Already have ACK (at simulation time 89.000,000,000 s)
2025-06-04 15:07:27,262 INFO  - Already have ACK (at simulation time 89.000,000,000 s)
2025-06-04 15:07:27,262 INFO  - Already have ACK (at simulation time 89.000,000,000 s)
2025-06-04 15:07:27,262 INFO  - Already have ACK (at simulation time 89.000,000,000 s)
2025-06-04 15:07:27,262 INFO  - Already have ACK (at simulation time 89.000,000,000 s)
2025-06-04 15:07:27,262 INFO  - Already have ACK (at simulation time 89.000,000,000 s)
2025-06-04 15:07:27,262 INFO  - Already have ACK (at simulation time 89.000,000,000 s)
2025-06-04 15:07:27,262 INFO  - Already have ACK (at simulation time 89.000,000,000 s)
2025-06-04 15:07:27,262 INFO  - Already have ACK (at simulation time 89.000,000,000 s)
2025-06-04 15:07:27,262 INFO  - Already have ACK (at simulation time 89.000,000,000 s)
2025-06-04 15:07:27,262 INFO  - Already have ACK (at simulation time 89.000,000,000 s)
2025-06-04 15:07:27,262 INFO  - Already have ACK (at simulation time 89.000,000,000 s)
2025-06-04 15:07:27,266 INFO  - Already have ACK (at simulation time 90.000,000,000 s)
2025-06-04 15:07:27,267 INFO  - Already have ACK (at simulation time 90.000,000,000 s)
2025-06-04 15:07:27,267 INFO  - Already have ACK (at simulation time 90.000,000,000 s)
2025-06-04 15:07:27,267 INFO  - Already have ACK (at simulation time 90.000,000,000 s)
2025-06-04 15:07:27,267 INFO  - Already have ACK (at simulation time 90.000,000,000 s)
2025-06-04 15:07:27,267 INFO  - Already have ACK (at simulation time 90.000,000,000 s)
2025-06-04 15:07:27,267 INFO  - Already have ACK (at simulation time 90.000,000,000 s)
2025-06-04 15:07:27,267 INFO  - Already have ACK (at simulation time 90.000,000,000 s)
2025-06-04 15:07:27,268 INFO  - Already have ACK (at simulation time 90.000,000,000 s)
2025-06-04 15:07:27,268 INFO  - Already have ACK (at simulation time 90.000,000,000 s)
2025-06-04 15:07:27,268 INFO  - Already have ACK (at simulation time 90.000,000,000 s)
2025-06-04 15:07:27,268 INFO  - Already have ACK (at simulation time 90.000,000,000 s)
2025-06-04 15:07:27,268 INFO  - Already have ACK (at simulation time 90.000,000,000 s)
2025-06-04 15:07:27,268 INFO  - Already have ACK (at simulation time 90.000,000,000 s)
2025-06-04 15:07:27,268 INFO  - Already have ACK (at simulation time 90.000,000,000 s)
2025-06-04 15:07:27,268 INFO  - Already have ACK (at simulation time 90.000,000,000 s)
2025-06-04 15:07:27,268 INFO  - Already have ACK (at simulation time 90.000,000,000 s)
2025-06-04 15:07:27,269 INFO  - Already have ACK (at simulation time 90.000,000,000 s)
2025-06-04 15:07:27,269 INFO  - Already have ACK (at simulation time 90.000,000,000 s)
2025-06-04 15:07:27,269 INFO  - Already have ACK (at simulation time 90.000,000,000 s)
2025-06-04 15:07:27,269 INFO  - Already have ACK (at simulation time 90.000,000,000 s)
2025-06-04 15:07:27,269 INFO  - Already have ACK (at simulation time 90.000,000,000 s)
2025-06-04 15:07:27,269 INFO  - Already have ACK (at simulation time 90.000,000,000 s)
2025-06-04 15:07:27,269 INFO  - Already have ACK (at simulation time 90.000,000,000 s)
2025-06-04 15:07:27,269 INFO  - Already have ACK (at simulation time 90.000,000,000 s)
2025-06-04 15:07:27,269 INFO  - Already have ACK (at simulation time 90.000,000,000 s)
2025-06-04 15:07:27,269 INFO  - Already have ACK (at simulation time 90.000,000,000 s)
2025-06-04 15:07:27,270 INFO  - Already have ACK (at simulation time 90.000,000,000 s)
2025-06-04 15:07:27,270 INFO  - Already have ACK (at simulation time 90.000,000,000 s)
2025-06-04 15:07:27,270 INFO  - Already have ACK (at simulation time 90.000,000,000 s)
2025-06-04 15:07:27,270 INFO  - Already have ACK (at simulation time 90.000,000,000 s)
2025-06-04 15:07:27,270 INFO  - Already have ACK (at simulation time 90.000,000,000 s)
2025-06-04 15:07:27,270 INFO  - Already have ACK (at simulation time 90.000,000,000 s)
2025-06-04 15:07:27,270 INFO  - Already have ACK (at simulation time 90.000,000,000 s)
2025-06-04 15:07:27,270 INFO  - Already have ACK (at simulation time 90.000,000,000 s)
2025-06-04 15:07:27,270 INFO  - Already have ACK (at simulation time 90.000,000,000 s)
2025-06-04 15:07:27,270 INFO  - Already have ACK (at simulation time 90.000,000,000 s)
2025-06-04 15:07:27,270 INFO  - Already have ACK (at simulation time 90.000,000,000 s)
2025-06-04 15:07:27,270 INFO  - Already have ACK (at simulation time 90.000,000,000 s)
2025-06-04 15:07:27,270 INFO  - Already have ACK (at simulation time 90.000,000,000 s)
2025-06-04 15:07:27,271 INFO  - Already have ACK (at simulation time 90.000,000,000 s)
2025-06-04 15:07:27,271 INFO  - Already have ACK (at simulation time 90.000,000,000 s)
2025-06-04 15:07:27,271 INFO  - Already have ACK (at simulation time 90.000,000,000 s)
2025-06-04 15:07:27,271 INFO  - Already have ACK (at simulation time 90.000,000,000 s)
2025-06-04 15:07:27,271 INFO  - Already have ACK (at simulation time 90.000,000,000 s)
2025-06-04 15:07:27,271 INFO  - Already have ACK (at simulation time 90.000,000,000 s)
2025-06-04 15:07:27,271 INFO  - Already have ACK (at simulation time 90.000,000,000 s)
2025-06-04 15:07:27,271 INFO  - Already have ACK (at simulation time 90.000,000,000 s)
2025-06-04 15:07:27,271 INFO  - Already have ACK (at simulation time 90.000,000,000 s)
2025-06-04 15:07:27,271 INFO  - Already have ACK (at simulation time 90.000,000,000 s)
2025-06-04 15:07:27,271 INFO  - Already have ACK (at simulation time 90.000,000,000 s)
2025-06-04 15:07:27,271 INFO  - Already have ACK (at simulation time 90.000,000,000 s)
2025-06-04 15:07:27,271 INFO  - Already have ACK (at simulation time 90.000,000,000 s)
2025-06-04 15:07:27,271 INFO  - Already have ACK (at simulation time 90.000,000,000 s)
2025-06-04 15:07:27,271 INFO  - Already have ACK (at simulation time 90.000,000,000 s)
2025-06-04 15:07:27,271 INFO  - Already have ACK (at simulation time 90.000,000,000 s)
2025-06-04 15:07:27,272 INFO  - Already have ACK (at simulation time 90.000,000,000 s)
2025-06-04 15:07:27,272 INFO  - Already have ACK (at simulation time 90.000,000,000 s)
2025-06-04 15:07:27,272 INFO  - Already have ACK (at simulation time 90.000,000,000 s)
2025-06-04 15:07:27,272 INFO  - Already have ACK (at simulation time 90.000,000,000 s)
2025-06-04 15:07:27,272 INFO  - Already have ACK (at simulation time 90.000,000,000 s)
2025-06-04 15:07:27,272 INFO  - Already have ACK (at simulation time 90.000,000,000 s)
2025-06-04 15:07:27,272 INFO  - Already have ACK (at simulation time 90.000,000,000 s)
2025-06-04 15:07:27,272 INFO  - Already have ACK (at simulation time 90.000,000,000 s)
2025-06-04 15:07:27,272 INFO  - Already have ACK (at simulation time 90.000,000,000 s)
2025-06-04 15:07:27,272 INFO  - Already have ACK (at simulation time 90.000,000,000 s)
2025-06-04 15:07:27,272 INFO  - Already have ACK (at simulation time 90.000,000,000 s)
2025-06-04 15:07:27,272 INFO  - Already have ACK (at simulation time 90.000,000,000 s)
2025-06-04 15:07:27,272 INFO  - Already have ACK (at simulation time 90.000,000,000 s)
2025-06-04 15:07:27,272 INFO  - Already have ACK (at simulation time 90.000,000,000 s)
2025-06-04 15:07:27,272 INFO  - Already have ACK (at simulation time 90.000,000,000 s)
2025-06-04 15:07:27,272 INFO  - Already have ACK (at simulation time 90.000,000,000 s)
2025-06-04 15:07:27,272 INFO  - Already have ACK (at simulation time 90.000,000,000 s)
2025-06-04 15:07:27,272 INFO  - Already have ACK (at simulation time 90.000,000,000 s)
2025-06-04 15:07:27,272 INFO  - Already have ACK (at simulation time 90.000,000,000 s)
2025-06-04 15:07:27,272 INFO  - Already have ACK (at simulation time 90.000,000,000 s)
2025-06-04 15:07:27,272 INFO  - Already have ACK (at simulation time 90.000,000,000 s)
2025-06-04 15:07:27,272 INFO  - Already have ACK (at simulation time 90.000,000,000 s)
2025-06-04 15:07:27,272 INFO  - Already have ACK (at simulation time 90.000,000,000 s)
2025-06-04 15:07:27,272 INFO  - Already have ACK (at simulation time 90.000,000,000 s)
2025-06-04 15:07:27,272 INFO  - Already have ACK (at simulation time 90.000,000,000 s)
2025-06-04 15:07:27,272 INFO  - Already have ACK (at simulation time 90.000,000,000 s)
2025-06-04 15:07:27,272 INFO  - Already have ACK (at simulation time 90.000,000,000 s)
2025-06-04 15:07:27,272 INFO  - Already have ACK (at simulation time 90.000,000,000 s)
2025-06-04 15:07:27,272 INFO  - Already have ACK (at simulation time 90.000,000,000 s)
2025-06-04 15:07:27,275 INFO  - Sent periodic GreenWaveMsg: veh_1 on route r_1 (at simulation time 91.000,000,000 s)
2025-06-04 15:07:27,275 INFO  - Already have ACK (at simulation time 91.000,000,000 s)
2025-06-04 15:07:27,276 INFO  - Already have ACK (at simulation time 91.000,000,000 s)
2025-06-04 15:07:27,276 INFO  - Already have ACK (at simulation time 91.000,000,000 s)
2025-06-04 15:07:27,276 INFO  - Already have ACK (at simulation time 91.000,000,000 s)
2025-06-04 15:07:27,276 INFO  - Already have ACK (at simulation time 91.000,000,000 s)
2025-06-04 15:07:27,276 INFO  - Already have ACK (at simulation time 91.000,000,000 s)
2025-06-04 15:07:27,277 INFO  - Already have ACK (at simulation time 91.000,000,000 s)
2025-06-04 15:07:27,277 INFO  - Already have ACK (at simulation time 91.000,000,000 s)
2025-06-04 15:07:27,280 INFO  - Already have ACK (at simulation time 91.000,000,000 s)
2025-06-04 15:07:27,280 INFO  - Already have ACK (at simulation time 91.000,000,000 s)
2025-06-04 15:07:27,280 INFO  - Already have ACK (at simulation time 91.000,000,000 s)
2025-06-04 15:07:27,280 INFO  - Already have ACK (at simulation time 91.000,000,000 s)
2025-06-04 15:07:27,280 INFO  - Already have ACK (at simulation time 91.000,000,000 s)
2025-06-04 15:07:27,281 INFO  - Already have ACK (at simulation time 91.000,000,000 s)
2025-06-04 15:07:27,281 INFO  - Already have ACK (at simulation time 91.000,000,000 s)
2025-06-04 15:07:27,281 INFO  - Already have ACK (at simulation time 91.000,000,000 s)
2025-06-04 15:07:27,281 INFO  - Already have ACK (at simulation time 91.000,000,000 s)
2025-06-04 15:07:27,281 INFO  - Already have ACK (at simulation time 91.000,000,000 s)
2025-06-04 15:07:27,281 INFO  - Already have ACK (at simulation time 91.000,000,000 s)
2025-06-04 15:07:27,281 INFO  - Already have ACK (at simulation time 91.000,000,000 s)
2025-06-04 15:07:27,281 INFO  - Already have ACK (at simulation time 91.000,000,000 s)
2025-06-04 15:07:27,282 INFO  - Already have ACK (at simulation time 91.000,000,000 s)
2025-06-04 15:07:27,282 INFO  - Already have ACK (at simulation time 91.000,000,000 s)
2025-06-04 15:07:27,282 INFO  - Already have ACK (at simulation time 91.000,000,000 s)
2025-06-04 15:07:27,282 INFO  - Already have ACK (at simulation time 91.000,000,000 s)
2025-06-04 15:07:27,282 INFO  - Already have ACK (at simulation time 91.000,000,000 s)
2025-06-04 15:07:27,282 INFO  - Already have ACK (at simulation time 91.000,000,000 s)
2025-06-04 15:07:27,282 INFO  - Already have ACK (at simulation time 91.000,000,000 s)
2025-06-04 15:07:27,282 INFO  - Already have ACK (at simulation time 91.000,000,000 s)
2025-06-04 15:07:27,282 INFO  - Already have ACK (at simulation time 91.000,000,000 s)
2025-06-04 15:07:27,283 INFO  - Already have ACK (at simulation time 91.000,000,000 s)
2025-06-04 15:07:27,283 INFO  - Already have ACK (at simulation time 91.000,000,000 s)
2025-06-04 15:07:27,283 INFO  - Already have ACK (at simulation time 91.000,000,000 s)
2025-06-04 15:07:27,283 INFO  - Already have ACK (at simulation time 91.000,000,000 s)
2025-06-04 15:07:27,283 INFO  - Already have ACK (at simulation time 91.000,000,000 s)
2025-06-04 15:07:27,283 INFO  - Already have ACK (at simulation time 91.000,000,000 s)
2025-06-04 15:07:27,283 INFO  - Already have ACK (at simulation time 91.000,000,000 s)
2025-06-04 15:07:27,283 INFO  - Already have ACK (at simulation time 91.000,000,000 s)
2025-06-04 15:07:27,283 INFO  - Already have ACK (at simulation time 91.000,000,000 s)
2025-06-04 15:07:27,283 INFO  - Already have ACK (at simulation time 91.000,000,000 s)
2025-06-04 15:07:27,284 INFO  - Already have ACK (at simulation time 91.000,000,000 s)
2025-06-04 15:07:27,284 INFO  - Already have ACK (at simulation time 91.000,000,000 s)
2025-06-04 15:07:27,284 INFO  - Already have ACK (at simulation time 91.000,000,000 s)
2025-06-04 15:07:27,284 INFO  - Already have ACK (at simulation time 91.000,000,000 s)
2025-06-04 15:07:27,284 INFO  - Already have ACK (at simulation time 91.000,000,000 s)
2025-06-04 15:07:27,284 INFO  - Already have ACK (at simulation time 91.000,000,000 s)
2025-06-04 15:07:27,284 INFO  - Already have ACK (at simulation time 91.000,000,000 s)
2025-06-04 15:07:27,284 INFO  - Already have ACK (at simulation time 91.000,000,000 s)
2025-06-04 15:07:27,284 INFO  - Already have ACK (at simulation time 91.000,000,000 s)
2025-06-04 15:07:27,284 INFO  - Already have ACK (at simulation time 91.000,000,000 s)
2025-06-04 15:07:27,284 INFO  - Already have ACK (at simulation time 91.000,000,000 s)
2025-06-04 15:07:27,284 INFO  - Already have ACK (at simulation time 91.000,000,000 s)
2025-06-04 15:07:27,284 INFO  - Already have ACK (at simulation time 91.000,000,000 s)
2025-06-04 15:07:27,284 INFO  - Already have ACK (at simulation time 91.000,000,000 s)
2025-06-04 15:07:27,285 INFO  - Already have ACK (at simulation time 91.000,000,000 s)
2025-06-04 15:07:27,285 INFO  - Already have ACK (at simulation time 91.000,000,000 s)
2025-06-04 15:07:27,285 INFO  - Already have ACK (at simulation time 91.000,000,000 s)
2025-06-04 15:07:27,285 INFO  - Already have ACK (at simulation time 91.000,000,000 s)
2025-06-04 15:07:27,285 INFO  - Already have ACK (at simulation time 91.000,000,000 s)
2025-06-04 15:07:27,285 INFO  - Already have ACK (at simulation time 91.000,000,000 s)
2025-06-04 15:07:27,285 INFO  - Already have ACK (at simulation time 91.000,000,000 s)
2025-06-04 15:07:27,285 INFO  - Already have ACK (at simulation time 91.000,000,000 s)
2025-06-04 15:07:27,285 INFO  - Already have ACK (at simulation time 91.000,000,000 s)
2025-06-04 15:07:27,285 INFO  - Already have ACK (at simulation time 91.000,000,000 s)
2025-06-04 15:07:27,285 INFO  - Already have ACK (at simulation time 91.000,000,000 s)
2025-06-04 15:07:27,285 INFO  - Already have ACK (at simulation time 91.000,000,000 s)
2025-06-04 15:07:27,285 INFO  - Already have ACK (at simulation time 91.000,000,000 s)
2025-06-04 15:07:27,285 INFO  - Already have ACK (at simulation time 91.000,000,000 s)
2025-06-04 15:07:27,285 INFO  - Already have ACK (at simulation time 91.000,000,000 s)
2025-06-04 15:07:27,285 INFO  - Already have ACK (at simulation time 91.000,000,000 s)
2025-06-04 15:07:27,285 INFO  - Already have ACK (at simulation time 91.000,000,000 s)
2025-06-04 15:07:27,285 INFO  - Already have ACK (at simulation time 91.000,000,000 s)
2025-06-04 15:07:27,285 INFO  - Already have ACK (at simulation time 91.000,000,000 s)
2025-06-04 15:07:27,285 INFO  - Already have ACK (at simulation time 91.000,000,000 s)
2025-06-04 15:07:27,285 INFO  - Already have ACK (at simulation time 91.000,000,000 s)
2025-06-04 15:07:27,285 INFO  - Already have ACK (at simulation time 91.000,000,000 s)
2025-06-04 15:07:27,285 INFO  - Already have ACK (at simulation time 91.000,000,000 s)
2025-06-04 15:07:27,286 INFO  - Already have ACK (at simulation time 91.000,000,000 s)
2025-06-04 15:07:27,286 INFO  - Already have ACK (at simulation time 91.000,000,000 s)
2025-06-04 15:07:27,286 INFO  - Already have ACK (at simulation time 91.000,000,000 s)
2025-06-04 15:07:27,286 INFO  - Already have ACK (at simulation time 91.000,000,000 s)
2025-06-04 15:07:27,286 INFO  - Already have ACK (at simulation time 91.000,000,000 s)
2025-06-04 15:07:27,286 INFO  - Already have ACK (at simulation time 91.000,000,000 s)
2025-06-04 15:07:27,286 INFO  - Already have ACK (at simulation time 91.000,000,000 s)
2025-06-04 15:07:27,286 INFO  - Already have ACK (at simulation time 91.000,000,000 s)
2025-06-04 15:07:27,286 INFO  - Already have ACK (at simulation time 91.000,000,000 s)
2025-06-04 15:07:27,288 INFO  - Already have ACK (at simulation time 92.000,000,000 s)
2025-06-04 15:07:27,289 INFO  - Already have ACK (at simulation time 92.000,000,000 s)
2025-06-04 15:07:27,289 INFO  - Already have ACK (at simulation time 92.000,000,000 s)
2025-06-04 15:07:27,290 INFO  - Already have ACK (at simulation time 92.000,000,000 s)
2025-06-04 15:07:27,290 INFO  - Already have ACK (at simulation time 92.000,000,000 s)
2025-06-04 15:07:27,290 INFO  - Already have ACK (at simulation time 92.000,000,000 s)
2025-06-04 15:07:27,290 INFO  - Already have ACK (at simulation time 92.000,000,000 s)
2025-06-04 15:07:27,290 INFO  - Already have ACK (at simulation time 92.000,000,000 s)
2025-06-04 15:07:27,290 INFO  - Already have ACK (at simulation time 92.000,000,000 s)
2025-06-04 15:07:27,290 INFO  - Already have ACK (at simulation time 92.000,000,000 s)
2025-06-04 15:07:27,291 INFO  - Already have ACK (at simulation time 92.000,000,000 s)
2025-06-04 15:07:27,291 INFO  - Already have ACK (at simulation time 92.000,000,000 s)
2025-06-04 15:07:27,291 INFO  - Already have ACK (at simulation time 92.000,000,000 s)
2025-06-04 15:07:27,291 INFO  - Already have ACK (at simulation time 92.000,000,000 s)
2025-06-04 15:07:27,291 INFO  - Already have ACK (at simulation time 92.000,000,000 s)
2025-06-04 15:07:27,291 INFO  - Already have ACK (at simulation time 92.000,000,000 s)
2025-06-04 15:07:27,291 INFO  - Already have ACK (at simulation time 92.000,000,000 s)
2025-06-04 15:07:27,292 INFO  - Already have ACK (at simulation time 92.000,000,000 s)
2025-06-04 15:07:27,292 INFO  - Already have ACK (at simulation time 92.000,000,000 s)
2025-06-04 15:07:27,292 INFO  - Already have ACK (at simulation time 92.000,000,000 s)
2025-06-04 15:07:27,292 INFO  - Already have ACK (at simulation time 92.000,000,000 s)
2025-06-04 15:07:27,292 INFO  - Already have ACK (at simulation time 92.000,000,000 s)
2025-06-04 15:07:27,292 INFO  - Already have ACK (at simulation time 92.000,000,000 s)
2025-06-04 15:07:27,292 INFO  - Already have ACK (at simulation time 92.000,000,000 s)
2025-06-04 15:07:27,292 INFO  - Already have ACK (at simulation time 92.000,000,000 s)
2025-06-04 15:07:27,292 INFO  - Already have ACK (at simulation time 92.000,000,000 s)
2025-06-04 15:07:27,292 INFO  - Already have ACK (at simulation time 92.000,000,000 s)
2025-06-04 15:07:27,293 INFO  - Already have ACK (at simulation time 92.000,000,000 s)
2025-06-04 15:07:27,293 INFO  - Already have ACK (at simulation time 92.000,000,000 s)
2025-06-04 15:07:27,293 INFO  - Already have ACK (at simulation time 92.000,000,000 s)
2025-06-04 15:07:27,293 INFO  - Already have ACK (at simulation time 92.000,000,000 s)
2025-06-04 15:07:27,293 INFO  - Already have ACK (at simulation time 92.000,000,000 s)
2025-06-04 15:07:27,293 INFO  - Already have ACK (at simulation time 92.000,000,000 s)
2025-06-04 15:07:27,293 INFO  - Already have ACK (at simulation time 92.000,000,000 s)
2025-06-04 15:07:27,293 INFO  - Already have ACK (at simulation time 92.000,000,000 s)
2025-06-04 15:07:27,293 INFO  - Already have ACK (at simulation time 92.000,000,000 s)
2025-06-04 15:07:27,293 INFO  - Already have ACK (at simulation time 92.000,000,000 s)
2025-06-04 15:07:27,293 INFO  - Already have ACK (at simulation time 92.000,000,000 s)
2025-06-04 15:07:27,293 INFO  - Already have ACK (at simulation time 92.000,000,000 s)
2025-06-04 15:07:27,293 INFO  - Already have ACK (at simulation time 92.000,000,000 s)
2025-06-04 15:07:27,293 INFO  - Already have ACK (at simulation time 92.000,000,000 s)
2025-06-04 15:07:27,293 INFO  - Already have ACK (at simulation time 92.000,000,000 s)
2025-06-04 15:07:27,294 INFO  - Already have ACK (at simulation time 92.000,000,000 s)
2025-06-04 15:07:27,294 INFO  - Already have ACK (at simulation time 92.000,000,000 s)
2025-06-04 15:07:27,294 INFO  - Already have ACK (at simulation time 92.000,000,000 s)
2025-06-04 15:07:27,294 INFO  - Already have ACK (at simulation time 92.000,000,000 s)
2025-06-04 15:07:27,294 INFO  - Already have ACK (at simulation time 92.000,000,000 s)
2025-06-04 15:07:27,294 INFO  - Already have ACK (at simulation time 92.000,000,000 s)
2025-06-04 15:07:27,294 INFO  - Already have ACK (at simulation time 92.000,000,000 s)
2025-06-04 15:07:27,294 INFO  - Already have ACK (at simulation time 92.000,000,000 s)
2025-06-04 15:07:27,294 INFO  - Already have ACK (at simulation time 92.000,000,000 s)
2025-06-04 15:07:27,294 INFO  - Already have ACK (at simulation time 92.000,000,000 s)
2025-06-04 15:07:27,294 INFO  - Already have ACK (at simulation time 92.000,000,000 s)
2025-06-04 15:07:27,294 INFO  - Already have ACK (at simulation time 92.000,000,000 s)
2025-06-04 15:07:27,294 INFO  - Already have ACK (at simulation time 92.000,000,000 s)
2025-06-04 15:07:27,294 INFO  - Already have ACK (at simulation time 92.000,000,000 s)
2025-06-04 15:07:27,294 INFO  - Already have ACK (at simulation time 92.000,000,000 s)
2025-06-04 15:07:27,294 INFO  - Already have ACK (at simulation time 92.000,000,000 s)
2025-06-04 15:07:27,294 INFO  - Already have ACK (at simulation time 92.000,000,000 s)
2025-06-04 15:07:27,294 INFO  - Already have ACK (at simulation time 92.000,000,000 s)
2025-06-04 15:07:27,294 INFO  - Already have ACK (at simulation time 92.000,000,000 s)
2025-06-04 15:07:27,294 INFO  - Already have ACK (at simulation time 92.000,000,000 s)
2025-06-04 15:07:27,295 INFO  - Already have ACK (at simulation time 92.000,000,000 s)
2025-06-04 15:07:27,295 INFO  - Already have ACK (at simulation time 92.000,000,000 s)
2025-06-04 15:07:27,295 INFO  - Already have ACK (at simulation time 92.000,000,000 s)
2025-06-04 15:07:27,295 INFO  - Already have ACK (at simulation time 92.000,000,000 s)
2025-06-04 15:07:27,295 INFO  - Already have ACK (at simulation time 92.000,000,000 s)
2025-06-04 15:07:27,295 INFO  - Already have ACK (at simulation time 92.000,000,000 s)
2025-06-04 15:07:27,295 INFO  - Already have ACK (at simulation time 92.000,000,000 s)
2025-06-04 15:07:27,295 INFO  - Already have ACK (at simulation time 92.000,000,000 s)
2025-06-04 15:07:27,295 INFO  - Already have ACK (at simulation time 92.000,000,000 s)
2025-06-04 15:07:27,295 INFO  - Already have ACK (at simulation time 92.000,000,000 s)
2025-06-04 15:07:27,295 INFO  - Already have ACK (at simulation time 92.000,000,000 s)
2025-06-04 15:07:27,295 INFO  - Already have ACK (at simulation time 92.000,000,000 s)
2025-06-04 15:07:27,295 INFO  - Already have ACK (at simulation time 92.000,000,000 s)
2025-06-04 15:07:27,295 INFO  - Already have ACK (at simulation time 92.000,000,000 s)
2025-06-04 15:07:27,295 INFO  - Already have ACK (at simulation time 92.000,000,000 s)
2025-06-04 15:07:27,295 INFO  - Already have ACK (at simulation time 92.000,000,000 s)
2025-06-04 15:07:27,295 INFO  - Already have ACK (at simulation time 92.000,000,000 s)
2025-06-04 15:07:27,295 INFO  - Already have ACK (at simulation time 92.000,000,000 s)
2025-06-04 15:07:27,295 INFO  - Already have ACK (at simulation time 92.000,000,000 s)
2025-06-04 15:07:27,295 INFO  - Already have ACK (at simulation time 92.000,000,000 s)
2025-06-04 15:07:27,295 INFO  - Already have ACK (at simulation time 92.000,000,000 s)
2025-06-04 15:07:27,295 INFO  - Already have ACK (at simulation time 92.000,000,000 s)
2025-06-04 15:07:27,295 INFO  - Already have ACK (at simulation time 92.000,000,000 s)
2025-06-04 15:07:27,295 INFO  - Already have ACK (at simulation time 92.000,000,000 s)
2025-06-04 15:07:27,295 INFO  - Already have ACK (at simulation time 92.000,000,000 s)
2025-06-04 15:07:27,297 INFO  - Already have ACK (at simulation time 93.000,000,000 s)
2025-06-04 15:07:27,298 INFO  - Already have ACK (at simulation time 93.000,000,000 s)
2025-06-04 15:07:27,298 INFO  - Already have ACK (at simulation time 93.000,000,000 s)
2025-06-04 15:07:27,298 INFO  - Already have ACK (at simulation time 93.000,000,000 s)
2025-06-04 15:07:27,298 INFO  - Already have ACK (at simulation time 93.000,000,000 s)
2025-06-04 15:07:27,299 INFO  - Already have ACK (at simulation time 93.000,000,000 s)
2025-06-04 15:07:27,299 INFO  - Already have ACK (at simulation time 93.000,000,000 s)
2025-06-04 15:07:27,299 INFO  - Already have ACK (at simulation time 93.000,000,000 s)
2025-06-04 15:07:27,299 INFO  - Already have ACK (at simulation time 93.000,000,000 s)
2025-06-04 15:07:27,299 INFO  - Already have ACK (at simulation time 93.000,000,000 s)
2025-06-04 15:07:27,299 INFO  - Already have ACK (at simulation time 93.000,000,000 s)
2025-06-04 15:07:27,299 INFO  - Already have ACK (at simulation time 93.000,000,000 s)
2025-06-04 15:07:27,299 INFO  - Already have ACK (at simulation time 93.000,000,000 s)
2025-06-04 15:07:27,299 INFO  - Already have ACK (at simulation time 93.000,000,000 s)
2025-06-04 15:07:27,299 INFO  - Already have ACK (at simulation time 93.000,000,000 s)
2025-06-04 15:07:27,300 INFO  - Already have ACK (at simulation time 93.000,000,000 s)
2025-06-04 15:07:27,300 INFO  - Already have ACK (at simulation time 93.000,000,000 s)
2025-06-04 15:07:27,300 INFO  - Already have ACK (at simulation time 93.000,000,000 s)
2025-06-04 15:07:27,300 INFO  - Already have ACK (at simulation time 93.000,000,000 s)
2025-06-04 15:07:27,300 INFO  - Already have ACK (at simulation time 93.000,000,000 s)
2025-06-04 15:07:27,300 INFO  - Already have ACK (at simulation time 93.000,000,000 s)
2025-06-04 15:07:27,300 INFO  - Already have ACK (at simulation time 93.000,000,000 s)
2025-06-04 15:07:27,300 INFO  - Already have ACK (at simulation time 93.000,000,000 s)
2025-06-04 15:07:27,300 INFO  - Already have ACK (at simulation time 93.000,000,000 s)
2025-06-04 15:07:27,300 INFO  - Already have ACK (at simulation time 93.000,000,000 s)
2025-06-04 15:07:27,301 INFO  - Already have ACK (at simulation time 93.000,000,000 s)
2025-06-04 15:07:27,301 INFO  - Already have ACK (at simulation time 93.000,000,000 s)
2025-06-04 15:07:27,301 INFO  - Already have ACK (at simulation time 93.000,000,000 s)
2025-06-04 15:07:27,301 INFO  - Already have ACK (at simulation time 93.000,000,000 s)
2025-06-04 15:07:27,301 INFO  - Already have ACK (at simulation time 93.000,000,000 s)
2025-06-04 15:07:27,301 INFO  - Already have ACK (at simulation time 93.000,000,000 s)
2025-06-04 15:07:27,301 INFO  - Already have ACK (at simulation time 93.000,000,000 s)
2025-06-04 15:07:27,301 INFO  - Already have ACK (at simulation time 93.000,000,000 s)
2025-06-04 15:07:27,301 INFO  - Already have ACK (at simulation time 93.000,000,000 s)
2025-06-04 15:07:27,301 INFO  - Already have ACK (at simulation time 93.000,000,000 s)
2025-06-04 15:07:27,301 INFO  - Already have ACK (at simulation time 93.000,000,000 s)
2025-06-04 15:07:27,301 INFO  - Already have ACK (at simulation time 93.000,000,000 s)
2025-06-04 15:07:27,301 INFO  - Already have ACK (at simulation time 93.000,000,000 s)
2025-06-04 15:07:27,301 INFO  - Already have ACK (at simulation time 93.000,000,000 s)
2025-06-04 15:07:27,302 INFO  - Already have ACK (at simulation time 93.000,000,000 s)
2025-06-04 15:07:27,302 INFO  - Already have ACK (at simulation time 93.000,000,000 s)
2025-06-04 15:07:27,302 INFO  - Already have ACK (at simulation time 93.000,000,000 s)
2025-06-04 15:07:27,302 INFO  - Already have ACK (at simulation time 93.000,000,000 s)
2025-06-04 15:07:27,302 INFO  - Already have ACK (at simulation time 93.000,000,000 s)
2025-06-04 15:07:27,302 INFO  - Already have ACK (at simulation time 93.000,000,000 s)
2025-06-04 15:07:27,302 INFO  - Already have ACK (at simulation time 93.000,000,000 s)
2025-06-04 15:07:27,302 INFO  - Already have ACK (at simulation time 93.000,000,000 s)
2025-06-04 15:07:27,302 INFO  - Already have ACK (at simulation time 93.000,000,000 s)
2025-06-04 15:07:27,302 INFO  - Already have ACK (at simulation time 93.000,000,000 s)
2025-06-04 15:07:27,302 INFO  - Already have ACK (at simulation time 93.000,000,000 s)
2025-06-04 15:07:27,302 INFO  - Already have ACK (at simulation time 93.000,000,000 s)
2025-06-04 15:07:27,302 INFO  - Already have ACK (at simulation time 93.000,000,000 s)
2025-06-04 15:07:27,302 INFO  - Already have ACK (at simulation time 93.000,000,000 s)
2025-06-04 15:07:27,302 INFO  - Already have ACK (at simulation time 93.000,000,000 s)
2025-06-04 15:07:27,302 INFO  - Already have ACK (at simulation time 93.000,000,000 s)
2025-06-04 15:07:27,302 INFO  - Already have ACK (at simulation time 93.000,000,000 s)
2025-06-04 15:07:27,303 INFO  - Already have ACK (at simulation time 93.000,000,000 s)
2025-06-04 15:07:27,303 INFO  - Already have ACK (at simulation time 93.000,000,000 s)
2025-06-04 15:07:27,303 INFO  - Already have ACK (at simulation time 93.000,000,000 s)
2025-06-04 15:07:27,303 INFO  - Already have ACK (at simulation time 93.000,000,000 s)
2025-06-04 15:07:27,303 INFO  - Already have ACK (at simulation time 93.000,000,000 s)
2025-06-04 15:07:27,303 INFO  - Already have ACK (at simulation time 93.000,000,000 s)
2025-06-04 15:07:27,303 INFO  - Already have ACK (at simulation time 93.000,000,000 s)
2025-06-04 15:07:27,303 INFO  - Already have ACK (at simulation time 93.000,000,000 s)
2025-06-04 15:07:27,303 INFO  - Already have ACK (at simulation time 93.000,000,000 s)
2025-06-04 15:07:27,303 INFO  - Already have ACK (at simulation time 93.000,000,000 s)
2025-06-04 15:07:27,303 INFO  - Already have ACK (at simulation time 93.000,000,000 s)
2025-06-04 15:07:27,303 INFO  - Already have ACK (at simulation time 93.000,000,000 s)
2025-06-04 15:07:27,303 INFO  - Already have ACK (at simulation time 93.000,000,000 s)
2025-06-04 15:07:27,303 INFO  - Already have ACK (at simulation time 93.000,000,000 s)
2025-06-04 15:07:27,303 INFO  - Already have ACK (at simulation time 93.000,000,000 s)
2025-06-04 15:07:27,303 INFO  - Already have ACK (at simulation time 93.000,000,000 s)
2025-06-04 15:07:27,303 INFO  - Already have ACK (at simulation time 93.000,000,000 s)
2025-06-04 15:07:27,303 INFO  - Already have ACK (at simulation time 93.000,000,000 s)
2025-06-04 15:07:27,303 INFO  - Already have ACK (at simulation time 93.000,000,000 s)
2025-06-04 15:07:27,303 INFO  - Already have ACK (at simulation time 93.000,000,000 s)
2025-06-04 15:07:27,303 INFO  - Already have ACK (at simulation time 93.000,000,000 s)
2025-06-04 15:07:27,303 INFO  - Already have ACK (at simulation time 93.000,000,000 s)
2025-06-04 15:07:27,303 INFO  - Already have ACK (at simulation time 93.000,000,000 s)
2025-06-04 15:07:27,303 INFO  - Already have ACK (at simulation time 93.000,000,000 s)
2025-06-04 15:07:27,303 INFO  - Already have ACK (at simulation time 93.000,000,000 s)
2025-06-04 15:07:27,303 INFO  - Already have ACK (at simulation time 93.000,000,000 s)
2025-06-04 15:07:27,303 INFO  - Already have ACK (at simulation time 93.000,000,000 s)
2025-06-04 15:07:27,303 INFO  - Already have ACK (at simulation time 93.000,000,000 s)
2025-06-04 15:07:27,303 INFO  - Already have ACK (at simulation time 93.000,000,000 s)
2025-06-04 15:07:27,303 INFO  - Already have ACK (at simulation time 93.000,000,000 s)
2025-06-04 15:07:27,303 INFO  - Already have ACK (at simulation time 93.000,000,000 s)
2025-06-04 15:07:27,303 INFO  - Already have ACK (at simulation time 93.000,000,000 s)
2025-06-04 15:07:27,306 INFO  - Already have ACK (at simulation time 94.000,000,000 s)
2025-06-04 15:07:27,307 INFO  - Already have ACK (at simulation time 94.000,000,000 s)
2025-06-04 15:07:27,307 INFO  - Already have ACK (at simulation time 94.000,000,000 s)
2025-06-04 15:07:27,307 INFO  - Already have ACK (at simulation time 94.000,000,000 s)
2025-06-04 15:07:27,307 INFO  - Already have ACK (at simulation time 94.000,000,000 s)
2025-06-04 15:07:27,307 INFO  - Already have ACK (at simulation time 94.000,000,000 s)
2025-06-04 15:07:27,308 INFO  - Already have ACK (at simulation time 94.000,000,000 s)
2025-06-04 15:07:27,308 INFO  - Already have ACK (at simulation time 94.000,000,000 s)
2025-06-04 15:07:27,308 INFO  - Already have ACK (at simulation time 94.000,000,000 s)
2025-06-04 15:07:27,308 INFO  - Already have ACK (at simulation time 94.000,000,000 s)
2025-06-04 15:07:27,308 INFO  - Already have ACK (at simulation time 94.000,000,000 s)
2025-06-04 15:07:27,308 INFO  - Already have ACK (at simulation time 94.000,000,000 s)
2025-06-04 15:07:27,308 INFO  - Already have ACK (at simulation time 94.000,000,000 s)
2025-06-04 15:07:27,308 INFO  - Already have ACK (at simulation time 94.000,000,000 s)
2025-06-04 15:07:27,308 INFO  - Already have ACK (at simulation time 94.000,000,000 s)
2025-06-04 15:07:27,309 INFO  - Already have ACK (at simulation time 94.000,000,000 s)
2025-06-04 15:07:27,309 INFO  - Already have ACK (at simulation time 94.000,000,000 s)
2025-06-04 15:07:27,309 INFO  - Already have ACK (at simulation time 94.000,000,000 s)
2025-06-04 15:07:27,309 INFO  - Already have ACK (at simulation time 94.000,000,000 s)
2025-06-04 15:07:27,309 INFO  - Already have ACK (at simulation time 94.000,000,000 s)
2025-06-04 15:07:27,309 INFO  - Already have ACK (at simulation time 94.000,000,000 s)
2025-06-04 15:07:27,309 INFO  - Already have ACK (at simulation time 94.000,000,000 s)
2025-06-04 15:07:27,309 INFO  - Already have ACK (at simulation time 94.000,000,000 s)
2025-06-04 15:07:27,309 INFO  - Already have ACK (at simulation time 94.000,000,000 s)
2025-06-04 15:07:27,309 INFO  - Already have ACK (at simulation time 94.000,000,000 s)
2025-06-04 15:07:27,309 INFO  - Already have ACK (at simulation time 94.000,000,000 s)
2025-06-04 15:07:27,310 INFO  - Already have ACK (at simulation time 94.000,000,000 s)
2025-06-04 15:07:27,310 INFO  - Already have ACK (at simulation time 94.000,000,000 s)
2025-06-04 15:07:27,310 INFO  - Already have ACK (at simulation time 94.000,000,000 s)
2025-06-04 15:07:27,310 INFO  - Already have ACK (at simulation time 94.000,000,000 s)
2025-06-04 15:07:27,310 INFO  - Already have ACK (at simulation time 94.000,000,000 s)
2025-06-04 15:07:27,310 INFO  - Already have ACK (at simulation time 94.000,000,000 s)
2025-06-04 15:07:27,310 INFO  - Already have ACK (at simulation time 94.000,000,000 s)
2025-06-04 15:07:27,310 INFO  - Already have ACK (at simulation time 94.000,000,000 s)
2025-06-04 15:07:27,310 INFO  - Already have ACK (at simulation time 94.000,000,000 s)
2025-06-04 15:07:27,310 INFO  - Already have ACK (at simulation time 94.000,000,000 s)
2025-06-04 15:07:27,310 INFO  - Already have ACK (at simulation time 94.000,000,000 s)
2025-06-04 15:07:27,310 INFO  - Already have ACK (at simulation time 94.000,000,000 s)
2025-06-04 15:07:27,310 INFO  - Already have ACK (at simulation time 94.000,000,000 s)
2025-06-04 15:07:27,311 INFO  - Already have ACK (at simulation time 94.000,000,000 s)
2025-06-04 15:07:27,311 INFO  - Already have ACK (at simulation time 94.000,000,000 s)
2025-06-04 15:07:27,311 INFO  - Already have ACK (at simulation time 94.000,000,000 s)
2025-06-04 15:07:27,311 INFO  - Already have ACK (at simulation time 94.000,000,000 s)
2025-06-04 15:07:27,311 INFO  - Already have ACK (at simulation time 94.000,000,000 s)
2025-06-04 15:07:27,311 INFO  - Already have ACK (at simulation time 94.000,000,000 s)
2025-06-04 15:07:27,311 INFO  - Already have ACK (at simulation time 94.000,000,000 s)
2025-06-04 15:07:27,311 INFO  - Already have ACK (at simulation time 94.000,000,000 s)
2025-06-04 15:07:27,311 INFO  - Already have ACK (at simulation time 94.000,000,000 s)
2025-06-04 15:07:27,311 INFO  - Already have ACK (at simulation time 94.000,000,000 s)
2025-06-04 15:07:27,311 INFO  - Already have ACK (at simulation time 94.000,000,000 s)
2025-06-04 15:07:27,311 INFO  - Already have ACK (at simulation time 94.000,000,000 s)
2025-06-04 15:07:27,311 INFO  - Already have ACK (at simulation time 94.000,000,000 s)
2025-06-04 15:07:27,311 INFO  - Already have ACK (at simulation time 94.000,000,000 s)
2025-06-04 15:07:27,311 INFO  - Already have ACK (at simulation time 94.000,000,000 s)
2025-06-04 15:07:27,311 INFO  - Already have ACK (at simulation time 94.000,000,000 s)
2025-06-04 15:07:27,311 INFO  - Already have ACK (at simulation time 94.000,000,000 s)
2025-06-04 15:07:27,312 INFO  - Already have ACK (at simulation time 94.000,000,000 s)
2025-06-04 15:07:27,312 INFO  - Already have ACK (at simulation time 94.000,000,000 s)
2025-06-04 15:07:27,312 INFO  - Already have ACK (at simulation time 94.000,000,000 s)
2025-06-04 15:07:27,312 INFO  - Already have ACK (at simulation time 94.000,000,000 s)
2025-06-04 15:07:27,312 INFO  - Already have ACK (at simulation time 94.000,000,000 s)
2025-06-04 15:07:27,312 INFO  - Already have ACK (at simulation time 94.000,000,000 s)
2025-06-04 15:07:27,312 INFO  - Already have ACK (at simulation time 94.000,000,000 s)
2025-06-04 15:07:27,312 INFO  - Already have ACK (at simulation time 94.000,000,000 s)
2025-06-04 15:07:27,312 INFO  - Already have ACK (at simulation time 94.000,000,000 s)
2025-06-04 15:07:27,312 INFO  - Already have ACK (at simulation time 94.000,000,000 s)
2025-06-04 15:07:27,312 INFO  - Already have ACK (at simulation time 94.000,000,000 s)
2025-06-04 15:07:27,312 INFO  - Already have ACK (at simulation time 94.000,000,000 s)
2025-06-04 15:07:27,312 INFO  - Already have ACK (at simulation time 94.000,000,000 s)
2025-06-04 15:07:27,312 INFO  - Already have ACK (at simulation time 94.000,000,000 s)
2025-06-04 15:07:27,312 INFO  - Already have ACK (at simulation time 94.000,000,000 s)
2025-06-04 15:07:27,312 INFO  - Already have ACK (at simulation time 94.000,000,000 s)
2025-06-04 15:07:27,312 INFO  - Already have ACK (at simulation time 94.000,000,000 s)
2025-06-04 15:07:27,312 INFO  - Already have ACK (at simulation time 94.000,000,000 s)
2025-06-04 15:07:27,312 INFO  - Already have ACK (at simulation time 94.000,000,000 s)
2025-06-04 15:07:27,312 INFO  - Already have ACK (at simulation time 94.000,000,000 s)
2025-06-04 15:07:27,312 INFO  - Already have ACK (at simulation time 94.000,000,000 s)
2025-06-04 15:07:27,312 INFO  - Already have ACK (at simulation time 94.000,000,000 s)
2025-06-04 15:07:27,312 INFO  - Already have ACK (at simulation time 94.000,000,000 s)
2025-06-04 15:07:27,312 INFO  - Already have ACK (at simulation time 94.000,000,000 s)
2025-06-04 15:07:27,312 INFO  - Already have ACK (at simulation time 94.000,000,000 s)
2025-06-04 15:07:27,312 INFO  - Already have ACK (at simulation time 94.000,000,000 s)
2025-06-04 15:07:27,312 INFO  - Already have ACK (at simulation time 94.000,000,000 s)
2025-06-04 15:07:27,312 INFO  - Already have ACK (at simulation time 94.000,000,000 s)
2025-06-04 15:07:27,312 INFO  - Already have ACK (at simulation time 94.000,000,000 s)
2025-06-04 15:07:27,312 INFO  - Already have ACK (at simulation time 94.000,000,000 s)
2025-06-04 15:07:27,312 INFO  - Already have ACK (at simulation time 94.000,000,000 s)
2025-06-04 15:07:27,312 INFO  - Already have ACK (at simulation time 94.000,000,000 s)
2025-06-04 15:07:27,312 INFO  - Already have ACK (at simulation time 94.000,000,000 s)
2025-06-04 15:07:27,315 INFO  - Already have ACK (at simulation time 95.000,000,000 s)
2025-06-04 15:07:27,316 INFO  - Already have ACK (at simulation time 95.000,000,000 s)
2025-06-04 15:07:27,316 INFO  - Already have ACK (at simulation time 95.000,000,000 s)
2025-06-04 15:07:27,316 INFO  - Already have ACK (at simulation time 95.000,000,000 s)
2025-06-04 15:07:27,316 INFO  - Already have ACK (at simulation time 95.000,000,000 s)
2025-06-04 15:07:27,316 INFO  - Already have ACK (at simulation time 95.000,000,000 s)
2025-06-04 15:07:27,317 INFO  - Already have ACK (at simulation time 95.000,000,000 s)
2025-06-04 15:07:27,317 INFO  - Already have ACK (at simulation time 95.000,000,000 s)
2025-06-04 15:07:27,317 INFO  - Already have ACK (at simulation time 95.000,000,000 s)
2025-06-04 15:07:27,317 INFO  - Already have ACK (at simulation time 95.000,000,000 s)
2025-06-04 15:07:27,317 INFO  - Already have ACK (at simulation time 95.000,000,000 s)
2025-06-04 15:07:27,317 INFO  - Already have ACK (at simulation time 95.000,000,000 s)
2025-06-04 15:07:27,317 INFO  - Already have ACK (at simulation time 95.000,000,000 s)
2025-06-04 15:07:27,317 INFO  - Already have ACK (at simulation time 95.000,000,000 s)
2025-06-04 15:07:27,317 INFO  - Already have ACK (at simulation time 95.000,000,000 s)
2025-06-04 15:07:27,318 INFO  - Already have ACK (at simulation time 95.000,000,000 s)
2025-06-04 15:07:27,318 INFO  - Already have ACK (at simulation time 95.000,000,000 s)
2025-06-04 15:07:27,318 INFO  - Already have ACK (at simulation time 95.000,000,000 s)
2025-06-04 15:07:27,318 INFO  - Already have ACK (at simulation time 95.000,000,000 s)
2025-06-04 15:07:27,318 INFO  - Already have ACK (at simulation time 95.000,000,000 s)
2025-06-04 15:07:27,318 INFO  - Already have ACK (at simulation time 95.000,000,000 s)
2025-06-04 15:07:27,318 INFO  - Already have ACK (at simulation time 95.000,000,000 s)
2025-06-04 15:07:27,318 INFO  - Already have ACK (at simulation time 95.000,000,000 s)
2025-06-04 15:07:27,318 INFO  - Already have ACK (at simulation time 95.000,000,000 s)
2025-06-04 15:07:27,318 INFO  - Already have ACK (at simulation time 95.000,000,000 s)
2025-06-04 15:07:27,319 INFO  - Already have ACK (at simulation time 95.000,000,000 s)
2025-06-04 15:07:27,319 INFO  - Already have ACK (at simulation time 95.000,000,000 s)
2025-06-04 15:07:27,319 INFO  - Already have ACK (at simulation time 95.000,000,000 s)
2025-06-04 15:07:27,319 INFO  - Already have ACK (at simulation time 95.000,000,000 s)
2025-06-04 15:07:27,319 INFO  - Already have ACK (at simulation time 95.000,000,000 s)
2025-06-04 15:07:27,319 INFO  - Already have ACK (at simulation time 95.000,000,000 s)
2025-06-04 15:07:27,319 INFO  - Already have ACK (at simulation time 95.000,000,000 s)
2025-06-04 15:07:27,319 INFO  - Already have ACK (at simulation time 95.000,000,000 s)
2025-06-04 15:07:27,319 INFO  - Already have ACK (at simulation time 95.000,000,000 s)
2025-06-04 15:07:27,319 INFO  - Already have ACK (at simulation time 95.000,000,000 s)
2025-06-04 15:07:27,319 INFO  - Already have ACK (at simulation time 95.000,000,000 s)
2025-06-04 15:07:27,319 INFO  - Already have ACK (at simulation time 95.000,000,000 s)
2025-06-04 15:07:27,319 INFO  - Already have ACK (at simulation time 95.000,000,000 s)
2025-06-04 15:07:27,320 INFO  - Already have ACK (at simulation time 95.000,000,000 s)
2025-06-04 15:07:27,320 INFO  - Already have ACK (at simulation time 95.000,000,000 s)
2025-06-04 15:07:27,320 INFO  - Already have ACK (at simulation time 95.000,000,000 s)
2025-06-04 15:07:27,320 INFO  - Already have ACK (at simulation time 95.000,000,000 s)
2025-06-04 15:07:27,320 INFO  - Already have ACK (at simulation time 95.000,000,000 s)
2025-06-04 15:07:27,320 INFO  - Already have ACK (at simulation time 95.000,000,000 s)
2025-06-04 15:07:27,320 INFO  - Already have ACK (at simulation time 95.000,000,000 s)
2025-06-04 15:07:27,320 INFO  - Already have ACK (at simulation time 95.000,000,000 s)
2025-06-04 15:07:27,320 INFO  - Already have ACK (at simulation time 95.000,000,000 s)
2025-06-04 15:07:27,320 INFO  - Already have ACK (at simulation time 95.000,000,000 s)
2025-06-04 15:07:27,320 INFO  - Already have ACK (at simulation time 95.000,000,000 s)
2025-06-04 15:07:27,320 INFO  - Already have ACK (at simulation time 95.000,000,000 s)
2025-06-04 15:07:27,320 INFO  - Already have ACK (at simulation time 95.000,000,000 s)
2025-06-04 15:07:27,320 INFO  - Already have ACK (at simulation time 95.000,000,000 s)
2025-06-04 15:07:27,320 INFO  - Already have ACK (at simulation time 95.000,000,000 s)
2025-06-04 15:07:27,320 INFO  - Already have ACK (at simulation time 95.000,000,000 s)
2025-06-04 15:07:27,321 INFO  - Already have ACK (at simulation time 95.000,000,000 s)
2025-06-04 15:07:27,321 INFO  - Already have ACK (at simulation time 95.000,000,000 s)
2025-06-04 15:07:27,321 INFO  - Already have ACK (at simulation time 95.000,000,000 s)
2025-06-04 15:07:27,321 INFO  - Already have ACK (at simulation time 95.000,000,000 s)
2025-06-04 15:07:27,321 INFO  - Already have ACK (at simulation time 95.000,000,000 s)
2025-06-04 15:07:27,321 INFO  - Already have ACK (at simulation time 95.000,000,000 s)
2025-06-04 15:07:27,321 INFO  - Already have ACK (at simulation time 95.000,000,000 s)
2025-06-04 15:07:27,321 INFO  - Already have ACK (at simulation time 95.000,000,000 s)
2025-06-04 15:07:27,321 INFO  - Already have ACK (at simulation time 95.000,000,000 s)
2025-06-04 15:07:27,321 INFO  - Already have ACK (at simulation time 95.000,000,000 s)
2025-06-04 15:07:27,321 INFO  - Already have ACK (at simulation time 95.000,000,000 s)
2025-06-04 15:07:27,321 INFO  - Already have ACK (at simulation time 95.000,000,000 s)
2025-06-04 15:07:27,321 INFO  - Already have ACK (at simulation time 95.000,000,000 s)
2025-06-04 15:07:27,321 INFO  - Already have ACK (at simulation time 95.000,000,000 s)
2025-06-04 15:07:27,321 INFO  - Already have ACK (at simulation time 95.000,000,000 s)
2025-06-04 15:07:27,321 INFO  - Already have ACK (at simulation time 95.000,000,000 s)
2025-06-04 15:07:27,321 INFO  - Already have ACK (at simulation time 95.000,000,000 s)
2025-06-04 15:07:27,321 INFO  - Already have ACK (at simulation time 95.000,000,000 s)
2025-06-04 15:07:27,321 INFO  - Already have ACK (at simulation time 95.000,000,000 s)
2025-06-04 15:07:27,321 INFO  - Already have ACK (at simulation time 95.000,000,000 s)
2025-06-04 15:07:27,321 INFO  - Already have ACK (at simulation time 95.000,000,000 s)
2025-06-04 15:07:27,321 INFO  - Already have ACK (at simulation time 95.000,000,000 s)
2025-06-04 15:07:27,321 INFO  - Already have ACK (at simulation time 95.000,000,000 s)
2025-06-04 15:07:27,321 INFO  - Already have ACK (at simulation time 95.000,000,000 s)
2025-06-04 15:07:27,321 INFO  - Already have ACK (at simulation time 95.000,000,000 s)
2025-06-04 15:07:27,321 INFO  - Already have ACK (at simulation time 95.000,000,000 s)
2025-06-04 15:07:27,321 INFO  - Already have ACK (at simulation time 95.000,000,000 s)
2025-06-04 15:07:27,321 INFO  - Already have ACK (at simulation time 95.000,000,000 s)
2025-06-04 15:07:27,321 INFO  - Already have ACK (at simulation time 95.000,000,000 s)
2025-06-04 15:07:27,321 INFO  - Already have ACK (at simulation time 95.000,000,000 s)
2025-06-04 15:07:27,321 INFO  - Already have ACK (at simulation time 95.000,000,000 s)
2025-06-04 15:07:27,321 INFO  - Already have ACK (at simulation time 95.000,000,000 s)
2025-06-04 15:07:27,321 INFO  - Already have ACK (at simulation time 95.000,000,000 s)
2025-06-04 15:07:27,322 INFO  - Already have ACK (at simulation time 95.000,000,000 s)
2025-06-04 15:07:27,322 INFO  - Already have ACK (at simulation time 95.000,000,000 s)
2025-06-04 15:07:27,322 INFO  - Already have ACK (at simulation time 95.000,000,000 s)
2025-06-04 15:07:27,324 INFO  - Sent periodic GreenWaveMsg: veh_1 on route r_1 (at simulation time 96.000,000,000 s)
2025-06-04 15:07:27,324 INFO  - Already have ACK (at simulation time 96.000,000,000 s)
2025-06-04 15:07:27,324 INFO  - Already have ACK (at simulation time 96.000,000,000 s)
2025-06-04 15:07:27,324 INFO  - Already have ACK (at simulation time 96.000,000,000 s)
2025-06-04 15:07:27,324 INFO  - Already have ACK (at simulation time 96.000,000,000 s)
2025-06-04 15:07:27,325 INFO  - Already have ACK (at simulation time 96.000,000,000 s)
2025-06-04 15:07:27,325 INFO  - Already have ACK (at simulation time 96.000,000,000 s)
2025-06-04 15:07:27,325 INFO  - Already have ACK (at simulation time 96.000,000,000 s)
2025-06-04 15:07:27,325 INFO  - Already have ACK (at simulation time 96.000,000,000 s)
2025-06-04 15:07:27,325 INFO  - Already have ACK (at simulation time 96.000,000,000 s)
2025-06-04 15:07:27,325 INFO  - Already have ACK (at simulation time 96.000,000,000 s)
2025-06-04 15:07:27,325 INFO  - Already have ACK (at simulation time 96.000,000,000 s)
2025-06-04 15:07:27,325 INFO  - Already have ACK (at simulation time 96.000,000,000 s)
2025-06-04 15:07:27,326 INFO  - Already have ACK (at simulation time 96.000,000,000 s)
2025-06-04 15:07:27,326 INFO  - Already have ACK (at simulation time 96.000,000,000 s)
2025-06-04 15:07:27,326 INFO  - Already have ACK (at simulation time 96.000,000,000 s)
2025-06-04 15:07:27,326 INFO  - Already have ACK (at simulation time 96.000,000,000 s)
2025-06-04 15:07:27,326 INFO  - Already have ACK (at simulation time 96.000,000,000 s)
2025-06-04 15:07:27,326 INFO  - Already have ACK (at simulation time 96.000,000,000 s)
2025-06-04 15:07:27,326 INFO  - Already have ACK (at simulation time 96.000,000,000 s)
2025-06-04 15:07:27,326 INFO  - Already have ACK (at simulation time 96.000,000,000 s)
2025-06-04 15:07:27,326 INFO  - Already have ACK (at simulation time 96.000,000,000 s)
2025-06-04 15:07:27,327 INFO  - Already have ACK (at simulation time 96.000,000,000 s)
2025-06-04 15:07:27,327 INFO  - Already have ACK (at simulation time 96.000,000,000 s)
2025-06-04 15:07:27,327 INFO  - Already have ACK (at simulation time 96.000,000,000 s)
2025-06-04 15:07:27,327 INFO  - Already have ACK (at simulation time 96.000,000,000 s)
2025-06-04 15:07:27,327 INFO  - Already have ACK (at simulation time 96.000,000,000 s)
2025-06-04 15:07:27,327 INFO  - Already have ACK (at simulation time 96.000,000,000 s)
2025-06-04 15:07:27,327 INFO  - Already have ACK (at simulation time 96.000,000,000 s)
2025-06-04 15:07:27,327 INFO  - Already have ACK (at simulation time 96.000,000,000 s)
2025-06-04 15:07:27,327 INFO  - Already have ACK (at simulation time 96.000,000,000 s)
2025-06-04 15:07:27,327 INFO  - Already have ACK (at simulation time 96.000,000,000 s)
2025-06-04 15:07:27,327 INFO  - Already have ACK (at simulation time 96.000,000,000 s)
2025-06-04 15:07:27,327 INFO  - Already have ACK (at simulation time 96.000,000,000 s)
2025-06-04 15:07:27,327 INFO  - Already have ACK (at simulation time 96.000,000,000 s)
2025-06-04 15:07:27,328 INFO  - Already have ACK (at simulation time 96.000,000,000 s)
2025-06-04 15:07:27,328 INFO  - Already have ACK (at simulation time 96.000,000,000 s)
2025-06-04 15:07:27,328 INFO  - Already have ACK (at simulation time 96.000,000,000 s)
2025-06-04 15:07:27,328 INFO  - Already have ACK (at simulation time 96.000,000,000 s)
2025-06-04 15:07:27,328 INFO  - Already have ACK (at simulation time 96.000,000,000 s)
2025-06-04 15:07:27,328 INFO  - Already have ACK (at simulation time 96.000,000,000 s)
2025-06-04 15:07:27,328 INFO  - Already have ACK (at simulation time 96.000,000,000 s)
2025-06-04 15:07:27,328 INFO  - Already have ACK (at simulation time 96.000,000,000 s)
2025-06-04 15:07:27,328 INFO  - Already have ACK (at simulation time 96.000,000,000 s)
2025-06-04 15:07:27,328 INFO  - Already have ACK (at simulation time 96.000,000,000 s)
2025-06-04 15:07:27,328 INFO  - Already have ACK (at simulation time 96.000,000,000 s)
2025-06-04 15:07:27,328 INFO  - Already have ACK (at simulation time 96.000,000,000 s)
2025-06-04 15:07:27,328 INFO  - Already have ACK (at simulation time 96.000,000,000 s)
2025-06-04 15:07:27,328 INFO  - Already have ACK (at simulation time 96.000,000,000 s)
2025-06-04 15:07:27,329 INFO  - Already have ACK (at simulation time 96.000,000,000 s)
2025-06-04 15:07:27,329 INFO  - Already have ACK (at simulation time 96.000,000,000 s)
2025-06-04 15:07:27,329 INFO  - Already have ACK (at simulation time 96.000,000,000 s)
2025-06-04 15:07:27,329 INFO  - Already have ACK (at simulation time 96.000,000,000 s)
2025-06-04 15:07:27,329 INFO  - Already have ACK (at simulation time 96.000,000,000 s)
2025-06-04 15:07:27,329 INFO  - Already have ACK (at simulation time 96.000,000,000 s)
2025-06-04 15:07:27,329 INFO  - Already have ACK (at simulation time 96.000,000,000 s)
2025-06-04 15:07:27,329 INFO  - Already have ACK (at simulation time 96.000,000,000 s)
2025-06-04 15:07:27,329 INFO  - Already have ACK (at simulation time 96.000,000,000 s)
2025-06-04 15:07:27,329 INFO  - Already have ACK (at simulation time 96.000,000,000 s)
2025-06-04 15:07:27,329 INFO  - Already have ACK (at simulation time 96.000,000,000 s)
2025-06-04 15:07:27,329 INFO  - Already have ACK (at simulation time 96.000,000,000 s)
2025-06-04 15:07:27,329 INFO  - Already have ACK (at simulation time 96.000,000,000 s)
2025-06-04 15:07:27,329 INFO  - Already have ACK (at simulation time 96.000,000,000 s)
2025-06-04 15:07:27,329 INFO  - Already have ACK (at simulation time 96.000,000,000 s)
2025-06-04 15:07:27,329 INFO  - Already have ACK (at simulation time 96.000,000,000 s)
2025-06-04 15:07:27,329 INFO  - Already have ACK (at simulation time 96.000,000,000 s)
2025-06-04 15:07:27,329 INFO  - Already have ACK (at simulation time 96.000,000,000 s)
2025-06-04 15:07:27,329 INFO  - Already have ACK (at simulation time 96.000,000,000 s)
2025-06-04 15:07:27,329 INFO  - Already have ACK (at simulation time 96.000,000,000 s)
2025-06-04 15:07:27,329 INFO  - Already have ACK (at simulation time 96.000,000,000 s)
2025-06-04 15:07:27,330 INFO  - Already have ACK (at simulation time 96.000,000,000 s)
2025-06-04 15:07:27,330 INFO  - Already have ACK (at simulation time 96.000,000,000 s)
2025-06-04 15:07:27,330 INFO  - Already have ACK (at simulation time 96.000,000,000 s)
2025-06-04 15:07:27,330 INFO  - Already have ACK (at simulation time 96.000,000,000 s)
2025-06-04 15:07:27,330 INFO  - Already have ACK (at simulation time 96.000,000,000 s)
2025-06-04 15:07:27,330 INFO  - Already have ACK (at simulation time 96.000,000,000 s)
2025-06-04 15:07:27,330 INFO  - Already have ACK (at simulation time 96.000,000,000 s)
2025-06-04 15:07:27,330 INFO  - Already have ACK (at simulation time 96.000,000,000 s)
2025-06-04 15:07:27,330 INFO  - Already have ACK (at simulation time 96.000,000,000 s)
2025-06-04 15:07:27,330 INFO  - Already have ACK (at simulation time 96.000,000,000 s)
2025-06-04 15:07:27,330 INFO  - Already have ACK (at simulation time 96.000,000,000 s)
2025-06-04 15:07:27,330 INFO  - Already have ACK (at simulation time 96.000,000,000 s)
2025-06-04 15:07:27,330 INFO  - Already have ACK (at simulation time 96.000,000,000 s)
2025-06-04 15:07:27,330 INFO  - Already have ACK (at simulation time 96.000,000,000 s)
2025-06-04 15:07:27,330 INFO  - Already have ACK (at simulation time 96.000,000,000 s)
2025-06-04 15:07:27,330 INFO  - Already have ACK (at simulation time 96.000,000,000 s)
2025-06-04 15:07:27,330 INFO  - Already have ACK (at simulation time 96.000,000,000 s)
2025-06-04 15:07:27,330 INFO  - Already have ACK (at simulation time 96.000,000,000 s)
2025-06-04 15:07:27,330 INFO  - Already have ACK (at simulation time 96.000,000,000 s)
2025-06-04 15:07:27,330 INFO  - Already have ACK (at simulation time 96.000,000,000 s)
2025-06-04 15:07:27,330 INFO  - Already have ACK (at simulation time 96.000,000,000 s)
2025-06-04 15:07:27,330 INFO  - Already have ACK (at simulation time 96.000,000,000 s)
2025-06-04 15:07:27,332 INFO  - Already have ACK (at simulation time 97.000,000,000 s)
2025-06-04 15:07:27,333 INFO  - Already have ACK (at simulation time 97.000,000,000 s)
2025-06-04 15:07:27,333 INFO  - Already have ACK (at simulation time 97.000,000,000 s)
2025-06-04 15:07:27,333 INFO  - Already have ACK (at simulation time 97.000,000,000 s)
2025-06-04 15:07:27,333 INFO  - Already have ACK (at simulation time 97.000,000,000 s)
2025-06-04 15:07:27,333 INFO  - Already have ACK (at simulation time 97.000,000,000 s)
2025-06-04 15:07:27,333 INFO  - Already have ACK (at simulation time 97.000,000,000 s)
2025-06-04 15:07:27,334 INFO  - Already have ACK (at simulation time 97.000,000,000 s)
2025-06-04 15:07:27,334 INFO  - Already have ACK (at simulation time 97.000,000,000 s)
2025-06-04 15:07:27,334 INFO  - Already have ACK (at simulation time 97.000,000,000 s)
2025-06-04 15:07:27,334 INFO  - Already have ACK (at simulation time 97.000,000,000 s)
2025-06-04 15:07:27,334 INFO  - Already have ACK (at simulation time 97.000,000,000 s)
2025-06-04 15:07:27,334 INFO  - Already have ACK (at simulation time 97.000,000,000 s)
2025-06-04 15:07:27,334 INFO  - Already have ACK (at simulation time 97.000,000,000 s)
2025-06-04 15:07:27,334 INFO  - Already have ACK (at simulation time 97.000,000,000 s)
2025-06-04 15:07:27,335 INFO  - Already have ACK (at simulation time 97.000,000,000 s)
2025-06-04 15:07:27,335 INFO  - Already have ACK (at simulation time 97.000,000,000 s)
2025-06-04 15:07:27,335 INFO  - Already have ACK (at simulation time 97.000,000,000 s)
2025-06-04 15:07:27,335 INFO  - Already have ACK (at simulation time 97.000,000,000 s)
2025-06-04 15:07:27,335 INFO  - Already have ACK (at simulation time 97.000,000,000 s)
2025-06-04 15:07:27,335 INFO  - Already have ACK (at simulation time 97.000,000,000 s)
2025-06-04 15:07:27,335 INFO  - Already have ACK (at simulation time 97.000,000,000 s)
2025-06-04 15:07:27,335 INFO  - Already have ACK (at simulation time 97.000,000,000 s)
2025-06-04 15:07:27,335 INFO  - Already have ACK (at simulation time 97.000,000,000 s)
2025-06-04 15:07:27,336 INFO  - Already have ACK (at simulation time 97.000,000,000 s)
2025-06-04 15:07:27,336 INFO  - Already have ACK (at simulation time 97.000,000,000 s)
2025-06-04 15:07:27,336 INFO  - Already have ACK (at simulation time 97.000,000,000 s)
2025-06-04 15:07:27,336 INFO  - Already have ACK (at simulation time 97.000,000,000 s)
2025-06-04 15:07:27,336 INFO  - Already have ACK (at simulation time 97.000,000,000 s)
2025-06-04 15:07:27,336 INFO  - Already have ACK (at simulation time 97.000,000,000 s)
2025-06-04 15:07:27,336 INFO  - Already have ACK (at simulation time 97.000,000,000 s)
2025-06-04 15:07:27,336 INFO  - Already have ACK (at simulation time 97.000,000,000 s)
2025-06-04 15:07:27,336 INFO  - Already have ACK (at simulation time 97.000,000,000 s)
2025-06-04 15:07:27,336 INFO  - Already have ACK (at simulation time 97.000,000,000 s)
2025-06-04 15:07:27,336 INFO  - Already have ACK (at simulation time 97.000,000,000 s)
2025-06-04 15:07:27,336 INFO  - Already have ACK (at simulation time 97.000,000,000 s)
2025-06-04 15:07:27,337 INFO  - Already have ACK (at simulation time 97.000,000,000 s)
2025-06-04 15:07:27,337 INFO  - Already have ACK (at simulation time 97.000,000,000 s)
2025-06-04 15:07:27,337 INFO  - Already have ACK (at simulation time 97.000,000,000 s)
2025-06-04 15:07:27,337 INFO  - Already have ACK (at simulation time 97.000,000,000 s)
2025-06-04 15:07:27,337 INFO  - Already have ACK (at simulation time 97.000,000,000 s)
2025-06-04 15:07:27,337 INFO  - Already have ACK (at simulation time 97.000,000,000 s)
2025-06-04 15:07:27,337 INFO  - Already have ACK (at simulation time 97.000,000,000 s)
2025-06-04 15:07:27,337 INFO  - Already have ACK (at simulation time 97.000,000,000 s)
2025-06-04 15:07:27,337 INFO  - Already have ACK (at simulation time 97.000,000,000 s)
2025-06-04 15:07:27,337 INFO  - Already have ACK (at simulation time 97.000,000,000 s)
2025-06-04 15:07:27,337 INFO  - Already have ACK (at simulation time 97.000,000,000 s)
2025-06-04 15:07:27,337 INFO  - Already have ACK (at simulation time 97.000,000,000 s)
2025-06-04 15:07:27,337 INFO  - Already have ACK (at simulation time 97.000,000,000 s)
2025-06-04 15:07:27,337 INFO  - Already have ACK (at simulation time 97.000,000,000 s)
2025-06-04 15:07:27,337 INFO  - Already have ACK (at simulation time 97.000,000,000 s)
2025-06-04 15:07:27,338 INFO  - Already have ACK (at simulation time 97.000,000,000 s)
2025-06-04 15:07:27,338 INFO  - Already have ACK (at simulation time 97.000,000,000 s)
2025-06-04 15:07:27,338 INFO  - Already have ACK (at simulation time 97.000,000,000 s)
2025-06-04 15:07:27,338 INFO  - Already have ACK (at simulation time 97.000,000,000 s)
2025-06-04 15:07:27,338 INFO  - Already have ACK (at simulation time 97.000,000,000 s)
2025-06-04 15:07:27,338 INFO  - Already have ACK (at simulation time 97.000,000,000 s)
2025-06-04 15:07:27,338 INFO  - Already have ACK (at simulation time 97.000,000,000 s)
2025-06-04 15:07:27,338 INFO  - Already have ACK (at simulation time 97.000,000,000 s)
2025-06-04 15:07:27,338 INFO  - Already have ACK (at simulation time 97.000,000,000 s)
2025-06-04 15:07:27,338 INFO  - Already have ACK (at simulation time 97.000,000,000 s)
2025-06-04 15:07:27,338 INFO  - Already have ACK (at simulation time 97.000,000,000 s)
2025-06-04 15:07:27,338 INFO  - Already have ACK (at simulation time 97.000,000,000 s)
2025-06-04 15:07:27,338 INFO  - Already have ACK (at simulation time 97.000,000,000 s)
2025-06-04 15:07:27,338 INFO  - Already have ACK (at simulation time 97.000,000,000 s)
2025-06-04 15:07:27,338 INFO  - Already have ACK (at simulation time 97.000,000,000 s)
2025-06-04 15:07:27,338 INFO  - Already have ACK (at simulation time 97.000,000,000 s)
2025-06-04 15:07:27,338 INFO  - Already have ACK (at simulation time 97.000,000,000 s)
2025-06-04 15:07:27,338 INFO  - Already have ACK (at simulation time 97.000,000,000 s)
2025-06-04 15:07:27,338 INFO  - Already have ACK (at simulation time 97.000,000,000 s)
2025-06-04 15:07:27,338 INFO  - Already have ACK (at simulation time 97.000,000,000 s)
2025-06-04 15:07:27,338 INFO  - Already have ACK (at simulation time 97.000,000,000 s)
2025-06-04 15:07:27,338 INFO  - Already have ACK (at simulation time 97.000,000,000 s)
2025-06-04 15:07:27,338 INFO  - Already have ACK (at simulation time 97.000,000,000 s)
2025-06-04 15:07:27,338 INFO  - Already have ACK (at simulation time 97.000,000,000 s)
2025-06-04 15:07:27,339 INFO  - Already have ACK (at simulation time 97.000,000,000 s)
2025-06-04 15:07:27,339 INFO  - Already have ACK (at simulation time 97.000,000,000 s)
2025-06-04 15:07:27,339 INFO  - Already have ACK (at simulation time 97.000,000,000 s)
2025-06-04 15:07:27,339 INFO  - Already have ACK (at simulation time 97.000,000,000 s)
2025-06-04 15:07:27,339 INFO  - Already have ACK (at simulation time 97.000,000,000 s)
2025-06-04 15:07:27,339 INFO  - Already have ACK (at simulation time 97.000,000,000 s)
2025-06-04 15:07:27,339 INFO  - Already have ACK (at simulation time 97.000,000,000 s)
2025-06-04 15:07:27,339 INFO  - Already have ACK (at simulation time 97.000,000,000 s)
2025-06-04 15:07:27,339 INFO  - Already have ACK (at simulation time 97.000,000,000 s)
2025-06-04 15:07:27,339 INFO  - Already have ACK (at simulation time 97.000,000,000 s)
2025-06-04 15:07:27,339 INFO  - Already have ACK (at simulation time 97.000,000,000 s)
2025-06-04 15:07:27,339 INFO  - Already have ACK (at simulation time 97.000,000,000 s)
2025-06-04 15:07:27,339 INFO  - Already have ACK (at simulation time 97.000,000,000 s)
2025-06-04 15:07:27,339 INFO  - Already have ACK (at simulation time 97.000,000,000 s)
2025-06-04 15:07:27,339 INFO  - Already have ACK (at simulation time 97.000,000,000 s)
2025-06-04 15:07:27,339 INFO  - Already have ACK (at simulation time 97.000,000,000 s)
2025-06-04 15:07:27,339 INFO  - Already have ACK (at simulation time 97.000,000,000 s)
2025-06-04 15:07:27,341 INFO  - Already have ACK (at simulation time 98.000,000,000 s)
2025-06-04 15:07:27,342 INFO  - Already have ACK (at simulation time 98.000,000,000 s)
2025-06-04 15:07:27,342 INFO  - Already have ACK (at simulation time 98.000,000,000 s)
2025-06-04 15:07:27,342 INFO  - Already have ACK (at simulation time 98.000,000,000 s)
2025-06-04 15:07:27,343 INFO  - Already have ACK (at simulation time 98.000,000,000 s)
2025-06-04 15:07:27,343 INFO  - Already have ACK (at simulation time 98.000,000,000 s)
2025-06-04 15:07:27,343 INFO  - Already have ACK (at simulation time 98.000,000,000 s)
2025-06-04 15:07:27,343 INFO  - Already have ACK (at simulation time 98.000,000,000 s)
2025-06-04 15:07:27,343 INFO  - Already have ACK (at simulation time 98.000,000,000 s)
2025-06-04 15:07:27,343 INFO  - Already have ACK (at simulation time 98.000,000,000 s)
2025-06-04 15:07:27,343 INFO  - Already have ACK (at simulation time 98.000,000,000 s)
2025-06-04 15:07:27,343 INFO  - Already have ACK (at simulation time 98.000,000,000 s)
2025-06-04 15:07:27,344 INFO  - Already have ACK (at simulation time 98.000,000,000 s)
2025-06-04 15:07:27,344 INFO  - Already have ACK (at simulation time 98.000,000,000 s)
2025-06-04 15:07:27,344 INFO  - Already have ACK (at simulation time 98.000,000,000 s)
2025-06-04 15:07:27,344 INFO  - Already have ACK (at simulation time 98.000,000,000 s)
2025-06-04 15:07:27,344 INFO  - Already have ACK (at simulation time 98.000,000,000 s)
2025-06-04 15:07:27,344 INFO  - Already have ACK (at simulation time 98.000,000,000 s)
2025-06-04 15:07:27,344 INFO  - Already have ACK (at simulation time 98.000,000,000 s)
2025-06-04 15:07:27,344 INFO  - Already have ACK (at simulation time 98.000,000,000 s)
2025-06-04 15:07:27,344 INFO  - Already have ACK (at simulation time 98.000,000,000 s)
2025-06-04 15:07:27,345 INFO  - Already have ACK (at simulation time 98.000,000,000 s)
2025-06-04 15:07:27,345 INFO  - Already have ACK (at simulation time 98.000,000,000 s)
2025-06-04 15:07:27,345 INFO  - Already have ACK (at simulation time 98.000,000,000 s)
2025-06-04 15:07:27,345 INFO  - Already have ACK (at simulation time 98.000,000,000 s)
2025-06-04 15:07:27,345 INFO  - Already have ACK (at simulation time 98.000,000,000 s)
2025-06-04 15:07:27,345 INFO  - Already have ACK (at simulation time 98.000,000,000 s)
2025-06-04 15:07:27,345 INFO  - Already have ACK (at simulation time 98.000,000,000 s)
2025-06-04 15:07:27,345 INFO  - Already have ACK (at simulation time 98.000,000,000 s)
2025-06-04 15:07:27,345 INFO  - Already have ACK (at simulation time 98.000,000,000 s)
2025-06-04 15:07:27,345 INFO  - Already have ACK (at simulation time 98.000,000,000 s)
2025-06-04 15:07:27,345 INFO  - Already have ACK (at simulation time 98.000,000,000 s)
2025-06-04 15:07:27,346 INFO  - Already have ACK (at simulation time 98.000,000,000 s)
2025-06-04 15:07:27,346 INFO  - Already have ACK (at simulation time 98.000,000,000 s)
2025-06-04 15:07:27,346 INFO  - Already have ACK (at simulation time 98.000,000,000 s)
2025-06-04 15:07:27,346 INFO  - Already have ACK (at simulation time 98.000,000,000 s)
2025-06-04 15:07:27,346 INFO  - Already have ACK (at simulation time 98.000,000,000 s)
2025-06-04 15:07:27,346 INFO  - Already have ACK (at simulation time 98.000,000,000 s)
2025-06-04 15:07:27,346 INFO  - Already have ACK (at simulation time 98.000,000,000 s)
2025-06-04 15:07:27,346 INFO  - Already have ACK (at simulation time 98.000,000,000 s)
2025-06-04 15:07:27,346 INFO  - Already have ACK (at simulation time 98.000,000,000 s)
2025-06-04 15:07:27,346 INFO  - Already have ACK (at simulation time 98.000,000,000 s)
2025-06-04 15:07:27,346 INFO  - Already have ACK (at simulation time 98.000,000,000 s)
2025-06-04 15:07:27,346 INFO  - Already have ACK (at simulation time 98.000,000,000 s)
2025-06-04 15:07:27,346 INFO  - Already have ACK (at simulation time 98.000,000,000 s)
2025-06-04 15:07:27,346 INFO  - Already have ACK (at simulation time 98.000,000,000 s)
2025-06-04 15:07:27,347 INFO  - Already have ACK (at simulation time 98.000,000,000 s)
2025-06-04 15:07:27,347 INFO  - Already have ACK (at simulation time 98.000,000,000 s)
2025-06-04 15:07:27,347 INFO  - Already have ACK (at simulation time 98.000,000,000 s)
2025-06-04 15:07:27,347 INFO  - Already have ACK (at simulation time 98.000,000,000 s)
2025-06-04 15:07:27,347 INFO  - Already have ACK (at simulation time 98.000,000,000 s)
2025-06-04 15:07:27,347 INFO  - Already have ACK (at simulation time 98.000,000,000 s)
2025-06-04 15:07:27,347 INFO  - Already have ACK (at simulation time 98.000,000,000 s)
2025-06-04 15:07:27,347 INFO  - Already have ACK (at simulation time 98.000,000,000 s)
2025-06-04 15:07:27,347 INFO  - Already have ACK (at simulation time 98.000,000,000 s)
2025-06-04 15:07:27,347 INFO  - Already have ACK (at simulation time 98.000,000,000 s)
2025-06-04 15:07:27,347 INFO  - Already have ACK (at simulation time 98.000,000,000 s)
2025-06-04 15:07:27,347 INFO  - Already have ACK (at simulation time 98.000,000,000 s)
2025-06-04 15:07:27,347 INFO  - Already have ACK (at simulation time 98.000,000,000 s)
2025-06-04 15:07:27,347 INFO  - Already have ACK (at simulation time 98.000,000,000 s)
2025-06-04 15:07:27,347 INFO  - Already have ACK (at simulation time 98.000,000,000 s)
2025-06-04 15:07:27,347 INFO  - Already have ACK (at simulation time 98.000,000,000 s)
2025-06-04 15:07:27,347 INFO  - Already have ACK (at simulation time 98.000,000,000 s)
2025-06-04 15:07:27,347 INFO  - Already have ACK (at simulation time 98.000,000,000 s)
2025-06-04 15:07:27,347 INFO  - Already have ACK (at simulation time 98.000,000,000 s)
2025-06-04 15:07:27,347 INFO  - Already have ACK (at simulation time 98.000,000,000 s)
2025-06-04 15:07:27,348 INFO  - Already have ACK (at simulation time 98.000,000,000 s)
2025-06-04 15:07:27,348 INFO  - Already have ACK (at simulation time 98.000,000,000 s)
2025-06-04 15:07:27,348 INFO  - Already have ACK (at simulation time 98.000,000,000 s)
2025-06-04 15:07:27,348 INFO  - Already have ACK (at simulation time 98.000,000,000 s)
2025-06-04 15:07:27,348 INFO  - Already have ACK (at simulation time 98.000,000,000 s)
2025-06-04 15:07:27,348 INFO  - Already have ACK (at simulation time 98.000,000,000 s)
2025-06-04 15:07:27,348 INFO  - Already have ACK (at simulation time 98.000,000,000 s)
2025-06-04 15:07:27,348 INFO  - Already have ACK (at simulation time 98.000,000,000 s)
2025-06-04 15:07:27,348 INFO  - Already have ACK (at simulation time 98.000,000,000 s)
2025-06-04 15:07:27,348 INFO  - Already have ACK (at simulation time 98.000,000,000 s)
2025-06-04 15:07:27,348 INFO  - Already have ACK (at simulation time 98.000,000,000 s)
2025-06-04 15:07:27,348 INFO  - Already have ACK (at simulation time 98.000,000,000 s)
2025-06-04 15:07:27,348 INFO  - Already have ACK (at simulation time 98.000,000,000 s)
2025-06-04 15:07:27,348 INFO  - Already have ACK (at simulation time 98.000,000,000 s)
2025-06-04 15:07:27,348 INFO  - Already have ACK (at simulation time 98.000,000,000 s)
2025-06-04 15:07:27,348 INFO  - Already have ACK (at simulation time 98.000,000,000 s)
2025-06-04 15:07:27,348 INFO  - Already have ACK (at simulation time 98.000,000,000 s)
2025-06-04 15:07:27,348 INFO  - Already have ACK (at simulation time 98.000,000,000 s)
2025-06-04 15:07:27,348 INFO  - Already have ACK (at simulation time 98.000,000,000 s)
2025-06-04 15:07:27,348 INFO  - Already have ACK (at simulation time 98.000,000,000 s)
2025-06-04 15:07:27,348 INFO  - Already have ACK (at simulation time 98.000,000,000 s)
2025-06-04 15:07:27,348 INFO  - Already have ACK (at simulation time 98.000,000,000 s)
2025-06-04 15:07:27,348 INFO  - Already have ACK (at simulation time 98.000,000,000 s)
2025-06-04 15:07:27,348 INFO  - Already have ACK (at simulation time 98.000,000,000 s)
2025-06-04 15:07:27,348 INFO  - Already have ACK (at simulation time 98.000,000,000 s)
2025-06-04 15:07:27,348 INFO  - Already have ACK (at simulation time 98.000,000,000 s)
2025-06-04 15:07:27,348 INFO  - Already have ACK (at simulation time 98.000,000,000 s)
2025-06-04 15:07:27,357 INFO  - Already have ACK (at simulation time 99.000,000,000 s)
2025-06-04 15:07:27,358 INFO  - Already have ACK (at simulation time 99.000,000,000 s)
2025-06-04 15:07:27,358 INFO  - Already have ACK (at simulation time 99.000,000,000 s)
2025-06-04 15:07:27,358 INFO  - Already have ACK (at simulation time 99.000,000,000 s)
2025-06-04 15:07:27,358 INFO  - Already have ACK (at simulation time 99.000,000,000 s)
2025-06-04 15:07:27,358 INFO  - Already have ACK (at simulation time 99.000,000,000 s)
2025-06-04 15:07:27,358 INFO  - Already have ACK (at simulation time 99.000,000,000 s)
2025-06-04 15:07:27,359 INFO  - Already have ACK (at simulation time 99.000,000,000 s)
2025-06-04 15:07:27,359 INFO  - Already have ACK (at simulation time 99.000,000,000 s)
2025-06-04 15:07:27,359 INFO  - Already have ACK (at simulation time 99.000,000,000 s)
2025-06-04 15:07:27,359 INFO  - Already have ACK (at simulation time 99.000,000,000 s)
2025-06-04 15:07:27,359 INFO  - Already have ACK (at simulation time 99.000,000,000 s)
2025-06-04 15:07:27,359 INFO  - Already have ACK (at simulation time 99.000,000,000 s)
2025-06-04 15:07:27,359 INFO  - Already have ACK (at simulation time 99.000,000,000 s)
2025-06-04 15:07:27,359 INFO  - Already have ACK (at simulation time 99.000,000,000 s)
2025-06-04 15:07:27,359 INFO  - Already have ACK (at simulation time 99.000,000,000 s)
2025-06-04 15:07:27,359 INFO  - Already have ACK (at simulation time 99.000,000,000 s)
2025-06-04 15:07:27,360 INFO  - Already have ACK (at simulation time 99.000,000,000 s)
2025-06-04 15:07:27,360 INFO  - Already have ACK (at simulation time 99.000,000,000 s)
2025-06-04 15:07:27,360 INFO  - Already have ACK (at simulation time 99.000,000,000 s)
2025-06-04 15:07:27,360 INFO  - Already have ACK (at simulation time 99.000,000,000 s)
2025-06-04 15:07:27,360 INFO  - Already have ACK (at simulation time 99.000,000,000 s)
2025-06-04 15:07:27,360 INFO  - Already have ACK (at simulation time 99.000,000,000 s)
2025-06-04 15:07:27,360 INFO  - Already have ACK (at simulation time 99.000,000,000 s)
2025-06-04 15:07:27,360 INFO  - Already have ACK (at simulation time 99.000,000,000 s)
2025-06-04 15:07:27,360 INFO  - Already have ACK (at simulation time 99.000,000,000 s)
2025-06-04 15:07:27,360 INFO  - Already have ACK (at simulation time 99.000,000,000 s)
2025-06-04 15:07:27,361 INFO  - Already have ACK (at simulation time 99.000,000,000 s)
2025-06-04 15:07:27,361 INFO  - Already have ACK (at simulation time 99.000,000,000 s)
2025-06-04 15:07:27,361 INFO  - Already have ACK (at simulation time 99.000,000,000 s)
2025-06-04 15:07:27,361 INFO  - Already have ACK (at simulation time 99.000,000,000 s)
2025-06-04 15:07:27,361 INFO  - Already have ACK (at simulation time 99.000,000,000 s)
2025-06-04 15:07:27,361 INFO  - Already have ACK (at simulation time 99.000,000,000 s)
2025-06-04 15:07:27,361 INFO  - Already have ACK (at simulation time 99.000,000,000 s)
2025-06-04 15:07:27,361 INFO  - Already have ACK (at simulation time 99.000,000,000 s)
2025-06-04 15:07:27,361 INFO  - Already have ACK (at simulation time 99.000,000,000 s)
2025-06-04 15:07:27,361 INFO  - Already have ACK (at simulation time 99.000,000,000 s)
2025-06-04 15:07:27,361 INFO  - Already have ACK (at simulation time 99.000,000,000 s)
2025-06-04 15:07:27,362 INFO  - Already have ACK (at simulation time 99.000,000,000 s)
2025-06-04 15:07:27,362 INFO  - Already have ACK (at simulation time 99.000,000,000 s)
2025-06-04 15:07:27,362 INFO  - Already have ACK (at simulation time 99.000,000,000 s)
2025-06-04 15:07:27,362 INFO  - Already have ACK (at simulation time 99.000,000,000 s)
2025-06-04 15:07:27,362 INFO  - Already have ACK (at simulation time 99.000,000,000 s)
2025-06-04 15:07:27,362 INFO  - Already have ACK (at simulation time 99.000,000,000 s)
2025-06-04 15:07:27,362 INFO  - Already have ACK (at simulation time 99.000,000,000 s)
2025-06-04 15:07:27,362 INFO  - Already have ACK (at simulation time 99.000,000,000 s)
2025-06-04 15:07:27,362 INFO  - Already have ACK (at simulation time 99.000,000,000 s)
2025-06-04 15:07:27,362 INFO  - Already have ACK (at simulation time 99.000,000,000 s)
2025-06-04 15:07:27,362 INFO  - Already have ACK (at simulation time 99.000,000,000 s)
2025-06-04 15:07:27,362 INFO  - Already have ACK (at simulation time 99.000,000,000 s)
2025-06-04 15:07:27,362 INFO  - Already have ACK (at simulation time 99.000,000,000 s)
2025-06-04 15:07:27,362 INFO  - Already have ACK (at simulation time 99.000,000,000 s)
2025-06-04 15:07:27,362 INFO  - Already have ACK (at simulation time 99.000,000,000 s)
2025-06-04 15:07:27,363 INFO  - Already have ACK (at simulation time 99.000,000,000 s)
2025-06-04 15:07:27,363 INFO  - Already have ACK (at simulation time 99.000,000,000 s)
2025-06-04 15:07:27,363 INFO  - Already have ACK (at simulation time 99.000,000,000 s)
2025-06-04 15:07:27,363 INFO  - Already have ACK (at simulation time 99.000,000,000 s)
2025-06-04 15:07:27,363 INFO  - Already have ACK (at simulation time 99.000,000,000 s)
2025-06-04 15:07:27,363 INFO  - Already have ACK (at simulation time 99.000,000,000 s)
2025-06-04 15:07:27,363 INFO  - Already have ACK (at simulation time 99.000,000,000 s)
2025-06-04 15:07:27,363 INFO  - Already have ACK (at simulation time 99.000,000,000 s)
2025-06-04 15:07:27,363 INFO  - Already have ACK (at simulation time 99.000,000,000 s)
2025-06-04 15:07:27,363 INFO  - Already have ACK (at simulation time 99.000,000,000 s)
2025-06-04 15:07:27,363 INFO  - Already have ACK (at simulation time 99.000,000,000 s)
2025-06-04 15:07:27,363 INFO  - Already have ACK (at simulation time 99.000,000,000 s)
2025-06-04 15:07:27,363 INFO  - Already have ACK (at simulation time 99.000,000,000 s)
2025-06-04 15:07:27,363 INFO  - Already have ACK (at simulation time 99.000,000,000 s)
2025-06-04 15:07:27,363 INFO  - Already have ACK (at simulation time 99.000,000,000 s)
2025-06-04 15:07:27,363 INFO  - Already have ACK (at simulation time 99.000,000,000 s)
2025-06-04 15:07:27,363 INFO  - Already have ACK (at simulation time 99.000,000,000 s)
2025-06-04 15:07:27,363 INFO  - Already have ACK (at simulation time 99.000,000,000 s)
2025-06-04 15:07:27,363 INFO  - Already have ACK (at simulation time 99.000,000,000 s)
2025-06-04 15:07:27,363 INFO  - Already have ACK (at simulation time 99.000,000,000 s)
2025-06-04 15:07:27,363 INFO  - Already have ACK (at simulation time 99.000,000,000 s)
2025-06-04 15:07:27,363 INFO  - Already have ACK (at simulation time 99.000,000,000 s)
2025-06-04 15:07:27,363 INFO  - Already have ACK (at simulation time 99.000,000,000 s)
2025-06-04 15:07:27,363 INFO  - Already have ACK (at simulation time 99.000,000,000 s)
2025-06-04 15:07:27,363 INFO  - Already have ACK (at simulation time 99.000,000,000 s)
2025-06-04 15:07:27,364 INFO  - Already have ACK (at simulation time 99.000,000,000 s)
2025-06-04 15:07:27,364 INFO  - Already have ACK (at simulation time 99.000,000,000 s)
2025-06-04 15:07:27,364 INFO  - Already have ACK (at simulation time 99.000,000,000 s)
2025-06-04 15:07:27,364 INFO  - Already have ACK (at simulation time 99.000,000,000 s)
2025-06-04 15:07:27,364 INFO  - Already have ACK (at simulation time 99.000,000,000 s)
2025-06-04 15:07:27,364 INFO  - Already have ACK (at simulation time 99.000,000,000 s)
2025-06-04 15:07:27,364 INFO  - Already have ACK (at simulation time 99.000,000,000 s)
2025-06-04 15:07:27,364 INFO  - Already have ACK (at simulation time 99.000,000,000 s)
2025-06-04 15:07:27,364 INFO  - Already have ACK (at simulation time 99.000,000,000 s)
2025-06-04 15:07:27,364 INFO  - Already have ACK (at simulation time 99.000,000,000 s)
2025-06-04 15:07:27,364 INFO  - Already have ACK (at simulation time 99.000,000,000 s)
2025-06-04 15:07:27,364 INFO  - Already have ACK (at simulation time 99.000,000,000 s)
2025-06-04 15:07:27,364 INFO  - Already have ACK (at simulation time 99.000,000,000 s)
2025-06-04 15:07:27,364 INFO  - Already have ACK (at simulation time 99.000,000,000 s)
2025-06-04 15:07:27,364 INFO  - Already have ACK (at simulation time 99.000,000,000 s)
2025-06-04 15:07:27,364 INFO  - Already have ACK (at simulation time 99.000,000,000 s)
2025-06-04 15:07:27,367 INFO  - Already have ACK (at simulation time 100.000,000,000 s)
2025-06-04 15:07:27,367 INFO  - Already have ACK (at simulation time 100.000,000,000 s)
2025-06-04 15:07:27,368 INFO  - Already have ACK (at simulation time 100.000,000,000 s)
2025-06-04 15:07:27,368 INFO  - Already have ACK (at simulation time 100.000,000,000 s)
2025-06-04 15:07:27,368 INFO  - Already have ACK (at simulation time 100.000,000,000 s)
2025-06-04 15:07:27,368 INFO  - Already have ACK (at simulation time 100.000,000,000 s)
2025-06-04 15:07:27,368 INFO  - Already have ACK (at simulation time 100.000,000,000 s)
2025-06-04 15:07:27,368 INFO  - Already have ACK (at simulation time 100.000,000,000 s)
2025-06-04 15:07:27,368 INFO  - Already have ACK (at simulation time 100.000,000,000 s)
2025-06-04 15:07:27,368 INFO  - Already have ACK (at simulation time 100.000,000,000 s)
2025-06-04 15:07:27,368 INFO  - Already have ACK (at simulation time 100.000,000,000 s)
2025-06-04 15:07:27,369 INFO  - Already have ACK (at simulation time 100.000,000,000 s)
2025-06-04 15:07:27,369 INFO  - Already have ACK (at simulation time 100.000,000,000 s)
2025-06-04 15:07:27,369 INFO  - Already have ACK (at simulation time 100.000,000,000 s)
2025-06-04 15:07:27,369 INFO  - Already have ACK (at simulation time 100.000,000,000 s)
2025-06-04 15:07:27,369 INFO  - Already have ACK (at simulation time 100.000,000,000 s)
2025-06-04 15:07:27,369 INFO  - Already have ACK (at simulation time 100.000,000,000 s)
2025-06-04 15:07:27,369 INFO  - Already have ACK (at simulation time 100.000,000,000 s)
2025-06-04 15:07:27,369 INFO  - Already have ACK (at simulation time 100.000,000,000 s)
2025-06-04 15:07:27,369 INFO  - Already have ACK (at simulation time 100.000,000,000 s)
2025-06-04 15:07:27,370 INFO  - Already have ACK (at simulation time 100.000,000,000 s)
2025-06-04 15:07:27,370 INFO  - Already have ACK (at simulation time 100.000,000,000 s)
2025-06-04 15:07:27,370 INFO  - Already have ACK (at simulation time 100.000,000,000 s)
2025-06-04 15:07:27,370 INFO  - Already have ACK (at simulation time 100.000,000,000 s)
2025-06-04 15:07:27,370 INFO  - Already have ACK (at simulation time 100.000,000,000 s)
2025-06-04 15:07:27,370 INFO  - Already have ACK (at simulation time 100.000,000,000 s)
2025-06-04 15:07:27,370 INFO  - Already have ACK (at simulation time 100.000,000,000 s)
2025-06-04 15:07:27,370 INFO  - Already have ACK (at simulation time 100.000,000,000 s)
2025-06-04 15:07:27,370 INFO  - Already have ACK (at simulation time 100.000,000,000 s)
2025-06-04 15:07:27,370 INFO  - Already have ACK (at simulation time 100.000,000,000 s)
2025-06-04 15:07:27,370 INFO  - Already have ACK (at simulation time 100.000,000,000 s)
2025-06-04 15:07:27,371 INFO  - Already have ACK (at simulation time 100.000,000,000 s)
2025-06-04 15:07:27,371 INFO  - Already have ACK (at simulation time 100.000,000,000 s)
2025-06-04 15:07:27,371 INFO  - Already have ACK (at simulation time 100.000,000,000 s)
2025-06-04 15:07:27,371 INFO  - Already have ACK (at simulation time 100.000,000,000 s)
2025-06-04 15:07:27,371 INFO  - Already have ACK (at simulation time 100.000,000,000 s)
2025-06-04 15:07:27,371 INFO  - Already have ACK (at simulation time 100.000,000,000 s)
2025-06-04 15:07:27,371 INFO  - Already have ACK (at simulation time 100.000,000,000 s)
2025-06-04 15:07:27,371 INFO  - Already have ACK (at simulation time 100.000,000,000 s)
2025-06-04 15:07:27,371 INFO  - Already have ACK (at simulation time 100.000,000,000 s)
2025-06-04 15:07:27,371 INFO  - Already have ACK (at simulation time 100.000,000,000 s)
2025-06-04 15:07:27,371 INFO  - Already have ACK (at simulation time 100.000,000,000 s)
2025-06-04 15:07:27,372 INFO  - Already have ACK (at simulation time 100.000,000,000 s)
2025-06-04 15:07:27,372 INFO  - Already have ACK (at simulation time 100.000,000,000 s)
2025-06-04 15:07:27,372 INFO  - Already have ACK (at simulation time 100.000,000,000 s)
2025-06-04 15:07:27,372 INFO  - Already have ACK (at simulation time 100.000,000,000 s)
2025-06-04 15:07:27,372 INFO  - Already have ACK (at simulation time 100.000,000,000 s)
2025-06-04 15:07:27,372 INFO  - Already have ACK (at simulation time 100.000,000,000 s)
2025-06-04 15:07:27,372 INFO  - Already have ACK (at simulation time 100.000,000,000 s)
2025-06-04 15:07:27,372 INFO  - Already have ACK (at simulation time 100.000,000,000 s)
2025-06-04 15:07:27,372 INFO  - Already have ACK (at simulation time 100.000,000,000 s)
2025-06-04 15:07:27,372 INFO  - Already have ACK (at simulation time 100.000,000,000 s)
2025-06-04 15:07:27,372 INFO  - Already have ACK (at simulation time 100.000,000,000 s)
2025-06-04 15:07:27,372 INFO  - Already have ACK (at simulation time 100.000,000,000 s)
2025-06-04 15:07:27,372 INFO  - Already have ACK (at simulation time 100.000,000,000 s)
2025-06-04 15:07:27,372 INFO  - Already have ACK (at simulation time 100.000,000,000 s)
2025-06-04 15:07:27,372 INFO  - Already have ACK (at simulation time 100.000,000,000 s)
2025-06-04 15:07:27,373 INFO  - Already have ACK (at simulation time 100.000,000,000 s)
2025-06-04 15:07:27,373 INFO  - Already have ACK (at simulation time 100.000,000,000 s)
2025-06-04 15:07:27,373 INFO  - Already have ACK (at simulation time 100.000,000,000 s)
2025-06-04 15:07:27,373 INFO  - Already have ACK (at simulation time 100.000,000,000 s)
2025-06-04 15:07:27,373 INFO  - Already have ACK (at simulation time 100.000,000,000 s)
2025-06-04 15:07:27,373 INFO  - Already have ACK (at simulation time 100.000,000,000 s)
2025-06-04 15:07:27,373 INFO  - Already have ACK (at simulation time 100.000,000,000 s)
2025-06-04 15:07:27,373 INFO  - Already have ACK (at simulation time 100.000,000,000 s)
2025-06-04 15:07:27,373 INFO  - Already have ACK (at simulation time 100.000,000,000 s)
2025-06-04 15:07:27,373 INFO  - Already have ACK (at simulation time 100.000,000,000 s)
2025-06-04 15:07:27,373 INFO  - Already have ACK (at simulation time 100.000,000,000 s)
2025-06-04 15:07:27,373 INFO  - Already have ACK (at simulation time 100.000,000,000 s)
2025-06-04 15:07:27,373 INFO  - Already have ACK (at simulation time 100.000,000,000 s)
2025-06-04 15:07:27,373 INFO  - Already have ACK (at simulation time 100.000,000,000 s)
2025-06-04 15:07:27,373 INFO  - Already have ACK (at simulation time 100.000,000,000 s)
2025-06-04 15:07:27,373 INFO  - Already have ACK (at simulation time 100.000,000,000 s)
2025-06-04 15:07:27,373 INFO  - Already have ACK (at simulation time 100.000,000,000 s)
2025-06-04 15:07:27,373 INFO  - Already have ACK (at simulation time 100.000,000,000 s)
2025-06-04 15:07:27,373 INFO  - Already have ACK (at simulation time 100.000,000,000 s)
2025-06-04 15:07:27,373 INFO  - Already have ACK (at simulation time 100.000,000,000 s)
2025-06-04 15:07:27,373 INFO  - Already have ACK (at simulation time 100.000,000,000 s)
2025-06-04 15:07:27,374 INFO  - Already have ACK (at simulation time 100.000,000,000 s)
2025-06-04 15:07:27,374 INFO  - Already have ACK (at simulation time 100.000,000,000 s)
2025-06-04 15:07:27,374 INFO  - Already have ACK (at simulation time 100.000,000,000 s)
2025-06-04 15:07:27,374 INFO  - Already have ACK (at simulation time 100.000,000,000 s)
2025-06-04 15:07:27,374 INFO  - Already have ACK (at simulation time 100.000,000,000 s)
2025-06-04 15:07:27,374 INFO  - Already have ACK (at simulation time 100.000,000,000 s)
2025-06-04 15:07:27,374 INFO  - Already have ACK (at simulation time 100.000,000,000 s)
2025-06-04 15:07:27,374 INFO  - Already have ACK (at simulation time 100.000,000,000 s)
2025-06-04 15:07:27,374 INFO  - Already have ACK (at simulation time 100.000,000,000 s)
2025-06-04 15:07:27,374 INFO  - Already have ACK (at simulation time 100.000,000,000 s)
2025-06-04 15:07:27,374 INFO  - Already have ACK (at simulation time 100.000,000,000 s)
2025-06-04 15:07:27,374 INFO  - Already have ACK (at simulation time 100.000,000,000 s)
2025-06-04 15:07:27,374 INFO  - Already have ACK (at simulation time 100.000,000,000 s)
2025-06-04 15:07:27,374 INFO  - Already have ACK (at simulation time 100.000,000,000 s)
2025-06-04 15:07:27,374 INFO  - Already have ACK (at simulation time 100.000,000,000 s)
2025-06-04 15:07:27,374 INFO  - Already have ACK (at simulation time 100.000,000,000 s)
2025-06-04 15:07:27,374 INFO  - Already have ACK (at simulation time 100.000,000,000 s)
2025-06-04 15:07:27,376 INFO  - Sent periodic GreenWaveMsg: veh_1 on route r_1 (at simulation time 101.000,000,000 s)
2025-06-04 15:07:27,376 INFO  - Already have ACK (at simulation time 101.000,000,000 s)
2025-06-04 15:07:27,377 INFO  - Already have ACK (at simulation time 101.000,000,000 s)
2025-06-04 15:07:27,377 INFO  - Already have ACK (at simulation time 101.000,000,000 s)
2025-06-04 15:07:27,377 INFO  - Already have ACK (at simulation time 101.000,000,000 s)
2025-06-04 15:07:27,378 INFO  - Already have ACK (at simulation time 101.000,000,000 s)
2025-06-04 15:07:27,378 INFO  - Already have ACK (at simulation time 101.000,000,000 s)
2025-06-04 15:07:27,378 INFO  - Already have ACK (at simulation time 101.000,000,000 s)
2025-06-04 15:07:27,378 INFO  - Already have ACK (at simulation time 101.000,000,000 s)
2025-06-04 15:07:27,378 INFO  - Already have ACK (at simulation time 101.000,000,000 s)
2025-06-04 15:07:27,378 INFO  - Already have ACK (at simulation time 101.000,000,000 s)
2025-06-04 15:07:27,378 INFO  - Already have ACK (at simulation time 101.000,000,000 s)
2025-06-04 15:07:27,378 INFO  - Already have ACK (at simulation time 101.000,000,000 s)
2025-06-04 15:07:27,378 INFO  - Already have ACK (at simulation time 101.000,000,000 s)
2025-06-04 15:07:27,379 INFO  - Already have ACK (at simulation time 101.000,000,000 s)
2025-06-04 15:07:27,379 INFO  - Already have ACK (at simulation time 101.000,000,000 s)
2025-06-04 15:07:27,379 INFO  - Already have ACK (at simulation time 101.000,000,000 s)
2025-06-04 15:07:27,379 INFO  - Already have ACK (at simulation time 101.000,000,000 s)
2025-06-04 15:07:27,379 INFO  - Already have ACK (at simulation time 101.000,000,000 s)
2025-06-04 15:07:27,379 INFO  - Already have ACK (at simulation time 101.000,000,000 s)
2025-06-04 15:07:27,379 INFO  - Already have ACK (at simulation time 101.000,000,000 s)
2025-06-04 15:07:27,379 INFO  - Already have ACK (at simulation time 101.000,000,000 s)
2025-06-04 15:07:27,379 INFO  - Already have ACK (at simulation time 101.000,000,000 s)
2025-06-04 15:07:27,380 INFO  - Already have ACK (at simulation time 101.000,000,000 s)
2025-06-04 15:07:27,380 INFO  - Already have ACK (at simulation time 101.000,000,000 s)
2025-06-04 15:07:27,380 INFO  - Already have ACK (at simulation time 101.000,000,000 s)
2025-06-04 15:07:27,380 INFO  - Already have ACK (at simulation time 101.000,000,000 s)
2025-06-04 15:07:27,380 INFO  - Already have ACK (at simulation time 101.000,000,000 s)
2025-06-04 15:07:27,380 INFO  - Already have ACK (at simulation time 101.000,000,000 s)
2025-06-04 15:07:27,380 INFO  - Already have ACK (at simulation time 101.000,000,000 s)
2025-06-04 15:07:27,380 INFO  - Already have ACK (at simulation time 101.000,000,000 s)
2025-06-04 15:07:27,380 INFO  - Already have ACK (at simulation time 101.000,000,000 s)
2025-06-04 15:07:27,380 INFO  - Already have ACK (at simulation time 101.000,000,000 s)
2025-06-04 15:07:27,380 INFO  - Already have ACK (at simulation time 101.000,000,000 s)
2025-06-04 15:07:27,380 INFO  - Already have ACK (at simulation time 101.000,000,000 s)
2025-06-04 15:07:27,380 INFO  - Already have ACK (at simulation time 101.000,000,000 s)
2025-06-04 15:07:27,381 INFO  - Already have ACK (at simulation time 101.000,000,000 s)
2025-06-04 15:07:27,381 INFO  - Already have ACK (at simulation time 101.000,000,000 s)
2025-06-04 15:07:27,381 INFO  - Already have ACK (at simulation time 101.000,000,000 s)
2025-06-04 15:07:27,381 INFO  - Already have ACK (at simulation time 101.000,000,000 s)
2025-06-04 15:07:27,381 INFO  - Already have ACK (at simulation time 101.000,000,000 s)
2025-06-04 15:07:27,381 INFO  - Already have ACK (at simulation time 101.000,000,000 s)
2025-06-04 15:07:27,381 INFO  - Already have ACK (at simulation time 101.000,000,000 s)
2025-06-04 15:07:27,381 INFO  - Already have ACK (at simulation time 101.000,000,000 s)
2025-06-04 15:07:27,381 INFO  - Already have ACK (at simulation time 101.000,000,000 s)
2025-06-04 15:07:27,381 INFO  - Already have ACK (at simulation time 101.000,000,000 s)
2025-06-04 15:07:27,381 INFO  - Already have ACK (at simulation time 101.000,000,000 s)
2025-06-04 15:07:27,381 INFO  - Already have ACK (at simulation time 101.000,000,000 s)
2025-06-04 15:07:27,381 INFO  - Already have ACK (at simulation time 101.000,000,000 s)
2025-06-04 15:07:27,381 INFO  - Already have ACK (at simulation time 101.000,000,000 s)
2025-06-04 15:07:27,381 INFO  - Already have ACK (at simulation time 101.000,000,000 s)
2025-06-04 15:07:27,381 INFO  - Already have ACK (at simulation time 101.000,000,000 s)
2025-06-04 15:07:27,382 INFO  - Already have ACK (at simulation time 101.000,000,000 s)
2025-06-04 15:07:27,382 INFO  - Already have ACK (at simulation time 101.000,000,000 s)
2025-06-04 15:07:27,382 INFO  - Already have ACK (at simulation time 101.000,000,000 s)
2025-06-04 15:07:27,382 INFO  - Already have ACK (at simulation time 101.000,000,000 s)
2025-06-04 15:07:27,382 INFO  - Already have ACK (at simulation time 101.000,000,000 s)
2025-06-04 15:07:27,382 INFO  - Already have ACK (at simulation time 101.000,000,000 s)
2025-06-04 15:07:27,382 INFO  - Already have ACK (at simulation time 101.000,000,000 s)
2025-06-04 15:07:27,382 INFO  - Already have ACK (at simulation time 101.000,000,000 s)
2025-06-04 15:07:27,382 INFO  - Already have ACK (at simulation time 101.000,000,000 s)
2025-06-04 15:07:27,382 INFO  - Already have ACK (at simulation time 101.000,000,000 s)
2025-06-04 15:07:27,382 INFO  - Already have ACK (at simulation time 101.000,000,000 s)
2025-06-04 15:07:27,382 INFO  - Already have ACK (at simulation time 101.000,000,000 s)
2025-06-04 15:07:27,382 INFO  - Already have ACK (at simulation time 101.000,000,000 s)
2025-06-04 15:07:27,382 INFO  - Already have ACK (at simulation time 101.000,000,000 s)
2025-06-04 15:07:27,382 INFO  - Already have ACK (at simulation time 101.000,000,000 s)
2025-06-04 15:07:27,382 INFO  - Already have ACK (at simulation time 101.000,000,000 s)
2025-06-04 15:07:27,382 INFO  - Already have ACK (at simulation time 101.000,000,000 s)
2025-06-04 15:07:27,382 INFO  - Already have ACK (at simulation time 101.000,000,000 s)
2025-06-04 15:07:27,382 INFO  - Already have ACK (at simulation time 101.000,000,000 s)
2025-06-04 15:07:27,382 INFO  - Already have ACK (at simulation time 101.000,000,000 s)
2025-06-04 15:07:27,382 INFO  - Already have ACK (at simulation time 101.000,000,000 s)
2025-06-04 15:07:27,382 INFO  - Already have ACK (at simulation time 101.000,000,000 s)
2025-06-04 15:07:27,382 INFO  - Already have ACK (at simulation time 101.000,000,000 s)
2025-06-04 15:07:27,382 INFO  - Already have ACK (at simulation time 101.000,000,000 s)
2025-06-04 15:07:27,382 INFO  - Already have ACK (at simulation time 101.000,000,000 s)
2025-06-04 15:07:27,383 INFO  - Already have ACK (at simulation time 101.000,000,000 s)
2025-06-04 15:07:27,383 INFO  - Already have ACK (at simulation time 101.000,000,000 s)
2025-06-04 15:07:27,383 INFO  - Already have ACK (at simulation time 101.000,000,000 s)
2025-06-04 15:07:27,383 INFO  - Already have ACK (at simulation time 101.000,000,000 s)
2025-06-04 15:07:27,383 INFO  - Already have ACK (at simulation time 101.000,000,000 s)
2025-06-04 15:07:27,383 INFO  - Already have ACK (at simulation time 101.000,000,000 s)
2025-06-04 15:07:27,383 INFO  - Already have ACK (at simulation time 101.000,000,000 s)
2025-06-04 15:07:27,383 INFO  - Already have ACK (at simulation time 101.000,000,000 s)
2025-06-04 15:07:27,383 INFO  - Already have ACK (at simulation time 101.000,000,000 s)
2025-06-04 15:07:27,383 INFO  - Already have ACK (at simulation time 101.000,000,000 s)
2025-06-04 15:07:27,383 INFO  - Already have ACK (at simulation time 101.000,000,000 s)
2025-06-04 15:07:27,383 INFO  - Already have ACK (at simulation time 101.000,000,000 s)
2025-06-04 15:07:27,383 INFO  - Already have ACK (at simulation time 101.000,000,000 s)
2025-06-04 15:07:27,383 INFO  - Already have ACK (at simulation time 101.000,000,000 s)
2025-06-04 15:07:27,383 INFO  - Already have ACK (at simulation time 101.000,000,000 s)
2025-06-04 15:07:27,383 INFO  - Already have ACK (at simulation time 101.000,000,000 s)
2025-06-04 15:07:27,383 INFO  - Already have ACK (at simulation time 101.000,000,000 s)
2025-06-04 15:07:27,383 INFO  - Already have ACK (at simulation time 101.000,000,000 s)
2025-06-04 15:07:27,383 INFO  - Already have ACK (at simulation time 101.000,000,000 s)
2025-06-04 15:07:27,383 INFO  - Already have ACK (at simulation time 101.000,000,000 s)
2025-06-04 15:07:27,385 INFO  - Already have ACK (at simulation time 102.000,000,000 s)
2025-06-04 15:07:27,386 INFO  - Already have ACK (at simulation time 102.000,000,000 s)
2025-06-04 15:07:27,386 INFO  - Already have ACK (at simulation time 102.000,000,000 s)
2025-06-04 15:07:27,386 INFO  - Already have ACK (at simulation time 102.000,000,000 s)
2025-06-04 15:07:27,386 INFO  - Already have ACK (at simulation time 102.000,000,000 s)
2025-06-04 15:07:27,386 INFO  - Already have ACK (at simulation time 102.000,000,000 s)
2025-06-04 15:07:27,386 INFO  - Already have ACK (at simulation time 102.000,000,000 s)
2025-06-04 15:07:27,386 INFO  - Already have ACK (at simulation time 102.000,000,000 s)
2025-06-04 15:07:27,386 INFO  - Already have ACK (at simulation time 102.000,000,000 s)
2025-06-04 15:07:27,387 INFO  - Already have ACK (at simulation time 102.000,000,000 s)
2025-06-04 15:07:27,387 INFO  - Already have ACK (at simulation time 102.000,000,000 s)
2025-06-04 15:07:27,387 INFO  - Already have ACK (at simulation time 102.000,000,000 s)
2025-06-04 15:07:27,387 INFO  - Already have ACK (at simulation time 102.000,000,000 s)
2025-06-04 15:07:27,387 INFO  - Already have ACK (at simulation time 102.000,000,000 s)
2025-06-04 15:07:27,387 INFO  - Already have ACK (at simulation time 102.000,000,000 s)
2025-06-04 15:07:27,387 INFO  - Already have ACK (at simulation time 102.000,000,000 s)
2025-06-04 15:07:27,387 INFO  - Already have ACK (at simulation time 102.000,000,000 s)
2025-06-04 15:07:27,388 INFO  - Already have ACK (at simulation time 102.000,000,000 s)
2025-06-04 15:07:27,388 INFO  - Already have ACK (at simulation time 102.000,000,000 s)
2025-06-04 15:07:27,388 INFO  - Already have ACK (at simulation time 102.000,000,000 s)
2025-06-04 15:07:27,388 INFO  - Already have ACK (at simulation time 102.000,000,000 s)
2025-06-04 15:07:27,388 INFO  - Already have ACK (at simulation time 102.000,000,000 s)
2025-06-04 15:07:27,388 INFO  - Already have ACK (at simulation time 102.000,000,000 s)
2025-06-04 15:07:27,388 INFO  - Already have ACK (at simulation time 102.000,000,000 s)
2025-06-04 15:07:27,388 INFO  - Already have ACK (at simulation time 102.000,000,000 s)
2025-06-04 15:07:27,388 INFO  - Already have ACK (at simulation time 102.000,000,000 s)
2025-06-04 15:07:27,388 INFO  - Already have ACK (at simulation time 102.000,000,000 s)
2025-06-04 15:07:27,388 INFO  - Already have ACK (at simulation time 102.000,000,000 s)
2025-06-04 15:07:27,389 INFO  - Already have ACK (at simulation time 102.000,000,000 s)
2025-06-04 15:07:27,389 INFO  - Already have ACK (at simulation time 102.000,000,000 s)
2025-06-04 15:07:27,389 INFO  - Already have ACK (at simulation time 102.000,000,000 s)
2025-06-04 15:07:27,389 INFO  - Already have ACK (at simulation time 102.000,000,000 s)
2025-06-04 15:07:27,389 INFO  - Already have ACK (at simulation time 102.000,000,000 s)
2025-06-04 15:07:27,389 INFO  - Already have ACK (at simulation time 102.000,000,000 s)
2025-06-04 15:07:27,389 INFO  - Already have ACK (at simulation time 102.000,000,000 s)
2025-06-04 15:07:27,389 INFO  - Already have ACK (at simulation time 102.000,000,000 s)
2025-06-04 15:07:27,389 INFO  - Already have ACK (at simulation time 102.000,000,000 s)
2025-06-04 15:07:27,389 INFO  - Already have ACK (at simulation time 102.000,000,000 s)
2025-06-04 15:07:27,389 INFO  - Already have ACK (at simulation time 102.000,000,000 s)
2025-06-04 15:07:27,389 INFO  - Already have ACK (at simulation time 102.000,000,000 s)
2025-06-04 15:07:27,390 INFO  - Already have ACK (at simulation time 102.000,000,000 s)
2025-06-04 15:07:27,390 INFO  - Already have ACK (at simulation time 102.000,000,000 s)
2025-06-04 15:07:27,390 INFO  - Already have ACK (at simulation time 102.000,000,000 s)
2025-06-04 15:07:27,390 INFO  - Already have ACK (at simulation time 102.000,000,000 s)
2025-06-04 15:07:27,390 INFO  - Already have ACK (at simulation time 102.000,000,000 s)
2025-06-04 15:07:27,390 INFO  - Already have ACK (at simulation time 102.000,000,000 s)
2025-06-04 15:07:27,390 INFO  - Already have ACK (at simulation time 102.000,000,000 s)
2025-06-04 15:07:27,390 INFO  - Already have ACK (at simulation time 102.000,000,000 s)
2025-06-04 15:07:27,390 INFO  - Already have ACK (at simulation time 102.000,000,000 s)
2025-06-04 15:07:27,390 INFO  - Already have ACK (at simulation time 102.000,000,000 s)
2025-06-04 15:07:27,390 INFO  - Already have ACK (at simulation time 102.000,000,000 s)
2025-06-04 15:07:27,390 INFO  - Already have ACK (at simulation time 102.000,000,000 s)
2025-06-04 15:07:27,390 INFO  - Already have ACK (at simulation time 102.000,000,000 s)
2025-06-04 15:07:27,390 INFO  - Already have ACK (at simulation time 102.000,000,000 s)
2025-06-04 15:07:27,390 INFO  - Already have ACK (at simulation time 102.000,000,000 s)
2025-06-04 15:07:27,390 INFO  - Already have ACK (at simulation time 102.000,000,000 s)
2025-06-04 15:07:27,390 INFO  - Already have ACK (at simulation time 102.000,000,000 s)
2025-06-04 15:07:27,391 INFO  - Already have ACK (at simulation time 102.000,000,000 s)
2025-06-04 15:07:27,391 INFO  - Already have ACK (at simulation time 102.000,000,000 s)
2025-06-04 15:07:27,391 INFO  - Already have ACK (at simulation time 102.000,000,000 s)
2025-06-04 15:07:27,391 INFO  - Already have ACK (at simulation time 102.000,000,000 s)
2025-06-04 15:07:27,391 INFO  - Already have ACK (at simulation time 102.000,000,000 s)
2025-06-04 15:07:27,391 INFO  - Already have ACK (at simulation time 102.000,000,000 s)
2025-06-04 15:07:27,391 INFO  - Already have ACK (at simulation time 102.000,000,000 s)
2025-06-04 15:07:27,391 INFO  - Already have ACK (at simulation time 102.000,000,000 s)
2025-06-04 15:07:27,391 INFO  - Already have ACK (at simulation time 102.000,000,000 s)
2025-06-04 15:07:27,391 INFO  - Already have ACK (at simulation time 102.000,000,000 s)
2025-06-04 15:07:27,391 INFO  - Already have ACK (at simulation time 102.000,000,000 s)
2025-06-04 15:07:27,391 INFO  - Already have ACK (at simulation time 102.000,000,000 s)
2025-06-04 15:07:27,391 INFO  - Already have ACK (at simulation time 102.000,000,000 s)
2025-06-04 15:07:27,391 INFO  - Already have ACK (at simulation time 102.000,000,000 s)
2025-06-04 15:07:27,391 INFO  - Already have ACK (at simulation time 102.000,000,000 s)
2025-06-04 15:07:27,391 INFO  - Already have ACK (at simulation time 102.000,000,000 s)
2025-06-04 15:07:27,391 INFO  - Already have ACK (at simulation time 102.000,000,000 s)
2025-06-04 15:07:27,391 INFO  - Already have ACK (at simulation time 102.000,000,000 s)
2025-06-04 15:07:27,391 INFO  - Already have ACK (at simulation time 102.000,000,000 s)
2025-06-04 15:07:27,391 INFO  - Already have ACK (at simulation time 102.000,000,000 s)
2025-06-04 15:07:27,391 INFO  - Already have ACK (at simulation time 102.000,000,000 s)
2025-06-04 15:07:27,391 INFO  - Already have ACK (at simulation time 102.000,000,000 s)
2025-06-04 15:07:27,391 INFO  - Already have ACK (at simulation time 102.000,000,000 s)
2025-06-04 15:07:27,391 INFO  - Already have ACK (at simulation time 102.000,000,000 s)
2025-06-04 15:07:27,391 INFO  - Already have ACK (at simulation time 102.000,000,000 s)
2025-06-04 15:07:27,391 INFO  - Already have ACK (at simulation time 102.000,000,000 s)
2025-06-04 15:07:27,391 INFO  - Already have ACK (at simulation time 102.000,000,000 s)
2025-06-04 15:07:27,391 INFO  - Already have ACK (at simulation time 102.000,000,000 s)
2025-06-04 15:07:27,391 INFO  - Already have ACK (at simulation time 102.000,000,000 s)
2025-06-04 15:07:27,391 INFO  - Already have ACK (at simulation time 102.000,000,000 s)
2025-06-04 15:07:27,391 INFO  - Already have ACK (at simulation time 102.000,000,000 s)
2025-06-04 15:07:27,391 INFO  - Already have ACK (at simulation time 102.000,000,000 s)
2025-06-04 15:07:27,391 INFO  - Already have ACK (at simulation time 102.000,000,000 s)
2025-06-04 15:07:27,391 INFO  - Already have ACK (at simulation time 102.000,000,000 s)
2025-06-04 15:07:27,392 INFO  - Already have ACK (at simulation time 102.000,000,000 s)
2025-06-04 15:07:27,392 INFO  - Already have ACK (at simulation time 102.000,000,000 s)
2025-06-04 15:07:27,392 INFO  - Already have ACK (at simulation time 102.000,000,000 s)
2025-06-04 15:07:27,392 INFO  - Already have ACK (at simulation time 102.000,000,000 s)
2025-06-04 15:07:27,392 INFO  - Already have ACK (at simulation time 102.000,000,000 s)
2025-06-04 15:07:27,392 INFO  - Already have ACK (at simulation time 102.000,000,000 s)
2025-06-04 15:07:27,394 INFO  - Already have ACK (at simulation time 103.000,000,000 s)
2025-06-04 15:07:27,394 INFO  - Already have ACK (at simulation time 103.000,000,000 s)
2025-06-04 15:07:27,395 INFO  - Already have ACK (at simulation time 103.000,000,000 s)
2025-06-04 15:07:27,395 INFO  - Already have ACK (at simulation time 103.000,000,000 s)
2025-06-04 15:07:27,395 INFO  - Already have ACK (at simulation time 103.000,000,000 s)
2025-06-04 15:07:27,395 INFO  - Already have ACK (at simulation time 103.000,000,000 s)
2025-06-04 15:07:27,395 INFO  - Already have ACK (at simulation time 103.000,000,000 s)
2025-06-04 15:07:27,395 INFO  - Already have ACK (at simulation time 103.000,000,000 s)
2025-06-04 15:07:27,395 INFO  - Already have ACK (at simulation time 103.000,000,000 s)
2025-06-04 15:07:27,395 INFO  - Already have ACK (at simulation time 103.000,000,000 s)
2025-06-04 15:07:27,396 INFO  - Already have ACK (at simulation time 103.000,000,000 s)
2025-06-04 15:07:27,396 INFO  - Already have ACK (at simulation time 103.000,000,000 s)
2025-06-04 15:07:27,396 INFO  - Already have ACK (at simulation time 103.000,000,000 s)
2025-06-04 15:07:27,396 INFO  - Already have ACK (at simulation time 103.000,000,000 s)
2025-06-04 15:07:27,396 INFO  - Already have ACK (at simulation time 103.000,000,000 s)
2025-06-04 15:07:27,396 INFO  - Already have ACK (at simulation time 103.000,000,000 s)
2025-06-04 15:07:27,396 INFO  - Already have ACK (at simulation time 103.000,000,000 s)
2025-06-04 15:07:27,396 INFO  - Already have ACK (at simulation time 103.000,000,000 s)
2025-06-04 15:07:27,396 INFO  - Already have ACK (at simulation time 103.000,000,000 s)
2025-06-04 15:07:27,396 INFO  - Already have ACK (at simulation time 103.000,000,000 s)
2025-06-04 15:07:27,397 INFO  - Already have ACK (at simulation time 103.000,000,000 s)
2025-06-04 15:07:27,397 INFO  - Already have ACK (at simulation time 103.000,000,000 s)
2025-06-04 15:07:27,397 INFO  - Already have ACK (at simulation time 103.000,000,000 s)
2025-06-04 15:07:27,397 INFO  - Already have ACK (at simulation time 103.000,000,000 s)
2025-06-04 15:07:27,397 INFO  - Already have ACK (at simulation time 103.000,000,000 s)
2025-06-04 15:07:27,397 INFO  - Already have ACK (at simulation time 103.000,000,000 s)
2025-06-04 15:07:27,397 INFO  - Already have ACK (at simulation time 103.000,000,000 s)
2025-06-04 15:07:27,397 INFO  - Already have ACK (at simulation time 103.000,000,000 s)
2025-06-04 15:07:27,397 INFO  - Already have ACK (at simulation time 103.000,000,000 s)
2025-06-04 15:07:27,397 INFO  - Already have ACK (at simulation time 103.000,000,000 s)
2025-06-04 15:07:27,397 INFO  - Already have ACK (at simulation time 103.000,000,000 s)
2025-06-04 15:07:27,398 INFO  - Already have ACK (at simulation time 103.000,000,000 s)
2025-06-04 15:07:27,398 INFO  - Already have ACK (at simulation time 103.000,000,000 s)
2025-06-04 15:07:27,398 INFO  - Already have ACK (at simulation time 103.000,000,000 s)
2025-06-04 15:07:27,398 INFO  - Already have ACK (at simulation time 103.000,000,000 s)
2025-06-04 15:07:27,398 INFO  - Already have ACK (at simulation time 103.000,000,000 s)
2025-06-04 15:07:27,398 INFO  - Already have ACK (at simulation time 103.000,000,000 s)
2025-06-04 15:07:27,398 INFO  - Already have ACK (at simulation time 103.000,000,000 s)
2025-06-04 15:07:27,398 INFO  - Already have ACK (at simulation time 103.000,000,000 s)
2025-06-04 15:07:27,398 INFO  - Already have ACK (at simulation time 103.000,000,000 s)
2025-06-04 15:07:27,398 INFO  - Already have ACK (at simulation time 103.000,000,000 s)
2025-06-04 15:07:27,398 INFO  - Already have ACK (at simulation time 103.000,000,000 s)
2025-06-04 15:07:27,398 INFO  - Already have ACK (at simulation time 103.000,000,000 s)
2025-06-04 15:07:27,398 INFO  - Already have ACK (at simulation time 103.000,000,000 s)
2025-06-04 15:07:27,399 INFO  - Already have ACK (at simulation time 103.000,000,000 s)
2025-06-04 15:07:27,399 INFO  - Already have ACK (at simulation time 103.000,000,000 s)
2025-06-04 15:07:27,399 INFO  - Already have ACK (at simulation time 103.000,000,000 s)
2025-06-04 15:07:27,399 INFO  - Already have ACK (at simulation time 103.000,000,000 s)
2025-06-04 15:07:27,399 INFO  - Already have ACK (at simulation time 103.000,000,000 s)
2025-06-04 15:07:27,399 INFO  - Already have ACK (at simulation time 103.000,000,000 s)
2025-06-04 15:07:27,399 INFO  - Already have ACK (at simulation time 103.000,000,000 s)
2025-06-04 15:07:27,399 INFO  - Already have ACK (at simulation time 103.000,000,000 s)
2025-06-04 15:07:27,399 INFO  - Already have ACK (at simulation time 103.000,000,000 s)
2025-06-04 15:07:27,399 INFO  - Already have ACK (at simulation time 103.000,000,000 s)
2025-06-04 15:07:27,399 INFO  - Already have ACK (at simulation time 103.000,000,000 s)
2025-06-04 15:07:27,399 INFO  - Already have ACK (at simulation time 103.000,000,000 s)
2025-06-04 15:07:27,399 INFO  - Already have ACK (at simulation time 103.000,000,000 s)
2025-06-04 15:07:27,399 INFO  - Already have ACK (at simulation time 103.000,000,000 s)
2025-06-04 15:07:27,399 INFO  - Already have ACK (at simulation time 103.000,000,000 s)
2025-06-04 15:07:27,399 INFO  - Already have ACK (at simulation time 103.000,000,000 s)
2025-06-04 15:07:27,399 INFO  - Already have ACK (at simulation time 103.000,000,000 s)
2025-06-04 15:07:27,399 INFO  - Already have ACK (at simulation time 103.000,000,000 s)
2025-06-04 15:07:27,400 INFO  - Already have ACK (at simulation time 103.000,000,000 s)
2025-06-04 15:07:27,400 INFO  - Already have ACK (at simulation time 103.000,000,000 s)
2025-06-04 15:07:27,400 INFO  - Already have ACK (at simulation time 103.000,000,000 s)
2025-06-04 15:07:27,400 INFO  - Already have ACK (at simulation time 103.000,000,000 s)
2025-06-04 15:07:27,400 INFO  - Already have ACK (at simulation time 103.000,000,000 s)
2025-06-04 15:07:27,400 INFO  - Already have ACK (at simulation time 103.000,000,000 s)
2025-06-04 15:07:27,400 INFO  - Already have ACK (at simulation time 103.000,000,000 s)
2025-06-04 15:07:27,400 INFO  - Already have ACK (at simulation time 103.000,000,000 s)
2025-06-04 15:07:27,400 INFO  - Already have ACK (at simulation time 103.000,000,000 s)
2025-06-04 15:07:27,400 INFO  - Already have ACK (at simulation time 103.000,000,000 s)
2025-06-04 15:07:27,400 INFO  - Already have ACK (at simulation time 103.000,000,000 s)
2025-06-04 15:07:27,400 INFO  - Already have ACK (at simulation time 103.000,000,000 s)
2025-06-04 15:07:27,400 INFO  - Already have ACK (at simulation time 103.000,000,000 s)
2025-06-04 15:07:27,400 INFO  - Already have ACK (at simulation time 103.000,000,000 s)
2025-06-04 15:07:27,400 INFO  - Already have ACK (at simulation time 103.000,000,000 s)
2025-06-04 15:07:27,400 INFO  - Already have ACK (at simulation time 103.000,000,000 s)
2025-06-04 15:07:27,400 INFO  - Already have ACK (at simulation time 103.000,000,000 s)
2025-06-04 15:07:27,400 INFO  - Already have ACK (at simulation time 103.000,000,000 s)
2025-06-04 15:07:27,400 INFO  - Already have ACK (at simulation time 103.000,000,000 s)
2025-06-04 15:07:27,400 INFO  - Already have ACK (at simulation time 103.000,000,000 s)
2025-06-04 15:07:27,400 INFO  - Already have ACK (at simulation time 103.000,000,000 s)
2025-06-04 15:07:27,400 INFO  - Already have ACK (at simulation time 103.000,000,000 s)
2025-06-04 15:07:27,400 INFO  - Already have ACK (at simulation time 103.000,000,000 s)
2025-06-04 15:07:27,400 INFO  - Already have ACK (at simulation time 103.000,000,000 s)
2025-06-04 15:07:27,400 INFO  - Already have ACK (at simulation time 103.000,000,000 s)
2025-06-04 15:07:27,400 INFO  - Already have ACK (at simulation time 103.000,000,000 s)
2025-06-04 15:07:27,400 INFO  - Already have ACK (at simulation time 103.000,000,000 s)
2025-06-04 15:07:27,400 INFO  - Already have ACK (at simulation time 103.000,000,000 s)
2025-06-04 15:07:27,400 INFO  - Already have ACK (at simulation time 103.000,000,000 s)
2025-06-04 15:07:27,400 INFO  - Already have ACK (at simulation time 103.000,000,000 s)
2025-06-04 15:07:27,400 INFO  - Already have ACK (at simulation time 103.000,000,000 s)
2025-06-04 15:07:27,400 INFO  - Already have ACK (at simulation time 103.000,000,000 s)
2025-06-04 15:07:27,400 INFO  - Already have ACK (at simulation time 103.000,000,000 s)
2025-06-04 15:07:27,400 INFO  - Already have ACK (at simulation time 103.000,000,000 s)
2025-06-04 15:07:27,400 INFO  - Already have ACK (at simulation time 103.000,000,000 s)
2025-06-04 15:07:27,400 INFO  - Already have ACK (at simulation time 103.000,000,000 s)
2025-06-04 15:07:27,403 INFO  - Already have ACK (at simulation time 104.000,000,000 s)
2025-06-04 15:07:27,404 INFO  - Already have ACK (at simulation time 104.000,000,000 s)
2025-06-04 15:07:27,404 INFO  - Already have ACK (at simulation time 104.000,000,000 s)
2025-06-04 15:07:27,404 INFO  - Already have ACK (at simulation time 104.000,000,000 s)
2025-06-04 15:07:27,405 INFO  - Already have ACK (at simulation time 104.000,000,000 s)
2025-06-04 15:07:27,405 INFO  - Already have ACK (at simulation time 104.000,000,000 s)
2025-06-04 15:07:27,405 INFO  - Already have ACK (at simulation time 104.000,000,000 s)
2025-06-04 15:07:27,405 INFO  - Already have ACK (at simulation time 104.000,000,000 s)
2025-06-04 15:07:27,405 INFO  - Already have ACK (at simulation time 104.000,000,000 s)
2025-06-04 15:07:27,405 INFO  - Already have ACK (at simulation time 104.000,000,000 s)
2025-06-04 15:07:27,405 INFO  - Already have ACK (at simulation time 104.000,000,000 s)
2025-06-04 15:07:27,405 INFO  - Already have ACK (at simulation time 104.000,000,000 s)
2025-06-04 15:07:27,405 INFO  - Already have ACK (at simulation time 104.000,000,000 s)
2025-06-04 15:07:27,406 INFO  - Already have ACK (at simulation time 104.000,000,000 s)
2025-06-04 15:07:27,406 INFO  - Already have ACK (at simulation time 104.000,000,000 s)
2025-06-04 15:07:27,406 INFO  - Already have ACK (at simulation time 104.000,000,000 s)
2025-06-04 15:07:27,406 INFO  - Already have ACK (at simulation time 104.000,000,000 s)
2025-06-04 15:07:27,406 INFO  - Already have ACK (at simulation time 104.000,000,000 s)
2025-06-04 15:07:27,406 INFO  - Already have ACK (at simulation time 104.000,000,000 s)
2025-06-04 15:07:27,406 INFO  - Already have ACK (at simulation time 104.000,000,000 s)
2025-06-04 15:07:27,406 INFO  - Already have ACK (at simulation time 104.000,000,000 s)
2025-06-04 15:07:27,406 INFO  - Already have ACK (at simulation time 104.000,000,000 s)
2025-06-04 15:07:27,406 INFO  - Already have ACK (at simulation time 104.000,000,000 s)
2025-06-04 15:07:27,407 INFO  - Already have ACK (at simulation time 104.000,000,000 s)
2025-06-04 15:07:27,407 INFO  - Already have ACK (at simulation time 104.000,000,000 s)
2025-06-04 15:07:27,407 INFO  - Already have ACK (at simulation time 104.000,000,000 s)
2025-06-04 15:07:27,407 INFO  - Already have ACK (at simulation time 104.000,000,000 s)
2025-06-04 15:07:27,407 INFO  - Already have ACK (at simulation time 104.000,000,000 s)
2025-06-04 15:07:27,407 INFO  - Already have ACK (at simulation time 104.000,000,000 s)
2025-06-04 15:07:27,407 INFO  - Already have ACK (at simulation time 104.000,000,000 s)
2025-06-04 15:07:27,407 INFO  - Already have ACK (at simulation time 104.000,000,000 s)
2025-06-04 15:07:27,407 INFO  - Already have ACK (at simulation time 104.000,000,000 s)
2025-06-04 15:07:27,407 INFO  - Already have ACK (at simulation time 104.000,000,000 s)
2025-06-04 15:07:27,407 INFO  - Already have ACK (at simulation time 104.000,000,000 s)
2025-06-04 15:07:27,408 INFO  - Already have ACK (at simulation time 104.000,000,000 s)
2025-06-04 15:07:27,408 INFO  - Already have ACK (at simulation time 104.000,000,000 s)
2025-06-04 15:07:27,408 INFO  - Already have ACK (at simulation time 104.000,000,000 s)
2025-06-04 15:07:27,408 INFO  - Already have ACK (at simulation time 104.000,000,000 s)
2025-06-04 15:07:27,408 INFO  - Already have ACK (at simulation time 104.000,000,000 s)
2025-06-04 15:07:27,408 INFO  - Already have ACK (at simulation time 104.000,000,000 s)
2025-06-04 15:07:27,408 INFO  - Already have ACK (at simulation time 104.000,000,000 s)
2025-06-04 15:07:27,408 INFO  - Already have ACK (at simulation time 104.000,000,000 s)
2025-06-04 15:07:27,408 INFO  - Already have ACK (at simulation time 104.000,000,000 s)
2025-06-04 15:07:27,408 INFO  - Already have ACK (at simulation time 104.000,000,000 s)
2025-06-04 15:07:27,408 INFO  - Already have ACK (at simulation time 104.000,000,000 s)
2025-06-04 15:07:27,408 INFO  - Already have ACK (at simulation time 104.000,000,000 s)
2025-06-04 15:07:27,408 INFO  - Already have ACK (at simulation time 104.000,000,000 s)
2025-06-04 15:07:27,408 INFO  - Already have ACK (at simulation time 104.000,000,000 s)
2025-06-04 15:07:27,408 INFO  - Already have ACK (at simulation time 104.000,000,000 s)
2025-06-04 15:07:27,409 INFO  - Already have ACK (at simulation time 104.000,000,000 s)
2025-06-04 15:07:27,409 INFO  - Already have ACK (at simulation time 104.000,000,000 s)
2025-06-04 15:07:27,409 INFO  - Already have ACK (at simulation time 104.000,000,000 s)
2025-06-04 15:07:27,409 INFO  - Already have ACK (at simulation time 104.000,000,000 s)
2025-06-04 15:07:27,409 INFO  - Already have ACK (at simulation time 104.000,000,000 s)
2025-06-04 15:07:27,409 INFO  - Already have ACK (at simulation time 104.000,000,000 s)
2025-06-04 15:07:27,409 INFO  - Already have ACK (at simulation time 104.000,000,000 s)
2025-06-04 15:07:27,409 INFO  - Already have ACK (at simulation time 104.000,000,000 s)
2025-06-04 15:07:27,409 INFO  - Already have ACK (at simulation time 104.000,000,000 s)
2025-06-04 15:07:27,409 INFO  - Already have ACK (at simulation time 104.000,000,000 s)
2025-06-04 15:07:27,409 INFO  - Already have ACK (at simulation time 104.000,000,000 s)
2025-06-04 15:07:27,409 INFO  - Already have ACK (at simulation time 104.000,000,000 s)
2025-06-04 15:07:27,409 INFO  - Already have ACK (at simulation time 104.000,000,000 s)
2025-06-04 15:07:27,409 INFO  - Already have ACK (at simulation time 104.000,000,000 s)
2025-06-04 15:07:27,409 INFO  - Already have ACK (at simulation time 104.000,000,000 s)
2025-06-04 15:07:27,409 INFO  - Already have ACK (at simulation time 104.000,000,000 s)
2025-06-04 15:07:27,409 INFO  - Already have ACK (at simulation time 104.000,000,000 s)
2025-06-04 15:07:27,409 INFO  - Already have ACK (at simulation time 104.000,000,000 s)
2025-06-04 15:07:27,409 INFO  - Already have ACK (at simulation time 104.000,000,000 s)
2025-06-04 15:07:27,409 INFO  - Already have ACK (at simulation time 104.000,000,000 s)
2025-06-04 15:07:27,409 INFO  - Already have ACK (at simulation time 104.000,000,000 s)
2025-06-04 15:07:27,410 INFO  - Already have ACK (at simulation time 104.000,000,000 s)
2025-06-04 15:07:27,410 INFO  - Already have ACK (at simulation time 104.000,000,000 s)
2025-06-04 15:07:27,410 INFO  - Already have ACK (at simulation time 104.000,000,000 s)
2025-06-04 15:07:27,410 INFO  - Already have ACK (at simulation time 104.000,000,000 s)
2025-06-04 15:07:27,410 INFO  - Already have ACK (at simulation time 104.000,000,000 s)
2025-06-04 15:07:27,410 INFO  - Already have ACK (at simulation time 104.000,000,000 s)
2025-06-04 15:07:27,410 INFO  - Already have ACK (at simulation time 104.000,000,000 s)
2025-06-04 15:07:27,410 INFO  - Already have ACK (at simulation time 104.000,000,000 s)
2025-06-04 15:07:27,410 INFO  - Already have ACK (at simulation time 104.000,000,000 s)
2025-06-04 15:07:27,410 INFO  - Already have ACK (at simulation time 104.000,000,000 s)
2025-06-04 15:07:27,410 INFO  - Already have ACK (at simulation time 104.000,000,000 s)
2025-06-04 15:07:27,410 INFO  - Already have ACK (at simulation time 104.000,000,000 s)
2025-06-04 15:07:27,410 INFO  - Already have ACK (at simulation time 104.000,000,000 s)
2025-06-04 15:07:27,410 INFO  - Already have ACK (at simulation time 104.000,000,000 s)
2025-06-04 15:07:27,410 INFO  - Already have ACK (at simulation time 104.000,000,000 s)
2025-06-04 15:07:27,410 INFO  - Already have ACK (at simulation time 104.000,000,000 s)
2025-06-04 15:07:27,410 INFO  - Already have ACK (at simulation time 104.000,000,000 s)
2025-06-04 15:07:27,410 INFO  - Already have ACK (at simulation time 104.000,000,000 s)
2025-06-04 15:07:27,410 INFO  - Already have ACK (at simulation time 104.000,000,000 s)
2025-06-04 15:07:27,410 INFO  - Already have ACK (at simulation time 104.000,000,000 s)
2025-06-04 15:07:27,410 INFO  - Already have ACK (at simulation time 104.000,000,000 s)
2025-06-04 15:07:27,410 INFO  - Already have ACK (at simulation time 104.000,000,000 s)
2025-06-04 15:07:27,410 INFO  - Already have ACK (at simulation time 104.000,000,000 s)
2025-06-04 15:07:27,410 INFO  - Already have ACK (at simulation time 104.000,000,000 s)
2025-06-04 15:07:27,410 INFO  - Already have ACK (at simulation time 104.000,000,000 s)
2025-06-04 15:07:27,410 INFO  - Already have ACK (at simulation time 104.000,000,000 s)
2025-06-04 15:07:27,410 INFO  - Already have ACK (at simulation time 104.000,000,000 s)
2025-06-04 15:07:27,410 INFO  - Already have ACK (at simulation time 104.000,000,000 s)
2025-06-04 15:07:27,410 INFO  - Already have ACK (at simulation time 104.000,000,000 s)
2025-06-04 15:07:27,414 INFO  - Shutdown application (at simulation time 105.000,000,000 s)
