VEHICLE_REGISTRATION;5000000000;veh_0;[src.main.java.CarSendsCamAPP, src.main.java.EventProcessingApp, src.main.java.MainCarApp];Car
VEHICLE_REGISTRATION;5000000000;veh_1;[src.main.java.CarSendsCamAPP, src.main.java.EventProcessingApp, src.main.java.MainCarApp];Car_0
VEHICLE_UPDATES;7000000000;veh_0;41.00657402997151;-8.64239622791148;6.261728133043377;180.14766920786022
VEHICLE_UPDATES;7000000000;veh_1;41.004649667443175;-8.643989233860765;7.644975192429484;90.16591395568926
VEHICLE_UPDATES;8000000000;veh_0;41.00651900844656;-8.642396754251664;6.108390218407019;180.19124020941587
VEHICLE_UPDATES;8000000000;veh_1;41.00464923442768;-8.643907263210693;6.894913034913117;90.16591395568926
VEHICLE_UPDATES;9000000000;veh_0;41.00645607731715;-8.642397371753976;6.986509323740481;180.19124020941547
VEHICLE_UPDATES;9000000000;veh_1;41.004648753240666;-8.643816186544665;7.660860359649161;90.16591395568926
VEHICLE_UPDATES;10000000000;veh_0;41.00639409481815;-8.642397979946418;6.881193879494546;180.19124020941547
VEHICLE_UPDATES;10000000000;veh_1;41.0046482993676;-8.643730292207232;7.224951970441253;90.16591395568926
VEHICLE_UPDATES;11000000000;veh_0;41.00633219691514;-8.642398587307216;6.871802097364432;180.19124020941587
VEHICLE_UPDATES;11000000000;veh_1;41.00464775641114;-8.64365243558046;6.54898841942566;90.33703010985688
VEHICLE_UPDATES;12000000000;veh_0;41.006277249853035;-8.642399126462971;6.10013125461164;180.19124020941547
VEHICLE_UPDATES;12000000000;veh_1;41.00464794649481;-8.64356537229515;7.323147796214545;89.57905898949569
VEHICLE_UPDATES;13000000000;veh_0;41.006221753483096;-8.642399671007439;6.161114435355282;180.19124020941547
VEHICLE_UPDATES;13000000000;veh_1;41.00464816095418;-8.64347865558664;7.293986830444993;89.57905898949569
VEHICLE_UPDATES;14000000000;veh_0;41.00616301524305;-8.642400247360596;6.521021382525666;180.19124020941547
VEHICLE_UPDATES;14000000000;veh_1;41.00464836784967;-8.6433949723326;7.038834415473031;89.57905898949733
VEHICLE_UPDATES;15000000000;veh_0;41.00610070260403;-8.642400858785043;6.91784511698979;180.19124020941547
VEHICLE_UPDATES;15000000000;veh_1;41.00464838526871;-8.643304961407495;7.571055864104056;89.86833624206884
VEHICLE_REGISTRATION;15285714285;veh_2;[src.main.java.CarSendsCamAPP, src.main.java.EventProcessingApp, src.main.java.MainCarApp];Car
VEHICLE_REGISTRATION;15285714285;veh_3;[src.main.java.CarSendsCamAPP, src.main.java.EventProcessingApp, src.main.java.MainCarApp];Car_0
VEHICLE_UPDATES;16000000000;veh_0;41.00604627503613;-8.642401392838257;6.042457628474674;180.19124020941547
VEHICLE_UPDATES;16000000000;veh_1;41.00464827129934;-8.643220783987745;7.080373756777481;89.86833624206884
VEHICLE_UPDATES;17000000000;veh_0;41.00598265441248;-8.642402043675512;7.063072447540342;180.2215031987318
VEHICLE_UPDATES;17000000000;veh_1;41.004648148368354;-8.643130038413863;7.632837732186528;89.86833624206722
VEHICLE_UPDATES;18000000000;veh_0;41.00592538810151;-8.642402594662823;6.357605040204814;180.16025225894282
VEHICLE_UPDATES;18000000000;veh_1;41.004648041619994;-8.643051281330553;6.624455791063594;89.86833624206722
VEHICLE_UPDATES;18000000000;veh_2;41.006569063033645;-8.642358218032884;6.78971945861556;180.14766920786036
VEHICLE_UPDATES;18000000000;veh_3;41.00467845141191;-8.643981113125516;8.303140554415318;90.16591395568828
VEHICLE_UPDATES;19000000000;veh_0;41.00587103790599;-8.642403057416063;6.033826516187853;180.13491255010234
VEHICLE_UPDATES;19000000000;veh_1;41.00464702898667;-8.64296846755796;6.96659908455702;90.7233931194289
VEHICLE_UPDATES;19000000000;veh_2;41.0065102898469;-8.642358785996857;6.524588811762784;180.1912402094153
VEHICLE_UPDATES;19000000000;veh_3;41.00467789180492;-8.643875181952632;8.908344880515966;90.16591395568992
VEHICLE_UPDATES;20000000000;veh_0;41.00581520684024;-8.64240353277673;6.198229064784115;180.13491255010234
VEHICLE_UPDATES;20000000000;veh_1;41.00464588155925;-8.642877858014437;7.62244876982084;90.72339311942727
VEHICLE_UPDATES;20000000000;veh_2;41.00644221354266;-8.64235945402428;7.557361900915545;180.19124020941572
VEHICLE_UPDATES;20000000000;veh_3;41.004677332175184;-8.643769264901348;8.907157525328243;90.16591395568828
VEHICLE_UPDATES;21000000000;veh_0;41.0057541191041;-8.642404052892786;6.781811751556686;180.13491255010234
VEHICLE_UPDATES;21000000000;veh_1;41.00464480765736;-8.642793059699194;7.133584540643715;90.72339311942727
VEHICLE_UPDATES;21000000000;veh_2;41.00637240944387;-8.64236013900446;7.749169646126371;180.1912402094153
VEHICLE_UPDATES;21000000000;veh_3;41.00467671534321;-8.643669897970797;8.35640770362343;90.31175441080389
VEHICLE_UPDATES;22000000000;veh_0;41.005697221040386;-8.642404537335702;6.316684453367358;180.13491255010234
VEHICLE_UPDATES;22000000000;veh_1;41.00464375241586;-8.642709739662289;7.009225923338891;90.72339311942727
VEHICLE_UPDATES;22000000000;veh_2;41.00631083466055;-8.642360743229593;6.83560771440823;180.1912402094153
VEHICLE_UPDATES;22000000000;veh_3;41.004676758719256;-8.643570771017718;8.336057389226067;89.57888711286945
VEHICLE_UPDATES;23000000000;veh_0;41.00563850238806;-8.642405037278275;6.518801699011689;180.13491255010234
VEHICLE_UPDATES;23000000000;veh_1;41.00464260709859;-8.642619312781207;7.607083326884532;90.72339311942727
VEHICLE_UPDATES;23000000000;veh_2;41.00624822743952;-8.642399411238415;6.975327326769162;180.19124020941547
VEHICLE_UPDATES;23000000000;veh_3;41.00467699039577;-8.643477179090528;7.870519693197006;89.57888711286945
VEHICLE_UPDATES;24000000000;veh_0;41.005583670569706;-8.642405504126407;6.087294802806443;180.13491255010234
VEHICLE_UPDATES;24000000000;veh_1;41.00464152913377;-8.642534208736398;7.159304599123201;90.72339311942727
VEHICLE_UPDATES;24000000000;veh_2;41.00618362737785;-8.642400045109737;7.171791067572464;180.19124020941587
VEHICLE_UPDATES;24000000000;veh_3;41.00467723488228;-8.64337837891188;8.308502390609378;89.57888711287109
VEHICLE_UPDATES;25000000000;veh_0;41.00552654149611;-8.642405990532614;6.342330419683;180.13491255010234
VEHICLE_UPDATES;25000000000;veh_1;41.00464109905907;-8.642500256232523;2.856225272672389;90.72339311942727
VEHICLE_UPDATES;25000000000;veh_2;41.006115213197354;-8.642400716404255;7.595228086195108;180.19124020941547
VEHICLE_UPDATES;25000000000;veh_3;41.004677177097264;-8.643279648073051;8.302646574868145;89.86843701764728
VEHICLE_REGISTRATION;25571428570;veh_4;[src.main.java.CarSendsCamAPP, src.main.java.EventProcessingApp, src.main.java.MainCarApp];Car
VEHICLE_REGISTRATION;25571428570;veh_5;[src.main.java.CarSendsCamAPP, src.main.java.EventProcessingApp, src.main.java.MainCarApp];Car_0
VEHICLE_UPDATES;26000000000;veh_0;41.00546653274878;-8.64240650145554;6.662024702146752;180.13491255010234
VEHICLE_UPDATES;26000000000;veh_1;41.004641049220844;-8.64249632177498;0.330982869602384;90.72339311942727
VEHICLE_UPDATES;26000000000;veh_2;41.0060547355306;-8.642401309822423;6.714129504065182;180.19124020941587
VEHICLE_UPDATES;26000000000;veh_3;41.0046770394559;-8.643178108745259;8.53881662455506;89.86843701764728
VEHICLE_UPDATES;27000000000;veh_0;41.00541200154464;-8.642406965740744;6.053921163586071;180.13491255010234
VEHICLE_UPDATES;27000000000;veh_1;41.00464103222806;-8.642494980289845;0.112851287768396;90.72339311942727
VEHICLE_UPDATES;27000000000;veh_2;41.00598588632283;-8.642402009709972;7.643539661836964;180.2205454316288
VEHICLE_UPDATES;27000000000;veh_3;41.0046768949668;-8.643071588684696;8.957664911822672;89.86843701764728
VEHICLE_UPDATES;28000000000;veh_0;41.00535559029402;-8.64240744603174;6.262639272600515;180.13491255010234
VEHICLE_UPDATES;28000000000;veh_1;41.00464103203146;-8.642494964768858;0.001305689653605;90.72339311942727
VEHICLE_UPDATES;28000000000;veh_2;41.00592210719335;-8.642402622597452;7.080646226408113;180.1523673477626
VEHICLE_UPDATES;28000000000;veh_3;41.00467592411182;-8.64297366293162;8.235798316077585;90.72293676843753
VEHICLE_UPDATES;28000000000;veh_4;41.00654321387031;-8.642358462915325;9.659310175691731;180.16835825545303
VEHICLE_UPDATES;28000000000;veh_5;41.0046496320946;-8.643982541894516;8.207865994115828;90.16591395568926
VEHICLE_UPDATES;29000000000;veh_0;41.00529655570347;-8.642408109212386;6.553982531177915;180.29993154303912
VEHICLE_UPDATES;29000000000;veh_1;41.00464103203146;-8.642494964768858;0.0;90.72339311942727
VEHICLE_UPDATES;29000000000;veh_2;41.00585615748991;-8.642403184112029;7.321575658947382;180.13491255010234
VEHICLE_UPDATES;29000000000;veh_3;41.00467468285501;-8.642875597044078;8.247860418121586;90.72293676843755
VEHICLE_UPDATES;29000000000;veh_4;41.006462865672226;-8.642359251366754;8.919702980182134;180.19124020941572
VEHICLE_UPDATES;29000000000;veh_5;41.00464912431948;-8.64388642127815;8.08512915444514;90.16591395568926
VEHICLE_UPDATES;30000000000;veh_0;41.00523318581909;-8.642408889688948;7.035329521369292;180.29993154303952
VEHICLE_UPDATES;30000000000;veh_1;41.00464103203146;-8.642494964768858;0.0;90.72339311942727
VEHICLE_UPDATES;30000000000;veh_2;41.0057917549668;-8.642403732451928;7.149811379790459;180.13491255010234
VEHICLE_UPDATES;30000000000;veh_3;41.00467341538768;-8.642775467189823;8.421451318940402;90.72293676843753
VEHICLE_UPDATES;30000000000;veh_4;41.00637480149399;-8.642360115531558;9.776277753947303;180.1912402094153
VEHICLE_UPDATES;30000000000;veh_5;41.00464862364679;-8.643791659993814;7.970789908356501;90.16591395569088
VEHICLE_UPDATES;31000000000;veh_0;41.005168504155456;-8.642409686319652;7.180963272546521;180.29993154303912
VEHICLE_UPDATES;31000000000;veh_1;41.00464103203146;-8.642494964768858;0.0;90.72339311942727
VEHICLE_UPDATES;31000000000;veh_2;41.005726574395226;-8.642404287414783;7.236188346419636;180.13491255010234
VEHICLE_UPDATES;31000000000;veh_3;41.00467215177727;-8.642675648874027;8.395249657264234;90.72293676843753
VEHICLE_UPDATES;31000000000;veh_4;41.00629417046702;-8.642360906752838;8.95110043182876;180.19124020941572
VEHICLE_UPDATES;31000000000;veh_5;41.00464805756438;-8.643692336178594;8.354603461264169;90.23146906540225
VEHICLE_UPDATES;32000000000;veh_0;41.00510290739159;-8.64241049421883;7.282557690740666;180.29993154303952
VEHICLE_UPDATES;32000000000;veh_1;41.00464103203146;-8.642494964768858;0.0;90.72339311942727
VEHICLE_UPDATES;32000000000;veh_2;41.00566834109465;-8.642404783225604;6.464919165863808;180.13491255010234
VEHICLE_UPDATES;32000000000;veh_3;41.00467091143058;-8.642577674907432;8.240130472091282;90.72293676843755
VEHICLE_UPDATES;32000000000;veh_4;41.00621231400223;-8.642361709996466;9.087139951650984;180.1912402094153
VEHICLE_UPDATES;32000000000;veh_5;41.00464786468466;-8.64359844531169;7.897583589604593;89.57905898949569
VEHICLE_UPDATES;33000000000;veh_0;41.005042020242186;-8.642411244111855;6.759695858150823;180.29993154303952
VEHICLE_UPDATES;33000000000;veh_1;41.00464103203146;-8.642494964768858;0.0;90.72339311942727
VEHICLE_UPDATES;33000000000;veh_2;41.00559981560288;-8.642405366664756;7.607533073976789;180.13491255010234
VEHICLE_UPDATES;33000000000;veh_3;41.00467014372406;-8.642517037697738;5.099911275921342;90.72293676843755
VEHICLE_UPDATES;33000000000;veh_4;41.00612420162447;-8.642362574625261;9.781628102533519;180.1912402094153
VEHICLE_UPDATES;33000000000;veh_5;41.00464811859436;-8.643495785888145;8.634973541805058;89.57905898949569
VEHICLE_UPDATES;34000000000;veh_0;41.00497913141337;-8.642412018655913;6.981922382131322;180.29993154303952
VEHICLE_UPDATES;34000000000;veh_1;41.00464103203146;-8.642494964768858;0.0;90.72339311942727
VEHICLE_UPDATES;34000000000;veh_2;41.005533235161415;-8.642405933541722;7.391598240744475;180.13491255010234
VEHICLE_UPDATES;34000000000;veh_3;41.00466988646151;-8.642496718408285;1.708960154751752;90.72293676843753
VEHICLE_UPDATES;34000000000;veh_4;41.00604065152717;-8.642363394482409;9.275155071591959;180.19124020941572
VEHICLE_UPDATES;34000000000;veh_5;41.004648383264275;-8.64338873658526;9.004218657426073;89.57905898949569
VEHICLE_UPDATES;35000000000;veh_0;41.00491964149668;-8.642412751336927;6.604574834197862;180.29993154303952
VEHICLE_UPDATES;35000000000;veh_1;41.00464103203146;-8.642494964768858;0.0;90.72339311942727
VEHICLE_UPDATES;35000000000;veh_2;41.005465124974954;-8.642406513441507;7.561426712239314;180.13491255010274
VEHICLE_UPDATES;35000000000;veh_3;41.00466986083971;-8.642494694746016;0.170200744899445;90.72293676843755
VEHICLE_UPDATES;35000000000;veh_4;41.00595752035314;-8.642364254188056;9.228677423697897;180.22150319873154
VEHICLE_UPDATES;35000000000;veh_5;41.00464837146889;-8.64329476647925;7.904070540023504;89.86833624206722
VEHICLE_REGISTRATION;35857142855;veh_6;[src.main.java.CarSendsCamAPP, src.main.java.EventProcessingApp, src.main.java.MainCarApp];Car
VEHICLE_REGISTRATION;35857142855;veh_7;[src.main.java.CarSendsCamAPP, src.main.java.EventProcessingApp, src.main.java.MainCarApp];Car_0
VEHICLE_UPDATES;36000000000;veh_0;41.00486100372941;-8.642413473521149;6.509969079742311;180.29993154303952
VEHICLE_UPDATES;36000000000;veh_1;41.00464103203146;-8.642494964768858;0.0;90.72339311942727
VEHICLE_UPDATES;36000000000;veh_2;41.00539591154254;-8.64240710273274;7.683906291604195;180.13491255010234
VEHICLE_UPDATES;36000000000;veh_3;41.00466985644241;-8.64249434743856;0.02921040168997;90.72293676843753
VEHICLE_UPDATES;36000000000;veh_4;41.005877808966694;-8.642364946594489;8.848955528302119;180.13491255010246
VEHICLE_UPDATES;36000000000;veh_5;41.0046482350848;-8.643194045555179;8.471889386064841;89.86833624206884
VEHICLE_UPDATES;37000000000;veh_0;41.00480048817033;-8.642414218830563;6.718441585559501;180.29993154303952
VEHICLE_UPDATES;37000000000;veh_1;41.00464103203146;-8.642494964768858;0.0;90.72339311942727
VEHICLE_UPDATES;37000000000;veh_2;41.005335349124785;-8.642407631423653;6.723500353160468;180.15064092763367
VEHICLE_UPDATES;37000000000;veh_3;41.004669856359676;-8.642494340902948;0.00054967978761;90.72293676843755
VEHICLE_UPDATES;37000000000;veh_4;41.00579289807377;-8.642365669597208;9.426156469205395;180.13491255010246
VEHICLE_UPDATES;37000000000;veh_5;41.0046481012848;-8.643095296083265;8.306065688742793;89.86833624206884
VEHICLE_UPDATES;38000000000;veh_0;41.00474725675002;-8.642414874427084;5.909755933904813;180.29993154303952
VEHICLE_UPDATES;38000000000;veh_1;41.00464103203146;-8.642494964768858;0.0;90.72339311942727
VEHICLE_UPDATES;38000000000;veh_2;41.00527113401154;-8.64240842231142;7.129166943223368;180.29993154303912
VEHICLE_UPDATES;38000000000;veh_3;41.004669856327816;-8.642494338387962;0.000211523617345;90.72293676843755
VEHICLE_UPDATES;38000000000;veh_4;41.00570498954386;-8.642366418121536;9.758931001489051;180.13491255010246
VEHICLE_UPDATES;38000000000;veh_5;41.004647381099076;-8.642996274143755;8.329585625528827;90.72339311942727
VEHICLE_UPDATES;38000000000;veh_6;41.006566717579844;-8.642396292322466;7.07353335267142;180.14766920786022
VEHICLE_UPDATES;38000000000;veh_7;41.00467851589978;-8.643993321583112;7.276463077520461;90.16591395568992
VEHICLE_UPDATES;39000000000;veh_0;41.004734558541855;-8.64241503081762;1.409755933904813;180.29993154303952
VEHICLE_UPDATES;39000000000;veh_1;41.00464103203146;-8.642494964768858;0.0;90.72339311942727
VEHICLE_UPDATES;39000000000;veh_2;41.005206441471614;-8.642409219077264;7.182170809402283;180.29993154303912
VEHICLE_UPDATES;39000000000;veh_3;41.00466985630279;-8.642494336411163;0.000166259363578;90.72293676843755
VEHICLE_UPDATES;39000000000;veh_4;41.00562109746969;-8.642367132443866;9.313054738407024;180.13491255010246
VEHICLE_UPDATES;39000000000;veh_5;41.00464602731001;-8.642889367285056;8.993446106784514;90.72339311942727
VEHICLE_UPDATES;39000000000;veh_6;41.006498103381794;-8.64239695937967;7.617430530416077;180.19124020941547
VEHICLE_UPDATES;39000000000;veh_7;41.00467801639719;-8.643898765133876;7.951780710067109;90.16591395568992
VEHICLE_UPDATES;40000000000;veh_0;41.00473027264902;-8.642415083602458;0.475820114098279;180.29993154303952
VEHICLE_UPDATES;40000000000;veh_1;41.00464103203146;-8.642494964768858;0.0;90.72339311942727
VEHICLE_UPDATES;40000000000;veh_2;41.00513668926905;-8.642410078156628;7.743894856113162;180.29993154303952
VEHICLE_UPDATES;40000000000;veh_3;41.00466985630279;-8.642494336411163;0.0;90.72293676843755
VEHICLE_UPDATES;40000000000;veh_4;41.00553340513611;-8.642367879121792;9.734930249912665;180.13491255010246
VEHICLE_UPDATES;40000000000;veh_5;41.00464485598202;-8.64279687544522;7.78079558161041;90.72339311942727
VEHICLE_UPDATES;40000000000;veh_6;41.00643290463721;-8.642397599132032;7.238256160446672;180.19124020941547
VEHICLE_UPDATES;40000000000;veh_7;41.00467754170901;-8.64380891968935;7.555606127600626;90.16591395568992
VEHICLE_UPDATES;41000000000;veh_0;41.00472912427656;-8.642415097745753;0.127492387394501;180.29993154303912
VEHICLE_UPDATES;41000000000;veh_1;41.00464103203146;-8.642494964768858;0.0;90.72339311942727
VEHICLE_UPDATES;41000000000;veh_2;41.00506760080386;-8.642410929058979;7.670206589942951;180.29993154303952
VEHICLE_UPDATES;41000000000;veh_3;41.00466985630279;-8.642494336411163;0.0;90.72293676843755
VEHICLE_UPDATES;41000000000;veh_4;41.00544879568037;-8.642368599547119;9.392692654700019;180.13491255010246
VEHICLE_UPDATES;41000000000;veh_5;41.00464353354146;-8.642692458315853;8.784000576096124;90.7233931194289
VEHICLE_UPDATES;41000000000;veh_6;41.00636913849528;-8.642398224825534;7.079210918440713;180.19124020941587
VEHICLE_UPDATES;41000000000;veh_7;41.004677054522816;-8.64371672248891;7.753378597600826;90.16591395568992
VEHICLE_UPDATES;42000000000;veh_0;41.00472853421504;-8.642415105012919;0.065508670929634;180.29993154303912
VEHICLE_UPDATES;42000000000;veh_1;41.00464103203146;-8.642494964768858;0.0;90.72339311942727
VEHICLE_UPDATES;42000000000;veh_2;41.005005547958035;-8.64241169330778;6.889111518689584;180.29993154303952
VEHICLE_UPDATES;42000000000;veh_3;41.00466985630279;-8.642494336411163;0.0;90.72293676843755
VEHICLE_UPDATES;42000000000;veh_4;41.00536921540557;-8.642369277148008;8.834391444459557;180.13491255010246
VEHICLE_UPDATES;42000000000;veh_5;41.00464252436621;-8.642612780982295;6.702786954442517;90.72339311942727
VEHICLE_UPDATES;42000000000;veh_6;41.00630068200261;-8.642398896540396;7.599925760316892;180.19124020941547
VEHICLE_UPDATES;42000000000;veh_7;41.00467660855415;-8.643631417841494;7.173845427739875;90.04514942305856
VEHICLE_UPDATES;43000000000;veh_0;41.004728388505924;-8.642415106807466;0.016176634800713;180.29993154303952
VEHICLE_UPDATES;43000000000;veh_1;41.00464103203146;-8.642494964768858;0.0;90.72339311942727
VEHICLE_UPDATES;43000000000;veh_2;41.00494596228889;-8.642412427168845;6.615205311651494;180.29993154303952
VEHICLE_UPDATES;43000000000;veh_3;41.00466985630279;-8.642494336411163;0.0;90.72293676843755
VEHICLE_UPDATES;43000000000;veh_4;41.005289297772535;-8.642370144929494;8.87196652135253;180.29988793645856
VEHICLE_UPDATES;43000000000;veh_5;41.00464210533484;-8.64257969851058;2.78303446536559;90.72339311942727
VEHICLE_UPDATES;43000000000;veh_6;41.00623650582904;-8.642399526253799;7.124731782355575;180.19124020941547
VEHICLE_UPDATES;43000000000;veh_7;41.004676828876704;-8.6435424322785;7.48315210021145;89.57888711287109
VEHICLE_UPDATES;44000000000;veh_0;41.00472834065152;-8.642415107396838;0.005312799413842;180.29993154303952
VEHICLE_UPDATES;44000000000;veh_1;41.00464103203146;-8.642494964768858;0.0;90.72339311942727
VEHICLE_UPDATES;44000000000;veh_2;41.004879588486475;-8.64241324463099;7.368824275971543;180.29993154303952
VEHICLE_UPDATES;44000000000;veh_3;41.00466985630279;-8.642494336411163;0.0;90.72293676843755
VEHICLE_UPDATES;44000000000;veh_4;41.00521083986167;-8.642371111199047;8.709992841937579;180.2998879364582
VEHICLE_UPDATES;44000000000;veh_5;41.004642027369606;-8.642573543248348;0.517806143133564;90.72339311942727
VEHICLE_UPDATES;44000000000;veh_6;41.00616597038139;-8.642400218364129;7.830727694716534;180.19124020941547
VEHICLE_UPDATES;44000000000;veh_7;41.00467705728695;-8.643450150899536;7.760310445609943;89.57888711287109
VEHICLE_UPDATES;45000000000;veh_0;41.004728332490814;-8.642415107497346;0.00090600243972;180.29993154303952
VEHICLE_UPDATES;45000000000;veh_1;41.00464103203146;-8.642494964768858;0.0;90.72339311942727
VEHICLE_UPDATES;45000000000;veh_2;41.004820636281394;-8.642375916812266;6.512302738726367;180.2998879364582
VEHICLE_UPDATES;45000000000;veh_3;41.00466985630279;-8.642494336411163;0.0;90.72293676843755
VEHICLE_UPDATES;45000000000;veh_4;41.00512327780088;-8.6423721895897;9.720688495579177;180.2998879364582
VEHICLE_UPDATES;45000000000;veh_5;41.00464201871869;-8.642572860270315;0.057454940091405;90.72339311942727
VEHICLE_UPDATES;45000000000;veh_6;41.00609562036646;-8.642400908652935;7.81014116715849;180.19124020941587
VEHICLE_UPDATES;45000000000;veh_7;41.0046772688832;-8.643364635994528;7.191290564765663;89.57888711287109
VEHICLE_UPDATES;46000000000;veh_0;41.00472833051144;-8.642415107521723;0.000219748838767;180.29993154303952
VEHICLE_UPDATES;46000000000;veh_1;41.00464103203146;-8.642494964768858;0.0;90.72339311942727
VEHICLE_UPDATES;46000000000;veh_2;41.00476152756734;-8.642376644768463;6.561944219026401;180.29988793645856
VEHICLE_UPDATES;46000000000;veh_3;41.00466985630279;-8.642494336411163;0.0;90.72293676843755
VEHICLE_UPDATES;46000000000;veh_4;41.005037846001535;-8.642373241741062;9.484197709084489;180.29988793645816
VEHICLE_UPDATES;46000000000;veh_5;41.00464201255612;-8.64257237374357;0.040928643977479;90.72339311942727
VEHICLE_UPDATES;46000000000;veh_6;41.00602574880873;-8.642401594245028;7.757023550567446;180.19124020941547
VEHICLE_UPDATES;46000000000;veh_7;41.004677162232404;-8.643268678939693;8.069384542527118;89.86843701764728
VEHICLE_REGISTRATION;46142857140;veh_8;[src.main.java.CarSendsCamAPP, src.main.java.EventProcessingApp, src.main.java.MainCarApp];Car
VEHICLE_REGISTRATION;46142857140;veh_9;[src.main.java.CarSendsCamAPP, src.main.java.EventProcessingApp, src.main.java.MainCarApp];Car_0
VEHICLE_UPDATES;47000000000;veh_0;41.00472832945306;-8.642415107534758;0.000117503231992;180.29993154303952
VEHICLE_UPDATES;47000000000;veh_1;41.00464103203146;-8.642494964768858;0.0;90.72339311942727
VEHICLE_UPDATES;47000000000;veh_2;41.00473485089984;-8.642376973305687;2.961505855013302;180.2998879364582
VEHICLE_UPDATES;47000000000;veh_3;41.00466985630279;-8.642494336411163;0.0;90.72293676843755
VEHICLE_UPDATES;47000000000;veh_4;41.00495643914177;-8.642374244319244;9.037369544551709;180.29988793645816
VEHICLE_UPDATES;47000000000;veh_5;41.004642011499925;-8.6425722903593;0.007014630123781;90.72339311942727
VEHICLE_UPDATES;47000000000;veh_6;41.00595764121465;-8.642402306549847;7.561219661191335;180.2215031987318
VEHICLE_UPDATES;47000000000;veh_7;41.00467704363108;-8.643181187841195;7.35744920608166;89.86843701764728
VEHICLE_UPDATES;48000000000;veh_0;41.00472832945306;-8.642415107534758;0.0;180.29993154303952
VEHICLE_UPDATES;48000000000;veh_1;41.00464103203146;-8.642494964768858;0.0;90.72339311942727
VEHICLE_UPDATES;48000000000;veh_2;41.00472897018934;-8.642377045729692;0.652846106757605;180.2998879364582
VEHICLE_UPDATES;48000000000;veh_3;41.00466985630279;-8.642494336411163;0.0;90.72293676843755
VEHICLE_UPDATES;48000000000;veh_4;41.004876024823595;-8.64237523467049;8.927182570639067;180.29988793645816
VEHICLE_UPDATES;48000000000;veh_5;41.00464201112608;-8.642572260844947;0.002482869543987;90.72339311942727
VEHICLE_UPDATES;48000000000;veh_6;41.005894317019504;-8.64240285921111;7.030106340998081;180.13491255010234
VEHICLE_UPDATES;48000000000;veh_7;41.004676926914726;-8.643095135048581;7.236496823560888;89.86843701764728
VEHICLE_UPDATES;49000000000;veh_0;41.00472832945306;-8.642415107534758;0.0;180.29993154303952
VEHICLE_UPDATES;49000000000;veh_1;41.00464103203146;-8.642494964768858;0.0;90.72339311942727
VEHICLE_UPDATES;49000000000;veh_2;41.00472826230343;-8.642377054447673;0.078585838782414;180.29988793645816
VEHICLE_UPDATES;49000000000;veh_3;41.00466985630279;-8.642494336411163;0.0;90.72293676843755
VEHICLE_UPDATES;49000000000;veh_4;41.00481211436402;-8.642376021764452;7.095009278533618;180.2998879364582
VEHICLE_UPDATES;49000000000;veh_5;41.00464201097199;-8.642572248679258;0.001023428125145;90.7233931194289
VEHICLE_UPDATES;49000000000;veh_6;41.005827174935945;-8.64240343087725;7.453950762443474;180.13491255010234
VEHICLE_UPDATES;49000000000;veh_7;41.004676231055626;-8.64299791414215;8.176243776525812;90.72293676843755
VEHICLE_UPDATES;49000000000;veh_8;41.00656783680061;-8.642358228834828;6.925846667360488;180.14766920786036
VEHICLE_UPDATES;49000000000;veh_9;41.00464962047135;-8.643980341472275;8.39295321581923;90.16591395568926
VEHICLE_UPDATES;50000000000;veh_0;41.00472832945306;-8.642415107534758;0.0;180.29993154303952
VEHICLE_UPDATES;50000000000;veh_1;41.00464103203146;-8.642494964768858;0.0;90.72339311942727
VEHICLE_UPDATES;50000000000;veh_2;41.00472808115158;-8.64237705667865;0.020110540679096;180.2998879364586
VEHICLE_UPDATES;50000000000;veh_3;41.00466985630279;-8.642494336411163;0.0;90.72293676843755
VEHICLE_UPDATES;50000000000;veh_4;41.00478873902645;-8.642376309644646;2.595009278533618;180.2998879364586
VEHICLE_UPDATES;50000000000;veh_5;41.00464201093023;-8.642572245382876;0.000277305376255;90.72339311942727
VEHICLE_UPDATES;50000000000;veh_6;41.00575778372683;-8.642404021691322;7.703643116468793;180.13491255010234
VEHICLE_UPDATES;50000000000;veh_7;41.00467514436574;-8.642912058075606;7.220949721569636;90.72293676843753
VEHICLE_UPDATES;50000000000;veh_8;41.006510739513075;-8.642358781584312;6.33854276505855;180.1912402094153
VEHICLE_UPDATES;50000000000;veh_9;41.004649074645734;-8.643877018973827;8.690911244391842;90.16591395568926
VEHICLE_UPDATES;51000000000;veh_0;41.00472832945306;-8.642415107534758;0.0;180.29993154303952
VEHICLE_UPDATES;51000000000;veh_1;41.00464103203146;-8.642494964768858;0.0;90.72339311942727
VEHICLE_UPDATES;51000000000;veh_2;41.00472803800907;-8.642377057209973;0.004789459634543;180.29988793645856
VEHICLE_UPDATES;51000000000;veh_3;41.00466985630279;-8.642494336411163;0.0;90.72293676843755
VEHICLE_UPDATES;51000000000;veh_4;41.004787453380644;-8.642376325478077;0.142725758790045;180.2998879364586
VEHICLE_UPDATES;51000000000;veh_5;41.004642010907986;-8.6425722436268;0.000147728343304;90.72339311942727
VEHICLE_UPDATES;51000000000;veh_6;41.005691443687795;-8.642404586525316;7.364909555224931;180.13491255010234
VEHICLE_UPDATES;51000000000;veh_7;41.004673957910974;-8.642818325659997;7.883392690495097;90.72293676843753
VEHICLE_UPDATES;51000000000;veh_8;41.0064447399858;-8.642359429232528;7.326812443422127;180.19124020941572
VEHICLE_UPDATES;51000000000;veh_9;41.00464854311247;-8.643776418805372;8.461924247909716;90.16591395568926
VEHICLE_UPDATES;52000000000;veh_0;41.00472832945306;-8.642415107534758;0.0;180.29993154303952
VEHICLE_UPDATES;52000000000;veh_1;41.00464103203146;-8.642494964768858;0.0;90.72339311942727
VEHICLE_UPDATES;52000000000;veh_2;41.00472803374552;-8.64237705726248;0.000473318406398;180.2998879364582
VEHICLE_UPDATES;52000000000;veh_3;41.00466985630279;-8.642494336411163;0.0;90.72293676843755
VEHICLE_UPDATES;52000000000;veh_4;41.004786814393896;-8.642376333347547;0.07093700949547;180.29988793645816
VEHICLE_UPDATES;52000000000;veh_5;41.004642010907986;-8.6425722436268;0.0;90.72339311942727
VEHICLE_UPDATES;52000000000;veh_6;41.005621331932225;-8.642405183470794;7.783636243894925;180.13491255010234
VEHICLE_UPDATES;52000000000;veh_7;41.004672858187746;-8.642731450598987;7.306653136271493;90.72293676843753
VEHICLE_UPDATES;52000000000;veh_8;41.00638681079825;-8.642359997685666;6.430898904596428;180.19124020941572
VEHICLE_UPDATES;52000000000;veh_9;41.00464794118567;-8.643676916634332;8.36963859433346;90.28695517343797
VEHICLE_UPDATES;53000000000;veh_0;41.00472832945306;-8.642415107534758;0.0;180.29993154303952
VEHICLE_UPDATES;53000000000;veh_1;41.00464103203146;-8.642494964768858;0.0;90.72339311942727
VEHICLE_UPDATES;53000000000;veh_2;41.00472803153335;-8.642377057289726;0.000245583242765;180.2998879364582
VEHICLE_UPDATES;53000000000;veh_3;41.00466985630279;-8.642494336411163;0.0;90.72293676843755
VEHICLE_UPDATES;53000000000;veh_4;41.00478665569378;-8.642376335302027;0.017618068792073;180.2998879364582
VEHICLE_UPDATES;53000000000;veh_5;41.004642010907986;-8.6425722436268;0.0;90.72339311942727
VEHICLE_UPDATES;53000000000;veh_6;41.00555892462378;-8.642405714817555;6.928307220127663;180.13491255010234
VEHICLE_UPDATES;53000000000;veh_7;41.00467172306101;-8.642641784184354;7.541421068227359;90.72293676843755
VEHICLE_UPDATES;53000000000;veh_8;41.0063235980621;-8.642360617984163;7.01744195665789;180.1912402094153
VEHICLE_UPDATES;53000000000;veh_9;41.00464792160616;-8.643575434329058;8.536063430458686;89.57905898949569
VEHICLE_UPDATES;54000000000;veh_0;41.00472832945306;-8.642415107534758;0.0;180.29993154303952
VEHICLE_UPDATES;54000000000;veh_1;41.00464103203146;-8.642494964768858;0.0;90.72339311942727
VEHICLE_UPDATES;54000000000;veh_2;41.00472803153335;-8.642377057289726;0.0;180.2998879364582
VEHICLE_UPDATES;54000000000;veh_3;41.00466985630279;-8.642494336411163;0.0;90.72293676843755
VEHICLE_UPDATES;54000000000;veh_4;41.00478661525836;-8.64237633580001;0.004488931527733;180.29988793645816
VEHICLE_UPDATES;54000000000;veh_5;41.004642010907986;-8.6425722436268;0.0;90.72339311942727
VEHICLE_UPDATES;54000000000;veh_6;41.00549072592189;-8.642406295471615;7.57125351291359;180.13491255010234
VEHICLE_UPDATES;54000000000;veh_7;41.004671106293266;-8.642593066516309;4.097414411240972;90.72293676843753
VEHICLE_UPDATES;54000000000;veh_8;41.006261532552124;-8.642399280685245;6.915120710344958;180.19124020941547
VEHICLE_UPDATES;54000000000;veh_9;41.004648155361245;-8.643480917431573;7.950082716672128;89.57905898949569
VEHICLE_UPDATES;55000000000;veh_0;41.00472832945306;-8.642415107534758;0.0;180.29993154303952
VEHICLE_UPDATES;55000000000;veh_1;41.00464103203146;-8.642494964768858;0.0;90.72339311942727
VEHICLE_UPDATES;55000000000;veh_2;41.00472803153335;-8.642377057289726;0.0;180.2998879364582
VEHICLE_UPDATES;55000000000;veh_3;41.00466985630279;-8.642494336411163;0.0;90.72293676843755
VEHICLE_UPDATES;55000000000;veh_4;41.00478659433446;-8.6423763360577;0.00232286305177;180.2998879364586
VEHICLE_UPDATES;55000000000;veh_5;41.004642010907986;-8.6425722436268;0.0;90.72339311942727
VEHICLE_UPDATES;55000000000;veh_6;41.00542721947813;-8.642406836173546;7.050330379486313;180.13491255010234
VEHICLE_UPDATES;55000000000;veh_7;41.00467087178969;-8.642574543815508;1.557857454357646;90.72293676843755
VEHICLE_UPDATES;55000000000;veh_8;41.0062029940451;-8.642399855079523;6.498847400053378;180.19124020941547
VEHICLE_UPDATES;55000000000;veh_9;41.00464841071592;-8.64337763109078;8.687705305871;89.57905898949569
VEHICLE_UPDATES;56000000000;veh_0;41.00472832945306;-8.642415107534758;0.0;180.29993154303952
VEHICLE_UPDATES;56000000000;veh_1;41.00464103203146;-8.642494964768858;0.0;90.72339311942727
VEHICLE_UPDATES;56000000000;veh_2;41.00472803153335;-8.642377057289726;0.0;180.2998879364582
VEHICLE_UPDATES;56000000000;veh_3;41.00466985630279;-8.642494336411163;0.0;90.72293676843755
VEHICLE_UPDATES;56000000000;veh_4;41.004786591984676;-8.642376336086638;0.000260859719293;180.29988793645816
VEHICLE_UPDATES;56000000000;veh_5;41.004642010907986;-8.6425722436268;0.0;90.72339311942727
VEHICLE_UPDATES;56000000000;veh_6;41.00536059357815;-8.642407403433328;7.396644712213656;180.13491255010234
VEHICLE_UPDATES;56000000000;veh_7;41.0046708527777;-8.642573042128113;0.126299881390646;90.72293676843753
VEHICLE_UPDATES;56000000000;veh_8;41.00614529371067;-8.642400421248082;6.405794812977287;180.19124020941547
VEHICLE_UPDATES;56000000000;veh_9;41.00464835001077;-8.64327891515058;8.303251072368962;89.86833624206722
VEHICLE_REGISTRATION;56428571425;veh_10;[src.main.java.CarSendsCamAPP, src.main.java.EventProcessingApp, src.main.java.MainCarApp];Car
VEHICLE_REGISTRATION;56428571425;veh_11;[src.main.java.CarSendsCamAPP, src.main.java.EventProcessingApp, src.main.java.MainCarApp];Car_0
VEHICLE_UPDATES;57000000000;veh_0;41.00472832945306;-8.642415107534758;0.0;180.29993154303952
VEHICLE_UPDATES;57000000000;veh_1;41.00464103203146;-8.642494964768858;0.0;90.72339311942727
VEHICLE_UPDATES;57000000000;veh_2;41.00472803153335;-8.642377057289726;0.0;180.2998879364582
VEHICLE_UPDATES;57000000000;veh_3;41.00466985630279;-8.642494336411163;0.0;90.72293676843755
VEHICLE_UPDATES;57000000000;veh_4;41.004786591984676;-8.642376336086638;0.0;180.29988793645816
VEHICLE_UPDATES;57000000000;veh_5;41.004642010907986;-8.6425722436268;0.0;90.72339311942727
VEHICLE_UPDATES;57000000000;veh_6;41.005291343101725;-8.642408173411937;7.688138370283177;180.29993154303952
VEHICLE_UPDATES;57000000000;veh_7;41.00467083688256;-8.642571786630219;0.10559403749502;90.72293676843755
VEHICLE_UPDATES;57000000000;veh_8;41.006085343506285;-8.642401009491431;6.655571550508934;180.19124020941587
VEHICLE_UPDATES;57000000000;veh_9;41.00464821226355;-8.643177198187093;8.55566877229177;89.86833624206722
VEHICLE_UPDATES;58000000000;veh_0;41.00472832945306;-8.642415107534758;0.0;180.29993154303952
VEHICLE_UPDATES;58000000000;veh_1;41.00464103203146;-8.642494964768858;0.0;90.72339311942727
VEHICLE_UPDATES;58000000000;veh_2;41.00472803153335;-8.642377057289726;0.0;180.2998879364582
VEHICLE_UPDATES;58000000000;veh_3;41.00466985630279;-8.642494336411163;0.0;90.72293676843755
VEHICLE_UPDATES;58000000000;veh_4;41.004786591984676;-8.642376336086638;0.0;180.29988793645816
VEHICLE_UPDATES;58000000000;veh_5;41.004642010907986;-8.6425722436268;0.0;90.72339311942727
VEHICLE_UPDATES;58000000000;veh_6;41.005221333853434;-8.642409035659986;7.772432208012088;180.29993154303952
VEHICLE_UPDATES;58000000000;veh_7;41.00467083553162;-8.642571679925082;0.008974468448938;90.72293676843753
VEHICLE_UPDATES;58000000000;veh_8;41.00602960762463;-8.642401556381694;6.187704416230294;180.19124020941547
VEHICLE_UPDATES;58000000000;veh_9;41.00464807421832;-8.64307532759979;8.568590546516148;89.86833624206884
VEHICLE_UPDATES;59000000000;veh_0;41.00472832945306;-8.642415107534758;0.0;180.29993154303952
VEHICLE_UPDATES;59000000000;veh_1;41.00464103203146;-8.642494964768858;0.0;90.72339311942727
VEHICLE_UPDATES;59000000000;veh_2;41.00472803153335;-8.642377057289726;0.0;180.2998879364582
VEHICLE_UPDATES;59000000000;veh_3;41.00466985630279;-8.642494336411163;0.0;90.72293676843755
VEHICLE_UPDATES;59000000000;veh_4;41.004786591984676;-8.642376336086638;0.0;180.29988793645816
VEHICLE_UPDATES;59000000000;veh_5;41.004642010907986;-8.6425722436268;0.0;90.72339311942727
VEHICLE_UPDATES;59000000000;veh_6;41.0051520740964;-8.642409888674818;7.689223537428534;180.29993154303952
VEHICLE_UPDATES;59000000000;veh_7;41.00467083519028;-8.642571652963444;0.00226761684526;90.72293676843755
VEHICLE_UPDATES;59000000000;veh_8;41.0059687565682;-8.642402189733902;6.755605981946895;180.2215031987318
VEHICLE_UPDATES;59000000000;veh_9;41.004647103561226;-8.642974356722911;8.493770249886817;90.72339311942727
VEHICLE_UPDATES;59000000000;veh_10;41.00656665263357;-8.642358239266207;7.057304023753452;180.14766920786036
VEHICLE_UPDATES;59000000000;veh_11;41.00467845627703;-8.643982034150369;8.225686423528776;90.16591395568828
VEHICLE_UPDATES;60000000000;veh_0;41.00472832945306;-8.642415107534758;0.0;180.29993154303952
VEHICLE_UPDATES;60000000000;veh_1;41.00464103203146;-8.642494964768858;0.0;90.72339311942727
VEHICLE_UPDATES;60000000000;veh_2;41.00472803153335;-8.642377057289726;0.0;180.2998879364582
VEHICLE_UPDATES;60000000000;veh_3;41.00466985630279;-8.642494336411163;0.0;90.72293676843755
VEHICLE_UPDATES;60000000000;veh_4;41.004786591984676;-8.642376336086638;0.0;180.29988793645816
VEHICLE_UPDATES;60000000000;veh_5;41.004642010907986;-8.6425722436268;0.0;90.72339311942727
VEHICLE_UPDATES;60000000000;veh_6;41.00508766223819;-8.642410681980033;7.151009353713362;180.29993154303952
VEHICLE_UPDATES;60000000000;veh_7;41.004670835016704;-8.642571639254918;0.001152959789957;90.72293676843755
VEHICLE_UPDATES;60000000000;veh_8;41.00590510979736;-8.642402767318279;7.065931361849393;180.13491255010234
VEHICLE_UPDATES;60000000000;veh_9;41.00464584838847;-8.642875238683503;8.338218554295977;90.7233931194289
VEHICLE_UPDATES;60000000000;veh_10;41.0065001969082;-8.64235888503819;7.377452714915919;180.1912402094153
VEHICLE_UPDATES;60000000000;veh_11;41.00467791560263;-8.643879686380247;8.606996492437855;90.16591395568828
VEHICLE_UPDATES;61000000000;veh_0;41.00472832945306;-8.642415107534758;0.0;180.29993154303952
VEHICLE_UPDATES;61000000000;veh_1;41.00464103203146;-8.642494964768858;0.0;90.72339311942727
VEHICLE_UPDATES;61000000000;veh_2;41.00472803153335;-8.642377057289726;0.0;180.2998879364582
VEHICLE_UPDATES;61000000000;veh_3;41.00466985630279;-8.642494336411163;0.0;90.72293676843755
VEHICLE_UPDATES;61000000000;veh_4;41.004786591984676;-8.642376336086638;0.0;180.29988793645816
VEHICLE_UPDATES;61000000000;veh_5;41.004642010907986;-8.6425722436268;0.0;90.72339311942727
VEHICLE_UPDATES;61000000000;veh_6;41.0050212654529;-8.64241149972978;7.371376020877851;180.29993154303952
VEHICLE_UPDATES;61000000000;veh_7;41.00467083494975;-8.642571633965353;0.00044488058156;90.72293676843755
VEHICLE_UPDATES;61000000000;veh_8;41.005845306325725;-8.642403276501781;6.639235938183005;180.13491255010274
VEHICLE_UPDATES;61000000000;veh_9;41.00464460073292;-8.642776720930494;8.287720349291718;90.72339311942727
VEHICLE_UPDATES;61000000000;veh_10;41.00644078056661;-8.64235946808594;6.595992553664903;180.1912402094153
VEHICLE_UPDATES;61000000000;veh_11;41.00467741484977;-8.643784910961571;7.970195275919348;90.16591395568992
VEHICLE_UPDATES;62000000000;veh_0;41.00472832945306;-8.642415107534758;0.0;180.29993154303952
VEHICLE_UPDATES;62000000000;veh_1;41.00464103203146;-8.642494964768858;0.0;90.72339311942727
VEHICLE_UPDATES;62000000000;veh_2;41.00472803153335;-8.642377057289726;0.0;180.2998879364582
VEHICLE_UPDATES;62000000000;veh_3;41.00466985630279;-8.642494336411163;0.0;90.72293676843755
VEHICLE_UPDATES;62000000000;veh_4;41.004786591984676;-8.642376336086638;0.0;180.29988793645816
VEHICLE_UPDATES;62000000000;veh_5;41.004642010907986;-8.6425722436268;0.0;90.72339311942727
VEHICLE_UPDATES;62000000000;veh_6;41.00495846333846;-8.64241227320523;6.972295319705499;180.29993154303952
VEHICLE_UPDATES;62000000000;veh_7;41.00467083494975;-8.642571633965353;0.0;90.72293676843755
VEHICLE_UPDATES;62000000000;veh_8;41.005790179638055;-8.64240374586467;6.120030697766664;180.13491255010234
VEHICLE_UPDATES;62000000000;veh_9;41.00464346163669;-8.642686781079382;7.566112124702451;90.72339311942727
VEHICLE_UPDATES;62000000000;veh_10;41.006373887153835;-8.642360124503869;7.426045356027382;180.19124020941572
VEHICLE_UPDATES;62000000000;veh_11;41.00467686586733;-8.643689818381835;7.996911015991889;90.23981099588802
VEHICLE_UPDATES;63000000000;veh_0;41.00472832945306;-8.642415107534758;0.0;180.29993154303952
VEHICLE_UPDATES;63000000000;veh_1;41.00464103203146;-8.642494964768858;0.0;90.72339311942727
VEHICLE_UPDATES;63000000000;veh_2;41.00472803153335;-8.642377057289726;0.0;180.2998879364582
VEHICLE_UPDATES;63000000000;veh_3;41.00466985630279;-8.642494336411163;0.0;90.72293676843755
VEHICLE_UPDATES;63000000000;veh_4;41.004786591984676;-8.642376336086638;0.0;180.29988793645816
VEHICLE_UPDATES;63000000000;veh_5;41.004642010907986;-8.6425722436268;0.0;90.72339311942727
VEHICLE_UPDATES;63000000000;veh_6;41.004888717486445;-8.642413132198024;7.743189478732875;180.29993154303952
VEHICLE_UPDATES;63000000000;veh_7;41.00467083494975;-8.642571633965353;0.0;90.72293676843755
VEHICLE_UPDATES;63000000000;veh_8;41.00573038450763;-8.642404254974625;6.638309782981845;180.13491255010234
VEHICLE_UPDATES;63000000000;veh_9;41.00464300000622;-8.642650333607326;3.066112124702451;90.72339311942727
VEHICLE_UPDATES;63000000000;veh_10;41.00631123657425;-8.642360739285674;6.955035198864127;180.19124020941572
VEHICLE_UPDATES;63000000000;veh_11;41.00467670794057;-8.643591280330362;8.286608669675724;89.57888711287109
VEHICLE_UPDATES;64000000000;veh_0;41.00472832945306;-8.642415107534758;0.0;180.29993154303952
VEHICLE_UPDATES;64000000000;veh_1;41.00464103203146;-8.642494964768858;0.0;90.72339311942727
VEHICLE_UPDATES;64000000000;veh_2;41.00472803153335;-8.642377057289726;0.0;180.2998879364582
VEHICLE_UPDATES;64000000000;veh_3;41.00466985630279;-8.642494336411163;0.0;90.72293676843755
VEHICLE_UPDATES;64000000000;veh_4;41.004786591984676;-8.642376336086638;0.0;180.29988793645816
VEHICLE_UPDATES;64000000000;veh_5;41.004642010907986;-8.6425722436268;0.0;90.72339311942727
VEHICLE_UPDATES;64000000000;veh_6;41.00482839440529;-8.64241387513769;6.697072707450143;180.29993154303912
VEHICLE_UPDATES;64000000000;veh_7;41.00467083494975;-8.642571633965353;0.0;90.72293676843755
VEHICLE_UPDATES;64000000000;veh_8;41.00566654566547;-8.642404798512255;7.087232737458284;180.13491255010234
VEHICLE_UPDATES;64000000000;veh_9;41.004642990819185;-8.642649608266074;0.061018707232105;90.72339311942727
VEHICLE_UPDATES;64000000000;veh_10;41.00624238608021;-8.642399468555306;7.668442981306064;180.19124020941587
VEHICLE_UPDATES;64000000000;veh_11;41.00467697027263;-8.643485309591679;8.911503490830608;89.57888711287109
VEHICLE_UPDATES;65000000000;veh_0;41.00472832945306;-8.642415107534758;0.0;180.29993154303952
VEHICLE_UPDATES;65000000000;veh_1;41.00464103203146;-8.642494964768858;0.0;90.72339311942727
VEHICLE_UPDATES;65000000000;veh_2;41.00472803153335;-8.642377057289726;0.0;180.2998879364582
VEHICLE_UPDATES;65000000000;veh_3;41.00466985630279;-8.642494336411163;0.0;90.72293676843755
VEHICLE_UPDATES;65000000000;veh_4;41.004786591984676;-8.642376336086638;0.0;180.29988793645816
VEHICLE_UPDATES;65000000000;veh_5;41.004642010907986;-8.6425722436268;0.0;90.72339311942727
VEHICLE_UPDATES;65000000000;veh_6;41.004798728928776;-8.642414240497349;3.293463261033476;180.29993154303952
VEHICLE_UPDATES;65000000000;veh_7;41.00467083494975;-8.642571633965353;0.0;90.72293676843755
VEHICLE_UPDATES;65000000000;veh_8;41.00560725303226;-8.642405303341143;6.582523623207557;180.13491255010234
VEHICLE_UPDATES;65000000000;veh_9;41.00464298983749;-8.642649530758744;0.006520237332366;90.72339311942727
VEHICLE_UPDATES;65000000000;veh_10;41.006179067290795;-8.642400089854341;7.029546352231476;180.19124020941547
VEHICLE_UPDATES;65000000000;veh_11;41.004677237919296;-8.643377151399463;9.095455199644737;89.57888711286945
VEHICLE_UPDATES;66000000000;veh_0;41.00472832945306;-8.642415107534758;0.0;180.29993154303952
VEHICLE_UPDATES;66000000000;veh_1;41.00464103203146;-8.642494964768858;0.0;90.72339311942727
VEHICLE_UPDATES;66000000000;veh_2;41.00472803153335;-8.642377057289726;0.0;180.2998879364582
VEHICLE_UPDATES;66000000000;veh_3;41.00466985630279;-8.642494336411163;0.0;90.72293676843755
VEHICLE_UPDATES;66000000000;veh_4;41.004786591984676;-8.642376336086638;0.0;180.29988793645816
VEHICLE_UPDATES;66000000000;veh_5;41.004642010907986;-8.6425722436268;0.0;90.72339311942727
VEHICLE_UPDATES;66000000000;veh_6;41.00479242151982;-8.642414318179268;0.700248977686171;180.29993154303952
VEHICLE_UPDATES;66000000000;veh_7;41.00467083493313;-8.642571632652754;0.000110396564706;90.72293676843755
VEHICLE_UPDATES;66000000000;veh_8;41.00554370498961;-8.64240584439997;7.05494873172694;180.13491255010234
VEHICLE_UPDATES;66000000000;veh_9;41.0046429897826;-8.642649526425519;0.000364528788035;90.7233931194289
VEHICLE_UPDATES;66000000000;veh_10;41.006114091563525;-8.64240072740995;7.213496744388315;180.19124020941547
VEHICLE_UPDATES;66000000000;veh_11;41.00467716184751;-8.643268394943142;9.14573734300381;89.86843701764892
VEHICLE_REGISTRATION;66714285710;veh_12;[src.main.java.CarSendsCamAPP, src.main.java.EventProcessingApp, src.main.java.MainCarApp];Car
VEHICLE_REGISTRATION;66714285710;veh_13;[src.main.java.CarSendsCamAPP, src.main.java.EventProcessingApp, src.main.java.MainCarApp];Car_0
VEHICLE_UPDATES;67000000000;veh_0;41.00472832945306;-8.642415107534758;0.0;180.29993154303952
VEHICLE_UPDATES;67000000000;veh_1;41.00464103203146;-8.642494964768858;0.0;90.72339311942727
VEHICLE_UPDATES;67000000000;veh_2;41.00472803153335;-8.642377057289726;0.0;180.2998879364582
VEHICLE_UPDATES;67000000000;veh_3;41.00466985630279;-8.642494336411163;0.0;90.72293676843755
VEHICLE_UPDATES;67000000000;veh_4;41.004786591984676;-8.642376336086638;0.0;180.29988793645816
VEHICLE_UPDATES;67000000000;veh_5;41.004642010907986;-8.6425722436268;0.0;90.72339311942727
VEHICLE_UPDATES;67000000000;veh_6;41.00478778706996;-8.642414375257045;0.51451694331071;180.29993154303952
VEHICLE_UPDATES;67000000000;veh_7;41.00467083493313;-8.642571632652754;0.0;90.72293676843755
VEHICLE_UPDATES;67000000000;veh_8;41.0054875208537;-8.64240632276001;6.237425698694746;180.13491255010234
VEHICLE_UPDATES;67000000000;veh_9;41.00464298973117;-8.642649522364657;0.000341616540949;90.7233931194289
VEHICLE_UPDATES;67000000000;veh_10;41.006052914028416;-8.64240132769532;6.791827719251225;180.19124020941547
VEHICLE_UPDATES;67000000000;veh_11;41.004677025253315;-8.643167635106373;8.473266358628706;89.86843701764728
VEHICLE_UPDATES;68000000000;veh_0;41.00472832945306;-8.642415107534758;0.0;180.29993154303952
VEHICLE_UPDATES;68000000000;veh_1;41.00464103203146;-8.642494964768858;0.0;90.72339311942727
VEHICLE_UPDATES;68000000000;veh_2;41.00472803153335;-8.642377057289726;0.0;180.2998879364582
VEHICLE_UPDATES;68000000000;veh_3;41.00466985630279;-8.642494336411163;0.0;90.72293676843755
VEHICLE_UPDATES;68000000000;veh_4;41.004786591984676;-8.642376336086638;0.0;180.29988793645816
VEHICLE_UPDATES;68000000000;veh_5;41.004642010907986;-8.6425722436268;0.0;90.72339311942727
VEHICLE_UPDATES;68000000000;veh_6;41.00478696624185;-8.642414385366344;0.091128392275328;180.29993154303952
VEHICLE_UPDATES;68000000000;veh_7;41.00467083493313;-8.642571632652754;0.0;90.72293676843755
VEHICLE_UPDATES;68000000000;veh_8;41.005427079360096;-8.642406837366527;6.710067092539716;180.13491255010234
VEHICLE_UPDATES;68000000000;veh_9;41.00464298973117;-8.642649522364657;0.0;90.7233931194289
VEHICLE_UPDATES;68000000000;veh_10;41.005992610870926;-8.64240193903878;6.694768417824592;180.2148972146117
VEHICLE_UPDATES;68000000000;veh_11;41.004676885247136;-8.643064425769293;8.679253966805362;89.86843701764728
VEHICLE_UPDATES;69000000000;veh_0;41.00472832945306;-8.642415107534758;0.0;180.29993154303952
VEHICLE_UPDATES;69000000000;veh_1;41.00464103203146;-8.642494964768858;0.0;90.72339311942727
VEHICLE_UPDATES;69000000000;veh_2;41.00472803153335;-8.642377057289726;0.0;180.2998879364582
VEHICLE_UPDATES;69000000000;veh_3;41.00466985630279;-8.642494336411163;0.0;90.72293676843755
VEHICLE_UPDATES;69000000000;veh_4;41.004786591984676;-8.642376336086638;0.0;180.29988793645816
VEHICLE_UPDATES;69000000000;veh_5;41.004642010907986;-8.6425722436268;0.0;90.72339311942727
VEHICLE_UPDATES;69000000000;veh_6;41.00478691023851;-8.64241438605608;0.006217492867389;180.29993154303952
VEHICLE_UPDATES;69000000000;veh_7;41.00467083493313;-8.642571632652754;0.0;90.72293676843755
VEHICLE_UPDATES;69000000000;veh_8;41.005366322514526;-8.642407354656637;6.74507662638181;180.13491255010234
VEHICLE_UPDATES;69000000000;veh_9;41.00464298973117;-8.642649522364657;0.0;90.7233931194289
VEHICLE_UPDATES;69000000000;veh_10;41.005931302872646;-8.642402544302689;6.806315387634161;180.17446705788223
VEHICLE_UPDATES;69000000000;veh_11;41.004675715674054;-8.642957194779957;9.018501059200451;90.72293676843755
VEHICLE_UPDATES;69000000000;veh_12;41.006573372608244;-8.642358180069643;6.311302759112791;180.14766920785996
VEHICLE_UPDATES;69000000000;veh_13;41.004649627278276;-8.643981630104776;8.284560651440957;90.16591395569088
VEHICLE_UPDATES;70000000000;veh_0;41.00472832945306;-8.642415107534758;0.0;180.29993154303952
VEHICLE_UPDATES;70000000000;veh_1;41.00464103203146;-8.642494964768858;0.0;90.72339311942727
VEHICLE_UPDATES;70000000000;veh_2;41.00472803153335;-8.642377057289726;0.0;180.2998879364582
VEHICLE_UPDATES;70000000000;veh_3;41.00466985630279;-8.642494336411163;0.0;90.72293676843755
VEHICLE_UPDATES;70000000000;veh_4;41.004786591984676;-8.642376336086638;0.0;180.29988793645816
VEHICLE_UPDATES;70000000000;veh_5;41.004642010907986;-8.6425722436268;0.0;90.72339311942727
VEHICLE_UPDATES;70000000000;veh_6;41.00478688788612;-8.642414386331371;0.00248156446448;180.29993154303952
VEHICLE_UPDATES;70000000000;veh_7;41.00467083493313;-8.642571632652754;0.0;90.72293676843755
VEHICLE_UPDATES;70000000000;veh_8;41.00530550633072;-8.642407998974459;6.751748090126525;180.28732410001368
VEHICLE_UPDATES;70000000000;veh_9;41.00464298973117;-8.642649522364657;0.0;90.7233931194289
VEHICLE_UPDATES;70000000000;veh_10;41.005864002309345;-8.642403117319082;7.471544846810932;180.13491255010234
VEHICLE_UPDATES;70000000000;veh_11;41.00467446047937;-8.64285802888206;8.34037717685739;90.72293676843755
VEHICLE_UPDATES;70000000000;veh_12;41.00652012087727;-8.642358689525572;5.911632298688405;180.1912402094153
VEHICLE_UPDATES;70000000000;veh_13;41.004649178051174;-8.643896591843545;7.152943358166928;90.16591395568926
VEHICLE_UPDATES;71000000000;veh_0;41.00472832945306;-8.642415107534758;0.0;180.29993154303952
VEHICLE_UPDATES;71000000000;veh_1;41.00464103203146;-8.642494964768858;0.0;90.72339311942727
VEHICLE_UPDATES;71000000000;veh_2;41.00472803153335;-8.642377057289726;0.0;180.2998879364582
VEHICLE_UPDATES;71000000000;veh_3;41.00466985630279;-8.642494336411163;0.0;90.72293676843755
VEHICLE_UPDATES;71000000000;veh_4;41.004786591984676;-8.642376336086638;0.0;180.29988793645816
VEHICLE_UPDATES;71000000000;veh_5;41.004642010907986;-8.6425722436268;0.0;90.72339311942727
VEHICLE_UPDATES;71000000000;veh_6;41.00478688688547;-8.642414386343694;0.000111092506489;180.29993154303952
VEHICLE_UPDATES;71000000000;veh_7;41.00467083493313;-8.642571632652754;0.0;90.72293676843755
VEHICLE_UPDATES;71000000000;veh_8;41.00524555021777;-8.642408737406617;6.656332362914431;180.29993154303912
VEHICLE_UPDATES;71000000000;veh_9;41.00464298973117;-8.642649522364657;0.0;90.7233931194289
VEHICLE_UPDATES;71000000000;veh_10;41.00579657162066;-8.642403691441732;7.48599096179248;180.13491255010234
VEHICLE_UPDATES;71000000000;veh_11;41.00467325248004;-8.642762597992503;8.026243543114349;90.72293676843755
VEHICLE_UPDATES;71000000000;veh_12;41.0064615198029;-8.642359264573656;6.505487230849453;180.1912402094153
VEHICLE_UPDATES;71000000000;veh_13;41.00464865494593;-8.64379758348764;8.328029830047713;90.16591395569088
VEHICLE_UPDATES;72000000000;veh_0;41.00472832945306;-8.642415107534758;0.0;180.29993154303952
VEHICLE_UPDATES;72000000000;veh_1;41.00464103203146;-8.642494964768858;0.0;90.72339311942727
VEHICLE_UPDATES;72000000000;veh_2;41.00472803153335;-8.642377057289726;0.0;180.2998879364582
VEHICLE_UPDATES;72000000000;veh_3;41.00466985630279;-8.642494336411163;0.0;90.72293676843755
VEHICLE_UPDATES;72000000000;veh_4;41.004786591984676;-8.642376336086638;0.0;180.29988793645816
VEHICLE_UPDATES;72000000000;veh_5;41.004642010907986;-8.6425722436268;0.0;90.72339311942727
VEHICLE_UPDATES;72000000000;veh_6;41.00478688688547;-8.642414386343694;0.0;180.29993154303952
VEHICLE_UPDATES;72000000000;veh_7;41.00467083493313;-8.642571632652754;0.0;90.72293676843755
VEHICLE_UPDATES;72000000000;veh_8;41.00519005362005;-8.642409420912895;6.161236568219932;180.29993154303952
VEHICLE_UPDATES;72000000000;veh_9;41.00464298973117;-8.642649522364657;0.0;90.7233931194289
VEHICLE_UPDATES;72000000000;veh_10;41.00572728094784;-8.642404281399035;7.692481780645969;180.13491255010234
VEHICLE_UPDATES;72000000000;veh_11;41.00467222095203;-8.642681113124805;6.853309468108004;90.72293676843753
VEHICLE_UPDATES;72000000000;veh_12;41.006411211632475;-8.642359758242964;5.584866160024889;180.1912402094153
VEHICLE_UPDATES;72000000000;veh_13;41.004648140408804;-8.64370331277859;7.929541017782728;90.19197058593993
VEHICLE_UPDATES;73000000000;veh_0;41.00472832945306;-8.642415107534758;0.0;180.29993154303952
VEHICLE_UPDATES;73000000000;veh_1;41.00464103203146;-8.642494964768858;0.0;90.72339311942727
VEHICLE_UPDATES;73000000000;veh_2;41.00472803153335;-8.642377057289726;0.0;180.2998879364582
VEHICLE_UPDATES;73000000000;veh_3;41.00466985630279;-8.642494336411163;0.0;90.72293676843755
VEHICLE_UPDATES;73000000000;veh_4;41.004786591984676;-8.642376336086638;0.0;180.29988793645816
VEHICLE_UPDATES;73000000000;veh_5;41.004642010907986;-8.6425722436268;0.0;90.72339311942727
VEHICLE_UPDATES;73000000000;veh_6;41.00478688688547;-8.642414386343694;0.0;180.29993154303952
VEHICLE_UPDATES;73000000000;veh_7;41.00467083493313;-8.642571632652754;0.0;90.72293676843755
VEHICLE_UPDATES;73000000000;veh_8;41.00513289049585;-8.642410124942863;6.346254403498928;180.29993154303912
VEHICLE_UPDATES;73000000000;veh_9;41.00464298973117;-8.642649522364657;0.0;90.7233931194289
VEHICLE_UPDATES;73000000000;veh_10;41.005660445214346;-8.642404850452728;7.419940306746932;180.13491255010234
VEHICLE_UPDATES;73000000000;veh_11;41.00467186672964;-8.64265313261307;2.353309468108004;90.72293676843753
VEHICLE_UPDATES;73000000000;veh_12;41.00635718850439;-8.642360288365651;5.997275086013601;180.19124020941572
VEHICLE_UPDATES;73000000000;veh_13;41.00464782415001;-8.643614830638185;7.442681242843943;89.7778856027146
VEHICLE_UPDATES;74000000000;veh_0;41.00472832945306;-8.642415107534758;0.0;180.29993154303952
VEHICLE_UPDATES;74000000000;veh_1;41.00464103203146;-8.642494964768858;0.0;90.72339311942727
VEHICLE_UPDATES;74000000000;veh_2;41.00472803153335;-8.642377057289726;0.0;180.2998879364582
VEHICLE_UPDATES;74000000000;veh_3;41.00466985630279;-8.642494336411163;0.0;90.72293676843755
VEHICLE_UPDATES;74000000000;veh_4;41.004786591984676;-8.642376336086638;0.0;180.29988793645816
VEHICLE_UPDATES;74000000000;veh_5;41.004642010907986;-8.6425722436268;0.0;90.72339311942727
VEHICLE_UPDATES;74000000000;veh_6;41.00478688688547;-8.642414386343694;0.0;180.29993154303952
VEHICLE_UPDATES;74000000000;veh_7;41.00467083493313;-8.642571632652754;0.0;90.72293676843755
VEHICLE_UPDATES;74000000000;veh_8;41.005072608982;-8.642410867377695;6.692458190285573;180.29993154303912
VEHICLE_UPDATES;74000000000;veh_9;41.00464298973117;-8.642649522364657;0.0;90.7233931194289
VEHICLE_UPDATES;74000000000;veh_10;41.0055977533213;-8.64240538422339;6.95990115589236;180.13491255010234
VEHICLE_UPDATES;74000000000;veh_11;41.00467183623392;-8.642650723738711;0.202599113458296;90.72293676843755
VEHICLE_UPDATES;74000000000;veh_12;41.00630232977294;-8.642398880372019;6.114860471650958;180.19124020941547
VEHICLE_UPDATES;74000000000;veh_13;41.004648064722524;-8.64351757015257;8.18085365329575;89.57905898949569
VEHICLE_UPDATES;75000000000;veh_0;41.00472832945306;-8.642415107534758;0.0;180.29993154303952
VEHICLE_UPDATES;75000000000;veh_1;41.00464103203146;-8.642494964768858;0.0;90.72339311942727
VEHICLE_UPDATES;75000000000;veh_2;41.00472803153335;-8.642377057289726;0.0;180.2998879364582
VEHICLE_UPDATES;75000000000;veh_3;41.00466985630279;-8.642494336411163;0.0;90.72293676843755
VEHICLE_UPDATES;75000000000;veh_4;41.004786591984676;-8.642376336086638;0.0;180.29988793645816
VEHICLE_UPDATES;75000000000;veh_5;41.004642010907986;-8.6425722436268;0.0;90.72339311942727
VEHICLE_UPDATES;75000000000;veh_6;41.00478688688547;-8.642414386343694;0.0;180.29993154303952
VEHICLE_UPDATES;75000000000;veh_7;41.00467083493313;-8.642571632652754;0.0;90.72293676843755
VEHICLE_UPDATES;75000000000;veh_8;41.00501073055334;-8.642411629478511;6.869747720058981;180.29993154303912
VEHICLE_UPDATES;75000000000;veh_9;41.00464298973117;-8.642649522364657;0.0;90.7233931194289
VEHICLE_UPDATES;75000000000;veh_10;41.00552755913533;-8.64240598186828;7.792787338758419;180.13491255010234
VEHICLE_UPDATES;75000000000;veh_11;41.00467181799361;-8.642649282929186;0.121179725262181;90.72293676843753
VEHICLE_UPDATES;75000000000;veh_12;41.00625089614142;-8.642399385052435;5.710076020784677;180.19124020941547
VEHICLE_UPDATES;75000000000;veh_13;41.004648288188534;-8.643427195871858;7.601635535309875;89.57905898949569
VEHICLE_UPDATES;76000000000;veh_0;41.00472832945306;-8.642415107534758;0.0;180.29993154303952
VEHICLE_UPDATES;76000000000;veh_1;41.00464103203146;-8.642494964768858;0.0;90.72339311942727
VEHICLE_UPDATES;76000000000;veh_2;41.00472803153335;-8.642377057289726;0.0;180.2998879364582
VEHICLE_UPDATES;76000000000;veh_3;41.00466985630279;-8.642494336411163;0.0;90.72293676843755
VEHICLE_UPDATES;76000000000;veh_4;41.004786591984676;-8.642376336086638;0.0;180.29988793645816
VEHICLE_UPDATES;76000000000;veh_5;41.004642010907986;-8.6425722436268;0.0;90.72339311942727
VEHICLE_UPDATES;76000000000;veh_6;41.00478688688547;-8.642414386343694;0.0;180.29993154303952
VEHICLE_UPDATES;76000000000;veh_7;41.00467083493313;-8.642571632652754;0.0;90.72293676843755
VEHICLE_UPDATES;76000000000;veh_8;41.00494716542586;-8.642412412350946;7.057005067710738;180.29993154303952
VEHICLE_UPDATES;76000000000;veh_9;41.00464298973117;-8.642649522364657;0.0;90.7233931194289
VEHICLE_UPDATES;76000000000;veh_10;41.005460846724034;-8.642406549867086;7.406249116140018;180.13491255010234
VEHICLE_UPDATES;76000000000;veh_11;41.0046718141646;-8.642648980475153;0.025437988817449;90.72293676843753
VEHICLE_UPDATES;76000000000;veh_12;41.0061958752318;-8.64239992493098;6.108329593004659;180.19124020941587
VEHICLE_UPDATES;76000000000;veh_13;41.004648417579176;-8.643328834072028;8.273478957234735;89.7599608246673
VEHICLE_REGISTRATION;76999999995;veh_14;[src.main.java.CarSendsCamAPP, src.main.java.EventProcessingApp, src.main.java.MainCarApp];Car
VEHICLE_REGISTRATION;76999999995;veh_15;[src.main.java.CarSendsCamAPP, src.main.java.EventProcessingApp, src.main.java.MainCarApp];Car_0
VEHICLE_UPDATES;77000000000;veh_0;41.00472832945306;-8.642415107534758;0.0;180.29993154303952
VEHICLE_UPDATES;77000000000;veh_1;41.00464103203146;-8.642494964768858;0.0;90.72339311942727
VEHICLE_UPDATES;77000000000;veh_2;41.00472803153335;-8.642377057289726;0.0;180.2998879364582
VEHICLE_UPDATES;77000000000;veh_3;41.00466985630279;-8.642494336411163;0.0;90.72293676843755
VEHICLE_UPDATES;77000000000;veh_4;41.004786591984676;-8.642376336086638;0.0;180.29988793645816
VEHICLE_UPDATES;77000000000;veh_5;41.004642010907986;-8.6425722436268;0.0;90.72339311942727
VEHICLE_UPDATES;77000000000;veh_6;41.00478688688547;-8.642414386343694;0.0;180.29993154303952
VEHICLE_UPDATES;77000000000;veh_7;41.00467083493313;-8.642571632652754;0.0;90.72293676843755
VEHICLE_UPDATES;77000000000;veh_8;41.00489192740837;-8.642413092664546;6.132528648484471;180.29993154303952
VEHICLE_UPDATES;77000000000;veh_9;41.00464298973117;-8.642649522364657;0.0;90.7233931194289
VEHICLE_UPDATES;77000000000;veh_10;41.00540066258014;-8.64240706228191;6.681496725429382;180.13491255010234
VEHICLE_UPDATES;77000000000;veh_11;41.00467181365403;-8.642648940143872;0.003392074805248;90.72293676843753
VEHICLE_UPDATES;77000000000;veh_12;41.00614078065691;-8.642400465531114;6.116507732203231;180.19124020941547
VEHICLE_UPDATES;77000000000;veh_13;41.004648289985916;-8.6432345827301;7.927716585101413;89.86833624206722
VEHICLE_UPDATES;78000000000;veh_0;41.00472832945306;-8.642415107534758;0.0;180.29993154303952
VEHICLE_UPDATES;78000000000;veh_1;41.00464103203146;-8.642494964768858;0.0;90.72339311942727
VEHICLE_UPDATES;78000000000;veh_2;41.00472803153335;-8.642377057289726;0.0;180.2998879364582
VEHICLE_UPDATES;78000000000;veh_3;41.00466985630279;-8.642494336411163;0.0;90.72293676843755
VEHICLE_UPDATES;78000000000;veh_4;41.004786591984676;-8.642376336086638;0.0;180.29988793645816
VEHICLE_UPDATES;78000000000;veh_5;41.004642010907986;-8.6425722436268;0.0;90.72339311942727
VEHICLE_UPDATES;78000000000;veh_6;41.00478688688547;-8.642414386343694;0.0;180.29993154303952
VEHICLE_UPDATES;78000000000;veh_7;41.00467083493313;-8.642571632652754;0.0;90.72293676843755
VEHICLE_UPDATES;78000000000;veh_8;41.00485331931761;-8.642413568162436;4.286272959054806;180.29993154303952
VEHICLE_UPDATES;78000000000;veh_9;41.00464298973117;-8.642649522364657;0.0;90.7233931194289
VEHICLE_UPDATES;78000000000;veh_10;41.005335602888465;-8.64240762829824;7.222776081564437;180.14947866403475
VEHICLE_UPDATES;78000000000;veh_11;41.004671813537875;-8.642648930969257;0.00077163380452;90.72293676843753
VEHICLE_UPDATES;78000000000;veh_12;41.006089598086206;-8.642400967744694;5.682203504662962;180.19124020941547
VEHICLE_UPDATES;78000000000;veh_13;41.00464817629994;-8.643150652406225;7.059589954551162;89.86833624206884
VEHICLE_UPDATES;79000000000;veh_0;41.00472832945306;-8.642415107534758;0.0;180.29993154303952
VEHICLE_UPDATES;79000000000;veh_1;41.00464103203146;-8.642494964768858;0.0;90.72339311942727
VEHICLE_UPDATES;79000000000;veh_2;41.00472803153335;-8.642377057289726;0.0;180.2998879364582
VEHICLE_UPDATES;79000000000;veh_3;41.00466985630279;-8.642494336411163;0.0;90.72293676843755
VEHICLE_UPDATES;79000000000;veh_4;41.004786591984676;-8.642376336086638;0.0;180.29988793645816
VEHICLE_UPDATES;79000000000;veh_5;41.004642010907986;-8.6425722436268;0.0;90.72339311942727
VEHICLE_UPDATES;79000000000;veh_6;41.00478688688547;-8.642414386343694;0.0;180.29993154303952
VEHICLE_UPDATES;79000000000;veh_7;41.00467083493313;-8.642571632652754;0.0;90.72293676843755
VEHICLE_UPDATES;79000000000;veh_8;41.00484763933786;-8.6424136381171;0.630591749210919;180.29993154303952
VEHICLE_UPDATES;79000000000;veh_9;41.00464298973117;-8.642649522364657;0.0;90.7233931194289
VEHICLE_UPDATES;79000000000;veh_10;41.00526772437947;-8.642408464305158;7.535877425421561;180.29993154303952
VEHICLE_UPDATES;79000000000;veh_11;41.00467181351075;-8.642648928826661;0.000180203668431;90.72293676843753
VEHICLE_UPDATES;79000000000;veh_12;41.00603377726734;-8.642401515468471;6.197134009852075;180.19124020941547
VEHICLE_UPDATES;79000000000;veh_13;41.00464805914795;-8.643064210420338;7.270852207152026;89.86833624206884
VEHICLE_UPDATES;79000000000;veh_14;41.006576828963745;-8.642358149622442;5.927604054756985;180.14766920786036
VEHICLE_UPDATES;79000000000;veh_15;41.004678475522084;-8.643985677491044;7.919297529930862;90.16591395568828
VEHICLE_UPDATES;80000000000;veh_0;41.00472832945306;-8.642415107534758;0.0;180.29993154303952
VEHICLE_UPDATES;80000000000;veh_1;41.00464103203146;-8.642494964768858;0.0;90.72339311942727
VEHICLE_UPDATES;80000000000;veh_2;41.00472803153335;-8.642377057289726;0.0;180.2998879364582
VEHICLE_UPDATES;80000000000;veh_3;41.00466985630279;-8.642494336411163;0.0;90.72293676843755
VEHICLE_UPDATES;80000000000;veh_4;41.004786591984676;-8.642376336086638;0.0;180.29988793645816
VEHICLE_UPDATES;80000000000;veh_5;41.004642010907986;-8.6425722436268;0.0;90.72339311942727
VEHICLE_UPDATES;80000000000;veh_6;41.00478688688547;-8.642414386343694;0.0;180.29993154303952
VEHICLE_UPDATES;80000000000;veh_7;41.00467083493313;-8.642571632652754;0.0;90.72293676843755
VEHICLE_UPDATES;80000000000;veh_8;41.00484582018459;-8.6424136605218;0.201962524116541;180.29993154303952
VEHICLE_UPDATES;80000000000;veh_9;41.00464298973117;-8.642649522364657;0.0;90.7233931194289
VEHICLE_UPDATES;80000000000;veh_10;41.00520222815317;-8.642409270969239;7.271396127913679;180.29993154303952
VEHICLE_UPDATES;80000000000;veh_11;41.00467181351075;-8.642648928826661;0.0;90.72293676843753
VEHICLE_UPDATES;80000000000;veh_12;41.005982482462;-8.642402045482614;5.694680782045238;180.2215031987318
VEHICLE_UPDATES;80000000000;veh_13;41.004647032671876;-8.642968758579137;8.029615352714288;90.72339311942727
VEHICLE_UPDATES;80000000000;veh_14;41.0065130735619;-8.642358758680441;7.077675367802904;180.19124020941572
VEHICLE_UPDATES;80000000000;veh_15;41.00467798105669;-8.64389207568978;7.871499034749958;90.16591395568828
VEHICLE_UPDATES;81000000000;veh_0;41.00472832945306;-8.642415107534758;0.0;180.29993154303952
VEHICLE_UPDATES;81000000000;veh_1;41.00464103203146;-8.642494964768858;0.0;90.72339311942727
VEHICLE_UPDATES;81000000000;veh_2;41.00472803153335;-8.642377057289726;0.0;180.2998879364582
VEHICLE_UPDATES;81000000000;veh_3;41.00466985630279;-8.642494336411163;0.0;90.72293676843755
VEHICLE_UPDATES;81000000000;veh_4;41.004786591984676;-8.642376336086638;0.0;180.29988793645816
VEHICLE_UPDATES;81000000000;veh_5;41.004642010907986;-8.6425722436268;0.0;90.72339311942727
VEHICLE_UPDATES;81000000000;veh_6;41.00478688688547;-8.642414386343694;0.0;180.29993154303952
VEHICLE_UPDATES;81000000000;veh_7;41.00467083493313;-8.642571632652754;0.0;90.72293676843755
VEHICLE_UPDATES;81000000000;veh_8;41.004845576790245;-8.642413663519447;0.027021657391675;180.29993154303952
VEHICLE_UPDATES;81000000000;veh_9;41.00464298973117;-8.642649522364657;0.0;90.7233931194289
VEHICLE_UPDATES;81000000000;veh_10;41.005135558866925;-8.642410092078823;7.401629249320897;180.29993154303952
VEHICLE_UPDATES;81000000000;veh_11;41.00467181351075;-8.642648928826661;0.0;90.72293676843753
VEHICLE_UPDATES;81000000000;veh_12;41.00592406721569;-8.64240260590924;6.485156843076461;180.15707781231765
VEHICLE_UPDATES;81000000000;veh_13;41.00464592975014;-8.642881663418787;7.326804345652314;90.72339311942727
VEHICLE_UPDATES;81000000000;veh_14;41.006458863201324;-8.642359290642663;6.018060454264806;180.1912402094153
VEHICLE_UPDATES;81000000000;veh_15;41.00467747912265;-8.643797074794906;7.989156809599752;90.16591395568992
VEHICLE_UPDATES;82000000000;veh_0;41.00472832945306;-8.642415107534758;0.0;180.29993154303952
VEHICLE_UPDATES;82000000000;veh_1;41.00464103203146;-8.642494964768858;0.0;90.72339311942727
VEHICLE_UPDATES;82000000000;veh_2;41.00472803153335;-8.642377057289726;0.0;180.2998879364582
VEHICLE_UPDATES;82000000000;veh_3;41.00466985630279;-8.642494336411163;0.0;90.72293676843755
VEHICLE_UPDATES;82000000000;veh_4;41.004786591984676;-8.642376336086638;0.0;180.29988793645816
VEHICLE_UPDATES;82000000000;veh_5;41.004642010907986;-8.6425722436268;0.0;90.72339311942727
VEHICLE_UPDATES;82000000000;veh_6;41.00478688688547;-8.642414386343694;0.0;180.29993154303952
VEHICLE_UPDATES;82000000000;veh_7;41.00467083493313;-8.642571632652754;0.0;90.72293676843755
VEHICLE_UPDATES;82000000000;veh_8;41.00484546642754;-8.642413664878672;0.012252475719159;180.29993154303912
VEHICLE_UPDATES;82000000000;veh_9;41.00464298973117;-8.642649522364657;0.0;90.7233931194289
VEHICLE_UPDATES;82000000000;veh_10;41.00507438928543;-8.642410845451275;6.791051529499303;180.29993154303952
VEHICLE_UPDATES;82000000000;veh_11;41.00467181351075;-8.642648928826661;0.0;90.72293676843753
VEHICLE_UPDATES;82000000000;veh_12;41.00587129623843;-8.64240305521655;5.858505541468971;180.13491255010234
VEHICLE_UPDATES;82000000000;veh_13;41.004644794765724;-8.642792041770194;7.539343260640131;90.72339311942727
VEHICLE_UPDATES;82000000000;veh_14;41.0063972091611;-8.642359895647704;6.844406375409626;180.1912402094153
VEHICLE_UPDATES;82000000000;veh_15;41.00467700612049;-8.64370837993975;7.458850856695006;90.1727751668023
VEHICLE_UPDATES;83000000000;veh_0;41.00472832945306;-8.642415107534758;0.0;180.29993154303952
VEHICLE_UPDATES;83000000000;veh_1;41.00464103203146;-8.642494964768858;0.0;90.72339311942727
VEHICLE_UPDATES;83000000000;veh_2;41.00472803153335;-8.642377057289726;0.0;180.2998879364582
VEHICLE_UPDATES;83000000000;veh_3;41.00466985630279;-8.642494336411163;0.0;90.72293676843755
VEHICLE_UPDATES;83000000000;veh_4;41.004786591984676;-8.642376336086638;0.0;180.29988793645816
VEHICLE_UPDATES;83000000000;veh_5;41.004642010907986;-8.6425722436268;0.0;90.72339311942727
VEHICLE_UPDATES;83000000000;veh_6;41.00478688688547;-8.642414386343694;0.0;180.29993154303952
VEHICLE_UPDATES;83000000000;veh_7;41.00467083493313;-8.642571632652754;0.0;90.72293676843755
VEHICLE_UPDATES;83000000000;veh_8;41.004845451813445;-8.64241366505866;0.001622457541337;180.29993154303952
VEHICLE_UPDATES;83000000000;veh_9;41.00464298973117;-8.642649522364657;0.0;90.7233931194289
VEHICLE_UPDATES;83000000000;veh_10;41.00500710503958;-8.642411674130637;7.469901941216151;180.29993154303952
VEHICLE_UPDATES;83000000000;veh_11;41.00467181351075;-8.642648928826661;0.0;90.72293676843753
VEHICLE_UPDATES;83000000000;veh_12;41.005814048928904;-8.642403542635485;6.355457002982498;180.13491255010234
VEHICLE_UPDATES;83000000000;veh_13;41.00464407191315;-8.6427349661123;4.801440248826886;90.7233931194289
VEHICLE_UPDATES;83000000000;veh_14;41.00633468685135;-8.64236050917141;6.940795593619869;180.1912402094153
VEHICLE_UPDATES;83000000000;veh_15;41.00467662481842;-8.643624849850218;7.024598380445185;89.94037050239885
VEHICLE_UPDATES;84000000000;veh_0;41.00472832945306;-8.642415107534758;0.0;180.29993154303952
VEHICLE_UPDATES;84000000000;veh_1;41.00464103203146;-8.642494964768858;0.0;90.72339311942727
VEHICLE_UPDATES;84000000000;veh_2;41.00472803153335;-8.642377057289726;0.0;180.2998879364582
VEHICLE_UPDATES;84000000000;veh_3;41.00466985630279;-8.642494336411163;0.0;90.72293676843755
VEHICLE_UPDATES;84000000000;veh_4;41.004786591984676;-8.642376336086638;0.0;180.29988793645816
VEHICLE_UPDATES;84000000000;veh_5;41.004642010907986;-8.6425722436268;0.0;90.72339311942727
VEHICLE_UPDATES;84000000000;veh_6;41.00478688688547;-8.642414386343694;0.0;180.29993154303952
VEHICLE_UPDATES;84000000000;veh_7;41.00467083493313;-8.642571632652754;0.0;90.72293676843755
VEHICLE_UPDATES;84000000000;veh_8;41.00484544464601;-8.642413665146934;0.000795728623036;180.29993154303912
VEHICLE_UPDATES;84000000000;veh_9;41.00464298973117;-8.642649522364657;0.0;90.7233931194289
VEHICLE_UPDATES;84000000000;veh_10;41.00493896140626;-8.642412513392069;7.565311111474942;180.29993154303912
VEHICLE_UPDATES;84000000000;veh_11;41.00467181351075;-8.642648928826661;0.0;90.72293676843753
VEHICLE_UPDATES;84000000000;veh_12;41.00575732079875;-8.642404025632802;6.297818909339608;180.13491255010234
VEHICLE_UPDATES;84000000000;veh_13;41.004643986633106;-8.642728232639447;0.566447575509925;90.72339311942727
VEHICLE_UPDATES;84000000000;veh_14;41.00627811484242;-8.642399117975465;6.305183382196875;180.19124020941547
VEHICLE_UPDATES;84000000000;veh_15;41.00467683378409;-8.64354044993497;7.09752662965251;89.57888711287109
VEHICLE_UPDATES;85000000000;veh_0;41.00472832945306;-8.642415107534758;0.0;180.29993154303952
VEHICLE_UPDATES;85000000000;veh_1;41.00464103203146;-8.642494964768858;0.0;90.72339311942727
VEHICLE_UPDATES;85000000000;veh_2;41.00472803153335;-8.642377057289726;0.0;180.2998879364582
VEHICLE_UPDATES;85000000000;veh_3;41.00466985630279;-8.642494336411163;0.0;90.72293676843755
VEHICLE_UPDATES;85000000000;veh_4;41.004786591984676;-8.642376336086638;0.0;180.29988793645816
VEHICLE_UPDATES;85000000000;veh_5;41.004642010907986;-8.6425722436268;0.0;90.72339311942727
VEHICLE_UPDATES;85000000000;veh_6;41.00478688688547;-8.642414386343694;0.0;180.29993154303952
VEHICLE_UPDATES;85000000000;veh_7;41.00467083493313;-8.642571632652754;0.0;90.72293676843755
VEHICLE_UPDATES;85000000000;veh_8;41.00484544464601;-8.642413665146934;0.0;180.29993154303912
VEHICLE_UPDATES;85000000000;veh_9;41.00464298973117;-8.642649522364657;0.0;90.7233931194289
VEHICLE_UPDATES;85000000000;veh_10;41.00491106182818;-8.642374803168849;3.065311111474942;180.29988793645856
VEHICLE_UPDATES;85000000000;veh_11;41.00467181351075;-8.642648928826661;0.0;90.72293676843753
VEHICLE_UPDATES;85000000000;veh_12;41.00569953979618;-8.642404517593318;6.414706177554094;180.13491255010234
VEHICLE_UPDATES;85000000000;veh_13;41.004643974804;-8.64272729864749;0.078571265084606;90.72339311942727
VEHICLE_UPDATES;85000000000;veh_14;41.00622203537028;-8.642399668241493;6.225849469056875;180.19124020941547
VEHICLE_UPDATES;85000000000;veh_15;41.00467706367861;-8.643447568133258;7.810802397072928;89.57888711286945
VEHICLE_UPDATES;86000000000;veh_0;41.00472832945306;-8.642415107534758;0.0;180.29993154303952
VEHICLE_UPDATES;86000000000;veh_1;41.00464103203146;-8.642494964768858;0.0;90.72339311942727
VEHICLE_UPDATES;86000000000;veh_2;41.00472803153335;-8.642377057289726;0.0;180.2998879364582
VEHICLE_UPDATES;86000000000;veh_3;41.00466985630279;-8.642494336411163;0.0;90.72293676843755
VEHICLE_UPDATES;86000000000;veh_4;41.004786591984676;-8.642376336086638;0.0;180.29988793645816
VEHICLE_UPDATES;86000000000;veh_5;41.004642010907986;-8.6425722436268;0.0;90.72339311942727
VEHICLE_UPDATES;86000000000;veh_6;41.00478688688547;-8.642414386343694;0.0;180.29993154303952
VEHICLE_UPDATES;86000000000;veh_7;41.00467083493313;-8.642571632652754;0.0;90.72293676843755
VEHICLE_UPDATES;86000000000;veh_8;41.00484544464601;-8.642413665146934;0.0;180.29993154303912
VEHICLE_UPDATES;86000000000;veh_9;41.00464298973117;-8.642649522364657;0.0;90.7233931194289
VEHICLE_UPDATES;86000000000;veh_10;41.0048680818901;-8.642375332492378;4.771410876035292;180.29988793645856
VEHICLE_UPDATES;86000000000;veh_11;41.00467181351075;-8.642648928826661;0.0;90.72293676843753
VEHICLE_UPDATES;86000000000;veh_12;41.0056498159954;-8.642404940952016;5.520215206417255;180.13491255010274
VEHICLE_UPDATES;86000000000;veh_13;41.004643970401666;-8.642726951053145;0.029241073518955;90.72339311942727
VEHICLE_UPDATES;86000000000;veh_14;41.00616478078081;-8.642400230036753;6.356308973491714;180.19124020941547
VEHICLE_UPDATES;86000000000;veh_15;41.00467726475057;-8.643366306398834;6.833624430407452;89.57888711287109
VEHICLE_UPDATES;87000000000;veh_0;41.00472832945306;-8.642415107534758;0.0;180.29993154303952
VEHICLE_UPDATES;87000000000;veh_1;41.00464103203146;-8.642494964768858;0.0;90.72339311942727
VEHICLE_UPDATES;87000000000;veh_2;41.00472803153335;-8.642377057289726;0.0;180.2998879364582
VEHICLE_UPDATES;87000000000;veh_3;41.00466985630279;-8.642494336411163;0.0;90.72293676843755
VEHICLE_UPDATES;87000000000;veh_4;41.004786591984676;-8.642376336086638;0.0;180.29988793645816
VEHICLE_UPDATES;87000000000;veh_5;41.004642010907986;-8.6425722436268;0.0;90.72339311942727
VEHICLE_UPDATES;87000000000;veh_6;41.00478688688547;-8.642414386343694;0.0;180.29993154303952
VEHICLE_UPDATES;87000000000;veh_7;41.00467083493313;-8.642571632652754;0.0;90.72293676843755
VEHICLE_UPDATES;87000000000;veh_8;41.00484544464601;-8.642413665146934;0.0;180.29993154303912
VEHICLE_UPDATES;87000000000;veh_9;41.00464298973117;-8.642649522364657;0.0;90.7233931194289
VEHICLE_UPDATES;87000000000;veh_10;41.004855852338835;-8.642375483106422;1.35766165029662;180.2998879364582
VEHICLE_UPDATES;87000000000;veh_11;41.00467181351075;-8.642648928826661;0.0;90.72293676843753
VEHICLE_UPDATES;87000000000;veh_12;41.0055944167573;-8.642405412631486;6.150288372287528;180.13491255010234
VEHICLE_UPDATES;87000000000;veh_13;41.00464396895159;-8.6427268365595;0.009631678630418;90.72339311942727
VEHICLE_UPDATES;87000000000;veh_14;41.00610289053615;-8.64240083731663;6.870951602006854;180.19124020941547
VEHICLE_UPDATES;87000000000;veh_15;41.00467716890739;-8.64327360448022;7.795648655073399;89.86843701764728
VEHICLE_REGISTRATION;87285714280;veh_16;[src.main.java.CarSendsCamAPP, src.main.java.EventProcessingApp, src.main.java.MainCarApp];Car
VEHICLE_REGISTRATION;87285714280;veh_17;[src.main.java.CarSendsCamAPP, src.main.java.EventProcessingApp, src.main.java.MainCarApp];Car_0
VEHICLE_UPDATES;88000000000;veh_0;41.00472832945306;-8.642415107534758;0.0;180.29993154303952
VEHICLE_UPDATES;88000000000;veh_1;41.00464103203146;-8.642494964768858;0.0;90.72339311942727
VEHICLE_UPDATES;88000000000;veh_2;41.00472803153335;-8.642377057289726;0.0;180.2998879364582
VEHICLE_UPDATES;88000000000;veh_3;41.00466985630279;-8.642494336411163;0.0;90.72293676843755
VEHICLE_UPDATES;88000000000;veh_4;41.004786591984676;-8.642376336086638;0.0;180.29988793645816
VEHICLE_UPDATES;88000000000;veh_5;41.004642010907986;-8.6425722436268;0.0;90.72339311942727
VEHICLE_UPDATES;88000000000;veh_6;41.00478688688547;-8.642414386343694;0.0;180.29993154303952
VEHICLE_UPDATES;88000000000;veh_7;41.00467083493313;-8.642571632652754;0.0;90.72293676843755
VEHICLE_UPDATES;88000000000;veh_8;41.00484544464601;-8.642413665146934;0.0;180.29993154303912
VEHICLE_UPDATES;88000000000;veh_9;41.00464298973117;-8.642649522364657;0.0;90.7233931194289
VEHICLE_UPDATES;88000000000;veh_10;41.00485050118512;-8.642375549008973;0.594057459680066;180.29988793645816
VEHICLE_UPDATES;88000000000;veh_11;41.00467181351075;-8.642648928826661;0.0;90.72293676843753
VEHICLE_UPDATES;88000000000;veh_12;41.00553641906835;-8.642405906433446;6.438761987803504;180.13491255010234
VEHICLE_UPDATES;88000000000;veh_13;41.004643968677705;-8.642726814934283;0.001819202835404;90.7233931194289
VEHICLE_UPDATES;88000000000;veh_14;41.00604612623501;-8.642401394298318;6.30187784899451;180.19124020941547
VEHICLE_UPDATES;88000000000;veh_15;41.00467705007997;-8.643185943869446;7.371704115007686;89.86843701764892
VEHICLE_UPDATES;89000000000;veh_0;41.00472832945306;-8.642415107534758;0.0;180.29993154303952
VEHICLE_UPDATES;89000000000;veh_1;41.00464103203146;-8.642494964768858;0.0;90.72339311942727
VEHICLE_UPDATES;89000000000;veh_2;41.00472803153335;-8.642377057289726;0.0;180.2998879364582
VEHICLE_UPDATES;89000000000;veh_3;41.00466985630279;-8.642494336411163;0.0;90.72293676843755
VEHICLE_UPDATES;89000000000;veh_4;41.004786591984676;-8.642376336086638;0.0;180.29988793645816
VEHICLE_UPDATES;89000000000;veh_5;41.004642010907986;-8.6425722436268;0.0;90.72339311942727
VEHICLE_UPDATES;89000000000;veh_6;41.00478688688547;-8.642414386343694;0.0;180.29993154303952
VEHICLE_UPDATES;89000000000;veh_7;41.00467083493313;-8.642571632652754;0.0;90.72293676843755
VEHICLE_UPDATES;89000000000;veh_8;41.00484544464601;-8.642413665146934;0.0;180.29993154303912
VEHICLE_UPDATES;89000000000;veh_9;41.00464298973117;-8.642649522364657;0.0;90.7233931194289
VEHICLE_UPDATES;89000000000;veh_10;41.0048463914197;-8.642375599623099;0.456244940710911;180.2998879364582
VEHICLE_UPDATES;89000000000;veh_11;41.00467181351075;-8.642648928826661;0.0;90.72293676843753
VEHICLE_UPDATES;89000000000;veh_12;41.005480789743764;-8.642406380069596;6.175831888742746;180.13491255010234
VEHICLE_UPDATES;89000000000;veh_13;41.004643968588184;-8.6427268078666;0.000594562592783;90.72339311942727
VEHICLE_UPDATES;89000000000;veh_14;41.00599269967017;-8.64240193810555;5.931340557434187;180.21482262857543
VEHICLE_UPDATES;89000000000;veh_15;41.00467693199064;-8.643098876437284;7.321821603469233;89.86843701764892
VEHICLE_UPDATES;90000000000;veh_0;41.00472832945306;-8.642415107534758;0.0;180.29993154303952
VEHICLE_UPDATES;90000000000;veh_1;41.00464103203146;-8.642494964768858;0.0;90.72339311942727
VEHICLE_UPDATES;90000000000;veh_2;41.00472803153335;-8.642377057289726;0.0;180.2998879364582
VEHICLE_UPDATES;90000000000;veh_3;41.00466985630279;-8.642494336411163;0.0;90.72293676843755
VEHICLE_UPDATES;90000000000;veh_4;41.004786591984676;-8.642376336086638;0.0;180.29988793645816
VEHICLE_UPDATES;90000000000;veh_5;41.004642010907986;-8.6425722436268;0.0;90.72339311942727
VEHICLE_UPDATES;90000000000;veh_6;41.00478688688547;-8.642414386343694;0.0;180.29993154303952
VEHICLE_UPDATES;90000000000;veh_7;41.00467083493313;-8.642571632652754;0.0;90.72293676843755
VEHICLE_UPDATES;90000000000;veh_8;41.00484544464601;-8.642413665146934;0.0;180.29993154303912
VEHICLE_UPDATES;90000000000;veh_9;41.00464298973117;-8.642649522364657;0.0;90.7233931194289
VEHICLE_UPDATES;90000000000;veh_10;41.004845478844025;-8.642375610861992;0.101309440315457;180.29988793645816
VEHICLE_UPDATES;90000000000;veh_11;41.00467181351075;-8.642648928826661;0.0;90.72293676843753
VEHICLE_UPDATES;90000000000;veh_12;41.00542821512967;-8.642406827696453;5.836705328301528;180.13491255010234
VEHICLE_UPDATES;90000000000;veh_13;41.004643968533536;-8.642726803551467;0.000363006884105;90.72339311942727
VEHICLE_UPDATES;90000000000;veh_14;41.005937416020124;-8.642402492253508;6.137507004295067;180.18915860941925
VEHICLE_UPDATES;90000000000;veh_15;41.00467646939746;-8.643016745482306;6.907055593665371;90.42678976509087
VEHICLE_UPDATES;90000000000;veh_16;41.00656816860416;-8.642358225911956;6.889012322143876;180.14766920785996
VEHICLE_UPDATES;90000000000;veh_17;41.004649598597105;-8.64397620043136;8.74127443534245;90.16591395568926
VEHICLE_UPDATES;91000000000;veh_0;41.00472832945306;-8.642415107534758;0.0;180.29993154303952
VEHICLE_UPDATES;91000000000;veh_1;41.00464079478912;-8.642472688758044;1.871886881208047;90.65197613626329
VEHICLE_UPDATES;91000000000;veh_2;41.00472803153335;-8.642377057289726;0.0;180.2998879364582
VEHICLE_UPDATES;91000000000;veh_3;41.004669581229834;-8.642467554732761;2.255001980718225;90.62109490951589
VEHICLE_UPDATES;91000000000;veh_4;41.004786591984676;-8.642376336086638;0.0;180.29988793645816
VEHICLE_UPDATES;91000000000;veh_5;41.004642010907986;-8.6425722436268;0.0;90.72339311942727
VEHICLE_UPDATES;91000000000;veh_6;41.00478688688547;-8.642414386343694;0.0;180.29993154303952
VEHICLE_UPDATES;91000000000;veh_7;41.00467083493313;-8.642571632652754;0.0;90.72293676843755
VEHICLE_UPDATES;91000000000;veh_8;41.00484544464601;-8.642413665146934;0.0;180.29993154303912
VEHICLE_UPDATES;91000000000;veh_9;41.00464298973117;-8.642649522364657;0.0;90.7233931194289
VEHICLE_UPDATES;91000000000;veh_10;41.00484516559455;-8.642375614719839;0.03477533753043;180.29988793645816
VEHICLE_UPDATES;91000000000;veh_11;41.00467181351075;-8.642648928826661;0.0;90.72293676843753
VEHICLE_UPDATES;91000000000;veh_12;41.00537792219294;-8.642407255895872;5.583399026967585;180.13491255010234
VEHICLE_UPDATES;91000000000;veh_13;41.0046439685034;-8.642726801172296;0.000200145630581;90.72339311942727
VEHICLE_UPDATES;91000000000;veh_14;41.00588052536827;-8.64240297663715;6.31586180727888;180.13491255010234
VEHICLE_UPDATES;91000000000;veh_15;41.004675363703505;-8.642929386879235;7.3473209389594;90.72293676843755
VEHICLE_UPDATES;91000000000;veh_16;41.00650382940537;-8.642358849392743;7.142489624570349;180.19124020941572
VEHICLE_UPDATES;91000000000;veh_17;41.00464905709102;-8.643873696233712;8.622080360552456;90.16591395568926
VEHICLE_UPDATES;92000000000;veh_0;41.00472832945306;-8.642415107534758;0.0;180.29993154303952
VEHICLE_UPDATES;92000000000;veh_1;41.0046403684858;-8.642421557394437;4.291214669076726;90.39595623630524
VEHICLE_UPDATES;92000000000;veh_2;41.00472803153335;-8.642377057289726;0.0;180.2998879364582
VEHICLE_UPDATES;92000000000;veh_3;41.00466918151153;-8.642419737199882;4.029808825417422;90.39760485622517
VEHICLE_UPDATES;92000000000;veh_4;41.004786591984676;-8.642376336086638;0.0;180.29988793645816
VEHICLE_UPDATES;92000000000;veh_5;41.00464176742363;-8.642553021010404;1.617086087451872;90.72339311942727
VEHICLE_UPDATES;92000000000;veh_6;41.00478688688547;-8.642414386343694;0.0;180.29993154303952
VEHICLE_UPDATES;92000000000;veh_7;41.00467059976375;-8.64255305763527;1.562257580125972;90.72293676843755
VEHICLE_UPDATES;92000000000;veh_8;41.00484544464601;-8.642413665146934;0.0;180.29993154303912
VEHICLE_UPDATES;92000000000;veh_9;41.00464298973117;-8.642649522364657;0.0;90.7233931194289
VEHICLE_UPDATES;92000000000;veh_10;41.00484515698368;-8.642375614825887;0.000955935905546;180.2998879364582
VEHICLE_UPDATES;92000000000;veh_11;41.00467181351075;-8.642648928826661;0.0;90.72293676843753
VEHICLE_UPDATES;92000000000;veh_12;41.00531872751147;-8.64240783613937;6.57169952388946;180.22676969125766
VEHICLE_UPDATES;92000000000;veh_13;41.0046439685034;-8.642726801172296;0.0;90.72339311942727
VEHICLE_UPDATES;92000000000;veh_14;41.00582163278484;-8.642403478064573;6.53811131858226;180.13491255010234
VEHICLE_UPDATES;92000000000;veh_15;41.004674197701284;-8.642837269112523;7.747592102327998;90.72293676843755
VEHICLE_UPDATES;92000000000;veh_16;41.006441762176046;-8.642359458453498;6.890275833394603;180.19124020941572
VEHICLE_UPDATES;92000000000;veh_17;41.00464855996385;-8.643779607911544;7.914184111579482;90.16591395569088
VEHICLE_UPDATES;93000000000;veh_0;41.00472832945306;-8.642415107534758;0.0;180.29993154303952
VEHICLE_UPDATES;93000000000;veh_1;41.00463980598977;-8.64235409506047;5.661796245747246;90.39595623630524
VEHICLE_UPDATES;93000000000;veh_2;41.00472803153335;-8.642377057289726;0.0;180.2998879364582
VEHICLE_UPDATES;93000000000;veh_3;41.00466863160471;-8.642353956782186;5.54362587442156;90.39760485622517
VEHICLE_UPDATES;93000000000;veh_4;41.004786591984676;-8.642376336086638;0.0;180.29988793645816
VEHICLE_UPDATES;93000000000;veh_5;41.004641187391854;-8.642507229652715;3.852158675185029;90.72339311942727
VEHICLE_UPDATES;93000000000;veh_6;41.00478688688547;-8.642414386343694;0.0;180.29993154303952
VEHICLE_UPDATES;93000000000;veh_7;41.0046700239777;-8.642507579772847;3.824929713986151;90.72293676843753
VEHICLE_UPDATES;93000000000;veh_8;41.00484544464601;-8.642413665146934;0.0;180.29993154303912
VEHICLE_UPDATES;93000000000;veh_9;41.00464278243588;-8.642633155922697;1.376812818767285;90.72339311942727
VEHICLE_UPDATES;93000000000;veh_10;41.004845152471;-8.642375614881464;0.000500974010747;180.2998879364586
VEHICLE_UPDATES;93000000000;veh_11;41.00467162624358;-8.642634136596607;1.244105031499993;90.72293676843755
VEHICLE_UPDATES;93000000000;veh_12;41.00526817648911;-8.642408458736881;5.612178485082463;180.29993154303952
VEHICLE_UPDATES;93000000000;veh_13;41.0046439685034;-8.642726801172296;0.0;90.72339311942727
VEHICLE_UPDATES;93000000000;veh_14;41.005764023125394;-8.642403968567598;6.395684153055363;180.13491255010234
VEHICLE_UPDATES;93000000000;veh_15;41.004673253875545;-8.642762708231851;6.270965224980348;90.72293676843753
VEHICLE_UPDATES;93000000000;veh_16;41.00638266112298;-8.642360038405949;6.560991329175645;180.1912402094153
VEHICLE_UPDATES;93000000000;veh_17;41.00464790141874;-8.643671647795726;9.08108489451853;90.30591469581503
VEHICLE_UPDATES;94000000000;veh_0;41.00472832945306;-8.642415107534758;0.0;180.29993154303952
VEHICLE_UPDATES;94000000000;veh_1;41.00463952651123;-8.642273994378687;6.728750480249511;89.77859724990057
VEHICLE_UPDATES;94000000000;veh_2;41.00472803153335;-8.642377057289726;0.0;180.2998879364582
VEHICLE_UPDATES;94000000000;veh_3;41.004668386907994;-8.64225837929424;8.045939514809287;89.6021778161488
VEHICLE_UPDATES;94000000000;veh_4;41.004786591984676;-8.642376336086638;0.0;180.29988793645816
VEHICLE_UPDATES;94000000000;veh_5;41.00464059941003;-8.64244925440435;4.870394715628368;90.49095373625764
VEHICLE_UPDATES;94000000000;veh_6;41.00478688688547;-8.642414386343694;0.0;180.29993154303952
VEHICLE_UPDATES;94000000000;veh_7;41.004669354304994;-8.64244040785814;5.65663407479847;90.43494416613379
VEHICLE_UPDATES;94000000000;veh_8;41.00484544464601;-8.642413665146934;0.0;180.29993154303912
VEHICLE_UPDATES;94000000000;veh_9;41.00464237509644;-8.642600996066854;2.705420174035026;90.72339311942727
VEHICLE_UPDATES;94000000000;veh_10;41.004845152471;-8.642375614881464;0.0;180.2998879364586
VEHICLE_UPDATES;94000000000;veh_11;41.00467117020928;-8.642598115081183;3.029600603292118;90.72293676843755
VEHICLE_UPDATES;94000000000;veh_12;41.00521559241524;-8.642409106372593;5.837887970461511;180.29993154303952
VEHICLE_UPDATES;94000000000;veh_13;41.0046438489808;-8.642717364065026;0.793888483998787;90.72339311942727
VEHICLE_UPDATES;94000000000;veh_14;41.005710429050566;-8.642404424879837;5.949883665265107;180.13491255010274
VEHICLE_UPDATES;94000000000;veh_15;41.0046726060676;-8.642711534540407;4.303978782991281;90.72293676843755
VEHICLE_UPDATES;94000000000;veh_16;41.00632023885554;-8.642360650947584;6.929689568921217;180.1912402094153
VEHICLE_UPDATES;94000000000;veh_17;41.00464792492952;-8.643574090767881;8.205877649424759;89.57905898949569
VEHICLE_UPDATES;95000000000;veh_0;41.00472832945306;-8.642415107534758;0.0;180.29993154303952
VEHICLE_UPDATES;95000000000;veh_1;41.00463971382188;-8.642187093347282;7.307932197958218;89.60223657677096
VEHICLE_UPDATES;95000000000;veh_2;41.00472803153335;-8.642377057289726;0.0;180.2998879364582
VEHICLE_UPDATES;95000000000;veh_3;41.00466858678383;-8.642165675153713;7.797092271061869;89.6021778161488
VEHICLE_UPDATES;95000000000;veh_4;41.004786591984676;-8.642376336086638;0.0;180.29988793645816
VEHICLE_UPDATES;95000000000;veh_5;41.00463985819103;-8.642360355560877;7.460861579290373;90.39595623630524
VEHICLE_UPDATES;95000000000;veh_6;41.00478688688547;-8.642414386343694;0.0;180.29993154303952
VEHICLE_UPDATES;95000000000;veh_7;41.004668552152054;-8.642344452945137;8.086572815873344;90.39760485622517
VEHICLE_UPDATES;95000000000;veh_8;41.00484544464601;-8.642413665146934;0.0;180.29993154303912
VEHICLE_UPDATES;95000000000;veh_9;41.00464169715947;-8.642547473838743;4.502511427625796;90.72339311942727
VEHICLE_UPDATES;95000000000;veh_10;41.004845152471;-8.642375614881464;0.0;180.2998879364586
VEHICLE_UPDATES;95000000000;veh_11;41.00467033685464;-8.642532291857167;5.536082570297066;90.72293676843755
VEHICLE_UPDATES;95000000000;veh_12;41.00515590596988;-8.642409841480879;6.626393739516847;180.29993154303952
VEHICLE_UPDATES;95000000000;veh_13;41.004643367724725;-8.642679366301618;3.196529004082557;90.72339311942727
VEHICLE_UPDATES;95000000000;veh_14;41.00564690574237;-8.642404965730481;7.052202899991125;180.13491255010234
VEHICLE_UPDATES;95000000000;veh_15;41.00467215600564;-8.642675982881117;2.990083105485316;90.72293676843755
VEHICLE_UPDATES;95000000000;veh_16;41.00625904506529;-8.642399305093107;6.818361409695113;180.19124020941547
VEHICLE_UPDATES;95000000000;veh_17;41.00464818859668;-8.643467476418643;8.967633488903914;89.57905898949569
VEHICLE_UPDATES;96000000000;veh_0;41.00472832945306;-8.642415107534758;0.0;180.29993154303952
VEHICLE_UPDATES;96000000000;veh_1;41.004639911453175;-8.642095371178714;7.713365168826641;89.60223657677096
VEHICLE_UPDATES;96000000000;veh_2;41.00472803153335;-8.642377057289726;0.0;180.2998879364582
VEHICLE_UPDATES;96000000000;veh_3;41.00466878526541;-8.642073583432904;7.745583317895675;89.60217781615042
VEHICLE_UPDATES;96000000000;veh_4;41.004786591984676;-8.642376336086638;0.0;180.29988793645816
VEHICLE_UPDATES;96000000000;veh_5;41.004639506871435;-8.642283104317322;6.48806558830522;89.93073062060235
VEHICLE_UPDATES;96000000000;veh_6;41.00478688688547;-8.642414386343694;0.0;180.29993154303952
VEHICLE_UPDATES;96000000000;veh_7;41.00466840027342;-8.642252181374833;7.766296445532963;89.60217781614881
VEHICLE_UPDATES;96000000000;veh_8;41.00484544464601;-8.642413665146934;0.0;180.29993154303912
VEHICLE_UPDATES;96000000000;veh_9;41.00464075716928;-8.642468176478513;6.667861727373457;90.62094317648082
VEHICLE_UPDATES;96000000000;veh_10;41.004845152471;-8.642375614881464;0.0;180.2998879364586
VEHICLE_UPDATES;96000000000;veh_11;41.00466933482192;-8.642438077147725;7.931471545175072;90.41894138291036
VEHICLE_UPDATES;96000000000;veh_12;41.005103999964646;-8.642410480762559;5.762608624446206;180.29993154303952
VEHICLE_UPDATES;96000000000;veh_13;41.00464271662246;-8.642627959840322;4.324524210537561;90.72339311942727
VEHICLE_UPDATES;96000000000;veh_14;41.005592635818765;-8.642405427794712;6.024914628574216;180.13491255010234
VEHICLE_UPDATES;96000000000;veh_15;41.00467148971353;-8.64262335218438;4.426520825755201;90.72293676843755
VEHICLE_UPDATES;96000000000;veh_16;41.00619591717622;-8.642399924519413;7.008352933020555;180.19124020941547
VEHICLE_UPDATES;96000000000;veh_17;41.00464844485241;-8.64336382066363;8.718777775847514;89.57905898949569
VEHICLE_UPDATES;97000000000;veh_0;41.00472832945306;-8.642415107534758;0.0;180.29993154303952
VEHICLE_UPDATES;97000000000;veh_1;41.00464009415903;-8.642010545863819;7.133375054112622;89.60223657676934
VEHICLE_UPDATES;97000000000;veh_2;41.00472803153335;-8.642377057289726;0.0;180.2998879364582
VEHICLE_UPDATES;97000000000;veh_3;41.00466898827135;-8.641979357167545;7.925114032650622;89.6021778161488
VEHICLE_UPDATES;97000000000;veh_4;41.004786591984676;-8.642376336086638;0.0;180.29988793645816
VEHICLE_UPDATES;97000000000;veh_5;41.004639695437945;-8.642195623742564;7.356668829369571;89.60223657676934
VEHICLE_UPDATES;97000000000;veh_6;41.00478688688547;-8.642414386343694;0.0;180.29993154303952
VEHICLE_UPDATES;97000000000;veh_7;41.004668581164985;-8.642168281696655;7.056572969992438;89.60217781615042
VEHICLE_UPDATES;97000000000;veh_8;41.00484544464601;-8.642413665146934;0.0;180.29993154303912
VEHICLE_UPDATES;97000000000;veh_9;41.004640095923705;-8.642388867371324;6.656040092206258;90.39595623630524
VEHICLE_UPDATES;97000000000;veh_10;41.004845152471;-8.642375614881464;0.0;180.2998879364586
VEHICLE_UPDATES;97000000000;veh_11;41.00466850271307;-8.642338539282004;8.388525141072442;90.39760485622517
VEHICLE_UPDATES;97000000000;veh_12;41.00504995640608;-8.642411146369264;5.999919897886925;180.29993154303912
VEHICLE_UPDATES;97000000000;veh_13;41.00464172996661;-8.642550063873475;6.552931202125984;90.72339311942727
VEHICLE_UPDATES;97000000000;veh_14;41.005536135616445;-8.642405908846799;6.27251467160374;180.13491255010234
VEHICLE_UPDATES;97000000000;veh_15;41.004670522154655;-8.642546927678262;6.427706616437412;90.72293676843753
VEHICLE_UPDATES;97000000000;veh_16;41.0061393894846;-8.642400479181589;6.275609959277549;180.19124020941547
VEHICLE_UPDATES;97000000000;veh_17;41.00464831902618;-8.643256029348498;9.066599284661162;89.86833624206884
VEHICLE_REGISTRATION;97571428565;veh_18;[src.main.java.CarSendsCamAPP, src.main.java.EventProcessingApp, src.main.java.MainCarApp];Car
VEHICLE_REGISTRATION;97571428565;veh_19;[src.main.java.CarSendsCamAPP, src.main.java.EventProcessingApp, src.main.java.MainCarApp];Car_0
VEHICLE_UPDATES;98000000000;veh_0;41.00472832945306;-8.642415107534758;0.0;180.29993154303952
VEHICLE_UPDATES;98000000000;veh_1;41.00464028883345;-8.64192013197307;7.60334569309278;89.60223657677096
VEHICLE_UPDATES;98000000000;veh_2;41.00472803153335;-8.642377057289726;0.0;180.2998879364582
VEHICLE_UPDATES;98000000000;veh_3;41.00466918575392;-8.641887660280611;7.712374914019624;89.60217781614881
VEHICLE_UPDATES;98000000000;veh_4;41.004786591984676;-8.642376336086638;0.0;180.29988793645816
VEHICLE_UPDATES;98000000000;veh_5;41.004639888002906;-8.642106256396607;7.515336633527286;89.60223657676934
VEHICLE_UPDATES;98000000000;veh_6;41.00478688688547;-8.642414386343694;0.0;180.29993154303952
VEHICLE_UPDATES;98000000000;veh_7;41.0046687669334;-8.642082090576109;7.249299932760628;89.6021778161488
VEHICLE_UPDATES;98000000000;veh_8;41.00484544464601;-8.642413665146934;0.0;180.29993154303912
VEHICLE_UPDATES;98000000000;veh_9;41.00463949220794;-8.642289905776753;8.308959741437185;90.04423495676836
VEHICLE_UPDATES;98000000000;veh_10;41.004845152471;-8.642375614881464;0.0;180.2998879364586
VEHICLE_UPDATES;98000000000;veh_11;41.00466839255515;-8.642255760565163;6.96688823929115;89.6021778161488
VEHICLE_UPDATES;98000000000;veh_12;41.004991374670176;-8.642411867867091;6.50374862121977;180.29993154303952
VEHICLE_UPDATES;98000000000;veh_13;41.0046408855282;-8.642483399204153;5.608108139938135;90.72339311942727
VEHICLE_UPDATES;98000000000;veh_14;41.00547650900388;-8.64240641651639;6.619601045855844;180.13491255010234
VEHICLE_UPDATES;98000000000;veh_15;41.00466949062734;-8.642456715922739;7.591644409496019;90.54682467654294
VEHICLE_UPDATES;98000000000;veh_16;41.00608168113718;-8.64240104542728;6.406684329651521;180.19124020941547
VEHICLE_UPDATES;98000000000;veh_17;41.004648187740244;-8.643159096343727;8.153278030025934;89.86833624206884
VEHICLE_UPDATES;99000000000;veh_0;41.00472832945306;-8.642415107534758;0.0;180.29993154303952
VEHICLE_UPDATES;99000000000;veh_1;41.00464046584693;-8.641837891857797;6.9159729873333;89.60223657676934
VEHICLE_UPDATES;99000000000;veh_2;41.00472803153335;-8.642377057289726;0.0;180.2998879364582
VEHICLE_UPDATES;99000000000;veh_3;41.00466938916214;-8.641793176506487;7.946772387950936;89.6021778161488
VEHICLE_UPDATES;99000000000;veh_4;41.004786591984676;-8.642376336086638;0.0;180.29988793645816
VEHICLE_UPDATES;99000000000;veh_5;41.00464009006814;-8.642012445469238;7.889019096985736;89.60223657677096
VEHICLE_UPDATES;99000000000;veh_6;41.00478688688547;-8.642414386343694;0.0;180.29993154303952
VEHICLE_UPDATES;99000000000;veh_7;41.00466897810595;-8.641984076343876;8.243709589052456;89.60217781615042
VEHICLE_UPDATES;99000000000;veh_8;41.00484544464601;-8.642413665146934;0.0;180.29993154303912
VEHICLE_UPDATES;99000000000;veh_9;41.00463969966353;-8.64219366304513;8.093521398989163;89.60223657676934
VEHICLE_UPDATES;99000000000;veh_10;41.004845152471;-8.642375614881464;0.0;180.2998879364586
VEHICLE_UPDATES;99000000000;veh_11;41.004668587731516;-8.64216523552113;7.61381441157907;89.60217781614881
VEHICLE_UPDATES;99000000000;veh_12;41.00493911146347;-8.642412511543956;5.802264991156758;180.29993154303952
VEHICLE_UPDATES;99000000000;veh_13;41.00464018150189;-8.642399131162028;7.072286471483689;90.39595623630524
VEHICLE_UPDATES;99000000000;veh_14;41.005416165291564;-8.642406930290143;6.699211641358734;180.13491255010234
VEHICLE_UPDATES;99000000000;veh_15;41.00466878148573;-8.642371885257372;7.149079982621277;90.39760485622517
VEHICLE_UPDATES;99000000000;veh_16;41.00601640929499;-8.64240168893067;7.246372776629628;180.1949079653691
VEHICLE_UPDATES;99000000000;veh_17;41.004648061940166;-8.64306627013972;7.80784479890873;89.86833624206884
VEHICLE_UPDATES;100000000000;veh_0;41.00472832945306;-8.642415107534758;0.0;180.29993154303952
VEHICLE_UPDATES;100000000000;veh_1;41.00464064071453;-8.641756621931979;6.834385015935624;89.60223657676934
VEHICLE_UPDATES;100000000000;veh_2;41.00472803153335;-8.642377057289726;0.0;180.2998879364582
VEHICLE_UPDATES;100000000000;veh_3;41.00466959461223;-8.641697707735098;8.029617817910644;89.60217781614881
VEHICLE_UPDATES;100000000000;veh_4;41.004786591984676;-8.642376336086638;0.0;180.29988793645816
VEHICLE_UPDATES;100000000000;veh_5;41.00464027952507;-8.64192445587325;7.39947490541836;89.60223657676934
VEHICLE_UPDATES;100000000000;veh_6;41.00478688688547;-8.642414386343694;0.0;180.29993154303952
VEHICLE_UPDATES;100000000000;veh_7;41.0046691856481;-8.641887709427689;8.105158329941773;89.6021778161488
VEHICLE_UPDATES;100000000000;veh_8;41.00484544464601;-8.642413665146934;0.0;180.29993154303912
VEHICLE_UPDATES;100000000000;veh_9;41.00463990170568;-8.642099895857605;7.885340801795315;89.60223657676934
VEHICLE_UPDATES;100000000000;veh_10;41.004845152471;-8.642375614881464;0.0;180.2998879364586
VEHICLE_UPDATES;100000000000;veh_11;41.004668795921845;-8.642068638083463;8.124546866566815;89.6021778161488
VEHICLE_UPDATES;100000000000;veh_12;41.00490561339787;-8.642412924107497;3.718957637732301;180.29993154303952
VEHICLE_UPDATES;100000000000;veh_13;41.00463946357297;-8.642303187175468;8.053453706267144;90.26568212948828
VEHICLE_UPDATES;100000000000;veh_14;41.005363335789625;-8.642407380085888;5.865002288440765;180.13491255010234
VEHICLE_UPDATES;100000000000;veh_15;41.00466833900014;-8.642280594233776;7.688418700929413;89.88720268870514
VEHICLE_UPDATES;100000000000;veh_16;41.00594995603694;-8.642402385483978;7.377558416954466;180.2192956647841
VEHICLE_UPDATES;100000000000;veh_17;41.00464698197109;-8.642964754741481;8.53968285770544;90.72339311942727
VEHICLE_UPDATES;100000000000;veh_18;41.00656395438275;-8.642358263035218;7.356843621989864;180.14766920786036
VEHICLE_UPDATES;100000000000;veh_19;41.00467850163133;-8.64399062034535;7.503625267891326;90.16591395568992
VEHICLE_UPDATES;101000000000;veh_0;41.00472832945306;-8.642415107534758;0.0;180.29993154303952
VEHICLE_UPDATES;101000000000;veh_1;41.004640812377005;-8.641676815676941;6.711297789243036;89.60223657676934
VEHICLE_UPDATES;101000000000;veh_2;41.00472803153335;-8.642377057289726;0.0;180.2998879364582
VEHICLE_UPDATES;101000000000;veh_3;41.00466981831483;-8.641593715564422;8.746497668303805;89.6021778161488
VEHICLE_UPDATES;101000000000;veh_4;41.004786591984676;-8.642376336086638;0.0;180.29988793645816
VEHICLE_UPDATES;101000000000;veh_5;41.004640461750874;-8.641839795185447;7.119530754578358;89.60223657676934
VEHICLE_UPDATES;101000000000;veh_6;41.00478688688547;-8.642414386343694;0.0;180.29993154303952
VEHICLE_UPDATES;101000000000;veh_7;41.004669374226125;-8.641800115556821;7.367281428236024;89.6021778161488
VEHICLE_UPDATES;101000000000;veh_8;41.00484544464601;-8.642413665146934;0.0;180.29993154303912
VEHICLE_UPDATES;101000000000;veh_9;41.00464010169523;-8.642007046390088;7.808165241794335;89.60223657676934
VEHICLE_UPDATES;101000000000;veh_10;41.004845152471;-8.642375614881464;0.0;180.2998879364586
VEHICLE_UPDATES;101000000000;veh_11;41.00466898722983;-8.641979840684392;7.46850690474101;89.6021778161488
VEHICLE_UPDATES;101000000000;veh_12;41.0049046945318;-8.64241293542428;0.102012576245065;180.29993154303952
VEHICLE_UPDATES;101000000000;veh_13;41.004639666218736;-8.642209181260199;7.905416586382167;89.60223657676934
VEHICLE_UPDATES;101000000000;veh_14;41.005309307037635;-8.642407952164092;5.998214405988866;180.26991646972792
VEHICLE_UPDATES;101000000000;veh_15;41.00466852948432;-8.642192254697825;7.429997291659618;89.60217781614881
VEHICLE_UPDATES;101000000000;veh_16;41.00589021808004;-8.642402894110653;6.631962704204247;180.13491255010234
VEHICLE_UPDATES;101000000000;veh_17;41.00464576561038;-8.642868702127657;8.080342331565145;90.72339311942727
VEHICLE_UPDATES;101000000000;veh_18;41.00649796857535;-8.642358906904667;7.325287265850382;180.19124020941572
VEHICLE_UPDATES;101000000000;veh_19;41.004677974488644;-8.643890832464203;8.391721090798379;90.16591395568828
VEHICLE_UPDATES;102000000000;veh_0;41.00472832945306;-8.642415107534758;0.0;180.29993154303952
VEHICLE_UPDATES;102000000000;veh_1;41.00464101026928;-8.641584783241914;7.739456980120377;89.60223657676934
VEHICLE_UPDATES;102000000000;veh_2;41.00472803153335;-8.642377057289726;0.0;180.2998879364582
VEHICLE_UPDATES;102000000000;veh_3;41.00466995600796;-8.641529684738988;5.385457978297952;89.6021778161488
VEHICLE_UPDATES;102000000000;veh_4;41.004786591984676;-8.642376336086638;0.0;180.29988793645816
VEHICLE_UPDATES;102000000000;veh_5;41.004640614748155;-8.641768691517239;5.979454757493943;89.60223657677096
VEHICLE_UPDATES;102000000000;veh_6;41.00478688688547;-8.642414386343694;0.0;180.29993154303952
VEHICLE_UPDATES;102000000000;veh_7;41.004669575148576;-8.641706753706423;7.852410443546692;89.60217781615042
VEHICLE_UPDATES;102000000000;veh_8;41.00484544464601;-8.642413665146934;0.0;180.29993154303912
VEHICLE_UPDATES;102000000000;veh_9;41.004640286870874;-8.641921043632681;7.232391944281587;89.60223657676934
VEHICLE_UPDATES;102000000000;veh_10;41.004845152471;-8.642375614881464;0.0;180.2998879364586
VEHICLE_UPDATES;102000000000;veh_11;41.00466916327601;-8.641898099134997;6.875058642357438;89.60217781615044
VEHICLE_UPDATES;102000000000;veh_12;41.00490424122736;-8.642412941007192;0.050325891825049;180.29993154303952
VEHICLE_UPDATES;102000000000;veh_13;41.00463987344816;-8.642113012217873;8.087324504081012;89.60223657677096
VEHICLE_UPDATES;102000000000;veh_14;41.005252264608046;-8.642408654710854;6.332855011829698;180.29993154303912
VEHICLE_UPDATES;102000000000;veh_15;41.00466871767775;-8.642104946667775;7.343240143416131;89.60217781615044
VEHICLE_UPDATES;102000000000;veh_16;41.00582705203092;-8.642403431923695;7.012541090312639;180.13491255010234
VEHICLE_UPDATES;102000000000;veh_17;41.00464443428017;-8.64276357794065;8.843480906369326;90.72339311942727
VEHICLE_UPDATES;102000000000;veh_18;41.00643053260905;-8.642359568648175;7.486275982398691;180.1912402094153
VEHICLE_UPDATES;102000000000;veh_19;41.004677473614784;-8.643796032406934;7.972267253471651;90.16591395568992
VEHICLE_UPDATES;103000000000;veh_0;41.00472832945306;-8.642415107534758;0.0;180.29993154303952
VEHICLE_UPDATES;103000000000;veh_1;41.00464113862004;-8.641525073735163;5.021264063797466;89.60223657677096
VEHICLE_UPDATES;103000000000;veh_2;41.00472803153335;-8.642377057289726;0.0;180.2998879364582
VEHICLE_UPDATES;103000000000;veh_3;41.004669827389144;-8.641436855936924;7.798787118837232;89.96029399144821
VEHICLE_UPDATES;103000000000;veh_4;41.004786591984676;-8.642376336086638;0.0;180.29988793645816
VEHICLE_UPDATES;103000000000;veh_5;41.004640802312394;-8.641681495448653;7.332743305371149;89.60223657677096
VEHICLE_UPDATES;103000000000;veh_6;41.00478688688547;-8.642414386343694;0.0;180.29993154303952
VEHICLE_UPDATES;103000000000;veh_7;41.00466971865059;-8.641640051664943;5.610126671161262;89.60217781614881
VEHICLE_UPDATES;103000000000;veh_8;41.00484544464601;-8.642413665146934;0.0;180.29993154303912
VEHICLE_UPDATES;103000000000;veh_9;41.004640425028725;-8.641856858333432;5.397655321129039;89.60223657676934
VEHICLE_UPDATES;103000000000;veh_10;41.004845152471;-8.642375614881464;0.0;180.2998879364586
VEHICLE_UPDATES;103000000000;veh_11;41.00466938529623;-8.641794972562908;8.673694538221376;89.6021778161488
VEHICLE_UPDATES;103000000000;veh_12;41.00490406051712;-8.642412943232827;0.020062463111419;180.29993154303952
VEHICLE_UPDATES;103000000000;veh_13;41.00464006760792;-8.64202287462043;7.580110841609391;89.60223657676934
VEHICLE_UPDATES;103000000000;veh_14;41.00519410491712;-8.642409371016427;6.456893386602924;180.29993154303952
VEHICLE_UPDATES;103000000000;veh_15;41.00466889057839;-8.64202470633227;6.748795641480627;89.6021778161488
VEHICLE_UPDATES;103000000000;veh_16;41.00576201545671;-8.64240398566137;7.22020215174392;180.13491255010234
VEHICLE_UPDATES;103000000000;veh_17;41.00464317970938;-8.642664521744711;8.333016808111381;90.72339311942727
VEHICLE_UPDATES;103000000000;veh_18;41.00636396896921;-8.6423602218298;7.389436227672885;180.1912402094153
VEHICLE_UPDATES;103000000000;veh_19;41.004676958870334;-8.643702126656;7.897077616917082;90.1953591429338
VEHICLE_UPDATES;104000000000;veh_0;41.00472832945306;-8.642415107534758;0.0;180.29993154303952
VEHICLE_UPDATES;104000000000;veh_1;41.00464102343017;-8.641445488531845;6.699907550585963;89.96018362036888
VEHICLE_UPDATES;104000000000;veh_2;41.00472803153335;-8.642377057289726;0.0;180.2998879364582
VEHICLE_UPDATES;104000000000;veh_3;41.004669563781185;-8.641334921637789;8.560488112830813;89.96029399144659
VEHICLE_UPDATES;104000000000;veh_4;41.004786591984676;-8.642376336086638;0.0;180.29988793645816
VEHICLE_UPDATES;104000000000;veh_5;41.00464094852373;-8.641613502502542;5.717858940141329;89.60223657676934
VEHICLE_UPDATES;104000000000;veh_6;41.00478688688547;-8.642414386343694;0.0;180.29993154303952
VEHICLE_UPDATES;104000000000;veh_7;41.00466990625882;-8.641552821266655;7.336710736708596;89.6021778161488
VEHICLE_UPDATES;104000000000;veh_8;41.00484544464601;-8.642413665146934;0.0;180.29993154303912
VEHICLE_UPDATES;104000000000;veh_9;41.00464062313334;-8.641764794015948;7.74213813527552;89.60223657676934
VEHICLE_UPDATES;104000000000;veh_10;41.004845152471;-8.642375614881464;0.0;180.2998879364586
VEHICLE_UPDATES;104000000000;veh_11;41.004669521354586;-8.641731753390022;5.317192100345001;89.60217781615042
VEHICLE_UPDATES;104000000000;veh_12;41.00490401041155;-8.642412943849928;0.005562723936264;180.29993154303952
VEHICLE_UPDATES;104000000000;veh_13;41.00464020156144;-8.641960668346046;5.231229455283158;89.60223657676934
VEHICLE_UPDATES;104000000000;veh_14;41.00514173506604;-8.642410016011857;5.814104864168503;180.29993154303952
VEHICLE_UPDATES;104000000000;veh_15;41.004669077837235;-8.641937773326877;7.311697839490751;89.60217781614881
VEHICLE_UPDATES;104000000000;veh_16;41.005702615990124;-8.642404491401937;6.594384114711771;180.13491255010234
VEHICLE_UPDATES;104000000000;veh_17;41.004641977064686;-8.642569571749299;7.987586585026395;90.72339311942727
VEHICLE_UPDATES;104000000000;veh_18;41.00630083457676;-8.642360841358938;7.008744752205128;180.19124020941572
VEHICLE_UPDATES;104000000000;veh_19;41.00467667611869;-8.643604132305494;8.240932627542058;89.60986836425651
VEHICLE_UPDATES;105000000000;veh_0;41.00472832945306;-8.642415107534758;0.0;180.29993154303952
VEHICLE_UPDATES;105000000000;veh_1;41.00464079556823;-8.641357322454526;7.424811425482841;89.96018362036725
VEHICLE_UPDATES;105000000000;veh_2;41.00472803153335;-8.642377057289726;0.0;180.2998879364582
VEHICLE_UPDATES;105000000000;veh_3;41.00466913519653;-8.641240602054197;7.93204461757678;90.10884960452657
VEHICLE_UPDATES;105000000000;veh_4;41.004786591984676;-8.642376336086638;0.0;180.29988793645816
VEHICLE_UPDATES;105000000000;veh_5;41.004641106878644;-8.641539841348935;6.194526192702381;89.60223657676934
VEHICLE_UPDATES;105000000000;veh_6;41.00478688688547;-8.642414386343694;0.0;180.29993154303952
VEHICLE_UPDATES;105000000000;veh_7;41.00466989388001;-8.641462572735632;7.585029059742087;89.92997893381516
VEHICLE_UPDATES;105000000000;veh_8;41.00484544464601;-8.642413665146934;0.0;180.29993154303912
VEHICLE_UPDATES;105000000000;veh_9;41.00464076364488;-8.641699473963934;5.493082221258339;89.60223657676934
VEHICLE_UPDATES;105000000000;veh_10;41.004845152471;-8.642375614881464;0.0;180.2998879364586
VEHICLE_UPDATES;105000000000;veh_11;41.00466971225846;-8.641643023210774;7.462853221998395;89.60217781614881
VEHICLE_UPDATES;105000000000;veh_12;41.00490400303532;-8.642412943940775;0.000818908890259;180.29993154303952
VEHICLE_UPDATES;105000000000;veh_13;41.00464039640451;-8.641870157917738;7.611464006829321;89.60223657676934
VEHICLE_UPDATES;105000000000;veh_14;41.005082109241805;-8.642410750371399;6.619663492641003;180.29993154303952
VEHICLE_UPDATES;105000000000;veh_15;41.004669253971635;-8.641855976940652;6.879670817648674;89.6021778161488
VEHICLE_UPDATES;105000000000;veh_16;41.005635548391126;-8.642405062429173;7.445681417931096;180.13491255010234
VEHICLE_UPDATES;105000000000;veh_17;41.00464119544387;-8.642507865319194;5.191000466816323;90.72339311942727
VEHICLE_UPDATES;105000000000;veh_18;41.00623860440205;-8.642399505662077;6.933520578973146;180.19124020941547
VEHICLE_UPDATES;105000000000;veh_19;41.00467689588645;-8.64351536237603;7.465018611199335;89.57888711287109
VEHICLE_UPDATES;106000000000;veh_0;41.00472832945306;-8.642415107534758;0.0;180.29993154303952
VEHICLE_UPDATES;106000000000;veh_1;41.00464041923077;-8.641264922441964;7.773261142362827;90.1088496045282
VEHICLE_UPDATES;106000000000;veh_2;41.00472803153335;-8.642377057289726;0.0;180.2998879364582
VEHICLE_UPDATES;106000000000;veh_3;41.00466866107993;-8.6411364460469;8.759308418656023;90.10884960452657
VEHICLE_UPDATES;106000000000;veh_4;41.004786591984676;-8.642376336086638;0.0;180.29988793645816
VEHICLE_UPDATES;106000000000;veh_5;41.00464105036293;-8.641455911280291;7.064047772461548;89.96018362036888
VEHICLE_UPDATES;106000000000;veh_6;41.00478688688547;-8.642414386343694;0.0;180.29993154303952
VEHICLE_UPDATES;106000000000;veh_7;41.004669665065535;-8.641374083063212;7.431402303488435;89.96029399144659
VEHICLE_UPDATES;106000000000;veh_8;41.00484544464601;-8.642413665146934;0.0;180.29993154303912
VEHICLE_UPDATES;106000000000;veh_9;41.004640902529474;-8.641634893313629;5.430902319289699;89.60223657676934
VEHICLE_UPDATES;106000000000;veh_10;41.004845152471;-8.642375614881464;0.0;180.2998879364586
VEHICLE_UPDATES;106000000000;veh_11;41.00466989643577;-8.641557389362113;7.202429304783232;89.6021778161488
VEHICLE_UPDATES;106000000000;veh_12;41.00490400185679;-8.64241294395529;0.000130840959366;180.29993154303912
VEHICLE_UPDATES;106000000000;veh_13;41.004640563047694;-8.641792720973061;6.512050910478037;89.60223657676934
VEHICLE_UPDATES;106000000000;veh_14;41.005022092011906;-8.642411489549808;6.663117306008526;180.29993154303952
VEHICLE_UPDATES;106000000000;veh_15;41.00466945327476;-8.641763388533446;7.787358248593899;89.6021778161488
VEHICLE_UPDATES;106000000000;veh_16;41.0055748815572;-8.642405578957563;6.735084000520633;180.13491255010234
VEHICLE_UPDATES;106000000000;veh_17;41.00464105382023;-8.642496684871395;0.94054558965439;90.72339311942727
VEHICLE_UPDATES;106000000000;veh_18;41.006168299625436;-8.642400195509074;7.80511898478322;180.19124020941587
VEHICLE_UPDATES;106000000000;veh_19;41.00467711785193;-8.643425676673136;7.542029655150251;89.57888711287109
VEHICLE_UPDATES;107000000000;veh_0;41.00472832945306;-8.642415107534758;0.0;180.29993154303952
VEHICLE_UPDATES;107000000000;veh_1;41.004639997270964;-8.641172219160689;7.796160799175487;90.10884960452657
VEHICLE_UPDATES;107000000000;veh_2;41.00472803153335;-8.642377057289726;0.0;180.2998879364582
VEHICLE_UPDATES;107000000000;veh_3;41.00466820202092;-8.64103561764786;8.479463504581968;90.10884960452657
VEHICLE_UPDATES;107000000000;veh_4;41.004786591984676;-8.642376336086638;0.0;180.29988793645816
VEHICLE_UPDATES;107000000000;veh_5;41.00464081549507;-8.641365031658992;7.653329605134198;89.96018362036888
VEHICLE_UPDATES;107000000000;veh_6;41.00478688688547;-8.642414386343694;0.0;180.29993154303952
VEHICLE_UPDATES;107000000000;veh_7;41.00466929365239;-8.641275416940363;8.292977593327382;90.10884960452657
VEHICLE_UPDATES;107000000000;veh_8;41.00484544464601;-8.642413665146934;0.0;180.29993154303912
VEHICLE_UPDATES;107000000000;veh_9;41.00464109377642;-8.641545936878165;7.480781151845096;89.60223657676934
VEHICLE_UPDATES;107000000000;veh_10;41.004845152471;-8.642375614881464;0.0;180.2998879364586
VEHICLE_UPDATES;107000000000;veh_11;41.004669920661556;-8.641472931704648;7.099288252290599;89.85216523249673
VEHICLE_UPDATES;107000000000;veh_12;41.00490400185679;-8.64241294395529;0.0;180.29993154303912
VEHICLE_UPDATES;107000000000;veh_13;41.004640715227836;-8.641721983691971;5.948643474430568;89.60223657676934
VEHICLE_UPDATES;107000000000;veh_14;41.004980433761816;-8.642373948810297;4.593162918402614;180.29988793645816
VEHICLE_UPDATES;107000000000;veh_15;41.00466963791417;-8.641677581455616;7.21699913992701;89.60217781615042
VEHICLE_UPDATES;107000000000;veh_16;41.00551666172252;-8.642406074650488;6.463424043508471;180.13491255010234
VEHICLE_UPDATES;107000000000;veh_17;41.00464104113995;-8.642495683833323;0.084211470080556;90.7233931194289
VEHICLE_UPDATES;107000000000;veh_18;41.006099394557836;-8.642400871619845;7.649725530513713;180.19124020941587
VEHICLE_UPDATES;107000000000;veh_19;41.004677246485365;-8.643330861359436;7.973390458997452;89.74735599192398
VEHICLE_REGISTRATION;107857142850;veh_20;[src.main.java.CarSendsCamAPP, src.main.java.EventProcessingApp, src.main.java.MainCarApp];Car
VEHICLE_REGISTRATION;107857142850;veh_21;[src.main.java.CarSendsCamAPP, src.main.java.EventProcessingApp, src.main.java.MainCarApp];Car_0
VEHICLE_UPDATES;108000000000;veh_0;41.00472832945306;-8.642415107534758;0.0;180.29993154303952
VEHICLE_UPDATES;108000000000;veh_1;41.00463959419306;-8.64108367946687;7.446011544697905;90.10884960452657
VEHICLE_UPDATES;108000000000;veh_2;41.00472803153335;-8.642377057289726;0.0;180.2998879364582
VEHICLE_UPDATES;108000000000;veh_3;41.004667772770006;-8.640941353868085;7.927392516868444;90.1088496045282
VEHICLE_UPDATES;108000000000;veh_4;41.004786591984676;-8.642376336086638;0.0;180.29988793645816
VEHICLE_UPDATES;108000000000;veh_5;41.00464044440032;-8.641270452632835;7.957405510693314;90.10884960452657
VEHICLE_UPDATES;108000000000;veh_6;41.00478688688547;-8.642414386343694;0.0;180.29993154303952
VEHICLE_UPDATES;108000000000;veh_7;41.0046688407617;-8.64117591689071;8.36775178636934;90.10884960452657
VEHICLE_UPDATES;108000000000;veh_8;41.00484544464601;-8.642413665146934;0.0;180.29993154303912
VEHICLE_UPDATES;108000000000;veh_9;41.00464103793864;-8.641451103140922;7.981562883262961;89.96018362036725
VEHICLE_UPDATES;108000000000;veh_10;41.004845152471;-8.642375614881464;0.0;180.2998879364586
VEHICLE_UPDATES;108000000000;veh_11;41.00466965291395;-8.64136938439746;8.695949208563125;89.96029399144821
VEHICLE_UPDATES;108000000000;veh_12;41.00490400185679;-8.64241294395529;0.0;180.29993154303912
VEHICLE_UPDATES;108000000000;veh_13;41.00464090619148;-8.64163319026916;7.46707262333239;89.60223657676934
VEHICLE_UPDATES;108000000000;veh_14;41.004930062453646;-8.642374569164549;5.591962694840549;180.29988793645816
VEHICLE_UPDATES;108000000000;veh_15;41.00466981204096;-8.641596632681335;6.808380485569741;89.6021778161488
VEHICLE_UPDATES;108000000000;veh_16;41.00544978864614;-8.642406644016953;7.424085747927652;180.13491255010274
VEHICLE_UPDATES;108000000000;veh_17;41.00464103225121;-8.642494982116343;0.059031339743831;90.72339311942727
VEHICLE_UPDATES;108000000000;veh_18;41.006030443414204;-8.64240154818079;7.654840723805281;180.19124020941547
VEHICLE_UPDATES;108000000000;veh_19;41.004677123668166;-8.643240225085068;7.621938599141428;89.86843701764728
VEHICLE_UPDATES;109000000000;veh_0;41.00472832945306;-8.642415107534758;0.0;180.29993154303952
VEHICLE_UPDATES;109000000000;veh_1;41.004639174897115;-8.640991593185344;7.744272632970461;90.10884960452657
VEHICLE_UPDATES;109000000000;veh_2;41.00472803153335;-8.642377057289726;0.0;180.2998879364582
VEHICLE_UPDATES;109000000000;veh_3;41.00466730109242;-8.640837792678317;8.709285995179112;90.10884960452657
VEHICLE_UPDATES;109000000000;veh_4;41.004786591984676;-8.642376336086638;0.0;180.29988793645816
VEHICLE_UPDATES;109000000000;veh_5;41.004640017434106;-8.641176648569157;7.888734392618513;90.10884960452657
VEHICLE_UPDATES;109000000000;veh_6;41.00478688688547;-8.642414386343694;0.0;180.29993154303952
VEHICLE_UPDATES;109000000000;veh_7;41.00466844060351;-8.641088017862447;7.392129623122023;90.10884960452657
VEHICLE_UPDATES;109000000000;veh_8;41.00484544464601;-8.642413665146934;0.0;180.29993154303912
VEHICLE_UPDATES;109000000000;veh_9;41.00464081355998;-8.641364283012976;7.311463739361815;89.96018362036888
VEHICLE_UPDATES;109000000000;veh_10;41.004845152471;-8.642375614881464;0.0;180.2998879364586
VEHICLE_UPDATES;109000000000;veh_11;41.00466923984151;-8.641263593707531;8.892691360779823;90.10884960452657
VEHICLE_UPDATES;109000000000;veh_12;41.00490400185679;-8.64241294395529;0.0;180.29993154303912
VEHICLE_UPDATES;109000000000;veh_13;41.004641088041694;-8.641548604780814;7.113206859464471;89.60223657676934
VEHICLE_UPDATES;109000000000;veh_14;41.00491306676046;-8.642374778476894;1.886774141781995;180.29988793645816
VEHICLE_UPDATES;109000000000;veh_15;41.004669957227804;-8.641529117404438;5.678525681095699;89.6021778161488
VEHICLE_UPDATES;109000000000;veh_16;41.00538569818709;-8.64240718969029;7.115166281058678;180.13491255010234
VEHICLE_UPDATES;109000000000;veh_17;41.00464103210955;-8.642494970933644;0.000940735093817;90.72339311942727
VEHICLE_UPDATES;109000000000;veh_18;41.00596059680226;-8.642402275488333;7.754281184503959;180.2215031987318
VEHICLE_UPDATES;109000000000;veh_19;41.00467699130335;-8.643142601713441;8.209509457492382;89.86843701764728
VEHICLE_UPDATES;110000000000;veh_0;41.00472832945306;-8.642415107534758;0.0;180.29993154303952
VEHICLE_UPDATES;110000000000;veh_1;41.00463880396492;-8.640910142075569;6.849876016824493;90.10884960452657
VEHICLE_UPDATES;110000000000;veh_2;41.00472803153335;-8.642377057289726;0.0;180.2998879364582
VEHICLE_UPDATES;110000000000;veh_3;41.00463806426901;-8.64073572935384;8.606449894096027;90.06674369432656
VEHICLE_UPDATES;110000000000;veh_4;41.004786591984676;-8.642376336086638;0.0;180.29988793645816
VEHICLE_UPDATES;110000000000;veh_5;41.0046395711522;-8.641078618787235;8.244109014822504;90.10884960452657
VEHICLE_UPDATES;110000000000;veh_6;41.00478688688547;-8.642414386343694;0.0;180.29993154303952
VEHICLE_UPDATES;110000000000;veh_7;41.004668003219955;-8.640991958722203;8.078378604259782;90.10884960452657
VEHICLE_UPDATES;110000000000;veh_8;41.00484544464601;-8.642413665146934;0.0;180.29993154303912
VEHICLE_UPDATES;110000000000;veh_9;41.00464043709212;-8.641268846887467;8.029399067846219;90.10884960452657
VEHICLE_UPDATES;110000000000;veh_10;41.004845152471;-8.642375614881464;0.0;180.2998879364586
VEHICLE_UPDATES;110000000000;veh_11;41.004668816286966;-8.64117054032904;7.825599867925519;90.10884960452657
VEHICLE_UPDATES;110000000000;veh_12;41.00490400185679;-8.64241294395529;0.0;180.29993154303912
VEHICLE_UPDATES;110000000000;veh_13;41.004641042774786;-8.641452974694754;8.048308955011716;89.96018362036888
VEHICLE_UPDATES;110000000000;veh_14;41.004903865306545;-8.642374891798362;1.021497922415719;180.29988793645856
VEHICLE_UPDATES;110000000000;veh_15;41.004669847688994;-8.641444707113216;7.091724860725606;89.96029399144821
VEHICLE_UPDATES;110000000000;veh_16;41.00531885698481;-8.642407834544747;7.420597262016722;180.22617668932085
VEHICLE_UPDATES;110000000000;veh_17;41.00464103204156;-8.642494965566323;0.000451521207116;90.72339311942727
VEHICLE_UPDATES;110000000000;veh_18;41.005890337397275;-8.642402893094753;7.800040045271778;180.13491255010234
VEHICLE_UPDATES;110000000000;veh_19;41.00467687066253;-8.643053678245211;7.477902558313795;89.86843701764728
VEHICLE_UPDATES;110000000000;veh_20;41.006561159697384;-8.642358287653721;7.667088663859285;180.14766920786036
VEHICLE_UPDATES;110000000000;veh_21;41.004649578246756;-8.643972347908127;9.065327160017565;90.16591395568926
VEHICLE_UPDATES;111000000000;veh_0;41.00472832945306;-8.642415107534758;0.0;180.29993154303952
VEHICLE_UPDATES;111000000000;veh_1;41.00463841569577;-8.64082361243602;7.276966704036096;90.09954132628972
VEHICLE_UPDATES;111000000000;veh_2;41.00472803153335;-8.642377057289726;0.0;180.2998879364582
VEHICLE_UPDATES;111000000000;veh_3;41.00463767791194;-8.640639130405122;8.123745790730485;90.06674369432656
VEHICLE_UPDATES;111000000000;veh_4;41.004786591984676;-8.642376336086638;0.0;180.29988793645816
VEHICLE_UPDATES;111000000000;veh_5;41.004639221949276;-8.641001926035733;6.449707453050347;90.1088496045282
VEHICLE_UPDATES;111000000000;veh_6;41.00478688688547;-8.642414386343694;0.0;180.29993154303952
VEHICLE_UPDATES;111000000000;veh_7;41.00466757700675;-8.640898369748939;7.870642727334493;90.10884960452657
VEHICLE_UPDATES;111000000000;veh_8;41.00484544464601;-8.642413665146934;0.0;180.29993154303912
VEHICLE_UPDATES;111000000000;veh_9;41.00463999477134;-8.641171670048776;8.172378040082199;90.10884960452657
VEHICLE_UPDATES;111000000000;veh_10;41.004845152471;-8.642375614881464;0.0;180.2998879364586
VEHICLE_UPDATES;111000000000;veh_11;41.00466837307399;-8.641073185733504;8.187323629276818;90.10884960452657
VEHICLE_UPDATES;111000000000;veh_12;41.00490400185679;-8.64241294395529;0.0;180.29993154303912
VEHICLE_UPDATES;111000000000;veh_13;41.00464079176026;-8.641355849267654;8.179313432743626;89.96018362036888
VEHICLE_UPDATES;111000000000;veh_14;41.00490373442193;-8.642374893410283;0.014530134192304;180.2998879364582
VEHICLE_UPDATES;111000000000;veh_15;41.004669631821606;-8.641361228783017;7.010547555644679;89.96029399144821
VEHICLE_UPDATES;111000000000;veh_16;41.005260310334634;-8.64240855561806;6.499853710585499;180.29993154303952
VEHICLE_UPDATES;111000000000;veh_17;41.00464103204156;-8.642494965566323;0.0;90.72339311942727
VEHICLE_UPDATES;111000000000;veh_18;41.005824578655044;-8.642403452982665;7.300375570248033;180.13491255010234
VEHICLE_UPDATES;111000000000;veh_19;41.00467571261294;-8.642956952930424;8.135042924883889;90.72293676843755
VEHICLE_UPDATES;111000000000;veh_20;41.00649347813917;-8.642358950969;7.513539488987989;180.1912402094153
VEHICLE_UPDATES;111000000000;veh_21;41.00464899809977;-8.643862530544812;9.237223009256647;90.16591395568926
VEHICLE_UPDATES;112000000000;veh_0;41.00472832945306;-8.642415107534758;0.0;180.29993154303952
VEHICLE_UPDATES;112000000000;veh_1;41.00463804611285;-8.640731189405193;7.772560728810714;90.0667436943282
VEHICLE_UPDATES;112000000000;veh_2;41.00472803153335;-8.642377057289726;0.0;180.2998879364582
VEHICLE_UPDATES;112000000000;veh_3;41.004637307998195;-8.64054666166309;7.776405197499575;90.06674369432656
VEHICLE_UPDATES;112000000000;veh_4;41.004786591984676;-8.642376336086638;0.0;180.29988793645816
VEHICLE_UPDATES;112000000000;veh_5;41.00463880620342;-8.640910633579637;7.67751362246166;90.10884960452657
VEHICLE_UPDATES;112000000000;veh_6;41.00478688688547;-8.642414386343694;0.0;180.29993154303952
VEHICLE_UPDATES;112000000000;veh_7;41.00466717106883;-8.640805822754357;7.783004799834893;90.08403679505773
VEHICLE_UPDATES;112000000000;veh_8;41.00484544464601;-8.642413665146934;0.0;180.29993154303912
VEHICLE_UPDATES;112000000000;veh_9;41.004639640714956;-8.641093897659603;6.540502706875875;90.10884960452657
VEHICLE_UPDATES;112000000000;veh_10;41.004845152471;-8.642375614881464;0.0;180.2998879364586
VEHICLE_UPDATES;112000000000;veh_11;41.00466800281844;-8.640991870549625;6.838441828255757;90.10884960452657
VEHICLE_UPDATES;112000000000;veh_12;41.00490400185679;-8.64241294395529;0.0;180.29993154303912
VEHICLE_UPDATES;112000000000;veh_13;41.004640403033065;-8.64126136355393;7.948493665658722;90.1088496045282
VEHICLE_UPDATES;112000000000;veh_14;41.00490371386668;-8.642374893663435;0.002281938494215;180.29988793645816
VEHICLE_UPDATES;112000000000;veh_15;41.00466931358914;-8.641279797477717;6.845075103139187;90.1088496045282
VEHICLE_UPDATES;112000000000;veh_16;41.00519629596293;-8.642409344031128;7.10688050648872;180.29993154303952
VEHICLE_UPDATES;112000000000;veh_17;41.00464103204156;-8.642494965566323;0.0;90.72339311942727
VEHICLE_UPDATES;112000000000;veh_18;41.00576157516806;-8.64240398941009;6.994493755845504;180.13491255010234
VEHICLE_UPDATES;112000000000;veh_19;41.004674613846284;-8.642870145180675;7.300991451887527;90.72293676843753
VEHICLE_UPDATES;112000000000;veh_20;41.00641915055673;-8.642359680339123;8.251335674153633;180.1912402094153
VEHICLE_UPDATES;112000000000;veh_21;41.00464845112759;-8.643759011056126;8.707481190123596;90.16591395569088
VEHICLE_UPDATES;113000000000;veh_0;41.00472832945306;-8.642415107534758;0.0;180.29993154303952
VEHICLE_UPDATES;113000000000;veh_1;41.00463773426014;-8.640653217610279;6.557245690332712;90.06674369432656
VEHICLE_UPDATES;113000000000;veh_2;41.00472803153335;-8.642377057289726;0.0;180.2998879364582
VEHICLE_UPDATES;113000000000;veh_3;41.00463693963377;-8.640454598628645;7.742286268203775;90.06674369432656
VEHICLE_UPDATES;113000000000;veh_4;41.004786591984676;-8.642376336086638;0.0;180.29988793645816
VEHICLE_UPDATES;113000000000;veh_5;41.004638389595755;-8.64081708489551;7.867252102515573;90.09376280699838
VEHICLE_UPDATES;113000000000;veh_6;41.00478688688547;-8.642414386343694;0.0;180.29993154303952
VEHICLE_UPDATES;113000000000;veh_7;41.00466679459861;-8.640711681206803;7.917080543470078;90.06674369432656
VEHICLE_UPDATES;113000000000;veh_8;41.00484544464601;-8.642413665146934;0.0;180.29993154303912
VEHICLE_UPDATES;113000000000;veh_9;41.00463923717531;-8.64100526977787;7.453428089472853;90.10884960452657
VEHICLE_UPDATES;113000000000;veh_10;41.004845152471;-8.642375614881464;0.0;180.2998879364586
VEHICLE_UPDATES;113000000000;veh_11;41.004667562221904;-8.640895123555024;8.136225915741969;90.10884960452657
VEHICLE_UPDATES;113000000000;veh_12;41.00490400185679;-8.64241294395529;0.0;180.29993154303912
VEHICLE_UPDATES;113000000000;veh_13;41.00464007711196;-8.64118975872545;6.021823050558142;90.1088496045282
VEHICLE_UPDATES;113000000000;veh_14;41.00490371221104;-8.642374893683824;0.000183800741039;180.2998879364582
VEHICLE_UPDATES;113000000000;veh_15;41.004668894749585;-8.641187777031341;7.738732352048772;90.10884960452657
VEHICLE_UPDATES;113000000000;veh_16;41.005139031135585;-8.642410049313861;6.357545502169282;180.29993154303912
VEHICLE_UPDATES;113000000000;veh_17;41.00464103204156;-8.642494965566323;0.0;90.72339311942727
VEHICLE_UPDATES;113000000000;veh_18;41.005691487600025;-8.64240458615144;7.780951100362616;180.13491255010234
VEHICLE_UPDATES;113000000000;veh_19;41.00467351555324;-8.642783380013501;7.297410313559809;90.72293676843755
VEHICLE_UPDATES;113000000000;veh_20;41.0063449220694;-8.64236040873459;8.240334712832228;180.19124020941572
VEHICLE_UPDATES;113000000000;veh_21;41.00464778034181;-8.643655606150944;8.697960181258619;90.33703010985688
VEHICLE_UPDATES;114000000000;veh_0;41.00472832945306;-8.642415107534758;0.0;180.29993154303952
VEHICLE_UPDATES;114000000000;veh_1;41.004637387095265;-8.640566432298854;7.298441937127137;90.06674369432656
VEHICLE_UPDATES;114000000000;veh_2;41.00472803153335;-8.642377057289726;0.0;180.2998879364582
VEHICLE_UPDATES;114000000000;veh_3;41.0046365436765;-8.640355659973162;8.32051009170364;90.06674369432656
VEHICLE_UPDATES;114000000000;veh_4;41.004786591984676;-8.642376336086638;0.0;180.29988793645816
VEHICLE_UPDATES;114000000000;veh_5;41.00463811006084;-8.640747179799568;5.878855066037223;90.06674369432656
VEHICLE_UPDATES;114000000000;veh_6;41.00478688688547;-8.642414386343694;0.0;180.29993154303952
VEHICLE_UPDATES;114000000000;veh_7;41.004666425031274;-8.640619284510409;7.770342838112706;90.06674369432656
VEHICLE_UPDATES;114000000000;veh_8;41.00484544464601;-8.642413665146934;0.0;180.29993154303912
VEHICLE_UPDATES;114000000000;veh_9;41.004638790585915;-8.640907204484565;8.247095734077691;90.10884960452657
VEHICLE_UPDATES;114000000000;veh_10;41.004845152471;-8.642375614881464;0.0;180.2998879364586
VEHICLE_UPDATES;114000000000;veh_11;41.004667135649846;-8.640796964933587;8.254928158302944;90.07619539349857
VEHICLE_UPDATES;114000000000;veh_12;41.00490400185679;-8.64241294395529;0.0;180.29993154303912
VEHICLE_UPDATES;114000000000;veh_13;41.00463963548796;-8.641092749581778;8.158275352553712;90.10884960452657
VEHICLE_UPDATES;114000000000;veh_14;41.00490371221104;-8.642374893683824;0.0;180.2998879364582
VEHICLE_UPDATES;114000000000;veh_15;41.00466850396917;-8.641101935828484;7.219070670438613;90.10884960452657
VEHICLE_UPDATES;114000000000;veh_16;41.00507557828107;-8.64241083080747;7.044540674157665;180.29993154303952
VEHICLE_UPDATES;114000000000;veh_17;41.00464103204156;-8.642494965566323;0.0;90.72339311942727
VEHICLE_UPDATES;114000000000;veh_18;41.00562960115864;-8.642405113065045;6.870481913684087;180.13491255010234
VEHICLE_UPDATES;114000000000;veh_19;41.00467228420881;-8.642686109920351;8.180930587121399;90.72293676843753
VEHICLE_UPDATES;114000000000;veh_20;41.0062774819203;-8.642361070514943;7.486740126346231;180.19124020941572
VEHICLE_UPDATES;114000000000;veh_21;41.004648003812235;-8.643542198566676;9.539052868056112;89.57905898949569
VEHICLE_UPDATES;115000000000;veh_0;41.00472832945306;-8.642415107534758;0.0;180.29993154303952
VEHICLE_UPDATES;115000000000;veh_1;41.00463706542376;-8.640486034476064;6.761269169700318;90.06674369432656
VEHICLE_UPDATES;115000000000;veh_2;41.00472803153335;-8.642377057289726;0.0;180.2998879364582
VEHICLE_UPDATES;115000000000;veh_3;41.00463617061723;-8.640262462296013;7.837707346492702;90.06674369432656
VEHICLE_UPDATES;115000000000;veh_4;41.004786591984676;-8.642376336086638;0.0;180.29988793645816
VEHICLE_UPDATES;115000000000;veh_5;41.00463773431174;-8.64065323050831;7.900915773186099;90.06674369432656
VEHICLE_UPDATES;115000000000;veh_6;41.00478688688547;-8.642414386343694;0.0;180.29993154303952
VEHICLE_UPDATES;115000000000;veh_7;41.00466607043399;-8.640530647927575;7.454126337287457;90.06674369432656
VEHICLE_UPDATES;115000000000;veh_8;41.00484544464601;-8.642413665146934;0.0;180.29993154303912
VEHICLE_UPDATES;115000000000;veh_9;41.00463847555974;-8.640838039800412;5.816612197419254;90.1088496045282
VEHICLE_UPDATES;115000000000;veh_10;41.004845152471;-8.642375614881464;0.0;180.2998879364586
VEHICLE_UPDATES;115000000000;veh_11;41.004666765304265;-8.640704356556212;7.78814458459878;90.06674369432656
VEHICLE_UPDATES;115000000000;veh_12;41.00490400185679;-8.64241294395529;0.0;180.29993154303912
VEHICLE_UPDATES;115000000000;veh_13;41.004639233185536;-8.641004393592354;7.430562490030976;90.1088496045282
VEHICLE_UPDATES;115000000000;veh_14;41.00490371221104;-8.642374893683824;0.0;180.2998879364582
VEHICLE_UPDATES;115000000000;veh_15;41.00466812290707;-8.641018242922437;7.038403395015428;90.10884960452657
VEHICLE_UPDATES;115000000000;veh_16;41.00501166068116;-8.642411618022978;7.096136664424316;180.29993154303912
VEHICLE_UPDATES;115000000000;veh_17;41.00464103204156;-8.642494965566323;0.0;90.72339311942727
VEHICLE_UPDATES;115000000000;veh_18;41.0055611884097;-8.64240569554331;7.595016587393509;180.13491255010234
VEHICLE_UPDATES;115000000000;veh_19;41.00467100104007;-8.642584752866433;8.52466603436798;90.72293676843753
VEHICLE_UPDATES;115000000000;veh_20;41.006205059571364;-8.642361781182837;8.039829484910696;180.19124020941572
VEHICLE_UPDATES;115000000000;veh_21;41.00464827064238;-8.643434292937581;9.07624667443242;89.57905898949569
VEHICLE_UPDATES;116000000000;veh_0;41.00472832945306;-8.642415107534758;0.0;180.29993154303952
VEHICLE_UPDATES;116000000000;veh_1;41.00463669462676;-8.640393375722258;7.79238496295082;90.06674369432656
VEHICLE_UPDATES;116000000000;veh_2;41.00472803153335;-8.642377057289726;0.0;180.2998879364582
VEHICLE_UPDATES;116000000000;veh_3;41.00463579707781;-8.640169163528498;7.846208944801496;90.06674369432656
VEHICLE_UPDATES;116000000000;veh_4;41.004786591984676;-8.642376336086638;0.0;180.29988793645816
VEHICLE_UPDATES;116000000000;veh_5;41.00463740418286;-8.640570703525455;6.940326450462543;90.06674369432656
VEHICLE_UPDATES;116000000000;veh_6;41.00478688688547;-8.642414386343694;0.0;180.29993154303952
VEHICLE_UPDATES;116000000000;veh_7;41.004665685994084;-8.640434571002425;8.079841611790911;90.06674369432656
VEHICLE_UPDATES;116000000000;veh_8;41.00484544464601;-8.642413665146934;0.0;180.29993154303912
VEHICLE_UPDATES;116000000000;veh_9;41.0046380754831;-8.640738533461189;8.368251746550758;90.06674369432656
VEHICLE_UPDATES;116000000000;veh_10;41.004845152471;-8.642375614881464;0.0;180.2998879364586
VEHICLE_UPDATES;116000000000;veh_11;41.00466642029482;-8.64061810045605;7.253933276977992;90.06674369432656
VEHICLE_UPDATES;116000000000;veh_12;41.00490400185679;-8.64241294395529;0.0;180.29993154303912
VEHICLE_UPDATES;116000000000;veh_13;41.00463891279719;-8.640934038689752;5.916707084275039;90.10884960452657
VEHICLE_UPDATES;116000000000;veh_14;41.00490371221104;-8.642374893683824;0.0;180.2998879364582
VEHICLE_UPDATES;116000000000;veh_15;41.00466770549727;-8.640926582264832;7.708475251529979;90.10884960452657
VEHICLE_UPDATES;116000000000;veh_16;41.004968967997826;-8.642412143829207;4.739744814696717;180.29993154303952
VEHICLE_UPDATES;116000000000;veh_17;41.00464103204156;-8.642494965566323;0.0;90.72339311942727
VEHICLE_UPDATES;116000000000;veh_18;41.00549624401346;-8.642406248489813;7.209968443990836;180.13491255010234
VEHICLE_UPDATES;116000000000;veh_19;41.00467020512526;-8.642521887371615;5.287321871370567;90.72293676843755
VEHICLE_UPDATES;116000000000;veh_20;41.0061364063733;-8.642400508452498;7.647094863329075;180.19124020941547
VEHICLE_UPDATES;116000000000;veh_21;41.00464841990463;-8.643330552375701;8.725902335233055;89.74950843536868
VEHICLE_UPDATES;117000000000;veh_0;41.00472832945306;-8.642415107534758;0.0;180.29993154303952
VEHICLE_UPDATES;117000000000;veh_1;41.00463636777021;-8.640311712714185;6.867668516797932;90.06674369432656
VEHICLE_UPDATES;117000000000;veh_2;41.00472803153335;-8.642377057289726;0.0;180.2998879364582
VEHICLE_UPDATES;117000000000;veh_3;41.00463542396666;-8.640075990547691;7.835630710074933;90.06674369432656
VEHICLE_UPDATES;117000000000;veh_4;41.004786591984676;-8.642376336086638;0.0;180.29988793645816
VEHICLE_UPDATES;117000000000;veh_5;41.00463703030213;-8.640477257103838;7.858625866171947;90.06674369432656
VEHICLE_UPDATES;117000000000;veh_6;41.00478688688547;-8.642414386343694;0.0;180.29993154303952
VEHICLE_UPDATES;117000000000;veh_7;41.0046653137694;-8.640341565901828;7.821508585638807;90.06674369432656
VEHICLE_UPDATES;117000000000;veh_8;41.00484544464601;-8.642413665146934;0.0;180.29993154303912
VEHICLE_UPDATES;117000000000;veh_9;41.00463779073064;-8.640667335815104;5.987555596725058;90.06674369432656
VEHICLE_UPDATES;117000000000;veh_10;41.004845152471;-8.642375614881464;0.0;180.2998879364586
VEHICLE_UPDATES;117000000000;veh_11;41.00466601698919;-8.64051729012501;8.477909692107758;90.06674369432656
VEHICLE_UPDATES;117000000000;veh_12;41.00490400185679;-8.64241294395529;0.0;180.29993154303912
VEHICLE_UPDATES;117000000000;veh_13;41.004638490707435;-8.640841365301135;7.793647402354369;90.10884960452657
VEHICLE_UPDATES;117000000000;veh_14;41.00490371221104;-8.642374893683824;0.0;180.2998879364582
VEHICLE_UPDATES;117000000000;veh_15;41.00466733695568;-8.64084566607147;6.80488773550527;90.10884960452657
VEHICLE_UPDATES;117000000000;veh_16;41.004965508269166;-8.64241218643944;0.384099325510864;180.29993154303952
VEHICLE_UPDATES;117000000000;veh_17;41.00464103204156;-8.642494965566323;0.0;90.72339311942727
VEHICLE_UPDATES;117000000000;veh_18;41.00543571562763;-8.642406763836336;6.719713666414062;180.13491255010234
VEHICLE_UPDATES;117000000000;veh_19;41.00466999267841;-8.642505107671083;1.411261924437448;90.72293676843755
VEHICLE_UPDATES;117000000000;veh_20;41.00605904914753;-8.642401267496457;8.588069960919201;180.19124020941547
VEHICLE_UPDATES;117000000000;veh_21;41.004648272320225;-8.64322153781633;9.169487809556538;89.86833624206884
VEHICLE_UPDATES;118000000000;veh_0;41.00472832945306;-8.642415107534758;0.0;180.29993154303952
VEHICLE_UPDATES;118000000000;veh_1;41.00463604446916;-8.640230952241993;6.791767455501469;90.06674369432656
VEHICLE_UPDATES;118000000000;veh_2;41.00472803153335;-8.642377057289726;0.0;180.2998879364582
VEHICLE_UPDATES;118000000000;veh_3;41.00463501078408;-8.639972832908452;8.675317389100114;90.06674369432656
VEHICLE_UPDATES;118000000000;veh_4;41.004786591984676;-8.642376336086638;0.0;180.29988793645816
VEHICLE_UPDATES;118000000000;veh_5;41.00463671360046;-8.64039811662019;6.655529991679838;90.0667436943282
VEHICLE_UPDATES;118000000000;veh_6;41.00478688688547;-8.642414386343694;0.0;180.29993154303952
VEHICLE_UPDATES;118000000000;veh_7;41.00466492799151;-8.640245194135673;8.104637322901258;90.0667436943282
VEHICLE_UPDATES;118000000000;veh_8;41.00484544464601;-8.642413665146934;0.0;180.29993154303912
VEHICLE_UPDATES;118000000000;veh_9;41.00463741452456;-8.64057328856232;7.909154224469301;90.0667436943282
VEHICLE_UPDATES;118000000000;veh_10;41.004845152471;-8.642375614881464;0.0;180.2998879364586
VEHICLE_UPDATES;118000000000;veh_11;41.00466565009747;-8.640425600955266;7.71084180091812;90.06674369432656
VEHICLE_UPDATES;118000000000;veh_12;41.00490400185679;-8.64241294395529;0.0;180.29993154303912
VEHICLE_UPDATES;118000000000;veh_13;41.00463819589687;-8.640768644239374;6.115673704659248;90.06674369432656
VEHICLE_UPDATES;118000000000;veh_14;41.00490371221104;-8.642374893683824;0.0;180.2998879364582
VEHICLE_UPDATES;118000000000;veh_15;41.00466700165987;-8.640763457337425;6.91356333395155;90.06674369432656
VEHICLE_UPDATES;118000000000;veh_16;41.00496365696662;-8.642412209240195;0.205531743148114;180.29993154303952
VEHICLE_UPDATES;118000000000;veh_17;41.00464103204156;-8.642494965566323;0.0;90.72339311942727
VEHICLE_UPDATES;118000000000;veh_18;41.00537073233479;-8.642407317111013;7.214286489675904;180.13491255010234
VEHICLE_UPDATES;118000000000;veh_19;41.004669900321254;-8.64249781308128;0.613513743897151;90.72293676843755
VEHICLE_UPDATES;118000000000;veh_20;41.005990132913865;-8.642401965080708;7.65097885402105;180.21697854993022
VEHICLE_UPDATES;118000000000;veh_21;41.00464813208816;-8.643118024603787;8.706755835450254;89.86833624206722
VEHICLE_REGISTRATION;118142857135;veh_22;[src.main.java.CarSendsCamAPP, src.main.java.EventProcessingApp, src.main.java.MainCarApp];Car
VEHICLE_REGISTRATION;118142857135;veh_23;[src.main.java.CarSendsCamAPP, src.main.java.EventProcessingApp, src.main.java.MainCarApp];Car_0
VEHICLE_UPDATES;119000000000;veh_0;41.00472832945306;-8.642415107534758;0.0;180.29993154303952
VEHICLE_UPDATES;119000000000;veh_1;41.00463567886373;-8.640139641177761;7.679047773572603;90.06674369432656
VEHICLE_UPDATES;119000000000;veh_2;41.00472803153335;-8.642377057289726;0.0;180.2998879364582
VEHICLE_UPDATES;119000000000;veh_4;41.004786591984676;-8.642376336086638;0.0;180.29988793645816
VEHICLE_UPDATES;119000000000;veh_5;41.00463639901631;-8.640319518729857;6.609899256125558;90.06674369432656
VEHICLE_UPDATES;119000000000;veh_6;41.00478688688547;-8.642414386343694;0.0;180.29993154303952
VEHICLE_UPDATES;119000000000;veh_7;41.00466453420452;-8.640146842354595;8.271152037079887;90.06674369432656
VEHICLE_UPDATES;119000000000;veh_8;41.00484544464601;-8.642413665146934;0.0;180.29993154303912
VEHICLE_UPDATES;119000000000;veh_9;41.00463708114782;-8.640489964183054;7.007385728907762;90.06674369432656
VEHICLE_UPDATES;119000000000;veh_10;41.004845152471;-8.642375614881464;0.0;180.2998879364586
VEHICLE_UPDATES;119000000000;veh_11;41.004665257765296;-8.640327574179642;8.243819574275399;90.06674369432656
VEHICLE_UPDATES;119000000000;veh_12;41.00490400185679;-8.64241294395529;0.0;180.29993154303912
VEHICLE_UPDATES;119000000000;veh_13;41.00463780006956;-8.640669670685188;8.323444511407839;90.06674369432656
VEHICLE_UPDATES;119000000000;veh_14;41.00490371221104;-8.642374893683824;0.0;180.2998879364582
VEHICLE_UPDATES;119000000000;veh_15;41.00466662078764;-8.640668223869236;8.008908538298364;90.0667436943282
VEHICLE_UPDATES;119000000000;veh_16;41.00496261942131;-8.642412222018667;0.115188353371138;180.29993154303912
VEHICLE_UPDATES;119000000000;veh_17;41.00464103204156;-8.642494965566323;0.0;90.72339311942727
VEHICLE_UPDATES;119000000000;veh_18;41.00530723916498;-8.64240797763248;7.04893616939258;180.2793875415396
VEHICLE_UPDATES;119000000000;veh_19;41.00466987820494;-8.642496066288517;0.146914548905833;90.72293676843753
VEHICLE_UPDATES;119000000000;veh_20;41.0059180064244;-8.642402657512614;8.007354971884743;180.14251209043726
VEHICLE_UPDATES;119000000000;veh_21;41.00464760161074;-8.643013688388836;8.776380368139595;90.48708902393027
VEHICLE_UPDATES;120000000000;veh_0;41.00472832945306;-8.642415107534758;0.0;180.29993154303952
VEHICLE_UPDATES;120000000000;veh_1;41.00463535903784;-8.640059778504934;6.716264833467068;90.06674369432656
VEHICLE_UPDATES;120000000000;veh_2;41.00472803153335;-8.642377057289726;0.0;180.2998879364582
VEHICLE_UPDATES;120000000000;veh_4;41.004786591984676;-8.642376336086638;0.0;180.29988793645816
VEHICLE_UPDATES;120000000000;veh_5;41.004636067542506;-8.640236715486695;6.963559723497594;90.06674369432656
VEHICLE_UPDATES;120000000000;veh_6;41.00478688688547;-8.642414386343694;0.0;180.29993154303952
VEHICLE_UPDATES;120000000000;veh_7;41.00466415511651;-8.64005218156884;7.960748206195863;90.06674369432656
VEHICLE_UPDATES;120000000000;veh_8;41.00484544464601;-8.642413665146934;0.0;180.29993154303912
VEHICLE_UPDATES;120000000000;veh_9;41.00463675565645;-8.640408625197335;6.840418871134973;90.06674369432656
VEHICLE_UPDATES;120000000000;veh_10;41.004845152471;-8.642375614881464;0.0;180.2998879364586
VEHICLE_UPDATES;120000000000;veh_11;41.00466488016827;-8.640233248738443;7.932546258559382;90.06674369432656
VEHICLE_UPDATES;120000000000;veh_12;41.00490400185679;-8.64241294395529;0.0;180.29993154303912
VEHICLE_UPDATES;120000000000;veh_13;41.004637456638235;-8.640583815550633;7.220216213304457;90.06674369432656
VEHICLE_UPDATES;120000000000;veh_14;41.00490371221104;-8.642374893683824;0.0;180.2998879364582
VEHICLE_UPDATES;120000000000;veh_15;41.004666259225836;-8.640577836985642;7.601322411733362;90.06674369432656
VEHICLE_UPDATES;120000000000;veh_16;41.00496256269932;-8.642412222717258;0.006297281461344;180.29993154303912
VEHICLE_UPDATES;120000000000;veh_17;41.00464103204156;-8.642494965566323;0.0;90.72339311942727
VEHICLE_UPDATES;120000000000;veh_18;41.00523962747104;-8.642408810352324;7.506255560911412;180.29993154303952
VEHICLE_UPDATES;120000000000;veh_19;41.00466985646262;-8.642494349034372;0.144430194355307;90.72293676843755
VEHICLE_UPDATES;120000000000;veh_20;41.00584679217079;-8.642403263850897;7.906033203147344;180.13491255010234
VEHICLE_UPDATES;120000000000;veh_21;41.004646142599015;-8.642898471193133;9.692545890974813;90.72339311942727
VEHICLE_UPDATES;121000000000;veh_0;41.00471303939925;-8.642415321505897;1.697957976604812;180.33084429488702
VEHICLE_UPDATES;121000000000;veh_1;41.0046350480757;-8.639982142410096;6.52901490328739;90.06674369432656
VEHICLE_UPDATES;121000000000;veh_2;41.00471040734475;-8.642377309489742;1.956552377389744;180.34222590826104
VEHICLE_UPDATES;121000000000;veh_4;41.004786591984676;-8.642376336086638;0.0;180.29988793645816
VEHICLE_UPDATES;121000000000;veh_5;41.0046357305689;-8.640152553604171;7.077818235322008;90.06674369432656
VEHICLE_UPDATES;121000000000;veh_6;41.00478688688547;-8.642414386343694;0.0;180.29993154303952
VEHICLE_UPDATES;121000000000;veh_7;41.004663797527165;-8.639962906931041;7.507786028646374;90.06674369432656
VEHICLE_UPDATES;121000000000;veh_8;41.00484544464601;-8.642413665146934;0.0;180.29993154303912
VEHICLE_UPDATES;121000000000;veh_9;41.00463644848028;-8.640331876264161;6.454406257728336;90.0667436943282
VEHICLE_UPDATES;121000000000;veh_10;41.004845152471;-8.642375614881464;0.0;180.2998879364586
VEHICLE_UPDATES;121000000000;veh_11;41.004664487104705;-8.640135080163711;8.255744834805554;90.06674369432656
VEHICLE_UPDATES;121000000000;veh_12;41.00490400185679;-8.64241294395529;0.0;180.29993154303912
VEHICLE_UPDATES;121000000000;veh_13;41.00463713541725;-8.64050352728946;6.752055271925351;90.06674369432656
VEHICLE_UPDATES;121000000000;veh_14;41.00490371221104;-8.642374893683824;0.0;180.2998879364582
VEHICLE_UPDATES;121000000000;veh_15;41.00466588800841;-8.640485054723332;7.802768208469877;90.06674369432656
VEHICLE_UPDATES;121000000000;veh_16;41.00496255976406;-8.642412222753409;0.000325873213817;180.29993154303952
VEHICLE_UPDATES;121000000000;veh_17;41.00464103204156;-8.642494965566323;0.0;90.72339311942727
VEHICLE_UPDATES;121000000000;veh_18;41.0051723886195;-8.64240963847797;7.464862479649636;180.29993154303952
VEHICLE_UPDATES;121000000000;veh_19;41.00466985629917;-8.64249433612498;0.001085748463359;90.72293676843755
VEHICLE_UPDATES;121000000000;veh_20;41.00577920871922;-8.64240383927378;7.502950302094213;180.13491255010234
VEHICLE_UPDATES;121000000000;veh_21;41.004644752589975;-8.642788711557666;9.233433868437075;90.7233931194289
VEHICLE_UPDATES;121000000000;veh_22;41.006565516127075;-8.642358249277743;7.183470464725435;180.14766920786036
VEHICLE_UPDATES;121000000000;veh_23;41.0046785114791;-8.643992484679394;7.346842991665733;90.16591395568992
VEHICLE_UPDATES;122000000000;veh_0;41.00468458109378;-8.642415788403223;3.161507894564419;180.47116588225308
VEHICLE_UPDATES;122000000000;veh_2;41.00467373677069;-8.642377910861526;4.071003224304878;180.47712245760277
VEHICLE_UPDATES;122000000000;veh_4;41.004776611420354;-8.64237645900271;1.107990713277602;180.29988793645856
VEHICLE_UPDATES;122000000000;veh_5;41.00463542907328;-8.640077265642134;6.331542290113444;90.06674369432656
VEHICLE_UPDATES;122000000000;veh_6;41.00477434550953;-8.642414540802932;1.39234441984666;180.29993154303952
VEHICLE_UPDATES;122000000000;veh_8;41.00484544464601;-8.642413665146934;0.0;180.29993154303912
VEHICLE_UPDATES;122000000000;veh_9;41.00463607614751;-8.640238864858123;7.82204241449443;90.06674369432656
VEHICLE_UPDATES;122000000000;veh_10;41.004845152471;-8.642375614881464;0.0;180.2998879364586
VEHICLE_UPDATES;122000000000;veh_11;41.00466413550777;-8.640047285665034;7.38330971332182;90.06674369432656
VEHICLE_UPDATES;122000000000;veh_12;41.00490400185679;-8.64241294395529;0.0;180.29993154303912
VEHICLE_UPDATES;122000000000;veh_13;41.00463681163217;-8.640422612282785;6.804763205596212;90.06674369432656
VEHICLE_UPDATES;122000000000;veh_14;41.00490371221104;-8.642374893683824;0.0;180.2998879364582
VEHICLE_UPDATES;122000000000;veh_15;41.004665556568234;-8.640402230169506;6.965348653785567;90.06674369432656
VEHICLE_UPDATES;122000000000;veh_16;41.00496255976406;-8.642412222753409;0.0;180.29993154303952
VEHICLE_UPDATES;122000000000;veh_17;41.00464103204156;-8.642494965566323;0.0;90.72339311942727
VEHICLE_UPDATES;122000000000;veh_18;41.00510404091371;-8.642410480258224;7.58796747304328;180.29993154303952
VEHICLE_UPDATES;122000000000;veh_19;41.00466985629917;-8.64249433612498;0.0;90.72293676843755
VEHICLE_UPDATES;122000000000;veh_20;41.00570508072574;-8.642404470416643;8.229509313988492;180.13491255010234
VEHICLE_UPDATES;122000000000;veh_21;41.0046432697395;-8.642671629961015;9.84938798183948;90.72339311942727
VEHICLE_UPDATES;122000000000;veh_22;41.006497237922915;-8.642358914074507;7.579772418196701;180.19124020941572
VEHICLE_UPDATES;122000000000;veh_23;41.00467799533366;-8.643894778104249;8.216692421969753;90.16591395568992
VEHICLE_UPDATES;123000000000;veh_0;41.00463925944147;-8.642416531965745;5.034901348617858;180.47745377730985
VEHICLE_UPDATES;123000000000;veh_2;41.00462453591797;-8.642378717719842;5.46205871226266;180.47712245760277
VEHICLE_UPDATES;123000000000;veh_4;41.00474919251677;-8.642376796681157;3.043905079993189;180.2998879364582
VEHICLE_UPDATES;123000000000;veh_5;41.00463502477454;-8.639976325469778;8.488833580906082;90.0667436943282
VEHICLE_UPDATES;123000000000;veh_6;41.00475409002063;-8.64241479026881;2.248765761205373;180.29993154303952
VEHICLE_UPDATES;123000000000;veh_8;41.00483349587365;-8.642413812308023;1.326553543003907;180.29993154303952
VEHICLE_UPDATES;123000000000;veh_9;41.004635789266764;-8.640167212767688;6.025773857393578;90.06674369432656
VEHICLE_UPDATES;123000000000;veh_10;41.00483580885871;-8.642375729953391;1.037279598224665;180.29988793645816
VEHICLE_UPDATES;123000000000;veh_11;41.00466371381849;-8.63994201097673;8.853352479265839;90.0667436943282
VEHICLE_UPDATES;123000000000;veh_12;41.00490400185679;-8.64241294395529;0.0;180.29993154303912
VEHICLE_UPDATES;123000000000;veh_13;41.00463641809495;-8.64032428508588;8.269087900027486;90.06674369432656
VEHICLE_UPDATES;123000000000;veh_14;41.00490371221104;-8.642374893683824;0.0;180.2998879364582
VEHICLE_UPDATES;123000000000;veh_15;41.004665232416805;-8.640321241407998;6.810962973848598;90.0667436943282
VEHICLE_UPDATES;123000000000;veh_16;41.00496255976406;-8.642412222753409;0.0;180.29993154303952
VEHICLE_UPDATES;123000000000;veh_17;41.00464103204156;-8.642494965566323;0.0;90.72339311942727
VEHICLE_UPDATES;123000000000;veh_18;41.00504745925788;-8.642373123347374;6.250311308943836;180.29988793645856
VEHICLE_UPDATES;123000000000;veh_19;41.00466985629917;-8.64249433612498;0.0;90.72293676843755
VEHICLE_UPDATES;123000000000;veh_20;41.005629177327926;-8.64240511667362;8.426610270610071;180.13491255010234
VEHICLE_UPDATES;123000000000;veh_21;41.004642464325684;-8.642608040744912;5.349387981839479;90.72339311942727
VEHICLE_UPDATES;123000000000;veh_22;41.006435005742276;-8.642359524753749;6.908587583708033;180.19124020941572
VEHICLE_UPDATES;123000000000;veh_23;41.00467748888327;-8.64379892204257;8.061072566814516;90.16591395568992
VEHICLE_UPDATES;124000000000;veh_0;41.004576329924795;-8.64241758570327;6.98898284455399;180.50310919480344
VEHICLE_UPDATES;124000000000;veh_2;41.00455611551907;-8.642379893127098;7.598577596356314;180.54144317716006
VEHICLE_UPDATES;124000000000;veh_4;41.00470535340205;-8.642377392370918;4.866801596362845;180.3670862506507
VEHICLE_UPDATES;124000000000;veh_6;41.00471899193851;-8.642415223846307;3.896614720356097;180.30151105264952
VEHICLE_UPDATES;124000000000;veh_8;41.00482032941787;-8.642413974466022;1.461740837320843;180.29993154303952
VEHICLE_UPDATES;124000000000;veh_9;41.00463543715284;-8.640079283067607;7.394683010223597;90.06674369432656
VEHICLE_UPDATES;124000000000;veh_10;41.004813236618126;-8.642376007943266;2.505853610232139;180.29988793645856
VEHICLE_UPDATES;124000000000;veh_12;41.00489529101606;-8.642413051238263;0.967078156510282;180.29993154303952
VEHICLE_UPDATES;124000000000;veh_13;41.00463616989117;-8.640262280930427;5.214404918535651;90.06674369432656
VEHICLE_UPDATES;124000000000;veh_14;41.004894722290516;-8.64237500440009;0.998014574789599;180.2998879364582
VEHICLE_UPDATES;124000000000;veh_15;41.004664905343134;-8.640239536932286;6.871152945455777;90.06674369432656
VEHICLE_UPDATES;124000000000;veh_16;41.00496255976406;-8.642412222753409;0.0;180.29993154303952
VEHICLE_UPDATES;124000000000;veh_17;41.00464103204156;-8.642494965566323;0.0;90.72339311942727
VEHICLE_UPDATES;124000000000;veh_18;41.004989241467854;-8.642373840337747;6.463038693147297;180.29988793645816
VEHICLE_UPDATES;124000000000;veh_19;41.00466985629917;-8.64249433612498;0.0;90.72293676843755
VEHICLE_UPDATES;124000000000;veh_20;41.0055560525252;-8.642405739271071;8.118137305534438;180.13491255010234
VEHICLE_UPDATES;124000000000;veh_21;41.004642019969076;-8.642572958986433;2.95122275160458;90.7233931194289
VEHICLE_UPDATES;124000000000;veh_22;41.00637157964276;-8.642360147147196;7.041128147318415;180.1912402094153
VEHICLE_UPDATES;124000000000;veh_23;41.004677006782124;-8.643708467502886;7.606832389033196;90.17245892930491
VEHICLE_UPDATES;125000000000;veh_0;41.00451455399371;-8.642418698349838;6.853436424691333;180.54709486564582
VEHICLE_UPDATES;125000000000;veh_2;41.00449600735507;-8.642380975769324;6.678117014553551;180.5470948656459
VEHICLE_UPDATES;125000000000;veh_4;41.004647658935085;-8.642378338519308;6.404981826082574;180.47712245760277
VEHICLE_UPDATES;125000000000;veh_6;41.00466974892826;-8.642416031744938;5.470535328900819;180.47745377730985
VEHICLE_UPDATES;125000000000;veh_8;41.00479425619414;-8.642414295583459;2.894651104374946;180.29993154303912
VEHICLE_UPDATES;125000000000;veh_9;41.004635068898274;-8.639987340651505;7.732143210969312;90.0667436943282
VEHICLE_UPDATES;125000000000;veh_10;41.004771300648635;-8.64237652440773;4.655514791819864;180.29988793645816
VEHICLE_UPDATES;125000000000;veh_12;41.00488357015598;-8.642413195592665;1.301250715688984;180.29993154303912
VEHICLE_UPDATES;125000000000;veh_13;41.00463581711936;-8.640174168817051;7.41002341443956;90.06674369432656
VEHICLE_UPDATES;125000000000;veh_14;41.00487648112015;-8.64237522905093;2.025040576626863;180.2998879364582
VEHICLE_UPDATES;125000000000;veh_15;41.00466454039096;-8.640148387311655;7.665467390591892;90.06674369432656
VEHICLE_UPDATES;125000000000;veh_16;41.00495631122685;-8.64241229971076;0.693713051812035;180.29993154303952
VEHICLE_UPDATES;125000000000;veh_17;41.00464103204156;-8.642494965566323;0.0;90.72339311942727
VEHICLE_UPDATES;125000000000;veh_18;41.00496306531004;-8.64237416271381;2.905941971904348;180.29988793645816
VEHICLE_UPDATES;125000000000;veh_19;41.00466985629917;-8.64249433612498;0.0;90.72293676843755
VEHICLE_UPDATES;125000000000;veh_20;41.00548354868942;-8.64240635657956;8.049198968617238;180.13491255010234
VEHICLE_UPDATES;125000000000;veh_21;41.004642011983705;-8.642572328552218;0.053034736465332;90.72339311942727
VEHICLE_UPDATES;125000000000;veh_22;41.00630363925042;-8.642360813837094;7.542273715296216;180.19124020941572
VEHICLE_UPDATES;125000000000;veh_23;41.00467665500522;-8.643612659135293;8.05712824597748;89.74589332816373
VEHICLE_UPDATES;126000000000;veh_0;41.004450084648695;-8.642419859504821;7.152244324065848;180.54709486564582
VEHICLE_UPDATES;126000000000;veh_2;41.00443565981579;-8.64238206272069;6.704711934521016;180.5470948656459
VEHICLE_UPDATES;126000000000;veh_4;41.00458065290012;-8.642379451169733;7.439447703101849;180.49374877557457
VEHICLE_UPDATES;126000000000;veh_6;41.004608820912665;-8.642417031349954;6.768653193323171;180.47745377730945
VEHICLE_UPDATES;126000000000;veh_8;41.00475071145809;-8.642414831879048;4.834339581434771;180.29993154303952
VEHICLE_UPDATES;126000000000;veh_10;41.004718768655856;-8.642377172369969;5.831830705107012;180.301096245155
VEHICLE_UPDATES;126000000000;veh_12;41.00486033799838;-8.6424134817203;2.579235776331392;180.29993154303952
VEHICLE_UPDATES;126000000000;veh_13;41.00463543745608;-8.640079358786892;7.97330274220262;90.06674369432656
VEHICLE_UPDATES;126000000000;veh_14;41.00484222910433;-8.6423756508844;3.802481977801155;180.2998879364582
VEHICLE_UPDATES;126000000000;veh_15;41.004664188333834;-8.64006047538022;7.393185512476283;90.0667436943282
VEHICLE_UPDATES;126000000000;veh_16;41.00494861390431;-8.64241239451141;0.854557302164405;180.29993154303952
VEHICLE_UPDATES;126000000000;veh_17;41.00464103204156;-8.642494965566323;0.0;90.72339311942727
VEHICLE_UPDATES;126000000000;veh_18;41.004939199267305;-8.642374456639049;2.649484903641342;180.29988793645816
VEHICLE_UPDATES;126000000000;veh_19;41.00466985629917;-8.64249433612498;0.0;90.72293676843755
VEHICLE_UPDATES;126000000000;veh_20;41.00541248792639;-8.642406961599637;7.888992451529011;180.13491255010234
VEHICLE_UPDATES;126000000000;veh_21;41.00464201112098;-8.642572260441941;0.0057297184282;90.72339311942727
VEHICLE_UPDATES;126000000000;veh_22;41.00623877499821;-8.642399503988146;7.225936799654193;180.19124020941547
VEHICLE_UPDATES;126000000000;veh_23;41.004676890880475;-8.643517384720017;8.012006853462925;89.57888711286945
VEHICLE_UPDATES;127000000000;veh_0;41.00438482136506;-8.642421034956628;7.240323979492402;180.54709486564582
VEHICLE_UPDATES;127000000000;veh_2;41.00437393317917;-8.642383174509233;6.857931867281128;180.5470948656459
VEHICLE_UPDATES;127000000000;veh_4;41.00450858603041;-8.642380749207867;8.00674914059852;180.5470948656459
VEHICLE_UPDATES;127000000000;veh_6;41.00454429334114;-8.642418162714632;7.161632973768047;180.54709486564582
VEHICLE_UPDATES;127000000000;veh_8;41.004688342181716;-8.642415726697472;6.92648845424966;180.4526129288932
VEHICLE_UPDATES;127000000000;veh_10;41.00465163895411;-8.642378273249879;7.452439425827536;180.47712245760277
VEHICLE_UPDATES;127000000000;veh_12;41.004816269307625;-8.642414024470302;4.892509125619312;180.29993154303952
VEHICLE_UPDATES;127000000000;veh_13;41.00463508762177;-8.639992014919118;7.345415995634945;90.06674369432656
VEHICLE_UPDATES;127000000000;veh_14;41.004786424587195;-8.64237633814823;6.195129362560194;180.29988793645816
VEHICLE_UPDATES;127000000000;veh_15;41.004663816182365;-8.639967563902214;7.813635684653798;90.06674369432656
VEHICLE_UPDATES;127000000000;veh_16;41.00492789322548;-8.642412649708293;2.300411252646358;180.29993154303952
VEHICLE_UPDATES;127000000000;veh_17;41.00464103204156;-8.642494965566323;0.0;90.72339311942727
VEHICLE_UPDATES;127000000000;veh_18;41.00490640968854;-8.642374860462763;3.640129806028078;180.29988793645816
VEHICLE_UPDATES;127000000000;veh_19;41.00466985629917;-8.64249433612498;0.0;90.72293676843755
VEHICLE_UPDATES;127000000000;veh_20;41.00534209564692;-8.642407560926333;7.814778942313969;180.13491255010234
VEHICLE_UPDATES;127000000000;veh_21;41.00464201095338;-8.642572247210206;0.001113108392141;90.72339311942727
VEHICLE_UPDATES;127000000000;veh_22;41.00617721928633;-8.642400107987378;6.833812422090597;180.19124020941547
VEHICLE_UPDATES;127000000000;veh_23;41.004677116730385;-8.643426129900748;7.673982930544559;89.57888711287109
VEHICLE_UPDATES;128000000000;veh_0;41.004320500178075;-8.64242219343767;7.135807470177403;180.54709486564582
VEHICLE_UPDATES;128000000000;veh_2;41.004311087514424;-8.642384306450566;6.982257672275569;180.5470948656459
VEHICLE_UPDATES;128000000000;veh_4;41.004442796499895;-8.642381934178232;7.309326220515117;180.5470948656459
VEHICLE_UPDATES;128000000000;veh_6;41.00447984861246;-8.64241932342751;7.149513419458872;180.54709486564582
VEHICLE_UPDATES;128000000000;veh_8;41.00462392426194;-8.64241678355966;7.156355830450515;180.47745377730945
VEHICLE_UPDATES;128000000000;veh_10;41.00458648162573;-8.642379346185031;7.23371050477733;180.48242647989693
VEHICLE_UPDATES;128000000000;veh_12;41.00475952018561;-8.642414723391113;6.300291434033775;180.29993154303912
VEHICLE_UPDATES;128000000000;veh_14;41.00472643511305;-8.642377076950467;6.659721614773908;180.2998879364582
VEHICLE_UPDATES;128000000000;veh_16;41.00488709172203;-8.642413152220978;4.529785817085416;180.29993154303952
VEHICLE_UPDATES;128000000000;veh_17;41.00464103204156;-8.642494965566323;0.0;90.72339311942727
VEHICLE_UPDATES;128000000000;veh_18;41.00485262123626;-8.64237552289932;5.971316321027795;180.29988793645816
VEHICLE_UPDATES;128000000000;veh_19;41.00466985629917;-8.64249433612498;0.0;90.72293676843755
VEHICLE_UPDATES;128000000000;veh_20;41.00527103210254;-8.64240842356655;7.889471955715671;180.29993154303952
VEHICLE_UPDATES;128000000000;veh_21;41.00464201092127;-8.642572244675009;0.000213271223823;90.72339311942727
VEHICLE_UPDATES;128000000000;veh_22;41.00611347302915;-8.64240073347913;7.077003027679786;180.19124020941547
VEHICLE_UPDATES;128000000000;veh_23;41.004677240290405;-8.643326288363903;8.39606424131224;89.77519337072724
VEHICLE_REGISTRATION;128428571420;veh_24;[src.main.java.CarSendsCamAPP, src.main.java.EventProcessingApp, src.main.java.MainCarApp];Car
VEHICLE_REGISTRATION;128428571420;veh_25;[src.main.java.CarSendsCamAPP, src.main.java.EventProcessingApp, src.main.java.MainCarApp];Car_0
VEHICLE_UPDATES;129000000000;veh_0;41.00425921120228;-8.642423297303402;6.799413180948338;180.54709486564582
VEHICLE_UPDATES;129000000000;veh_2;41.00424717041767;-8.642385457687283;7.101295466806892;180.5470948656459
VEHICLE_UPDATES;129000000000;veh_4;41.004375578126385;-8.642383144881318;7.468072963282043;180.5470948656459
VEHICLE_UPDATES;129000000000;veh_6;41.00441416706387;-8.642420506413929;7.286726428705497;180.54709486564622
VEHICLE_UPDATES;129000000000;veh_8;41.00456176531917;-8.642417848026673;6.901158301351565;180.53123524643252
VEHICLE_UPDATES;129000000000;veh_10;41.00451840208205;-8.642380572405475;7.563750593515644;180.5470948656455
VEHICLE_UPDATES;129000000000;veh_12;41.00470138680497;-8.642415512682664;6.455272529400886;180.38828404509673
VEHICLE_UPDATES;129000000000;veh_14;41.00466690051491;-8.642378022971252;6.609259822759369;180.47712245760277
VEHICLE_UPDATES;129000000000;veh_16;41.00482810131643;-8.642413878747371;6.549118974832578;180.29993154303952
VEHICLE_UPDATES;129000000000;veh_17;41.00464103204156;-8.642494965566323;0.0;90.72339311942727
VEHICLE_UPDATES;129000000000;veh_18;41.00479619876935;-8.64237621777382;6.263730968422764;180.29988793645856
VEHICLE_UPDATES;129000000000;veh_19;41.00466985629917;-8.64249433612498;0.0;90.72293676843755
VEHICLE_UPDATES;129000000000;veh_20;41.00519281859939;-8.642409386858938;8.683269186994984;180.29993154303912
VEHICLE_UPDATES;129000000000;veh_21;41.00464201092127;-8.642572244675009;0.0;90.72339311942727
VEHICLE_UPDATES;129000000000;veh_22;41.006054122485494;-8.642401315837727;6.588998181321114;180.19124020941587
VEHICLE_UPDATES;129000000000;veh_23;41.004677112590485;-8.643232052599616;7.924632987485063;89.86843701764728
VEHICLE_UPDATES;130000000000;veh_0;41.00420328605236;-8.642424304559992;6.204349028008162;180.54709486564582
VEHICLE_UPDATES;130000000000;veh_2;41.00418363873941;-8.642386601979414;7.058474750995789;180.5470948656459
VEHICLE_UPDATES;130000000000;veh_4;41.004309482227335;-8.642384335364076;7.343364098331288;180.5470948656455
VEHICLE_UPDATES;130000000000;veh_6;41.00434723068384;-8.642421711998125;7.425937634890197;180.54709486564582
VEHICLE_UPDATES;130000000000;veh_8;41.00449643295702;-8.642419024727433;7.247987710108022;180.54709486564582
VEHICLE_UPDATES;130000000000;veh_10;41.00445786565848;-8.64238166275982;6.725697320175889;180.5470948656455
VEHICLE_UPDATES;130000000000;veh_12;41.00464792236052;-8.642416389839031;5.939505520356819;180.47745377730945
VEHICLE_UPDATES;130000000000;veh_14;41.004603038015006;-8.642379070269401;7.089729218189196;180.47712245760317
VEHICLE_UPDATES;130000000000;veh_16;41.00477060631332;-8.642414586854755;6.383099216358151;180.29993154303952
VEHICLE_UPDATES;130000000000;veh_17;41.00464103204156;-8.642494965566323;0.0;90.72339311942727
VEHICLE_UPDATES;130000000000;veh_18;41.0047380204218;-8.642376934271372;6.458659705966282;180.29988793645856
VEHICLE_UPDATES;130000000000;veh_19;41.00466985629917;-8.64249433612498;0.0;90.72293676843755
VEHICLE_UPDATES;130000000000;veh_20;41.00511831368654;-8.642410304472872;8.271541094199746;180.29993154303912
VEHICLE_UPDATES;130000000000;veh_21;41.00464201092127;-8.642572244675009;0.0;90.72339311942727
VEHICLE_UPDATES;130000000000;veh_22;41.0059971749684;-8.64240189107269;6.32222877649536;180.21106364642606
VEHICLE_UPDATES;130000000000;veh_23;41.00467698235473;-8.643136004020313;8.07707936774267;89.86843701764728
VEHICLE_UPDATES;131000000000;veh_0;41.00414482840461;-8.642425357426694;6.485304855477168;180.54709486564582
VEHICLE_UPDATES;131000000000;veh_2;41.004115408012375;-8.642387830904868;7.580546769911576;180.5470948656459
VEHICLE_UPDATES;131000000000;veh_4;41.00424712052433;-8.642385458585931;6.92848863987276;180.5470948656459
VEHICLE_UPDATES;131000000000;veh_6;41.00428205126308;-8.642422885935087;7.231020078911381;180.54709486564582
VEHICLE_UPDATES;131000000000;veh_8;41.004431181770926;-8.642420199963336;7.238981934060315;180.54709486564582
VEHICLE_UPDATES;131000000000;veh_10;41.00439818763236;-8.64238273765075;6.630327864235799;180.5470948656455
VEHICLE_UPDATES;131000000000;veh_12;41.00459438169612;-8.642417268244149;5.947972937637009;180.47745377730945
VEHICLE_UPDATES;131000000000;veh_14;41.00454975389919;-8.642380007709953;5.918763089696467;180.5470948656459
VEHICLE_UPDATES;131000000000;veh_16;41.004735694999496;-8.642415016821065;3.875856441234125;180.29993154303952
VEHICLE_UPDATES;131000000000;veh_17;41.00464103204156;-8.642494965566323;0.0;90.72339311942727
VEHICLE_UPDATES;131000000000;veh_18;41.00472037719687;-8.642377151556826;1.958659705966282;180.29988793645856
VEHICLE_UPDATES;131000000000;veh_19;41.00466985629917;-8.64249433612498;0.0;90.72293676843755
VEHICLE_UPDATES;131000000000;veh_20;41.00503995260706;-8.642411269577053;8.699652885158539;180.29993154303912
VEHICLE_UPDATES;131000000000;veh_21;41.00464201092127;-8.642572244675009;0.0;90.72339311942727
VEHICLE_UPDATES;131000000000;veh_22;41.005936631985605;-8.642402498929016;6.721390750836036;180.1872743618814
VEHICLE_UPDATES;131000000000;veh_23;41.00467674035093;-8.643038153756518;8.228701900400017;90.04214232160707
VEHICLE_UPDATES;131000000000;veh_24;41.00655623277258;-8.642358335161472;8.21404139288873;180.1526153030836
VEHICLE_UPDATES;131000000000;veh_25;41.0046496700734;-8.643989731800787;7.603091260879116;90.16591395568926
VEHICLE_UPDATES;132000000000;veh_0;41.0040855942503;-8.642426424276582;6.571450603768333;180.54709486564622
VEHICLE_UPDATES;132000000000;veh_2;41.00404960894299;-8.642389016030066;7.310385490341265;180.5470948656459
VEHICLE_UPDATES;132000000000;veh_4;41.0041777391509;-8.642386708238911;7.708385577393892;180.5470948656459
VEHICLE_UPDATES;132000000000;veh_6;41.004218506482076;-8.642424030428106;7.049672682665774;180.54709486564582
VEHICLE_UPDATES;132000000000;veh_8;41.00436744116043;-8.642421347989638;7.071398240053999;180.54709486564582
VEHICLE_UPDATES;132000000000;veh_10;41.00433896666692;-8.64238380430702;6.579547591891671;180.5470948656459
VEHICLE_UPDATES;132000000000;veh_12;41.00454517927324;-8.642418146758107;5.459256997062825;180.54709486564582
VEHICLE_UPDATES;132000000000;veh_14;41.00449193323615;-8.642381049150504;6.423971847239473;180.5470948656459
VEHICLE_UPDATES;132000000000;veh_16;41.00472847529609;-8.642415105738563;0.80153196050078;180.29993154303952
VEHICLE_UPDATES;132000000000;veh_17;41.00464103204156;-8.642494965566323;0.0;90.72339311942727
VEHICLE_UPDATES;132000000000;veh_18;41.00472037719687;-8.642377151556826;0.0;180.29988793645856
VEHICLE_UPDATES;132000000000;veh_19;41.00466985629917;-8.64249433612498;0.0;90.72293676843755
VEHICLE_UPDATES;132000000000;veh_20;41.00496956921984;-8.642412136424518;7.81396879763528;180.29993154303952
VEHICLE_UPDATES;132000000000;veh_21;41.00464201092127;-8.642572244675009;0.0;90.72339311942727
VEHICLE_UPDATES;132000000000;veh_22;41.00587813027315;-8.642402997029665;6.494717837958053;180.13491255010274
VEHICLE_UPDATES;132000000000;veh_23;41.004675507846535;-8.64294077502641;8.190066602931154;90.72293676843753
VEHICLE_UPDATES;132000000000;veh_24;41.00649057824413;-8.64235897942546;7.288513111287584;180.19124020941572
VEHICLE_UPDATES;132000000000;veh_25;41.004649259029165;-8.643911920022289;6.545091993589701;90.16591395568926
VEHICLE_UPDATES;133000000000;veh_0;41.00402913882187;-8.642427453996058;6.263193263570881;180.5626438859363
VEHICLE_UPDATES;133000000000;veh_2;41.00398092256199;-8.642390313480963;7.631241657787156;180.5898970918039
VEHICLE_UPDATES;133000000000;veh_4;41.00412161942923;-8.642387719029179;6.234994017522955;180.5470948656459
VEHICLE_UPDATES;133000000000;veh_6;41.00415758047853;-8.642425127752334;6.759144830938725;180.54709486564582
VEHICLE_UPDATES;133000000000;veh_8;41.00430123188633;-8.642422540475991;7.345272271620082;180.54709486564582
VEHICLE_UPDATES;133000000000;veh_10;41.00427605596227;-8.642384937418372;6.989483671437549;180.5470948656459
VEHICLE_UPDATES;133000000000;veh_12;41.00448574599976;-8.642419217209886;6.593541399725713;180.54709486564582
VEHICLE_UPDATES;133000000000;veh_14;41.004429531700126;-8.64238217309728;6.932914379406312;180.5470948656459
VEHICLE_UPDATES;133000000000;veh_16;41.00472836320979;-8.64241510711901;0.012443829678692;180.29993154303952
VEHICLE_UPDATES;133000000000;veh_17;41.00464103204156;-8.642494965566323;0.0;90.72339311942727
VEHICLE_UPDATES;133000000000;veh_18;41.00472037719687;-8.642377151556826;0.0;180.29988793645856
VEHICLE_UPDATES;133000000000;veh_19;41.00466985629917;-8.64249433612498;0.0;90.72293676843755
VEHICLE_UPDATES;133000000000;veh_20;41.00489742289403;-8.642413024981995;8.009690263962366;180.29993154303952
VEHICLE_UPDATES;133000000000;veh_21;41.00464201092127;-8.642572244675009;0.0;90.72339311942727
VEHICLE_UPDATES;133000000000;veh_22;41.005820254542044;-8.64240348979929;6.425222844974525;180.13491255010234
VEHICLE_UPDATES;133000000000;veh_23;41.004674368356355;-8.642850751024945;7.57149531323256;90.72293676843753
VEHICLE_UPDATES;133000000000;veh_24;41.00641443708641;-8.642359726591922;8.452666292886105;180.1912402094153
VEHICLE_UPDATES;133000000000;veh_25;41.00464879680367;-8.643824431371732;7.359056531772764;90.16591395568926
VEHICLE_UPDATES;134000000000;veh_0;41.00397323224578;-8.642428515073917;6.202351959157838;180.58913892279796
VEHICLE_UPDATES;134000000000;veh_2;41.003914328958906;-8.642390806381629;7.39813165039957;180.0155911482454
VEHICLE_UPDATES;134000000000;veh_4;41.004051522091764;-8.642388981571855;7.787930191632523;180.5470948656459
VEHICLE_UPDATES;134000000000;veh_6;41.004094665738336;-8.642426260892682;6.979775653951071;180.54709486564582
VEHICLE_UPDATES;134000000000;veh_8;41.004246219970774;-8.642423531286035;6.103034644998583;180.54709486564582
VEHICLE_UPDATES;134000000000;veh_10;41.00421589713736;-8.642386020962023;6.683745191374394;180.5470948656459
VEHICLE_UPDATES;134000000000;veh_12;41.004436925148426;-8.642420096519759;5.416196729835123;180.54709486564582
VEHICLE_UPDATES;134000000000;veh_14;41.004366325928764;-8.642383311526954;7.022266185776853;180.5470948656459
VEHICLE_UPDATES;134000000000;veh_16;41.00472832980015;-8.642415107530482;0.00370913919876;180.29993154303912
VEHICLE_UPDATES;134000000000;veh_17;41.00464103204156;-8.642494965566323;0.0;90.72339311942727
VEHICLE_UPDATES;134000000000;veh_18;41.00472037719687;-8.642377151556826;0.0;180.29988793645856
VEHICLE_UPDATES;134000000000;veh_19;41.00466985629917;-8.64249433612498;0.0;90.72293676843755
VEHICLE_UPDATES;134000000000;veh_20;41.004831445059416;-8.642413837565845;7.324863840884292;180.29993154303952
VEHICLE_UPDATES;134000000000;veh_21;41.00464201092127;-8.642572244675009;0.0;90.72339311942727
VEHICLE_UPDATES;134000000000;veh_22;41.005758039135614;-8.642404019516711;6.907002966380134;180.13491255010234
VEHICLE_UPDATES;134000000000;veh_23;41.00467320250252;-8.642758649946588;7.746188794367742;90.72293676843753
VEHICLE_UPDATES;134000000000;veh_24;41.00634362857449;-8.642360421427483;7.860672623488908;180.1912402094153
VEHICLE_UPDATES;134000000000;veh_25;41.004648343814914;-8.643738703214938;7.210973769887166;90.16591395568926
VEHICLE_UPDATES;135000000000;veh_0;41.00390966968901;-8.642428896088019;7.051067253240487;180.0313710165426
VEHICLE_UPDATES;135000000000;veh_2;41.0038505544569;-8.642391326302302;7.084928097917851;180.11922223629136
VEHICLE_UPDATES;135000000000;veh_4;41.00398741714509;-8.642390190100013;7.122229176929851;180.5898970918043
VEHICLE_UPDATES;135000000000;veh_6;41.00403562841686;-8.64242733082677;6.54962167314967;180.5550763282368
VEHICLE_UPDATES;135000000000;veh_8;41.00419106770535;-8.6424245246219;6.118605032149675;180.54709486564582
VEHICLE_UPDATES;135000000000;veh_10;41.00415541820782;-8.642387110268809;6.719309273723113;180.5470948656455
VEHICLE_UPDATES;135000000000;veh_12;41.00437845411474;-8.642421149636515;6.486790163708851;180.54709486564582
VEHICLE_UPDATES;135000000000;veh_14;41.00430480935381;-8.642384419529177;6.834593581668623;180.5470948656459
VEHICLE_UPDATES;135000000000;veh_16;41.00472832980015;-8.642415107530482;0.0;180.29993154303912
VEHICLE_UPDATES;135000000000;veh_17;41.00464103204156;-8.642494965566323;0.0;90.72339311942727
VEHICLE_UPDATES;135000000000;veh_18;41.00472037719687;-8.642377151556826;0.0;180.29988793645856
VEHICLE_UPDATES;135000000000;veh_19;41.00466985629917;-8.64249433612498;0.0;90.72293676843755
VEHICLE_UPDATES;135000000000;veh_20;41.004797386114475;-8.642414257035423;3.781226429995836;180.29993154303952
VEHICLE_UPDATES;135000000000;veh_21;41.00464201092127;-8.642572244675009;0.0;90.72339311942727
VEHICLE_UPDATES;135000000000;veh_22;41.00569463469662;-8.642404559356388;7.039006391022742;180.13491255010234
VEHICLE_UPDATES;135000000000;veh_23;41.00467199784352;-8.642663489415648;8.003505303885584;90.72293676843755
VEHICLE_UPDATES;135000000000;veh_24;41.006266385719954;-8.642361179400162;8.574968853580621;180.19124020941572
VEHICLE_UPDATES;135000000000;veh_25;41.004647769333964;-8.64365414772173;7.112456011720749;90.33703010985688
VEHICLE_UPDATES;136000000000;veh_0;41.00384666276628;-8.642429409752593;6.989484849051675;180.11924835566708
VEHICLE_UPDATES;136000000000;veh_2;41.00378860446321;-8.642391831347311;6.882237135960874;180.11922223629097
VEHICLE_UPDATES;136000000000;veh_4;41.003920422441865;-8.642390760508508;7.44275384804925;180.0
VEHICLE_UPDATES;136000000000;veh_6;41.003979902320545;-8.642428388479464;6.182329291246723;180.58913892279796
VEHICLE_UPDATES;136000000000;veh_8;41.004132746405354;-8.642425575032412;6.470178390416289;180.54709486564582
VEHICLE_UPDATES;136000000000;veh_10;41.00409594703815;-8.642388181422142;6.607345410867195;180.5470948656459
VEHICLE_UPDATES;136000000000;veh_12;41.004329649629966;-8.642422028648175;5.414380913843401;180.54709486564582
VEHICLE_UPDATES;136000000000;veh_14;41.00424714244674;-8.642385458191077;6.406889021913112;180.5470948656459
VEHICLE_UPDATES;136000000000;veh_16;41.00472832980015;-8.642415107530482;0.0;180.29993154303912
VEHICLE_UPDATES;136000000000;veh_17;41.00464103204156;-8.642494965566323;0.0;90.72339311942727
VEHICLE_UPDATES;136000000000;veh_18;41.00472037719687;-8.642377151556826;0.0;180.29988793645856
VEHICLE_UPDATES;136000000000;veh_19;41.00466985629917;-8.64249433612498;0.0;90.72293676843755
VEHICLE_UPDATES;136000000000;veh_20;41.00478720926378;-8.64237632848451;1.09708455757906;180.29988793645856
VEHICLE_UPDATES;136000000000;veh_21;41.00464201092127;-8.642572244675009;0.0;90.72339311942727
VEHICLE_UPDATES;136000000000;veh_22;41.00563079745477;-8.642405102879554;7.087055028993092;180.13491255010234
VEHICLE_UPDATES;136000000000;veh_23;41.00467125435951;-8.642604761924147;4.939293645702151;90.72293676843755
VEHICLE_UPDATES;136000000000;veh_24;41.00619606274464;-8.642361869466981;7.806771496834089;180.1912402094153
VEHICLE_UPDATES;136000000000;veh_25;41.00464793328852;-8.64357071140758;7.018079405878486;89.57905898949569
VEHICLE_UPDATES;137000000000;veh_0;41.003782628248366;-8.642429931793194;7.103477973785354;180.11924835566708
VEHICLE_UPDATES;137000000000;veh_2;41.00372745318777;-8.642392329879458;6.793504715447467;180.11922223629136
VEHICLE_UPDATES;137000000000;veh_4;41.003863097527244;-8.642391224045225;6.36841968661388;180.11922223629097
VEHICLE_UPDATES;137000000000;veh_6;41.00392222867725;-8.642428802143558;6.397864233210219;180.0
VEHICLE_UPDATES;137000000000;veh_8;41.00407565772535;-8.642426603240345;6.333431180921356;180.54709486564582
VEHICLE_UPDATES;137000000000;veh_10;41.004028304386964;-8.642389413343288;7.515226486383538;180.56347772765173
VEHICLE_UPDATES;137000000000;veh_12;41.00427694271905;-8.642422977944204;5.847316928334535;180.54709486564582
VEHICLE_UPDATES;137000000000;veh_14;41.00418358158442;-8.642386603008852;7.061717149409988;180.5470948656459
VEHICLE_UPDATES;137000000000;veh_16;41.00472832980015;-8.642415107530482;0.0;180.29993154303912
VEHICLE_UPDATES;137000000000;veh_17;41.00464103204156;-8.642494965566323;0.0;90.72339311942727
VEHICLE_UPDATES;137000000000;veh_18;41.00472037719687;-8.642377151556826;0.0;180.29988793645856
VEHICLE_UPDATES;137000000000;veh_19;41.00466985629917;-8.64249433612498;0.0;90.72293676843755
VEHICLE_UPDATES;137000000000;veh_20;41.004779319074125;-8.642376425656488;0.875928112254402;180.2998879364582
VEHICLE_UPDATES;137000000000;veh_21;41.00464201092127;-8.642572244675009;0.0;90.72339311942727
VEHICLE_UPDATES;137000000000;veh_22;41.0055733409336;-8.642405592074693;6.378682901937902;180.13491255010234
VEHICLE_UPDATES;137000000000;veh_23;41.004670971209;-8.642582396605533;1.881042000844925;90.72293676843755
VEHICLE_UPDATES;137000000000;veh_24;41.00612849031293;-8.64236253254131;7.5014250325615;180.1912402094153
VEHICLE_UPDATES;137000000000;veh_25;41.004648133906294;-8.643489593865734;6.823025137623588;89.57905898949569
VEHICLE_UPDATES;138000000000;veh_0;41.003722898590254;-8.642430418737165;6.625931138024768;180.11924835566748
VEHICLE_UPDATES;138000000000;veh_2;41.00366618988163;-8.642392829323592;6.805950518969599;180.11922223629097
VEHICLE_UPDATES;138000000000;veh_4;41.003797864700715;-8.642391755853657;7.246938304169785;180.11922223629097
VEHICLE_UPDATES;138000000000;veh_6;41.00385171726508;-8.642429368545793;7.821969347630857;180.11924835566708
VEHICLE_UPDATES;138000000000;veh_8;41.004019680498395;-8.642427633510291;6.210152259823839;180.57367329693741
VEHICLE_UPDATES;138000000000;veh_10;41.00396401780688;-8.642390524845242;7.142334713146623;180.45756703221147
VEHICLE_UPDATES;138000000000;veh_12;41.0042176764137;-8.642424045378293;6.57501760135498;180.54709486564582
VEHICLE_UPDATES;138000000000;veh_14;41.004125438658875;-8.642387650239876;6.459775323611275;180.5470948656459
VEHICLE_UPDATES;138000000000;veh_16;41.00472832980015;-8.642415107530482;0.0;180.29993154303912
VEHICLE_UPDATES;138000000000;veh_17;41.00464103204156;-8.642494965566323;0.0;90.72339311942727
VEHICLE_UPDATES;138000000000;veh_18;41.00472037719687;-8.642377151556826;0.0;180.29988793645856
VEHICLE_UPDATES;138000000000;veh_19;41.00466985629917;-8.64249433612498;0.0;90.72293676843755
VEHICLE_UPDATES;138000000000;veh_20;41.00477908298346;-8.642376428564072;0.026209566172624;180.2998879364582
VEHICLE_UPDATES;138000000000;veh_21;41.00464201092127;-8.642572244675009;0.0;90.72339311942727
VEHICLE_UPDATES;138000000000;veh_22;41.00550661894286;-8.642406160156185;7.407312662498481;180.13491255010234
VEHICLE_UPDATES;138000000000;veh_23;41.0046708695472;-8.642574366689242;0.675358583796447;90.72293676843753
VEHICLE_UPDATES;138000000000;veh_24;41.00606047993221;-8.642363199911264;7.550043021595893;180.1912402094153
VEHICLE_UPDATES;138000000000;veh_25;41.004648331891566;-8.643409518112739;6.735397333553808;89.57905898949569
VEHICLE_REGISTRATION;138714285705;veh_26;[src.main.java.CarSendsCamAPP, src.main.java.EventProcessingApp, src.main.java.MainCarApp];Car
VEHICLE_REGISTRATION;138714285705;veh_27;[src.main.java.CarSendsCamAPP, src.main.java.EventProcessingApp, src.main.java.MainCarApp];Car_0
VEHICLE_UPDATES;139000000000;veh_0;41.00366076436795;-8.64243092528291;6.892674207888646;180.11924835566708
VEHICLE_UPDATES;139000000000;veh_2;41.00360034432451;-8.642393366122663;7.31500838910431;180.11922223629097
VEHICLE_UPDATES;139000000000;veh_4;41.003733120622016;-8.642392283676093;7.192641548161343;180.11922223629136
VEHICLE_UPDATES;139000000000;veh_6;41.003788650438665;-8.642429882697426;6.996130014179037;180.11924835566708
VEHICLE_UPDATES;139000000000;veh_8;41.00395477865815;-8.64242862620703;7.200113257422085;180.30134483068653
VEHICLE_UPDATES;139000000000;veh_10;41.003902911571515;-8.642390899461814;6.788447869673903;180.05339642658473
VEHICLE_UPDATES;139000000000;veh_12;41.004169215486066;-8.64242491819708;5.376266452098266;180.54709486564582
VEHICLE_UPDATES;139000000000;veh_14;41.004065430851654;-8.642388731057562;6.666966697368362;180.5470948656459
VEHICLE_UPDATES;139000000000;veh_16;41.00472832980015;-8.642415107530482;0.0;180.29993154303912
VEHICLE_UPDATES;139000000000;veh_17;41.00464103204156;-8.642494965566323;0.0;90.72339311942727
VEHICLE_UPDATES;139000000000;veh_18;41.00472037719687;-8.642377151556826;0.0;180.29988793645856
VEHICLE_UPDATES;139000000000;veh_19;41.00466985629917;-8.64249433612498;0.0;90.72293676843755
VEHICLE_UPDATES;139000000000;veh_20;41.004778989299226;-8.642376429717846;0.010400339724163;180.2998879364582
VEHICLE_UPDATES;139000000000;veh_21;41.00464201092127;-8.642572244675009;0.0;90.72339311942727
VEHICLE_UPDATES;139000000000;veh_22;41.00544029058672;-8.642406724884587;7.363612223783895;180.13491255010234
VEHICLE_UPDATES;139000000000;veh_23;41.00467084055727;-8.642572076881965;0.192584947014668;90.72293676843753
VEHICLE_UPDATES;139000000000;veh_24;41.005983286888;-8.642363983381754;8.569455653859158;180.22150319873154
VEHICLE_UPDATES;139000000000;veh_25;41.00464841601438;-8.643327677830058;6.883807210619377;89.7669942082953
VEHICLE_UPDATES;140000000000;veh_0;41.0036001412164;-8.642431419508414;6.725048017633251;180.11924835566708
VEHICLE_UPDATES;140000000000;veh_2;41.003538732348076;-8.642393868406508;6.844685340898264;180.11922223629136
VEHICLE_UPDATES;140000000000;veh_4;41.003667003969134;-8.642392822686817;7.345125434148637;180.11922223629097
VEHICLE_UPDATES;140000000000;veh_6;41.003732567403496;-8.642430339912586;6.221403925682813;180.11924835566708
VEHICLE_UPDATES;140000000000;veh_8;41.003896555713574;-8.642429002999952;6.458746334007914;180.07474045555364
VEHICLE_UPDATES;140000000000;veh_10;41.00383597133599;-8.642391445190773;7.436620271869535;180.11922223629097
VEHICLE_UPDATES;140000000000;veh_12;41.00411723375635;-8.64242585442652;5.766864991850221;180.54709486564582
VEHICLE_UPDATES;140000000000;veh_14;41.00400268182556;-8.642389900108876;6.971566417188906;180.5898970918043
VEHICLE_UPDATES;140000000000;veh_16;41.00472832980015;-8.642415107530482;0.0;180.29993154303912
VEHICLE_UPDATES;140000000000;veh_17;41.00464103204156;-8.642494965566323;0.0;90.72339311942727
VEHICLE_UPDATES;140000000000;veh_18;41.00472037719687;-8.642377151556826;0.0;180.29988793645856
VEHICLE_UPDATES;140000000000;veh_19;41.00466985629917;-8.64249433612498;0.0;90.72293676843755
VEHICLE_UPDATES;140000000000;veh_20;41.004778958283495;-8.642376430099821;0.00344320777159;180.29988793645856
VEHICLE_UPDATES;140000000000;veh_21;41.00464201092127;-8.642572244675009;0.0;90.72339311942727
VEHICLE_UPDATES;140000000000;veh_22;41.005380960799855;-8.642407230024876;6.586648070946723;180.13491255010234
VEHICLE_UPDATES;140000000000;veh_23;41.0046708368839;-8.64257178673643;0.024402779894111;90.72293676843753
VEHICLE_UPDATES;140000000000;veh_24;41.005914920600034;-8.642364630594013;7.589540834316839;180.13560027009657
VEHICLE_UPDATES;140000000000;veh_25;41.00464829582564;-8.643238895209345;7.467728736572714;89.86833624206884
VEHICLE_UPDATES;141000000000;veh_0;41.00353834569742;-8.6424319232902;6.855101019415176;180.11924835566708
VEHICLE_UPDATES;141000000000;veh_2;41.00347424659574;-8.642394394116998;7.163942864832621;180.11922223629097
VEHICLE_UPDATES;141000000000;veh_4;41.00360818920363;-8.64239330216818;6.533933682420157;180.11922223629097
VEHICLE_UPDATES;141000000000;veh_6;41.00367174870296;-8.642430835733839;6.746740746320945;180.11924835566708
VEHICLE_UPDATES;141000000000;veh_8;41.00384141201958;-8.642429452559293;6.117201036895598;180.11924835566708
VEHICLE_UPDATES;141000000000;veh_10;41.00377315999226;-8.642391957257571;6.977927445771704;180.11922223629097
VEHICLE_UPDATES;141000000000;veh_12;41.004067829209205;-8.642426744237351;5.480951717529447;180.54709486564582
VEHICLE_UPDATES;141000000000;veh_14;41.00394201655735;-8.642390643777361;6.739764125020765;180.09711314868906
VEHICLE_UPDATES;141000000000;veh_16;41.00472832980015;-8.642415107530482;0.0;180.29993154303912
VEHICLE_UPDATES;141000000000;veh_17;41.00464103204156;-8.642494965566323;0.0;90.72339311942727
VEHICLE_UPDATES;141000000000;veh_18;41.00472037719687;-8.642377151556826;0.0;180.29988793645856
VEHICLE_UPDATES;141000000000;veh_19;41.00466985629917;-8.64249433612498;0.0;90.72293676843755
VEHICLE_UPDATES;141000000000;veh_20;41.00477894489514;-8.642376430264704;0.001486304938621;180.29988793645816
VEHICLE_UPDATES;141000000000;veh_21;41.00464201092127;-8.642572244675009;0.0;90.72339311942727
VEHICLE_UPDATES;141000000000;veh_22;41.00531372360327;-8.64240789776866;7.464572526509329;180.24968813081858
VEHICLE_UPDATES;141000000000;veh_23;41.00467083584606;-8.642571704762265;0.006894462309496;90.72293676843753
VEHICLE_UPDATES;141000000000;veh_24;41.00584221902949;-8.64240330278785;8.098000711097237;180.13491255010234
VEHICLE_UPDATES;141000000000;veh_25;41.00464817593735;-8.643150384788056;7.444833428966628;89.86833624206884
VEHICLE_UPDATES;141000000000;veh_26;41.006559630858256;-8.64239635564946;7.860285723029136;180.14875794705137
VEHICLE_UPDATES;141000000000;veh_27;41.00467851741003;-8.643993607495995;7.252419064377522;90.16591395568992
VEHICLE_UPDATES;142000000000;veh_0;41.003480370328816;-8.642432395927356;6.431323999623871;180.11924835566748
VEHICLE_UPDATES;142000000000;veh_2;41.003414566346095;-8.642394880650025;6.630083055041883;180.11922223629097
VEHICLE_UPDATES;142000000000;veh_4;41.00353975359459;-8.642393860080936;7.602746048871903;180.11922223629136
VEHICLE_UPDATES;142000000000;veh_6;41.00361196181338;-8.642431323142024;6.632279811054882;180.11924835566708
VEHICLE_UPDATES;142000000000;veh_8;41.00378127193212;-8.64242994285053;6.671460959786522;180.11924835566708
VEHICLE_UPDATES;142000000000;veh_10;41.00371156936805;-8.642392459371138;6.842313457781049;180.11922223629136
VEHICLE_UPDATES;142000000000;veh_12;41.00401897840083;-8.642427646835747;5.419546562653036;180.57449201736375
VEHICLE_UPDATES;142000000000;veh_14;41.00387990759273;-8.642391087001482;6.899870593105034;180.11922223629097
VEHICLE_UPDATES;142000000000;veh_16;41.00472832980015;-8.642415107530482;0.0;180.29993154303912
VEHICLE_UPDATES;142000000000;veh_17;41.00464103204156;-8.642494965566323;0.0;90.72339311942727
VEHICLE_UPDATES;142000000000;veh_18;41.00472037719687;-8.642377151556826;0.0;180.29988793645856
VEHICLE_UPDATES;142000000000;veh_19;41.00466985629917;-8.64249433612498;0.0;90.72293676843755
VEHICLE_UPDATES;142000000000;veh_20;41.00477893751651;-8.642376430355577;0.000819137574399;180.29988793645856
VEHICLE_UPDATES;142000000000;veh_21;41.00464201092127;-8.642572244675009;0.0;90.72339311942727
VEHICLE_UPDATES;142000000000;veh_22;41.00525081745634;-8.642408672534263;6.983845374076083;180.29993154303912
VEHICLE_UPDATES;142000000000;veh_23;41.00467083516637;-8.642571651074762;0.004515403959121;90.72293676843753
VEHICLE_UPDATES;142000000000;veh_24;41.00577095757547;-8.642403909526022;7.911273173929048;180.13491255010234
VEHICLE_UPDATES;142000000000;veh_25;41.00464806636161;-8.643069531729232;6.800753534510547;89.86833624206722
VEHICLE_UPDATES;142000000000;veh_26;41.00648657690026;-8.642397072481572;8.110328970459722;180.19124020941547
VEHICLE_UPDATES;142000000000;veh_27;41.00467805528156;-8.643906125463593;7.356853421844629;90.16591395568992
VEHICLE_UPDATES;143000000000;veh_0;41.00342289933239;-8.642432864451496;6.375372916870854;180.11924835566748
VEHICLE_UPDATES;143000000000;veh_2;41.00334744494905;-8.642395427844214;7.456745486675914;180.11922223629097
VEHICLE_UPDATES;143000000000;veh_4;41.00348395095951;-8.642394315003713;6.199305663696335;180.11922223629136
VEHICLE_UPDATES;143000000000;veh_6;41.00355386601895;-8.642431796762459;6.444683160628913;180.11924835566708
VEHICLE_UPDATES;143000000000;veh_8;41.00371865892173;-8.642430453300866;6.945787203201066;180.11924835566708
VEHICLE_UPDATES;143000000000;veh_10;41.003649222794856;-8.642392967646153;6.926294344535629;180.11922223629097
VEHICLE_UPDATES;143000000000;veh_12;41.00396502174791;-8.64242857084185;5.985947142994032;180.46870164547295
VEHICLE_UPDATES;143000000000;veh_14;41.00382166121909;-8.642391561853515;6.470789325893448;180.11922223629136
VEHICLE_UPDATES;143000000000;veh_16;41.00472832980015;-8.642415107530482;0.0;180.29993154303912
VEHICLE_UPDATES;143000000000;veh_17;41.00464103204156;-8.642494965566323;0.0;90.72339311942727
VEHICLE_UPDATES;143000000000;veh_18;41.00472037719687;-8.642377151556826;0.0;180.29988793645856
VEHICLE_UPDATES;143000000000;veh_19;41.00466985629917;-8.64249433612498;0.0;90.72293676843755
VEHICLE_UPDATES;143000000000;veh_20;41.00477893751651;-8.642376430355577;0.0;180.29988793645856
VEHICLE_UPDATES;143000000000;veh_21;41.00464201092127;-8.642572244675009;0.0;90.72339311942727
VEHICLE_UPDATES;143000000000;veh_22;41.00519265632246;-8.642409388857567;6.457053583715498;180.29993154303952
VEHICLE_UPDATES;143000000000;veh_23;41.004670834951746;-8.642571634123277;0.00142571002219;90.72293676843755
VEHICLE_UPDATES;143000000000;veh_24;41.005697014181855;-8.64240453909694;8.209015474409652;180.13491255010234
VEHICLE_UPDATES;143000000000;veh_25;41.004647185347295;-8.642980815412145;7.462933459221201;90.72339311942727
VEHICLE_UPDATES;143000000000;veh_26;41.00641200497655;-8.642397804206277;8.278850890539088;180.19124020941547
VEHICLE_UPDATES;143000000000;veh_27;41.00467753903899;-8.64380841436314;8.217073137939064;90.16591395568828
VEHICLE_UPDATES;144000000000;veh_0;41.003362585795024;-8.642433356147784;6.690701615359737;180.11924835566708
VEHICLE_UPDATES;144000000000;veh_2;41.00328611222083;-8.642395927845998;6.813662399856526;180.11922223629136
VEHICLE_UPDATES;144000000000;veh_4;41.00341207023994;-8.642394900999074;7.985474992409812;180.11922223629136
VEHICLE_UPDATES;144000000000;veh_6;41.003494285365925;-8.642432282486814;6.609401439310467;180.11924835566708
VEHICLE_UPDATES;144000000000;veh_8;41.00365460950709;-8.642430975459993;7.105130338767516;180.11924835566748
VEHICLE_UPDATES;144000000000;veh_10;41.003588664343404;-8.642393461342335;6.727645701763752;180.11922223629136
VEHICLE_UPDATES;144000000000;veh_12;41.00390533074845;-8.642428931461321;6.621588485837915;180.04572039547728
VEHICLE_UPDATES;144000000000;veh_14;41.003764343058855;-8.642392029137131;6.36767085206654;180.11922223629136
VEHICLE_UPDATES;144000000000;veh_16;41.00472832980015;-8.642415107530482;0.0;180.29993154303912
VEHICLE_UPDATES;144000000000;veh_17;41.00464103204156;-8.642494965566323;0.0;90.72339311942727
VEHICLE_UPDATES;144000000000;veh_18;41.00472037719687;-8.642377151556826;0.0;180.29988793645856
VEHICLE_UPDATES;144000000000;veh_19;41.00466985629917;-8.64249433612498;0.0;90.72293676843755
VEHICLE_UPDATES;144000000000;veh_20;41.00477893751651;-8.642376430355577;0.0;180.29988793645856
VEHICLE_UPDATES;144000000000;veh_21;41.00464201092127;-8.642572244675009;0.0;90.72339311942727
VEHICLE_UPDATES;144000000000;veh_22;41.00512430966643;-8.642410230625563;7.587850955449432;180.29993154303952
VEHICLE_UPDATES;144000000000;veh_23;41.00467083492831;-8.642571632272851;0.000155630537752;90.72293676843753
VEHICLE_UPDATES;144000000000;veh_24;41.00562806611363;-8.64240512613471;7.654446520550963;180.13491255010274
VEHICLE_UPDATES;144000000000;veh_25;41.00464611946586;-8.642896644457558;7.080808045593837;90.72339311942727
VEHICLE_UPDATES;144000000000;veh_26;41.006334574910504;-8.642398563973641;8.596156984294266;180.19124020941547
VEHICLE_UPDATES;144000000000;veh_27;41.004677073521215;-8.643720317567814;7.408552579625597;90.16591395568992
VEHICLE_UPDATES;145000000000;veh_0;41.00330714214597;-8.642433808141956;6.150475081094643;180.11924835566708
VEHICLE_UPDATES;145000000000;veh_2;41.003218180607625;-8.642396481642198;7.546754999078964;180.11922223629097
VEHICLE_UPDATES;145000000000;veh_4;41.00334994629733;-8.642395407452485;6.901561189360754;180.11922223629136
VEHICLE_UPDATES;145000000000;veh_6;41.00343264424704;-8.642432785007546;6.837972980730494;180.11924835566708
VEHICLE_UPDATES;145000000000;veh_8;41.00359885798511;-8.642431429969841;6.184628356719363;180.11924835566708
VEHICLE_UPDATES;145000000000;veh_10;41.00352613339849;-8.642393971117686;6.946776681218828;180.11922223629136
VEHICLE_UPDATES;145000000000;veh_12;41.00385626239045;-8.64242933149165;5.443251791560091;180.11924835566748
VEHICLE_UPDATES;145000000000;veh_14;41.00370786053099;-8.642392489607149;6.274837528080271;180.11922223629097
VEHICLE_UPDATES;145000000000;veh_16;41.00472832980015;-8.642415107530482;0.0;180.29993154303912
VEHICLE_UPDATES;145000000000;veh_17;41.00464103204156;-8.642494965566323;0.0;90.72339311942727
VEHICLE_UPDATES;145000000000;veh_18;41.00472037719687;-8.642377151556826;0.0;180.29988793645856
VEHICLE_UPDATES;145000000000;veh_19;41.00466985629917;-8.64249433612498;0.0;90.72293676843755
VEHICLE_UPDATES;145000000000;veh_20;41.00477893751651;-8.642376430355577;0.0;180.29988793645856
VEHICLE_UPDATES;145000000000;veh_21;41.00464201092127;-8.642572244675009;0.0;90.72339311942727
VEHICLE_UPDATES;145000000000;veh_22;41.00506496778962;-8.642410961487473;6.588139607263185;180.29993154303952
VEHICLE_UPDATES;145000000000;veh_23;41.00467083492831;-8.642571632272851;0.0;90.72293676843753
VEHICLE_UPDATES;145000000000;veh_24;41.00555166011923;-8.642405776668726;8.482407201395226;180.13491255010234
VEHICLE_UPDATES;145000000000;veh_25;41.00464512299552;-8.642817959176652;6.619330777781831;90.72339311942727
VEHICLE_UPDATES;145000000000;veh_26;41.00626283644538;-8.642399267891106;7.96428482356152;180.19124020941547
VEHICLE_UPDATES;145000000000;veh_27;41.004676628981514;-8.64362316865054;8.169883216588845;89.9135503777577
VEHICLE_UPDATES;146000000000;veh_0;41.00324429218771;-8.64243432051338;6.972071727985619;180.11924835566708
VEHICLE_UPDATES;146000000000;veh_2;41.00315193692933;-8.642397021676329;7.359236458704959;180.11922223629097
VEHICLE_UPDATES;146000000000;veh_4;41.00328192922733;-8.642395961946898;7.556248772565263;180.11922223629136
VEHICLE_UPDATES;146000000000;veh_6;41.00338225343566;-8.64243319581069;5.589953743181376;180.11924835566708
VEHICLE_UPDATES;146000000000;veh_8;41.0035408769787;-8.64243190265421;6.431949482398081;180.11924835566708
VEHICLE_UPDATES;146000000000;veh_10;41.003462604028634;-8.642394489031135;7.057695045846115;180.11922223629097
VEHICLE_UPDATES;146000000000;veh_12;41.00380471630091;-8.642429751720789;5.718111490631476;180.11924835566748
VEHICLE_UPDATES;146000000000;veh_14;41.003644616578136;-8.64239300519788;7.025987318069265;180.11922223629136
VEHICLE_UPDATES;146000000000;veh_16;41.00472832980015;-8.642415107530482;0.0;180.29993154303912
VEHICLE_UPDATES;146000000000;veh_17;41.00464103204156;-8.642494965566323;0.0;90.72339311942727
VEHICLE_UPDATES;146000000000;veh_18;41.00472037719687;-8.642377151556826;0.0;180.29988793645856
VEHICLE_UPDATES;146000000000;veh_19;41.00466985629917;-8.64249433612498;0.0;90.72293676843755
VEHICLE_UPDATES;146000000000;veh_20;41.00477893751651;-8.642376430355577;0.0;180.29988793645856
VEHICLE_UPDATES;146000000000;veh_21;41.00464201092127;-8.642572244675009;0.0;90.72339311942727
VEHICLE_UPDATES;146000000000;veh_22;41.00499986814721;-8.642411763260782;7.227367095061965;180.29993154303952
VEHICLE_UPDATES;146000000000;veh_23;41.00467083492831;-8.642571632272851;0.0;90.72293676843753
VEHICLE_UPDATES;146000000000;veh_24;41.00548546279936;-8.642406340282566;7.349064954800387;180.13491255010234
VEHICLE_UPDATES;146000000000;veh_25;41.004644165901155;-8.642742387176554;6.357428957796471;90.72339311942727
VEHICLE_UPDATES;146000000000;veh_26;41.00619178164954;-8.642399965098157;7.888384900643922;180.19124020941587
VEHICLE_UPDATES;146000000000;veh_27;41.00467686797464;-8.643526638211899;8.11763088567843;89.57888711286945
VEHICLE_UPDATES;147000000000;veh_0;41.00318669032429;-8.642434790099546;6.389889989994569;180.11924835566748
VEHICLE_UPDATES;147000000000;veh_2;41.00308859187579;-8.642397606899639;7.037273069650087;180.20218436817925
VEHICLE_UPDATES;147000000000;veh_4;41.00322280796046;-8.642396443918866;6.567983524195929;180.11922223629136
VEHICLE_UPDATES;147000000000;veh_6;41.00331771571293;-8.642433721942977;7.159298913679226;180.11924835566708
VEHICLE_UPDATES;147000000000;veh_8;41.003477081816584;-8.642432422736517;7.076925372431027;180.11924835566748
VEHICLE_UPDATES;147000000000;veh_10;41.003403350958656;-8.642394972081409;6.582626191189113;180.11922223629136
VEHICLE_UPDATES;147000000000;veh_12;41.00375630917522;-8.642430146358684;5.369899863527157;180.11924835566708
VEHICLE_UPDATES;147000000000;veh_14;41.00359001519921;-8.642431502059848;5.947633905061112;180.11924835566748
VEHICLE_UPDATES;147000000000;veh_16;41.00472832980015;-8.642415107530482;0.0;180.29993154303912
VEHICLE_UPDATES;147000000000;veh_17;41.00464103204156;-8.642494965566323;0.0;90.72339311942727
VEHICLE_UPDATES;147000000000;veh_18;41.00472037719687;-8.642377151556826;0.0;180.29988793645856
VEHICLE_UPDATES;147000000000;veh_19;41.00466985629917;-8.64249433612498;0.0;90.72293676843755
VEHICLE_UPDATES;147000000000;veh_20;41.00477893751651;-8.642376430355577;0.0;180.29988793645856
VEHICLE_UPDATES;147000000000;veh_21;41.00464201092127;-8.642572244675009;0.0;90.72339311942727
VEHICLE_UPDATES;147000000000;veh_22;41.00494195954208;-8.642412476466879;6.429017536942303;180.29993154303952
VEHICLE_UPDATES;147000000000;veh_23;41.00467083492831;-8.642571632272851;0.0;90.72293676843753
VEHICLE_UPDATES;147000000000;veh_24;41.00541610278284;-8.642406930822348;7.700179729807978;180.13491255010234
VEHICLE_UPDATES;147000000000;veh_25;41.00464326485912;-8.642671244635292;5.984804770434419;90.72339311942727
VEHICLE_UPDATES;147000000000;veh_26;41.00611153559788;-8.64240075248959;8.908782670117416;180.19124020941547
VEHICLE_UPDATES;147000000000;veh_27;41.00467708732476;-8.643438012923252;7.452855178687808;89.57888711286945
VEHICLE_UPDATES;148000000000;veh_0;41.00312885435217;-8.642435261593043;6.41586007223568;180.11924835566708
VEHICLE_UPDATES;148000000000;veh_2;41.003017209674574;-8.642436862930097;7.719907940637473;180.49607964342562
VEHICLE_UPDATES;148000000000;veh_4;41.0031568795426;-8.642396981383031;7.324213104666794;180.11922223629136
VEHICLE_UPDATES;148000000000;veh_6;41.003263196142065;-8.642434166402907;6.047965187649826;180.11924835566748
VEHICLE_UPDATES;148000000000;veh_8;41.0034145233691;-8.64243293273525;6.93973406109118;180.11924835566708
VEHICLE_UPDATES;148000000000;veh_10;41.003340960912205;-8.642395480703984;6.931123563193316;180.11922223629097
VEHICLE_UPDATES;148000000000;veh_12;41.00370446166665;-8.642430569043288;5.751548409309239;180.11924835566748
VEHICLE_UPDATES;148000000000;veh_14;41.00353433470414;-8.642431955989375;6.176749127982462;180.11924835566708
VEHICLE_UPDATES;148000000000;veh_16;41.00472832980015;-8.642415107530482;0.0;180.29993154303912
VEHICLE_UPDATES;148000000000;veh_17;41.00464103204156;-8.642494965566323;0.0;90.72339311942727
VEHICLE_UPDATES;148000000000;veh_18;41.00472037719687;-8.642377151556826;0.0;180.29988793645856
VEHICLE_UPDATES;148000000000;veh_19;41.00466985629917;-8.64249433612498;0.0;90.72293676843755
VEHICLE_UPDATES;148000000000;veh_20;41.00477893751651;-8.642376430355577;0.0;180.29988793645856
VEHICLE_UPDATES;148000000000;veh_21;41.00464201092127;-8.642572244675009;0.0;90.72339311942727
VEHICLE_UPDATES;148000000000;veh_22;41.00488293954599;-8.642413203359274;6.552404174832083;180.29993154303952
VEHICLE_UPDATES;148000000000;veh_23;41.00467083492831;-8.642571632272851;0.0;90.72293676843753
VEHICLE_UPDATES;148000000000;veh_24;41.00535006427612;-8.642407493080743;7.331433732632403;180.13491255010234
VEHICLE_UPDATES;148000000000;veh_25;41.0046430413076;-8.642653594471819;1.484804770434419;90.72339311942727
VEHICLE_UPDATES;148000000000;veh_26;41.00603938432427;-8.642401460451092;8.010113817971632;180.19124020941547
VEHICLE_UPDATES;148000000000;veh_27;41.00467727065189;-8.643348701900292;7.510518224953761;89.63875456792353
VEHICLE_REGISTRATION;148999999990;veh_28;[src.main.java.CarSendsCamAPP, src.main.java.EventProcessingApp, src.main.java.MainCarApp];Car
VEHICLE_REGISTRATION;148999999990;veh_29;[src.main.java.CarSendsCamAPP, src.main.java.EventProcessingApp, src.main.java.MainCarApp];Car_0
VEHICLE_UPDATES;149000000000;veh_0;41.00307880912031;-8.642435825925828;5.551741973911518;180.307454496078
VEHICLE_UPDATES;149000000000;veh_2;41.00295065594656;-8.64243798333526;7.383397530105118;180.49607964342522
VEHICLE_UPDATES;149000000000;veh_4;41.00307175460889;-8.642397890339776;9.456990733225481;180.37840156746455
VEHICLE_UPDATES;149000000000;veh_6;41.00320765028774;-8.642434619228322;6.161812807732146;180.11924835566748
VEHICLE_UPDATES;149000000000;veh_8;41.00335530566122;-8.6424334154978;6.569139043945792;180.11924835566708
VEHICLE_UPDATES;149000000000;veh_10;41.00327378842033;-8.642396028312952;7.462421690009135;180.11922223629136
VEHICLE_UPDATES;149000000000;veh_12;41.00365595958654;-8.642430964453565;5.380433254419827;180.11924835566708
VEHICLE_UPDATES;149000000000;veh_14;41.003483914216936;-8.642432367036273;5.593245844019698;180.11924835566748
VEHICLE_UPDATES;149000000000;veh_16;41.00472832980015;-8.642415107530482;0.0;180.29993154303912
VEHICLE_UPDATES;149000000000;veh_17;41.00464103204156;-8.642494965566323;0.0;90.72339311942727
VEHICLE_UPDATES;149000000000;veh_18;41.00472037719687;-8.642377151556826;0.0;180.29988793645856
VEHICLE_UPDATES;149000000000;veh_19;41.00466985629917;-8.64249433612498;0.0;90.72293676843755
VEHICLE_UPDATES;149000000000;veh_20;41.00477893751651;-8.642376430355577;0.0;180.29988793645856
VEHICLE_UPDATES;149000000000;veh_21;41.00464201092127;-8.642572244675009;0.0;90.72339311942727
VEHICLE_UPDATES;149000000000;veh_22;41.004822851881265;-8.642413943399383;6.670936750768857;180.29993154303952
VEHICLE_UPDATES;149000000000;veh_23;41.00467083492831;-8.642571632272851;0.0;90.72293676843753
VEHICLE_UPDATES;149000000000;veh_24;41.00527663605572;-8.642408354547085;8.151978383364012;180.29993154303912
VEHICLE_UPDATES;149000000000;veh_25;41.00464300162255;-8.642650461222248;0.263581917447497;90.7233931194289
VEHICLE_UPDATES;149000000000;veh_26;41.00596219720226;-8.642402258669057;8.569211621309131;180.2215031987318
VEHICLE_UPDATES;149000000000;veh_27;41.004677141593305;-8.643253450156537;8.01007042997246;89.86843701764728
VEHICLE_UPDATES;150000000000;veh_0;41.00301401831399;-8.642436916655427;7.187821012727087;180.49607964342522
VEHICLE_UPDATES;150000000000;veh_2;41.002887806815956;-8.642439041372498;6.97241348246314;180.49607964342522
VEHICLE_UPDATES;150000000000;veh_4;41.00299318612347;-8.642399212966737;8.728984438352287;180.49603027982158
VEHICLE_UPDATES;150000000000;veh_6;41.00315094378147;-8.64243508151456;6.290566189852539;180.11924835566708
VEHICLE_UPDATES;150000000000;veh_8;41.00329614441044;-8.642433897798846;6.562876078422154;180.11924835566748
VEHICLE_UPDATES;150000000000;veh_10;41.00320820034355;-8.642396563003771;7.286403517553183;180.11922223629097
VEHICLE_UPDATES;150000000000;veh_12;41.003596075795144;-8.642431452651396;6.643029304836877;180.11924835566708
VEHICLE_UPDATES;150000000000;veh_14;41.00343078805428;-8.642432800139881;5.893391795041562;180.11924835566708
VEHICLE_UPDATES;150000000000;veh_16;41.00472832980015;-8.642415107530482;0.0;180.29993154303912
VEHICLE_UPDATES;150000000000;veh_17;41.00464103204156;-8.642494965566323;0.0;90.72339311942727
VEHICLE_UPDATES;150000000000;veh_18;41.00472037719687;-8.642377151556826;0.0;180.29988793645856
VEHICLE_UPDATES;150000000000;veh_19;41.00466985629917;-8.64249433612498;0.0;90.72293676843755
VEHICLE_UPDATES;150000000000;veh_20;41.00477893751651;-8.642376430355577;0.0;180.29988793645856
VEHICLE_UPDATES;150000000000;veh_21;41.00464201092127;-8.642572244675009;0.0;90.72339311942727
VEHICLE_UPDATES;150000000000;veh_22;41.0047913191193;-8.642414331756408;3.500769417578538;180.29993154303952
VEHICLE_UPDATES;150000000000;veh_23;41.00467083492831;-8.642571632272851;0.0;90.72293676843753
VEHICLE_UPDATES;150000000000;veh_24;41.00520828797896;-8.64240919633535;7.588008796411422;180.29993154303952
VEHICLE_UPDATES;150000000000;veh_25;41.004642993665016;-8.642649832952532;0.052852647909542;90.7233931194289
VEHICLE_UPDATES;150000000000;veh_26;41.00589200498303;-8.64240287889645;7.792583181878053;180.13491255010234
VEHICLE_UPDATES;150000000000;veh_27;41.00467702272408;-8.643165770021149;7.373346027240244;89.86843701764892
VEHICLE_UPDATES;151000000000;veh_0;41.002953773284936;-8.642437930856186;6.683517395652999;180.49607964342522
VEHICLE_UPDATES;151000000000;veh_2;41.00281835362804;-8.642440210583262;7.705060252144154;180.49607964342522
VEHICLE_UPDATES;151000000000;veh_4;41.00290646349074;-8.64240067285669;9.634912730710582;180.49603027982118
VEHICLE_UPDATES;151000000000;veh_6;41.003087945105676;-8.642435672124634;6.988630335695156;180.21197120228987
VEHICLE_UPDATES;151000000000;veh_8;41.00323443325545;-8.642434400886179;6.845741986372481;180.11924835566708
VEHICLE_UPDATES;151000000000;veh_10;41.00314519045954;-8.64239707667506;6.999983197299364;180.11922223629097
VEHICLE_UPDATES;151000000000;veh_12;41.003540867497186;-8.642431902731506;6.124367363528349;180.11924835566708
VEHICLE_UPDATES;151000000000;veh_14;41.00337555545158;-8.642433250414882;6.127063357368634;180.11924835566708
VEHICLE_UPDATES;151000000000;veh_16;41.00472832980015;-8.642415107530482;0.0;180.29993154303912
VEHICLE_UPDATES;151000000000;veh_17;41.00464103204156;-8.642494965566323;0.0;90.72339311942727
VEHICLE_UPDATES;151000000000;veh_18;41.00472037719687;-8.642377151556826;0.0;180.29988793645856
VEHICLE_UPDATES;151000000000;veh_19;41.00466985629917;-8.64249433612498;0.0;90.72293676843755
VEHICLE_UPDATES;151000000000;veh_20;41.00477893751651;-8.642376430355577;0.0;180.29988793645856
VEHICLE_UPDATES;151000000000;veh_21;41.00464201092127;-8.642572244675009;0.0;90.72339311942727
VEHICLE_UPDATES;151000000000;veh_22;41.00478890904527;-8.642414361438822;0.267566584401222;180.29993154303952
VEHICLE_UPDATES;151000000000;veh_23;41.00467083492831;-8.642571632272851;0.0;90.72293676843753
VEHICLE_UPDATES;151000000000;veh_24;41.005136495286024;-8.642410080545751;7.970430255436194;180.29993154303952
VEHICLE_UPDATES;151000000000;veh_25;41.004642991318306;-8.642649647672908;0.015586488518463;90.72339311942727
VEHICLE_UPDATES;151000000000;veh_26;41.00581506516628;-8.642403533982977;8.541671253025033;180.13491255010234
VEHICLE_UPDATES;151000000000;veh_27;41.00467689422826;-8.643071044402557;7.965826774781656;89.86843701764728
VEHICLE_UPDATES;151000000000;veh_28;41.00656084263815;-8.64235829044671;7.702286204314139;180.14766920786036
VEHICLE_UPDATES;151000000000;veh_29;41.00464957653391;-8.643972023647454;9.092602155788395;90.16591395569088
VEHICLE_UPDATES;152000000000;veh_0;41.00289591315727;-8.642438904905976;6.418938983898713;180.49607964342522
VEHICLE_UPDATES;152000000000;veh_2;41.0027583265241;-8.642441221108058;6.659340789068644;180.49607964342522
VEHICLE_UPDATES;152000000000;veh_4;41.002824996561266;-8.642402044267817;9.051002251965926;180.49603027982118
VEHICLE_UPDATES;152000000000;veh_6;41.003028894110564;-8.642436666227047;6.551052667693384;180.49607964342522
VEHICLE_UPDATES;152000000000;veh_8;41.00317650113529;-8.642434873164484;6.426526021497297;180.11924835566708
VEHICLE_UPDATES;152000000000;veh_10;41.00308454019336;-8.64239767510606;6.737927951931554;180.24458882645084
VEHICLE_UPDATES;152000000000;veh_12;41.00348571537204;-8.642432352352591;6.118135940875859;180.11924835566708
VEHICLE_UPDATES;152000000000;veh_14;41.00331691331242;-8.642433728484395;6.505290011344068;180.11924835566708
VEHICLE_UPDATES;152000000000;veh_16;41.00472832980015;-8.642415107530482;0.0;180.29993154303912
VEHICLE_UPDATES;152000000000;veh_17;41.00464074735371;-8.642466999161744;2.349455000204034;90.61284844879077
VEHICLE_UPDATES;152000000000;veh_18;41.00472037719687;-8.642377151556826;0.0;180.29988793645856
VEHICLE_UPDATES;152000000000;veh_19;41.00466960106137;-8.642469927202297;2.055038725258783;90.63734218809607
VEHICLE_UPDATES;152000000000;veh_20;41.00477893751651;-8.642376430355577;0.0;180.29988793645856
VEHICLE_UPDATES;152000000000;veh_21;41.00464201092127;-8.642572244675009;0.0;90.72339311942727
VEHICLE_UPDATES;152000000000;veh_22;41.00478768431497;-8.642414376522574;0.135969642802341;180.29993154303912
VEHICLE_UPDATES;152000000000;veh_23;41.00467083492831;-8.642571632272851;0.0;90.72293676843753
VEHICLE_UPDATES;152000000000;veh_24;41.00505937053853;-8.642411030423823;8.56239524561618;180.29993154303952
VEHICLE_UPDATES;152000000000;veh_25;41.00464299022584;-8.64264956142021;0.00725593390285;90.72339311942727
VEHICLE_UPDATES;152000000000;veh_26;41.005745647251835;-8.642404125024116;7.706607861403808;180.13491255010234
VEHICLE_UPDATES;152000000000;veh_27;41.00467594181926;-8.642975061961238;8.072361826265318;90.72293676843753
VEHICLE_UPDATES;152000000000;veh_28;41.00648637500625;-8.642359020671524;8.266882790127118;180.1912402094153
VEHICLE_UPDATES;152000000000;veh_29;41.004648995641745;-8.643862065303395;9.249081522401015;90.16591395569088
VEHICLE_UPDATES;153000000000;veh_0;41.002833985188005;-8.642439947433784;6.870220788932508;180.49607964342522
VEHICLE_UPDATES;153000000000;veh_2;41.00268912455593;-8.642442386084106;7.67719003245436;180.49607964342522
VEHICLE_UPDATES;153000000000;veh_4;41.00273598642805;-8.642403542656233;9.889054481060244;180.49603027982118
VEHICLE_UPDATES;153000000000;veh_6;41.00296995651158;-8.642437658418316;6.538472554747575;180.49607964342522
VEHICLE_UPDATES;153000000000;veh_8;41.00312168061941;-8.642435320075048;6.081349470751332;180.11924835566708
VEHICLE_UPDATES;153000000000;veh_10;41.00301974760558;-8.642398765829459;7.198477728513601;180.49603027982118
VEHICLE_UPDATES;153000000000;veh_12;41.003435153053516;-8.642432764554874;5.608979426171631;180.11924835566708
VEHICLE_UPDATES;153000000000;veh_14;41.00326407151862;-8.642434159266584;5.861846018773095;180.11924835566708
VEHICLE_UPDATES;153000000000;veh_16;41.00472832980015;-8.642415107530482;0.0;180.29993154303912
VEHICLE_UPDATES;153000000000;veh_17;41.00464029326258;-8.642412535305882;4.570895068184473;90.39595623630524
VEHICLE_UPDATES;153000000000;veh_18;41.00472037719687;-8.642377151556826;0.0;180.29988793645856
VEHICLE_UPDATES;153000000000;veh_19;41.004669243170696;-8.642427113213623;3.608136571594514;90.39760485622355
VEHICLE_UPDATES;153000000000;veh_20;41.00477893751651;-8.642376430355577;0.0;180.29988793645856
VEHICLE_UPDATES;153000000000;veh_21;41.00464177793856;-8.642553851139885;1.547340337484863;90.72339311942727
VEHICLE_UPDATES;153000000000;veh_22;41.004787063991984;-8.642414384162455;0.06886830067868;180.29993154303952
VEHICLE_UPDATES;153000000000;veh_23;41.00467066240927;-8.642558005711868;1.146066117168229;90.72293676843755
VEHICLE_UPDATES;153000000000;veh_24;41.00498429018185;-8.642411955120162;8.335426714119357;180.29993154303952
VEHICLE_UPDATES;153000000000;veh_25;41.00464298984505;-8.642649531355223;0.002529191113134;90.72339311942727
VEHICLE_UPDATES;153000000000;veh_26;41.00567181719907;-8.642404753629341;8.196432613564156;180.13491255010274
VEHICLE_UPDATES;153000000000;veh_27;41.00467485775896;-8.642889414986904;7.203364032597368;90.72293676843755
VEHICLE_UPDATES;153000000000;veh_28;41.006418193008244;-8.642359689735446;7.569095262852777;180.19124020941572
VEHICLE_UPDATES;153000000000;veh_29;41.004648416661624;-8.64375248864462;9.21697651335277;90.16591395569088
VEHICLE_UPDATES;154000000000;veh_0;41.002770580398916;-8.642441014820687;7.034057476665928;180.49607964342522
VEHICLE_UPDATES;154000000000;veh_2;41.00262219015939;-8.642443512884038;7.425628043843586;180.49607964342522
VEHICLE_UPDATES;154000000000;veh_4;41.00265145809305;-8.64240496559392;9.391125108514913;180.49603027982118
VEHICLE_UPDATES;154000000000;veh_6;41.00290422217956;-8.64243876502737;7.292494579462657;180.49607964342522
VEHICLE_UPDATES;154000000000;veh_8;41.003059168132836;-8.642436156574965;6.934895077981959;180.49607964342522
VEHICLE_UPDATES;154000000000;veh_10;41.00295089816523;-8.642399924843371;7.649195286876123;180.49603027982158
VEHICLE_UPDATES;154000000000;veh_12;41.00338608591903;-8.642433164567006;5.443115614690818;180.11924835566708
VEHICLE_UPDATES;154000000000;veh_14;41.00320415673139;-8.642434647708736;6.646467278040537;180.11924835566708
VEHICLE_UPDATES;154000000000;veh_16;41.00472832980015;-8.642415107530482;0.0;180.29993154303912
VEHICLE_UPDATES;154000000000;veh_17;41.004639624344165;-8.642332310610644;6.732881206553429;90.39595623630524
VEHICLE_UPDATES;154000000000;veh_18;41.00472037719687;-8.642377151556826;0.0;180.29988793645856
VEHICLE_UPDATES;154000000000;veh_19;41.00466865871987;-8.64235720022056;5.891897470876574;90.39760485622517
VEHICLE_UPDATES;154000000000;veh_20;41.00477893751651;-8.642376430355577;0.0;180.29988793645856
VEHICLE_UPDATES;154000000000;veh_21;41.00464118791858;-8.64250727123447;3.918494575349402;90.72339311942727
VEHICLE_UPDATES;154000000000;veh_22;41.00478689142747;-8.642414386287756;0.019158122878643;180.29993154303952
VEHICLE_UPDATES;154000000000;veh_23;41.004670263122186;-8.642526468178666;2.652473990244616;90.72293676843755
VEHICLE_UPDATES;154000000000;veh_24;41.004910681103745;-8.64241286169346;8.172085150970933;180.29993154303952
VEHICLE_UPDATES;154000000000;veh_25;41.00464280318343;-8.642634793980964;1.239768902594636;90.72339311942727
VEHICLE_UPDATES;154000000000;veh_26;41.00559432755272;-8.642405413390989;8.602711664472208;180.13491255010274
VEHICLE_UPDATES;154000000000;veh_27;41.004673675500484;-8.642796015526729;7.85538945316532;90.72293676843755
VEHICLE_UPDATES;154000000000;veh_28;41.00635307418284;-8.642360328738961;7.229042878039461;180.1912402094153
VEHICLE_UPDATES;154000000000;veh_29;41.00464774423913;-8.643647130284268;8.862281611573476;90.29270540550684
VEHICLE_UPDATES;155000000000;veh_0;41.00270893860658;-8.642442052526057;6.838472482320955;180.49607964342522
VEHICLE_UPDATES;155000000000;veh_2;41.0025619560089;-8.642444526887019;6.682310072534871;180.49607964342522
VEHICLE_UPDATES;155000000000;veh_4;41.00256476938941;-8.642406424894334;9.63114261210803;180.49603027982118
VEHICLE_UPDATES;155000000000;veh_6;41.00284540441794;-8.642439755196676;6.525177785313433;180.49607964342522
VEHICLE_UPDATES;155000000000;veh_8;41.00300085153323;-8.64243713831306;6.469579600711326;180.49607964342522
VEHICLE_UPDATES;155000000000;veh_10;41.002890276400535;-8.642400945349866;6.735097759252015;180.49603027982118
VEHICLE_UPDATES;155000000000;veh_12;41.00333371055491;-8.642433591548015;5.810104108961299;180.11924835566708
VEHICLE_UPDATES;155000000000;veh_14;41.00314227228324;-8.642435152206776;6.864965634238497;180.11924835566708
VEHICLE_UPDATES;155000000000;veh_16;41.00472832980015;-8.642415107530482;0.0;180.29993154303912
VEHICLE_UPDATES;155000000000;veh_17;41.00463963299483;-8.642224596030454;9.054632476218206;89.60223657677096
VEHICLE_UPDATES;155000000000;veh_18;41.00472037719687;-8.642377151556826;0.0;180.29988793645856
VEHICLE_UPDATES;155000000000;veh_19;41.00466837747192;-8.64226275497106;7.95125312190503;89.6021778161488
VEHICLE_UPDATES;155000000000;veh_20;41.00477893751651;-8.642376430355577;0.0;180.29988793645856
VEHICLE_UPDATES;155000000000;veh_21;41.00464044651139;-8.642430915678501;6.412975687272635;90.3959562363036
VEHICLE_UPDATES;155000000000;veh_22;41.00478688742371;-8.642414386337066;0.000444497888907;180.29993154303912
VEHICLE_UPDATES;155000000000;veh_23;41.004669598530114;-8.642469624384667;4.783034951493899;90.6352686050853
VEHICLE_UPDATES;155000000000;veh_24;41.00486811928489;-8.642413385885877;4.725216144331227;180.29993154303952
VEHICLE_UPDATES;155000000000;veh_25;41.00464234262134;-8.642598432157111;3.058907114258448;90.72339311942727
VEHICLE_UPDATES;155000000000;veh_26;41.005520873163896;-8.642406038793649;8.154727102240049;180.13491255010234
VEHICLE_UPDATES;155000000000;veh_27;41.004672606051074;-8.642711533235305;7.105408597269182;90.72293676843753
VEHICLE_UPDATES;155000000000;veh_28;41.00628386221456;-8.642361007906125;7.683435278656241;180.1912402094153
VEHICLE_UPDATES;155000000000;veh_29;41.00464802091623;-8.643535282967436;9.407793154625747;89.57905898949569
VEHICLE_UPDATES;156000000000;veh_0;41.002653593142;-8.642442984234236;6.139964759248412;180.49607964342522
VEHICLE_UPDATES;156000000000;veh_2;41.00249875005832;-8.642445590915914;7.011998212120648;180.49607964342522
VEHICLE_UPDATES;156000000000;veh_4;41.00247816028393;-8.642407882850152;9.622299080625178;180.49603027982118
VEHICLE_UPDATES;156000000000;veh_6;41.00277689439137;-8.642440908527995;7.600426912281113;180.49607964342522
VEHICLE_UPDATES;156000000000;veh_8;41.00293522805285;-8.642438243057235;7.280196860391619;180.49607964342522
VEHICLE_UPDATES;156000000000;veh_10;41.00282703329419;-8.642402009981584;7.026329590485032;180.49603027982158
VEHICLE_UPDATES;156000000000;veh_12;41.003281398996705;-8.642434018007881;5.80302594128158;180.11924835566748
VEHICLE_UPDATES;156000000000;veh_14;41.003082922783754;-8.642435756673715;6.58385458528489;180.2644611668351
VEHICLE_UPDATES;156000000000;veh_16;41.00472832980015;-8.642415107530482;0.0;180.29993154303912
VEHICLE_UPDATES;156000000000;veh_17;41.004639861100735;-8.642118743341143;8.901669678757127;89.60223657676934
VEHICLE_UPDATES;156000000000;veh_18;41.00472037719687;-8.642377151556826;0.0;180.29988793645856
VEHICLE_UPDATES;156000000000;veh_19;41.00466858106285;-8.642168329066369;7.941905156344289;89.60217781615042
VEHICLE_UPDATES;156000000000;veh_20;41.00477893751651;-8.642376430355577;0.0;180.29988793645856
VEHICLE_UPDATES;156000000000;veh_21;41.00463956543638;-8.642325246005186;8.868358479970853;90.3959562363036
VEHICLE_UPDATES;156000000000;veh_22;41.00478688742371;-8.642414386337066;0.0;180.29993154303912
VEHICLE_UPDATES;156000000000;veh_23;41.004668957773625;-8.64239297290019;6.459781825540411;90.39760485622517
VEHICLE_UPDATES;156000000000;veh_24;41.00484655930817;-8.642375597555457;2.361150572102166;180.29988793645816
VEHICLE_UPDATES;156000000000;veh_25;41.0046415820358;-8.642538385172458;5.0514009757996;90.7233931194289
VEHICLE_UPDATES;156000000000;veh_26;41.00544932876042;-8.642406647932475;7.94268508523839;180.13491255010234
VEHICLE_UPDATES;156000000000;veh_27;41.00467147591449;-8.642622262212486;7.508166585440835;90.72293676843753
VEHICLE_UPDATES;156000000000;veh_28;41.00620920915418;-8.642399794095406;8.312777395537402;180.19124020941547
VEHICLE_UPDATES;156000000000;veh_29;41.00464827427356;-8.643432824212725;8.618094713508677;89.57905898949569
VEHICLE_UPDATES;157000000000;veh_0;41.00259859581601;-8.642443910079823;6.10134258627995;180.49607964342522
VEHICLE_UPDATES;157000000000;veh_2;41.00243068839614;-8.642446736684619;7.55068539422207;180.49607964342522
VEHICLE_UPDATES;157000000000;veh_4;41.0023995043877;-8.642409206919622;8.738694883025252;180.49603027982158
VEHICLE_UPDATES;157000000000;veh_6;41.00272662146933;-8.642441754845116;5.577222556952632;180.49607964342522
VEHICLE_UPDATES;157000000000;veh_8;41.00287108747263;-8.642439322834814;7.115685463585864;180.49607964342522
VEHICLE_UPDATES;157000000000;veh_10;41.002762417435875;-8.642403097719585;7.17884269742069;180.49603027982118
VEHICLE_UPDATES;157000000000;veh_12;41.003232102376835;-8.642434419888154;5.468572740569711;180.11924835566748
VEHICLE_UPDATES;157000000000;veh_14;41.003029524775016;-8.642436655610046;5.923916553221234;180.49607964342522
VEHICLE_UPDATES;157000000000;veh_16;41.00472832980015;-8.642415107530482;0.0;180.29993154303912
VEHICLE_UPDATES;157000000000;veh_17;41.00464006384612;-8.642024621325946;7.915179992410515;89.60223657677096
VEHICLE_UPDATES;157000000000;veh_18;41.00472037719687;-8.642377151556826;0.0;180.29988793645856
VEHICLE_UPDATES;157000000000;veh_19;41.00466879862355;-8.642067384285355;8.490190051526875;89.60217781615044
VEHICLE_UPDATES;157000000000;veh_20;41.00477893751651;-8.642376430355577;0.0;180.29988793645856
VEHICLE_UPDATES;157000000000;veh_21;41.00463965660807;-8.642213640387885;9.383046867826192;89.60223657676934
VEHICLE_UPDATES;157000000000;veh_22;41.00478688742371;-8.642414386337066;0.0;180.29993154303912
VEHICLE_UPDATES;157000000000;veh_23;41.004668296922866;-8.642300103892243;7.824669634050485;90.21359199039809
VEHICLE_UPDATES;157000000000;veh_24;41.00484153386525;-8.642375659446667;0.557898728874508;180.2998879364582
VEHICLE_UPDATES;157000000000;veh_25;41.00464059311691;-8.642448499597439;7.554673481238821;90.48577332048434
VEHICLE_UPDATES;157000000000;veh_26;41.00537010999597;-8.642407322409666;8.794673796982005;180.13491255010234
VEHICLE_UPDATES;157000000000;veh_27;41.00467028918025;-8.642528526343906;7.883684120184829;90.72293676843755
VEHICLE_UPDATES;157000000000;veh_28;41.00613930029731;-8.642400480056713;7.761164594269637;180.19124020941587
VEHICLE_UPDATES;157000000000;veh_29;41.00464841155686;-8.643324384180351;9.121186114510115;89.78702936827709
VEHICLE_UPDATES;158000000000;veh_0;41.00254204832544;-8.642444862019506;6.273316071081078;180.49607964342522
VEHICLE_UPDATES;158000000000;veh_2;41.00236635717869;-8.642447819651348;7.136833905514482;180.49607964342522
VEHICLE_UPDATES;158000000000;veh_4;41.00230972207719;-8.64241071828308;9.97484286919143;180.49603027982118
VEHICLE_UPDATES;158000000000;veh_6;41.00267341306801;-8.642442650577715;5.902881338981622;180.49607964342522
VEHICLE_UPDATES;158000000000;veh_8;41.00281018652305;-8.64244034807232;6.756284323782633;180.49607964342522
VEHICLE_UPDATES;158000000000;veh_10;41.00269323243831;-8.642404262371226;7.686475449486236;180.49603027982118
VEHICLE_UPDATES;158000000000;veh_12;41.00318130604739;-8.642434833993587;5.634938476640731;180.11924835566708
VEHICLE_UPDATES;158000000000;veh_14;41.00297137653751;-8.642437634512763;6.450901660653353;180.49607964342522
VEHICLE_UPDATES;158000000000;veh_16;41.00472832980015;-8.642415107530482;0.0;180.29993154303912
VEHICLE_UPDATES;158000000000;veh_17;41.00464026916108;-8.641929270040054;8.018555367262262;89.60223657677096
VEHICLE_UPDATES;158000000000;veh_18;41.00472037719687;-8.642377151556826;0.0;180.29988793645856
VEHICLE_UPDATES;158000000000;veh_19;41.00466898477203;-8.641980981696793;7.267085928221347;89.60217781614881
VEHICLE_UPDATES;158000000000;veh_20;41.00477893751651;-8.642376430355577;0.0;180.29988793645856
VEHICLE_UPDATES;158000000000;veh_21;41.004639877112986;-8.642111311146412;8.60536573971088;89.60223657676934
VEHICLE_UPDATES;158000000000;veh_22;41.00478688742371;-8.642414386337066;0.0;180.29993154303912
VEHICLE_UPDATES;158000000000;veh_23;41.004668490177245;-8.642210486433369;7.537479901651648;89.6021778161488
VEHICLE_UPDATES;158000000000;veh_24;41.00483800218324;-8.642375702941349;0.392069103572893;180.29988793645856
VEHICLE_UPDATES;158000000000;veh_25;41.0046398477637;-8.642359105007499;7.502467249678263;90.39595623630524
VEHICLE_UPDATES;158000000000;veh_26;41.0052967690971;-8.642408106584183;8.142233397212312;180.29993154303912
VEHICLE_UPDATES;158000000000;veh_27;41.00466930380242;-8.642434366373148;7.927496345827443;90.39760485622517
VEHICLE_UPDATES;158000000000;veh_28;41.006069651122594;-8.642401163467985;7.73233502054615;180.19124020941547
VEHICLE_UPDATES;158000000000;veh_29;41.004648263495994;-8.643215022125284;9.198716549493897;89.86833624206722
VEHICLE_UPDATES;159000000000;veh_0;41.00248407703624;-8.64244583792584;6.431270650789244;180.49607964342522
VEHICLE_UPDATES;159000000000;veh_2;41.00230002348149;-8.642448936325602;7.358986701529626;180.49607964342522
VEHICLE_UPDATES;159000000000;veh_4;41.00222657137957;-8.642412118007865;9.238068455484695;180.49603027982158
VEHICLE_UPDATES;159000000000;veh_6;41.00261557558593;-8.642443624236217;6.416426389554887;180.49607964342522
VEHICLE_UPDATES;159000000000;veh_8;41.002747529935746;-8.642441402862719;6.951052765014567;180.49607964342562
VEHICLE_UPDATES;159000000000;veh_10;41.00262725509897;-8.642405373022783;7.330103502248014;180.49603027982118
VEHICLE_UPDATES;159000000000;veh_12;41.00312228290312;-8.642435315165086;6.547555447054096;180.11924835566708
VEHICLE_UPDATES;159000000000;veh_14;41.00291196402795;-8.64243863469684;6.591158545161188;180.49607964342522
VEHICLE_UPDATES;159000000000;veh_16;41.00472832980015;-8.642415107530482;0.0;180.29993154303912
VEHICLE_UPDATES;159000000000;veh_17;41.00464049688185;-8.641823470284798;8.897218188190994;89.60223657676934
VEHICLE_UPDATES;159000000000;veh_18;41.00472037719687;-8.642377151556826;0.0;180.29988793645856
VEHICLE_UPDATES;159000000000;veh_19;41.0046691907467;-8.641885341547987;8.04403190876648;89.60217781615042
VEHICLE_UPDATES;159000000000;veh_20;41.00477893751651;-8.642376430355577;0.0;180.29988793645856
VEHICLE_UPDATES;159000000000;veh_21;41.004640079041955;-8.642017565411455;7.883536748650225;89.60223657677096
VEHICLE_UPDATES;159000000000;veh_22;41.00478688742371;-8.642414386337066;0.0;180.29993154303912
VEHICLE_UPDATES;159000000000;veh_23;41.00466870704681;-8.64210987946603;8.46177746615166;89.60217781615042
VEHICLE_UPDATES;159000000000;veh_24;41.004837560397846;-8.64237570838219;0.049044734755366;180.2998879364582
VEHICLE_UPDATES;159000000000;veh_25;41.00463950937223;-8.642281944339638;6.480660716229865;89.91136594694564
VEHICLE_UPDATES;159000000000;veh_26;41.00521712519892;-8.64240908749455;8.842071792256519;180.29993154303912
VEHICLE_UPDATES;159000000000;veh_27;41.00466859315116;-8.64234935709558;7.164132525466469;90.39760485622517
VEHICLE_UPDATES;159000000000;veh_28;41.00600301936372;-8.64240182965138;7.3973544819423;180.20615470475425
VEHICLE_UPDATES;159000000000;veh_29;41.00464812124465;-8.643110023258853;8.831717915448886;89.86833624206884
VEHICLE_REGISTRATION;159285714275;veh_30;[src.main.java.CarSendsCamAPP, src.main.java.EventProcessingApp, src.main.java.MainCarApp];Car
VEHICLE_REGISTRATION;159285714275;veh_31;[src.main.java.CarSendsCamAPP, src.main.java.EventProcessingApp, src.main.java.MainCarApp];Car_0
VEHICLE_UPDATES;160000000000;veh_0;41.00242877418959;-8.642446768908856;6.135236527296817;180.49607964342522
VEHICLE_UPDATES;160000000000;veh_2;41.00223285832819;-8.642450066993966;7.451227428640392;180.49607964342522
VEHICLE_UPDATES;160000000000;veh_4;41.0021349082688;-8.642451685451814;9.83066541452799;180.47282324749773
VEHICLE_UPDATES;160000000000;veh_6;41.00255650492181;-8.642444618652435;6.553234170271794;180.49607964342562
VEHICLE_UPDATES;160000000000;veh_8;41.00268792649224;-8.642442406252805;6.612340284845835;180.49607964342522
VEHICLE_UPDATES;160000000000;veh_10;41.00256003834288;-8.642406504535698;7.467803010915007;180.49603027982118
VEHICLE_UPDATES;160000000000;veh_12;41.00306844614138;-8.642436000382972;5.972415516419336;180.4157614896607
VEHICLE_UPDATES;160000000000;veh_14;41.00285454982851;-8.64243960123814;6.36946815010585;180.49607964342522
VEHICLE_UPDATES;160000000000;veh_16;41.00472832980015;-8.642415107530482;0.0;180.29993154303912
VEHICLE_UPDATES;160000000000;veh_17;41.004640716513464;-8.641721386008234;8.584765434860412;89.60223657676934
VEHICLE_UPDATES;160000000000;veh_18;41.00472037719687;-8.642377151556826;0.0;180.29988793645856
VEHICLE_UPDATES;160000000000;veh_19;41.004669393346525;-8.641791232461372;7.915258444224597;89.60217781614881
VEHICLE_UPDATES;160000000000;veh_20;41.00477893751651;-8.642376430355577;0.0;180.29988793645856
VEHICLE_UPDATES;160000000000;veh_21;41.004640293295225;-8.641918059376822;8.367948482288325;89.60223657676934
VEHICLE_UPDATES;160000000000;veh_22;41.00478688742371;-8.642414386337066;0.0;180.29993154303912
VEHICLE_UPDATES;160000000000;veh_23;41.004668906088355;-8.642017507141274;7.769184148859028;89.6021778161488
VEHICLE_UPDATES;160000000000;veh_24;41.00483751071008;-8.642375708994122;0.005516079023705;180.29988793645856
VEHICLE_UPDATES;160000000000;veh_25;41.0046397015441;-8.642192790441737;7.497386745917426;89.60223657677096
VEHICLE_UPDATES;160000000000;veh_26;41.005145611888544;-8.64240996826434;7.93941319368916;180.29993154303952
VEHICLE_UPDATES;160000000000;veh_27;41.00466838510839;-8.642259213803946;7.588113904089754;89.60217781614881
VEHICLE_UPDATES;160000000000;veh_28;41.00593079224478;-8.64240254865033;8.018542209095601;180.17323988057646
VEHICLE_UPDATES;160000000000;veh_29;41.0046474600429;-8.643002508470753;9.043867996719259;90.68813275898906
VEHICLE_UPDATES;161000000000;veh_0;41.0023742849714;-8.642447686193174;6.0449734273051;180.49607964342522
VEHICLE_UPDATES;161000000000;veh_2;41.00217424046546;-8.642451044407283;6.502990565890419;180.48480567407418
VEHICLE_UPDATES;161000000000;veh_4;41.00205299285449;-8.642453020523709;9.087558413184249;180.47282324749773
VEHICLE_UPDATES;161000000000;veh_6;41.00249433205134;-8.642445665289944;6.897389441636802;180.49607964342522
VEHICLE_UPDATES;161000000000;veh_8;41.00263132962645;-8.642443359026823;6.278793802764349;180.49607964342522
VEHICLE_UPDATES;161000000000;veh_10;41.002494615155776;-8.642407605853352;7.268536840740191;180.49603027982118
VEHICLE_UPDATES;161000000000;veh_12;41.00300922083501;-8.642436997419132;6.570390542862937;180.49607964342522
VEHICLE_UPDATES;161000000000;veh_14;41.002793713302125;-8.642440625390488;6.749137266915814;180.49607964342522
VEHICLE_UPDATES;161000000000;veh_16;41.00472832980015;-8.642415107530482;0.0;180.29993154303912
VEHICLE_UPDATES;161000000000;veh_17;41.00464094812543;-8.641613687746796;9.056872841240068;89.60223657676934
VEHICLE_UPDATES;161000000000;veh_18;41.00472037719687;-8.642377151556826;0.0;180.29988793645856
VEHICLE_UPDATES;161000000000;veh_19;41.004669583146885;-8.641703036435427;7.417927046570108;89.6021778161488
VEHICLE_UPDATES;161000000000;veh_20;41.00477893751651;-8.642376430355577;0.0;180.29988793645856
VEHICLE_UPDATES;161000000000;veh_21;41.00464052111836;-8.641812207273313;8.901620408453287;89.60223657676934
VEHICLE_UPDATES;161000000000;veh_22;41.00478688742371;-8.642414386337066;0.0;180.29993154303912
VEHICLE_UPDATES;161000000000;veh_23;41.00466909319014;-8.641930644547148;7.305775739799981;89.60217781614881
VEHICLE_UPDATES;161000000000;veh_24;41.0048375033243;-8.642375709085083;0.000819930488968;180.29988793645856
VEHICLE_UPDATES;161000000000;veh_25;41.00463986977085;-8.642114719076972;6.56540240025595;89.60223657676934
VEHICLE_UPDATES;161000000000;veh_26;41.00507059057941;-8.64241089223657;8.328871378378443;180.29993154303912
VEHICLE_UPDATES;161000000000;veh_27;41.004668588864135;-8.642164710104325;7.948448275446047;89.60217781614881
VEHICLE_UPDATES;161000000000;veh_28;41.00585510964578;-8.642403193033658;8.402098054942023;180.13491255010234
VEHICLE_UPDATES;161000000000;veh_29;41.004646017462235;-8.642888589647963;9.583321449451674;90.72339311942727
VEHICLE_UPDATES;162000000000;veh_0;41.00231557055164;-8.642448674603468;6.513712538002162;180.49607964342522
VEHICLE_UPDATES;162000000000;veh_2;41.00210681299147;-8.642452143354063;7.480290721140023;180.47282324749773
VEHICLE_UPDATES;162000000000;veh_4;41.001971719375305;-8.642454345129227;9.016343076996506;180.47282324749773
VEHICLE_UPDATES;162000000000;veh_6;41.0024473733152;-8.642446455806377;5.209550165893777;180.49607964342522
VEHICLE_UPDATES;162000000000;veh_8;41.00256674997456;-8.64244444618379;7.16439520335381;180.49607964342522
VEHICLE_UPDATES;162000000000;veh_10;41.00243447648203;-8.642408618210482;6.681425653479594;180.49603027982118
VEHICLE_UPDATES;162000000000;veh_12;41.0029566208693;-8.642437882918305;5.835382458205335;180.49607964342522
VEHICLE_UPDATES;162000000000;veh_14;41.00272974893135;-8.642441702196052;7.096136801717394;180.49607964342562
VEHICLE_UPDATES;162000000000;veh_16;41.00472832980015;-8.642415107530482;0.0;180.29993154303912
VEHICLE_UPDATES;162000000000;veh_17;41.00464108956991;-8.641547893828497;5.532931949607359;89.60223657676934
VEHICLE_UPDATES;162000000000;veh_18;41.00472037719687;-8.642377151556826;0.0;180.29988793645856
VEHICLE_UPDATES;162000000000;veh_19;41.00466977505093;-8.641613830962974;7.502828835819961;89.6021778161488
VEHICLE_UPDATES;162000000000;veh_20;41.00477893751651;-8.642376430355577;0.0;180.29988793645856
VEHICLE_UPDATES;162000000000;veh_21;41.00464075203567;-8.641704871425212;9.02639573571423;89.60223657676934
VEHICLE_UPDATES;162000000000;veh_22;41.00478688742371;-8.642414386337066;0.0;180.29993154303912
VEHICLE_UPDATES;162000000000;veh_23;41.00466929863814;-8.641835229636838;8.02508771257734;89.60217781615042
VEHICLE_UPDATES;162000000000;veh_24;41.00483749929867;-8.64237570913466;0.000446905501141;180.29988793645816
VEHICLE_UPDATES;162000000000;veh_25;41.00464004843429;-8.64203177732841;6.97497676135488;89.60223657676934
VEHICLE_UPDATES;162000000000;veh_26;41.00499260347468;-8.642411852733042;8.658134108717986;180.29993154303952
VEHICLE_UPDATES;162000000000;veh_27;41.00466876930911;-8.64208098812083;7.041627553684724;89.6021778161488
VEHICLE_UPDATES;162000000000;veh_28;41.00578410289345;-8.642403797603578;7.882996828938182;180.13491255010234
VEHICLE_UPDATES;162000000000;veh_29;41.00464472230187;-8.64278632000151;8.60334508056991;90.7233931194289
VEHICLE_UPDATES;162000000000;veh_30;41.00657107791416;-8.64235820028371;6.566042513044056;180.14766920786036
VEHICLE_UPDATES;162000000000;veh_31;41.00467849010954;-8.64398843909827;7.687058533653903;90.16591395568992
VEHICLE_UPDATES;163000000000;veh_0;41.0022520558525;-8.642449743820219;7.04625012422084;180.49607964342522
VEHICLE_UPDATES;163000000000;veh_2;41.0020438786283;-8.642453169068729;6.9818324721811;180.47282324749773
VEHICLE_UPDATES;163000000000;veh_4;41.00188245455697;-8.64245579997401;9.902888651871123;180.47282324749773
VEHICLE_UPDATES;163000000000;veh_6;41.002387176720404;-8.642447469170605;6.678143477305953;180.49607964342522
VEHICLE_UPDATES;163000000000;veh_8;41.002519505655535;-8.642445241509922;5.241232481576199;180.49607964342522
VEHICLE_UPDATES;163000000000;veh_10;41.00236510270971;-8.642409786025814;7.707447935000594;180.49603027982118
VEHICLE_UPDATES;163000000000;veh_12;41.002903682046444;-8.642438774120265;5.872974841423333;180.49607964342522
VEHICLE_UPDATES;163000000000;veh_14;41.0026680768924;-8.642442740409043;6.841827958779932;180.49607964342522
VEHICLE_UPDATES;163000000000;veh_16;41.00472832980015;-8.642415107530482;0.0;180.29993154303912
VEHICLE_UPDATES;163000000000;veh_17;41.00464106262545;-8.641460656897438;7.341573066231126;89.94365613456651
VEHICLE_UPDATES;163000000000;veh_18;41.00472037719687;-8.642377151556826;0.0;180.29988793645856
VEHICLE_UPDATES;163000000000;veh_19;41.00466992234028;-8.64154534260132;5.760369184581921;89.60217781614881
VEHICLE_UPDATES;163000000000;veh_20;41.00477893751651;-8.642376430355577;0.0;180.29988793645856
VEHICLE_UPDATES;163000000000;veh_21;41.004640896171715;-8.641637850006793;5.636158431506925;89.60223657676934
VEHICLE_UPDATES;163000000000;veh_22;41.00478688742371;-8.642414386337066;0.0;180.29993154303912
VEHICLE_UPDATES;163000000000;veh_23;41.004669501263635;-8.641741089618813;7.917859999474866;89.6021778161488
VEHICLE_UPDATES;163000000000;veh_24;41.00483749809156;-8.642375709149526;0.000134007390955;180.29988793645816
VEHICLE_UPDATES;163000000000;veh_25;41.00464022661774;-8.641949030801072;6.958559653693626;89.60223657677096
VEHICLE_UPDATES;163000000000;veh_26;41.00491242774016;-8.642412840181823;8.901115827990196;180.29993154303912
VEHICLE_UPDATES;163000000000;veh_27;41.0046689731814;-8.641986362472277;7.958705063277942;89.6021778161488
VEHICLE_UPDATES;163000000000;veh_28;41.005712385383305;-8.642404408223191;7.961903333631624;180.13491255010274
VEHICLE_UPDATES;163000000000;veh_29;41.00464338728095;-8.642680910350625;8.86749563285854;90.72339311942727
VEHICLE_UPDATES;163000000000;veh_30;41.00651362172049;-8.642358753301394;6.37838412278096;180.19124020941572
VEHICLE_UPDATES;163000000000;veh_31;41.00467798607783;-8.643893026112591;8.02381165981787;90.16591395568992
VEHICLE_UPDATES;164000000000;veh_0;41.002197154956136;-8.6424506680288;6.090644355948186;180.49607964342522
VEHICLE_UPDATES;164000000000;veh_2;41.001982496376336;-8.642454169484521;6.809643788977679;180.47282324749773
VEHICLE_UPDATES;164000000000;veh_4;41.00179307414549;-8.642457256697918;9.915712202553637;180.47282324749773
VEHICLE_UPDATES;164000000000;veh_6;41.00232321481918;-8.64244854591846;7.09586231781742;180.49607964342522
VEHICLE_UPDATES;164000000000;veh_8;41.00245575604946;-8.642446314689195;7.072310697781826;180.49607964342522
VEHICLE_UPDATES;164000000000;veh_10;41.00230569390197;-8.64241078609183;6.600337159202966;180.49603027982118
VEHICLE_UPDATES;164000000000;veh_12;41.00284763798336;-8.642439717595696;6.217466721298174;180.49607964342522
VEHICLE_UPDATES;164000000000;veh_14;41.00260641593402;-8.642443778433142;6.840598616753296;180.49607964342522
VEHICLE_UPDATES;164000000000;veh_16;41.00472832980015;-8.642415107530482;0.0;180.29993154303912
VEHICLE_UPDATES;164000000000;veh_17;41.00464078385297;-8.641352790199317;9.083878021933298;89.96018362036888
VEHICLE_UPDATES;164000000000;veh_18;41.00472037719687;-8.642377151556826;0.0;180.29988793645856
VEHICLE_UPDATES;164000000000;veh_19;41.00466987714101;-8.641456098353;7.499740477200956;89.96029399144659
VEHICLE_UPDATES;164000000000;veh_20;41.00477893751651;-8.642376430355577;0.0;180.29988793645856
VEHICLE_UPDATES;164000000000;veh_21;41.00464106328594;-8.64156012133179;6.536583934665297;89.60223657676934
VEHICLE_UPDATES;164000000000;veh_22;41.00478688742371;-8.642414386337066;0.0;180.29993154303912
VEHICLE_UPDATES;164000000000;veh_23;41.00466969292789;-8.641652009311054;7.492301575721497;89.60217781615044
VEHICLE_UPDATES;164000000000;veh_24;41.00483749809156;-8.642375709149526;0.0;180.29988793645816
VEHICLE_UPDATES;164000000000;veh_25;41.004640406511655;-8.64186546194799;7.027713040397318;89.60223657676934
VEHICLE_UPDATES;164000000000;veh_26;41.00486200625021;-8.64241346117409;5.59779738421858;180.29993154303952
VEHICLE_UPDATES;164000000000;veh_27;41.00466917757589;-8.641891458247455;7.982135350836527;89.60217781615042
VEHICLE_UPDATES;164000000000;veh_28;41.00564710155051;-8.642404964063333;7.247652053009067;180.13491255010234
VEHICLE_UPDATES;164000000000;veh_29;41.004642024553206;-8.642573320896991;9.050870081281815;90.72339311942727
VEHICLE_UPDATES;164000000000;veh_30;41.006446231231024;-8.642359414599074;7.481227479728375;180.1912402094153
VEHICLE_UPDATES;164000000000;veh_31;41.004677489635924;-8.643799064488055;7.901758749150026;90.16591395568992
VEHICLE_UPDATES;165000000000;veh_0;41.002131914321005;-8.642451734247775;7.237689593123375;180.47282324749773
VEHICLE_UPDATES;165000000000;veh_2;41.00191882578156;-8.642455207193613;7.063508611491103;180.47282324749773
VEHICLE_UPDATES;165000000000;veh_4;41.001712972612424;-8.642458562190361;8.88632893627882;180.47282324749818
VEHICLE_UPDATES;165000000000;veh_6;41.00226255688;-8.642449567044391;6.729324359925123;180.49607964342522
VEHICLE_UPDATES;165000000000;veh_8;41.002395264644434;-8.64244733301664;6.710849405807416;180.49607964342522
VEHICLE_UPDATES;165000000000;veh_10;41.0022420362533;-8.64241185767884;7.072384639515142;180.49603027982118
VEHICLE_UPDATES;165000000000;veh_12;41.00279732260259;-8.642440564629794;5.581932952078991;180.49607964342562
VEHICLE_UPDATES;165000000000;veh_14;41.002548399023226;-8.642444755109798;6.436331933647916;180.49607964342522
VEHICLE_UPDATES;165000000000;veh_16;41.00472832980015;-8.642415107530482;0.0;180.29993154303912
VEHICLE_UPDATES;165000000000;veh_17;41.004640388112165;-8.641258085219173;7.966578915402454;90.1088496045282
VEHICLE_UPDATES;165000000000;veh_18;41.00472037719687;-8.642377151556826;0.0;180.29988793645856
VEHICLE_UPDATES;165000000000;veh_19;41.004669644589654;-8.64136616568248;7.552585937718974;89.96029399144821
VEHICLE_UPDATES;165000000000;veh_20;41.00477893751651;-8.642376430355577;0.0;180.29988793645856
VEHICLE_UPDATES;165000000000;veh_21;41.00464116571122;-8.641512468928898;4.007323309184622;89.60223657677096
VEHICLE_UPDATES;165000000000;veh_22;41.00478688742371;-8.642414386337066;0.0;180.29993154303912
VEHICLE_UPDATES;165000000000;veh_23;41.00466987309251;-8.64156824452646;7.045227427197283;89.60217781615044
VEHICLE_UPDATES;165000000000;veh_24;41.00483749809156;-8.642375709149526;0.0;180.29988793645816
VEHICLE_UPDATES;165000000000;veh_25;41.00464057901956;-8.641785297787283;6.741395827121848;89.60223657677096
VEHICLE_UPDATES;165000000000;veh_26;41.004847141736015;-8.642413644245567;1.650259409389932;180.29993154303952
VEHICLE_UPDATES;165000000000;veh_27;41.004669361910864;-8.641805836891933;7.201378545790997;89.6021778161488
VEHICLE_UPDATES;165000000000;veh_28;41.00557521232583;-8.642405576141345;7.980966470544506;180.13491255010234
VEHICLE_UPDATES;165000000000;veh_29;41.00464121985338;-8.642509792331083;5.344286070477738;90.7233931194289
VEHICLE_UPDATES;165000000000;veh_30;41.00638305159557;-8.642360034574287;7.01376741895682;180.19124020941572
VEHICLE_UPDATES;165000000000;veh_31;41.004676992854094;-8.643706624203364;7.773828741018946;90.17911607448487
VEHICLE_UPDATES;166000000000;veh_0;41.00206808703218;-8.642452774516439;7.080892174473135;180.47282324749773
VEHICLE_UPDATES;166000000000;veh_2;41.00185594797031;-8.642456231979445;6.97555846277826;180.47282324749773
VEHICLE_UPDATES;166000000000;veh_4;41.00162502898677;-8.642459995488535;9.756317310248502;180.47282324749773
VEHICLE_UPDATES;166000000000;veh_6;41.00219923320909;-8.642450633043264;7.025057600976326;180.49607964342562
VEHICLE_UPDATES;166000000000;veh_8;41.0023290867892;-8.64244844706861;7.341697804658646;180.49607964342522
VEHICLE_UPDATES;166000000000;veh_10;41.002177589804916;-8.64241293521922;7.160012717812854;180.48720374551843
VEHICLE_UPDATES;166000000000;veh_12;41.00274542820762;-8.642441438244155;5.757106997688301;180.49607964342522
VEHICLE_UPDATES;166000000000;veh_14;41.00248834619617;-8.642445766057572;6.662194162169063;180.49607964342522
VEHICLE_UPDATES;166000000000;veh_16;41.00472832980015;-8.642415107530482;0.0;180.29993154303912
VEHICLE_UPDATES;166000000000;veh_17;41.00463995265717;-8.641162418602882;8.045371368517328;90.1088496045282
VEHICLE_UPDATES;166000000000;veh_18;41.00472037719687;-8.642377151556826;0.0;180.29988793645856
VEHICLE_UPDATES;166000000000;veh_19;41.00466928766744;-8.641274101925806;7.738662458987088;90.10884960452657
VEHICLE_UPDATES;166000000000;veh_20;41.00477893751651;-8.642376430355577;0.0;180.29988793645856
VEHICLE_UPDATES;166000000000;veh_21;41.004641004754156;-8.64143826128269;6.248542840719793;89.96018362036888
VEHICLE_UPDATES;166000000000;veh_22;41.00478688742371;-8.642414386337066;0.0;180.29993154303912
VEHICLE_UPDATES;166000000000;veh_23;41.0046699772417;-8.641519809038927;4.073776669066231;89.60217781614881
VEHICLE_UPDATES;166000000000;veh_24;41.00483749809156;-8.642375709149526;0.0;180.29988793645816
VEHICLE_UPDATES;166000000000;veh_25;41.00464076963713;-8.641696687942805;7.451634625829572;89.60223657676934
VEHICLE_UPDATES;166000000000;veh_26;41.004845831671346;-8.64241366038033;0.145443470930449;180.29993154303952
VEHICLE_UPDATES;166000000000;veh_27;41.004669574163294;-8.641707211618314;8.295102606315252;89.60217781615044
VEHICLE_UPDATES;166000000000;veh_28;41.00549944929124;-8.642406221199625;8.41102729355013;180.13491255010234
VEHICLE_UPDATES;166000000000;veh_29;41.004641040195025;-8.642495609236152;1.193140706078611;90.7233931194289
VEHICLE_UPDATES;166000000000;veh_30;41.00631832423706;-8.642360669735462;7.18558487956642;180.19124020941572
VEHICLE_UPDATES;166000000000;veh_31;41.004676650632106;-8.643614425216976;7.753594055464777;89.77406724355323
VEHICLE_UPDATES;167000000000;veh_0;41.00200270523698;-8.642453840118177;7.253346416555448;180.4728232474978
VEHICLE_UPDATES;167000000000;veh_2;41.00178662063937;-8.642457361877115;7.691057224424709;180.47282324749773
VEHICLE_UPDATES;167000000000;veh_4;41.00153593836768;-8.642461447475553;9.883562671420165;180.4728232474978
VEHICLE_UPDATES;167000000000;veh_6;41.00213846966341;-8.642451627407482;6.741009986188042;180.4728232474978
VEHICLE_UPDATES;167000000000;veh_8;41.002267142712995;-8.64244948984579;6.872006979869652;180.49607964342522
VEHICLE_UPDATES;167000000000;veh_10;41.00211185231425;-8.642414006782172;7.303418569231938;180.47290371069997
VEHICLE_UPDATES;167000000000;veh_12;41.00269411292752;-8.642442302107787;5.692860579920002;180.49607964342522
VEHICLE_UPDATES;167000000000;veh_14;41.00243132220002;-8.642446726015002;6.326178949470223;180.49607964342522
VEHICLE_UPDATES;167000000000;veh_16;41.00472832980015;-8.642415107530482;0.0;180.29993154303912
VEHICLE_UPDATES;167000000000;veh_17;41.00463949264822;-8.641061376588462;8.497431782925663;90.10884960452657
VEHICLE_UPDATES;167000000000;veh_18;41.00472037719687;-8.642377151556826;0.0;180.29988793645856
VEHICLE_UPDATES;167000000000;veh_19;41.0046688282287;-8.641173163658458;8.488702972473689;90.10884960452657
VEHICLE_UPDATES;167000000000;veh_20;41.00477893751651;-8.642376430355577;0.0;180.29988793645856
VEHICLE_UPDATES;167000000000;veh_21;41.0046407693463;-8.64134717814172;7.67046881442574;89.96018362036888
VEHICLE_UPDATES;167000000000;veh_22;41.00478688742371;-8.642414386337066;0.0;180.29993154303912
VEHICLE_UPDATES;167000000000;veh_23;41.004669848901365;-8.641445176018307;6.26944478206506;89.96029399144659
VEHICLE_UPDATES;167000000000;veh_24;41.00483749809156;-8.642375709149526;0.0;180.29988793645816
VEHICLE_UPDATES;167000000000;veh_25;41.004640935499104;-8.64161956012229;6.486055146804826;89.60223657677096
VEHICLE_UPDATES;167000000000;veh_26;41.0048455377308;-8.642413664000502;0.032633299903578;180.29993154303952
VEHICLE_UPDATES;167000000000;veh_27;41.00466974174467;-8.641629315489107;6.551630840024786;89.6021778161488
VEHICLE_UPDATES;167000000000;veh_28;41.005430276527335;-8.642406810145474;7.67939142125221;180.13491255010234
VEHICLE_UPDATES;167000000000;veh_29;41.00464103203972;-8.642494965421488;0.054160357227544;90.72339311942727
VEHICLE_UPDATES;167000000000;veh_30;41.00625934581109;-8.642399302142113;6.572425376407307;180.19124020941587
VEHICLE_UPDATES;167000000000;veh_31;41.004676886803175;-8.643519031886754;8.022006887402672;89.57888711286945
VEHICLE_UPDATES;168000000000;veh_0;41.00193783277604;-8.642454897416162;7.196841647025301;180.47282324749773
VEHICLE_UPDATES;168000000000;veh_2;41.00172551699531;-8.642458357742631;6.778735186454993;180.4728232474978
VEHICLE_UPDATES;168000000000;veh_4;41.00145405994618;-8.642462781914908;9.083453523115255;180.47282324749773
VEHICLE_UPDATES;168000000000;veh_6;41.00207652448373;-8.642452637001472;6.872094157658476;180.47282324749773
VEHICLE_UPDATES;168000000000;veh_8;41.002204049835555;-8.642450551959637;6.999453633980516;180.49607964342562
VEHICLE_UPDATES;168000000000;veh_10;41.0020412818806;-8.642415157122263;7.84035721380503;180.47290371070036
VEHICLE_UPDATES;168000000000;veh_12;41.002641336298176;-8.642443190570697;5.854980997611769;180.49607964342522
VEHICLE_UPDATES;168000000000;veh_14;41.00236755156634;-8.642447799544772;7.074643363644891;180.49607964342522
VEHICLE_UPDATES;168000000000;veh_16;41.00472832980015;-8.642415107530482;0.0;180.29993154303912
VEHICLE_UPDATES;168000000000;veh_17;41.00463905774163;-8.640965866243514;8.032229576924976;90.1088496045282
VEHICLE_UPDATES;168000000000;veh_18;41.00472037719687;-8.642377151556826;0.0;180.29988793645856
VEHICLE_UPDATES;168000000000;veh_19;41.00466843096461;-8.641085900757217;7.338632637083643;90.10884960452657
VEHICLE_UPDATES;168000000000;veh_20;41.00477893751651;-8.642376430355577;0.0;180.29988793645856
VEHICLE_UPDATES;168000000000;veh_21;41.00464030828341;-8.641240546059425;8.968973809065298;90.1088496045282
VEHICLE_UPDATES;168000000000;veh_22;41.00478688742371;-8.642414386337066;0.0;180.29993154303912
VEHICLE_UPDATES;168000000000;veh_23;41.00466959929495;-8.641348652387101;8.106097783416306;89.96029399144659
VEHICLE_UPDATES;168000000000;veh_24;41.00483749809156;-8.642375709149526;0.0;180.29988793645816
VEHICLE_UPDATES;168000000000;veh_25;41.00464108985078;-8.641547763166862;6.037756662802906;89.60223657676934
VEHICLE_UPDATES;168000000000;veh_26;41.00484544552375;-8.642413665136123;0.010236833919503;180.29993154303952
VEHICLE_UPDATES;168000000000;veh_27;41.004669905757616;-8.641553054355844;6.414115791944174;89.60217781614881
VEHICLE_UPDATES;168000000000;veh_28;41.005359263489744;-8.642407414757823;7.883694015317876;180.13491255010234
VEHICLE_UPDATES;168000000000;veh_29;41.00464103203972;-8.642494965421488;0.0;90.72339311942727
VEHICLE_UPDATES;168000000000;veh_30;41.006194955981734;-8.642399933950877;7.148451438888412;180.19124020941587
VEHICLE_UPDATES;168000000000;veh_31;41.00467714194904;-8.643415938476782;8.669537397073867;89.57888711286945
VEHICLE_UPDATES;169000000000;veh_0;41.00187781059321;-8.642455875661554;6.658759881501189;180.47282324749773
VEHICLE_UPDATES;169000000000;veh_2;41.001659828612226;-8.642459428327582;7.287358314210702;180.47282324749773
VEHICLE_UPDATES;169000000000;veh_4;41.00136959193798;-8.642464158554626;9.370737751553767;180.47282324749773
VEHICLE_UPDATES;169000000000;veh_6;41.00201435093704;-8.642453650315101;6.897428732735334;180.47282324749773
VEHICLE_UPDATES;169000000000;veh_8;41.00214317882041;-8.642451550656677;6.752935197981912;180.47282324749773
VEHICLE_UPDATES;169000000000;veh_10;41.00197831189271;-8.642416183568024;6.99594954232459;180.47290371069997
VEHICLE_UPDATES;169000000000;veh_12;41.002592080239324;-8.642444019765357;5.464412744609639;180.49607964342522
VEHICLE_UPDATES;169000000000;veh_14;41.002305273351105;-8.642448847948383;6.909076041290128;180.49607964342522
VEHICLE_UPDATES;169000000000;veh_16;41.00472832980015;-8.642415107530482;0.0;180.29993154303912
VEHICLE_UPDATES;169000000000;veh_17;41.0046385795981;-8.640860880645107;8.829079677596848;90.10884960452657
VEHICLE_UPDATES;169000000000;veh_18;41.00472037719687;-8.642377151556826;0.0;180.29988793645856
VEHICLE_UPDATES;169000000000;veh_19;41.00466797444909;-8.640985640618197;8.43167407648463;90.10884960452657
VEHICLE_UPDATES;169000000000;veh_20;41.00477893751651;-8.642376430355577;0.0;180.29988793645856
VEHICLE_UPDATES;169000000000;veh_21;41.00463981735776;-8.641132697760638;9.069826580541209;90.10884960452657
VEHICLE_UPDATES;169000000000;veh_22;41.00478688742371;-8.642414386337066;0.0;180.29993154303912
VEHICLE_UPDATES;169000000000;veh_23;41.00466918839042;-8.64125228921153;8.102292948647198;90.10884960452657
VEHICLE_UPDATES;169000000000;veh_24;41.00483749809156;-8.642375709149526;0.0;180.29988793645816
VEHICLE_UPDATES;169000000000;veh_25;41.00464106122906;-8.641460116482586;7.376095546614194;89.94773398896747
VEHICLE_UPDATES;169000000000;veh_26;41.00484544454994;-8.64241366514812;0.000108110969019;180.29993154303952
VEHICLE_UPDATES;169000000000;veh_27;41.004669892647556;-8.641462096036951;7.644666923509997;89.93355852108121
VEHICLE_UPDATES;169000000000;veh_28;41.005291924294674;-8.642408166253837;7.475951117244829;180.29993154303952
VEHICLE_UPDATES;169000000000;veh_29;41.00464103203972;-8.642494965421488;0.0;90.72339311942727
VEHICLE_UPDATES;169000000000;veh_30;41.00613325455868;-8.642400539378757;6.849988982260663;180.19124020941547
VEHICLE_UPDATES;169000000000;veh_31;41.00467723412563;-8.643321737788321;7.921701299930277;89.80289424755772
VEHICLE_REGISTRATION;169571428560;veh_32;[src.main.java.CarSendsCamAPP, src.main.java.EventProcessingApp, src.main.java.MainCarApp];Car
VEHICLE_REGISTRATION;169571428560;veh_33;[src.main.java.CarSendsCamAPP, src.main.java.EventProcessingApp, src.main.java.MainCarApp];Car_0
VEHICLE_UPDATES;170000000000;veh_0;41.00181699618256;-8.642456866816506;6.746648227228886;180.4728232474978
VEHICLE_UPDATES;170000000000;veh_2;41.00159844443282;-8.642460428760549;6.809857150416043;180.47282324749813
VEHICLE_UPDATES;170000000000;veh_4;41.001283577830485;-8.642465560387876;9.542259243343958;180.47282324749773
VEHICLE_UPDATES;170000000000;veh_6;41.0019544972338;-8.642454625817372;6.640069132334985;180.4728232474978
VEHICLE_UPDATES;170000000000;veh_8;41.00208700808864;-8.642452466137906;6.231486617371163;180.47282324749773
VEHICLE_UPDATES;170000000000;veh_10;41.00191257875603;-8.642417255052088;7.302934582356896;180.47290371070036
VEHICLE_UPDATES;170000000000;veh_12;41.00253364411137;-8.642445003498734;6.482839407293127;180.49607964342562
VEHICLE_UPDATES;170000000000;veh_14;41.00224167559503;-8.642449918562919;7.055464354836904;180.49607964342522
VEHICLE_UPDATES;170000000000;veh_16;41.00472832980015;-8.642415107530482;0.0;180.29993154303912
VEHICLE_UPDATES;170000000000;veh_17;41.00463815780196;-8.6407591179802;8.55801139337865;90.06674369432656
VEHICLE_UPDATES;170000000000;veh_18;41.00472037719687;-8.642377151556826;0.0;180.29988793645856
VEHICLE_UPDATES;170000000000;veh_19;41.00466753482302;-8.640889107845968;8.118210258994365;90.1088496045282
VEHICLE_UPDATES;170000000000;veh_20;41.00477893751651;-8.642376430355577;0.0;180.29988793645856
VEHICLE_UPDATES;170000000000;veh_21;41.0046393075208;-8.641020718413206;9.417239730063827;90.10884960452657
VEHICLE_UPDATES;170000000000;veh_22;41.00478688742371;-8.642414386337066;0.0;180.29993154303912
VEHICLE_UPDATES;170000000000;veh_23;41.00466873748333;-8.64115322928131;8.330738675489817;90.10884960452657
VEHICLE_UPDATES;170000000000;veh_24;41.00483749809156;-8.642375709149526;0.0;180.29988793645816
VEHICLE_UPDATES;170000000000;veh_25;41.00464085155968;-8.641378984677816;6.832427706960404;89.96018362036725
VEHICLE_UPDATES;170000000000;veh_26;41.00484544454994;-8.64241366514812;0.0;180.29993154303952
VEHICLE_UPDATES;170000000000;veh_27;41.00466965557292;-8.64137041253667;7.699621399303053;89.96029399144821
VEHICLE_UPDATES;170000000000;veh_28;41.00522629382382;-8.642408974572065;7.286300000376348;180.29993154303912
VEHICLE_UPDATES;170000000000;veh_29;41.00464103203972;-8.642494965421488;0.0;90.72339311942727
VEHICLE_UPDATES;170000000000;veh_30;41.00607726946763;-8.642401088715395;6.215371279015642;180.19124020941587
VEHICLE_UPDATES;170000000000;veh_31;41.004677109896186;-8.64323006496092;7.709106174572657;89.86843701764892
VEHICLE_UPDATES;171000000000;veh_0;41.00176008322053;-8.642457794383517;6.313828028637087;180.47282324749773
VEHICLE_UPDATES;171000000000;veh_2;41.001532018369026;-8.642461511363058;7.369195200123046;180.47282324749773
VEHICLE_UPDATES;171000000000;veh_4;41.00120238657287;-8.642466883615603;9.007220321548171;180.47282324749813
VEHICLE_UPDATES;171000000000;veh_6;41.00188957410977;-8.642455683939176;7.20246206206762;180.47282324749813
VEHICLE_UPDATES;171000000000;veh_8;41.002030689076626;-8.642453384033919;6.247936515119831;180.4728232474978
VEHICLE_UPDATES;171000000000;veh_10;41.00184417887806;-8.642418370002638;7.599208761833209;180.47290371069997
VEHICLE_UPDATES;171000000000;veh_12;41.002484594916275;-8.642445829207698;5.441463402599097;180.49607964342522
VEHICLE_UPDATES;171000000000;veh_14;41.002178268554495;-8.642450978756575;7.034298906386421;180.48740381723334
VEHICLE_UPDATES;171000000000;veh_16;41.00472832980015;-8.642415107530482;0.0;180.29993154303912
VEHICLE_UPDATES;171000000000;veh_17;41.00463776431031;-8.64066073040584;8.27416499223483;90.06674369432656
VEHICLE_UPDATES;171000000000;veh_18;41.00472037719687;-8.642377151556826;0.0;180.29988793645856
VEHICLE_UPDATES;171000000000;veh_19;41.004667118330744;-8.64079263371322;8.113264572162294;90.07236117311705
VEHICLE_UPDATES;171000000000;veh_20;41.00477893751651;-8.642376430355577;0.0;180.29988793645856
VEHICLE_UPDATES;171000000000;veh_21;41.00463878495676;-8.640905968511184;9.650238063120284;90.10884960452657
VEHICLE_UPDATES;171000000000;veh_22;41.00478688742371;-8.642414386337066;0.0;180.29993154303912
VEHICLE_UPDATES;171000000000;veh_23;41.00466831130866;-8.641059620013943;7.872349166067113;90.10884960452657
VEHICLE_UPDATES;171000000000;veh_24;41.00483749809156;-8.642375709149526;0.0;180.29988793645816
VEHICLE_UPDATES;171000000000;veh_25;41.00464052693803;-8.641288588022341;7.607293979795466;90.10479605919885
VEHICLE_UPDATES;171000000000;veh_26;41.00484544454994;-8.64241366514812;0.0;180.29993154303952
VEHICLE_UPDATES;171000000000;veh_27;41.00466932135723;-8.641281504305251;7.472790129782719;90.10884960452657
VEHICLE_UPDATES;171000000000;veh_28;41.00516001005886;-8.642409790934284;7.358828677088302;180.29993154303952
VEHICLE_UPDATES;171000000000;veh_29;41.00464103203972;-8.642494965421488;0.0;90.72339311942727
VEHICLE_UPDATES;171000000000;veh_30;41.00601790767995;-8.642401673183475;6.590247726968926;180.1936494118857
VEHICLE_UPDATES;171000000000;veh_31;41.00467696963996;-8.643126630063934;8.698222075538064;89.86843701764728
VEHICLE_UPDATES;172000000000;veh_0;41.00169495690871;-8.642458855809238;7.225003124322845;180.47282324749773
VEHICLE_UPDATES;172000000000;veh_2;41.00147256937094;-8.642462480252085;6.595171255005677;180.47282324749773
VEHICLE_UPDATES;172000000000;veh_4;41.00112001894768;-8.642467990213149;9.137616647015326;180.18898819465934
VEHICLE_UPDATES;172000000000;veh_6;41.00183475953338;-8.642456577309153;6.081036742849452;180.47282324749773
VEHICLE_UPDATES;172000000000;veh_8;41.00196756442792;-8.642454412846982;7.002942333329442;180.47282324749773
VEHICLE_UPDATES;172000000000;veh_10;41.00177622114733;-8.64241947774318;7.550086228514622;180.47290371070036
VEHICLE_UPDATES;172000000000;veh_12;41.00243352378803;-8.64244668895291;5.665774378190749;180.49607964342522
VEHICLE_UPDATES;172000000000;veh_14;41.002120409223735;-8.642451921760108;6.418816989874059;180.47282324749773
VEHICLE_UPDATES;172000000000;veh_16;41.00472832980015;-8.642415107530482;0.0;180.29993154303912
VEHICLE_UPDATES;172000000000;veh_17;41.004637391255514;-8.640567472196974;7.842797483423885;90.06674369432656
VEHICLE_UPDATES;172000000000;veh_18;41.00472037719687;-8.642377151556826;0.0;180.29988793645856
VEHICLE_UPDATES;172000000000;veh_19;41.00466674893966;-8.640700264865604;7.768000706758463;90.06674369432656
VEHICLE_UPDATES;172000000000;veh_20;41.00477893751651;-8.642376430355577;0.0;180.29988793645856
VEHICLE_UPDATES;172000000000;veh_21;41.00463832065149;-8.640799842572731;8.924968149214052;90.07849900332644
VEHICLE_UPDATES;172000000000;veh_22;41.00478688742371;-8.642414386337066;0.0;180.29993154303912
VEHICLE_UPDATES;172000000000;veh_23;41.00466789246543;-8.640967637358335;7.735554566292819;90.10884960452657
VEHICLE_UPDATES;172000000000;veh_24;41.00483749809156;-8.642375709149526;0.0;180.29988793645816
VEHICLE_UPDATES;172000000000;veh_25;41.00464011931792;-8.641199030820278;7.531581782847458;90.10884960452657
VEHICLE_UPDATES;172000000000;veh_26;41.00484544454994;-8.64241366514812;0.0;180.29993154303952
VEHICLE_UPDATES;172000000000;veh_27;41.00466890118314;-8.641189190385644;7.763412851441738;90.10884960452657
VEHICLE_UPDATES;172000000000;veh_28;41.005093996214214;-8.64241060397001;7.32886201724438;180.29993154303952
VEHICLE_UPDATES;172000000000;veh_29;41.00464103203972;-8.642494965421488;0.0;90.72339311942727
VEHICLE_UPDATES;172000000000;veh_30;41.005961715222;-8.64240226373439;6.23841804186112;180.2215031987318
VEHICLE_UPDATES;172000000000;veh_31;41.00467669131684;-8.64303427950519;7.766256358004461;90.11175121406707
VEHICLE_UPDATES;172000000000;veh_32;41.006562535558146;-8.642358275533706;7.514350904723335;180.14766920786036
VEHICLE_UPDATES;172000000000;veh_33;41.00464954039935;-8.643965183080985;9.667992379742941;90.16591395568926
VEHICLE_UPDATES;173000000000;veh_0;41.00163465628783;-8.642459838583779;6.689649039568482;180.47282324749813
VEHICLE_UPDATES;173000000000;veh_2;41.00140304832186;-8.64246361329087;7.712547460447219;180.4728232474978
VEHICLE_UPDATES;173000000000;veh_4;41.0010331541443;-8.642467821626903;9.635909536228516;179.68118734713914
VEHICLE_UPDATES;173000000000;veh_6;41.00176557635463;-8.642457704856545;7.675065192577659;180.47282324749813
VEHICLE_UPDATES;173000000000;veh_8;41.001912179186675;-8.642455315520275;6.144345425788636;180.47282324749773
VEHICLE_UPDATES;173000000000;veh_10;41.00171163274363;-8.642420530559644;7.175754783453952;180.47290371069997
VEHICLE_UPDATES;173000000000;veh_12;41.002378340642096;-8.642447617919123;6.121957007456571;180.49607964342522
VEHICLE_UPDATES;173000000000;veh_14;41.00206299650508;-8.642452857482661;6.369270529229716;180.4728232474978
VEHICLE_UPDATES;173000000000;veh_16;41.00472832980015;-8.642415107530482;0.0;180.29993154303912
VEHICLE_UPDATES;173000000000;veh_17;41.004636985215086;-8.640465989489677;8.534458739021023;90.06674369432656
VEHICLE_UPDATES;173000000000;veh_18;41.00472037719687;-8.642377151556826;0.0;180.29988793645856
VEHICLE_UPDATES;173000000000;veh_19;41.00466634576369;-8.640599468980055;8.476694732609317;90.06674369432656
VEHICLE_UPDATES;173000000000;veh_20;41.00477893751651;-8.642376430355577;0.0;180.29988793645856
VEHICLE_UPDATES;173000000000;veh_21;41.00463786319702;-8.640685453795175;9.619828715182994;90.06674369432656
VEHICLE_UPDATES;173000000000;veh_22;41.00478688742371;-8.642414386337066;0.0;180.29993154303912
VEHICLE_UPDATES;173000000000;veh_23;41.004667486589284;-8.640878517799196;7.494774102478084;90.1088496045282
VEHICLE_UPDATES;173000000000;veh_24;41.00483749809156;-8.642375709149526;0.0;180.29988793645816
VEHICLE_UPDATES;173000000000;veh_25;41.004639744295275;-8.641116649027223;6.928144339094685;90.10884960452657
VEHICLE_UPDATES;173000000000;veh_26;41.00484544454994;-8.64241366514812;0.0;180.29993154303952
VEHICLE_UPDATES;173000000000;veh_27;41.00466848876834;-8.641098597004817;7.618719179343519;90.10884960452657
VEHICLE_UPDATES;173000000000;veh_28;41.005019116985956;-8.64241152619049;8.31309747371385;180.29993154303952
VEHICLE_UPDATES;173000000000;veh_29;41.00464103203972;-8.642494965421488;0.0;90.72339311942727
VEHICLE_UPDATES;173000000000;veh_30;41.005898824983056;-8.64240282082901;6.981934509698737;180.13491255010234
VEHICLE_UPDATES;173000000000;veh_31;41.00467538532987;-8.642931095482325;8.678322476237367;90.72293676843753
VEHICLE_UPDATES;173000000000;veh_32;41.00649741672283;-8.642358912319956;7.229042845395099;180.19124020941572
VEHICLE_UPDATES;173000000000;veh_33;41.00464896826979;-8.643856884498373;9.109471675467944;90.16591395568926
VEHICLE_UPDATES;174000000000;veh_0;41.00157078995163;-8.64246087946966;7.085223397627575;180.47282324749773
VEHICLE_UPDATES;174000000000;veh_2;41.00133675250987;-8.642464693762733;7.354745031350445;180.4728232474978
VEHICLE_UPDATES;174000000000;veh_4;41.000951075699135;-8.642467662329626;9.104958856808022;179.68118734713954
VEHICLE_UPDATES;174000000000;veh_6;41.001700062398456;-8.642458772600287;7.268007742212227;180.4728232474978
VEHICLE_UPDATES;174000000000;veh_8;41.001852737103235;-8.64245628431026;6.594404602545286;180.47282324749773
VEHICLE_UPDATES;174000000000;veh_10;41.00164415163965;-8.642421630525568;7.497132941044468;180.47290371069997
VEHICLE_UPDATES;174000000000;veh_12;41.00232921376592;-8.64244844493106;5.450081104655751;180.49607964342522
VEHICLE_UPDATES;174000000000;veh_14;41.002002028805755;-8.642453851142736;6.763654039175772;180.4728232474978
VEHICLE_UPDATES;174000000000;veh_16;41.00471147359643;-8.64241534719504;1.871945659816265;180.3385613458293
VEHICLE_UPDATES;174000000000;veh_17;41.00463658339711;-8.640365584085426;8.443860224368212;90.0667436943282
VEHICLE_UPDATES;174000000000;veh_18;41.00470673158318;-8.642377369769699;1.51487409719266;180.36030699593195
VEHICLE_UPDATES;174000000000;veh_19;41.00466597601253;-8.640507048827729;7.772315586412438;90.0667436943282
VEHICLE_UPDATES;174000000000;veh_20;41.00477893751651;-8.642376430355577;0.0;180.29988793645856
VEHICLE_UPDATES;174000000000;veh_21;41.00463741245707;-8.640572771768742;9.47629513441911;90.06674369432656
VEHICLE_UPDATES;174000000000;veh_22;41.00478688742371;-8.642414386337066;0.0;180.29993154303912
VEHICLE_UPDATES;174000000000;veh_23;41.00466710010107;-8.640788074819696;7.606055233429913;90.0683254048216
VEHICLE_UPDATES;174000000000;veh_24;41.00483749809156;-8.642375709149526;0.0;180.29988793645816
VEHICLE_UPDATES;174000000000;veh_25;41.00463933552906;-8.641026869459516;7.550282549341024;90.10884960452657
VEHICLE_UPDATES;174000000000;veh_26;41.00484544454994;-8.64241366514812;0.0;180.29993154303952
VEHICLE_UPDATES;174000000000;veh_27;41.00466806931441;-8.641006473405039;7.747407624448736;90.10884960452657
VEHICLE_UPDATES;174000000000;veh_28;41.00494846709754;-8.64241239631949;7.843555746893678;180.29993154303952
VEHICLE_UPDATES;174000000000;veh_29;41.00464103203972;-8.642494965421488;0.0;90.72339311942727
VEHICLE_UPDATES;174000000000;veh_30;41.00583599294689;-8.642403355798377;6.975459794506866;180.13491255010234
VEHICLE_UPDATES;174000000000;veh_31;41.004674128717284;-8.642831819345883;8.349648919464375;90.72293676843755
VEHICLE_UPDATES;174000000000;veh_32;41.00643925036781;-8.64235948310164;6.457227660076398;180.1912402094153
VEHICLE_UPDATES;174000000000;veh_33;41.00464834920675;-8.643739723546695;9.854924891091219;90.16591395568926
VEHICLE_UPDATES;175000000000;veh_0;41.00151307884416;-8.642461820036242;6.40237265507794;180.47282324749773
VEHICLE_UPDATES;175000000000;veh_2;41.00127518031982;-8.642465697247857;6.830714339732346;180.47282324749773
VEHICLE_UPDATES;175000000000;veh_4;41.00086754950727;-8.642467500222228;9.265557212619111;179.68118734713914
VEHICLE_UPDATES;175000000000;veh_6;41.00164389232824;-8.642459688055698;6.231412732384745;180.47282324749813
VEHICLE_UPDATES;175000000000;veh_8;41.00179094307608;-8.642457291430075;6.855325201089467;180.47282324749773
VEHICLE_UPDATES;175000000000;veh_10;41.001579806135496;-8.642422679377542;7.148768541135426;180.47290371069997
VEHICLE_UPDATES;175000000000;veh_12;41.002273890882606;-8.642449376246063;6.137459203261883;180.49607964342522
VEHICLE_UPDATES;175000000000;veh_14;41.00193919904625;-8.642454875148577;6.970227788067014;180.47282324749773
VEHICLE_UPDATES;175000000000;veh_16;41.00467344618875;-8.642415971086399;4.224564585974441;180.47745377730985
VEHICLE_UPDATES;175000000000;veh_17;41.004636153892356;-8.640258284529626;9.023642456148911;90.06674369432656
VEHICLE_UPDATES;175000000000;veh_18;41.004672443123;-8.64237793207643;3.806551585788838;180.47712245760317
VEHICLE_UPDATES;175000000000;veh_19;41.00466562339129;-8.640418927580575;7.410787981523314;90.06674369432656
VEHICLE_UPDATES;175000000000;veh_20;41.00476932379301;-8.64237654875377;1.067265936165043;180.2998879364586
VEHICLE_UPDATES;175000000000;veh_21;41.00463701246508;-8.640472799449018;8.407438661096357;90.06674369432656
VEHICLE_UPDATES;175000000000;veh_22;41.00477671254157;-8.642414511650637;1.129616115898033;180.29993154303952
VEHICLE_UPDATES;175000000000;veh_23;41.00466675054451;-8.640700666126373;7.35086351396775;90.06674369432656
VEHICLE_UPDATES;175000000000;veh_24;41.00483749809156;-8.642375709149526;0.0;180.29988793645816
VEHICLE_UPDATES;175000000000;veh_25;41.00463896911302;-8.640946404544746;6.766938933748567;90.1088496045282
VEHICLE_UPDATES;175000000000;veh_26;41.00484544454994;-8.64241366514812;0.0;180.29993154303952
VEHICLE_UPDATES;175000000000;veh_27;41.00466762488003;-8.640908881053258;8.207318715701899;90.10884960452657
VEHICLE_UPDATES;175000000000;veh_28;41.00491631212917;-8.642412792341545;3.569846894744977;180.29993154303952
VEHICLE_UPDATES;175000000000;veh_29;41.00464103203972;-8.642494965421488;0.0;90.72339311942727
VEHICLE_UPDATES;175000000000;veh_30;41.00577378528603;-8.64240388545021;6.906143091751699;180.13491255010234
VEHICLE_UPDATES;175000000000;veh_31;41.0046729042891;-8.642735092372451;8.13525116254604;90.72293676843753
VEHICLE_UPDATES;175000000000;veh_32;41.00637363293385;-8.642360126998499;7.284394987708594;180.1912402094153
VEHICLE_UPDATES;175000000000;veh_33;41.00464778968154;-8.643628763102647;9.333468287175789;89.9999546144347
VEHICLE_UPDATES;176000000000;veh_0;41.00145287198094;-8.642462801276116;6.679247506303816;180.47282324749773
VEHICLE_UPDATES;176000000000;veh_2;41.00120842501277;-8.642466785203284;7.405720465297033;180.47282324749773
VEHICLE_UPDATES;176000000000;veh_4;41.00077891408845;-8.64246732819848;9.832323410831393;179.68118734713914
VEHICLE_UPDATES;176000000000;veh_6;41.001589065173846;-8.642460581622533;6.082431860283831;180.47282324749773
VEHICLE_UPDATES;176000000000;veh_8;41.001729139858995;-8.64245829869736;6.856344641913632;180.47282324749773
VEHICLE_UPDATES;176000000000;veh_10;41.00151177704803;-8.642423788270364;7.558013586874652;180.47290371069997
VEHICLE_UPDATES;176000000000;veh_12;41.00221691433823;-8.642450335397097;6.320914459029213;180.49607964342562
VEHICLE_UPDATES;176000000000;veh_14;41.00187532817147;-8.642455916120175;7.085727282547914;180.47282324749773
VEHICLE_UPDATES;176000000000;veh_16;41.004617079016015;-8.642416895864933;6.261977194366047;180.47745377730985
VEHICLE_UPDATES;176000000000;veh_17;41.00463577023069;-8.640162458662042;8.058732180147592;90.06674369432656
VEHICLE_UPDATES;176000000000;veh_18;41.00462310156274;-8.642378741242204;5.477679431438446;180.47712245760277
VEHICLE_UPDATES;176000000000;veh_19;41.00466521801643;-8.64031764382526;8.51772386225231;90.06674369432656
VEHICLE_UPDATES;176000000000;veh_20;41.004745366179264;-8.642376843804518;2.659650554126986;180.29988793645816
VEHICLE_UPDATES;176000000000;veh_21;41.00463660442867;-8.640370838866604;8.574647069992736;90.06674369432656
VEHICLE_UPDATES;176000000000;veh_22;41.00475451861973;-8.642414784990203;2.463970721703162;180.29993154303952
VEHICLE_UPDATES;176000000000;veh_23;41.00466638100979;-8.640608279795766;7.769471115677414;90.06674369432656
VEHICLE_UPDATES;176000000000;veh_24;41.004829912871436;-8.642375802565825;0.842071975909361;180.29988793645816
VEHICLE_UPDATES;176000000000;veh_25;41.00463857518941;-8.640859912728034;7.273789494526388;90.10884960452657
VEHICLE_UPDATES;176000000000;veh_26;41.00483879201952;-8.642413747080695;0.738564392197485;180.29993154303912
VEHICLE_UPDATES;176000000000;veh_27;41.00466719201683;-8.640811061655805;8.226405005200853;90.08867454194194
VEHICLE_UPDATES;176000000000;veh_28;41.004906818625365;-8.642374855426459;1.021845222574111;180.29988793645816
VEHICLE_UPDATES;176000000000;veh_29;41.00464103203972;-8.642494965421488;0.0;90.72339311942727
VEHICLE_UPDATES;176000000000;veh_30;41.005709222365866;-8.642404435153816;7.167618167975422;180.13491255010234
VEHICLE_UPDATES;176000000000;veh_31;41.00467164437836;-8.642635569055171;8.370438867546904;90.72293676843753
VEHICLE_UPDATES;176000000000;veh_32;41.006311140286364;-8.642360740230533;6.937502665131989;180.19124020941572
VEHICLE_UPDATES;176000000000;veh_33;41.004648053328374;-8.643522177416951;8.965222523820854;89.57905898949569
VEHICLE_UPDATES;177000000000;veh_0;41.00139457746243;-8.642463751346877;6.467095154934666;180.47282324749773
VEHICLE_UPDATES;177000000000;veh_2;41.00114575240967;-8.64246780661773;6.952792137947086;180.47282324749773
VEHICLE_UPDATES;177000000000;veh_4;41.000698183428526;-8.642467171515962;8.955448698582128;179.68118734713914
VEHICLE_UPDATES;177000000000;veh_6;41.00152380813572;-8.642461645172082;7.239505459721197;180.47282324749773
VEHICLE_UPDATES;177000000000;veh_8;41.00166751009944;-8.642459303135343;6.837101481627646;180.47282324749818
VEHICLE_UPDATES;177000000000;veh_10;41.001452564690005;-8.642424753445797;6.578477207932222;180.47290371069997
VEHICLE_UPDATES;177000000000;veh_12;41.002159309501565;-8.642451287755428;6.390598126883619;180.47517510705498
VEHICLE_UPDATES;177000000000;veh_14;41.0018213376568;-8.642456796059111;5.989616709858701;180.47282324749773
VEHICLE_UPDATES;177000000000;veh_16;41.004558139588895;-8.642417913329751;6.542941341281162;180.53823207613263
VEHICLE_UPDATES;177000000000;veh_17;41.004635389140084;-8.640067294646746;8.00307208531459;90.06674369432656
VEHICLE_UPDATES;177000000000;veh_18;41.004554541063065;-8.64237992148555;7.614266577952693;180.5445052035651
VEHICLE_UPDATES;177000000000;veh_19;41.004664859634225;-8.64022811979472;7.52875900155224;90.0667436943282
VEHICLE_UPDATES;177000000000;veh_20;41.00470433978687;-8.642377408993507;4.554548396301382;180.3720722016865
VEHICLE_UPDATES;177000000000;veh_21;41.004636204267456;-8.640270868026128;8.407314571522646;90.06674369432656
VEHICLE_UPDATES;177000000000;veh_22;41.00471387363538;-8.642415307819107;4.512803557775123;180.3267329371369
VEHICLE_UPDATES;177000000000;veh_23;41.00466603729824;-8.640522366051815;7.22514205951037;90.06674369432656
VEHICLE_UPDATES;177000000000;veh_24;41.00480432613642;-8.642376117680806;2.840507214021113;180.29988793645816
VEHICLE_UPDATES;177000000000;veh_25;41.004638214636906;-8.640773330567878;7.281366109913031;90.06674369432656
VEHICLE_UPDATES;177000000000;veh_26;41.004823750008;-8.64241393233806;1.669965169573554;180.29993154303952
VEHICLE_UPDATES;177000000000;veh_27;41.00466685289669;-8.6407262581833;7.131770598745992;90.0667436943282
VEHICLE_UPDATES;177000000000;veh_28;41.00489363203571;-8.64237501782723;1.463907120194711;180.2998879364582
VEHICLE_UPDATES;177000000000;veh_29;41.00464103203972;-8.642494965421488;0.0;90.72339311942727
VEHICLE_UPDATES;177000000000;veh_30;41.005646997034894;-8.642404964953199;6.908104632950824;180.13491255010234
VEHICLE_UPDATES;177000000000;veh_31;41.00467047565195;-8.642543254673694;7.764129460815526;90.72293676843753
VEHICLE_UPDATES;177000000000;veh_32;41.00625137605891;-8.642399380343363;6.659701323033016;180.19124020941587
VEHICLE_UPDATES;177000000000;veh_33;41.00464831600152;-8.643415945715564;8.93544789344844;89.57905898949569
VEHICLE_UPDATES;178000000000;veh_0;41.001333544976404;-8.64246474603821;6.770840560613303;180.47282324749773
VEHICLE_UPDATES;178000000000;veh_2;41.001081624176685;-8.64246791569705;7.113849371222001;179.68118734713954
VEHICLE_UPDATES;178000000000;veh_4;41.00061676305343;-8.642467013494512;9.03195864486415;179.68118734713914
VEHICLE_UPDATES;178000000000;veh_6;41.00146808581955;-8.642462553324108;6.181739459882997;180.47282324749773
VEHICLE_UPDATES;178000000000;veh_8;41.00160405689963;-8.642460337289243;7.039390785322498;180.47282324749773
VEHICLE_UPDATES;178000000000;veh_10;41.001391903000396;-8.642425742243478;6.739497487631227;180.47290371069997
VEHICLE_UPDATES;178000000000;veh_12;41.00210232143168;-8.642452216558327;6.322160751732067;180.47282324749773
VEHICLE_UPDATES;178000000000;veh_14;41.0017645062085;-8.642457722297763;6.304785037976281;180.47282324749773
VEHICLE_UPDATES;178000000000;veh_16;41.00449877336096;-8.642418982574481;6.5861033676539;180.54709486564582
VEHICLE_UPDATES;178000000000;veh_17;41.00463499402204;-8.639968648477694;8.295913255251174;90.06674369432656
VEHICLE_UPDATES;178000000000;veh_18;41.004488293638715;-8.642381114705271;7.36019904590972;180.54709486564593
VEHICLE_UPDATES;178000000000;veh_19;41.00466446716557;-8.640130100874696;8.24315923576534;90.06674369432656
VEHICLE_UPDATES;178000000000;veh_20;41.004642834064185;-8.64237841764368;6.828090395700114;180.47712245760277
VEHICLE_UPDATES;178000000000;veh_21;41.004635781876416;-8.640165367076873;8.87238399210267;90.06674369432656
VEHICLE_UPDATES;178000000000;veh_22;41.00465477353712;-8.642416277436329;6.565585110503389;180.47745377730945
VEHICLE_UPDATES;178000000000;veh_23;41.00466568847875;-8.64043519189257;7.3311401124697;90.06674369432656
VEHICLE_UPDATES;178000000000;veh_24;41.00477230438655;-8.642376512046157;3.554889320620268;180.29988793645816
VEHICLE_UPDATES;178000000000;veh_25;41.004637889975776;-8.640692149172846;6.827165506915005;90.06674369432656
VEHICLE_UPDATES;178000000000;veh_26;41.00478797884088;-8.6424143728952;3.971317448974007;180.29993154303952
VEHICLE_UPDATES;178000000000;veh_27;41.00466646097855;-8.640628270986761;8.24049061184944;90.0667436943282
VEHICLE_UPDATES;178000000000;veh_28;41.00486708719065;-8.642375344742685;2.946871677585954;180.29988793645816
VEHICLE_UPDATES;178000000000;veh_29;41.00464103203972;-8.642494965421488;0.0;90.72339311942727
VEHICLE_UPDATES;178000000000;veh_30;41.0055819911351;-8.642405518425402;7.21679652544434;180.13491255010234
VEHICLE_UPDATES;178000000000;veh_31;41.00466998428383;-8.642504444645478;3.264129460815526;90.72293676843755
VEHICLE_UPDATES;178000000000;veh_32;41.00619118156406;-8.642399970986334;6.682692393393892;180.19124020941547
VEHICLE_UPDATES;178000000000;veh_33;41.004648394426034;-8.643311726934476;8.766120803536182;89.86402278038935
VEHICLE_UPDATES;179000000000;veh_0;41.001275944028215;-8.64246568480118;6.390151500530644;180.47282324749773
VEHICLE_UPDATES;179000000000;veh_2;41.00101424289653;-8.642467784924115;7.474602963837948;179.68118734713954
VEHICLE_UPDATES;179000000000;veh_4;41.000533599066145;-8.642442929187803;9.7474661206631;150.72474572274737
VEHICLE_UPDATES;179000000000;veh_6;41.00140369987059;-8.642463602672088;7.142868147366061;180.47282324749773
VEHICLE_UPDATES;179000000000;veh_8;41.001539772088314;-8.642461384994185;7.131648281501579;180.4728232474978
VEHICLE_UPDATES;179000000000;veh_10;41.001326726428545;-8.64242680463217;7.241099617572102;180.47290371069997
VEHICLE_UPDATES;179000000000;veh_12;41.002044715666344;-8.642453155426558;6.390686781202444;180.47282324749773
VEHICLE_UPDATES;179000000000;veh_14;41.00170104838958;-8.642458756530665;7.039903343496436;180.47282324749773
VEHICLE_UPDATES;179000000000;veh_16;41.00443541792971;-8.642420123666172;7.028666446695329;180.54709486564582
VEHICLE_UPDATES;179000000000;veh_18;41.00441684912693;-8.642382401529442;7.937604007854278;180.5470948656459
VEHICLE_UPDATES;179000000000;veh_19;41.004664102871565;-8.640039137182878;7.649831370900499;90.06674369432656
VEHICLE_UPDATES;179000000000;veh_20;41.00457519632544;-8.642379549451379;7.510046636617735;180.5043506934042
VEHICLE_UPDATES;179000000000;veh_21;41.00463538136217;-8.640065352589447;8.410985495858398;90.06674369432656
VEHICLE_UPDATES;179000000000;veh_22;41.0045887625083;-8.642417361779653;7.333210691711321;180.4790753664296
VEHICLE_UPDATES;179000000000;veh_23;41.00463649566868;-8.640343665602963;7.720323847362567;90.06674369432656
VEHICLE_UPDATES;179000000000;veh_24;41.00472708530991;-8.642377068942956;5.019988355497762;180.2998879364586
VEHICLE_UPDATES;179000000000;veh_25;41.00463756672898;-8.640611335632235;6.796229911101798;90.06674369432656
VEHICLE_UPDATES;179000000000;veh_26;41.00473732534596;-8.642414996741797;5.623554469406956;180.29993154303952
VEHICLE_UPDATES;179000000000;veh_27;41.004666117413734;-8.64054239019579;7.222370765728032;90.06674369432656
VEHICLE_UPDATES;179000000000;veh_28;41.00483408397754;-8.642375751196285;3.663846341093004;180.29988793645856
VEHICLE_UPDATES;179000000000;veh_29;41.00464103203972;-8.642494965421488;0.0;90.72339311942727
VEHICLE_UPDATES;179000000000;veh_30;41.00552477887878;-8.642406005539804;6.351565159803692;180.13491255010234
VEHICLE_UPDATES;179000000000;veh_31;41.004669874327575;-8.642495760045133;0.730421013471914;90.72293676843755
VEHICLE_UPDATES;179000000000;veh_32;41.00612739827957;-8.64240059684177;7.081113756484057;180.19124020941547
VEHICLE_UPDATES;179000000000;veh_33;41.0046482476678;-8.643203335496148;9.117075554438202;89.86833624206884
VEHICLE_REGISTRATION;179857142845;veh_34;[src.main.java.CarSendsCamAPP, src.main.java.EventProcessingApp, src.main.java.MainCarApp];Car
VEHICLE_REGISTRATION;179857142845;veh_35;[src.main.java.CarSendsCamAPP, src.main.java.EventProcessingApp, src.main.java.MainCarApp];Car_0
VEHICLE_UPDATES;180000000000;veh_0;41.00121581492024;-8.642466664765202;6.670621190584368;180.47282324749773
VEHICLE_UPDATES;180000000000;veh_2;41.0009463548662;-8.642467653167456;7.530816653736089;179.68118734713914
VEHICLE_UPDATES;180000000000;veh_4;41.000466683220196;-8.642383096848214;9.053417042297312;139.16799233807177
VEHICLE_UPDATES;180000000000;veh_6;41.00134797357468;-8.642464510884931;6.182180836452368;180.4728232474978
VEHICLE_UPDATES;180000000000;veh_8;41.00147553095357;-8.642462431984796;7.126802791078548;180.4728232474978
VEHICLE_UPDATES;180000000000;veh_10;41.00126486842708;-8.642427812925249;6.872407261014517;180.47290371069997
VEHICLE_UPDATES;180000000000;veh_12;41.0019865372965;-8.642454103625157;6.454210498194211;180.47282324749773
VEHICLE_UPDATES;180000000000;veh_14;41.00164399674956;-8.64245968635385;6.329212600206548;180.47282324749773
VEHICLE_UPDATES;180000000000;veh_16;41.00436983461337;-8.642421304881426;7.275828462966943;180.54709486564582
VEHICLE_UPDATES;180000000000;veh_18;41.0043555861053;-8.642383504966842;6.806423450105974;180.5470948656459
VEHICLE_UPDATES;180000000000;veh_19;41.004663729554814;-8.639945939122358;7.837736627443807;90.0667436943282
VEHICLE_UPDATES;180000000000;veh_20;41.004505785325094;-8.642380799652923;7.711677628315046;180.5470948656459
VEHICLE_UPDATES;180000000000;veh_21;41.00463492135667;-8.639950508955096;9.658082411232405;90.06674369432656
VEHICLE_UPDATES;180000000000;veh_22;41.00452454160322;-8.642418518463128;7.124682433176242;180.54709486564582
VEHICLE_UPDATES;180000000000;veh_23;41.0046361344784;-8.640253435097645;7.588175128528644;90.06674369432656
VEHICLE_UPDATES;180000000000;veh_24;41.00466837547763;-8.642377998782917;6.517697553304888;180.47712245760277
VEHICLE_UPDATES;180000000000;veh_25;41.00463722663068;-8.640526324403956;7.149245743402095;90.0667436943282
VEHICLE_UPDATES;180000000000;veh_26;41.004671528696555;-8.642416002545442;7.308215592144409;180.47745377730985
VEHICLE_UPDATES;180000000000;veh_27;41.00466575995797;-8.640453054063007;7.512956934861926;90.06674369432656
VEHICLE_UPDATES;180000000000;veh_28;41.00478926976324;-8.642376303108334;4.975042685124487;180.2998879364586
VEHICLE_UPDATES;180000000000;veh_29;41.00464103203972;-8.642494965421488;0.0;90.72339311942727
VEHICLE_UPDATES;180000000000;veh_30;41.00546138858896;-8.642406545253579;7.037435294145223;180.13491255010234
VEHICLE_UPDATES;180000000000;veh_31;41.00466986193575;-8.642494781313543;0.082316524958625;90.72293676843753
VEHICLE_UPDATES;180000000000;veh_32;41.00606958851739;-8.642401164082278;6.417943213939372;180.19124020941547
VEHICLE_UPDATES;180000000000;veh_33;41.00464810715865;-8.643099629905599;8.722937248152016;89.86833624206722
VEHICLE_UPDATES;181000000000;veh_0;41.00115357316665;-8.642467679158113;6.904994435600108;180.47282324749773
VEHICLE_UPDATES;181000000000;veh_2;41.0008770076666;-8.642467518578613;7.692682155680064;179.68118734713914
VEHICLE_UPDATES;181000000000;veh_4;41.000405156774825;-8.642297071160451;9.942339567983524;133.11667808348585
VEHICLE_UPDATES;181000000000;veh_6;41.0012875839013;-8.642465495098183;6.699527957847503;180.47282324749813
VEHICLE_UPDATES;181000000000;veh_8;41.00142189328376;-8.64246330616011;5.950472273588876;180.47282324749773
VEHICLE_UPDATES;181000000000;veh_10;41.001202119580476;-8.642428835736853;6.971379838010828;180.47290371069997
VEHICLE_UPDATES;181000000000;veh_12;41.00193571975872;-8.64245493185429;5.637612114530988;180.47282324749773
VEHICLE_UPDATES;181000000000;veh_14;41.00158721203601;-8.642460611824736;6.299600162943416;180.47282324749773
VEHICLE_UPDATES;181000000000;veh_16;41.004304244019664;-8.642422486224925;7.276635729160384;180.54709486564582
VEHICLE_UPDATES;181000000000;veh_18;41.004293376497706;-8.64238462545113;6.911590644794668;180.5470948656459
VEHICLE_UPDATES;181000000000;veh_20;41.00443923920482;-8.642381998250492;7.393384596736397;180.5470948656459
VEHICLE_UPDATES;181000000000;veh_22;41.00446729464802;-8.642419549536429;6.350990713382527;180.54709486564582
VEHICLE_UPDATES;181000000000;veh_23;41.00463574504993;-8.640156170045618;8.179764246649835;90.06674369432656
VEHICLE_UPDATES;181000000000;veh_24;41.004597182380635;-8.642379166297385;7.903539328474407;180.47712245760277
VEHICLE_UPDATES;181000000000;veh_25;41.00463686489694;-8.640435922360068;7.602600867179969;90.0667436943282
VEHICLE_UPDATES;181000000000;veh_26;41.004603122242614;-8.64241712484409;7.599452537593143;180.47745377730945
VEHICLE_UPDATES;181000000000;veh_27;41.0046653675423;-8.640355000586972;8.246064973782834;90.06674369432656
VEHICLE_UPDATES;181000000000;veh_28;41.004731815426055;-8.642377010689126;6.378283805956293;180.29988793645816
VEHICLE_UPDATES;181000000000;veh_29;41.00464103203972;-8.642494965421488;0.0;90.72339311942727
VEHICLE_UPDATES;181000000000;veh_30;41.005394904667725;-8.642407111305378;7.380882621968601;180.13491255010234
VEHICLE_UPDATES;181000000000;veh_31;41.00466985655003;-8.642494355937957;0.035776346016497;90.72293676843753
VEHICLE_UPDATES;181000000000;veh_32;41.00601143600305;-8.642401741197205;6.455999136496041;180.19908523234562
VEHICLE_UPDATES;181000000000;veh_33;41.00464735263945;-8.64299402664528;8.883183132082491;90.7233931194289
VEHICLE_UPDATES;182000000000;veh_0;41.001099183840374;-8.64246794977664;6.033577991827494;179.73157055698064
VEHICLE_UPDATES;182000000000;veh_2;41.00080954116294;-8.642467387639593;7.484056538662095;179.68118734713954
VEHICLE_UPDATES;182000000000;veh_4;41.00034269402134;-8.64222006994093;9.486109166153707;137.71930482905532
VEHICLE_UPDATES;182000000000;veh_6;41.00122843731472;-8.642466459049833;6.561621949700286;180.47282324749773
VEHICLE_UPDATES;182000000000;veh_8;41.001366894032344;-8.642464202524387;6.101523771072711;180.47282324749773
VEHICLE_UPDATES;182000000000;veh_10;41.00114147324809;-8.642429824275036;6.737791005347455;180.47290371069997
VEHICLE_UPDATES;182000000000;veh_12;41.00188179392263;-8.642455810741062;5.982441442167387;180.47282324749773
VEHICLE_UPDATES;182000000000;veh_14;41.00153142674966;-8.642461521005172;6.188725336086527;180.47282324749773
VEHICLE_UPDATES;182000000000;veh_16;41.00424465754054;-8.642423559426666;6.610537786793189;180.54709486564582
VEHICLE_UPDATES;182000000000;veh_18;41.004227853121684;-8.642385805618398;7.279755733076634;180.5470948656459
VEHICLE_UPDATES;182000000000;veh_20;41.00436681090181;-8.64238330279188;8.046904777370585;180.5470948656459
VEHICLE_UPDATES;182000000000;veh_22;41.00439960380624;-8.642420768711501;7.509637866652958;180.54709486564582
VEHICLE_UPDATES;182000000000;veh_23;41.00463538164007;-8.6400654219783;7.631701149198022;90.0667436943282
VEHICLE_UPDATES;182000000000;veh_24;41.00453122716794;-8.642380341405591;7.327047415088717;180.5470948656459
VEHICLE_UPDATES;182000000000;veh_25;41.00463652619549;-8.640351292445255;7.117178400438094;90.06674369432656
VEHICLE_UPDATES;182000000000;veh_26;41.00453634784848;-8.64241830582091;7.410027598583192;180.54709486564582
VEHICLE_UPDATES;182000000000;veh_27;41.004665025276175;-8.640269495065029;7.190811891292308;90.0667436943282
VEHICLE_UPDATES;182000000000;veh_28;41.00466924810909;-8.642377984472384;6.945934973752557;180.47712245760277
VEHICLE_UPDATES;182000000000;veh_29;41.00464103203972;-8.642494965421488;0.0;90.72339311942727
VEHICLE_UPDATES;182000000000;veh_30;41.00533071652207;-8.642407688479896;7.126031492690061;180.17185873056115
VEHICLE_UPDATES;182000000000;veh_31;41.00466985636315;-8.642494341177672;0.001241418451167;90.72293676843753
VEHICLE_UPDATES;182000000000;veh_32;41.00594537670329;-8.64240242447383;7.33381610560574;180.20829028801865
VEHICLE_UPDATES;182000000000;veh_33;41.00464591822195;-8.642880753091491;9.529038793145014;90.72339311942727
VEHICLE_UPDATES;182000000000;veh_34;41.00655406849961;-8.64235835639938;8.454304058716437;180.15523242426352
VEHICLE_UPDATES;182000000000;veh_35;41.004678490332786;-8.643988481363243;7.683504235663712;90.16591395568992
VEHICLE_UPDATES;183000000000;veh_0;41.001041586128416;-8.64246783799162;6.38931212424404;179.68118734713914
VEHICLE_UPDATES;183000000000;veh_2;41.000747092628956;-8.642467266439251;6.927413285073977;179.68118734713914
VEHICLE_UPDATES;183000000000;veh_4;41.00027707926969;-8.64214196159974;9.801446787341499;137.71930482905537
VEHICLE_UPDATES;183000000000;veh_6;41.00117505245291;-8.642467329096972;5.922425920730795;180.47282324749773
VEHICLE_UPDATES;183000000000;veh_8;41.001308629131486;-8.64246515210942;6.463809323502677;180.47282324749773
VEHICLE_UPDATES;183000000000;veh_10;41.001080741225984;-8.642429871516075;6.746876160695749;179.68600306236235
VEHICLE_UPDATES;183000000000;veh_12;41.00183084388285;-8.642456641126499;5.652311557099224;180.4728232474978
VEHICLE_UPDATES;183000000000;veh_14;41.00147205646361;-8.642462488611347;6.586439075185509;180.47282324749773
VEHICLE_UPDATES;183000000000;veh_16;41.00418694088466;-8.642424598949122;6.403099095762932;180.54709486564582
VEHICLE_UPDATES;183000000000;veh_18;41.00415975101005;-8.642387032229298;7.566257446057314;180.5470948656459
VEHICLE_UPDATES;183000000000;veh_20;41.00429434409081;-8.64238460802341;8.051182972938458;180.5470948656459
VEHICLE_UPDATES;183000000000;veh_22;41.00434054354967;-8.642421832439243;6.552158648212828;180.54709486564582
VEHICLE_UPDATES;183000000000;veh_23;41.00463501949078;-8.639975006433241;7.603736928047408;90.06674369432656
VEHICLE_UPDATES;183000000000;veh_24;41.004461874283926;-8.642381590558369;7.705220747773391;180.5470948656459
VEHICLE_UPDATES;183000000000;veh_25;41.00463619843583;-8.640269411292188;6.886014055362718;90.06674369432656
VEHICLE_UPDATES;183000000000;veh_26;41.004470939932574;-8.642419483881376;7.256369626981895;180.54709486564582
VEHICLE_UPDATES;183000000000;veh_27;41.00466464624239;-8.640174822669449;7.961724385756154;90.06674369432656
VEHICLE_UPDATES;183000000000;veh_28;41.004606955755655;-8.6423790060214;6.915418579203254;180.47712245760277
VEHICLE_UPDATES;183000000000;veh_29;41.00464103203972;-8.642494965421488;0.0;90.72339311942727
VEHICLE_UPDATES;183000000000;veh_30;41.005267411427916;-8.642408468159534;7.028136544900451;180.29993154303952
VEHICLE_UPDATES;183000000000;veh_31;41.004669856326345;-8.642494338270973;0.000244468834447;90.72293676843755
VEHICLE_UPDATES;183000000000;veh_32;41.00588084321312;-8.642402973930931;7.164351135947447;180.13491255010234
VEHICLE_UPDATES;183000000000;veh_33;41.004644592317405;-8.642776056444045;8.807514464127166;90.72339311942727
VEHICLE_UPDATES;183000000000;veh_34;41.006473636513896;-8.642359145673367;8.929004522046808;180.19124020941572
VEHICLE_UPDATES;183000000000;veh_35;41.00467800916256;-8.643897395719263;7.659901287721731;90.16591395568828
VEHICLE_UPDATES;184000000000;veh_0;41.00097551563641;-8.642467709762522;7.329197231182931;179.68118734713914
VEHICLE_UPDATES;184000000000;veh_2;41.000684160876894;-8.64246714430088;6.981016572650675;179.68118734713914
VEHICLE_UPDATES;184000000000;veh_4;41.000211302568125;-8.642063660690804;9.825630705923773;137.7193048290553
VEHICLE_UPDATES;184000000000;veh_6;41.00111430008341;-8.642467979114054;6.739609212950556;180.063434189836
VEHICLE_UPDATES;184000000000;veh_8;41.001249509094;-8.642466115629134;6.558676661232529;180.47282324749773
VEHICLE_UPDATES;184000000000;veh_10;41.00101407536543;-8.642429749566096;7.406001233763593;179.68600306236235
VEHICLE_UPDATES;184000000000;veh_12;41.00177962224336;-8.642457475936896;5.682442319054157;180.47282324749773
VEHICLE_UPDATES;184000000000;veh_14;41.00140992380408;-8.642463501235902;6.892892038872988;180.47282324749773
VEHICLE_UPDATES;184000000000;veh_16;41.00412161915884;-8.642425775442243;7.246807227225267;180.54709486564582
VEHICLE_UPDATES;184000000000;veh_18;41.004088642078514;-8.642388312993832;7.900320020581747;180.5470948656459
VEHICLE_UPDATES;184000000000;veh_20;41.00422934680497;-8.642385778715111;7.221306243575571;180.5470948656459
VEHICLE_UPDATES;184000000000;veh_22;41.0042752882149;-8.642423007743194;7.239441985934429;180.54709486564582
VEHICLE_UPDATES;184000000000;veh_24;41.004388979260426;-8.642382903507158;8.098758229740751;180.5470948656459
VEHICLE_UPDATES;184000000000;veh_25;41.004635867073254;-8.640186644820558;6.960467387498172;90.06674369432656
VEHICLE_UPDATES;184000000000;veh_26;41.00441054004985;-8.642420571739777;6.700777169439549;180.54709486564582
VEHICLE_UPDATES;184000000000;veh_27;41.00466429208318;-8.640086380814356;7.437750803164294;90.0667436943282
VEHICLE_UPDATES;184000000000;veh_28;41.00454163296844;-8.642380153980746;7.255942058740463;180.5470948656459
VEHICLE_UPDATES;184000000000;veh_29;41.00464103203972;-8.642494965421488;0.0;90.72339311942727
VEHICLE_UPDATES;184000000000;veh_30;41.005205564882466;-8.642409229873492;6.866208279265527;180.29993154303912
VEHICLE_UPDATES;184000000000;veh_31;41.00466985630076;-8.642494336249875;0.00016998498735;90.72293676843753
VEHICLE_UPDATES;184000000000;veh_32;41.005816864334925;-8.642403518664391;7.102779385180849;180.13491255010234
VEHICLE_UPDATES;184000000000;veh_33;41.00464324583596;-8.642669742682743;8.943553181847825;90.72339311942727
VEHICLE_UPDATES;184000000000;veh_34;41.00639037846784;-8.642359962676531;9.242734127544601;180.1912402094153
VEHICLE_UPDATES;184000000000;veh_35;41.00467756756016;-8.643813812259479;7.029000791314319;90.16591395568992
VEHICLE_UPDATES;185000000000;veh_0;41.000918849775864;-8.642467599785686;6.285941745728357;179.68118734713914
VEHICLE_UPDATES;185000000000;veh_2;41.00062018565196;-8.642467020137131;7.096768893177774;179.68118734713954
VEHICLE_UPDATES;185000000000;veh_4;41.000150860801995;-8.641991710708352;9.028698572962545;137.71930482905506
VEHICLE_UPDATES;185000000000;veh_6;41.001042363334435;-8.642467839500016;7.979940996363057;179.68118734713954
VEHICLE_UPDATES;185000000000;veh_8;41.00119120528874;-8.642467065844087;6.468125177180368;180.4728232474978
VEHICLE_UPDATES;185000000000;veh_10;41.000949519813595;-8.642429631476222;7.171564085769999;179.68600306236235
VEHICLE_UPDATES;185000000000;veh_12;41.001730707201475;-8.642458273152881;5.426552222469822;180.47282324749773
VEHICLE_UPDATES;185000000000;veh_14;41.00135503805598;-8.642464395749935;6.08893189197831;180.47282324749773
VEHICLE_UPDATES;185000000000;veh_16;41.004056802112345;-8.642426942842945;7.190817903296315;180.54709486564582
VEHICLE_UPDATES;185000000000;veh_18;41.00401777871203;-8.642389613305253;7.873065514637308;180.5759913028575
VEHICLE_UPDATES;185000000000;veh_20;41.004154252097265;-8.642387131272002;8.343146453831617;180.5470948656459
VEHICLE_UPDATES;185000000000;veh_22;41.004216151081536;-8.64242407285073;6.560687230731748;180.54709486564582
VEHICLE_UPDATES;185000000000;veh_24;41.004317837331506;-8.64238418487672;7.903986408991595;180.54709486564593
VEHICLE_UPDATES;185000000000;veh_25;41.00463553450447;-8.640103591989845;6.984549625329489;90.06674369432656
VEHICLE_UPDATES;185000000000;veh_26;41.00434346274812;-8.642421779861937;7.441571516893336;180.54709486564582
VEHICLE_UPDATES;185000000000;veh_27;41.00466394157506;-8.639998867403886;7.359670925580052;90.06674369432656
VEHICLE_UPDATES;185000000000;veh_28;41.004473791553224;-8.642381375910128;7.537294065663871;180.5470948656459
VEHICLE_UPDATES;185000000000;veh_29;41.00464103203972;-8.642494965421488;0.0;90.72339311942727
VEHICLE_UPDATES;185000000000;veh_30;41.00513838279258;-8.642410057298948;7.458560751394804;180.29993154303952
VEHICLE_UPDATES;185000000000;veh_31;41.00466985630076;-8.642494336249875;0.0;90.72293676843753
VEHICLE_UPDATES;185000000000;veh_32;41.00575120408321;-8.642404077711959;7.289441297425594;180.13491255010234
VEHICLE_UPDATES;185000000000;veh_33;41.00464245676963;-8.642607444191155;5.240806897798659;90.72339311942727
VEHICLE_UPDATES;185000000000;veh_34;41.0063088619833;-8.642360762587188;9.04939784492067;180.1912402094153
VEHICLE_UPDATES;185000000000;veh_35;41.00467708062022;-8.643721660920782;7.749521818396896;90.16591395568992
VEHICLE_UPDATES;186000000000;veh_0;41.000862545400565;-8.642467490510262;6.245842140718466;179.68118734713914
VEHICLE_UPDATES;186000000000;veh_2;41.00056132082773;-8.642463246182185;6.609741094910692;175.19561395592328
VEHICLE_UPDATES;186000000000;veh_4;41.000087796103564;-8.641916638579945;9.420501021462494;137.7193048290553
VEHICLE_UPDATES;186000000000;veh_6;41.000988888850564;-8.642467735717169;5.931922523687005;179.68118734713954
VEHICLE_UPDATES;186000000000;veh_8;41.00112752430571;-8.642468004779447;7.064614866795923;180.35376170423265
VEHICLE_UPDATES;186000000000;veh_10;41.0008814410704;-8.64242950694122;7.562960119091506;179.68600306236235
VEHICLE_UPDATES;186000000000;veh_12;41.00167503083249;-8.642459180563028;6.176642387254164;180.47282324749773
VEHICLE_UPDATES;186000000000;veh_14;41.00129487171473;-8.642465376323646;6.674751881560833;180.47282324749813
VEHICLE_UPDATES;186000000000;veh_16;41.00399320227871;-8.642428136053281;7.055836149316506;180.58913892279796
VEHICLE_UPDATES;186000000000;veh_18;41.003953451064014;-8.642390581965882;7.14678574698806;180.28444837291354
VEHICLE_UPDATES;186000000000;veh_20;41.004089060089676;-8.642388305464916;7.242939971256748;180.54709486564593
VEHICLE_UPDATES;186000000000;veh_22;41.004155770580155;-8.64242516034996;6.69862669459024;180.54709486564622
VEHICLE_UPDATES;186000000000;veh_24;41.0042463583888;-8.642385472313046;7.94142909886953;180.5470948656459
VEHICLE_UPDATES;186000000000;veh_25;41.00463519324655;-8.640018384736377;7.165731671983192;90.06674369432656
VEHICLE_UPDATES;186000000000;veh_26;41.00428344729782;-8.642422860791338;6.658127992365001;180.54709486564622
VEHICLE_UPDATES;186000000000;veh_28;41.00439806665334;-8.642382739829761;8.413162214602623;180.5470948656459
VEHICLE_UPDATES;186000000000;veh_29;41.00464103203972;-8.642494965421488;0.0;90.72339311942727
VEHICLE_UPDATES;186000000000;veh_30;41.00507198431887;-8.642410875071118;7.371563537481677;180.29993154303952
VEHICLE_UPDATES;186000000000;veh_31;41.00466985630076;-8.642494336249875;0.0;90.72293676843753
VEHICLE_UPDATES;186000000000;veh_32;41.00568458381927;-8.642404644931686;7.396019434475976;180.13491255010234
VEHICLE_UPDATES;186000000000;veh_33;41.00464218141494;-8.642585704968676;1.828793384157225;90.72339311942727
VEHICLE_UPDATES;186000000000;veh_34;41.0062278669777;-8.642361557377962;8.991506720922692;180.1912402094153
VEHICLE_UPDATES;186000000000;veh_35;41.00467659939058;-8.643635118293092;7.277960023599006;90.10418237890327
VEHICLE_UPDATES;187000000000;veh_0;41.000798465660985;-8.642467366144233;7.108362919130466;179.68118734713914
VEHICLE_UPDATES;187000000000;veh_2;41.00050356605763;-8.642420918326437;7.328042670332048;150.7247457227474
VEHICLE_UPDATES;187000000000;veh_4;41.00002549914819;-8.641842480569462;9.305809642797337;137.71930482905532
VEHICLE_UPDATES;187000000000;veh_6;41.00093758726114;-8.642467636151327;5.69088336956991;179.68118734713914
VEHICLE_UPDATES;187000000000;veh_8;41.001072311586775;-8.642467897623279;6.12474496467595;179.68118734713954
VEHICLE_UPDATES;187000000000;veh_10;41.00081615131869;-8.642429387507834;7.253127181727971;179.68600306236235
VEHICLE_UPDATES;187000000000;veh_12;41.00162571034176;-8.642459984383883;5.471531930250116;180.47282324749773
VEHICLE_UPDATES;187000000000;veh_14;41.001235995481366;-8.642466335869432;6.531629429878258;180.47282324749773
VEHICLE_UPDATES;187000000000;veh_16;41.00392647057014;-8.642428779215637;7.402823067211771;180.0
VEHICLE_UPDATES;187000000000;veh_18;41.003886892171806;-8.642391030059803;7.394214746549877;180.1064398998378
VEHICLE_UPDATES;187000000000;veh_20;41.004026373383766;-8.64238945002761;6.964615005891725;180.56577342401792
VEHICLE_UPDATES;187000000000;veh_22;41.00409555575556;-8.642426244862842;6.680246399151549;180.54709486564582
VEHICLE_UPDATES;187000000000;veh_24;41.00417282973801;-8.642386796663999;8.169154959532287;180.5470948656459
VEHICLE_UPDATES;187000000000;veh_25;41.0046348894383;-8.639942541367855;6.378250839812496;90.06674369432656
VEHICLE_UPDATES;187000000000;veh_26;41.00421942781371;-8.642424013834196;7.102336357239108;180.54709486564582
VEHICLE_UPDATES;187000000000;veh_28;41.00432814868992;-8.64238399915437;7.768001821534988;180.5470948656459
VEHICLE_UPDATES;187000000000;veh_29;41.00464103203972;-8.642494965421488;0.0;90.72339311942727
VEHICLE_UPDATES;187000000000;veh_30;41.00501119952579;-8.642411623702605;6.748332215349626;180.29993154303952
VEHICLE_UPDATES;187000000000;veh_31;41.00466985630076;-8.642494336249875;0.0;90.72293676843753
VEHICLE_UPDATES;187000000000;veh_32;41.005618017878554;-8.642405211687265;7.389988513303626;180.13491255010234
VEHICLE_UPDATES;187000000000;veh_33;41.00464204957731;-8.64257529651727;0.875602024030867;90.72339311942727
VEHICLE_UPDATES;187000000000;veh_34;41.006153767813814;-8.642362284498626;8.22597783955912;180.19124020941572
VEHICLE_UPDATES;187000000000;veh_35;41.00467682379354;-8.643544485618573;7.621664300270639;89.57888711287109
VEHICLE_UPDATES;188000000000;veh_0;41.00074186429517;-8.642467256292074;6.278787152903258;179.68118734713954
VEHICLE_UPDATES;188000000000;veh_2;41.00045701812912;-8.642369583193734;6.804595037239757;133.11667808348585
VEHICLE_UPDATES;188000000000;veh_4;40.99995883072133;-8.641788402387078;8.939759471457451;161.41139183585122
VEHICLE_UPDATES;188000000000;veh_6;41.000866989081985;-8.642467499134556;7.831453257242383;179.68118734713954
VEHICLE_UPDATES;188000000000;veh_8;41.00101087126764;-8.642467778380484;6.815572365899393;179.68118734713954
VEHICLE_UPDATES;188000000000;veh_10;41.000755743550556;-8.64242927700477;6.710780922148908;179.68600306236235
VEHICLE_UPDATES;188000000000;veh_12;41.00157412618255;-8.642460825096231;5.722659438299947;180.47282324749813
VEHICLE_UPDATES;188000000000;veh_14;41.001177515035884;-8.642467288962726;6.487721325857156;180.47282324749773
VEHICLE_UPDATES;188000000000;veh_16;41.003868018528344;-8.642429235649686;6.484194082219378;180.11924835566708
VEHICLE_UPDATES;188000000000;veh_18;41.00381885382218;-8.642391584740714;7.558613509226742;180.11922223629097
VEHICLE_UPDATES;188000000000;veh_20;41.003952625078604;-8.642390586430912;8.193438558835592;180.2709159311304
VEHICLE_UPDATES;188000000000;veh_22;41.004034462966175;-8.642427352946445;6.777657077968508;180.55643536760746
VEHICLE_UPDATES;188000000000;veh_24;41.00410737359536;-8.642387975615122;7.272285838423117;180.5470948656459
VEHICLE_UPDATES;188000000000;veh_26;41.00416754437392;-8.642424948295073;5.755960736948927;180.54709486564582
VEHICLE_UPDATES;188000000000;veh_28;41.00426147906059;-8.642385199968754;7.407106424323563;180.5470948656459
VEHICLE_UPDATES;188000000000;veh_29;41.00464103203972;-8.642494965421488;0.0;90.72339311942727
VEHICLE_UPDATES;188000000000;veh_30;41.00494923290585;-8.642412386887752;6.879538647055131;180.29993154303912
VEHICLE_UPDATES;188000000000;veh_31;41.00466985630076;-8.642494336249875;0.0;90.72293676843753
VEHICLE_UPDATES;188000000000;veh_32;41.00555569640134;-8.642405742303167;6.918778440951074;180.13491255010234
VEHICLE_UPDATES;188000000000;veh_33;41.00464201405372;-8.642572491977232;0.235929519720131;90.72339311942727
VEHICLE_UPDATES;188000000000;veh_34;41.00607537143256;-8.642363053784615;8.70302513917609;180.19124020941572
VEHICLE_UPDATES;188000000000;veh_35;41.004677055331534;-8.643450941044913;7.86653754272338;89.57888711287109
VEHICLE_UPDATES;189000000000;veh_0;41.00067598474598;-8.642467128432576;7.308015572713791;179.68118734713954
VEHICLE_UPDATES;189000000000;veh_2;41.0004129186519;-8.642307923729003;7.126236005981606;133.11667808348585
VEHICLE_UPDATES;189000000000;veh_4;40.9998782645279;-8.641763219394461;9.184368806149811;166.442228287216
VEHICLE_UPDATES;189000000000;veh_6;41.00081603962197;-8.642467400251816;5.651821550025259;179.68118734713954
VEHICLE_UPDATES;189000000000;veh_8;41.00094520585046;-8.642467650937451;7.284262256492833;179.68118734713914
VEHICLE_UPDATES;189000000000;veh_10;41.00069312332;-8.64242916245428;6.956566301488849;179.68600306236235
VEHICLE_UPDATES;189000000000;veh_12;41.0015211125666;-8.642461689104014;5.881240896401928;180.47282324749773
VEHICLE_UPDATES;189000000000;veh_14;41.00112376257017;-8.642467997478722;5.963130660196358;180.271176523152
VEHICLE_UPDATES;189000000000;veh_16;41.003800355649496;-8.642429787270926;7.50597938055847;180.11924835566708
VEHICLE_UPDATES;189000000000;veh_18;41.00375529811255;-8.642392102875524;7.060621584260987;180.11922223629097
VEHICLE_UPDATES;189000000000;veh_20;41.00388678152535;-8.642391030961846;7.314746268351665;180.10680627243048
VEHICLE_UPDATES;189000000000;veh_22;41.00396948595231;-8.642428546712257;7.208608091757089;180.54163932799798
VEHICLE_UPDATES;189000000000;veh_24;41.00403362625528;-8.642389312240834;8.193461341165793;180.55715076060395
VEHICLE_UPDATES;189000000000;veh_26;41.00410866094968;-8.642426008828945;6.532540555092663;180.54709486564582
VEHICLE_UPDATES;189000000000;veh_28;41.00419427314245;-8.642386410439501;7.46668890720727;180.5470948656459
VEHICLE_UPDATES;189000000000;veh_29;41.00464103203972;-8.642494965421488;0.0;90.72339311942727
VEHICLE_UPDATES;189000000000;veh_30;41.00488276171343;-8.642413205549463;7.379636526007642;180.29993154303952
VEHICLE_UPDATES;189000000000;veh_31;41.00466985630076;-8.642494336249875;0.0;90.72293676843753
VEHICLE_UPDATES;189000000000;veh_32;41.00549134113186;-8.642406290233632;7.144565021608662;180.13491255010234
VEHICLE_UPDATES;189000000000;veh_33;41.00464201103232;-8.642572253441445;0.020066618058779;90.72339311942727
VEHICLE_UPDATES;189000000000;veh_34;41.005994494575354;-8.642363865588862;8.97840210204645;180.21313916389767
VEHICLE_UPDATES;189000000000;veh_35;41.00467727637876;-8.643361606248968;7.512520479423254;89.57888711287109
VEHICLE_UPDATES;190000000000;veh_0;41.00061259040182;-8.642467005396181;7.032331806599266;179.68118734713954
VEHICLE_UPDATES;190000000000;veh_2;41.000368988743666;-8.642251371456311;6.812511935287308;137.14581511960887
VEHICLE_UPDATES;190000000000;veh_6;41.000747610205714;-8.642467267443767;7.590872312800257;179.68118734713914
VEHICLE_UPDATES;190000000000;veh_8;41.000885577933964;-8.642467535211777;6.614522463090736;179.68118734713954
VEHICLE_UPDATES;190000000000;veh_10;41.00063224891633;-8.64242905109721;6.762619951006557;179.68600306236195
VEHICLE_UPDATES;190000000000;veh_12;41.001465240650724;-8.642462599694095;6.198335798025131;180.47282324749813
VEHICLE_UPDATES;190000000000;veh_14;41.001071399455995;-8.642467895853025;5.80863840578083;179.68118734713954
VEHICLE_UPDATES;190000000000;veh_16;41.0037329807374;-8.642430336542898;7.474034563300425;180.11924835566708
VEHICLE_UPDATES;190000000000;veh_18;41.00369009826747;-8.642392634412575;7.243274143089692;180.11922223629097
VEHICLE_UPDATES;190000000000;veh_20;41.00382628924093;-8.642391524123731;6.720295260141262;180.11922223629097
VEHICLE_UPDATES;190000000000;veh_22;41.00390160028822;-8.64242896187397;7.530633856770038;180.05805746098918
VEHICLE_UPDATES;190000000000;veh_24;41.00395850095726;-8.64239055466768;8.346488476883293;180.3671827176277
VEHICLE_UPDATES;190000000000;veh_26;41.00404746540858;-8.642427111003334;6.789047256355911;180.54709486564582
VEHICLE_UPDATES;190000000000;veh_28;41.00412736780937;-8.642387615493359;7.433293322790694;180.5470948656459
VEHICLE_UPDATES;190000000000;veh_29;41.00464103203972;-8.642494965421488;0.0;90.72339311942727
VEHICLE_UPDATES;190000000000;veh_30;41.00482014277949;-8.64241397676466;6.951958437722612;180.29993154303912
VEHICLE_UPDATES;190000000000;veh_31;41.00466985630076;-8.642494336249875;0.0;90.72293676843753
VEHICLE_UPDATES;190000000000;veh_32;41.00542680730628;-8.642406839682824;7.164387801977511;180.13491255010234
VEHICLE_UPDATES;190000000000;veh_33;41.00464201097196;-8.64257224867624;0.000400868658594;90.7233931194289
VEHICLE_UPDATES;190000000000;veh_34;41.00591307080247;-8.6423646463448;9.03909630769099;180.13491255010246
VEHICLE_UPDATES;190000000000;veh_35;41.00467716090956;-8.643267702824074;7.89668627720166;89.86843701764892
VEHICLE_REGISTRATION;190142857130;veh_36;[src.main.java.CarSendsCamAPP, src.main.java.EventProcessingApp, src.main.java.MainCarApp];Car
VEHICLE_REGISTRATION;190142857130;veh_37;[src.main.java.CarSendsCamAPP, src.main.java.EventProcessingApp, src.main.java.MainCarApp];Car_0
VEHICLE_UPDATES;191000000000;veh_0;41.00055778698078;-8.64246065626096;6.215582078174791;171.9500325784335
VEHICLE_UPDATES;191000000000;veh_2;41.00032302695963;-8.642196658085691;6.865714945427295;137.71930482905515
VEHICLE_UPDATES;191000000000;veh_6;41.0006803987222;-8.64246713699926;7.45576699489336;179.68118734713914
VEHICLE_UPDATES;191000000000;veh_8;41.000822838032484;-8.642467413446182;6.959734762116308;179.68118734713914
VEHICLE_UPDATES;191000000000;veh_10;41.00057232412526;-8.64242781249741;6.681819235032956;178.31682336048544
VEHICLE_UPDATES;191000000000;veh_12;41.00140980009987;-8.642463503252003;6.150480829748326;180.4728232474978
VEHICLE_UPDATES;191000000000;veh_14;41.00101338900467;-8.642467783266888;6.435097257191837;179.68118734713914
VEHICLE_UPDATES;191000000000;veh_16;41.00367349090287;-8.642430821530665;6.599326966947169;180.11924835566708
VEHICLE_UPDATES;191000000000;veh_18;41.00361993581444;-8.642393206405236;7.794587168733741;180.11922223629136
VEHICLE_UPDATES;191000000000;veh_20;41.00375580848685;-8.64239209871473;7.829948510160112;180.11922223629136
VEHICLE_UPDATES;191000000000;veh_22;41.003837289585825;-8.64242948616742;7.134115742979958;180.11924835566708
VEHICLE_UPDATES;191000000000;veh_24;41.003895420476326;-8.642390960532902;7.007780121719371;180.07820096248255
VEHICLE_UPDATES;191000000000;veh_26;41.00398102623207;-8.642428367148222;7.370847365239731;180.58913892279756
VEHICLE_UPDATES;191000000000;veh_28;41.00405518881162;-8.642388915529622;8.019206101298613;180.5470948656459
VEHICLE_UPDATES;191000000000;veh_29;41.00464103203972;-8.642494965421488;0.0;90.72339311942727
VEHICLE_UPDATES;191000000000;veh_30;41.00476161488046;-8.64241469759293;6.497771383670348;180.29993154303912
VEHICLE_UPDATES;191000000000;veh_31;41.00466985630076;-8.642494336249875;0.0;90.72293676843753
VEHICLE_UPDATES;191000000000;veh_32;41.00535747720685;-8.642407429966395;7.696858328872997;180.13491255010234
VEHICLE_UPDATES;191000000000;veh_33;41.004642010928485;-8.642572245244706;0.000288674988856;90.72339311942727
VEHICLE_UPDATES;191000000000;veh_34;41.005836122618256;-8.642365301547434;8.542197642318708;180.13491255010246
VEHICLE_UPDATES;191000000000;veh_35;41.00467703845947;-8.643177373905742;7.596091945993974;89.86843701764728
VEHICLE_UPDATES;192000000000;veh_0;41.000509960218146;-8.642425604534363;6.068356938116355;150.7247457227474
VEHICLE_UPDATES;192000000000;veh_2;41.00027411153221;-8.642138428785719;7.306922302713771;137.71930482905543
VEHICLE_UPDATES;192000000000;veh_6;41.000623649367334;-8.64246702685955;6.295203445133261;179.68118734713914
VEHICLE_UPDATES;192000000000;veh_8;41.00075730783375;-8.64246728626497;7.269262243463631;179.68118734713954
VEHICLE_UPDATES;192000000000;veh_10;41.00051983940548;-8.642389306993868;6.670692868914987;150.69944128564032
VEHICLE_UPDATES;192000000000;veh_12;41.00135091032282;-8.64246446302261;6.533132077554241;180.47282324749813
VEHICLE_UPDATES;192000000000;veh_14;41.000955012332405;-8.642467669969824;6.475722064384782;179.68118734713954
VEHICLE_UPDATES;192000000000;veh_16;41.00361217334107;-8.642431321417561;6.802080358436556;180.11924835566748
VEHICLE_UPDATES;192000000000;veh_18;41.00355849467572;-8.64239370729678;6.825706418238731;180.11922223629136
VEHICLE_UPDATES;192000000000;veh_20;41.003685271598584;-8.642392673761586;7.836184551966642;180.11922223629097
VEHICLE_UPDATES;192000000000;veh_22;41.00377351531078;-8.642430006086185;7.074608695175886;180.11924835566748
VEHICLE_UPDATES;192000000000;veh_24;41.003828468028544;-8.64239150636124;7.437976962907265;180.11922223629097
VEHICLE_UPDATES;192000000000;veh_26;41.00391144422967;-8.642428881621038;7.718889370221889;180.02550240595534
VEHICLE_UPDATES;192000000000;veh_28;41.003986323447556;-8.64239021087755;7.651120696207788;180.5898970918043
VEHICLE_UPDATES;192000000000;veh_29;41.00464103203972;-8.642494965421488;0.0;90.72339311942727
VEHICLE_UPDATES;192000000000;veh_30;41.004737505624675;-8.642414994521493;2.676611219753709;180.29993154303952
VEHICLE_UPDATES;192000000000;veh_31;41.00466985630076;-8.642494336249875;0.0;90.72293676843753
VEHICLE_UPDATES;192000000000;veh_32;41.00529964050605;-8.642408071219272;6.420987956680994;180.29993154303952
VEHICLE_UPDATES;192000000000;veh_33;41.004642010928485;-8.642572245244706;0.0;90.72339311942727
VEHICLE_UPDATES;192000000000;veh_34;41.005752875766625;-8.642366010379856;9.241427291610082;180.13491255010246
VEHICLE_UPDATES;192000000000;veh_35;41.00467692513826;-8.643093825649819;7.025881094451323;89.86843701764892
VEHICLE_UPDATES;193000000000;veh_0;41.00046154530032;-8.642375913048195;6.884332448445363;135.50891320658775
VEHICLE_UPDATES;193000000000;veh_2;41.000227021734325;-8.64208237284361;7.03420799862795;137.71930482905506
VEHICLE_UPDATES;193000000000;veh_6;41.00057541085427;-8.64246693323764;5.351096089170129;179.68118734713914
VEHICLE_UPDATES;193000000000;veh_8;41.00070065140987;-8.64246717630584;6.284894697772997;179.68118734713954
VEHICLE_UPDATES;193000000000;veh_10;41.0004675306544;-8.642328819157953;7.803853359294656;133.12491501686637
VEHICLE_UPDATES;193000000000;veh_12;41.00129762792082;-8.64246533140384;5.911059332719073;180.47282324749773
VEHICLE_UPDATES;193000000000;veh_14;41.00090200062359;-8.6424675670849;5.880586814372391;179.68118734713954
VEHICLE_UPDATES;193000000000;veh_16;41.00355114511088;-8.642431818944374;6.769984146777765;180.11924835566708
VEHICLE_UPDATES;193000000000;veh_18;41.00349520735178;-8.64239422323772;7.03080537687816;180.11922223629097
VEHICLE_UPDATES;193000000000;veh_20;41.003623163008854;-8.642393180095882;6.899855913413893;180.11922223629136
VEHICLE_UPDATES;193000000000;veh_22;41.003716353671855;-8.642430472094308;6.34105559552034;180.11924835566708
VEHICLE_UPDATES;193000000000;veh_24;41.00376184296631;-8.642392049518993;7.401606492662658;180.11922223629097
VEHICLE_UPDATES;193000000000;veh_26;41.00384385983542;-8.64242943260348;7.497272985210024;180.11924835566708
VEHICLE_UPDATES;193000000000;veh_28;41.0039128206431;-8.642390818678168;8.165749221961294;180.02058548540094
VEHICLE_UPDATES;193000000000;veh_29;41.00464075426981;-8.642467828705099;2.279823147202842;90.6185519399099
VEHICLE_UPDATES;193000000000;veh_30;41.0047285968585;-8.642415104241406;0.989051823517425;180.29993154303952
VEHICLE_UPDATES;193000000000;veh_31;41.00466966897662;-8.64247805202936;1.370331773185171;90.69295726529344
VEHICLE_UPDATES;193000000000;veh_32;41.00523667048426;-8.642408846771144;6.990936749231706;180.29993154303952
VEHICLE_UPDATES;193000000000;veh_33;41.004642010928485;-8.642572245244706;0.0;90.72339311942727
VEHICLE_UPDATES;193000000000;veh_34;41.00567810514433;-8.642366647036493;8.30046117997895;180.13491255010203
VEHICLE_UPDATES;193000000000;veh_35;41.00467621926066;-8.642996982229873;8.14451035779275;90.72293676843753
VEHICLE_UPDATES;193000000000;veh_36;41.00655762087086;-8.642396375372218;8.083431183854808;180.15118861469233
VEHICLE_UPDATES;193000000000;veh_37;41.00464973019067;-8.644001112996202;6.645768710190103;90.16591395568926
VEHICLE_UPDATES;194000000000;veh_0;41.00042224794495;-8.642320967846077;6.350239940817571;133.11667808348585
VEHICLE_UPDATES;194000000000;veh_2;41.000178310249865;-8.642024386555418;7.27644897498392;137.71930482905532
VEHICLE_UPDATES;194000000000;veh_6;41.000513832853365;-8.642428442745425;7.668245696137153;150.7247457227474
VEHICLE_UPDATES;194000000000;veh_8;41.00064946882817;-8.642467076970235;5.677681565506321;179.68118734713914
VEHICLE_UPDATES;194000000000;veh_10;41.0004225677257;-8.642265970576595;7.27522585658596;133.12491501686645
VEHICLE_UPDATES;194000000000;veh_12;41.001243582347705;-8.64246621222126;5.995724185403437;180.47282324749773
VEHICLE_UPDATES;194000000000;veh_14;41.00083924990952;-8.64246744529837;6.960934221609087;179.68118734713914
VEHICLE_UPDATES;194000000000;veh_16;41.003489022005795;-8.642432325395685;6.891440745477789;180.11924835566708
VEHICLE_UPDATES;194000000000;veh_18;41.00343060315442;-8.642394749912814;7.177101271071622;180.11922223629136
VEHICLE_UPDATES;194000000000;veh_20;41.003566093512475;-8.642393645348243;6.340045712662112;180.11922223629097
VEHICLE_UPDATES;194000000000;veh_22;41.00364896162467;-8.642431021503954;7.475935281342283;180.11924835566748
VEHICLE_UPDATES;194000000000;veh_24;41.00369544036221;-8.642392590861588;7.376892773167456;180.11922223629097
VEHICLE_UPDATES;194000000000;veh_26;41.00378089160764;-8.642429945951116;6.985192258800271;180.11924835566708
VEHICLE_UPDATES;194000000000;veh_28;41.00384290479445;-8.642391388665963;7.767191347237956;180.11922223629097
VEHICLE_UPDATES;194000000000;veh_29;41.00464027367952;-8.642410186576154;4.837632569647394;90.39595623630524
VEHICLE_UPDATES;194000000000;veh_30;41.00472834021742;-8.642415107402185;0.028492310576399;180.29993154303912
VEHICLE_UPDATES;194000000000;veh_31;41.004669338975575;-8.642438574037838;3.326996361557394;90.42235333127755
VEHICLE_UPDATES;194000000000;veh_32;41.00517890001108;-8.64240955828261;6.413682386245283;180.29993154303912
VEHICLE_UPDATES;194000000000;veh_33;41.00464167681608;-8.642545867785497;2.218981094644715;90.72339311942727
VEHICLE_UPDATES;194000000000;veh_34;41.005598782972584;-8.642367322446404;8.80573917583729;180.13491255010246
VEHICLE_UPDATES;194000000000;veh_35;41.00467515256823;-8.642912706110582;7.088067793485969;90.72293676843753
VEHICLE_UPDATES;194000000000;veh_36;41.006486402430795;-8.642397074193527;7.906552820122559;180.19124020941587
VEHICLE_UPDATES;194000000000;veh_37;41.004649303131785;-8.643920268290959;6.800204828695066;90.16591395568926
VEHICLE_UPDATES;195000000000;veh_0;41.00037909072245;-8.642263396967907;6.811052856050535;135.40903879124554
VEHICLE_UPDATES;195000000000;veh_2;41.00013427852406;-8.641971971168468;6.577389842497338;137.71930482905503
VEHICLE_UPDATES;195000000000;veh_6;41.00047536976832;-8.642339776580373;6.510326951959438;133.1249150168665
VEHICLE_UPDATES;195000000000;veh_8;41.000586246880495;-8.642466954268345;7.013207839551355;179.68118734713914
VEHICLE_UPDATES;195000000000;veh_10;41.00037439445056;-8.642206556074184;7.328305845533098;137.71690457052588
VEHICLE_UPDATES;195000000000;veh_12;41.001191273015436;-8.642467064740302;5.803108513249085;180.47282324749773
VEHICLE_UPDATES;195000000000;veh_14;41.00078427033663;-8.642467338593907;6.098881777589732;179.68118734713954
VEHICLE_UPDATES;195000000000;veh_16;41.003422402769004;-8.642432868499656;7.390205576119238;180.11924835566748
VEHICLE_UPDATES;195000000000;veh_18;41.00336435857582;-8.642395289959298;7.359336751008557;180.11922223629136
VEHICLE_UPDATES;195000000000;veh_20;41.00350349293709;-8.642394155690742;6.954512139300514;180.11922223629097
VEHICLE_UPDATES;195000000000;veh_22;41.003587835617246;-8.642431519828687;6.780830816802956;180.11924835566708
VEHICLE_UPDATES;195000000000;veh_24;41.00363180730832;-8.642393109624146;7.069213869479215;180.11922223629097
VEHICLE_UPDATES;195000000000;veh_26;41.00371462814009;-8.642430486161622;7.350739757471861;180.11924835566748
VEHICLE_UPDATES;195000000000;veh_28;41.00377090545304;-8.64239197563758;7.998653602823895;180.11922223629136
VEHICLE_UPDATES;195000000000;veh_29;41.00463962031982;-8.642331827983108;6.576268032751978;90.39595623630524
VEHICLE_UPDATES;195000000000;veh_30;41.00472833274529;-8.64241510749421;0.00082955794411;180.29993154303952
VEHICLE_UPDATES;195000000000;veh_31;41.00466875187984;-8.642368343833107;5.9186303722905;90.39760485622517
VEHICLE_UPDATES;195000000000;veh_32;41.00511035664327;-8.642410402472878;7.609689893516417;180.29993154303952
VEHICLE_UPDATES;195000000000;veh_33;41.00464098335613;-8.642491122129302;4.605431377920631;90.72339311942727
VEHICLE_UPDATES;195000000000;veh_34;41.00552162667682;-8.642367979412164;8.565300120349777;180.13491255010246
VEHICLE_UPDATES;195000000000;veh_35;41.004674023692935;-8.642823522415428;7.500821194251328;90.72293676843753
VEHICLE_UPDATES;195000000000;veh_36;41.0064169235847;-8.642397755943316;7.713425890547913;180.19124020941587
VEHICLE_UPDATES;195000000000;veh_37;41.004648939252085;-8.64385139224012;5.79346859961436;90.16591395569088
VEHICLE_UPDATES;196000000000;veh_0;41.000337279604466;-8.642213624566203;6.24569447381991;137.71930482905515
VEHICLE_UPDATES;196000000000;veh_2;41.00009044240517;-8.641919788729611;6.548166842495244;137.71930482905523
VEHICLE_UPDATES;196000000000;veh_6;41.000433599559706;-8.64228139071452;6.758628922628468;133.1249150168667
VEHICLE_UPDATES;196000000000;veh_8;41.000534815926436;-8.642443821011806;6.207910716166692;150.73675945036234
VEHICLE_UPDATES;196000000000;veh_10;41.00032776713618;-8.642151045827534;6.975526142853844;137.71690457052617
VEHICLE_UPDATES;196000000000;veh_12;41.00113972733695;-8.64246790481197;5.718390010563657;180.47282324749773
VEHICLE_UPDATES;196000000000;veh_14;41.0007316642585;-8.642467236495783;5.835590045135059;179.68118734713914
VEHICLE_UPDATES;196000000000;veh_16;41.003366220665164;-8.642433326515134;6.232393415120655;180.11924835566748
VEHICLE_UPDATES;196000000000;veh_18;41.00330169079964;-8.642395800845135;6.961977459078806;180.11922223629136
VEHICLE_UPDATES;196000000000;veh_20;41.00343524872818;-8.642394712040586;7.581482614560906;180.11922223629136
VEHICLE_UPDATES;196000000000;veh_22;41.003526334837794;-8.642432021207375;6.822404956300199;180.11924835566708
VEHICLE_UPDATES;196000000000;veh_24;41.003567567543946;-8.64239363333139;7.136615334343571;180.11922223629136
VEHICLE_UPDATES;196000000000;veh_26;41.0036557704399;-8.642430965995569;6.529203014323292;180.11924835566708
VEHICLE_UPDATES;196000000000;veh_28;41.00370646833906;-8.642392500956886;7.158539752277388;180.11922223629136
VEHICLE_UPDATES;196000000000;veh_29;41.00463960791724;-8.642236230552395;8.035724038537591;89.60223657677096
VEHICLE_UPDATES;196000000000;veh_30;41.00472833000037;-8.642415107528018;0.000304739741076;180.29993154303952
VEHICLE_UPDATES;196000000000;veh_31;41.00466834145001;-8.642279458274666;7.4855086035328;89.86821447139992
VEHICLE_UPDATES;196000000000;veh_32;41.0050483660945;-8.642411165955703;6.882195347280878;180.29993154303912
VEHICLE_UPDATES;196000000000;veh_33;41.004640357013535;-8.642420181434954;5.955320593076266;90.39595623630524
VEHICLE_UPDATES;196000000000;veh_34;41.005446628129334;-8.642368618003161;8.3257633461913;180.13491255010246
VEHICLE_UPDATES;196000000000;veh_35;41.004672836621154;-8.642729746948742;7.887013824901804;90.72293676843753
VEHICLE_UPDATES;196000000000;veh_36;41.006343712280156;-8.642398474315115;8.127797118370179;180.19124020941587
VEHICLE_UPDATES;196000000000;veh_37;41.00464850133544;-8.643768512616308;6.971371040038437;90.16591395569088
VEHICLE_UPDATES;197000000000;veh_0;41.00029206907036;-8.6421598055628;6.753491543504512;137.71930482905515
VEHICLE_UPDATES;197000000000;veh_2;41.00004638643884;-8.64186734468275;6.581003728664633;137.71930482905555
VEHICLE_UPDATES;197000000000;veh_6;41.00038380575947;-8.642217760337344;7.705362605813189;137.71690457052617
VEHICLE_UPDATES;197000000000;veh_8;41.00047958256785;-8.642401132624478;7.12334888058805;148.38703808147832
VEHICLE_UPDATES;197000000000;veh_10;41.00027713624999;-8.642090769416482;7.574462809774625;137.71690457052588
VEHICLE_UPDATES;197000000000;veh_12;41.00108814286716;-8.642467928348449;5.722319937763737;179.68118734713914
VEHICLE_UPDATES;197000000000;veh_14;41.0006787195955;-8.642467133740396;5.873149196528421;179.68118734713954
VEHICLE_UPDATES;197000000000;veh_16;41.00330610809814;-8.642433816571831;6.668407506181152;180.11924835566748
VEHICLE_UPDATES;197000000000;veh_18;41.003236540085524;-8.642396331971117;7.237815442991594;180.11922223629097
VEHICLE_UPDATES;197000000000;veh_20;41.003371128086975;-8.642395234772202;7.123381289882162;180.11922223629136
VEHICLE_UPDATES;197000000000;veh_22;41.00346375282277;-8.642432531399336;6.942348515702799;180.11924835566748
VEHICLE_UPDATES;197000000000;veh_24;41.0035034840329;-8.64239415576333;7.119256539138769;180.11922223629136
VEHICLE_UPDATES;197000000000;veh_26;41.003592784276705;-8.6424314794852;6.987181640595765;180.11924835566748
VEHICLE_UPDATES;197000000000;veh_28;41.00363465637287;-8.642393086397442;7.977837256828783;180.11922223629097
VEHICLE_UPDATES;197000000000;veh_29;41.00463984315341;-8.642127073438031;9.179554922378216;89.60223657677096
VEHICLE_UPDATES;197000000000;veh_30;41.00472833000037;-8.642415107528018;0.0;180.29993154303952
VEHICLE_UPDATES;197000000000;veh_31;41.00466855258895;-8.642181537479576;8.235850850697892;89.60217781615042
VEHICLE_UPDATES;197000000000;veh_32;41.00498517666528;-8.64241194420217;7.015295067093041;180.29993154303952
VEHICLE_UPDATES;197000000000;veh_33;41.00463954328998;-8.64232259007839;8.19038338263727;90.39595623630524
VEHICLE_UPDATES;197000000000;veh_34;41.00536380015547;-8.642369323257066;9.194926065259416;180.13491255010203
VEHICLE_UPDATES;197000000000;veh_35;41.00464293383323;-8.642645109074227;7.168548923440538;90.72339311942727
VEHICLE_UPDATES;197000000000;veh_36;41.00627400128356;-8.642399158338794;7.739198661251683;180.19124020941547
VEHICLE_UPDATES;197000000000;veh_37;41.004648041895706;-8.643690260149418;6.582203740358025;90.2389395054257
VEHICLE_UPDATES;198000000000;veh_0;41.00024388991149;-8.642102452797168;7.19693676234792;137.71930482905506
VEHICLE_UPDATES;198000000000;veh_2;40.99999778459391;-8.641809489354104;7.260055034740049;137.71930482905532
VEHICLE_UPDATES;198000000000;veh_6;41.00033688705503;-8.642161903166132;7.019119396779915;137.71690457052617
VEHICLE_UPDATES;198000000000;veh_8;41.000439411411975;-8.642344965635836;6.491443311871002;133.11667808348577
VEHICLE_UPDATES;198000000000;veh_10;41.00023197496969;-8.642037004717615;6.756196897511902;137.71690457052617
VEHICLE_UPDATES;198000000000;veh_12;41.00103043096297;-8.642467816341776;6.401979449913838;179.68118734713914
VEHICLE_UPDATES;198000000000;veh_14;41.00062404582569;-8.642467027629001;6.064958886154519;179.68118734713914
VEHICLE_UPDATES;198000000000;veh_16;41.003247265568646;-8.642434296273532;6.527519629860522;180.11924835566748
VEHICLE_UPDATES;198000000000;veh_18;41.003169599223604;-8.642396877689283;7.436688990200089;180.11922223629097
VEHICLE_UPDATES;198000000000;veh_20;41.00330416852161;-8.642395780646055;7.438766995213794;180.11922223629136
VEHICLE_UPDATES;198000000000;veh_22;41.00340558485911;-8.642433005605053;6.452688869945161;180.11924835566708
VEHICLE_UPDATES;198000000000;veh_24;41.0034346432047;-8.642394716977012;7.647763090518749;180.11922223629097
VEHICLE_UPDATES;198000000000;veh_26;41.00352749327974;-8.64243201176331;7.2428614023314;180.11924835566708
VEHICLE_UPDATES;198000000000;veh_28;41.00357324702167;-8.642393587030163;6.822175050576055;180.11922223629097
VEHICLE_UPDATES;198000000000;veh_29;41.004640063646086;-8.642024714201542;8.607888165081444;89.60223657676934
VEHICLE_UPDATES;198000000000;veh_30;41.00472833000037;-8.642415107528018;0.0;180.29993154303952
VEHICLE_UPDATES;198000000000;veh_31;41.004668752536126;-8.642088771561351;7.802288222960482;89.6021778161488
VEHICLE_UPDATES;198000000000;veh_32;41.00492566672575;-8.64241267712996;6.606797780085992;180.29993154303952
VEHICLE_UPDATES;198000000000;veh_33;41.00463963547673;-8.64222344454728;8.335667772985353;89.60223657677096
VEHICLE_UPDATES;198000000000;veh_34;41.00528270466208;-8.642370226128838;9.002740157006112;180.2998879364586
VEHICLE_UPDATES;198000000000;veh_35;41.00464175746397;-8.642552234721004;7.812975037622526;90.72339311942727
VEHICLE_UPDATES;198000000000;veh_36;41.00620851558719;-8.642399800900849;7.27011278600501;180.19124020941547
VEHICLE_UPDATES;198000000000;veh_37;41.00464781904823;-8.64361689286586;6.171279397524565;89.81075518947154
VEHICLE_UPDATES;199000000000;veh_0;41.000196419197046;-8.642045943483074;7.091106124935775;137.71930482905515
VEHICLE_UPDATES;199000000000;veh_2;40.999937266509086;-8.641781661943357;7.258083215139028;166.442228287216
VEHICLE_UPDATES;199000000000;veh_6;41.00028991336046;-8.642105980640315;7.027341949005198;137.71690457052617
VEHICLE_UPDATES;199000000000;veh_8;41.00039792530173;-8.642286960200284;6.703928244212615;133.11667808348585
VEHICLE_UPDATES;199000000000;veh_10;41.00018619318372;-8.641982501409482;6.849021661712388;137.71690457052617
VEHICLE_UPDATES;199000000000;veh_12;41.000977139542385;-8.642467712914188;5.911615310177208;179.68118734713914
VEHICLE_UPDATES;199000000000;veh_14;41.00056866596739;-8.64246692014707;6.14328518992249;179.68118734713914
VEHICLE_UPDATES;199000000000;veh_16;41.00318996983226;-8.642434763364133;6.355930710083099;180.11924835566708
VEHICLE_UPDATES;199000000000;veh_18;41.003101853780066;-8.642397429964968;7.526072621842066;180.11922223629136
VEHICLE_UPDATES;199000000000;veh_20;41.00323963438973;-8.642396306745558;7.169317218235233;180.11922223629136
VEHICLE_UPDATES;199000000000;veh_22;41.00334663158101;-8.642433486211697;6.539805309445985;180.11924835566708
VEHICLE_UPDATES;199000000000;veh_24;41.0033684079805;-8.642395256947333;7.358297542851257;180.11922223629136
VEHICLE_UPDATES;199000000000;veh_26;41.003469709808996;-8.64243248283582;6.410036370676438;180.11924835566748
VEHICLE_UPDATES;199000000000;veh_28;41.00350185425054;-8.642394169049886;7.931267256457826;180.11922223629097
VEHICLE_UPDATES;199000000000;veh_29;41.004640308575404;-8.641910961250401;9.56604127929319;89.60223657676934
VEHICLE_UPDATES;199000000000;veh_30;41.00472832898944;-8.642415107540467;0.000112233550349;180.29993154303952
VEHICLE_UPDATES;199000000000;veh_31;41.00466897196293;-8.641986928127785;8.565773263266596;89.6021778161488
VEHICLE_UPDATES;199000000000;veh_32;41.00485735639504;-8.642413518441757;7.583817758773159;180.29993154303952
VEHICLE_UPDATES;199000000000;veh_33;41.00463985359234;-8.642122228329029;8.511766180775322;89.60223657676934
VEHICLE_UPDATES;199000000000;veh_34;41.00520820871779;-8.642371143603556;8.270155728172314;180.29988793645816
VEHICLE_UPDATES;199000000000;veh_35;41.00464066459054;-8.642457072287234;8.000289360213355;90.54463181224635
VEHICLE_UPDATES;199000000000;veh_36;41.006134747149254;-8.64240052473315;8.189648837391976;180.19124020941547
VEHICLE_UPDATES;199000000000;veh_37;41.00464801505482;-8.643537652907478;6.665096303016551;89.57905898949569
VEHICLE_UPDATES;200000000000;veh_0;41.00015573531146;-8.641997513325954;6.077296222970924;137.71930482905515
VEHICLE_UPDATES;200000000000;veh_2;40.99987058117139;-8.64176081777117;7.601981681205485;166.44222828721598
VEHICLE_UPDATES;200000000000;veh_6;41.00024339379235;-8.64205059886547;6.959399876060978;137.71690457052617
VEHICLE_UPDATES;200000000000;veh_8;41.00035728924078;-8.64223744424009;6.137326958385269;137.71930482905515
VEHICLE_UPDATES;200000000000;veh_10;41.000134644684536;-8.641921132944711;7.711725708528022;137.71690457052617
VEHICLE_UPDATES;200000000000;veh_12;41.000927972437495;-8.642467617490915;5.454105071454309;179.68118734713914
VEHICLE_UPDATES;200000000000;veh_14;41.00051664781647;-8.642430505800665;6.562867487598733;150.72474572274746
VEHICLE_UPDATES;200000000000;veh_16;41.00312980445114;-8.642435253847605;6.674266073584781;180.11924835566708
VEHICLE_UPDATES;200000000000;veh_18;41.00303116731649;-8.642398573589357;7.853252387939172;180.49603027982158
VEHICLE_UPDATES;200000000000;veh_20;41.00317299171069;-8.642396850032942;7.40356284044715;180.11922223629097
VEHICLE_UPDATES;200000000000;veh_22;41.00328532626766;-8.642433985991598;6.800721224019691;180.11924835566748
VEHICLE_UPDATES;200000000000;veh_24;41.00330617224131;-8.642395764311173;6.913980998461581;180.11922223629136
VEHICLE_UPDATES;200000000000;veh_26;41.00340953008387;-8.64243297344223;6.675857611338556;180.11924835566708
VEHICLE_UPDATES;200000000000;veh_28;41.0034349344466;-8.642394714602712;7.434349933494198;180.11922223629136
VEHICLE_UPDATES;200000000000;veh_29;41.00464052885585;-8.641808611458169;8.607093946205046;89.60223657676934
VEHICLE_UPDATES;200000000000;veh_30;41.00472832898944;-8.642415107540467;0.0;180.29993154303952
VEHICLE_UPDATES;200000000000;veh_31;41.00466917105333;-8.641894487352262;7.77494135335582;89.6021778161488
VEHICLE_UPDATES;200000000000;veh_32;41.004810086962614;-8.64237604673303;5.215225284215428;180.2998879364582
VEHICLE_UPDATES;200000000000;veh_33;41.00464010190068;-8.642006950993197;9.694234236393392;89.60223657676934
VEHICLE_UPDATES;200000000000;veh_34;41.00513144984509;-8.642372088945171;8.52137426264285;180.2998879364586
VEHICLE_UPDATES;200000000000;veh_35;41.00463988148472;-8.642363149189208;7.882523607055917;90.39595623630524
VEHICLE_UPDATES;200000000000;veh_36;41.00606979138817;-8.642401162091673;7.211280077701193;180.19124020941547
VEHICLE_UPDATES;200000000000;veh_37;41.0046481983559;-8.643463529494799;6.234729212510072;89.57905898949569
VEHICLE_REGISTRATION;200428571415;veh_38;[src.main.java.CarSendsCamAPP, src.main.java.EventProcessingApp, src.main.java.MainCarApp];Car
VEHICLE_REGISTRATION;200428571415;veh_39;[src.main.java.CarSendsCamAPP, src.main.java.EventProcessingApp, src.main.java.MainCarApp];Car_0
VEHICLE_UPDATES;201000000000;veh_0;41.000110480786894;-8.641943642371926;6.760047662622398;137.7193048290553
VEHICLE_UPDATES;201000000000;veh_6;41.00019223704684;-8.641989696634587;7.653124238129003;137.71690457052617
VEHICLE_UPDATES;201000000000;veh_8;41.00031051263672;-8.642181760928185;6.987430718430291;137.71930482905532
VEHICLE_UPDATES;201000000000;veh_10;41.00008952770633;-8.641867421313142;6.749557389190953;137.71690457052622
VEHICLE_UPDATES;201000000000;veh_12;41.000875613102956;-8.642467515872047;5.808218934187666;179.68118734713914
VEHICLE_UPDATES;201000000000;veh_14;41.00046673862821;-8.642383174319308;6.893654446401224;139.20762926814825
VEHICLE_UPDATES;201000000000;veh_16;41.00306274855983;-8.642436096299749;7.438879330886753;180.4753085594608
VEHICLE_UPDATES;201000000000;veh_18;41.00296729567565;-8.642399648807368;7.096160155239666;180.49603027982118
VEHICLE_UPDATES;201000000000;veh_20;41.0031009199933;-8.64239743757739;8.00669315649826;180.11922223629136
VEHICLE_UPDATES;201000000000;veh_22;41.00322602498354;-8.642434469432759;6.57841017608942;180.11924835566708
VEHICLE_UPDATES;201000000000;veh_24;41.003244324779054;-8.6423962685083;6.87084591307103;180.11922223629097
VEHICLE_UPDATES;201000000000;veh_26;41.00335556869094;-8.642433413353498;5.986045487752361;180.11924835566748
VEHICLE_UPDATES;201000000000;veh_28;41.00337074126002;-8.642395237925733;7.131440601510671;180.11922223629097
VEHICLE_UPDATES;201000000000;veh_29;41.00464074905436;-8.641706257501573;8.607444145565447;89.60223657677096
VEHICLE_UPDATES;201000000000;veh_30;41.00472832898944;-8.642415107540467;0.0;180.29993154303952
VEHICLE_UPDATES;201000000000;veh_31;41.00466937566017;-8.641799449328635;7.993388801226678;89.60217781614881
VEHICLE_UPDATES;201000000000;veh_32;41.004757079123635;-8.642376699553417;5.88465656391507;180.2998879364586
VEHICLE_UPDATES;201000000000;veh_33;41.00464032556572;-8.641903068470413;8.735988747086765;89.60223657676934
VEHICLE_UPDATES;201000000000;veh_34;41.00505115433354;-8.642373077840032;8.913993547769998;180.2998879364582
VEHICLE_UPDATES;201000000000;veh_35;41.00463953335863;-8.642270818125317;7.755727568350993;89.72552689617463
VEHICLE_UPDATES;201000000000;veh_36;41.00599852056646;-8.642401876931212;7.912377507664021;180.20993342473022
VEHICLE_UPDATES;201000000000;veh_37;41.00464837490718;-8.6433921173368;6.006677932279788;89.57905898949569
VEHICLE_UPDATES;202000000000;veh_0;41.00006831603138;-8.641893449570079;6.29849957166343;137.71930482905532
VEHICLE_UPDATES;202000000000;veh_6;41.00014055014354;-8.641928163384138;7.732431722662885;137.7169045705259
VEHICLE_UPDATES;202000000000;veh_8;41.000264395858004;-8.642126863187059;6.888862890662598;137.71930482905532
VEHICLE_UPDATES;202000000000;veh_10;41.00004448746044;-8.641813801133994;6.738074392674092;137.71690457052608
VEHICLE_UPDATES;202000000000;veh_12;41.00081659614828;-8.642467401331922;6.546748412108049;179.68118734713914
VEHICLE_UPDATES;202000000000;veh_14;41.00043021057076;-8.642332101108279;5.902737046805733;133.11667808348577
VEHICLE_UPDATES;202000000000;veh_16;41.00299654784113;-8.642437210764022;7.344235127616899;180.49607964342522
VEHICLE_UPDATES;202000000000;veh_18;41.00290122401574;-8.642400761057933;7.340582907184178;180.49603027982118
VEHICLE_UPDATES;202000000000;veh_20;41.003033661566604;-8.642398531600989;7.47240282656853;180.49603027982118
VEHICLE_UPDATES;202000000000;veh_22;41.00316762753036;-8.642434945504403;6.478146333917431;180.11924835566708
VEHICLE_UPDATES;202000000000;veh_24;41.00317534174383;-8.642396830874926;7.663561008299556;180.11922223629097
VEHICLE_UPDATES;202000000000;veh_26;41.00329614340601;-8.642433897807035;6.592165916930233;180.11924835566708
VEHICLE_UPDATES;202000000000;veh_28;41.00331520129691;-8.642395690703772;6.170124354642782;180.11922223629097
VEHICLE_UPDATES;202000000000;veh_29;41.00464097991555;-8.641598901868925;9.028059512528184;89.60223657677096
VEHICLE_UPDATES;202000000000;veh_30;41.00472832898944;-8.642415107540467;0.0;180.29993154303952
VEHICLE_UPDATES;202000000000;veh_31;41.00466958154616;-8.641703780385265;8.046453736997496;89.60217781614881
VEHICLE_UPDATES;202000000000;veh_32;41.00473207697493;-8.642377007468015;2.775609423431336;180.29988793645816
VEHICLE_UPDATES;202000000000;veh_33;41.00464054460104;-8.641801294088618;8.558704871922856;89.60223657676934
VEHICLE_UPDATES;202000000000;veh_34;41.00496923265712;-8.642374086759032;9.094521854707775;180.29988793645816
VEHICLE_UPDATES;202000000000;veh_35;41.0046397178663;-8.642185216643423;7.198646731733605;89.60223657676934
VEHICLE_UPDATES;202000000000;veh_36;41.00592913577306;-8.642402562754025;7.702988693426121;180.16925892977278
VEHICLE_UPDATES;202000000000;veh_37;41.00464840541479;-8.64331984594754;6.078938155585572;89.81463525889876
VEHICLE_UPDATES;203000000000;veh_0;41.00002413861161;-8.641840860995165;6.599144427097506;137.71930482905532
VEHICLE_UPDATES;203000000000;veh_6;41.000098016536576;-8.641877527233026;6.363082326813627;137.71690457052628
VEHICLE_UPDATES;203000000000;veh_8;41.00022340033178;-8.64207806191169;6.123853739635992;137.71930482905532
VEHICLE_UPDATES;203000000000;veh_10;40.99999323376693;-8.641760032736487;7.375058573705676;144.36997484525514
VEHICLE_UPDATES;203000000000;veh_12;41.00076482808077;-8.6424673008603;5.742629595902749;179.68118734713914
VEHICLE_UPDATES;203000000000;veh_14;41.00038813799731;-8.642274166952268;6.746298295310289;133.85351126432266
VEHICLE_UPDATES;203000000000;veh_16;41.0029379274376;-8.642438197614261;6.503283200564088;180.49607964342522
VEHICLE_UPDATES;203000000000;veh_18;41.00284064680686;-8.64240178081251;6.73014753375497;180.49603027982118
VEHICLE_UPDATES;203000000000;veh_20;41.002969556357804;-8.642399610750989;7.122109633682112;180.49603027982158
VEHICLE_UPDATES;203000000000;veh_22;41.00310862643684;-8.642435426495853;6.545109295956246;180.11924835566708
VEHICLE_UPDATES;203000000000;veh_24;41.003105642903385;-8.642397399075248;7.743082159910492;180.11922223629136
VEHICLE_UPDATES;203000000000;veh_26;41.003233259488574;-8.642434410455055;6.975838871206955;180.11924835566708
VEHICLE_UPDATES;203000000000;veh_28;41.003250156478124;-8.64239622096678;7.226051182793833;180.11922223629097
VEHICLE_UPDATES;203000000000;veh_29;41.00464110540089;-8.641540528854103;4.908871929911269;89.60223657676934
VEHICLE_UPDATES;203000000000;veh_30;41.00472832898944;-8.642415107540467;0.0;180.29993154303952
VEHICLE_UPDATES;203000000000;veh_31;41.004669791753464;-8.641606065372175;8.218543075230258;89.6021778161488
VEHICLE_UPDATES;203000000000;veh_32;41.0047290039188;-8.642377045314296;0.341154820646054;180.29988793645856
VEHICLE_UPDATES;203000000000;veh_33;41.00464077895414;-8.641692356051626;9.16113162495115;89.60223657676934
VEHICLE_UPDATES;203000000000;veh_34;41.00488863584252;-8.642375079358327;8.947442401719083;180.29988793645856
VEHICLE_UPDATES;203000000000;veh_35;41.00463990153592;-8.64209997465732;7.168414973084144;89.60223657676934
VEHICLE_UPDATES;203000000000;veh_36;41.00586378559041;-8.642403119164287;7.255018330207784;180.13491255010234
VEHICLE_UPDATES;203000000000;veh_37;41.00464830294228;-8.643244150816477;6.366907182928778;89.86833624206722
VEHICLE_UPDATES;203000000000;veh_38;41.00655756321209;-8.642358322105931;8.066345170451985;180.15100648507422
VEHICLE_UPDATES;203000000000;veh_39;41.00467845841351;-8.643982438613234;8.191672879219412;90.16591395568828
VEHICLE_UPDATES;204000000000;veh_0;40.999972162872616;-8.641792569692742;7.216689006812973;150.34730383158433
VEHICLE_UPDATES;204000000000;veh_6;41.00004968747605;-8.641819991720363;7.23008558612526;137.71690457052628
VEHICLE_UPDATES;204000000000;veh_8;41.00018143175631;-8.642028102401868;6.269203256285723;137.71930482905543
VEHICLE_UPDATES;204000000000;veh_10;40.99993185524414;-8.641740864105513;7.006872406194518;166.45345212520263
VEHICLE_UPDATES;204000000000;veh_12;41.00070842851615;-8.642467191399703;6.256401319486089;179.68118734713914
VEHICLE_UPDATES;204000000000;veh_14;41.000346091706305;-8.642224114579049;6.280825031040759;137.71930482905515
VEHICLE_UPDATES;204000000000;veh_16;41.00287501824484;-8.64243925666212;6.979076695570016;180.49607964342522
VEHICLE_UPDATES;204000000000;veh_18;41.00277388377328;-8.642402904696402;7.417394578348065;180.49603027982158
VEHICLE_UPDATES;204000000000;veh_20;41.00291528447965;-8.642400524364259;6.029623324578155;180.49603027982158
VEHICLE_UPDATES;204000000000;veh_22;41.003040718110135;-8.64243646717441;7.53359379497768;180.49607964342522
VEHICLE_UPDATES;204000000000;veh_24;41.00304203816419;-8.642398390588777;7.066444296272141;180.49603027982118
VEHICLE_UPDATES;204000000000;veh_26;41.00317696793458;-8.642434869359015;6.244534734086733;180.11924835566708
VEHICLE_UPDATES;204000000000;veh_28;41.003179402410716;-8.64239679777142;7.860311031169537;180.11922223629097
VEHICLE_UPDATES;204000000000;veh_29;41.00464106859641;-8.641462967693158;6.527615220477177;89.92622082788702
VEHICLE_UPDATES;204000000000;veh_30;41.00472832898944;-8.642415107540467;0.0;180.29993154303952
VEHICLE_UPDATES;204000000000;veh_31;41.00466992464472;-8.641544270901147;5.197364312562952;89.60217781615042
VEHICLE_UPDATES;204000000000;veh_32;41.00472822203625;-8.642377054943584;0.086800561258658;180.29988793645816
VEHICLE_UPDATES;204000000000;veh_33;41.00464091780675;-8.641627788419283;5.42980757510233;89.60223657676934
VEHICLE_UPDATES;204000000000;veh_34;41.00482903579398;-8.642375813367531;6.616489714858832;180.2998879364582
VEHICLE_UPDATES;204000000000;veh_35;41.00464008584073;-8.642014408457545;7.195679682668559;89.60223657676934
VEHICLE_UPDATES;204000000000;veh_36;41.00579575702226;-8.642403698377427;7.552366082375627;180.13491255010234
VEHICLE_UPDATES;204000000000;veh_37;41.00464819481283;-8.643164316746464;6.715043764805094;89.86833624206884
VEHICLE_UPDATES;204000000000;veh_38;41.00648830587935;-8.642359001724008;7.688471604310633;180.19124020941572
VEHICLE_UPDATES;204000000000;veh_39;41.004677991735925;-8.643894097106527;7.429131442699008;90.16591395568828
VEHICLE_UPDATES;205000000000;veh_0;40.99991866208558;-8.641775846660593;6.098972181525184;166.44222828721598
VEHICLE_UPDATES;205000000000;veh_6;41.000001408906904;-8.641762585851197;7.219726182896623;137.77906436420267
VEHICLE_UPDATES;205000000000;veh_8;41.00013999509315;-8.64197877616945;6.189743806986111;137.7193048290554
VEHICLE_UPDATES;205000000000;veh_12;41.00065611150058;-8.642467089862398;5.803524271246046;179.68118734713954
VEHICLE_UPDATES;205000000000;veh_14;41.00030657386839;-8.642177072186177;5.903124741236271;137.71930482905543
VEHICLE_UPDATES;205000000000;veh_16;41.00280924107258;-8.642440363988495;7.297247104916947;180.49607964342522
VEHICLE_UPDATES;205000000000;veh_18;41.00271116302022;-8.642403960530327;6.968295827422442;180.49603027982118
VEHICLE_UPDATES;205000000000;veh_20;41.00284353927904;-8.642401732120787;7.970915045146199;180.49603027982158
VEHICLE_UPDATES;205000000000;veh_22;41.00297228370055;-8.642437619241047;7.592038313364066;180.49607964342522
VEHICLE_UPDATES;205000000000;veh_24;41.00298344040264;-8.642399377026562;6.510230460137507;180.49603027982158
VEHICLE_UPDATES;205000000000;veh_26;41.00310448656678;-8.642435460245046;8.04050308523191;180.11924835566748
VEHICLE_UPDATES;205000000000;veh_28;41.00311857002095;-8.642397293690665;6.758077890514263;180.11922223629136
VEHICLE_UPDATES;205000000000;veh_29;41.00464079044095;-8.64135533886912;9.063845708691819;89.96018362036888
VEHICLE_UPDATES;205000000000;veh_30;41.00472832898944;-8.642415107540467;0.0;180.29993154303952
VEHICLE_UPDATES;205000000000;veh_31;41.00466988898681;-8.641460680103897;7.024825211208173;89.94419028635285
VEHICLE_UPDATES;205000000000;veh_32;41.004728063591436;-8.642377056894913;0.017589723803214;180.2998879364582
VEHICLE_UPDATES;205000000000;veh_33;41.00464106674004;-8.641558514490344;5.825583042024968;89.60223657676934
VEHICLE_UPDATES;205000000000;veh_34;41.00479071276538;-8.642376285336972;4.254424763764188;180.29988793645856
VEHICLE_UPDATES;205000000000;veh_35;41.00464028552944;-8.64192166675341;7.79910289078325;89.60223657676934
VEHICLE_UPDATES;205000000000;veh_36;41.00573343622047;-8.642404228991648;6.918703674530368;180.13491255010234
VEHICLE_UPDATES;205000000000;veh_37;41.00464809145277;-8.643088042147392;6.415647792710595;89.86833624206884
VEHICLE_UPDATES;205000000000;veh_38;41.00641431647866;-8.642359727775432;8.21379306198536;180.19124020941572
VEHICLE_UPDATES;205000000000;veh_39;41.00467752886458;-8.643806488773928;7.367474874685876;90.16591395568828
VEHICLE_UPDATES;206000000000;veh_6;40.99993377916568;-8.64174146494937;7.720501379992111;166.45345212520272
VEHICLE_UPDATES;206000000000;veh_8;41.000090861483514;-8.641920287599277;7.33949751626325;137.71930482905532
VEHICLE_UPDATES;206000000000;veh_12;41.000597623616486;-8.642466976348462;6.488058387381956;179.68118734713914
VEHICLE_UPDATES;206000000000;veh_14;41.000266941777774;-8.64212989386523;5.920188783462682;137.71930482905543
VEHICLE_UPDATES;206000000000;veh_16;41.0027447235638;-8.642441450106446;7.157501341926158;180.49607964342522
VEHICLE_UPDATES;206000000000;veh_18;41.00263922390206;-8.642405171542142;7.99245905604508;180.49603027982158
VEHICLE_UPDATES;206000000000;veh_20;41.002779516709786;-8.642402809872078;7.112928112483345;180.49603027982118
VEHICLE_UPDATES;206000000000;veh_22;41.00290716162982;-8.642438715543053;7.224570987461522;180.49607964342522
VEHICLE_UPDATES;206000000000;veh_24;41.002910189396346;-8.642400610134843;8.13821064238975;180.49603027982158
VEHICLE_UPDATES;206000000000;veh_26;41.003035567369785;-8.642436553885219;7.64576721771572;180.49607964342522
VEHICLE_UPDATES;206000000000;veh_28;41.003054796364964;-8.642398175816275;7.085121632124304;180.49603027982118
VEHICLE_UPDATES;206000000000;veh_29;41.00464032107611;-8.64124335670282;9.419851204694774;90.1088496045282
VEHICLE_UPDATES;206000000000;veh_30;41.00472832898944;-8.642415107540467;0.0;180.29993154303952
VEHICLE_UPDATES;206000000000;veh_31;41.004669640179166;-8.641364460310625;8.080581319909829;89.96029399144821
VEHICLE_UPDATES;206000000000;veh_32;41.00472803705179;-8.642377057221763;0.002946295895543;180.2998879364582
VEHICLE_UPDATES;206000000000;veh_33;41.004641057325124;-8.641458605649236;8.407460056834257;89.959135099889
VEHICLE_UPDATES;206000000000;veh_34;41.00478718673686;-8.64237632876194;0.391441477909119;180.2998879364582
VEHICLE_UPDATES;206000000000;veh_35;41.00464048752245;-8.64182781957908;7.892067276954911;89.60223657677096
VEHICLE_UPDATES;206000000000;veh_36;41.005664118727736;-8.642404819175695;7.695459176838156;180.13491255010234
VEHICLE_UPDATES;206000000000;veh_37;41.004647512489946;-8.643006650316975;6.846552401140005;90.61365255394244
VEHICLE_UPDATES;206000000000;veh_38;41.0063501813362;-8.642360357126092;7.119841178585501;180.1912402094153
VEHICLE_UPDATES;206000000000;veh_39;41.004677021308645;-8.643710437407554;8.077496989741348;90.16591395568828
VEHICLE_UPDATES;207000000000;veh_8;41.00004778960309;-8.641869015002364;6.434002758591409;137.7193048290553
VEHICLE_UPDATES;207000000000;veh_12;41.00054281717448;-8.64244968504256;6.454716876415536;157.96976810326092
VEHICLE_UPDATES;207000000000;veh_14;41.00022340351521;-8.64207806570126;6.503684199163281;137.71930482905515
VEHICLE_UPDATES;207000000000;veh_16;41.00268100387513;-8.642442522790985;7.068991975567529;180.49607964342522
VEHICLE_UPDATES;207000000000;veh_18;41.00257630903249;-8.642406230638544;6.98986206635196;180.49603027982158
VEHICLE_UPDATES;207000000000;veh_20;41.00271190570004;-8.642403948028155;7.511604921583515;180.49603027982118
VEHICLE_UPDATES;207000000000;veh_22;41.00285001024053;-8.642439677659901;6.340312275587968;180.49607964342522
VEHICLE_UPDATES;207000000000;veh_24;41.00285247431061;-8.642401581708912;6.412164736766807;180.49603027982118
VEHICLE_UPDATES;207000000000;veh_26;41.00297206756644;-8.642437622879577;7.044598507298576;180.49607964342522
VEHICLE_UPDATES;207000000000;veh_28;41.00298652104523;-8.642399325166918;7.585410348037538;180.49603027982118
VEHICLE_UPDATES;207000000000;veh_29;41.00463985460136;-8.64114087879008;8.618187827814895;90.10884960452657
VEHICLE_UPDATES;207000000000;veh_30;41.00472832898944;-8.642415107540467;0.0;180.29993154303952
VEHICLE_UPDATES;207000000000;veh_31;41.00466923214464;-8.641261902588598;8.621384002217377;90.10884960452657
VEHICLE_UPDATES;207000000000;veh_32;41.00472803121045;-8.642377057293702;0.000648475958855;180.29988793645816
VEHICLE_UPDATES;207000000000;veh_33;41.00464076335154;-8.641344859036534;9.57904871382591;89.96018362036888
VEHICLE_UPDATES;207000000000;veh_34;41.00478683117166;-8.642376333140922;0.039473013352671;180.29988793645856
VEHICLE_UPDATES;207000000000;veh_35;41.0046406934816;-8.6417320931451;8.050103398005739;89.60223657676934
VEHICLE_UPDATES;207000000000;veh_36;41.00559840526375;-8.642405378672635;7.295348600559626;180.13491255010274
VEHICLE_UPDATES;207000000000;veh_37;41.004646473224234;-8.64292457965185;6.904122946329087;90.72339311942727
VEHICLE_UPDATES;207000000000;veh_38;41.006279440228504;-8.642361051298375;7.853189783808501;180.19124020941572
VEHICLE_UPDATES;207000000000;veh_39;41.00467664814331;-8.643615430312954;7.989753009583228;89.79010136085978
VEHICLE_UPDATES;208000000000;veh_8;41.000000445598616;-8.641812656994176;7.072161295014406;137.71930482905532
VEHICLE_UPDATES;208000000000;veh_12;41.00049136410377;-8.642411975655351;6.528469762309455;150.72474572274746
VEHICLE_UPDATES;208000000000;veh_14;41.00018403976569;-8.64203120698094;5.880098333307133;137.71930482905537
VEHICLE_UPDATES;208000000000;veh_16;41.00261766681689;-8.642443589031663;7.026543300493845;180.49607964342522
VEHICLE_UPDATES;208000000000;veh_18;41.00250816025068;-8.642407377838811;7.571351297393592;180.49603027982158
VEHICLE_UPDATES;208000000000;veh_20;41.00264869504954;-8.642405012106517;7.022723512887775;180.49603027982158
VEHICLE_UPDATES;208000000000;veh_22;41.002785294951465;-8.642440767109012;7.179442919948525;180.49607964342522
VEHICLE_UPDATES;208000000000;veh_24;41.002785868718895;-8.642402702942931;7.399902751391119;180.49603027982118
VEHICLE_UPDATES;208000000000;veh_26;41.00291558035246;-8.642438573817632;6.266629470241651;180.49607964342562
VEHICLE_UPDATES;208000000000;veh_28;41.002922709151605;-8.642400399377374;7.089522160899376;180.49603027982118
VEHICLE_UPDATES;208000000000;veh_29;41.004639381028426;-8.641036861972546;8.747606828843768;90.10884960452657
VEHICLE_UPDATES;208000000000;veh_30;41.00472832898944;-8.642415107540467;0.0;180.29993154303952
VEHICLE_UPDATES;208000000000;veh_31;41.00466879734498;-8.641166379229789;8.033320193733374;90.10884960452657
VEHICLE_UPDATES;208000000000;veh_32;41.00472803121045;-8.642377057293702;0.0;180.29988793645816
VEHICLE_UPDATES;208000000000;veh_33;41.0046403101209;-8.641240949765397;8.739721991554648;90.10884960452657
VEHICLE_UPDATES;208000000000;veh_34;41.004786675888845;-8.642376335053312;0.017238696831149;180.29988793645816
VEHICLE_UPDATES;208000000000;veh_35;41.00464087996695;-8.641645385921539;7.291633938754238;89.60223657677096
VEHICLE_UPDATES;208000000000;veh_36;41.00552664304703;-8.642405989667994;7.96686628843261;180.13491255010274
VEHICLE_UPDATES;208000000000;veh_37;41.00464542411864;-8.6428417366147;6.969098323384904;90.72339311942727
VEHICLE_UPDATES;208000000000;veh_38;41.00621378654573;-8.642399749180948;7.313704636562341;180.19124020941587
VEHICLE_UPDATES;208000000000;veh_39;41.004676858780975;-8.643530352179196;7.154560737492875;89.57888711287109
VEHICLE_UPDATES;209000000000;veh_8;40.99994709972635;-8.641784735565281;6.534613976726281;166.442228287216
VEHICLE_UPDATES;209000000000;veh_12;41.000451232570924;-8.642361493874622;6.191301662391983;133.11667808348585
VEHICLE_UPDATES;209000000000;veh_14;41.000142122658175;-8.641981308822201;6.261512014972569;137.71930482905537
VEHICLE_UPDATES;209000000000;veh_16;41.002556810080534;-8.642444613515293;6.751379053445758;180.49607964342522
VEHICLE_UPDATES;209000000000;veh_18;41.00243390508343;-8.642446682534086;7.944935248566942;180.49607964342522
VEHICLE_UPDATES;209000000000;veh_20;41.00257592506752;-8.642406237102128;8.084768208027334;180.49603027982118
VEHICLE_UPDATES;209000000000;veh_22;41.002726885151844;-8.642441750406169;6.479918793443978;180.49607964342522
VEHICLE_UPDATES;209000000000;veh_24;41.00271562685353;-8.642403885386752;7.803893833786471;180.49603027982118
VEHICLE_UPDATES;209000000000;veh_26;41.0028564882571;-8.642439568605631;6.555612080860342;180.49607964342522
VEHICLE_UPDATES;209000000000;veh_28;41.002855914894475;-8.642401523790282;7.420863634017616;180.49603027982118
VEHICLE_UPDATES;209000000000;veh_29;41.004638891161406;-8.640929287971689;9.046759041061218;90.10884960452657
VEHICLE_UPDATES;209000000000;veh_30;41.00472832898944;-8.642415107540467;0.0;180.29993154303952
VEHICLE_UPDATES;209000000000;veh_31;41.0046683303543;-8.641063803030892;8.626449871408107;90.10884960452657
VEHICLE_UPDATES;209000000000;veh_32;41.00472803121045;-8.642377057293702;0.0;180.29988793645816
VEHICLE_UPDATES;209000000000;veh_33;41.00463981982428;-8.641133239557808;9.058213385704336;90.10884960452657
VEHICLE_UPDATES;209000000000;veh_34;41.004786611368054;-8.64237633584792;0.007162764113509;180.29988793645816
VEHICLE_UPDATES;209000000000;veh_35;41.00464108583374;-8.641549631959077;8.05241839874651;89.60223657677096
VEHICLE_UPDATES;209000000000;veh_36;41.00545811323034;-8.6424065731404;7.608013026677762;180.13491255010234
VEHICLE_UPDATES;209000000000;veh_37;41.00464441530891;-8.64276207999107;6.701044304470204;90.72339311942727
VEHICLE_UPDATES;209000000000;veh_38;41.00614611614639;-8.64240041317817;7.512654785075882;180.19124020941587
VEHICLE_UPDATES;209000000000;veh_39;41.004677079705864;-8.643441091687858;7.506271915272237;89.57888711286945
VEHICLE_UPDATES;210000000000;veh_8;40.99989240902309;-8.641767640608094;6.234619858726832;166.44222828721598
VEHICLE_UPDATES;210000000000;veh_12;41.00041183053378;-8.64230640233433;6.367154832869769;133.11667808348585
VEHICLE_UPDATES;210000000000;veh_14;41.000099883357194;-8.641931027214081;6.309637501234711;137.7193048290554
VEHICLE_UPDATES;210000000000;veh_16;41.00249196883006;-8.6424457050731;7.193416563153492;180.49607964342522
VEHICLE_UPDATES;210000000000;veh_18;41.00237090114772;-8.642447743157197;6.989586745140294;180.49607964342522
VEHICLE_UPDATES;210000000000;veh_20;41.00249966698999;-8.642407520812126;8.47229661897476;180.49603027982158
VEHICLE_UPDATES;210000000000;veh_22;41.002668148149155;-8.642442739209478;6.516218270658903;180.49607964342522
VEHICLE_UPDATES;210000000000;veh_24;41.00264602887413;-8.64240505698845;7.732357798714834;180.49603027982118
VEHICLE_UPDATES;210000000000;veh_26;41.00279451271177;-8.642440611932845;6.875498775792702;180.49607964342522
VEHICLE_UPDATES;210000000000;veh_28;41.00278299697984;-8.642402751285529;8.101203867526957;180.49603027982118
VEHICLE_UPDATES;210000000000;veh_29;41.004638431897234;-8.640827664421813;8.546335898723978;90.1031283553213
VEHICLE_UPDATES;210000000000;veh_30;41.00472832898944;-8.642415107540467;0.0;180.29993154303952
VEHICLE_UPDATES;210000000000;veh_31;41.00466784907552;-8.64095810937009;8.888622267796013;90.10884960452657
VEHICLE_UPDATES;210000000000;veh_32;41.00472803121045;-8.642377057293702;0.0;180.29988793645816
VEHICLE_UPDATES;210000000000;veh_33;41.00463936511548;-8.641033367170508;8.399068524267806;90.10884960452657
VEHICLE_UPDATES;210000000000;veh_34;41.00478659198905;-8.642376336086585;0.002151356340886;180.2998879364582
VEHICLE_UPDATES;210000000000;veh_35;41.00464107743195;-8.6414663871335;7.005175290455371;89.90042497924867
VEHICLE_UPDATES;210000000000;veh_36;41.00538525458492;-8.642407193467163;8.088588927272465;180.13491255010234
VEHICLE_UPDATES;210000000000;veh_37;41.004643522826306;-8.642691612300473;5.928033488999724;90.72339311942727
VEHICLE_UPDATES;210000000000;veh_38;41.00607554275591;-8.642401105658207;7.834939919770421;180.19124020941587
VEHICLE_UPDATES;210000000000;veh_39;41.00467728235177;-8.643357339877094;7.043024537939936;89.58617244405778
VEHICLE_REGISTRATION;210714285700;veh_40;[src.main.java.CarSendsCamAPP, src.main.java.EventProcessingApp, src.main.java.MainCarApp];Car
VEHICLE_REGISTRATION;210714285700;veh_41;[src.main.java.CarSendsCamAPP, src.main.java.EventProcessingApp, src.main.java.MainCarApp];Car_0
VEHICLE_UPDATES;211000000000;veh_12;41.00037593436185;-8.642259639599445;5.599149758029729;135.95184237630482
VEHICLE_UPDATES;211000000000;veh_14;41.000056985385086;-8.64187996161716;6.408025354966113;137.71930482905523
VEHICLE_UPDATES;211000000000;veh_16;41.002431055561246;-8.642446730503668;6.757650550627725;180.49607964342522
VEHICLE_UPDATES;211000000000;veh_18;41.00230828819552;-8.64244879719596;6.946211391229333;180.49607964342562
VEHICLE_UPDATES;211000000000;veh_20;41.00243271972968;-8.64240864778311;7.437861773326985;180.49603027982158
VEHICLE_UPDATES;211000000000;veh_22;41.00260407029197;-8.642443817920528;7.108726699784786;180.49607964342522
VEHICLE_UPDATES;211000000000;veh_24;41.002572383222905;-8.642406296724761;8.18205533187077;180.49603027982158
VEHICLE_UPDATES;211000000000;veh_26;41.00274193636212;-8.642441497027445;5.832762295810432;180.49607964342522
VEHICLE_UPDATES;211000000000;veh_28;41.00271065838414;-8.642403969025303;8.03684124196759;180.49603027982118
VEHICLE_UPDATES;211000000000;veh_29;41.0046380318629;-8.640727626239146;8.412977187580022;90.0667436943282
VEHICLE_UPDATES;211000000000;veh_30;41.00472832898944;-8.642415107540467;0.0;180.29993154303952
VEHICLE_UPDATES;211000000000;veh_31;41.004667426045735;-8.64086522534711;7.811357891392248;90.1088496045282
VEHICLE_UPDATES;211000000000;veh_32;41.00472803121045;-8.642377057293702;0.0;180.29988793645816
VEHICLE_UPDATES;211000000000;veh_33;41.00463889432626;-8.640929982896479;8.694411368604936;90.1088496045282
VEHICLE_UPDATES;211000000000;veh_34;41.00478659198905;-8.642376336086585;0.0;180.2998879364582
VEHICLE_UPDATES;211000000000;veh_35;41.00464083593878;-8.641372941037577;7.86946249598477;89.96018362036888
VEHICLE_UPDATES;211000000000;veh_36;41.00531346782122;-8.64240790091893;7.969655001867321;180.25085963996807
VEHICLE_UPDATES;211000000000;veh_37;41.00464264018921;-8.642621925326212;5.862356585740716;90.72339311942727
VEHICLE_UPDATES;211000000000;veh_38;41.00600371644024;-8.642401822325496;7.974045180445263;180.20556920225843
VEHICLE_UPDATES;211000000000;veh_39;41.00467715415189;-8.64326271648048;7.957230394072258;89.86843701764728
VEHICLE_UPDATES;212000000000;veh_12;41.00033521851918;-8.642211171030544;6.082083372013644;137.71930482905515
VEHICLE_UPDATES;212000000000;veh_14;41.00001733450247;-8.641832761427178;5.922977690612488;137.71930482905523
VEHICLE_UPDATES;212000000000;veh_16;41.00237240193089;-8.642447717892688;6.506968695562697;180.49607964342522
VEHICLE_UPDATES;212000000000;veh_18;41.002242998699195;-8.642449896289603;7.243144142402487;180.49607964342522
VEHICLE_UPDATES;212000000000;veh_20;41.00235936457462;-8.642409882619566;8.149780805014997;180.49603027982118
VEHICLE_UPDATES;212000000000;veh_22;41.002539893690106;-8.64244489829133;7.119681243942506;180.49607964342562
VEHICLE_UPDATES;212000000000;veh_24;41.002500513352324;-8.642407506564687;7.984765431251054;180.49603027982158
VEHICLE_UPDATES;212000000000;veh_26;41.00267793157538;-8.642442574511332;7.100620438545642;180.49607964342522
VEHICLE_UPDATES;212000000000;veh_28;41.0026425678124;-8.642405115251353;7.564884321033303;180.49603027982158
VEHICLE_UPDATES;212000000000;veh_29;41.00463759370647;-8.64061807961748;9.21261484544963;90.06674369432656
VEHICLE_UPDATES;212000000000;veh_30;41.00472832898944;-8.642415107540467;0.0;180.29993154303952
VEHICLE_UPDATES;212000000000;veh_31;41.00466702235458;-8.640768632414224;8.123247086042824;90.06674369432656
VEHICLE_UPDATES;212000000000;veh_32;41.00472803121045;-8.642377057293702;0.0;180.29988793645816
VEHICLE_UPDATES;212000000000;veh_33;41.00463845736978;-8.640834035180392;8.06901179799716;90.1087680826292
VEHICLE_UPDATES;212000000000;veh_34;41.004786590961274;-8.642376336099241;0.00011409864633;180.29988793645816
VEHICLE_UPDATES;212000000000;veh_35;41.00464046891809;-8.641275839671557;8.170446137025282;90.10884960452657
VEHICLE_UPDATES;212000000000;veh_36;41.00524697915647;-8.642408719807527;7.38157678279629;180.29993154303952
VEHICLE_UPDATES;212000000000;veh_37;41.00464159751228;-8.642539606991038;6.924959158721983;90.72339311942727
VEHICLE_UPDATES;212000000000;veh_38;41.00592990770908;-8.642402556181532;8.194129794798517;180.17111410141052
VEHICLE_UPDATES;212000000000;veh_39;41.00467702101005;-8.643164506075575;8.258875232557193;89.86843701764728
VEHICLE_UPDATES;213000000000;veh_12;41.0002911113094;-8.64215866543715;6.588678249750287;137.71930482905503
VEHICLE_UPDATES;213000000000;veh_14;40.99997472628955;-8.641793370954618;5.908079692492784;148.20921782233373
VEHICLE_UPDATES;213000000000;veh_16;41.002315710742046;-8.642448672243479;6.289257544616462;180.49607964342522
VEHICLE_UPDATES;213000000000;veh_18;41.00217626497759;-8.642451011411325;7.403356067471357;180.48611149733608
VEHICLE_UPDATES;213000000000;veh_20;41.002282355626235;-8.642411178959179;8.555718279003157;180.49603027982118
VEHICLE_UPDATES;213000000000;veh_22;41.002474635064644;-8.642445996874667;7.239719661692544;180.49607964342522
VEHICLE_UPDATES;213000000000;veh_24;41.00243171488827;-8.642408664698301;7.643531096551423;180.49603027982158
VEHICLE_UPDATES;213000000000;veh_26;41.002611656603044;-8.642443690209811;7.352472237967927;180.49607964342522
VEHICLE_UPDATES;213000000000;veh_28;41.002569768701406;-8.642406340737036;8.08800443759216;180.49603027982118
VEHICLE_UPDATES;213000000000;veh_29;41.00463715078769;-8.640507368770068;9.31052369774558;90.06674369432656
VEHICLE_UPDATES;213000000000;veh_30;41.00472832898944;-8.642415107540467;0.0;180.29993154303952
VEHICLE_UPDATES;213000000000;veh_31;41.00466664319202;-8.640673825327609;7.973050852511363;90.06674369432656
VEHICLE_UPDATES;213000000000;veh_32;41.00472803121045;-8.642377057293702;0.0;180.29988793645816
VEHICLE_UPDATES;213000000000;veh_33;41.004638001719755;-8.640720089103233;9.582598586839891;90.0667436943282
VEHICLE_UPDATES;213000000000;veh_34;41.004786590961274;-8.642376336099241;0.0;180.29988793645816
VEHICLE_UPDATES;213000000000;veh_35;41.00464005480673;-8.641184858628622;7.651323976473212;90.1088496045282
VEHICLE_UPDATES;213000000000;veh_36;41.00517582202023;-8.64240959619165;7.899870755621921;180.29993154303952
VEHICLE_UPDATES;213000000000;veh_37;41.00464115588649;-8.642504742462219;2.93294858266883;90.72339311942727
VEHICLE_UPDATES;213000000000;veh_38;41.005859878601896;-8.642403152429463;7.774461148618446;180.13491255010234
VEHICLE_UPDATES;213000000000;veh_39;41.00467689272765;-8.64306993850961;7.952535547101297;89.86843701764892
VEHICLE_UPDATES;213000000000;veh_40;41.0065585500482;-8.642358312422152;7.956793429075766;180.14981316537543
VEHICLE_UPDATES;213000000000;veh_41;41.004649728966584;-8.644000881253417;6.665261618039758;90.16591395568926
VEHICLE_UPDATES;214000000000;veh_12;41.00025048415157;-8.64211030261398;6.068829402128235;137.71930482905515
VEHICLE_UPDATES;214000000000;veh_14;40.99992358782818;-8.641777386325607;5.829672268409804;166.44222828721604
VEHICLE_UPDATES;214000000000;veh_16;41.002248933994935;-8.642449796374013;7.408138100022675;180.49607964342522
VEHICLE_UPDATES;214000000000;veh_18;41.00211005656846;-8.642452090489645;7.34504971667953;180.47282324749813
VEHICLE_UPDATES;214000000000;veh_20;41.002211262688256;-8.642412375707636;7.898447565177448;180.49603027982118
VEHICLE_UPDATES;214000000000;veh_22;41.002407505360296;-8.64244712695355;7.447294992692225;180.49607964342522
VEHICLE_UPDATES;214000000000;veh_24;41.0023548719872;-8.642409958246189;8.537270479148109;180.49603027982158
VEHICLE_UPDATES;214000000000;veh_26;41.00254955267204;-8.642444735688898;6.889741440687535;180.49607964342522
VEHICLE_UPDATES;214000000000;veh_28;41.00250248529693;-8.642407473369493;7.475207590441964;180.49603027982118
VEHICLE_UPDATES;214000000000;veh_29;41.004636742971364;-8.640405455537204;8.570665028865974;90.0667436943282
VEHICLE_UPDATES;214000000000;veh_30;41.00472832898944;-8.642415107540467;0.0;180.29993154303952
VEHICLE_UPDATES;214000000000;veh_31;41.00466625721626;-8.640577334660026;8.114636156447517;90.06674369432656
VEHICLE_UPDATES;214000000000;veh_32;41.00472803121045;-8.642377057293702;0.0;180.29988793645816
VEHICLE_UPDATES;214000000000;veh_33;41.004637589849395;-8.640617115396822;8.659848041686496;90.0667436943282
VEHICLE_UPDATES;214000000000;veh_34;41.004786590961274;-8.642376336099241;0.0;180.29988793645816
VEHICLE_UPDATES;214000000000;veh_35;41.00463963875118;-8.641093466327675;7.685910093913115;90.10884960452657
VEHICLE_UPDATES;214000000000;veh_36;41.00510609824993;-8.642410454919807;7.740738263126221;180.29993154303952
VEHICLE_UPDATES;214000000000;veh_37;41.004641037058214;-8.642495361603574;0.78915669505991;90.7233931194289
VEHICLE_UPDATES;214000000000;veh_38;41.00578747229082;-8.642403768915695;8.03837244127384;180.13491255010234
VEHICLE_UPDATES;214000000000;veh_39;41.00467595686886;-8.642976251002086;7.879358578305118;90.72293676843753
VEHICLE_UPDATES;214000000000;veh_40;41.00648762453011;-8.642359008410038;7.873662041432251;180.1912402094153
VEHICLE_UPDATES;214000000000;veh_41;41.004649313459275;-8.643922223215798;6.61627456633486;90.16591395568926
VEHICLE_UPDATES;215000000000;veh_12;41.00020597497612;-8.642057318708677;6.648716406837107;137.71930482905532
VEHICLE_UPDATES;215000000000;veh_14;40.99986915500748;-8.641760371988395;6.20522167291917;166.44222828721598
VEHICLE_UPDATES;215000000000;veh_16;41.00218566289143;-8.642450858241972;7.019222390244009;180.4921732117615
VEHICLE_UPDATES;215000000000;veh_18;41.002039475701956;-8.64245324082826;7.830122700504178;180.47282324749773
VEHICLE_UPDATES;215000000000;veh_20;41.002134662337866;-8.642413634964559;8.510290793331333;180.47290371069997
VEHICLE_UPDATES;215000000000;veh_22;41.0023446356745;-8.64244818531564;6.974693177868068;180.49607964342522
VEHICLE_UPDATES;215000000000;veh_24;41.00228727482447;-8.64241109615136;7.510065945924115;180.49603027982118
VEHICLE_UPDATES;215000000000;veh_26;41.00248058496066;-8.642445896712436;7.651201559396759;180.49607964342522
VEHICLE_UPDATES;215000000000;veh_28;41.00243281056347;-8.642408646254044;7.74088490658002;180.49603027982158
VEHICLE_UPDATES;215000000000;veh_29;41.00463633389653;-8.640303250420294;8.5952119568247;90.06674369432656
VEHICLE_UPDATES;215000000000;veh_30;41.00472832898944;-8.642415107540467;0.0;180.29993154303952
VEHICLE_UPDATES;215000000000;veh_31;41.004665861966956;-8.640478546609689;8.3078407427718;90.0667436943282
VEHICLE_UPDATES;215000000000;veh_32;41.00472803121045;-8.642377057293702;0.0;180.29988793645816
VEHICLE_UPDATES;215000000000;veh_33;41.004637189506184;-8.640517045685199;8.41562902401794;90.06674369432656
VEHICLE_UPDATES;215000000000;veh_34;41.004786590961274;-8.642376336099241;0.0;180.29988793645816
VEHICLE_UPDATES;215000000000;veh_35;41.004639212469726;-8.640999844269812;7.873428345833235;90.1088496045282
VEHICLE_UPDATES;215000000000;veh_36;41.005038417867965;-8.64241128847905;7.513881042139363;180.29993154303952
VEHICLE_UPDATES;215000000000;veh_37;41.00464103240327;-8.642494994121229;0.03091413724788;90.72339311942727
VEHICLE_UPDATES;215000000000;veh_38;41.00571364115829;-8.642404397531246;8.19655254651765;180.13491255010234
VEHICLE_UPDATES;215000000000;veh_39;41.00467474228537;-8.64288029220774;8.070642709796674;90.72293676843755
VEHICLE_UPDATES;215000000000;veh_40;41.0064085466733;-8.642359784393927;8.778678366101373;180.1912402094153
VEHICLE_UPDATES;215000000000;veh_41;41.00464888510309;-8.643841143448045;6.819977093083971;90.16591395568926
VEHICLE_UPDATES;216000000000;veh_12;41.00016276535368;-8.64200588189253;6.454587570075877;137.71930482905543
VEHICLE_UPDATES;216000000000;veh_16;41.00212581429626;-8.642451833667185;6.639502651442067;180.4728232474978
VEHICLE_UPDATES;216000000000;veh_18;41.001975813128595;-8.64245427840881;7.062618801727111;180.47282324749773
VEHICLE_UPDATES;216000000000;veh_20;41.00206550615527;-8.6424147622525;7.68323431492503;180.47290371069997
VEHICLE_UPDATES;216000000000;veh_22;41.00228431499362;-8.642449200764917;6.691909326421484;180.49607964342522
VEHICLE_UPDATES;216000000000;veh_24;41.00221029401202;-8.6424123920139;8.55259225688581;180.49603027982118
VEHICLE_UPDATES;216000000000;veh_26;41.00242105157297;-8.642446898913311;6.60456805399048;180.49607964342522
VEHICLE_UPDATES;216000000000;veh_28;41.00236065445528;-8.642409860906168;8.016566320266854;180.49603027982158
VEHICLE_UPDATES;216000000000;veh_29;41.00463588114678;-8.640190159750516;9.510661752626826;90.06674369432656
VEHICLE_UPDATES;216000000000;veh_30;41.00472832898944;-8.642415107540467;0.0;180.29993154303952
VEHICLE_UPDATES;216000000000;veh_31;41.00466544165566;-8.640373517804504;8.832673590136977;90.06674369432656
VEHICLE_UPDATES;216000000000;veh_32;41.00472803121045;-8.642377057293702;0.0;180.29988793645816
VEHICLE_UPDATES;216000000000;veh_33;41.004636750654235;-8.640407375278013;9.223025275060685;90.0667436943282
VEHICLE_UPDATES;216000000000;veh_34;41.004786590961274;-8.642376336099241;0.0;180.29988793645816
VEHICLE_UPDATES;216000000000;veh_35;41.00463877189044;-8.640903099598557;8.13603405958347;90.10884960452657
VEHICLE_UPDATES;216000000000;veh_36;41.00497582236564;-8.642412059410367;6.949357250221763;180.29993154303952
VEHICLE_UPDATES;216000000000;veh_37;41.004641032179805;-8.642494976480885;0.001483978975026;90.72339311942727
VEHICLE_UPDATES;216000000000;veh_38;41.005649663106276;-8.642404942253743;7.102687456258298;180.13491255010234
VEHICLE_UPDATES;216000000000;veh_39;41.00464475582655;-8.642788967118138;7.728269539442271;90.72339311942727
VEHICLE_UPDATES;216000000000;veh_40;41.00633635428882;-8.642360492809074;8.014300602792789;180.19124020941572
VEHICLE_UPDATES;216000000000;veh_41;41.0046484905509;-8.643766471690304;6.280971198800207;90.16591395569088
VEHICLE_UPDATES;217000000000;veh_12;41.000121735251966;-8.641957039669496;6.129010900818743;137.7193048290553
VEHICLE_UPDATES;217000000000;veh_16;41.002064841303124;-8.64245282741585;6.764241400721708;180.47282324749773
VEHICLE_UPDATES;217000000000;veh_18;41.0019079562591;-8.642455384345826;7.527926870303379;180.47282324749773
VEHICLE_UPDATES;217000000000;veh_20;41.00199585739902;-8.64241589756677;7.737959026756688;180.47290371069997
VEHICLE_UPDATES;217000000000;veh_22;41.00222218919682;-8.642450246599482;6.892166804843038;180.49607964342522
VEHICLE_UPDATES;217000000000;veh_24;41.00213998816127;-8.642413548150271;7.810972929966492;180.47290371069997
VEHICLE_UPDATES;217000000000;veh_26;41.002362580264794;-8.642447883232718;6.486742062665661;180.49607964342522
VEHICLE_UPDATES;217000000000;veh_28;41.00229018918152;-8.64241104709223;7.828713985476923;180.49603027982118
VEHICLE_UPDATES;217000000000;veh_29;41.0046354612142;-8.640085291124098;8.8192072452163;90.06674369432656
VEHICLE_UPDATES;217000000000;veh_30;41.00471618914747;-8.64241526982995;1.347992703039199;180.31532204340152
VEHICLE_UPDATES;217000000000;veh_31;41.004665060601425;-8.64027831934778;8.005964730140107;90.06674369432656
VEHICLE_UPDATES;217000000000;veh_32;41.004715253914;-8.642377230009332;1.418472073203884;180.31838547262473
VEHICLE_UPDATES;217000000000;veh_33;41.0046363292112;-8.640302079948887;8.855091596225543;90.06674369432656
VEHICLE_UPDATES;217000000000;veh_34;41.004786590961274;-8.642376336099241;0.0;180.29988793645816
VEHICLE_UPDATES;217000000000;veh_35;41.004638361232544;-8.640809991440873;7.830202242139056;90.08748331086795
VEHICLE_UPDATES;217000000000;veh_36;41.00490721320988;-8.642412904404159;7.616993402136248;180.29993154303952
VEHICLE_UPDATES;217000000000;veh_37;41.00464103206649;-8.642494967533718;0.000752672653557;90.72339311942727
VEHICLE_UPDATES;217000000000;veh_38;41.00557664434883;-8.642405563948856;8.106364445746602;180.13491255010234
VEHICLE_UPDATES;217000000000;veh_39;41.00464352092702;-8.64269146234062;8.202504979697414;90.72339311942727
VEHICLE_UPDATES;217000000000;veh_40;41.0062647324126;-8.642361195623794;7.950966610365573;180.19124020941572
VEHICLE_UPDATES;217000000000;veh_41;41.00464806131032;-8.643692832498616;6.194155316745118;90.22968309398814
VEHICLE_UPDATES;218000000000;veh_12;41.000084919126266;-8.641913213835013;5.499531275579706;137.7193048290553
VEHICLE_UPDATES;218000000000;veh_16;41.001997477292;-8.642453925323851;7.473250111902358;180.47282324749773
VEHICLE_UPDATES;218000000000;veh_18;41.00183744001898;-8.642456533622541;7.822952875316294;180.47282324749773
VEHICLE_UPDATES;218000000000;veh_20;41.001924559645325;-8.6424170597576;7.921162121162742;180.47290371069997
VEHICLE_UPDATES;218000000000;veh_22;41.00215959919009;-8.64245128303402;6.943647511018828;180.4753619579994
VEHICLE_UPDATES;218000000000;veh_24;41.002066917414545;-8.642414739248142;8.118141402454903;180.47290371069997
VEHICLE_UPDATES;218000000000;veh_26;41.002293295697;-8.64244904958227;7.686353001221351;180.49607964342522
VEHICLE_UPDATES;218000000000;veh_28;41.00221654692843;-8.642412286755079;8.181677277400437;180.49603027982118
VEHICLE_UPDATES;218000000000;veh_29;41.004635017161924;-8.639974425060686;9.323577913467366;90.06674369432656
VEHICLE_UPDATES;218000000000;veh_30;41.004682179750475;-8.642415827800514;3.77819323190488;180.47745377730945
VEHICLE_UPDATES;218000000000;veh_31;41.00466467514355;-8.640182040712482;8.09680533236387;90.0667436943282
VEHICLE_UPDATES;218000000000;veh_32;41.00468375948707;-8.642377746496065;3.496370509709231;180.47330453621706
VEHICLE_UPDATES;218000000000;veh_33;41.00463590529904;-8.640196191954029;8.90493357475393;90.06674369432656
VEHICLE_UPDATES;218000000000;veh_34;41.00477635274066;-8.64237646218849;1.136594384248194;180.2998879364582
VEHICLE_UPDATES;218000000000;veh_35;41.00463802466153;-8.640725825560823;7.078153673129417;90.06674369432656
VEHICLE_UPDATES;218000000000;veh_36;41.004837707577195;-8.642413760436687;7.716520243422818;180.29993154303952
VEHICLE_UPDATES;218000000000;veh_37;41.00464103203968;-8.642494965418;0.000177983044284;90.72339311942727
VEHICLE_UPDATES;218000000000;veh_38;41.00550673108462;-8.642406159201393;7.761600061398656;180.13491255010234
VEHICLE_UPDATES;218000000000;veh_39;41.00467130241543;-8.64260855777039;6.923532375012052;90.72293676843755
VEHICLE_UPDATES;218000000000;veh_40;41.00619042295529;-8.642399978429978;8.274731210202004;180.19124020941547
VEHICLE_UPDATES;218000000000;veh_41;41.00464783879045;-8.643608912643097;7.058895559228213;89.68356015882645
VEHICLE_UPDATES;219000000000;veh_12;41.00004033387698;-8.641860139744892;6.660066622552463;137.71930482905498
VEHICLE_UPDATES;219000000000;veh_16;41.001933171767035;-8.642454973381664;7.133946716820114;180.47282324749813
VEHICLE_UPDATES;219000000000;veh_18;41.00176904205816;-8.64245764837258;7.587954445400427;180.47282324749813
VEHICLE_UPDATES;219000000000;veh_20;41.001852487149094;-8.64241823457402;8.007235717542462;180.47290371069997
VEHICLE_UPDATES;219000000000;veh_22;41.00210172452305;-8.642452226286853;6.420518349781088;180.47282324749773
VEHICLE_UPDATES;219000000000;veh_24;41.00199784508304;-8.642415865166434;7.67391838451088;180.47290371069997
VEHICLE_UPDATES;219000000000;veh_26;41.00222920065187;-8.642450128567763;7.110633036277105;180.49607964342522
VEHICLE_UPDATES;219000000000;veh_28;41.002144397346946;-8.642413476277744;8.015814478081;180.47290371069997
VEHICLE_UPDATES;219000000000;veh_30;41.00463270326928;-8.642416639528445;5.496472192322836;180.47745377730985
VEHICLE_UPDATES;219000000000;veh_31;41.004664258263126;-8.640077936039695;8.754956721626508;90.06674369432656
VEHICLE_UPDATES;219000000000;veh_32;41.0046330587054;-8.64237857795241;5.628574127145112;180.47712245760277
VEHICLE_UPDATES;219000000000;veh_33;41.004635485683224;-8.640091401055068;8.812670537357485;90.0667436943282
VEHICLE_UPDATES;219000000000;veh_34;41.004746348365046;-8.642376831708384;3.330930831880135;180.29988793645856
VEHICLE_UPDATES;219000000000;veh_35;41.004637632798634;-8.640627852268599;8.239324882941581;90.06674369432656
VEHICLE_UPDATES;219000000000;veh_36;41.004769789262376;-8.642414596917527;7.540296008308744;180.29993154303952
VEHICLE_UPDATES;219000000000;veh_37;41.00464103203968;-8.642494965418;0.0;90.72339311942727
VEHICLE_UPDATES;219000000000;veh_38;41.00544110207968;-8.642406717975438;7.285971961552002;180.13491255010234
VEHICLE_UPDATES;219000000000;veh_39;41.0046703987408;-8.642537179885858;6.003258986946554;90.72293676843753
VEHICLE_UPDATES;219000000000;veh_40;41.00611731453593;-8.6424006957855;8.116374653509844;180.19124020941547
VEHICLE_UPDATES;219000000000;veh_41;41.004648032112;-8.643530756125088;6.573965077978746;89.57905898949569
VEHICLE_UPDATES;220000000000;veh_12;41.00000396846706;-8.641816850590935;5.432198673357256;137.7193048290553
VEHICLE_UPDATES;220000000000;veh_16;41.00186778661716;-8.642456039032748;7.253718404320294;180.47282324749773
VEHICLE_UPDATES;220000000000;veh_18;41.001706168447456;-8.642458673084263;6.975092275238747;180.4728232474978
VEHICLE_UPDATES;220000000000;veh_20;41.00178089061995;-8.642419401628839;7.954355793913819;180.47290371070036
VEHICLE_UPDATES;220000000000;veh_22;41.002035835041994;-8.642453300164256;7.309668274893813;180.47282324749773
VEHICLE_UPDATES;220000000000;veh_24;41.00192812979768;-8.642417001562315;7.74535030083437;180.47290371069997
VEHICLE_UPDATES;220000000000;veh_26;41.002173290015755;-8.642451059897926;6.202653317927055;180.48419262794158
VEHICLE_UPDATES;220000000000;veh_28;41.002076976658635;-8.642414575276502;7.490421353690606;180.47290371069997
VEHICLE_UPDATES;220000000000;veh_30;41.00456716967537;-8.642417750688722;7.276880712567333;180.5208024487086
VEHICLE_UPDATES;220000000000;veh_31;41.00466388381984;-8.639984448913216;7.862046335516784;90.06674369432656
VEHICLE_UPDATES;220000000000;veh_32;41.00457470775258;-8.642379558251358;6.479111267592463;180.50530009108053
VEHICLE_UPDATES;220000000000;veh_33;41.00463504170014;-8.639980550797521;9.322248666610836;90.06674369432656
VEHICLE_UPDATES;220000000000;veh_34;41.00469481562451;-8.642377565183157;5.720915525500966;180.41892097584335
VEHICLE_UPDATES;220000000000;veh_35;41.004637287118925;-8.640541442943245;7.266822420794777;90.06674369432656
VEHICLE_UPDATES;220000000000;veh_36;41.00470776823527;-8.64241540798657;6.886416283068884;180.35682486202205
VEHICLE_UPDATES;220000000000;veh_37;41.00464103203968;-8.642494965418;0.0;90.72339311942727
VEHICLE_UPDATES;220000000000;veh_38;41.00536829002914;-8.642407337905034;8.083416055664145;180.13491255010234
VEHICLE_UPDATES;220000000000;veh_39;41.004669872675805;-8.64249562958446;3.49460099855288;90.72293676843755
VEHICLE_UPDATES;220000000000;veh_40;41.00604302702326;-8.642401424708313;8.247275515694197;180.19124020941547
VEHICLE_UPDATES;220000000000;veh_41;41.00464822198093;-8.643453974584487;6.458311845447124;89.57905898949569
VEHICLE_REGISTRATION;220999999985;veh_42;[src.main.java.CarSendsCamAPP, src.main.java.EventProcessingApp, src.main.java.MainCarApp];Car
VEHICLE_REGISTRATION;220999999985;veh_43;[src.main.java.CarSendsCamAPP, src.main.java.EventProcessingApp, src.main.java.MainCarApp];Car_0
VEHICLE_UPDATES;221000000000;veh_12;40.99995964986377;-8.641788658430997;5.630165411751718;160.74320417909288
VEHICLE_UPDATES;221000000000;veh_16;41.00180200906723;-8.642457111076585;7.297250519750865;180.47282324749773
VEHICLE_UPDATES;221000000000;veh_18;41.00163720122677;-8.64245979710662;7.651106995188782;180.47282324749773
VEHICLE_UPDATES;221000000000;veh_20;41.00171094971452;-8.642420541693273;7.770416332736604;180.47290371069997
VEHICLE_UPDATES;221000000000;veh_22;41.001973749565444;-8.642454312040979;6.887658331770837;180.47282324749773
VEHICLE_UPDATES;221000000000;veh_24;41.00185110602242;-8.64241825708702;8.557321540347155;180.47290371069997
VEHICLE_UPDATES;221000000000;veh_26;41.002102322468765;-8.642452216541425;7.873020470538195;180.47282324749773
VEHICLE_UPDATES;221000000000;veh_28;41.00201181727125;-8.642415637412052;7.239191310424637;180.47290371070036
VEHICLE_UPDATES;221000000000;veh_30;41.004510616511986;-8.642418769267753;6.274021332447853;180.54709486564582
VEHICLE_UPDATES;221000000000;veh_32;41.00450788179464;-8.642380761892248;7.424475116877522;180.5470948656459
VEHICLE_UPDATES;221000000000;veh_34;41.00464260228787;-8.642378421444642;5.796491227126051;180.47712245760277
VEHICLE_UPDATES;221000000000;veh_35;41.00463694510589;-8.64045596610637;7.188402431261055;90.06674369432656
VEHICLE_UPDATES;221000000000;veh_36;41.004639264281295;-8.64241653188634;7.610284123285937;180.47745377730945
VEHICLE_UPDATES;221000000000;veh_37;41.00464103203968;-8.642494965418;0.0;90.72339311942727
VEHICLE_UPDATES;221000000000;veh_38;41.00530368704571;-8.642408021381183;7.172153922877931;180.29565660895045
VEHICLE_UPDATES;221000000000;veh_39;41.004669857638326;-8.64249444189331;0.09989113363009;90.72293676843753
VEHICLE_UPDATES;221000000000;veh_40;41.0059640782204;-8.642402238900642;8.76478963694724;180.2215031987318
VEHICLE_UPDATES;221000000000;veh_41;41.004648419124315;-8.643374229413924;6.707591109900923;89.57905898949569
VEHICLE_UPDATES;222000000000;veh_12;40.99990388519353;-8.641771227771903;6.35704980810266;166.44222828721558
VEHICLE_UPDATES;222000000000;veh_16;41.00174379827531;-8.642458059795068;6.457807069702299;180.47282324749773
VEHICLE_UPDATES;222000000000;veh_18;41.00157026442307;-8.64246088803465;7.425855872717837;180.47282324749773
VEHICLE_UPDATES;222000000000;veh_20;41.001641254676194;-8.642421677747038;7.743100463903501;180.47290371069997
VEHICLE_UPDATES;222000000000;veh_22;41.00191491315625;-8.642455270961854;6.527212191647306;180.47282324749773
VEHICLE_UPDATES;222000000000;veh_24;41.001781352147;-8.642419394105755;7.749637442141251;180.47290371069997
VEHICLE_UPDATES;222000000000;veh_26;41.00204578144833;-8.642453138056286;6.27256577422115;180.47282324749773
VEHICLE_UPDATES;222000000000;veh_28;41.00194667329588;-8.642416699293811;7.237478955849354;180.47290371069997
VEHICLE_UPDATES;222000000000;veh_30;41.00444855473892;-8.642419887059937;6.885147720614884;180.54709486564582
VEHICLE_UPDATES;222000000000;veh_32;41.00444461381918;-8.642381901445562;7.029177261086817;180.5470948656459
VEHICLE_UPDATES;222000000000;veh_34;41.00458067644495;-8.642379450745652;6.875465467748239;180.49370303415853
VEHICLE_UPDATES;222000000000;veh_35;41.00463659083773;-8.640367443133956;7.444575437543243;90.06674369432656
VEHICLE_UPDATES;222000000000;veh_36;41.00457798787994;-8.6424175558418;6.805586574034708;180.4999054780139
VEHICLE_UPDATES;222000000000;veh_37;41.00464103203968;-8.642494965418;0.0;90.72339311942727
VEHICLE_UPDATES;222000000000;veh_38;41.00523661210047;-8.64240884749021;7.446665674224222;180.29993154303952
VEHICLE_UPDATES;222000000000;veh_39;41.00466985662851;-8.642494362136686;0.006707955867623;90.72293676843593
VEHICLE_UPDATES;222000000000;veh_40;41.00588686460019;-8.642402922663136;8.57208431798688;180.13491255010234
VEHICLE_UPDATES;222000000000;veh_41;41.00464837458706;-8.64329707003609;6.490073522637785;89.86833624206884
VEHICLE_UPDATES;223000000000;veh_16;41.00167622756992;-8.64245916105869;7.496179997350314;180.47282324749773
VEHICLE_UPDATES;223000000000;veh_18;41.001501986328854;-8.642462000820087;7.574656286982971;180.4728232474978
VEHICLE_UPDATES;223000000000;veh_20;41.00156336463341;-8.642422947378801;8.65356319653987;180.47290371069997
VEHICLE_UPDATES;223000000000;veh_22;41.00185520585656;-8.642456244074438;6.623827249877542;180.47282324749773
VEHICLE_UPDATES;223000000000;veh_24;41.00171623872571;-8.642420455480401;7.234084107966824;180.47290371069997
VEHICLE_UPDATES;223000000000;veh_26;41.00198934698826;-8.642454057832484;6.260744082097246;180.47282324749773
VEHICLE_UPDATES;223000000000;veh_28;41.00187200670524;-8.642417916396159;8.295438966774661;180.47290371069997
VEHICLE_UPDATES;223000000000;veh_30;41.004383009527025;-8.642421067589458;7.271601163216372;180.54709486564582
VEHICLE_UPDATES;223000000000;veh_32;41.00438284336016;-8.642383014023773;6.862800619158599;180.5470948656459
VEHICLE_UPDATES;223000000000;veh_34;41.0045191321081;-8.642380559256566;6.837678236550524;180.5470948656459
VEHICLE_UPDATES;223000000000;veh_35;41.00463620740169;-8.640271650956262;8.05589877736129;90.06674369432656
VEHICLE_UPDATES;223000000000;veh_36;41.00451546565163;-8.64241868192998;6.9362308187463;180.54709486564582
VEHICLE_UPDATES;223000000000;veh_37;41.00464103203968;-8.642494965418;0.0;90.72339311942727
VEHICLE_UPDATES;223000000000;veh_38;41.00516166077296;-8.642409770603834;8.321102145719067;180.29993154303952
VEHICLE_UPDATES;223000000000;veh_39;41.004669856304396;-8.642494336537387;0.00215303688028;90.72293676843753
VEHICLE_UPDATES;223000000000;veh_40;41.00581106781308;-8.642403568017471;8.414774876439038;180.13491255010274
VEHICLE_UPDATES;223000000000;veh_41;41.00464827581472;-8.643224118174814;6.136163899480552;89.86833624206884
VEHICLE_UPDATES;223000000000;veh_42;41.00655519101979;-8.642358345384142;8.329689605643619;180.15387503015788
VEHICLE_UPDATES;223000000000;veh_43;41.00467856365132;-8.6440023617754;6.516222751389515;90.16591395568992
VEHICLE_UPDATES;224000000000;veh_16;41.001618193130824;-8.642460106898573;6.438242640194708;180.47282324749773
VEHICLE_UPDATES;224000000000;veh_18;41.00143134771831;-8.642463152073876;7.836527877122315;180.47282324749773
VEHICLE_UPDATES;224000000000;veh_20;41.0014895501661;-8.64242415057404;8.20076772384531;180.47290371069997
VEHICLE_UPDATES;224000000000;veh_22;41.00178946415546;-8.642457315533512;7.293273494410716;180.47282324749813
VEHICLE_UPDATES;224000000000;veh_24;41.00164269055607;-8.64242165434172;8.171182348729898;180.47290371069997
VEHICLE_UPDATES;224000000000;veh_26;41.0019231146449;-8.642455137293409;7.347704694374804;180.47282324749773
VEHICLE_UPDATES;224000000000;veh_28;41.00180575009319;-8.642418996408875;7.361092419890035;180.47290371069997
VEHICLE_UPDATES;224000000000;veh_30;41.00432260866308;-8.642422155462048;6.700885920242842;180.54709486564622
VEHICLE_UPDATES;224000000000;veh_32;41.004315623601755;-8.642384224749158;7.468226748135577;180.5470948656459
VEHICLE_UPDATES;224000000000;veh_34;41.00445435328688;-8.642381726022975;7.197034751380582;180.5470948656459
VEHICLE_UPDATES;224000000000;veh_35;41.00463585978905;-8.640184825565333;7.301813041384593;90.0667436943282
VEHICLE_UPDATES;224000000000;veh_36;41.004447715625986;-8.64241990217315;7.516203805686968;180.54709486564622
VEHICLE_UPDATES;224000000000;veh_37;41.00464103203968;-8.642494965418;0.0;90.72339311942727
VEHICLE_UPDATES;224000000000;veh_38;41.00508730194522;-8.642410686417444;8.255322668198222;180.29993154303952
VEHICLE_UPDATES;224000000000;veh_39;41.004669856304396;-8.642494336537387;0.0;90.72293676843753
VEHICLE_UPDATES;224000000000;veh_40;41.005740762674385;-8.64240416661254;7.805105330517542;180.13491255010234
VEHICLE_UPDATES;224000000000;veh_41;41.004648158304754;-8.643137371340185;7.296493744096906;89.86833624206722
VEHICLE_UPDATES;224000000000;veh_42;41.00648333100415;-8.642359050542089;7.977403513544817;180.1912402094153
VEHICLE_UPDATES;224000000000;veh_43;41.004678141102026;-8.643922370536737;6.726910659011711;90.16591395568992
VEHICLE_UPDATES;225000000000;veh_16;41.00155348706659;-8.64246116146958;7.178381385386215;180.47282324749773
VEHICLE_UPDATES;225000000000;veh_18;41.00136506792484;-8.642464232285805;7.352967999487335;180.4728232474978
VEHICLE_UPDATES;225000000000;veh_20;41.0014120467286;-8.642425413896923;8.610611217563964;180.47290371069997
VEHICLE_UPDATES;225000000000;veh_22;41.00172570079158;-8.642458354747129;7.073800016678326;180.47282324749773
VEHICLE_UPDATES;225000000000;veh_24;41.001570383799674;-8.642422832964371;8.033261558098575;180.47290371069997
VEHICLE_UPDATES;225000000000;veh_26;41.00185300769944;-8.642456279900074;7.777546437362107;180.47282324749773
VEHICLE_UPDATES;225000000000;veh_28;41.00173187455533;-8.642420200610399;8.20755300162388;180.47290371069997
VEHICLE_UPDATES;225000000000;veh_30;41.00425858176195;-8.642423308640137;7.103159251103613;180.54709486564582
VEHICLE_UPDATES;225000000000;veh_32;41.004250066607135;-8.642385405522898;7.283490843082483;180.5470948656459
VEHICLE_UPDATES;225000000000;veh_34;41.004388653268165;-8.64238290937876;7.299381240295461;180.5470948656459
VEHICLE_UPDATES;225000000000;veh_35;41.0046354926414;-8.640093138531107;7.710666039854549;90.06674369432656
VEHICLE_UPDATES;225000000000;veh_36;41.00439271124542;-8.642420892852769;6.102198869160627;180.54709486564622
VEHICLE_UPDATES;225000000000;veh_37;41.00464103203968;-8.642494965418;0.0;90.72339311942727
VEHICLE_UPDATES;225000000000;veh_38;41.00501587009189;-8.642411566179518;7.930369645622284;180.29993154303952
VEHICLE_UPDATES;225000000000;veh_39;41.004669856304396;-8.642494336537387;0.0;90.72293676843753
VEHICLE_UPDATES;225000000000;veh_40;41.00567246478651;-8.642404748115647;7.582265141026143;180.13491255010234
VEHICLE_UPDATES;225000000000;veh_41;41.00464804956749;-8.643057143483684;6.748166207984277;89.86833624206884
VEHICLE_UPDATES;225000000000;veh_42;41.00641254905159;-8.64235974511901;7.857724282022213;180.19124020941572
VEHICLE_UPDATES;225000000000;veh_43;41.00467769030847;-8.643837044062893;7.175580557707955;90.16591395568992
VEHICLE_UPDATES;226000000000;veh_16;41.001495988121654;-8.642462098577774;6.378835682559052;180.47282324749773
VEHICLE_UPDATES;226000000000;veh_18;41.00129693561821;-8.642465342686776;7.558482581431197;180.4728232474978
VEHICLE_UPDATES;226000000000;veh_20;41.00134493795299;-8.642426507781625;7.455766960398286;180.47290371069997
VEHICLE_UPDATES;226000000000;veh_22;41.00166404953804;-8.64245935953529;6.839485983405649;180.47282324749813
VEHICLE_UPDATES;226000000000;veh_24;41.001498412650164;-8.642424006113393;7.995975617027697;180.47290371069997
VEHICLE_UPDATES;226000000000;veh_26;41.001793775326675;-8.64245724527007;6.571139584117245;180.4728232474978
VEHICLE_UPDATES;226000000000;veh_28;41.001660713550706;-8.6424213605608;7.905968964253832;180.47290371069997
VEHICLE_UPDATES;226000000000;veh_30;41.00419225081162;-8.642424503313244;7.358770919165079;180.54709486564582
VEHICLE_UPDATES;226000000000;veh_32;41.00419234980668;-8.642386445081375;6.412432198658291;180.5470948656459
VEHICLE_UPDATES;226000000000;veh_34;41.0043199067055;-8.642384147604334;7.637857243099675;180.5470948656459
VEHICLE_UPDATES;226000000000;veh_35;41.004635132484175;-8.640003214886406;7.562369213708005;90.06674369432656
VEHICLE_UPDATES;226000000000;veh_36;41.00432870976495;-8.642422045575955;7.100339167937977;180.54709486564582
VEHICLE_UPDATES;226000000000;veh_37;41.00464103203968;-8.642494965418;0.0;90.72339311942727
VEHICLE_UPDATES;226000000000;veh_38;41.00494071949891;-8.642412491739313;8.34322428643676;180.29993154303952
VEHICLE_UPDATES;226000000000;veh_39;41.004669856304396;-8.642494336537387;0.0;90.72293676843753
VEHICLE_UPDATES;226000000000;veh_40;41.005596034048175;-8.642405398861584;8.485154279323321;180.13491255010234
VEHICLE_UPDATES;226000000000;veh_41;41.00464721657752;-8.642983281684291;6.213454068420642;90.72339311942727
VEHICLE_UPDATES;226000000000;veh_42;41.006337194003066;-8.642360484569071;8.365397754514238;180.19124020941572
VEHICLE_UPDATES;226000000000;veh_43;41.00467726535126;-8.643756618852652;6.763406004889195;90.16591395568828
VEHICLE_UPDATES;227000000000;veh_16;41.001432613316275;-8.642463131447442;7.030693625833132;180.47282324749773
VEHICLE_UPDATES;227000000000;veh_18;41.00123258453769;-8.642466391459825;7.138999684418703;180.47282324749818
VEHICLE_UPDATES;227000000000;veh_20;41.00126835640282;-8.642427756070873;8.508189563571468;180.47290371069997
VEHICLE_UPDATES;227000000000;veh_22;41.00160636905483;-8.642460299606011;6.398975360597871;180.47282324749773
VEHICLE_UPDATES;227000000000;veh_24;41.00143059537552;-8.642425111550276;7.534481129457099;180.47290371069997
VEHICLE_UPDATES;227000000000;veh_26;41.001733042067514;-8.642420181579496;7.155619927788191;180.47290371069997
VEHICLE_UPDATES;227000000000;veh_28;41.001594124944084;-8.64242244597667;7.397976653664653;180.47290371070036
VEHICLE_UPDATES;227000000000;veh_30;41.00412689106412;-8.64242568049139;7.251025368382659;180.54709486564622
VEHICLE_UPDATES;227000000000;veh_32;41.0041313520325;-8.642387543732294;6.776953743294518;180.5470948656459
VEHICLE_UPDATES;227000000000;veh_34;41.00425761594792;-8.642385269548791;6.920606497766516;180.5470948656459
VEHICLE_UPDATES;227000000000;veh_36;41.00425986772696;-8.642423285478857;7.637351656701806;180.54709486564582
VEHICLE_UPDATES;227000000000;veh_37;41.00464103203968;-8.642494965418;0.0;90.72339311942727
VEHICLE_UPDATES;227000000000;veh_38;41.00486671886868;-8.642413403133423;8.215555232516216;180.29993154303952
VEHICLE_UPDATES;227000000000;veh_39;41.004669856304396;-8.642494336537387;0.0;90.72293676843753
VEHICLE_UPDATES;227000000000;veh_40;41.00552280695517;-8.64240602232906;8.12949327798749;180.13491255010234
VEHICLE_UPDATES;227000000000;veh_41;41.004646109330686;-8.642895844122654;7.355608508238756;90.72339311942727
VEHICLE_UPDATES;227000000000;veh_42;41.00626949011011;-8.642361148937288;7.516019141201508;180.1912402094153
VEHICLE_UPDATES;227000000000;veh_43;41.00467672466093;-8.643671131068958;7.189229927949865;90.30730102730628
VEHICLE_UPDATES;228000000000;veh_16;41.001373740192804;-8.642464090947445;6.531284584745058;180.47282324749773
VEHICLE_UPDATES;228000000000;veh_18;41.00117168786857;-8.642467383931692;6.755773067365552;180.47282324749818
VEHICLE_UPDATES;228000000000;veh_20;41.00119351993852;-8.642428975911573;8.314310883220278;180.47290371069997
VEHICLE_UPDATES;228000000000;veh_22;41.00154673687036;-8.642461271483253;6.615493727866016;180.4728232474978
VEHICLE_UPDATES;228000000000;veh_24;41.00135478136657;-8.642426347332444;8.422916069405009;180.47290371069997
VEHICLE_UPDATES;228000000000;veh_26;41.00166282021596;-8.64242132622143;7.801629304998495;180.47290371069997
VEHICLE_UPDATES;228000000000;veh_28;41.00152755667793;-8.642423531058308;7.395716745513771;180.47290371069997
VEHICLE_UPDATES;228000000000;veh_30;41.00406493482208;-8.64242679636726;6.873439613233757;180.54709486564582
VEHICLE_UPDATES;228000000000;veh_32;41.004068054039124;-8.642388683810635;7.032511829155203;180.5470948656459
VEHICLE_UPDATES;228000000000;veh_34;41.00420375338803;-8.642386239687458;5.984219691512063;180.5470948656459
VEHICLE_UPDATES;228000000000;veh_36;41.00419840536381;-8.64242439246499;6.818648738921103;180.54709486564582
VEHICLE_UPDATES;228000000000;veh_37;41.00464103203968;-8.642494965418;0.0;90.72339311942727
VEHICLE_UPDATES;228000000000;veh_38;41.00479915835756;-8.642414235208511;7.500572657733882;180.29993154303912
VEHICLE_UPDATES;228000000000;veh_39;41.004669856304396;-8.642494336537387;0.0;90.72293676843753
VEHICLE_UPDATES;228000000000;veh_40;41.0054479346589;-8.642406659802027;8.312139620983068;180.13491255010234
VEHICLE_UPDATES;228000000000;veh_41;41.004645070675565;-8.642813827901758;6.89954321341701;90.72339311942727
VEHICLE_UPDATES;228000000000;veh_42;41.006201904682015;-8.64239986576861;7.528215823175964;180.19124020941547
VEHICLE_UPDATES;228000000000;veh_43;41.00464790014001;-8.643584112412196;7.350202792852443;89.57905898949569
VEHICLE_UPDATES;229000000000;veh_16;41.00130718511873;-8.642465175643508;7.38350708699994;180.47282324749773
VEHICLE_UPDATES;229000000000;veh_18;41.00110689160959;-8.642467964735781;7.188169682778569;179.9007862592192
VEHICLE_UPDATES;229000000000;veh_20;41.00111703239955;-8.642429937902396;8.497613351048894;180.12963360353552
VEHICLE_UPDATES;229000000000;veh_22;41.00148493939968;-8.642462278647768;6.855706847384027;180.4728232474978
VEHICLE_UPDATES;229000000000;veh_24;41.00128116501553;-8.642427547289065;8.178756757580532;180.47290371069997
VEHICLE_UPDATES;229000000000;veh_26;41.00159612650604;-8.642422413350602;7.409653606049837;180.47290371069997
VEHICLE_UPDATES;229000000000;veh_28;41.00145150909319;-8.642424770652253;8.448866423187125;180.47290371069997
VEHICLE_UPDATES;229000000000;veh_30;41.00400819772722;-8.64242785144744;6.294465265113365;180.5870634286151
VEHICLE_UPDATES;229000000000;veh_32;41.00400886206319;-8.642389782699617;6.576365077135789;180.5865919675493
VEHICLE_UPDATES;229000000000;veh_34;41.00413714488597;-8.642387439395414;7.400314917005399;180.5470948656459
VEHICLE_UPDATES;229000000000;veh_36;41.004134855435176;-8.642425537047236;7.050243657111148;180.54709486564582
VEHICLE_UPDATES;229000000000;veh_37;41.00464103203968;-8.642494965418;0.0;90.72339311942727
VEHICLE_UPDATES;229000000000;veh_38;41.00474742836846;-8.64241487231344;5.743066936430374;180.29993154303912
VEHICLE_UPDATES;229000000000;veh_39;41.004669856304396;-8.642494336537387;0.0;90.72293676843753
VEHICLE_UPDATES;229000000000;veh_40;41.00537332682178;-8.642407295021306;8.282779905644272;180.13491255010234
VEHICLE_UPDATES;229000000000;veh_41;41.00464414008176;-8.642740348536298;6.181387892287412;90.72339311942727
VEHICLE_UPDATES;229000000000;veh_42;41.006123747830124;-8.642400632660722;8.676843217497339;180.19124020941547
VEHICLE_UPDATES;229000000000;veh_43;41.004648097069726;-8.643504490044482;6.697261827222329;89.57905898949569
VEHICLE_UPDATES;230000000000;veh_16;41.00124138296924;-8.642466248065988;7.299978825251797;180.47282324749773
VEHICLE_UPDATES;230000000000;veh_18;41.00103883168204;-8.642467832645817;7.549885328121634;179.68118734713914
VEHICLE_UPDATES;230000000000;veh_20;41.00104057703275;-8.642429798044876;8.493530863525338;179.68600306236235
VEHICLE_UPDATES;230000000000;veh_22;41.001419354258346;-8.642463347540563;7.275904539175719;180.47282324749773
VEHICLE_UPDATES;230000000000;veh_24;41.00120715362426;-8.642428753681594;8.22264551127967;180.47290371069997
VEHICLE_UPDATES;230000000000;veh_26;41.00152498405177;-8.64242357299279;7.903907833347529;180.47290371069997
VEHICLE_UPDATES;230000000000;veh_28;41.00138391038433;-8.642425872524553;7.510198465423007;180.47290371070036
VEHICLE_UPDATES;230000000000;veh_30;41.00394676963241;-8.642428669496796;6.814646798737783;180.1704890659326
VEHICLE_UPDATES;230000000000;veh_32;41.003941087445135;-8.642390648799859;7.52962309321266;180.0818913344085
VEHICLE_UPDATES;230000000000;veh_34;41.004080995144655;-8.64238845072488;6.238329203263145;180.5470948656459
VEHICLE_UPDATES;230000000000;veh_36;41.004072829225066;-8.642426654183604;6.88120189644323;180.54709486564582
VEHICLE_UPDATES;230000000000;veh_37;41.00464103203968;-8.642494965418;0.0;90.72339311942727
VEHICLE_UPDATES;230000000000;veh_38;41.00473341744637;-8.642415044871296;1.555493522997881;180.29993154303952
VEHICLE_UPDATES;230000000000;veh_39;41.004669856304396;-8.642494336537387;0.0;90.72293676843753
VEHICLE_UPDATES;230000000000;veh_40;41.00530145508505;-8.642408048870513;7.979118789035853;180.29993154303952
VEHICLE_UPDATES;230000000000;veh_41;41.00464305251184;-8.642654479079177;7.223693863829785;90.72339311942727
VEHICLE_UPDATES;230000000000;veh_42;41.00605233985188;-8.64240133332924;7.927594426081162;180.19124020941587
VEHICLE_UPDATES;230000000000;veh_43;41.00464829902352;-8.643422813249588;6.870065482302826;89.57905898949569
VEHICLE_UPDATES;231000000000;veh_16;41.00117717198753;-8.642467294553597;7.123457287449614;180.47282324749773
VEHICLE_UPDATES;231000000000;veh_18;41.00097733024139;-8.642467713284296;6.822352533143165;179.68118734713914
VEHICLE_UPDATES;231000000000;veh_20;41.00097166182361;-8.642429671980079;7.655884378870941;179.68600306236195
VEHICLE_UPDATES;231000000000;veh_22;41.00135170315243;-8.642464450101288;7.505099063547715;180.47282324749818
VEHICLE_UPDATES;231000000000;veh_24;41.00113686504533;-8.642429899388874;7.809041966997874;180.47290371069997
VEHICLE_UPDATES;231000000000;veh_26;41.00146142624793;-8.642424609000441;7.061255093986256;180.47290371070036
VEHICLE_UPDATES;231000000000;veh_28;41.00131342250747;-8.642427021487924;7.831184160770197;180.47290371069997
VEHICLE_UPDATES;231000000000;veh_30;41.00388005184663;-8.642429137547955;7.401105666153569;180.11924835566748
VEHICLE_UPDATES;231000000000;veh_32;41.00387984499922;-8.642391087511776;6.803607160680633;180.11922223629097
VEHICLE_UPDATES;231000000000;veh_34;41.004006523659946;-8.64238982712351;8.273946500983055;180.58937200604143
VEHICLE_UPDATES;231000000000;veh_36;41.004008632662554;-8.642427843192591;7.122019806255904;180.58655624780585
VEHICLE_UPDATES;231000000000;veh_37;41.00464103203968;-8.642494965418;0.0;90.72339311942727
VEHICLE_UPDATES;231000000000;veh_38;41.00472989031341;-8.642415088311283;0.391582538648834;180.29993154303912
VEHICLE_UPDATES;231000000000;veh_39;41.004669856304396;-8.642494336537387;0.0;90.72293676843753
VEHICLE_UPDATES;231000000000;veh_40;41.00523041621229;-8.642408923799952;7.886741211593177;180.29993154303952
VEHICLE_UPDATES;231000000000;veh_41;41.00464236633732;-8.64260030453548;4.557386807945893;90.72339311942727
VEHICLE_UPDATES;231000000000;veh_42;41.0059753114507;-8.64240212084585;8.55158480023278;180.2215031987318
VEHICLE_UPDATES;231000000000;veh_43;41.00464842940165;-8.643337570040021;7.170040084414442;89.7068201850835
VEHICLE_REGISTRATION;231285714270;veh_44;[src.main.java.CarSendsCamAPP, src.main.java.EventProcessingApp, src.main.java.MainCarApp];Car
VEHICLE_REGISTRATION;231285714270;veh_45;[src.main.java.CarSendsCamAPP, src.main.java.EventProcessingApp, src.main.java.MainCarApp];Car_0
VEHICLE_UPDATES;232000000000;veh_16;41.00111869999485;-8.642467987653342;6.48666476359334;180.16003148080608
VEHICLE_UPDATES;232000000000;veh_18;41.000906501963875;-8.642467575821088;7.856978110976669;179.68118734713954
VEHICLE_UPDATES;232000000000;veh_20;41.000894123746065;-8.642429530141388;8.61381045687198;179.68600306236195
VEHICLE_UPDATES;232000000000;veh_22;41.00128957725909;-8.642465462611055;6.892141261388935;180.47282324749773
VEHICLE_UPDATES;232000000000;veh_24;41.0010691226235;-8.642429850262511;7.52563247148585;179.68600306236235
VEHICLE_UPDATES;232000000000;veh_26;41.001383626178374;-8.64242587715716;8.64356691698144;180.47290371069997
VEHICLE_UPDATES;232000000000;veh_28;41.001244264055345;-8.642428148778546;7.683485334636924;180.47290371069997
VEHICLE_UPDATES;232000000000;veh_30;41.003815002881865;-8.642429667859584;7.216012647019204;180.11924835566748
VEHICLE_UPDATES;232000000000;veh_32;41.00381984833314;-8.642391576632999;6.665235313529785;180.11922223629136
VEHICLE_UPDATES;232000000000;veh_34;41.003952992364695;-8.642390584445472;5.947275690516754;180.2769333226094
VEHICLE_UPDATES;232000000000;veh_36;41.00394182345616;-8.642428696231477;7.411582556728187;180.08967634116
VEHICLE_UPDATES;232000000000;veh_37;41.00464103203968;-8.642494965418;0.0;90.72339311942727
VEHICLE_UPDATES;232000000000;veh_38;41.00472864828797;-8.642415103608004;0.137889748750189;180.29993154303952
VEHICLE_UPDATES;232000000000;veh_39;41.004669856304396;-8.642494336537387;0.0;90.72293676843753
VEHICLE_UPDATES;232000000000;veh_40;41.00516192212928;-8.642409767384928;7.604218359759104;180.29993154303952
VEHICLE_UPDATES;232000000000;veh_41;41.00464207592254;-8.64257737644156;1.928806177566473;90.72339311942727
VEHICLE_UPDATES;232000000000;veh_42;41.00590050780938;-8.642402806500941;8.304547919069995;180.13491255010234
VEHICLE_UPDATES;232000000000;veh_43;41.00464832754736;-8.643262322922286;6.329223647450354;89.86833624206884
VEHICLE_UPDATES;233000000000;veh_16;41.001060486491795;-8.64246787467326;6.457621828734168;179.68118734713914
VEHICLE_UPDATES;233000000000;veh_18;41.00084099096109;-8.642467448677404;7.267132944178918;179.68118734713954
VEHICLE_UPDATES;233000000000;veh_20;41.00082210661258;-8.642429398401756;8.000481170906678;179.68600306236235
VEHICLE_UPDATES;233000000000;veh_22;41.001229658624275;-8.642466439145354;6.647271671071104;180.4728232474978
VEHICLE_UPDATES;233000000000;veh_24;41.00100192273318;-8.642429727335603;7.465327312948038;179.68600306236235
VEHICLE_UPDATES;233000000000;veh_26;41.00131803753067;-8.642426946262418;7.286881122887605;180.47290371070036
VEHICLE_UPDATES;233000000000;veh_28;41.00117868732363;-8.642429217684048;7.285557078467962;180.47290371069997
VEHICLE_UPDATES;233000000000;veh_30;41.00374774320408;-8.642430216192466;7.461251405037444;180.11924835566708
VEHICLE_UPDATES;233000000000;veh_32;41.003756067945886;-8.642392096599504;7.085581791530069;180.11922223629136
VEHICLE_UPDATES;233000000000;veh_34;41.00388883658184;-8.642391014208027;7.127245633911814;180.1000015673324
VEHICLE_UPDATES;233000000000;veh_36;41.00388027099909;-8.642429135761311;6.828111207545905;180.11924835566708
VEHICLE_UPDATES;233000000000;veh_37;41.00464103203968;-8.642494965418;0.0;90.72339311942727
VEHICLE_UPDATES;233000000000;veh_38;41.00472843753295;-8.642415106203652;0.023398038082946;180.29993154303952
VEHICLE_UPDATES;233000000000;veh_39;41.004669856304396;-8.642494336537387;0.0;90.72293676843753
VEHICLE_UPDATES;233000000000;veh_40;41.005086152557745;-8.64241070057344;8.41194355022351;180.29993154303952
VEHICLE_UPDATES;233000000000;veh_41;41.00464202470027;-8.642573332507366;0.340192487374946;90.72339311942727
VEHICLE_UPDATES;233000000000;veh_42;41.00583042386179;-8.642403403215042;7.780549357521926;180.13491255010234
VEHICLE_UPDATES;233000000000;veh_43;41.0046482196341;-8.643182639166291;6.702400463369933;89.86833624206884
VEHICLE_UPDATES;234000000000;veh_16;41.00099358409595;-8.64246774482967;7.421480318333247;179.68118734713914
VEHICLE_UPDATES;234000000000;veh_18;41.000775971130224;-8.642467322486777;7.212647180220263;179.68118734713954
VEHICLE_UPDATES;234000000000;veh_20;41.000744010907944;-8.642429255542394;8.67575778276845;179.68600306236195
VEHICLE_UPDATES;234000000000;veh_22;41.0011652254155;-8.64246748925428;7.148110766331121;180.47282324749773
VEHICLE_UPDATES;234000000000;veh_24;41.00093122649351;-8.642429598012663;7.853741432900396;179.68600306236235
VEHICLE_UPDATES;234000000000;veh_26;41.001253386029234;-8.6424280000895;7.182764339563797;180.47290371069997
VEHICLE_UPDATES;234000000000;veh_28;41.001108708225395;-8.64242992267525;7.774457729412522;179.94771060439302
VEHICLE_UPDATES;234000000000;veh_30;41.00368403324035;-8.642430735584902;7.067474404645588;180.11924835566748
VEHICLE_UPDATES;234000000000;veh_32;41.00369143406918;-8.642392623522563;7.180398778979372;180.11922223629097
VEHICLE_UPDATES;234000000000;veh_34;41.00382419915647;-8.642391541163072;7.180793179171719;180.11922223629136
VEHICLE_UPDATES;234000000000;veh_36;41.00381079449974;-8.642429702168364;7.707167969077198;180.11924835566748
VEHICLE_UPDATES;234000000000;veh_37;41.00464103203968;-8.642494965418;0.0;90.72339311942727
VEHICLE_UPDATES;234000000000;veh_38;41.00472835197723;-8.642415107257351;0.009498401352185;180.29993154303952
VEHICLE_UPDATES;234000000000;veh_39;41.004669856304396;-8.642494336537387;0.0;90.72293676843753
VEHICLE_UPDATES;234000000000;veh_40;41.00500929558783;-8.642411647151665;8.532666483872596;180.29993154303952
VEHICLE_UPDATES;234000000000;veh_41;41.004642011319255;-8.642572276095338;0.088869753651085;90.72339311942727
VEHICLE_UPDATES;234000000000;veh_42;41.00575952511935;-8.642404006864693;7.871005799404924;180.13491255010234
VEHICLE_UPDATES;234000000000;veh_43;41.00464810222037;-8.64309598635492;7.288585243297067;89.86833624206884
VEHICLE_UPDATES;234000000000;veh_44;41.0065486923504;-8.642358409155275;9.051127082265262;180.16173346855336
VEHICLE_UPDATES;234000000000;veh_45;41.004678470554055;-8.643984736976586;7.998390650764133;90.16591395568992
VEHICLE_UPDATES;235000000000;veh_16;41.00092759535401;-8.642467616759074;7.320128639985101;179.68118734713954
VEHICLE_UPDATES;235000000000;veh_18;41.00070585682863;-8.642467186408552;7.777776517656783;179.68118734713914
VEHICLE_UPDATES;235000000000;veh_20;41.000668242912035;-8.642429116940768;8.41716934871114;179.68600306236235
VEHICLE_UPDATES;235000000000;veh_22;41.001101728531204;-8.642467954715343;7.043976220506631;179.7874359589009
VEHICLE_UPDATES;235000000000;veh_24;41.00085680402182;-8.64242946187313;8.267693509079372;179.68600306236195
VEHICLE_UPDATES;235000000000;veh_26;41.001183600700536;-8.642429137595737;7.753131069576222;180.47290371069997
VEHICLE_UPDATES;235000000000;veh_28;41.00103581561876;-8.642429789334955;8.097738972856012;179.68600306236235
VEHICLE_UPDATES;235000000000;veh_30;41.003621031194335;-8.64243124920465;6.98894358828428;180.11924835566708
VEHICLE_UPDATES;235000000000;veh_32;41.00363342145612;-8.642393096464973;6.444819849532734;180.11922223629136
VEHICLE_UPDATES;235000000000;veh_34;41.00376138631724;-8.642392053241796;6.97809357243091;180.11922223629097
VEHICLE_UPDATES;235000000000;veh_36;41.003753412381876;-8.642430169974693;6.365513808028211;180.11924835566708
VEHICLE_UPDATES;235000000000;veh_37;41.00464103203968;-8.642494965418;0.0;90.72339311942727
VEHICLE_UPDATES;235000000000;veh_38;41.00472833648049;-8.642415107448208;0.001720448183787;180.29993154303952
VEHICLE_UPDATES;235000000000;veh_39;41.004669856304396;-8.642494336537387;0.0;90.72293676843753
VEHICLE_UPDATES;235000000000;veh_40;41.00493203695482;-8.642412598673939;8.577259034479063;180.29993154303952
VEHICLE_UPDATES;235000000000;veh_41;41.004642010938895;-8.642572246066571;0.002526144286025;90.72339311942727
VEHICLE_UPDATES;235000000000;veh_42;41.005691005557416;-8.642404590255651;7.606874880443906;180.13491255010234
VEHICLE_UPDATES;235000000000;veh_43;41.00464768408184;-8.643020201348767;6.374790942452174;90.36996673431058
VEHICLE_UPDATES;235000000000;veh_44;41.006462650105036;-8.642359253482098;9.551816857086775;180.19124020941572
VEHICLE_UPDATES;235000000000;veh_45;41.004678014278575;-8.643898364108631;7.263577593016464;90.16591395568992
VEHICLE_UPDATES;236000000000;veh_16;41.00087040916546;-8.64246750577225;6.343661655846277;179.68118734713914
VEHICLE_UPDATES;236000000000;veh_18;41.00063627519364;-8.642467051363893;7.718687741605716;179.68118734713954
VEHICLE_UPDATES;236000000000;veh_20;41.000593401363126;-8.642428980033582;8.31424898973386;179.68600306236235
VEHICLE_UPDATES;236000000000;veh_22;41.0010424744827;-8.642467839715732;6.573049478576905;179.68118734713914
VEHICLE_UPDATES;236000000000;veh_24;41.00078057476323;-8.642429322428175;8.468411810893421;179.68600306236235
VEHICLE_UPDATES;236000000000;veh_26;41.00111166775717;-8.642429928089026;7.991554145078607;180.01239040752156
VEHICLE_UPDATES;236000000000;veh_28;41.00097004222107;-8.642429669017377;7.306856265096274;179.68600306236235
VEHICLE_UPDATES;236000000000;veh_30;41.00356221541263;-8.642431728694895;6.524552804573875;180.11924835566708
VEHICLE_UPDATES;236000000000;veh_32;41.00356617276614;-8.642393644702139;7.470887181315276;180.11922223629136
VEHICLE_UPDATES;236000000000;veh_34;41.00370448920253;-8.642392517091642;6.320895395098873;180.11922223629136
VEHICLE_UPDATES;236000000000;veh_36;41.00369235012561;-8.642430667781973;6.773758897370133;180.11924835566708
VEHICLE_UPDATES;236000000000;veh_37;41.00464103203968;-8.642494965418;0.0;90.72339311942727
VEHICLE_UPDATES;236000000000;veh_38;41.004728331723896;-8.64241510750679;0.000528079076879;180.29993154303952
VEHICLE_UPDATES;236000000000;veh_39;41.004669856304396;-8.642494336537387;0.0;90.72293676843753
VEHICLE_UPDATES;236000000000;veh_40;41.004859378413556;-8.642375439680768;8.034183926695984;180.2998879364586
VEHICLE_UPDATES;236000000000;veh_41;41.004642010938895;-8.642572246066571;0.0;90.72339311942727
VEHICLE_UPDATES;236000000000;veh_42;41.00562061456628;-8.642405189578582;7.814636295375061;180.13491255010234
VEHICLE_UPDATES;236000000000;veh_43;41.00464658426708;-8.64293334846947;7.306422495997769;90.72339311942727
VEHICLE_UPDATES;236000000000;veh_44;41.00638273771805;-8.64236003765433;8.871322112337035;180.19124020941572
VEHICLE_UPDATES;236000000000;veh_45;41.00467752351218;-8.64380547579072;7.811498379489432;90.16591395568992
VEHICLE_UPDATES;237000000000;veh_16;41.000806234652664;-8.642467381222312;7.118876118852982;179.68118734713914
VEHICLE_UPDATES;237000000000;veh_18;41.000565305476144;-8.642466166491715;7.888972870407777;178.77821056000246
VEHICLE_UPDATES;237000000000;veh_20;41.00052619923041;-8.642393972886449;8.228565115436904;150.69944128564032
VEHICLE_UPDATES;237000000000;veh_22;41.00097675251527;-8.642467712163048;7.290535415983214;179.68118734713914
VEHICLE_UPDATES;237000000000;veh_24;41.00070887379449;-8.642429191266466;7.965357845939551;179.68600306236195
VEHICLE_UPDATES;237000000000;veh_26;41.00104569926946;-8.64242980741484;7.328529177632619;179.68600306236235
VEHICLE_UPDATES;237000000000;veh_28;41.00089671840478;-8.642429534887746;8.145642444365938;179.68600306236235
VEHICLE_UPDATES;237000000000;veh_30;41.00350585518678;-8.642432188165293;6.25215299936707;180.11924835566708
VEHICLE_UPDATES;237000000000;veh_32;41.00350018081682;-8.642394182692303;7.331271474099423;180.11922223629136
VEHICLE_UPDATES;237000000000;veh_34;41.00363813791893;-8.642393058014495;7.371191327150608;180.11922223629136
VEHICLE_UPDATES;237000000000;veh_36;41.00363143975476;-8.64243116434969;6.756909870130897;180.11924835566748
VEHICLE_UPDATES;237000000000;veh_37;41.00464103203968;-8.642494965418;0.0;90.72339311942727
VEHICLE_UPDATES;237000000000;veh_38;41.00472833012001;-8.642415107526544;0.000178062890104;180.29993154303952
VEHICLE_UPDATES;237000000000;veh_39;41.004669856304396;-8.642494336537387;0.0;90.72293676843753
VEHICLE_UPDATES;237000000000;veh_40;41.00478368850849;-8.64237637184453;8.402702471173395;180.29988793645856
VEHICLE_UPDATES;237000000000;veh_41;41.004642010938895;-8.642572246066571;0.0;90.72339311942727
VEHICLE_UPDATES;237000000000;veh_42;41.00554861155815;-8.642405802624664;7.993598395183329;180.13491255010234
VEHICLE_UPDATES;237000000000;veh_43;41.00464556250726;-8.64285266425738;6.787489016370174;90.72339311942727
VEHICLE_UPDATES;237000000000;veh_44;41.00630378926934;-8.64236081236498;8.764312210974564;180.1912402094153
VEHICLE_UPDATES;237000000000;veh_45;41.00467707406854;-8.643720421137473;7.152721828027654;90.16591395568992
VEHICLE_UPDATES;238000000000;veh_16;41.00074839422215;-8.64246726896539;6.416236557822899;179.68118734713954
VEHICLE_UPDATES;238000000000;veh_18;41.00051043690836;-8.64242595389527;6.961835633901099;150.7247457227474
VEHICLE_UPDATES;238000000000;veh_20;41.00046818211937;-8.64232972976797;8.50676276441849;133.12491501686637
VEHICLE_UPDATES;238000000000;veh_22;41.000914144562216;-8.64246759065382;6.945097836870156;179.68118734713914
VEHICLE_UPDATES;238000000000;veh_24;41.0006357747098;-8.642429057546922;8.120676335796569;179.68600306236195
VEHICLE_UPDATES;238000000000;veh_26;41.00096754881452;-8.642429664456248;8.681840405176827;179.68600306236235
VEHICLE_UPDATES;238000000000;veh_28;41.00082978170147;-8.64242941244167;7.436089289342333;179.68600306236235
VEHICLE_UPDATES;238000000000;veh_30;41.003445266712205;-8.642432682104747;6.721201049622584;180.11924835566708
VEHICLE_UPDATES;238000000000;veh_32;41.00344123255831;-8.642394663258449;6.548763686780523;180.11922223629097
VEHICLE_UPDATES;238000000000;veh_34;41.00356769496262;-8.642393632292626;7.825749167767984;180.11922223629136
VEHICLE_UPDATES;238000000000;veh_36;41.00358036585577;-8.64243158072521;5.66573021713431;180.11924835566708
VEHICLE_UPDATES;238000000000;veh_37;41.00464103203968;-8.642494965418;0.0;90.72339311942727
VEHICLE_UPDATES;238000000000;veh_38;41.00472832896668;-8.642415107540748;0.000128042246103;180.29993154303912
VEHICLE_UPDATES;238000000000;veh_39;41.004669856304396;-8.642494336537387;0.0;90.72293676843753
VEHICLE_UPDATES;238000000000;veh_40;41.00473869404931;-8.642376925975297;4.995052497265992;180.2998879364586
VEHICLE_UPDATES;238000000000;veh_41;41.004642010938895;-8.642572246066571;0.0;90.72339311942727
VEHICLE_UPDATES;238000000000;veh_42;41.00547340054007;-8.642406442982265;8.349743729357254;180.13491255010234
VEHICLE_UPDATES;238000000000;veh_43;41.004644603167115;-8.642776913133694;6.372497475885112;90.7233931194289
VEHICLE_UPDATES;238000000000;veh_44;41.006225461833345;-8.642361580979209;8.695371544027982;180.1912402094153
VEHICLE_UPDATES;238000000000;veh_45;41.00467663247352;-8.643621758445153;8.297182783545951;89.89105343100911
VEHICLE_UPDATES;239000000000;veh_16;41.000687683123736;-8.642467151136888;6.734679559722768;179.68118734713914
VEHICLE_UPDATES;239000000000;veh_18;41.00046293687799;-8.642377858741206;6.719944367774914;136.49603362964206
VEHICLE_UPDATES;239000000000;veh_20;41.00041797285949;-8.642259547941483;8.124108104502774;133.12491501686634
VEHICLE_UPDATES;239000000000;veh_22;41.00085583901511;-8.64246747749451;6.46783204387819;179.68118734713914
VEHICLE_UPDATES;239000000000;veh_24;41.000566439923894;-8.642423495539603;7.821373586973031;172.96507922278
VEHICLE_UPDATES;239000000000;veh_26;41.00090603073412;-8.6424295519226;6.834127197625376;179.68600306236195
VEHICLE_UPDATES;239000000000;veh_28;41.000763725522;-8.642429291606087;7.338270615660865;179.68600306236235
VEHICLE_UPDATES;239000000000;veh_30;41.003388096262256;-8.642433148178014;6.342032652737077;180.11924835566708
VEHICLE_UPDATES;239000000000;veh_32;41.00337889335616;-8.642395171467365;6.925475141535218;180.11922223629097
VEHICLE_UPDATES;239000000000;veh_34;41.00351294505044;-8.642394078633789;6.082355105622838;180.11922223629136
VEHICLE_UPDATES;239000000000;veh_36;41.00351568161994;-8.642432108056484;7.175552156081038;180.11924835566708
VEHICLE_UPDATES;239000000000;veh_37;41.00464103203968;-8.642494965418;0.0;90.72339311942727
VEHICLE_UPDATES;239000000000;veh_38;41.00472832896668;-8.642415107540748;0.0;180.29993154303912
VEHICLE_UPDATES;239000000000;veh_39;41.004669856304396;-8.642494336537387;0.0;90.72293676843753
VEHICLE_UPDATES;239000000000;veh_40;41.00473006778447;-8.642377032212238;0.957643370393171;180.2998879364586
VEHICLE_UPDATES;239000000000;veh_41;41.004642010938895;-8.642572246066571;0.0;90.72339311942727
VEHICLE_UPDATES;239000000000;veh_42;41.00539555691055;-8.642407105752115;8.642009713167903;180.13491255010274
VEHICLE_UPDATES;239000000000;veh_43;41.00467241533175;-8.642696467673247;6.71831714652225;90.72293676843755
VEHICLE_UPDATES;239000000000;veh_44;41.00613955301839;-8.64236242398539;9.537003790021224;180.19124020941572
VEHICLE_UPDATES;239000000000;veh_45;41.00467684221452;-8.643537044409886;7.123942238852408;89.57888711287109
VEHICLE_UPDATES;240000000000;veh_16;41.000629346650285;-8.6424670379169;6.471262448199318;179.68118734713914
VEHICLE_UPDATES;240000000000;veh_18;41.00042055292371;-8.642318597885204;6.849017601886915;133.11667808348577
VEHICLE_UPDATES;240000000000;veh_20;41.00036676102388;-8.64219746840196;7.726807905665591;137.7169045705261
VEHICLE_UPDATES;240000000000;veh_22;41.00078862505382;-8.642467347045555;7.456041997456379;179.68118734713914
VEHICLE_UPDATES;240000000000;veh_24;41.00050259165478;-8.642376653167746;8.11497464160141;150.69944128564043
VEHICLE_UPDATES;240000000000;veh_26;41.00084205503994;-8.642429434893078;7.107146777325108;179.68600306236235
VEHICLE_UPDATES;240000000000;veh_28;41.00069069297977;-8.64242915800848;8.113284122562316;179.68600306236235
VEHICLE_UPDATES;240000000000;veh_30;41.00332693154158;-8.642433646812666;6.785125045867141;180.11924835566708
VEHICLE_UPDATES;240000000000;veh_32;41.00331012650666;-8.642395732074894;7.639544376278002;180.11922223629097
VEHICLE_UPDATES;240000000000;veh_34;41.00345191692663;-8.642394576155956;6.779823051656537;180.11922223629097
VEHICLE_UPDATES;240000000000;veh_36;41.00346131495471;-8.64243255127372;6.031003267304064;180.11924835566748
VEHICLE_UPDATES;240000000000;veh_37;41.00464103203968;-8.642494965418;0.0;90.72339311942727
VEHICLE_UPDATES;240000000000;veh_38;41.00472832896668;-8.642415107540748;0.0;180.29993154303912
VEHICLE_UPDATES;240000000000;veh_39;41.004669856304396;-8.642494336537387;0.0;90.72293676843753
VEHICLE_UPDATES;240000000000;veh_40;41.00472887571973;-8.642377046893133;0.132336869278479;180.2998879364582
VEHICLE_UPDATES;240000000000;veh_41;41.004642010917514;-8.642572244378446;0.000142011940982;90.72339311942727
VEHICLE_UPDATES;240000000000;veh_42;41.005317028405614;-8.642407857065951;8.718097670485843;180.2345517801229
VEHICLE_UPDATES;240000000000;veh_43;41.004671325576105;-8.642610387191027;7.239825239304711;90.72293676843755
VEHICLE_UPDATES;240000000000;veh_44;41.00605388792317;-8.642363264597007;9.509947565097642;180.19124020941572
VEHICLE_UPDATES;240000000000;veh_45;41.00467708914959;-8.64343727550719;8.389966278561417;89.57888711287109
VEHICLE_UPDATES;241000000000;veh_16;41.0005669621456;-8.64246691684027;6.920310302299672;179.68118734713954
VEHICLE_UPDATES;241000000000;veh_18;41.0003779459832;-8.642262034256921;6.708146502504277;135.6059060705118
VEHICLE_UPDATES;241000000000;veh_20;41.00031549001644;-8.642136429821866;7.670229640930883;137.71690457052617
VEHICLE_UPDATES;241000000000;veh_22;41.000730862161326;-8.642467234939069;6.407635248656772;179.68118734713914
VEHICLE_UPDATES;241000000000;veh_24;41.0004506266381;-8.642305190934044;8.346857103064512;133.12491501686637
VEHICLE_UPDATES;241000000000;veh_26;41.00076443690073;-8.642429292907403;8.62270442105966;179.68600306236235
VEHICLE_UPDATES;241000000000;veh_28;41.000618855618576;-8.642429026596929;7.980509741199483;179.68600306236235
VEHICLE_UPDATES;241000000000;veh_30;41.00326692892835;-8.642434135972145;6.656210065789026;180.11924835566708
VEHICLE_UPDATES;241000000000;veh_32;41.003244155508334;-8.642396269888238;7.328943627945784;180.11922223629136
VEHICLE_UPDATES;241000000000;veh_34;41.00337619282202;-8.642395193482944;8.412449731920669;180.11922223629097
VEHICLE_UPDATES;241000000000;veh_36;41.00340117316253;-8.642433041570706;6.671649624385174;180.11924835566748
VEHICLE_UPDATES;241000000000;veh_37;41.00464103203968;-8.642494965418;0.0;90.72339311942727
VEHICLE_UPDATES;241000000000;veh_38;41.00472832896668;-8.642415107540748;0.0;180.29993154303912
VEHICLE_UPDATES;241000000000;veh_39;41.004669856304396;-8.642494336537387;0.0;90.72293676843753
VEHICLE_UPDATES;241000000000;veh_40;41.00472822253494;-8.642377054937443;0.072513202464472;180.2998879364582
VEHICLE_UPDATES;241000000000;veh_41;41.004642010917514;-8.642572244378446;0.0;90.72339311942727
VEHICLE_UPDATES;241000000000;veh_42;41.00524908969738;-8.642408693813687;7.542560726862979;180.29993154303952
VEHICLE_UPDATES;241000000000;veh_43;41.00467091315436;-8.64257781106332;2.739825239304711;90.72293676843755
VEHICLE_UPDATES;241000000000;veh_44;41.00597422553619;-8.642364078616602;8.84358911799947;180.22150319873154
VEHICLE_UPDATES;241000000000;veh_45;41.00467726109394;-8.643341645651962;8.041891901023712;89.6817083155482
VEHICLE_REGISTRATION;241571428555;veh_46;[src.main.java.CarSendsCamAPP, src.main.java.EventProcessingApp, src.main.java.MainCarApp];Car
VEHICLE_REGISTRATION;241571428555;veh_47;[src.main.java.CarSendsCamAPP, src.main.java.EventProcessingApp, src.main.java.MainCarApp];Car_0
VEHICLE_UPDATES;242000000000;veh_16;41.000510382446976;-8.64242591398114;7.168825362215044;150.7247457227474
VEHICLE_UPDATES;242000000000;veh_18;41.000326238440245;-8.642200481061082;7.724009947626072;137.71930482905543
VEHICLE_UPDATES;242000000000;veh_20;41.00026204105992;-8.642072798516141;7.996049360583529;137.71690457052617
VEHICLE_UPDATES;242000000000;veh_22;41.000673261929386;-8.64246712314811;6.389591256849855;179.68118734713954
VEHICLE_UPDATES;242000000000;veh_24;41.00040217696624;-8.642239631466971;7.712063139664796;134.9167025767127
VEHICLE_UPDATES;242000000000;veh_26;41.00069492801835;-8.642429165755596;7.721835977395487;179.68600306236195
VEHICLE_UPDATES;242000000000;veh_28;41.000555957250064;-8.642415804904143;7.274133806131129;163.14775868571354
VEHICLE_UPDATES;242000000000;veh_30;41.00320175446827;-8.642434667292633;7.229933317371149;180.11924835566708
VEHICLE_UPDATES;242000000000;veh_32;41.00317599382734;-8.642396825558988;7.572313962097916;180.11922223629097
VEHICLE_UPDATES;242000000000;veh_34;41.00331691750972;-8.64239567671272;6.585097068466474;180.11922223629097
VEHICLE_UPDATES;242000000000;veh_36;41.003341236583495;-8.642433530193442;6.648884847780556;180.11924835566708
VEHICLE_UPDATES;242000000000;veh_37;41.00464103203968;-8.642494965418;0.0;90.72339311942727
VEHICLE_UPDATES;242000000000;veh_38;41.00472832896668;-8.642415107540748;0.0;180.29993154303912
VEHICLE_UPDATES;242000000000;veh_39;41.004669856304396;-8.642494336537387;0.0;90.72293676843753
VEHICLE_UPDATES;242000000000;veh_40;41.00472805630828;-8.642377056984609;0.018453625826103;180.29988793645856
VEHICLE_UPDATES;242000000000;veh_41;41.004642010917514;-8.642572244378446;0.0;90.72339311942727
VEHICLE_UPDATES;242000000000;veh_42;41.005174433724314;-8.642409613290127;8.288311891437155;180.29993154303912
VEHICLE_UPDATES;242000000000;veh_43;41.004670850306965;-8.642572846973799;0.417506279416214;90.72293676843753
VEHICLE_UPDATES;242000000000;veh_44;41.0058906341011;-8.642364837390284;9.279709012612981;180.13491255010246
VEHICLE_UPDATES;242000000000;veh_45;41.00467712629098;-8.643242160115225;8.366105704373705;89.86843701764728
VEHICLE_UPDATES;243000000000;veh_16;41.00046106346369;-8.642375239348034;7.015767911623457;135.167979670592
VEHICLE_UPDATES;243000000000;veh_18;41.000281328669814;-8.642147020114075;6.708562951216625;137.71930482905543
VEHICLE_UPDATES;243000000000;veh_20;41.00019896585689;-8.642048975033491;8.253285803717553;137.71930482905506
VEHICLE_UPDATES;243000000000;veh_22;41.000606642162346;-8.642466993851766;7.390127817419745;179.68118734713954
VEHICLE_UPDATES;243000000000;veh_24;41.00035144584564;-8.642179235535178;7.589464992132825;137.7169045705261
VEHICLE_UPDATES;243000000000;veh_26;41.00063107083323;-8.64242904894215;7.093981183861747;179.68600306236235
VEHICLE_UPDATES;243000000000;veh_28;41.00049716944022;-8.642370247929936;7.598645848096628;148.12578688809128
VEHICLE_UPDATES;243000000000;veh_30;41.00313697950856;-8.642435195354782;7.185615859150391;180.11924835566708
VEHICLE_UPDATES;243000000000;veh_32;41.003117238303815;-8.642397304547107;6.527351725882555;180.11922223629097
VEHICLE_UPDATES;243000000000;veh_34;41.00325261144349;-8.642396200953263;7.143980638601792;180.11922223629136
VEHICLE_UPDATES;243000000000;veh_36;41.00327329887902;-8.642434084042439;7.536465645366969;180.11924835566708
VEHICLE_UPDATES;243000000000;veh_37;41.00464074977729;-8.642467289854599;2.325046039768495;90.61484704394186
VEHICLE_UPDATES;243000000000;veh_38;41.00472832896668;-8.642415107540748;0.0;180.29993154303912
VEHICLE_UPDATES;243000000000;veh_39;41.004669658861665;-8.642476841953757;1.472334726527333;90.68467673748133
VEHICLE_UPDATES;243000000000;veh_40;41.00472803113496;-8.642377057294631;0.0027946107729;180.29988793645816
VEHICLE_UPDATES;243000000000;veh_41;41.004642010917514;-8.642572244378446;0.0;90.72339311942727
VEHICLE_UPDATES;243000000000;veh_42;41.005105243853535;-8.642410465442664;7.681464695457947;180.29993154303952
VEHICLE_UPDATES;243000000000;veh_43;41.00467084232184;-8.64257221625886;0.053046474469821;90.72293676843755
VEHICLE_UPDATES;243000000000;veh_44;41.00580194436673;-8.642365592569591;9.84565449989615;180.13491255010246
VEHICLE_UPDATES;243000000000;veh_45;41.004676994441496;-8.643144915498144;8.177658588570567;89.86843701764728
VEHICLE_UPDATES;244000000000;veh_16;41.000416319645794;-8.642312678961376;7.230358416272552;133.11667808348585
VEHICLE_UPDATES;244000000000;veh_18;41.00023582709165;-8.642092854778559;6.796962637577514;137.71930482905503
VEHICLE_UPDATES;244000000000;veh_20;41.00014637073913;-8.641986365737163;7.856577428106211;137.7193048290554
VEHICLE_UPDATES;244000000000;veh_22;41.00054402556255;-8.642450570657639;7.301821021963298;159.08857655652835
VEHICLE_UPDATES;244000000000;veh_24;41.00029764115494;-8.642115180628295;8.049271309852456;137.71690457052622
VEHICLE_UPDATES;244000000000;veh_26;41.00055788781686;-8.642417221268277;8.385767715888427;164.9639268046878
VEHICLE_UPDATES;244000000000;veh_28;41.000445897362596;-8.642298580414902;8.296081306054537;133.1249150168665
VEHICLE_UPDATES;244000000000;veh_30;41.00307414956254;-8.64243590436787;6.970008053320896;180.35615315441882
VEHICLE_UPDATES;244000000000;veh_32;41.0030539134603;-8.642398190679161;7.035267627671066;180.49603027982118
VEHICLE_UPDATES;244000000000;veh_34;41.003188641626316;-8.642396722451153;7.106625505502648;180.11922223629136
VEHICLE_UPDATES;244000000000;veh_36;41.0032126523172;-8.642434578450416;6.727644508803328;180.11924835566708
VEHICLE_UPDATES;244000000000;veh_37;41.00464037801409;-8.642422700198939;3.742199915647507;90.39595623630524
VEHICLE_UPDATES;244000000000;veh_38;41.00472832896668;-8.642415107540748;0.0;180.29993154303912
VEHICLE_UPDATES;244000000000;veh_39;41.00466927425099;-8.642430831233003;3.877540241112001;90.39760485622517
VEHICLE_UPDATES;244000000000;veh_40;41.00472803113496;-8.642377057294631;0.0;180.29988793645816
VEHICLE_UPDATES;244000000000;veh_41;41.00464172802317;-8.642549910444444;1.878823008879156;90.72339311942727
VEHICLE_UPDATES;244000000000;veh_42;41.00502929251377;-8.642411400867774;8.432123387109135;180.29993154303952
VEHICLE_UPDATES;244000000000;veh_43;41.004670675204615;-8.642559016358854;1.110181663491885;90.72293676843755
VEHICLE_UPDATES;244000000000;veh_44;41.005713703563984;-8.642404396999911;9.823719332685975;180.13491255010234
VEHICLE_UPDATES;244000000000;veh_45;41.00467686960108;-8.64305289607801;7.738252577060859;89.86843701764728
VEHICLE_UPDATES;244000000000;veh_46;41.006560162041424;-8.642396350437288;7.801314650733527;180.1481155899361
VEHICLE_UPDATES;244000000000;veh_47;41.004649690467744;-8.64399359276271;7.278328721868999;90.16591395568926
VEHICLE_UPDATES;245000000000;veh_16;41.00037172146476;-8.64225462451838;6.953883240150512;136.6761737284853
VEHICLE_UPDATES;245000000000;veh_18;41.000190779474494;-8.64203922994407;6.729146815561381;137.71930482905515
VEHICLE_UPDATES;245000000000;veh_20;41.00009158043548;-8.641921143437665;8.184485489108592;137.71930482905518
VEHICLE_UPDATES;245000000000;veh_22;41.00049248033665;-8.64241279372938;6.540162634797781;150.72474572274746
VEHICLE_UPDATES;245000000000;veh_24;41.000243948069105;-8.64205125873401;8.032569717044797;137.7169045705259
VEHICLE_UPDATES;245000000000;veh_26;41.00049701401257;-8.64237003067474;7.869165656163184;148.01569874466173
VEHICLE_UPDATES;245000000000;veh_28;41.00039242295971;-8.642228019209664;8.406059685736244;136.5926006712839
VEHICLE_UPDATES;245000000000;veh_30;41.003010587311124;-8.642436974415036;7.051526474643003;180.49607964342522
VEHICLE_UPDATES;245000000000;veh_32;41.00298947592566;-8.642399275424351;7.159031167941804;180.49603027982158
VEHICLE_UPDATES;245000000000;veh_34;41.003122354979304;-8.642397262834876;7.36400996178948;180.11922223629097
VEHICLE_UPDATES;245000000000;veh_36;41.003148975961096;-8.642435097556724;7.063745578040149;180.11924835566708
VEHICLE_UPDATES;245000000000;veh_37;41.004639808151005;-8.642354354257362;5.735953273391352;90.39595623630524
VEHICLE_UPDATES;245000000000;veh_38;41.00472832896668;-8.642415107540748;0.0;180.29993154303912
VEHICLE_UPDATES;245000000000;veh_39;41.00466863740941;-8.64235465112339;6.420056922198273;90.39760485622355
VEHICLE_UPDATES;245000000000;veh_40;41.00472803113496;-8.642377057294631;0.0;180.29988793645816
VEHICLE_UPDATES;245000000000;veh_41;41.00464127337603;-8.64251401769424;3.019446811494314;90.72339311942727
VEHICLE_UPDATES;245000000000;veh_42;41.00495947915436;-8.642412260694382;7.750684251303431;180.29993154303952
VEHICLE_UPDATES;245000000000;veh_43;41.00467020130866;-8.642521585923436;3.148098357607733;90.72293676843755
VEHICLE_UPDATES;245000000000;veh_44;41.0056325221202;-8.642405088195423;9.012566080286447;180.13491255010234
VEHICLE_UPDATES;245000000000;veh_45;41.004675721835255;-8.642957681558121;8.007986151861052;90.72293676843753
VEHICLE_UPDATES;245000000000;veh_46;41.00649483845988;-8.64239699141624;7.252115433315319;180.19124020941547
VEHICLE_UPDATES;245000000000;veh_47;41.00464923547453;-8.643907461370533;7.244891406680651;90.16591395569088
VEHICLE_UPDATES;246000000000;veh_16;41.00032674991206;-8.642201089921778;6.717795667994992;137.7193048290553
VEHICLE_UPDATES;246000000000;veh_18;41.00014401919938;-8.64198356646447;6.984977194860729;137.7193048290553
VEHICLE_UPDATES;246000000000;veh_20;41.00003335621517;-8.641851833575213;8.697432262731708;137.71930482905503
VEHICLE_UPDATES;246000000000;veh_22;41.0004508008217;-8.642360890206536;6.402699883207134;133.11667808348585
VEHICLE_UPDATES;246000000000;veh_24;41.00018992586084;-8.641986945165115;8.081801584071336;137.71690457052588
VEHICLE_UPDATES;246000000000;veh_26;41.00044950464312;-8.64230362262409;7.687256332958549;133.12491501686637
VEHICLE_UPDATES;246000000000;veh_28;41.000335943499095;-8.642160779854828;8.449425468608085;137.71690457052617
VEHICLE_UPDATES;246000000000;veh_30;41.00295372715652;-8.64243793163274;6.308003138394531;180.49607964342522
VEHICLE_UPDATES;246000000000;veh_32;41.002921102267614;-8.642400426427653;7.596335676977116;180.49603027982118
VEHICLE_UPDATES;246000000000;veh_34;41.003064256286535;-8.642398016567185;6.454605189612916;180.45687804798845
VEHICLE_UPDATES;246000000000;veh_36;41.00308003803576;-8.642435805237458;7.647537759157938;180.29461067043556
VEHICLE_UPDATES;246000000000;veh_37;41.004639516022856;-8.642278859463048;6.341374948561795;89.85985756925287
VEHICLE_UPDATES;246000000000;veh_38;41.00472832896668;-8.642415107540748;0.0;180.29993154303912
VEHICLE_UPDATES;246000000000;veh_39;41.004668377572;-8.642262708561546;7.740332063119285;89.6021778161488
VEHICLE_UPDATES;246000000000;veh_40;41.00472803113496;-8.642377057294631;0.0;180.29988793645816
VEHICLE_UPDATES;246000000000;veh_41;41.00464064709661;-8.642454974022327;4.96141227602017;90.53022103302509
VEHICLE_UPDATES;246000000000;veh_42;41.00488078664358;-8.642413229874464;8.736448170424087;180.29993154303952
VEHICLE_UPDATES;246000000000;veh_43;41.00466954698656;-8.642463458182927;4.892066234912845;90.59303267317
VEHICLE_UPDATES;246000000000;veh_44;41.005547657725025;-8.642405810745752;9.421438232033793;180.13491255010234
VEHICLE_UPDATES;246000000000;veh_45;41.0046744703956;-8.642858812281508;8.315429753662112;90.72293676843753
VEHICLE_UPDATES;246000000000;veh_46;41.0064322657527;-8.642397605400976;6.946717855498698;180.19124020941547
VEHICLE_UPDATES;246000000000;veh_47;41.00464877343692;-8.643820008917482;7.35601180707217;90.16591395569088
VEHICLE_UPDATES;247000000000;veh_16;41.00027734841941;-8.642142281997328;7.379530404542797;137.71930482905515
VEHICLE_UPDATES;247000000000;veh_18;41.000095123034264;-8.64192536053762;7.304028817809338;137.71930482905518
VEHICLE_UPDATES;247000000000;veh_20;40.99998047063095;-8.64179516649645;7.646531715990967;143.46557164398854
VEHICLE_UPDATES;247000000000;veh_22;41.000405902290034;-8.642298113531199;7.255358047685042;133.11667808348577
VEHICLE_UPDATES;247000000000;veh_24;41.00014094839134;-8.64192863749757;7.327096617512261;137.71690457052617
VEHICLE_UPDATES;247000000000;veh_26;41.000399963718294;-8.642236996569332;7.861624638788834;135.2970020434393
VEHICLE_UPDATES;247000000000;veh_28;41.00028054970262;-8.642094833150756;8.28700251485249;137.71690457052617
VEHICLE_UPDATES;247000000000;veh_30;41.002888901462555;-8.642439022944629;7.191691250649717;180.49607964342522
VEHICLE_UPDATES;247000000000;veh_32;41.00285823828409;-8.642401484678443;6.98420896040153;180.49603027982158
VEHICLE_UPDATES;247000000000;veh_34;41.00299107545867;-8.64239924849775;8.130413913556144;180.49603027982118
VEHICLE_UPDATES;247000000000;veh_36;41.00301931311577;-8.642436827519466;6.736756047953196;180.49607964342522
VEHICLE_UPDATES;247000000000;veh_37;41.00463967711942;-8.642204123504957;6.284911763003699;89.60223657677096
VEHICLE_UPDATES;247000000000;veh_38;41.00472832896668;-8.642415107540748;0.0;180.29993154303912
VEHICLE_UPDATES;247000000000;veh_39;41.00466856880128;-8.642174017032369;7.459602480958574;89.60217781614881
VEHICLE_UPDATES;247000000000;veh_40;41.00472803113496;-8.642377057294631;0.0;180.29988793645816
VEHICLE_UPDATES;247000000000;veh_41;41.00463996629578;-8.642373320700639;6.852779012861864;90.39595623630524
VEHICLE_UPDATES;247000000000;veh_42;41.00481541577317;-8.642414034982423;7.257478612217642;180.29993154303912
VEHICLE_UPDATES;247000000000;veh_43;41.00466883034554;-8.642377729846979;7.224730899131183;90.39760485622517
VEHICLE_UPDATES;247000000000;veh_44;41.00546457873519;-8.642406518092265;9.223226748842094;180.13491255010234
VEHICLE_UPDATES;247000000000;veh_45;41.0046733666495;-8.642771617012759;7.333584172735947;90.72293676843753
VEHICLE_UPDATES;247000000000;veh_46;41.006359667927214;-8.642398317753594;8.059689716390837;180.19124020941547
VEHICLE_UPDATES;247000000000;veh_47;41.00464833150708;-8.643736374125286;7.034891636219069;90.16591395568926
VEHICLE_UPDATES;248000000000;veh_16;41.00023029968753;-8.642086274932657;7.02807389734056;137.71930482905503
VEHICLE_UPDATES;248000000000;veh_18;41.000047850730375;-8.641869087767985;7.061454913912492;137.71930482905532
VEHICLE_UPDATES;248000000000;veh_20;40.999904567659144;-8.641771441093619;8.65277200446184;166.4422282872156
VEHICLE_UPDATES;248000000000;veh_22;41.00036123428756;-8.642242140466163;6.837057875766806;137.71930482905543
VEHICLE_UPDATES;248000000000;veh_24;41.00008616995605;-8.6418634239253;8.194923820823286;137.71690457052637
VEHICLE_UPDATES;248000000000;veh_26;41.00034345565584;-8.642169723142205;8.453705135529361;137.71690457052622
VEHICLE_UPDATES;248000000000;veh_28;41.0002272967317;-8.642031435261028;7.966726180878748;137.71690457052617
VEHICLE_UPDATES;248000000000;veh_30;41.00282938129379;-8.642440024938052;6.603102042332727;180.49607964342522
VEHICLE_UPDATES;248000000000;veh_32;41.002790128501076;-8.642402631234129;7.567018898286562;180.49603027982158
VEHICLE_UPDATES;248000000000;veh_34;41.00293052639442;-8.642400267781916;6.727020762921518;180.49603027982158
VEHICLE_UPDATES;248000000000;veh_36;41.00295887725042;-8.642437844933074;6.704688570434109;180.49607964342522
VEHICLE_UPDATES;248000000000;veh_37;41.0046398485562;-8.642124565809606;6.690395199378624;89.60223657676934
VEHICLE_UPDATES;248000000000;veh_38;41.00472832896668;-8.642415107540748;0.0;180.29993154303912
VEHICLE_UPDATES;248000000000;veh_39;41.004668759375726;-8.64208559769642;7.436709049362116;89.6021778161488
VEHICLE_UPDATES;248000000000;veh_40;41.00472803113496;-8.642377057294631;0.0;180.29988793645816
VEHICLE_UPDATES;248000000000;veh_41;41.00463946250939;-8.64230368046977;5.845819604688261;90.27390201172851
VEHICLE_UPDATES;248000000000;veh_42;41.004790578114246;-8.64241434088261;2.757478612217642;180.29993154303952
VEHICLE_UPDATES;248000000000;veh_43;41.004668314720135;-8.642291852156106;7.234096694381233;90.07548084452831
VEHICLE_UPDATES;248000000000;veh_44;41.00537897811677;-8.642407246905634;9.503171662583297;180.13491255010234
VEHICLE_UPDATES;248000000000;veh_45;41.004643292198374;-8.642673403178721;8.309826162542242;90.72339311942727
VEHICLE_UPDATES;248000000000;veh_46;41.00629116613056;-8.642398989912728;7.604955319945272;180.19124020941547
VEHICLE_UPDATES;248000000000;veh_47;41.00464775210185;-8.643643952365103;7.774121972025566;90.24205401754811
VEHICLE_UPDATES;249000000000;veh_16;41.00018360403885;-8.642030688290902;6.975326799612717;137.71930482905515
VEHICLE_UPDATES;249000000000;veh_18;40.999995940794804;-8.641807294509679;7.754211567838827;137.71930482905523
VEHICLE_UPDATES;249000000000;veh_22;41.000314918699296;-8.642187005942018;6.918565111858226;137.71930482905515
VEHICLE_UPDATES;249000000000;veh_24;41.000033726907375;-8.641800990766562;7.845541819172767;137.71690457052622
VEHICLE_UPDATES;249000000000;veh_26;41.000290674123754;-8.642106886333671;7.896204350615353;137.71690457052608
VEHICLE_UPDATES;249000000000;veh_28;41.00017532275767;-8.641969560161044;7.775381241310668;137.71690457052588
VEHICLE_UPDATES;249000000000;veh_30;41.0027645613918;-8.642441116147436;7.191048537257563;180.49607964342522
VEHICLE_UPDATES;249000000000;veh_32;41.00273061584976;-8.642403633063898;6.611874714040834;180.49603027982118
VEHICLE_UPDATES;249000000000;veh_34;41.00286717115424;-8.642401334302871;7.038787746501115;180.49603027982118
VEHICLE_UPDATES;249000000000;veh_36;41.002899276947815;-8.642438848278099;6.61199208353056;180.49607964342522
VEHICLE_UPDATES;249000000000;veh_37;41.00464000091302;-8.642053841050627;5.947590434445672;89.60223657677096
VEHICLE_UPDATES;249000000000;veh_38;41.00472832896668;-8.642415107540748;0.0;180.29993154303912
VEHICLE_UPDATES;249000000000;veh_39;41.00466897065033;-8.641987537470895;8.247577959480122;89.60217781615044
VEHICLE_UPDATES;249000000000;veh_40;41.00472803113496;-8.642377057294631;0.0;180.29988793645816
VEHICLE_UPDATES;249000000000;veh_41;41.004639628120835;-8.642226857321138;6.460433810894565;89.60223657676934
VEHICLE_UPDATES;249000000000;veh_42;41.004788259953706;-8.64241436943302;0.257362341179648;180.29993154303952
VEHICLE_UPDATES;249000000000;veh_43;41.00466849895514;-8.642206415114027;7.185876453288157;89.60217781614881
VEHICLE_UPDATES;249000000000;veh_44;41.00529358659061;-8.642408145780635;9.480072629351449;180.29993154303952
VEHICLE_UPDATES;249000000000;veh_45;41.0046420861531;-8.642578184132345;8.010220234460222;90.72339311942727
VEHICLE_UPDATES;249000000000;veh_46;41.00622037971663;-8.642399684487168;7.858589627245944;180.19124020941547
VEHICLE_UPDATES;249000000000;veh_47;41.00464796882117;-8.643556345859132;7.368830210986741;89.57905898949569
VEHICLE_UPDATES;250000000000;veh_16;41.00013421539859;-8.641971896023952;7.377597522584015;137.7193048290553
VEHICLE_UPDATES;250000000000;veh_18;40.99993698444701;-8.641781573777703;7.014814407618868;166.44222828721558
VEHICLE_UPDATES;250000000000;veh_22;41.00026654364695;-8.64212941992789;7.226201084553651;137.71930482905532
VEHICLE_UPDATES;250000000000;veh_24;40.999969642542084;-8.641752665147196;8.45840351624586;163.91585382046114
VEHICLE_UPDATES;250000000000;veh_26;41.00023846998126;-8.64204473705053;7.809820862749092;137.71690457052622
VEHICLE_UPDATES;250000000000;veh_28;41.00012030216975;-8.641904058211317;8.231153637999949;137.7169045705261
VEHICLE_UPDATES;250000000000;veh_30;41.00270129440084;-8.642442181211855;7.018770217539247;180.49607964342562
VEHICLE_UPDATES;250000000000;veh_32;41.00267218347177;-8.642404616706322;6.491855930829126;180.49603027982158
VEHICLE_UPDATES;250000000000;veh_34;41.00280093032771;-8.642402449397068;7.35937724340037;180.49603027982118
VEHICLE_UPDATES;250000000000;veh_36;41.002829936141836;-8.642440015597463;7.692592739842888;180.49607964342522
VEHICLE_UPDATES;250000000000;veh_37;41.0046401540336;-8.641982741439236;5.979113603557132;89.60223657676934
VEHICLE_UPDATES;250000000000;veh_38;41.00472832896668;-8.642415107540748;0.0;180.29993154303912
VEHICLE_UPDATES;250000000000;veh_39;41.004669176465114;-8.641891974101187;8.037574228452877;89.6021778161488
VEHICLE_UPDATES;250000000000;veh_40;41.00472803113496;-8.642377057294631;0.0;180.29988793645816
VEHICLE_UPDATES;250000000000;veh_41;41.00463977634616;-8.642158079020733;5.783903227197019;89.60223657676934
VEHICLE_UPDATES;250000000000;veh_42;41.004786903001616;-8.642414386145209;0.150648915630844;180.29993154303952
VEHICLE_UPDATES;250000000000;veh_43;41.00466868151867;-8.642121724227126;7.123119375591424;89.6021778161488
VEHICLE_UPDATES;250000000000;veh_44;41.005207656766245;-8.642409204109478;9.539935797841569;180.29993154303952
VEHICLE_UPDATES;250000000000;veh_45;41.0046410108204;-8.642493290275734;7.141622828101765;90.72339311942727
VEHICLE_UPDATES;250000000000;veh_46;41.00614985783624;-8.642400376463913;7.829221458361987;180.19124020941587
VEHICLE_UPDATES;250000000000;veh_47;41.00464819320352;-8.643465613279126;7.6317731028108;89.57905898949569
VEHICLE_UPDATES;251000000000;veh_16;41.000086711989326;-8.641915348053635;7.095980440464095;137.71930482905498
VEHICLE_UPDATES;251000000000;veh_18;40.999873980519126;-8.641761880321392;7.182309078642318;166.44222828721598
VEHICLE_UPDATES;251000000000;veh_22;41.00021959278532;-8.642073529394048;7.013453248137996;137.71930482905515
VEHICLE_UPDATES;251000000000;veh_24;40.99989993639612;-8.641730895802112;7.957540116702994;166.45345212520272
VEHICLE_UPDATES;251000000000;veh_26;41.00018516003377;-8.641981271443608;7.975245826301597;137.71690457052617
VEHICLE_UPDATES;251000000000;veh_28;41.00007194781222;-8.641846492528172;7.233872031923664;137.71690457052605
VEHICLE_UPDATES;251000000000;veh_30;41.00264488741812;-8.642443130789777;6.257728400097665;180.49607964342522
VEHICLE_UPDATES;251000000000;veh_32;41.00260433243743;-8.642405758898422;7.538271586283747;180.49603027982118
VEHICLE_UPDATES;251000000000;veh_34;41.00274187158139;-8.642403443586254;6.561445734904384;180.49603027982158
VEHICLE_UPDATES;251000000000;veh_36;41.00276913206682;-8.642441039202582;6.745537117698936;180.49607964342522
VEHICLE_UPDATES;251000000000;veh_37;41.00464032384718;-8.641903866825155;6.632951554829859;89.60223657677096
VEHICLE_UPDATES;251000000000;veh_38;41.00472832896668;-8.642415107540748;0.0;180.29993154303912
VEHICLE_UPDATES;251000000000;veh_39;41.00466935883345;-8.64180726655914;7.124520188355245;89.60217781614881
VEHICLE_UPDATES;251000000000;veh_40;41.00472803113496;-8.642377057294631;0.0;180.29988793645816
VEHICLE_UPDATES;251000000000;veh_41;41.00463994821736;-8.642078304899881;6.708595475948723;89.60223657676934
VEHICLE_UPDATES;251000000000;veh_42;41.0047868930926;-8.642414386267248;0.001100100686474;180.29993154303912
VEHICLE_UPDATES;251000000000;veh_43;41.0046688592038;-8.642039268687228;6.935110437886116;89.60217781614881
VEHICLE_UPDATES;251000000000;veh_44;41.00512134008836;-8.642410267199294;9.582884161912185;180.29993154303952
VEHICLE_UPDATES;251000000000;veh_45;41.004640172063034;-8.642397999110358;7.999372166410114;90.39595623630524
VEHICLE_UPDATES;251000000000;veh_46;41.00608139572272;-8.64240104822782;7.600549484092314;180.19124020941547
VEHICLE_UPDATES;251000000000;veh_47;41.00464841081328;-8.643377591704395;7.403742797687843;89.57905898949569
VEHICLE_REGISTRATION;251857142840;veh_48;[src.main.java.CarSendsCamAPP, src.main.java.EventProcessingApp, src.main.java.MainCarApp];Car
VEHICLE_REGISTRATION;251857142840;veh_49;[src.main.java.CarSendsCamAPP, src.main.java.EventProcessingApp, src.main.java.MainCarApp];Car_0
VEHICLE_UPDATES;252000000000;veh_16;41.00004155382112;-8.641861591959838;6.745648374629432;137.7193048290553
VEHICLE_UPDATES;252000000000;veh_22;41.00017579610309;-8.642021393711298;6.542282738158867;137.71930482905506
VEHICLE_UPDATES;252000000000;veh_26;41.00013387290408;-8.641920214141454;7.672624389582741;137.71690457052617
VEHICLE_UPDATES;252000000000;veh_28;41.000020889219606;-8.641785707591662;7.638424291638938;137.71690457052597
VEHICLE_UPDATES;252000000000;veh_30;41.002586649532326;-8.64244411118779;6.460846699674118;180.49607964342522
VEHICLE_UPDATES;252000000000;veh_32;41.002542112765866;-8.642406806290664;6.912625303714242;180.49603027982158
VEHICLE_UPDATES;252000000000;veh_34;41.0026756820846;-8.642404557811226;7.35367432613248;180.49603027982118
VEHICLE_UPDATES;252000000000;veh_36;41.00271068899059;-8.642442023059347;6.483610443810574;180.49607964342562
VEHICLE_UPDATES;252000000000;veh_37;41.00464049450066;-8.641824576826236;6.667883293294952;89.60223657677096
VEHICLE_UPDATES;252000000000;veh_38;41.00472832896668;-8.642415107540748;0.0;180.29993154303912
VEHICLE_UPDATES;252000000000;veh_39;41.00466955460179;-8.641716302712439;7.650720897055589;89.60217781615042
VEHICLE_UPDATES;252000000000;veh_40;41.00472803113496;-8.642377057294631;0.0;180.29988793645816
VEHICLE_UPDATES;252000000000;veh_41;41.00464010874554;-8.64200377250313;6.267793292114502;89.60223657676934
VEHICLE_UPDATES;252000000000;veh_42;41.004786888238485;-8.642414386327031;0.000538902453573;180.29993154303952
VEHICLE_UPDATES;252000000000;veh_43;41.004669047358966;-8.64195192462677;7.346270559534688;89.6021778161488
VEHICLE_UPDATES;252000000000;veh_44;41.005032527883834;-8.642411361020654;9.85993756367108;180.29993154303912
VEHICLE_UPDATES;252000000000;veh_45;41.00463946326732;-8.64230332894055;7.946524218787465;90.26804443264633
VEHICLE_UPDATES;252000000000;veh_46;41.00601441055685;-8.642401709936298;7.436584008509796;180.1965867855233
VEHICLE_UPDATES;252000000000;veh_47;41.00464837063404;-8.643294149736063;7.018519006754465;89.86833624206884
VEHICLE_UPDATES;253000000000;veh_16;40.999994427702184;-8.64180549333585;7.039613419316934;137.71930482905555
VEHICLE_UPDATES;253000000000;veh_22;41.00012711395372;-8.64196344246988;7.272062357346915;137.7193048290553
VEHICLE_UPDATES;253000000000;veh_26;41.00007775622861;-8.641853407420056;8.395125456672593;137.71690457052597
VEHICLE_UPDATES;253000000000;veh_28;40.99995829253956;-8.641749120519373;7.833568930407335;166.45345212520303
VEHICLE_UPDATES;253000000000;veh_30;41.00252945100722;-8.642445074086773;6.345541108858276;180.49607964342522
VEHICLE_UPDATES;253000000000;veh_32;41.00247293699498;-8.64240797077753;7.685450060072991;180.49603027982158
VEHICLE_UPDATES;253000000000;veh_34;41.00261601181914;-8.642405562290016;6.629385559217604;180.49603027982118
VEHICLE_UPDATES;253000000000;veh_36;41.00264959093427;-8.642443051608963;6.778150936011263;180.49607964342522
VEHICLE_UPDATES;253000000000;veh_37;41.00464065764715;-8.641748751062512;6.376558833859534;89.60223657676934
VEHICLE_UPDATES;253000000000;veh_38;41.00472832896668;-8.642415107540748;0.0;180.29993154303912
VEHICLE_UPDATES;253000000000;veh_39;41.00466973643799;-8.641631782542591;7.108760820626639;89.60217781615042
VEHICLE_UPDATES;253000000000;veh_40;41.00472803113496;-8.642377057294631;0.0;180.29988793645816
VEHICLE_UPDATES;253000000000;veh_41;41.00464026774811;-8.641929926364488;6.210082494412736;89.60223657676934
VEHICLE_UPDATES;253000000000;veh_42;41.004786886943414;-8.642414386342981;0.000143778699811;180.29993154303952
VEHICLE_UPDATES;253000000000;veh_43;41.004669229108664;-8.641867524877817;7.09863255228128;89.60217781615044
VEHICLE_UPDATES;253000000000;veh_44;41.00494778968304;-8.642412404662563;9.407641224858631;180.29993154303952
VEHICLE_UPDATES;253000000000;veh_45;41.004639670678294;-8.642207112105982;8.091343589281689;89.60223657676934
VEHICLE_UPDATES;253000000000;veh_46;41.005940836311744;-8.642402463132107;8.16811066907974;180.19737849745576
VEHICLE_UPDATES;253000000000;veh_47;41.00464825233212;-8.643206779272353;7.348948696806289;89.86833624206722
VEHICLE_UPDATES;254000000000;veh_16;40.99993799110215;-8.641781888433302;6.674034989031257;166.442228287216
VEHICLE_UPDATES;254000000000;veh_22;41.00007736595944;-8.641904222570442;7.431272071338646;137.71930482905523
VEHICLE_UPDATES;254000000000;veh_26;41.00002580154584;-8.64179155567969;7.772480925317639;137.71690457052628
VEHICLE_UPDATES;254000000000;veh_28;40.99988496613152;-8.641726220569742;8.370823231912498;166.45345212520272
VEHICLE_UPDATES;254000000000;veh_30;41.002468620886155;-8.642446098119024;6.748426275833014;180.49607964342522
VEHICLE_UPDATES;254000000000;veh_32;41.0024090574022;-8.642409046107282;7.097042912769767;180.49603027982158
VEHICLE_UPDATES;254000000000;veh_34;41.00253954149457;-8.642406849574828;8.495877394658622;180.49603027982158
VEHICLE_UPDATES;254000000000;veh_36;41.00259845787987;-8.64244391240189;5.67264456244768;180.49607964342522
VEHICLE_UPDATES;254000000000;veh_37;41.00464082166975;-8.641672494724514;6.412767926335007;89.60223657677096
VEHICLE_UPDATES;254000000000;veh_38;41.00472832896668;-8.642415107540748;0.0;180.29993154303912
VEHICLE_UPDATES;254000000000;veh_39;41.00466990902527;-8.64155153474811;6.749422986788653;89.6021778161488
VEHICLE_UPDATES;254000000000;veh_40;41.00472803113496;-8.642377057294631;0.0;180.29988793645816
VEHICLE_UPDATES;254000000000;veh_41;41.004640437412505;-8.641851104276535;6.628534375216068;89.60223657676934
VEHICLE_UPDATES;254000000000;veh_42;41.004786886017996;-8.642414386354378;0.000102739260852;180.29993154303952
VEHICLE_UPDATES;254000000000;veh_43;41.00466939938981;-8.641788424771615;6.652894062099304;89.60217781614881
VEHICLE_UPDATES;254000000000;veh_44;41.00487994104637;-8.642413240288857;7.532560482318433;180.29993154303952
VEHICLE_UPDATES;254000000000;veh_45;41.00463986730215;-8.64211586493755;7.673420087588976;89.60223657676934
VEHICLE_UPDATES;254000000000;veh_46;41.005867741359445;-8.642403085483776;8.114823827824127;180.13491255010234
VEHICLE_UPDATES;254000000000;veh_47;41.00464814169381;-8.643125112885107;6.869164587898373;89.86833624206884
VEHICLE_UPDATES;254000000000;veh_48;41.00655642441634;-8.64235833328088;8.192766424567262;180.15238356017323
VEHICLE_UPDATES;254000000000;veh_49;41.00467852024355;-8.643994143928502;7.207307454814559;90.16591395568992
VEHICLE_UPDATES;255000000000;veh_16;40.999876307034796;-8.641762607531472;7.031847896903978;166.4422282872156
VEHICLE_UPDATES;255000000000;veh_22;41.00003269933406;-8.641851051627718;6.672221819725275;137.71930482905503
VEHICLE_UPDATES;255000000000;veh_26;40.99996017605239;-8.641749708744003;8.353439620748594;166.45345212520272
VEHICLE_UPDATES;255000000000;veh_30;41.00241027472773;-8.642447080333355;6.472858143707242;180.49607964342562
VEHICLE_UPDATES;255000000000;veh_32;41.002342461941225;-8.64241016715244;7.398776637426282;180.49603027982118
VEHICLE_UPDATES;255000000000;veh_34;41.00248205129349;-8.64240781734998;6.387179555783421;180.49603027982118
VEHICLE_UPDATES;255000000000;veh_36;41.00253259804197;-8.642445021108598;7.306417581452396;180.49607964342522
VEHICLE_UPDATES;255000000000;veh_37;41.004640981016536;-8.641598389776878;6.231847001273788;89.60223657677096
VEHICLE_UPDATES;255000000000;veh_38;41.00472832896668;-8.642415107540748;0.0;180.29993154303912
VEHICLE_UPDATES;255000000000;veh_39;41.00466990897305;-8.641468410600059;6.986557031324491;89.88613285097534
VEHICLE_UPDATES;255000000000;veh_40;41.00472803113496;-8.642377057294631;0.0;180.29988793645816
VEHICLE_UPDATES;255000000000;veh_41;41.00464061675549;-8.64176775850354;7.008953144323268;89.60223657676934
VEHICLE_UPDATES;255000000000;veh_42;41.004786886017996;-8.642414386354378;0.0;180.29993154303952
VEHICLE_UPDATES;255000000000;veh_43;41.004669582023084;-8.641703558731681;7.137851011187095;89.6021778161488
VEHICLE_UPDATES;255000000000;veh_44;41.004852333697414;-8.642375526440526;3.032560482318433;180.2998879364586
VEHICLE_UPDATES;255000000000;veh_45;41.004640074584486;-8.642019635181144;8.092430245611842;89.60223657676934
VEHICLE_UPDATES;255000000000;veh_46;41.0058050703164;-8.642403619081689;6.957586693741884;180.13491255010234
VEHICLE_UPDATES;255000000000;veh_47;41.004647926601244;-8.643039353913665;7.213503707378365;90.02554703286206
VEHICLE_UPDATES;255000000000;veh_48;41.00649048572643;-8.642358980333329;7.320058757994147;180.19124020941572
VEHICLE_UPDATES;255000000000;veh_49;41.004678038995856;-8.643903042771731;7.661205835325068;90.16591395568828
VEHICLE_UPDATES;256000000000;veh_22;40.99998028444534;-8.64179510829934;7.569632748695478;143.61782250959763
VEHICLE_UPDATES;256000000000;veh_26;40.99988880378743;-8.641727419074279;8.147741467115901;166.45345212520272
VEHICLE_UPDATES;256000000000;veh_30;41.0023467530506;-8.642448149671306;7.047024375402804;180.49607964342522
VEHICLE_UPDATES;256000000000;veh_32;41.002281945949406;-8.642411185855513;6.723345630093183;180.49603027982118
VEHICLE_UPDATES;256000000000;veh_34;41.00241006022077;-8.642409029226156;7.998230900222475;180.49603027982158
VEHICLE_UPDATES;256000000000;veh_36;41.00248224241736;-8.642445868810338;5.586397245273383;180.49607964342522
VEHICLE_UPDATES;256000000000;veh_37;41.00464112390223;-8.641531921271849;5.589661242446949;89.60223657676934
VEHICLE_UPDATES;256000000000;veh_38;41.00472832896668;-8.642415107540748;0.0;180.29993154303912
VEHICLE_UPDATES;256000000000;veh_39;41.00466969207804;-8.64138452826361;7.044476158050247;89.96029399144659
VEHICLE_UPDATES;256000000000;veh_40;41.00472803113496;-8.642377057294631;0.0;180.29988793645816
VEHICLE_UPDATES;256000000000;veh_41;41.004640783515455;-8.641690235269824;6.519307375560969;89.60223657676934
VEHICLE_UPDATES;256000000000;veh_42;41.004786886017996;-8.642414386354378;0.0;180.29993154303952
VEHICLE_UPDATES;256000000000;veh_43;41.00466975447838;-8.64162339553037;6.742308087337088;89.60217781615042
VEHICLE_UPDATES;256000000000;veh_44;41.004804953499765;-8.64237610995448;5.259904925571675;180.29988793645816
VEHICLE_UPDATES;256000000000;veh_45;41.00464028822508;-8.641920414568943;8.343945915732558;89.60223657677096
VEHICLE_UPDATES;256000000000;veh_46;41.00573516253583;-8.642404214293405;7.760991590518076;180.13491255010234
VEHICLE_UPDATES;256000000000;veh_47;41.00464686728556;-8.64295569807568;7.037474127222046;90.72339311942727
VEHICLE_UPDATES;256000000000;veh_48;41.006420096317285;-8.64235967105847;7.814146829508999;180.1912402094153
VEHICLE_UPDATES;256000000000;veh_49;41.004677589696996;-8.64381800189355;7.151563251005841;90.16591395568828
VEHICLE_UPDATES;257000000000;veh_22;40.99991903106121;-8.641775961993224;6.98275124609416;166.4422282872156
VEHICLE_UPDATES;257000000000;veh_30;41.00228825543676;-8.642449134430851;6.489660297653142;180.49607964342522
VEHICLE_UPDATES;257000000000;veh_32;41.00221712879417;-8.642412276960208;7.201206149615984;180.49603027982118
VEHICLE_UPDATES;257000000000;veh_34;41.00235039777859;-8.642410033563419;6.62851607811952;180.49603027982118
VEHICLE_UPDATES;257000000000;veh_36;41.00242197741622;-8.642446883327437;6.685732442604319;180.49607964342522
VEHICLE_UPDATES;257000000000;veh_37;41.00464104708379;-8.641454642262016;6.504878814994961;89.96018362036888
VEHICLE_UPDATES;257000000000;veh_38;41.00472832896668;-8.642415107540748;0.0;180.29993154303912
VEHICLE_UPDATES;257000000000;veh_39;41.004640581531085;-8.641300583688155;7.076842724549942;90.0673381909084
VEHICLE_UPDATES;257000000000;veh_40;41.00472803113496;-8.642377057294631;0.0;180.29988793645816
VEHICLE_UPDATES;257000000000;veh_41;41.00464091659694;-8.641628351066974;5.204144882144885;89.60223657676934
VEHICLE_UPDATES;257000000000;veh_42;41.004786886017996;-8.642414386354378;0.0;180.29993154303952
VEHICLE_UPDATES;257000000000;veh_43;41.00466990940119;-8.641551359932985;6.058717501378529;89.60217781615044
VEHICLE_UPDATES;257000000000;veh_44;41.004790006093415;-8.642376294040023;1.659383869627608;180.29988793645816
VEHICLE_UPDATES;257000000000;veh_45;41.00464048758122;-8.641827792269321;7.789061580077771;89.60223657676934
VEHICLE_UPDATES;257000000000;veh_46;41.005671191089895;-8.642404758960163;7.101954092715439;180.13491255010234
VEHICLE_UPDATES;257000000000;veh_47;41.00464582068682;-8.642873051223761;6.95259431494978;90.7233931194289
VEHICLE_UPDATES;257000000000;veh_48;41.0063470692321;-8.642360387664764;8.106963334973724;180.19124020941572
VEHICLE_UPDATES;257000000000;veh_49;41.004677114614736;-8.643728093788475;7.560875739260933;90.16591395568992
VEHICLE_UPDATES;258000000000;veh_30;41.00222666517791;-8.642450171250255;6.832754826096322;180.49607964342562
VEHICLE_UPDATES;258000000000;veh_32;41.00215186077565;-8.642413354619089;7.251274901571389;180.47290371070036
VEHICLE_UPDATES;258000000000;veh_34;41.00229063765784;-8.642411039542758;6.639368125340925;180.49603027982118
VEHICLE_UPDATES;258000000000;veh_36;41.00235736947483;-8.642447970952249;7.167533341406561;180.49607964342522
VEHICLE_UPDATES;258000000000;veh_37;41.00464087033521;-8.641386248991957;5.759665701744143;89.96018362036725
VEHICLE_UPDATES;258000000000;veh_38;41.00472832896668;-8.642415107540748;0.0;180.29993154303912
VEHICLE_UPDATES;258000000000;veh_39;41.00464013876999;-8.641203304241659;8.181007099495627;90.10884960452657
VEHICLE_UPDATES;258000000000;veh_40;41.00472803113496;-8.642377057294631;0.0;180.29988793645816
VEHICLE_UPDATES;258000000000;veh_41;41.00464108513646;-8.641549956349957;6.592594660483636;89.60223657677096
VEHICLE_UPDATES;258000000000;veh_42;41.004786886017996;-8.642414386354378;0.0;180.29993154303952
VEHICLE_UPDATES;258000000000;veh_43;41.00466993168296;-8.641477194838705;6.234149519859139;89.82012680944571
VEHICLE_UPDATES;258000000000;veh_44;41.0047867812001;-8.642376333756348;0.358011003532486;180.29988793645856
VEHICLE_UPDATES;258000000000;veh_45;41.004640684487256;-8.641736274335003;7.69619010558275;89.60223657676934
VEHICLE_UPDATES;258000000000;veh_46;41.0056048703572;-8.642405323627669;7.362766099117268;180.13491255010234
VEHICLE_UPDATES;258000000000;veh_47;41.00464465660891;-8.642781132885249;7.732550336598612;90.72339311942727
VEHICLE_UPDATES;258000000000;veh_48;41.00627489755156;-8.64236109587494;8.012002105750899;180.1912402094153
VEHICLE_UPDATES;258000000000;veh_49;41.00467659626006;-8.643636382456926;7.71262728042098;90.12434940080755
VEHICLE_UPDATES;259000000000;veh_30;41.00216034294321;-8.64245127091217;7.357697148520935;180.47584168350818
VEHICLE_UPDATES;259000000000;veh_32;41.00209074039389;-8.64241435091936;6.790458908689844;180.47290371069997
VEHICLE_UPDATES;259000000000;veh_34;41.00222396939072;-8.64241216180861;7.406865267618419;180.49603027982118
VEHICLE_UPDATES;259000000000;veh_36;41.00229433236846;-8.64244903213077;6.993266566016311;180.49607964342522
VEHICLE_UPDATES;259000000000;veh_37;41.00464059204638;-8.641302894233993;7.015926580165186;90.06012022216795
VEHICLE_UPDATES;259000000000;veh_38;41.00472832896668;-8.642415107540748;0.0;180.29993154303912
VEHICLE_UPDATES;259000000000;veh_39;41.00463974438275;-8.641116668242915;7.285914541589454;90.10884960452657
VEHICLE_UPDATES;259000000000;veh_40;41.00472803113496;-8.642377057294631;0.0;180.29988793645816
VEHICLE_UPDATES;259000000000;veh_41;41.00464112382942;-8.641484344056247;5.520231973738736;89.76504567732148
VEHICLE_UPDATES;259000000000;veh_42;41.004786886017996;-8.642414386354378;0.0;180.29993154303952
VEHICLE_UPDATES;259000000000;veh_43;41.00466971302312;-8.641392627570726;7.101997006048705;89.96029399144659
VEHICLE_UPDATES;259000000000;veh_44;41.0047866811337;-8.64237633498872;0.011108855011802;180.29988793645816
VEHICLE_UPDATES;259000000000;veh_45;41.004669690472355;-8.641653150769583;7.005308440227707;89.60217781615044
VEHICLE_UPDATES;259000000000;veh_46;41.00553286017045;-8.642405936734454;7.9943953265916;180.13491255010234
VEHICLE_UPDATES;259000000000;veh_47;41.00464350931533;-8.642690545540756;7.620581931123704;90.72339311942727
VEHICLE_UPDATES;259000000000;veh_48;41.00621081945233;-8.642399778294777;7.138809742821204;180.19124020941547
VEHICLE_UPDATES;259000000000;veh_49;41.00467680645899;-8.64355148778802;7.13913244587498;89.57888711287109
VEHICLE_UPDATES;260000000000;veh_30;41.002099118250605;-8.642452268764353;6.79216455891027;180.47282324749813
VEHICLE_UPDATES;260000000000;veh_32;41.00203246551392;-8.64241530083408;6.47432431363378;180.47290371069997
VEHICLE_UPDATES;260000000000;veh_34;41.00216452801685;-8.64241314813489;6.603940014826849;180.47881364957925
VEHICLE_UPDATES;260000000000;veh_36;41.002232299187675;-8.642450076406611;6.881892100013802;180.49607964342522
VEHICLE_UPDATES;260000000000;veh_37;41.00464024085509;-8.641225731849296;6.489202377304107;90.10884960452657
VEHICLE_UPDATES;260000000000;veh_38;41.00472832896668;-8.642415107540748;0.0;180.29993154303912
VEHICLE_UPDATES;260000000000;veh_39;41.00463935459099;-8.641031055794818;7.199836099910907;90.10884960452657
VEHICLE_UPDATES;260000000000;veh_40;41.00472803113496;-8.642377057294631;0.0;180.29988793645816
VEHICLE_UPDATES;260000000000;veh_41;41.004640928976464;-8.641408938613589;6.35018825451024;89.96018362036725
VEHICLE_UPDATES;260000000000;veh_42;41.004786886017996;-8.642414386354378;0.0;180.29993154303952
VEHICLE_UPDATES;260000000000;veh_43;41.00466945083992;-8.641309955445267;6.945735673948448;90.03714557786874
VEHICLE_UPDATES;260000000000;veh_44;41.00478662903535;-8.642376335630338;0.005783689695358;180.29988793645816
VEHICLE_UPDATES;260000000000;veh_45;41.004669878952754;-8.641565519418407;7.370433790108411;89.60217781614881
VEHICLE_UPDATES;260000000000;veh_46;41.005460669092116;-8.642406551379468;8.01447736495318;180.13491255010234
VEHICLE_UPDATES;260000000000;veh_47;41.00464239146248;-8.642602288169806;7.424575219318465;90.72339311942727
VEHICLE_UPDATES;260000000000;veh_48;41.006137741567635;-8.642400495351295;8.11298477318679;180.19124020941547
VEHICLE_UPDATES;260000000000;veh_49;41.00464819496176;-8.643464902191715;7.3159484179098;89.57905898949569
VEHICLE_UPDATES;261000000000;veh_30;41.00203889850326;-8.642453250235526;6.680677549068321;180.47282324749773
VEHICLE_UPDATES;261000000000;veh_32;41.001967527579914;-8.64241635935807;7.214587839798707;180.47290371069997
VEHICLE_UPDATES;261000000000;veh_34;41.00210164704776;-8.642414173134277;6.986059728367461;180.47290371069997
VEHICLE_UPDATES;261000000000;veh_36;41.00217379201408;-8.642451051716243;6.49071058401953;180.48451642006168
VEHICLE_UPDATES;261000000000;veh_37;41.00463988023226;-8.641146509014876;6.662482186208152;90.10884960452657
VEHICLE_UPDATES;261000000000;veh_38;41.00472832896668;-8.642415107540748;0.0;180.29993154303912
VEHICLE_UPDATES;261000000000;veh_39;41.00463896353759;-8.640945180274297;7.221960089699723;90.10884960452657
VEHICLE_UPDATES;261000000000;veh_40;41.00472803113496;-8.642377057294631;0.0;180.29988793645816
VEHICLE_UPDATES;261000000000;veh_41;41.004640729143766;-8.641333019817898;6.39320729008522;89.96592096122679
VEHICLE_UPDATES;261000000000;veh_42;41.004786886017996;-8.642414386354378;0.0;180.29993154303952
VEHICLE_UPDATES;261000000000;veh_43;41.00466911332069;-8.641235795819311;6.236673638450239;90.10884960452657
VEHICLE_UPDATES;261000000000;veh_44;41.00478660281178;-8.642376335953298;0.002911206865779;180.29988793645816
VEHICLE_UPDATES;261000000000;veh_45;41.0046699714322;-8.64152251104458;3.617316946718951;89.60217781614881
VEHICLE_UPDATES;261000000000;veh_46;41.005394334740096;-8.6424071161578;7.364277811466288;180.13491255010274
VEHICLE_UPDATES;261000000000;veh_47;41.004641461575936;-8.642528875289793;6.17579544320958;90.72339311942727
VEHICLE_UPDATES;261000000000;veh_48;41.006064301844;-8.642401215956067;8.153155425629402;180.19124020941587
VEHICLE_UPDATES;261000000000;veh_49;41.0046483956556;-8.64338372375834;6.82814688644035;89.57905898949569
VEHICLE_UPDATES;262000000000;veh_30;41.00197856904127;-8.642454233492652;6.692849032643687;180.4728232474978
VEHICLE_UPDATES;262000000000;veh_32;41.00190087556066;-8.64241744581994;7.405022184936035;180.47290371069997
VEHICLE_UPDATES;262000000000;veh_34;41.00204218599048;-8.642415142384753;6.606108322343266;180.47290371069997
VEHICLE_UPDATES;262000000000;veh_36;41.002116327873665;-8.642451988278731;6.374975231398679;180.4728232474978
VEHICLE_UPDATES;262000000000;veh_37;41.00463955309587;-8.64107465293892;6.042952600341894;90.10884960452657
VEHICLE_UPDATES;262000000000;veh_38;41.00472832896668;-8.642415107540748;0.0;180.29993154303912
VEHICLE_UPDATES;262000000000;veh_39;41.004638547648135;-8.640853866161532;7.679334992397934;90.10884960452657
VEHICLE_UPDATES;262000000000;veh_40;41.00472803113496;-8.642377057294631;0.0;180.29988793645816
VEHICLE_UPDATES;262000000000;veh_41;41.004640363711076;-8.641252723996992;6.75271806294676;90.10884960452657
VEHICLE_UPDATES;262000000000;veh_42;41.004786886017996;-8.642414386354378;0.0;180.29993154303952
VEHICLE_UPDATES;262000000000;veh_43;41.004668732851975;-8.641152211916273;7.02923627499703;90.10884960452657
VEHICLE_UPDATES;262000000000;veh_44;41.004786596075576;-8.642376336036257;0.000747817712594;180.2998879364582
VEHICLE_UPDATES;262000000000;veh_45;41.0046698887867;-8.641460602705683;5.201162997662198;89.94477141569232
VEHICLE_UPDATES;262000000000;veh_46;41.00532145047759;-8.642407802602685;8.09147651358651;180.21429821085874
VEHICLE_UPDATES;262000000000;veh_47;41.00464118620657;-8.642507136080427;1.828792344818583;90.72339311942727
VEHICLE_UPDATES;262000000000;veh_48;41.00598991900904;-8.642401967328727;8.257871886757957;180.21715821714844
VEHICLE_UPDATES;262000000000;veh_49;41.004648364964375;-8.643289961365083;7.886597730858607;89.86833624206884
VEHICLE_REGISTRATION;262142857125;veh_50;[src.main.java.CarSendsCamAPP, src.main.java.EventProcessingApp, src.main.java.MainCarApp];Car
VEHICLE_REGISTRATION;262142857125;veh_51;[src.main.java.CarSendsCamAPP, src.main.java.EventProcessingApp, src.main.java.MainCarApp];Car_0
VEHICLE_UPDATES;263000000000;veh_30;41.001919075889006;-8.642455203117345;6.600070170445804;180.47282324749773
VEHICLE_UPDATES;263000000000;veh_32;41.001833546789015;-8.642418543310495;7.480209110992666;180.47290371069997
VEHICLE_UPDATES;263000000000;veh_34;41.00197330303067;-8.642416265215152;7.652879208297525;180.47290371069997
VEHICLE_UPDATES;263000000000;veh_36;41.00205535055546;-8.64245298209754;6.764721205578796;180.47282324749813
VEHICLE_UPDATES;263000000000;veh_37;41.00463918966507;-8.640994836268092;6.712422845872723;90.10884960452657
VEHICLE_UPDATES;263000000000;veh_38;41.00472832896668;-8.642415107540748;0.0;180.29993154303912
VEHICLE_UPDATES;263000000000;veh_39;41.00463814613827;-8.640756201320823;8.21339152501373;90.06674369432656
VEHICLE_UPDATES;263000000000;veh_40;41.00472803113496;-8.642377057294631;0.0;180.29988793645816
VEHICLE_UPDATES;263000000000;veh_41;41.004639979693;-8.641168357692395;7.095037723262328;90.10884960452657
VEHICLE_UPDATES;263000000000;veh_42;41.004786886017996;-8.642414386354378;0.0;180.29993154303952
VEHICLE_UPDATES;263000000000;veh_43;41.00466835037485;-8.641068200206824;7.065214042591188;90.10884960452657
VEHICLE_UPDATES;263000000000;veh_44;41.00478659101198;-8.642376336098618;0.000562135128581;180.29988793645816
VEHICLE_UPDATES;263000000000;veh_45;41.004669678616764;-8.641379323013021;6.825904974300522;89.96029399144821
VEHICLE_UPDATES;263000000000;veh_46;41.00524826173032;-8.642408704011093;8.12542047456516;180.29993154303952
VEHICLE_UPDATES;263000000000;veh_47;41.00464107909431;-8.642498680121365;0.711350309286358;90.72339311942727
VEHICLE_UPDATES;263000000000;veh_48;41.00591604934203;-8.642402674175791;8.20087804563419;180.1378086926842
VEHICLE_UPDATES;263000000000;veh_49;41.0046482561714;-8.643209613953198;6.758222204923054;89.86833624206722
VEHICLE_UPDATES;264000000000;veh_30;41.001860963859876;-8.642456150230304;6.446850624813202;180.4728232474978
VEHICLE_UPDATES;264000000000;veh_32;41.001774230832225;-8.64241951018614;6.589987381141338;180.47290371070036
VEHICLE_UPDATES;264000000000;veh_34;41.001901222789485;-8.642417440159939;8.008096247624035;180.47290371069997
VEHICLE_UPDATES;264000000000;veh_36;41.00198744175253;-8.64245408888423;7.533688384293179;180.4728232474978
VEHICLE_UPDATES;264000000000;veh_37;41.00463887739637;-8.64092626551127;5.766663990320311;90.10884960452657
VEHICLE_UPDATES;264000000000;veh_38;41.00472832896668;-8.642415107540748;0.0;180.29993154303912
VEHICLE_UPDATES;264000000000;veh_39;41.00463776751225;-8.640661530926852;7.96155881289801;90.0667436943282
VEHICLE_UPDATES;264000000000;veh_40;41.00472803113496;-8.642377057294631;0.0;180.29988793645816
VEHICLE_UPDATES;264000000000;veh_41;41.004639614244574;-8.641088083611715;6.750889975885464;90.10884960452657
VEHICLE_UPDATES;264000000000;veh_42;41.004786886017996;-8.642414386354378;0.0;180.29993154303952
VEHICLE_UPDATES;264000000000;veh_43;41.00466798026691;-8.640986918209972;6.83565087354954;90.10884960452657
VEHICLE_UPDATES;264000000000;veh_44;41.00478659101198;-8.642376336098618;0.0;180.29988793645816
VEHICLE_UPDATES;264000000000;veh_45;41.00466933322363;-8.641284111637095;8.001824624944504;90.10884960452657
VEHICLE_UPDATES;264000000000;veh_46;41.005185682839944;-8.642409474744161;6.947513244535346;180.29993154303912
VEHICLE_UPDATES;264000000000;veh_47;41.004641046016744;-8.64249606882898;0.219672734673867;90.72339311942727
VEHICLE_UPDATES;264000000000;veh_48;41.005851488539975;-8.642403223864738;7.167383199157948;180.13491255010234
VEHICLE_UPDATES;264000000000;veh_49;41.00464814764968;-8.643129508056997;6.737907771101577;89.86833624206722
VEHICLE_UPDATES;265000000000;veh_30;41.0017969720551;-8.642457193169802;7.099142955725517;180.47282324749773
VEHICLE_UPDATES;265000000000;veh_32;41.00170725358904;-8.642420601941499;7.441154223297428;180.47290371069997
VEHICLE_UPDATES;265000000000;veh_34;41.0018474648372;-8.642418316440008;5.972494600540977;180.47290371069997
VEHICLE_UPDATES;265000000000;veh_36;41.00193315443561;-8.642454973664131;6.022543573584891;180.47282324749773
VEHICLE_UPDATES;265000000000;veh_37;41.00463850555066;-8.640844623981256;6.865890069270179;90.10884960452657
VEHICLE_UPDATES;265000000000;veh_38;41.00472832896668;-8.642415107540748;0.0;180.29993154303912
VEHICLE_UPDATES;265000000000;veh_39;41.00463738061256;-8.64056481188914;8.133845105203227;90.06674369432656
VEHICLE_UPDATES;265000000000;veh_40;41.00472803113496;-8.642377057294631;0.0;180.29988793645816
VEHICLE_UPDATES;265000000000;veh_41;41.00463933054885;-8.641025775721424;5.239969295387726;90.1088496045282
VEHICLE_UPDATES;265000000000;veh_42;41.004786886017996;-8.642414386354378;0.0;180.29993154303952
VEHICLE_UPDATES;265000000000;veh_43;41.00466762263373;-8.64090838783988;6.604244756295603;90.10884960452657
VEHICLE_UPDATES;265000000000;veh_44;41.00478659101198;-8.642376336098618;0.0;180.29988793645816
VEHICLE_UPDATES;265000000000;veh_45;41.00466894695522;-8.641199245905065;7.137035418549578;90.10884960452657
VEHICLE_UPDATES;265000000000;veh_46;41.00511273408271;-8.64241037319202;8.098776568287555;180.29993154303952
VEHICLE_UPDATES;265000000000;veh_47;41.004641037792055;-8.64249541953632;0.054621188573986;90.72339311942727
VEHICLE_UPDATES;265000000000;veh_48;41.00577793972194;-8.642403850078333;8.165210770346047;180.13491255010234
VEHICLE_UPDATES;265000000000;veh_49;41.004647997095105;-8.643044921096454;7.114858267560026;89.92543519967369
VEHICLE_UPDATES;265000000000;veh_50;41.00655979726763;-8.642358300183243;7.818335724867279;180.14830498028238
VEHICLE_UPDATES;265000000000;veh_51;41.004678461645995;-8.643983050562845;8.140210613812442;90.16591395568828
VEHICLE_UPDATES;266000000000;veh_30;41.001731558633914;-8.642458259276271;7.256854598240431;180.4728232474978
VEHICLE_UPDATES;266000000000;veh_32;41.00164859651735;-8.64242155807257;6.516785271152559;180.47290371069997
VEHICLE_UPDATES;266000000000;veh_34;41.00177620412925;-8.642419478020583;7.917046139798446;180.47290371069997
VEHICLE_UPDATES;266000000000;veh_36;41.00187285489304;-8.642455956429776;6.689529696182831;180.4728232474978
VEHICLE_UPDATES;266000000000;veh_37;41.004638170895994;-8.64076239233662;6.915492615277551;90.0667436943282
VEHICLE_UPDATES;266000000000;veh_38;41.00472832896668;-8.642415107540748;0.0;180.29993154303912
VEHICLE_UPDATES;266000000000;veh_39;41.00463701969508;-8.640474606296479;7.58607972394152;90.06674369432656
VEHICLE_UPDATES;266000000000;veh_40;41.00472803113496;-8.642377057294631;0.0;180.29988793645816
VEHICLE_UPDATES;266000000000;veh_41;41.00463896283555;-8.640945026123676;6.790880206451939;90.10884960452657
VEHICLE_UPDATES;266000000000;veh_42;41.004786886017996;-8.642414386354378;0.0;180.29993154303952
VEHICLE_UPDATES;266000000000;veh_43;41.0046672772441;-8.64083237682132;6.392371989383619;90.10754382956648
VEHICLE_UPDATES;266000000000;veh_44;41.00478659101198;-8.642376336098618;0.0;180.29988793645816
VEHICLE_UPDATES;266000000000;veh_45;41.00466850617833;-8.641102421064382;8.142772275387335;90.10884960452657
VEHICLE_UPDATES;266000000000;veh_46;41.005039971708996;-8.64241126934179;8.078084151820782;180.29993154303952
VEHICLE_UPDATES;266000000000;veh_47;41.00464103328005;-8.642495063338144;0.029964866496365;90.72339311942727
VEHICLE_UPDATES;266000000000;veh_48;41.00571414644765;-8.642404393229102;7.082173962258556;180.13491255010234
VEHICLE_UPDATES;266000000000;veh_49;41.004646962342115;-8.642963204646259;6.874324807442149;90.7233931194289
VEHICLE_UPDATES;266000000000;veh_50;41.006484986296776;-8.642359034298826;8.304998219747427;180.19124020941572
VEHICLE_UPDATES;266000000000;veh_51;41.00467796281272;-8.64388862240113;7.940992312756491;90.16591395568992
VEHICLE_UPDATES;267000000000;veh_30;41.001674800403286;-8.642459184318545;6.296662291830842;180.47282324749813
VEHICLE_UPDATES;267000000000;veh_32;41.00158335742499;-8.64242262149047;7.248045958777594;180.47290371069997
VEHICLE_UPDATES;267000000000;veh_34;41.00172258368373;-8.642420352055176;5.957217500465003;180.47290371069997
VEHICLE_UPDATES;267000000000;veh_36;41.00180291622904;-8.642457096291661;7.758877507369723;180.4728232474978
VEHICLE_UPDATES;267000000000;veh_37;41.004637852159284;-8.640682694105722;6.702434883743197;90.0667436943282
VEHICLE_UPDATES;267000000000;veh_38;41.00472832896668;-8.642415107540748;0.0;180.29993154303912
VEHICLE_UPDATES;267000000000;veh_39;41.00463667388789;-8.640388193818124;7.2670877852192;90.06674369432656
VEHICLE_UPDATES;267000000000;veh_40;41.00472803113496;-8.642377057294631;0.0;180.29988793645816
VEHICLE_UPDATES;267000000000;veh_41;41.00463861954982;-8.64086965200807;6.338812972666883;90.10884960452657
VEHICLE_UPDATES;267000000000;veh_42;41.004786886017996;-8.642414386354378;0.0;180.29993154303952
VEHICLE_UPDATES;267000000000;veh_43;41.00466696987114;-8.64075550811759;6.46447536278728;90.0667436943282
VEHICLE_UPDATES;267000000000;veh_44;41.00478659101198;-8.642376336098618;0.0;180.29988793645816
VEHICLE_UPDATES;267000000000;veh_45;41.00466811371595;-8.641016224438664;7.248961134665671;90.10884960452657
VEHICLE_UPDATES;267000000000;veh_46;41.004975880810704;-8.642412058690555;7.115376218502913;180.29993154303952
VEHICLE_UPDATES;267000000000;veh_47;41.00464103218356;-8.642494976776204;0.007281949043347;90.72339311942727
VEHICLE_UPDATES;267000000000;veh_48;41.00564761451392;-8.642404959695861;7.386213179860087;180.13491255010234
VEHICLE_UPDATES;267000000000;veh_49;41.00464589254457;-8.642878725472238;7.106736792448332;90.72339311942727
VEHICLE_UPDATES;267000000000;veh_50;41.006407180977114;-8.64235979779536;8.637410064705978;180.1912402094153
VEHICLE_UPDATES;267000000000;veh_51;41.00467747834377;-8.643796927388966;7.71114663809457;90.16591395568992
VEHICLE_UPDATES;268000000000;veh_30;41.00161667410198;-8.642460131655536;6.448433676075626;180.47282324749813
VEHICLE_UPDATES;268000000000;veh_32;41.0015150471737;-8.64242373496648;7.589250817046206;180.47290371069997
VEHICLE_UPDATES;268000000000;veh_34;41.001655405382806;-8.642421447085754;7.463491615991905;180.47290371069997
VEHICLE_UPDATES;268000000000;veh_36;41.00174449646393;-8.642458048416014;6.480990203288701;180.47282324749773
VEHICLE_UPDATES;268000000000;veh_37;41.0046375685708;-8.640611796056048;5.962360300018124;90.06674369432656
VEHICLE_UPDATES;268000000000;veh_38;41.00472832896668;-8.642415107540748;0.0;180.29993154303912
VEHICLE_UPDATES;268000000000;veh_39;41.00463633676474;-8.640303966947636;7.083283374639586;90.06674369432656
VEHICLE_UPDATES;268000000000;veh_40;41.00472803113496;-8.642377057294631;0.0;180.29988793645816
VEHICLE_UPDATES;268000000000;veh_41;41.00463830478577;-8.640795874797174;6.204503213023954;90.07498652150194
VEHICLE_UPDATES;268000000000;veh_42;41.004786886017996;-8.642414386354378;0.0;180.29993154303952
VEHICLE_UPDATES;268000000000;veh_43;41.00466667104043;-8.640680787972588;6.283786765385677;90.06674369432656
VEHICLE_UPDATES;268000000000;veh_44;41.00478659101198;-8.642376336098618;0.0;180.29988793645816
VEHICLE_UPDATES;268000000000;veh_45;41.00466766098467;-8.640916808513877;8.360677489886086;90.10884960452657
VEHICLE_UPDATES;268000000000;veh_46;41.00490884992322;-8.642412884246342;7.441773949192409;180.29993154303952
VEHICLE_UPDATES;268000000000;veh_47;41.00464103205022;-8.642494966249409;0.000885557562993;90.7233931194289
VEHICLE_UPDATES;268000000000;veh_48;41.00557374593968;-8.642405588626405;8.200709033148186;180.13491255010234
VEHICLE_UPDATES;268000000000;veh_49;41.00464480801439;-8.642793087891137;7.204187049983426;90.72339311942727
VEHICLE_UPDATES;268000000000;veh_50;41.00633299152212;-8.642360525807444;8.236001593957985;180.1912402094153
VEHICLE_UPDATES;268000000000;veh_51;41.00467698702385;-8.643705852606487;7.658997668413568;90.18190272606174
VEHICLE_UPDATES;269000000000;veh_30;41.00155181292582;-8.642461188754474;7.195589239376102;180.47282324749773
VEHICLE_UPDATES;269000000000;veh_32;41.001446027081684;-8.642424860010227;7.668113840570379;180.47290371069997
VEHICLE_UPDATES;269000000000;veh_34;41.001584807707445;-8.642422597850434;7.843383125298431;180.47290371069997
VEHICLE_UPDATES;269000000000;veh_36;41.001689689279424;-8.642458941660713;6.080216542630382;180.47282324749773
VEHICLE_UPDATES;269000000000;veh_37;41.004637258687694;-8.64053433673132;6.514148287835203;90.06674369432656
VEHICLE_UPDATES;269000000000;veh_38;41.00472832896668;-8.642415107540748;0.0;180.29993154303912
VEHICLE_UPDATES;269000000000;veh_39;41.004635950482715;-8.640207477115355;8.114569996455112;90.06674369432656
VEHICLE_UPDATES;269000000000;veh_40;41.00472803113496;-8.642377057294631;0.0;180.29988793645816
VEHICLE_UPDATES;269000000000;veh_41;41.00463798519922;-8.640715958278147;6.720792363855244;90.06674369432656
VEHICLE_UPDATES;269000000000;veh_42;41.004786886017996;-8.642414386354378;0.0;180.29993154303952
VEHICLE_UPDATES;269000000000;veh_43;41.00466637810472;-8.640607553581619;6.158838462985378;90.0667436943282
VEHICLE_UPDATES;269000000000;veh_44;41.00478659101198;-8.642376336098618;0.0;180.29988793645816
VEHICLE_UPDATES;269000000000;veh_45;41.004667269213314;-8.640830368295052;7.269445874929453;90.10576577829013
VEHICLE_UPDATES;269000000000;veh_46;41.00486845178799;-8.642413381790764;4.485003834589701;180.29993154303912
VEHICLE_UPDATES;269000000000;veh_47;41.00464103205022;-8.642494966249409;0.0;90.7233931194289
VEHICLE_UPDATES;269000000000;veh_48;41.00550466726605;-8.642406176773042;7.668945846632877;180.13491255010234
VEHICLE_UPDATES;269000000000;veh_49;41.00464368213153;-8.642704190302942;7.478432602888329;90.72339311942727
VEHICLE_UPDATES;269000000000;veh_50;41.00626474593934;-8.642361195491059;7.57615380043942;180.19124020941572
VEHICLE_UPDATES;269000000000;veh_51;41.00467664305235;-8.643617486276732;7.431287741120096;89.82289986447587
VEHICLE_UPDATES;270000000000;veh_30;41.0014928825173;-8.642462149192337;6.537639828065847;180.47282324749813
VEHICLE_UPDATES;270000000000;veh_32;41.00138658378773;-8.642425828947603;6.604134049512151;180.47290371069997
VEHICLE_UPDATES;270000000000;veh_34;41.00151752049969;-8.64242369465063;7.475590953406607;180.47290371069997
VEHICLE_UPDATES;270000000000;veh_36;41.001621707495055;-8.64246004962185;7.54178433275847;180.47282324749773
VEHICLE_UPDATES;270000000000;veh_37;41.00463694248511;-8.640455311175023;6.645864800141797;90.06674369432656
VEHICLE_UPDATES;270000000000;veh_38;41.00472832896668;-8.642415107540748;0.0;180.29993154303912
VEHICLE_UPDATES;270000000000;veh_39;41.00463560777036;-8.64012188749404;7.197887780977771;90.06674369432656
VEHICLE_UPDATES;270000000000;veh_40;41.00472803113496;-8.642377057294631;0.0;180.29988793645816
VEHICLE_UPDATES;270000000000;veh_41;41.00463765866193;-8.640634317950342;6.865760752410815;90.06674369432656
VEHICLE_UPDATES;270000000000;veh_42;41.004786886017996;-8.642414386354378;0.0;180.29993154303952
VEHICLE_UPDATES;270000000000;veh_43;41.00466605387047;-8.640526508057809;6.815736292202283;90.06674369432656
VEHICLE_UPDATES;270000000000;veh_44;41.00478659101198;-8.642376336098618;0.0;180.29988793645816
VEHICLE_UPDATES;270000000000;veh_45;41.00466689265963;-8.640736200854992;7.919258006094981;90.06674369432656
VEHICLE_UPDATES;270000000000;veh_46;41.00485480969241;-8.642413549806967;1.514546409777362;180.29993154303952
VEHICLE_UPDATES;270000000000;veh_47;41.00464103205022;-8.642494966249409;0.0;90.7233931194289
VEHICLE_UPDATES;270000000000;veh_48;41.00543771739453;-8.642406746793053;7.43261134100222;180.13491255010234
VEHICLE_UPDATES;270000000000;veh_49;41.00467148286655;-8.642622811348273;6.795459664524525;90.72293676843755
VEHICLE_UPDATES;270000000000;veh_50;41.00618903718671;-8.642399992027457;8.430078571372064;180.19124020941547
VEHICLE_UPDATES;270000000000;veh_51;41.004676893854494;-8.643516183258843;8.5189761728925;89.57888711287109
VEHICLE_UPDATES;271000000000;veh_30;41.00143353394611;-8.642463116443224;6.584030019950558;180.47282324749773
VEHICLE_UPDATES;271000000000;veh_32;41.001315734714105;-8.642465036304733;7.385974090303;180.47282324749813
VEHICLE_UPDATES;271000000000;veh_34;41.001463205386386;-8.642424580000085;6.034394631955023;180.47290371070036
VEHICLE_UPDATES;271000000000;veh_36;41.00156139505222;-8.642461032586395;6.690960460977231;180.47282324749773
VEHICLE_UPDATES;271000000000;veh_37;41.00463662337276;-8.640375572134948;6.705867218004212;90.06674369432656
VEHICLE_UPDATES;271000000000;veh_38;41.00472832896668;-8.642415107540748;0.0;180.29993154303912
VEHICLE_UPDATES;271000000000;veh_39;41.004635250243254;-8.640032614910861;7.507616414869562;90.06674369432656
VEHICLE_UPDATES;271000000000;veh_40;41.00472803113496;-8.642377057294631;0.0;180.29988793645816
VEHICLE_UPDATES;271000000000;veh_41;41.00463733279615;-8.640552859925107;6.850429635184073;90.06674369432656
VEHICLE_UPDATES;271000000000;veh_42;41.004786886017996;-8.642414386354378;0.0;180.29993154303952
VEHICLE_UPDATES;271000000000;veh_43;41.00466570970013;-8.64044049489497;7.233503060827289;90.06674369432656
VEHICLE_UPDATES;271000000000;veh_44;41.00478659101198;-8.642376336098618;0.0;180.29988793645816
VEHICLE_UPDATES;271000000000;veh_45;41.004666530041355;-8.640645536531755;7.624654332377042;90.06674369432656
VEHICLE_UPDATES;271000000000;veh_46;41.00484765893648;-8.642413637875723;0.793877424884956;180.29993154303952
VEHICLE_UPDATES;271000000000;veh_47;41.00464103203105;-8.64249496473705;0.000127225960078;90.72339311942727
VEHICLE_UPDATES;271000000000;veh_48;41.00536999039189;-8.642407323427985;7.518886454352932;180.13491255010234
VEHICLE_UPDATES;271000000000;veh_49;41.00467033379746;-8.642532050389049;7.633478445035352;90.72293676843755
VEHICLE_UPDATES;271000000000;veh_50;41.006115799384865;-8.642400710652465;8.130738477910269;180.19124020941547
VEHICLE_UPDATES;271000000000;veh_51;41.0046771176993;-8.643425738344778;7.605874760676299;89.57888711286945
VEHICLE_UPDATES;272000000000;veh_30;41.001380437055666;-8.642463981803692;5.89047908003817;180.47282324749813
VEHICLE_UPDATES;272000000000;veh_32;41.00125341796177;-8.642466051923707;6.913314791432287;180.47282324749773
VEHICLE_UPDATES;272000000000;veh_34;41.00139295482701;-8.642425725098514;7.804818363884646;180.47290371069997
VEHICLE_UPDATES;272000000000;veh_36;41.001499827176616;-8.64246203600956;6.830235975689265;180.4728232474978
VEHICLE_UPDATES;272000000000;veh_37;41.00463634898097;-8.640307018783634;5.765176970895052;90.06674369432656
VEHICLE_UPDATES;272000000000;veh_38;41.00472832896668;-8.642415107540748;0.0;180.29993154303912
VEHICLE_UPDATES;272000000000;veh_39;41.00463488680823;-8.639941884847982;7.630187191063897;90.06674369432656
VEHICLE_UPDATES;272000000000;veh_40;41.00472803113496;-8.642377057294631;0.0;180.29988793645816
VEHICLE_UPDATES;272000000000;veh_41;41.004637012124775;-8.64047271440396;6.740051207194292;90.0667436943282
VEHICLE_UPDATES;272000000000;veh_42;41.004786886017996;-8.642414386354378;0.0;180.29993154303952
VEHICLE_UPDATES;272000000000;veh_43;41.00466538173449;-8.64035854644744;6.891670246927325;90.06674369432656
VEHICLE_UPDATES;272000000000;veh_44;41.00478659101198;-8.642376336098618;0.0;180.29988793645816
VEHICLE_UPDATES;272000000000;veh_45;41.00466617333783;-8.640556368438578;7.498825060335014;90.0667436943282
VEHICLE_UPDATES;272000000000;veh_46;41.00484584103652;-8.642413660264987;0.201823380103776;180.29993154303952
VEHICLE_UPDATES;272000000000;veh_47;41.00464103203105;-8.64249496473705;0.0;90.72339311942727
VEHICLE_UPDATES;272000000000;veh_48;41.00529530018984;-8.642408124675569;8.292033443060527;180.29993154303952
VEHICLE_UPDATES;272000000000;veh_49;41.00466986209363;-8.642494793782728;3.133478445035352;90.72293676843755
VEHICLE_UPDATES;272000000000;veh_50;41.006041291913895;-8.6424014417335;8.271694917267519;180.19124020941547
VEHICLE_UPDATES;272000000000;veh_51;41.00467725198751;-8.643334923050329;7.637014108145733;89.72263108853483
VEHICLE_REGISTRATION;272428571410;veh_52;[src.main.java.CarSendsCamAPP, src.main.java.EventProcessingApp, src.main.java.MainCarApp];Car
VEHICLE_REGISTRATION;272428571410;veh_53;[src.main.java.CarSendsCamAPP, src.main.java.EventProcessingApp, src.main.java.MainCarApp];Car_0
VEHICLE_UPDATES;273000000000;veh_30;41.00132622929682;-8.642464865267073;6.013716883246189;180.47282324749773
VEHICLE_UPDATES;273000000000;veh_32;41.00118443668679;-8.642467176156254;7.652665536304641;180.4728232474978
VEHICLE_UPDATES;273000000000;veh_34;41.001314522931565;-8.642427003550862;8.713762496324991;180.47290371069997
VEHICLE_UPDATES;273000000000;veh_36;41.00144998102139;-8.642424795560157;5.993516160553596;180.47290371069997
VEHICLE_UPDATES;273000000000;veh_37;41.004636070394156;-8.640237427775075;5.85244159941715;90.0667436943282
VEHICLE_UPDATES;273000000000;veh_38;41.00472832896668;-8.642415107540748;0.0;180.29993154303912
VEHICLE_UPDATES;273000000000;veh_40;41.00472803113496;-8.642377057294631;0.0;180.29988793645816
VEHICLE_UPDATES;273000000000;veh_41;41.004636718110596;-8.640399243565385;6.178726073849654;90.06674369432656
VEHICLE_UPDATES;273000000000;veh_42;41.004786886017996;-8.642414386354378;0.0;180.29993154303952
VEHICLE_UPDATES;273000000000;veh_43;41.00466504127823;-8.640273492374202;7.152846119289544;90.06674369432656
VEHICLE_UPDATES;273000000000;veh_44;41.00478659101198;-8.642376336098618;0.0;180.29988793645816
VEHICLE_UPDATES;273000000000;veh_45;41.0046658304055;-8.640470659094952;7.20795254578444;90.06674369432656
VEHICLE_UPDATES;273000000000;veh_46;41.00484548701961;-8.64241366462506;0.039302983917267;180.29993154303952
VEHICLE_UPDATES;273000000000;veh_47;41.00464103203105;-8.64249496473705;0.0;90.72339311942727
VEHICLE_UPDATES;273000000000;veh_48;41.00522609060752;-8.642408977074917;7.683653236665586;180.29993154303952
VEHICLE_UPDATES;273000000000;veh_49;41.00466985699298;-8.642494390923675;0.033882586006471;90.72293676843755
VEHICLE_UPDATES;273000000000;veh_50;41.00596912425966;-8.642402185869678;8.011955583690066;180.2215031987318
VEHICLE_UPDATES;273000000000;veh_51;41.00467713039318;-8.643245186638797;7.546265810862307;89.86843701764728
VEHICLE_UPDATES;274000000000;veh_30;41.001259740489495;-8.642465948881231;7.376155504181486;180.47282324749773
VEHICLE_UPDATES;274000000000;veh_32;41.00112153650435;-8.642467993158403;6.977944262035828;180.22230504873826
VEHICLE_UPDATES;274000000000;veh_34;41.00123744007365;-8.642428260010064;8.563884670479958;180.47290371069997
VEHICLE_UPDATES;274000000000;veh_36;41.001383960629035;-8.642425871705557;7.334847922442239;180.47290371069997
VEHICLE_UPDATES;274000000000;veh_37;41.00463577519546;-8.640163698567868;6.200454541120351;90.06674369432656
VEHICLE_UPDATES;274000000000;veh_38;41.00472832896668;-8.642415107540748;0.0;180.29993154303912
VEHICLE_UPDATES;274000000000;veh_40;41.00472803113496;-8.642377057294631;0.0;180.29988793645816
VEHICLE_UPDATES;274000000000;veh_41;41.0046364157339;-8.640323695229103;6.353438869953773;90.06674369432656
VEHICLE_UPDATES;274000000000;veh_42;41.004786886017996;-8.642414386354378;0.0;180.29993154303952
VEHICLE_UPDATES;274000000000;veh_43;41.004664740519154;-8.640198368641666;6.317728077915755;90.06674369432656
VEHICLE_UPDATES;274000000000;veh_44;41.00478659101198;-8.642376336098618;0.0;180.29988793645816
VEHICLE_UPDATES;274000000000;veh_45;41.00466544511666;-8.640374382551911;8.09662909234504;90.06674369432656
VEHICLE_UPDATES;274000000000;veh_46;41.00484545524774;-8.642413665016365;0.003527313811553;180.29993154303952
VEHICLE_UPDATES;274000000000;veh_47;41.00464103203105;-8.64249496473705;0.0;90.72339311942727
VEHICLE_UPDATES;274000000000;veh_48;41.005153642354976;-8.642409869359906;8.043210557145821;180.29993154303912
VEHICLE_UPDATES;274000000000;veh_49;41.00466985652803;-8.642494354200469;0.003088616705848;90.72293676843755
VEHICLE_UPDATES;274000000000;veh_50;41.00589543205454;-8.64240284971738;8.18115148610748;180.13491255010234
VEHICLE_UPDATES;274000000000;veh_51;41.004676999476914;-8.64314862822833;8.119952940330032;89.86843701764728
VEHICLE_UPDATES;275000000000;veh_30;41.00119423578388;-8.642467016454193;7.266980846312333;180.47282324749813
VEHICLE_UPDATES;275000000000;veh_32;41.001062495665806;-8.642467878572644;6.549398126419339;179.68118734713914
VEHICLE_UPDATES;275000000000;veh_34;41.00116373573351;-8.642429461395693;8.188532151032042;180.47290371069997
VEHICLE_UPDATES;275000000000;veh_36;41.001310926057904;-8.642427062180385;8.114121208252143;180.47290371069997
VEHICLE_UPDATES;275000000000;veh_37;41.00463544267709;-8.640080662452567;6.983143927563585;90.06674369432656
VEHICLE_UPDATES;275000000000;veh_38;41.004708168055565;-8.642415401426971;2.239074345398695;180.35485405791107
VEHICLE_UPDATES;275000000000;veh_40;41.0047098752593;-8.642377318215578;2.015577898803167;180.34484324470444
VEHICLE_UPDATES;275000000000;veh_41;41.00463611011674;-8.640247349840037;6.42046923973053;90.0667436943282
VEHICLE_UPDATES;275000000000;veh_42;41.004786886017996;-8.642414386354378;0.0;180.29993154303952
VEHICLE_UPDATES;275000000000;veh_43;41.0046644191075;-8.640118099814762;6.750418431700465;90.06674369432656
VEHICLE_UPDATES;275000000000;veh_44;41.00478659101198;-8.642376336098618;0.0;180.29988793645816
VEHICLE_UPDATES;275000000000;veh_45;41.00466513217862;-8.640296199920257;6.574974133050388;90.06674369432656
VEHICLE_UPDATES;275000000000;veh_46;41.004845446979616;-8.642413665118195;0.000917928033285;180.29993154303912
VEHICLE_UPDATES;275000000000;veh_47;41.00464103203105;-8.64249496473705;0.0;90.72339311942727
VEHICLE_UPDATES;275000000000;veh_48;41.00508986992608;-8.642410654789881;7.080019864319647;180.29993154303952
VEHICLE_UPDATES;275000000000;veh_49;41.00466985640917;-8.6424943448129;0.000789544459225;90.72293676843755
VEHICLE_UPDATES;275000000000;veh_50;41.0058196068542;-8.642403495313873;8.417929256975981;180.13491255010234
VEHICLE_UPDATES;275000000000;veh_51;41.00467686807021;-8.643051768036253;8.145330950239796;89.86843701764892
VEHICLE_UPDATES;275000000000;veh_52;41.0065610392932;-8.642358288714368;7.680455033161284;180.14766920785996
VEHICLE_UPDATES;275000000000;veh_53;41.00464979419693;-8.644013230673057;5.626497459605186;90.16591395568926
VEHICLE_UPDATES;276000000000;veh_30;41.00113711312321;-8.642467947417378;6.337090938290356;180.47282324749773
VEHICLE_UPDATES;276000000000;veh_32;41.00100116281794;-8.642467759538398;6.803650571022819;179.68118734713914
VEHICLE_UPDATES;276000000000;veh_34;41.001086723705725;-8.642429882459645;8.555630390655052;179.68600306236235
VEHICLE_UPDATES;276000000000;veh_36;41.00124619045185;-8.642428117378103;7.192108332301248;180.47290371069997
VEHICLE_UPDATES;276000000000;veh_37;41.00463512131685;-8.640000426921604;6.747621407813065;90.06674369432656
VEHICLE_UPDATES;276000000000;veh_38;41.00466980727692;-8.64241603078765;4.261599636939355;180.47745377730945
VEHICLE_UPDATES;276000000000;veh_40;41.004672652667125;-8.642377928640055;4.132285808376037;180.47712245760277
VEHICLE_UPDATES;276000000000;veh_41;41.00463580715659;-8.640171680652761;6.36360233422173;90.06674369432656
VEHICLE_UPDATES;276000000000;veh_42;41.0047718597399;-8.642414571417595;1.668218428111702;180.29993154303952
VEHICLE_UPDATES;276000000000;veh_43;41.004664117541175;-8.64004279981503;6.332551912816498;90.06674369432656
VEHICLE_UPDATES;276000000000;veh_44;41.004769740713286;-8.642376543619173;1.870633147687881;180.29988793645816
VEHICLE_UPDATES;276000000000;veh_45;41.004664820118435;-8.640218249794499;6.555421031891191;90.06674369432656
VEHICLE_UPDATES;276000000000;veh_46;41.004845443231545;-8.642413665164355;0.000416110820281;180.29993154303952
VEHICLE_UPDATES;276000000000;veh_47;41.00464103203105;-8.64249496473705;0.0;90.72339311942727
VEHICLE_UPDATES;276000000000;veh_48;41.00501785971648;-8.64241154167513;7.994578805259252;180.29993154303912
VEHICLE_UPDATES;276000000000;veh_49;41.004669856305036;-8.642494336588303;0.000691732234017;90.72293676843755
VEHICLE_UPDATES;276000000000;veh_50;41.005746987497375;-8.642404113612955;8.06202420519046;180.13491255010234
VEHICLE_UPDATES;276000000000;veh_51;41.00467580199654;-8.642964014882548;7.380458845984314;90.72293676843755
VEHICLE_UPDATES;276000000000;veh_52;41.006483566336314;-8.642359048232791;8.600513130688647;180.19124020941572
VEHICLE_UPDATES;276000000000;veh_53;41.004649447131584;-8.643947527080021;5.52661905720163;90.16591395568926
VEHICLE_UPDATES;277000000000;veh_30;41.00107647054388;-8.642467905694938;6.727113914459449;179.68118734713954
VEHICLE_UPDATES;277000000000;veh_32;41.000937104016735;-8.642467635213448;7.106040398719426;179.68118734713954
VEHICLE_UPDATES;277000000000;veh_34;41.0010104344211;-8.642429742905811;8.475080523320278;179.68600306236195
VEHICLE_UPDATES;277000000000;veh_36;41.00117990531658;-8.6424291978307;7.364260522607472;180.47290371069997
VEHICLE_UPDATES;277000000000;veh_37;41.00463479280017;-8.639918419017842;6.8966739380375;90.06674369432656
VEHICLE_UPDATES;277000000000;veh_38;41.0046082412849;-8.642417040859506;6.839527668734082;180.47745377730985
VEHICLE_UPDATES;277000000000;veh_40;41.00461796138366;-8.642378825537325;6.07158178293612;180.47712245760277
VEHICLE_UPDATES;277000000000;veh_41;41.004635501208895;-8.640095277865987;6.425296432499104;90.06674369432656
VEHICLE_UPDATES;277000000000;veh_42;41.0047365687572;-8.642415006059908;3.918007306480847;180.29993154303952
VEHICLE_UPDATES;277000000000;veh_43;41.004663796142346;-8.639962561237104;6.747874756965112;90.0667436943282
VEHICLE_UPDATES;277000000000;veh_44;41.0047406798189;-8.642376901519507;3.22619041265783;180.2998879364582
VEHICLE_UPDATES;277000000000;veh_45;41.0046644995923;-8.64013819865126;6.732111725624693;90.06674369432656
VEHICLE_UPDATES;277000000000;veh_46;41.004835523007884;-8.642413787341843;1.101343925612871;180.29993154303952
VEHICLE_UPDATES;277000000000;veh_47;41.00464103203105;-8.64249496473705;0.0;90.72339311942727
VEHICLE_UPDATES;277000000000;veh_48;41.00495042095272;-8.642374318437012;7.455160362595516;180.2998879364586
VEHICLE_UPDATES;277000000000;veh_49;41.004669856305036;-8.642494336588303;0.0;90.72293676843755
VEHICLE_UPDATES;277000000000;veh_50;41.005678484941456;-8.642404696858804;7.604986897053528;180.13491255010234
VEHICLE_UPDATES;277000000000;veh_51;41.0046746415565;-8.642872334355554;7.710817806719925;90.72293676843755
VEHICLE_UPDATES;277000000000;veh_52;41.00640749344473;-8.642359794729146;8.445087845396788;180.1912402094153
VEHICLE_UPDATES;277000000000;veh_53;41.00464903941032;-8.643870349661464;6.491733240739292;90.16591395569088
VEHICLE_UPDATES;278000000000;veh_30;41.001018751704486;-8.642467793674772;6.402748760597285;179.68118734713914
VEHICLE_UPDATES;278000000000;veh_32;41.00086790151989;-8.642467500905413;7.676630269283134;179.68118734713914
VEHICLE_UPDATES;278000000000;veh_34;41.00093063793433;-8.642429596936026;8.864700265491186;179.68600306236235
VEHICLE_UPDATES;278000000000;veh_36;41.001117073128135;-8.6424299379769;6.980507964529787;180.13052371850466
VEHICLE_UPDATES;278000000000;veh_38;41.00453550122416;-8.642418321069458;8.0726401422496;180.54709486564622
VEHICLE_UPDATES;278000000000;veh_40;41.00454422751881;-8.6423801072488;8.189478805963882;180.5470948656459
VEHICLE_UPDATES;278000000000;veh_41;41.004635195945816;-8.640019058643697;6.409859176810087;90.06674369432656
VEHICLE_UPDATES;278000000000;veh_42;41.00468861846254;-8.642415722164712;5.325672077160395;180.45125016595577
VEHICLE_UPDATES;278000000000;veh_44;41.00469483860836;-8.642377564806237;5.089071243287559;180.41880792045856
VEHICLE_UPDATES;278000000000;veh_45;41.00466418767887;-8.640060311847217;6.550096015602504;90.06674369432656
VEHICLE_UPDATES;278000000000;veh_46;41.00480800532607;-8.642414126249395;3.05501494804759;180.29993154303912
VEHICLE_UPDATES;278000000000;veh_47;41.00464103203105;-8.64249496473705;0.0;90.72339311942727
VEHICLE_UPDATES;278000000000;veh_48;41.004877765216214;-8.64237521323653;8.065864874092686;180.29988793645816
VEHICLE_UPDATES;278000000000;veh_49;41.004669856305036;-8.642494336588303;0.0;90.72293676843755
VEHICLE_UPDATES;278000000000;veh_50;41.0056009264793;-8.642405357206554;8.610351437109854;180.13491255010234
VEHICLE_UPDATES;278000000000;veh_51;41.00467350132709;-8.642782256181146;7.576051775081206;90.72293676843755
VEHICLE_UPDATES;278000000000;veh_52;41.00633322126218;-8.642360523553037;8.245185437362247;180.1912402094153
VEHICLE_UPDATES;278000000000;veh_53;41.00464864386191;-8.643795485781988;6.297131365638077;90.16591395568926
VEHICLE_UPDATES;279000000000;veh_30;41.00095937928001;-8.642467678445174;6.586180825943563;179.68118734713954
VEHICLE_UPDATES;279000000000;veh_32;41.00079937848174;-8.642467367915838;7.601257855271625;179.68118734713914
VEHICLE_UPDATES;279000000000;veh_34;41.00084805944639;-8.642429445876836;9.17375643226019;179.68600306236235
VEHICLE_UPDATES;279000000000;veh_36;41.00105442020179;-8.642429823367795;6.960198956849743;179.68600306236235
VEHICLE_UPDATES;279000000000;veh_38;41.00446817693377;-8.64241953364562;7.468972663939656;180.54709486564582
VEHICLE_UPDATES;279000000000;veh_40;41.00447023772675;-8.642381439919987;8.220388957953107;180.5470948656459
VEHICLE_UPDATES;279000000000;veh_41;41.00463486537484;-8.639936534643402;6.940076432415472;90.06674369432656
VEHICLE_UPDATES;279000000000;veh_42;41.0046255747217;-8.64241675648169;7.003694686788202;180.47745377730945
VEHICLE_UPDATES;279000000000;veh_44;41.00463032347628;-8.642378622808156;7.162181559911493;180.47712245760277
VEHICLE_UPDATES;279000000000;veh_45;41.00466382306886;-8.639969283019864;7.655309213526572;90.0667436943282
VEHICLE_UPDATES;279000000000;veh_46;41.00476276840384;-8.642414683386178;5.022206217808542;180.29993154303912
VEHICLE_UPDATES;279000000000;veh_47;41.00464103203105;-8.64249496473705;0.0;90.72339311942727
VEHICLE_UPDATES;279000000000;veh_48;41.00481203249649;-8.642376022772696;7.297307193647893;180.29988793645856
VEHICLE_UPDATES;279000000000;veh_49;41.004669856305036;-8.642494336588303;0.0;90.72293676843755
VEHICLE_UPDATES;279000000000;veh_50;41.00552659699796;-8.642405990060062;8.251877746464084;180.13491255010234
VEHICLE_UPDATES;279000000000;veh_51;41.0046723429242;-8.642690747997593;7.696323432767887;90.72293676843753
VEHICLE_UPDATES;279000000000;veh_52;41.00626431775669;-8.642361199692745;7.649191839999125;180.19124020941572
VEHICLE_UPDATES;279000000000;veh_53;41.00464828840612;-8.643728217924828;5.658196487517878;90.16591395569088
VEHICLE_UPDATES;280000000000;veh_30;41.000892469553555;-8.64246754858702;7.422293372165847;179.68118734713954
VEHICLE_UPDATES;280000000000;veh_32;41.000735470710204;-8.642467243883367;7.089286433219614;179.68118734713954
VEHICLE_UPDATES;280000000000;veh_34;41.00077099987809;-8.64242930491297;8.56065202893856;179.68600306236195
VEHICLE_UPDATES;280000000000;veh_36;41.00098339794331;-8.642429693448673;7.889959375728611;179.68600306236195
VEHICLE_UPDATES;280000000000;veh_38;41.00439647115122;-8.642420825133462;7.95505633750903;180.54709486564582
VEHICLE_UPDATES;280000000000;veh_40;41.00439286157484;-8.642382833580935;8.596619052185703;180.5470948656459
VEHICLE_UPDATES;280000000000;veh_42;41.00455545926478;-8.642417961605101;7.784107378979792;180.5434032324643
VEHICLE_UPDATES;280000000000;veh_44;41.0045472400698;-8.642380052987997;9.227163628919373;180.5470948656459
VEHICLE_UPDATES;280000000000;veh_46;41.00473560088995;-8.642415017980113;3.016139242155452;180.29993154303952
VEHICLE_UPDATES;280000000000;veh_47;41.00464103203105;-8.64249496473705;0.0;90.72339311942727
VEHICLE_UPDATES;280000000000;veh_48;41.00475534717429;-8.642376720883295;6.292911759363477;180.2998879364582
VEHICLE_UPDATES;280000000000;veh_49;41.004669856305036;-8.642494336588303;0.0;90.72293676843755
VEHICLE_UPDATES;280000000000;veh_50;41.00545499164604;-8.642406599717962;7.949451441004271;180.13491255010274
VEHICLE_UPDATES;280000000000;veh_51;41.00467135195215;-8.642612470590898;6.583545195078133;90.72293676843755
VEHICLE_UPDATES;280000000000;veh_52;41.00619562674216;-8.64239992736922;7.650983240624496;180.19124020941547
VEHICLE_UPDATES;280000000000;veh_53;41.004647778548716;-8.643655368582797;6.127797341633438;90.33703010985688
VEHICLE_UPDATES;281000000000;veh_30;41.000833015280925;-8.642467433198199;6.595260095682431;179.68118734713954
VEHICLE_UPDATES;281000000000;veh_32;41.00066725232534;-8.642467111484617;7.567462504947263;179.68118734713954
VEHICLE_UPDATES;281000000000;veh_34;41.00069004412436;-8.642429156821535;8.993484435516214;179.68600306236235
VEHICLE_UPDATES;281000000000;veh_36;41.00091087542575;-8.642429560784892;8.056625097483154;179.68600306236235
VEHICLE_UPDATES;281000000000;veh_38;41.004330413102885;-8.64242201489737;7.328495287764543;180.54709486564582
VEHICLE_UPDATES;281000000000;veh_40;41.004319168686;-8.642384160897121;8.18740229490402;180.5470948656459
VEHICLE_UPDATES;281000000000;veh_42;41.00448476437055;-8.642419234889976;7.842908272303288;180.54709486564582
VEHICLE_UPDATES;281000000000;veh_44;41.00446912916231;-8.642381459886929;8.678251737791323;180.54709486564593
VEHICLE_UPDATES;281000000000;veh_46;41.00473071506773;-8.642415078153652;0.542424315570565;180.29993154303912
VEHICLE_UPDATES;281000000000;veh_47;41.00464103203105;-8.64249496473705;0.0;90.72339311942727
VEHICLE_UPDATES;281000000000;veh_48;41.00473876568479;-8.64237692509307;1.840791329154734;180.2998879364582
VEHICLE_UPDATES;281000000000;veh_49;41.004669856305036;-8.642494336588303;0.0;90.72293676843755
VEHICLE_UPDATES;281000000000;veh_50;41.00537934229905;-8.642407243804952;8.398405797908413;180.13491255010234
VEHICLE_UPDATES;281000000000;veh_51;41.00467087480802;-8.64257478222219;3.169791841413484;90.72293676843755
VEHICLE_UPDATES;281000000000;veh_52;41.00612646764428;-8.642400605973354;7.67792758388126;180.19124020941547
VEHICLE_UPDATES;281000000000;veh_53;41.00464789292792;-8.643587027970312;5.748341928290054;89.57905898949569
VEHICLE_UPDATES;282000000000;veh_30;41.00076908266099;-8.642467309117608;7.09204290641236;179.68118734713954
VEHICLE_UPDATES;282000000000;veh_32;41.000602852741636;-8.642466986497213;7.143842972804498;179.68118734713954
VEHICLE_UPDATES;282000000000;veh_34;41.000607969536915;-8.642429006683077;9.11777706074695;179.68600306236195
VEHICLE_UPDATES;282000000000;veh_36;41.00083707064891;-8.642429425775218;8.19907292181695;179.68600306236195
VEHICLE_UPDATES;282000000000;veh_38;41.00425889645299;-8.642423302972293;7.934073723721975;180.54709486564582
VEHICLE_UPDATES;282000000000;veh_40;41.00425055245886;-8.642385396772037;7.623376654975143;180.5470948656459
VEHICLE_UPDATES;282000000000;veh_42;41.00441484969545;-8.642420494119106;7.756350481107478;180.54709486564582
VEHICLE_UPDATES;282000000000;veh_44;41.00439282702443;-8.64238283420324;8.477294308742346;180.5470948656459
VEHICLE_UPDATES;282000000000;veh_46;41.00472932824612;-8.642415095233675;0.153965027877761;180.29993154303952
VEHICLE_UPDATES;282000000000;veh_47;41.00464103203105;-8.64249496473705;0.0;90.72339311942727
VEHICLE_UPDATES;282000000000;veh_48;41.0047312055987;-8.642377018199467;0.839281711995347;180.29988793645816
VEHICLE_UPDATES;282000000000;veh_49;41.004669856305036;-8.642494336588303;0.0;90.72293676843755
VEHICLE_UPDATES;282000000000;veh_50;41.00530602074359;-8.642407992638834;8.14006261200491;180.284968036655
VEHICLE_UPDATES;282000000000;veh_51;41.004670851441944;-8.642572936621367;0.155224826332369;90.72293676843755
VEHICLE_UPDATES;282000000000;veh_52;41.00605193128532;-8.642401337338166;8.274902029178643;180.19124020941587
VEHICLE_UPDATES;282000000000;veh_53;41.00464809055595;-8.643507124046593;6.720944296878613;89.57905898949569
VEHICLE_REGISTRATION;282714285695;veh_54;[src.main.java.CarSendsCamAPP, src.main.java.EventProcessingApp, src.main.java.MainCarApp];Car
VEHICLE_REGISTRATION;282714285695;veh_55;[src.main.java.CarSendsCamAPP, src.main.java.EventProcessingApp, src.main.java.MainCarApp];Car_0
VEHICLE_UPDATES;283000000000;veh_30;41.00070481700961;-8.642467184390464;7.128985992346395;179.68118734713954
VEHICLE_UPDATES;283000000000;veh_32;41.000538169204006;-8.642446278593562;7.624527460698674;153.72468397470695
VEHICLE_UPDATES;283000000000;veh_34;41.0005339700965;-8.642399673992331;8.859303280903761;150.69944128564032
VEHICLE_UPDATES;283000000000;veh_36;41.00076629734797;-8.642429296310693;7.862302047415395;179.68600306236235
VEHICLE_UPDATES;283000000000;veh_38;41.00418409167075;-8.642424650265651;8.29885977724074;180.54709486564582
VEHICLE_UPDATES;283000000000;veh_40;41.00417541484445;-8.642386750102778;8.3479134898186;180.5470948656459
VEHICLE_UPDATES;283000000000;veh_42;41.00434563540859;-8.642421740730427;7.678649150666428;180.54709486564582
VEHICLE_UPDATES;283000000000;veh_44;41.00431841112454;-8.642384174541887;8.267730022051687;180.5470948656459
VEHICLE_UPDATES;283000000000;veh_46;41.004728629247374;-8.642415103842506;0.077602887483396;180.29993154303952
VEHICLE_UPDATES;283000000000;veh_47;41.00464103203105;-8.64249496473705;0.0;90.72339311942727
VEHICLE_UPDATES;283000000000;veh_48;41.00472855409396;-8.64237705085412;0.294356361307004;180.2998879364582
VEHICLE_UPDATES;283000000000;veh_49;41.004669856305036;-8.642494336588303;0.0;90.72293676843755
VEHICLE_UPDATES;283000000000;veh_50;41.00523310462096;-8.642408890689;8.09515364383194;180.29993154303952
VEHICLE_UPDATES;283000000000;veh_51;41.00467083972363;-8.64257201103574;0.077846664557067;90.72293676843753
VEHICLE_UPDATES;283000000000;veh_52;41.00597617537312;-8.642402111766518;8.410314811050497;180.2215031987318
VEHICLE_UPDATES;283000000000;veh_53;41.0046482859522;-8.643428100434075;6.646898833087496;89.57905898949569
VEHICLE_UPDATES;284000000000;veh_30;41.00063911603541;-8.642467056877429;7.28820621053918;179.68118734713914
VEHICLE_UPDATES;284000000000;veh_32;41.00048715581259;-8.642408891448214;6.472682228906717;150.72474572274731
VEHICLE_UPDATES;284000000000;veh_34;41.00047717047431;-8.642342293586886;8.04006144954524;133.87339293696687
VEHICLE_UPDATES;284000000000;veh_36;41.00069353763117;-8.642429163212174;8.082975580176097;179.68600306236235
VEHICLE_UPDATES;284000000000;veh_38;41.00411315179762;-8.642425927945544;7.870085766990394;180.54709486564582
VEHICLE_UPDATES;284000000000;veh_40;41.00410166052874;-8.642388078514825;8.194226604096619;180.5470948656459
VEHICLE_UPDATES;284000000000;veh_42;41.004274698714305;-8.642423018360585;7.869733333673906;180.54709486564582
VEHICLE_UPDATES;284000000000;veh_44;41.00424357726872;-8.642385522404863;8.31416550882597;180.5470948656459
VEHICLE_UPDATES;284000000000;veh_46;41.0047283856802;-8.642415106842268;0.027040845530581;180.29993154303912
VEHICLE_UPDATES;284000000000;veh_47;41.00464103203105;-8.64249496473705;0.0;90.72339311942727
VEHICLE_UPDATES;284000000000;veh_48;41.00472814492279;-8.642377055893276;0.045424069648714;180.29988793645816
VEHICLE_UPDATES;284000000000;veh_49;41.004669856305036;-8.642494336588303;0.0;90.72293676843755
VEHICLE_UPDATES;284000000000;veh_50;41.00515525154439;-8.642409849540885;8.643254542968567;180.29993154303952
VEHICLE_UPDATES;284000000000;veh_51;41.004670836747195;-8.64257177593852;0.019772924221138;90.72293676843753
VEHICLE_UPDATES;284000000000;veh_52;41.005907736656745;-8.642402744952433;7.597930479242073;180.13491255010234
VEHICLE_UPDATES;284000000000;veh_53;41.00464845772876;-8.643358503780357;5.853970724863782;89.57948114211459
VEHICLE_UPDATES;285000000000;veh_30;41.000582080936915;-8.642466946183026;6.326900926760834;179.68118734713914
VEHICLE_UPDATES;285000000000;veh_32;41.00044128987812;-8.642347592089793;7.264030694042969;133.11667808348577
VEHICLE_UPDATES;285000000000;veh_34;41.00042706215801;-8.642272252828063;8.107776177494591;133.1249150168665
VEHICLE_UPDATES;285000000000;veh_36;41.00062935914324;-8.642429045810966;7.129675147454944;179.68600306236235
VEHICLE_UPDATES;285000000000;veh_38;41.004047406337655;-8.642427112067242;7.293816294530132;180.54709486564582
VEHICLE_UPDATES;285000000000;veh_40;41.004033015012254;-8.642389323852955;7.6266410043482;180.55787744420078
VEHICLE_UPDATES;285000000000;veh_42;41.00419663604883;-8.642424424331725;8.660290115482752;180.54709486564582
VEHICLE_UPDATES;285000000000;veh_44;41.00416768292605;-8.642386889364946;8.431987242953253;180.5470948656459
VEHICLE_UPDATES;285000000000;veh_46;41.004728340820336;-8.64241510739476;0.004980345611532;180.29993154303952
VEHICLE_UPDATES;285000000000;veh_47;41.00464103203105;-8.64249496473705;0.0;90.72339311942727
VEHICLE_UPDATES;285000000000;veh_48;41.00472803195622;-8.642377057284518;0.012540965845419;180.2998879364582
VEHICLE_UPDATES;285000000000;veh_49;41.004669856305036;-8.642494336588303;0.0;90.72293676843755
VEHICLE_UPDATES;285000000000;veh_50;41.00507691527003;-8.64241081434096;8.696899078542698;180.29993154303952
VEHICLE_UPDATES;285000000000;veh_51;41.00467083508586;-8.64257164471627;0.011036487833359;90.72293676843753
VEHICLE_UPDATES;285000000000;veh_52;41.0058386268363;-8.642403333372743;7.672404140566082;180.13491255010274
VEHICLE_UPDATES;285000000000;veh_53;41.004648354593456;-8.643282300283856;6.409667048517464;89.86833624206722
VEHICLE_UPDATES;285000000000;veh_54;41.006552253675174;-8.642358374208168;8.65577335803219;180.157426979042
VEHICLE_UPDATES;285000000000;veh_55;41.004678468793585;-8.64398440369503;8.026418160602537;90.16591395568992
VEHICLE_UPDATES;286000000000;veh_30;41.00052277694976;-8.642434997775165;7.27331259946103;150.72474572274737
VEHICLE_UPDATES;286000000000;veh_32;41.00039953166037;-8.642289206191638;6.747899526044431;133.11667808348585
VEHICLE_UPDATES;286000000000;veh_34;41.00037426659522;-8.642206403861067;8.074654518027593;137.71690457052622
VEHICLE_UPDATES;286000000000;veh_36;41.000561866257996;-8.642420140059757;7.689962574262862;168.7040037068712
VEHICLE_UPDATES;286000000000;veh_38;41.003976279824414;-8.642428457232509;7.890866973981918;180.58913892279796
VEHICLE_UPDATES;286000000000;veh_40;41.00396065947088;-8.6423905429994;8.038783534850952;180.40254640531293
VEHICLE_UPDATES;286000000000;veh_42;41.004123273269066;-8.642425745650515;8.138883602941029;180.54709486564582
VEHICLE_UPDATES;286000000000;veh_44;41.00409860304478;-8.642388133584047;7.674889189887507;180.5470948656459
VEHICLE_UPDATES;286000000000;veh_46;41.00472833022834;-8.64241510752521;0.001175922736087;180.29993154303952
VEHICLE_UPDATES;286000000000;veh_47;41.00464103203105;-8.64249496473705;0.0;90.72339311942727
VEHICLE_UPDATES;286000000000;veh_48;41.00472803195622;-8.642377057284518;0.0;180.2998879364582
VEHICLE_UPDATES;286000000000;veh_49;41.004669856305036;-8.642494336588303;0.0;90.72293676843755
VEHICLE_UPDATES;286000000000;veh_50;41.00499982778834;-8.642411763757844;8.558257903240952;180.29993154303952
VEHICLE_UPDATES;286000000000;veh_51;41.00467083500208;-8.642571638098511;0.000556588637953;90.72293676843755
VEHICLE_UPDATES;286000000000;veh_52;41.00576543967139;-8.642403956506786;8.125060903566496;180.13491255010234
VEHICLE_UPDATES;286000000000;veh_53;41.00464824642714;-8.643202419496573;6.718973245176337;89.86833624206884
VEHICLE_UPDATES;286000000000;veh_54;41.00647032433024;-8.64235917817556;9.095231015499765;180.1912402094153
VEHICLE_UPDATES;286000000000;veh_55;41.00467795051774;-8.643886295169825;8.250494666166691;90.16591395568992
VEHICLE_UPDATES;287000000000;veh_30;41.00047158677502;-8.642389952962462;6.887896647693094;142.68164889713222
VEHICLE_UPDATES;287000000000;veh_32;41.00035439922835;-8.642234003938732;6.828612198204438;137.71930482905515
VEHICLE_UPDATES;287000000000;veh_34;41.000314802694625;-8.64213561156017;8.89590072250626;137.7169045705259
VEHICLE_UPDATES;287000000000;veh_36;41.000504086041325;-8.642377749525336;7.343738461617138;150.69944128564032
VEHICLE_UPDATES;287000000000;veh_38;41.00391185005162;-8.642428878312566;7.147297773868503;180.02416030609194
VEHICLE_UPDATES;287000000000;veh_40;41.00388954686051;-8.642391008417487;7.900094362094094;180.0976496915547
VEHICLE_UPDATES;287000000000;veh_42;41.004051337091845;-8.642427041271691;7.980615885525589;180.54709486564582
VEHICLE_UPDATES;287000000000;veh_44;41.00403043492161;-8.642389372868353;7.573604816268065;180.560944815938
VEHICLE_UPDATES;287000000000;veh_46;41.00472832911701;-8.642415107538897;0.000123381480116;180.29993154303952
VEHICLE_UPDATES;287000000000;veh_47;41.00464103203105;-8.64249496473705;0.0;90.72339311942727
VEHICLE_UPDATES;287000000000;veh_48;41.00472803195622;-8.642377057284518;0.0;180.2998879364582
VEHICLE_UPDATES;287000000000;veh_49;41.004669856305036;-8.642494336588303;0.0;90.72293676843755
VEHICLE_UPDATES;287000000000;veh_50;41.00493257619852;-8.642412592032588;7.466276367510068;180.29993154303952
VEHICLE_UPDATES;287000000000;veh_51;41.0046708349578;-8.642571634601174;0.000294144592787;90.72293676843755
VEHICLE_UPDATES;287000000000;veh_52;41.00569744370451;-8.642404535439892;7.548746639938631;180.13491255010234
VEHICLE_UPDATES;287000000000;veh_53;41.00464815540221;-8.643135229268996;5.651538501500934;89.86833624206722
VEHICLE_UPDATES;287000000000;veh_54;41.00638628770383;-8.64236000281873;9.329166742259721;180.19124020941572
VEHICLE_UPDATES;287000000000;veh_55;41.00467744288751;-8.643790217159616;8.079737476075156;90.16591395568992
VEHICLE_UPDATES;288000000000;veh_30;41.00042641147911;-8.642326789256552;7.300084201821562;133.11667808348585
VEHICLE_UPDATES;288000000000;veh_32;41.00030746587419;-8.642178134037103;7.010845593585338;137.71930482905532
VEHICLE_UPDATES;288000000000;veh_34;41.00025697439881;-8.642066766632993;8.651205212442939;137.71690457052617
VEHICLE_UPDATES;288000000000;veh_36;41.00045466517038;-8.642310835942574;7.883335593441259;133.12491501686645
VEHICLE_UPDATES;288000000000;veh_38;41.00384512171374;-8.64242942231602;7.402308928160654;180.11924835566708
VEHICLE_UPDATES;288000000000;veh_40;41.00381860203928;-8.642391586793364;7.881503406331901;180.11922223629136
VEHICLE_UPDATES;288000000000;veh_42;41.003984600826506;-8.642428299304315;7.40380239420216;180.58913892279796
VEHICLE_UPDATES;288000000000;veh_44;41.00395834719208;-8.642390555498887;8.009004433023225;180.36466352630853
VEHICLE_UPDATES;288000000000;veh_46;41.00472832911701;-8.642415107538897;0.0;180.29993154303952
VEHICLE_UPDATES;288000000000;veh_47;41.00464103203105;-8.64249496473705;0.0;90.72339311942727
VEHICLE_UPDATES;288000000000;veh_48;41.00472803195622;-8.642377057284518;0.0;180.2998879364582
VEHICLE_UPDATES;288000000000;veh_49;41.004669856305036;-8.642494336588303;0.0;90.72293676843755
VEHICLE_UPDATES;288000000000;veh_50;41.00485459587235;-8.642413552440377;8.657381343737574;180.29993154303952
VEHICLE_UPDATES;288000000000;veh_51;41.00467083493837;-8.642571633066249;0.000129095364028;90.72293676843755
VEHICLE_UPDATES;288000000000;veh_52;41.00562108080413;-8.642405185608947;8.477623111714216;180.13491255010234
VEHICLE_UPDATES;288000000000;veh_53;41.004648051587914;-8.643058633801349;6.442636872276514;89.86833624206722
VEHICLE_UPDATES;288000000000;veh_54;41.00630253503911;-8.642360824672554;9.297643135473216;180.19124020941572
VEHICLE_UPDATES;288000000000;veh_55;41.00467684682088;-8.64368729774333;8.655118894369428;90.24891439205187
VEHICLE_UPDATES;289000000000;veh_30;41.00038424230604;-8.642269529474222;6.714319660158332;134.52316151268587
VEHICLE_UPDATES;289000000000;veh_32;41.000258544444556;-8.642119897630602;7.307817504265051;137.71930482905515
VEHICLE_UPDATES;289000000000;veh_34;41.00019554899186;-8.641993639509245;9.189332021266956;137.71690457052622
VEHICLE_UPDATES;289000000000;veh_36;41.00040360922776;-8.64224133659124;8.151248952192944;134.67062054487982
VEHICLE_UPDATES;289000000000;veh_38;41.003773111425794;-8.642430009378847;7.988246190743246;180.11924835566708
VEHICLE_UPDATES;289000000000;veh_40;41.00374440993169;-8.642392191640742;8.242255476770948;180.11922223629097
VEHICLE_UPDATES;289000000000;veh_42;41.003912424344406;-8.642428873630632;8.006733658523718;180.02226105380507
VEHICLE_UPDATES;289000000000;veh_44;41.00388760138039;-8.64239102427799;7.859348181665629;180.10409156773278
VEHICLE_UPDATES;289000000000;veh_46;41.00472832911701;-8.642415107538897;0.0;180.29993154303952
VEHICLE_UPDATES;289000000000;veh_47;41.00464103203105;-8.64249496473705;0.0;90.72339311942727
VEHICLE_UPDATES;289000000000;veh_48;41.00472803195622;-8.642377057284518;0.0;180.2998879364582
VEHICLE_UPDATES;289000000000;veh_49;41.004669856305036;-8.642494336588303;0.0;90.72293676843755
VEHICLE_UPDATES;289000000000;veh_50;41.004806848850286;-8.642414140492534;5.300877718826097;180.29993154303952
VEHICLE_UPDATES;289000000000;veh_51;41.00467083493837;-8.642571633066249;0.0;90.72293676843755
VEHICLE_UPDATES;289000000000;veh_52;41.00555022822481;-8.642405788860106;7.865880595130452;180.13491255010234
VEHICLE_UPDATES;289000000000;veh_53;41.00464725195323;-8.64298607533698;6.103794837540797;90.72339311942727
VEHICLE_UPDATES;289000000000;veh_54;41.00622332424757;-8.642361601954951;8.793435576845976;180.1912402094153
VEHICLE_UPDATES;289000000000;veh_55;41.00467672984141;-8.643582434847639;8.818480720722205;89.57888711287109
VEHICLE_UPDATES;290000000000;veh_30;41.00033600600163;-8.64221210845716;7.205481263801891;137.71930482905515
VEHICLE_UPDATES;290000000000;veh_32;41.00021269720423;-8.6420653208702;6.848595233018215;137.71930482905537
VEHICLE_UPDATES;290000000000;veh_34;41.00014189368079;-8.641929762863327;8.026908458496248;137.71690457052617
VEHICLE_UPDATES;290000000000;veh_36;41.00035116940642;-8.642178906431736;7.845089688134138;137.71690457052617
VEHICLE_UPDATES;290000000000;veh_38;41.003708702607604;-8.642430534469234;7.144999762563692;180.11924835566708
VEHICLE_UPDATES;290000000000;veh_40;41.0036713446539;-8.64239278729978;8.11707198517586;180.11922223629097
VEHICLE_UPDATES;290000000000;veh_42;41.003846870876;-8.642429408055976;7.271978291971682;180.11924835566748
VEHICLE_UPDATES;290000000000;veh_44;41.00381406866345;-8.642391623751536;8.169001608765575;180.11922223629097
VEHICLE_UPDATES;290000000000;veh_46;41.00472832911701;-8.642415107538897;0.0;180.29993154303952
VEHICLE_UPDATES;290000000000;veh_47;41.00464103203105;-8.64249496473705;0.0;90.72339311942727
VEHICLE_UPDATES;290000000000;veh_48;41.00472803195622;-8.642377057284518;0.0;180.2998879364582
VEHICLE_UPDATES;290000000000;veh_49;41.004669856305036;-8.642494336588303;0.0;90.72293676843755
VEHICLE_UPDATES;290000000000;veh_50;41.004795828432556;-8.642414276219803;1.223487536712518;180.29993154303952
VEHICLE_UPDATES;290000000000;veh_51;41.00467083493837;-8.642571633066249;0.0;90.72293676843755
VEHICLE_UPDATES;290000000000;veh_52;41.005477510748484;-8.642406407987403;8.072916810965703;180.13491255010234
VEHICLE_UPDATES;290000000000;veh_53;41.00464630757057;-8.642911498431566;6.273717009632699;90.7233931194289
VEHICLE_UPDATES;290000000000;veh_54;41.006141664874846;-8.642362403262197;9.06526004065209;180.1912402094153
VEHICLE_UPDATES;290000000000;veh_55;41.00467699209645;-8.643476491943076;8.9091628073967;89.57888711287109
VEHICLE_UPDATES;291000000000;veh_30;41.000293179868876;-8.642161127865533;6.397312724257324;137.71930482905532
VEHICLE_UPDATES;291000000000;veh_32;41.00016208801056;-8.64200507558276;7.559924526339102;137.71930482905537
VEHICLE_UPDATES;291000000000;veh_34;41.000072373290145;-8.641898279315146;9.189258403174383;137.71930482905523
VEHICLE_UPDATES;291000000000;veh_36;41.000303195281234;-8.642121792852489;7.177009234303367;137.71690457052588
VEHICLE_UPDATES;291000000000;veh_38;41.00363367412052;-8.642431146134196;8.323060894696699;180.11924835566708
VEHICLE_UPDATES;291000000000;veh_40;41.003594010842285;-8.642393417755638;8.591277919292477;180.11922223629136
VEHICLE_UPDATES;291000000000;veh_42;41.003779204625836;-8.642429959704193;7.506353340865942;180.11924835566748
VEHICLE_UPDATES;291000000000;veh_44;41.003745070026305;-8.642392186259363;7.665295044172981;180.11922223629097
VEHICLE_UPDATES;291000000000;veh_46;41.00472832911701;-8.642415107538897;0.0;180.29993154303952
VEHICLE_UPDATES;291000000000;veh_47;41.00464103203105;-8.64249496473705;0.0;90.72339311942727
VEHICLE_UPDATES;291000000000;veh_48;41.00472803195622;-8.642377057284518;0.0;180.2998879364582
VEHICLE_UPDATES;291000000000;veh_49;41.004669856305036;-8.642494336588303;0.0;90.72293676843755
VEHICLE_UPDATES;291000000000;veh_50;41.00478712127034;-8.642414383457016;0.966669749962068;180.29993154303952
VEHICLE_UPDATES;291000000000;veh_51;41.00467083493837;-8.642571633066249;0.0;90.72293676843755
VEHICLE_UPDATES;291000000000;veh_52;41.00539972812549;-8.642407070237955;8.635236922960335;180.13491255010234
VEHICLE_UPDATES;291000000000;veh_53;41.004645456673366;-8.642844307241093;5.652400371439605;90.72339311942727
VEHICLE_UPDATES;291000000000;veh_54;41.00605454777657;-8.64236325812203;9.671138923577116;180.1912402094153
VEHICLE_UPDATES;291000000000;veh_55;41.004677222419204;-8.643383416233284;7.827108896991326;89.57888711287109
VEHICLE_UPDATES;292000000000;veh_30;41.00024840931293;-8.64210783271532;6.687764556512673;137.71930482905515
VEHICLE_UPDATES;292000000000;veh_32;41.00011236765611;-8.641945888497634;7.427146481944884;137.71930482905498
VEHICLE_UPDATES;292000000000;veh_34;41.00001144138185;-8.641825746295963;9.101899653632929;137.71930482905518
VEHICLE_UPDATES;292000000000;veh_36;41.00025448744059;-8.64206380589836;7.28676995086087;137.71690457052617
VEHICLE_UPDATES;292000000000;veh_38;41.00356747585815;-8.642431685809647;7.343506226022454;180.11924835566708
VEHICLE_UPDATES;292000000000;veh_40;41.00351820951964;-8.642394035715972;8.421028357489993;180.11922223629097
VEHICLE_UPDATES;292000000000;veh_42;41.00370152540668;-8.642430592980995;8.617112035576833;180.11924835566708
VEHICLE_UPDATES;292000000000;veh_44;41.003663211988204;-8.642392853600592;9.093889841990077;180.11922223629136
VEHICLE_UPDATES;292000000000;veh_46;41.00472832911701;-8.642415107538897;0.0;180.29993154303952
VEHICLE_UPDATES;292000000000;veh_47;41.00464103203105;-8.64249496473705;0.0;90.72339311942727
VEHICLE_UPDATES;292000000000;veh_48;41.00472803195622;-8.642377057284518;0.0;180.2998879364582
VEHICLE_UPDATES;292000000000;veh_49;41.004669856305036;-8.642494336588303;0.0;90.72293676843755
VEHICLE_UPDATES;292000000000;veh_50;41.004786930074786;-8.642414385811776;0.021226544281328;180.29993154303952
VEHICLE_UPDATES;292000000000;veh_51;41.00467083493837;-8.642571633066249;0.0;90.72293676843755
VEHICLE_UPDATES;292000000000;veh_52;41.005328142881616;-8.642407720177463;7.947245762084217;180.18364627760315
VEHICLE_UPDATES;292000000000;veh_53;41.004644579744706;-8.642775063709857;5.825051927480697;90.72339311942727
VEHICLE_UPDATES;292000000000;veh_54;41.005974836086324;-8.642364072199719;8.849062151097776;180.22150319873154
VEHICLE_UPDATES;292000000000;veh_55;41.00467718947444;-8.643288782062946;7.958144190793013;89.86843701764728
VEHICLE_REGISTRATION;292999999980;veh_56;[src.main.java.CarSendsCamAPP, src.main.java.EventProcessingApp, src.main.java.MainCarApp];Car
VEHICLE_REGISTRATION;292999999980;veh_57;[src.main.java.CarSendsCamAPP, src.main.java.EventProcessingApp, src.main.java.MainCarApp];Car_0
VEHICLE_UPDATES;293000000000;veh_30;41.000202113597645;-8.642052722112584;6.915586900308233;137.71930482905506
VEHICLE_UPDATES;293000000000;veh_32;41.00006477168888;-8.641889230399237;7.109804678930606;137.71930482905532
VEHICLE_UPDATES;293000000000;veh_34;40.99994392135323;-8.641783742083893;8.539471266099055;166.44222828721598
VEHICLE_UPDATES;293000000000;veh_36;41.00020144539036;-8.642000659180335;7.935169583587665;137.71690457052617
VEHICLE_UPDATES;293000000000;veh_38;41.00349356526134;-8.642432288357377;8.199050878602737;180.11924835566708
VEHICLE_UPDATES;293000000000;veh_40;41.003442015886364;-8.6423946568725;8.464611374891389;180.11922223629136
VEHICLE_UPDATES;293000000000;veh_42;41.00363645124832;-8.642431123493875;7.218807197705224;180.11924835566708
VEHICLE_UPDATES;293000000000;veh_44;41.00359113501887;-8.642393441200449;8.00727730158686;180.11922223629136
VEHICLE_UPDATES;293000000000;veh_46;41.00472832911701;-8.642415107538897;0.0;180.29993154303952
VEHICLE_UPDATES;293000000000;veh_47;41.00464103203105;-8.64249496473705;0.0;90.72339311942727
VEHICLE_UPDATES;293000000000;veh_48;41.00472803195622;-8.642377057284518;0.0;180.2998879364582
VEHICLE_UPDATES;293000000000;veh_49;41.004669856305036;-8.642494336588303;0.0;90.72293676843755
VEHICLE_UPDATES;293000000000;veh_50;41.00478688988217;-8.642414386306788;0.004462185824632;180.29993154303952
VEHICLE_UPDATES;293000000000;veh_51;41.00467083493837;-8.642571633066249;0.0;90.72293676843755
VEHICLE_UPDATES;293000000000;veh_52;41.005254527398726;-8.642408626841869;8.172796705883535;180.29993154303952
VEHICLE_UPDATES;293000000000;veh_53;41.004643709428365;-8.642706345544639;5.780856144738234;90.72339311942727
VEHICLE_UPDATES;293000000000;veh_54;41.00588760282416;-8.642364863201182;9.683997484328309;180.13491255010246
VEHICLE_UPDATES;293000000000;veh_55;41.004677051209235;-8.643186776716723;8.57800582552058;89.86843701764728
VEHICLE_UPDATES;294000000000;veh_30;41.00015589702096;-8.641997705825013;6.903761353755805;137.71930482905515
VEHICLE_UPDATES;294000000000;veh_32;41.00001674634185;-8.641832061284628;7.173940480536486;137.71930482905523
VEHICLE_UPDATES;294000000000;veh_34;40.999872433107655;-8.641761396639643;8.149502638803598;166.442228287216
VEHICLE_UPDATES;294000000000;veh_36;41.00015045935487;-8.641939960288221;7.62758183475187;137.7169045705261
VEHICLE_UPDATES;294000000000;veh_38;41.00342166614017;-8.642432874504909;7.975913743846776;180.11924835566708
VEHICLE_UPDATES;294000000000;veh_40;41.00337212734822;-8.642395226625922;7.764156689194057;180.11922223629136
VEHICLE_UPDATES;294000000000;veh_42;41.003561696594275;-8.642431732924509;8.292683940824606;180.11924835566708
VEHICLE_UPDATES;294000000000;veh_44;41.00351906974205;-8.642394028703132;8.005978240184914;180.11922223629097
VEHICLE_UPDATES;294000000000;veh_46;41.00472832911701;-8.642415107538897;0.0;180.29993154303952
VEHICLE_UPDATES;294000000000;veh_47;41.00464103203105;-8.64249496473705;0.0;90.72339311942727
VEHICLE_UPDATES;294000000000;veh_48;41.00472803195622;-8.642377057284518;0.0;180.2998879364582
VEHICLE_UPDATES;294000000000;veh_49;41.004669856305036;-8.642494336588303;0.0;90.72293676843755
VEHICLE_UPDATES;294000000000;veh_50;41.0047868869998;-8.642414386342287;0.000320000510523;180.29993154303952
VEHICLE_UPDATES;294000000000;veh_51;41.00467083493837;-8.642571633066249;0.0;90.72293676843755
VEHICLE_UPDATES;294000000000;veh_52;41.00518283133185;-8.642409509863812;7.959702886740283;180.29993154303952
VEHICLE_UPDATES;294000000000;veh_53;41.004642705992886;-8.642627120618332;6.664728543006666;90.72339311942727
VEHICLE_UPDATES;294000000000;veh_54;41.0058026434062;-8.642365586617391;9.431543362940745;180.13491255010246
VEHICLE_UPDATES;294000000000;veh_55;41.00467690996634;-8.643082643259667;8.756966608368879;89.86843701764892
VEHICLE_UPDATES;295000000000;veh_30;41.000108770375;-8.641941606300845;7.039702061021205;137.7193048290554
VEHICLE_UPDATES;295000000000;veh_32;40.999968210380004;-8.641791334239674;6.563020725840408;153.65134881433417
VEHICLE_UPDATES;295000000000;veh_36;41.00010158499193;-8.641881775466567;7.311668182961401;137.71690457052583
VEHICLE_UPDATES;295000000000;veh_38;41.003356743500326;-8.64243340377607;7.201998590943129;180.11924835566708
VEHICLE_UPDATES;295000000000;veh_40;41.00329816019578;-8.642395829627597;8.217263795297619;180.11922223629136
VEHICLE_UPDATES;295000000000;veh_42;41.00348677829789;-8.642432343687226;8.310837005281929;180.11924835566708
VEHICLE_UPDATES;295000000000;veh_44;41.00344269192041;-8.642394651361249;8.485073492137222;180.11922223629097
VEHICLE_UPDATES;295000000000;veh_46;41.00472832911701;-8.642415107538897;0.0;180.29993154303952
VEHICLE_UPDATES;295000000000;veh_47;41.00464103203105;-8.64249496473705;0.0;90.72339311942727
VEHICLE_UPDATES;295000000000;veh_48;41.00472803195622;-8.642377057284518;0.0;180.2998879364582
VEHICLE_UPDATES;295000000000;veh_49;41.004669856305036;-8.642494336588303;0.0;90.72293676843755
VEHICLE_UPDATES;295000000000;veh_50;41.0047868869998;-8.642414386342287;0.0;180.29993154303952
VEHICLE_UPDATES;295000000000;veh_51;41.00467083493837;-8.642571633066249;0.0;90.72293676843755
VEHICLE_UPDATES;295000000000;veh_52;41.00510811820722;-8.64241043004175;8.294656767120191;180.29993154303952
VEHICLE_UPDATES;295000000000;veh_53;41.004642135961525;-8.642582116458698;3.785936188776853;90.7233931194289
VEHICLE_UPDATES;295000000000;veh_54;41.00571569050196;-8.642366327005076;9.652844783229837;180.13491255010246
VEHICLE_UPDATES;295000000000;veh_55;41.004676122467714;-8.642989334713453;7.847338513566268;90.72293676843753
VEHICLE_UPDATES;295000000000;veh_56;41.00655845265817;-8.642396367210406;7.991087539179468;180.15018273848048
VEHICLE_UPDATES;295000000000;veh_57;41.004649655478026;-8.643986968686216;7.835509016215635;90.16591395568926
VEHICLE_UPDATES;296000000000;veh_30;41.000058628643735;-8.641881917744834;7.49008613521463;137.71930482905532
VEHICLE_UPDATES;296000000000;veh_32;40.99990671265234;-8.641772111564993;7.010605790036435;166.442228287216
VEHICLE_UPDATES;296000000000;veh_36;41.00005202053614;-8.641822769214379;7.414902477530521;137.71690457052628
VEHICLE_UPDATES;296000000000;veh_38;41.00328504823067;-8.64243398825824;7.953299895496764;180.11924835566748
VEHICLE_UPDATES;296000000000;veh_40;41.00322696291118;-8.642396410046665;7.909549607105579;180.11922223629097
VEHICLE_UPDATES;296000000000;veh_42;41.00342298603055;-8.642432863744704;7.076604182879827;180.11924835566748
VEHICLE_UPDATES;296000000000;veh_44;41.00336818366328;-8.642395258776034;8.27737706550327;180.11922223629097
VEHICLE_UPDATES;296000000000;veh_46;41.00472832911701;-8.642415107538897;0.0;180.29993154303952
VEHICLE_UPDATES;296000000000;veh_47;41.00464103203105;-8.64249496473705;0.0;90.72339311942727
VEHICLE_UPDATES;296000000000;veh_48;41.00472803195622;-8.642377057284518;0.0;180.2998879364582
VEHICLE_UPDATES;296000000000;veh_49;41.004669856305036;-8.642494336588303;0.0;90.72293676843755
VEHICLE_UPDATES;296000000000;veh_50;41.0047868869998;-8.642414386342287;0.0;180.29993154303952
VEHICLE_UPDATES;296000000000;veh_51;41.00467083493837;-8.642571633066249;0.0;90.72293676843755
VEHICLE_UPDATES;296000000000;veh_52;41.005034066973295;-8.642411342065085;8.221173499949813;180.29993154303952
VEHICLE_UPDATES;296000000000;veh_53;41.004642069880724;-8.64257689944586;0.438876718973261;90.72339311942727
VEHICLE_UPDATES;296000000000;veh_54;41.00563182093784;-8.642367041136067;9.310555861689235;180.13491255010246
VEHICLE_UPDATES;296000000000;veh_55;41.004674873618086;-8.642890667911828;8.298400417763828;90.72293676843753
VEHICLE_UPDATES;296000000000;veh_56;41.00649606592628;-8.642396979371906;6.926071266724946;180.19124020941547
VEHICLE_UPDATES;296000000000;veh_57;41.004649135863055;-8.643888606286046;8.273695475575348;90.16591395568926
VEHICLE_UPDATES;297000000000;veh_30;41.000009370496045;-8.641823281127824;7.358093425135564;137.71930482905518
VEHICLE_UPDATES;297000000000;veh_36;40.99999949615373;-8.641761988493995;7.787111479817648;139.29344889511037
VEHICLE_UPDATES;297000000000;veh_38;41.00321511445246;-8.642434558378417;7.757894026473822;180.11924835566708
VEHICLE_UPDATES;297000000000;veh_40;41.00315484228343;-8.642396997991229;8.012126850036;180.11922223629136
VEHICLE_UPDATES;297000000000;veh_42;41.0033546884932;-8.642433420529153;7.576382735854077;180.11924835566708
VEHICLE_UPDATES;297000000000;veh_44;41.00330089645834;-8.642395807320826;7.475165593205616;180.11922223629097
VEHICLE_UPDATES;297000000000;veh_46;41.00472832911701;-8.642415107538897;0.0;180.29993154303952
VEHICLE_UPDATES;297000000000;veh_47;41.00464103203105;-8.64249496473705;0.0;90.72339311942727
VEHICLE_UPDATES;297000000000;veh_48;41.00472803195622;-8.642377057284518;0.0;180.2998879364582
VEHICLE_UPDATES;297000000000;veh_49;41.004669856305036;-8.642494336588303;0.0;90.72293676843755
VEHICLE_UPDATES;297000000000;veh_50;41.0047868869998;-8.642414386342287;0.0;180.29993154303952
VEHICLE_UPDATES;297000000000;veh_51;41.00467083493837;-8.642571633066249;0.0;90.72293676843755
VEHICLE_UPDATES;297000000000;veh_52;41.004967195488156;-8.642412165659547;7.424077164993228;180.29993154303912
VEHICLE_UPDATES;297000000000;veh_53;41.00464201893492;-8.642572877342385;0.338355997115774;90.72339311942727
VEHICLE_UPDATES;297000000000;veh_54;41.005543651973326;-8.642367791872724;9.78784217819021;180.13491255010246
VEHICLE_UPDATES;297000000000;veh_55;41.00467371125792;-8.642798840308636;7.723187945971353;90.72293676843755
VEHICLE_UPDATES;297000000000;veh_56;41.006432862344425;-8.642397599547023;7.016756511863538;180.19124020941547
VEHICLE_UPDATES;297000000000;veh_57;41.004648643362785;-8.643795391319586;7.840722281103788;90.16591395568926
VEHICLE_UPDATES;298000000000;veh_30;40.99995784269658;-8.641788093554684;6.643123594082397;162.21393057935876
VEHICLE_UPDATES;298000000000;veh_36;40.99992839615527;-8.641739783826472;8.116660280135218;166.4534521252031
VEHICLE_UPDATES;298000000000;veh_38;41.00314460433197;-8.642435133195336;7.821828732136362;180.11924835566708
VEHICLE_UPDATES;298000000000;veh_40;41.003077672040156;-8.642397790725202;8.573236100726787;180.31647028836332
VEHICLE_UPDATES;298000000000;veh_42;41.00328025718895;-8.642434027316238;8.256813691150288;180.11924835566708
VEHICLE_UPDATES;298000000000;veh_44;41.00322901439073;-8.642396393322487;7.985624494125447;180.11922223629136
VEHICLE_UPDATES;298000000000;veh_46;41.00472832911701;-8.642415107538897;0.0;180.29993154303952
VEHICLE_UPDATES;298000000000;veh_47;41.00464103203105;-8.64249496473705;0.0;90.72339311942727
VEHICLE_UPDATES;298000000000;veh_48;41.00472803195622;-8.642377057284518;0.0;180.2998879364582
VEHICLE_UPDATES;298000000000;veh_49;41.004669856305036;-8.642494336588303;0.0;90.72293676843755
VEHICLE_UPDATES;298000000000;veh_50;41.0047868869998;-8.642414386342287;0.0;180.29993154303952
VEHICLE_UPDATES;298000000000;veh_51;41.00467083493837;-8.642571633066249;0.0;90.72293676843755
VEHICLE_UPDATES;298000000000;veh_52;41.00489512453023;-8.642374999446268;7.96913747687971;180.29988793645856
VEHICLE_UPDATES;298000000000;veh_53;41.00464201140608;-8.642572282950141;0.050002736495962;90.7233931194289
VEHICLE_UPDATES;298000000000;veh_54;41.00545746209494;-8.642368525755197;9.568139068162152;180.13491255010246
VEHICLE_UPDATES;298000000000;veh_55;41.0046724591217;-8.642699926775093;8.31915258377483;90.72293676843753
VEHICLE_UPDATES;298000000000;veh_56;41.00636055018709;-8.642398309096595;8.027975316124254;180.19124020941587
VEHICLE_UPDATES;298000000000;veh_57;41.004648115383524;-8.643699996999777;8.024059940003625;90.20390216536425
VEHICLE_UPDATES;299000000000;veh_30;40.999896632078716;-8.641768960629495;6.977875834905978;166.44222828721598
VEHICLE_UPDATES;299000000000;veh_38;41.00307569855883;-8.642435878291055;7.644001011582748;180.33996405993338
VEHICLE_UPDATES;299000000000;veh_40;41.00300692080342;-8.642398981756521;7.860485564849366;180.49603027982118
VEHICLE_UPDATES;299000000000;veh_42;41.00320922099088;-8.642434606423521;7.8801876590115;180.11924835566748
VEHICLE_UPDATES;299000000000;veh_44;41.00314679240296;-8.642397063615661;9.13432143105608;180.11922223629097
VEHICLE_UPDATES;299000000000;veh_46;41.00472832911701;-8.642415107538897;0.0;180.29993154303952
VEHICLE_UPDATES;299000000000;veh_47;41.00464103203105;-8.64249496473705;0.0;90.72339311942727
VEHICLE_UPDATES;299000000000;veh_48;41.00472803195622;-8.642377057284518;0.0;180.2998879364582
VEHICLE_UPDATES;299000000000;veh_49;41.004669856305036;-8.642494336588303;0.0;90.72293676843755
VEHICLE_UPDATES;299000000000;veh_50;41.0047868869998;-8.642414386342287;0.0;180.29993154303952
VEHICLE_UPDATES;299000000000;veh_51;41.00467083493837;-8.642571633066249;0.0;90.72293676843755
VEHICLE_UPDATES;299000000000;veh_52;41.004830237934655;-8.642375798562487;7.203374879875825;180.29988793645856
VEHICLE_UPDATES;299000000000;veh_53;41.00464201106431;-8.642572255967941;0.002269854400068;90.72339311942727
VEHICLE_UPDATES;299000000000;veh_54;41.00537779862;-8.642369204064762;8.84362769958944;180.13491255010246
VEHICLE_UPDATES;299000000000;veh_55;41.00467183437272;-8.642650576722415;4.150601207662096;90.72293676843755
VEHICLE_UPDATES;299000000000;veh_56;41.006288239557215;-8.642399018629057;8.027805635623851;180.19124020941547
VEHICLE_UPDATES;299000000000;veh_57;41.00464787641757;-8.643593702333996;8.940930620897396;89.57905898949569
VEHICLE_UPDATES;300000000000;veh_38;41.003004286419035;-8.642437080488106;7.922384480861672;180.49607964342522
VEHICLE_UPDATES;300000000000;veh_40;41.00293735761024;-8.642400152785207;7.728493440758463;180.49603027982118
VEHICLE_UPDATES;300000000000;veh_42;41.00314375925466;-8.642435140084615;7.261801361180377;180.11924835566708
VEHICLE_UPDATES;300000000000;veh_44;41.00307446418759;-8.642397844726485;8.03534086296377;180.35004338332828
VEHICLE_UPDATES;300000000000;veh_46;41.00472832911701;-8.642415107538897;0.0;180.29993154303952
VEHICLE_UPDATES;300000000000;veh_47;41.00464103203105;-8.64249496473705;0.0;90.72339311942727
VEHICLE_UPDATES;300000000000;veh_48;41.00472803195622;-8.642377057284518;0.0;180.2998879364582
VEHICLE_UPDATES;300000000000;veh_49;41.004669856305036;-8.642494336588303;0.0;90.72293676843755
VEHICLE_UPDATES;300000000000;veh_50;41.0047868869998;-8.642414386342287;0.0;180.29993154303952
VEHICLE_UPDATES;300000000000;veh_51;41.00467083493837;-8.642571633066249;0.0;90.72293676843755
VEHICLE_UPDATES;300000000000;veh_52;41.00479233910956;-8.642376265307652;4.207331883406095;180.29988793645816
VEHICLE_UPDATES;300000000000;veh_53;41.00464201095857;-8.64257224762084;0.000702192630481;90.72339311942727
VEHICLE_UPDATES;300000000000;veh_54;41.00529010591716;-8.642370134976554;9.735093066430734;180.29988793645816
VEHICLE_UPDATES;300000000000;veh_55;41.00467181984941;-8.642649429520308;0.096485783802898;90.72293676843753
VEHICLE_UPDATES;300000000000;veh_56;41.00621848240896;-8.64239970310401;7.744322265952111;180.19124020941587
VEHICLE_UPDATES;300000000000;veh_57;41.00464812049595;-8.643495016903909;8.300709747862836;89.57905898949569
VEHICLE_UPDATES;301000000000;veh_38;41.00292923552647;-8.642438343938807;8.326063615488545;180.49607964342522
VEHICLE_UPDATES;301000000000;veh_40;41.002868974564244;-8.642401303944334;7.597378610565354;180.49603027982118
VEHICLE_UPDATES;301000000000;veh_42;41.003078705723276;-8.64243582766648;7.216643366806305;180.3085351345397
VEHICLE_UPDATES;301000000000;veh_44;41.003000951704806;-8.642399082240608;8.167260898806838;180.49603027982118
VEHICLE_UPDATES;301000000000;veh_46;41.00472832911701;-8.642415107538897;0.0;180.29993154303952
VEHICLE_UPDATES;301000000000;veh_47;41.00464103203105;-8.64249496473705;0.0;90.72339311942727
VEHICLE_UPDATES;301000000000;veh_48;41.00472803195622;-8.642377057284518;0.0;180.2998879364582
VEHICLE_UPDATES;301000000000;veh_49;41.004669856305036;-8.642494336588303;0.0;90.72293676843755
VEHICLE_UPDATES;301000000000;veh_50;41.0047868869998;-8.642414386342287;0.0;180.29993154303952
VEHICLE_UPDATES;301000000000;veh_51;41.00467083493837;-8.642571633066249;0.0;90.72293676843755
VEHICLE_UPDATES;301000000000;veh_52;41.00478717714788;-8.642376328880033;0.573054330598882;180.29988793645856
VEHICLE_UPDATES;301000000000;veh_53;41.00464201090626;-8.642572243490264;0.000347481160533;90.72339311942727
VEHICLE_UPDATES;301000000000;veh_54;41.00520356418089;-8.642371200804504;9.6074174643346;180.2998879364586
VEHICLE_UPDATES;301000000000;veh_55;41.00467181571338;-8.642649102812962;0.027477821107373;90.72293676843753
VEHICLE_UPDATES;301000000000;veh_56;41.006151340307184;-8.642400361917591;7.454004076227763;180.19124020941547
VEHICLE_UPDATES;301000000000;veh_57;41.00464838134869;-8.643389511513668;8.87435581245443;89.57905898949569
VEHICLE_UPDATES;302000000000;veh_38;41.002862587290906;-8.642439465931327;7.393881979779997;180.49607964342522
VEHICLE_UPDATES;302000000000;veh_40;41.002798218587856;-8.642402495046282;7.861011849112835;180.49603027982118
VEHICLE_UPDATES;302000000000;veh_42;41.0030065059107;-8.642437043123827;8.009768040587772;180.49607964342522
VEHICLE_UPDATES;302000000000;veh_44;41.00293641299866;-8.642400168686803;7.170271289381558;180.49603027982118
VEHICLE_UPDATES;302000000000;veh_46;41.00472832911701;-8.642415107538897;0.0;180.29993154303952
VEHICLE_UPDATES;302000000000;veh_47;41.00464103203105;-8.64249496473705;0.0;90.72339311942727
VEHICLE_UPDATES;302000000000;veh_48;41.00472803195622;-8.642377057284518;0.0;180.2998879364582
VEHICLE_UPDATES;302000000000;veh_49;41.004669856305036;-8.642494336588303;0.0;90.72293676843755
VEHICLE_UPDATES;302000000000;veh_50;41.0047868869998;-8.642414386342287;0.0;180.29993154303952
VEHICLE_UPDATES;302000000000;veh_51;41.00467083493837;-8.642571633066249;0.0;90.72293676843755
VEHICLE_UPDATES;302000000000;veh_52;41.00478667040126;-8.642376335120895;0.056256393193545;180.2998879364582
VEHICLE_UPDATES;302000000000;veh_53;41.00464201090626;-8.642572243490264;0.0;90.72339311942727
VEHICLE_UPDATES;302000000000;veh_54;41.00511888127816;-8.642372243735988;9.401059202904896;180.2998879364582
VEHICLE_UPDATES;302000000000;veh_55;41.004671814222434;-8.642648985043122;0.009905068377373;90.72293676843755
VEHICLE_UPDATES;302000000000;veh_56;41.006088317174864;-8.642400980313237;6.99672288350969;180.19124020941587
VEHICLE_UPDATES;302000000000;veh_57;41.00464835700953;-8.643284085027807;8.867695603254086;89.86833624206722
VEHICLE_UPDATES;303000000000;veh_38;41.00279636445632;-8.642440580759688;7.346688375118846;180.49607964342522
VEHICLE_UPDATES;303000000000;veh_40;41.00272245678103;-8.64240377041264;8.417161119521621;180.49603027982118
VEHICLE_UPDATES;303000000000;veh_42;41.00293833702927;-8.642438190718961;7.562580862622196;180.49607964342522
VEHICLE_UPDATES;303000000000;veh_44;41.00286785086198;-8.642401322860696;7.61727564198077;180.49603027982118
VEHICLE_UPDATES;303000000000;veh_46;41.00472832911701;-8.642415107538897;0.0;180.29993154303952
VEHICLE_UPDATES;303000000000;veh_47;41.00464103203105;-8.64249496473705;0.0;90.72339311942727
VEHICLE_UPDATES;303000000000;veh_48;41.00472803195622;-8.642377057284518;0.0;180.2998879364582
VEHICLE_UPDATES;303000000000;veh_49;41.004669856305036;-8.642494336588303;0.0;90.72293676843755
VEHICLE_UPDATES;303000000000;veh_50;41.0047868869998;-8.642414386342287;0.0;180.29993154303952
VEHICLE_UPDATES;303000000000;veh_51;41.00467083493837;-8.642571633066249;0.0;90.72293676843755
VEHICLE_UPDATES;303000000000;veh_52;41.004786625065144;-8.642376335679234;0.00503298055589;180.29988793645856
VEHICLE_UPDATES;303000000000;veh_53;41.00464201090626;-8.642572243490264;0.0;90.72339311942727
VEHICLE_UPDATES;303000000000;veh_54;41.00504081059172;-8.642373205230154;8.667004920527424;180.29988793645816
VEHICLE_UPDATES;303000000000;veh_55;41.00467181376326;-8.642648948772413;0.003050558965019;90.72293676843755
VEHICLE_UPDATES;303000000000;veh_56;41.00601566413953;-8.64240169676184;8.065820840175482;180.19553385125644
VEHICLE_UPDATES;303000000000;veh_57;41.004648212962124;-8.643177713874717;8.947144323764203;89.86833624206884
VEHICLE_REGISTRATION;303285714265;veh_58;[src.main.java.CarSendsCamAPP, src.main.java.EventProcessingApp, src.main.java.MainCarApp];Car
VEHICLE_REGISTRATION;303285714265;veh_59;[src.main.java.CarSendsCamAPP, src.main.java.EventProcessingApp, src.main.java.MainCarApp];Car_0
VEHICLE_UPDATES;304000000000;veh_38;41.00272122484237;-8.642441845694284;8.33590596016469;180.49607964342522
VEHICLE_UPDATES;304000000000;veh_40;41.00264575211062;-8.64240506164744;8.52191345275103;180.49603027982118
VEHICLE_UPDATES;304000000000;veh_42;41.00286678531802;-8.642439395259546;7.937868192507498;180.49607964342522
VEHICLE_UPDATES;304000000000;veh_44;41.002787554422234;-8.642402674565949;8.92096040333721;180.49603027982118
VEHICLE_UPDATES;304000000000;veh_46;41.00472832911701;-8.642415107538897;0.0;180.29993154303952
VEHICLE_UPDATES;304000000000;veh_47;41.00464103203105;-8.64249496473705;0.0;90.72339311942727
VEHICLE_UPDATES;304000000000;veh_48;41.00472803195622;-8.642377057284518;0.0;180.2998879364582
VEHICLE_UPDATES;304000000000;veh_49;41.004669856305036;-8.642494336588303;0.0;90.72293676843755
VEHICLE_UPDATES;304000000000;veh_50;41.0047868869998;-8.642414386342287;0.0;180.29993154303952
VEHICLE_UPDATES;304000000000;veh_51;41.00467083493837;-8.642571633066249;0.0;90.72293676843755
VEHICLE_UPDATES;304000000000;veh_52;41.00478659633295;-8.642376336033086;0.003189699960535;180.29988793645856
VEHICLE_UPDATES;304000000000;veh_53;41.00464201090626;-8.642572243490264;0.0;90.72339311942727
VEHICLE_UPDATES;304000000000;veh_54;41.00495716758102;-8.642374235348056;9.285615488685751;180.29988793645816
VEHICLE_UPDATES;304000000000;veh_55;41.004671813624526;-8.6426489378139;0.00092166915322;90.72293676843755
VEHICLE_UPDATES;304000000000;veh_56;41.00595334583593;-8.642402351691782;6.918501938355373;180.2215031987318
VEHICLE_UPDATES;304000000000;veh_57;41.004648086341916;-8.64308427155305;7.859667985504327;89.86833624206722
VEHICLE_UPDATES;305000000000;veh_38;41.00265523043006;-8.642442956671486;7.321347276409814;180.49607964342522
VEHICLE_UPDATES;305000000000;veh_40;41.00257138332554;-8.64240631355681;8.26239573136161;180.49603027982118
VEHICLE_UPDATES;305000000000;veh_42;41.00279560824416;-8.642440593490127;7.89630622914305;180.49607964342522
VEHICLE_UPDATES;305000000000;veh_44;41.002713186579705;-8.642403926465997;8.262291223136323;180.49603027982118
VEHICLE_UPDATES;305000000000;veh_46;41.00472832911701;-8.642415107538897;0.0;180.29993154303952
VEHICLE_UPDATES;305000000000;veh_47;41.00464103203105;-8.64249496473705;0.0;90.72339311942727
VEHICLE_UPDATES;305000000000;veh_48;41.00472803195622;-8.642377057284518;0.0;180.2998879364582
VEHICLE_UPDATES;305000000000;veh_49;41.004669856305036;-8.642494336588303;0.0;90.72293676843755
VEHICLE_UPDATES;305000000000;veh_50;41.0047868869998;-8.642414386342287;0.0;180.29993154303952
VEHICLE_UPDATES;305000000000;veh_51;41.00467083493837;-8.642571633066249;0.0;90.72293676843755
VEHICLE_UPDATES;305000000000;veh_52;41.00478659298772;-8.642376336074285;0.000371369934431;180.29988793645856
VEHICLE_UPDATES;305000000000;veh_53;41.00464201090626;-8.642572243490264;0.0;90.72339311942727
VEHICLE_UPDATES;305000000000;veh_54;41.00489107291977;-8.64237504934427;7.337488174760294;180.2998879364582
VEHICLE_UPDATES;305000000000;veh_55;41.004671813527736;-8.642648930168264;0.000643038585259;90.72293676843755
VEHICLE_UPDATES;305000000000;veh_56;41.005885817426474;-8.64240293157907;7.49684278847392;180.13491255010234
VEHICLE_UPDATES;305000000000;veh_57;41.00464718288399;-8.642980620881746;8.719101707744246;90.72339311942727
VEHICLE_UPDATES;306000000000;veh_38;41.00258649254682;-8.642444113830539;7.625704822698333;180.49607964342522
VEHICLE_UPDATES;306000000000;veh_40;41.002492338326384;-8.642407644180883;8.781924486278582;180.49603027982118
VEHICLE_UPDATES;306000000000;veh_42;41.00272654621694;-8.642441756111948;7.661665189718544;180.49607964342522
VEHICLE_UPDATES;306000000000;veh_44;41.002641421445574;-8.642405134549088;7.973129379878109;180.49603027982158
VEHICLE_UPDATES;306000000000;veh_46;41.00472832911701;-8.642415107538897;0.0;180.29993154303952
VEHICLE_UPDATES;306000000000;veh_47;41.00464103203105;-8.64249496473705;0.0;90.72339311942727
VEHICLE_UPDATES;306000000000;veh_48;41.00472803195622;-8.642377057284518;0.0;180.2998879364582
VEHICLE_UPDATES;306000000000;veh_49;41.004669856305036;-8.642494336588303;0.0;90.72293676843755
VEHICLE_UPDATES;306000000000;veh_50;41.0047868869998;-8.642414386342287;0.0;180.29993154303952
VEHICLE_UPDATES;306000000000;veh_51;41.00467083493837;-8.642571633066249;0.0;90.72293676843755
VEHICLE_UPDATES;306000000000;veh_52;41.00478659298772;-8.642376336074285;0.0;180.29988793645856
VEHICLE_UPDATES;306000000000;veh_53;41.00464201090626;-8.642572243490264;0.0;90.72339311942727
VEHICLE_UPDATES;306000000000;veh_54;41.00485635681631;-8.64237547689349;3.85400259940714;180.29988793645816
VEHICLE_UPDATES;306000000000;veh_55;41.004671813527736;-8.642648930168264;0.0;90.72293676843755
VEHICLE_UPDATES;306000000000;veh_56;41.00581296431514;-8.642403551870165;8.087975153338382;180.13491255010274
VEHICLE_UPDATES;306000000000;veh_57;41.00464582676202;-8.642873530952858;9.00884678954242;90.72339311942727
VEHICLE_UPDATES;306000000000;veh_58;41.00656110831576;-8.642358288106344;7.672792666595399;180.14766920785996
VEHICLE_UPDATES;306000000000;veh_59;41.00467858171689;-8.644005781934917;6.228602410897552;90.16591395568992
VEHICLE_UPDATES;307000000000;veh_38;41.00252176141974;-8.64244520353569;7.181199634503299;180.49607964342522
VEHICLE_UPDATES;307000000000;veh_40;41.00242231391242;-8.642408822951404;7.779734506227102;180.49603027982158
VEHICLE_UPDATES;307000000000;veh_42;41.00265507871736;-8.642442959225477;7.928525540812595;180.49607964342522
VEHICLE_UPDATES;307000000000;veh_44;41.00256641009365;-8.642406397275089;8.333785105974822;180.49603027982118
VEHICLE_UPDATES;307000000000;veh_46;41.00472832911701;-8.642415107538897;0.0;180.29993154303952
VEHICLE_UPDATES;307000000000;veh_47;41.00464103203105;-8.64249496473705;0.0;90.72339311942727
VEHICLE_UPDATES;307000000000;veh_48;41.00472803195622;-8.642377057284518;0.0;180.2998879364582
VEHICLE_UPDATES;307000000000;veh_49;41.004669856305036;-8.642494336588303;0.0;90.72293676843755
VEHICLE_UPDATES;307000000000;veh_50;41.0047868869998;-8.642414386342287;0.0;180.29993154303952
VEHICLE_UPDATES;307000000000;veh_51;41.00467083493837;-8.642571633066249;0.0;90.72293676843755
VEHICLE_UPDATES;307000000000;veh_52;41.00478659199745;-8.64237633608648;0.000109934412285;180.29988793645816
VEHICLE_UPDATES;307000000000;veh_53;41.00464201090626;-8.642572243490264;0.0;90.72339311942727
VEHICLE_UPDATES;307000000000;veh_54;41.00484851930581;-8.642375573416958;0.870079956126679;180.29988793645816
VEHICLE_UPDATES;307000000000;veh_55;41.004671813527736;-8.642648930168264;0.0;90.72293676843755
VEHICLE_UPDATES;307000000000;veh_56;41.00574057653557;-8.64240416819737;8.036315054271588;180.13491255010234
VEHICLE_UPDATES;307000000000;veh_57;41.00464461045715;-8.642777488752262;8.079466655794365;90.72339311942727
VEHICLE_UPDATES;307000000000;veh_58;41.00649259156925;-8.642358959668845;7.606256365383945;180.19124020941572
VEHICLE_UPDATES;307000000000;veh_59;41.0046781496226;-8.643923983430081;6.878893775956644;90.16591395568992
VEHICLE_UPDATES;308000000000;veh_38;41.002455554492094;-8.642446318082266;7.344923231061274;180.49607964342522
VEHICLE_UPDATES;308000000000;veh_40;41.00235313019759;-8.642409987566856;7.686332472858045;180.49603027982118
VEHICLE_UPDATES;308000000000;veh_42;41.00258632278716;-8.642444116688333;7.627706932198445;180.49607964342522
VEHICLE_UPDATES;308000000000;veh_44;41.00249391443599;-8.642407617649079;8.054290565128397;180.49603027982118
VEHICLE_UPDATES;308000000000;veh_46;41.00472832911701;-8.642415107538897;0.0;180.29993154303952
VEHICLE_UPDATES;308000000000;veh_47;41.00464103203105;-8.64249496473705;0.0;90.72339311942727
VEHICLE_UPDATES;308000000000;veh_48;41.00472803195622;-8.642377057284518;0.0;180.2998879364582
VEHICLE_UPDATES;308000000000;veh_49;41.004669856305036;-8.642494336588303;0.0;90.72293676843755
VEHICLE_UPDATES;308000000000;veh_50;41.0047868869998;-8.642414386342287;0.0;180.29993154303952
VEHICLE_UPDATES;308000000000;veh_51;41.00467083493837;-8.642571633066249;0.0;90.72293676843755
VEHICLE_UPDATES;308000000000;veh_52;41.00478659199745;-8.64237633608648;0.0;180.29988793645816
VEHICLE_UPDATES;308000000000;veh_53;41.00464201090626;-8.642572243490264;0.0;90.72339311942727
VEHICLE_UPDATES;308000000000;veh_54;41.00484567054406;-8.642375608501096;0.316254823469195;180.29988793645816
VEHICLE_UPDATES;308000000000;veh_55;41.004671813527736;-8.642648930168264;0.0;90.72293676843755
VEHICLE_UPDATES;308000000000;veh_56;41.005668153360574;-8.642404784824011;8.040244464797185;180.13491255010234
VEHICLE_UPDATES;308000000000;veh_57;41.004643590390785;-8.642696946865398;6.775516500575843;90.72339311942727
VEHICLE_UPDATES;308000000000;veh_58;41.006424973453896;-8.642359623199617;7.506496908286556;180.19124020941572
VEHICLE_UPDATES;308000000000;veh_59;41.004677703167424;-8.643839477849138;7.106547077906257;90.16591395568992
VEHICLE_UPDATES;309000000000;veh_38;41.00238193625671;-8.642447557389747;8.16712540167822;180.49607964342522
VEHICLE_UPDATES;309000000000;veh_40;41.00227553772737;-8.64241129372894;8.620547724191125;180.49603027982118
VEHICLE_UPDATES;309000000000;veh_42;41.00252460933875;-8.642445155592936;6.84642170333579;180.49607964342522
VEHICLE_UPDATES;309000000000;veh_44;41.002426990106784;-8.64240874423381;7.435314115732447;180.49603027982118
VEHICLE_UPDATES;309000000000;veh_46;41.00472832911701;-8.642415107538897;0.0;180.29993154303952
VEHICLE_UPDATES;309000000000;veh_47;41.00464103203105;-8.64249496473705;0.0;90.72339311942727
VEHICLE_UPDATES;309000000000;veh_48;41.00472803195622;-8.642377057284518;0.0;180.2998879364582
VEHICLE_UPDATES;309000000000;veh_49;41.004669856305036;-8.642494336588303;0.0;90.72293676843755
VEHICLE_UPDATES;309000000000;veh_50;41.0047868869998;-8.642414386342287;0.0;180.29993154303952
VEHICLE_UPDATES;309000000000;veh_51;41.00467083493837;-8.642571633066249;0.0;90.72293676843755
VEHICLE_UPDATES;309000000000;veh_52;41.00478659199745;-8.64237633608648;0.0;180.29988793645816
VEHICLE_UPDATES;309000000000;veh_53;41.00464201090626;-8.642572243490264;0.0;90.72339311942727
VEHICLE_UPDATES;309000000000;veh_54;41.00484521221758;-8.642375614145651;0.050881039839457;180.29988793645816
VEHICLE_UPDATES;309000000000;veh_55;41.004671813527736;-8.642648930168264;0.0;90.72293676843755
VEHICLE_UPDATES;309000000000;veh_56;41.005606313530706;-8.642405311340228;6.86530718865081;180.13491255010274
VEHICLE_UPDATES;309000000000;veh_57;41.00464301649108;-8.64265163513503;3.811810193765347;90.72339311942727
VEHICLE_UPDATES;309000000000;veh_58;41.00635660900565;-8.6423602940522;7.589349547474614;180.1912402094153
VEHICLE_UPDATES;309000000000;veh_59;41.004677302670125;-8.643763681204316;6.374164029534845;90.16591395568992
VEHICLE_UPDATES;310000000000;veh_38;41.00231585976612;-8.64244866973478;7.33045250609024;180.49607964342522
VEHICLE_UPDATES;310000000000;veh_40;41.00220350546482;-8.642412506289265;8.002806807870071;180.49603027982118
VEHICLE_UPDATES;310000000000;veh_42;41.00245150933413;-8.642446386179538;8.109633556531126;180.49607964342522
VEHICLE_UPDATES;310000000000;veh_44;41.002346963792604;-8.642410091369905;8.890948667801469;180.49603027982118
VEHICLE_UPDATES;310000000000;veh_46;41.00472832911701;-8.642415107538897;0.0;180.29993154303952
VEHICLE_UPDATES;310000000000;veh_47;41.00464103203105;-8.64249496473705;0.0;90.72339311942727
VEHICLE_UPDATES;310000000000;veh_48;41.00472803195622;-8.642377057284518;0.0;180.2998879364582
VEHICLE_UPDATES;310000000000;veh_49;41.004669856305036;-8.642494336588303;0.0;90.72293676843755
VEHICLE_UPDATES;310000000000;veh_50;41.0047868869998;-8.642414386342287;0.0;180.29993154303952
VEHICLE_UPDATES;310000000000;veh_51;41.00467083493837;-8.642571633066249;0.0;90.72293676843755
VEHICLE_UPDATES;310000000000;veh_52;41.00478659199745;-8.64237633608648;0.0;180.29988793645816
VEHICLE_UPDATES;310000000000;veh_53;41.00464201090626;-8.642572243490264;0.0;90.72339311942727
VEHICLE_UPDATES;310000000000;veh_54;41.00484516392751;-8.64237561474037;0.005360915318273;180.29988793645856
VEHICLE_UPDATES;310000000000;veh_55;41.004671813527736;-8.642648930168264;0.0;90.72293676843755
VEHICLE_UPDATES;310000000000;veh_56;41.005541659548854;-8.642405861815176;7.177727402688221;180.13491255010234
VEHICLE_UPDATES;310000000000;veh_57;41.00464300094185;-8.642650407478673;0.103275532176116;90.72339311942727
VEHICLE_UPDATES;310000000000;veh_58;41.00629185836983;-8.642360929441093;7.188168931988969;180.19124020941572
VEHICLE_UPDATES;310000000000;veh_59;41.00467687329702;-8.64369080164179;6.128891978247962;90.23625990970544
VEHICLE_UPDATES;311000000000;veh_38;41.00225157976892;-8.642449751834679;7.131151442681165;180.49607964342522
VEHICLE_UPDATES;311000000000;veh_40;41.00213082546562;-8.642451751994155;7.720974440478746;180.47282324749813
VEHICLE_UPDATES;311000000000;veh_42;41.00238617750875;-8.642447485991559;7.247840265648461;180.49607964342522
VEHICLE_UPDATES;311000000000;veh_44;41.002271357878946;-8.642411364090812;8.399840661773018;180.49603027982118
VEHICLE_UPDATES;311000000000;veh_46;41.00472832911701;-8.642415107538897;0.0;180.29993154303952
VEHICLE_UPDATES;311000000000;veh_47;41.00464103203105;-8.64249496473705;0.0;90.72339311942727
VEHICLE_UPDATES;311000000000;veh_48;41.00472803195622;-8.642377057284518;0.0;180.2998879364582
VEHICLE_UPDATES;311000000000;veh_49;41.004669856305036;-8.642494336588303;0.0;90.72293676843755
VEHICLE_UPDATES;311000000000;veh_50;41.0047868869998;-8.642414386342287;0.0;180.29993154303952
VEHICLE_UPDATES;311000000000;veh_51;41.00467083493837;-8.642571633066249;0.0;90.72293676843755
VEHICLE_UPDATES;311000000000;veh_52;41.00478659199745;-8.64237633608648;0.0;180.29988793645816
VEHICLE_UPDATES;311000000000;veh_53;41.00464201090626;-8.642572243490264;0.0;90.72339311942727
VEHICLE_UPDATES;311000000000;veh_54;41.004845154777335;-8.64237561485306;0.001015803512276;180.29988793645816
VEHICLE_UPDATES;311000000000;veh_55;41.004671813527736;-8.642648930168264;0.0;90.72293676843755
VEHICLE_UPDATES;311000000000;veh_56;41.00547950098742;-8.642406391042242;6.900691837549427;180.13491255010234
VEHICLE_UPDATES;311000000000;veh_57;41.004642994595;-8.642649906377068;0.042154740291658;90.72339311942727
VEHICLE_UPDATES;311000000000;veh_58;41.0062227084743;-8.642399661636833;7.701783391604169;180.19124020941547
VEHICLE_UPDATES;311000000000;veh_59;41.004676638836585;-8.643619188780292;6.022365363964751;89.85005973462422
VEHICLE_UPDATES;312000000000;veh_38;41.002187044876685;-8.642450835718055;7.159426488404438;180.49306460107132
VEHICLE_UPDATES;312000000000;veh_40;41.002056263825445;-8.642452967212924;8.271743066471096;180.4728232474978
VEHICLE_UPDATES;312000000000;veh_42;41.0023179140511;-8.64244863515257;7.573072206872872;180.49607964342522
VEHICLE_UPDATES;312000000000;veh_44;41.00219309607078;-8.64241268151629;8.694911253957358;180.49603027982118
VEHICLE_UPDATES;312000000000;veh_46;41.00472832911701;-8.642415107538897;0.0;180.29993154303952
VEHICLE_UPDATES;312000000000;veh_47;41.00464103203105;-8.64249496473705;0.0;90.72339311942727
VEHICLE_UPDATES;312000000000;veh_48;41.00472803195622;-8.642377057284518;0.0;180.2998879364582
VEHICLE_UPDATES;312000000000;veh_49;41.004669856305036;-8.642494336588303;0.0;90.72293676843755
VEHICLE_UPDATES;312000000000;veh_50;41.0047868869998;-8.642414386342287;0.0;180.29993154303952
VEHICLE_UPDATES;312000000000;veh_51;41.00467083493837;-8.642571633066249;0.0;90.72293676843755
VEHICLE_UPDATES;312000000000;veh_52;41.00478659199745;-8.64237633608648;0.0;180.29988793645816
VEHICLE_UPDATES;312000000000;veh_53;41.00464201090626;-8.642572243490264;0.0;90.72339311942727
VEHICLE_UPDATES;312000000000;veh_54;41.004845152557145;-8.642375614880402;0.000246474159896;180.29988793645816
VEHICLE_UPDATES;312000000000;veh_55;41.004671813527736;-8.642648930168264;0.0;90.72293676843755
VEHICLE_UPDATES;312000000000;veh_56;41.00541741190631;-8.642406919676326;6.892978225939193;180.13491255010234
VEHICLE_UPDATES;312000000000;veh_57;41.00464299028389;-8.642649566003413;0.028633640036513;90.72339311942727
VEHICLE_UPDATES;312000000000;veh_58;41.00616224888575;-8.64240025488026;6.712122620925276;180.19124020941587
VEHICLE_UPDATES;312000000000;veh_59;41.00467683182312;-8.643541242078443;6.554850089874058;89.57888711287109
VEHICLE_UPDATES;313000000000;veh_38;41.002114210351095;-8.642452022790517;8.080139961154357;180.4728232474978
VEHICLE_UPDATES;313000000000;veh_40;41.001982317332484;-8.642454172402598;8.203499559873741;180.47282324749773
VEHICLE_UPDATES;313000000000;veh_42;41.00225627613149;-8.642449672775436;6.838042294426489;180.49607964342562
VEHICLE_UPDATES;313000000000;veh_44;41.00210685764851;-8.642414088198295;9.581067881004234;180.47290371069997
VEHICLE_UPDATES;313000000000;veh_46;41.00472832911701;-8.642415107538897;0.0;180.29993154303952
VEHICLE_UPDATES;313000000000;veh_47;41.004640848470764;-8.642479127599533;1.33150255237706;90.69628211952732
VEHICLE_UPDATES;313000000000;veh_48;41.00472803195622;-8.642377057284518;0.0;180.2998879364582
VEHICLE_UPDATES;313000000000;veh_49;41.004669602160746;-8.642470058721761;2.043993928330019;90.63824276739953
VEHICLE_UPDATES;313000000000;veh_50;41.0047868869998;-8.642414386342287;0.0;180.29993154303952
VEHICLE_UPDATES;313000000000;veh_51;41.00467083493837;-8.642571633066249;0.0;90.72293676843755
VEHICLE_UPDATES;313000000000;veh_52;41.00478659199745;-8.64237633608648;0.0;180.29988793645816
VEHICLE_UPDATES;313000000000;veh_53;41.00464201090626;-8.642572243490264;0.0;90.72339311942727
VEHICLE_UPDATES;313000000000;veh_54;41.004845152557145;-8.642375614880402;0.0;180.29988793645816
VEHICLE_UPDATES;313000000000;veh_55;41.004671813527736;-8.642648930168264;0.0;90.72293676843755
VEHICLE_UPDATES;313000000000;veh_56;41.00534871139236;-8.642407504599312;7.626963274238848;180.13491255010234
VEHICLE_UPDATES;313000000000;veh_57;41.00464298993666;-8.642649538588053;0.002306293465509;90.72339311942727
VEHICLE_UPDATES;313000000000;veh_58;41.006094140913916;-8.642400923169607;7.561233282372325;180.19124020941547
VEHICLE_UPDATES;313000000000;veh_59;41.00467703252108;-8.643460158143615;6.818672559315278;89.57888711286945
VEHICLE_REGISTRATION;313571428550;veh_60;[src.main.java.CarSendsCamAPP, src.main.java.EventProcessingApp, src.main.java.MainCarApp];Car
VEHICLE_REGISTRATION;313571428550;veh_61;[src.main.java.CarSendsCamAPP, src.main.java.EventProcessingApp, src.main.java.MainCarApp];Car_0
VEHICLE_UPDATES;314000000000;veh_38;41.00204419276885;-8.642453163948819;7.767632894109563;180.47282324749773
VEHICLE_UPDATES;314000000000;veh_40;41.00190972797419;-8.642455355470299;8.052941218346383;180.47282324749773
VEHICLE_UPDATES;314000000000;veh_42;41.002185803628095;-8.642450855948212;7.818137764946406;180.49226398781312
VEHICLE_UPDATES;314000000000;veh_44;41.00202526103222;-8.642415418271213;9.065363280910347;180.47290371069997
VEHICLE_UPDATES;314000000000;veh_46;41.00472832911701;-8.642415107538897;0.0;180.29993154303952
VEHICLE_UPDATES;314000000000;veh_47;41.00464056034988;-8.64244456948065;2.900300236884505;90.45880609460156
VEHICLE_UPDATES;314000000000;veh_48;41.00472803195622;-8.642377057284518;0.0;180.2998879364582
VEHICLE_UPDATES;314000000000;veh_49;41.00466920385929;-8.642422410556843;4.015535385953262;90.39760485622517
VEHICLE_UPDATES;314000000000;veh_50;41.0047868869998;-8.642414386342287;0.0;180.29993154303952
VEHICLE_UPDATES;314000000000;veh_51;41.00467060301293;-8.642553314273078;1.540707755080622;90.72293676843753
VEHICLE_UPDATES;314000000000;veh_52;41.00478659199745;-8.64237633608648;0.0;180.29988793645816
VEHICLE_UPDATES;314000000000;veh_53;41.00464188973294;-8.642562677060932;0.804767646027097;90.72339311942727
VEHICLE_UPDATES;314000000000;veh_54;41.004845152557145;-8.642375614880402;0.0;180.29988793645816
VEHICLE_UPDATES;314000000000;veh_55;41.004671813527736;-8.642648930168264;0.0;90.72293676843755
VEHICLE_UPDATES;314000000000;veh_56;41.00527799728145;-8.642408337781939;7.850661143671939;180.29993154303952
VEHICLE_UPDATES;314000000000;veh_57;41.00464298973818;-8.642649522918473;0.001318189981348;90.7233931194289
VEHICLE_UPDATES;314000000000;veh_58;41.006027568454364;-8.642401576390366;7.390763187435425;180.19124020941547
VEHICLE_UPDATES;314000000000;veh_59;41.00467721413614;-8.643386764027365;6.172004935678965;89.57888711287109
VEHICLE_UPDATES;315000000000;veh_38;41.0019811814551;-8.64245419091525;6.990369162725121;180.47282324749773
VEHICLE_UPDATES;315000000000;veh_40;41.00183497636164;-8.64245657377528;8.292817957049262;180.47282324749773
VEHICLE_UPDATES;315000000000;veh_42;41.00211822225314;-8.642413902948224;7.853160692899891;180.47290371069997
VEHICLE_UPDATES;315000000000;veh_44;41.00194529279056;-8.642416721796762;8.884451148093028;180.47290371069997
VEHICLE_UPDATES;315000000000;veh_46;41.00472832911701;-8.642415107538897;0.0;180.29993154303952
VEHICLE_UPDATES;315000000000;veh_47;41.004640114733114;-8.64239112326096;4.485489685065112;90.39595623630524
VEHICLE_UPDATES;315000000000;veh_48;41.00472803195622;-8.642377057284518;0.0;180.2998879364582
VEHICLE_UPDATES;315000000000;veh_49;41.00466864121496;-8.642355106332372;5.672044250718317;90.39760485622517
VEHICLE_UPDATES;315000000000;veh_50;41.0047868869998;-8.642414386342287;0.0;180.29993154303952
VEHICLE_UPDATES;315000000000;veh_51;41.004670078764576;-8.642511906996234;3.482571848799672;90.72293676843753
VEHICLE_UPDATES;315000000000;veh_52;41.00478659199745;-8.64237633608648;0.0;180.29988793645816
VEHICLE_UPDATES;315000000000;veh_53;41.00464147919665;-8.642530266378962;2.726520791525321;90.72339311942727
VEHICLE_UPDATES;315000000000;veh_54;41.004845152557145;-8.642375614880402;0.0;180.29988793645816
VEHICLE_UPDATES;315000000000;veh_55;41.004671640841664;-8.642635289693244;1.147236321983008;90.72293676843755
VEHICLE_UPDATES;315000000000;veh_56;41.00520731495305;-8.642409208319311;7.847157597017691;180.29993154303912
VEHICLE_UPDATES;315000000000;veh_57;41.00464291617405;-8.642643714838934;0.488599682319696;90.7233931194289
VEHICLE_UPDATES;315000000000;veh_58;41.00596077106954;-8.642402273656886;7.415761010888002;180.2215031987318
VEHICLE_UPDATES;315000000000;veh_59;41.004677224247075;-8.643314446116241;6.081488698788858;89.84728101371506
VEHICLE_UPDATES;316000000000;veh_38;41.00190702626158;-8.642455399502985;8.226652341298484;180.47282324749773
VEHICLE_UPDATES;316000000000;veh_40;41.00176230022668;-8.642457758250805;8.062567863079746;180.47282324749773
VEHICLE_UPDATES;316000000000;veh_42;41.00204130336556;-8.642415156772046;8.545668834138308;180.47290371069997
VEHICLE_UPDATES;316000000000;veh_44;41.001863779808524;-8.642418050498437;9.056071277793777;180.47290371069997
VEHICLE_UPDATES;316000000000;veh_46;41.00472832911701;-8.642415107538897;0.0;180.29993154303952
VEHICLE_UPDATES;316000000000;veh_47;41.00463952878248;-8.642320850255253;5.897682758583687;90.39595623630524
VEHICLE_UPDATES;316000000000;veh_48;41.00472803195622;-8.642377057284518;0.0;180.2998879364582
VEHICLE_UPDATES;316000000000;veh_49;41.00466837883732;-8.642262121815785;7.828044254995307;89.60217781615044
VEHICLE_UPDATES;316000000000;veh_50;41.0047868869998;-8.642414386342287;0.0;180.29993154303952
VEHICLE_UPDATES;316000000000;veh_51;41.004669359930155;-8.642441080784483;5.963865868250106;90.43956390655948
VEHICLE_UPDATES;316000000000;veh_52;41.00478659199745;-8.64237633608648;0.0;180.29988793645816
VEHICLE_UPDATES;316000000000;veh_53;41.004640834145654;-8.642477409371285;4.44542571905135;90.68445623980797
VEHICLE_UPDATES;316000000000;veh_54;41.004845152557145;-8.642375614880402;0.0;180.29988793645816
VEHICLE_UPDATES;316000000000;veh_55;41.004671095612785;-8.642592222893647;3.622146393265656;90.72293676843755
VEHICLE_UPDATES;316000000000;veh_56;41.005138210400474;-8.642410059422152;7.671992707473443;180.29993154303912
VEHICLE_UPDATES;316000000000;veh_57;41.00464260112239;-8.642618840953686;2.092494159830396;90.7233931194289
VEHICLE_UPDATES;316000000000;veh_58;41.005889408932745;-8.642402900999965;7.92246285961379;180.13491255010234
VEHICLE_UPDATES;316000000000;veh_59;41.0046771165065;-8.64323494156908;6.685830609521768;89.86843701764728
VEHICLE_UPDATES;316000000000;veh_60;41.00655773685191;-8.642358320402009;8.047068874342312;180.1507965132041
VEHICLE_UPDATES;316000000000;veh_61;41.00464967245135;-8.643990181982835;7.565224462900349;90.16591395569088
VEHICLE_UPDATES;317000000000;veh_38;41.001841768507745;-8.642456463076734;7.239585267738165;180.47282324749773
VEHICLE_UPDATES;317000000000;veh_40;41.001690350304905;-8.642458930887365;7.982002894745235;180.47282324749773
VEHICLE_UPDATES;317000000000;veh_42;41.00196259701637;-8.642416439728859;8.744255244119671;180.47290371069997
VEHICLE_UPDATES;317000000000;veh_44;41.001781775875344;-8.642419387198807;9.11061569172172;180.47290371069997
VEHICLE_UPDATES;317000000000;veh_46;41.00472832911701;-8.642415107538897;0.0;180.29993154303952
VEHICLE_UPDATES;317000000000;veh_47;41.00463960553976;-8.642237333533796;7.021659884244397;89.60223657676934
VEHICLE_UPDATES;317000000000;veh_48;41.00472803195622;-8.642377057284518;0.0;180.2998879364582
VEHICLE_UPDATES;317000000000;veh_49;41.00466855398587;-8.642180889496041;6.832228731677292;89.6021778161488
VEHICLE_UPDATES;317000000000;veh_50;41.0047868869998;-8.642414386342287;0.0;180.29993154303952
VEHICLE_UPDATES;317000000000;veh_51;41.0046686620553;-8.642357599197723;7.035386803355427;90.39760485622517
VEHICLE_UPDATES;317000000000;veh_52;41.00478659199745;-8.64237633608648;0.0;180.29988793645816
VEHICLE_UPDATES;317000000000;veh_53;41.00464032474708;-8.642416311468441;5.127659394420086;90.3959562363036
VEHICLE_UPDATES;317000000000;veh_54;41.004845152557145;-8.642375614880402;0.0;180.29988793645816
VEHICLE_UPDATES;317000000000;veh_55;41.0046703553482;-8.642533752554506;4.917665923640084;90.72293676843753
VEHICLE_UPDATES;317000000000;veh_56;41.005065334682676;-8.642410956968778;8.090667656657503;180.29993154303912
VEHICLE_UPDATES;317000000000;veh_57;41.00464196718306;-8.642568791610223;4.21035795557372;90.72339311942727
VEHICLE_UPDATES;317000000000;veh_58;41.005821436301346;-8.642403479737483;7.546156154693074;180.13491255010234
VEHICLE_UPDATES;317000000000;veh_59;41.004648179047145;-8.64315268004606;6.958169385695769;89.86833624206884
VEHICLE_UPDATES;317000000000;veh_60;41.006489038321206;-8.642358994536611;7.62643725528842;180.1912402094153
VEHICLE_UPDATES;317000000000;veh_61;41.004649178133945;-8.64389660750986;7.870961783699729;90.16591395568926
VEHICLE_UPDATES;318000000000;veh_38;41.00177098879131;-8.64245761664476;7.852182400235632;180.47282324749773
VEHICLE_UPDATES;318000000000;veh_40;41.0016128648927;-8.6424601937376;8.596100746562731;180.4728232474978
VEHICLE_UPDATES;318000000000;veh_42;41.001885294621694;-8.642417699796797;8.588276138568876;180.47290371069997
VEHICLE_UPDATES;318000000000;veh_44;41.00170055446142;-8.64242071113976;9.023677871159558;180.47290371069997
VEHICLE_UPDATES;318000000000;veh_46;41.00472832911701;-8.642415107538897;0.0;180.29993154303952
VEHICLE_UPDATES;318000000000;veh_47;41.00463978903768;-8.642152189119878;7.160209652354203;89.60223657676934
VEHICLE_UPDATES;318000000000;veh_48;41.00472803195622;-8.642377057284518;0.0;180.2998879364582
VEHICLE_UPDATES;318000000000;veh_49;41.00466875852673;-8.642085991666821;7.981597438558361;89.60217781614881
VEHICLE_UPDATES;318000000000;veh_50;41.0047868869998;-8.642414386342287;0.0;180.29993154303952
VEHICLE_UPDATES;318000000000;veh_51;41.00466834983917;-8.642275568339167;6.907179384325532;89.80320545078342
VEHICLE_UPDATES;318000000000;veh_52;41.00478659199745;-8.64237633608648;0.0;180.29988793645816
VEHICLE_UPDATES;318000000000;veh_53;41.00463969998613;-8.642341382162817;6.288464058896377;90.39595623630524
VEHICLE_UPDATES;318000000000;veh_54;41.004845152557145;-8.642375614880402;0.0;180.29988793645816
VEHICLE_UPDATES;318000000000;veh_55;41.00466943733018;-8.642450340019462;7.020873960174573;90.5031022562854
VEHICLE_UPDATES;318000000000;veh_56;41.004998015758446;-8.642411786074945;7.473751924873547;180.29993154303952
VEHICLE_UPDATES;318000000000;veh_57;41.00464127248059;-8.642513947002735;4.613755523495278;90.72339311942727
VEHICLE_UPDATES;318000000000;veh_58;41.005758349979374;-8.642404016870113;7.003689892849854;180.13491255010234
VEHICLE_UPDATES;318000000000;veh_59;41.00464807196857;-8.643073667941628;6.645906241608723;89.86833624206884
VEHICLE_UPDATES;318000000000;veh_60;41.00642432414238;-8.642359629571247;7.184121895781663;180.19124020941572
VEHICLE_UPDATES;318000000000;veh_61;41.00464869580638;-8.643805316582664;7.678882830696219;90.16591395568926
VEHICLE_UPDATES;319000000000;veh_38;41.00170517198088;-8.642458689324618;7.301605886951746;180.47282324749773
VEHICLE_UPDATES;319000000000;veh_40;41.00153424698475;-8.64246147504144;8.721737789667237;180.4728232474978
VEHICLE_UPDATES;319000000000;veh_42;41.001814835184334;-8.642418848317941;7.828025238372033;180.47290371069997
VEHICLE_UPDATES;319000000000;veh_44;41.00161924108654;-8.642422036575724;9.033894581456948;180.47290371069997
VEHICLE_UPDATES;319000000000;veh_46;41.00472832911701;-8.642415107538897;0.0;180.29993154303952
VEHICLE_UPDATES;319000000000;veh_47;41.00463998988142;-8.642058962648933;7.83986930252631;89.60223657676934
VEHICLE_UPDATES;319000000000;veh_48;41.00472803195622;-8.642377057284518;0.0;180.2998879364582
VEHICLE_UPDATES;319000000000;veh_49;41.00466893629898;-8.642003483824316;6.939509466720169;89.6021778161488
VEHICLE_UPDATES;319000000000;veh_50;41.0047868869998;-8.642414386342287;0.0;180.29993154303952
VEHICLE_UPDATES;319000000000;veh_51;41.00466855807482;-8.642178992766912;8.122707828990308;89.6021778161488
VEHICLE_UPDATES;319000000000;veh_52;41.00478659199745;-8.64237633608648;0.0;180.29988793645816
VEHICLE_UPDATES;319000000000;veh_53;41.004639552262084;-8.642262049308593;6.666336077133044;89.60223657677096
VEHICLE_UPDATES;319000000000;veh_54;41.004845152557145;-8.642375614880402;0.0;180.29988793645816
VEHICLE_UPDATES;319000000000;veh_55;41.00466870254818;-8.642362442861133;7.407507815424325;90.39760485622517
VEHICLE_UPDATES;319000000000;veh_56;41.004929932805034;-8.642412624588742;7.558574410492771;180.29993154303952
VEHICLE_UPDATES;319000000000;veh_57;41.00464046179527;-8.642432748817939;6.820722204557716;90.39595623630524
VEHICLE_UPDATES;319000000000;veh_58;41.005697472488016;-8.642404535194824;6.758470819917477;180.13491255010234
VEHICLE_UPDATES;319000000000;veh_59;41.00464730150298;-8.64298998833193;7.039176807783483;90.72339311942727
VEHICLE_UPDATES;319000000000;veh_60;41.00635534613896;-8.642360306444548;7.65746221187519;180.1912402094153
VEHICLE_UPDATES;319000000000;veh_61;41.00464820878485;-8.643713151100606;7.752445657867045;90.16591395568926
VEHICLE_UPDATES;320000000000;veh_38;41.00163745729898;-8.64245979293318;7.512152456710772;180.47282324749813
VEHICLE_UPDATES;320000000000;veh_40;41.001454637971186;-8.642462772494378;8.831689247793545;180.47282324749773
VEHICLE_UPDATES;320000000000;veh_42;41.00174461165826;-8.64241999299064;7.801815458217282;180.47290371069997
VEHICLE_UPDATES;320000000000;veh_44;41.001533341132166;-8.642423436770168;9.543462214076241;180.47290371070036
VEHICLE_UPDATES;320000000000;veh_46;41.00472832911701;-8.642415107538897;0.0;180.29993154303952
VEHICLE_UPDATES;320000000000;veh_47;41.004640177674865;-8.64197176210236;7.333119887058817;89.60223657677096
VEHICLE_UPDATES;320000000000;veh_48;41.00472803195622;-8.642377057284518;0.0;180.2998879364582
VEHICLE_UPDATES;320000000000;veh_49;41.00466912115327;-8.641917659963982;7.218410675308092;89.60217781615042
VEHICLE_UPDATES;320000000000;veh_50;41.0047868869998;-8.642414386342287;0.0;180.29993154303952
VEHICLE_UPDATES;320000000000;veh_51;41.00466873223954;-8.64209818978369;6.796118406834784;89.60217781615044
VEHICLE_UPDATES;320000000000;veh_52;41.00478659199745;-8.64237633608648;0.0;180.29988793645816
VEHICLE_UPDATES;320000000000;veh_53;41.00463969989844;-8.64219355404286;5.760101459764726;89.60223657676934
VEHICLE_UPDATES;320000000000;veh_54;41.004845152557145;-8.642375614880402;0.0;180.29988793645816
VEHICLE_UPDATES;320000000000;veh_55;41.00466834896939;-8.642275971640782;7.281457137267736;89.80994449586919
VEHICLE_UPDATES;320000000000;veh_56;41.00487630901357;-8.642413285021043;5.953317143487231;180.29993154303952
VEHICLE_UPDATES;320000000000;veh_57;41.004639765283834;-8.642349213223907;7.010749323422527;90.39595623630524
VEHICLE_UPDATES;320000000000;veh_58;41.00563408823905;-8.642405074861188;7.036764867886871;180.13491255010234
VEHICLE_UPDATES;320000000000;veh_59;41.00464621448199;-8.642904147531578;7.221282335461988;90.72339311942727
VEHICLE_UPDATES;320000000000;veh_60;41.00628906779789;-8.642360956824545;7.357764228563701;180.19124020941572
VEHICLE_UPDATES;320000000000;veh_61;41.00464781186036;-8.643619798303929;7.852396993701385;89.85706475986879
VEHICLE_UPDATES;321000000000;veh_38;41.001568922189634;-8.642460909910184;7.603169201044091;180.4728232474978
VEHICLE_UPDATES;321000000000;veh_40;41.00137589906771;-8.642464055762659;8.735160582561072;180.47282324749773
VEHICLE_UPDATES;321000000000;veh_42;41.00166651550101;-8.642421265987002;8.676462619092893;180.47290371069997
VEHICLE_UPDATES;321000000000;veh_44;41.00144692212312;-8.642424845420859;9.601128903396708;180.47290371069997
VEHICLE_UPDATES;321000000000;veh_46;41.00472832911701;-8.642415107538897;0.0;180.29993154303952
VEHICLE_UPDATES;321000000000;veh_47;41.0046403766807;-8.641879321718221;7.77376341960971;89.60223657677096
VEHICLE_UPDATES;321000000000;veh_48;41.00472803195622;-8.642377057284518;0.0;180.2998879364582
VEHICLE_UPDATES;321000000000;veh_49;41.00466930697306;-8.641831357932325;7.258628358143738;89.60217781614881
VEHICLE_UPDATES;321000000000;veh_50;41.0047868869998;-8.642414386342287;0.0;180.29993154303952
VEHICLE_UPDATES;321000000000;veh_51;41.004668907215134;-8.64201698412245;6.829986554447625;89.6021778161488
VEHICLE_UPDATES;321000000000;veh_52;41.00478659199745;-8.64237633608648;0.0;180.29988793645816
VEHICLE_UPDATES;321000000000;veh_53;41.004639869423606;-8.642114880248869;6.616063616501949;89.60223657676934
VEHICLE_UPDATES;321000000000;veh_54;41.004845152557145;-8.642375614880402;0.0;180.29988793645816
VEHICLE_UPDATES;321000000000;veh_55;41.00466853366134;-8.642190317197214;7.204161498988072;89.6021778161488
VEHICLE_UPDATES;321000000000;veh_56;41.00485270160705;-8.642413575770163;2.620895933195441;180.29993154303952
VEHICLE_UPDATES;321000000000;veh_57;41.00463949533277;-8.642288456383344;5.102860293046714;90.02005278967076
VEHICLE_UPDATES;321000000000;veh_58;41.005571800350246;-8.642405605191481;6.915049557531222;180.13491255010234
VEHICLE_UPDATES;321000000000;veh_59;41.00464528350067;-8.642830633018487;6.184344407774447;90.7233931194289
VEHICLE_UPDATES;321000000000;veh_60;41.00621716979198;-8.6423616623475;7.981620555804056;180.1912402094153
VEHICLE_UPDATES;321000000000;veh_61;41.00464803942034;-8.643527801075328;7.738146267844402;89.57905898949569
VEHICLE_UPDATES;322000000000;veh_38;41.00149609851045;-8.642462096778676;8.078935788115212;180.47282324749773
VEHICLE_UPDATES;322000000000;veh_40;41.00130711771137;-8.642465176742094;7.63048706986199;180.47282324749773
VEHICLE_UPDATES;322000000000;veh_42;41.001597977047325;-8.642422383186211;7.614604153616932;180.47290371069997
VEHICLE_UPDATES;322000000000;veh_44;41.00136022135495;-8.642426258659757;9.63243211870296;180.47290371069997
VEHICLE_UPDATES;322000000000;veh_46;41.00472832911701;-8.642415107538897;0.0;180.29993154303952
VEHICLE_UPDATES;322000000000;veh_47;41.0046405692333;-8.641789846138629;7.524438521933004;89.60223657676934
VEHICLE_UPDATES;322000000000;veh_48;41.00472803195622;-8.642377057284518;0.0;180.2998879364582
VEHICLE_UPDATES;322000000000;veh_49;41.004669495461876;-8.641743785619695;7.365468222751638;89.6021778161488
VEHICLE_UPDATES;322000000000;veh_50;41.0047868869998;-8.642414386342287;0.0;180.29993154303952
VEHICLE_UPDATES;322000000000;veh_51;41.00466911444429;-8.641920775311682;8.091860515230547;89.6021778161488
VEHICLE_UPDATES;322000000000;veh_52;41.00478659199745;-8.64237633608648;0.0;180.29988793645816
VEHICLE_UPDATES;322000000000;veh_53;41.00464002758167;-8.64204145926118;6.174329476135633;89.60223657677096
VEHICLE_UPDATES;322000000000;veh_54;41.004845152557145;-8.642375614880402;0.0;180.29988793645816
VEHICLE_UPDATES;322000000000;veh_55;41.004668724184626;-8.642101927403209;7.434224357467801;89.6021778161488
VEHICLE_UPDATES;322000000000;veh_56;41.004846132476395;-8.642413656675613;0.72930534487061;180.29993154303952
VEHICLE_UPDATES;322000000000;veh_57;41.00463967747747;-8.642203957370427;7.105934730943294;89.60223657676934
VEHICLE_UPDATES;322000000000;veh_58;41.00550689479804;-8.642406157807514;7.205656086121655;180.13491255010234
VEHICLE_UPDATES;322000000000;veh_59;41.004644330616905;-8.64275539282462;6.329516010124176;90.72339311942727
VEHICLE_UPDATES;322000000000;veh_60;41.00614156678832;-8.642400457817429;8.418587334072162;180.19124020941547
VEHICLE_UPDATES;322000000000;veh_61;41.00464827840477;-8.643431153221398;8.129323466065378;89.57905898949569
VEHICLE_UPDATES;323000000000;veh_38;41.00143085947558;-8.642463160031149;7.237508087404729;180.47282324749773
VEHICLE_UPDATES;323000000000;veh_40;41.001229349181614;-8.642466444188543;8.627508740245391;180.4728232474978
VEHICLE_UPDATES;323000000000;veh_42;41.00152411465921;-8.642423587164119;8.206091765936112;180.47290371069997
VEHICLE_UPDATES;323000000000;veh_44;41.00128113604113;-8.64242754776135;8.786357051499468;180.47290371069997
VEHICLE_UPDATES;323000000000;veh_46;41.00472832911701;-8.642415107538897;0.0;180.29993154303952
VEHICLE_UPDATES;323000000000;veh_47;41.004640744829665;-8.641708221649976;6.864201935558773;89.60223657677096
VEHICLE_UPDATES;323000000000;veh_48;41.00472803195622;-8.642377057284518;0.0;180.2998879364582
VEHICLE_UPDATES;323000000000;veh_49;41.00466968813002;-8.641654239613615;7.531470190627856;89.60217781615042
VEHICLE_UPDATES;323000000000;veh_50;41.00478688609784;-8.642414386353394;0.000100135610286;180.29993154303952
VEHICLE_UPDATES;323000000000;veh_51;41.00466929387461;-8.641837442344759;7.008908426639904;89.6021778161488
VEHICLE_UPDATES;323000000000;veh_52;41.00478659199745;-8.64237633608648;0.0;180.29988793645816
VEHICLE_UPDATES;323000000000;veh_53;41.00464018677275;-8.641967536791626;6.216501534225269;89.60223657676934
VEHICLE_UPDATES;323000000000;veh_54;41.004845152557145;-8.642375614880402;0.0;180.29988793645816
VEHICLE_UPDATES;323000000000;veh_55;41.00466892742694;-8.642007602173573;7.93343764846171;89.60217781615042
VEHICLE_UPDATES;323000000000;veh_56;41.004845562949164;-8.642413663689913;0.063228952672742;180.29993154303912
VEHICLE_UPDATES;323000000000;veh_57;41.004639846140996;-8.642125686795081;6.582154991226662;89.60223657677096
VEHICLE_UPDATES;323000000000;veh_58;41.005443781382944;-8.642406695163526;7.006697317589044;180.13491255010234
VEHICLE_UPDATES;323000000000;veh_59;41.004643276292015;-8.642672147308007;7.002957085494823;90.72339311942727
VEHICLE_UPDATES;323000000000;veh_60;41.006076608196274;-8.64240109520391;7.211594375399818;180.19124020941587
VEHICLE_UPDATES;323000000000;veh_61;41.00464842428782;-8.643333791225785;8.189384159179443;89.72980660412126
VEHICLE_REGISTRATION;323857142835;veh_62;[src.main.java.CarSendsCamAPP, src.main.java.EventProcessingApp, src.main.java.MainCarApp];Car
VEHICLE_REGISTRATION;323857142835;veh_63;[src.main.java.CarSendsCamAPP, src.main.java.EventProcessingApp, src.main.java.MainCarApp];Car_0
VEHICLE_UPDATES;324000000000;veh_38;41.00136544927066;-8.642464226070732;7.256497319284552;180.47282324749773
VEHICLE_UPDATES;324000000000;veh_40;41.00116072135995;-8.642467562659641;7.613453994809676;180.47282324749773
VEHICLE_UPDATES;324000000000;veh_42;41.00145572013362;-8.642424702011372;7.598613587829862;180.47290371069997
VEHICLE_UPDATES;324000000000;veh_44;41.001193867491516;-8.642428970246437;9.695512199371402;180.47290371069997
VEHICLE_UPDATES;324000000000;veh_46;41.00472832911701;-8.642415107538897;0.0;180.29993154303952
VEHICLE_UPDATES;324000000000;veh_47;41.0046409457551;-8.641614790172914;7.857109258944362;89.60223657677096
VEHICLE_UPDATES;324000000000;veh_48;41.00472803195622;-8.642377057284518;0.0;180.2998879364582
VEHICLE_UPDATES;324000000000;veh_49;41.00466988581361;-8.64156232896789;7.730353575839086;89.60217781614881
VEHICLE_UPDATES;324000000000;veh_50;41.00478688609784;-8.642414386353394;0.0;180.29993154303952
VEHICLE_UPDATES;324000000000;veh_51;41.0046694905303;-8.64174607722995;7.684470463022909;89.60217781615042
VEHICLE_UPDATES;324000000000;veh_52;41.00478659199745;-8.64237633608648;0.0;180.29988793645816
VEHICLE_UPDATES;324000000000;veh_53;41.00464033906571;-8.641896796930123;5.94886047684852;89.60223657676934
VEHICLE_UPDATES;324000000000;veh_54;41.004845152557145;-8.642375614880402;0.0;180.29988793645816
VEHICLE_UPDATES;324000000000;veh_55;41.00466911172405;-8.64192203846304;7.196530185435396;89.60217781615042
VEHICLE_UPDATES;324000000000;veh_56;41.00484544853091;-8.642413665099088;0.012702723262249;180.29993154303952
VEHICLE_UPDATES;324000000000;veh_57;41.004639997968944;-8.64205520789258;5.926915162272405;89.60223657676934
VEHICLE_UPDATES;324000000000;veh_58;41.00537817627759;-8.642407253732571;7.283318608164757;180.13491255010234
VEHICLE_UPDATES;324000000000;veh_59;41.0046422670707;-8.642592467446619;6.70299966682022;90.7233931194289
VEHICLE_UPDATES;324000000000;veh_60;41.00600577890661;-8.642401800650129;7.863356092213598;180.20383685415706
VEHICLE_UPDATES;324000000000;veh_61;41.004648311089134;-8.643250167443835;7.033805872838983;89.86833624206884
VEHICLE_UPDATES;325000000000;veh_38;41.001299258661895;-8.642465304826517;7.34307391446522;180.47282324749773
VEHICLE_UPDATES;325000000000;veh_40;41.00109212368114;-8.642467936074366;7.609769627826314;179.68118734713954
VEHICLE_UPDATES;325000000000;veh_42;41.00137904606721;-8.642425951813777;8.518468261200582;180.47290371069997
VEHICLE_UPDATES;325000000000;veh_44;41.001106837951774;-8.642429919254017;9.668741494759267;179.90683642007374
VEHICLE_UPDATES;325000000000;veh_46;41.00472832911701;-8.642415107538897;0.0;180.29993154303952
VEHICLE_UPDATES;325000000000;veh_47;41.0046410949631;-8.641545384807335;5.836636190845535;89.60223657676934
VEHICLE_UPDATES;325000000000;veh_48;41.00472803195622;-8.642377057284518;0.0;180.2998879364582
VEHICLE_UPDATES;325000000000;veh_49;41.00466998298504;-8.641517137770682;3.800908263753315;89.60217781615042
VEHICLE_UPDATES;325000000000;veh_50;41.00478688609784;-8.642414386353394;0.0;180.29993154303952
VEHICLE_UPDATES;325000000000;veh_51;41.004669674765516;-8.641660452049974;7.201700207393949;89.6021778161488
VEHICLE_UPDATES;325000000000;veh_52;41.00478659199745;-8.64237633608648;0.0;180.29988793645816
VEHICLE_UPDATES;325000000000;veh_53;41.00464048620219;-8.641828433094913;5.749048819190673;89.60223657676934
VEHICLE_UPDATES;325000000000;veh_54;41.004845152557145;-8.642375614880402;0.0;180.29988793645816
VEHICLE_UPDATES;325000000000;veh_55;41.004669305420684;-8.641832079040405;7.566241532257686;89.60217781615042
VEHICLE_UPDATES;325000000000;veh_56;41.00484544342041;-8.64241366516203;0.000567367455133;180.29993154303952
VEHICLE_UPDATES;325000000000;veh_57;41.004640140447385;-8.641989050853832;5.563468528487473;89.60223657676934
VEHICLE_UPDATES;325000000000;veh_58;41.00531477021559;-8.642407884878342;7.039246683035946;180.24489453408353
VEHICLE_UPDATES;325000000000;veh_59;41.00464139552068;-8.642523660486326;5.788326424150839;90.72339311942727
VEHICLE_UPDATES;325000000000;veh_60;41.00593621581318;-8.642402502472432;7.722791914725621;180.18627418666853
VEHICLE_UPDATES;325000000000;veh_61;41.004648195645224;-8.643164931157791;7.169437695633659;89.86833624206722
VEHICLE_UPDATES;326000000000;veh_38;41.0012300323683;-8.642466433054203;7.679847550214925;180.47282324749773
VEHICLE_UPDATES;326000000000;veh_40;41.001023400851736;-8.642467802697798;7.623420986674752;179.68118734713954
VEHICLE_UPDATES;326000000000;veh_42;41.00130403776815;-8.64242717446041;8.33340184066223;180.47290371069997
VEHICLE_UPDATES;326000000000;veh_44;41.00102378841326;-8.642429767333915;9.226086362909806;179.68600306236195
VEHICLE_UPDATES;326000000000;veh_46;41.00472832911701;-8.642415107538897;0.0;180.29993154303952
VEHICLE_UPDATES;326000000000;veh_47;41.004641076568475;-8.641466052957982;6.676153787799374;89.90294573020496
VEHICLE_UPDATES;326000000000;veh_48;41.00472803195622;-8.642377057284518;0.0;180.2998879364582
VEHICLE_UPDATES;326000000000;veh_49;41.004669860194696;-8.64144954392329;5.677953086028954;89.96029399144659
VEHICLE_UPDATES;326000000000;veh_50;41.00478688609784;-8.642414386353394;0.0;180.29993154303952
VEHICLE_UPDATES;326000000000;veh_51;41.00466977126361;-8.641615591788089;3.77307419799321;89.6021778161488
VEHICLE_UPDATES;326000000000;veh_52;41.00478659199745;-8.64237633608648;0.0;180.29988793645816
VEHICLE_UPDATES;326000000000;veh_53;41.00464062853868;-8.641762281536167;5.563007684827633;89.60223657676934
VEHICLE_UPDATES;326000000000;veh_54;41.004845152557145;-8.642375614880402;0.0;180.29988793645816
VEHICLE_UPDATES;326000000000;veh_55;41.004669478931945;-8.641751466693593;6.780084492060027;89.60217781614881
VEHICLE_UPDATES;326000000000;veh_56;41.00484544342041;-8.64241366516203;0.0;180.29993154303952
VEHICLE_UPDATES;326000000000;veh_57;41.00464029421665;-8.641917631353257;6.00601464641633;89.60223657676934
VEHICLE_UPDATES;326000000000;veh_58;41.005249999195414;-8.642408682612126;7.190883747957616;180.29993154303952
VEHICLE_UPDATES;326000000000;veh_59;41.00464119786789;-8.642508056683889;1.312656499717057;90.72339311942727
VEHICLE_UPDATES;326000000000;veh_60;41.00586934084638;-8.642403071865301;7.42429616331583;180.13491255010234
VEHICLE_UPDATES;326000000000;veh_61;41.00464807498957;-8.64307589655237;7.488923927782142;89.86833624206884
VEHICLE_UPDATES;326000000000;veh_62;41.006570405008844;-8.642358206211364;6.640743420230328;180.14766920786036
VEHICLE_UPDATES;326000000000;veh_63;41.00467846108295;-8.64398294397264;8.14917438041819;90.16591395568992
VEHICLE_UPDATES;327000000000;veh_38;41.00116208077704;-8.642467540504386;7.53843414300094;180.4728232474978
VEHICLE_UPDATES;327000000000;veh_40;41.00095317878833;-8.64246766641129;7.78973086439262;179.68118734713914
VEHICLE_UPDATES;327000000000;veh_42;41.001236255695375;-8.642428279315535;7.530569949506429;180.47290371069997
VEHICLE_UPDATES;327000000000;veh_44;41.00093928440579;-8.642429612752823;9.387665160156136;179.68600306236235
VEHICLE_UPDATES;327000000000;veh_46;41.00472832911701;-8.642415107538897;0.0;180.29993154303952
VEHICLE_UPDATES;327000000000;veh_47;41.0046408330325;-8.641371816621342;7.936011769171998;89.96018362036725
VEHICLE_UPDATES;327000000000;veh_48;41.00472803195622;-8.642377057284518;0.0;180.2998879364582
VEHICLE_UPDATES;327000000000;veh_49;41.004669630479405;-8.64136070981176;7.460328467992491;89.96029399144821
VEHICLE_UPDATES;327000000000;veh_50;41.00478688609784;-8.642414386353394;0.0;180.29993154303952
VEHICLE_UPDATES;327000000000;veh_51;41.00466993342844;-8.641540185926418;6.34218123221357;89.6021778161488
VEHICLE_UPDATES;327000000000;veh_52;41.00478659199745;-8.64237633608648;0.0;180.29988793645816
VEHICLE_UPDATES;327000000000;veh_53;41.00464078784078;-8.641688224195418;6.227843507060632;89.60223657677096
VEHICLE_UPDATES;327000000000;veh_54;41.004845152557145;-8.642375614880402;0.0;180.29988793645816
VEHICLE_UPDATES;327000000000;veh_55;41.00466959937865;-8.641695492432676;4.707842326271746;89.6021778161488
VEHICLE_UPDATES;327000000000;veh_56;41.00484544342041;-8.64241366516203;0.0;180.29993154303952
VEHICLE_UPDATES;327000000000;veh_57;41.00464043599861;-8.641851761239753;5.539339581037229;89.60223657677096
VEHICLE_UPDATES;327000000000;veh_58;41.00518741910717;-8.64240945336;6.947646234258047;180.29993154303912
VEHICLE_UPDATES;327000000000;veh_59;41.004641075321594;-8.642498382286455;0.813850393092088;90.7233931194289
VEHICLE_UPDATES;327000000000;veh_60;41.00580367345196;-8.642403630974947;7.290234332359342;180.13491255010234
VEHICLE_UPDATES;327000000000;veh_61;41.00464721682158;-8.642983300959427;7.789200206044169;90.72339311942727
VEHICLE_UPDATES;327000000000;veh_62;41.00650694850624;-8.642358818785214;7.044497453890845;180.1912402094153
VEHICLE_UPDATES;327000000000;veh_63;41.0046779191888;-8.643880365176283;8.626424779113659;90.16591395568992
VEHICLE_UPDATES;328000000000;veh_38;41.00109744605971;-8.642467946403976;7.170169783602194;179.69342019689725
VEHICLE_UPDATES;328000000000;veh_40;41.00087906451439;-8.642467522570541;8.221493533837636;179.68118734713954
VEHICLE_UPDATES;328000000000;veh_42;41.001168460236094;-8.642429384386087;7.532057096965258;180.47290371069997
VEHICLE_UPDATES;328000000000;veh_44;41.00085893247903;-8.642429465766678;8.926404740351533;179.68600306236235
VEHICLE_UPDATES;328000000000;veh_46;41.00472832911701;-8.642415107538897;0.0;180.29993154303952
VEHICLE_UPDATES;328000000000;veh_47;41.004640484897756;-8.641279350749683;7.780479977807223;90.10884960452657
VEHICLE_UPDATES;328000000000;veh_48;41.00472803195622;-8.642377057284518;0.0;180.2998879364582
VEHICLE_UPDATES;328000000000;veh_49;41.00466929264123;-8.641275194769763;7.188570037122241;90.10884960452657
VEHICLE_UPDATES;328000000000;veh_50;41.00478688609784;-8.642414386353394;0.0;180.29993154303952
VEHICLE_UPDATES;328000000000;veh_51;41.00466987288416;-8.64145445188603;7.20429765706738;89.96029399144821
VEHICLE_UPDATES;328000000000;veh_52;41.00478659199745;-8.64237633608648;0.0;180.29988793645816
VEHICLE_UPDATES;328000000000;veh_53;41.004640953050135;-8.6416113972778;6.460750752555056;89.60223657676934
VEHICLE_UPDATES;328000000000;veh_54;41.004845152557145;-8.642375614880402;0.0;180.29988793645816
VEHICLE_UPDATES;328000000000;veh_55;41.00466973125672;-8.641634191274235;5.15587313838609;89.60217781615044
VEHICLE_UPDATES;328000000000;veh_56;41.00484544342041;-8.64241366516203;0.0;180.29993154303952
VEHICLE_UPDATES;328000000000;veh_57;41.004640596895676;-8.64177698929525;6.287938028541928;89.60223657676934
VEHICLE_UPDATES;328000000000;veh_58;41.00512511066038;-8.64241022076041;6.917488505043059;180.29993154303952
VEHICLE_UPDATES;328000000000;veh_59;41.00464103362679;-8.642495090711655;0.27690090985979;90.72339311942727
VEHICLE_UPDATES;328000000000;veh_60;41.00572974141215;-8.642404260450085;8.207755050286597;180.13491255010234
VEHICLE_UPDATES;328000000000;veh_61;41.00464603381512;-8.642889880965702;7.858875393112228;90.72339311942727
VEHICLE_UPDATES;328000000000;veh_62;41.00644288047471;-8.642359447479738;7.112391101037256;180.1912402094153
VEHICLE_UPDATES;328000000000;veh_63;41.004677403590215;-8.643782780079412;8.206476838443704;90.16591395568992
VEHICLE_UPDATES;329000000000;veh_38;41.00102571263801;-8.642467807184493;7.957385886236751;179.68118734713914
VEHICLE_UPDATES;329000000000;veh_40;41.000804517804724;-8.64246737789025;8.269463504107696;179.68118734713914
VEHICLE_UPDATES;329000000000;veh_42;41.00109491520764;-8.64242989744411;8.17051622866897;179.68600306236195
VEHICLE_UPDATES;329000000000;veh_44;41.00077827600735;-8.642429318223092;8.96023692227183;179.68600306236195
VEHICLE_UPDATES;329000000000;veh_46;41.00472832911701;-8.642415107538897;0.0;180.29993154303952
VEHICLE_UPDATES;329000000000;veh_47;41.00464006729465;-8.641187602017444;7.715885108654581;90.10884960452657
VEHICLE_UPDATES;329000000000;veh_48;41.00472803195622;-8.642377057284518;0.0;180.2998879364582
VEHICLE_UPDATES;329000000000;veh_49;41.00466886960987;-8.641182254269934;7.816106983866899;90.1088496045282
VEHICLE_UPDATES;329000000000;veh_50;41.00478688609784;-8.642414386353394;0.0;180.29993154303952
VEHICLE_UPDATES;329000000000;veh_51;41.00466965877109;-8.641371649175973;6.953808663785371;89.96029399144821
VEHICLE_UPDATES;329000000000;veh_52;41.00478659199745;-8.64237633608648;0.0;180.29988793645816
VEHICLE_UPDATES;329000000000;veh_53;41.00464109192626;-8.641546797608266;5.432501737656347;89.60223657676934
VEHICLE_UPDATES;329000000000;veh_54;41.004845152557145;-8.642375614880402;0.0;180.29988793645816
VEHICLE_UPDATES;329000000000;veh_55;41.00466990739705;-8.641552291945146;6.888329055537409;89.6021778161488
VEHICLE_UPDATES;329000000000;veh_56;41.00484544342041;-8.64241366516203;0.0;180.29993154303952
VEHICLE_UPDATES;329000000000;veh_57;41.00464077096484;-8.64169607063198;6.804845631482737;89.60223657677096
VEHICLE_UPDATES;329000000000;veh_58;41.005055258369424;-8.642411081069735;7.755006564458801;180.29993154303952
VEHICLE_UPDATES;329000000000;veh_59;41.004641032035885;-8.642494965118539;0.01056541325948;90.72339311942727
VEHICLE_UPDATES;329000000000;veh_60;41.0056630158072;-8.642404828566184;7.407714106948061;180.13491255010234
VEHICLE_UPDATES;329000000000;veh_61;41.00464494431481;-8.64280385028371;7.237256285444872;90.72339311942727
VEHICLE_UPDATES;329000000000;veh_62;41.00637831458867;-8.642360081057978;7.167659394074335;180.19124020941572
VEHICLE_UPDATES;329000000000;veh_63;41.0046768251625;-8.64368443144643;8.270742277218305;90.25926614879447
VEHICLE_UPDATES;330000000000;veh_38;41.0009505518057;-8.642467661312855;8.337588316444034;179.68118734713914
VEHICLE_UPDATES;330000000000;veh_40;41.00073397814158;-8.642467240986582;7.82496189600977;179.68118734713954
VEHICLE_UPDATES;330000000000;veh_42;41.00101832772467;-8.642429757344825;8.50820779550599;179.68600306236235
VEHICLE_UPDATES;330000000000;veh_44;41.00069971342735;-8.642429174509498;8.727623535615672;179.68600306236235
VEHICLE_UPDATES;330000000000;veh_46;41.00472832911701;-8.642415107538897;0.0;180.29993154303952
VEHICLE_UPDATES;330000000000;veh_47;41.00463968940362;-8.64110459197654;6.980978745307036;90.10884960452657
VEHICLE_UPDATES;330000000000;veh_48;41.00472803195622;-8.642377057284518;0.0;180.2998879364582
VEHICLE_UPDATES;330000000000;veh_49;41.00466844010526;-8.641087908429943;7.934293381484581;90.10884960452657
VEHICLE_UPDATES;330000000000;veh_50;41.00478688609784;-8.642414386353394;0.0;180.29993154303952
VEHICLE_UPDATES;330000000000;veh_51;41.00466932385998;-8.641282054216502;7.530397235328012;90.10884960452657
VEHICLE_UPDATES;330000000000;veh_52;41.00478659199745;-8.64237633608648;0.0;180.29988793645816
VEHICLE_UPDATES;330000000000;veh_53;41.00464111543558;-8.641481095358568;5.528183536331951;89.78952729773913
VEHICLE_UPDATES;330000000000;veh_54;41.004845152557145;-8.642375614880402;0.0;180.29988793645816
VEHICLE_UPDATES;330000000000;veh_55;41.004669920031276;-8.641472687911191;6.69103230624043;89.85399713283192
VEHICLE_UPDATES;330000000000;veh_56;41.00484544342041;-8.64241366516203;0.0;180.29993154303952
VEHICLE_UPDATES;330000000000;veh_57;41.004640890565284;-8.641640457263657;4.676799777908002;89.60223657677096
VEHICLE_UPDATES;330000000000;veh_58;41.004986139728814;-8.64241193234101;7.673556555438756;180.29993154303952
VEHICLE_UPDATES;330000000000;veh_59;41.004641032035885;-8.642494965118539;0.0;90.72339311942727
VEHICLE_UPDATES;330000000000;veh_60;41.0055889394453;-8.642405459266284;8.223777134125067;180.13491255010234
VEHICLE_UPDATES;330000000000;veh_61;41.00464378859288;-8.642712596058129;7.676682648844124;90.72339311942727
VEHICLE_UPDATES;330000000000;veh_62;41.006315813056;-8.642360694377322;6.9384890432275;180.1912402094153
VEHICLE_UPDATES;330000000000;veh_63;41.0046767332591;-8.643581054459508;8.693514004954414;89.57888711287109
VEHICLE_UPDATES;331000000000;veh_38;41.00088601809851;-8.642467536066048;7.158721636733697;179.68118734713914
VEHICLE_UPDATES;331000000000;veh_40;41.00065498560648;-8.642467087677252;8.762638516469885;179.68118734713914
VEHICLE_UPDATES;331000000000;veh_42;41.000949716759386;-8.642429631836489;7.622085485390966;179.68600306236235
VEHICLE_UPDATES;331000000000;veh_44;41.000616599288506;-8.642429022469436;9.233262246839983;179.68600306236235
VEHICLE_UPDATES;331000000000;veh_46;41.00472832911701;-8.642415107538897;0.0;180.29993154303952
VEHICLE_UPDATES;331000000000;veh_47;41.004639313452294;-8.641022021053942;6.944049887444086;90.10884960452657
VEHICLE_UPDATES;331000000000;veh_48;41.00472803195622;-8.642377057284518;0.0;180.2998879364582
VEHICLE_UPDATES;331000000000;veh_49;41.00466800944726;-8.640993326253362;7.954168958902715;90.10884960452657
VEHICLE_UPDATES;331000000000;veh_50;41.00478688609784;-8.642414386353394;0.0;180.29993154303952
VEHICLE_UPDATES;331000000000;veh_51;41.004668884591396;-8.641185545447364;8.1161911663079;90.10884960452657
VEHICLE_UPDATES;331000000000;veh_52;41.00478659199745;-8.64237633608648;0.0;180.29988793645816
VEHICLE_UPDATES;331000000000;veh_53;41.00464093680529;-8.641411967897715;5.821494768660366;89.96018362036888
VEHICLE_UPDATES;331000000000;veh_54;41.004845152557145;-8.642375614880402;0.0;180.29988793645816
VEHICLE_UPDATES;331000000000;veh_55;41.00466966819297;-8.641375292358912;8.179322074543194;89.96029399144821
VEHICLE_UPDATES;331000000000;veh_56;41.00484544342041;-8.64241366516203;0.0;180.29993154303952
VEHICLE_UPDATES;331000000000;veh_57;41.004669854243275;-8.641577009519377;5.351615660965962;89.6021778161488
VEHICLE_UPDATES;331000000000;veh_58;41.00493034676477;-8.642412619490395;6.194138897940422;180.29993154303952
VEHICLE_UPDATES;331000000000;veh_59;41.004641032035885;-8.642494965118539;0.0;90.72339311942727
VEHICLE_UPDATES;331000000000;veh_60;41.0055212950545;-8.642406035201608;7.509715287494418;180.13491255010234
VEHICLE_UPDATES;331000000000;veh_61;41.004671406753644;-8.642616799279937;8.008233401789056;90.72293676843755
VEHICLE_UPDATES;331000000000;veh_62;41.006249955474416;-8.642399394282497;7.336150895435466;180.19124020941547
VEHICLE_UPDATES;331000000000;veh_63;41.00467695793272;-8.64349029525649;7.632304582814031;89.57888711286945
VEHICLE_UPDATES;332000000000;veh_38;41.00081389285245;-8.642467396085362;8.000850654495606;179.68118734713914
VEHICLE_UPDATES;332000000000;veh_40;41.000583553608365;-8.642466949041207;7.923948370550786;179.68118734713914
VEHICLE_UPDATES;332000000000;veh_42;41.0008727330204;-8.642429491011752;8.552228201010843;179.68600306236235
VEHICLE_UPDATES;332000000000;veh_44;41.000542657071314;-8.642406047204378;8.713898643727696;150.93089483402073
VEHICLE_UPDATES;332000000000;veh_46;41.00472832911701;-8.642415107538897;0.0;180.29993154303952
VEHICLE_UPDATES;332000000000;veh_47;41.00463891076932;-8.64093359341451;7.436588217915229;90.10884960452657
VEHICLE_UPDATES;332000000000;veh_48;41.00472803195622;-8.642377057284518;0.0;180.2998879364582
VEHICLE_UPDATES;332000000000;veh_49;41.004667600719614;-8.640903576241158;7.547793887659332;90.10884960452657
VEHICLE_UPDATES;332000000000;veh_50;41.00478688609784;-8.642414386353394;0.0;180.29993154303952
VEHICLE_UPDATES;332000000000;veh_51;41.004668459387176;-8.641092143567413;7.854908254853573;90.10884960452657
VEHICLE_UPDATES;332000000000;veh_52;41.00478659199745;-8.64237633608648;0.0;180.29988793645816
VEHICLE_UPDATES;332000000000;veh_53;41.004640739415244;-8.641335599321593;6.431297569077312;89.96018362036888
VEHICLE_UPDATES;332000000000;veh_54;41.004845152557145;-8.642375614880402;0.0;180.29988793645816
VEHICLE_UPDATES;332000000000;veh_55;41.00466927911344;-8.641272222442893;8.663185525050416;90.10884960452657
VEHICLE_UPDATES;332000000000;veh_56;41.00484544342041;-8.64241366516203;0.0;180.29993154303952
VEHICLE_UPDATES;332000000000;veh_57;41.00466996352199;-8.641526190049742;4.274286897473582;89.6021778161488
VEHICLE_UPDATES;332000000000;veh_58;41.004914274256215;-8.642412817440064;1.784371048918819;180.29993154303952
VEHICLE_UPDATES;332000000000;veh_59;41.004641032035885;-8.642494965118539;0.0;90.72339311942727
VEHICLE_UPDATES;332000000000;veh_60;41.005449949196645;-8.642406642650005;7.920643036384081;180.13491255010234
VEHICLE_UPDATES;332000000000;veh_61;41.00467030047027;-8.642529418074414;7.349223232360406;90.72293676843755
VEHICLE_UPDATES;332000000000;veh_62;41.00618267180869;-8.642400054485996;7.469720311094179;180.19124020941547
VEHICLE_UPDATES;332000000000;veh_63;41.00467721376454;-8.643386914217917;8.693725234013327;89.57888711286945
VEHICLE_UPDATES;333000000000;veh_38;41.000745295727086;-8.642467262951815;7.609476275494979;179.68118734713954
VEHICLE_UPDATES;333000000000;veh_40;41.00051318342955;-8.642427966789953;8.653921245063682;150.7247457227474
VEHICLE_UPDATES;333000000000;veh_42;41.000799251115915;-8.642429356592553;8.16320453956036;179.68600306236235
VEHICLE_UPDATES;333000000000;veh_44;41.00047838323601;-8.642343988771596;8.947925878169295;134.7271193410328
VEHICLE_UPDATES;333000000000;veh_46;41.00472832911701;-8.642415107538897;0.0;180.29993154303952
VEHICLE_UPDATES;333000000000;veh_47;41.00463851184716;-8.640846006318176;7.365900348863758;90.10884960452657
VEHICLE_UPDATES;333000000000;veh_48;41.00472803195622;-8.642377057284518;0.0;180.2998879364582
VEHICLE_UPDATES;333000000000;veh_49;41.00466720167849;-8.640813477966882;7.577075049105456;90.09081358564694
VEHICLE_UPDATES;333000000000;veh_50;41.00478688609784;-8.642414386353394;0.0;180.29993154303952
VEHICLE_UPDATES;333000000000;veh_51;41.00466804006072;-8.641000049094245;7.744958145707626;90.10884960452657
VEHICLE_UPDATES;333000000000;veh_52;41.00478659199745;-8.64237633608648;0.0;180.29988793645816
VEHICLE_UPDATES;333000000000;veh_53;41.004640422917;-8.641265732367208;5.875757745427861;90.1088496045282
VEHICLE_UPDATES;333000000000;veh_54;41.004845152557145;-8.642375614880402;0.0;180.29988793645816
VEHICLE_UPDATES;333000000000;veh_55;41.00466883722618;-8.64117514021017;8.164418303902341;90.10884960452657
VEHICLE_UPDATES;333000000000;veh_56;41.00484544342041;-8.64241366516203;0.0;180.29993154303952
VEHICLE_UPDATES;333000000000;veh_57;41.0046698672654;-8.641452278683834;6.209649158914186;89.96029399144659
VEHICLE_UPDATES;333000000000;veh_58;41.00490430551564;-8.642412940215417;1.106730288472068;180.29993154303952
VEHICLE_UPDATES;333000000000;veh_59;41.004641032035885;-8.642494965118539;0.0;90.72339311942727
VEHICLE_UPDATES;333000000000;veh_60;41.005382326886554;-8.642407218393878;7.507263758187127;180.13491255010234
VEHICLE_UPDATES;333000000000;veh_61;41.00466987155704;-8.642495541221548;2.849223232360406;90.72293676843753
VEHICLE_UPDATES;333000000000;veh_62;41.006124637588;-8.642400623930238;6.442862283628537;180.19124020941547
VEHICLE_UPDATES;333000000000;veh_63;41.00467718633907;-8.643286468209427;8.446884192455837;89.86843701764728
VEHICLE_UPDATES;334000000000;veh_38;41.00067304465145;-8.642467122726416;8.014808729416416;179.68118734713954
VEHICLE_UPDATES;334000000000;veh_40;41.00045871318266;-8.64237195320383;7.750955053863142;133.5122894324129
VEHICLE_UPDATES;334000000000;veh_42;41.000728941299485;-8.642429227975736;7.8108128712211;179.68600306236195
VEHICLE_UPDATES;334000000000;veh_44;41.00042431093856;-8.64226840721377;8.749168035473955;133.1249150168665
VEHICLE_UPDATES;334000000000;veh_46;41.00472832911701;-8.642415107538897;0.0;180.29993154303952
VEHICLE_UPDATES;334000000000;veh_47;41.004638178383594;-8.640764264731205;6.874280392300531;90.06674369432656
VEHICLE_UPDATES;334000000000;veh_48;41.00472803195622;-8.642377057284518;0.0;180.2998879364582
VEHICLE_UPDATES;334000000000;veh_49;41.00466683323376;-8.640721341570181;7.748452106920427;90.06674369432656
VEHICLE_UPDATES;334000000000;veh_50;41.00478688609784;-8.642414386353394;0.0;180.29993154303952
VEHICLE_UPDATES;334000000000;veh_51;41.00466758702679;-8.640900569782154;8.366008260444339;90.1088496045282
VEHICLE_UPDATES;334000000000;veh_52;41.00478659199745;-8.64237633608648;0.0;180.29988793645816
VEHICLE_UPDATES;334000000000;veh_53;41.00464006734137;-8.641187612280321;6.569743267384208;90.10884960452657
VEHICLE_UPDATES;334000000000;veh_54;41.004845152557145;-8.642375614880402;0.0;180.29988793645816
VEHICLE_UPDATES;334000000000;veh_55;41.00466842083806;-8.641083676552222;7.691907738388275;90.10884960452657
VEHICLE_UPDATES;334000000000;veh_56;41.00484544342041;-8.64241366516203;0.0;180.29993154303952
VEHICLE_UPDATES;334000000000;veh_57;41.00466963113708;-8.64136096410486;7.668639233282381;89.96029399144821
VEHICLE_UPDATES;334000000000;veh_58;41.00490415271304;-8.642412942097339;0.016964154958233;180.29993154303952
VEHICLE_UPDATES;334000000000;veh_59;41.004641032035885;-8.642494965118539;0.0;90.72339311942727
VEHICLE_UPDATES;334000000000;veh_60;41.00531565653484;-8.64240787396223;7.401637919703444;180.24083509647568
VEHICLE_UPDATES;334000000000;veh_61;41.00466985865174;-8.642494521935944;0.085727332944681;90.72293676843755
VEHICLE_UPDATES;334000000000;veh_62;41.00606465883844;-8.642401212453173;6.658740565673551;180.19124020941547
VEHICLE_UPDATES;334000000000;veh_63;41.00467704892905;-8.643185095057744;8.524842256539777;89.86843701764728
VEHICLE_REGISTRATION;334142857120;veh_64;[src.main.java.CarSendsCamAPP, src.main.java.EventProcessingApp, src.main.java.MainCarApp];Car
VEHICLE_REGISTRATION;334142857120;veh_65;[src.main.java.CarSendsCamAPP, src.main.java.EventProcessingApp, src.main.java.MainCarApp];Car_0
VEHICLE_UPDATES;335000000000;veh_38;41.00060188261698;-8.642466984614382;7.894001341131242;179.68118734713954
VEHICLE_UPDATES;335000000000;veh_40;41.00040741748487;-8.642300232059213;8.289105894860837;133.11667808348577
VEHICLE_UPDATES;335000000000;veh_42;41.000650641437666;-8.642429084742526;8.6984377418576;179.68600306236195
VEHICLE_UPDATES;335000000000;veh_44;41.00036539817585;-8.64219584591781;8.95622469521342;137.71690457052617
VEHICLE_UPDATES;335000000000;veh_46;41.00472832911701;-8.642415107538897;0.0;180.29993154303952
VEHICLE_UPDATES;335000000000;veh_47;41.0046378214987;-8.64067502832859;7.504572828827619;90.06674369432656
VEHICLE_UPDATES;335000000000;veh_48;41.00472803195622;-8.642377057284518;0.0;180.2998879364582
VEHICLE_UPDATES;335000000000;veh_49;41.0046664650044;-8.640629277425274;7.74237603348343;90.0667436943282
VEHICLE_UPDATES;335000000000;veh_50;41.00478688609784;-8.642414386353394;0.0;180.29993154303952
VEHICLE_UPDATES;335000000000;veh_51;41.004667201684214;-8.640813479396977;7.324117678115123;90.09081485164022
VEHICLE_UPDATES;335000000000;veh_52;41.00478659199745;-8.64237633608648;0.0;180.29988793645816
VEHICLE_UPDATES;335000000000;veh_53;41.00463971186431;-8.641109525473803;6.566944557342529;90.10884960452657
VEHICLE_UPDATES;335000000000;veh_54;41.004845152557145;-8.642375614880402;0.0;180.29988793645816
VEHICLE_UPDATES;335000000000;veh_55;41.004667967484345;-8.6409841111653;8.373246839115454;90.10884960452657
VEHICLE_UPDATES;335000000000;veh_56;41.00484544342041;-8.64241366516203;0.0;180.29993154303952
VEHICLE_UPDATES;335000000000;veh_57;41.00466922397942;-8.641260108570245;8.478644367973155;90.10884960452657
VEHICLE_UPDATES;335000000000;veh_58;41.00490403600377;-8.642412943534733;0.012957071353473;180.29993154303952
VEHICLE_UPDATES;335000000000;veh_59;41.004641032035885;-8.642494965118539;0.0;90.72339311942727
VEHICLE_UPDATES;335000000000;veh_60;41.005243855485716;-8.64240875827927;7.971358110886013;180.29993154303952
VEHICLE_UPDATES;335000000000;veh_61;41.004669856579554;-8.642494358270307;0.013765149440462;90.72293676843755
VEHICLE_UPDATES;335000000000;veh_62;41.00599628087272;-8.642401900469132;7.591218478632263;180.21181463318842
VEHICLE_UPDATES;335000000000;veh_63;41.004676909298944;-8.643082151367615;8.65691471882099;89.86843701764892
VEHICLE_UPDATES;336000000000;veh_38;41.00053482342222;-8.642443826505383;7.94143118014066;150.7433559654464
VEHICLE_UPDATES;336000000000;veh_40;41.00035586016073;-8.642235743048056;7.884685614450861;137.71930482905537
VEHICLE_UPDATES;336000000000;veh_42;41.00057448594305;-8.642428945431673;8.460216969384458;179.68600306236235
VEHICLE_UPDATES;336000000000;veh_44;41.000300151798214;-8.642118169565578;9.760967714122778;137.71690457052617
VEHICLE_UPDATES;336000000000;veh_46;41.00472832911701;-8.642415107538897;0.0;180.29993154303952
VEHICLE_UPDATES;336000000000;veh_47;41.00463745475533;-8.640583344883789;7.710363483537182;90.0667436943282
VEHICLE_UPDATES;336000000000;veh_48;41.00472803195622;-8.642377057284518;0.0;180.2998879364582
VEHICLE_UPDATES;336000000000;veh_49;41.00466612877718;-8.640545230459585;7.068150407738409;90.06674369432656
VEHICLE_UPDATES;336000000000;veh_50;41.00478688609784;-8.642414386353394;0.0;180.29993154303952
VEHICLE_UPDATES;336000000000;veh_51;41.00466685999277;-8.640728032529928;7.185878548748494;90.06674369432656
VEHICLE_UPDATES;336000000000;veh_52;41.00478659199745;-8.64237633608648;0.0;180.29988793645816
VEHICLE_UPDATES;336000000000;veh_53;41.00463934594264;-8.641029156461887;6.758873583034463;90.1088496045282
VEHICLE_UPDATES;336000000000;veh_54;41.004845152557145;-8.642375614880402;0.0;180.29988793645816
VEHICLE_UPDATES;336000000000;veh_55;41.00466759543729;-8.64090241642672;6.870361730593928;90.1088496045282
VEHICLE_UPDATES;336000000000;veh_56;41.00484544342041;-8.64241366516203;0.0;180.29993154303952
VEHICLE_UPDATES;336000000000;veh_57;41.004668789832024;-8.641164728826176;8.021242488934492;90.10884960452657
VEHICLE_UPDATES;336000000000;veh_58;41.00490400272575;-8.642412943944587;0.003694529234859;180.29993154303952
VEHICLE_UPDATES;336000000000;veh_59;41.004641032035885;-8.642494965118539;0.0;90.72339311942727
VEHICLE_UPDATES;336000000000;veh_60;41.00517078362078;-8.642409658245393;8.112444076631164;180.29993154303952
VEHICLE_UPDATES;336000000000;veh_61;41.0046698564198;-8.642494345651686;0.001061293090953;90.72293676843753
VEHICLE_UPDATES;336000000000;veh_62;41.0059335926002;-8.642402524807261;6.959554518343984;180.17996989431086
VEHICLE_UPDATES;336000000000;veh_63;41.004676027696526;-8.642981846973253;8.435732078574874;90.72293676843753
VEHICLE_UPDATES;337000000000;veh_38;41.00047910454087;-8.642400464250366;7.20154658098212;148.0484196800017
VEHICLE_UPDATES;337000000000;veh_40;41.00030533727587;-8.642175600136481;7.547045162973951;137.71930482905543
VEHICLE_UPDATES;337000000000;veh_42;41.000513061068006;-8.642384334060232;7.797056951925737;150.69944128564032
VEHICLE_UPDATES;337000000000;veh_44;41.00022681959833;-8.642082132220102;9.793961731686537;137.71930482905515
VEHICLE_UPDATES;337000000000;veh_46;41.00472832911701;-8.642415107538897;0.0;180.29993154303952
VEHICLE_UPDATES;337000000000;veh_47;41.00463710488669;-8.640495896994818;7.354163255650744;90.06674369432656
VEHICLE_UPDATES;337000000000;veh_48;41.00472803195622;-8.642377057284518;0.0;180.2998879364582
VEHICLE_UPDATES;337000000000;veh_49;41.00466577296892;-8.640456305483614;7.478379617874866;90.06674369432656
VEHICLE_UPDATES;337000000000;veh_50;41.00478688609784;-8.642414386353394;0.0;180.29993154303952
VEHICLE_UPDATES;337000000000;veh_51;41.00466651660384;-8.640642177129232;7.220235371502143;90.06674369432656
VEHICLE_UPDATES;337000000000;veh_52;41.00478659199745;-8.64237633608648;0.0;180.29988793645816
VEHICLE_UPDATES;337000000000;veh_53;41.004639017748545;-8.64095708419077;6.061134324416368;90.1088496045282
VEHICLE_UPDATES;337000000000;veh_54;41.004845152557145;-8.642375614880402;0.0;180.29988793645816
VEHICLE_UPDATES;337000000000;veh_55;41.00466720183955;-8.640813518246322;7.476149602308456;90.09084924309497
VEHICLE_UPDATES;337000000000;veh_56;41.00484544342041;-8.64241366516203;0.0;180.29993154303952
VEHICLE_UPDATES;337000000000;veh_57;41.004668348748204;-8.641067842940513;8.147906090379527;90.10884960452657
VEHICLE_UPDATES;337000000000;veh_58;41.0049040005711;-8.642412943971124;0.000239209014602;180.29993154303952
VEHICLE_UPDATES;337000000000;veh_59;41.004641032035885;-8.642494965118539;0.0;90.72339311942727
VEHICLE_UPDATES;337000000000;veh_60;41.00510390669144;-8.642410481911323;7.42468175926706;180.29993154303912
VEHICLE_UPDATES;337000000000;veh_61;41.004669856341515;-8.642494339469026;0.000519994481495;90.72293676843755
VEHICLE_UPDATES;337000000000;veh_62;41.00587548105062;-8.642403019585888;6.451402900092408;180.13491255010234
VEHICLE_UPDATES;337000000000;veh_63;41.00467485426661;-8.64288913907876;7.797224793535934;90.72293676843753
VEHICLE_UPDATES;337000000000;veh_64;41.006577387248115;-8.642358144704488;5.865627506618389;180.14766920786036
VEHICLE_UPDATES;337000000000;veh_65;41.00464959903258;-8.643976282873084;8.734339898308695;90.16591395568926
VEHICLE_UPDATES;338000000000;veh_38;41.000428875042864;-8.642330233786504;8.116816690293797;133.11667808348597
VEHICLE_UPDATES;338000000000;veh_40;41.00025289022268;-8.642113166813786;7.834470041714163;137.71930482905537
VEHICLE_UPDATES;338000000000;veh_42;41.000463681288245;-8.642323438560144;7.565188474573773;133.1249150168665
VEHICLE_UPDATES;338000000000;veh_44;41.00016199956248;-8.6420049702941;9.682719396420104;137.71930482905512
VEHICLE_UPDATES;338000000000;veh_46;41.00472832911701;-8.642415107538897;0.0;180.29993154303952
VEHICLE_UPDATES;338000000000;veh_47;41.0046367533754;-8.640408055225144;7.387287821752213;90.06674369432656
VEHICLE_UPDATES;338000000000;veh_48;41.00472803195622;-8.642377057284518;0.0;180.2998879364582
VEHICLE_UPDATES;338000000000;veh_49;41.00466540183652;-8.640363568901474;7.798926788253135;90.06674369432656
VEHICLE_UPDATES;338000000000;veh_50;41.00478688609784;-8.642414386353394;0.0;180.29993154303952
VEHICLE_UPDATES;338000000000;veh_51;41.004666167157126;-8.640554823546902;7.346229007079923;90.06674369432656
VEHICLE_UPDATES;338000000000;veh_52;41.00478659199745;-8.64237633608648;0.0;180.29988793645816
VEHICLE_UPDATES;338000000000;veh_53;41.00463871020997;-8.64088955690389;5.678910290131196;90.1088496045282
VEHICLE_UPDATES;338000000000;veh_54;41.004845152557145;-8.642375614880402;0.0;180.29988793645816
VEHICLE_UPDATES;338000000000;veh_55;41.004666886237814;-8.640734595074395;6.637251281256757;90.0667436943282
VEHICLE_UPDATES;338000000000;veh_56;41.00484544342041;-8.64241366516203;0.0;180.29993154303952
VEHICLE_UPDATES;338000000000;veh_57;41.00466791059549;-8.640971618587322;8.092272710371597;90.10884960452657
VEHICLE_UPDATES;338000000000;veh_58;41.0049040005711;-8.642412943971124;0.0;180.29993154303952
VEHICLE_UPDATES;338000000000;veh_59;41.004641032035885;-8.642494965118539;0.0;90.72339311942727
VEHICLE_UPDATES;338000000000;veh_60;41.00502876771062;-8.642373353546251;8.310449096760658;180.29988793645816
VEHICLE_UPDATES;338000000000;veh_61;41.00466985631287;-8.642494337206719;0.000190272070531;90.72293676843755
VEHICLE_UPDATES;338000000000;veh_62;41.00581306273429;-8.6424035510322;6.929529597474366;180.13491255010274
VEHICLE_UPDATES;338000000000;veh_63;41.00467351437717;-8.642783287105932;8.902711769495436;90.72293676843753
VEHICLE_UPDATES;338000000000;veh_64;41.00652214303215;-8.642358669682288;6.13282185698487;180.1912402094153
VEHICLE_UPDATES;338000000000;veh_65;41.00464904279234;-8.643870989803034;8.856664726553442;90.16591395568926
VEHICLE_UPDATES;339000000000;veh_38;41.000379578435904;-8.642263977547758;7.80910164491246;135.3251637400068
VEHICLE_UPDATES;339000000000;veh_40;41.00019917451896;-8.642049223425358;8.023974101830202;137.7193048290553
VEHICLE_UPDATES;339000000000;veh_42;41.00041722990733;-8.64225850945421;7.516064257144575;133.12491501686645
VEHICLE_UPDATES;339000000000;veh_44;41.00009637320981;-8.641926848743338;9.80315791181503;137.71930482905518
VEHICLE_UPDATES;339000000000;veh_46;41.00472832911701;-8.642415107538897;0.0;180.29993154303952
VEHICLE_UPDATES;339000000000;veh_47;41.00463640279755;-8.640320463378545;7.366269993284911;90.06674369432656
VEHICLE_UPDATES;339000000000;veh_48;41.00472803195622;-8.642377057284518;0.0;180.2998879364582
VEHICLE_UPDATES;339000000000;veh_49;41.00466507695708;-8.640282405065914;6.825686335457845;90.06674369432656
VEHICLE_UPDATES;339000000000;veh_50;41.00478688609784;-8.642414386353394;0.0;180.29993154303952
VEHICLE_UPDATES;339000000000;veh_51;41.0046657656212;-8.640454469291798;8.439554885164027;90.06674369432656
VEHICLE_UPDATES;339000000000;veh_52;41.00478659199745;-8.64237633608648;0.0;180.29988793645816
VEHICLE_UPDATES;339000000000;veh_53;41.00463835961718;-8.640809587454134;6.72526293581616;90.0871256807284
VEHICLE_UPDATES;339000000000;veh_54;41.004845152557145;-8.642375614880402;0.0;180.29988793645816
VEHICLE_UPDATES;339000000000;veh_55;41.00466652866329;-8.6406451920074;7.518585678466759;90.06674369432656
VEHICLE_UPDATES;339000000000;veh_56;41.00484544342041;-8.64241366516203;0.0;180.29993154303952
VEHICLE_UPDATES;339000000000;veh_57;41.00466741804459;-8.640863468707119;9.09518550228311;90.1088496045282
VEHICLE_UPDATES;339000000000;veh_58;41.0049040005711;-8.642412943971124;0.0;180.29993154303952
VEHICLE_UPDATES;339000000000;veh_59;41.004641032035885;-8.642494965118539;0.0;90.72339311942727
VEHICLE_UPDATES;339000000000;veh_60;41.00495880393859;-8.642374215195284;7.767016979926211;180.29988793645856
VEHICLE_UPDATES;339000000000;veh_61;41.00466985631287;-8.642494337206719;0.0;90.72293676843755
VEHICLE_UPDATES;339000000000;veh_62;41.00575449836592;-8.64240404966366;6.501673604575089;180.13491255010234
VEHICLE_UPDATES;339000000000;veh_63;41.00467233139614;-8.642689837365811;7.859618634240978;90.72293676843755
VEHICLE_UPDATES;339000000000;veh_64;41.006466396938876;-8.64235921671473;6.188546919320711;180.19124020941572
VEHICLE_UPDATES;339000000000;veh_65;41.004648487087515;-8.643765816260872;8.846610914912032;90.16591395568926
VEHICLE_UPDATES;340000000000;veh_38;41.000324715643856;-8.642198668310506;8.19533722795053;137.71930482905498
VEHICLE_UPDATES;340000000000;veh_40;41.000144145758874;-8.641983717120876;8.220111054882434;137.71930482905518
VEHICLE_UPDATES;340000000000;veh_42;41.00035925156074;-8.642188528312479;8.73002332143264;137.71690457052622
VEHICLE_UPDATES;340000000000;veh_44;41.000032537592055;-8.641850859090972;9.535653240156641;137.71930482905503
VEHICLE_UPDATES;340000000000;veh_46;41.00472832911701;-8.642415107538897;0.0;180.29993154303952
VEHICLE_UPDATES;340000000000;veh_47;41.004636037978365;-8.640229330988133;7.664021595419579;90.0667436943282
VEHICLE_UPDATES;340000000000;veh_48;41.00472803195622;-8.642377057284518;0.0;180.2998879364582
VEHICLE_UPDATES;340000000000;veh_49;41.00466471094557;-8.640190982399451;7.688429838406278;90.06674369432656
VEHICLE_UPDATES;340000000000;veh_50;41.00478688609784;-8.642414386353394;0.0;180.29993154303952
VEHICLE_UPDATES;340000000000;veh_51;41.00466545900921;-8.64037785369327;6.443190263357172;90.06674369432656
VEHICLE_UPDATES;340000000000;veh_52;41.00478659199745;-8.64237633608648;0.0;180.29988793645816
VEHICLE_UPDATES;340000000000;veh_53;41.004638050971316;-8.640732404261477;6.490925989982522;90.06674369432656
VEHICLE_UPDATES;340000000000;veh_54;41.004845152557145;-8.642375614880402;0.0;180.29988793645816
VEHICLE_UPDATES;340000000000;veh_55;41.00466610186449;-8.640538503733023;8.972230742734013;90.06674369432656
VEHICLE_UPDATES;340000000000;veh_56;41.00484544342041;-8.64241366516203;0.0;180.29993154303952
VEHICLE_UPDATES;340000000000;veh_57;41.004666970768575;-8.640755732531026;9.06036676146539;90.06674369432656
VEHICLE_UPDATES;340000000000;veh_58;41.0049040005711;-8.642412943971124;0.0;180.29993154303952
VEHICLE_UPDATES;340000000000;veh_59;41.004641032035885;-8.642494965118539;0.0;90.72339311942727
VEHICLE_UPDATES;340000000000;veh_60;41.00491919268952;-8.642374703032349;4.397436448220315;180.29988793645856
VEHICLE_UPDATES;340000000000;veh_61;41.00466985631287;-8.642494337206719;0.0;90.72293676843755
VEHICLE_UPDATES;340000000000;veh_62;41.00569239126711;-8.642404578457425;6.894978838184952;180.13491255010234
VEHICLE_UPDATES;340000000000;veh_63;41.004671270501476;-8.642606036946274;7.048059888377215;90.72293676843755
VEHICLE_UPDATES;340000000000;veh_64;41.00641584334593;-8.642359712792443;5.61211128017027;180.1912402094153
VEHICLE_UPDATES;340000000000;veh_65;41.00464789191576;-8.643670388721693;8.026917219786862;90.31044537812085
VEHICLE_UPDATES;341000000000;veh_38;41.0002689718884;-8.642132310521356;8.326928797349991;137.71930482905543
VEHICLE_UPDATES;341000000000;veh_40;41.00008828298131;-8.641917218157749;8.34468959784324;137.71930482905515
VEHICLE_UPDATES;341000000000;veh_42;41.0003047321416;-8.642123622495223;8.156196621751992;137.71690457052617
VEHICLE_UPDATES;341000000000;veh_44;40.99996415030991;-8.641790065160654;9.384728060352897;157.0342845762309
VEHICLE_UPDATES;341000000000;veh_46;41.00472832911701;-8.642415107538897;0.0;180.29993154303952
VEHICLE_UPDATES;341000000000;veh_47;41.00463570041544;-8.640145023282162;7.090081657158405;90.06674369432656
VEHICLE_UPDATES;341000000000;veh_48;41.00472803195622;-8.642377057284518;0.0;180.2998879364582
VEHICLE_UPDATES;341000000000;veh_49;41.00466434298846;-8.640099092014664;7.727763972465305;90.06674369432656
VEHICLE_UPDATES;341000000000;veh_50;41.00478688609784;-8.642414386353394;0.0;180.29993154303952
VEHICLE_UPDATES;341000000000;veh_51;41.00466507486608;-8.640281882723194;8.070931267525332;90.06674369432656
VEHICLE_UPDATES;341000000000;veh_52;41.00478659199745;-8.64237633608648;0.0;180.29988793645816
VEHICLE_UPDATES;341000000000;veh_53;41.00463773251929;-8.640652782383514;6.696013817268274;90.06674369432656
VEHICLE_UPDATES;341000000000;veh_54;41.004845152557145;-8.642375614880402;0.0;180.29988793645816
VEHICLE_UPDATES;341000000000;veh_55;41.00466579289497;-8.64046128502373;6.493910349494707;90.06674369432656
VEHICLE_UPDATES;341000000000;veh_56;41.00484544342041;-8.64241366516203;0.0;180.29993154303952
VEHICLE_UPDATES;341000000000;veh_57;41.00466656144885;-8.640653388540109;8.606886633336378;90.06674369432656
VEHICLE_UPDATES;341000000000;veh_58;41.0049040005711;-8.642412943971124;0.0;180.29993154303952
VEHICLE_UPDATES;341000000000;veh_59;41.004641032035885;-8.642494965118539;0.0;90.72339311942727
VEHICLE_UPDATES;341000000000;veh_60;41.0049073484143;-8.642374848901788;1.314890304606358;180.29988793645856
VEHICLE_UPDATES;341000000000;veh_61;41.004669856297575;-8.642494335999;0.000101575505749;90.72293676843755
VEHICLE_UPDATES;341000000000;veh_62;41.005627299845614;-8.64240513265886;7.226290995235658;180.13491255010234
VEHICLE_UPDATES;341000000000;veh_63;41.004670886945036;-8.642575740881028;2.548059888377215;90.72293676843753
VEHICLE_UPDATES;341000000000;veh_64;41.006361037206055;-8.642360250598827;6.084199658581988;180.19124020941572
VEHICLE_UPDATES;341000000000;veh_65;41.004647956672;-8.643561257742606;9.179390628166454;89.57905898949569
VEHICLE_UPDATES;342000000000;veh_38;41.00022041882557;-8.642074512715407;7.25278794247164;137.71930482905503
VEHICLE_UPDATES;342000000000;veh_40;41.00003466401053;-8.64185339036733;8.009508036544572;137.7193048290553
VEHICLE_UPDATES;342000000000;veh_42;41.0002463413222;-8.642054107911003;8.735358523919825;137.71690457052617
VEHICLE_UPDATES;342000000000;veh_44;40.99988364161773;-8.641764900137343;9.177813839020487;166.4422282872156
VEHICLE_UPDATES;342000000000;veh_46;41.004709664086654;-8.642415376882532;2.072893009753898;180.347480025482
VEHICLE_UPDATES;342000000000;veh_47;41.00463535092804;-8.640057753609003;7.339176312639571;90.06674369432656
VEHICLE_UPDATES;342000000000;veh_48;41.00470623879263;-8.642377377851124;2.419373346329667;180.36273102763766
VEHICLE_UPDATES;342000000000;veh_49;41.00466397599569;-8.640007460669224;7.705979505913688;90.06674369432656
VEHICLE_UPDATES;342000000000;veh_50;41.00478688609784;-8.642414386353394;0.0;180.29993154303952
VEHICLE_UPDATES;342000000000;veh_51;41.00466473398468;-8.640196736597376;7.160587624138063;90.0667436943282
VEHICLE_UPDATES;342000000000;veh_52;41.00478659199745;-8.64237633608648;0.0;180.29988793645816
VEHICLE_UPDATES;342000000000;veh_53;41.004637441930136;-8.640580138998;6.10913899995651;90.06674369432656
VEHICLE_UPDATES;342000000000;veh_54;41.004845152557145;-8.642375614880402;0.0;180.29988793645816
VEHICLE_UPDATES;342000000000;veh_55;41.004665428695766;-8.64037027972169;7.653330226636176;90.06674369432656
VEHICLE_UPDATES;342000000000;veh_56;41.00484544342041;-8.64241366516203;0.0;180.29993154303952
VEHICLE_UPDATES;342000000000;veh_57;41.0046662168029;-8.640567232834533;7.245490398288704;90.06674369432656
VEHICLE_UPDATES;342000000000;veh_58;41.0049040005711;-8.642412943971124;0.0;180.29993154303952
VEHICLE_UPDATES;342000000000;veh_59;41.004641032035885;-8.642494965118539;0.0;90.72339311942727
VEHICLE_UPDATES;342000000000;veh_60;41.0049046046941;-8.642374882692357;0.304593656519103;180.29988793645856
VEHICLE_UPDATES;342000000000;veh_61;41.004669856297575;-8.642494335999;0.0;90.72293676843755
VEHICLE_UPDATES;342000000000;veh_62;41.005565163265004;-8.642405661700733;6.898251682872988;180.13491255010234
VEHICLE_UPDATES;342000000000;veh_63;41.0046708486458;-8.642572715765827;0.254428246631957;90.72293676843755
VEHICLE_UPDATES;342000000000;veh_64;41.00630682900191;-8.642398836224341;6.042619883791544;180.19124020941547
VEHICLE_UPDATES;342000000000;veh_65;41.00464821081367;-8.643458491112565;8.643990978292146;89.57905898949569
VEHICLE_UPDATES;343000000000;veh_38;41.00016538248292;-8.64200899732544;8.221245878291974;137.7193048290554
VEHICLE_UPDATES;343000000000;veh_40;40.9999726342133;-8.641792717022385;8.73522225630193;149.9536302017293
VEHICLE_UPDATES;343000000000;veh_42;41.00019214066322;-8.641989581889785;8.108498302095217;137.71690457052617
VEHICLE_UPDATES;343000000000;veh_46;41.0046774232966;-8.642415905836573;3.581714035966433;180.47745377730945
VEHICLE_UPDATES;343000000000;veh_47;41.00463497310479;-8.639963426815132;7.932663865030006;90.06674369432656
VEHICLE_UPDATES;343000000000;veh_48;41.00467171499234;-8.642377944017253;3.832677994598635;180.47712245760277
VEHICLE_UPDATES;343000000000;veh_49;41.00466363995954;-8.639923574569991;7.054622725990026;90.06674369432656
VEHICLE_UPDATES;343000000000;veh_50;41.00476872536525;-8.64241461002045;2.016205779826654;180.29993154303952
VEHICLE_UPDATES;343000000000;veh_51;41.00466436002689;-8.640103346638012;7.853874639510279;90.06674369432656
VEHICLE_UPDATES;343000000000;veh_52;41.004774429303524;-8.642376485876659;1.350239473539867;180.2998879364582
VEHICLE_UPDATES;343000000000;veh_53;41.00463712036295;-8.640499764856193;6.759277637310176;90.06674369432656
VEHICLE_UPDATES;343000000000;veh_54;41.004845152557145;-8.642375614880402;0.0;180.29988793645816
VEHICLE_UPDATES;343000000000;veh_55;41.004665070010674;-8.640280669817006;7.53598074093882;90.06674369432656
VEHICLE_UPDATES;343000000000;veh_56;41.00484544342041;-8.64241366516203;0.0;180.29993154303952
VEHICLE_UPDATES;343000000000;veh_57;41.00466581170985;-8.640465986932968;8.51454021975835;90.06674369432656
VEHICLE_UPDATES;343000000000;veh_58;41.0049040005711;-8.642412943971124;0.0;180.29993154303952
VEHICLE_UPDATES;343000000000;veh_59;41.004641032035885;-8.642494965118539;0.0;90.72339311942727
VEHICLE_UPDATES;343000000000;veh_60;41.004903936752335;-8.642374890918463;0.074151445502431;180.29988793645816
VEHICLE_UPDATES;343000000000;veh_61;41.004669856297575;-8.642494335999;0.0;90.72293676843755
VEHICLE_UPDATES;343000000000;veh_62;41.00549732739572;-8.642406239265744;7.530972730092808;180.13491255010234
VEHICLE_UPDATES;343000000000;veh_63;41.00467083687963;-8.642571786399207;0.078164666042781;90.72293676843753
VEHICLE_UPDATES;343000000000;veh_64;41.006249694309105;-8.64239939684512;6.342998339804821;180.19124020941547
VEHICLE_UPDATES;343000000000;veh_65;41.0046484503876;-8.6433530783992;8.866558772275182;89.6124834164606
VEHICLE_UPDATES;344000000000;veh_38;41.0001097833571;-8.641942812152799;8.305307919867062;137.7193048290554
VEHICLE_UPDATES;344000000000;veh_40;40.99990097484378;-8.641770318069252;8.169010620822226;166.442228287216
VEHICLE_UPDATES;344000000000;veh_42;41.00013854962358;-8.641925781768157;8.017293031204138;137.71690457052588
VEHICLE_UPDATES;344000000000;veh_46;41.004624462441036;-8.642416774730123;5.883560484996996;180.47745377730985
VEHICLE_UPDATES;344000000000;veh_48;41.004614724813315;-8.642378878614668;6.326794887334108;180.47712245760277
VEHICLE_UPDATES;344000000000;veh_50;41.004746816214364;-8.642414879852701;2.432355427753274;180.29993154303952
VEHICLE_UPDATES;344000000000;veh_51;41.004664024887724;-8.64001966705945;7.037254701453024;90.06674369432656
VEHICLE_UPDATES;344000000000;veh_52;41.00474890298335;-8.642376800246915;2.83380024228757;180.2998879364582
VEHICLE_UPDATES;344000000000;veh_53;41.00463684951992;-8.640432079832507;5.692152512104101;90.0667436943282
VEHICLE_UPDATES;344000000000;veh_54;41.004836336732815;-8.642375723452322;0.978687303811336;180.2998879364582
VEHICLE_UPDATES;344000000000;veh_55;41.004664689603324;-8.64018565207279;7.990767372535031;90.06674369432656
VEHICLE_UPDATES;344000000000;veh_56;41.00483044465162;-8.642413849886864;1.665164359204202;180.29993154303912
VEHICLE_UPDATES;344000000000;veh_57;41.00466542803632;-8.640370114956127;8.06260604044473;90.06674369432656
VEHICLE_UPDATES;344000000000;veh_58;41.0049040005711;-8.642412943971124;0.0;180.29993154303952
VEHICLE_UPDATES;344000000000;veh_59;41.004641032035885;-8.642494965118539;0.0;90.72339311942727
VEHICLE_UPDATES;344000000000;veh_60;41.00490379855405;-8.642374892620458;0.015342061088327;180.2998879364582
VEHICLE_UPDATES;344000000000;veh_61;41.004669856297575;-8.642494335999;0.0;90.72293676843755
VEHICLE_UPDATES;344000000000;veh_62;41.00543912977999;-8.642406734767835;6.460957260037876;180.13491255010234
VEHICLE_UPDATES;344000000000;veh_63;41.00467083582128;-8.642571702803865;0.007030812099529;90.72293676843753
VEHICLE_UPDATES;344000000000;veh_64;41.006193628282226;-8.642399946978571;6.224356768313796;180.19124020941547
VEHICLE_UPDATES;344000000000;veh_65;41.00464831194236;-8.643250797590662;8.603095127358989;89.86833624206884
VEHICLE_REGISTRATION;344428571405;veh_66;[src.main.java.CarSendsCamAPP, src.main.java.EventProcessingApp, src.main.java.MainCarApp];Car
VEHICLE_REGISTRATION;344428571405;veh_67;[src.main.java.CarSendsCamAPP, src.main.java.EventProcessingApp, src.main.java.MainCarApp];Car_0
VEHICLE_UPDATES;345000000000;veh_38;41.00005480262502;-8.641877363269671;8.212927664313192;137.7193048290553
VEHICLE_UPDATES;345000000000;veh_42;41.000084370856804;-8.641861282105316;8.105212436120604;137.71690457052608
VEHICLE_UPDATES;345000000000;veh_46;41.00456121751083;-8.642417857893257;7.021720016399902;180.53229251647852
VEHICLE_UPDATES;345000000000;veh_48;41.00454333807436;-8.642380123269099;7.928987997766408;180.5470948656459
VEHICLE_UPDATES;345000000000;veh_50;41.00471224280948;-8.642415334575047;3.83885472154906;180.33477023117575
VEHICLE_UPDATES;345000000000;veh_51;41.00466365671573;-8.639927757125873;7.729408222803969;90.06674369432656
VEHICLE_UPDATES;345000000000;veh_52;41.00470733880559;-8.64237735981167;4.614248466473535;180.35732007267188
VEHICLE_UPDATES;345000000000;veh_53;41.00463652916479;-8.640352034305188;6.731642108906842;90.06674369432656
VEHICLE_UPDATES;345000000000;veh_54;41.00481874439516;-8.642375940111908;1.953010499329348;180.29988793645856
VEHICLE_UPDATES;345000000000;veh_55;41.004664405515804;-8.640114705758162;5.966417214359077;90.06674369432656
VEHICLE_UPDATES;345000000000;veh_56;41.004812152144375;-8.642414075177237;2.030835426454785;180.29993154303952
VEHICLE_UPDATES;345000000000;veh_57;41.004665056290115;-8.64027724236834;7.810364664717077;90.06674369432656
VEHICLE_UPDATES;345000000000;veh_58;41.00489202721428;-8.642413091435332;1.329282924350495;180.29993154303952
VEHICLE_UPDATES;345000000000;veh_59;41.004641032035885;-8.642494965118539;0.0;90.72339311942727
VEHICLE_UPDATES;345000000000;veh_60;41.00489865184598;-8.642374956005261;0.571360965382006;180.29988793645816
VEHICLE_UPDATES;345000000000;veh_61;41.004669856297575;-8.642494335999;0.0;90.72293676843755
VEHICLE_UPDATES;345000000000;veh_62;41.00537501113287;-8.642407280680919;7.118295639757171;180.13491255010234
VEHICLE_UPDATES;345000000000;veh_63;41.00467083526494;-8.642571658860792;0.003695845790017;90.72293676843753
VEHICLE_UPDATES;345000000000;veh_64;41.00614499153927;-8.64240042421305;5.399570011544042;180.19124020941547
VEHICLE_UPDATES;345000000000;veh_65;41.0046481714627;-8.643147082250675;8.723757255352991;89.86833624206722
VEHICLE_UPDATES;346000000000;veh_38;41.00000713639785;-8.641820621673043;7.120294938338646;137.71930482905532
VEHICLE_UPDATES;346000000000;veh_42;41.00003224687894;-8.641799228802935;7.797808293176462;137.71690457052608
VEHICLE_UPDATES;346000000000;veh_46;41.004495511515614;-8.642419041323489;7.289438649105412;180.54709486564582
VEHICLE_UPDATES;346000000000;veh_48;41.00447074818412;-8.642381430725868;8.064857537435191;180.5470948656459
VEHICLE_UPDATES;346000000000;veh_50;41.004657258481;-8.642416236667499;6.108353439846169;180.47745377730945
VEHICLE_UPDATES;346000000000;veh_52;41.00464948044261;-8.642378308647904;6.423176828683816;180.47712245760277
VEHICLE_UPDATES;346000000000;veh_53;41.004636236817;-8.640278998950835;6.142103002879619;90.06674369432656
VEHICLE_UPDATES;346000000000;veh_54;41.00478675956315;-8.642376334022819;3.550790898121004;180.29988793645816
VEHICLE_UPDATES;346000000000;veh_55;41.004664063254694;-8.640029245988616;7.186964540248005;90.0667436943282
VEHICLE_UPDATES;346000000000;veh_56;41.0047815752745;-8.642414451761358;3.394646203476985;180.29993154303952
VEHICLE_UPDATES;346000000000;veh_57;41.00466475176831;-8.640201178240275;6.396813112117745;90.06674369432656
VEHICLE_UPDATES;346000000000;veh_58;41.00487656765236;-8.642413281835642;1.716321659296127;180.29993154303912
VEHICLE_UPDATES;346000000000;veh_59;41.004641032035885;-8.642494965118539;0.0;90.72339311942727
VEHICLE_UPDATES;346000000000;veh_60;41.00488463047434;-8.642375128686815;1.556580305358748;180.29988793645816
VEHICLE_UPDATES;346000000000;veh_61;41.004669856297575;-8.642494335999;0.0;90.72293676843755
VEHICLE_UPDATES;346000000000;veh_62;41.00531111189287;-8.642407929935082;7.094007324175081;180.26165004266204
VEHICLE_UPDATES;346000000000;veh_63;41.00467083508115;-8.642571644344269;0.001220916591163;90.72293676843755
VEHICLE_UPDATES;346000000000;veh_64;41.006092605370924;-8.642400938236646;5.815824907097035;180.19124020941547
VEHICLE_UPDATES;346000000000;veh_65;41.00464803158393;-8.643047644824902;8.363936498384879;89.87645655434297
VEHICLE_UPDATES;347000000000;veh_38;40.99995043850172;-8.641785779184575;7.153460091082104;166.44222828721598
VEHICLE_UPDATES;347000000000;veh_42;40.99997388642601;-8.641753990520707;7.752514696114344;160.47113146038862
VEHICLE_UPDATES;347000000000;veh_46;41.00442549548521;-8.642420302378616;7.767594877142963;180.54709486564582
VEHICLE_UPDATES;347000000000;veh_48;41.00440052668925;-8.642382695520865;7.80172477182542;180.5470948656459
VEHICLE_UPDATES;347000000000;veh_50;41.00458494252924;-8.642417430581418;8.033059013762605;180.48646234084924
VEHICLE_UPDATES;347000000000;veh_52;41.00457653405325;-8.64237952535676;8.09927407066019;180.50175131303192
VEHICLE_UPDATES;347000000000;veh_53;41.00463591642445;-8.640198970631294;6.73019516429197;90.06674369432656
VEHICLE_UPDATES;347000000000;veh_54;41.00473510231582;-8.64237697020937;5.734720828562086;180.29988793645816
VEHICLE_UPDATES;347000000000;veh_55;41.00466368294176;-8.639934303549314;7.98443477617306;90.06674369432656
VEHICLE_UPDATES;347000000000;veh_56;41.00472891122374;-8.642415100369702;5.846766508585824;180.29993154303952
VEHICLE_UPDATES;347000000000;veh_57;41.00466440596443;-8.640114817783093;7.262710125809507;90.06674369432656
VEHICLE_UPDATES;347000000000;veh_58;41.00484442696143;-8.642413677680741;3.568261766029751;180.29993154303952
VEHICLE_UPDATES;347000000000;veh_59;41.004641032035885;-8.642494965118539;0.0;90.72339311942727
VEHICLE_UPDATES;347000000000;veh_60;41.00485098264687;-8.642375543079494;3.735408111315574;180.2998879364582
VEHICLE_UPDATES;347000000000;veh_61;41.004669856297575;-8.642494335999;0.0;90.72293676843755
VEHICLE_UPDATES;347000000000;veh_62;41.00524431586772;-8.642408752609114;7.415699952798068;180.29993154303952
VEHICLE_UPDATES;347000000000;veh_63;41.00467083492463;-8.642571631981218;0.001039798277322;90.72293676843753
VEHICLE_UPDATES;347000000000;veh_64;41.0060338311459;-8.642401514939806;6.525016227444635;180.19124020941547
VEHICLE_UPDATES;347000000000;veh_65;41.00464674918584;-8.642946371850655;8.519500292996833;90.72339311942727
VEHICLE_UPDATES;347000000000;veh_66;41.006564775527856;-8.642358255801716;7.265686243237909;180.14766920786036
VEHICLE_UPDATES;347000000000;veh_67;41.00467848687971;-8.643987827646399;7.738478941170506;90.16591395568992
VEHICLE_UPDATES;348000000000;veh_38;40.9998829214822;-8.641764675041093;7.696791674019495;166.44222828721598
VEHICLE_UPDATES;348000000000;veh_42;40.999904448988815;-8.641732305090882;7.926864797568527;166.45345212520272
VEHICLE_UPDATES;348000000000;veh_46;41.004362297281695;-8.64242144063545;7.011223475263957;180.54709486564582
VEHICLE_UPDATES;348000000000;veh_48;41.0043267112492;-8.642384025044745;8.201017948794933;180.5470948656459
VEHICLE_UPDATES;348000000000;veh_50;41.00450720666409;-8.642418830682455;8.624035293481644;180.54709486564582
VEHICLE_UPDATES;348000000000;veh_52;41.00450371251852;-8.642380836987389;8.090593671804832;180.5470948656459
VEHICLE_UPDATES;348000000000;veh_53;41.00463563584537;-8.640128898399313;5.892911484705134;90.0667436943282
VEHICLE_UPDATES;348000000000;veh_54;41.004668032377765;-8.64237800440951;7.445793555342634;180.47712245760277
VEHICLE_UPDATES;348000000000;veh_56;41.00465844005433;-8.642416217282205;7.828130803478167;180.47745377730945
VEHICLE_UPDATES;348000000000;veh_57;41.004664014316695;-8.640017027867518;8.223900674518639;90.0667436943282
VEHICLE_UPDATES;348000000000;veh_58;41.004801316255296;-8.642414208631882;4.786153592582373;180.29993154303952
VEHICLE_UPDATES;348000000000;veh_59;41.004641032035885;-8.642494965118539;0.0;90.72339311942727
VEHICLE_UPDATES;348000000000;veh_60;41.004799870342154;-8.642376172556377;5.67422417868926;180.29988793645816
VEHICLE_UPDATES;348000000000;veh_61;41.004669856297575;-8.642494335999;0.0;90.72293676843755
VEHICLE_UPDATES;348000000000;veh_62;41.00517821193928;-8.642409566757015;7.338863236996449;180.29993154303952
VEHICLE_UPDATES;348000000000;veh_63;41.00467083492463;-8.642571631981218;0.0;90.72293676843753
VEHICLE_UPDATES;348000000000;veh_64;41.005984469361096;-8.642402024601434;5.480079180245288;180.2215031987318
VEHICLE_UPDATES;348000000000;veh_65;41.00464538376832;-8.64283855043018;9.070383020509922;90.72339311942727
VEHICLE_UPDATES;348000000000;veh_66;41.00650793159659;-8.642358809138212;6.310418717261385;180.1912402094153
VEHICLE_UPDATES;348000000000;veh_67;41.00467801203496;-8.643897939422535;7.55920353231766;90.16591395568992
VEHICLE_UPDATES;349000000000;veh_46;41.00429347460024;-8.642422680191242;7.635204285640773;180.54709486564582
VEHICLE_UPDATES;349000000000;veh_48;41.00426033736661;-8.642385220532251;7.374248466566959;180.5470948656459
VEHICLE_UPDATES;349000000000;veh_50;41.00444047530102;-8.642420032578194;7.40319312784497;180.54709486564582
VEHICLE_UPDATES;349000000000;veh_52;41.00442948297993;-8.642382173974804;8.247025136003808;180.5470948656459
VEHICLE_UPDATES;349000000000;veh_53;41.00463537120302;-8.640062815978137;5.557377759351246;90.06674369432656
VEHICLE_UPDATES;349000000000;veh_54;41.00458912149797;-8.642379298636687;8.760340913954076;180.47729944647787
VEHICLE_UPDATES;349000000000;veh_56;41.00459323334453;-8.64241728708435;7.243984547129118;180.47745377730945
VEHICLE_UPDATES;349000000000;veh_58;41.00473727597501;-8.642414997349848;7.109756304760044;180.29993154303952
VEHICLE_UPDATES;349000000000;veh_59;41.004641032035885;-8.642494965118539;0.0;90.72339311942727
VEHICLE_UPDATES;349000000000;veh_60;41.00473984722536;-8.642376911773331;6.66345646279015;180.29988793645856
VEHICLE_UPDATES;349000000000;veh_61;41.004669856297575;-8.642494335999;0.0;90.72293676843755
VEHICLE_UPDATES;349000000000;veh_62;41.0051159482939;-8.642410333605365;6.912514635691522;180.29993154303912
VEHICLE_UPDATES;349000000000;veh_63;41.00467083492463;-8.642571631981218;0.0;90.72293676843753
VEHICLE_UPDATES;349000000000;veh_64;41.0059344652738;-8.642402517377054;5.551372823338956;180.1820671657177
VEHICLE_UPDATES;349000000000;veh_65;41.004644057499966;-8.642733828085591;8.809676379683385;90.72339311942727
VEHICLE_UPDATES;349000000000;veh_66;41.00644798636485;-8.642359397376104;6.654706300353612;180.19124020941572
VEHICLE_UPDATES;349000000000;veh_67;41.00467755477897;-8.643811393295843;7.278148029654293;90.16591395568992
VEHICLE_UPDATES;350000000000;veh_46;41.00422923616797;-8.642423837177951;7.126626526868474;180.54709486564622
VEHICLE_UPDATES;350000000000;veh_48;41.00419306127197;-8.642386432266925;7.474485632354217;180.5470948656459
VEHICLE_UPDATES;350000000000;veh_50;41.004372635663046;-8.642421254432026;7.52614531657971;180.54709486564582
VEHICLE_UPDATES;350000000000;veh_52;41.00435233766334;-8.642383563476004;8.570972802961784;180.5470948656459
VEHICLE_UPDATES;350000000000;veh_53;41.00463509714815;-8.639994393171005;5.754198840034976;90.06674369432656
VEHICLE_UPDATES;350000000000;veh_54;41.004508268790644;-8.642380754921847;8.982870322257375;180.5470948656459
VEHICLE_UPDATES;350000000000;veh_56;41.00453166822392;-8.642418390105611;6.830602614732676;180.54709486564622
VEHICLE_UPDATES;350000000000;veh_58;41.00466552195177;-8.642416101094174;7.970039475643046;180.47745377730985
VEHICLE_UPDATES;350000000000;veh_59;41.004641032035885;-8.642494965118539;0.0;90.72339311942727
VEHICLE_UPDATES;350000000000;veh_60;41.004673554425054;-8.642377913851865;7.359515900947099;180.47712245760317
VEHICLE_UPDATES;350000000000;veh_61;41.004669856297575;-8.642494335999;0.0;90.72293676843755
VEHICLE_UPDATES;350000000000;veh_62;41.005048948674855;-8.642411158780584;7.438302708234741;180.29993154303952
VEHICLE_UPDATES;350000000000;veh_63;41.00467083492463;-8.642571631981218;0.0;90.72293676843753
VEHICLE_UPDATES;350000000000;veh_64;41.00587586077002;-8.642403016352851;6.506129477811978;180.13491255010234
VEHICLE_UPDATES;350000000000;veh_65;41.0046428412057;-8.64263779591665;8.078623253773785;90.7233931194289
VEHICLE_UPDATES;350000000000;veh_66;41.00638070186077;-8.64236005763196;7.469461624721046;180.1912402094153
VEHICLE_UPDATES;350000000000;veh_67;41.00467710134597;-8.643725582899846;7.216276456953964;90.16591395568992
VEHICLE_UPDATES;351000000000;veh_46;41.00415848270255;-8.642425111502602;7.849405717758033;180.54709486564582
VEHICLE_UPDATES;351000000000;veh_48;41.00412156994142;-8.642387719920519;7.9428052324297;180.5470948656459
VEHICLE_UPDATES;351000000000;veh_50;41.00430178671339;-8.642422530483087;7.859998962716785;180.54709486564582
VEHICLE_UPDATES;351000000000;veh_52;41.004278657433886;-8.642384890562218;8.185995756328644;180.54709486564593
VEHICLE_UPDATES;351000000000;veh_53;41.0046348244989;-8.639926331366166;5.723839459459148;90.06674369432656
VEHICLE_UPDATES;351000000000;veh_54;41.00443415485726;-8.642382089827262;8.234181214832942;180.5470948656459
VEHICLE_UPDATES;351000000000;veh_56;41.00446868329877;-8.642419524525504;6.987562457739593;180.54709486564582
VEHICLE_UPDATES;351000000000;veh_58;41.00460627862435;-8.642417073059521;6.581496758474429;180.47745377730945
VEHICLE_UPDATES;351000000000;veh_59;41.004641032035885;-8.642494965118539;0.0;90.72339311942727
VEHICLE_UPDATES;351000000000;veh_60;41.004607088703565;-8.642379003841153;7.378727244436686;180.47712245760277
VEHICLE_UPDATES;351000000000;veh_61;41.004669856297575;-8.642494335999;0.0;90.72293676843755
VEHICLE_UPDATES;351000000000;veh_62;41.004980832458074;-8.642411997705729;7.56226737955968;180.29993154303952
VEHICLE_UPDATES;351000000000;veh_63;41.00467083492463;-8.642571631981218;0.0;90.72293676843753
VEHICLE_UPDATES;351000000000;veh_64;41.005824450605694;-8.64240345407291;5.707431355408393;180.13491255010274
VEHICLE_UPDATES;351000000000;veh_65;41.004642172528705;-8.64258500340633;4.441124472560713;90.72339311942727
VEHICLE_UPDATES;351000000000;veh_66;41.00631924657648;-8.642360660684677;6.822341767746005;180.1912402094153
VEHICLE_UPDATES;351000000000;veh_67;41.00467661341058;-8.64362945668962;8.083888089869179;90.01386326918677
VEHICLE_UPDATES;352000000000;veh_46;41.00408728072239;-8.642426393902035;7.899163946534079;180.54709486564582
VEHICLE_UPDATES;352000000000;veh_48;41.00405116666031;-8.642388987973623;7.82192103731987;180.5470948656459
VEHICLE_UPDATES;352000000000;veh_50;41.004234077468496;-8.642423749982262;7.511679292513136;180.54709486564582
VEHICLE_UPDATES;352000000000;veh_52;41.00420826770926;-8.642386158378407;7.820415110123881;180.5470948656459
VEHICLE_UPDATES;352000000000;veh_54;41.00435511745386;-8.642383513407935;8.781186794079561;180.5470948656459
VEHICLE_UPDATES;352000000000;veh_56;41.00439654840828;-8.642420823741991;8.002661673200533;180.54709486564582
VEHICLE_UPDATES;352000000000;veh_58;41.00454486790726;-8.64241815236612;6.81546098955755;180.54709486564585
VEHICLE_UPDATES;352000000000;veh_59;41.004641032035885;-8.642494965118539;0.0;90.72339311942727
VEHICLE_UPDATES;352000000000;veh_60;41.00454121580891;-8.642380161494447;7.317048459420858;180.5470948656459
VEHICLE_UPDATES;352000000000;veh_61;41.004669856297575;-8.642494335999;0.0;90.72293676843755
VEHICLE_UPDATES;352000000000;veh_62;41.00491910634325;-8.642412757927897;6.85283771609339;180.29993154303952
VEHICLE_UPDATES;352000000000;veh_63;41.00467083492463;-8.642571631981218;0.0;90.72293676843753
VEHICLE_UPDATES;352000000000;veh_64;41.00577336072585;-8.642403889065019;5.671874097581953;180.13491255010234
VEHICLE_UPDATES;352000000000;veh_65;41.004642091204325;-8.642578582920876;0.540117817345492;90.72339311942727
VEHICLE_UPDATES;352000000000;veh_66;41.00625398913471;-8.642361301045788;7.244430986955743;180.1912402094153
VEHICLE_UPDATES;352000000000;veh_67;41.00467682449854;-8.643544200840422;7.169505541355356;89.57888711287109
VEHICLE_UPDATES;353000000000;veh_46;41.00402330739983;-8.642427564673529;7.097236795072947;180.56944394418377
VEHICLE_UPDATES;353000000000;veh_48;41.00398604670677;-8.64239021613494;7.234999711132431;180.5898970918043
VEHICLE_UPDATES;353000000000;veh_50;41.004155661002144;-8.64242516232354;8.699540803989725;180.54709486564582
VEHICLE_UPDATES;353000000000;veh_52;41.00413245908155;-8.642387523792893;8.422464115155467;180.5470948656459
VEHICLE_UPDATES;353000000000;veh_54;41.00427766781176;-8.642384908386699;8.604783757124554;180.5470948656459
VEHICLE_UPDATES;353000000000;veh_56;41.00433429125923;-8.64242194504842;6.906822640041106;180.54709486564582
VEHICLE_UPDATES;353000000000;veh_58;41.004483974262186;-8.64241924912059;6.755555368078842;180.54709486564582
VEHICLE_UPDATES;353000000000;veh_59;41.004641032035885;-8.642494965118539;0.0;90.72339311942727
VEHICLE_UPDATES;353000000000;veh_60;41.00447290551116;-8.642381391869105;7.58938769597089;180.5470948656459
VEHICLE_UPDATES;353000000000;veh_61;41.004669856297575;-8.642494335999;0.0;90.72293676843755
VEHICLE_UPDATES;353000000000;veh_62;41.00485445861019;-8.642413554130899;7.177195900752313;180.29993154303912
VEHICLE_UPDATES;353000000000;veh_63;41.00467083492463;-8.642571631981218;0.0;90.72293676843753
VEHICLE_UPDATES;353000000000;veh_64;41.005714902712015;-8.6424043867901;6.489866336119362;180.13491255010234
VEHICLE_UPDATES;353000000000;veh_65;41.0046420437529;-8.642574836687823;0.315148634711692;90.72339311942727
VEHICLE_UPDATES;353000000000;veh_66;41.006186399756665;-8.642361964288002;7.503306374210846;180.1912402094153
VEHICLE_UPDATES;353000000000;veh_67;41.00467705680818;-8.643450344363135;7.892766766835011;89.57888711286945
VEHICLE_UPDATES;354000000000;veh_46;41.0039521610783;-8.642428640355373;7.8928569665193;180.2585773462012
VEHICLE_UPDATES;354000000000;veh_48;41.0039197369133;-8.642390764214262;7.366651196610936;180.0
VEHICLE_UPDATES;354000000000;veh_50;41.00409214275472;-8.642426306333403;7.046728881907558;180.54709486564582
VEHICLE_UPDATES;354000000000;veh_52;41.004067529127724;-8.642388693264955;7.213825336932798;180.5470948656459
VEHICLE_UPDATES;354000000000;veh_54;41.00420081377852;-8.642386292633807;8.538610510111187;180.5470948656459
VEHICLE_UPDATES;354000000000;veh_56;41.004270522002;-8.642423093586622;7.074576190707491;180.54709486564582
VEHICLE_UPDATES;354000000000;veh_58;41.0044232244369;-8.642420343282296;6.739599895597405;180.54709486564582
VEHICLE_UPDATES;354000000000;veh_59;41.004641032035885;-8.642494965118539;0.0;90.72339311942727
VEHICLE_UPDATES;354000000000;veh_60;41.00440829580992;-8.642382555587446;7.178245180300382;180.5470948656459
VEHICLE_UPDATES;354000000000;veh_61;41.004669856297575;-8.642494335999;0.0;90.72293676843755
VEHICLE_UPDATES;354000000000;veh_62;41.00479618395182;-8.642414271841234;6.469656628746643;180.29993154303912
VEHICLE_UPDATES;354000000000;veh_63;41.00467083492463;-8.642571631981218;0.0;90.72293676843753
VEHICLE_UPDATES;354000000000;veh_64;41.00565775411147;-8.642404873365317;6.344498398677446;180.13491255010234
VEHICLE_UPDATES;354000000000;veh_65;41.004642020443185;-8.642572996416721;0.15481122442807;90.72339311942727
VEHICLE_UPDATES;354000000000;veh_66;41.00612247979021;-8.642362591521238;7.095953537827339;180.1912402094153
VEHICLE_UPDATES;354000000000;veh_67;41.004677278165936;-8.643354249438046;8.08100544428733;89.60498491164958
VEHICLE_REGISTRATION;354714285690;veh_68;[src.main.java.CarSendsCamAPP, src.main.java.EventProcessingApp, src.main.java.MainCarApp];Car
VEHICLE_REGISTRATION;354714285690;veh_69;[src.main.java.CarSendsCamAPP, src.main.java.EventProcessingApp, src.main.java.MainCarApp];Car_0
VEHICLE_UPDATES;355000000000;veh_46;41.00388876607007;-8.642429066505139;7.032496873570178;180.1005017057744
VEHICLE_UPDATES;355000000000;veh_48;41.003855621925815;-8.642391284989891;7.122752972781481;180.11922223629136
VEHICLE_UPDATES;355000000000;veh_50;41.00402261642999;-8.642427577787789;7.713288908938148;180.57024968850337
VEHICLE_UPDATES;355000000000;veh_52;41.003994404625246;-8.64239005735521;8.124308628200756;180.5898970918043
VEHICLE_UPDATES;355000000000;veh_54;41.0041378484647;-8.64238742672304;6.995550666115905;180.5470948656459
VEHICLE_UPDATES;355000000000;veh_56;41.00420740013055;-8.642424230462229;7.002754986041443;180.54709486564582
VEHICLE_UPDATES;355000000000;veh_58;41.00436077547814;-8.642421468044478;6.928102084602199;180.54709486564582
VEHICLE_UPDATES;355000000000;veh_59;41.004641032035885;-8.642494965118539;0.0;90.72339311942727
VEHICLE_UPDATES;355000000000;veh_60;41.004340872311964;-8.6423837699836;7.49086258389516;180.54709486564593
VEHICLE_UPDATES;355000000000;veh_61;41.004669856297575;-8.642494335999;0.0;90.72293676843755
VEHICLE_UPDATES;355000000000;veh_62;41.00475154255824;-8.642414821643255;4.956090575392238;180.29993154303952
VEHICLE_UPDATES;355000000000;veh_63;41.00467083492463;-8.642571631981218;0.0;90.72293676843753
VEHICLE_UPDATES;355000000000;veh_64;41.0056092383535;-8.642405286437755;5.386101197694429;180.13491255010234
VEHICLE_UPDATES;355000000000;veh_65;41.00464201164414;-8.642572301744362;0.058438714922852;90.7233931194289
VEHICLE_UPDATES;355000000000;veh_66;41.006064331947115;-8.64240121566069;6.481239843928236;180.19124020941587
VEHICLE_UPDATES;355000000000;veh_67;41.00467716288355;-8.643269159428192;7.155532741060487;89.86843701764728
VEHICLE_UPDATES;356000000000;veh_46;41.00381623452305;-8.642429657818646;8.046070570244026;180.11924835566748
VEHICLE_UPDATES;356000000000;veh_48;41.00378157074694;-8.642391888689334;8.226599275107318;180.11922223629136
VEHICLE_UPDATES;356000000000;veh_50;41.00396051673161;-8.64242859519203;6.889300269109087;180.3950965929739
VEHICLE_UPDATES;356000000000;veh_52;41.003926257265874;-8.642390728967257;7.570878889367;180.0
VEHICLE_UPDATES;356000000000;veh_54;41.00406432585171;-8.642388750960007;8.168483992684866;180.5470948656459
VEHICLE_UPDATES;356000000000;veh_56;41.004135594232345;-8.642425523740956;7.966162820171782;180.54709486564582
VEHICLE_UPDATES;356000000000;veh_58;41.00428944611712;-8.6424227527476;7.913295894143141;180.54709486564582
VEHICLE_UPDATES;356000000000;veh_59;41.004641032035885;-8.642494965118539;0.0;90.72339311942727
VEHICLE_UPDATES;356000000000;veh_60;41.00427004082949;-8.64238504575934;7.869495225967785;180.5470948656459
VEHICLE_UPDATES;356000000000;veh_61;41.004669856297575;-8.642494335999;0.0;90.72293676843755
VEHICLE_UPDATES;356000000000;veh_62;41.00473530376292;-8.642415021639515;1.802832161012751;180.29993154303952
VEHICLE_UPDATES;356000000000;veh_63;41.00467083492463;-8.642571631981218;0.0;90.72293676843753
VEHICLE_UPDATES;356000000000;veh_64;41.00555687358402;-8.642405732280443;5.813409023486078;180.13491255010234
VEHICLE_UPDATES;356000000000;veh_65;41.00464201116434;-8.64257226386635;0.003186455318119;90.72339311942727
VEHICLE_UPDATES;356000000000;veh_66;41.00599862764455;-8.642401875805882;7.29439180751888;180.2098434855516
VEHICLE_UPDATES;356000000000;veh_67;41.00467705077312;-8.643186455070387;6.954914522150538;89.86843701764728
VEHICLE_UPDATES;357000000000;veh_46;41.00375354932056;-8.642430168858306;6.953795660870653;180.11924835566708
VEHICLE_UPDATES;357000000000;veh_48;41.00370654927579;-8.642392500297056;8.334392260965714;180.11922223629097
VEHICLE_UPDATES;357000000000;veh_50;41.00389327343386;-8.642429029758791;7.459385487216855;180.08559533480903
VEHICLE_UPDATES;357000000000;veh_52;41.00385339906594;-8.642391303111701;8.0940586867105;180.11922223629136
VEHICLE_UPDATES;357000000000;veh_54;41.00399846681156;-8.642389980183722;7.317099021627129;180.5898970918039
VEHICLE_UPDATES;357000000000;veh_56;41.004071218103334;-8.642426683201023;7.14190243423193;180.54709486564582
VEHICLE_UPDATES;357000000000;veh_58;41.00422568283556;-8.642423901176295;7.07391319435925;180.54709486564622
VEHICLE_UPDATES;357000000000;veh_59;41.004641032035885;-8.642494965118539;0.0;90.72339311942727
VEHICLE_UPDATES;357000000000;veh_60;41.004201058684714;-8.642386288222715;7.664030642192756;180.5470948656459
VEHICLE_UPDATES;357000000000;veh_61;41.004669856297575;-8.642494335999;0.0;90.72293676843755
VEHICLE_UPDATES;357000000000;veh_62;41.00472843151143;-8.642415106277813;0.762957827651879;180.29993154303952
VEHICLE_UPDATES;357000000000;veh_63;41.00467083492463;-8.642571631981218;0.0;90.72293676843753
VEHICLE_UPDATES;357000000000;veh_64;41.005506137015395;-8.642406164259384;5.632650082382374;180.13491255010234
VEHICLE_UPDATES;357000000000;veh_65;41.0046420109171;-8.64257224434591;0.001642140320447;90.72339311942727
VEHICLE_UPDATES;357000000000;veh_66;41.0059395668115;-8.642402473941019;6.556847848487999;180.19432754430443
VEHICLE_UPDATES;357000000000;veh_67;41.00467693998294;-8.643104767639684;6.869397428983829;89.86843701764892
VEHICLE_UPDATES;357000000000;veh_68;41.00657552560628;-8.64235816110378;6.072293042569974;180.14766920785996
VEHICLE_UPDATES;357000000000;veh_69;41.00464962098135;-8.643980438022378;8.384831960757467;90.16591395568926
VEHICLE_UPDATES;358000000000;veh_46;41.00368948754561;-8.642430691118996;7.106501536119302;180.11924835566708
VEHICLE_UPDATES;358000000000;veh_48;41.00363649707422;-8.642393071391314;7.782338979114601;180.11922223629136
VEHICLE_UPDATES;358000000000;veh_50;41.00382993561552;-8.642429546120619;7.026191743440745;180.11924835566708
VEHICLE_UPDATES;358000000000;veh_52;41.003781716625525;-8.642391887500066;7.963447998237402;180.11922223629136
VEHICLE_UPDATES;358000000000;veh_54;41.003924267852376;-8.64239073972141;8.243207637468196;180.0
VEHICLE_UPDATES;358000000000;veh_56;41.00400726511384;-8.642427869147962;7.094999318977104;180.58815095484957
VEHICLE_UPDATES;358000000000;veh_58;41.00416264400223;-8.642425036554467;6.99354266119559;180.54709486564582
VEHICLE_UPDATES;358000000000;veh_59;41.004641032035885;-8.642494965118539;0.0;90.72339311942727
VEHICLE_UPDATES;358000000000;veh_60;41.004126319652094;-8.64238763437204;8.303630321463515;180.5470948656459
VEHICLE_UPDATES;358000000000;veh_61;41.004669856297575;-8.642494335999;0.0;90.72293676843755
VEHICLE_UPDATES;358000000000;veh_62;41.00472836439007;-8.642415107104476;0.007451817343664;180.29993154303952
VEHICLE_UPDATES;358000000000;veh_63;41.00467083492463;-8.642571631981218;0.0;90.72293676843753
VEHICLE_UPDATES;358000000000;veh_64;41.00544935298961;-8.642406647726187;6.304023966459558;180.13491255010234
VEHICLE_UPDATES;358000000000;veh_65;41.0046420109171;-8.64257224434591;0.0;90.72339311942727
VEHICLE_UPDATES;358000000000;veh_66;41.0058754093938;-8.642403020195996;7.122600478167627;180.13491255010234
VEHICLE_UPDATES;358000000000;veh_67;41.00467648026703;-8.643017604291447;7.330238147781238;90.4113593374564
VEHICLE_UPDATES;358000000000;veh_68;41.00651892683044;-8.642358701242681;6.283196862313519;180.1912402094153
VEHICLE_UPDATES;358000000000;veh_69;41.00464908622363;-8.643879210440279;8.514698584403115;90.16591395568926
VEHICLE_UPDATES;359000000000;veh_46;41.003618753658564;-8.642431267772073;7.846652254719791;180.11924835566748
VEHICLE_UPDATES;359000000000;veh_48;41.00357232833524;-8.642393594519639;7.128724888335737;180.11922223629097
VEHICLE_UPDATES;359000000000;veh_50;41.0037665846424;-8.64243006258826;7.027650954505585;180.11924835566708
VEHICLE_UPDATES;359000000000;veh_52;41.0037038203541;-8.642392522544375;8.653763672156797;180.11922223629097
VEHICLE_UPDATES;359000000000;veh_54;41.003847298684335;-8.642391352844902;8.55076258501383;180.11922223629097
VEHICLE_UPDATES;359000000000;veh_56;41.00394562605033;-8.642428675677996;6.838039906287783;180.15180468148353
VEHICLE_UPDATES;359000000000;veh_58;41.00409704049266;-8.642426218121672;7.278068347930878;180.54709486564582
VEHICLE_UPDATES;359000000000;veh_59;41.004641032035885;-8.642494965118539;0.0;90.72339311942727
VEHICLE_UPDATES;359000000000;veh_60;41.00405089229791;-8.642388992915233;8.380103871403207;180.5470948656459
VEHICLE_UPDATES;359000000000;veh_61;41.004669856297575;-8.642494335999;0.0;90.72293676843755
VEHICLE_UPDATES;359000000000;veh_62;41.00472833612779;-8.642415107452551;0.003137678713129;180.29993154303952
VEHICLE_UPDATES;359000000000;veh_63;41.00467083492463;-8.642571631981218;0.0;90.72293676843753
VEHICLE_UPDATES;359000000000;veh_64;41.00539819594822;-8.642407083283073;5.67932983686775;180.13491255010234
VEHICLE_UPDATES;359000000000;veh_65;41.0046420109171;-8.64257224434591;0.0;90.72339311942727
VEHICLE_UPDATES;359000000000;veh_66;41.00580858893594;-8.642403589123266;7.418244636222702;180.13491255010274
VEHICLE_UPDATES;359000000000;veh_67;41.004675356188116;-8.642928793120808;7.469489559836692;90.72293676843753
VEHICLE_UPDATES;359000000000;veh_68;41.00646156795172;-8.642359264101177;6.367587233420084;180.19124020941572
VEHICLE_UPDATES;359000000000;veh_69;41.00464854583254;-8.643776933576168;8.602958518361875;90.16591395568926
VEHICLE_UPDATES;360000000000;veh_46;41.00354770307475;-8.642431847005204;7.881783968002107;180.11924835566748
VEHICLE_UPDATES;360000000000;veh_48;41.003505154221294;-8.64239414214737;7.462602192834774;180.11922223629097
VEHICLE_UPDATES;360000000000;veh_50;41.003696699167094;-8.642430632326654;7.75253634100161;180.11924835566708
VEHICLE_UPDATES;360000000000;veh_52;41.00364053158562;-8.642393038500371;7.030966032839165;180.11922223629097
VEHICLE_UPDATES;360000000000;veh_54;41.003777288021624;-8.64239192360403;7.777724475857581;180.11922223629136
VEHICLE_UPDATES;360000000000;veh_56;41.003872753189846;-8.642429197050323;8.083901856385388;180.11924835566708
VEHICLE_UPDATES;360000000000;veh_58;41.00403203803199;-8.642427398970494;7.211399665455303;180.55926309867925
VEHICLE_UPDATES;360000000000;veh_59;41.004641032035885;-8.642494965118539;0.0;90.72339311942727
VEHICLE_UPDATES;360000000000;veh_60;41.00397488862243;-8.642390428110804;8.44421219089063;180.5898970918043
VEHICLE_UPDATES;360000000000;veh_61;41.004669856297575;-8.642494335999;0.0;90.72293676843755
VEHICLE_UPDATES;360000000000;veh_62;41.00472832941292;-8.642415107535252;0.000745486736145;180.29993154303952
VEHICLE_UPDATES;360000000000;veh_63;41.00467083492463;-8.642571631981218;0.0;90.72293676843753
VEHICLE_UPDATES;360000000000;veh_64;41.005341136043626;-8.642407569096475;6.334651235338301;180.13491255010234
VEHICLE_UPDATES;360000000000;veh_65;41.0046420109171;-8.64257224434591;0.0;90.72339311942727
VEHICLE_UPDATES;360000000000;veh_66;41.005747531168936;-8.642404108984008;6.778484641668368;180.13491255010234
VEHICLE_UPDATES;360000000000;veh_67;41.00467426992739;-8.642842975027483;7.21775619481039;90.72293676843755
VEHICLE_UPDATES;360000000000;veh_68;41.00640169926672;-8.642359851586791;6.646208554871002;180.1912402094153
VEHICLE_UPDATES;360000000000;veh_69;41.004647970656926;-8.643680821388603;8.084483801179768;90.27290420147763
VEHICLE_UPDATES;361000000000;veh_46;41.00348407214621;-8.642432365748775;7.058706622548905;180.11924835566708
VEHICLE_UPDATES;361000000000;veh_48;41.00343653401494;-8.642394701562509;7.623253459200086;180.11922223629097
VEHICLE_UPDATES;361000000000;veh_50;41.003623380455956;-8.642431230052484;8.133391997579816;180.11924835566708
VEHICLE_UPDATES;361000000000;veh_52;41.003578488141535;-8.642393544302585;6.892618608534612;180.11922223629136
VEHICLE_UPDATES;361000000000;veh_54;41.00370923674566;-8.642392478387665;7.560049397480898;180.11922223629136
VEHICLE_UPDATES;361000000000;veh_56;41.003801006313296;-8.6424297819664;7.959025471925021;180.11924835566708
VEHICLE_UPDATES;361000000000;veh_58;41.00396020038573;-8.642428596901919;7.969638186044961;180.3899279716045
VEHICLE_UPDATES;361000000000;veh_59;41.004641032035885;-8.642494965118539;0.0;90.72339311942727
VEHICLE_UPDATES;361000000000;veh_60;41.00391027776244;-8.64239083940899;7.177805280256962;180.02900547626953
VEHICLE_UPDATES;361000000000;veh_61;41.004669856297575;-8.642494335999;0.0;90.72293676843755
VEHICLE_UPDATES;361000000000;veh_62;41.00472832941292;-8.642415107535252;0.0;180.29993154303952
VEHICLE_UPDATES;361000000000;veh_63;41.00467083492463;-8.642571631981218;0.0;90.72293676843753
VEHICLE_UPDATES;361000000000;veh_64;41.0052854588847;-8.642408245883233;6.181276657698676;180.29993154303952
VEHICLE_UPDATES;361000000000;veh_65;41.0046420109171;-8.64257224434591;0.0;90.72339311942727
VEHICLE_UPDATES;361000000000;veh_66;41.00568416950703;-8.642404648459227;7.034257371724564;180.13491255010234
VEHICLE_UPDATES;361000000000;veh_67;41.00467319008018;-8.642757668627043;7.174720385929576;90.72293676843753
VEHICLE_UPDATES;361000000000;veh_68;41.006346437187375;-8.642360393866936;6.134814898079815;180.19124020941572
VEHICLE_UPDATES;361000000000;veh_69;41.00464790695283;-8.643581358234062;8.366241516826877;89.57905898949569
VEHICLE_UPDATES;362000000000;veh_46;41.00341837161485;-8.642432901363023;7.288291734667999;180.11924835566708
VEHICLE_UPDATES;362000000000;veh_48;41.00336176251889;-8.642395311123133;8.306621167106377;180.11922223629136
VEHICLE_UPDATES;362000000000;veh_50;41.003562654750056;-8.642431725113243;6.736424534874535;180.11924835566748
VEHICLE_UPDATES;362000000000;veh_52;41.00350997353021;-8.64239410285867;7.611522643005056;180.11922223629097
VEHICLE_UPDATES;362000000000;veh_54;41.003653659645465;-8.642392931475161;6.174250404083669;180.11922223629097
VEHICLE_UPDATES;362000000000;veh_56;41.0037370796623;-8.64243030312658;7.091512022900613;180.11924835566708
VEHICLE_UPDATES;362000000000;veh_58;41.003893846775824;-8.642429025084612;7.360690997358381;180.08369922661777
VEHICLE_UPDATES;362000000000;veh_59;41.004641032035885;-8.642494965118539;0.0;90.72339311942727
VEHICLE_UPDATES;362000000000;veh_60;41.00383897915452;-8.642391420669627;7.92080680978479;180.11922223629136
VEHICLE_UPDATES;362000000000;veh_61;41.004669856297575;-8.642494335999;0.0;90.72293676843755
VEHICLE_UPDATES;362000000000;veh_62;41.00472832941292;-8.642415107535252;0.0;180.29993154303952
VEHICLE_UPDATES;362000000000;veh_63;41.00467083492463;-8.642571631981218;0.0;90.72293676843753
VEHICLE_UPDATES;362000000000;veh_64;41.00523670650893;-8.642408846327456;5.412492566682399;180.29993154303912
VEHICLE_UPDATES;362000000000;veh_65;41.0046420109171;-8.64257224434591;0.0;90.72339311942727
VEHICLE_UPDATES;362000000000;veh_66;41.0056265008286;-8.642405139461841;6.402236140869539;180.13491255010234
VEHICLE_UPDATES;362000000000;veh_67;41.004672248451;-8.642683285328465;6.256029850968546;90.72293676843755
VEHICLE_UPDATES;362000000000;veh_68;41.00628877958042;-8.642399013330202;6.425643202608073;180.19124020941547
VEHICLE_UPDATES;362000000000;veh_69;41.00464816345503;-8.6434776442142;8.723678609241935;89.57905898949569
VEHICLE_UPDATES;363000000000;veh_46;41.003344458635794;-8.642433503926242;8.199314930175003;180.11924835566748
VEHICLE_UPDATES;363000000000;veh_48;41.00329146182325;-8.642395884234576;7.809944564007045;180.11922223629097
VEHICLE_UPDATES;363000000000;veh_50;41.003496180913125;-8.642432267033605;7.374076173101122;180.11924835566708
VEHICLE_UPDATES;363000000000;veh_52;41.00343536445479;-8.642394711097145;8.288577412633764;180.11922223629097
VEHICLE_UPDATES;363000000000;veh_54;41.00358191873397;-8.642393516335101;7.969943473736917;180.11922223629097
VEHICLE_UPDATES;363000000000;veh_56;41.00366807893616;-8.642430865651377;7.654389300371737;180.11924835566748
VEHICLE_UPDATES;363000000000;veh_58;41.003829833011686;-8.642429546957096;7.101175774893693;180.11924835566748
VEHICLE_UPDATES;363000000000;veh_59;41.004641032035885;-8.642494965118539;0.0;90.72339311942727
VEHICLE_UPDATES;363000000000;veh_60;41.003773601852856;-8.642391953655325;7.262988510602099;180.11922223629097
VEHICLE_UPDATES;363000000000;veh_61;41.004669856297575;-8.642494335999;0.0;90.72293676843755
VEHICLE_UPDATES;363000000000;veh_62;41.00472832941292;-8.642415107535252;0.0;180.29993154303952
VEHICLE_UPDATES;363000000000;veh_63;41.00467083492463;-8.642571631981218;0.0;90.72293676843753
VEHICLE_UPDATES;363000000000;veh_64;41.00518235623679;-8.642409515715162;6.033971406762489;180.29993154303952
VEHICLE_UPDATES;363000000000;veh_65;41.0046420109171;-8.64257224434591;0.0;90.72339311942727
VEHICLE_UPDATES;363000000000;veh_66;41.00556019944923;-8.642405703963481;7.360617485061269;180.13491255010234
VEHICLE_UPDATES;363000000000;veh_67;41.00467193624204;-8.642658623450808;2.074194733987019;90.72293676843755
VEHICLE_UPDATES;363000000000;veh_68;41.00623273242693;-8.642399563279355;6.222261519512715;180.19124020941587
VEHICLE_UPDATES;363000000000;veh_69;41.00464841894905;-8.643374300315651;8.692546650792675;89.57905898949569
VEHICLE_UPDATES;364000000000;veh_46;41.00328094881149;-8.642434021677925;7.045272034524512;180.11924835566708
VEHICLE_UPDATES;364000000000;veh_48;41.003217167362656;-8.642396489902422;8.253625459662462;180.11922223629136
VEHICLE_UPDATES;364000000000;veh_50;41.00342222697394;-8.642432869932797;8.20385883256174;180.11924835566708
VEHICLE_UPDATES;364000000000;veh_52;41.00336516717097;-8.642395283367389;7.798456291785741;180.11922223629136
VEHICLE_UPDATES;364000000000;veh_54;41.00350325717663;-8.642394157612744;8.738781596646579;180.11922223629136
VEHICLE_UPDATES;364000000000;veh_56;41.00360099050264;-8.642431412584681;7.442254740826072;180.11924835566708
VEHICLE_UPDATES;364000000000;veh_58;41.00375817531545;-8.642430131145037;7.949132460080056;180.11924835566748
VEHICLE_UPDATES;364000000000;veh_59;41.004641032035885;-8.642494965118539;0.0;90.72339311942727
VEHICLE_UPDATES;364000000000;veh_60;41.00369930837496;-8.642392559327927;8.253516984768158;180.11922223629097
VEHICLE_UPDATES;364000000000;veh_61;41.004669856297575;-8.642494335999;0.0;90.72293676843755
VEHICLE_UPDATES;364000000000;veh_62;41.00472832941292;-8.642415107535252;0.0;180.29993154303952
VEHICLE_UPDATES;364000000000;veh_63;41.00467083492463;-8.642571631981218;0.0;90.72293676843753
VEHICLE_UPDATES;364000000000;veh_64;41.00513167044266;-8.642410139969211;5.627140720338561;180.29993154303952
VEHICLE_UPDATES;364000000000;veh_65;41.0046420109171;-8.64257224434591;0.0;90.72339311942727
VEHICLE_UPDATES;364000000000;veh_66;41.00549752756499;-8.642406237561476;6.957679703553189;180.13491255010234
VEHICLE_UPDATES;364000000000;veh_67;41.00467187418771;-8.642653721729971;0.412260727027129;90.72293676843755
VEHICLE_UPDATES;364000000000;veh_68;41.0061776128093;-8.64240010412604;6.119287973937201;180.19124020941547
VEHICLE_UPDATES;364000000000;veh_69;41.00464833742871;-8.643269621397822;8.804811023573594;89.86833624206722
VEHICLE_REGISTRATION;364999999975;veh_70;[src.main.java.CarSendsCamAPP, src.main.java.EventProcessingApp, src.main.java.MainCarApp];Car
VEHICLE_REGISTRATION;364999999975;veh_71;[src.main.java.CarSendsCamAPP, src.main.java.EventProcessingApp, src.main.java.MainCarApp];Car_0
VEHICLE_UPDATES;365000000000;veh_46;41.003211301520466;-8.642434589462479;7.726113423357289;180.11924835566708
VEHICLE_UPDATES;365000000000;veh_48;41.00314625891918;-8.642397067964739;7.877461147444146;180.11922223629136
VEHICLE_UPDATES;365000000000;veh_50;41.00335558741075;-8.642433413200887;7.392460336936762;180.11924835566708
VEHICLE_UPDATES;365000000000;veh_52;41.00329448532225;-8.64239585958618;7.852288166230151;180.11922223629097
VEHICLE_UPDATES;365000000000;veh_54;41.00343260610797;-8.642394733584085;7.848868895339731;180.11922223629136
VEHICLE_UPDATES;365000000000;veh_56;41.00352947675351;-8.642431995593267;7.933163801126399;180.11924835566708
VEHICLE_UPDATES;365000000000;veh_58;41.00369533976741;-8.642430643409085;6.97047372584135;180.11924835566708
VEHICLE_UPDATES;365000000000;veh_59;41.004641032035885;-8.642494965118539;0.0;90.72339311942727
VEHICLE_UPDATES;365000000000;veh_60;41.00363219262498;-8.642393106482892;7.45611850965297;180.11922223629097
VEHICLE_UPDATES;365000000000;veh_61;41.004669856297575;-8.642494335999;0.0;90.72293676843755
VEHICLE_UPDATES;365000000000;veh_62;41.00472832941292;-8.642415107535252;0.0;180.29993154303952
VEHICLE_UPDATES;365000000000;veh_63;41.00467083492463;-8.642571631981218;0.0;90.72293676843753
VEHICLE_UPDATES;365000000000;veh_64;41.00508042485078;-8.642410771116555;5.689289457570762;180.29993154303912
VEHICLE_UPDATES;365000000000;veh_65;41.0046420109171;-8.64257224434591;0.0;90.72339311942727
VEHICLE_UPDATES;365000000000;veh_66;41.0054374096581;-8.642406749413158;6.674143298623133;180.13491255010234
VEHICLE_UPDATES;365000000000;veh_67;41.00467183706518;-8.642650789400891;0.246624432711356;90.72293676843755
VEHICLE_UPDATES;365000000000;veh_68;41.00612105838042;-8.642400659050146;6.278578263117554;180.19124020941547
VEHICLE_UPDATES;365000000000;veh_69;41.00464819119173;-8.643161643912384;9.082256978379766;89.86833624206722
VEHICLE_UPDATES;366000000000;veh_46;41.003144496834516;-8.642435134071683;7.410777462065723;180.11924835566708
VEHICLE_UPDATES;366000000000;veh_48;41.003074200595144;-8.642397849163824;8.005359537336798;180.35280211719316
VEHICLE_UPDATES;366000000000;veh_50;41.003280163522234;-8.642434028079837;8.366923052471446;180.11924835566708
VEHICLE_UPDATES;366000000000;veh_52;41.003226452208914;-8.642396414210038;7.55803100735096;180.11922223629097
VEHICLE_UPDATES;366000000000;veh_54;41.003360316235664;-8.642395322913668;8.03092909732638;180.11922223629097
VEHICLE_UPDATES;366000000000;veh_56;41.003466279809714;-8.642432510798422;7.010563801659488;180.11924835566708
VEHICLE_UPDATES;366000000000;veh_58;41.00363384257642;-8.642431144760872;6.822007008529238;180.11924835566708
VEHICLE_UPDATES;366000000000;veh_59;41.004641032035885;-8.642494965118539;0.0;90.72339311942727
VEHICLE_UPDATES;366000000000;veh_60;41.003561274587916;-8.642393684633905;7.878527504359317;180.11922223629136
VEHICLE_UPDATES;366000000000;veh_61;41.004669856297575;-8.642494335999;0.0;90.72293676843755
VEHICLE_UPDATES;366000000000;veh_62;41.00472832941292;-8.642415107535252;0.0;180.29993154303952
VEHICLE_UPDATES;366000000000;veh_63;41.00467083492463;-8.642571631981218;0.0;90.72293676843753
VEHICLE_UPDATES;366000000000;veh_64;41.00502685271553;-8.642411430916553;5.947582424954512;180.29993154303952
VEHICLE_UPDATES;366000000000;veh_65;41.0046420109171;-8.64257224434591;0.0;90.72339311942727
VEHICLE_UPDATES;366000000000;veh_66;41.00537605960603;-8.642407271754116;6.810932975309882;180.13491255010234
VEHICLE_UPDATES;366000000000;veh_67;41.004671814413314;-8.642649000119958;0.150488019476641;90.72293676843755
VEHICLE_UPDATES;366000000000;veh_68;41.006058070376966;-8.642401277100326;6.992822897496255;180.19124020941547
VEHICLE_UPDATES;366000000000;veh_69;41.00464804363275;-8.643052765933595;9.157999834071116;89.86833624206884
VEHICLE_UPDATES;367000000000;veh_46;41.00307958096014;-8.642435812932169;7.201366758324709;180.2993877277442
VEHICLE_UPDATES;367000000000;veh_48;41.003004980325976;-8.642399014422612;7.690394563154141;180.49603027982158
VEHICLE_UPDATES;367000000000;veh_50;41.003213813258455;-8.642434568986106;7.36036759019125;180.11924835566708
VEHICLE_UPDATES;367000000000;veh_52;41.00315287180675;-8.642397014054998;8.174298175546879;180.11922223629097
VEHICLE_UPDATES;367000000000;veh_54;41.00329303826435;-8.642395871382995;7.47413978693517;180.11922223629136
VEHICLE_UPDATES;367000000000;veh_56;41.003398957788804;-8.642433059631186;7.468166799039797;180.11924835566708
VEHICLE_UPDATES;367000000000;veh_58;41.00356198687099;-8.642431730558059;7.971097746658108;180.11924835566708
VEHICLE_UPDATES;367000000000;veh_59;41.004641032035885;-8.642494965118539;0.0;90.72339311942727
VEHICLE_UPDATES;367000000000;veh_60;41.003487737632575;-8.642394284133454;8.169472000412588;180.11922223629136
VEHICLE_UPDATES;367000000000;veh_61;41.004669856297575;-8.642494335999;0.0;90.72293676843755
VEHICLE_UPDATES;367000000000;veh_62;41.00472832941292;-8.642415107535252;0.0;180.29993154303952
VEHICLE_UPDATES;367000000000;veh_63;41.00467083492463;-8.642571631981218;0.0;90.72293676843753
VEHICLE_UPDATES;367000000000;veh_64;41.0049756227289;-8.642412061869107;5.687556857951917;180.29993154303952
VEHICLE_UPDATES;367000000000;veh_65;41.0046420109171;-8.64257224434591;0.0;90.72339311942727
VEHICLE_UPDATES;367000000000;veh_66;41.005310903631205;-8.642407932500081;7.233527481277455;180.26260390313786
VEHICLE_UPDATES;367000000000;veh_67;41.004671813571626;-8.642648933634556;0.005591775002813;90.72293676843755
VEHICLE_UPDATES;367000000000;veh_68;41.0060056673628;-8.642401801822393;5.817701832942287;180.2039305442698
VEHICLE_UPDATES;367000000000;veh_69;41.00464675182339;-8.642946580134884;8.93273310603315;90.72339311942727
VEHICLE_UPDATES;367000000000;veh_70;41.006563404915234;-8.642358267875501;7.417841390824448;180.14766920786036
VEHICLE_UPDATES;367000000000;veh_71;41.00467856642911;-8.644002887665653;6.471997699006296;90.16591395568992
VEHICLE_UPDATES;368000000000;veh_46;41.00300913709731;-8.642436998828824;7.814964901773762;180.49607964342522
VEHICLE_UPDATES;368000000000;veh_48;41.002931909012524;-8.642400244506922;8.118246742287473;180.49603027982118
VEHICLE_UPDATES;368000000000;veh_50;41.00315520164749;-8.642435046803365;6.501903272643197;180.11924835566708
VEHICLE_UPDATES;368000000000;veh_52;41.00308623733335;-8.64239764653624;7.402722232911342;180.2268267367616
VEHICLE_UPDATES;368000000000;veh_54;41.0032234543759;-8.642396438649124;7.730311911430353;180.11922223629136
VEHICLE_UPDATES;368000000000;veh_56;41.003326186343884;-8.642433652887751;8.072682233096318;180.11924835566708
VEHICLE_UPDATES;368000000000;veh_58;41.00349284714025;-8.642432294211766;7.669809122689969;180.11924835566748
VEHICLE_UPDATES;368000000000;veh_59;41.004641032035885;-8.642494965118539;0.0;90.72339311942727
VEHICLE_UPDATES;368000000000;veh_60;41.00341579531789;-8.642394870631055;7.992317808177267;180.11922223629097
VEHICLE_UPDATES;368000000000;veh_61;41.004669856297575;-8.642494335999;0.0;90.72293676843755
VEHICLE_UPDATES;368000000000;veh_62;41.00472832941292;-8.642415107535252;0.0;180.29993154303952
VEHICLE_UPDATES;368000000000;veh_63;41.00467083492463;-8.642571631981218;0.0;90.72293676843753
VEHICLE_UPDATES;368000000000;veh_64;41.00492088919897;-8.642412735970176;6.076520433822648;180.29993154303952
VEHICLE_UPDATES;368000000000;veh_65;41.0046420109171;-8.64257224434591;0.0;90.72339311942727
VEHICLE_UPDATES;368000000000;veh_66;41.00524854424634;-8.64240870053157;6.92314380342232;180.29993154303952
VEHICLE_UPDATES;368000000000;veh_67;41.004671813518385;-8.642648929429445;0.000353672125978;90.72293676843755
VEHICLE_UPDATES;368000000000;veh_68;41.00594648479173;-8.642402415039225;6.570371426517697;180.2109533243414
VEHICLE_UPDATES;368000000000;veh_69;41.0046455512344;-8.642851774109864;7.975474198257753;90.72339311942727
VEHICLE_UPDATES;368000000000;veh_70;41.006496328672974;-8.642358922996912;7.446340151831079;180.19124020941572
VEHICLE_UPDATES;368000000000;veh_71;41.004678160138326;-8.643925974002212;6.468100142506719;90.16591395568992
VEHICLE_UPDATES;369000000000;veh_46;41.0029433556737;-8.642438106232241;7.297718920047898;180.49607964342522
VEHICLE_UPDATES;369000000000;veh_48;41.00286404824609;-8.642401386873784;7.539353173059235;180.49603027982118
VEHICLE_UPDATES;369000000000;veh_50;41.00308159451568;-8.642435779034653;8.165491425211872;180.27834335607884
VEHICLE_UPDATES;369000000000;veh_52;41.00300853615794;-8.642398954563564;8.632626033929714;180.49603027982118
VEHICLE_UPDATES;369000000000;veh_54;41.003158323935416;-8.642396969608013;7.235563073144165;180.11922223629097
VEHICLE_UPDATES;369000000000;veh_56;41.003261062783956;-8.642434183794663;7.224286937887998;180.11924835566708
VEHICLE_UPDATES;369000000000;veh_58;41.00343139018072;-8.642432795231136;6.817543812123096;180.11924835566708
VEHICLE_UPDATES;369000000000;veh_59;41.004641032035885;-8.642494965118539;0.0;90.72339311942727
VEHICLE_UPDATES;369000000000;veh_60;41.00334100372259;-8.642395480354981;8.308854033648913;180.11922223629097
VEHICLE_UPDATES;369000000000;veh_61;41.004669856297575;-8.642494335999;0.0;90.72293676843755
VEHICLE_UPDATES;369000000000;veh_62;41.00472832941292;-8.642415107535252;0.0;180.29993154303952
VEHICLE_UPDATES;369000000000;veh_63;41.00467083492463;-8.642571631981218;0.0;90.72293676843753
VEHICLE_UPDATES;369000000000;veh_64;41.00486449189408;-8.642413430560872;6.261232788568363;180.29993154303952
VEHICLE_UPDATES;369000000000;veh_65;41.0046420109171;-8.64257224434591;0.0;90.72339311942727
VEHICLE_UPDATES;369000000000;veh_66;41.005187411760524;-8.642409453450485;6.786933299457636;180.29993154303912
VEHICLE_UPDATES;369000000000;veh_67;41.004671813500046;-8.642648927981172;0.000121807484109;90.72293676843753
VEHICLE_UPDATES;369000000000;veh_68;41.0058850023403;-8.642402938518945;6.825632239916915;180.13491255010234
VEHICLE_UPDATES;369000000000;veh_69;41.004644235966765;-8.64274791941191;8.73668630609961;90.72339311942727
VEHICLE_UPDATES;369000000000;veh_70;41.006425762416356;-8.642359615457607;7.833779225616286;180.19124020941572
VEHICLE_UPDATES;369000000000;veh_71;41.0046777569133;-8.643849650312305;6.418486077412799;90.16591395568828
VEHICLE_UPDATES;370000000000;veh_46;41.00286975450148;-8.642439345274752;8.16523314211661;180.49607964342522
VEHICLE_UPDATES;370000000000;veh_48;41.002792803935634;-8.64240258619609;7.915265915655354;180.49603027982118
VEHICLE_UPDATES;370000000000;veh_50;41.00301850805177;-8.642436841072414;6.998743141316416;180.49607964342522
VEHICLE_UPDATES;370000000000;veh_52;41.00293690594071;-8.642400160388613;7.958140487360417;180.49603027982118
VEHICLE_UPDATES;370000000000;veh_54;41.00307549312708;-8.642397827405224;9.20210266621052;180.33927459776464
VEHICLE_UPDATES;370000000000;veh_56;41.00319445160629;-8.642434726827519;7.389311266841585;180.11924835566748
VEHICLE_UPDATES;370000000000;veh_58;41.00336661839451;-8.642433323272714;7.185264105726003;180.11924835566708
VEHICLE_UPDATES;370000000000;veh_59;41.004641032035885;-8.642494965118539;0.0;90.72339311942727
VEHICLE_UPDATES;370000000000;veh_60;41.00327315022297;-8.642396033515706;7.538077168203836;180.11922223629097
VEHICLE_UPDATES;370000000000;veh_61;41.004669856297575;-8.642494335999;0.0;90.72293676843755
VEHICLE_UPDATES;370000000000;veh_62;41.00472832941292;-8.642415107535252;0.0;180.29993154303952
VEHICLE_UPDATES;370000000000;veh_63;41.00467083492463;-8.642571631981218;0.0;90.72293676843753
VEHICLE_UPDATES;370000000000;veh_64;41.004810120212824;-8.642376046323536;6.003717623309694;180.2998879364586
VEHICLE_UPDATES;370000000000;veh_65;41.0046420109171;-8.64257224434591;0.0;90.72339311942727
VEHICLE_UPDATES;370000000000;veh_66;41.00512500390517;-8.642410222075222;6.92852485010026;180.29993154303952
VEHICLE_UPDATES;370000000000;veh_67;41.004671813500046;-8.642648927981172;0.0;90.72293676843753
VEHICLE_UPDATES;370000000000;veh_68;41.00582230666061;-8.642403472327018;6.960321812510113;180.13491255010234
VEHICLE_UPDATES;370000000000;veh_69;41.00464341488076;-8.642683089481078;5.453761855145715;90.7233931194289
VEHICLE_UPDATES;370000000000;veh_70;41.006352551821095;-8.64236033386483;8.127335363162253;180.1912402094153
VEHICLE_UPDATES;370000000000;veh_71;41.004677331786894;-8.643769191419322;6.76623855615484;90.16591395568992
VEHICLE_UPDATES;371000000000;veh_46;41.00280012551357;-8.642440517444241;7.724563285802994;180.49607964342522
VEHICLE_UPDATES;371000000000;veh_48;41.002728988680445;-8.642403660455466;7.089895388456815;180.49603027982158
VEHICLE_UPDATES;371000000000;veh_50;41.002941978554155;-8.642438129415458;8.490098454163741;180.49607964342522
VEHICLE_UPDATES;371000000000;veh_52;41.00286771662204;-8.642401325120487;7.686955764895843;180.49603027982158
VEHICLE_UPDATES;371000000000;veh_54;41.00300994821027;-8.642398930793005;7.282061718411728;180.49603027982118
VEHICLE_UPDATES;371000000000;veh_56;41.003131340878845;-8.642435241322271;7.000999235652604;180.11924835566708
VEHICLE_UPDATES;371000000000;veh_58;41.00329704238614;-8.642433890478275;7.718206011973291;180.11924835566708
VEHICLE_UPDATES;371000000000;veh_59;41.004641032035885;-8.642494965118539;0.0;90.72339311942727
VEHICLE_UPDATES;371000000000;veh_60;41.00320478084939;-8.642396590880322;7.595387277975624;180.11922223629097
VEHICLE_UPDATES;371000000000;veh_61;41.004669856297575;-8.642494335999;0.0;90.72293676843755
VEHICLE_UPDATES;371000000000;veh_62;41.00472832941292;-8.642415107535252;0.0;180.29993154303952
VEHICLE_UPDATES;371000000000;veh_63;41.00467083492463;-8.642571631981218;0.0;90.72293676843753
VEHICLE_UPDATES;371000000000;veh_64;41.00475504349783;-8.642376724623231;6.114332493288443;180.29988793645816
VEHICLE_UPDATES;371000000000;veh_65;41.0046420109171;-8.64257224434591;0.0;90.72339311942727
VEHICLE_UPDATES;371000000000;veh_66;41.00506156742359;-8.64241100336675;7.042722933880035;180.29993154303952
VEHICLE_UPDATES;371000000000;veh_67;41.004671813500046;-8.642648927981172;0.0;90.72293676843753
VEHICLE_UPDATES;371000000000;veh_68;41.00576831648759;-8.642403932012883;5.993857584583195;180.13491255010234
VEHICLE_UPDATES;371000000000;veh_69;41.00464305200535;-8.642654439090334;2.410189389652373;90.72339311942727
VEHICLE_UPDATES;371000000000;veh_70;41.00627478925064;-8.642361096937679;8.632664142946284;180.19124020941572
VEHICLE_UPDATES;371000000000;veh_71;41.00467686751385;-8.643690036284173;6.656641639633872;90.23902403208581
VEHICLE_UPDATES;372000000000;veh_46;41.00273281606634;-8.642441650562551;7.467235903722737;180.49607964342522
VEHICLE_UPDATES;372000000000;veh_48;41.002664870677314;-8.642404739808725;7.123530702871093;180.49603027982118
VEHICLE_UPDATES;372000000000;veh_50;41.00287387732192;-8.642439275869021;7.555075851177939;180.49607964342522
VEHICLE_UPDATES;372000000000;veh_52;41.002800788043345;-8.642402451792272;7.435786730368452;180.49603027982118
VEHICLE_UPDATES;372000000000;veh_54;41.00294368108881;-8.64240004633572;7.362298803392107;180.49603027982118
VEHICLE_UPDATES;372000000000;veh_56;41.0030597965724;-8.642436145995408;7.936808577284435;180.49607964342522
VEHICLE_UPDATES;372000000000;veh_58;41.00322729154682;-8.642434459107383;7.737600265190906;180.11924835566748
VEHICLE_UPDATES;372000000000;veh_59;41.004641032035885;-8.642494965118539;0.0;90.72339311942727
VEHICLE_UPDATES;372000000000;veh_60;41.00313826884561;-8.642397133101586;7.389045634576997;180.11922223629097
VEHICLE_UPDATES;372000000000;veh_61;41.004669856297575;-8.642494335999;0.0;90.72293676843755
VEHICLE_UPDATES;372000000000;veh_62;41.00472832941292;-8.642415107535252;0.0;180.29993154303952
VEHICLE_UPDATES;372000000000;veh_63;41.00467083492463;-8.642571631981218;0.0;90.72293676843753
VEHICLE_UPDATES;372000000000;veh_64;41.00473160038452;-8.642377013337473;2.602533367554269;180.29988793645816
VEHICLE_UPDATES;372000000000;veh_65;41.0046420109171;-8.64257224434591;0.0;90.72339311942727
VEHICLE_UPDATES;372000000000;veh_66;41.00499791102708;-8.642411787364825;7.067137826235014;180.29993154303952
VEHICLE_UPDATES;372000000000;veh_67;41.004671813500046;-8.642648927981172;0.0;90.72293676843753
VEHICLE_UPDATES;372000000000;veh_68;41.005714573950186;-8.64240438958925;5.966365623582708;180.13491255010274
VEHICLE_UPDATES;372000000000;veh_69;41.004642995032206;-8.642649940896392;0.378406685217669;90.7233931194289
VEHICLE_UPDATES;372000000000;veh_70;41.00620219700554;-8.642361809272652;8.05869018105002;180.19124020941572
VEHICLE_UPDATES;372000000000;veh_71;41.004676676133194;-8.643604126450434;7.224652117425412;89.60977496207997
VEHICLE_UPDATES;373000000000;veh_46;41.00266844094089;-8.642442734280506;7.141705394048747;180.49607964342522
VEHICLE_UPDATES;373000000000;veh_48;41.00259179898656;-8.642405969883967;8.11828816765529;180.49603027982158
VEHICLE_UPDATES;373000000000;veh_50;41.00280390853988;-8.642440453758946;7.762259676285867;180.49607964342522
VEHICLE_UPDATES;373000000000;veh_52;41.00273250911434;-8.642403601192914;7.585810995130622;180.49603027982118
VEHICLE_UPDATES;373000000000;veh_54;41.002869939390685;-8.642401287702482;8.192726607626454;180.49603027982158
VEHICLE_UPDATES;373000000000;veh_56;41.00299405562927;-8.64243725271942;7.29322812483854;180.49607964342522
VEHICLE_UPDATES;373000000000;veh_58;41.00315745065939;-8.642435028468851;7.747589385373487;180.11924835566708
VEHICLE_UPDATES;373000000000;veh_59;41.004641032035885;-8.642494965118539;0.0;90.72339311942727
VEHICLE_UPDATES;373000000000;veh_60;41.003062319467944;-8.642398049171751;8.43771211112844;180.477148463895
VEHICLE_UPDATES;373000000000;veh_61;41.004669856297575;-8.642494335999;0.0;90.72293676843755
VEHICLE_UPDATES;373000000000;veh_62;41.00472832941292;-8.642415107535252;0.0;180.29993154303952
VEHICLE_UPDATES;373000000000;veh_63;41.00467083492463;-8.642571631981218;0.0;90.72293676843753
VEHICLE_UPDATES;373000000000;veh_64;41.00472845504021;-8.64237705207402;0.349179878470041;180.2998879364586
VEHICLE_UPDATES;373000000000;veh_65;41.0046420109171;-8.64257224434591;0.0;90.72339311942727
VEHICLE_UPDATES;373000000000;veh_66;41.00493910307857;-8.642412511647226;6.528862701566871;180.29993154303952
VEHICLE_UPDATES;373000000000;veh_67;41.004671813500046;-8.642648927981172;0.0;90.72293676843753
VEHICLE_UPDATES;373000000000;veh_68;41.00565889808438;-8.642404863625304;6.180998976497533;180.13491255010234
VEHICLE_UPDATES;373000000000;veh_69;41.004642991472906;-8.642649659879561;0.023640298598258;90.72339311942727
VEHICLE_UPDATES;373000000000;veh_70;41.00612762447528;-8.642362541037583;8.278527669423761;180.1912402094153
VEHICLE_UPDATES;373000000000;veh_71;41.00467686704197;-8.643527014979897;6.484612145139672;89.57888711287109
VEHICLE_UPDATES;374000000000;veh_46;41.00260071819101;-8.642443874351002;7.513087067614813;180.49607964342522
VEHICLE_UPDATES;374000000000;veh_48;41.00252820948198;-8.642407040335154;7.064814168839538;180.49603027982158
VEHICLE_UPDATES;374000000000;veh_50;41.00274035550233;-8.642441523640345;7.050503959985623;180.49607964342522
VEHICLE_UPDATES;374000000000;veh_52;41.00266120787028;-8.642404801467816;7.921591069782903;180.49603027982158
VEHICLE_UPDATES;374000000000;veh_54;41.00280560711544;-8.642402370668387;7.147336580081358;180.49603027982118
VEHICLE_UPDATES;374000000000;veh_56;41.002926217743195;-8.642438394741866;7.525860586983369;180.49607964342522
VEHICLE_UPDATES;374000000000;veh_58;41.00308820079765;-8.642435667820147;7.682085130996041;180.20929888359748
VEHICLE_UPDATES;374000000000;veh_59;41.004641032035885;-8.642494965118539;0.0;90.72339311942727
VEHICLE_UPDATES;374000000000;veh_60;41.00299423512557;-8.642399195307792;7.564192708991413;180.49603027982158
VEHICLE_UPDATES;374000000000;veh_61;41.004669856297575;-8.642494335999;0.0;90.72293676843755
VEHICLE_UPDATES;374000000000;veh_62;41.00472832941292;-8.642415107535252;0.0;180.29993154303952
VEHICLE_UPDATES;374000000000;veh_63;41.00467083492463;-8.642571631981218;0.0;90.72293676843753
VEHICLE_UPDATES;374000000000;veh_64;41.004728229845526;-8.642377054847408;0.024999951899615;180.29988793645816
VEHICLE_UPDATES;374000000000;veh_65;41.0046420109171;-8.64257224434591;0.0;90.72339311942727
VEHICLE_UPDATES;374000000000;veh_66;41.00487709644794;-8.642413275322987;6.88398054877853;180.29993154303912
VEHICLE_UPDATES;374000000000;veh_67;41.004671813500046;-8.642648927981172;0.0;90.72293676843753
VEHICLE_UPDATES;374000000000;veh_68;41.00560092077785;-8.642405357255099;6.436499252930837;180.13491255010234
VEHICLE_UPDATES;374000000000;veh_69;41.00464299051762;-8.642649584456363;0.006344911422978;90.72339311942727
VEHICLE_UPDATES;374000000000;veh_70;41.00605264275447;-8.642363276815535;8.323953069934193;180.19124020941572
VEHICLE_UPDATES;374000000000;veh_71;41.004677051057364;-8.643452668143786;6.252122966786683;89.57888711286945
VEHICLE_UPDATES;375000000000;veh_46;41.00252965434051;-8.642445070663797;7.883744979814198;180.49607964342522
VEHICLE_UPDATES;375000000000;veh_48;41.00245854668492;-8.642408213019882;7.739558805148872;180.49603027982118
VEHICLE_UPDATES;375000000000;veh_50;41.002667871744094;-8.642442743862592;8.041268174648614;180.49607964342522
VEHICLE_UPDATES;375000000000;veh_52;41.002596142529846;-8.64240589676566;7.228780093298592;180.49603027982118
VEHICLE_UPDATES;375000000000;veh_54;41.002731294428784;-8.642403621640781;8.256163413896822;180.49603027982118
VEHICLE_UPDATES;375000000000;veh_56;41.00285371520914;-8.642439615288554;8.043351410364018;180.49607964342522
VEHICLE_UPDATES;375000000000;veh_58;41.003020550310204;-8.64243680669177;7.505070914564624;180.49607964342522
VEHICLE_UPDATES;375000000000;veh_59;41.004641032035885;-8.642494965118539;0.0;90.72339311942727
VEHICLE_UPDATES;375000000000;veh_60;41.00291955441127;-8.642400452484258;8.297051682663096;180.49603027982158
VEHICLE_UPDATES;375000000000;veh_61;41.004669856297575;-8.642494335999;0.0;90.72293676843755
VEHICLE_UPDATES;375000000000;veh_62;41.00472832941292;-8.642415107535252;0.0;180.29993154303952
VEHICLE_UPDATES;375000000000;veh_63;41.00467083492463;-8.642571631981218;0.0;90.72293676843753
VEHICLE_UPDATES;375000000000;veh_64;41.00472809658481;-8.642377056488582;0.01479391476434;180.29988793645816
VEHICLE_UPDATES;375000000000;veh_65;41.0046420109171;-8.64257224434591;0.0;90.72339311942727
VEHICLE_UPDATES;375000000000;veh_66;41.00482077514958;-8.642413968976394;6.252794488986242;180.29993154303952
VEHICLE_UPDATES;375000000000;veh_67;41.004671813500046;-8.642648927981172;0.0;90.72293676843753
VEHICLE_UPDATES;375000000000;veh_68;41.00554384314845;-8.642405843223663;6.336619227255317;180.13491255010234
VEHICLE_UPDATES;375000000000;veh_69;41.004642989799805;-8.64264952778271;0.00476762216341;90.72339311942727
VEHICLE_UPDATES;375000000000;veh_70;41.005981253119856;-8.64236400475667;7.925202098490241;180.22150319873154
VEHICLE_UPDATES;375000000000;veh_71;41.00467724495845;-8.643374306268111;6.589763704598718;89.57888711287109
VEHICLE_REGISTRATION;375285714260;veh_72;[src.main.java.CarSendsCamAPP, src.main.java.EventProcessingApp, src.main.java.MainCarApp];Car
VEHICLE_REGISTRATION;375285714260;veh_73;[src.main.java.CarSendsCamAPP, src.main.java.EventProcessingApp, src.main.java.MainCarApp];Car_0
VEHICLE_UPDATES;376000000000;veh_46;41.002456632988604;-8.642446299926567;8.100907920139413;180.49607964342522
VEHICLE_UPDATES;376000000000;veh_48;41.00239296225453;-8.642409317047731;7.286450887863348;180.49603027982118
VEHICLE_UPDATES;376000000000;veh_50;41.00259962396992;-8.642443892771512;7.571332680793424;180.49607964342522
VEHICLE_UPDATES;376000000000;veh_52;41.002522906137315;-8.642407129610334;8.13658648740693;180.49603027982118
VEHICLE_UPDATES;376000000000;veh_54;41.00266172531213;-8.642404792757285;7.729151162214333;180.49603027982158
VEHICLE_UPDATES;376000000000;veh_56;41.00278615060376;-8.642440752704555;7.495542937784673;180.49607964342522
VEHICLE_UPDATES;376000000000;veh_58;41.00295131171535;-8.64243797229567;7.681253714281103;180.49607964342522
VEHICLE_UPDATES;376000000000;veh_59;41.004640785063096;-8.642471522177276;1.969821929838508;90.64395175523833
VEHICLE_UPDATES;376000000000;veh_60;41.00284607204434;-8.642401689484348;8.163914792253582;180.49603027982118
VEHICLE_UPDATES;376000000000;veh_61;41.00466959574438;-8.642469291123787;2.108633462735452;90.63298649381721
VEHICLE_UPDATES;376000000000;veh_62;41.00472832941292;-8.642415107535252;0.0;180.29993154303952
VEHICLE_UPDATES;376000000000;veh_63;41.00467083492463;-8.642571631981218;0.0;90.72293676843753
VEHICLE_UPDATES;376000000000;veh_64;41.004728039850505;-8.642377057187296;0.006298349886748;180.29988793645816
VEHICLE_UPDATES;376000000000;veh_65;41.0046420109171;-8.64257224434591;0.0;90.72339311942727
VEHICLE_UPDATES;376000000000;veh_66;41.00479846185559;-8.642414243786616;2.477223444801046;180.29993154303912
VEHICLE_UPDATES;376000000000;veh_67;41.004671813500046;-8.642648927981172;0.0;90.72293676843753
VEHICLE_UPDATES;376000000000;veh_68;41.00549005346598;-8.642406301196997;5.971599319662521;180.13491255010234
VEHICLE_UPDATES;376000000000;veh_69;41.0046429897512;-8.642649523945794;0.000322777328598;90.7233931194289
VEHICLE_UPDATES;376000000000;veh_70;41.005911312256245;-8.64236466131859;7.764335692745204;180.13491255010246
VEHICLE_UPDATES;376000000000;veh_71;41.0046771856113;-8.643285931123273;7.431796796461404;89.86843701764728
VEHICLE_UPDATES;377000000000;veh_46;41.00238778196124;-8.642447458981843;7.638256635634732;180.49607964342522
VEHICLE_UPDATES;377000000000;veh_48;41.00232727742933;-8.642410422762923;7.297604697054075;180.49603027982118
VEHICLE_UPDATES;377000000000;veh_50;41.002525304373414;-8.642445143892505;8.244933838479552;180.49607964342562
VEHICLE_UPDATES;377000000000;veh_52;41.002458240088764;-8.642408218181032;7.184418458499887;180.49603027982118
VEHICLE_UPDATES;377000000000;veh_54;41.00259228147619;-8.642405961761837;7.715232337037367;180.49603027982118
VEHICLE_UPDATES;377000000000;veh_56;41.002718960505774;-8.642441883813106;7.453995412017436;180.49607964342522
VEHICLE_UPDATES;377000000000;veh_58;41.002884414947886;-8.642439098473023;7.421453864713169;180.49607964342522
VEHICLE_UPDATES;377000000000;veh_59;41.00464044550534;-8.642430795012764;3.418039207789116;90.39595623630524
VEHICLE_UPDATES;377000000000;veh_60;41.0027709976659;-8.642402953280854;8.340787675967386;180.49603027982158
VEHICLE_UPDATES;377000000000;veh_61;41.00466914579807;-8.642415464982717;4.536182553763502;90.39760485622517
VEHICLE_UPDATES;377000000000;veh_62;41.00472832941292;-8.642415107535252;0.0;180.29993154303952
VEHICLE_UPDATES;377000000000;veh_63;41.004670613887086;-8.64255417317117;1.468378608792052;90.72293676843755
VEHICLE_UPDATES;377000000000;veh_64;41.004728034352105;-8.642377057255011;0.000610405343404;180.2998879364586
VEHICLE_UPDATES;377000000000;veh_65;41.00464171963484;-8.642549248208846;1.934530272773148;90.72339311942727
VEHICLE_UPDATES;377000000000;veh_66;41.00479065960743;-8.642414339878941;0.866206130095556;180.29993154303912
VEHICLE_UPDATES;377000000000;veh_67;41.004671813500046;-8.642648927981172;0.0;90.72293676843753
VEHICLE_UPDATES;377000000000;veh_68;41.005429205023276;-8.642406819268384;6.755245590877341;180.13491255010234
VEHICLE_UPDATES;377000000000;veh_69;41.0046429897512;-8.642649523945794;0.0;90.7233931194289
VEHICLE_UPDATES;377000000000;veh_70;41.005834193852245;-8.642365317970567;8.561094135606233;180.13491255010246
VEHICLE_UPDATES;377000000000;veh_71;41.00464825155359;-8.643206204453758;6.743996946797543;89.86833624206722
VEHICLE_UPDATES;378000000000;veh_46;41.002318579676654;-8.642448623947308;7.677224627278317;180.49607964342562
VEHICLE_UPDATES;378000000000;veh_48;41.002261793212874;-8.642411525098474;7.275316918427879;180.49603027982118
VEHICLE_UPDATES;378000000000;veh_50;41.00245909849828;-8.64244625842151;7.344806471700152;180.49607964342522
VEHICLE_UPDATES;378000000000;veh_52;41.00239015195923;-8.642409364355306;7.564612648323994;180.49603027982118
VEHICLE_UPDATES;378000000000;veh_54;41.00252329870109;-8.642407123002014;7.664008237700947;180.49603027982118
VEHICLE_UPDATES;378000000000;veh_56;41.0026506588668;-8.64244303363097;7.577308450580792;180.49607964342522
VEHICLE_UPDATES;378000000000;veh_58;41.00282047769758;-8.642440174825625;7.093128200880221;180.49607964342522
VEHICLE_UPDATES;378000000000;veh_59;41.00463996142218;-8.642372736199592;4.872602972434834;90.3959562363036
VEHICLE_UPDATES;378000000000;veh_60;41.00269638938433;-8.642404209227655;8.289004053259214;180.49603027982118
VEHICLE_UPDATES;378000000000;veh_61;41.00466856317166;-8.642345771065063;5.873434974858538;90.39760485622517
VEHICLE_UPDATES;378000000000;veh_62;41.00472832941292;-8.642415107535252;0.0;180.29993154303952
VEHICLE_UPDATES;378000000000;veh_63;41.00467011871333;-8.642515062269693;3.289434483975135;90.72293676843753
VEHICLE_UPDATES;378000000000;veh_64;41.004728032347764;-8.642377057279695;0.000222510296297;180.29988793645816
VEHICLE_UPDATES;378000000000;veh_65;41.004641283157866;-8.642514789924983;2.89877356117121;90.72339311942727
VEHICLE_UPDATES;378000000000;veh_66;41.0047872294899;-8.642414382124187;0.380811883388382;180.29993154303952
VEHICLE_UPDATES;378000000000;veh_67;41.00467164813589;-8.642635865861509;1.098593567719294;90.72293676843755
VEHICLE_UPDATES;378000000000;veh_68;41.00537708561252;-8.6424072630186;5.786169713588054;180.13491255010274
VEHICLE_UPDATES;378000000000;veh_69;41.004642836844255;-8.642637451572854;1.015577963946316;90.72339311942727
VEHICLE_UPDATES;378000000000;veh_70;41.00575959166871;-8.642365953195217;8.281762515079732;180.13491255010246
VEHICLE_UPDATES;378000000000;veh_71;41.004648146718445;-8.643128820839468;6.508929815520369;89.86833624206884
VEHICLE_UPDATES;378000000000;veh_72;41.00656455802283;-8.642396311344857;7.313282498406872;180.14766920786022
VEHICLE_UPDATES;378000000000;veh_73;41.00467848061077;-8.643986640848086;7.838283448643758;90.16591395568992
VEHICLE_UPDATES;379000000000;veh_46;41.0022470895399;-8.642449827423826;7.931036308595482;180.49607964342522
VEHICLE_UPDATES;379000000000;veh_48;41.00219123372519;-8.642412712814306;7.839180987254539;180.49596776755888
VEHICLE_UPDATES;379000000000;veh_50;41.00238501388398;-8.64244750558028;8.218864968897254;180.49607964342522
VEHICLE_UPDATES;379000000000;veh_52;41.002327875534085;-8.64241041269465;6.918930382286534;180.49603027982158
VEHICLE_UPDATES;379000000000;veh_54;41.002457229926705;-8.642408235185805;7.340261742063257;180.49603027982118
VEHICLE_UPDATES;379000000000;veh_56;41.00258223389795;-8.642444185522118;7.590990439115309;180.49607964342522
VEHICLE_UPDATES;379000000000;veh_58;41.002758204231846;-8.642441223166783;6.908549694185115;180.49607964342522
VEHICLE_UPDATES;379000000000;veh_59;41.004639485796574;-8.642292879542918;6.705067878144733;90.09384063965761
VEHICLE_UPDATES;379000000000;veh_60;41.00262278540976;-8.64240544826469;8.177425115010646;180.49603027982118
VEHICLE_UPDATES;379000000000;veh_61;41.004668391662875;-8.642256174336437;7.541543522536793;89.6021778161488
VEHICLE_UPDATES;379000000000;veh_62;41.00472832941292;-8.642415107535252;0.0;180.29993154303952
VEHICLE_UPDATES;379000000000;veh_63;41.00466951918061;-8.642460131747532;4.623726696266756;90.57023842127835
VEHICLE_UPDATES;379000000000;veh_64;41.004728032347764;-8.642377057279695;0.0;180.29988793645816
VEHICLE_UPDATES;379000000000;veh_65;41.00464070469224;-8.642461882198017;4.44660485879286;90.5776769983076
VEHICLE_UPDATES;379000000000;veh_66;41.004787014355905;-8.64241438477377;0.023884190925863;180.29993154303952
VEHICLE_UPDATES;379000000000;veh_67;41.00467117541846;-8.642598526542432;3.140434882170034;90.72293676843755
VEHICLE_UPDATES;379000000000;veh_68;41.005313824609836;-8.642407896524638;7.023144935552584;180.2492255098812
VEHICLE_UPDATES;379000000000;veh_69;41.00464230138766;-8.64259517676147;3.556332098270696;90.72339311942727
VEHICLE_UPDATES;379000000000;veh_70;41.00569104821213;-8.642366536829051;7.609168999853114;180.13491255010246
VEHICLE_UPDATES;379000000000;veh_71;41.00464802201996;-8.643046889516755;6.891463047247216;89.89003860248953
VEHICLE_UPDATES;379000000000;veh_72;41.0064948778341;-8.642396991029887;7.735776323677667;180.19124020941547
VEHICLE_UPDATES;379000000000;veh_73;41.00467795894707;-8.643887890697972;8.304452490015663;90.16591395568992
VEHICLE_UPDATES;380000000000;veh_46;41.00217544301331;-8.642451024807887;7.948376722635273;180.48558132511891
VEHICLE_UPDATES;380000000000;veh_48;41.002117277728104;-8.64241391834457;8.216492565018878;180.47290371069997
VEHICLE_UPDATES;380000000000;veh_50;41.002313906425286;-8.642448702617674;7.888582521171774;180.49607964342522
VEHICLE_UPDATES;380000000000;veh_52;41.0022605625985;-8.642411545814127;7.478488184081483;180.49603027982158
VEHICLE_UPDATES;380000000000;veh_54;41.002390931951666;-8.642409351225174;7.365725921749258;180.49603027982158
VEHICLE_UPDATES;380000000000;veh_56;41.00251926360127;-8.642445245584737;6.985855052584999;180.49607964342522
VEHICLE_UPDATES;380000000000;veh_58;41.00269150290986;-8.64244234604591;7.399771102521538;180.49607964342522
VEHICLE_UPDATES;380000000000;veh_59;41.0046396680582;-8.6422083277797;7.110370761456839;89.60223657677096
VEHICLE_UPDATES;380000000000;veh_60;41.00255096730374;-8.64240665723547;7.979014444877339;180.49603027982158
VEHICLE_UPDATES;380000000000;veh_61;41.004668572685176;-8.642172215364326;7.06156002116766;89.60217781615044
VEHICLE_UPDATES;380000000000;veh_62;41.00472832941292;-8.642415107535252;0.0;180.29993154303952
VEHICLE_UPDATES;380000000000;veh_63;41.0046688083631;-8.642375100312947;7.165999743390791;90.39760485622355
VEHICLE_UPDATES;380000000000;veh_64;41.004728031365815;-8.642377057291789;0.000109010682078;180.29988793645816
VEHICLE_UPDATES;380000000000;veh_65;41.004640114836064;-8.64239113560918;5.937428230757366;90.39595623630524
VEHICLE_UPDATES;380000000000;veh_66;41.0047869330958;-8.64241438577457;0.009021502748914;180.29993154303912
VEHICLE_UPDATES;380000000000;veh_67;41.00467048785413;-8.642544218460044;4.567598017330234;90.72293676843753
VEHICLE_UPDATES;380000000000;veh_68;41.005257515751296;-8.642408590036716;6.251413903703535;180.29993154303952
VEHICLE_UPDATES;380000000000;veh_69;41.00464170016268;-8.642547710934057;3.993021930597347;90.72339311942727
VEHICLE_UPDATES;380000000000;veh_70;41.00562040997095;-8.642367138297754;7.841715829937289;180.13491255010246
VEHICLE_UPDATES;380000000000;veh_71;41.00464694265604;-8.642961650043313;7.170696051958784;90.7233931194289
VEHICLE_UPDATES;380000000000;veh_72;41.00642706733573;-8.642397656409544;7.5282087173701;180.19124020941547
VEHICLE_UPDATES;380000000000;veh_73;41.00467747937322;-8.643797122216533;7.633229485480822;90.16591395568992
VEHICLE_UPDATES;381000000000;veh_46;41.00210423009685;-8.642452185450555;7.900241350849663;180.47282324749773
VEHICLE_UPDATES;381000000000;veh_48;41.00205051281373;-8.642415006652726;7.417565000402564;180.47290371069997
VEHICLE_UPDATES;381000000000;veh_50;41.00224221800004;-8.642449909432;7.953034205855351;180.49607964342516
VEHICLE_UPDATES;381000000000;veh_52;41.00218356640179;-8.642412837796757;8.554297042364793;180.49104274678174
VEHICLE_UPDATES;381000000000;veh_54;41.00233160929005;-8.642410349841988;6.590766327047712;180.49603027982158
VEHICLE_UPDATES;381000000000;veh_56;41.00244625647007;-8.642446474607642;8.099330275493891;180.49607964342522
VEHICLE_UPDATES;381000000000;veh_58;41.00262597296216;-8.642443449202924;7.269820048756867;180.49607964342522
VEHICLE_UPDATES;381000000000;veh_59;41.00463984620376;-8.64212565767086;6.95213325237663;89.60223657677096
VEHICLE_UPDATES;381000000000;veh_60;41.00247574667568;-8.642407923480157;8.35703561738128;180.49603027982118
VEHICLE_UPDATES;381000000000;veh_61;41.004668762975726;-8.642083927132928;7.425682203368322;89.60217781614881
VEHICLE_UPDATES;381000000000;veh_62;41.00472832941292;-8.642415107535252;0.0;180.29993154303952
VEHICLE_UPDATES;381000000000;veh_63;41.0046683330677;-8.642283344979425;7.728008880621798;89.93319035567629
VEHICLE_UPDATES;381000000000;veh_64;41.004728031365815;-8.642377057291789;0.0;180.29988793645816
VEHICLE_UPDATES;381000000000;veh_65;41.00463947213223;-8.64229921731415;7.716269609538755;90.19951812534336
VEHICLE_UPDATES;381000000000;veh_66;41.00478688871758;-8.642414386321132;0.004926873210897;180.29993154303912
VEHICLE_UPDATES;381000000000;veh_67;41.004669552544236;-8.642464123048951;6.739551346122239;90.59758783640382
VEHICLE_UPDATES;381000000000;veh_68;41.00519696136591;-8.64240933583591;6.722752556569496;180.29993154303952
VEHICLE_UPDATES;381000000000;veh_69;41.00464083256748;-8.642477220076803;5.928820537313177;90.6831535200898
VEHICLE_UPDATES;381000000000;veh_70;41.00554776477229;-8.642367756853334;8.064512754978184;180.13491255010246
VEHICLE_UPDATES;381000000000;veh_71;41.00464593679615;-8.642882219809573;6.681999094555922;90.72339311942727
VEHICLE_UPDATES;381000000000;veh_72;41.00635511788975;-8.642398362399916;7.987707696707615;180.19124020941547
VEHICLE_UPDATES;381000000000;veh_73;41.00467691639164;-8.643696504887831;8.46150377411466;90.21566239132785
VEHICLE_UPDATES;382000000000;veh_46;41.00204169054045;-8.642453204730502;6.938033267554399;180.47282324749773
VEHICLE_UPDATES;382000000000;veh_48;41.00198261286971;-8.642416113459786;7.543666416728692;180.47290371069997
VEHICLE_UPDATES;382000000000;veh_50;41.00217658680533;-8.642451006166105;7.28104314474905;180.48631907827496
VEHICLE_UPDATES;382000000000;veh_52;41.00211513639024;-8.642413953249703;7.602556963264083;180.47290371070036
VEHICLE_UPDATES;382000000000;veh_54;41.0022574136972;-8.642411598821424;8.24315355822508;180.49603027982118
VEHICLE_UPDATES;382000000000;veh_56;41.002381171145714;-8.642447570269798;7.22049370907455;180.49607964342522
VEHICLE_UPDATES;382000000000;veh_58;41.00256138027933;-8.642444536579044;7.16584083247368;180.49607964342522
VEHICLE_UPDATES;382000000000;veh_59;41.00464001248231;-8.642048469706623;6.491112933655208;89.60223657676934
VEHICLE_UPDATES;382000000000;veh_60;41.002408482073484;-8.64240905579218;7.473118525241979;180.49603027982118
VEHICLE_UPDATES;382000000000;veh_61;41.00466895173758;-8.641996317148285;7.368636717800089;89.60217781615042
VEHICLE_UPDATES;382000000000;veh_62;41.00472832941292;-8.642415107535252;0.0;180.29993154303952
VEHICLE_UPDATES;382000000000;veh_63;41.00466853009482;-8.642191971519937;7.68517232084697;89.6021778161488
VEHICLE_UPDATES;382000000000;veh_64;41.004728031365815;-8.642377057291789;0.0;180.29988793645816
VEHICLE_UPDATES;382000000000;veh_65;41.004639650186554;-8.642216619771629;6.946030797713827;89.60223657676934
VEHICLE_UPDATES;382000000000;veh_66;41.00478688753512;-8.642414386335693;0.000131275524967;180.29993154303952
VEHICLE_UPDATES;382000000000;veh_67;41.00466884162985;-8.642379079674145;7.167005993102684;90.39760485622517
VEHICLE_UPDATES;382000000000;veh_68;41.005144197522846;-8.642409985683877;5.857845887394244;180.29993154303952
VEHICLE_UPDATES;382000000000;veh_69;41.00464013466551;-8.642393513842148;7.025070289934342;90.39595623630524
VEHICLE_UPDATES;382000000000;veh_70;41.00547897017613;-8.642368342620216;7.637048306596967;180.13491255010246
VEHICLE_UPDATES;382000000000;veh_71;41.00464491429352;-8.642801479770803;6.792185541805647;90.72339311942727
VEHICLE_UPDATES;382000000000;veh_72;41.006292222050476;-8.642398979551755;6.982591270275109;180.19124020941547
VEHICLE_UPDATES;382000000000;veh_73;41.00467670547028;-8.643592278028132;8.765028281021639;89.57888711287109
VEHICLE_UPDATES;383000000000;veh_46;41.00197572868118;-8.642454279785143;7.317697715225202;180.47282324749818
VEHICLE_UPDATES;383000000000;veh_48;41.001915529514115;-8.642417206953262;7.452943561198945;180.47290371069997
VEHICLE_UPDATES;383000000000;veh_50;41.002107939363036;-8.642452124996252;7.615631956405498;180.47282324749773
VEHICLE_UPDATES;383000000000;veh_52;41.00204560856291;-8.642415086594852;7.724523923275937;180.47290371069997
VEHICLE_UPDATES;383000000000;veh_54;41.00218563131154;-8.642412804137363;7.975042174108308;180.49236911883833
VEHICLE_UPDATES;383000000000;veh_56;41.00231347216821;-8.642448709928036;7.510449399437973;180.49607964342522
VEHICLE_UPDATES;383000000000;veh_58;41.00249651722363;-8.642445628504113;7.195835618538752;180.49607964342522
VEHICLE_UPDATES;383000000000;veh_59;41.00464016796192;-8.641976272994832;6.071374134764015;89.60223657676934
VEHICLE_UPDATES;383000000000;veh_60;41.00233265195938;-8.64241033229008;8.42474949540565;180.49603027982158
VEHICLE_UPDATES;383000000000;veh_61;41.00466915777632;-8.641900653148332;8.046037964140103;89.6021778161488
VEHICLE_UPDATES;383000000000;veh_62;41.00472832941292;-8.642415107535252;0.0;180.29993154303952
VEHICLE_UPDATES;383000000000;veh_63;41.00466874315282;-8.642093125737208;8.313649034513894;89.60217781615042
VEHICLE_UPDATES;383000000000;veh_64;41.004728031365815;-8.642377057291789;0.0;180.29988793645816
VEHICLE_UPDATES;383000000000;veh_65;41.00463982736135;-8.642134402963368;6.914012992822265;89.60223657676934
VEHICLE_UPDATES;383000000000;veh_66;41.00478688654698;-8.642414386347863;0.000109704330362;180.29993154303952
VEHICLE_UPDATES;383000000000;veh_67;41.00466830293532;-8.64229731623596;6.888284147743143;90.1669242029043
VEHICLE_UPDATES;383000000000;veh_68;41.005084496847374;-8.642410720965364;6.627973484007263;180.29993154303912
VEHICLE_UPDATES;383000000000;veh_69;41.00463945997108;-8.642304857747577;7.441531913827755;90.29351780155767
VEHICLE_UPDATES;383000000000;veh_70;41.005412351416275;-8.6423689098588;7.395503564692604;180.13491255010246
VEHICLE_UPDATES;383000000000;veh_71;41.00464388486333;-8.642720197223605;6.837823837930173;90.72339311942727
VEHICLE_UPDATES;383000000000;veh_72;41.006228577128205;-8.64239960405217;7.065753140199624;180.19124020941587
VEHICLE_UPDATES;383000000000;veh_73;41.00467695543977;-8.64349130246557;8.49143914140366;89.57888711287109
VEHICLE_UPDATES;384000000000;veh_46;41.00190491298899;-8.642455433945235;7.856173678861503;180.47282324749773
VEHICLE_UPDATES;384000000000;veh_48;41.00184946042431;-8.642418283911024;7.340258804565119;180.47290371069997
VEHICLE_UPDATES;384000000000;veh_50;41.002039589442816;-8.642453238974495;7.582625267799063;180.47282324749773
VEHICLE_UPDATES;384000000000;veh_52;41.001977076151924;-8.64241620371126;7.613933325864268;180.47290371069997
VEHICLE_UPDATES;384000000000;veh_54;41.00211703748193;-8.642413922260731;7.62075710993948;180.47290371069997
VEHICLE_UPDATES;384000000000;veh_56;41.00224616315058;-8.642449843018793;7.467187597986528;180.49607964342522
VEHICLE_UPDATES;384000000000;veh_58;41.00242878223633;-8.642446768773395;7.514444442981824;180.49607964342522
VEHICLE_UPDATES;384000000000;veh_59;41.00464035356127;-8.641890062719186;7.249843166114702;89.60223657676934
VEHICLE_UPDATES;384000000000;veh_60;41.00226066638117;-8.642411544067091;7.997620243453366;180.49603027982158
VEHICLE_UPDATES;384000000000;veh_61;41.00466933960119;-8.64181620103058;7.103037148145066;89.60217781614881
VEHICLE_UPDATES;384000000000;veh_62;41.00472832941292;-8.642415107535252;0.0;180.29993154303952
VEHICLE_UPDATES;384000000000;veh_63;41.00466895804003;-8.641993391464434;8.388377505298159;89.6021778161488
VEHICLE_UPDATES;384000000000;veh_64;41.004728031365815;-8.642377057291789;0.0;180.29988793645816
VEHICLE_UPDATES;384000000000;veh_65;41.004639961647875;-8.642072070038314;5.241880130393249;89.60223657676934
VEHICLE_UPDATES;384000000000;veh_66;41.00478688654698;-8.642414386347863;0.0;180.29993154303952
VEHICLE_UPDATES;384000000000;veh_67;41.004668481154695;-8.642214671167261;6.95105119147618;89.6021778161488
VEHICLE_UPDATES;384000000000;veh_68;41.00502591021;-8.642411442524535;6.504292822016025;180.29993154303952
VEHICLE_UPDATES;384000000000;veh_69;41.00463963271055;-8.642224727917974;6.738508765192492;89.60223657676934
VEHICLE_UPDATES;384000000000;veh_70;41.005341219852646;-8.64236951552074;7.896480316018256;180.13491255010246
VEHICLE_UPDATES;384000000000;veh_71;41.00464283739082;-8.642637494724292;6.957276332895107;90.72339311942727
VEHICLE_UPDATES;384000000000;veh_72;41.0061588756396;-8.642400287979285;7.738142941604995;180.19124020941547
VEHICLE_UPDATES;384000000000;veh_73;41.004677209574766;-8.643388607595488;8.636022579926774;89.57888711286945
VEHICLE_UPDATES;385000000000;veh_46;41.001840264749866;-8.642456487585013;7.171966731782574;180.47282324749813
VEHICLE_UPDATES;385000000000;veh_48;41.00177628243303;-8.6424194767442;8.130055821240703;180.47290371069997
VEHICLE_UPDATES;385000000000;veh_50;41.00197440056959;-8.642454301430845;7.231943941387165;180.47282324749813
VEHICLE_UPDATES;385000000000;veh_52;41.00191860173333;-8.642417156874556;6.496492871664792;180.47290371069997
VEHICLE_UPDATES;385000000000;veh_54;41.00205160063691;-8.642414988920578;7.27001683420186;180.47290371070036
VEHICLE_UPDATES;385000000000;veh_56;41.00218144027711;-8.642450927063114;7.180277742130899;180.48944959858352
VEHICLE_UPDATES;385000000000;veh_58;41.0023639758587;-8.642447859738995;7.189547644396282;180.49607964342522
VEHICLE_UPDATES;385000000000;veh_59;41.004640525217695;-8.641810302205297;6.707451195221334;89.60223657677096
VEHICLE_UPDATES;385000000000;veh_60;41.00218472835165;-8.642412818856206;8.436734994025846;180.49178911249123
VEHICLE_UPDATES;385000000000;veh_61;41.00466953647125;-8.64172472847913;7.693506665354633;89.6021778161488
VEHICLE_UPDATES;385000000000;veh_62;41.00472832941292;-8.642415107535252;0.0;180.29993154303952
VEHICLE_UPDATES;385000000000;veh_63;41.00466914521148;-8.641906488070324;7.309207314661916;89.6021778161488
VEHICLE_UPDATES;385000000000;veh_64;41.004728031365815;-8.642377057291789;0.0;180.29988793645816
VEHICLE_UPDATES;385000000000;veh_65;41.004640151191886;-8.641984061141663;7.401097993480792;89.60223657677096
VEHICLE_UPDATES;385000000000;veh_66;41.00478688654698;-8.642414386347863;0.0;180.29993154303952
VEHICLE_UPDATES;385000000000;veh_67;41.00466867826583;-8.64212323346618;7.690575504468761;89.60217781615042
VEHICLE_UPDATES;385000000000;veh_68;41.00497392504222;-8.642412082777929;5.771397122989031;180.29993154303952
VEHICLE_UPDATES;385000000000;veh_69;41.00463978007356;-8.642156349214508;5.75029916865784;89.60223657676934
VEHICLE_UPDATES;385000000000;veh_70;41.00527088167148;-8.642370371738217;7.808575712751168;180.2998879364582
VEHICLE_UPDATES;385000000000;veh_71;41.00464188152357;-8.642562028946802;6.348493582596839;90.72339311942727
VEHICLE_UPDATES;385000000000;veh_72;41.0060893709263;-8.642400969973629;7.716297182689116;180.19124020941547
VEHICLE_UPDATES;385000000000;veh_73;41.004677193136764;-8.643291484859585;8.167418474728018;89.86843701764728
VEHICLE_REGISTRATION;385571428545;veh_74;[src.main.java.CarSendsCamAPP, src.main.java.EventProcessingApp, src.main.java.MainCarApp];Car
VEHICLE_REGISTRATION;385571428545;veh_75;[src.main.java.CarSendsCamAPP, src.main.java.EventProcessingApp, src.main.java.MainCarApp];Car_0
VEHICLE_UPDATES;386000000000;veh_46;41.001772059631065;-8.642457599192234;7.566560879653823;180.4728232474978
VEHICLE_UPDATES;386000000000;veh_48;41.00170779728592;-8.642420593079038;7.608681958188126;180.47290371069997
VEHICLE_UPDATES;386000000000;veh_50;41.00190526168179;-8.642455428262217;7.670151819215313;180.4728232474978
VEHICLE_UPDATES;386000000000;veh_52;41.001846594786066;-8.642418330622238;7.999953235994631;180.47290371070036
VEHICLE_UPDATES;386000000000;veh_54;41.00199177307549;-8.642415964143472;6.646826780581579;180.47290371069997
VEHICLE_UPDATES;386000000000;veh_56;41.00211715611754;-8.642451974779854;7.131576709553817;180.47282324749773
VEHICLE_UPDATES;386000000000;veh_58;41.002302949019374;-8.642448887076592;6.770249783437668;180.49607964342522
VEHICLE_UPDATES;386000000000;veh_59;41.00464068736017;-8.64173493881148;6.337675889556236;89.60223657676934
VEHICLE_UPDATES;386000000000;veh_60;41.00211757532211;-8.642413913493602;7.460684586176584;180.47290371069997
VEHICLE_UPDATES;386000000000;veh_61;41.00466974606605;-8.641627306472252;8.193899122615383;89.6021778161488
VEHICLE_UPDATES;386000000000;veh_62;41.00472832941292;-8.642415107535252;0.0;180.29993154303952
VEHICLE_UPDATES;386000000000;veh_63;41.004669355534844;-8.641808798970018;8.21636362587021;89.60217781615044
VEHICLE_UPDATES;386000000000;veh_64;41.004728031365815;-8.642377057291789;0.0;180.29988793645816
VEHICLE_UPDATES;386000000000;veh_65;41.00464031387675;-8.64190849856121;6.354426469733411;89.60223657677096
VEHICLE_UPDATES;386000000000;veh_66;41.00478688654698;-8.642414386347863;0.0;180.29993154303952
VEHICLE_UPDATES;386000000000;veh_67;41.00466888548742;-8.642027069335066;8.08810263388139;89.60217781614881
VEHICLE_UPDATES;386000000000;veh_68;41.00491155707495;-8.642412850904968;6.924096211270983;180.29993154303952
VEHICLE_UPDATES;386000000000;veh_69;41.00463995849284;-8.642073534722584;6.964275130069889;89.60223657676934
VEHICLE_UPDATES;386000000000;veh_70;41.00519834769036;-8.642371265049476;8.052348674043584;180.2998879364582
VEHICLE_UPDATES;386000000000;veh_71;41.004641146178116;-8.642503976035425;4.883651352426658;90.72339311942727
VEHICLE_UPDATES;386000000000;veh_72;41.00602766089777;-8.642401575483298;6.850944218753532;180.19124020941547
VEHICLE_UPDATES;386000000000;veh_73;41.00467705973979;-8.643193068222955;8.27621799453698;89.86843701764728
VEHICLE_UPDATES;387000000000;veh_46;41.00170657652179;-8.642458666433491;7.264585644031447;180.47282324749773
VEHICLE_UPDATES;387000000000;veh_48;41.00163608538873;-8.642421762008135;7.967172948197285;180.47290371069997
VEHICLE_UPDATES;387000000000;veh_50;41.00184142787774;-8.642456468628328;7.081614678154086;180.47282324749813
VEHICLE_UPDATES;387000000000;veh_52;41.001776324295726;-8.64241947606182;7.807033219123005;180.47290371069997
VEHICLE_UPDATES;387000000000;veh_54;41.00191510338006;-8.64241721389946;8.517983458276131;180.47290371070036
VEHICLE_UPDATES;387000000000;veh_56;41.00204707482505;-8.642453116976641;7.774700809491084;180.47282324749773
VEHICLE_UPDATES;387000000000;veh_58;41.00223773566139;-8.642449984888295;7.234697430095605;180.49607964342522
VEHICLE_UPDATES;387000000000;veh_59;41.00464084555302;-8.641661389115548;6.18515317465452;89.60223657676934
VEHICLE_UPDATES;387000000000;veh_60;41.002055613016566;-8.642414923516457;6.883996386905562;180.47290371069997
VEHICLE_UPDATES;387000000000;veh_61;41.00466993040984;-8.641541589771832;7.209397740026922;89.60217781615042
VEHICLE_UPDATES;387000000000;veh_62;41.00472832941292;-8.642415107535252;0.0;180.29993154303952
VEHICLE_UPDATES;387000000000;veh_63;41.004669559992706;-8.641713797342785;7.99032759820259;89.6021778161488
VEHICLE_UPDATES;387000000000;veh_64;41.004728031365815;-8.642377057291789;0.0;180.29988793645816
VEHICLE_UPDATES;387000000000;veh_65;41.0046404967865;-8.641823514596833;7.146716660299976;89.60223657676934
VEHICLE_UPDATES;387000000000;veh_66;41.00478688654698;-8.642414386347863;0.0;180.29993154303952
VEHICLE_UPDATES;387000000000;veh_67;41.00466907178119;-8.64194058525555;7.273939909113578;89.6021778161488
VEHICLE_UPDATES;387000000000;veh_68;41.004869479922064;-8.642375315274798;4.639088871663446;180.29988793645856
VEHICLE_UPDATES;387000000000;veh_69;41.00464010266385;-8.642006596607542;5.629153049270224;89.60223657676934
VEHICLE_UPDATES;387000000000;veh_70;41.00512121081715;-8.64237221504607;8.563337915159332;180.29988793645816
VEHICLE_UPDATES;387000000000;veh_71;41.00464106233815;-8.642497357313852;0.556794280428472;90.72339311942727
VEHICLE_UPDATES;387000000000;veh_72;41.00596432406173;-8.642402236316991;7.031575071198561;180.2215031987318
VEHICLE_UPDATES;387000000000;veh_73;41.00467693676151;-8.643102393067073;7.625208397466466;89.86843701764728
VEHICLE_UPDATES;388000000000;veh_46;41.00163365629817;-8.64245985488151;8.089646464680825;180.47282324749773
VEHICLE_UPDATES;388000000000;veh_48;41.00156893333345;-8.642422856607391;7.460575618451284;180.47290371069997
VEHICLE_UPDATES;388000000000;veh_50;41.001778060012164;-8.642457501398118;7.029924166557789;180.4728232474978
VEHICLE_UPDATES;388000000000;veh_52;41.00169988411479;-8.642420722066657;8.492484133318314;180.47290371070036
VEHICLE_UPDATES;388000000000;veh_54;41.0018487852853;-8.642418294916098;7.36792319057002;180.47290371070036
VEHICLE_UPDATES;388000000000;veh_56;41.00197582420528;-8.642454278228282;7.9044239120439;180.4728232474978
VEHICLE_UPDATES;388000000000;veh_58;41.002170076040066;-8.64245111228002;7.506070848884031;180.48211959308654
VEHICLE_UPDATES;388000000000;veh_59;41.00464101949459;-8.641580492054658;6.803028979639462;89.60223657676934
VEHICLE_UPDATES;388000000000;veh_60;41.001987766731595;-8.642416029449054;7.53770491498517;180.47290371069997
VEHICLE_UPDATES;388000000000;veh_61;41.00466987774968;-8.641456333770952;7.164329726099075;89.96029399144659
VEHICLE_UPDATES;388000000000;veh_62;41.00472832941292;-8.642415107535252;0.0;180.29993154303952
VEHICLE_UPDATES;388000000000;veh_63;41.00466973019113;-8.641634686653088;6.653784208278413;89.60217781614881
VEHICLE_UPDATES;388000000000;veh_64;41.004728031365815;-8.642377057291789;0.0;180.29988793645816
VEHICLE_UPDATES;388000000000;veh_65;41.00464065356044;-8.641750650726967;6.127478712175327;89.60223657677096
VEHICLE_UPDATES;388000000000;veh_66;41.00478688654698;-8.642414386347863;0.0;180.29993154303952
VEHICLE_UPDATES;388000000000;veh_67;41.00466927878949;-8.641844449413913;8.085723279186531;89.6021778161488
VEHICLE_UPDATES;388000000000;veh_68;41.00481290100339;-8.64237601207655;6.281099453159524;180.2998879364582
VEHICLE_UPDATES;388000000000;veh_69;41.004640275468766;-8.641926340072933;6.749164002410373;89.60223657677096
VEHICLE_UPDATES;388000000000;veh_70;41.0050446332516;-8.642373158151539;8.501246346278618;180.29988793645816
VEHICLE_UPDATES;388000000000;veh_71;41.00464104398383;-8.64249590834269;0.121893457645856;90.72339311942727
VEHICLE_UPDATES;388000000000;veh_72;41.00589924869762;-8.642402817221383;7.22452494759734;180.13491255010234
VEHICLE_UPDATES;388000000000;veh_73;41.00467635451669;-8.64300766874503;7.966183606489338;90.58987205884947
VEHICLE_UPDATES;388000000000;veh_74;41.0065484785749;-8.642358411253044;9.074858965346667;180.16199197403998
VEHICLE_UPDATES;388000000000;veh_75;41.0046496895621;-8.643993421312599;7.292750146886843;90.16591395569088
VEHICLE_UPDATES;389000000000;veh_46;41.001562734888786;-8.642461010749933;7.867901285785754;180.47282324749773
VEHICLE_UPDATES;389000000000;veh_48;41.0015039033877;-8.64242391661301;7.224809723529788;180.47290371069997
VEHICLE_UPDATES;389000000000;veh_50;41.00170480858282;-8.642458695247258;8.12638996961839;180.47282324749773
VEHICLE_UPDATES;389000000000;veh_52;41.00163452281685;-8.64242178747857;7.261623033262354;180.47290371069997
VEHICLE_UPDATES;389000000000;veh_54;41.00176737167125;-8.642419621993282;9.045031364481078;180.47290371069997
VEHICLE_UPDATES;389000000000;veh_56;41.001910492554934;-8.642455343009111;7.24778331044338;180.47282324749773
VEHICLE_UPDATES;389000000000;veh_58;41.00210145577499;-8.642452230666958;7.61261695453801;180.47282324749773
VEHICLE_UPDATES;389000000000;veh_59;41.00464115035192;-8.641519615273184;5.119425896449312;89.60223657677096
VEHICLE_UPDATES;389000000000;veh_60;41.00192500368418;-8.642417052519544;6.972958442015627;180.47290371069997
VEHICLE_UPDATES;389000000000;veh_61;41.00466964762021;-8.641367337490857;7.473947449623646;89.96029399144659
VEHICLE_UPDATES;389000000000;veh_62;41.00472832941292;-8.642415107535252;0.0;180.29993154303952
VEHICLE_UPDATES;389000000000;veh_63;41.00466990271526;-8.641554469166078;6.746873908244661;89.6021778161488
VEHICLE_UPDATES;389000000000;veh_64;41.004728031365815;-8.642377057291789;0.0;180.29988793645816
VEHICLE_UPDATES;389000000000;veh_65;41.00464081103004;-8.641677441980894;6.156481035894362;89.60223657677096
VEHICLE_UPDATES;389000000000;veh_66;41.00478688654698;-8.642414386347863;0.0;180.29993154303952
VEHICLE_UPDATES;389000000000;veh_67;41.00466946763059;-8.641756718041458;7.378846310617408;89.60217781614881
VEHICLE_UPDATES;389000000000;veh_68;41.004792724947485;-8.642376260555846;2.239841549783858;180.2998879364582
VEHICLE_UPDATES;389000000000;veh_69;41.004640447827576;-8.641846264854587;6.733916230614381;89.60223657676934
VEHICLE_UPDATES;389000000000;veh_70;41.00497713771251;-8.642373989403248;7.493006519089955;180.29988793645816
VEHICLE_UPDATES;389000000000;veh_71;41.00464103500463;-8.642495199484118;0.05963212002612;90.72339311942727
VEHICLE_UPDATES;389000000000;veh_72;41.005829906979685;-8.64240340761591;7.698148824453049;180.13491255010234
VEHICLE_UPDATES;389000000000;veh_73;41.0046750301991;-8.642903038409841;8.799965104810669;90.72293676843753
VEHICLE_UPDATES;389000000000;veh_74;41.00647170894305;-8.642359164588466;8.522435240604992;180.19124020941572
VEHICLE_UPDATES;389000000000;veh_75;41.004649231234346;-8.643906658748882;7.297982030519794;90.16591395568926
VEHICLE_UPDATES;390000000000;veh_46;41.00149284394387;-8.642462149820998;7.753583201557901;180.47282324749773
VEHICLE_UPDATES;390000000000;veh_48;41.00143985850941;-8.642424960559266;7.115368909291746;180.47290371069997
VEHICLE_UPDATES;390000000000;veh_50;41.00163339081844;-8.642459859208273;7.922966171077515;180.47282324749773
VEHICLE_UPDATES;390000000000;veh_52;41.00157100057765;-8.642422822910712;7.057304009483822;180.47290371069997
VEHICLE_UPDATES;390000000000;veh_54;41.00170747568373;-8.642420598321273;6.654428564473549;180.47290371069997
VEHICLE_UPDATES;390000000000;veh_56;41.00184844582037;-8.642456354249715;6.88336020546242;180.47282324749773
VEHICLE_UPDATES;390000000000;veh_58;41.00203201412786;-8.64245336243805;7.703739604124769;180.47282324749773
VEHICLE_UPDATES;390000000000;veh_59;41.004641021232516;-8.641444638077745;6.312498899314492;89.96018362036888
VEHICLE_UPDATES;390000000000;veh_60;41.00185559741653;-8.642418183875227;7.711018413365764;180.47290371069997
VEHICLE_UPDATES;390000000000;veh_61;41.004640493109214;-8.641281154996037;7.267068103062027;90.10884960452657
VEHICLE_UPDATES;390000000000;veh_62;41.00472832941292;-8.642415107535252;0.0;180.29993154303952
VEHICLE_UPDATES;390000000000;veh_63;41.004669903237904;-8.641466192274978;7.419658850092333;89.90279581540999
VEHICLE_UPDATES;390000000000;veh_64;41.004728031365815;-8.642377057291789;0.0;180.29988793645816
VEHICLE_UPDATES;390000000000;veh_65;41.00464094244896;-8.641616327833063;5.139387194301153;89.60223657677096
VEHICLE_UPDATES;390000000000;veh_66;41.00478688654698;-8.642414386347863;0.0;180.29993154303952
VEHICLE_UPDATES;390000000000;veh_67;41.00466967527993;-8.641660212935264;8.11678110922501;89.6021778161488
VEHICLE_UPDATES;390000000000;veh_68;41.00478863723384;-8.642376310898278;0.453796862275594;180.29988793645816
VEHICLE_UPDATES;390000000000;veh_69;41.0046406191806;-8.641766631291262;6.696775301544009;89.60223657676934
VEHICLE_UPDATES;390000000000;veh_70;41.004901704921295;-8.642374918404805;8.374159191620107;180.29988793645816
VEHICLE_UPDATES;390000000000;veh_71;41.00464103290645;-8.6424950338452;0.013934232096566;90.7233931194289
VEHICLE_UPDATES;390000000000;veh_72;41.00576757378321;-8.642403938336447;6.920079743109339;180.13491255010234
VEHICLE_UPDATES;390000000000;veh_73;41.004673799598734;-8.642805819117363;8.176657545800097;90.72293676843753
VEHICLE_UPDATES;390000000000;veh_74;41.00639008733258;-8.642359965533409;9.061068331398147;180.19124020941572
VEHICLE_UPDATES;390000000000;veh_75;41.004648731202664;-8.643812015629884;7.960850464384581;90.16591395568926
VEHICLE_UPDATES;391000000000;veh_46;41.00142272480729;-8.642463292608129;7.778898303398434;180.47282324749773
VEHICLE_UPDATES;391000000000;veh_48;41.001371418036314;-8.642426076151992;7.603718231335105;180.47290371070036
VEHICLE_UPDATES;391000000000;veh_50;41.00156411579342;-8.642460988244148;7.685254189453362;180.47282324749773
VEHICLE_UPDATES;391000000000;veh_52;41.001512145813486;-8.642423782259392;6.538748693681098;180.47290371069997
VEHICLE_UPDATES;391000000000;veh_54;41.00163933446255;-8.64242170904716;7.570471784910795;180.47290371069997
VEHICLE_UPDATES;391000000000;veh_56;41.00177904960307;-8.64245748526978;7.698699350200811;180.47282324749813
VEHICLE_UPDATES;391000000000;veh_58;41.00196579367278;-8.642454441706926;7.346385886081464;180.4728232474978
VEHICLE_UPDATES;391000000000;veh_59;41.004640809143034;-8.641362574192323;6.910921892219163;89.96018362036888
VEHICLE_UPDATES;391000000000;veh_60;41.001785744517306;-8.64241932250828;7.760638966845703;180.47290371069997
VEHICLE_UPDATES;391000000000;veh_61;41.00464009701557;-8.64119413126801;7.318521686703005;90.10884960452657
VEHICLE_UPDATES;391000000000;veh_62;41.00472832941292;-8.642415107535252;0.0;180.29993154303952
VEHICLE_UPDATES;391000000000;veh_63;41.00466966038779;-8.641372274308575;7.887272861296587;89.96029399144821
VEHICLE_UPDATES;391000000000;veh_64;41.004728031365815;-8.642377057291789;0.0;180.29988793645816
VEHICLE_UPDATES;391000000000;veh_65;41.004641104051466;-8.64154115664966;6.321511973824893;89.60223657676934
VEHICLE_UPDATES;391000000000;veh_66;41.00478688654698;-8.642414386347863;0.0;180.29993154303952
VEHICLE_UPDATES;391000000000;veh_67;41.0046698779075;-8.641566005480122;7.923531947846531;89.60217781615042
VEHICLE_UPDATES;391000000000;veh_68;41.00478693305424;-8.64237633188618;0.189189219406028;180.29988793645856
VEHICLE_UPDATES;391000000000;veh_69;41.0046407421087;-8.641709486668564;4.80557043838674;89.60223657676934
VEHICLE_UPDATES;391000000000;veh_70;41.00486141854326;-8.642375414555383;4.472385737063355;180.29988793645816
VEHICLE_UPDATES;391000000000;veh_71;41.00464103226775;-8.64249498342291;0.004241731889732;90.72339311942727
VEHICLE_UPDATES;391000000000;veh_72;41.00570494556002;-8.642404471567474;6.952832814810493;180.13491255010234
VEHICLE_UPDATES;391000000000;veh_73;41.00467264529433;-8.64271463320974;7.669218237023577;90.72293676843755
VEHICLE_UPDATES;391000000000;veh_74;41.00631499565404;-8.642360702398369;8.336160203436467;180.19124020941572
VEHICLE_UPDATES;391000000000;veh_75;41.004648290503255;-8.643728614774197;7.015214215959;90.16591395569088
VEHICLE_UPDATES;392000000000;veh_46;41.00135841434054;-8.642464340724155;7.134494220676403;180.4728232474978
VEHICLE_UPDATES;392000000000;veh_48;41.001299727911224;-8.642427244711627;7.964753597388798;180.47290371069997
VEHICLE_UPDATES;392000000000;veh_50;41.00149217385143;-8.64246216074204;7.981117346796125;180.4728232474978
VEHICLE_UPDATES;392000000000;veh_52;41.00143909833463;-8.642424972950275;8.115555437643346;180.47290371069997
VEHICLE_UPDATES;392000000000;veh_54;41.0015861175057;-8.642422576500332;5.912389870298323;180.47290371069997
VEHICLE_UPDATES;392000000000;veh_56;41.001712357485204;-8.642458572215672;7.398711028520236;180.47282324749773
VEHICLE_UPDATES;392000000000;veh_58;41.001894633752656;-8.64245560147684;7.894361731832817;180.47282324749773
VEHICLE_UPDATES;392000000000;veh_59;41.00464051388719;-8.641285720417697;6.466462398691042;90.10884960452657
VEHICLE_UPDATES;392000000000;veh_60;41.00171170437894;-8.642420529391961;8.225840046130998;180.47290371070036
VEHICLE_UPDATES;392000000000;veh_61;41.00463966800134;-8.641099891006276;7.925417899260336;90.1088496045282
VEHICLE_UPDATES;392000000000;veh_62;41.00472832941292;-8.642415107535252;0.0;180.29993154303952
VEHICLE_UPDATES;392000000000;veh_63;41.00466929490782;-8.641275692786165;8.117879497585163;90.10884960452657
VEHICLE_UPDATES;392000000000;veh_64;41.004728031365815;-8.642377057291789;0.0;180.29988793645816
VEHICLE_UPDATES;392000000000;veh_65;41.00464107075731;-8.641463803978624;6.5099827344511;89.91991151048283
VEHICLE_UPDATES;392000000000;veh_66;41.00478688654698;-8.642414386347863;0.0;180.29993154303952
VEHICLE_UPDATES;392000000000;veh_67;41.00466998737266;-8.64151509704505;4.281769537463878;89.6021778161488
VEHICLE_UPDATES;392000000000;veh_68;41.00478666114641;-8.642376335234875;0.030185803070308;180.29988793645856
VEHICLE_UPDATES;392000000000;veh_69;41.00464091483028;-8.641629172683208;6.753995310747001;89.60223657676934
VEHICLE_UPDATES;392000000000;veh_70;41.00485302713874;-8.642375517900396;0.93157040955484;180.29988793645816
VEHICLE_UPDATES;392000000000;veh_71;41.00464103206068;-8.642494967076129;0.001375159072389;90.72339311942727
VEHICLE_UPDATES;392000000000;veh_72;41.00563533956797;-8.642405064207134;7.727487630366043;180.13491255010234
VEHICLE_UPDATES;392000000000;veh_73;41.0046713351346;-8.642611142200002;8.704142935481629;90.72293676843753
VEHICLE_UPDATES;392000000000;veh_74;41.006237874043336;-8.642361459180403;8.561509154149409;180.19124020941572
VEHICLE_UPDATES;392000000000;veh_75;41.00464774595576;-8.643646436466318;6.912503929198298;90.28164700308845
VEHICLE_UPDATES;393000000000;veh_46;41.00128901964805;-8.642465471698827;7.698529518513512;180.47282324749818
VEHICLE_UPDATES;393000000000;veh_48;41.001233644391164;-8.64242832188002;7.34186119918787;180.47290371069997
VEHICLE_UPDATES;393000000000;veh_50;41.00143169942877;-8.642463146341779;6.708930075242399;180.47282324749813
VEHICLE_UPDATES;393000000000;veh_52;41.0013679096057;-8.64242613334;7.909048715203094;180.47290371069997
VEHICLE_UPDATES;393000000000;veh_54;41.00151052061671;-8.642423808750513;8.398794333085645;180.47290371069997
VEHICLE_UPDATES;393000000000;veh_56;41.00165045525174;-8.642459581093783;6.867329255828851;180.47282324749773
VEHICLE_UPDATES;393000000000;veh_58;41.001824589844766;-8.64245674305491;7.77055311496739;180.47282324749813
VEHICLE_UPDATES;393000000000;veh_59;41.00464015423014;-8.641206700696996;6.645400648236214;90.10884960452657
VEHICLE_UPDATES;393000000000;veh_60;41.00166324051027;-8.642421319370488;5.384323098367584;180.47290371069997
VEHICLE_UPDATES;393000000000;veh_61;41.00463924297371;-8.641006543150766;7.850368464611509;90.1088496045282
VEHICLE_UPDATES;393000000000;veh_62;41.00472832941292;-8.642415107535252;0.0;180.29993154303952
VEHICLE_UPDATES;393000000000;veh_63;41.00466882466642;-8.641172381106191;8.688302146014102;90.10884960452657
VEHICLE_UPDATES;393000000000;veh_64;41.004728031365815;-8.642377057291789;0.0;180.29988793645816
VEHICLE_UPDATES;393000000000;veh_65;41.004640875431036;-8.641388220609773;6.365172135909536;89.96018362036888
VEHICLE_UPDATES;393000000000;veh_66;41.00478688654698;-8.642414386347863;0.0;180.29993154303952
VEHICLE_UPDATES;393000000000;veh_67;41.004669842218185;-8.641442591199725;6.090206057651994;89.96029399144659
VEHICLE_UPDATES;393000000000;veh_68;41.004786597276116;-8.64237633602147;0.00709055003892;180.29988793645816
VEHICLE_UPDATES;393000000000;veh_69;41.0046410898965;-8.641547741889232;6.847913201238222;89.60223657676934
VEHICLE_UPDATES;393000000000;veh_70;41.00484633249265;-8.642375600348819;0.743205049443046;180.29988793645816
VEHICLE_UPDATES;393000000000;veh_71;41.00464103203689;-8.642494965198408;0.000157961731894;90.72339311942727
VEHICLE_UPDATES;393000000000;veh_72;41.00557280353285;-8.642405596650214;6.942598157414862;180.13491255010234
VEHICLE_UPDATES;393000000000;veh_73;41.004670278115704;-8.642527652424356;7.021933334483587;90.72293676843755
VEHICLE_UPDATES;393000000000;veh_74;41.00616358874539;-8.642362188127866;8.246641171904358;180.1912402094153
VEHICLE_UPDATES;393000000000;veh_75;41.00464794589415;-8.643565615135465;6.79811000248375;89.57905898949569
VEHICLE_UPDATES;394000000000;veh_46;41.00121612514874;-8.642466659709209;8.08679204974467;180.47282324749773
VEHICLE_UPDATES;394000000000;veh_48;41.00116698471054;-8.642429408437222;7.405872392953197;180.47290371069997
VEHICLE_UPDATES;394000000000;veh_50;41.001358619158054;-8.642464337386093;8.107401419154264;180.4728232474978
VEHICLE_UPDATES;394000000000;veh_52;41.001300366698636;-8.64242723429931;7.503998789511546;180.47290371069997
VEHICLE_UPDATES;394000000000;veh_54;41.00143946005921;-8.642424967054088;7.894809002716373;180.47290371069997
VEHICLE_UPDATES;394000000000;veh_56;41.00158694746628;-8.642460616136658;7.045446403079883;180.47282324749773
VEHICLE_UPDATES;394000000000;veh_58;41.0017625616299;-8.642457753990461;6.881305557143844;180.47282324749773
VEHICLE_UPDATES;394000000000;veh_59;41.00463977323854;-8.641123006578518;7.038508277314654;90.10884960452657
VEHICLE_UPDATES;394000000000;veh_60;41.00159241014159;-8.642422473928473;7.869235302644355;180.47290371069997
VEHICLE_UPDATES;394000000000;veh_61;41.00463885518345;-8.640921388140514;7.161366646982768;90.10884960452657
VEHICLE_UPDATES;394000000000;veh_62;41.00472832941292;-8.642415107535252;0.0;180.29993154303952
VEHICLE_UPDATES;394000000000;veh_63;41.00466837678929;-8.641074001745807;8.27350426795827;90.10884960452657
VEHICLE_UPDATES;394000000000;veh_64;41.004728031365815;-8.642377057291789;0.0;180.29988793645816
VEHICLE_UPDATES;394000000000;veh_65;41.00464061265271;-8.641307422126584;6.801177538690822;90.04597260346361
VEHICLE_UPDATES;394000000000;veh_66;41.00478688654698;-8.642414386347863;0.0;180.29993154303952
VEHICLE_UPDATES;394000000000;veh_67;41.00466960550633;-8.641351053971357;7.687337439510046;89.96029399144659
VEHICLE_UPDATES;394000000000;veh_68;41.00478659280253;-8.642376336076566;0.000496633954307;180.29988793645856
VEHICLE_UPDATES;394000000000;veh_69;41.004641098346085;-8.641474481262799;6.164591694117587;89.83938457839591
VEHICLE_UPDATES;394000000000;veh_70;41.004845658754824;-8.642375608646288;0.074794894055576;180.29988793645856
VEHICLE_UPDATES;394000000000;veh_71;41.00464103203689;-8.642494965198408;0.0;90.72339311942727
VEHICLE_UPDATES;394000000000;veh_72;41.00550303283345;-8.642406190688837;7.745772859516249;180.13491255010234
VEHICLE_UPDATES;394000000000;veh_73;41.004669872954615;-8.642495651606218;2.691438749735061;90.72293676843753
VEHICLE_UPDATES;394000000000;veh_74;41.00608250852821;-8.642362983750012;9.00096609396309;180.19124020941572
VEHICLE_UPDATES;394000000000;veh_75;41.00464817754784;-8.643471944840945;7.878872553580019;89.57905898949569
VEHICLE_UPDATES;395000000000;veh_46;41.00114866302784;-8.642467759181628;7.484133115179409;180.47282324749773
VEHICLE_UPDATES;395000000000;veh_48;41.00109428272944;-8.642429896287137;8.076848607483143;179.68600306236235
VEHICLE_UPDATES;395000000000;veh_50;41.0012840284047;-8.642465553044557;8.27497169893673;180.47282324749813
VEHICLE_UPDATES;395000000000;veh_52;41.00123897344643;-8.642428235015952;6.820773712016971;180.47290371069997
VEHICLE_UPDATES;395000000000;veh_54;41.00136823270142;-8.642426128073486;7.913340372093544;180.47290371069997
VEHICLE_UPDATES;395000000000;veh_56;41.00151803013044;-8.642461739341034;7.645572692260363;180.47282324749773
VEHICLE_UPDATES;395000000000;veh_58;41.001702042056664;-8.642458740335938;6.713939324071601;180.47282324749813
VEHICLE_UPDATES;395000000000;veh_59;41.00463939407735;-8.641039727802507;7.003578922150596;90.10884960452657
VEHICLE_UPDATES;395000000000;veh_60;41.00152635595272;-8.642423550630445;7.338602892020663;180.47290371069997
VEHICLE_UPDATES;395000000000;veh_61;41.00463841981616;-8.640824642941816;8.1360752350083;90.10045358374417
VEHICLE_UPDATES;395000000000;veh_62;41.00472832941292;-8.642415107535252;0.0;180.29993154303952
VEHICLE_UPDATES;395000000000;veh_63;41.004667917816626;-8.640973204307286;8.476859893951842;90.10884960452657
VEHICLE_UPDATES;395000000000;veh_64;41.004728031365815;-8.642377057291789;0.0;180.29988793645816
VEHICLE_UPDATES;395000000000;veh_65;41.00464020391309;-8.641217615757286;7.552536221425814;90.1088496045282
VEHICLE_UPDATES;395000000000;veh_66;41.00478688654698;-8.642414386347863;0.0;180.29993154303952
VEHICLE_UPDATES;395000000000;veh_67;41.00466924467526;-8.641264655762402;7.263977304592736;90.10884960452657
VEHICLE_UPDATES;395000000000;veh_68;41.00478659118232;-8.64237633609652;0.000179869097846;180.2998879364582
VEHICLE_UPDATES;395000000000;veh_69;41.0046409145253;-8.64140334697326;5.990497694632511;89.96018362036888
VEHICLE_UPDATES;395000000000;veh_70;41.004845165700914;-8.64237561471853;0.054736301055537;180.29988793645816
VEHICLE_UPDATES;395000000000;veh_71;41.00464103203689;-8.642494965198408;0.0;90.72339311942727
VEHICLE_UPDATES;395000000000;veh_72;41.005431061615;-8.642406803461146;7.990069017737799;180.13491255010234
VEHICLE_UPDATES;395000000000;veh_73;41.00466986080705;-8.642494692166327;0.080693990633646;90.72293676843755
VEHICLE_UPDATES;395000000000;veh_74;41.006001494009;-8.642363792024728;8.993681239540766;180.2072603363574
VEHICLE_UPDATES;395000000000;veh_75;41.00464838213994;-8.643389191420567;6.960623484146359;89.57905898949569
VEHICLE_REGISTRATION;395857142830;veh_76;[src.main.java.CarSendsCamAPP, src.main.java.EventProcessingApp, src.main.java.MainCarApp];Car
VEHICLE_REGISTRATION;395857142830;veh_77;[src.main.java.CarSendsCamAPP, src.main.java.EventProcessingApp, src.main.java.MainCarApp];Car_0
VEHICLE_UPDATES;396000000000;veh_46;41.00108509009633;-8.642467922423666;7.052274061275218;179.68118734713954
VEHICLE_UPDATES;396000000000;veh_48;41.00102046460631;-8.642429761253764;8.200555839618492;179.68600306236235
VEHICLE_UPDATES;396000000000;veh_50;41.0012127296712;-8.642466715047496;7.909760491301427;180.47282324749773
VEHICLE_UPDATES;396000000000;veh_52;41.00117221468658;-8.642429323188363;7.416880075313689;180.47290371069997
VEHICLE_UPDATES;396000000000;veh_54;41.00130942921417;-8.642427086579136;6.533051607168888;180.47290371069997
VEHICLE_UPDATES;396000000000;veh_56;41.001453116761716;-8.642462797286731;7.20137926581058;180.47282324749773
VEHICLE_UPDATES;396000000000;veh_58;41.0016372356514;-8.642459796545571;7.189513157055683;180.47282324749773
VEHICLE_UPDATES;396000000000;veh_59;41.004639039150234;-8.64096178375288;6.554939181867926;90.10884960452657
VEHICLE_UPDATES;396000000000;veh_60;41.00145075260294;-8.642424782983209;8.39951203639148;180.47290371069997
VEHICLE_UPDATES;396000000000;veh_61;41.0046380617067;-8.640735088646688;7.531306762727016;90.06674369432656
VEHICLE_UPDATES;396000000000;veh_62;41.00472832941292;-8.642415107535252;0.0;180.29993154303952
VEHICLE_UPDATES;396000000000;veh_63;41.004667493227444;-8.640879975239141;7.840375466387996;90.10884960452657
VEHICLE_UPDATES;396000000000;veh_64;41.004728031365815;-8.642377057291789;0.0;180.29988793645816
VEHICLE_UPDATES;396000000000;veh_65;41.00463983203231;-8.641135921194206;6.870349643981435;90.10884960452657
VEHICLE_UPDATES;396000000000;veh_66;41.00478688654698;-8.642414386347863;0.0;180.29993154303952
VEHICLE_UPDATES;396000000000;veh_67;41.00466885806816;-8.641179718768731;7.143028405311524;90.10884960452657
VEHICLE_UPDATES;396000000000;veh_68;41.00478659118232;-8.64237633609652;0.0;180.2998879364582
VEHICLE_UPDATES;396000000000;veh_69;41.004640663696925;-8.641318638407272;7.131761194695918;90.01091066614318
VEHICLE_UPDATES;396000000000;veh_70;41.004845156045704;-8.642375614837439;0.001071871284336;180.2998879364582
VEHICLE_UPDATES;396000000000;veh_71;41.00464103203689;-8.642494965198408;0.0;90.72339311942727
VEHICLE_UPDATES;396000000000;veh_72;41.00535808140931;-8.642407424822162;8.10208421388331;180.13491255010234
VEHICLE_UPDATES;396000000000;veh_73;41.0046698563943;-8.642494343637727;0.029313106407302;90.72293676843753
VEHICLE_UPDATES;396000000000;veh_74;41.00592059100036;-8.642364582311288;8.981293523911464;180.1492271326951
VEHICLE_UPDATES;396000000000;veh_75;41.004648381599715;-8.643302250774381;7.312805200130256;89.86833624206884
VEHICLE_UPDATES;397000000000;veh_46;41.001014789416104;-8.642467785984795;7.798451910588462;179.68118734713914
VEHICLE_UPDATES;397000000000;veh_48;41.00095349751216;-8.642429638752533;7.43946560944506;179.68600306236195
VEHICLE_UPDATES;397000000000;veh_50;41.00115604078649;-8.64246763894181;6.288968592455928;180.47282324749773
VEHICLE_UPDATES;397000000000;veh_52;41.0010957132651;-8.642429898903972;8.498977363977188;179.68600306236195
VEHICLE_UPDATES;397000000000;veh_54;41.00124827851548;-8.642428083342468;6.793826091894173;180.47290371069997
VEHICLE_UPDATES;397000000000;veh_56;41.00138988778317;-8.642463827778112;7.014515791192868;180.47282324749773
VEHICLE_UPDATES;397000000000;veh_58;41.00156947305824;-8.642460900932205;7.51746755864375;180.47282324749813
VEHICLE_UPDATES;397000000000;veh_59;41.004638687618005;-8.640884596651054;6.491281481527663;90.10884960452657
VEHICLE_UPDATES;397000000000;veh_60;41.001390108215766;-8.642425771498793;6.737575191039719;180.47290371070036
VEHICLE_UPDATES;397000000000;veh_61;41.004637680620796;-8.64063980761803;8.01291179413818;90.0667436943282
VEHICLE_UPDATES;397000000000;veh_62;41.00472832941292;-8.642415107535252;0.0;180.29993154303952
VEHICLE_UPDATES;397000000000;veh_63;41.00466707978086;-8.64078299317959;8.155976837639974;90.06674369432656
VEHICLE_UPDATES;397000000000;veh_64;41.004728031365815;-8.642377057291789;0.0;180.29988793645816
VEHICLE_UPDATES;397000000000;veh_65;41.00463944951415;-8.641051903086645;7.065755212839839;90.10884960452657
VEHICLE_UPDATES;397000000000;veh_66;41.00478688654698;-8.642414386347863;0.0;180.29993154303952
VEHICLE_UPDATES;397000000000;veh_67;41.004668444818364;-8.641088943624355;7.634005139072432;90.10884960452657
VEHICLE_UPDATES;397000000000;veh_68;41.00478659118232;-8.64237633609652;0.0;180.2998879364582
VEHICLE_UPDATES;397000000000;veh_69;41.00464027298217;-8.641232790215343;7.219661394203153;90.10884960452657
VEHICLE_UPDATES;397000000000;veh_70;41.00484515112974;-8.642375614897983;0.000545743790647;180.29988793645816
VEHICLE_UPDATES;397000000000;veh_71;41.00464103203689;-8.642494965198408;0.0;90.72339311942727
VEHICLE_UPDATES;397000000000;veh_72;41.0052852550578;-8.642408248393611;8.085138637518206;180.29993154303952
VEHICLE_UPDATES;397000000000;veh_73;41.00466985630937;-8.642494336930069;0.000564149639427;90.72293676843755
VEHICLE_UPDATES;397000000000;veh_74;41.00583845305308;-8.64236528170415;9.11832536898468;180.13491255010246
VEHICLE_UPDATES;397000000000;veh_75;41.004648264502585;-8.643215765365056;7.274504547607663;89.86833624206884
VEHICLE_UPDATES;398000000000;veh_46;41.00094317811722;-8.642467647002036;7.943838694995772;179.68118734713954
VEHICLE_UPDATES;398000000000;veh_48;41.00088044671761;-8.642429505122271;8.115312063922929;179.68600306236235
VEHICLE_UPDATES;398000000000;veh_50;41.00109053875763;-8.642467932998366;7.266330268370867;179.68118734713914
VEHICLE_UPDATES;398000000000;veh_52;41.0010315658051;-8.642429781560887;7.126228710185579;179.68600306236235
VEHICLE_UPDATES;398000000000;veh_54;41.001169047070256;-8.642429374820662;8.8025920361997;180.47290371069997
VEHICLE_UPDATES;398000000000;veh_56;41.00132738882412;-8.642464846369428;6.933528584486091;180.47282324749773
VEHICLE_UPDATES;398000000000;veh_58;41.001501803185135;-8.642462003804932;7.507181265278689;180.47282324749813
VEHICLE_UPDATES;398000000000;veh_59;41.00463831512427;-8.640798460295397;7.243883572353921;90.07727533934296
VEHICLE_UPDATES;398000000000;veh_60;41.00132787062154;-8.642426785981659;6.914579991924107;180.47290371069997
VEHICLE_UPDATES;398000000000;veh_61;41.004637303317864;-8.640545491821756;7.93173814482432;90.06674369432656
VEHICLE_UPDATES;398000000000;veh_62;41.00472832941292;-8.642415107535252;0.0;180.29993154303952
VEHICLE_UPDATES;398000000000;veh_63;41.00466670487128;-8.640689246490245;7.883873938652032;90.06674369432656
VEHICLE_UPDATES;398000000000;veh_64;41.004728031365815;-8.642377057291789;0.0;180.29988793645816
VEHICLE_UPDATES;398000000000;veh_65;41.00463912949096;-8.640981621999597;5.910499287080063;90.10884960452657
VEHICLE_UPDATES;398000000000;veh_66;41.00478688654698;-8.642414386347863;0.0;180.29993154303952
VEHICLE_UPDATES;398000000000;veh_67;41.00466803155473;-8.640998181133645;7.632941130155704;90.1088496045282
VEHICLE_UPDATES;398000000000;veh_68;41.00478659118232;-8.64237633609652;0.0;180.2998879364582
VEHICLE_UPDATES;398000000000;veh_69;41.00463989075845;-8.641148821277248;7.061620021924383;90.10884960452657
VEHICLE_UPDATES;398000000000;veh_70;41.00484515112974;-8.642375614897983;0.0;180.29988793645816
VEHICLE_UPDATES;398000000000;veh_71;41.00464103203689;-8.642494965198408;0.0;90.72339311942727
VEHICLE_UPDATES;398000000000;veh_72;41.0052132573123;-8.642409135132146;7.993195315139994;180.29993154303952
VEHICLE_UPDATES;398000000000;veh_73;41.00466985630937;-8.642494336930069;0.0;90.72293676843755
VEHICLE_UPDATES;398000000000;veh_74;41.0057544355032;-8.642365997098995;9.326984308328557;180.13491255010246
VEHICLE_UPDATES;398000000000;veh_75;41.004648143306866;-8.643126303240933;7.524883558386515;89.86833624206722
VEHICLE_UPDATES;398000000000;veh_76;41.00656562061964;-8.642396301985007;7.195315399614952;180.14766920786022
VEHICLE_UPDATES;398000000000;veh_77;41.00467838810506;-8.643969128490056;9.310995578737002;90.16591395568992
VEHICLE_UPDATES;399000000000;veh_46;41.000877389881;-8.642467519320416;7.297886483605523;179.68118734713954
VEHICLE_UPDATES;399000000000;veh_48;41.00080691671854;-8.642429370615124;8.168547444460737;179.68600306236235
VEHICLE_UPDATES;399000000000;veh_50;41.00101277299962;-8.64246778207135;8.626552719518873;179.68118734713954
VEHICLE_UPDATES;399000000000;veh_52;41.000960654571614;-8.642429651844775;7.877625426050813;179.68600306236195
VEHICLE_UPDATES;399000000000;veh_54;41.00110574926693;-8.642429917262518;7.032142934007071;179.8830436667275
VEHICLE_UPDATES;399000000000;veh_56;41.00126399346372;-8.642465879567643;7.032973753066951;180.47282324749773
VEHICLE_UPDATES;399000000000;veh_58;41.001434227500134;-8.642463105139834;7.49673210413099;180.47282324749773
VEHICLE_UPDATES;399000000000;veh_59;41.00463798042346;-8.640714764146544;7.038650392459645;90.0667436943282
VEHICLE_UPDATES;399000000000;veh_60;41.00126167501537;-8.642427864978192;7.354313971116153;180.47290371069997
VEHICLE_UPDATES;399000000000;veh_61;41.0046369417078;-8.640455116928816;7.600317509136201;90.06674369432656
VEHICLE_UPDATES;399000000000;veh_62;41.00472832941292;-8.642415107535252;0.0;180.29993154303952
VEHICLE_UPDATES;399000000000;veh_63;41.00466631490959;-8.64059175621989;8.19870035478314;90.0667436943282
VEHICLE_UPDATES;399000000000;veh_64;41.004728031365815;-8.642377057291789;0.0;180.29988793645816
VEHICLE_UPDATES;399000000000;veh_65;41.00463873374957;-8.64089472526866;7.307841922963496;90.10884960452657
VEHICLE_UPDATES;399000000000;veh_66;41.00478688654698;-8.642414386347863;0.0;180.29993154303952
VEHICLE_UPDATES;399000000000;veh_67;41.00466760249906;-8.64090396694693;7.923221900479875;90.10884960452657
VEHICLE_UPDATES;399000000000;veh_68;41.00478659118232;-8.64237633609652;0.0;180.2998879364582
VEHICLE_UPDATES;399000000000;veh_69;41.00463954495751;-8.641072865462352;6.387732463811498;90.1088496045282
VEHICLE_UPDATES;399000000000;veh_70;41.00484515112974;-8.642375614897983;0.0;180.29988793645816
VEHICLE_UPDATES;399000000000;veh_71;41.00464103203689;-8.642494965198408;0.0;90.72339311942727
VEHICLE_UPDATES;399000000000;veh_72;41.005146073948886;-8.642409962573536;7.458702148396217;180.29993154303952
VEHICLE_UPDATES;399000000000;veh_73;41.00466985630937;-8.642494336930069;0.0;90.72293676843755
VEHICLE_UPDATES;399000000000;veh_74;41.0056810447421;-8.642366622006456;8.147279569594266;180.13491255010246
VEHICLE_UPDATES;399000000000;veh_75;41.00464782466312;-8.643031303489305;7.990862410277638;90.17031650243902
VEHICLE_UPDATES;399000000000;veh_76;41.00650214466657;-8.642396919725146;7.046991766628667;180.19124020941547
VEHICLE_UPDATES;399000000000;veh_77;41.00467779970137;-8.643857748917265;9.366531336325224;90.16591395568992
VEHICLE_UPDATES;400000000000;veh_46;41.00081408462771;-8.64246739645756;7.022449204210695;179.68118734713954
VEHICLE_UPDATES;400000000000;veh_48;41.000741938389275;-8.64242925175116;7.218530744729387;179.68600306236235
VEHICLE_UPDATES;400000000000;veh_50;41.0009506114879;-8.642467661428686;6.895574162801069;179.68118734713954
VEHICLE_UPDATES;400000000000;veh_52;41.0008844014691;-8.642429512356621;8.4710608188357;179.68600306236235
VEHICLE_UPDATES;400000000000;veh_54;41.00103341978993;-8.64242978495233;8.0351801301524;179.68600306236235
VEHICLE_UPDATES;400000000000;veh_56;41.00120213680611;-8.64246688768621;6.862272599606992;180.4728232474978
VEHICLE_UPDATES;400000000000;veh_58;41.00137156565194;-8.64246412638755;6.951599286500334;180.47282324749773
VEHICLE_UPDATES;400000000000;veh_59;41.00463765876427;-8.64063434353608;6.763185375787257;90.06674369432656
VEHICLE_UPDATES;400000000000;veh_60;41.00118951735548;-8.64242904115392;8.016696432223489;180.47290371069997
VEHICLE_UPDATES;400000000000;veh_61;41.004636599204645;-8.640369533625027;7.197356164305509;90.06674369432656
VEHICLE_UPDATES;400000000000;veh_62;41.00472832941292;-8.642415107535252;0.0;180.29993154303952
VEHICLE_UPDATES;400000000000;veh_63;41.004665912455685;-8.64049116451257;8.459523996500575;90.06674369432656
VEHICLE_UPDATES;400000000000;veh_64;41.004728031365815;-8.642377057291789;0.0;180.29988793645816
VEHICLE_UPDATES;400000000000;veh_65;41.0046383586909;-8.640809355796518;7.17939398246325;90.08692060531757
VEHICLE_UPDATES;400000000000;veh_66;41.00478688654698;-8.642414386347863;0.0;180.29993154303952
VEHICLE_UPDATES;400000000000;veh_67;41.00466721000291;-8.640815559853946;7.434850856315351;90.09265657988796
VEHICLE_UPDATES;400000000000;veh_68;41.00478659118232;-8.64237633609652;0.0;180.2998879364582
VEHICLE_UPDATES;400000000000;veh_69;41.004639159318906;-8.640988172192236;7.122535127070688;90.1088496045282
VEHICLE_UPDATES;400000000000;veh_70;41.00484515112974;-8.642375614897983;0.0;180.29988793645816
VEHICLE_UPDATES;400000000000;veh_71;41.00464103203689;-8.642494965198408;0.0;90.72339311942727
VEHICLE_UPDATES;400000000000;veh_72;41.00507722984258;-8.642410810466648;7.643077859298021;180.29993154303912
VEHICLE_UPDATES;400000000000;veh_73;41.00466985630937;-8.642494336930069;0.0;90.72293676843755
VEHICLE_UPDATES;400000000000;veh_74;41.0056001559668;-8.642405363766835;9.008147484547536;180.13491255010234
VEHICLE_UPDATES;400000000000;veh_75;41.00464666371591;-8.642939622406876;7.712590831140566;90.72339311942727
VEHICLE_UPDATES;400000000000;veh_76;41.00643309170741;-8.642397597296437;7.666144655330895;180.19124020941547
VEHICLE_UPDATES;400000000000;veh_77;41.00467721833544;-8.643747721535306;9.252818272164093;90.16591395568992
VEHICLE_UPDATES;401000000000;veh_46;41.000744601431805;-8.642467261604324;7.707768042643126;179.68118734713914
VEHICLE_UPDATES;401000000000;veh_48;41.000672252216766;-8.642429124274955;7.741531348154703;179.68600306236235
VEHICLE_UPDATES;401000000000;veh_50;41.00088600473097;-8.642467536040105;7.166825041777838;179.68118734713914
VEHICLE_UPDATES;401000000000;veh_52;41.000817801192504;-8.64242939052592;7.398715172261039;179.68600306236195
VEHICLE_UPDATES;401000000000;veh_54;41.00095540584602;-8.642429642243403;8.666675190115344;179.68600306236235
VEHICLE_UPDATES;401000000000;veh_56;41.00112986126306;-8.642468009314982;8.018100245401481;180.40506673297565
VEHICLE_UPDATES;401000000000;veh_58;41.00130523686606;-8.642465207395547;7.358403056817099;180.47282324749773
VEHICLE_UPDATES;401000000000;veh_59;41.00463734037125;-8.640554753335467;6.693349946381463;90.06674369432656
VEHICLE_UPDATES;401000000000;veh_60;41.00112402152461;-8.64242995068738;7.276496034781394;180.28237876762074
VEHICLE_UPDATES;401000000000;veh_61;41.00463624870623;-8.64028196893414;7.363986313309558;90.06674369432656
VEHICLE_UPDATES;401000000000;veh_62;41.00471320358508;-8.642415318812203;1.679713687323965;180.33003513014546
VEHICLE_UPDATES;401000000000;veh_63;41.00466553306566;-8.640396357609749;7.973035801923179;90.06674369432656
VEHICLE_UPDATES;401000000000;veh_64;41.00470994562623;-8.642377317061609;2.0077917057788;180.3444971088574
VEHICLE_UPDATES;401000000000;veh_65;41.00463802236212;-8.640725250604147;7.073049981911968;90.06674369432656
VEHICLE_UPDATES;401000000000;veh_66;41.00478688654698;-8.642414386347863;0.0;180.29993154303952
VEHICLE_UPDATES;401000000000;veh_67;41.00466687662531;-8.640732191467649;7.011083250775009;90.06674369432656
VEHICLE_UPDATES;401000000000;veh_68;41.00478659118232;-8.64237633609652;0.0;180.2998879364582
VEHICLE_UPDATES;401000000000;veh_69;41.004638745646965;-8.64089733748175;7.639018149402874;90.10884960452657
VEHICLE_UPDATES;401000000000;veh_70;41.00484515112974;-8.642375614897983;0.0;180.29988793645816
VEHICLE_UPDATES;401000000000;veh_71;41.00464103203689;-8.642494965198408;0.0;90.72339311942727
VEHICLE_UPDATES;401000000000;veh_72;41.005006761003365;-8.642411678367814;7.823455733448894;180.29993154303952
VEHICLE_UPDATES;401000000000;veh_73;41.00466985630937;-8.642494336930069;0.0;90.72293676843755
VEHICLE_UPDATES;401000000000;veh_74;41.005523689322544;-8.642406014816451;8.489140359283502;180.13491255010234
VEHICLE_UPDATES;401000000000;veh_75;41.004645560088875;-8.642852473293095;7.331343226269396;90.72339311942727
VEHICLE_UPDATES;401000000000;veh_76;41.006368950520574;-8.642398226669998;7.120847778872444;180.19124020941547
VEHICLE_UPDATES;401000000000;veh_77;41.004676588911046;-8.643639350104294;9.113673030206936;90.17169167743656
VEHICLE_UPDATES;402000000000;veh_46;41.0006715356746;-8.64246711979778;8.105181319035161;179.68118734713914
VEHICLE_UPDATES;402000000000;veh_48;41.00060628005957;-8.642429003592525;7.328936264683316;179.68600306236195
VEHICLE_UPDATES;402000000000;veh_50;41.00081759376173;-8.642467403268093;7.588826077396034;179.68118734713914
VEHICLE_UPDATES;402000000000;veh_52;41.00074536037568;-8.642429258010958;8.047548621503243;179.68600306236235
VEHICLE_UPDATES;402000000000;veh_54;41.00088540156183;-8.642429514186071;7.776871093354883;179.68600306236235
VEHICLE_UPDATES;402000000000;veh_56;41.001061378338754;-8.642467876404147;7.596808371448176;179.68118734713914
VEHICLE_UPDATES;402000000000;veh_58;41.0012392782785;-8.642466282367524;7.31733379636795;180.47282324749773
VEHICLE_UPDATES;402000000000;veh_59;41.004637021143836;-8.640474968348826;6.709731094467393;90.06674369432656
VEHICLE_UPDATES;402000000000;veh_60;41.00105256626966;-8.64242981997645;7.938061636863222;179.68600306236235
VEHICLE_UPDATES;402000000000;veh_61;41.004635913384895;-8.640198211472262;7.043807342358903;90.06674369432656
VEHICLE_UPDATES;402000000000;veh_62;41.0046792275226;-8.642415876235807;3.774490008270369;180.47745377730945
VEHICLE_UPDATES;402000000000;veh_63;41.004665152273304;-8.640301219862728;8.00085915436437;90.06674369432656
VEHICLE_UPDATES;402000000000;veh_64;41.004673787746654;-8.642377910025557;4.014086172147653;180.47712245760277
VEHICLE_UPDATES;402000000000;veh_65;41.00463773669331;-8.640653825917317;6.00664920740261;90.0667436943282
VEHICLE_UPDATES;402000000000;veh_66;41.004774313544694;-8.642414541196612;1.395855578078388;180.29993154303952
VEHICLE_UPDATES;402000000000;veh_67;41.004666551124735;-8.640650807452806;6.844202428686439;90.06674369432656
VEHICLE_UPDATES;402000000000;veh_68;41.00477347285169;-8.64237649765588;1.45632932470531;180.2998879364582
VEHICLE_UPDATES;402000000000;veh_69;41.00463839348004;-8.640818056339786;6.667380565338245;90.09462278014716
VEHICLE_UPDATES;402000000000;veh_70;41.00484515112974;-8.642375614897983;0.0;180.29988793645816
VEHICLE_UPDATES;402000000000;veh_71;41.00464103203689;-8.642494965198408;0.0;90.72339311942727
VEHICLE_UPDATES;402000000000;veh_72;41.00493578462727;-8.642412552517431;7.879802416327104;180.29993154303912
VEHICLE_UPDATES;402000000000;veh_73;41.00466985630937;-8.642494336930069;0.0;90.72293676843755
VEHICLE_UPDATES;402000000000;veh_74;41.00544464188373;-8.64240668783712;8.775653759338038;180.13491255010234
VEHICLE_UPDATES;402000000000;veh_75;41.004644367490116;-8.642758304279663;7.921886484459552;90.72339311942727
VEHICLE_UPDATES;402000000000;veh_76;41.006305184400404;-8.642398852361628;7.079208423372216;180.19124020941587
VEHICLE_UPDATES;402000000000;veh_77;41.00467686350884;-8.643528442265403;9.326684010116386;89.57888711287109
VEHICLE_UPDATES;403000000000;veh_46;41.00059781917257;-8.642466976727999;8.177368310770524;179.68118734713954
VEHICLE_UPDATES;403000000000;veh_48;41.00054648444861;-8.642408855166073;7.081070271409871;154.362031584362
VEHICLE_UPDATES;403000000000;veh_50;41.00074375619265;-8.642467259963878;8.190798480914305;179.68118734713914
VEHICLE_UPDATES;403000000000;veh_52;41.00067845319291;-8.642429135618347;7.432809617465834;179.68600306236235
VEHICLE_UPDATES;403000000000;veh_54;41.000809724363656;-8.642429375751105;8.407082712852807;179.68600306236195
VEHICLE_UPDATES;403000000000;veh_56;41.000997883988326;-8.642467753174868;7.043425968859562;179.68118734713914
VEHICLE_UPDATES;403000000000;veh_58;41.0011780499917;-8.642467280244217;6.792562179317668;180.47282324749773
VEHICLE_UPDATES;403000000000;veh_59;41.00463672571455;-8.640401143559448;6.208492508132881;90.06674369432656
VEHICLE_UPDATES;403000000000;veh_60;41.000979984220734;-8.642429687204036;8.063238616301623;179.68600306236195
VEHICLE_UPDATES;403000000000;veh_61;41.00463557026745;-8.64011252240636;7.206250851102212;90.06674369432656
VEHICLE_UPDATES;403000000000;veh_62;41.00462688825308;-8.642416734931475;5.814506859751419;180.47745377730945
VEHICLE_UPDATES;403000000000;veh_63;41.00466476629335;-8.640204806054625;8.108173011359105;90.06674369432656
VEHICLE_UPDATES;403000000000;veh_64;41.00462050973341;-8.642378783746283;5.914686844474635;180.47712245760277
VEHICLE_UPDATES;403000000000;veh_65;41.00463739530764;-8.640568485065154;7.176966286209674;90.06674369432656
VEHICLE_UPDATES;403000000000;veh_66;41.004747702442764;-8.642414868937953;2.954366355083382;180.29993154303912
VEHICLE_UPDATES;403000000000;veh_67;41.00466619451636;-8.64056166212447;7.496910583882599;90.06674369432656
VEHICLE_UPDATES;403000000000;veh_68;41.004742096597;-8.642376884071142;3.483229759455443;180.29988793645816
VEHICLE_UPDATES;403000000000;veh_69;41.004638128637666;-8.64075182509936;5.569892407174401;90.06674369432656
VEHICLE_UPDATES;403000000000;veh_70;41.004835220309104;-8.642375737201716;1.102468437925172;180.2998879364586
VEHICLE_UPDATES;403000000000;veh_71;41.00464103203689;-8.642494965198408;0.0;90.72339311942727
VEHICLE_UPDATES;403000000000;veh_72;41.00487467774034;-8.642413305111834;6.784090936762999;180.29993154303912
VEHICLE_UPDATES;403000000000;veh_73;41.00466985630937;-8.642494336930069;0.0;90.72293676843755
VEHICLE_UPDATES;403000000000;veh_74;41.00536414408932;-8.642407373203952;8.936668570520434;180.13491255010234
VEHICLE_UPDATES;403000000000;veh_75;41.004643228113544;-8.642668343430223;7.567878652894447;90.72339311942727
VEHICLE_UPDATES;403000000000;veh_76;41.006237441378275;-8.642399517073956;7.520717365702472;180.19124020941587
VEHICLE_UPDATES;403000000000;veh_77;41.0046771418316;-8.643415985936567;9.45690271276422;89.57888711287109
VEHICLE_UPDATES;404000000000;veh_46;41.00053489187648;-8.642443876674783;7.481987860334609;150.80361590488945
VEHICLE_UPDATES;404000000000;veh_48;41.00048742877402;-8.64235663252644;7.970763090644786;141.17073691288292
VEHICLE_UPDATES;404000000000;veh_50;41.00067172180255;-8.642467120159019;7.990771810699584;179.68118734713954
VEHICLE_UPDATES;404000000000;veh_52;41.00061346103501;-8.642429016728645;7.220066825520881;179.68600306236235
VEHICLE_UPDATES;404000000000;veh_54;41.000748173657655;-8.64242926315726;6.837751433691411;179.68600306236235
VEHICLE_UPDATES;404000000000;veh_56;41.000934914160275;-8.642467630963383;6.985240641876342;179.68118734713914
VEHICLE_UPDATES;404000000000;veh_58;41.00111405976694;-8.64246797864765;7.098809372474409;180.0581581898975
VEHICLE_UPDATES;404000000000;veh_59;41.004636397787;-8.64031921161533;6.890285401300466;90.06674369432656
VEHICLE_UPDATES;404000000000;veh_60;41.00091483210206;-8.642429568022758;7.237837464259883;179.68600306236235
VEHICLE_UPDATES;404000000000;veh_61;41.00463517999541;-8.640015076433817;8.194979452936948;90.06674369432656
VEHICLE_UPDATES;404000000000;veh_62;41.004565077954005;-8.642417788362753;6.862931361006677;180.5248409111362
VEHICLE_UPDATES;404000000000;veh_63;41.00466438903879;-8.640110591219235;7.923244750545637;90.06674369432656
VEHICLE_UPDATES;404000000000;veh_64;41.004561008891976;-8.642379804989679;6.607946718005464;180.53192776793318
VEHICLE_UPDATES;404000000000;veh_65;41.00463708857532;-8.640491820454109;6.447314774298209;90.06674369432656
VEHICLE_UPDATES;404000000000;veh_66;41.00470239408106;-8.642415496156923;5.031364967111928;180.3833179144583
VEHICLE_UPDATES;404000000000;veh_67;41.00466584005497;-8.640473070579093;7.45033887278103;90.0667436943282
VEHICLE_UPDATES;404000000000;veh_68;41.00469481591722;-8.642377565178357;5.24887369822596;180.41891953598096
VEHICLE_UPDATES;404000000000;veh_69;41.00463775416755;-8.640658194612836;7.874105033306924;90.06674369432656
VEHICLE_UPDATES;404000000000;veh_70;41.00481167816332;-8.642376027136507;2.613527477034559;180.2998879364586
VEHICLE_UPDATES;404000000000;veh_71;41.00464103203689;-8.642494965198408;0.0;90.72339311942727
VEHICLE_UPDATES;404000000000;veh_72;41.00483019739279;-8.642413852932105;4.938211304248886;180.29993154303912
VEHICLE_UPDATES;404000000000;veh_73;41.00466985630937;-8.642494336930069;0.0;90.72293676843755
VEHICLE_UPDATES;404000000000;veh_74;41.005286401358866;-8.642408234275518;8.630940126715306;180.29993154303912
VEHICLE_UPDATES;404000000000;veh_75;41.004642436699875;-8.642605859674646;5.256392074783419;90.72339311942727
VEHICLE_UPDATES;404000000000;veh_76;41.00616710325765;-8.642400207248098;7.808820778050317;180.19124020941587
VEHICLE_UPDATES;404000000000;veh_77;41.0046772108599;-8.643304565173159;9.369800924783576;89.86843701764728
VEHICLE_UPDATES;405000000000;veh_46;41.000476862302335;-8.642397329167634;7.572566032178272;146.4547294021944
VEHICLE_UPDATES;405000000000;veh_48;41.00043898075319;-8.642288912471832;7.839133536136532;133.1249150168665
VEHICLE_UPDATES;405000000000;veh_50;41.00059892950203;-8.64246697888294;8.074846677326088;179.68118734713954
VEHICLE_UPDATES;405000000000;veh_52;41.0005465441062;-8.642408898933962;7.871232203432587;154.41620807021783
VEHICLE_UPDATES;405000000000;veh_54;41.00068245444651;-8.642429142937807;7.300836242288925;179.68600306236195
VEHICLE_UPDATES;405000000000;veh_56;41.00087032294074;-8.642467505604905;7.165101460471966;179.68118734713914
VEHICLE_UPDATES;405000000000;veh_58;41.00104777019979;-8.642467849993608;7.353499322621121;179.68118734713914
VEHICLE_UPDATES;405000000000;veh_59;41.0046361119131;-8.64024779854432;6.005672791924267;90.06674369432656
VEHICLE_UPDATES;405000000000;veh_60;41.00084366750778;-8.642429437842738;7.905771461608765;179.68600306236235
VEHICLE_UPDATES;405000000000;veh_61;41.00463479464561;-8.63991887965683;8.089925158432724;90.06674369432656
VEHICLE_UPDATES;405000000000;veh_62;41.0045070105769;-8.642418834214178;6.442008559106952;180.54709486564585
VEHICLE_UPDATES;405000000000;veh_63;41.0046639661384;-8.640004999738856;8.879993840748721;90.0667436943282
VEHICLE_UPDATES;405000000000;veh_64;41.00450679998469;-8.642380781377327;6.022699787012302;180.5470948656459
VEHICLE_UPDATES;405000000000;veh_65;41.00463678548076;-8.6404160775785;6.369799065371062;90.06674369432656
VEHICLE_UPDATES;405000000000;veh_66;41.004637831866084;-8.642416555387014;7.172385983239841;180.47745377730945
VEHICLE_UPDATES;405000000000;veh_67;41.00466546588362;-8.640379571319508;7.86306613048353;90.06674369432656
VEHICLE_UPDATES;405000000000;veh_68;41.00464031289652;-8.642378458988992;6.050681716451975;180.47712245760277
VEHICLE_UPDATES;405000000000;veh_69;41.00463746624565;-8.64058621711083;6.053139746353724;90.06674369432656
VEHICLE_UPDATES;405000000000;veh_70;41.004776223520366;-8.64237646377991;3.935991387479198;180.2998879364582
VEHICLE_UPDATES;405000000000;veh_71;41.00464103203689;-8.642494965198408;0.0;90.72339311942727
VEHICLE_UPDATES;405000000000;veh_72;41.00477872938005;-8.642414486811314;5.713982335042463;180.29993154303952
VEHICLE_UPDATES;405000000000;veh_73;41.00466985630937;-8.642494336930069;0.0;90.72293676843755
VEHICLE_UPDATES;405000000000;veh_74;41.00520410985183;-8.642409247793907;9.136009516538198;180.29993154303952
VEHICLE_UPDATES;405000000000;veh_75;41.00464208087035;-8.642577767065417;2.363266582192937;90.72339311942727
VEHICLE_UPDATES;405000000000;veh_76;41.00610382916375;-8.642400828106634;7.024584238475978;180.19124020941547
VEHICLE_UPDATES;405000000000;veh_77;41.00467707468829;-8.643204093725863;8.449014592281545;89.86843701764728
VEHICLE_UPDATES;406000000000;veh_46;41.000433826118744;-8.642337156331973;6.95441593206631;133.11667808348602
VEHICLE_UPDATES;406000000000;veh_48;41.00039029336561;-8.642225483903964;7.605508962432677;136.95833256623388
VEHICLE_UPDATES;406000000000;veh_50;41.00053417416304;-8.642443350670215;7.696221598952066;150.7247457227474
VEHICLE_UPDATES;406000000000;veh_52;41.000490349009794;-8.642360714401471;7.505836390034322;143.26290753145977
VEHICLE_UPDATES;406000000000;veh_54;41.00060970788196;-8.642429009863024;8.08151436162481;179.68600306236195
VEHICLE_UPDATES;406000000000;veh_56;41.00080761006482;-8.642467383891715;6.956736798875252;179.68118734713914
VEHICLE_UPDATES;406000000000;veh_58;41.00097716669452;-8.642467712966885;7.832044230009399;179.68118734713954
VEHICLE_UPDATES;406000000000;veh_59;41.00463581902923;-8.640174645803077;6.151975084466799;90.06674369432656
VEHICLE_UPDATES;406000000000;veh_60;41.000770046799715;-8.642429303169516;8.178624375807066;179.68600306236235
VEHICLE_UPDATES;406000000000;veh_62;41.004441200513156;-8.642420019516445;7.300983965959503;180.54709486564582
VEHICLE_UPDATES;406000000000;veh_64;41.004450245654866;-8.642381800007666;6.28328007262759;180.5470948656459
VEHICLE_UPDATES;406000000000;veh_65;41.00463649332681;-8.640343080514816;6.138882774784213;90.06674369432656
VEHICLE_UPDATES;406000000000;veh_66;41.004572869521;-8.642417648028685;7.214287763549502;180.50979451955973
VEHICLE_UPDATES;406000000000;veh_67;41.00466510014266;-8.64028819698696;7.684364933430224;90.0667436943282
VEHICLE_UPDATES;406000000000;veh_68;41.00458043386522;-8.642379455114902;6.648258486754814;180.49417430504803
VEHICLE_UPDATES;406000000000;veh_69;41.00463713977113;-8.640504615437594;6.862510157050412;90.06674369432656
VEHICLE_UPDATES;406000000000;veh_70;41.00471786994359;-8.642377187108238;6.478113522674148;180.3055170724656
VEHICLE_UPDATES;406000000000;veh_71;41.00464103203689;-8.642494965198408;0.0;90.72339311942727
VEHICLE_UPDATES;406000000000;veh_72;41.00470807753154;-8.64241540291214;7.844588225513392;180.35530026878791
VEHICLE_UPDATES;406000000000;veh_73;41.00466985630937;-8.642494336930069;0.0;90.72293676843755
VEHICLE_UPDATES;406000000000;veh_74;41.00513103600371;-8.642410147783051;8.112664194213304;180.29993154303952
VEHICLE_UPDATES;406000000000;veh_75;41.0046420348414;-8.64257413313598;0.305701189544952;90.72339311942727
VEHICLE_UPDATES;406000000000;veh_76;41.00603425397069;-8.642401510790979;7.72412165141464;180.19124020941547
VEHICLE_UPDATES;406000000000;veh_77;41.00467692763205;-8.643095663770307;9.118275005015548;89.86843701764892
VEHICLE_REGISTRATION;406142857115;veh_78;[src.main.java.CarSendsCamAPP, src.main.java.EventProcessingApp, src.main.java.MainCarApp];Car
VEHICLE_REGISTRATION;406142857115;veh_79;[src.main.java.CarSendsCamAPP, src.main.java.EventProcessingApp, src.main.java.MainCarApp];Car_0
VEHICLE_UPDATES;407000000000;veh_46;41.00038999634311;-8.642276379149866;7.052953619883899;133.53421002730101
VEHICLE_UPDATES;407000000000;veh_48;41.00034117313715;-8.642167005783715;7.34847168959287;137.71690457052622
VEHICLE_UPDATES;407000000000;veh_50;41.00048006416481;-8.642401805990152;6.964097121203544;148.72772717884192
VEHICLE_UPDATES;407000000000;veh_52;41.00044539481687;-8.642297877963173;7.273815180362115;133.12491501686645
VEHICLE_UPDATES;407000000000;veh_54;41.0005504641972;-8.642411774915598;6.956054370689246;158.0146590317497
VEHICLE_UPDATES;407000000000;veh_56;41.00073567792494;-8.642467244285532;7.979429286799611;179.68118734713914
VEHICLE_UPDATES;407000000000;veh_58;41.00090994062102;-8.642467582494824;7.457385760572708;179.68118734713914
VEHICLE_UPDATES;407000000000;veh_59;41.0046354806047;-8.640090132935729;7.107335322488039;90.06674369432656
VEHICLE_UPDATES;407000000000;veh_60;41.000701128111686;-8.642429177097366;7.656270493254942;179.68600306236235
VEHICLE_UPDATES;407000000000;veh_62;41.00438010632878;-8.642421119878662;6.7778031197182;180.54709486564582
VEHICLE_UPDATES;407000000000;veh_64;41.00439277958016;-8.642382835057782;6.38457637963444;180.5470948656459
VEHICLE_UPDATES;407000000000;veh_65;41.00463620497956;-8.6402710459085;6.057942435875033;90.06674369432656
VEHICLE_UPDATES;407000000000;veh_66;41.00451260307473;-8.642418733487807;6.685973819415998;180.54709486564585
VEHICLE_UPDATES;407000000000;veh_67;41.00466475983654;-8.640203193378838;7.148602214854217;90.0667436943282
VEHICLE_UPDATES;407000000000;veh_68;41.00452729694525;-8.642380412195068;5.903600235205698;180.5470948656459
VEHICLE_UPDATES;407000000000;veh_69;41.00466570744618;-8.640439931652429;5.416579115121988;90.06674369432656
VEHICLE_UPDATES;407000000000;veh_70;41.004652252011006;-8.64237826319619;7.284609571063767;180.47712245760277
VEHICLE_UPDATES;407000000000;veh_71;41.00464103203689;-8.642494965198408;0.0;90.72339311942727
VEHICLE_UPDATES;407000000000;veh_72;41.00463954371886;-8.642416527301798;7.613601202941092;180.47745377730945
VEHICLE_UPDATES;407000000000;veh_73;41.00466985630937;-8.642494336930069;0.0;90.72293676843755
VEHICLE_UPDATES;407000000000;veh_74;41.005049028772355;-8.642411157794095;9.104448958294544;180.29993154303952
VEHICLE_UPDATES;407000000000;veh_75;41.00464201870725;-8.642572859367391;0.107154687605384;90.72339311942727
VEHICLE_UPDATES;407000000000;veh_76;41.005970611931005;-8.642402170235107;7.065455440373949;180.2215031987318
VEHICLE_UPDATES;407000000000;veh_77;41.004676100882364;-8.642987629281988;9.085717110958884;90.72293676843753
VEHICLE_UPDATES;408000000000;veh_46;41.00033865989021;-8.642215267671688;7.668578120392319;137.71930482905503
VEHICLE_UPDATES;408000000000;veh_48;41.00029275033857;-8.642109358080267;7.244130611089813;137.71690457052622
VEHICLE_UPDATES;408000000000;veh_50;41.00043393294775;-8.642337305699245;7.454556916554351;133.11667808348585
VEHICLE_UPDATES;408000000000;veh_52;41.000394799295904;-8.642230848264882;7.969241128685751;136.18438240567104
VEHICLE_UPDATES;408000000000;veh_54;41.00049441001912;-8.64236639083875;7.346979304145959;146.16520019168615
VEHICLE_UPDATES;408000000000;veh_56;41.00067218005908;-8.642467121048407;7.04381553627293;179.68118734713954
VEHICLE_UPDATES;408000000000;veh_58;41.000845902071426;-8.64246745820889;7.103793774781718;179.68118734713954
VEHICLE_UPDATES;408000000000;veh_59;41.00463516426007;-8.640011147951402;6.642453334199204;90.0667436943282
VEHICLE_UPDATES;408000000000;veh_60;41.0006320902021;-8.642429050806875;7.669514887561036;179.68600306236235
VEHICLE_UPDATES;408000000000;veh_62;41.00431461810146;-8.642422299378898;7.265279193482465;180.54709486564582
VEHICLE_UPDATES;408000000000;veh_64;41.00433884698867;-8.642383806462599;5.992000463685021;180.5470948656459
VEHICLE_UPDATES;408000000000;veh_65;41.00463583793044;-8.640179366350928;7.710037148479092;90.06674369432656
VEHICLE_UPDATES;408000000000;veh_66;41.004450064421114;-8.64241985986914;6.93805296581785;180.54709486564582
VEHICLE_UPDATES;408000000000;veh_67;41.004664403368295;-8.640114169489774;7.486698444656103;90.06674369432656
VEHICLE_UPDATES;408000000000;veh_68;41.00447399105905;-8.642381372316724;5.922372606970923;180.54709486564593
VEHICLE_UPDATES;408000000000;veh_69;41.00466534633165;-8.640349701246386;7.588163338868311;90.06674369432656
VEHICLE_UPDATES;408000000000;veh_70;41.004593610449376;-8.642379224874352;6.510123978091118;180.47712245760277
VEHICLE_UPDATES;408000000000;veh_71;41.00464103203689;-8.642494965198408;0.0;90.72339311942727
VEHICLE_UPDATES;408000000000;veh_72;41.00458166778842;-8.642417489562868;6.428380108350895;180.49279321784294
VEHICLE_UPDATES;408000000000;veh_73;41.00466985630937;-8.642494336930069;0.0;90.72293676843755
VEHICLE_UPDATES;408000000000;veh_74;41.00496824262003;-8.642412152763004;8.968884543207551;180.29993154303952
VEHICLE_UPDATES;408000000000;veh_75;41.004642013673575;-8.642572461965944;0.033431055188717;90.72339311942727
VEHICLE_UPDATES;408000000000;veh_76;41.00591038313024;-8.642402722419584;6.686478881363614;180.13491255010234
VEHICLE_UPDATES;408000000000;veh_77;41.00467477947943;-8.642883230650405;8.780477682751606;90.72293676843755
VEHICLE_UPDATES;409000000000;veh_46;41.000291645433045;-8.642159301261835;7.022959295102899;137.71930482905498
VEHICLE_UPDATES;409000000000;veh_48;41.00023815732675;-8.642044364834243;8.16719951580354;137.71690457052622
VEHICLE_UPDATES;409000000000;veh_50;41.000386878365134;-8.642272667470795;7.535976574660492;134.06999793498215
VEHICLE_UPDATES;409000000000;veh_52;41.00034929571954;-8.642176675790365;6.807414768499646;137.71690457052588
VEHICLE_UPDATES;409000000000;veh_54;41.00044618192228;-8.642298978168647;7.80354966800413;133.1249150168665
VEHICLE_UPDATES;409000000000;veh_56;41.000610251878385;-8.642467000857547;6.869690353481317;179.68118734713914
VEHICLE_UPDATES;409000000000;veh_58;41.000781746975434;-8.642467333696558;7.116722181932039;179.68118734713954
VEHICLE_UPDATES;409000000000;veh_59;41.004634837423545;-8.639929557535778;6.861564142767279;90.06674369432656
VEHICLE_UPDATES;409000000000;veh_60;41.00056044422125;-8.642419096779546;8.174097366621663;167.3689480662761
VEHICLE_UPDATES;409000000000;veh_62;41.00425630055391;-8.642423349726553;6.469762235860443;180.54709486564582
VEHICLE_UPDATES;409000000000;veh_64;41.0042851025094;-8.642384774477339;5.971100824126975;180.5470948656459
VEHICLE_UPDATES;409000000000;veh_65;41.00463553352915;-8.640103348442938;6.392929013731719;90.06674369432656
VEHICLE_UPDATES;409000000000;veh_66;41.0043862844755;-8.642421008604693;7.075762109762039;180.54709486564582
VEHICLE_UPDATES;409000000000;veh_67;41.004664029828184;-8.640020900514218;7.843700306469581;90.06674369432656
VEHICLE_UPDATES;409000000000;veh_68;41.004413890131985;-8.642382454825363;6.677312883796723;180.5470948656459
VEHICLE_UPDATES;409000000000;veh_69;41.004664919014544;-8.640242951825314;8.977373521823639;90.06674369432656
VEHICLE_UPDATES;409000000000;veh_70;41.00454448964095;-8.642380102527566;5.457024761251338;180.5470948656459
VEHICLE_UPDATES;409000000000;veh_71;41.00464103203689;-8.642494965198408;0.0;90.72339311942727
VEHICLE_UPDATES;409000000000;veh_72;41.00451897184883;-8.642418618779912;6.955502392832089;180.54709486564585
VEHICLE_UPDATES;409000000000;veh_73;41.00466985630937;-8.642494336930069;0.0;90.72293676843755
VEHICLE_UPDATES;409000000000;veh_74;41.00489398216324;-8.64241306735813;8.244401236082505;180.29993154303912
VEHICLE_UPDATES;409000000000;veh_75;41.00464201187374;-8.642572319871569;0.011953567093996;90.72339311942727
VEHICLE_UPDATES;409000000000;veh_76;41.00584044003096;-8.642403317934718;7.764912733354463;180.13491255010234
VEHICLE_UPDATES;409000000000;veh_77;41.00467337431024;-8.642772222188473;9.336399860045875;90.72293676843753
VEHICLE_UPDATES;409000000000;veh_78;41.006554327116646;-8.642358353861585;8.425594178421283;180.15491969470813
VEHICLE_UPDATES;409000000000;veh_79;41.00464971760932;-8.643998731120615;6.846118772387737;90.16591395568926
VEHICLE_UPDATES;410000000000;veh_46;41.00023959005791;-8.642097334230863;7.775960412087422;137.71930482905543
VEHICLE_UPDATES;410000000000;veh_48;41.000186927012265;-8.641983375033007;7.664129765490824;137.71690457052617
VEHICLE_UPDATES;410000000000;veh_50;41.00034093762767;-8.642217979112592;6.862572547455223;137.71930482905543
VEHICLE_UPDATES;410000000000;veh_52;41.00029184165399;-8.642108276285615;8.595223443379233;137.71690457052617
VEHICLE_UPDATES;410000000000;veh_54;41.000405662566585;-8.642243781115585;6.471433811165959;134.3178795358678
VEHICLE_UPDATES;410000000000;veh_56;41.00054499115959;-8.642451278333729;7.579729735816115;159.98601071530788
VEHICLE_UPDATES;410000000000;veh_58;41.000711237062745;-8.64246719685055;7.82166164934539;179.68118734713914
VEHICLE_UPDATES;410000000000;veh_60;41.000501840860146;-8.642376102346832;7.448358245394138;150.69944128564032
VEHICLE_UPDATES;410000000000;veh_62;41.00419623467798;-8.642424431560727;6.663722122790396;180.54709486564582
VEHICLE_UPDATES;410000000000;veh_64;41.00423360061713;-8.642385702098112;5.721945637824015;180.54709486564593
VEHICLE_UPDATES;410000000000;veh_65;41.004635189735694;-8.640017508206912;7.218964032621474;90.06674369432656
VEHICLE_UPDATES;410000000000;veh_66;41.00432498860739;-8.642422112597206;6.800177896515517;180.54709486564582
VEHICLE_UPDATES;410000000000;veh_67;41.00466365132467;-8.639926411444463;7.946307480501018;90.0667436943282
VEHICLE_UPDATES;410000000000;veh_68;41.004359181140465;-8.642383440215022;6.078259817746271;180.5470948656459
VEHICLE_UPDATES;410000000000;veh_69;41.00466450830789;-8.640140375177689;8.626453322430345;90.0667436943282
VEHICLE_UPDATES;410000000000;veh_70;41.00448227918838;-8.642381223034787;6.911684756831163;180.5470948656459
VEHICLE_UPDATES;410000000000;veh_71;41.00464103203689;-8.642494965198408;0.0;90.72339311942727
VEHICLE_UPDATES;410000000000;veh_72;41.00446171555755;-8.642419650021155;6.352026453820048;180.54709486564582
VEHICLE_UPDATES;410000000000;veh_73;41.00466985630937;-8.642494336930069;0.0;90.72293676843755
VEHICLE_UPDATES;410000000000;veh_74;41.00481455355937;-8.642414045601438;8.818169174710366;180.29993154303952
VEHICLE_UPDATES;410000000000;veh_75;41.00464201117647;-8.642572264823219;0.004630895206716;90.72339311942727
VEHICLE_UPDATES;410000000000;veh_76;41.0057695382508;-8.642403921610496;7.871343053982451;180.13491255010234
VEHICLE_UPDATES;410000000000;veh_77;41.004672047601545;-8.642667419865433;8.814431117306466;90.72293676843753
VEHICLE_UPDATES;410000000000;veh_78;41.00648479808503;-8.642359036145733;7.718633735898743;180.19124020941572
VEHICLE_UPDATES;410000000000;veh_79;41.0046492771835;-8.643915356479058;7.013008939413586;90.16591395568926
VEHICLE_UPDATES;411000000000;veh_46;41.000190256430855;-8.642038607311774;7.36938481999239;137.71930482905537
VEHICLE_UPDATES;411000000000;veh_48;41.000136921765154;-8.641923843805314;7.480853234600099;137.71690457052588
VEHICLE_UPDATES;411000000000;veh_50;41.000291061067664;-8.642158605629001;7.45049662629071;137.71930482905506
VEHICLE_UPDATES;411000000000;veh_52;41.000241671941815;-8.642048548996023;7.505467126000857;137.7169045705261
VEHICLE_UPDATES;411000000000;veh_54;41.00034778844341;-8.642174881364454;8.658070750554659;137.71690457052622
VEHICLE_UPDATES;411000000000;veh_56;41.00048786514247;-8.642409411307709;7.248264665214562;150.7247457227474
VEHICLE_UPDATES;411000000000;veh_58;41.00064414975933;-8.642467066646931;7.441991655671939;179.68118734713954
VEHICLE_UPDATES;411000000000;veh_60;41.00045801809517;-8.642315522618574;7.055458004390233;133.1249150168665
VEHICLE_UPDATES;411000000000;veh_62;41.00413775198823;-8.642425484878183;6.488083012033357;180.54709486564582
VEHICLE_UPDATES;411000000000;veh_64;41.004176858234786;-8.642386724105389;6.304172710292973;180.5470948656459
VEHICLE_UPDATES;411000000000;veh_65;41.00463481010805;-8.639922739235107;7.969850059618199;90.06674369432656
VEHICLE_UPDATES;411000000000;veh_66;41.00426032428818;-8.642423277255816;7.173874562726434;180.54709486564582
VEHICLE_UPDATES;411000000000;veh_68;41.00431118169073;-8.642384304754318;5.332818533894041;180.5470948656459
VEHICLE_UPDATES;411000000000;veh_69;41.00466408724588;-8.640035235873361;8.841966855295206;90.0667436943282
VEHICLE_UPDATES;411000000000;veh_70;41.00442376670642;-8.642382276933475;6.500834001368784;180.5470948656459
VEHICLE_UPDATES;411000000000;veh_71;41.00464103203689;-8.642494965198408;0.0;90.72339311942727
VEHICLE_UPDATES;411000000000;veh_72;41.00439560989777;-8.642420840645416;7.333777398873642;180.54709486564582
VEHICLE_UPDATES;411000000000;veh_73;41.00466985630937;-8.642494336930069;0.0;90.72293676843755
VEHICLE_UPDATES;411000000000;veh_74;41.00476140093585;-8.642414700227864;5.901007924562844;180.29993154303912
VEHICLE_UPDATES;411000000000;veh_75;41.00464201093706;-8.64257224592154;0.001590087362628;90.72339311942727
VEHICLE_UPDATES;411000000000;veh_76;41.00570957487762;-8.642404432152455;6.656987661018825;180.13491255010234
VEHICLE_UPDATES;411000000000;veh_77;41.00467127158247;-8.642606122331246;5.155447866317114;90.72293676843753
VEHICLE_UPDATES;411000000000;veh_78;41.006410182955555;-8.642359768337263;8.28325715155513;180.19124020941572
VEHICLE_UPDATES;411000000000;veh_79;41.00464879851804;-8.643824755840424;7.620819580447161;90.16591395569088
VEHICLE_UPDATES;412000000000;veh_46;41.000137651445165;-8.641975986291863;7.858050640115087;137.71930482905498
VEHICLE_UPDATES;412000000000;veh_48;41.00008924370153;-8.641867083206584;7.132699116362081;137.71690457052622
VEHICLE_UPDATES;412000000000;veh_50;41.00024380719249;-8.64210235432808;7.058719100335499;137.71930482905506
VEHICLE_UPDATES;412000000000;veh_52;41.00019270408036;-8.641990252638537;7.325663911884196;137.71690457052588
VEHICLE_UPDATES;412000000000;veh_54;41.00029504431074;-8.642112089068588;7.890609758715872;137.71690457052588
VEHICLE_UPDATES;412000000000;veh_56;41.000436826334976;-8.642341351205518;8.075316270778172;133.11667808348577
VEHICLE_UPDATES;412000000000;veh_58;41.000578434732084;-8.642466939106423;7.289765037623203;179.68118734713914
VEHICLE_UPDATES;412000000000;veh_60;41.00040631534953;-8.642244558261494;8.28892826586025;134.20575485378745
VEHICLE_UPDATES;412000000000;veh_62;41.004078470070795;-8.642426552588045;6.576749446526273;180.54709486564582
VEHICLE_UPDATES;412000000000;veh_64;41.00412149490925;-8.642387721271946;6.15095715458598;180.5470948656459
VEHICLE_UPDATES;412000000000;veh_66;41.00420805123488;-8.64242421873533;5.79918459145501;180.54709486564582
VEHICLE_UPDATES;412000000000;veh_68;41.004250833576684;-8.642385391708714;6.704775569603401;180.5470948656459
VEHICLE_UPDATES;412000000000;veh_69;41.004663681287745;-8.639933890678348;8.522891396006772;90.06674369432656
VEHICLE_UPDATES;412000000000;veh_70;41.00438114057123;-8.642383044693508;4.73583442442442;180.5470948656459
VEHICLE_UPDATES;412000000000;veh_71;41.00464103203689;-8.642494965198408;0.0;90.72339311942727
VEHICLE_UPDATES;412000000000;veh_72;41.004335825043896;-8.64242191742363;6.632545635176671;180.54709486564582
VEHICLE_UPDATES;412000000000;veh_73;41.00466985630937;-8.642494336930069;0.0;90.72293676843755
VEHICLE_UPDATES;412000000000;veh_74;41.00473092354182;-8.642415075586095;3.38360235843209;180.29993154303952
VEHICLE_UPDATES;412000000000;veh_75;41.00464201091585;-8.642572244246718;0.000140892966609;90.72339311942727
VEHICLE_UPDATES;412000000000;veh_76;41.00563857021184;-8.64240503670081;7.882764983631528;180.13491255010234
VEHICLE_UPDATES;412000000000;veh_77;41.0046709240709;-8.64257867332313;2.308607271165811;90.72293676843753
VEHICLE_UPDATES;412000000000;veh_78;41.00633616656465;-8.642360494651184;8.216789215427685;180.1912402094153
VEHICLE_UPDATES;412000000000;veh_79;41.004648308245294;-8.643731972172532;7.804443964929552;90.16591395568926
VEHICLE_UPDATES;413000000000;veh_46;41.00009122274093;-8.641920717639078;6.935443126318548;137.7193048290553
VEHICLE_UPDATES;413000000000;veh_48;41.00003410315853;-8.641801438690985;8.249090321707362;137.71690457052637
VEHICLE_UPDATES;413000000000;veh_50;41.000190852343785;-8.642039316687843;7.910317831451267;137.71930482905532
VEHICLE_UPDATES;413000000000;veh_52;41.00014234175343;-8.641930296293184;7.534273381975184;137.71690457052617
VEHICLE_UPDATES;413000000000;veh_54;41.00024916769421;-8.642057472718093;6.863213779435774;137.71690457052622
VEHICLE_UPDATES;413000000000;veh_56;41.000386342305895;-8.642272029339367;8.083608154032596;134.16213978902752
VEHICLE_UPDATES;413000000000;veh_58;41.00051592915144;-8.642429979099012;7.737701784310832;150.72474572274746
VEHICLE_UPDATES;413000000000;veh_60;41.0003500109459;-8.642177527273857;8.423238091790063;137.71690457052617
VEHICLE_UPDATES;413000000000;veh_62;41.004016545889;-8.642427693003588;6.869912355140887;180.57732858478246
VEHICLE_UPDATES;413000000000;veh_64;41.00406921801988;-8.642388662845867;5.808048927398399;180.5470948656459
VEHICLE_UPDATES;413000000000;veh_66;41.004147177338524;-8.64242531512065;6.753364034972948;180.54709486564582
VEHICLE_UPDATES;413000000000;veh_68;41.00419354184897;-8.642386423611086;6.365205912745933;180.5470948656459
VEHICLE_UPDATES;413000000000;veh_70;41.00431618800327;-8.642384214583481;7.21633812472547;180.5470948656459
VEHICLE_UPDATES;413000000000;veh_71;41.00464103203689;-8.642494965198408;0.0;90.72339311942727
VEHICLE_UPDATES;413000000000;veh_72;41.00427871138145;-8.642422946089127;6.336202968695177;180.54709486564622
VEHICLE_UPDATES;413000000000;veh_73;41.00466985630937;-8.642494336930069;0.0;90.72293676843755
VEHICLE_UPDATES;413000000000;veh_74;41.004728451493115;-8.642415106031718;0.274447015076856;180.29993154303952
VEHICLE_UPDATES;413000000000;veh_75;41.00464201091585;-8.642572244246718;0.0;90.72339311942727
VEHICLE_UPDATES;413000000000;veh_76;41.00557700191481;-8.642405560904479;6.835162241163522;180.13491255010234
VEHICLE_UPDATES;413000000000;veh_77;41.004670848599886;-8.642572712138277;0.501367289369313;90.72293676843755
VEHICLE_UPDATES;413000000000;veh_78;41.00626133458477;-8.642361228966116;8.30733017096934;180.19124020941572
VEHICLE_UPDATES;413000000000;veh_79;41.00464775177535;-8.64364408432718;7.392754584280075;90.2441573096273
VEHICLE_UPDATES;414000000000;veh_46;41.00004425567397;-8.641864808231217;7.015858827183527;137.7193048290553
VEHICLE_UPDATES;414000000000;veh_48;40.99998149199069;-8.641756365754322;7.16197730337345;154.15894755884435
VEHICLE_UPDATES;414000000000;veh_50;41.000147154083685;-8.641987298230516;6.527578281594322;137.71930482905512
VEHICLE_UPDATES;414000000000;veh_52;41.00008620837325;-8.641863469660827;8.397625378711687;137.71690457052608
VEHICLE_UPDATES;414000000000;veh_54;41.00019689180584;-8.641995238131107;7.820550153650879;137.71690457052617
VEHICLE_UPDATES;414000000000;veh_56;41.00033759125183;-8.642213995554235;7.282374112459117;137.71930482905532
VEHICLE_UPDATES;414000000000;veh_58;41.00046611475892;-8.642382302029963;6.903282716035813;138.76149443985543
VEHICLE_UPDATES;414000000000;veh_60;41.00030508473966;-8.642124042265639;6.721035499624867;137.71690457052617
VEHICLE_UPDATES;414000000000;veh_62;41.00395483027043;-8.64242862592806;6.846630013248987;180.30218810106274
VEHICLE_UPDATES;414000000000;veh_64;41.0040097182712;-8.642389766433777;6.610558142779396;180.58557405444293
VEHICLE_UPDATES;414000000000;veh_66;41.00408101730576;-8.642426506710564;7.339809138375318;180.54709486564582
VEHICLE_UPDATES;414000000000;veh_68;41.00413850994991;-8.642387414808821;6.11413514085505;180.5470948656459
VEHICLE_UPDATES;414000000000;veh_70;41.00425647957286;-8.642385290016485;6.633705663656355;180.5470948656459
VEHICLE_UPDATES;414000000000;veh_71;41.00464103203689;-8.642494965198408;0.0;90.72339311942727
VEHICLE_UPDATES;414000000000;veh_72;41.00421940611789;-8.642424014224956;6.579339636464177;180.54709486564622
VEHICLE_UPDATES;414000000000;veh_73;41.00466985630937;-8.642494336930069;0.0;90.72293676843755
VEHICLE_UPDATES;414000000000;veh_74;41.004728353324296;-8.642415107240762;0.010898709402643;180.29993154303952
VEHICLE_UPDATES;414000000000;veh_75;41.00464201091585;-8.642572244246718;0.0;90.72339311942727
VEHICLE_UPDATES;414000000000;veh_76;41.00551068688968;-8.642406125521093;7.362132337491818;180.13491255010234
VEHICLE_UPDATES;414000000000;veh_77;41.00467083840945;-8.642571907233961;0.067696725623532;90.72293676843755
VEHICLE_UPDATES;414000000000;veh_78;41.00618545383555;-8.64236197357014;8.423757197844656;180.1912402094153
VEHICLE_UPDATES;414000000000;veh_79;41.004647972042044;-8.643555043652238;7.489462206544587;89.57905898949733
VEHICLE_UPDATES;415000000000;veh_46;40.999991275436315;-8.641801740903173;7.914090939868744;137.71930482905532
VEHICLE_UPDATES;415000000000;veh_48;40.999915099471764;-8.64173563125182;7.579261948723169;166.45345212520272
VEHICLE_UPDATES;415000000000;veh_50;41.000100709413985;-8.641932010550132;6.93782883397459;137.7193048290554
VEHICLE_UPDATES;415000000000;veh_52;41.0000344952087;-8.641801905424042;7.736350332659986;137.71690457052605
VEHICLE_UPDATES;415000000000;veh_54;41.00014429975279;-8.641932627288828;7.867843776049126;137.7169045705261
VEHICLE_UPDATES;415000000000;veh_56;41.000288984407376;-8.642156133557574;7.260827900643678;137.71930482905543
VEHICLE_UPDATES;415000000000;veh_58;41.00042050804831;-8.642318535140904;7.369797778272971;133.11667808348577
VEHICLE_UPDATES;415000000000;veh_60;41.000250430216255;-8.64205897575572;8.176402984573452;137.71690457052622
VEHICLE_UPDATES;415000000000;veh_62;41.00389678643915;-8.642429001118959;6.438876874003663;180.07397741929623
VEHICLE_UPDATES;415000000000;veh_64;41.003955516171395;-8.642390570802535;6.021830652757548;180.3182818363987
VEHICLE_UPDATES;415000000000;veh_66;41.004020999228324;-8.642427608481462;6.658443630221343;180.57213551761203
VEHICLE_UPDATES;415000000000;veh_68;41.004076369195126;-8.642388534044121;6.903940716145183;180.5470948656459
VEHICLE_UPDATES;415000000000;veh_70;41.00420856079605;-8.642386153099515;5.32385554154613;180.5470948656459
VEHICLE_UPDATES;415000000000;veh_71;41.00464103203689;-8.642494965198408;0.0;90.72339311942727
VEHICLE_UPDATES;415000000000;veh_72;41.004153320835236;-8.642425204471698;7.331516438222793;180.54709486564582
VEHICLE_UPDATES;415000000000;veh_73;41.00466985630937;-8.642494336930069;0.0;90.72293676843755
VEHICLE_UPDATES;415000000000;veh_74;41.00472834011546;-8.64241510740344;0.001466444109304;180.29993154303912
VEHICLE_UPDATES;415000000000;veh_75;41.00464201091585;-8.642572244246718;0.0;90.72339311942727
VEHICLE_UPDATES;415000000000;veh_76;41.00545046701658;-8.642406638241221;6.685463353584378;180.13491255010234
VEHICLE_UPDATES;415000000000;veh_77;41.00467083498404;-8.64257163667406;0.022755523904593;90.72293676843755
VEHICLE_UPDATES;415000000000;veh_78;41.00611610226234;-8.64240070768057;7.724729851583811;180.19124020941547
VEHICLE_UPDATES;415000000000;veh_79;41.00464818102119;-8.64347054014008;7.107828644927824;89.57905898949569
