2025-06-06 16:07:51,301 INFO  - Initialize veh_35 application (at simulation time 181.000,000,000 s)
2025-06-06 16:07:51,301 INFO  - Sent periodic GreenWaveMsg: veh_35 on route r_1 (at simulation time 181.000,000,000 s)
2025-06-06 16:07:51,301 INFO  - I have no neighbours to send! (at simulation time 181.000,000,000 s)
2025-06-06 16:07:51,307 INFO  - I have no neighbours to send! (at simulation time 182.000,000,000 s)
2025-06-06 16:07:51,307 INFO  - I have no neighbours to send! (at simulation time 182.000,000,000 s)
2025-06-06 16:07:51,312 INFO  - I have no neighbours to send! (at simulation time 183.000,000,000 s)
2025-06-06 16:07:51,312 INFO  - I have no neighbours to send! (at simulation time 183.000,000,000 s)
2025-06-06 16:07:51,312 INFO  - I have no neighbours to send! (at simulation time 183.000,000,000 s)
2025-06-06 16:07:51,317 INFO  - I have no neighbours to send! (at simulation time 184.000,000,000 s)
2025-06-06 16:07:51,317 INFO  - I have no neighbours to send! (at simulation time 184.000,000,000 s)
2025-06-06 16:07:51,317 INFO  - I have no neighbours to send! (at simulation time 184.000,000,000 s)
2025-06-06 16:07:51,317 INFO  - I have no neighbours to send! (at simulation time 184.000,000,000 s)
2025-06-06 16:07:51,323 INFO  - I have no neighbours to send! (at simulation time 185.000,000,000 s)
2025-06-06 16:07:51,323 INFO  - I have no neighbours to send! (at simulation time 185.000,000,000 s)
2025-06-06 16:07:51,323 INFO  - I have no neighbours to send! (at simulation time 185.000,000,000 s)
2025-06-06 16:07:51,323 INFO  - I have no neighbours to send! (at simulation time 185.000,000,000 s)
2025-06-06 16:07:51,323 INFO  - I have no neighbours to send! (at simulation time 185.000,000,000 s)
2025-06-06 16:07:51,328 INFO  - Sent periodic GreenWaveMsg: veh_35 on route r_1 (at simulation time 186.000,000,000 s)
2025-06-06 16:07:51,328 INFO  - I have no neighbours to send! (at simulation time 186.000,000,000 s)
2025-06-06 16:07:51,328 INFO  - I have no neighbours to send! (at simulation time 186.000,000,000 s)
2025-06-06 16:07:51,328 INFO  - I have no neighbours to send! (at simulation time 186.000,000,000 s)
2025-06-06 16:07:51,328 INFO  - I have no neighbours to send! (at simulation time 186.000,000,000 s)
2025-06-06 16:07:51,328 INFO  - I have no neighbours to send! (at simulation time 186.000,000,000 s)
2025-06-06 16:07:51,328 INFO  - I have no neighbours to send! (at simulation time 186.000,000,000 s)
2025-06-06 16:07:51,333 INFO  - I have no neighbours to send! (at simulation time 187.000,000,000 s)
2025-06-06 16:07:51,333 INFO  - I have no neighbours to send! (at simulation time 187.000,000,000 s)
2025-06-06 16:07:51,333 INFO  - I have no neighbours to send! (at simulation time 187.000,000,000 s)
2025-06-06 16:07:51,333 INFO  - I have no neighbours to send! (at simulation time 187.000,000,000 s)
2025-06-06 16:07:51,334 INFO  - I have no neighbours to send! (at simulation time 187.000,000,000 s)
2025-06-06 16:07:51,334 INFO  - I have no neighbours to send! (at simulation time 187.000,000,000 s)
2025-06-06 16:07:51,334 INFO  - I have no neighbours to send! (at simulation time 187.000,000,000 s)
2025-06-06 16:07:51,338 INFO  - I have no neighbours to send! (at simulation time 188.000,000,000 s)
2025-06-06 16:07:51,338 INFO  - I have no neighbours to send! (at simulation time 188.000,000,000 s)
2025-06-06 16:07:51,338 INFO  - I have no neighbours to send! (at simulation time 188.000,000,000 s)
2025-06-06 16:07:51,338 INFO  - I have no neighbours to send! (at simulation time 188.000,000,000 s)
2025-06-06 16:07:51,338 INFO  - I have no neighbours to send! (at simulation time 188.000,000,000 s)
2025-06-06 16:07:51,338 INFO  - I have no neighbours to send! (at simulation time 188.000,000,000 s)
2025-06-06 16:07:51,339 INFO  - I have no neighbours to send! (at simulation time 188.000,000,000 s)
2025-06-06 16:07:51,339 INFO  - I have no neighbours to send! (at simulation time 188.000,000,000 s)
2025-06-06 16:07:51,343 INFO  - I have no neighbours to send! (at simulation time 189.000,000,000 s)
2025-06-06 16:07:51,344 INFO  - I have no neighbours to send! (at simulation time 189.000,000,000 s)
2025-06-06 16:07:51,344 INFO  - I have no neighbours to send! (at simulation time 189.000,000,000 s)
2025-06-06 16:07:51,344 INFO  - I have no neighbours to send! (at simulation time 189.000,000,000 s)
2025-06-06 16:07:51,344 INFO  - I have no neighbours to send! (at simulation time 189.000,000,000 s)
2025-06-06 16:07:51,344 INFO  - I have no neighbours to send! (at simulation time 189.000,000,000 s)
2025-06-06 16:07:51,344 INFO  - I have no neighbours to send! (at simulation time 189.000,000,000 s)
2025-06-06 16:07:51,344 INFO  - I have no neighbours to send! (at simulation time 189.000,000,000 s)
2025-06-06 16:07:51,344 INFO  - I have no neighbours to send! (at simulation time 189.000,000,000 s)
2025-06-06 16:07:51,349 INFO  - I have no neighbours to send! (at simulation time 190.000,000,000 s)
2025-06-06 16:07:51,349 INFO  - I have no neighbours to send! (at simulation time 190.000,000,000 s)
2025-06-06 16:07:51,349 INFO  - I have no neighbours to send! (at simulation time 190.000,000,000 s)
2025-06-06 16:07:51,349 INFO  - I have no neighbours to send! (at simulation time 190.000,000,000 s)
2025-06-06 16:07:51,349 INFO  - I have no neighbours to send! (at simulation time 190.000,000,000 s)
2025-06-06 16:07:51,349 INFO  - I have no neighbours to send! (at simulation time 190.000,000,000 s)
2025-06-06 16:07:51,350 INFO  - I have no neighbours to send! (at simulation time 190.000,000,000 s)
2025-06-06 16:07:51,350 INFO  - I have no neighbours to send! (at simulation time 190.000,000,000 s)
2025-06-06 16:07:51,350 INFO  - I have no neighbours to send! (at simulation time 190.000,000,000 s)
2025-06-06 16:07:51,350 INFO  - I have no neighbours to send! (at simulation time 190.000,000,000 s)
2025-06-06 16:07:51,353 INFO  - Received metrics from FogNode: avgR0=1.4210526315789473, avgR1=1.736842105263158 (at simulation time 190.001,300,000 s)
2025-06-06 16:07:51,356 INFO  - Sent periodic GreenWaveMsg: veh_35 on route r_1 (at simulation time 191.000,000,000 s)
2025-06-06 16:07:51,356 INFO  - I have no neighbours to send! (at simulation time 191.000,000,000 s)
2025-06-06 16:07:51,356 INFO  - I have no neighbours to send! (at simulation time 191.000,000,000 s)
2025-06-06 16:07:51,356 INFO  - I have no neighbours to send! (at simulation time 191.000,000,000 s)
2025-06-06 16:07:51,356 INFO  - I have no neighbours to send! (at simulation time 191.000,000,000 s)
2025-06-06 16:07:51,356 INFO  - I have no neighbours to send! (at simulation time 191.000,000,000 s)
2025-06-06 16:07:51,356 INFO  - I have no neighbours to send! (at simulation time 191.000,000,000 s)
2025-06-06 16:07:51,356 INFO  - I have no neighbours to send! (at simulation time 191.000,000,000 s)
2025-06-06 16:07:51,356 INFO  - I have no neighbours to send! (at simulation time 191.000,000,000 s)
2025-06-06 16:07:51,356 INFO  - I have no neighbours to send! (at simulation time 191.000,000,000 s)
2025-06-06 16:07:51,357 INFO  - I have no neighbours to send! (at simulation time 191.000,000,000 s)
2025-06-06 16:07:51,357 INFO  - I have no neighbours to send! (at simulation time 191.000,000,000 s)
2025-06-06 16:07:51,367 INFO  - I have no neighbours to send! (at simulation time 192.000,000,000 s)
2025-06-06 16:07:51,367 INFO  - I have no neighbours to send! (at simulation time 192.000,000,000 s)
2025-06-06 16:07:51,367 INFO  - I have no neighbours to send! (at simulation time 192.000,000,000 s)
2025-06-06 16:07:51,367 INFO  - I have no neighbours to send! (at simulation time 192.000,000,000 s)
2025-06-06 16:07:51,367 INFO  - I have no neighbours to send! (at simulation time 192.000,000,000 s)
2025-06-06 16:07:51,367 INFO  - I have no neighbours to send! (at simulation time 192.000,000,000 s)
2025-06-06 16:07:51,367 INFO  - I have no neighbours to send! (at simulation time 192.000,000,000 s)
2025-06-06 16:07:51,367 INFO  - I have no neighbours to send! (at simulation time 192.000,000,000 s)
2025-06-06 16:07:51,367 INFO  - I have no neighbours to send! (at simulation time 192.000,000,000 s)
2025-06-06 16:07:51,367 INFO  - I have no neighbours to send! (at simulation time 192.000,000,000 s)
2025-06-06 16:07:51,367 INFO  - I have no neighbours to send! (at simulation time 192.000,000,000 s)
2025-06-06 16:07:51,367 INFO  - I have no neighbours to send! (at simulation time 192.000,000,000 s)
2025-06-06 16:07:51,372 INFO  - I have no neighbours to send! (at simulation time 193.000,000,000 s)
2025-06-06 16:07:51,372 INFO  - I have no neighbours to send! (at simulation time 193.000,000,000 s)
2025-06-06 16:07:51,373 INFO  - I have no neighbours to send! (at simulation time 193.000,000,000 s)
2025-06-06 16:07:51,373 INFO  - I have no neighbours to send! (at simulation time 193.000,000,000 s)
2025-06-06 16:07:51,373 INFO  - I have no neighbours to send! (at simulation time 193.000,000,000 s)
2025-06-06 16:07:51,373 INFO  - I have no neighbours to send! (at simulation time 193.000,000,000 s)
2025-06-06 16:07:51,373 INFO  - I have no neighbours to send! (at simulation time 193.000,000,000 s)
2025-06-06 16:07:51,373 INFO  - I have no neighbours to send! (at simulation time 193.000,000,000 s)
2025-06-06 16:07:51,373 INFO  - I have no neighbours to send! (at simulation time 193.000,000,000 s)
2025-06-06 16:07:51,373 INFO  - I have no neighbours to send! (at simulation time 193.000,000,000 s)
2025-06-06 16:07:51,373 INFO  - I have no neighbours to send! (at simulation time 193.000,000,000 s)
2025-06-06 16:07:51,373 INFO  - I have no neighbours to send! (at simulation time 193.000,000,000 s)
2025-06-06 16:07:51,373 INFO  - I have no neighbours to send! (at simulation time 193.000,000,000 s)
2025-06-06 16:07:51,378 INFO  - I have no neighbours to send! (at simulation time 194.000,000,000 s)
2025-06-06 16:07:51,378 INFO  - I have no neighbours to send! (at simulation time 194.000,000,000 s)
2025-06-06 16:07:51,378 INFO  - I have no neighbours to send! (at simulation time 194.000,000,000 s)
2025-06-06 16:07:51,378 INFO  - I have no neighbours to send! (at simulation time 194.000,000,000 s)
2025-06-06 16:07:51,378 INFO  - I have no neighbours to send! (at simulation time 194.000,000,000 s)
2025-06-06 16:07:51,378 INFO  - I have no neighbours to send! (at simulation time 194.000,000,000 s)
2025-06-06 16:07:51,378 INFO  - I have no neighbours to send! (at simulation time 194.000,000,000 s)
2025-06-06 16:07:51,378 INFO  - I have no neighbours to send! (at simulation time 194.000,000,000 s)
2025-06-06 16:07:51,378 INFO  - I have no neighbours to send! (at simulation time 194.000,000,000 s)
2025-06-06 16:07:51,378 INFO  - I have no neighbours to send! (at simulation time 194.000,000,000 s)
2025-06-06 16:07:51,378 INFO  - I have no neighbours to send! (at simulation time 194.000,000,000 s)
2025-06-06 16:07:51,379 INFO  - I have no neighbours to send! (at simulation time 194.000,000,000 s)
2025-06-06 16:07:51,379 INFO  - I have no neighbours to send! (at simulation time 194.000,000,000 s)
2025-06-06 16:07:51,379 INFO  - I have no neighbours to send! (at simulation time 194.000,000,000 s)
2025-06-06 16:07:51,384 INFO  - I have no neighbours to send! (at simulation time 195.000,000,000 s)
2025-06-06 16:07:51,384 INFO  - I have no neighbours to send! (at simulation time 195.000,000,000 s)
2025-06-06 16:07:51,384 INFO  - I have no neighbours to send! (at simulation time 195.000,000,000 s)
2025-06-06 16:07:51,384 INFO  - I have no neighbours to send! (at simulation time 195.000,000,000 s)
2025-06-06 16:07:51,384 INFO  - I have no neighbours to send! (at simulation time 195.000,000,000 s)
2025-06-06 16:07:51,384 INFO  - I have no neighbours to send! (at simulation time 195.000,000,000 s)
2025-06-06 16:07:51,384 INFO  - I have no neighbours to send! (at simulation time 195.000,000,000 s)
2025-06-06 16:07:51,384 INFO  - I have no neighbours to send! (at simulation time 195.000,000,000 s)
2025-06-06 16:07:51,384 INFO  - I have no neighbours to send! (at simulation time 195.000,000,000 s)
2025-06-06 16:07:51,384 INFO  - I have no neighbours to send! (at simulation time 195.000,000,000 s)
2025-06-06 16:07:51,384 INFO  - I have no neighbours to send! (at simulation time 195.000,000,000 s)
2025-06-06 16:07:51,385 INFO  - I have no neighbours to send! (at simulation time 195.000,000,000 s)
2025-06-06 16:07:51,385 INFO  - I have no neighbours to send! (at simulation time 195.000,000,000 s)
2025-06-06 16:07:51,385 INFO  - I have no neighbours to send! (at simulation time 195.000,000,000 s)
2025-06-06 16:07:51,385 INFO  - I have no neighbours to send! (at simulation time 195.000,000,000 s)
2025-06-06 16:07:51,390 INFO  - Sent periodic GreenWaveMsg: veh_35 on route r_1 (at simulation time 196.000,000,000 s)
2025-06-06 16:07:51,390 INFO  - I have no neighbours to send! (at simulation time 196.000,000,000 s)
2025-06-06 16:07:51,390 INFO  - I have no neighbours to send! (at simulation time 196.000,000,000 s)
2025-06-06 16:07:51,390 INFO  - I have no neighbours to send! (at simulation time 196.000,000,000 s)
2025-06-06 16:07:51,390 INFO  - I have no neighbours to send! (at simulation time 196.000,000,000 s)
2025-06-06 16:07:51,390 INFO  - I have no neighbours to send! (at simulation time 196.000,000,000 s)
2025-06-06 16:07:51,390 INFO  - I have no neighbours to send! (at simulation time 196.000,000,000 s)
2025-06-06 16:07:51,390 INFO  - I have no neighbours to send! (at simulation time 196.000,000,000 s)
2025-06-06 16:07:51,390 INFO  - I have no neighbours to send! (at simulation time 196.000,000,000 s)
2025-06-06 16:07:51,390 INFO  - I have no neighbours to send! (at simulation time 196.000,000,000 s)
2025-06-06 16:07:51,390 INFO  - I have no neighbours to send! (at simulation time 196.000,000,000 s)
2025-06-06 16:07:51,391 INFO  - I have no neighbours to send! (at simulation time 196.000,000,000 s)
2025-06-06 16:07:51,391 INFO  - I have no neighbours to send! (at simulation time 196.000,000,000 s)
2025-06-06 16:07:51,391 INFO  - I have no neighbours to send! (at simulation time 196.000,000,000 s)
2025-06-06 16:07:51,391 INFO  - I have no neighbours to send! (at simulation time 196.000,000,000 s)
2025-06-06 16:07:51,391 INFO  - I have no neighbours to send! (at simulation time 196.000,000,000 s)
2025-06-06 16:07:51,391 INFO  - I have no neighbours to send! (at simulation time 196.000,000,000 s)
2025-06-06 16:07:51,394 INFO  - I have no neighbours to send! (at simulation time 196.001,900,000 s)
2025-06-06 16:07:51,394 INFO  - I have no neighbours to send! (at simulation time 196.001,900,000 s)
2025-06-06 16:07:51,395 INFO  - I have no neighbours to send! (at simulation time 197.000,000,000 s)
2025-06-06 16:07:51,396 INFO  - I have no neighbours to send! (at simulation time 197.000,000,000 s)
2025-06-06 16:07:51,396 INFO  - I have no neighbours to send! (at simulation time 197.000,000,000 s)
2025-06-06 16:07:51,396 INFO  - I have no neighbours to send! (at simulation time 197.000,000,000 s)
2025-06-06 16:07:51,396 INFO  - I have no neighbours to send! (at simulation time 197.000,000,000 s)
2025-06-06 16:07:51,396 INFO  - I have no neighbours to send! (at simulation time 197.000,000,000 s)
2025-06-06 16:07:51,396 INFO  - I have no neighbours to send! (at simulation time 197.000,000,000 s)
2025-06-06 16:07:51,396 INFO  - I have no neighbours to send! (at simulation time 197.000,000,000 s)
2025-06-06 16:07:51,396 INFO  - I have no neighbours to send! (at simulation time 197.000,000,000 s)
2025-06-06 16:07:51,396 INFO  - I have no neighbours to send! (at simulation time 197.000,000,000 s)
2025-06-06 16:07:51,396 INFO  - I have no neighbours to send! (at simulation time 197.000,000,000 s)
2025-06-06 16:07:51,396 INFO  - I have no neighbours to send! (at simulation time 197.000,000,000 s)
2025-06-06 16:07:51,396 INFO  - I have no neighbours to send! (at simulation time 197.000,000,000 s)
2025-06-06 16:07:51,396 INFO  - I have no neighbours to send! (at simulation time 197.000,000,000 s)
2025-06-06 16:07:51,396 INFO  - I have no neighbours to send! (at simulation time 197.000,000,000 s)
2025-06-06 16:07:51,397 INFO  - I have no neighbours to send! (at simulation time 197.000,000,000 s)
2025-06-06 16:07:51,397 INFO  - I have no neighbours to send! (at simulation time 197.000,000,000 s)
2025-06-06 16:07:51,401 INFO  - I have no neighbours to send! (at simulation time 198.000,000,000 s)
2025-06-06 16:07:51,401 INFO  - I have no neighbours to send! (at simulation time 198.000,000,000 s)
2025-06-06 16:07:51,401 INFO  - I have no neighbours to send! (at simulation time 198.000,000,000 s)
2025-06-06 16:07:51,401 INFO  - I have no neighbours to send! (at simulation time 198.000,000,000 s)
2025-06-06 16:07:51,401 INFO  - I have no neighbours to send! (at simulation time 198.000,000,000 s)
2025-06-06 16:07:51,401 INFO  - I have no neighbours to send! (at simulation time 198.000,000,000 s)
2025-06-06 16:07:51,401 INFO  - I have no neighbours to send! (at simulation time 198.000,000,000 s)
2025-06-06 16:07:51,401 INFO  - I have no neighbours to send! (at simulation time 198.000,000,000 s)
2025-06-06 16:07:51,401 INFO  - I have no neighbours to send! (at simulation time 198.000,000,000 s)
2025-06-06 16:07:51,401 INFO  - I have no neighbours to send! (at simulation time 198.000,000,000 s)
2025-06-06 16:07:51,401 INFO  - I have no neighbours to send! (at simulation time 198.000,000,000 s)
2025-06-06 16:07:51,401 INFO  - I have no neighbours to send! (at simulation time 198.000,000,000 s)
2025-06-06 16:07:51,401 INFO  - I have no neighbours to send! (at simulation time 198.000,000,000 s)
2025-06-06 16:07:51,401 INFO  - I have no neighbours to send! (at simulation time 198.000,000,000 s)
2025-06-06 16:07:51,401 INFO  - I have no neighbours to send! (at simulation time 198.000,000,000 s)
2025-06-06 16:07:51,402 INFO  - I have no neighbours to send! (at simulation time 198.000,000,000 s)
2025-06-06 16:07:51,402 INFO  - I have no neighbours to send! (at simulation time 198.000,000,000 s)
2025-06-06 16:07:51,402 INFO  - I have no neighbours to send! (at simulation time 198.000,000,000 s)
2025-06-06 16:07:51,406 INFO  - I have no neighbours to send! (at simulation time 199.000,000,000 s)
2025-06-06 16:07:51,406 INFO  - I have no neighbours to send! (at simulation time 199.000,000,000 s)
2025-06-06 16:07:51,406 INFO  - I have no neighbours to send! (at simulation time 199.000,000,000 s)
2025-06-06 16:07:51,406 INFO  - I have no neighbours to send! (at simulation time 199.000,000,000 s)
2025-06-06 16:07:51,406 INFO  - I have no neighbours to send! (at simulation time 199.000,000,000 s)
2025-06-06 16:07:51,406 INFO  - I have no neighbours to send! (at simulation time 199.000,000,000 s)
2025-06-06 16:07:51,406 INFO  - I have no neighbours to send! (at simulation time 199.000,000,000 s)
2025-06-06 16:07:51,406 INFO  - I have no neighbours to send! (at simulation time 199.000,000,000 s)
2025-06-06 16:07:51,406 INFO  - I have no neighbours to send! (at simulation time 199.000,000,000 s)
2025-06-06 16:07:51,406 INFO  - I have no neighbours to send! (at simulation time 199.000,000,000 s)
2025-06-06 16:07:51,406 INFO  - I have no neighbours to send! (at simulation time 199.000,000,000 s)
2025-06-06 16:07:51,406 INFO  - I have no neighbours to send! (at simulation time 199.000,000,000 s)
2025-06-06 16:07:51,406 INFO  - I have no neighbours to send! (at simulation time 199.000,000,000 s)
2025-06-06 16:07:51,407 INFO  - I have no neighbours to send! (at simulation time 199.000,000,000 s)
2025-06-06 16:07:51,407 INFO  - I have no neighbours to send! (at simulation time 199.000,000,000 s)
2025-06-06 16:07:51,407 INFO  - I have no neighbours to send! (at simulation time 199.000,000,000 s)
2025-06-06 16:07:51,407 INFO  - I have no neighbours to send! (at simulation time 199.000,000,000 s)
2025-06-06 16:07:51,407 INFO  - I have no neighbours to send! (at simulation time 199.000,000,000 s)
2025-06-06 16:07:51,407 INFO  - I have no neighbours to send! (at simulation time 199.000,000,000 s)
2025-06-06 16:07:51,411 INFO  - I have no neighbours to send! (at simulation time 200.000,000,000 s)
2025-06-06 16:07:51,411 INFO  - I have no neighbours to send! (at simulation time 200.000,000,000 s)
2025-06-06 16:07:51,411 INFO  - I have no neighbours to send! (at simulation time 200.000,000,000 s)
2025-06-06 16:07:51,411 INFO  - I have no neighbours to send! (at simulation time 200.000,000,000 s)
2025-06-06 16:07:51,411 INFO  - I have no neighbours to send! (at simulation time 200.000,000,000 s)
2025-06-06 16:07:51,411 INFO  - I have no neighbours to send! (at simulation time 200.000,000,000 s)
2025-06-06 16:07:51,411 INFO  - I have no neighbours to send! (at simulation time 200.000,000,000 s)
2025-06-06 16:07:51,411 INFO  - I have no neighbours to send! (at simulation time 200.000,000,000 s)
2025-06-06 16:07:51,411 INFO  - I have no neighbours to send! (at simulation time 200.000,000,000 s)
2025-06-06 16:07:51,411 INFO  - I have no neighbours to send! (at simulation time 200.000,000,000 s)
2025-06-06 16:07:51,411 INFO  - I have no neighbours to send! (at simulation time 200.000,000,000 s)
2025-06-06 16:07:51,412 INFO  - I have no neighbours to send! (at simulation time 200.000,000,000 s)
2025-06-06 16:07:51,412 INFO  - I have no neighbours to send! (at simulation time 200.000,000,000 s)
2025-06-06 16:07:51,412 INFO  - I have no neighbours to send! (at simulation time 200.000,000,000 s)
2025-06-06 16:07:51,412 INFO  - I have no neighbours to send! (at simulation time 200.000,000,000 s)
2025-06-06 16:07:51,412 INFO  - I have no neighbours to send! (at simulation time 200.000,000,000 s)
2025-06-06 16:07:51,412 INFO  - I have no neighbours to send! (at simulation time 200.000,000,000 s)
2025-06-06 16:07:51,412 INFO  - I have no neighbours to send! (at simulation time 200.000,000,000 s)
2025-06-06 16:07:51,412 INFO  - I have no neighbours to send! (at simulation time 200.000,000,000 s)
2025-06-06 16:07:51,412 INFO  - I have no neighbours to send! (at simulation time 200.000,000,000 s)
2025-06-06 16:07:51,415 INFO  - I have no neighbours to send! (at simulation time 200.001,400,000 s)
2025-06-06 16:07:51,415 INFO  - I have no neighbours to send! (at simulation time 200.001,400,000 s)
2025-06-06 16:07:51,415 INFO  - I have no neighbours to send! (at simulation time 200.002,400,000 s)
2025-06-06 16:07:51,416 INFO  - Received metrics from FogNode: avgR0=1.4, avgR1=1.85 (at simulation time 200.004,800,000 s)
2025-06-06 16:07:51,417 INFO  - Sent periodic GreenWaveMsg: veh_35 on route r_1 (at simulation time 201.000,000,000 s)
2025-06-06 16:07:51,417 INFO  - I have no neighbours to send! (at simulation time 201.000,000,000 s)
2025-06-06 16:07:51,417 INFO  - I have no neighbours to send! (at simulation time 201.000,000,000 s)
2025-06-06 16:07:51,417 INFO  - I have no neighbours to send! (at simulation time 201.000,000,000 s)
2025-06-06 16:07:51,417 INFO  - I have no neighbours to send! (at simulation time 201.000,000,000 s)
2025-06-06 16:07:51,418 INFO  - I have no neighbours to send! (at simulation time 201.000,000,000 s)
2025-06-06 16:07:51,418 INFO  - I have no neighbours to send! (at simulation time 201.000,000,000 s)
2025-06-06 16:07:51,418 INFO  - I have no neighbours to send! (at simulation time 201.000,000,000 s)
2025-06-06 16:07:51,418 INFO  - I have no neighbours to send! (at simulation time 201.000,000,000 s)
2025-06-06 16:07:51,418 INFO  - I have no neighbours to send! (at simulation time 201.000,000,000 s)
2025-06-06 16:07:51,418 INFO  - I have no neighbours to send! (at simulation time 201.000,000,000 s)
2025-06-06 16:07:51,418 INFO  - I have no neighbours to send! (at simulation time 201.000,000,000 s)
2025-06-06 16:07:51,418 INFO  - I have no neighbours to send! (at simulation time 201.000,000,000 s)
2025-06-06 16:07:51,418 INFO  - I have no neighbours to send! (at simulation time 201.000,000,000 s)
2025-06-06 16:07:51,418 INFO  - I have no neighbours to send! (at simulation time 201.000,000,000 s)
2025-06-06 16:07:51,418 INFO  - I have no neighbours to send! (at simulation time 201.000,000,000 s)
2025-06-06 16:07:51,418 INFO  - I have no neighbours to send! (at simulation time 201.000,000,000 s)
2025-06-06 16:07:51,418 INFO  - I have no neighbours to send! (at simulation time 201.000,000,000 s)
2025-06-06 16:07:51,418 INFO  - I have no neighbours to send! (at simulation time 201.000,000,000 s)
2025-06-06 16:07:51,418 INFO  - I have no neighbours to send! (at simulation time 201.000,000,000 s)
2025-06-06 16:07:51,418 INFO  - I have no neighbours to send! (at simulation time 201.000,000,000 s)
2025-06-06 16:07:51,418 INFO  - I have no neighbours to send! (at simulation time 201.000,000,000 s)
2025-06-06 16:07:51,428 INFO  - I have no neighbours to send! (at simulation time 202.000,000,000 s)
2025-06-06 16:07:51,428 INFO  - I have no neighbours to send! (at simulation time 202.000,000,000 s)
2025-06-06 16:07:51,428 INFO  - I have no neighbours to send! (at simulation time 202.000,000,000 s)
2025-06-06 16:07:51,428 INFO  - I have no neighbours to send! (at simulation time 202.000,000,000 s)
2025-06-06 16:07:51,428 INFO  - I have no neighbours to send! (at simulation time 202.000,000,000 s)
2025-06-06 16:07:51,428 INFO  - I have no neighbours to send! (at simulation time 202.000,000,000 s)
2025-06-06 16:07:51,428 INFO  - I have no neighbours to send! (at simulation time 202.000,000,000 s)
2025-06-06 16:07:51,428 INFO  - I have no neighbours to send! (at simulation time 202.000,000,000 s)
2025-06-06 16:07:51,428 INFO  - I have no neighbours to send! (at simulation time 202.000,000,000 s)
2025-06-06 16:07:51,428 INFO  - I have no neighbours to send! (at simulation time 202.000,000,000 s)
2025-06-06 16:07:51,428 INFO  - I have no neighbours to send! (at simulation time 202.000,000,000 s)
2025-06-06 16:07:51,428 INFO  - I have no neighbours to send! (at simulation time 202.000,000,000 s)
2025-06-06 16:07:51,428 INFO  - I have no neighbours to send! (at simulation time 202.000,000,000 s)
2025-06-06 16:07:51,428 INFO  - I have no neighbours to send! (at simulation time 202.000,000,000 s)
2025-06-06 16:07:51,429 INFO  - I have no neighbours to send! (at simulation time 202.000,000,000 s)
2025-06-06 16:07:51,429 INFO  - I have no neighbours to send! (at simulation time 202.000,000,000 s)
2025-06-06 16:07:51,429 INFO  - I have no neighbours to send! (at simulation time 202.000,000,000 s)
2025-06-06 16:07:51,429 INFO  - I have no neighbours to send! (at simulation time 202.000,000,000 s)
2025-06-06 16:07:51,429 INFO  - I have no neighbours to send! (at simulation time 202.000,000,000 s)
2025-06-06 16:07:51,429 INFO  - I have no neighbours to send! (at simulation time 202.000,000,000 s)
2025-06-06 16:07:51,429 INFO  - I have no neighbours to send! (at simulation time 202.000,000,000 s)
2025-06-06 16:07:51,429 INFO  - I have no neighbours to send! (at simulation time 202.000,000,000 s)
2025-06-06 16:07:51,433 INFO  - I have no neighbours to send! (at simulation time 203.000,000,000 s)
2025-06-06 16:07:51,433 INFO  - I have no neighbours to send! (at simulation time 203.000,000,000 s)
2025-06-06 16:07:51,433 INFO  - I have no neighbours to send! (at simulation time 203.000,000,000 s)
2025-06-06 16:07:51,433 INFO  - I have no neighbours to send! (at simulation time 203.000,000,000 s)
2025-06-06 16:07:51,433 INFO  - I have no neighbours to send! (at simulation time 203.000,000,000 s)
2025-06-06 16:07:51,433 INFO  - I have no neighbours to send! (at simulation time 203.000,000,000 s)
2025-06-06 16:07:51,433 INFO  - I have no neighbours to send! (at simulation time 203.000,000,000 s)
2025-06-06 16:07:51,433 INFO  - I have no neighbours to send! (at simulation time 203.000,000,000 s)
2025-06-06 16:07:51,433 INFO  - I have no neighbours to send! (at simulation time 203.000,000,000 s)
2025-06-06 16:07:51,433 INFO  - I have no neighbours to send! (at simulation time 203.000,000,000 s)
2025-06-06 16:07:51,433 INFO  - I have no neighbours to send! (at simulation time 203.000,000,000 s)
2025-06-06 16:07:51,434 INFO  - I have no neighbours to send! (at simulation time 203.000,000,000 s)
2025-06-06 16:07:51,434 INFO  - I have no neighbours to send! (at simulation time 203.000,000,000 s)
2025-06-06 16:07:51,434 INFO  - I have no neighbours to send! (at simulation time 203.000,000,000 s)
2025-06-06 16:07:51,434 INFO  - I have no neighbours to send! (at simulation time 203.000,000,000 s)
2025-06-06 16:07:51,434 INFO  - I have no neighbours to send! (at simulation time 203.000,000,000 s)
2025-06-06 16:07:51,434 INFO  - I have no neighbours to send! (at simulation time 203.000,000,000 s)
2025-06-06 16:07:51,434 INFO  - I have no neighbours to send! (at simulation time 203.000,000,000 s)
2025-06-06 16:07:51,434 INFO  - I have no neighbours to send! (at simulation time 203.000,000,000 s)
2025-06-06 16:07:51,434 INFO  - I have no neighbours to send! (at simulation time 203.000,000,000 s)
2025-06-06 16:07:51,434 INFO  - I have no neighbours to send! (at simulation time 203.000,000,000 s)
2025-06-06 16:07:51,434 INFO  - I have no neighbours to send! (at simulation time 203.000,000,000 s)
2025-06-06 16:07:51,434 INFO  - I have no neighbours to send! (at simulation time 203.000,000,000 s)
2025-06-06 16:07:51,438 INFO  - I have no neighbours to send! (at simulation time 204.000,000,000 s)
2025-06-06 16:07:51,438 INFO  - I have no neighbours to send! (at simulation time 204.000,000,000 s)
2025-06-06 16:07:51,438 INFO  - I have no neighbours to send! (at simulation time 204.000,000,000 s)
2025-06-06 16:07:51,438 INFO  - I have no neighbours to send! (at simulation time 204.000,000,000 s)
2025-06-06 16:07:51,438 INFO  - I have no neighbours to send! (at simulation time 204.000,000,000 s)
2025-06-06 16:07:51,438 INFO  - I have no neighbours to send! (at simulation time 204.000,000,000 s)
2025-06-06 16:07:51,438 INFO  - I have no neighbours to send! (at simulation time 204.000,000,000 s)
2025-06-06 16:07:51,438 INFO  - I have no neighbours to send! (at simulation time 204.000,000,000 s)
2025-06-06 16:07:51,438 INFO  - I have no neighbours to send! (at simulation time 204.000,000,000 s)
2025-06-06 16:07:51,438 INFO  - I have no neighbours to send! (at simulation time 204.000,000,000 s)
2025-06-06 16:07:51,438 INFO  - I have no neighbours to send! (at simulation time 204.000,000,000 s)
2025-06-06 16:07:51,439 INFO  - I have no neighbours to send! (at simulation time 204.000,000,000 s)
2025-06-06 16:07:51,439 INFO  - I have no neighbours to send! (at simulation time 204.000,000,000 s)
2025-06-06 16:07:51,439 INFO  - I have no neighbours to send! (at simulation time 204.000,000,000 s)
2025-06-06 16:07:51,439 INFO  - I have no neighbours to send! (at simulation time 204.000,000,000 s)
2025-06-06 16:07:51,439 INFO  - I have no neighbours to send! (at simulation time 204.000,000,000 s)
2025-06-06 16:07:51,439 INFO  - I have no neighbours to send! (at simulation time 204.000,000,000 s)
2025-06-06 16:07:51,439 INFO  - I have no neighbours to send! (at simulation time 204.000,000,000 s)
2025-06-06 16:07:51,439 INFO  - I have no neighbours to send! (at simulation time 204.000,000,000 s)
2025-06-06 16:07:51,439 INFO  - I have no neighbours to send! (at simulation time 204.000,000,000 s)
2025-06-06 16:07:51,439 INFO  - I have no neighbours to send! (at simulation time 204.000,000,000 s)
2025-06-06 16:07:51,439 INFO  - I have no neighbours to send! (at simulation time 204.000,000,000 s)
2025-06-06 16:07:51,439 INFO  - I have no neighbours to send! (at simulation time 204.000,000,000 s)
2025-06-06 16:07:51,439 INFO  - I have no neighbours to send! (at simulation time 204.000,000,000 s)
2025-06-06 16:07:51,443 INFO  - I have no neighbours to send! (at simulation time 205.000,000,000 s)
2025-06-06 16:07:51,443 INFO  - I have no neighbours to send! (at simulation time 205.000,000,000 s)
2025-06-06 16:07:51,443 INFO  - I have no neighbours to send! (at simulation time 205.000,000,000 s)
2025-06-06 16:07:51,444 INFO  - I have no neighbours to send! (at simulation time 205.000,000,000 s)
2025-06-06 16:07:51,444 INFO  - I have no neighbours to send! (at simulation time 205.000,000,000 s)
2025-06-06 16:07:51,444 INFO  - I have no neighbours to send! (at simulation time 205.000,000,000 s)
2025-06-06 16:07:51,444 INFO  - I have no neighbours to send! (at simulation time 205.000,000,000 s)
2025-06-06 16:07:51,444 INFO  - I have no neighbours to send! (at simulation time 205.000,000,000 s)
2025-06-06 16:07:51,444 INFO  - I have no neighbours to send! (at simulation time 205.000,000,000 s)
2025-06-06 16:07:51,444 INFO  - I have no neighbours to send! (at simulation time 205.000,000,000 s)
2025-06-06 16:07:51,444 INFO  - I have no neighbours to send! (at simulation time 205.000,000,000 s)
2025-06-06 16:07:51,444 INFO  - I have no neighbours to send! (at simulation time 205.000,000,000 s)
2025-06-06 16:07:51,444 INFO  - I have no neighbours to send! (at simulation time 205.000,000,000 s)
2025-06-06 16:07:51,444 INFO  - I have no neighbours to send! (at simulation time 205.000,000,000 s)
2025-06-06 16:07:51,444 INFO  - I have no neighbours to send! (at simulation time 205.000,000,000 s)
2025-06-06 16:07:51,444 INFO  - I have no neighbours to send! (at simulation time 205.000,000,000 s)
2025-06-06 16:07:51,444 INFO  - I have no neighbours to send! (at simulation time 205.000,000,000 s)
2025-06-06 16:07:51,444 INFO  - I have no neighbours to send! (at simulation time 205.000,000,000 s)
2025-06-06 16:07:51,444 INFO  - I have no neighbours to send! (at simulation time 205.000,000,000 s)
2025-06-06 16:07:51,444 INFO  - I have no neighbours to send! (at simulation time 205.000,000,000 s)
2025-06-06 16:07:51,445 INFO  - I have no neighbours to send! (at simulation time 205.000,000,000 s)
2025-06-06 16:07:51,445 INFO  - I have no neighbours to send! (at simulation time 205.000,000,000 s)
2025-06-06 16:07:51,445 INFO  - I have no neighbours to send! (at simulation time 205.000,000,000 s)
2025-06-06 16:07:51,445 INFO  - I have no neighbours to send! (at simulation time 205.000,000,000 s)
2025-06-06 16:07:51,445 INFO  - I have no neighbours to send! (at simulation time 205.000,000,000 s)
2025-06-06 16:07:51,449 INFO  - Sent periodic GreenWaveMsg: veh_35 on route r_1 (at simulation time 206.000,000,000 s)
2025-06-06 16:07:51,449 INFO  - I have no neighbours to send! (at simulation time 206.000,000,000 s)
2025-06-06 16:07:51,449 INFO  - I have no neighbours to send! (at simulation time 206.000,000,000 s)
2025-06-06 16:07:51,449 INFO  - I have no neighbours to send! (at simulation time 206.000,000,000 s)
2025-06-06 16:07:51,449 INFO  - I have no neighbours to send! (at simulation time 206.000,000,000 s)
2025-06-06 16:07:51,449 INFO  - I have no neighbours to send! (at simulation time 206.000,000,000 s)
2025-06-06 16:07:51,449 INFO  - I have no neighbours to send! (at simulation time 206.000,000,000 s)
2025-06-06 16:07:51,449 INFO  - I have no neighbours to send! (at simulation time 206.000,000,000 s)
2025-06-06 16:07:51,449 INFO  - I have no neighbours to send! (at simulation time 206.000,000,000 s)
2025-06-06 16:07:51,449 INFO  - I have no neighbours to send! (at simulation time 206.000,000,000 s)
2025-06-06 16:07:51,449 INFO  - I have no neighbours to send! (at simulation time 206.000,000,000 s)
2025-06-06 16:07:51,449 INFO  - I have no neighbours to send! (at simulation time 206.000,000,000 s)
2025-06-06 16:07:51,449 INFO  - I have no neighbours to send! (at simulation time 206.000,000,000 s)
2025-06-06 16:07:51,449 INFO  - I have no neighbours to send! (at simulation time 206.000,000,000 s)
2025-06-06 16:07:51,450 INFO  - I have no neighbours to send! (at simulation time 206.000,000,000 s)
2025-06-06 16:07:51,450 INFO  - I have no neighbours to send! (at simulation time 206.000,000,000 s)
2025-06-06 16:07:51,450 INFO  - I have no neighbours to send! (at simulation time 206.000,000,000 s)
2025-06-06 16:07:51,450 INFO  - I have no neighbours to send! (at simulation time 206.000,000,000 s)
2025-06-06 16:07:51,450 INFO  - I have no neighbours to send! (at simulation time 206.000,000,000 s)
2025-06-06 16:07:51,450 INFO  - I have no neighbours to send! (at simulation time 206.000,000,000 s)
2025-06-06 16:07:51,450 INFO  - I have no neighbours to send! (at simulation time 206.000,000,000 s)
2025-06-06 16:07:51,450 INFO  - I have no neighbours to send! (at simulation time 206.000,000,000 s)
2025-06-06 16:07:51,450 INFO  - I have no neighbours to send! (at simulation time 206.000,000,000 s)
2025-06-06 16:07:51,450 INFO  - I have no neighbours to send! (at simulation time 206.000,000,000 s)
2025-06-06 16:07:51,450 INFO  - I have no neighbours to send! (at simulation time 206.000,000,000 s)
2025-06-06 16:07:51,450 INFO  - I have no neighbours to send! (at simulation time 206.000,000,000 s)
2025-06-06 16:07:51,450 INFO  - I have no neighbours to send! (at simulation time 206.000,000,000 s)
2025-06-06 16:07:51,454 INFO  - I have no neighbours to send! (at simulation time 207.000,000,000 s)
2025-06-06 16:07:51,454 INFO  - I have no neighbours to send! (at simulation time 207.000,000,000 s)
2025-06-06 16:07:51,454 INFO  - I have no neighbours to send! (at simulation time 207.000,000,000 s)
2025-06-06 16:07:51,454 INFO  - I have no neighbours to send! (at simulation time 207.000,000,000 s)
2025-06-06 16:07:51,454 INFO  - I have no neighbours to send! (at simulation time 207.000,000,000 s)
2025-06-06 16:07:51,454 INFO  - I have no neighbours to send! (at simulation time 207.000,000,000 s)
2025-06-06 16:07:51,454 INFO  - I have no neighbours to send! (at simulation time 207.000,000,000 s)
2025-06-06 16:07:51,454 INFO  - I have no neighbours to send! (at simulation time 207.000,000,000 s)
2025-06-06 16:07:51,455 INFO  - I have no neighbours to send! (at simulation time 207.000,000,000 s)
2025-06-06 16:07:51,455 INFO  - I have no neighbours to send! (at simulation time 207.000,000,000 s)
2025-06-06 16:07:51,455 INFO  - I have no neighbours to send! (at simulation time 207.000,000,000 s)
2025-06-06 16:07:51,455 INFO  - I have no neighbours to send! (at simulation time 207.000,000,000 s)
2025-06-06 16:07:51,455 INFO  - I have no neighbours to send! (at simulation time 207.000,000,000 s)
2025-06-06 16:07:51,455 INFO  - I have no neighbours to send! (at simulation time 207.000,000,000 s)
2025-06-06 16:07:51,455 INFO  - I have no neighbours to send! (at simulation time 207.000,000,000 s)
2025-06-06 16:07:51,455 INFO  - I have no neighbours to send! (at simulation time 207.000,000,000 s)
2025-06-06 16:07:51,455 INFO  - I have no neighbours to send! (at simulation time 207.000,000,000 s)
2025-06-06 16:07:51,455 INFO  - I have no neighbours to send! (at simulation time 207.000,000,000 s)
2025-06-06 16:07:51,455 INFO  - I have no neighbours to send! (at simulation time 207.000,000,000 s)
2025-06-06 16:07:51,455 INFO  - I have no neighbours to send! (at simulation time 207.000,000,000 s)
2025-06-06 16:07:51,455 INFO  - I have no neighbours to send! (at simulation time 207.000,000,000 s)
2025-06-06 16:07:51,455 INFO  - I have no neighbours to send! (at simulation time 207.000,000,000 s)
2025-06-06 16:07:51,455 INFO  - I have no neighbours to send! (at simulation time 207.000,000,000 s)
2025-06-06 16:07:51,455 INFO  - I have no neighbours to send! (at simulation time 207.000,000,000 s)
2025-06-06 16:07:51,456 INFO  - I have no neighbours to send! (at simulation time 207.000,000,000 s)
2025-06-06 16:07:51,456 INFO  - I have no neighbours to send! (at simulation time 207.000,000,000 s)
2025-06-06 16:07:51,456 INFO  - I have no neighbours to send! (at simulation time 207.000,000,000 s)
2025-06-06 16:07:51,459 INFO  - I have no neighbours to send! (at simulation time 208.000,000,000 s)
2025-06-06 16:07:51,459 INFO  - I have no neighbours to send! (at simulation time 208.000,000,000 s)
2025-06-06 16:07:51,459 INFO  - I have no neighbours to send! (at simulation time 208.000,000,000 s)
2025-06-06 16:07:51,459 INFO  - I have no neighbours to send! (at simulation time 208.000,000,000 s)
2025-06-06 16:07:51,459 INFO  - I have no neighbours to send! (at simulation time 208.000,000,000 s)
2025-06-06 16:07:51,459 INFO  - I have no neighbours to send! (at simulation time 208.000,000,000 s)
2025-06-06 16:07:51,459 INFO  - I have no neighbours to send! (at simulation time 208.000,000,000 s)
2025-06-06 16:07:51,460 INFO  - I have no neighbours to send! (at simulation time 208.000,000,000 s)
2025-06-06 16:07:51,460 INFO  - I have no neighbours to send! (at simulation time 208.000,000,000 s)
2025-06-06 16:07:51,460 INFO  - I have no neighbours to send! (at simulation time 208.000,000,000 s)
2025-06-06 16:07:51,460 INFO  - I have no neighbours to send! (at simulation time 208.000,000,000 s)
2025-06-06 16:07:51,460 INFO  - I have no neighbours to send! (at simulation time 208.000,000,000 s)
2025-06-06 16:07:51,460 INFO  - I have no neighbours to send! (at simulation time 208.000,000,000 s)
2025-06-06 16:07:51,460 INFO  - I have no neighbours to send! (at simulation time 208.000,000,000 s)
2025-06-06 16:07:51,460 INFO  - I have no neighbours to send! (at simulation time 208.000,000,000 s)
2025-06-06 16:07:51,460 INFO  - I have no neighbours to send! (at simulation time 208.000,000,000 s)
2025-06-06 16:07:51,460 INFO  - I have no neighbours to send! (at simulation time 208.000,000,000 s)
2025-06-06 16:07:51,460 INFO  - I have no neighbours to send! (at simulation time 208.000,000,000 s)
2025-06-06 16:07:51,460 INFO  - I have no neighbours to send! (at simulation time 208.000,000,000 s)
2025-06-06 16:07:51,460 INFO  - I have no neighbours to send! (at simulation time 208.000,000,000 s)
2025-06-06 16:07:51,460 INFO  - I have no neighbours to send! (at simulation time 208.000,000,000 s)
2025-06-06 16:07:51,460 INFO  - I have no neighbours to send! (at simulation time 208.000,000,000 s)
2025-06-06 16:07:51,460 INFO  - I have no neighbours to send! (at simulation time 208.000,000,000 s)
2025-06-06 16:07:51,460 INFO  - I have no neighbours to send! (at simulation time 208.000,000,000 s)
2025-06-06 16:07:51,461 INFO  - I have no neighbours to send! (at simulation time 208.000,000,000 s)
2025-06-06 16:07:51,461 INFO  - I have no neighbours to send! (at simulation time 208.000,000,000 s)
2025-06-06 16:07:51,461 INFO  - I have no neighbours to send! (at simulation time 208.000,000,000 s)
2025-06-06 16:07:51,461 INFO  - I have no neighbours to send! (at simulation time 208.000,000,000 s)
2025-06-06 16:07:51,474 INFO  - Received metrics from FogNode: avgR0=1.4285714285714286, avgR1=1.9523809523809523 (at simulation time 210.004,300,000 s)
2025-06-06 16:07:51,476 INFO  - Sent periodic GreenWaveMsg: veh_35 on route r_1 (at simulation time 211.000,000,000 s)
2025-06-06 16:07:51,518 INFO  - Sent periodic GreenWaveMsg: veh_35 on route r_1 (at simulation time 216.000,000,000 s)
2025-06-06 16:07:51,523 INFO  - Received ACK with origin at RSU from rsu_0 at 216003300000 (at simulation time 216.003,300,000 s)
2025-06-06 16:07:51,525 INFO  - Already have ACK (at simulation time 217.000,000,000 s)
2025-06-06 16:07:51,525 INFO  - Already have ACK (at simulation time 217.000,000,000 s)
2025-06-06 16:07:51,525 INFO  - Already have ACK (at simulation time 217.000,000,000 s)
2025-06-06 16:07:51,525 INFO  - Already have ACK (at simulation time 217.000,000,000 s)
2025-06-06 16:07:51,525 INFO  - Already have ACK (at simulation time 217.000,000,000 s)
2025-06-06 16:07:51,525 INFO  - Already have ACK (at simulation time 217.000,000,000 s)
2025-06-06 16:07:51,525 INFO  - Already have ACK (at simulation time 217.000,000,000 s)
2025-06-06 16:07:51,525 INFO  - Already have ACK (at simulation time 217.000,000,000 s)
2025-06-06 16:07:51,526 INFO  - Already have ACK (at simulation time 217.000,000,000 s)
2025-06-06 16:07:51,526 INFO  - Already have ACK (at simulation time 217.000,000,000 s)
2025-06-06 16:07:51,526 INFO  - Already have ACK (at simulation time 217.000,000,000 s)
2025-06-06 16:07:51,526 INFO  - Already have ACK (at simulation time 217.000,000,000 s)
2025-06-06 16:07:51,526 INFO  - Already have ACK (at simulation time 217.000,000,000 s)
2025-06-06 16:07:51,526 INFO  - Already have ACK (at simulation time 217.000,000,000 s)
2025-06-06 16:07:51,526 INFO  - Already have ACK (at simulation time 217.000,000,000 s)
2025-06-06 16:07:51,526 INFO  - Already have ACK (at simulation time 217.000,000,000 s)
2025-06-06 16:07:51,526 INFO  - Already have ACK (at simulation time 217.000,000,000 s)
2025-06-06 16:07:51,526 INFO  - Already have ACK (at simulation time 217.000,000,000 s)
2025-06-06 16:07:51,526 INFO  - Already have ACK (at simulation time 217.000,000,000 s)
2025-06-06 16:07:51,526 INFO  - Already have ACK (at simulation time 217.000,000,000 s)
2025-06-06 16:07:51,526 INFO  - Already have ACK (at simulation time 217.000,000,000 s)
2025-06-06 16:07:51,526 INFO  - Already have ACK (at simulation time 217.000,000,000 s)
2025-06-06 16:07:51,526 INFO  - Already have ACK (at simulation time 217.000,000,000 s)
2025-06-06 16:07:51,527 INFO  - Already have ACK (at simulation time 217.000,000,000 s)
2025-06-06 16:07:51,527 INFO  - Already have ACK (at simulation time 217.000,000,000 s)
2025-06-06 16:07:51,527 INFO  - Already have ACK (at simulation time 217.000,000,000 s)
2025-06-06 16:07:51,527 INFO  - Already have ACK (at simulation time 217.000,000,000 s)
2025-06-06 16:07:51,527 INFO  - Already have ACK (at simulation time 217.000,000,000 s)
2025-06-06 16:07:51,527 INFO  - Already have ACK (at simulation time 217.000,000,000 s)
2025-06-06 16:07:51,527 INFO  - Already have ACK (at simulation time 217.000,000,000 s)
2025-06-06 16:07:51,527 INFO  - Already have ACK (at simulation time 217.000,000,000 s)
2025-06-06 16:07:51,527 INFO  - Already have ACK (at simulation time 217.000,000,000 s)
2025-06-06 16:07:51,527 INFO  - Already have ACK (at simulation time 217.000,000,000 s)
2025-06-06 16:07:51,527 INFO  - Already have ACK (at simulation time 217.000,000,000 s)
2025-06-06 16:07:51,527 INFO  - Already have ACK (at simulation time 217.000,000,000 s)
2025-06-06 16:07:51,527 INFO  - Already have ACK (at simulation time 217.000,000,000 s)
2025-06-06 16:07:51,527 INFO  - Already have ACK (at simulation time 217.000,000,000 s)
2025-06-06 16:07:51,531 INFO  - Already have ACK (at simulation time 218.000,000,000 s)
2025-06-06 16:07:51,532 INFO  - Already have ACK (at simulation time 218.000,000,000 s)
2025-06-06 16:07:51,532 INFO  - Already have ACK (at simulation time 218.000,000,000 s)
2025-06-06 16:07:51,532 INFO  - Already have ACK (at simulation time 218.000,000,000 s)
2025-06-06 16:07:51,532 INFO  - Already have ACK (at simulation time 218.000,000,000 s)
2025-06-06 16:07:51,532 INFO  - Already have ACK (at simulation time 218.000,000,000 s)
2025-06-06 16:07:51,532 INFO  - Already have ACK (at simulation time 218.000,000,000 s)
2025-06-06 16:07:51,532 INFO  - Already have ACK (at simulation time 218.000,000,000 s)
2025-06-06 16:07:51,532 INFO  - Already have ACK (at simulation time 218.000,000,000 s)
2025-06-06 16:07:51,532 INFO  - Already have ACK (at simulation time 218.000,000,000 s)
2025-06-06 16:07:51,532 INFO  - Already have ACK (at simulation time 218.000,000,000 s)
2025-06-06 16:07:51,532 INFO  - Already have ACK (at simulation time 218.000,000,000 s)
2025-06-06 16:07:51,532 INFO  - Already have ACK (at simulation time 218.000,000,000 s)
2025-06-06 16:07:51,532 INFO  - Already have ACK (at simulation time 218.000,000,000 s)
2025-06-06 16:07:51,533 INFO  - Already have ACK (at simulation time 218.000,000,000 s)
2025-06-06 16:07:51,533 INFO  - Already have ACK (at simulation time 218.000,000,000 s)
2025-06-06 16:07:51,533 INFO  - Already have ACK (at simulation time 218.000,000,000 s)
2025-06-06 16:07:51,533 INFO  - Already have ACK (at simulation time 218.000,000,000 s)
2025-06-06 16:07:51,533 INFO  - Already have ACK (at simulation time 218.000,000,000 s)
2025-06-06 16:07:51,533 INFO  - Already have ACK (at simulation time 218.000,000,000 s)
2025-06-06 16:07:51,533 INFO  - Already have ACK (at simulation time 218.000,000,000 s)
2025-06-06 16:07:51,533 INFO  - Already have ACK (at simulation time 218.000,000,000 s)
2025-06-06 16:07:51,533 INFO  - Already have ACK (at simulation time 218.000,000,000 s)
2025-06-06 16:07:51,533 INFO  - Already have ACK (at simulation time 218.000,000,000 s)
2025-06-06 16:07:51,536 INFO  - Already have ACK (at simulation time 218.000,000,000 s)
2025-06-06 16:07:51,536 INFO  - Already have ACK (at simulation time 218.000,000,000 s)
2025-06-06 16:07:51,536 INFO  - Already have ACK (at simulation time 218.000,000,000 s)
2025-06-06 16:07:51,536 INFO  - Already have ACK (at simulation time 218.000,000,000 s)
2025-06-06 16:07:51,536 INFO  - Already have ACK (at simulation time 218.000,000,000 s)
2025-06-06 16:07:51,536 INFO  - Already have ACK (at simulation time 218.000,000,000 s)
2025-06-06 16:07:51,536 INFO  - Already have ACK (at simulation time 218.000,000,000 s)
2025-06-06 16:07:51,536 INFO  - Already have ACK (at simulation time 218.000,000,000 s)
2025-06-06 16:07:51,536 INFO  - Already have ACK (at simulation time 218.000,000,000 s)
2025-06-06 16:07:51,536 INFO  - Already have ACK (at simulation time 218.000,000,000 s)
2025-06-06 16:07:51,536 INFO  - Already have ACK (at simulation time 218.000,000,000 s)
2025-06-06 16:07:51,536 INFO  - Already have ACK (at simulation time 218.000,000,000 s)
2025-06-06 16:07:51,536 INFO  - Already have ACK (at simulation time 218.000,000,000 s)
2025-06-06 16:07:51,536 INFO  - Already have ACK (at simulation time 218.000,000,000 s)
2025-06-06 16:07:51,541 INFO  - Already have ACK (at simulation time 219.000,000,000 s)
2025-06-06 16:07:51,541 INFO  - Already have ACK (at simulation time 219.000,000,000 s)
2025-06-06 16:07:51,541 INFO  - Already have ACK (at simulation time 219.000,000,000 s)
2025-06-06 16:07:51,541 INFO  - Already have ACK (at simulation time 219.000,000,000 s)
2025-06-06 16:07:51,541 INFO  - Already have ACK (at simulation time 219.000,000,000 s)
2025-06-06 16:07:51,541 INFO  - Already have ACK (at simulation time 219.000,000,000 s)
2025-06-06 16:07:51,541 INFO  - Already have ACK (at simulation time 219.000,000,000 s)
2025-06-06 16:07:51,542 INFO  - Already have ACK (at simulation time 219.000,000,000 s)
2025-06-06 16:07:51,542 INFO  - Already have ACK (at simulation time 219.000,000,000 s)
2025-06-06 16:07:51,542 INFO  - Already have ACK (at simulation time 219.000,000,000 s)
2025-06-06 16:07:51,542 INFO  - Already have ACK (at simulation time 219.000,000,000 s)
2025-06-06 16:07:51,542 INFO  - Already have ACK (at simulation time 219.000,000,000 s)
2025-06-06 16:07:51,542 INFO  - Already have ACK (at simulation time 219.000,000,000 s)
2025-06-06 16:07:51,542 INFO  - Already have ACK (at simulation time 219.000,000,000 s)
2025-06-06 16:07:51,542 INFO  - Already have ACK (at simulation time 219.000,000,000 s)
2025-06-06 16:07:51,542 INFO  - Already have ACK (at simulation time 219.000,000,000 s)
2025-06-06 16:07:51,542 INFO  - Already have ACK (at simulation time 219.000,000,000 s)
2025-06-06 16:07:51,542 INFO  - Already have ACK (at simulation time 219.000,000,000 s)
2025-06-06 16:07:51,542 INFO  - Already have ACK (at simulation time 219.000,000,000 s)
2025-06-06 16:07:51,542 INFO  - Already have ACK (at simulation time 219.000,000,000 s)
2025-06-06 16:07:51,542 INFO  - Already have ACK (at simulation time 219.000,000,000 s)
2025-06-06 16:07:51,543 INFO  - Already have ACK (at simulation time 219.000,000,000 s)
2025-06-06 16:07:51,543 INFO  - Already have ACK (at simulation time 219.000,000,000 s)
2025-06-06 16:07:51,543 INFO  - Already have ACK (at simulation time 219.000,000,000 s)
2025-06-06 16:07:51,543 INFO  - Already have ACK (at simulation time 219.000,000,000 s)
2025-06-06 16:07:51,543 INFO  - Already have ACK (at simulation time 219.000,000,000 s)
2025-06-06 16:07:51,543 INFO  - Already have ACK (at simulation time 219.000,000,000 s)
2025-06-06 16:07:51,543 INFO  - Already have ACK (at simulation time 219.000,000,000 s)
2025-06-06 16:07:51,543 INFO  - Already have ACK (at simulation time 219.000,000,000 s)
2025-06-06 16:07:51,543 INFO  - Already have ACK (at simulation time 219.000,000,000 s)
2025-06-06 16:07:51,543 INFO  - Already have ACK (at simulation time 219.000,000,000 s)
2025-06-06 16:07:51,543 INFO  - Already have ACK (at simulation time 219.000,000,000 s)
2025-06-06 16:07:51,543 INFO  - Already have ACK (at simulation time 219.000,000,000 s)
2025-06-06 16:07:51,543 INFO  - Already have ACK (at simulation time 219.000,000,000 s)
2025-06-06 16:07:51,543 INFO  - Already have ACK (at simulation time 219.000,000,000 s)
2025-06-06 16:07:51,543 INFO  - Already have ACK (at simulation time 219.000,000,000 s)
2025-06-06 16:07:51,543 INFO  - Already have ACK (at simulation time 219.000,000,000 s)
2025-06-06 16:07:51,543 INFO  - Already have ACK (at simulation time 219.000,000,000 s)
2025-06-06 16:07:51,543 INFO  - Already have ACK (at simulation time 219.000,000,000 s)
2025-06-06 16:07:51,548 INFO  - Already have ACK (at simulation time 220.000,000,000 s)
2025-06-06 16:07:51,548 INFO  - Already have ACK (at simulation time 220.000,000,000 s)
2025-06-06 16:07:51,548 INFO  - Already have ACK (at simulation time 220.000,000,000 s)
2025-06-06 16:07:51,548 INFO  - Already have ACK (at simulation time 220.000,000,000 s)
2025-06-06 16:07:51,548 INFO  - Already have ACK (at simulation time 220.000,000,000 s)
2025-06-06 16:07:51,549 INFO  - Already have ACK (at simulation time 220.000,000,000 s)
2025-06-06 16:07:51,549 INFO  - Already have ACK (at simulation time 220.000,000,000 s)
2025-06-06 16:07:51,549 INFO  - Already have ACK (at simulation time 220.000,000,000 s)
2025-06-06 16:07:51,549 INFO  - Already have ACK (at simulation time 220.000,000,000 s)
2025-06-06 16:07:51,549 INFO  - Already have ACK (at simulation time 220.000,000,000 s)
2025-06-06 16:07:51,549 INFO  - Already have ACK (at simulation time 220.000,000,000 s)
2025-06-06 16:07:51,549 INFO  - Already have ACK (at simulation time 220.000,000,000 s)
2025-06-06 16:07:51,549 INFO  - Already have ACK (at simulation time 220.000,000,000 s)
2025-06-06 16:07:51,549 INFO  - Already have ACK (at simulation time 220.000,000,000 s)
2025-06-06 16:07:51,549 INFO  - Already have ACK (at simulation time 220.000,000,000 s)
2025-06-06 16:07:51,549 INFO  - Already have ACK (at simulation time 220.000,000,000 s)
2025-06-06 16:07:51,549 INFO  - Already have ACK (at simulation time 220.000,000,000 s)
2025-06-06 16:07:51,549 INFO  - Already have ACK (at simulation time 220.000,000,000 s)
2025-06-06 16:07:51,549 INFO  - Already have ACK (at simulation time 220.000,000,000 s)
2025-06-06 16:07:51,549 INFO  - Already have ACK (at simulation time 220.000,000,000 s)
2025-06-06 16:07:51,550 INFO  - Already have ACK (at simulation time 220.000,000,000 s)
2025-06-06 16:07:51,550 INFO  - Already have ACK (at simulation time 220.000,000,000 s)
2025-06-06 16:07:51,550 INFO  - Already have ACK (at simulation time 220.000,000,000 s)
2025-06-06 16:07:51,550 INFO  - Already have ACK (at simulation time 220.000,000,000 s)
2025-06-06 16:07:51,550 INFO  - Already have ACK (at simulation time 220.000,000,000 s)
2025-06-06 16:07:51,550 INFO  - Already have ACK (at simulation time 220.000,000,000 s)
2025-06-06 16:07:51,550 INFO  - Already have ACK (at simulation time 220.000,000,000 s)
2025-06-06 16:07:51,550 INFO  - Already have ACK (at simulation time 220.000,000,000 s)
2025-06-06 16:07:51,550 INFO  - Already have ACK (at simulation time 220.000,000,000 s)
2025-06-06 16:07:51,550 INFO  - Already have ACK (at simulation time 220.000,000,000 s)
2025-06-06 16:07:51,550 INFO  - Already have ACK (at simulation time 220.000,000,000 s)
2025-06-06 16:07:51,550 INFO  - Already have ACK (at simulation time 220.000,000,000 s)
2025-06-06 16:07:51,550 INFO  - Already have ACK (at simulation time 220.000,000,000 s)
2025-06-06 16:07:51,550 INFO  - Already have ACK (at simulation time 220.000,000,000 s)
2025-06-06 16:07:51,550 INFO  - Already have ACK (at simulation time 220.000,000,000 s)
2025-06-06 16:07:51,550 INFO  - Already have ACK (at simulation time 220.000,000,000 s)
2025-06-06 16:07:51,550 INFO  - Already have ACK (at simulation time 220.000,000,000 s)
2025-06-06 16:07:51,550 INFO  - Already have ACK (at simulation time 220.000,000,000 s)
2025-06-06 16:07:51,551 INFO  - Already have ACK (at simulation time 220.000,000,000 s)
2025-06-06 16:07:51,551 INFO  - Already have ACK (at simulation time 220.000,000,000 s)
2025-06-06 16:07:51,553 INFO  - Received metrics from FogNode: avgR0=1.4545454545454546, avgR1=2.0 (at simulation time 220.003,300,000 s)
2025-06-06 16:07:51,555 INFO  - Sent periodic GreenWaveMsg: veh_35 on route r_1 (at simulation time 221.000,000,000 s)
2025-06-06 16:07:51,555 INFO  - Already have ACK (at simulation time 221.000,000,000 s)
2025-06-06 16:07:51,555 INFO  - Already have ACK (at simulation time 221.000,000,000 s)
2025-06-06 16:07:51,555 INFO  - Already have ACK (at simulation time 221.000,000,000 s)
2025-06-06 16:07:51,555 INFO  - Already have ACK (at simulation time 221.000,000,000 s)
2025-06-06 16:07:51,555 INFO  - Already have ACK (at simulation time 221.000,000,000 s)
2025-06-06 16:07:51,555 INFO  - Already have ACK (at simulation time 221.000,000,000 s)
2025-06-06 16:07:51,556 INFO  - Already have ACK (at simulation time 221.000,000,000 s)
2025-06-06 16:07:51,556 INFO  - Already have ACK (at simulation time 221.000,000,000 s)
2025-06-06 16:07:51,556 INFO  - Already have ACK (at simulation time 221.000,000,000 s)
2025-06-06 16:07:51,556 INFO  - Already have ACK (at simulation time 221.000,000,000 s)
2025-06-06 16:07:51,556 INFO  - Already have ACK (at simulation time 221.000,000,000 s)
2025-06-06 16:07:51,556 INFO  - Already have ACK (at simulation time 221.000,000,000 s)
2025-06-06 16:07:51,556 INFO  - Already have ACK (at simulation time 221.000,000,000 s)
2025-06-06 16:07:51,556 INFO  - Already have ACK (at simulation time 221.000,000,000 s)
2025-06-06 16:07:51,556 INFO  - Already have ACK (at simulation time 221.000,000,000 s)
2025-06-06 16:07:51,556 INFO  - Already have ACK (at simulation time 221.000,000,000 s)
2025-06-06 16:07:51,556 INFO  - Already have ACK (at simulation time 221.000,000,000 s)
2025-06-06 16:07:51,556 INFO  - Already have ACK (at simulation time 221.000,000,000 s)
2025-06-06 16:07:51,556 INFO  - Already have ACK (at simulation time 221.000,000,000 s)
2025-06-06 16:07:51,556 INFO  - Already have ACK (at simulation time 221.000,000,000 s)
2025-06-06 16:07:51,556 INFO  - Already have ACK (at simulation time 221.000,000,000 s)
2025-06-06 16:07:51,556 INFO  - Already have ACK (at simulation time 221.000,000,000 s)
2025-06-06 16:07:51,557 INFO  - Already have ACK (at simulation time 221.000,000,000 s)
2025-06-06 16:07:51,557 INFO  - Already have ACK (at simulation time 221.000,000,000 s)
2025-06-06 16:07:51,557 INFO  - Already have ACK (at simulation time 221.000,000,000 s)
2025-06-06 16:07:51,557 INFO  - Already have ACK (at simulation time 221.000,000,000 s)
2025-06-06 16:07:51,557 INFO  - Already have ACK (at simulation time 221.000,000,000 s)
2025-06-06 16:07:51,557 INFO  - Already have ACK (at simulation time 221.000,000,000 s)
2025-06-06 16:07:51,557 INFO  - Already have ACK (at simulation time 221.000,000,000 s)
2025-06-06 16:07:51,557 INFO  - Already have ACK (at simulation time 221.000,000,000 s)
2025-06-06 16:07:51,557 INFO  - Already have ACK (at simulation time 221.000,000,000 s)
2025-06-06 16:07:51,557 INFO  - Already have ACK (at simulation time 221.000,000,000 s)
2025-06-06 16:07:51,557 INFO  - Already have ACK (at simulation time 221.000,000,000 s)
2025-06-06 16:07:51,557 INFO  - Already have ACK (at simulation time 221.000,000,000 s)
2025-06-06 16:07:51,557 INFO  - Already have ACK (at simulation time 221.000,000,000 s)
2025-06-06 16:07:51,557 INFO  - Already have ACK (at simulation time 221.000,000,000 s)
2025-06-06 16:07:51,557 INFO  - Already have ACK (at simulation time 221.000,000,000 s)
2025-06-06 16:07:51,557 INFO  - Already have ACK (at simulation time 221.000,000,000 s)
2025-06-06 16:07:51,557 INFO  - Already have ACK (at simulation time 221.000,000,000 s)
2025-06-06 16:07:51,557 INFO  - Already have ACK (at simulation time 221.000,000,000 s)
2025-06-06 16:07:51,557 INFO  - Already have ACK (at simulation time 221.000,000,000 s)
2025-06-06 16:07:51,565 INFO  - Already have ACK (at simulation time 222.000,000,000 s)
2025-06-06 16:07:51,566 INFO  - Already have ACK (at simulation time 222.000,000,000 s)
2025-06-06 16:07:51,566 INFO  - Already have ACK (at simulation time 222.000,000,000 s)
2025-06-06 16:07:51,566 INFO  - Already have ACK (at simulation time 222.000,000,000 s)
2025-06-06 16:07:51,566 INFO  - Already have ACK (at simulation time 222.000,000,000 s)
2025-06-06 16:07:51,566 INFO  - Already have ACK (at simulation time 222.000,000,000 s)
2025-06-06 16:07:51,566 INFO  - Already have ACK (at simulation time 222.000,000,000 s)
2025-06-06 16:07:51,566 INFO  - Already have ACK (at simulation time 222.000,000,000 s)
2025-06-06 16:07:51,566 INFO  - Already have ACK (at simulation time 222.000,000,000 s)
2025-06-06 16:07:51,566 INFO  - Already have ACK (at simulation time 222.000,000,000 s)
2025-06-06 16:07:51,566 INFO  - Already have ACK (at simulation time 222.000,000,000 s)
2025-06-06 16:07:51,567 INFO  - Already have ACK (at simulation time 222.000,000,000 s)
2025-06-06 16:07:51,567 INFO  - Already have ACK (at simulation time 222.000,000,000 s)
2025-06-06 16:07:51,567 INFO  - Already have ACK (at simulation time 222.000,000,000 s)
2025-06-06 16:07:51,567 INFO  - Already have ACK (at simulation time 222.000,000,000 s)
2025-06-06 16:07:51,567 INFO  - Already have ACK (at simulation time 222.000,000,000 s)
2025-06-06 16:07:51,567 INFO  - Already have ACK (at simulation time 222.000,000,000 s)
2025-06-06 16:07:51,567 INFO  - Already have ACK (at simulation time 222.000,000,000 s)
2025-06-06 16:07:51,567 INFO  - Already have ACK (at simulation time 222.000,000,000 s)
2025-06-06 16:07:51,567 INFO  - Already have ACK (at simulation time 222.000,000,000 s)
2025-06-06 16:07:51,567 INFO  - Already have ACK (at simulation time 222.000,000,000 s)
2025-06-06 16:07:51,567 INFO  - Already have ACK (at simulation time 222.000,000,000 s)
2025-06-06 16:07:51,567 INFO  - Already have ACK (at simulation time 222.000,000,000 s)
2025-06-06 16:07:51,567 INFO  - Already have ACK (at simulation time 222.000,000,000 s)
2025-06-06 16:07:51,568 INFO  - Already have ACK (at simulation time 222.000,000,000 s)
2025-06-06 16:07:51,568 INFO  - Already have ACK (at simulation time 222.000,000,000 s)
2025-06-06 16:07:51,568 INFO  - Already have ACK (at simulation time 222.000,000,000 s)
2025-06-06 16:07:51,568 INFO  - Already have ACK (at simulation time 222.000,000,000 s)
2025-06-06 16:07:51,568 INFO  - Already have ACK (at simulation time 222.000,000,000 s)
2025-06-06 16:07:51,568 INFO  - Already have ACK (at simulation time 222.000,000,000 s)
2025-06-06 16:07:51,568 INFO  - Already have ACK (at simulation time 222.000,000,000 s)
2025-06-06 16:07:51,568 INFO  - Already have ACK (at simulation time 222.000,000,000 s)
2025-06-06 16:07:51,568 INFO  - Already have ACK (at simulation time 222.000,000,000 s)
2025-06-06 16:07:51,568 INFO  - Already have ACK (at simulation time 222.000,000,000 s)
2025-06-06 16:07:51,568 INFO  - Already have ACK (at simulation time 222.000,000,000 s)
2025-06-06 16:07:51,568 INFO  - Already have ACK (at simulation time 222.000,000,000 s)
2025-06-06 16:07:51,568 INFO  - Already have ACK (at simulation time 222.000,000,000 s)
2025-06-06 16:07:51,568 INFO  - Already have ACK (at simulation time 222.000,000,000 s)
2025-06-06 16:07:51,569 INFO  - Already have ACK (at simulation time 222.000,000,000 s)
2025-06-06 16:07:51,569 INFO  - Already have ACK (at simulation time 222.000,000,000 s)
2025-06-06 16:07:51,569 INFO  - Already have ACK (at simulation time 222.000,000,000 s)
2025-06-06 16:07:51,569 INFO  - Already have ACK (at simulation time 222.000,000,000 s)
2025-06-06 16:07:51,574 INFO  - Already have ACK (at simulation time 223.000,000,000 s)
2025-06-06 16:07:51,574 INFO  - Already have ACK (at simulation time 223.000,000,000 s)
2025-06-06 16:07:51,574 INFO  - Already have ACK (at simulation time 223.000,000,000 s)
2025-06-06 16:07:51,574 INFO  - Already have ACK (at simulation time 223.000,000,000 s)
2025-06-06 16:07:51,575 INFO  - Already have ACK (at simulation time 223.000,000,000 s)
2025-06-06 16:07:51,575 INFO  - Already have ACK (at simulation time 223.000,000,000 s)
2025-06-06 16:07:51,575 INFO  - Already have ACK (at simulation time 223.000,000,000 s)
2025-06-06 16:07:51,575 INFO  - Already have ACK (at simulation time 223.000,000,000 s)
2025-06-06 16:07:51,575 INFO  - Already have ACK (at simulation time 223.000,000,000 s)
2025-06-06 16:07:51,575 INFO  - Already have ACK (at simulation time 223.000,000,000 s)
2025-06-06 16:07:51,575 INFO  - Already have ACK (at simulation time 223.000,000,000 s)
2025-06-06 16:07:51,575 INFO  - Already have ACK (at simulation time 223.000,000,000 s)
2025-06-06 16:07:51,575 INFO  - Already have ACK (at simulation time 223.000,000,000 s)
2025-06-06 16:07:51,575 INFO  - Already have ACK (at simulation time 223.000,000,000 s)
2025-06-06 16:07:51,576 INFO  - Already have ACK (at simulation time 223.000,000,000 s)
2025-06-06 16:07:51,576 INFO  - Already have ACK (at simulation time 223.000,000,000 s)
2025-06-06 16:07:51,576 INFO  - Already have ACK (at simulation time 223.000,000,000 s)
2025-06-06 16:07:51,576 INFO  - Already have ACK (at simulation time 223.000,000,000 s)
2025-06-06 16:07:51,576 INFO  - Already have ACK (at simulation time 223.000,000,000 s)
2025-06-06 16:07:51,576 INFO  - Already have ACK (at simulation time 223.000,000,000 s)
2025-06-06 16:07:51,576 INFO  - Already have ACK (at simulation time 223.000,000,000 s)
2025-06-06 16:07:51,576 INFO  - Already have ACK (at simulation time 223.000,000,000 s)
2025-06-06 16:07:51,576 INFO  - Already have ACK (at simulation time 223.000,000,000 s)
2025-06-06 16:07:51,576 INFO  - Already have ACK (at simulation time 223.000,000,000 s)
2025-06-06 16:07:51,576 INFO  - Already have ACK (at simulation time 223.000,000,000 s)
2025-06-06 16:07:51,576 INFO  - Already have ACK (at simulation time 223.000,000,000 s)
2025-06-06 16:07:51,577 INFO  - Already have ACK (at simulation time 223.000,000,000 s)
2025-06-06 16:07:51,577 INFO  - Already have ACK (at simulation time 223.000,000,000 s)
2025-06-06 16:07:51,577 INFO  - Already have ACK (at simulation time 223.000,000,000 s)
2025-06-06 16:07:51,577 INFO  - Already have ACK (at simulation time 223.000,000,000 s)
2025-06-06 16:07:51,577 INFO  - Already have ACK (at simulation time 223.000,000,000 s)
2025-06-06 16:07:51,577 INFO  - Already have ACK (at simulation time 223.000,000,000 s)
2025-06-06 16:07:51,577 INFO  - Already have ACK (at simulation time 223.000,000,000 s)
2025-06-06 16:07:51,577 INFO  - Already have ACK (at simulation time 223.000,000,000 s)
2025-06-06 16:07:51,577 INFO  - Already have ACK (at simulation time 223.000,000,000 s)
2025-06-06 16:07:51,577 INFO  - Already have ACK (at simulation time 223.000,000,000 s)
2025-06-06 16:07:51,577 INFO  - Already have ACK (at simulation time 223.000,000,000 s)
2025-06-06 16:07:51,577 INFO  - Already have ACK (at simulation time 223.000,000,000 s)
2025-06-06 16:07:51,577 INFO  - Already have ACK (at simulation time 223.000,000,000 s)
2025-06-06 16:07:51,577 INFO  - Already have ACK (at simulation time 223.000,000,000 s)
2025-06-06 16:07:51,578 INFO  - Already have ACK (at simulation time 223.000,000,000 s)
2025-06-06 16:07:51,578 INFO  - Already have ACK (at simulation time 223.000,000,000 s)
2025-06-06 16:07:51,578 INFO  - Already have ACK (at simulation time 223.000,000,000 s)
2025-06-06 16:07:51,582 INFO  - Already have ACK (at simulation time 224.000,000,000 s)
2025-06-06 16:07:51,582 INFO  - Already have ACK (at simulation time 224.000,000,000 s)
2025-06-06 16:07:51,582 INFO  - Already have ACK (at simulation time 224.000,000,000 s)
2025-06-06 16:07:51,582 INFO  - Already have ACK (at simulation time 224.000,000,000 s)
2025-06-06 16:07:51,583 INFO  - Already have ACK (at simulation time 224.000,000,000 s)
2025-06-06 16:07:51,583 INFO  - Already have ACK (at simulation time 224.000,000,000 s)
2025-06-06 16:07:51,583 INFO  - Already have ACK (at simulation time 224.000,000,000 s)
2025-06-06 16:07:51,583 INFO  - Already have ACK (at simulation time 224.000,000,000 s)
2025-06-06 16:07:51,583 INFO  - Already have ACK (at simulation time 224.000,000,000 s)
2025-06-06 16:07:51,583 INFO  - Already have ACK (at simulation time 224.000,000,000 s)
2025-06-06 16:07:51,583 INFO  - Already have ACK (at simulation time 224.000,000,000 s)
2025-06-06 16:07:51,583 INFO  - Already have ACK (at simulation time 224.000,000,000 s)
2025-06-06 16:07:51,583 INFO  - Already have ACK (at simulation time 224.000,000,000 s)
2025-06-06 16:07:51,584 INFO  - Already have ACK (at simulation time 224.000,000,000 s)
2025-06-06 16:07:51,584 INFO  - Already have ACK (at simulation time 224.000,000,000 s)
2025-06-06 16:07:51,584 INFO  - Already have ACK (at simulation time 224.000,000,000 s)
2025-06-06 16:07:51,584 INFO  - Already have ACK (at simulation time 224.000,000,000 s)
2025-06-06 16:07:51,584 INFO  - Already have ACK (at simulation time 224.000,000,000 s)
2025-06-06 16:07:51,584 INFO  - Already have ACK (at simulation time 224.000,000,000 s)
2025-06-06 16:07:51,584 INFO  - Already have ACK (at simulation time 224.000,000,000 s)
2025-06-06 16:07:51,584 INFO  - Already have ACK (at simulation time 224.000,000,000 s)
2025-06-06 16:07:51,584 INFO  - Already have ACK (at simulation time 224.000,000,000 s)
2025-06-06 16:07:51,584 INFO  - Already have ACK (at simulation time 224.000,000,000 s)
2025-06-06 16:07:51,584 INFO  - Already have ACK (at simulation time 224.000,000,000 s)
2025-06-06 16:07:51,585 INFO  - Already have ACK (at simulation time 224.000,000,000 s)
2025-06-06 16:07:51,585 INFO  - Already have ACK (at simulation time 224.000,000,000 s)
2025-06-06 16:07:51,585 INFO  - Already have ACK (at simulation time 224.000,000,000 s)
2025-06-06 16:07:51,585 INFO  - Already have ACK (at simulation time 224.000,000,000 s)
2025-06-06 16:07:51,585 INFO  - Already have ACK (at simulation time 224.000,000,000 s)
2025-06-06 16:07:51,585 INFO  - Already have ACK (at simulation time 224.000,000,000 s)
2025-06-06 16:07:51,585 INFO  - Already have ACK (at simulation time 224.000,000,000 s)
2025-06-06 16:07:51,585 INFO  - Already have ACK (at simulation time 224.000,000,000 s)
2025-06-06 16:07:51,585 INFO  - Already have ACK (at simulation time 224.000,000,000 s)
2025-06-06 16:07:51,585 INFO  - Already have ACK (at simulation time 224.000,000,000 s)
2025-06-06 16:07:51,585 INFO  - Already have ACK (at simulation time 224.000,000,000 s)
2025-06-06 16:07:51,585 INFO  - Already have ACK (at simulation time 224.000,000,000 s)
2025-06-06 16:07:51,586 INFO  - Already have ACK (at simulation time 224.000,000,000 s)
2025-06-06 16:07:51,586 INFO  - Already have ACK (at simulation time 224.000,000,000 s)
2025-06-06 16:07:51,586 INFO  - Already have ACK (at simulation time 224.000,000,000 s)
2025-06-06 16:07:51,586 INFO  - Already have ACK (at simulation time 224.000,000,000 s)
2025-06-06 16:07:51,586 INFO  - Already have ACK (at simulation time 224.000,000,000 s)
2025-06-06 16:07:51,586 INFO  - Already have ACK (at simulation time 224.000,000,000 s)
2025-06-06 16:07:51,586 INFO  - Already have ACK (at simulation time 224.000,000,000 s)
2025-06-06 16:07:51,586 INFO  - Already have ACK (at simulation time 224.000,000,000 s)
2025-06-06 16:07:51,591 INFO  - Already have ACK (at simulation time 225.000,000,000 s)
2025-06-06 16:07:51,591 INFO  - Already have ACK (at simulation time 225.000,000,000 s)
2025-06-06 16:07:51,591 INFO  - Already have ACK (at simulation time 225.000,000,000 s)
2025-06-06 16:07:51,591 INFO  - Already have ACK (at simulation time 225.000,000,000 s)
2025-06-06 16:07:51,591 INFO  - Already have ACK (at simulation time 225.000,000,000 s)
2025-06-06 16:07:51,591 INFO  - Already have ACK (at simulation time 225.000,000,000 s)
2025-06-06 16:07:51,591 INFO  - Already have ACK (at simulation time 225.000,000,000 s)
2025-06-06 16:07:51,591 INFO  - Already have ACK (at simulation time 225.000,000,000 s)
2025-06-06 16:07:51,591 INFO  - Already have ACK (at simulation time 225.000,000,000 s)
2025-06-06 16:07:51,592 INFO  - Already have ACK (at simulation time 225.000,000,000 s)
2025-06-06 16:07:51,592 INFO  - Already have ACK (at simulation time 225.000,000,000 s)
2025-06-06 16:07:51,592 INFO  - Already have ACK (at simulation time 225.000,000,000 s)
2025-06-06 16:07:51,592 INFO  - Already have ACK (at simulation time 225.000,000,000 s)
2025-06-06 16:07:51,592 INFO  - Already have ACK (at simulation time 225.000,000,000 s)
2025-06-06 16:07:51,592 INFO  - Already have ACK (at simulation time 225.000,000,000 s)
2025-06-06 16:07:51,592 INFO  - Already have ACK (at simulation time 225.000,000,000 s)
2025-06-06 16:07:51,592 INFO  - Already have ACK (at simulation time 225.000,000,000 s)
2025-06-06 16:07:51,592 INFO  - Already have ACK (at simulation time 225.000,000,000 s)
2025-06-06 16:07:51,592 INFO  - Already have ACK (at simulation time 225.000,000,000 s)
2025-06-06 16:07:51,592 INFO  - Already have ACK (at simulation time 225.000,000,000 s)
2025-06-06 16:07:51,592 INFO  - Already have ACK (at simulation time 225.000,000,000 s)
2025-06-06 16:07:51,592 INFO  - Already have ACK (at simulation time 225.000,000,000 s)
2025-06-06 16:07:51,592 INFO  - Already have ACK (at simulation time 225.000,000,000 s)
2025-06-06 16:07:51,593 INFO  - Already have ACK (at simulation time 225.000,000,000 s)
2025-06-06 16:07:51,593 INFO  - Already have ACK (at simulation time 225.000,000,000 s)
2025-06-06 16:07:51,593 INFO  - Already have ACK (at simulation time 225.000,000,000 s)
2025-06-06 16:07:51,593 INFO  - Already have ACK (at simulation time 225.000,000,000 s)
2025-06-06 16:07:51,593 INFO  - Already have ACK (at simulation time 225.000,000,000 s)
2025-06-06 16:07:51,593 INFO  - Already have ACK (at simulation time 225.000,000,000 s)
2025-06-06 16:07:51,593 INFO  - Already have ACK (at simulation time 225.000,000,000 s)
2025-06-06 16:07:51,593 INFO  - Already have ACK (at simulation time 225.000,000,000 s)
2025-06-06 16:07:51,593 INFO  - Already have ACK (at simulation time 225.000,000,000 s)
2025-06-06 16:07:51,593 INFO  - Already have ACK (at simulation time 225.000,000,000 s)
2025-06-06 16:07:51,593 INFO  - Already have ACK (at simulation time 225.000,000,000 s)
2025-06-06 16:07:51,593 INFO  - Already have ACK (at simulation time 225.000,000,000 s)
2025-06-06 16:07:51,593 INFO  - Already have ACK (at simulation time 225.000,000,000 s)
2025-06-06 16:07:51,593 INFO  - Already have ACK (at simulation time 225.000,000,000 s)
2025-06-06 16:07:51,594 INFO  - Already have ACK (at simulation time 225.000,000,000 s)
2025-06-06 16:07:51,594 INFO  - Already have ACK (at simulation time 225.000,000,000 s)
2025-06-06 16:07:51,594 INFO  - Already have ACK (at simulation time 225.000,000,000 s)
2025-06-06 16:07:51,594 INFO  - Already have ACK (at simulation time 225.000,000,000 s)
2025-06-06 16:07:51,594 INFO  - Already have ACK (at simulation time 225.000,000,000 s)
2025-06-06 16:07:51,594 INFO  - Already have ACK (at simulation time 225.000,000,000 s)
2025-06-06 16:07:51,594 INFO  - Already have ACK (at simulation time 225.000,000,000 s)
2025-06-06 16:07:51,594 INFO  - Already have ACK (at simulation time 225.000,000,000 s)
2025-06-06 16:07:51,598 INFO  - Sent periodic GreenWaveMsg: veh_35 on route r_1 (at simulation time 226.000,000,000 s)
2025-06-06 16:07:51,598 INFO  - Already have ACK (at simulation time 226.000,000,000 s)
2025-06-06 16:07:51,598 INFO  - Already have ACK (at simulation time 226.000,000,000 s)
2025-06-06 16:07:51,598 INFO  - Already have ACK (at simulation time 226.000,000,000 s)
2025-06-06 16:07:51,599 INFO  - Already have ACK (at simulation time 226.000,000,000 s)
2025-06-06 16:07:51,599 INFO  - Already have ACK (at simulation time 226.000,000,000 s)
2025-06-06 16:07:51,599 INFO  - Already have ACK (at simulation time 226.000,000,000 s)
2025-06-06 16:07:51,599 INFO  - Already have ACK (at simulation time 226.000,000,000 s)
2025-06-06 16:07:51,599 INFO  - Already have ACK (at simulation time 226.000,000,000 s)
2025-06-06 16:07:51,599 INFO  - Already have ACK (at simulation time 226.000,000,000 s)
2025-06-06 16:07:51,599 INFO  - Already have ACK (at simulation time 226.000,000,000 s)
2025-06-06 16:07:51,599 INFO  - Already have ACK (at simulation time 226.000,000,000 s)
2025-06-06 16:07:51,599 INFO  - Already have ACK (at simulation time 226.000,000,000 s)
2025-06-06 16:07:51,599 INFO  - Already have ACK (at simulation time 226.000,000,000 s)
2025-06-06 16:07:51,599 INFO  - Already have ACK (at simulation time 226.000,000,000 s)
2025-06-06 16:07:51,599 INFO  - Already have ACK (at simulation time 226.000,000,000 s)
2025-06-06 16:07:51,600 INFO  - Already have ACK (at simulation time 226.000,000,000 s)
2025-06-06 16:07:51,600 INFO  - Already have ACK (at simulation time 226.000,000,000 s)
2025-06-06 16:07:51,600 INFO  - Already have ACK (at simulation time 226.000,000,000 s)
2025-06-06 16:07:51,600 INFO  - Already have ACK (at simulation time 226.000,000,000 s)
2025-06-06 16:07:51,600 INFO  - Already have ACK (at simulation time 226.000,000,000 s)
2025-06-06 16:07:51,600 INFO  - Already have ACK (at simulation time 226.000,000,000 s)
2025-06-06 16:07:51,600 INFO  - Already have ACK (at simulation time 226.000,000,000 s)
2025-06-06 16:07:51,600 INFO  - Already have ACK (at simulation time 226.000,000,000 s)
2025-06-06 16:07:51,600 INFO  - Already have ACK (at simulation time 226.000,000,000 s)
2025-06-06 16:07:51,600 INFO  - Already have ACK (at simulation time 226.000,000,000 s)
2025-06-06 16:07:51,600 INFO  - Already have ACK (at simulation time 226.000,000,000 s)
2025-06-06 16:07:51,600 INFO  - Already have ACK (at simulation time 226.000,000,000 s)
2025-06-06 16:07:51,600 INFO  - Already have ACK (at simulation time 226.000,000,000 s)
2025-06-06 16:07:51,600 INFO  - Already have ACK (at simulation time 226.000,000,000 s)
2025-06-06 16:07:51,600 INFO  - Already have ACK (at simulation time 226.000,000,000 s)
2025-06-06 16:07:51,601 INFO  - Already have ACK (at simulation time 226.000,000,000 s)
2025-06-06 16:07:51,601 INFO  - Already have ACK (at simulation time 226.000,000,000 s)
2025-06-06 16:07:51,601 INFO  - Already have ACK (at simulation time 226.000,000,000 s)
2025-06-06 16:07:51,601 INFO  - Already have ACK (at simulation time 226.000,000,000 s)
2025-06-06 16:07:51,601 INFO  - Already have ACK (at simulation time 226.000,000,000 s)
2025-06-06 16:07:51,601 INFO  - Already have ACK (at simulation time 226.000,000,000 s)
2025-06-06 16:07:51,601 INFO  - Already have ACK (at simulation time 226.000,000,000 s)
2025-06-06 16:07:51,601 INFO  - Already have ACK (at simulation time 226.000,000,000 s)
2025-06-06 16:07:51,601 INFO  - Already have ACK (at simulation time 226.000,000,000 s)
2025-06-06 16:07:51,601 INFO  - Already have ACK (at simulation time 226.000,000,000 s)
2025-06-06 16:07:51,601 INFO  - Already have ACK (at simulation time 226.000,000,000 s)
2025-06-06 16:07:51,601 INFO  - Already have ACK (at simulation time 226.000,000,000 s)
2025-06-06 16:07:51,601 INFO  - Already have ACK (at simulation time 226.000,000,000 s)
2025-06-06 16:07:51,601 INFO  - Already have ACK (at simulation time 226.000,000,000 s)
2025-06-06 16:07:51,601 INFO  - Already have ACK (at simulation time 226.000,000,000 s)
2025-06-06 16:07:51,601 INFO  - Already have ACK (at simulation time 226.000,000,000 s)
2025-06-06 16:07:51,607 INFO  - Already have ACK (at simulation time 227.000,000,000 s)
2025-06-06 16:07:51,607 INFO  - Already have ACK (at simulation time 227.000,000,000 s)
2025-06-06 16:07:51,607 INFO  - Already have ACK (at simulation time 227.000,000,000 s)
2025-06-06 16:07:51,607 INFO  - Already have ACK (at simulation time 227.000,000,000 s)
2025-06-06 16:07:51,608 INFO  - Already have ACK (at simulation time 227.000,000,000 s)
2025-06-06 16:07:51,608 INFO  - Already have ACK (at simulation time 227.000,000,000 s)
2025-06-06 16:07:51,608 INFO  - Already have ACK (at simulation time 227.000,000,000 s)
2025-06-06 16:07:51,608 INFO  - Already have ACK (at simulation time 227.000,000,000 s)
2025-06-06 16:07:51,608 INFO  - Already have ACK (at simulation time 227.000,000,000 s)
2025-06-06 16:07:51,608 INFO  - Already have ACK (at simulation time 227.000,000,000 s)
2025-06-06 16:07:51,608 INFO  - Already have ACK (at simulation time 227.000,000,000 s)
2025-06-06 16:07:51,608 INFO  - Already have ACK (at simulation time 227.000,000,000 s)
2025-06-06 16:07:51,608 INFO  - Already have ACK (at simulation time 227.000,000,000 s)
2025-06-06 16:07:51,608 INFO  - Already have ACK (at simulation time 227.000,000,000 s)
2025-06-06 16:07:51,608 INFO  - Already have ACK (at simulation time 227.000,000,000 s)
2025-06-06 16:07:51,608 INFO  - Already have ACK (at simulation time 227.000,000,000 s)
2025-06-06 16:07:51,609 INFO  - Already have ACK (at simulation time 227.000,000,000 s)
2025-06-06 16:07:51,609 INFO  - Already have ACK (at simulation time 227.000,000,000 s)
2025-06-06 16:07:51,609 INFO  - Already have ACK (at simulation time 227.000,000,000 s)
2025-06-06 16:07:51,609 INFO  - Already have ACK (at simulation time 227.000,000,000 s)
2025-06-06 16:07:51,609 INFO  - Already have ACK (at simulation time 227.000,000,000 s)
2025-06-06 16:07:51,609 INFO  - Already have ACK (at simulation time 227.000,000,000 s)
2025-06-06 16:07:51,609 INFO  - Already have ACK (at simulation time 227.000,000,000 s)
2025-06-06 16:07:51,609 INFO  - Already have ACK (at simulation time 227.000,000,000 s)
2025-06-06 16:07:51,609 INFO  - Already have ACK (at simulation time 227.000,000,000 s)
2025-06-06 16:07:51,609 INFO  - Already have ACK (at simulation time 227.000,000,000 s)
2025-06-06 16:07:51,609 INFO  - Already have ACK (at simulation time 227.000,000,000 s)
2025-06-06 16:07:51,609 INFO  - Already have ACK (at simulation time 227.000,000,000 s)
2025-06-06 16:07:51,609 INFO  - Already have ACK (at simulation time 227.000,000,000 s)
2025-06-06 16:07:51,609 INFO  - Already have ACK (at simulation time 227.000,000,000 s)
2025-06-06 16:07:51,609 INFO  - Already have ACK (at simulation time 227.000,000,000 s)
2025-06-06 16:07:51,609 INFO  - Already have ACK (at simulation time 227.000,000,000 s)
2025-06-06 16:07:51,610 INFO  - Already have ACK (at simulation time 227.000,000,000 s)
2025-06-06 16:07:51,610 INFO  - Already have ACK (at simulation time 227.000,000,000 s)
2025-06-06 16:07:51,610 INFO  - Already have ACK (at simulation time 227.000,000,000 s)
2025-06-06 16:07:51,610 INFO  - Already have ACK (at simulation time 227.000,000,000 s)
2025-06-06 16:07:51,610 INFO  - Already have ACK (at simulation time 227.000,000,000 s)
2025-06-06 16:07:51,610 INFO  - Already have ACK (at simulation time 227.000,000,000 s)
2025-06-06 16:07:51,610 INFO  - Already have ACK (at simulation time 227.000,000,000 s)
2025-06-06 16:07:51,610 INFO  - Already have ACK (at simulation time 227.000,000,000 s)
2025-06-06 16:07:51,610 INFO  - Already have ACK (at simulation time 227.000,000,000 s)
2025-06-06 16:07:51,610 INFO  - Already have ACK (at simulation time 227.000,000,000 s)
2025-06-06 16:07:51,610 INFO  - Already have ACK (at simulation time 227.000,000,000 s)
2025-06-06 16:07:51,610 INFO  - Already have ACK (at simulation time 227.000,000,000 s)
2025-06-06 16:07:51,610 INFO  - Already have ACK (at simulation time 227.000,000,000 s)
2025-06-06 16:07:51,610 INFO  - Already have ACK (at simulation time 227.000,000,000 s)
2025-06-06 16:07:51,610 INFO  - Already have ACK (at simulation time 227.000,000,000 s)
2025-06-06 16:07:51,613 INFO  - Already have ACK (at simulation time 228.000,000,000 s)
2025-06-06 16:07:51,614 INFO  - Already have ACK (at simulation time 228.000,000,000 s)
2025-06-06 16:07:51,614 INFO  - Already have ACK (at simulation time 228.000,000,000 s)
2025-06-06 16:07:51,614 INFO  - Already have ACK (at simulation time 228.000,000,000 s)
2025-06-06 16:07:51,614 INFO  - Already have ACK (at simulation time 228.000,000,000 s)
2025-06-06 16:07:51,614 INFO  - Already have ACK (at simulation time 228.000,000,000 s)
2025-06-06 16:07:51,614 INFO  - Already have ACK (at simulation time 228.000,000,000 s)
2025-06-06 16:07:51,614 INFO  - Already have ACK (at simulation time 228.000,000,000 s)
2025-06-06 16:07:51,614 INFO  - Already have ACK (at simulation time 228.000,000,000 s)
2025-06-06 16:07:51,614 INFO  - Already have ACK (at simulation time 228.000,000,000 s)
2025-06-06 16:07:51,614 INFO  - Already have ACK (at simulation time 228.000,000,000 s)
2025-06-06 16:07:51,614 INFO  - Already have ACK (at simulation time 228.000,000,000 s)
2025-06-06 16:07:51,614 INFO  - Already have ACK (at simulation time 228.000,000,000 s)
2025-06-06 16:07:51,614 INFO  - Already have ACK (at simulation time 228.000,000,000 s)
2025-06-06 16:07:51,615 INFO  - Already have ACK (at simulation time 228.000,000,000 s)
2025-06-06 16:07:51,615 INFO  - Already have ACK (at simulation time 228.000,000,000 s)
2025-06-06 16:07:51,615 INFO  - Already have ACK (at simulation time 228.000,000,000 s)
2025-06-06 16:07:51,615 INFO  - Already have ACK (at simulation time 228.000,000,000 s)
2025-06-06 16:07:51,615 INFO  - Already have ACK (at simulation time 228.000,000,000 s)
2025-06-06 16:07:51,615 INFO  - Already have ACK (at simulation time 228.000,000,000 s)
2025-06-06 16:07:51,615 INFO  - Already have ACK (at simulation time 228.000,000,000 s)
2025-06-06 16:07:51,615 INFO  - Already have ACK (at simulation time 228.000,000,000 s)
2025-06-06 16:07:51,615 INFO  - Already have ACK (at simulation time 228.000,000,000 s)
2025-06-06 16:07:51,615 INFO  - Already have ACK (at simulation time 228.000,000,000 s)
2025-06-06 16:07:51,615 INFO  - Already have ACK (at simulation time 228.000,000,000 s)
2025-06-06 16:07:51,615 INFO  - Already have ACK (at simulation time 228.000,000,000 s)
2025-06-06 16:07:51,615 INFO  - Already have ACK (at simulation time 228.000,000,000 s)
2025-06-06 16:07:51,615 INFO  - Already have ACK (at simulation time 228.000,000,000 s)
2025-06-06 16:07:51,615 INFO  - Already have ACK (at simulation time 228.000,000,000 s)
2025-06-06 16:07:51,615 INFO  - Already have ACK (at simulation time 228.000,000,000 s)
2025-06-06 16:07:51,615 INFO  - Already have ACK (at simulation time 228.000,000,000 s)
2025-06-06 16:07:51,616 INFO  - Already have ACK (at simulation time 228.000,000,000 s)
2025-06-06 16:07:51,616 INFO  - Already have ACK (at simulation time 228.000,000,000 s)
2025-06-06 16:07:51,616 INFO  - Already have ACK (at simulation time 228.000,000,000 s)
2025-06-06 16:07:51,616 INFO  - Already have ACK (at simulation time 228.000,000,000 s)
2025-06-06 16:07:51,616 INFO  - Already have ACK (at simulation time 228.000,000,000 s)
2025-06-06 16:07:51,616 INFO  - Already have ACK (at simulation time 228.000,000,000 s)
2025-06-06 16:07:51,616 INFO  - Already have ACK (at simulation time 228.000,000,000 s)
2025-06-06 16:07:51,616 INFO  - Already have ACK (at simulation time 228.000,000,000 s)
2025-06-06 16:07:51,616 INFO  - Already have ACK (at simulation time 228.000,000,000 s)
2025-06-06 16:07:51,616 INFO  - Already have ACK (at simulation time 228.000,000,000 s)
2025-06-06 16:07:51,616 INFO  - Already have ACK (at simulation time 228.000,000,000 s)
2025-06-06 16:07:51,616 INFO  - Already have ACK (at simulation time 228.000,000,000 s)
2025-06-06 16:07:51,616 INFO  - Already have ACK (at simulation time 228.000,000,000 s)
2025-06-06 16:07:51,616 INFO  - Already have ACK (at simulation time 228.000,000,000 s)
2025-06-06 16:07:51,616 INFO  - Already have ACK (at simulation time 228.000,000,000 s)
2025-06-06 16:07:51,616 INFO  - Already have ACK (at simulation time 228.000,000,000 s)
2025-06-06 16:07:51,616 INFO  - Already have ACK (at simulation time 228.000,000,000 s)
2025-06-06 16:07:51,619 INFO  - Already have ACK (at simulation time 229.000,000,000 s)
2025-06-06 16:07:51,619 INFO  - Already have ACK (at simulation time 229.000,000,000 s)
2025-06-06 16:07:51,619 INFO  - Already have ACK (at simulation time 229.000,000,000 s)
2025-06-06 16:07:51,619 INFO  - Already have ACK (at simulation time 229.000,000,000 s)
2025-06-06 16:07:51,620 INFO  - Already have ACK (at simulation time 229.000,000,000 s)
2025-06-06 16:07:51,620 INFO  - Already have ACK (at simulation time 229.000,000,000 s)
2025-06-06 16:07:51,620 INFO  - Already have ACK (at simulation time 229.000,000,000 s)
2025-06-06 16:07:51,620 INFO  - Already have ACK (at simulation time 229.000,000,000 s)
2025-06-06 16:07:51,620 INFO  - Already have ACK (at simulation time 229.000,000,000 s)
2025-06-06 16:07:51,620 INFO  - Already have ACK (at simulation time 229.000,000,000 s)
2025-06-06 16:07:51,620 INFO  - Already have ACK (at simulation time 229.000,000,000 s)
2025-06-06 16:07:51,620 INFO  - Already have ACK (at simulation time 229.000,000,000 s)
2025-06-06 16:07:51,620 INFO  - Already have ACK (at simulation time 229.000,000,000 s)
2025-06-06 16:07:51,620 INFO  - Already have ACK (at simulation time 229.000,000,000 s)
2025-06-06 16:07:51,620 INFO  - Already have ACK (at simulation time 229.000,000,000 s)
2025-06-06 16:07:51,620 INFO  - Already have ACK (at simulation time 229.000,000,000 s)
2025-06-06 16:07:51,620 INFO  - Already have ACK (at simulation time 229.000,000,000 s)
2025-06-06 16:07:51,620 INFO  - Already have ACK (at simulation time 229.000,000,000 s)
2025-06-06 16:07:51,620 INFO  - Already have ACK (at simulation time 229.000,000,000 s)
2025-06-06 16:07:51,621 INFO  - Already have ACK (at simulation time 229.000,000,000 s)
2025-06-06 16:07:51,621 INFO  - Already have ACK (at simulation time 229.000,000,000 s)
2025-06-06 16:07:51,621 INFO  - Already have ACK (at simulation time 229.000,000,000 s)
2025-06-06 16:07:51,621 INFO  - Already have ACK (at simulation time 229.000,000,000 s)
2025-06-06 16:07:51,621 INFO  - Already have ACK (at simulation time 229.000,000,000 s)
2025-06-06 16:07:51,621 INFO  - Already have ACK (at simulation time 229.000,000,000 s)
2025-06-06 16:07:51,621 INFO  - Already have ACK (at simulation time 229.000,000,000 s)
2025-06-06 16:07:51,621 INFO  - Already have ACK (at simulation time 229.000,000,000 s)
2025-06-06 16:07:51,621 INFO  - Already have ACK (at simulation time 229.000,000,000 s)
2025-06-06 16:07:51,621 INFO  - Already have ACK (at simulation time 229.000,000,000 s)
2025-06-06 16:07:51,621 INFO  - Already have ACK (at simulation time 229.000,000,000 s)
2025-06-06 16:07:51,621 INFO  - Already have ACK (at simulation time 229.000,000,000 s)
2025-06-06 16:07:51,621 INFO  - Already have ACK (at simulation time 229.000,000,000 s)
2025-06-06 16:07:51,621 INFO  - Already have ACK (at simulation time 229.000,000,000 s)
2025-06-06 16:07:51,621 INFO  - Already have ACK (at simulation time 229.000,000,000 s)
2025-06-06 16:07:51,621 INFO  - Already have ACK (at simulation time 229.000,000,000 s)
2025-06-06 16:07:51,621 INFO  - Already have ACK (at simulation time 229.000,000,000 s)
2025-06-06 16:07:51,622 INFO  - Already have ACK (at simulation time 229.000,000,000 s)
2025-06-06 16:07:51,622 INFO  - Already have ACK (at simulation time 229.000,000,000 s)
2025-06-06 16:07:51,622 INFO  - Already have ACK (at simulation time 229.000,000,000 s)
2025-06-06 16:07:51,622 INFO  - Already have ACK (at simulation time 229.000,000,000 s)
2025-06-06 16:07:51,622 INFO  - Already have ACK (at simulation time 229.000,000,000 s)
2025-06-06 16:07:51,622 INFO  - Already have ACK (at simulation time 229.000,000,000 s)
2025-06-06 16:07:51,622 INFO  - Already have ACK (at simulation time 229.000,000,000 s)
2025-06-06 16:07:51,622 INFO  - Already have ACK (at simulation time 229.000,000,000 s)
2025-06-06 16:07:51,622 INFO  - Already have ACK (at simulation time 229.000,000,000 s)
2025-06-06 16:07:51,622 INFO  - Already have ACK (at simulation time 229.000,000,000 s)
2025-06-06 16:07:51,622 INFO  - Already have ACK (at simulation time 229.000,000,000 s)
2025-06-06 16:07:51,622 INFO  - Already have ACK (at simulation time 229.000,000,000 s)
2025-06-06 16:07:51,622 INFO  - Already have ACK (at simulation time 229.000,000,000 s)
2025-06-06 16:07:51,625 INFO  - Already have ACK (at simulation time 230.000,000,000 s)
2025-06-06 16:07:51,626 INFO  - Already have ACK (at simulation time 230.000,000,000 s)
2025-06-06 16:07:51,626 INFO  - Already have ACK (at simulation time 230.000,000,000 s)
2025-06-06 16:07:51,626 INFO  - Already have ACK (at simulation time 230.000,000,000 s)
2025-06-06 16:07:51,626 INFO  - Already have ACK (at simulation time 230.000,000,000 s)
2025-06-06 16:07:51,626 INFO  - Already have ACK (at simulation time 230.000,000,000 s)
2025-06-06 16:07:51,626 INFO  - Already have ACK (at simulation time 230.000,000,000 s)
2025-06-06 16:07:51,626 INFO  - Already have ACK (at simulation time 230.000,000,000 s)
2025-06-06 16:07:51,626 INFO  - Already have ACK (at simulation time 230.000,000,000 s)
2025-06-06 16:07:51,626 INFO  - Already have ACK (at simulation time 230.000,000,000 s)
2025-06-06 16:07:51,626 INFO  - Already have ACK (at simulation time 230.000,000,000 s)
2025-06-06 16:07:51,626 INFO  - Already have ACK (at simulation time 230.000,000,000 s)
2025-06-06 16:07:51,627 INFO  - Already have ACK (at simulation time 230.000,000,000 s)
2025-06-06 16:07:51,627 INFO  - Already have ACK (at simulation time 230.000,000,000 s)
2025-06-06 16:07:51,627 INFO  - Already have ACK (at simulation time 230.000,000,000 s)
2025-06-06 16:07:51,627 INFO  - Already have ACK (at simulation time 230.000,000,000 s)
2025-06-06 16:07:51,627 INFO  - Already have ACK (at simulation time 230.000,000,000 s)
2025-06-06 16:07:51,627 INFO  - Already have ACK (at simulation time 230.000,000,000 s)
2025-06-06 16:07:51,627 INFO  - Already have ACK (at simulation time 230.000,000,000 s)
2025-06-06 16:07:51,627 INFO  - Already have ACK (at simulation time 230.000,000,000 s)
2025-06-06 16:07:51,627 INFO  - Already have ACK (at simulation time 230.000,000,000 s)
2025-06-06 16:07:51,627 INFO  - Already have ACK (at simulation time 230.000,000,000 s)
2025-06-06 16:07:51,627 INFO  - Already have ACK (at simulation time 230.000,000,000 s)
2025-06-06 16:07:51,627 INFO  - Already have ACK (at simulation time 230.000,000,000 s)
2025-06-06 16:07:51,627 INFO  - Already have ACK (at simulation time 230.000,000,000 s)
2025-06-06 16:07:51,627 INFO  - Already have ACK (at simulation time 230.000,000,000 s)
2025-06-06 16:07:51,627 INFO  - Already have ACK (at simulation time 230.000,000,000 s)
2025-06-06 16:07:51,627 INFO  - Already have ACK (at simulation time 230.000,000,000 s)
2025-06-06 16:07:51,628 INFO  - Already have ACK (at simulation time 230.000,000,000 s)
2025-06-06 16:07:51,628 INFO  - Already have ACK (at simulation time 230.000,000,000 s)
2025-06-06 16:07:51,628 INFO  - Already have ACK (at simulation time 230.000,000,000 s)
2025-06-06 16:07:51,628 INFO  - Already have ACK (at simulation time 230.000,000,000 s)
2025-06-06 16:07:51,628 INFO  - Already have ACK (at simulation time 230.000,000,000 s)
2025-06-06 16:07:51,628 INFO  - Already have ACK (at simulation time 230.000,000,000 s)
2025-06-06 16:07:51,628 INFO  - Already have ACK (at simulation time 230.000,000,000 s)
2025-06-06 16:07:51,628 INFO  - Already have ACK (at simulation time 230.000,000,000 s)
2025-06-06 16:07:51,628 INFO  - Already have ACK (at simulation time 230.000,000,000 s)
2025-06-06 16:07:51,628 INFO  - Already have ACK (at simulation time 230.000,000,000 s)
2025-06-06 16:07:51,628 INFO  - Already have ACK (at simulation time 230.000,000,000 s)
2025-06-06 16:07:51,628 INFO  - Already have ACK (at simulation time 230.000,000,000 s)
2025-06-06 16:07:51,628 INFO  - Already have ACK (at simulation time 230.000,000,000 s)
2025-06-06 16:07:51,628 INFO  - Already have ACK (at simulation time 230.000,000,000 s)
2025-06-06 16:07:51,628 INFO  - Already have ACK (at simulation time 230.000,000,000 s)
2025-06-06 16:07:51,628 INFO  - Already have ACK (at simulation time 230.000,000,000 s)
2025-06-06 16:07:51,628 INFO  - Already have ACK (at simulation time 230.000,000,000 s)
2025-06-06 16:07:51,628 INFO  - Already have ACK (at simulation time 230.000,000,000 s)
2025-06-06 16:07:51,628 INFO  - Already have ACK (at simulation time 230.000,000,000 s)
2025-06-06 16:07:51,628 INFO  - Already have ACK (at simulation time 230.000,000,000 s)
2025-06-06 16:07:51,629 INFO  - Already have ACK (at simulation time 230.000,000,000 s)
2025-06-06 16:07:51,629 INFO  - Already have ACK (at simulation time 230.000,000,000 s)
2025-06-06 16:07:51,631 INFO  - Received metrics from FogNode: avgR0=1.4782608695652173, avgR1=2.0 (at simulation time 230.003,800,000 s)
2025-06-06 16:07:51,632 INFO  - Sent periodic GreenWaveMsg: veh_35 on route r_1 (at simulation time 231.000,000,000 s)
2025-06-06 16:07:51,632 INFO  - Already have ACK (at simulation time 231.000,000,000 s)
2025-06-06 16:07:51,632 INFO  - Already have ACK (at simulation time 231.000,000,000 s)
2025-06-06 16:07:51,633 INFO  - Already have ACK (at simulation time 231.000,000,000 s)
2025-06-06 16:07:51,633 INFO  - Already have ACK (at simulation time 231.000,000,000 s)
2025-06-06 16:07:51,633 INFO  - Already have ACK (at simulation time 231.000,000,000 s)
2025-06-06 16:07:51,633 INFO  - Already have ACK (at simulation time 231.000,000,000 s)
2025-06-06 16:07:51,633 INFO  - Already have ACK (at simulation time 231.000,000,000 s)
2025-06-06 16:07:51,633 INFO  - Already have ACK (at simulation time 231.000,000,000 s)
2025-06-06 16:07:51,633 INFO  - Already have ACK (at simulation time 231.000,000,000 s)
2025-06-06 16:07:51,633 INFO  - Already have ACK (at simulation time 231.000,000,000 s)
2025-06-06 16:07:51,633 INFO  - Already have ACK (at simulation time 231.000,000,000 s)
2025-06-06 16:07:51,633 INFO  - Already have ACK (at simulation time 231.000,000,000 s)
2025-06-06 16:07:51,633 INFO  - Already have ACK (at simulation time 231.000,000,000 s)
2025-06-06 16:07:51,633 INFO  - Already have ACK (at simulation time 231.000,000,000 s)
2025-06-06 16:07:51,633 INFO  - Already have ACK (at simulation time 231.000,000,000 s)
2025-06-06 16:07:51,633 INFO  - Already have ACK (at simulation time 231.000,000,000 s)
2025-06-06 16:07:51,633 INFO  - Already have ACK (at simulation time 231.000,000,000 s)
2025-06-06 16:07:51,634 INFO  - Already have ACK (at simulation time 231.000,000,000 s)
2025-06-06 16:07:51,634 INFO  - Already have ACK (at simulation time 231.000,000,000 s)
2025-06-06 16:07:51,634 INFO  - Already have ACK (at simulation time 231.000,000,000 s)
2025-06-06 16:07:51,634 INFO  - Already have ACK (at simulation time 231.000,000,000 s)
2025-06-06 16:07:51,634 INFO  - Already have ACK (at simulation time 231.000,000,000 s)
2025-06-06 16:07:51,634 INFO  - Already have ACK (at simulation time 231.000,000,000 s)
2025-06-06 16:07:51,634 INFO  - Already have ACK (at simulation time 231.000,000,000 s)
2025-06-06 16:07:51,634 INFO  - Already have ACK (at simulation time 231.000,000,000 s)
2025-06-06 16:07:51,634 INFO  - Already have ACK (at simulation time 231.000,000,000 s)
2025-06-06 16:07:51,634 INFO  - Already have ACK (at simulation time 231.000,000,000 s)
2025-06-06 16:07:51,634 INFO  - Already have ACK (at simulation time 231.000,000,000 s)
2025-06-06 16:07:51,634 INFO  - Already have ACK (at simulation time 231.000,000,000 s)
2025-06-06 16:07:51,634 INFO  - Already have ACK (at simulation time 231.000,000,000 s)
2025-06-06 16:07:51,634 INFO  - Already have ACK (at simulation time 231.000,000,000 s)
2025-06-06 16:07:51,634 INFO  - Already have ACK (at simulation time 231.000,000,000 s)
2025-06-06 16:07:51,634 INFO  - Already have ACK (at simulation time 231.000,000,000 s)
2025-06-06 16:07:51,635 INFO  - Already have ACK (at simulation time 231.000,000,000 s)
2025-06-06 16:07:51,635 INFO  - Already have ACK (at simulation time 231.000,000,000 s)
2025-06-06 16:07:51,635 INFO  - Already have ACK (at simulation time 231.000,000,000 s)
2025-06-06 16:07:51,635 INFO  - Already have ACK (at simulation time 231.000,000,000 s)
2025-06-06 16:07:51,635 INFO  - Already have ACK (at simulation time 231.000,000,000 s)
2025-06-06 16:07:51,635 INFO  - Already have ACK (at simulation time 231.000,000,000 s)
2025-06-06 16:07:51,635 INFO  - Already have ACK (at simulation time 231.000,000,000 s)
2025-06-06 16:07:51,635 INFO  - Already have ACK (at simulation time 231.000,000,000 s)
2025-06-06 16:07:51,635 INFO  - Already have ACK (at simulation time 231.000,000,000 s)
2025-06-06 16:07:51,635 INFO  - Already have ACK (at simulation time 231.000,000,000 s)
2025-06-06 16:07:51,635 INFO  - Already have ACK (at simulation time 231.000,000,000 s)
2025-06-06 16:07:51,635 INFO  - Already have ACK (at simulation time 231.000,000,000 s)
2025-06-06 16:07:51,635 INFO  - Already have ACK (at simulation time 231.000,000,000 s)
2025-06-06 16:07:51,635 INFO  - Already have ACK (at simulation time 231.000,000,000 s)
2025-06-06 16:07:51,635 INFO  - Already have ACK (at simulation time 231.000,000,000 s)
2025-06-06 16:07:51,635 INFO  - Already have ACK (at simulation time 231.000,000,000 s)
2025-06-06 16:07:51,635 INFO  - Already have ACK (at simulation time 231.000,000,000 s)
2025-06-06 16:07:51,635 INFO  - Already have ACK (at simulation time 231.000,000,000 s)
2025-06-06 16:07:51,639 INFO  - Already have ACK (at simulation time 232.000,000,000 s)
2025-06-06 16:07:51,639 INFO  - Already have ACK (at simulation time 232.000,000,000 s)
2025-06-06 16:07:51,639 INFO  - Already have ACK (at simulation time 232.000,000,000 s)
2025-06-06 16:07:51,639 INFO  - Already have ACK (at simulation time 232.000,000,000 s)
2025-06-06 16:07:51,639 INFO  - Already have ACK (at simulation time 232.000,000,000 s)
2025-06-06 16:07:51,639 INFO  - Already have ACK (at simulation time 232.000,000,000 s)
2025-06-06 16:07:51,639 INFO  - Already have ACK (at simulation time 232.000,000,000 s)
2025-06-06 16:07:51,639 INFO  - Already have ACK (at simulation time 232.000,000,000 s)
2025-06-06 16:07:51,639 INFO  - Already have ACK (at simulation time 232.000,000,000 s)
2025-06-06 16:07:51,640 INFO  - Already have ACK (at simulation time 232.000,000,000 s)
2025-06-06 16:07:51,640 INFO  - Already have ACK (at simulation time 232.000,000,000 s)
2025-06-06 16:07:51,640 INFO  - Already have ACK (at simulation time 232.000,000,000 s)
2025-06-06 16:07:51,640 INFO  - Already have ACK (at simulation time 232.000,000,000 s)
2025-06-06 16:07:51,640 INFO  - Already have ACK (at simulation time 232.000,000,000 s)
2025-06-06 16:07:51,640 INFO  - Already have ACK (at simulation time 232.000,000,000 s)
2025-06-06 16:07:51,640 INFO  - Already have ACK (at simulation time 232.000,000,000 s)
2025-06-06 16:07:51,640 INFO  - Already have ACK (at simulation time 232.000,000,000 s)
2025-06-06 16:07:51,640 INFO  - Already have ACK (at simulation time 232.000,000,000 s)
2025-06-06 16:07:51,640 INFO  - Already have ACK (at simulation time 232.000,000,000 s)
2025-06-06 16:07:51,640 INFO  - Already have ACK (at simulation time 232.000,000,000 s)
2025-06-06 16:07:51,640 INFO  - Already have ACK (at simulation time 232.000,000,000 s)
2025-06-06 16:07:51,640 INFO  - Already have ACK (at simulation time 232.000,000,000 s)
2025-06-06 16:07:51,640 INFO  - Already have ACK (at simulation time 232.000,000,000 s)
2025-06-06 16:07:51,640 INFO  - Already have ACK (at simulation time 232.000,000,000 s)
2025-06-06 16:07:51,641 INFO  - Already have ACK (at simulation time 232.000,000,000 s)
2025-06-06 16:07:51,641 INFO  - Already have ACK (at simulation time 232.000,000,000 s)
2025-06-06 16:07:51,641 INFO  - Already have ACK (at simulation time 232.000,000,000 s)
2025-06-06 16:07:51,641 INFO  - Already have ACK (at simulation time 232.000,000,000 s)
2025-06-06 16:07:51,641 INFO  - Already have ACK (at simulation time 232.000,000,000 s)
2025-06-06 16:07:51,641 INFO  - Already have ACK (at simulation time 232.000,000,000 s)
2025-06-06 16:07:51,641 INFO  - Already have ACK (at simulation time 232.000,000,000 s)
2025-06-06 16:07:51,641 INFO  - Already have ACK (at simulation time 232.000,000,000 s)
2025-06-06 16:07:51,641 INFO  - Already have ACK (at simulation time 232.000,000,000 s)
2025-06-06 16:07:51,641 INFO  - Already have ACK (at simulation time 232.000,000,000 s)
2025-06-06 16:07:51,641 INFO  - Already have ACK (at simulation time 232.000,000,000 s)
2025-06-06 16:07:51,641 INFO  - Already have ACK (at simulation time 232.000,000,000 s)
2025-06-06 16:07:51,641 INFO  - Already have ACK (at simulation time 232.000,000,000 s)
2025-06-06 16:07:51,641 INFO  - Already have ACK (at simulation time 232.000,000,000 s)
2025-06-06 16:07:51,641 INFO  - Already have ACK (at simulation time 232.000,000,000 s)
2025-06-06 16:07:51,641 INFO  - Already have ACK (at simulation time 232.000,000,000 s)
2025-06-06 16:07:51,641 INFO  - Already have ACK (at simulation time 232.000,000,000 s)
2025-06-06 16:07:51,641 INFO  - Already have ACK (at simulation time 232.000,000,000 s)
2025-06-06 16:07:51,642 INFO  - Already have ACK (at simulation time 232.000,000,000 s)
2025-06-06 16:07:51,642 INFO  - Already have ACK (at simulation time 232.000,000,000 s)
2025-06-06 16:07:51,642 INFO  - Already have ACK (at simulation time 232.000,000,000 s)
2025-06-06 16:07:51,642 INFO  - Already have ACK (at simulation time 232.000,000,000 s)
2025-06-06 16:07:51,642 INFO  - Already have ACK (at simulation time 232.000,000,000 s)
2025-06-06 16:07:51,642 INFO  - Already have ACK (at simulation time 232.000,000,000 s)
2025-06-06 16:07:51,642 INFO  - Already have ACK (at simulation time 232.000,000,000 s)
2025-06-06 16:07:51,642 INFO  - Already have ACK (at simulation time 232.000,000,000 s)
2025-06-06 16:07:51,642 INFO  - Already have ACK (at simulation time 232.000,000,000 s)
2025-06-06 16:07:51,642 INFO  - Already have ACK (at simulation time 232.000,000,000 s)
2025-06-06 16:07:51,650 INFO  - Already have ACK (at simulation time 233.000,000,000 s)
2025-06-06 16:07:51,650 INFO  - Already have ACK (at simulation time 233.000,000,000 s)
2025-06-06 16:07:51,650 INFO  - Already have ACK (at simulation time 233.000,000,000 s)
2025-06-06 16:07:51,650 INFO  - Already have ACK (at simulation time 233.000,000,000 s)
2025-06-06 16:07:51,650 INFO  - Already have ACK (at simulation time 233.000,000,000 s)
2025-06-06 16:07:51,650 INFO  - Already have ACK (at simulation time 233.000,000,000 s)
2025-06-06 16:07:51,650 INFO  - Already have ACK (at simulation time 233.000,000,000 s)
2025-06-06 16:07:51,650 INFO  - Already have ACK (at simulation time 233.000,000,000 s)
2025-06-06 16:07:51,650 INFO  - Already have ACK (at simulation time 233.000,000,000 s)
2025-06-06 16:07:51,650 INFO  - Already have ACK (at simulation time 233.000,000,000 s)
2025-06-06 16:07:51,651 INFO  - Already have ACK (at simulation time 233.000,000,000 s)
2025-06-06 16:07:51,651 INFO  - Already have ACK (at simulation time 233.000,000,000 s)
2025-06-06 16:07:51,651 INFO  - Already have ACK (at simulation time 233.000,000,000 s)
2025-06-06 16:07:51,651 INFO  - Already have ACK (at simulation time 233.000,000,000 s)
2025-06-06 16:07:51,651 INFO  - Already have ACK (at simulation time 233.000,000,000 s)
2025-06-06 16:07:51,651 INFO  - Already have ACK (at simulation time 233.000,000,000 s)
2025-06-06 16:07:51,651 INFO  - Already have ACK (at simulation time 233.000,000,000 s)
2025-06-06 16:07:51,651 INFO  - Already have ACK (at simulation time 233.000,000,000 s)
2025-06-06 16:07:51,651 INFO  - Already have ACK (at simulation time 233.000,000,000 s)
2025-06-06 16:07:51,651 INFO  - Already have ACK (at simulation time 233.000,000,000 s)
2025-06-06 16:07:51,651 INFO  - Already have ACK (at simulation time 233.000,000,000 s)
2025-06-06 16:07:51,651 INFO  - Already have ACK (at simulation time 233.000,000,000 s)
2025-06-06 16:07:51,651 INFO  - Already have ACK (at simulation time 233.000,000,000 s)
2025-06-06 16:07:51,651 INFO  - Already have ACK (at simulation time 233.000,000,000 s)
2025-06-06 16:07:51,651 INFO  - Already have ACK (at simulation time 233.000,000,000 s)
2025-06-06 16:07:51,651 INFO  - Already have ACK (at simulation time 233.000,000,000 s)
2025-06-06 16:07:51,652 INFO  - Already have ACK (at simulation time 233.000,000,000 s)
2025-06-06 16:07:51,652 INFO  - Already have ACK (at simulation time 233.000,000,000 s)
2025-06-06 16:07:51,652 INFO  - Already have ACK (at simulation time 233.000,000,000 s)
2025-06-06 16:07:51,652 INFO  - Already have ACK (at simulation time 233.000,000,000 s)
2025-06-06 16:07:51,652 INFO  - Already have ACK (at simulation time 233.000,000,000 s)
2025-06-06 16:07:51,652 INFO  - Already have ACK (at simulation time 233.000,000,000 s)
2025-06-06 16:07:51,652 INFO  - Already have ACK (at simulation time 233.000,000,000 s)
2025-06-06 16:07:51,652 INFO  - Already have ACK (at simulation time 233.000,000,000 s)
2025-06-06 16:07:51,652 INFO  - Already have ACK (at simulation time 233.000,000,000 s)
2025-06-06 16:07:51,652 INFO  - Already have ACK (at simulation time 233.000,000,000 s)
2025-06-06 16:07:51,652 INFO  - Already have ACK (at simulation time 233.000,000,000 s)
2025-06-06 16:07:51,652 INFO  - Already have ACK (at simulation time 233.000,000,000 s)
2025-06-06 16:07:51,652 INFO  - Already have ACK (at simulation time 233.000,000,000 s)
2025-06-06 16:07:51,652 INFO  - Already have ACK (at simulation time 233.000,000,000 s)
2025-06-06 16:07:51,652 INFO  - Already have ACK (at simulation time 233.000,000,000 s)
2025-06-06 16:07:51,652 INFO  - Already have ACK (at simulation time 233.000,000,000 s)
2025-06-06 16:07:51,652 INFO  - Already have ACK (at simulation time 233.000,000,000 s)
2025-06-06 16:07:51,653 INFO  - Already have ACK (at simulation time 233.000,000,000 s)
2025-06-06 16:07:51,653 INFO  - Already have ACK (at simulation time 233.000,000,000 s)
2025-06-06 16:07:51,653 INFO  - Already have ACK (at simulation time 233.000,000,000 s)
2025-06-06 16:07:51,653 INFO  - Already have ACK (at simulation time 233.000,000,000 s)
2025-06-06 16:07:51,653 INFO  - Already have ACK (at simulation time 233.000,000,000 s)
2025-06-06 16:07:51,653 INFO  - Already have ACK (at simulation time 233.000,000,000 s)
2025-06-06 16:07:51,653 INFO  - Already have ACK (at simulation time 233.000,000,000 s)
2025-06-06 16:07:51,653 INFO  - Already have ACK (at simulation time 233.000,000,000 s)
2025-06-06 16:07:51,653 INFO  - Already have ACK (at simulation time 233.000,000,000 s)
2025-06-06 16:07:51,653 INFO  - Already have ACK (at simulation time 233.000,000,000 s)
2025-06-06 16:07:51,656 INFO  - Already have ACK (at simulation time 234.000,000,000 s)
2025-06-06 16:07:51,656 INFO  - Already have ACK (at simulation time 234.000,000,000 s)
2025-06-06 16:07:51,656 INFO  - Already have ACK (at simulation time 234.000,000,000 s)
2025-06-06 16:07:51,656 INFO  - Already have ACK (at simulation time 234.000,000,000 s)
2025-06-06 16:07:51,656 INFO  - Already have ACK (at simulation time 234.000,000,000 s)
2025-06-06 16:07:51,656 INFO  - Already have ACK (at simulation time 234.000,000,000 s)
2025-06-06 16:07:51,657 INFO  - Already have ACK (at simulation time 234.000,000,000 s)
2025-06-06 16:07:51,657 INFO  - Already have ACK (at simulation time 234.000,000,000 s)
2025-06-06 16:07:51,657 INFO  - Already have ACK (at simulation time 234.000,000,000 s)
2025-06-06 16:07:51,657 INFO  - Already have ACK (at simulation time 234.000,000,000 s)
2025-06-06 16:07:51,657 INFO  - Already have ACK (at simulation time 234.000,000,000 s)
2025-06-06 16:07:51,657 INFO  - Already have ACK (at simulation time 234.000,000,000 s)
2025-06-06 16:07:51,657 INFO  - Already have ACK (at simulation time 234.000,000,000 s)
2025-06-06 16:07:51,657 INFO  - Already have ACK (at simulation time 234.000,000,000 s)
2025-06-06 16:07:51,657 INFO  - Already have ACK (at simulation time 234.000,000,000 s)
2025-06-06 16:07:51,657 INFO  - Already have ACK (at simulation time 234.000,000,000 s)
2025-06-06 16:07:51,657 INFO  - Already have ACK (at simulation time 234.000,000,000 s)
2025-06-06 16:07:51,657 INFO  - Already have ACK (at simulation time 234.000,000,000 s)
2025-06-06 16:07:51,657 INFO  - Already have ACK (at simulation time 234.000,000,000 s)
2025-06-06 16:07:51,657 INFO  - Already have ACK (at simulation time 234.000,000,000 s)
2025-06-06 16:07:51,657 INFO  - Already have ACK (at simulation time 234.000,000,000 s)
2025-06-06 16:07:51,658 INFO  - Already have ACK (at simulation time 234.000,000,000 s)
2025-06-06 16:07:51,658 INFO  - Already have ACK (at simulation time 234.000,000,000 s)
2025-06-06 16:07:51,658 INFO  - Already have ACK (at simulation time 234.000,000,000 s)
2025-06-06 16:07:51,658 INFO  - Already have ACK (at simulation time 234.000,000,000 s)
2025-06-06 16:07:51,658 INFO  - Already have ACK (at simulation time 234.000,000,000 s)
2025-06-06 16:07:51,658 INFO  - Already have ACK (at simulation time 234.000,000,000 s)
2025-06-06 16:07:51,658 INFO  - Already have ACK (at simulation time 234.000,000,000 s)
2025-06-06 16:07:51,658 INFO  - Already have ACK (at simulation time 234.000,000,000 s)
2025-06-06 16:07:51,658 INFO  - Already have ACK (at simulation time 234.000,000,000 s)
2025-06-06 16:07:51,658 INFO  - Already have ACK (at simulation time 234.000,000,000 s)
2025-06-06 16:07:51,658 INFO  - Already have ACK (at simulation time 234.000,000,000 s)
2025-06-06 16:07:51,658 INFO  - Already have ACK (at simulation time 234.000,000,000 s)
2025-06-06 16:07:51,658 INFO  - Already have ACK (at simulation time 234.000,000,000 s)
2025-06-06 16:07:51,658 INFO  - Already have ACK (at simulation time 234.000,000,000 s)
2025-06-06 16:07:51,658 INFO  - Already have ACK (at simulation time 234.000,000,000 s)
2025-06-06 16:07:51,658 INFO  - Already have ACK (at simulation time 234.000,000,000 s)
2025-06-06 16:07:51,659 INFO  - Already have ACK (at simulation time 234.000,000,000 s)
2025-06-06 16:07:51,659 INFO  - Already have ACK (at simulation time 234.000,000,000 s)
2025-06-06 16:07:51,659 INFO  - Already have ACK (at simulation time 234.000,000,000 s)
2025-06-06 16:07:51,659 INFO  - Already have ACK (at simulation time 234.000,000,000 s)
2025-06-06 16:07:51,659 INFO  - Already have ACK (at simulation time 234.000,000,000 s)
2025-06-06 16:07:51,659 INFO  - Already have ACK (at simulation time 234.000,000,000 s)
2025-06-06 16:07:51,659 INFO  - Already have ACK (at simulation time 234.000,000,000 s)
2025-06-06 16:07:51,659 INFO  - Already have ACK (at simulation time 234.000,000,000 s)
2025-06-06 16:07:51,659 INFO  - Already have ACK (at simulation time 234.000,000,000 s)
2025-06-06 16:07:51,659 INFO  - Already have ACK (at simulation time 234.000,000,000 s)
2025-06-06 16:07:51,659 INFO  - Already have ACK (at simulation time 234.000,000,000 s)
2025-06-06 16:07:51,659 INFO  - Already have ACK (at simulation time 234.000,000,000 s)
2025-06-06 16:07:51,659 INFO  - Already have ACK (at simulation time 234.000,000,000 s)
2025-06-06 16:07:51,659 INFO  - Already have ACK (at simulation time 234.000,000,000 s)
2025-06-06 16:07:51,659 INFO  - Already have ACK (at simulation time 234.000,000,000 s)
2025-06-06 16:07:51,659 INFO  - Already have ACK (at simulation time 234.000,000,000 s)
2025-06-06 16:07:51,659 INFO  - Already have ACK (at simulation time 234.000,000,000 s)
2025-06-06 16:07:51,663 INFO  - Already have ACK (at simulation time 235.000,000,000 s)
2025-06-06 16:07:51,663 INFO  - Already have ACK (at simulation time 235.000,000,000 s)
2025-06-06 16:07:51,663 INFO  - Already have ACK (at simulation time 235.000,000,000 s)
2025-06-06 16:07:51,663 INFO  - Already have ACK (at simulation time 235.000,000,000 s)
2025-06-06 16:07:51,663 INFO  - Already have ACK (at simulation time 235.000,000,000 s)
2025-06-06 16:07:51,663 INFO  - Already have ACK (at simulation time 235.000,000,000 s)
2025-06-06 16:07:51,663 INFO  - Already have ACK (at simulation time 235.000,000,000 s)
2025-06-06 16:07:51,664 INFO  - Already have ACK (at simulation time 235.000,000,000 s)
2025-06-06 16:07:51,664 INFO  - Already have ACK (at simulation time 235.000,000,000 s)
2025-06-06 16:07:51,664 INFO  - Already have ACK (at simulation time 235.000,000,000 s)
2025-06-06 16:07:51,664 INFO  - Already have ACK (at simulation time 235.000,000,000 s)
2025-06-06 16:07:51,664 INFO  - Already have ACK (at simulation time 235.000,000,000 s)
2025-06-06 16:07:51,664 INFO  - Already have ACK (at simulation time 235.000,000,000 s)
2025-06-06 16:07:51,664 INFO  - Already have ACK (at simulation time 235.000,000,000 s)
2025-06-06 16:07:51,664 INFO  - Already have ACK (at simulation time 235.000,000,000 s)
2025-06-06 16:07:51,664 INFO  - Already have ACK (at simulation time 235.000,000,000 s)
2025-06-06 16:07:51,664 INFO  - Already have ACK (at simulation time 235.000,000,000 s)
2025-06-06 16:07:51,664 INFO  - Already have ACK (at simulation time 235.000,000,000 s)
2025-06-06 16:07:51,664 INFO  - Already have ACK (at simulation time 235.000,000,000 s)
2025-06-06 16:07:51,664 INFO  - Already have ACK (at simulation time 235.000,000,000 s)
2025-06-06 16:07:51,664 INFO  - Already have ACK (at simulation time 235.000,000,000 s)
2025-06-06 16:07:51,665 INFO  - Already have ACK (at simulation time 235.000,000,000 s)
2025-06-06 16:07:51,665 INFO  - Already have ACK (at simulation time 235.000,000,000 s)
2025-06-06 16:07:51,665 INFO  - Already have ACK (at simulation time 235.000,000,000 s)
2025-06-06 16:07:51,665 INFO  - Already have ACK (at simulation time 235.000,000,000 s)
2025-06-06 16:07:51,665 INFO  - Already have ACK (at simulation time 235.000,000,000 s)
2025-06-06 16:07:51,665 INFO  - Already have ACK (at simulation time 235.000,000,000 s)
2025-06-06 16:07:51,665 INFO  - Already have ACK (at simulation time 235.000,000,000 s)
2025-06-06 16:07:51,665 INFO  - Already have ACK (at simulation time 235.000,000,000 s)
2025-06-06 16:07:51,665 INFO  - Already have ACK (at simulation time 235.000,000,000 s)
2025-06-06 16:07:51,665 INFO  - Already have ACK (at simulation time 235.000,000,000 s)
2025-06-06 16:07:51,665 INFO  - Already have ACK (at simulation time 235.000,000,000 s)
2025-06-06 16:07:51,665 INFO  - Already have ACK (at simulation time 235.000,000,000 s)
2025-06-06 16:07:51,665 INFO  - Already have ACK (at simulation time 235.000,000,000 s)
2025-06-06 16:07:51,665 INFO  - Already have ACK (at simulation time 235.000,000,000 s)
2025-06-06 16:07:51,665 INFO  - Already have ACK (at simulation time 235.000,000,000 s)
2025-06-06 16:07:51,665 INFO  - Already have ACK (at simulation time 235.000,000,000 s)
2025-06-06 16:07:51,666 INFO  - Already have ACK (at simulation time 235.000,000,000 s)
2025-06-06 16:07:51,666 INFO  - Already have ACK (at simulation time 235.000,000,000 s)
2025-06-06 16:07:51,666 INFO  - Already have ACK (at simulation time 235.000,000,000 s)
2025-06-06 16:07:51,666 INFO  - Already have ACK (at simulation time 235.000,000,000 s)
2025-06-06 16:07:51,666 INFO  - Already have ACK (at simulation time 235.000,000,000 s)
2025-06-06 16:07:51,666 INFO  - Already have ACK (at simulation time 235.000,000,000 s)
2025-06-06 16:07:51,666 INFO  - Already have ACK (at simulation time 235.000,000,000 s)
2025-06-06 16:07:51,666 INFO  - Already have ACK (at simulation time 235.000,000,000 s)
2025-06-06 16:07:51,666 INFO  - Already have ACK (at simulation time 235.000,000,000 s)
2025-06-06 16:07:51,666 INFO  - Already have ACK (at simulation time 235.000,000,000 s)
2025-06-06 16:07:51,666 INFO  - Already have ACK (at simulation time 235.000,000,000 s)
2025-06-06 16:07:51,666 INFO  - Already have ACK (at simulation time 235.000,000,000 s)
2025-06-06 16:07:51,666 INFO  - Already have ACK (at simulation time 235.000,000,000 s)
2025-06-06 16:07:51,666 INFO  - Already have ACK (at simulation time 235.000,000,000 s)
2025-06-06 16:07:51,666 INFO  - Already have ACK (at simulation time 235.000,000,000 s)
2025-06-06 16:07:51,666 INFO  - Already have ACK (at simulation time 235.000,000,000 s)
2025-06-06 16:07:51,666 INFO  - Already have ACK (at simulation time 235.000,000,000 s)
2025-06-06 16:07:51,666 INFO  - Already have ACK (at simulation time 235.000,000,000 s)
2025-06-06 16:07:51,670 INFO  - Sent periodic GreenWaveMsg: veh_35 on route r_1 (at simulation time 236.000,000,000 s)
2025-06-06 16:07:51,670 INFO  - Already have ACK (at simulation time 236.000,000,000 s)
2025-06-06 16:07:51,670 INFO  - Already have ACK (at simulation time 236.000,000,000 s)
2025-06-06 16:07:51,670 INFO  - Already have ACK (at simulation time 236.000,000,000 s)
2025-06-06 16:07:51,670 INFO  - Already have ACK (at simulation time 236.000,000,000 s)
2025-06-06 16:07:51,670 INFO  - Already have ACK (at simulation time 236.000,000,000 s)
2025-06-06 16:07:51,670 INFO  - Already have ACK (at simulation time 236.000,000,000 s)
2025-06-06 16:07:51,670 INFO  - Already have ACK (at simulation time 236.000,000,000 s)
2025-06-06 16:07:51,670 INFO  - Already have ACK (at simulation time 236.000,000,000 s)
2025-06-06 16:07:51,671 INFO  - Already have ACK (at simulation time 236.000,000,000 s)
2025-06-06 16:07:51,671 INFO  - Already have ACK (at simulation time 236.000,000,000 s)
2025-06-06 16:07:51,671 INFO  - Already have ACK (at simulation time 236.000,000,000 s)
2025-06-06 16:07:51,671 INFO  - Already have ACK (at simulation time 236.000,000,000 s)
2025-06-06 16:07:51,671 INFO  - Already have ACK (at simulation time 236.000,000,000 s)
2025-06-06 16:07:51,671 INFO  - Already have ACK (at simulation time 236.000,000,000 s)
2025-06-06 16:07:51,671 INFO  - Already have ACK (at simulation time 236.000,000,000 s)
2025-06-06 16:07:51,671 INFO  - Already have ACK (at simulation time 236.000,000,000 s)
2025-06-06 16:07:51,671 INFO  - Already have ACK (at simulation time 236.000,000,000 s)
2025-06-06 16:07:51,671 INFO  - Already have ACK (at simulation time 236.000,000,000 s)
2025-06-06 16:07:51,671 INFO  - Already have ACK (at simulation time 236.000,000,000 s)
2025-06-06 16:07:51,671 INFO  - Already have ACK (at simulation time 236.000,000,000 s)
2025-06-06 16:07:51,671 INFO  - Already have ACK (at simulation time 236.000,000,000 s)
2025-06-06 16:07:51,672 INFO  - Already have ACK (at simulation time 236.000,000,000 s)
2025-06-06 16:07:51,672 INFO  - Already have ACK (at simulation time 236.000,000,000 s)
2025-06-06 16:07:51,672 INFO  - Already have ACK (at simulation time 236.000,000,000 s)
2025-06-06 16:07:51,672 INFO  - Already have ACK (at simulation time 236.000,000,000 s)
2025-06-06 16:07:51,672 INFO  - Already have ACK (at simulation time 236.000,000,000 s)
2025-06-06 16:07:51,672 INFO  - Already have ACK (at simulation time 236.000,000,000 s)
2025-06-06 16:07:51,672 INFO  - Already have ACK (at simulation time 236.000,000,000 s)
2025-06-06 16:07:51,672 INFO  - Already have ACK (at simulation time 236.000,000,000 s)
2025-06-06 16:07:51,672 INFO  - Already have ACK (at simulation time 236.000,000,000 s)
2025-06-06 16:07:51,672 INFO  - Already have ACK (at simulation time 236.000,000,000 s)
2025-06-06 16:07:51,672 INFO  - Already have ACK (at simulation time 236.000,000,000 s)
2025-06-06 16:07:51,672 INFO  - Already have ACK (at simulation time 236.000,000,000 s)
2025-06-06 16:07:51,672 INFO  - Already have ACK (at simulation time 236.000,000,000 s)
2025-06-06 16:07:51,672 INFO  - Already have ACK (at simulation time 236.000,000,000 s)
2025-06-06 16:07:51,672 INFO  - Already have ACK (at simulation time 236.000,000,000 s)
2025-06-06 16:07:51,672 INFO  - Already have ACK (at simulation time 236.000,000,000 s)
2025-06-06 16:07:51,672 INFO  - Already have ACK (at simulation time 236.000,000,000 s)
2025-06-06 16:07:51,673 INFO  - Already have ACK (at simulation time 236.000,000,000 s)
2025-06-06 16:07:51,673 INFO  - Already have ACK (at simulation time 236.000,000,000 s)
2025-06-06 16:07:51,673 INFO  - Already have ACK (at simulation time 236.000,000,000 s)
2025-06-06 16:07:51,673 INFO  - Already have ACK (at simulation time 236.000,000,000 s)
2025-06-06 16:07:51,673 INFO  - Already have ACK (at simulation time 236.000,000,000 s)
2025-06-06 16:07:51,673 INFO  - Already have ACK (at simulation time 236.000,000,000 s)
2025-06-06 16:07:51,673 INFO  - Already have ACK (at simulation time 236.000,000,000 s)
2025-06-06 16:07:51,673 INFO  - Already have ACK (at simulation time 236.000,000,000 s)
2025-06-06 16:07:51,673 INFO  - Already have ACK (at simulation time 236.000,000,000 s)
2025-06-06 16:07:51,673 INFO  - Already have ACK (at simulation time 236.000,000,000 s)
2025-06-06 16:07:51,673 INFO  - Already have ACK (at simulation time 236.000,000,000 s)
2025-06-06 16:07:51,673 INFO  - Already have ACK (at simulation time 236.000,000,000 s)
2025-06-06 16:07:51,673 INFO  - Already have ACK (at simulation time 236.000,000,000 s)
2025-06-06 16:07:51,673 INFO  - Already have ACK (at simulation time 236.000,000,000 s)
2025-06-06 16:07:51,673 INFO  - Already have ACK (at simulation time 236.000,000,000 s)
2025-06-06 16:07:51,673 INFO  - Already have ACK (at simulation time 236.000,000,000 s)
2025-06-06 16:07:51,673 INFO  - Already have ACK (at simulation time 236.000,000,000 s)
2025-06-06 16:07:51,673 INFO  - Already have ACK (at simulation time 236.000,000,000 s)
2025-06-06 16:07:51,677 INFO  - Already have ACK (at simulation time 237.000,000,000 s)
2025-06-06 16:07:51,677 INFO  - Already have ACK (at simulation time 237.000,000,000 s)
2025-06-06 16:07:51,677 INFO  - Already have ACK (at simulation time 237.000,000,000 s)
2025-06-06 16:07:51,677 INFO  - Already have ACK (at simulation time 237.000,000,000 s)
2025-06-06 16:07:51,678 INFO  - Already have ACK (at simulation time 237.000,000,000 s)
2025-06-06 16:07:51,678 INFO  - Already have ACK (at simulation time 237.000,000,000 s)
2025-06-06 16:07:51,678 INFO  - Already have ACK (at simulation time 237.000,000,000 s)
2025-06-06 16:07:51,678 INFO  - Already have ACK (at simulation time 237.000,000,000 s)
2025-06-06 16:07:51,678 INFO  - Already have ACK (at simulation time 237.000,000,000 s)
2025-06-06 16:07:51,678 INFO  - Already have ACK (at simulation time 237.000,000,000 s)
2025-06-06 16:07:51,678 INFO  - Already have ACK (at simulation time 237.000,000,000 s)
2025-06-06 16:07:51,678 INFO  - Already have ACK (at simulation time 237.000,000,000 s)
2025-06-06 16:07:51,678 INFO  - Already have ACK (at simulation time 237.000,000,000 s)
2025-06-06 16:07:51,678 INFO  - Already have ACK (at simulation time 237.000,000,000 s)
2025-06-06 16:07:51,678 INFO  - Already have ACK (at simulation time 237.000,000,000 s)
2025-06-06 16:07:51,678 INFO  - Already have ACK (at simulation time 237.000,000,000 s)
2025-06-06 16:07:51,678 INFO  - Already have ACK (at simulation time 237.000,000,000 s)
2025-06-06 16:07:51,678 INFO  - Already have ACK (at simulation time 237.000,000,000 s)
2025-06-06 16:07:51,679 INFO  - Already have ACK (at simulation time 237.000,000,000 s)
2025-06-06 16:07:51,679 INFO  - Already have ACK (at simulation time 237.000,000,000 s)
2025-06-06 16:07:51,679 INFO  - Already have ACK (at simulation time 237.000,000,000 s)
2025-06-06 16:07:51,679 INFO  - Already have ACK (at simulation time 237.000,000,000 s)
2025-06-06 16:07:51,679 INFO  - Already have ACK (at simulation time 237.000,000,000 s)
2025-06-06 16:07:51,679 INFO  - Already have ACK (at simulation time 237.000,000,000 s)
2025-06-06 16:07:51,679 INFO  - Already have ACK (at simulation time 237.000,000,000 s)
2025-06-06 16:07:51,679 INFO  - Already have ACK (at simulation time 237.000,000,000 s)
2025-06-06 16:07:51,679 INFO  - Already have ACK (at simulation time 237.000,000,000 s)
2025-06-06 16:07:51,679 INFO  - Already have ACK (at simulation time 237.000,000,000 s)
2025-06-06 16:07:51,679 INFO  - Already have ACK (at simulation time 237.000,000,000 s)
2025-06-06 16:07:51,679 INFO  - Already have ACK (at simulation time 237.000,000,000 s)
2025-06-06 16:07:51,679 INFO  - Already have ACK (at simulation time 237.000,000,000 s)
2025-06-06 16:07:51,679 INFO  - Already have ACK (at simulation time 237.000,000,000 s)
2025-06-06 16:07:51,679 INFO  - Already have ACK (at simulation time 237.000,000,000 s)
2025-06-06 16:07:51,680 INFO  - Already have ACK (at simulation time 237.000,000,000 s)
2025-06-06 16:07:51,680 INFO  - Already have ACK (at simulation time 237.000,000,000 s)
2025-06-06 16:07:51,680 INFO  - Already have ACK (at simulation time 237.000,000,000 s)
2025-06-06 16:07:51,680 INFO  - Already have ACK (at simulation time 237.000,000,000 s)
2025-06-06 16:07:51,680 INFO  - Already have ACK (at simulation time 237.000,000,000 s)
2025-06-06 16:07:51,680 INFO  - Already have ACK (at simulation time 237.000,000,000 s)
2025-06-06 16:07:51,680 INFO  - Already have ACK (at simulation time 237.000,000,000 s)
2025-06-06 16:07:51,680 INFO  - Already have ACK (at simulation time 237.000,000,000 s)
2025-06-06 16:07:51,680 INFO  - Already have ACK (at simulation time 237.000,000,000 s)
2025-06-06 16:07:51,680 INFO  - Already have ACK (at simulation time 237.000,000,000 s)
2025-06-06 16:07:51,680 INFO  - Already have ACK (at simulation time 237.000,000,000 s)
2025-06-06 16:07:51,680 INFO  - Already have ACK (at simulation time 237.000,000,000 s)
2025-06-06 16:07:51,680 INFO  - Already have ACK (at simulation time 237.000,000,000 s)
2025-06-06 16:07:51,680 INFO  - Already have ACK (at simulation time 237.000,000,000 s)
2025-06-06 16:07:51,680 INFO  - Already have ACK (at simulation time 237.000,000,000 s)
2025-06-06 16:07:51,680 INFO  - Already have ACK (at simulation time 237.000,000,000 s)
2025-06-06 16:07:51,680 INFO  - Already have ACK (at simulation time 237.000,000,000 s)
2025-06-06 16:07:51,680 INFO  - Already have ACK (at simulation time 237.000,000,000 s)
2025-06-06 16:07:51,681 INFO  - Already have ACK (at simulation time 237.000,000,000 s)
2025-06-06 16:07:51,681 INFO  - Already have ACK (at simulation time 237.000,000,000 s)
2025-06-06 16:07:51,681 INFO  - Already have ACK (at simulation time 237.000,000,000 s)
2025-06-06 16:07:51,681 INFO  - Already have ACK (at simulation time 237.000,000,000 s)
2025-06-06 16:07:51,681 INFO  - Already have ACK (at simulation time 237.000,000,000 s)
2025-06-06 16:07:51,681 INFO  - Already have ACK (at simulation time 237.000,000,000 s)
2025-06-06 16:07:51,684 INFO  - Already have ACK (at simulation time 238.000,000,000 s)
2025-06-06 16:07:51,684 INFO  - Already have ACK (at simulation time 238.000,000,000 s)
2025-06-06 16:07:51,684 INFO  - Already have ACK (at simulation time 238.000,000,000 s)
2025-06-06 16:07:51,685 INFO  - Already have ACK (at simulation time 238.000,000,000 s)
2025-06-06 16:07:51,685 INFO  - Already have ACK (at simulation time 238.000,000,000 s)
2025-06-06 16:07:51,685 INFO  - Already have ACK (at simulation time 238.000,000,000 s)
2025-06-06 16:07:51,685 INFO  - Already have ACK (at simulation time 238.000,000,000 s)
2025-06-06 16:07:51,685 INFO  - Already have ACK (at simulation time 238.000,000,000 s)
2025-06-06 16:07:51,685 INFO  - Already have ACK (at simulation time 238.000,000,000 s)
2025-06-06 16:07:51,685 INFO  - Already have ACK (at simulation time 238.000,000,000 s)
2025-06-06 16:07:51,685 INFO  - Already have ACK (at simulation time 238.000,000,000 s)
2025-06-06 16:07:51,685 INFO  - Already have ACK (at simulation time 238.000,000,000 s)
2025-06-06 16:07:51,685 INFO  - Already have ACK (at simulation time 238.000,000,000 s)
2025-06-06 16:07:51,685 INFO  - Already have ACK (at simulation time 238.000,000,000 s)
2025-06-06 16:07:51,685 INFO  - Already have ACK (at simulation time 238.000,000,000 s)
2025-06-06 16:07:51,686 INFO  - Already have ACK (at simulation time 238.000,000,000 s)
2025-06-06 16:07:51,686 INFO  - Already have ACK (at simulation time 238.000,000,000 s)
2025-06-06 16:07:51,686 INFO  - Already have ACK (at simulation time 238.000,000,000 s)
2025-06-06 16:07:51,686 INFO  - Already have ACK (at simulation time 238.000,000,000 s)
2025-06-06 16:07:51,686 INFO  - Already have ACK (at simulation time 238.000,000,000 s)
2025-06-06 16:07:51,686 INFO  - Already have ACK (at simulation time 238.000,000,000 s)
2025-06-06 16:07:51,686 INFO  - Already have ACK (at simulation time 238.000,000,000 s)
2025-06-06 16:07:51,686 INFO  - Already have ACK (at simulation time 238.000,000,000 s)
2025-06-06 16:07:51,686 INFO  - Already have ACK (at simulation time 238.000,000,000 s)
2025-06-06 16:07:51,686 INFO  - Already have ACK (at simulation time 238.000,000,000 s)
2025-06-06 16:07:51,686 INFO  - Already have ACK (at simulation time 238.000,000,000 s)
2025-06-06 16:07:51,686 INFO  - Already have ACK (at simulation time 238.000,000,000 s)
2025-06-06 16:07:51,686 INFO  - Already have ACK (at simulation time 238.000,000,000 s)
2025-06-06 16:07:51,686 INFO  - Already have ACK (at simulation time 238.000,000,000 s)
2025-06-06 16:07:51,686 INFO  - Already have ACK (at simulation time 238.000,000,000 s)
2025-06-06 16:07:51,687 INFO  - Already have ACK (at simulation time 238.000,000,000 s)
2025-06-06 16:07:51,687 INFO  - Already have ACK (at simulation time 238.000,000,000 s)
2025-06-06 16:07:51,687 INFO  - Already have ACK (at simulation time 238.000,000,000 s)
2025-06-06 16:07:51,687 INFO  - Already have ACK (at simulation time 238.000,000,000 s)
2025-06-06 16:07:51,687 INFO  - Already have ACK (at simulation time 238.000,000,000 s)
2025-06-06 16:07:51,687 INFO  - Already have ACK (at simulation time 238.000,000,000 s)
2025-06-06 16:07:51,687 INFO  - Already have ACK (at simulation time 238.000,000,000 s)
2025-06-06 16:07:51,687 INFO  - Already have ACK (at simulation time 238.000,000,000 s)
2025-06-06 16:07:51,687 INFO  - Already have ACK (at simulation time 238.000,000,000 s)
2025-06-06 16:07:51,687 INFO  - Already have ACK (at simulation time 238.000,000,000 s)
2025-06-06 16:07:51,687 INFO  - Already have ACK (at simulation time 238.000,000,000 s)
2025-06-06 16:07:51,687 INFO  - Already have ACK (at simulation time 238.000,000,000 s)
2025-06-06 16:07:51,687 INFO  - Already have ACK (at simulation time 238.000,000,000 s)
2025-06-06 16:07:51,687 INFO  - Already have ACK (at simulation time 238.000,000,000 s)
2025-06-06 16:07:51,687 INFO  - Already have ACK (at simulation time 238.000,000,000 s)
2025-06-06 16:07:51,687 INFO  - Already have ACK (at simulation time 238.000,000,000 s)
2025-06-06 16:07:51,687 INFO  - Already have ACK (at simulation time 238.000,000,000 s)
2025-06-06 16:07:51,687 INFO  - Already have ACK (at simulation time 238.000,000,000 s)
2025-06-06 16:07:51,688 INFO  - Already have ACK (at simulation time 238.000,000,000 s)
2025-06-06 16:07:51,688 INFO  - Already have ACK (at simulation time 238.000,000,000 s)
2025-06-06 16:07:51,688 INFO  - Already have ACK (at simulation time 238.000,000,000 s)
2025-06-06 16:07:51,688 INFO  - Already have ACK (at simulation time 238.000,000,000 s)
2025-06-06 16:07:51,688 INFO  - Already have ACK (at simulation time 238.000,000,000 s)
2025-06-06 16:07:51,688 INFO  - Already have ACK (at simulation time 238.000,000,000 s)
2025-06-06 16:07:51,688 INFO  - Already have ACK (at simulation time 238.000,000,000 s)
2025-06-06 16:07:51,688 INFO  - Already have ACK (at simulation time 238.000,000,000 s)
2025-06-06 16:07:51,688 INFO  - Already have ACK (at simulation time 238.000,000,000 s)
2025-06-06 16:07:51,688 INFO  - Already have ACK (at simulation time 238.000,000,000 s)
2025-06-06 16:07:51,691 INFO  - Already have ACK (at simulation time 239.000,000,000 s)
2025-06-06 16:07:51,691 INFO  - Already have ACK (at simulation time 239.000,000,000 s)
2025-06-06 16:07:51,691 INFO  - Already have ACK (at simulation time 239.000,000,000 s)
2025-06-06 16:07:51,691 INFO  - Already have ACK (at simulation time 239.000,000,000 s)
2025-06-06 16:07:51,691 INFO  - Already have ACK (at simulation time 239.000,000,000 s)
2025-06-06 16:07:51,691 INFO  - Already have ACK (at simulation time 239.000,000,000 s)
2025-06-06 16:07:51,691 INFO  - Already have ACK (at simulation time 239.000,000,000 s)
2025-06-06 16:07:51,691 INFO  - Already have ACK (at simulation time 239.000,000,000 s)
2025-06-06 16:07:51,691 INFO  - Already have ACK (at simulation time 239.000,000,000 s)
2025-06-06 16:07:51,692 INFO  - Already have ACK (at simulation time 239.000,000,000 s)
2025-06-06 16:07:51,692 INFO  - Already have ACK (at simulation time 239.000,000,000 s)
2025-06-06 16:07:51,692 INFO  - Already have ACK (at simulation time 239.000,000,000 s)
2025-06-06 16:07:51,692 INFO  - Already have ACK (at simulation time 239.000,000,000 s)
2025-06-06 16:07:51,692 INFO  - Already have ACK (at simulation time 239.000,000,000 s)
2025-06-06 16:07:51,692 INFO  - Already have ACK (at simulation time 239.000,000,000 s)
2025-06-06 16:07:51,692 INFO  - Already have ACK (at simulation time 239.000,000,000 s)
2025-06-06 16:07:51,692 INFO  - Already have ACK (at simulation time 239.000,000,000 s)
2025-06-06 16:07:51,692 INFO  - Already have ACK (at simulation time 239.000,000,000 s)
2025-06-06 16:07:51,692 INFO  - Already have ACK (at simulation time 239.000,000,000 s)
2025-06-06 16:07:51,692 INFO  - Already have ACK (at simulation time 239.000,000,000 s)
2025-06-06 16:07:51,692 INFO  - Already have ACK (at simulation time 239.000,000,000 s)
2025-06-06 16:07:51,692 INFO  - Already have ACK (at simulation time 239.000,000,000 s)
2025-06-06 16:07:51,692 INFO  - Already have ACK (at simulation time 239.000,000,000 s)
2025-06-06 16:07:51,692 INFO  - Already have ACK (at simulation time 239.000,000,000 s)
2025-06-06 16:07:51,693 INFO  - Already have ACK (at simulation time 239.000,000,000 s)
2025-06-06 16:07:51,693 INFO  - Already have ACK (at simulation time 239.000,000,000 s)
2025-06-06 16:07:51,693 INFO  - Already have ACK (at simulation time 239.000,000,000 s)
2025-06-06 16:07:51,693 INFO  - Already have ACK (at simulation time 239.000,000,000 s)
2025-06-06 16:07:51,693 INFO  - Already have ACK (at simulation time 239.000,000,000 s)
2025-06-06 16:07:51,693 INFO  - Already have ACK (at simulation time 239.000,000,000 s)
2025-06-06 16:07:51,693 INFO  - Already have ACK (at simulation time 239.000,000,000 s)
2025-06-06 16:07:51,693 INFO  - Already have ACK (at simulation time 239.000,000,000 s)
2025-06-06 16:07:51,693 INFO  - Already have ACK (at simulation time 239.000,000,000 s)
2025-06-06 16:07:51,693 INFO  - Already have ACK (at simulation time 239.000,000,000 s)
2025-06-06 16:07:51,693 INFO  - Already have ACK (at simulation time 239.000,000,000 s)
2025-06-06 16:07:51,693 INFO  - Already have ACK (at simulation time 239.000,000,000 s)
2025-06-06 16:07:51,693 INFO  - Already have ACK (at simulation time 239.000,000,000 s)
2025-06-06 16:07:51,693 INFO  - Already have ACK (at simulation time 239.000,000,000 s)
2025-06-06 16:07:51,693 INFO  - Already have ACK (at simulation time 239.000,000,000 s)
2025-06-06 16:07:51,693 INFO  - Already have ACK (at simulation time 239.000,000,000 s)
2025-06-06 16:07:51,693 INFO  - Already have ACK (at simulation time 239.000,000,000 s)
2025-06-06 16:07:51,694 INFO  - Already have ACK (at simulation time 239.000,000,000 s)
2025-06-06 16:07:51,694 INFO  - Already have ACK (at simulation time 239.000,000,000 s)
2025-06-06 16:07:51,694 INFO  - Already have ACK (at simulation time 239.000,000,000 s)
2025-06-06 16:07:51,694 INFO  - Already have ACK (at simulation time 239.000,000,000 s)
2025-06-06 16:07:51,694 INFO  - Already have ACK (at simulation time 239.000,000,000 s)
2025-06-06 16:07:51,694 INFO  - Already have ACK (at simulation time 239.000,000,000 s)
2025-06-06 16:07:51,694 INFO  - Already have ACK (at simulation time 239.000,000,000 s)
2025-06-06 16:07:51,694 INFO  - Already have ACK (at simulation time 239.000,000,000 s)
2025-06-06 16:07:51,694 INFO  - Already have ACK (at simulation time 239.000,000,000 s)
2025-06-06 16:07:51,694 INFO  - Already have ACK (at simulation time 239.000,000,000 s)
2025-06-06 16:07:51,694 INFO  - Already have ACK (at simulation time 239.000,000,000 s)
2025-06-06 16:07:51,694 INFO  - Already have ACK (at simulation time 239.000,000,000 s)
2025-06-06 16:07:51,694 INFO  - Already have ACK (at simulation time 239.000,000,000 s)
2025-06-06 16:07:51,694 INFO  - Already have ACK (at simulation time 239.000,000,000 s)
2025-06-06 16:07:51,694 INFO  - Already have ACK (at simulation time 239.000,000,000 s)
2025-06-06 16:07:51,694 INFO  - Already have ACK (at simulation time 239.000,000,000 s)
2025-06-06 16:07:51,694 INFO  - Already have ACK (at simulation time 239.000,000,000 s)
2025-06-06 16:07:51,694 INFO  - Already have ACK (at simulation time 239.000,000,000 s)
2025-06-06 16:07:51,697 INFO  - Already have ACK (at simulation time 240.000,000,000 s)
2025-06-06 16:07:51,698 INFO  - Already have ACK (at simulation time 240.000,000,000 s)
2025-06-06 16:07:51,698 INFO  - Already have ACK (at simulation time 240.000,000,000 s)
2025-06-06 16:07:51,698 INFO  - Already have ACK (at simulation time 240.000,000,000 s)
2025-06-06 16:07:51,698 INFO  - Already have ACK (at simulation time 240.000,000,000 s)
2025-06-06 16:07:51,698 INFO  - Already have ACK (at simulation time 240.000,000,000 s)
2025-06-06 16:07:51,698 INFO  - Already have ACK (at simulation time 240.000,000,000 s)
2025-06-06 16:07:51,698 INFO  - Already have ACK (at simulation time 240.000,000,000 s)
2025-06-06 16:07:51,698 INFO  - Already have ACK (at simulation time 240.000,000,000 s)
2025-06-06 16:07:51,698 INFO  - Already have ACK (at simulation time 240.000,000,000 s)
2025-06-06 16:07:51,698 INFO  - Already have ACK (at simulation time 240.000,000,000 s)
2025-06-06 16:07:51,698 INFO  - Already have ACK (at simulation time 240.000,000,000 s)
2025-06-06 16:07:51,698 INFO  - Already have ACK (at simulation time 240.000,000,000 s)
2025-06-06 16:07:51,698 INFO  - Already have ACK (at simulation time 240.000,000,000 s)
2025-06-06 16:07:51,698 INFO  - Already have ACK (at simulation time 240.000,000,000 s)
2025-06-06 16:07:51,699 INFO  - Already have ACK (at simulation time 240.000,000,000 s)
2025-06-06 16:07:51,699 INFO  - Already have ACK (at simulation time 240.000,000,000 s)
2025-06-06 16:07:51,699 INFO  - Already have ACK (at simulation time 240.000,000,000 s)
2025-06-06 16:07:51,699 INFO  - Already have ACK (at simulation time 240.000,000,000 s)
2025-06-06 16:07:51,699 INFO  - Already have ACK (at simulation time 240.000,000,000 s)
2025-06-06 16:07:51,699 INFO  - Already have ACK (at simulation time 240.000,000,000 s)
2025-06-06 16:07:51,699 INFO  - Already have ACK (at simulation time 240.000,000,000 s)
2025-06-06 16:07:51,699 INFO  - Already have ACK (at simulation time 240.000,000,000 s)
2025-06-06 16:07:51,699 INFO  - Already have ACK (at simulation time 240.000,000,000 s)
2025-06-06 16:07:51,699 INFO  - Already have ACK (at simulation time 240.000,000,000 s)
2025-06-06 16:07:51,699 INFO  - Already have ACK (at simulation time 240.000,000,000 s)
2025-06-06 16:07:51,699 INFO  - Already have ACK (at simulation time 240.000,000,000 s)
2025-06-06 16:07:51,699 INFO  - Already have ACK (at simulation time 240.000,000,000 s)
2025-06-06 16:07:51,699 INFO  - Already have ACK (at simulation time 240.000,000,000 s)
2025-06-06 16:07:51,699 INFO  - Already have ACK (at simulation time 240.000,000,000 s)
2025-06-06 16:07:51,699 INFO  - Already have ACK (at simulation time 240.000,000,000 s)
2025-06-06 16:07:51,699 INFO  - Already have ACK (at simulation time 240.000,000,000 s)
2025-06-06 16:07:51,700 INFO  - Already have ACK (at simulation time 240.000,000,000 s)
2025-06-06 16:07:51,700 INFO  - Already have ACK (at simulation time 240.000,000,000 s)
2025-06-06 16:07:51,700 INFO  - Already have ACK (at simulation time 240.000,000,000 s)
2025-06-06 16:07:51,700 INFO  - Already have ACK (at simulation time 240.000,000,000 s)
2025-06-06 16:07:51,700 INFO  - Already have ACK (at simulation time 240.000,000,000 s)
2025-06-06 16:07:51,700 INFO  - Already have ACK (at simulation time 240.000,000,000 s)
2025-06-06 16:07:51,700 INFO  - Already have ACK (at simulation time 240.000,000,000 s)
2025-06-06 16:07:51,700 INFO  - Already have ACK (at simulation time 240.000,000,000 s)
2025-06-06 16:07:51,700 INFO  - Already have ACK (at simulation time 240.000,000,000 s)
2025-06-06 16:07:51,700 INFO  - Already have ACK (at simulation time 240.000,000,000 s)
2025-06-06 16:07:51,700 INFO  - Already have ACK (at simulation time 240.000,000,000 s)
2025-06-06 16:07:51,700 INFO  - Already have ACK (at simulation time 240.000,000,000 s)
2025-06-06 16:07:51,700 INFO  - Already have ACK (at simulation time 240.000,000,000 s)
2025-06-06 16:07:51,700 INFO  - Already have ACK (at simulation time 240.000,000,000 s)
2025-06-06 16:07:51,700 INFO  - Already have ACK (at simulation time 240.000,000,000 s)
2025-06-06 16:07:51,700 INFO  - Already have ACK (at simulation time 240.000,000,000 s)
2025-06-06 16:07:51,700 INFO  - Already have ACK (at simulation time 240.000,000,000 s)
2025-06-06 16:07:51,700 INFO  - Already have ACK (at simulation time 240.000,000,000 s)
2025-06-06 16:07:51,700 INFO  - Already have ACK (at simulation time 240.000,000,000 s)
2025-06-06 16:07:51,700 INFO  - Already have ACK (at simulation time 240.000,000,000 s)
2025-06-06 16:07:51,700 INFO  - Already have ACK (at simulation time 240.000,000,000 s)
2025-06-06 16:07:51,700 INFO  - Already have ACK (at simulation time 240.000,000,000 s)
2025-06-06 16:07:51,700 INFO  - Already have ACK (at simulation time 240.000,000,000 s)
2025-06-06 16:07:51,701 INFO  - Already have ACK (at simulation time 240.000,000,000 s)
2025-06-06 16:07:51,701 INFO  - Already have ACK (at simulation time 240.000,000,000 s)
2025-06-06 16:07:51,701 INFO  - Already have ACK (at simulation time 240.000,000,000 s)
2025-06-06 16:07:51,701 INFO  - Already have ACK (at simulation time 240.000,000,000 s)
2025-06-06 16:07:51,701 INFO  - Already have ACK (at simulation time 240.000,000,000 s)
2025-06-06 16:07:51,702 INFO  - Received metrics from FogNode: avgR0=1.4583333333333333, avgR1=1.9583333333333333 (at simulation time 240.003,800,000 s)
2025-06-06 16:07:51,703 INFO  - Sent periodic GreenWaveMsg: veh_35 on route r_1 (at simulation time 241.000,000,000 s)
2025-06-06 16:07:51,703 INFO  - Already have ACK (at simulation time 241.000,000,000 s)
2025-06-06 16:07:51,704 INFO  - Already have ACK (at simulation time 241.000,000,000 s)
2025-06-06 16:07:51,704 INFO  - Already have ACK (at simulation time 241.000,000,000 s)
2025-06-06 16:07:51,704 INFO  - Already have ACK (at simulation time 241.000,000,000 s)
2025-06-06 16:07:51,704 INFO  - Already have ACK (at simulation time 241.000,000,000 s)
2025-06-06 16:07:51,704 INFO  - Already have ACK (at simulation time 241.000,000,000 s)
2025-06-06 16:07:51,704 INFO  - Already have ACK (at simulation time 241.000,000,000 s)
2025-06-06 16:07:51,704 INFO  - Already have ACK (at simulation time 241.000,000,000 s)
2025-06-06 16:07:51,704 INFO  - Already have ACK (at simulation time 241.000,000,000 s)
2025-06-06 16:07:51,704 INFO  - Already have ACK (at simulation time 241.000,000,000 s)
2025-06-06 16:07:51,704 INFO  - Already have ACK (at simulation time 241.000,000,000 s)
2025-06-06 16:07:51,704 INFO  - Already have ACK (at simulation time 241.000,000,000 s)
2025-06-06 16:07:51,704 INFO  - Already have ACK (at simulation time 241.000,000,000 s)
2025-06-06 16:07:51,705 INFO  - Already have ACK (at simulation time 241.000,000,000 s)
2025-06-06 16:07:51,705 INFO  - Already have ACK (at simulation time 241.000,000,000 s)
2025-06-06 16:07:51,705 INFO  - Already have ACK (at simulation time 241.000,000,000 s)
2025-06-06 16:07:51,705 INFO  - Already have ACK (at simulation time 241.000,000,000 s)
2025-06-06 16:07:51,705 INFO  - Already have ACK (at simulation time 241.000,000,000 s)
2025-06-06 16:07:51,705 INFO  - Already have ACK (at simulation time 241.000,000,000 s)
2025-06-06 16:07:51,705 INFO  - Already have ACK (at simulation time 241.000,000,000 s)
2025-06-06 16:07:51,705 INFO  - Already have ACK (at simulation time 241.000,000,000 s)
2025-06-06 16:07:51,705 INFO  - Already have ACK (at simulation time 241.000,000,000 s)
2025-06-06 16:07:51,705 INFO  - Already have ACK (at simulation time 241.000,000,000 s)
2025-06-06 16:07:51,705 INFO  - Already have ACK (at simulation time 241.000,000,000 s)
2025-06-06 16:07:51,705 INFO  - Already have ACK (at simulation time 241.000,000,000 s)
2025-06-06 16:07:51,705 INFO  - Already have ACK (at simulation time 241.000,000,000 s)
2025-06-06 16:07:51,705 INFO  - Already have ACK (at simulation time 241.000,000,000 s)
2025-06-06 16:07:51,705 INFO  - Already have ACK (at simulation time 241.000,000,000 s)
2025-06-06 16:07:51,706 INFO  - Already have ACK (at simulation time 241.000,000,000 s)
2025-06-06 16:07:51,706 INFO  - Already have ACK (at simulation time 241.000,000,000 s)
2025-06-06 16:07:51,706 INFO  - Already have ACK (at simulation time 241.000,000,000 s)
2025-06-06 16:07:51,706 INFO  - Already have ACK (at simulation time 241.000,000,000 s)
2025-06-06 16:07:51,706 INFO  - Already have ACK (at simulation time 241.000,000,000 s)
2025-06-06 16:07:51,706 INFO  - Already have ACK (at simulation time 241.000,000,000 s)
2025-06-06 16:07:51,706 INFO  - Already have ACK (at simulation time 241.000,000,000 s)
2025-06-06 16:07:51,706 INFO  - Already have ACK (at simulation time 241.000,000,000 s)
2025-06-06 16:07:51,706 INFO  - Already have ACK (at simulation time 241.000,000,000 s)
2025-06-06 16:07:51,706 INFO  - Already have ACK (at simulation time 241.000,000,000 s)
2025-06-06 16:07:51,706 INFO  - Already have ACK (at simulation time 241.000,000,000 s)
2025-06-06 16:07:51,706 INFO  - Already have ACK (at simulation time 241.000,000,000 s)
2025-06-06 16:07:51,706 INFO  - Already have ACK (at simulation time 241.000,000,000 s)
2025-06-06 16:07:51,706 INFO  - Already have ACK (at simulation time 241.000,000,000 s)
2025-06-06 16:07:51,706 INFO  - Already have ACK (at simulation time 241.000,000,000 s)
2025-06-06 16:07:51,706 INFO  - Already have ACK (at simulation time 241.000,000,000 s)
2025-06-06 16:07:51,706 INFO  - Already have ACK (at simulation time 241.000,000,000 s)
2025-06-06 16:07:51,706 INFO  - Already have ACK (at simulation time 241.000,000,000 s)
2025-06-06 16:07:51,706 INFO  - Already have ACK (at simulation time 241.000,000,000 s)
2025-06-06 16:07:51,706 INFO  - Already have ACK (at simulation time 241.000,000,000 s)
2025-06-06 16:07:51,706 INFO  - Already have ACK (at simulation time 241.000,000,000 s)
2025-06-06 16:07:51,706 INFO  - Already have ACK (at simulation time 241.000,000,000 s)
2025-06-06 16:07:51,707 INFO  - Already have ACK (at simulation time 241.000,000,000 s)
2025-06-06 16:07:51,707 INFO  - Already have ACK (at simulation time 241.000,000,000 s)
2025-06-06 16:07:51,707 INFO  - Already have ACK (at simulation time 241.000,000,000 s)
2025-06-06 16:07:51,707 INFO  - Already have ACK (at simulation time 241.000,000,000 s)
2025-06-06 16:07:51,707 INFO  - Already have ACK (at simulation time 241.000,000,000 s)
2025-06-06 16:07:51,707 INFO  - Already have ACK (at simulation time 241.000,000,000 s)
2025-06-06 16:07:51,707 INFO  - Already have ACK (at simulation time 241.000,000,000 s)
2025-06-06 16:07:51,707 INFO  - Already have ACK (at simulation time 241.000,000,000 s)
2025-06-06 16:07:51,707 INFO  - Already have ACK (at simulation time 241.000,000,000 s)
2025-06-06 16:07:51,707 INFO  - Already have ACK (at simulation time 241.000,000,000 s)
2025-06-06 16:07:51,707 INFO  - Already have ACK (at simulation time 241.000,000,000 s)
2025-06-06 16:07:51,709 INFO  - Already have ACK (at simulation time 242.000,000,000 s)
2025-06-06 16:07:51,710 INFO  - Already have ACK (at simulation time 242.000,000,000 s)
2025-06-06 16:07:51,710 INFO  - Already have ACK (at simulation time 242.000,000,000 s)
2025-06-06 16:07:51,710 INFO  - Already have ACK (at simulation time 242.000,000,000 s)
2025-06-06 16:07:51,710 INFO  - Already have ACK (at simulation time 242.000,000,000 s)
2025-06-06 16:07:51,710 INFO  - Already have ACK (at simulation time 242.000,000,000 s)
2025-06-06 16:07:51,710 INFO  - Already have ACK (at simulation time 242.000,000,000 s)
2025-06-06 16:07:51,710 INFO  - Already have ACK (at simulation time 242.000,000,000 s)
2025-06-06 16:07:51,710 INFO  - Already have ACK (at simulation time 242.000,000,000 s)
2025-06-06 16:07:51,710 INFO  - Already have ACK (at simulation time 242.000,000,000 s)
2025-06-06 16:07:51,710 INFO  - Already have ACK (at simulation time 242.000,000,000 s)
2025-06-06 16:07:51,710 INFO  - Already have ACK (at simulation time 242.000,000,000 s)
2025-06-06 16:07:51,710 INFO  - Already have ACK (at simulation time 242.000,000,000 s)
2025-06-06 16:07:51,710 INFO  - Already have ACK (at simulation time 242.000,000,000 s)
2025-06-06 16:07:51,711 INFO  - Already have ACK (at simulation time 242.000,000,000 s)
2025-06-06 16:07:51,711 INFO  - Already have ACK (at simulation time 242.000,000,000 s)
2025-06-06 16:07:51,711 INFO  - Already have ACK (at simulation time 242.000,000,000 s)
2025-06-06 16:07:51,711 INFO  - Already have ACK (at simulation time 242.000,000,000 s)
2025-06-06 16:07:51,711 INFO  - Already have ACK (at simulation time 242.000,000,000 s)
2025-06-06 16:07:51,711 INFO  - Already have ACK (at simulation time 242.000,000,000 s)
2025-06-06 16:07:51,711 INFO  - Already have ACK (at simulation time 242.000,000,000 s)
2025-06-06 16:07:51,711 INFO  - Already have ACK (at simulation time 242.000,000,000 s)
2025-06-06 16:07:51,711 INFO  - Already have ACK (at simulation time 242.000,000,000 s)
2025-06-06 16:07:51,711 INFO  - Already have ACK (at simulation time 242.000,000,000 s)
2025-06-06 16:07:51,711 INFO  - Already have ACK (at simulation time 242.000,000,000 s)
2025-06-06 16:07:51,711 INFO  - Already have ACK (at simulation time 242.000,000,000 s)
2025-06-06 16:07:51,711 INFO  - Already have ACK (at simulation time 242.000,000,000 s)
2025-06-06 16:07:51,711 INFO  - Already have ACK (at simulation time 242.000,000,000 s)
2025-06-06 16:07:51,711 INFO  - Already have ACK (at simulation time 242.000,000,000 s)
2025-06-06 16:07:51,711 INFO  - Already have ACK (at simulation time 242.000,000,000 s)
2025-06-06 16:07:51,711 INFO  - Already have ACK (at simulation time 242.000,000,000 s)
2025-06-06 16:07:51,711 INFO  - Already have ACK (at simulation time 242.000,000,000 s)
2025-06-06 16:07:51,712 INFO  - Already have ACK (at simulation time 242.000,000,000 s)
2025-06-06 16:07:51,712 INFO  - Already have ACK (at simulation time 242.000,000,000 s)
2025-06-06 16:07:51,712 INFO  - Already have ACK (at simulation time 242.000,000,000 s)
2025-06-06 16:07:51,712 INFO  - Already have ACK (at simulation time 242.000,000,000 s)
2025-06-06 16:07:51,712 INFO  - Already have ACK (at simulation time 242.000,000,000 s)
2025-06-06 16:07:51,712 INFO  - Already have ACK (at simulation time 242.000,000,000 s)
2025-06-06 16:07:51,712 INFO  - Already have ACK (at simulation time 242.000,000,000 s)
2025-06-06 16:07:51,712 INFO  - Already have ACK (at simulation time 242.000,000,000 s)
2025-06-06 16:07:51,712 INFO  - Already have ACK (at simulation time 242.000,000,000 s)
2025-06-06 16:07:51,712 INFO  - Already have ACK (at simulation time 242.000,000,000 s)
2025-06-06 16:07:51,712 INFO  - Already have ACK (at simulation time 242.000,000,000 s)
2025-06-06 16:07:51,712 INFO  - Already have ACK (at simulation time 242.000,000,000 s)
2025-06-06 16:07:51,712 INFO  - Already have ACK (at simulation time 242.000,000,000 s)
2025-06-06 16:07:51,712 INFO  - Already have ACK (at simulation time 242.000,000,000 s)
2025-06-06 16:07:51,712 INFO  - Already have ACK (at simulation time 242.000,000,000 s)
2025-06-06 16:07:51,712 INFO  - Already have ACK (at simulation time 242.000,000,000 s)
2025-06-06 16:07:51,712 INFO  - Already have ACK (at simulation time 242.000,000,000 s)
2025-06-06 16:07:51,712 INFO  - Already have ACK (at simulation time 242.000,000,000 s)
2025-06-06 16:07:51,712 INFO  - Already have ACK (at simulation time 242.000,000,000 s)
2025-06-06 16:07:51,712 INFO  - Already have ACK (at simulation time 242.000,000,000 s)
2025-06-06 16:07:51,712 INFO  - Already have ACK (at simulation time 242.000,000,000 s)
2025-06-06 16:07:51,712 INFO  - Already have ACK (at simulation time 242.000,000,000 s)
2025-06-06 16:07:51,712 INFO  - Already have ACK (at simulation time 242.000,000,000 s)
2025-06-06 16:07:51,713 INFO  - Already have ACK (at simulation time 242.000,000,000 s)
2025-06-06 16:07:51,713 INFO  - Already have ACK (at simulation time 242.000,000,000 s)
2025-06-06 16:07:51,713 INFO  - Already have ACK (at simulation time 242.000,000,000 s)
2025-06-06 16:07:51,713 INFO  - Already have ACK (at simulation time 242.000,000,000 s)
2025-06-06 16:07:51,713 INFO  - Already have ACK (at simulation time 242.000,000,000 s)
2025-06-06 16:07:51,713 INFO  - Already have ACK (at simulation time 242.000,000,000 s)
2025-06-06 16:07:51,713 INFO  - Already have ACK (at simulation time 242.000,000,000 s)
2025-06-06 16:07:51,719 INFO  - Already have ACK (at simulation time 243.000,000,000 s)
2025-06-06 16:07:51,719 INFO  - Already have ACK (at simulation time 243.000,000,000 s)
2025-06-06 16:07:51,719 INFO  - Already have ACK (at simulation time 243.000,000,000 s)
2025-06-06 16:07:51,720 INFO  - Already have ACK (at simulation time 243.000,000,000 s)
2025-06-06 16:07:51,720 INFO  - Already have ACK (at simulation time 243.000,000,000 s)
2025-06-06 16:07:51,720 INFO  - Already have ACK (at simulation time 243.000,000,000 s)
2025-06-06 16:07:51,720 INFO  - Already have ACK (at simulation time 243.000,000,000 s)
2025-06-06 16:07:51,720 INFO  - Already have ACK (at simulation time 243.000,000,000 s)
2025-06-06 16:07:51,720 INFO  - Already have ACK (at simulation time 243.000,000,000 s)
2025-06-06 16:07:51,720 INFO  - Already have ACK (at simulation time 243.000,000,000 s)
2025-06-06 16:07:51,720 INFO  - Already have ACK (at simulation time 243.000,000,000 s)
2025-06-06 16:07:51,720 INFO  - Already have ACK (at simulation time 243.000,000,000 s)
2025-06-06 16:07:51,720 INFO  - Already have ACK (at simulation time 243.000,000,000 s)
2025-06-06 16:07:51,720 INFO  - Already have ACK (at simulation time 243.000,000,000 s)
2025-06-06 16:07:51,720 INFO  - Already have ACK (at simulation time 243.000,000,000 s)
2025-06-06 16:07:51,720 INFO  - Already have ACK (at simulation time 243.000,000,000 s)
2025-06-06 16:07:51,720 INFO  - Already have ACK (at simulation time 243.000,000,000 s)
2025-06-06 16:07:51,720 INFO  - Already have ACK (at simulation time 243.000,000,000 s)
2025-06-06 16:07:51,720 INFO  - Already have ACK (at simulation time 243.000,000,000 s)
2025-06-06 16:07:51,720 INFO  - Already have ACK (at simulation time 243.000,000,000 s)
2025-06-06 16:07:51,721 INFO  - Already have ACK (at simulation time 243.000,000,000 s)
2025-06-06 16:07:51,721 INFO  - Already have ACK (at simulation time 243.000,000,000 s)
2025-06-06 16:07:51,721 INFO  - Already have ACK (at simulation time 243.000,000,000 s)
2025-06-06 16:07:51,721 INFO  - Already have ACK (at simulation time 243.000,000,000 s)
2025-06-06 16:07:51,721 INFO  - Already have ACK (at simulation time 243.000,000,000 s)
2025-06-06 16:07:51,721 INFO  - Already have ACK (at simulation time 243.000,000,000 s)
2025-06-06 16:07:51,721 INFO  - Already have ACK (at simulation time 243.000,000,000 s)
2025-06-06 16:07:51,721 INFO  - Already have ACK (at simulation time 243.000,000,000 s)
2025-06-06 16:07:51,721 INFO  - Already have ACK (at simulation time 243.000,000,000 s)
2025-06-06 16:07:51,721 INFO  - Already have ACK (at simulation time 243.000,000,000 s)
2025-06-06 16:07:51,721 INFO  - Already have ACK (at simulation time 243.000,000,000 s)
2025-06-06 16:07:51,721 INFO  - Already have ACK (at simulation time 243.000,000,000 s)
2025-06-06 16:07:51,721 INFO  - Already have ACK (at simulation time 243.000,000,000 s)
2025-06-06 16:07:51,721 INFO  - Already have ACK (at simulation time 243.000,000,000 s)
2025-06-06 16:07:51,721 INFO  - Already have ACK (at simulation time 243.000,000,000 s)
2025-06-06 16:07:51,721 INFO  - Already have ACK (at simulation time 243.000,000,000 s)
2025-06-06 16:07:51,721 INFO  - Already have ACK (at simulation time 243.000,000,000 s)
2025-06-06 16:07:51,721 INFO  - Already have ACK (at simulation time 243.000,000,000 s)
2025-06-06 16:07:51,721 INFO  - Already have ACK (at simulation time 243.000,000,000 s)
2025-06-06 16:07:51,721 INFO  - Already have ACK (at simulation time 243.000,000,000 s)
2025-06-06 16:07:51,721 INFO  - Already have ACK (at simulation time 243.000,000,000 s)
2025-06-06 16:07:51,722 INFO  - Already have ACK (at simulation time 243.000,000,000 s)
2025-06-06 16:07:51,722 INFO  - Already have ACK (at simulation time 243.000,000,000 s)
2025-06-06 16:07:51,722 INFO  - Already have ACK (at simulation time 243.000,000,000 s)
2025-06-06 16:07:51,722 INFO  - Already have ACK (at simulation time 243.000,000,000 s)
2025-06-06 16:07:51,722 INFO  - Already have ACK (at simulation time 243.000,000,000 s)
2025-06-06 16:07:51,722 INFO  - Already have ACK (at simulation time 243.000,000,000 s)
2025-06-06 16:07:51,722 INFO  - Already have ACK (at simulation time 243.000,000,000 s)
2025-06-06 16:07:51,722 INFO  - Already have ACK (at simulation time 243.000,000,000 s)
2025-06-06 16:07:51,722 INFO  - Already have ACK (at simulation time 243.000,000,000 s)
2025-06-06 16:07:51,722 INFO  - Already have ACK (at simulation time 243.000,000,000 s)
2025-06-06 16:07:51,722 INFO  - Already have ACK (at simulation time 243.000,000,000 s)
2025-06-06 16:07:51,722 INFO  - Already have ACK (at simulation time 243.000,000,000 s)
2025-06-06 16:07:51,722 INFO  - Already have ACK (at simulation time 243.000,000,000 s)
2025-06-06 16:07:51,722 INFO  - Already have ACK (at simulation time 243.000,000,000 s)
2025-06-06 16:07:51,722 INFO  - Already have ACK (at simulation time 243.000,000,000 s)
2025-06-06 16:07:51,722 INFO  - Already have ACK (at simulation time 243.000,000,000 s)
2025-06-06 16:07:51,722 INFO  - Already have ACK (at simulation time 243.000,000,000 s)
2025-06-06 16:07:51,722 INFO  - Already have ACK (at simulation time 243.000,000,000 s)
2025-06-06 16:07:51,722 INFO  - Already have ACK (at simulation time 243.000,000,000 s)
2025-06-06 16:07:51,722 INFO  - Already have ACK (at simulation time 243.000,000,000 s)
2025-06-06 16:07:51,722 INFO  - Already have ACK (at simulation time 243.000,000,000 s)
2025-06-06 16:07:51,722 INFO  - Already have ACK (at simulation time 243.000,000,000 s)
2025-06-06 16:07:51,724 INFO  - Already have ACK (at simulation time 244.000,000,000 s)
2025-06-06 16:07:51,724 INFO  - Already have ACK (at simulation time 244.000,000,000 s)
2025-06-06 16:07:51,724 INFO  - Already have ACK (at simulation time 244.000,000,000 s)
2025-06-06 16:07:51,724 INFO  - Already have ACK (at simulation time 244.000,000,000 s)
2025-06-06 16:07:51,724 INFO  - Already have ACK (at simulation time 244.000,000,000 s)
2025-06-06 16:07:51,725 INFO  - Already have ACK (at simulation time 244.000,000,000 s)
2025-06-06 16:07:51,725 INFO  - Already have ACK (at simulation time 244.000,000,000 s)
2025-06-06 16:07:51,725 INFO  - Already have ACK (at simulation time 244.000,000,000 s)
2025-06-06 16:07:51,725 INFO  - Already have ACK (at simulation time 244.000,000,000 s)
2025-06-06 16:07:51,725 INFO  - Already have ACK (at simulation time 244.000,000,000 s)
2025-06-06 16:07:51,725 INFO  - Already have ACK (at simulation time 244.000,000,000 s)
2025-06-06 16:07:51,725 INFO  - Already have ACK (at simulation time 244.000,000,000 s)
2025-06-06 16:07:51,725 INFO  - Already have ACK (at simulation time 244.000,000,000 s)
2025-06-06 16:07:51,725 INFO  - Already have ACK (at simulation time 244.000,000,000 s)
2025-06-06 16:07:51,725 INFO  - Already have ACK (at simulation time 244.000,000,000 s)
2025-06-06 16:07:51,725 INFO  - Already have ACK (at simulation time 244.000,000,000 s)
2025-06-06 16:07:51,725 INFO  - Already have ACK (at simulation time 244.000,000,000 s)
2025-06-06 16:07:51,725 INFO  - Already have ACK (at simulation time 244.000,000,000 s)
2025-06-06 16:07:51,725 INFO  - Already have ACK (at simulation time 244.000,000,000 s)
2025-06-06 16:07:51,725 INFO  - Already have ACK (at simulation time 244.000,000,000 s)
2025-06-06 16:07:51,725 INFO  - Already have ACK (at simulation time 244.000,000,000 s)
2025-06-06 16:07:51,725 INFO  - Already have ACK (at simulation time 244.000,000,000 s)
2025-06-06 16:07:51,726 INFO  - Already have ACK (at simulation time 244.000,000,000 s)
2025-06-06 16:07:51,726 INFO  - Already have ACK (at simulation time 244.000,000,000 s)
2025-06-06 16:07:51,726 INFO  - Already have ACK (at simulation time 244.000,000,000 s)
2025-06-06 16:07:51,726 INFO  - Already have ACK (at simulation time 244.000,000,000 s)
2025-06-06 16:07:51,726 INFO  - Already have ACK (at simulation time 244.000,000,000 s)
2025-06-06 16:07:51,726 INFO  - Already have ACK (at simulation time 244.000,000,000 s)
2025-06-06 16:07:51,726 INFO  - Already have ACK (at simulation time 244.000,000,000 s)
2025-06-06 16:07:51,726 INFO  - Already have ACK (at simulation time 244.000,000,000 s)
2025-06-06 16:07:51,726 INFO  - Already have ACK (at simulation time 244.000,000,000 s)
2025-06-06 16:07:51,726 INFO  - Already have ACK (at simulation time 244.000,000,000 s)
2025-06-06 16:07:51,726 INFO  - Already have ACK (at simulation time 244.000,000,000 s)
2025-06-06 16:07:51,726 INFO  - Already have ACK (at simulation time 244.000,000,000 s)
2025-06-06 16:07:51,726 INFO  - Already have ACK (at simulation time 244.000,000,000 s)
2025-06-06 16:07:51,726 INFO  - Already have ACK (at simulation time 244.000,000,000 s)
2025-06-06 16:07:51,726 INFO  - Already have ACK (at simulation time 244.000,000,000 s)
2025-06-06 16:07:51,726 INFO  - Already have ACK (at simulation time 244.000,000,000 s)
2025-06-06 16:07:51,726 INFO  - Already have ACK (at simulation time 244.000,000,000 s)
2025-06-06 16:07:51,726 INFO  - Already have ACK (at simulation time 244.000,000,000 s)
2025-06-06 16:07:51,726 INFO  - Already have ACK (at simulation time 244.000,000,000 s)
2025-06-06 16:07:51,726 INFO  - Already have ACK (at simulation time 244.000,000,000 s)
2025-06-06 16:07:51,726 INFO  - Already have ACK (at simulation time 244.000,000,000 s)
2025-06-06 16:07:51,726 INFO  - Already have ACK (at simulation time 244.000,000,000 s)
2025-06-06 16:07:51,727 INFO  - Already have ACK (at simulation time 244.000,000,000 s)
2025-06-06 16:07:51,727 INFO  - Already have ACK (at simulation time 244.000,000,000 s)
2025-06-06 16:07:51,727 INFO  - Already have ACK (at simulation time 244.000,000,000 s)
2025-06-06 16:07:51,727 INFO  - Already have ACK (at simulation time 244.000,000,000 s)
2025-06-06 16:07:51,727 INFO  - Already have ACK (at simulation time 244.000,000,000 s)
2025-06-06 16:07:51,727 INFO  - Already have ACK (at simulation time 244.000,000,000 s)
2025-06-06 16:07:51,727 INFO  - Already have ACK (at simulation time 244.000,000,000 s)
2025-06-06 16:07:51,727 INFO  - Already have ACK (at simulation time 244.000,000,000 s)
2025-06-06 16:07:51,727 INFO  - Already have ACK (at simulation time 244.000,000,000 s)
2025-06-06 16:07:51,727 INFO  - Already have ACK (at simulation time 244.000,000,000 s)
2025-06-06 16:07:51,727 INFO  - Already have ACK (at simulation time 244.000,000,000 s)
2025-06-06 16:07:51,727 INFO  - Already have ACK (at simulation time 244.000,000,000 s)
2025-06-06 16:07:51,727 INFO  - Already have ACK (at simulation time 244.000,000,000 s)
2025-06-06 16:07:51,727 INFO  - Already have ACK (at simulation time 244.000,000,000 s)
2025-06-06 16:07:51,727 INFO  - Already have ACK (at simulation time 244.000,000,000 s)
2025-06-06 16:07:51,727 INFO  - Already have ACK (at simulation time 244.000,000,000 s)
2025-06-06 16:07:51,727 INFO  - Already have ACK (at simulation time 244.000,000,000 s)
2025-06-06 16:07:51,727 INFO  - Already have ACK (at simulation time 244.000,000,000 s)
2025-06-06 16:07:51,727 INFO  - Already have ACK (at simulation time 244.000,000,000 s)
2025-06-06 16:07:51,727 INFO  - Already have ACK (at simulation time 244.000,000,000 s)
2025-06-06 16:07:51,729 INFO  - Already have ACK (at simulation time 245.000,000,000 s)
2025-06-06 16:07:51,729 INFO  - Already have ACK (at simulation time 245.000,000,000 s)
2025-06-06 16:07:51,729 INFO  - Already have ACK (at simulation time 245.000,000,000 s)
2025-06-06 16:07:51,729 INFO  - Already have ACK (at simulation time 245.000,000,000 s)
2025-06-06 16:07:51,730 INFO  - Already have ACK (at simulation time 245.000,000,000 s)
2025-06-06 16:07:51,730 INFO  - Already have ACK (at simulation time 245.000,000,000 s)
2025-06-06 16:07:51,730 INFO  - Already have ACK (at simulation time 245.000,000,000 s)
2025-06-06 16:07:51,730 INFO  - Already have ACK (at simulation time 245.000,000,000 s)
2025-06-06 16:07:51,730 INFO  - Already have ACK (at simulation time 245.000,000,000 s)
2025-06-06 16:07:51,730 INFO  - Already have ACK (at simulation time 245.000,000,000 s)
2025-06-06 16:07:51,730 INFO  - Already have ACK (at simulation time 245.000,000,000 s)
2025-06-06 16:07:51,730 INFO  - Already have ACK (at simulation time 245.000,000,000 s)
2025-06-06 16:07:51,730 INFO  - Already have ACK (at simulation time 245.000,000,000 s)
2025-06-06 16:07:51,730 INFO  - Already have ACK (at simulation time 245.000,000,000 s)
2025-06-06 16:07:51,730 INFO  - Already have ACK (at simulation time 245.000,000,000 s)
2025-06-06 16:07:51,730 INFO  - Already have ACK (at simulation time 245.000,000,000 s)
2025-06-06 16:07:51,730 INFO  - Already have ACK (at simulation time 245.000,000,000 s)
2025-06-06 16:07:51,730 INFO  - Already have ACK (at simulation time 245.000,000,000 s)
2025-06-06 16:07:51,730 INFO  - Already have ACK (at simulation time 245.000,000,000 s)
2025-06-06 16:07:51,730 INFO  - Already have ACK (at simulation time 245.000,000,000 s)
2025-06-06 16:07:51,730 INFO  - Already have ACK (at simulation time 245.000,000,000 s)
2025-06-06 16:07:51,730 INFO  - Already have ACK (at simulation time 245.000,000,000 s)
2025-06-06 16:07:51,730 INFO  - Already have ACK (at simulation time 245.000,000,000 s)
2025-06-06 16:07:51,731 INFO  - Already have ACK (at simulation time 245.000,000,000 s)
2025-06-06 16:07:51,731 INFO  - Already have ACK (at simulation time 245.000,000,000 s)
2025-06-06 16:07:51,731 INFO  - Already have ACK (at simulation time 245.000,000,000 s)
2025-06-06 16:07:51,731 INFO  - Already have ACK (at simulation time 245.000,000,000 s)
2025-06-06 16:07:51,731 INFO  - Already have ACK (at simulation time 245.000,000,000 s)
2025-06-06 16:07:51,731 INFO  - Already have ACK (at simulation time 245.000,000,000 s)
2025-06-06 16:07:51,731 INFO  - Already have ACK (at simulation time 245.000,000,000 s)
2025-06-06 16:07:51,731 INFO  - Already have ACK (at simulation time 245.000,000,000 s)
2025-06-06 16:07:51,731 INFO  - Already have ACK (at simulation time 245.000,000,000 s)
2025-06-06 16:07:51,731 INFO  - Already have ACK (at simulation time 245.000,000,000 s)
2025-06-06 16:07:51,731 INFO  - Already have ACK (at simulation time 245.000,000,000 s)
2025-06-06 16:07:51,731 INFO  - Already have ACK (at simulation time 245.000,000,000 s)
2025-06-06 16:07:51,731 INFO  - Already have ACK (at simulation time 245.000,000,000 s)
2025-06-06 16:07:51,731 INFO  - Already have ACK (at simulation time 245.000,000,000 s)
2025-06-06 16:07:51,731 INFO  - Already have ACK (at simulation time 245.000,000,000 s)
2025-06-06 16:07:51,731 INFO  - Already have ACK (at simulation time 245.000,000,000 s)
2025-06-06 16:07:51,731 INFO  - Already have ACK (at simulation time 245.000,000,000 s)
2025-06-06 16:07:51,731 INFO  - Already have ACK (at simulation time 245.000,000,000 s)
2025-06-06 16:07:51,731 INFO  - Already have ACK (at simulation time 245.000,000,000 s)
2025-06-06 16:07:51,731 INFO  - Already have ACK (at simulation time 245.000,000,000 s)
2025-06-06 16:07:51,731 INFO  - Already have ACK (at simulation time 245.000,000,000 s)
2025-06-06 16:07:51,731 INFO  - Already have ACK (at simulation time 245.000,000,000 s)
2025-06-06 16:07:51,731 INFO  - Already have ACK (at simulation time 245.000,000,000 s)
2025-06-06 16:07:51,731 INFO  - Already have ACK (at simulation time 245.000,000,000 s)
2025-06-06 16:07:51,731 INFO  - Already have ACK (at simulation time 245.000,000,000 s)
2025-06-06 16:07:51,731 INFO  - Already have ACK (at simulation time 245.000,000,000 s)
2025-06-06 16:07:51,731 INFO  - Already have ACK (at simulation time 245.000,000,000 s)
2025-06-06 16:07:51,731 INFO  - Already have ACK (at simulation time 245.000,000,000 s)
2025-06-06 16:07:51,731 INFO  - Already have ACK (at simulation time 245.000,000,000 s)
2025-06-06 16:07:51,732 INFO  - Already have ACK (at simulation time 245.000,000,000 s)
2025-06-06 16:07:51,732 INFO  - Already have ACK (at simulation time 245.000,000,000 s)
2025-06-06 16:07:51,732 INFO  - Already have ACK (at simulation time 245.000,000,000 s)
2025-06-06 16:07:51,732 INFO  - Already have ACK (at simulation time 245.000,000,000 s)
2025-06-06 16:07:51,732 INFO  - Already have ACK (at simulation time 245.000,000,000 s)
2025-06-06 16:07:51,732 INFO  - Already have ACK (at simulation time 245.000,000,000 s)
2025-06-06 16:07:51,732 INFO  - Already have ACK (at simulation time 245.000,000,000 s)
2025-06-06 16:07:51,732 INFO  - Already have ACK (at simulation time 245.000,000,000 s)
2025-06-06 16:07:51,732 INFO  - Already have ACK (at simulation time 245.000,000,000 s)
2025-06-06 16:07:51,732 INFO  - Already have ACK (at simulation time 245.000,000,000 s)
2025-06-06 16:07:51,732 INFO  - Already have ACK (at simulation time 245.000,000,000 s)
2025-06-06 16:07:51,732 INFO  - Already have ACK (at simulation time 245.000,000,000 s)
2025-06-06 16:07:51,732 INFO  - Already have ACK (at simulation time 245.000,000,000 s)
2025-06-06 16:07:51,733 INFO  - Sent periodic GreenWaveMsg: veh_35 on route r_1 (at simulation time 246.000,000,000 s)
2025-06-06 16:07:51,733 INFO  - Already have ACK (at simulation time 246.000,000,000 s)
2025-06-06 16:07:51,733 INFO  - Already have ACK (at simulation time 246.000,000,000 s)
2025-06-06 16:07:51,734 INFO  - Already have ACK (at simulation time 246.000,000,000 s)
2025-06-06 16:07:51,734 INFO  - Already have ACK (at simulation time 246.000,000,000 s)
2025-06-06 16:07:51,734 INFO  - Already have ACK (at simulation time 246.000,000,000 s)
2025-06-06 16:07:51,734 INFO  - Already have ACK (at simulation time 246.000,000,000 s)
2025-06-06 16:07:51,734 INFO  - Already have ACK (at simulation time 246.000,000,000 s)
2025-06-06 16:07:51,734 INFO  - Already have ACK (at simulation time 246.000,000,000 s)
2025-06-06 16:07:51,734 INFO  - Already have ACK (at simulation time 246.000,000,000 s)
2025-06-06 16:07:51,734 INFO  - Already have ACK (at simulation time 246.000,000,000 s)
2025-06-06 16:07:51,734 INFO  - Already have ACK (at simulation time 246.000,000,000 s)
2025-06-06 16:07:51,734 INFO  - Already have ACK (at simulation time 246.000,000,000 s)
2025-06-06 16:07:51,734 INFO  - Already have ACK (at simulation time 246.000,000,000 s)
2025-06-06 16:07:51,734 INFO  - Already have ACK (at simulation time 246.000,000,000 s)
2025-06-06 16:07:51,734 INFO  - Already have ACK (at simulation time 246.000,000,000 s)
2025-06-06 16:07:51,734 INFO  - Already have ACK (at simulation time 246.000,000,000 s)
2025-06-06 16:07:51,734 INFO  - Already have ACK (at simulation time 246.000,000,000 s)
2025-06-06 16:07:51,734 INFO  - Already have ACK (at simulation time 246.000,000,000 s)
2025-06-06 16:07:51,734 INFO  - Already have ACK (at simulation time 246.000,000,000 s)
2025-06-06 16:07:51,734 INFO  - Already have ACK (at simulation time 246.000,000,000 s)
2025-06-06 16:07:51,735 INFO  - Already have ACK (at simulation time 246.000,000,000 s)
2025-06-06 16:07:51,735 INFO  - Already have ACK (at simulation time 246.000,000,000 s)
2025-06-06 16:07:51,735 INFO  - Already have ACK (at simulation time 246.000,000,000 s)
2025-06-06 16:07:51,735 INFO  - Already have ACK (at simulation time 246.000,000,000 s)
2025-06-06 16:07:51,735 INFO  - Already have ACK (at simulation time 246.000,000,000 s)
2025-06-06 16:07:51,735 INFO  - Already have ACK (at simulation time 246.000,000,000 s)
2025-06-06 16:07:51,735 INFO  - Already have ACK (at simulation time 246.000,000,000 s)
2025-06-06 16:07:51,735 INFO  - Already have ACK (at simulation time 246.000,000,000 s)
2025-06-06 16:07:51,735 INFO  - Already have ACK (at simulation time 246.000,000,000 s)
2025-06-06 16:07:51,735 INFO  - Already have ACK (at simulation time 246.000,000,000 s)
2025-06-06 16:07:51,735 INFO  - Already have ACK (at simulation time 246.000,000,000 s)
2025-06-06 16:07:51,735 INFO  - Already have ACK (at simulation time 246.000,000,000 s)
2025-06-06 16:07:51,735 INFO  - Already have ACK (at simulation time 246.000,000,000 s)
2025-06-06 16:07:51,735 INFO  - Already have ACK (at simulation time 246.000,000,000 s)
2025-06-06 16:07:51,735 INFO  - Already have ACK (at simulation time 246.000,000,000 s)
2025-06-06 16:07:51,735 INFO  - Already have ACK (at simulation time 246.000,000,000 s)
2025-06-06 16:07:51,735 INFO  - Already have ACK (at simulation time 246.000,000,000 s)
2025-06-06 16:07:51,735 INFO  - Already have ACK (at simulation time 246.000,000,000 s)
2025-06-06 16:07:51,735 INFO  - Already have ACK (at simulation time 246.000,000,000 s)
2025-06-06 16:07:51,735 INFO  - Already have ACK (at simulation time 246.000,000,000 s)
2025-06-06 16:07:51,735 INFO  - Already have ACK (at simulation time 246.000,000,000 s)
2025-06-06 16:07:51,735 INFO  - Already have ACK (at simulation time 246.000,000,000 s)
2025-06-06 16:07:51,735 INFO  - Already have ACK (at simulation time 246.000,000,000 s)
2025-06-06 16:07:51,735 INFO  - Already have ACK (at simulation time 246.000,000,000 s)
2025-06-06 16:07:51,735 INFO  - Already have ACK (at simulation time 246.000,000,000 s)
2025-06-06 16:07:51,735 INFO  - Already have ACK (at simulation time 246.000,000,000 s)
2025-06-06 16:07:51,735 INFO  - Already have ACK (at simulation time 246.000,000,000 s)
2025-06-06 16:07:51,736 INFO  - Already have ACK (at simulation time 246.000,000,000 s)
2025-06-06 16:07:51,736 INFO  - Already have ACK (at simulation time 246.000,000,000 s)
2025-06-06 16:07:51,736 INFO  - Already have ACK (at simulation time 246.000,000,000 s)
2025-06-06 16:07:51,736 INFO  - Already have ACK (at simulation time 246.000,000,000 s)
2025-06-06 16:07:51,736 INFO  - Already have ACK (at simulation time 246.000,000,000 s)
2025-06-06 16:07:51,736 INFO  - Already have ACK (at simulation time 246.000,000,000 s)
2025-06-06 16:07:51,736 INFO  - Already have ACK (at simulation time 246.000,000,000 s)
2025-06-06 16:07:51,736 INFO  - Already have ACK (at simulation time 246.000,000,000 s)
2025-06-06 16:07:51,736 INFO  - Already have ACK (at simulation time 246.000,000,000 s)
2025-06-06 16:07:51,736 INFO  - Already have ACK (at simulation time 246.000,000,000 s)
2025-06-06 16:07:51,736 INFO  - Already have ACK (at simulation time 246.000,000,000 s)
2025-06-06 16:07:51,736 INFO  - Already have ACK (at simulation time 246.000,000,000 s)
2025-06-06 16:07:51,736 INFO  - Already have ACK (at simulation time 246.000,000,000 s)
2025-06-06 16:07:51,736 INFO  - Already have ACK (at simulation time 246.000,000,000 s)
2025-06-06 16:07:51,736 INFO  - Already have ACK (at simulation time 246.000,000,000 s)
2025-06-06 16:07:51,736 INFO  - Already have ACK (at simulation time 246.000,000,000 s)
2025-06-06 16:07:51,736 INFO  - Already have ACK (at simulation time 246.000,000,000 s)
2025-06-06 16:07:51,736 INFO  - Already have ACK (at simulation time 246.000,000,000 s)
2025-06-06 16:07:51,736 INFO  - Already have ACK (at simulation time 246.000,000,000 s)
2025-06-06 16:07:51,737 INFO  - Already have ACK (at simulation time 247.000,000,000 s)
2025-06-06 16:07:51,738 INFO  - Already have ACK (at simulation time 247.000,000,000 s)
2025-06-06 16:07:51,738 INFO  - Already have ACK (at simulation time 247.000,000,000 s)
2025-06-06 16:07:51,738 INFO  - Already have ACK (at simulation time 247.000,000,000 s)
2025-06-06 16:07:51,738 INFO  - Already have ACK (at simulation time 247.000,000,000 s)
2025-06-06 16:07:51,738 INFO  - Already have ACK (at simulation time 247.000,000,000 s)
2025-06-06 16:07:51,738 INFO  - Already have ACK (at simulation time 247.000,000,000 s)
2025-06-06 16:07:51,738 INFO  - Already have ACK (at simulation time 247.000,000,000 s)
2025-06-06 16:07:51,738 INFO  - Already have ACK (at simulation time 247.000,000,000 s)
2025-06-06 16:07:51,738 INFO  - Already have ACK (at simulation time 247.000,000,000 s)
2025-06-06 16:07:51,738 INFO  - Already have ACK (at simulation time 247.000,000,000 s)
2025-06-06 16:07:51,738 INFO  - Already have ACK (at simulation time 247.000,000,000 s)
2025-06-06 16:07:51,738 INFO  - Already have ACK (at simulation time 247.000,000,000 s)
2025-06-06 16:07:51,738 INFO  - Already have ACK (at simulation time 247.000,000,000 s)
2025-06-06 16:07:51,738 INFO  - Already have ACK (at simulation time 247.000,000,000 s)
2025-06-06 16:07:51,738 INFO  - Already have ACK (at simulation time 247.000,000,000 s)
2025-06-06 16:07:51,738 INFO  - Already have ACK (at simulation time 247.000,000,000 s)
2025-06-06 16:07:51,738 INFO  - Already have ACK (at simulation time 247.000,000,000 s)
2025-06-06 16:07:51,738 INFO  - Already have ACK (at simulation time 247.000,000,000 s)
2025-06-06 16:07:51,739 INFO  - Already have ACK (at simulation time 247.000,000,000 s)
2025-06-06 16:07:51,739 INFO  - Already have ACK (at simulation time 247.000,000,000 s)
2025-06-06 16:07:51,739 INFO  - Already have ACK (at simulation time 247.000,000,000 s)
2025-06-06 16:07:51,739 INFO  - Already have ACK (at simulation time 247.000,000,000 s)
2025-06-06 16:07:51,739 INFO  - Already have ACK (at simulation time 247.000,000,000 s)
2025-06-06 16:07:51,739 INFO  - Already have ACK (at simulation time 247.000,000,000 s)
2025-06-06 16:07:51,739 INFO  - Already have ACK (at simulation time 247.000,000,000 s)
2025-06-06 16:07:51,739 INFO  - Already have ACK (at simulation time 247.000,000,000 s)
2025-06-06 16:07:51,739 INFO  - Already have ACK (at simulation time 247.000,000,000 s)
2025-06-06 16:07:51,739 INFO  - Already have ACK (at simulation time 247.000,000,000 s)
2025-06-06 16:07:51,739 INFO  - Already have ACK (at simulation time 247.000,000,000 s)
2025-06-06 16:07:51,739 INFO  - Already have ACK (at simulation time 247.000,000,000 s)
2025-06-06 16:07:51,739 INFO  - Already have ACK (at simulation time 247.000,000,000 s)
2025-06-06 16:07:51,739 INFO  - Already have ACK (at simulation time 247.000,000,000 s)
2025-06-06 16:07:51,739 INFO  - Already have ACK (at simulation time 247.000,000,000 s)
2025-06-06 16:07:51,739 INFO  - Already have ACK (at simulation time 247.000,000,000 s)
2025-06-06 16:07:51,739 INFO  - Already have ACK (at simulation time 247.000,000,000 s)
2025-06-06 16:07:51,739 INFO  - Already have ACK (at simulation time 247.000,000,000 s)
2025-06-06 16:07:51,739 INFO  - Already have ACK (at simulation time 247.000,000,000 s)
2025-06-06 16:07:51,739 INFO  - Already have ACK (at simulation time 247.000,000,000 s)
2025-06-06 16:07:51,739 INFO  - Already have ACK (at simulation time 247.000,000,000 s)
2025-06-06 16:07:51,739 INFO  - Already have ACK (at simulation time 247.000,000,000 s)
2025-06-06 16:07:51,739 INFO  - Already have ACK (at simulation time 247.000,000,000 s)
2025-06-06 16:07:51,739 INFO  - Already have ACK (at simulation time 247.000,000,000 s)
2025-06-06 16:07:51,739 INFO  - Already have ACK (at simulation time 247.000,000,000 s)
2025-06-06 16:07:51,739 INFO  - Already have ACK (at simulation time 247.000,000,000 s)
2025-06-06 16:07:51,739 INFO  - Already have ACK (at simulation time 247.000,000,000 s)
2025-06-06 16:07:51,740 INFO  - Already have ACK (at simulation time 247.000,000,000 s)
2025-06-06 16:07:51,740 INFO  - Already have ACK (at simulation time 247.000,000,000 s)
2025-06-06 16:07:51,740 INFO  - Already have ACK (at simulation time 247.000,000,000 s)
2025-06-06 16:07:51,740 INFO  - Already have ACK (at simulation time 247.000,000,000 s)
2025-06-06 16:07:51,740 INFO  - Already have ACK (at simulation time 247.000,000,000 s)
2025-06-06 16:07:51,740 INFO  - Already have ACK (at simulation time 247.000,000,000 s)
2025-06-06 16:07:51,740 INFO  - Already have ACK (at simulation time 247.000,000,000 s)
2025-06-06 16:07:51,740 INFO  - Already have ACK (at simulation time 247.000,000,000 s)
2025-06-06 16:07:51,740 INFO  - Already have ACK (at simulation time 247.000,000,000 s)
2025-06-06 16:07:51,740 INFO  - Already have ACK (at simulation time 247.000,000,000 s)
2025-06-06 16:07:51,740 INFO  - Already have ACK (at simulation time 247.000,000,000 s)
2025-06-06 16:07:51,740 INFO  - Already have ACK (at simulation time 247.000,000,000 s)
2025-06-06 16:07:51,740 INFO  - Already have ACK (at simulation time 247.000,000,000 s)
2025-06-06 16:07:51,740 INFO  - Already have ACK (at simulation time 247.000,000,000 s)
2025-06-06 16:07:51,740 INFO  - Already have ACK (at simulation time 247.000,000,000 s)
2025-06-06 16:07:51,740 INFO  - Already have ACK (at simulation time 247.000,000,000 s)
2025-06-06 16:07:51,740 INFO  - Already have ACK (at simulation time 247.000,000,000 s)
2025-06-06 16:07:51,740 INFO  - Already have ACK (at simulation time 247.000,000,000 s)
2025-06-06 16:07:51,740 INFO  - Already have ACK (at simulation time 247.000,000,000 s)
2025-06-06 16:07:51,740 INFO  - Already have ACK (at simulation time 247.000,000,000 s)
2025-06-06 16:07:51,740 INFO  - Already have ACK (at simulation time 247.000,000,000 s)
2025-06-06 16:07:51,742 INFO  - Already have ACK (at simulation time 248.000,000,000 s)
2025-06-06 16:07:51,742 INFO  - Already have ACK (at simulation time 248.000,000,000 s)
2025-06-06 16:07:51,742 INFO  - Already have ACK (at simulation time 248.000,000,000 s)
2025-06-06 16:07:51,742 INFO  - Already have ACK (at simulation time 248.000,000,000 s)
2025-06-06 16:07:51,742 INFO  - Already have ACK (at simulation time 248.000,000,000 s)
2025-06-06 16:07:51,742 INFO  - Already have ACK (at simulation time 248.000,000,000 s)
2025-06-06 16:07:51,742 INFO  - Already have ACK (at simulation time 248.000,000,000 s)
2025-06-06 16:07:51,742 INFO  - Already have ACK (at simulation time 248.000,000,000 s)
2025-06-06 16:07:51,742 INFO  - Already have ACK (at simulation time 248.000,000,000 s)
2025-06-06 16:07:51,742 INFO  - Already have ACK (at simulation time 248.000,000,000 s)
2025-06-06 16:07:51,742 INFO  - Already have ACK (at simulation time 248.000,000,000 s)
2025-06-06 16:07:51,743 INFO  - Already have ACK (at simulation time 248.000,000,000 s)
2025-06-06 16:07:51,743 INFO  - Already have ACK (at simulation time 248.000,000,000 s)
2025-06-06 16:07:51,743 INFO  - Already have ACK (at simulation time 248.000,000,000 s)
2025-06-06 16:07:51,743 INFO  - Already have ACK (at simulation time 248.000,000,000 s)
2025-06-06 16:07:51,743 INFO  - Already have ACK (at simulation time 248.000,000,000 s)
2025-06-06 16:07:51,743 INFO  - Already have ACK (at simulation time 248.000,000,000 s)
2025-06-06 16:07:51,743 INFO  - Already have ACK (at simulation time 248.000,000,000 s)
2025-06-06 16:07:51,743 INFO  - Already have ACK (at simulation time 248.000,000,000 s)
2025-06-06 16:07:51,743 INFO  - Already have ACK (at simulation time 248.000,000,000 s)
2025-06-06 16:07:51,743 INFO  - Already have ACK (at simulation time 248.000,000,000 s)
2025-06-06 16:07:51,743 INFO  - Already have ACK (at simulation time 248.000,000,000 s)
2025-06-06 16:07:51,743 INFO  - Already have ACK (at simulation time 248.000,000,000 s)
2025-06-06 16:07:51,743 INFO  - Already have ACK (at simulation time 248.000,000,000 s)
2025-06-06 16:07:51,743 INFO  - Already have ACK (at simulation time 248.000,000,000 s)
2025-06-06 16:07:51,743 INFO  - Already have ACK (at simulation time 248.000,000,000 s)
2025-06-06 16:07:51,743 INFO  - Already have ACK (at simulation time 248.000,000,000 s)
2025-06-06 16:07:51,743 INFO  - Already have ACK (at simulation time 248.000,000,000 s)
2025-06-06 16:07:51,743 INFO  - Already have ACK (at simulation time 248.000,000,000 s)
2025-06-06 16:07:51,743 INFO  - Already have ACK (at simulation time 248.000,000,000 s)
2025-06-06 16:07:51,743 INFO  - Already have ACK (at simulation time 248.000,000,000 s)
2025-06-06 16:07:51,743 INFO  - Already have ACK (at simulation time 248.000,000,000 s)
2025-06-06 16:07:51,743 INFO  - Already have ACK (at simulation time 248.000,000,000 s)
2025-06-06 16:07:51,743 INFO  - Already have ACK (at simulation time 248.000,000,000 s)
2025-06-06 16:07:51,744 INFO  - Already have ACK (at simulation time 248.000,000,000 s)
2025-06-06 16:07:51,744 INFO  - Already have ACK (at simulation time 248.000,000,000 s)
2025-06-06 16:07:51,744 INFO  - Already have ACK (at simulation time 248.000,000,000 s)
2025-06-06 16:07:51,744 INFO  - Already have ACK (at simulation time 248.000,000,000 s)
2025-06-06 16:07:51,744 INFO  - Already have ACK (at simulation time 248.000,000,000 s)
2025-06-06 16:07:51,744 INFO  - Already have ACK (at simulation time 248.000,000,000 s)
2025-06-06 16:07:51,744 INFO  - Already have ACK (at simulation time 248.000,000,000 s)
2025-06-06 16:07:51,744 INFO  - Already have ACK (at simulation time 248.000,000,000 s)
2025-06-06 16:07:51,744 INFO  - Already have ACK (at simulation time 248.000,000,000 s)
2025-06-06 16:07:51,744 INFO  - Already have ACK (at simulation time 248.000,000,000 s)
2025-06-06 16:07:51,744 INFO  - Already have ACK (at simulation time 248.000,000,000 s)
2025-06-06 16:07:51,744 INFO  - Already have ACK (at simulation time 248.000,000,000 s)
2025-06-06 16:07:51,744 INFO  - Already have ACK (at simulation time 248.000,000,000 s)
2025-06-06 16:07:51,744 INFO  - Already have ACK (at simulation time 248.000,000,000 s)
2025-06-06 16:07:51,744 INFO  - Already have ACK (at simulation time 248.000,000,000 s)
2025-06-06 16:07:51,744 INFO  - Already have ACK (at simulation time 248.000,000,000 s)
2025-06-06 16:07:51,744 INFO  - Already have ACK (at simulation time 248.000,000,000 s)
2025-06-06 16:07:51,744 INFO  - Already have ACK (at simulation time 248.000,000,000 s)
2025-06-06 16:07:51,744 INFO  - Already have ACK (at simulation time 248.000,000,000 s)
2025-06-06 16:07:51,744 INFO  - Already have ACK (at simulation time 248.000,000,000 s)
2025-06-06 16:07:51,744 INFO  - Already have ACK (at simulation time 248.000,000,000 s)
2025-06-06 16:07:51,744 INFO  - Already have ACK (at simulation time 248.000,000,000 s)
2025-06-06 16:07:51,744 INFO  - Already have ACK (at simulation time 248.000,000,000 s)
2025-06-06 16:07:51,744 INFO  - Already have ACK (at simulation time 248.000,000,000 s)
2025-06-06 16:07:51,744 INFO  - Already have ACK (at simulation time 248.000,000,000 s)
2025-06-06 16:07:51,744 INFO  - Already have ACK (at simulation time 248.000,000,000 s)
2025-06-06 16:07:51,744 INFO  - Already have ACK (at simulation time 248.000,000,000 s)
2025-06-06 16:07:51,744 INFO  - Already have ACK (at simulation time 248.000,000,000 s)
2025-06-06 16:07:51,744 INFO  - Already have ACK (at simulation time 248.000,000,000 s)
2025-06-06 16:07:51,744 INFO  - Already have ACK (at simulation time 248.000,000,000 s)
2025-06-06 16:07:51,744 INFO  - Already have ACK (at simulation time 248.000,000,000 s)
2025-06-06 16:07:51,744 INFO  - Already have ACK (at simulation time 248.000,000,000 s)
2025-06-06 16:07:51,744 INFO  - Already have ACK (at simulation time 248.000,000,000 s)
2025-06-06 16:07:51,744 INFO  - Already have ACK (at simulation time 248.000,000,000 s)
2025-06-06 16:07:51,746 INFO  - Shutdown application (at simulation time 249.000,000,000 s)
