2025-06-04 15:07:31,035 INFO  - Initialize veh_74 application (at simulation time 387.000,000,000 s)
2025-06-04 15:07:31,036 INFO  - Sent periodic GreenWaveMsg: veh_74 on route r_0 (at simulation time 387.000,000,000 s)
2025-06-04 15:07:31,036 INFO  - I have no neighbours to send! (at simulation time 387.000,000,000 s)
2025-06-04 15:07:31,045 INFO  - I have no neighbours to send! (at simulation time 388.000,000,000 s)
2025-06-04 15:07:31,045 INFO  - I have no neighbours to send! (at simulation time 388.000,000,000 s)
2025-06-04 15:07:31,053 INFO  - I have no neighbours to send! (at simulation time 389.000,000,000 s)
2025-06-04 15:07:31,053 INFO  - I have no neighbours to send! (at simulation time 389.000,000,000 s)
2025-06-04 15:07:31,053 INFO  - I have no neighbours to send! (at simulation time 389.000,000,000 s)
2025-06-04 15:07:31,062 INFO  - I have no neighbours to send! (at simulation time 390.000,000,000 s)
2025-06-04 15:07:31,062 INFO  - I have no neighbours to send! (at simulation time 390.000,000,000 s)
2025-06-04 15:07:31,062 INFO  - I have no neighbours to send! (at simulation time 390.000,000,000 s)
2025-06-04 15:07:31,062 INFO  - I have no neighbours to send! (at simulation time 390.000,000,000 s)
2025-06-04 15:07:31,071 INFO  - I have no neighbours to send! (at simulation time 391.000,000,000 s)
2025-06-04 15:07:31,071 INFO  - I have no neighbours to send! (at simulation time 391.000,000,000 s)
2025-06-04 15:07:31,072 INFO  - I have no neighbours to send! (at simulation time 391.000,000,000 s)
2025-06-04 15:07:31,072 INFO  - I have no neighbours to send! (at simulation time 391.000,000,000 s)
2025-06-04 15:07:31,072 INFO  - I have no neighbours to send! (at simulation time 391.000,000,000 s)
2025-06-04 15:07:31,080 INFO  - Sent periodic GreenWaveMsg: veh_74 on route r_0 (at simulation time 392.000,000,000 s)
2025-06-04 15:07:31,080 INFO  - I have no neighbours to send! (at simulation time 392.000,000,000 s)
2025-06-04 15:07:31,080 INFO  - I have no neighbours to send! (at simulation time 392.000,000,000 s)
2025-06-04 15:07:31,081 INFO  - I have no neighbours to send! (at simulation time 392.000,000,000 s)
2025-06-04 15:07:31,081 INFO  - I have no neighbours to send! (at simulation time 392.000,000,000 s)
2025-06-04 15:07:31,081 INFO  - I have no neighbours to send! (at simulation time 392.000,000,000 s)
2025-06-04 15:07:31,081 INFO  - I have no neighbours to send! (at simulation time 392.000,000,000 s)
2025-06-04 15:07:31,157 INFO  - I have no neighbours to send! (at simulation time 393.000,000,000 s)
2025-06-04 15:07:31,157 INFO  - I have no neighbours to send! (at simulation time 393.000,000,000 s)
2025-06-04 15:07:31,157 INFO  - I have no neighbours to send! (at simulation time 393.000,000,000 s)
2025-06-04 15:07:31,157 INFO  - I have no neighbours to send! (at simulation time 393.000,000,000 s)
2025-06-04 15:07:31,157 INFO  - I have no neighbours to send! (at simulation time 393.000,000,000 s)
2025-06-04 15:07:31,157 INFO  - I have no neighbours to send! (at simulation time 393.000,000,000 s)
2025-06-04 15:07:31,157 INFO  - I have no neighbours to send! (at simulation time 393.000,000,000 s)
2025-06-04 15:07:31,165 INFO  - I have no neighbours to send! (at simulation time 394.000,000,000 s)
2025-06-04 15:07:31,165 INFO  - I have no neighbours to send! (at simulation time 394.000,000,000 s)
2025-06-04 15:07:31,165 INFO  - I have no neighbours to send! (at simulation time 394.000,000,000 s)
2025-06-04 15:07:31,165 INFO  - I have no neighbours to send! (at simulation time 394.000,000,000 s)
2025-06-04 15:07:31,165 INFO  - I have no neighbours to send! (at simulation time 394.000,000,000 s)
2025-06-04 15:07:31,165 INFO  - I have no neighbours to send! (at simulation time 394.000,000,000 s)
2025-06-04 15:07:31,166 INFO  - I have no neighbours to send! (at simulation time 394.000,000,000 s)
2025-06-04 15:07:31,166 INFO  - I have no neighbours to send! (at simulation time 394.000,000,000 s)
2025-06-04 15:07:31,174 INFO  - I have no neighbours to send! (at simulation time 395.000,000,000 s)
2025-06-04 15:07:31,174 INFO  - I have no neighbours to send! (at simulation time 395.000,000,000 s)
2025-06-04 15:07:31,174 INFO  - I have no neighbours to send! (at simulation time 395.000,000,000 s)
2025-06-04 15:07:31,175 INFO  - I have no neighbours to send! (at simulation time 395.000,000,000 s)
2025-06-04 15:07:31,175 INFO  - I have no neighbours to send! (at simulation time 395.000,000,000 s)
2025-06-04 15:07:31,175 INFO  - I have no neighbours to send! (at simulation time 395.000,000,000 s)
2025-06-04 15:07:31,175 INFO  - I have no neighbours to send! (at simulation time 395.000,000,000 s)
2025-06-04 15:07:31,175 INFO  - I have no neighbours to send! (at simulation time 395.000,000,000 s)
2025-06-04 15:07:31,175 INFO  - I have no neighbours to send! (at simulation time 395.000,000,000 s)
2025-06-04 15:07:31,183 INFO  - I have no neighbours to send! (at simulation time 396.000,000,000 s)
2025-06-04 15:07:31,183 INFO  - I have no neighbours to send! (at simulation time 396.000,000,000 s)
2025-06-04 15:07:31,183 INFO  - I have no neighbours to send! (at simulation time 396.000,000,000 s)
2025-06-04 15:07:31,183 INFO  - I have no neighbours to send! (at simulation time 396.000,000,000 s)
2025-06-04 15:07:31,184 INFO  - I have no neighbours to send! (at simulation time 396.000,000,000 s)
2025-06-04 15:07:31,184 INFO  - I have no neighbours to send! (at simulation time 396.000,000,000 s)
2025-06-04 15:07:31,184 INFO  - I have no neighbours to send! (at simulation time 396.000,000,000 s)
2025-06-04 15:07:31,184 INFO  - I have no neighbours to send! (at simulation time 396.000,000,000 s)
2025-06-04 15:07:31,184 INFO  - I have no neighbours to send! (at simulation time 396.000,000,000 s)
2025-06-04 15:07:31,184 INFO  - I have no neighbours to send! (at simulation time 396.000,000,000 s)
2025-06-04 15:07:31,197 INFO  - Sent periodic GreenWaveMsg: veh_74 on route r_0 (at simulation time 397.000,000,000 s)
2025-06-04 15:07:31,197 INFO  - I have no neighbours to send! (at simulation time 397.000,000,000 s)
2025-06-04 15:07:31,197 INFO  - I have no neighbours to send! (at simulation time 397.000,000,000 s)
2025-06-04 15:07:31,197 INFO  - I have no neighbours to send! (at simulation time 397.000,000,000 s)
2025-06-04 15:07:31,198 INFO  - I have no neighbours to send! (at simulation time 397.000,000,000 s)
2025-06-04 15:07:31,198 INFO  - I have no neighbours to send! (at simulation time 397.000,000,000 s)
2025-06-04 15:07:31,198 INFO  - I have no neighbours to send! (at simulation time 397.000,000,000 s)
2025-06-04 15:07:31,198 INFO  - I have no neighbours to send! (at simulation time 397.000,000,000 s)
2025-06-04 15:07:31,198 INFO  - I have no neighbours to send! (at simulation time 397.000,000,000 s)
2025-06-04 15:07:31,198 INFO  - I have no neighbours to send! (at simulation time 397.000,000,000 s)
2025-06-04 15:07:31,198 INFO  - I have no neighbours to send! (at simulation time 397.000,000,000 s)
2025-06-04 15:07:31,198 INFO  - I have no neighbours to send! (at simulation time 397.000,000,000 s)
2025-06-04 15:07:31,207 INFO  - I have no neighbours to send! (at simulation time 398.000,000,000 s)
2025-06-04 15:07:31,208 INFO  - I have no neighbours to send! (at simulation time 398.000,000,000 s)
2025-06-04 15:07:31,208 INFO  - I have no neighbours to send! (at simulation time 398.000,000,000 s)
2025-06-04 15:07:31,208 INFO  - I have no neighbours to send! (at simulation time 398.000,000,000 s)
2025-06-04 15:07:31,208 INFO  - I have no neighbours to send! (at simulation time 398.000,000,000 s)
2025-06-04 15:07:31,208 INFO  - I have no neighbours to send! (at simulation time 398.000,000,000 s)
2025-06-04 15:07:31,208 INFO  - I have no neighbours to send! (at simulation time 398.000,000,000 s)
2025-06-04 15:07:31,208 INFO  - I have no neighbours to send! (at simulation time 398.000,000,000 s)
2025-06-04 15:07:31,208 INFO  - I have no neighbours to send! (at simulation time 398.000,000,000 s)
2025-06-04 15:07:31,208 INFO  - I have no neighbours to send! (at simulation time 398.000,000,000 s)
2025-06-04 15:07:31,209 INFO  - I have no neighbours to send! (at simulation time 398.000,000,000 s)
2025-06-04 15:07:31,209 INFO  - I have no neighbours to send! (at simulation time 398.000,000,000 s)
2025-06-04 15:07:31,217 INFO  - I have no neighbours to send! (at simulation time 399.000,000,000 s)
2025-06-04 15:07:31,217 INFO  - I have no neighbours to send! (at simulation time 399.000,000,000 s)
2025-06-04 15:07:31,217 INFO  - I have no neighbours to send! (at simulation time 399.000,000,000 s)
2025-06-04 15:07:31,217 INFO  - I have no neighbours to send! (at simulation time 399.000,000,000 s)
2025-06-04 15:07:31,218 INFO  - I have no neighbours to send! (at simulation time 399.000,000,000 s)
2025-06-04 15:07:31,218 INFO  - I have no neighbours to send! (at simulation time 399.000,000,000 s)
2025-06-04 15:07:31,218 INFO  - I have no neighbours to send! (at simulation time 399.000,000,000 s)
2025-06-04 15:07:31,218 INFO  - I have no neighbours to send! (at simulation time 399.000,000,000 s)
2025-06-04 15:07:31,218 INFO  - I have no neighbours to send! (at simulation time 399.000,000,000 s)
2025-06-04 15:07:31,218 INFO  - I have no neighbours to send! (at simulation time 399.000,000,000 s)
2025-06-04 15:07:31,218 INFO  - I have no neighbours to send! (at simulation time 399.000,000,000 s)
2025-06-04 15:07:31,218 INFO  - I have no neighbours to send! (at simulation time 399.000,000,000 s)
2025-06-04 15:07:31,218 INFO  - I have no neighbours to send! (at simulation time 399.000,000,000 s)
2025-06-04 15:07:31,227 INFO  - I have no neighbours to send! (at simulation time 400.000,000,000 s)
2025-06-04 15:07:31,227 INFO  - I have no neighbours to send! (at simulation time 400.000,000,000 s)
2025-06-04 15:07:31,227 INFO  - I have no neighbours to send! (at simulation time 400.000,000,000 s)
2025-06-04 15:07:31,228 INFO  - I have no neighbours to send! (at simulation time 400.000,000,000 s)
2025-06-04 15:07:31,228 INFO  - I have no neighbours to send! (at simulation time 400.000,000,000 s)
2025-06-04 15:07:31,228 INFO  - I have no neighbours to send! (at simulation time 400.000,000,000 s)
2025-06-04 15:07:31,228 INFO  - I have no neighbours to send! (at simulation time 400.000,000,000 s)
2025-06-04 15:07:31,228 INFO  - I have no neighbours to send! (at simulation time 400.000,000,000 s)
2025-06-04 15:07:31,228 INFO  - I have no neighbours to send! (at simulation time 400.000,000,000 s)
2025-06-04 15:07:31,228 INFO  - I have no neighbours to send! (at simulation time 400.000,000,000 s)
2025-06-04 15:07:31,228 INFO  - I have no neighbours to send! (at simulation time 400.000,000,000 s)
2025-06-04 15:07:31,228 INFO  - I have no neighbours to send! (at simulation time 400.000,000,000 s)
2025-06-04 15:07:31,229 INFO  - I have no neighbours to send! (at simulation time 400.000,000,000 s)
2025-06-04 15:07:31,229 INFO  - I have no neighbours to send! (at simulation time 400.000,000,000 s)
2025-06-04 15:07:31,237 INFO  - I have no neighbours to send! (at simulation time 401.000,000,000 s)
2025-06-04 15:07:31,237 INFO  - I have no neighbours to send! (at simulation time 401.000,000,000 s)
2025-06-04 15:07:31,237 INFO  - I have no neighbours to send! (at simulation time 401.000,000,000 s)
2025-06-04 15:07:31,237 INFO  - I have no neighbours to send! (at simulation time 401.000,000,000 s)
2025-06-04 15:07:31,237 INFO  - I have no neighbours to send! (at simulation time 401.000,000,000 s)
2025-06-04 15:07:31,237 INFO  - I have no neighbours to send! (at simulation time 401.000,000,000 s)
2025-06-04 15:07:31,237 INFO  - I have no neighbours to send! (at simulation time 401.000,000,000 s)
2025-06-04 15:07:31,237 INFO  - I have no neighbours to send! (at simulation time 401.000,000,000 s)
2025-06-04 15:07:31,237 INFO  - I have no neighbours to send! (at simulation time 401.000,000,000 s)
2025-06-04 15:07:31,238 INFO  - I have no neighbours to send! (at simulation time 401.000,000,000 s)
2025-06-04 15:07:31,238 INFO  - I have no neighbours to send! (at simulation time 401.000,000,000 s)
2025-06-04 15:07:31,238 INFO  - I have no neighbours to send! (at simulation time 401.000,000,000 s)
2025-06-04 15:07:31,238 INFO  - I have no neighbours to send! (at simulation time 401.000,000,000 s)
2025-06-04 15:07:31,238 INFO  - I have no neighbours to send! (at simulation time 401.000,000,000 s)
2025-06-04 15:07:31,238 INFO  - I have no neighbours to send! (at simulation time 401.000,000,000 s)
2025-06-04 15:07:31,246 INFO  - Sent periodic GreenWaveMsg: veh_74 on route r_0 (at simulation time 402.000,000,000 s)
2025-06-04 15:07:31,246 INFO  - I have no neighbours to send! (at simulation time 402.000,000,000 s)
2025-06-04 15:07:31,246 INFO  - I have no neighbours to send! (at simulation time 402.000,000,000 s)
2025-06-04 15:07:31,246 INFO  - I have no neighbours to send! (at simulation time 402.000,000,000 s)
2025-06-04 15:07:31,247 INFO  - I have no neighbours to send! (at simulation time 402.000,000,000 s)
2025-06-04 15:07:31,247 INFO  - I have no neighbours to send! (at simulation time 402.000,000,000 s)
2025-06-04 15:07:31,247 INFO  - I have no neighbours to send! (at simulation time 402.000,000,000 s)
2025-06-04 15:07:31,247 INFO  - I have no neighbours to send! (at simulation time 402.000,000,000 s)
2025-06-04 15:07:31,247 INFO  - I have no neighbours to send! (at simulation time 402.000,000,000 s)
2025-06-04 15:07:31,247 INFO  - I have no neighbours to send! (at simulation time 402.000,000,000 s)
2025-06-04 15:07:31,247 INFO  - I have no neighbours to send! (at simulation time 402.000,000,000 s)
2025-06-04 15:07:31,247 INFO  - I have no neighbours to send! (at simulation time 402.000,000,000 s)
2025-06-04 15:07:31,247 INFO  - I have no neighbours to send! (at simulation time 402.000,000,000 s)
2025-06-04 15:07:31,248 INFO  - I have no neighbours to send! (at simulation time 402.000,000,000 s)
2025-06-04 15:07:31,248 INFO  - I have no neighbours to send! (at simulation time 402.000,000,000 s)
2025-06-04 15:07:31,248 INFO  - I have no neighbours to send! (at simulation time 402.000,000,000 s)
2025-06-04 15:07:31,248 INFO  - I have no neighbours to send! (at simulation time 402.000,000,000 s)
2025-06-04 15:07:31,256 INFO  - I have no neighbours to send! (at simulation time 403.000,000,000 s)
2025-06-04 15:07:31,256 INFO  - I have no neighbours to send! (at simulation time 403.000,000,000 s)
2025-06-04 15:07:31,256 INFO  - I have no neighbours to send! (at simulation time 403.000,000,000 s)
2025-06-04 15:07:31,257 INFO  - I have no neighbours to send! (at simulation time 403.000,000,000 s)
2025-06-04 15:07:31,257 INFO  - I have no neighbours to send! (at simulation time 403.000,000,000 s)
2025-06-04 15:07:31,257 INFO  - I have no neighbours to send! (at simulation time 403.000,000,000 s)
2025-06-04 15:07:31,257 INFO  - I have no neighbours to send! (at simulation time 403.000,000,000 s)
2025-06-04 15:07:31,257 INFO  - I have no neighbours to send! (at simulation time 403.000,000,000 s)
2025-06-04 15:07:31,257 INFO  - I have no neighbours to send! (at simulation time 403.000,000,000 s)
2025-06-04 15:07:31,257 INFO  - I have no neighbours to send! (at simulation time 403.000,000,000 s)
2025-06-04 15:07:31,257 INFO  - I have no neighbours to send! (at simulation time 403.000,000,000 s)
2025-06-04 15:07:31,257 INFO  - I have no neighbours to send! (at simulation time 403.000,000,000 s)
2025-06-04 15:07:31,258 INFO  - I have no neighbours to send! (at simulation time 403.000,000,000 s)
2025-06-04 15:07:31,258 INFO  - I have no neighbours to send! (at simulation time 403.000,000,000 s)
2025-06-04 15:07:31,258 INFO  - I have no neighbours to send! (at simulation time 403.000,000,000 s)
2025-06-04 15:07:31,258 INFO  - I have no neighbours to send! (at simulation time 403.000,000,000 s)
2025-06-04 15:07:31,258 INFO  - I have no neighbours to send! (at simulation time 403.000,000,000 s)
2025-06-04 15:07:31,266 INFO  - I have no neighbours to send! (at simulation time 404.000,000,000 s)
2025-06-04 15:07:31,267 INFO  - I have no neighbours to send! (at simulation time 404.000,000,000 s)
2025-06-04 15:07:31,267 INFO  - I have no neighbours to send! (at simulation time 404.000,000,000 s)
2025-06-04 15:07:31,267 INFO  - I have no neighbours to send! (at simulation time 404.000,000,000 s)
2025-06-04 15:07:31,267 INFO  - I have no neighbours to send! (at simulation time 404.000,000,000 s)
2025-06-04 15:07:31,267 INFO  - I have no neighbours to send! (at simulation time 404.000,000,000 s)
2025-06-04 15:07:31,267 INFO  - I have no neighbours to send! (at simulation time 404.000,000,000 s)
2025-06-04 15:07:31,267 INFO  - I have no neighbours to send! (at simulation time 404.000,000,000 s)
2025-06-04 15:07:31,267 INFO  - I have no neighbours to send! (at simulation time 404.000,000,000 s)
2025-06-04 15:07:31,268 INFO  - I have no neighbours to send! (at simulation time 404.000,000,000 s)
2025-06-04 15:07:31,268 INFO  - I have no neighbours to send! (at simulation time 404.000,000,000 s)
2025-06-04 15:07:31,268 INFO  - I have no neighbours to send! (at simulation time 404.000,000,000 s)
2025-06-04 15:07:31,268 INFO  - I have no neighbours to send! (at simulation time 404.000,000,000 s)
2025-06-04 15:07:31,268 INFO  - I have no neighbours to send! (at simulation time 404.000,000,000 s)
2025-06-04 15:07:31,268 INFO  - I have no neighbours to send! (at simulation time 404.000,000,000 s)
2025-06-04 15:07:31,268 INFO  - I have no neighbours to send! (at simulation time 404.000,000,000 s)
2025-06-04 15:07:31,268 INFO  - I have no neighbours to send! (at simulation time 404.000,000,000 s)
2025-06-04 15:07:31,268 INFO  - I have no neighbours to send! (at simulation time 404.000,000,000 s)
2025-06-04 15:07:31,277 INFO  - I have no neighbours to send! (at simulation time 405.000,000,000 s)
2025-06-04 15:07:31,277 INFO  - I have no neighbours to send! (at simulation time 405.000,000,000 s)
2025-06-04 15:07:31,277 INFO  - I have no neighbours to send! (at simulation time 405.000,000,000 s)
2025-06-04 15:07:31,277 INFO  - I have no neighbours to send! (at simulation time 405.000,000,000 s)
2025-06-04 15:07:31,277 INFO  - I have no neighbours to send! (at simulation time 405.000,000,000 s)
2025-06-04 15:07:31,277 INFO  - I have no neighbours to send! (at simulation time 405.000,000,000 s)
2025-06-04 15:07:31,277 INFO  - I have no neighbours to send! (at simulation time 405.000,000,000 s)
2025-06-04 15:07:31,277 INFO  - I have no neighbours to send! (at simulation time 405.000,000,000 s)
2025-06-04 15:07:31,277 INFO  - I have no neighbours to send! (at simulation time 405.000,000,000 s)
2025-06-04 15:07:31,278 INFO  - I have no neighbours to send! (at simulation time 405.000,000,000 s)
2025-06-04 15:07:31,278 INFO  - I have no neighbours to send! (at simulation time 405.000,000,000 s)
2025-06-04 15:07:31,278 INFO  - I have no neighbours to send! (at simulation time 405.000,000,000 s)
2025-06-04 15:07:31,278 INFO  - I have no neighbours to send! (at simulation time 405.000,000,000 s)
2025-06-04 15:07:31,278 INFO  - I have no neighbours to send! (at simulation time 405.000,000,000 s)
2025-06-04 15:07:31,278 INFO  - I have no neighbours to send! (at simulation time 405.000,000,000 s)
2025-06-04 15:07:31,278 INFO  - I have no neighbours to send! (at simulation time 405.000,000,000 s)
2025-06-04 15:07:31,278 INFO  - I have no neighbours to send! (at simulation time 405.000,000,000 s)
2025-06-04 15:07:31,278 INFO  - I have no neighbours to send! (at simulation time 405.000,000,000 s)
2025-06-04 15:07:31,278 INFO  - I have no neighbours to send! (at simulation time 405.000,000,000 s)
2025-06-04 15:07:31,286 INFO  - I have no neighbours to send! (at simulation time 406.000,000,000 s)
2025-06-04 15:07:31,287 INFO  - I have no neighbours to send! (at simulation time 406.000,000,000 s)
2025-06-04 15:07:31,287 INFO  - I have no neighbours to send! (at simulation time 406.000,000,000 s)
2025-06-04 15:07:31,287 INFO  - I have no neighbours to send! (at simulation time 406.000,000,000 s)
2025-06-04 15:07:31,287 INFO  - I have no neighbours to send! (at simulation time 406.000,000,000 s)
2025-06-04 15:07:31,287 INFO  - I have no neighbours to send! (at simulation time 406.000,000,000 s)
2025-06-04 15:07:31,288 INFO  - I have no neighbours to send! (at simulation time 406.000,000,000 s)
2025-06-04 15:07:31,288 INFO  - I have no neighbours to send! (at simulation time 406.000,000,000 s)
2025-06-04 15:07:31,288 INFO  - I have no neighbours to send! (at simulation time 406.000,000,000 s)
2025-06-04 15:07:31,288 INFO  - I have no neighbours to send! (at simulation time 406.000,000,000 s)
2025-06-04 15:07:31,288 INFO  - I have no neighbours to send! (at simulation time 406.000,000,000 s)
2025-06-04 15:07:31,288 INFO  - I have no neighbours to send! (at simulation time 406.000,000,000 s)
2025-06-04 15:07:31,288 INFO  - I have no neighbours to send! (at simulation time 406.000,000,000 s)
2025-06-04 15:07:31,288 INFO  - I have no neighbours to send! (at simulation time 406.000,000,000 s)
2025-06-04 15:07:31,288 INFO  - I have no neighbours to send! (at simulation time 406.000,000,000 s)
2025-06-04 15:07:31,289 INFO  - I have no neighbours to send! (at simulation time 406.000,000,000 s)
2025-06-04 15:07:31,289 INFO  - I have no neighbours to send! (at simulation time 406.000,000,000 s)
2025-06-04 15:07:31,289 INFO  - I have no neighbours to send! (at simulation time 406.000,000,000 s)
2025-06-04 15:07:31,289 INFO  - I have no neighbours to send! (at simulation time 406.000,000,000 s)
2025-06-04 15:07:31,289 INFO  - I have no neighbours to send! (at simulation time 406.000,000,000 s)
2025-06-04 15:07:31,356 INFO  - Sent periodic GreenWaveMsg: veh_74 on route r_0 (at simulation time 407.000,000,000 s)
2025-06-04 15:07:31,356 INFO  - I have no neighbours to send! (at simulation time 407.000,000,000 s)
2025-06-04 15:07:31,356 INFO  - I have no neighbours to send! (at simulation time 407.000,000,000 s)
2025-06-04 15:07:31,356 INFO  - I have no neighbours to send! (at simulation time 407.000,000,000 s)
2025-06-04 15:07:31,356 INFO  - I have no neighbours to send! (at simulation time 407.000,000,000 s)
2025-06-04 15:07:31,356 INFO  - I have no neighbours to send! (at simulation time 407.000,000,000 s)
2025-06-04 15:07:31,356 INFO  - I have no neighbours to send! (at simulation time 407.000,000,000 s)
2025-06-04 15:07:31,357 INFO  - I have no neighbours to send! (at simulation time 407.000,000,000 s)
2025-06-04 15:07:31,357 INFO  - I have no neighbours to send! (at simulation time 407.000,000,000 s)
2025-06-04 15:07:31,357 INFO  - I have no neighbours to send! (at simulation time 407.000,000,000 s)
2025-06-04 15:07:31,357 INFO  - I have no neighbours to send! (at simulation time 407.000,000,000 s)
2025-06-04 15:07:31,357 INFO  - I have no neighbours to send! (at simulation time 407.000,000,000 s)
2025-06-04 15:07:31,357 INFO  - I have no neighbours to send! (at simulation time 407.000,000,000 s)
2025-06-04 15:07:31,357 INFO  - I have no neighbours to send! (at simulation time 407.000,000,000 s)
2025-06-04 15:07:31,357 INFO  - I have no neighbours to send! (at simulation time 407.000,000,000 s)
2025-06-04 15:07:31,357 INFO  - I have no neighbours to send! (at simulation time 407.000,000,000 s)
2025-06-04 15:07:31,357 INFO  - I have no neighbours to send! (at simulation time 407.000,000,000 s)
2025-06-04 15:07:31,358 INFO  - I have no neighbours to send! (at simulation time 407.000,000,000 s)
2025-06-04 15:07:31,358 INFO  - I have no neighbours to send! (at simulation time 407.000,000,000 s)
2025-06-04 15:07:31,358 INFO  - I have no neighbours to send! (at simulation time 407.000,000,000 s)
2025-06-04 15:07:31,358 INFO  - I have no neighbours to send! (at simulation time 407.000,000,000 s)
2025-06-04 15:07:31,358 INFO  - I have no neighbours to send! (at simulation time 407.000,000,000 s)
2025-06-04 15:07:31,370 INFO  - I have no neighbours to send! (at simulation time 408.000,000,000 s)
2025-06-04 15:07:31,370 INFO  - I have no neighbours to send! (at simulation time 408.000,000,000 s)
2025-06-04 15:07:31,370 INFO  - I have no neighbours to send! (at simulation time 408.000,000,000 s)
2025-06-04 15:07:31,370 INFO  - I have no neighbours to send! (at simulation time 408.000,000,000 s)
2025-06-04 15:07:31,370 INFO  - I have no neighbours to send! (at simulation time 408.000,000,000 s)
2025-06-04 15:07:31,370 INFO  - I have no neighbours to send! (at simulation time 408.000,000,000 s)
2025-06-04 15:07:31,371 INFO  - I have no neighbours to send! (at simulation time 408.000,000,000 s)
2025-06-04 15:07:31,371 INFO  - I have no neighbours to send! (at simulation time 408.000,000,000 s)
2025-06-04 15:07:31,371 INFO  - I have no neighbours to send! (at simulation time 408.000,000,000 s)
2025-06-04 15:07:31,371 INFO  - I have no neighbours to send! (at simulation time 408.000,000,000 s)
2025-06-04 15:07:31,371 INFO  - I have no neighbours to send! (at simulation time 408.000,000,000 s)
2025-06-04 15:07:31,371 INFO  - I have no neighbours to send! (at simulation time 408.000,000,000 s)
2025-06-04 15:07:31,371 INFO  - I have no neighbours to send! (at simulation time 408.000,000,000 s)
2025-06-04 15:07:31,371 INFO  - I have no neighbours to send! (at simulation time 408.000,000,000 s)
2025-06-04 15:07:31,371 INFO  - I have no neighbours to send! (at simulation time 408.000,000,000 s)
2025-06-04 15:07:31,371 INFO  - I have no neighbours to send! (at simulation time 408.000,000,000 s)
2025-06-04 15:07:31,372 INFO  - I have no neighbours to send! (at simulation time 408.000,000,000 s)
2025-06-04 15:07:31,372 INFO  - I have no neighbours to send! (at simulation time 408.000,000,000 s)
2025-06-04 15:07:31,372 INFO  - I have no neighbours to send! (at simulation time 408.000,000,000 s)
2025-06-04 15:07:31,372 INFO  - I have no neighbours to send! (at simulation time 408.000,000,000 s)
2025-06-04 15:07:31,372 INFO  - I have no neighbours to send! (at simulation time 408.000,000,000 s)
2025-06-04 15:07:31,372 INFO  - I have no neighbours to send! (at simulation time 408.000,000,000 s)
2025-06-04 15:07:31,379 INFO  - Resent to veh_72 - GreenWaveMsg origin in veh_74 (at simulation time 409.000,000,000 s)
2025-06-04 15:07:31,380 INFO  - Resent to veh_72 - GreenWaveMsg origin in veh_74 (at simulation time 409.000,000,000 s)
2025-06-04 15:07:31,380 INFO  - Resent to veh_72 - GreenWaveMsg origin in veh_74 (at simulation time 409.000,000,000 s)
2025-06-04 15:07:31,380 INFO  - Resent to veh_72 - GreenWaveMsg origin in veh_74 (at simulation time 409.000,000,000 s)
2025-06-04 15:07:31,380 INFO  - Resent to veh_72 - GreenWaveMsg origin in veh_74 (at simulation time 409.000,000,000 s)
2025-06-04 15:07:31,380 INFO  - Resent to veh_72 - GreenWaveMsg origin in veh_74 (at simulation time 409.000,000,000 s)
2025-06-04 15:07:31,380 INFO  - Resent to veh_72 - GreenWaveMsg origin in veh_74 (at simulation time 409.000,000,000 s)
2025-06-04 15:07:31,380 INFO  - Resent to veh_72 - GreenWaveMsg origin in veh_74 (at simulation time 409.000,000,000 s)
2025-06-04 15:07:31,380 INFO  - Resent to veh_72 - GreenWaveMsg origin in veh_74 (at simulation time 409.000,000,000 s)
2025-06-04 15:07:31,381 INFO  - Resent to veh_72 - GreenWaveMsg origin in veh_74 (at simulation time 409.000,000,000 s)
2025-06-04 15:07:31,381 INFO  - Resent to veh_72 - GreenWaveMsg origin in veh_74 (at simulation time 409.000,000,000 s)
2025-06-04 15:07:31,381 INFO  - Resent to veh_72 - GreenWaveMsg origin in veh_74 (at simulation time 409.000,000,000 s)
2025-06-04 15:07:31,381 INFO  - Resent to veh_72 - GreenWaveMsg origin in veh_74 (at simulation time 409.000,000,000 s)
2025-06-04 15:07:31,381 INFO  - Resent to veh_72 - GreenWaveMsg origin in veh_74 (at simulation time 409.000,000,000 s)
2025-06-04 15:07:31,381 INFO  - Resent to veh_72 - GreenWaveMsg origin in veh_74 (at simulation time 409.000,000,000 s)
2025-06-04 15:07:31,381 INFO  - Resent to veh_72 - GreenWaveMsg origin in veh_74 (at simulation time 409.000,000,000 s)
2025-06-04 15:07:31,381 INFO  - Resent to veh_72 - GreenWaveMsg origin in veh_74 (at simulation time 409.000,000,000 s)
2025-06-04 15:07:31,381 INFO  - Resent to veh_72 - GreenWaveMsg origin in veh_74 (at simulation time 409.000,000,000 s)
2025-06-04 15:07:31,382 INFO  - Resent to veh_72 - GreenWaveMsg origin in veh_74 (at simulation time 409.000,000,000 s)
2025-06-04 15:07:31,382 INFO  - Resent to veh_72 - GreenWaveMsg origin in veh_74 (at simulation time 409.000,000,000 s)
2025-06-04 15:07:31,382 INFO  - Resent to veh_72 - GreenWaveMsg origin in veh_74 (at simulation time 409.000,000,000 s)
2025-06-04 15:07:31,382 INFO  - Resent to veh_72 - GreenWaveMsg origin in veh_74 (at simulation time 409.000,000,000 s)
2025-06-04 15:07:31,382 INFO  - Resent to veh_72 - GreenWaveMsg origin in veh_74 (at simulation time 409.000,000,000 s)
2025-06-04 15:07:31,391 INFO  - Resent to veh_72 - GreenWaveMsg origin in veh_74 (at simulation time 410.000,000,000 s)
2025-06-04 15:07:31,391 INFO  - Resent to veh_72 - GreenWaveMsg origin in veh_74 (at simulation time 410.000,000,000 s)
2025-06-04 15:07:31,391 INFO  - Resent to veh_72 - GreenWaveMsg origin in veh_74 (at simulation time 410.000,000,000 s)
2025-06-04 15:07:31,391 INFO  - Resent to veh_72 - GreenWaveMsg origin in veh_74 (at simulation time 410.000,000,000 s)
2025-06-04 15:07:31,391 INFO  - Resent to veh_72 - GreenWaveMsg origin in veh_74 (at simulation time 410.000,000,000 s)
2025-06-04 15:07:31,391 INFO  - Resent to veh_72 - GreenWaveMsg origin in veh_74 (at simulation time 410.000,000,000 s)
2025-06-04 15:07:31,391 INFO  - Resent to veh_72 - GreenWaveMsg origin in veh_74 (at simulation time 410.000,000,000 s)
2025-06-04 15:07:31,392 INFO  - Resent to veh_72 - GreenWaveMsg origin in veh_74 (at simulation time 410.000,000,000 s)
2025-06-04 15:07:31,392 INFO  - Resent to veh_72 - GreenWaveMsg origin in veh_74 (at simulation time 410.000,000,000 s)
2025-06-04 15:07:31,392 INFO  - Resent to veh_72 - GreenWaveMsg origin in veh_74 (at simulation time 410.000,000,000 s)
2025-06-04 15:07:31,392 INFO  - Resent to veh_72 - GreenWaveMsg origin in veh_74 (at simulation time 410.000,000,000 s)
2025-06-04 15:07:31,392 INFO  - Resent to veh_72 - GreenWaveMsg origin in veh_74 (at simulation time 410.000,000,000 s)
2025-06-04 15:07:31,392 INFO  - Resent to veh_72 - GreenWaveMsg origin in veh_74 (at simulation time 410.000,000,000 s)
2025-06-04 15:07:31,392 INFO  - Resent to veh_72 - GreenWaveMsg origin in veh_74 (at simulation time 410.000,000,000 s)
2025-06-04 15:07:31,392 INFO  - Resent to veh_72 - GreenWaveMsg origin in veh_74 (at simulation time 410.000,000,000 s)
2025-06-04 15:07:31,392 INFO  - Resent to veh_72 - GreenWaveMsg origin in veh_74 (at simulation time 410.000,000,000 s)
2025-06-04 15:07:31,392 INFO  - Resent to veh_72 - GreenWaveMsg origin in veh_74 (at simulation time 410.000,000,000 s)
2025-06-04 15:07:31,393 INFO  - Resent to veh_72 - GreenWaveMsg origin in veh_74 (at simulation time 410.000,000,000 s)
2025-06-04 15:07:31,393 INFO  - Resent to veh_72 - GreenWaveMsg origin in veh_74 (at simulation time 410.000,000,000 s)
2025-06-04 15:07:31,393 INFO  - Resent to veh_72 - GreenWaveMsg origin in veh_74 (at simulation time 410.000,000,000 s)
2025-06-04 15:07:31,393 INFO  - Resent to veh_72 - GreenWaveMsg origin in veh_74 (at simulation time 410.000,000,000 s)
2025-06-04 15:07:31,393 INFO  - Resent to veh_72 - GreenWaveMsg origin in veh_74 (at simulation time 410.000,000,000 s)
2025-06-04 15:07:31,393 INFO  - Resent to veh_72 - GreenWaveMsg origin in veh_74 (at simulation time 410.000,000,000 s)
2025-06-04 15:07:31,393 INFO  - Resent to veh_72 - GreenWaveMsg origin in veh_74 (at simulation time 410.000,000,000 s)
2025-06-04 15:07:31,401 INFO  - Resent to veh_72 - GreenWaveMsg origin in veh_74 (at simulation time 411.000,000,000 s)
2025-06-04 15:07:31,401 INFO  - Resent to veh_72 - GreenWaveMsg origin in veh_74 (at simulation time 411.000,000,000 s)
2025-06-04 15:07:31,401 INFO  - Resent to veh_72 - GreenWaveMsg origin in veh_74 (at simulation time 411.000,000,000 s)
2025-06-04 15:07:31,401 INFO  - Resent to veh_72 - GreenWaveMsg origin in veh_74 (at simulation time 411.000,000,000 s)
2025-06-04 15:07:31,402 INFO  - Resent to veh_72 - GreenWaveMsg origin in veh_74 (at simulation time 411.000,000,000 s)
2025-06-04 15:07:31,402 INFO  - Resent to veh_72 - GreenWaveMsg origin in veh_74 (at simulation time 411.000,000,000 s)
2025-06-04 15:07:31,402 INFO  - Resent to veh_72 - GreenWaveMsg origin in veh_74 (at simulation time 411.000,000,000 s)
2025-06-04 15:07:31,402 INFO  - Resent to veh_72 - GreenWaveMsg origin in veh_74 (at simulation time 411.000,000,000 s)
2025-06-04 15:07:31,402 INFO  - Resent to veh_72 - GreenWaveMsg origin in veh_74 (at simulation time 411.000,000,000 s)
2025-06-04 15:07:31,402 INFO  - Resent to veh_72 - GreenWaveMsg origin in veh_74 (at simulation time 411.000,000,000 s)
2025-06-04 15:07:31,402 INFO  - Resent to veh_72 - GreenWaveMsg origin in veh_74 (at simulation time 411.000,000,000 s)
2025-06-04 15:07:31,402 INFO  - Resent to veh_72 - GreenWaveMsg origin in veh_74 (at simulation time 411.000,000,000 s)
2025-06-04 15:07:31,403 INFO  - Resent to veh_72 - GreenWaveMsg origin in veh_74 (at simulation time 411.000,000,000 s)
2025-06-04 15:07:31,403 INFO  - Resent to veh_72 - GreenWaveMsg origin in veh_74 (at simulation time 411.000,000,000 s)
2025-06-04 15:07:31,403 INFO  - Resent to veh_72 - GreenWaveMsg origin in veh_74 (at simulation time 411.000,000,000 s)
2025-06-04 15:07:31,403 INFO  - Resent to veh_72 - GreenWaveMsg origin in veh_74 (at simulation time 411.000,000,000 s)
2025-06-04 15:07:31,403 INFO  - Resent to veh_72 - GreenWaveMsg origin in veh_74 (at simulation time 411.000,000,000 s)
2025-06-04 15:07:31,403 INFO  - Resent to veh_72 - GreenWaveMsg origin in veh_74 (at simulation time 411.000,000,000 s)
2025-06-04 15:07:31,403 INFO  - Resent to veh_72 - GreenWaveMsg origin in veh_74 (at simulation time 411.000,000,000 s)
2025-06-04 15:07:31,403 INFO  - Resent to veh_72 - GreenWaveMsg origin in veh_74 (at simulation time 411.000,000,000 s)
2025-06-04 15:07:31,403 INFO  - Resent to veh_72 - GreenWaveMsg origin in veh_74 (at simulation time 411.000,000,000 s)
2025-06-04 15:07:31,403 INFO  - Resent to veh_72 - GreenWaveMsg origin in veh_74 (at simulation time 411.000,000,000 s)
2025-06-04 15:07:31,404 INFO  - Resent to veh_72 - GreenWaveMsg origin in veh_74 (at simulation time 411.000,000,000 s)
2025-06-04 15:07:31,404 INFO  - Resent to veh_72 - GreenWaveMsg origin in veh_74 (at simulation time 411.000,000,000 s)
2025-06-04 15:07:31,404 INFO  - Resent to veh_72 - GreenWaveMsg origin in veh_74 (at simulation time 411.000,000,000 s)
2025-06-04 15:07:31,410 INFO  - Resent to veh_72 - GreenWaveMsg origin in veh_66 (at simulation time 411.000,900,000 s)
2025-06-04 15:07:31,410 INFO  - Resent to veh_72 - GreenWaveMsg origin in veh_64 (at simulation time 411.001,900,000 s)
2025-06-04 15:07:31,410 INFO  - Resent to veh_72 - GreenWaveMsg origin in veh_68 (at simulation time 411.001,900,000 s)
2025-06-04 15:07:31,410 INFO  - Resent to veh_72 - GreenWaveMsg origin in veh_70 (at simulation time 411.002,400,000 s)
2025-06-04 15:07:31,412 INFO  - Sent periodic GreenWaveMsg: veh_74 on route r_0 (at simulation time 412.000,000,000 s)
2025-06-04 15:07:31,412 INFO  - Resent to veh_72 - GreenWaveMsg origin in veh_74 (at simulation time 412.000,000,000 s)
2025-06-04 15:07:31,412 INFO  - Resent to veh_72 - GreenWaveMsg origin in veh_74 (at simulation time 412.000,000,000 s)
2025-06-04 15:07:31,412 INFO  - Resent to veh_72 - GreenWaveMsg origin in veh_74 (at simulation time 412.000,000,000 s)
2025-06-04 15:07:31,412 INFO  - Resent to veh_72 - GreenWaveMsg origin in veh_74 (at simulation time 412.000,000,000 s)
2025-06-04 15:07:31,412 INFO  - Resent to veh_72 - GreenWaveMsg origin in veh_74 (at simulation time 412.000,000,000 s)
2025-06-04 15:07:31,412 INFO  - Resent to veh_72 - GreenWaveMsg origin in veh_74 (at simulation time 412.000,000,000 s)
2025-06-04 15:07:31,413 INFO  - Resent to veh_72 - GreenWaveMsg origin in veh_74 (at simulation time 412.000,000,000 s)
2025-06-04 15:07:31,413 INFO  - Resent to veh_72 - GreenWaveMsg origin in veh_74 (at simulation time 412.000,000,000 s)
2025-06-04 15:07:31,413 INFO  - Resent to veh_72 - GreenWaveMsg origin in veh_74 (at simulation time 412.000,000,000 s)
2025-06-04 15:07:31,413 INFO  - Resent to veh_72 - GreenWaveMsg origin in veh_74 (at simulation time 412.000,000,000 s)
2025-06-04 15:07:31,413 INFO  - Resent to veh_72 - GreenWaveMsg origin in veh_74 (at simulation time 412.000,000,000 s)
2025-06-04 15:07:31,413 INFO  - Resent to veh_72 - GreenWaveMsg origin in veh_74 (at simulation time 412.000,000,000 s)
2025-06-04 15:07:31,413 INFO  - Resent to veh_72 - GreenWaveMsg origin in veh_74 (at simulation time 412.000,000,000 s)
2025-06-04 15:07:31,413 INFO  - Resent to veh_72 - GreenWaveMsg origin in veh_74 (at simulation time 412.000,000,000 s)
2025-06-04 15:07:31,413 INFO  - Resent to veh_72 - GreenWaveMsg origin in veh_74 (at simulation time 412.000,000,000 s)
2025-06-04 15:07:31,414 INFO  - Resent to veh_72 - GreenWaveMsg origin in veh_74 (at simulation time 412.000,000,000 s)
2025-06-04 15:07:31,414 INFO  - Resent to veh_72 - GreenWaveMsg origin in veh_74 (at simulation time 412.000,000,000 s)
2025-06-04 15:07:31,414 INFO  - Resent to veh_72 - GreenWaveMsg origin in veh_74 (at simulation time 412.000,000,000 s)
2025-06-04 15:07:31,414 INFO  - Resent to veh_72 - GreenWaveMsg origin in veh_74 (at simulation time 412.000,000,000 s)
2025-06-04 15:07:31,414 INFO  - Resent to veh_72 - GreenWaveMsg origin in veh_74 (at simulation time 412.000,000,000 s)
2025-06-04 15:07:31,414 INFO  - Resent to veh_72 - GreenWaveMsg origin in veh_74 (at simulation time 412.000,000,000 s)
2025-06-04 15:07:31,414 INFO  - Resent to veh_72 - GreenWaveMsg origin in veh_74 (at simulation time 412.000,000,000 s)
2025-06-04 15:07:31,414 INFO  - Resent to veh_72 - GreenWaveMsg origin in veh_74 (at simulation time 412.000,000,000 s)
2025-06-04 15:07:31,414 INFO  - Resent to veh_72 - GreenWaveMsg origin in veh_74 (at simulation time 412.000,000,000 s)
2025-06-04 15:07:31,414 INFO  - Resent to veh_72 - GreenWaveMsg origin in veh_74 (at simulation time 412.000,000,000 s)
2025-06-04 15:07:31,414 INFO  - Resent to veh_72 - GreenWaveMsg origin in veh_74 (at simulation time 412.000,000,000 s)
2025-06-04 15:07:31,421 INFO  - Resent to veh_72 - GreenWaveMsg origin in veh_72 (at simulation time 412.002,400,000 s)
2025-06-04 15:07:31,421 INFO  - Received ACK with origin at RSU from rsu_0 at 412002800000 (at simulation time 412.002,800,000 s)
2025-06-04 15:07:31,423 INFO  - Already have ACK (at simulation time 413.000,000,000 s)
2025-06-04 15:07:31,424 INFO  - Already have ACK (at simulation time 413.000,000,000 s)
2025-06-04 15:07:31,424 INFO  - Already have ACK (at simulation time 413.000,000,000 s)
2025-06-04 15:07:31,424 INFO  - Already have ACK (at simulation time 413.000,000,000 s)
2025-06-04 15:07:31,424 INFO  - Already have ACK (at simulation time 413.000,000,000 s)
2025-06-04 15:07:31,424 INFO  - Already have ACK (at simulation time 413.000,000,000 s)
2025-06-04 15:07:31,424 INFO  - Already have ACK (at simulation time 413.000,000,000 s)
2025-06-04 15:07:31,424 INFO  - Already have ACK (at simulation time 413.000,000,000 s)
2025-06-04 15:07:31,424 INFO  - Already have ACK (at simulation time 413.000,000,000 s)
2025-06-04 15:07:31,424 INFO  - Already have ACK (at simulation time 413.000,000,000 s)
2025-06-04 15:07:31,425 INFO  - Already have ACK (at simulation time 413.000,000,000 s)
2025-06-04 15:07:31,425 INFO  - Already have ACK (at simulation time 413.000,000,000 s)
2025-06-04 15:07:31,425 INFO  - Already have ACK (at simulation time 413.000,000,000 s)
2025-06-04 15:07:31,425 INFO  - Already have ACK (at simulation time 413.000,000,000 s)
2025-06-04 15:07:31,425 INFO  - Already have ACK (at simulation time 413.000,000,000 s)
2025-06-04 15:07:31,425 INFO  - Already have ACK (at simulation time 413.000,000,000 s)
2025-06-04 15:07:31,425 INFO  - Already have ACK (at simulation time 413.000,000,000 s)
2025-06-04 15:07:31,426 INFO  - Already have ACK (at simulation time 413.000,000,000 s)
2025-06-04 15:07:31,426 INFO  - Already have ACK (at simulation time 413.000,000,000 s)
2025-06-04 15:07:31,426 INFO  - Already have ACK (at simulation time 413.000,000,000 s)
2025-06-04 15:07:31,426 INFO  - Already have ACK (at simulation time 413.000,000,000 s)
2025-06-04 15:07:31,426 INFO  - Already have ACK (at simulation time 413.000,000,000 s)
2025-06-04 15:07:31,426 INFO  - Already have ACK (at simulation time 413.000,000,000 s)
2025-06-04 15:07:31,426 INFO  - Already have ACK (at simulation time 413.000,000,000 s)
2025-06-04 15:07:31,426 INFO  - Already have ACK (at simulation time 413.000,000,000 s)
2025-06-04 15:07:31,426 INFO  - Already have ACK (at simulation time 413.000,000,000 s)
2025-06-04 15:07:31,426 INFO  - Already have ACK (at simulation time 413.000,000,000 s)
2025-06-04 15:07:31,434 INFO  - Already have ACK (at simulation time 414.000,000,000 s)
2025-06-04 15:07:31,434 INFO  - Already have ACK (at simulation time 414.000,000,000 s)
2025-06-04 15:07:31,434 INFO  - Already have ACK (at simulation time 414.000,000,000 s)
2025-06-04 15:07:31,434 INFO  - Already have ACK (at simulation time 414.000,000,000 s)
2025-06-04 15:07:31,434 INFO  - Already have ACK (at simulation time 414.000,000,000 s)
2025-06-04 15:07:31,434 INFO  - Already have ACK (at simulation time 414.000,000,000 s)
2025-06-04 15:07:31,434 INFO  - Already have ACK (at simulation time 414.000,000,000 s)
2025-06-04 15:07:31,434 INFO  - Already have ACK (at simulation time 414.000,000,000 s)
2025-06-04 15:07:31,434 INFO  - Already have ACK (at simulation time 414.000,000,000 s)
2025-06-04 15:07:31,435 INFO  - Already have ACK (at simulation time 414.000,000,000 s)
2025-06-04 15:07:31,435 INFO  - Already have ACK (at simulation time 414.000,000,000 s)
2025-06-04 15:07:31,435 INFO  - Already have ACK (at simulation time 414.000,000,000 s)
2025-06-04 15:07:31,435 INFO  - Already have ACK (at simulation time 414.000,000,000 s)
2025-06-04 15:07:31,435 INFO  - Already have ACK (at simulation time 414.000,000,000 s)
2025-06-04 15:07:31,435 INFO  - Already have ACK (at simulation time 414.000,000,000 s)
2025-06-04 15:07:31,435 INFO  - Already have ACK (at simulation time 414.000,000,000 s)
2025-06-04 15:07:31,435 INFO  - Already have ACK (at simulation time 414.000,000,000 s)
2025-06-04 15:07:31,435 INFO  - Already have ACK (at simulation time 414.000,000,000 s)
2025-06-04 15:07:31,436 INFO  - Already have ACK (at simulation time 414.000,000,000 s)
2025-06-04 15:07:31,436 INFO  - Already have ACK (at simulation time 414.000,000,000 s)
2025-06-04 15:07:31,436 INFO  - Already have ACK (at simulation time 414.000,000,000 s)
2025-06-04 15:07:31,436 INFO  - Already have ACK (at simulation time 414.000,000,000 s)
2025-06-04 15:07:31,436 INFO  - Already have ACK (at simulation time 414.000,000,000 s)
2025-06-04 15:07:31,436 INFO  - Already have ACK (at simulation time 414.000,000,000 s)
2025-06-04 15:07:31,436 INFO  - Already have ACK (at simulation time 414.000,000,000 s)
2025-06-04 15:07:31,436 INFO  - Already have ACK (at simulation time 414.000,000,000 s)
2025-06-04 15:07:31,436 INFO  - Already have ACK (at simulation time 414.000,000,000 s)
2025-06-04 15:07:31,436 INFO  - Already have ACK (at simulation time 414.000,000,000 s)
2025-06-04 15:07:31,444 INFO  - Already have ACK (at simulation time 415.000,000,000 s)
2025-06-04 15:07:31,444 INFO  - Already have ACK (at simulation time 415.000,000,000 s)
2025-06-04 15:07:31,444 INFO  - Already have ACK (at simulation time 415.000,000,000 s)
2025-06-04 15:07:31,444 INFO  - Already have ACK (at simulation time 415.000,000,000 s)
2025-06-04 15:07:31,444 INFO  - Already have ACK (at simulation time 415.000,000,000 s)
2025-06-04 15:07:31,445 INFO  - Already have ACK (at simulation time 415.000,000,000 s)
2025-06-04 15:07:31,445 INFO  - Already have ACK (at simulation time 415.000,000,000 s)
2025-06-04 15:07:31,445 INFO  - Already have ACK (at simulation time 415.000,000,000 s)
2025-06-04 15:07:31,445 INFO  - Already have ACK (at simulation time 415.000,000,000 s)
2025-06-04 15:07:31,445 INFO  - Already have ACK (at simulation time 415.000,000,000 s)
2025-06-04 15:07:31,445 INFO  - Already have ACK (at simulation time 415.000,000,000 s)
2025-06-04 15:07:31,445 INFO  - Already have ACK (at simulation time 415.000,000,000 s)
2025-06-04 15:07:31,445 INFO  - Already have ACK (at simulation time 415.000,000,000 s)
2025-06-04 15:07:31,445 INFO  - Already have ACK (at simulation time 415.000,000,000 s)
2025-06-04 15:07:31,446 INFO  - Already have ACK (at simulation time 415.000,000,000 s)
2025-06-04 15:07:31,446 INFO  - Already have ACK (at simulation time 415.000,000,000 s)
2025-06-04 15:07:31,446 INFO  - Already have ACK (at simulation time 415.000,000,000 s)
2025-06-04 15:07:31,446 INFO  - Already have ACK (at simulation time 415.000,000,000 s)
2025-06-04 15:07:31,446 INFO  - Already have ACK (at simulation time 415.000,000,000 s)
2025-06-04 15:07:31,446 INFO  - Already have ACK (at simulation time 415.000,000,000 s)
2025-06-04 15:07:31,446 INFO  - Already have ACK (at simulation time 415.000,000,000 s)
2025-06-04 15:07:31,446 INFO  - Already have ACK (at simulation time 415.000,000,000 s)
2025-06-04 15:07:31,446 INFO  - Already have ACK (at simulation time 415.000,000,000 s)
2025-06-04 15:07:31,446 INFO  - Already have ACK (at simulation time 415.000,000,000 s)
2025-06-04 15:07:31,447 INFO  - Already have ACK (at simulation time 415.000,000,000 s)
2025-06-04 15:07:31,447 INFO  - Already have ACK (at simulation time 415.000,000,000 s)
2025-06-04 15:07:31,447 INFO  - Already have ACK (at simulation time 415.000,000,000 s)
2025-06-04 15:07:31,447 INFO  - Already have ACK (at simulation time 415.000,000,000 s)
2025-06-04 15:07:31,447 INFO  - Already have ACK (at simulation time 415.000,000,000 s)
2025-06-04 15:07:31,454 INFO  - Already have ACK (at simulation time 416.000,000,000 s)
2025-06-04 15:07:31,454 INFO  - Already have ACK (at simulation time 416.000,000,000 s)
2025-06-04 15:07:31,454 INFO  - Already have ACK (at simulation time 416.000,000,000 s)
2025-06-04 15:07:31,454 INFO  - Already have ACK (at simulation time 416.000,000,000 s)
2025-06-04 15:07:31,454 INFO  - Already have ACK (at simulation time 416.000,000,000 s)
2025-06-04 15:07:31,454 INFO  - Already have ACK (at simulation time 416.000,000,000 s)
2025-06-04 15:07:31,455 INFO  - Already have ACK (at simulation time 416.000,000,000 s)
2025-06-04 15:07:31,455 INFO  - Already have ACK (at simulation time 416.000,000,000 s)
2025-06-04 15:07:31,455 INFO  - Already have ACK (at simulation time 416.000,000,000 s)
2025-06-04 15:07:31,455 INFO  - Already have ACK (at simulation time 416.000,000,000 s)
2025-06-04 15:07:31,455 INFO  - Already have ACK (at simulation time 416.000,000,000 s)
2025-06-04 15:07:31,455 INFO  - Already have ACK (at simulation time 416.000,000,000 s)
2025-06-04 15:07:31,455 INFO  - Already have ACK (at simulation time 416.000,000,000 s)
2025-06-04 15:07:31,455 INFO  - Already have ACK (at simulation time 416.000,000,000 s)
2025-06-04 15:07:31,455 INFO  - Already have ACK (at simulation time 416.000,000,000 s)
2025-06-04 15:07:31,455 INFO  - Already have ACK (at simulation time 416.000,000,000 s)
2025-06-04 15:07:31,456 INFO  - Already have ACK (at simulation time 416.000,000,000 s)
2025-06-04 15:07:31,456 INFO  - Already have ACK (at simulation time 416.000,000,000 s)
2025-06-04 15:07:31,456 INFO  - Already have ACK (at simulation time 416.000,000,000 s)
2025-06-04 15:07:31,456 INFO  - Already have ACK (at simulation time 416.000,000,000 s)
2025-06-04 15:07:31,456 INFO  - Already have ACK (at simulation time 416.000,000,000 s)
2025-06-04 15:07:31,456 INFO  - Already have ACK (at simulation time 416.000,000,000 s)
2025-06-04 15:07:31,456 INFO  - Already have ACK (at simulation time 416.000,000,000 s)
2025-06-04 15:07:31,456 INFO  - Already have ACK (at simulation time 416.000,000,000 s)
2025-06-04 15:07:31,456 INFO  - Already have ACK (at simulation time 416.000,000,000 s)
2025-06-04 15:07:31,456 INFO  - Already have ACK (at simulation time 416.000,000,000 s)
2025-06-04 15:07:31,456 INFO  - Already have ACK (at simulation time 416.000,000,000 s)
2025-06-04 15:07:31,457 INFO  - Already have ACK (at simulation time 416.000,000,000 s)
2025-06-04 15:07:31,457 INFO  - Already have ACK (at simulation time 416.000,000,000 s)
2025-06-04 15:07:31,457 INFO  - Already have ACK (at simulation time 416.000,000,000 s)
2025-06-04 15:07:31,463 INFO  - Sent periodic GreenWaveMsg: veh_74 on route r_0 (at simulation time 417.000,000,000 s)
2025-06-04 15:07:31,463 INFO  - Already have ACK (at simulation time 417.000,000,000 s)
2025-06-04 15:07:31,463 INFO  - Already have ACK (at simulation time 417.000,000,000 s)
2025-06-04 15:07:31,463 INFO  - Already have ACK (at simulation time 417.000,000,000 s)
2025-06-04 15:07:31,463 INFO  - Already have ACK (at simulation time 417.000,000,000 s)
2025-06-04 15:07:31,463 INFO  - Already have ACK (at simulation time 417.000,000,000 s)
2025-06-04 15:07:31,463 INFO  - Already have ACK (at simulation time 417.000,000,000 s)
2025-06-04 15:07:31,464 INFO  - Already have ACK (at simulation time 417.000,000,000 s)
2025-06-04 15:07:31,464 INFO  - Already have ACK (at simulation time 417.000,000,000 s)
2025-06-04 15:07:31,464 INFO  - Already have ACK (at simulation time 417.000,000,000 s)
2025-06-04 15:07:31,464 INFO  - Already have ACK (at simulation time 417.000,000,000 s)
2025-06-04 15:07:31,464 INFO  - Already have ACK (at simulation time 417.000,000,000 s)
2025-06-04 15:07:31,464 INFO  - Already have ACK (at simulation time 417.000,000,000 s)
2025-06-04 15:07:31,464 INFO  - Already have ACK (at simulation time 417.000,000,000 s)
2025-06-04 15:07:31,464 INFO  - Already have ACK (at simulation time 417.000,000,000 s)
2025-06-04 15:07:31,464 INFO  - Already have ACK (at simulation time 417.000,000,000 s)
2025-06-04 15:07:31,464 INFO  - Already have ACK (at simulation time 417.000,000,000 s)
2025-06-04 15:07:31,465 INFO  - Already have ACK (at simulation time 417.000,000,000 s)
2025-06-04 15:07:31,465 INFO  - Already have ACK (at simulation time 417.000,000,000 s)
2025-06-04 15:07:31,465 INFO  - Already have ACK (at simulation time 417.000,000,000 s)
2025-06-04 15:07:31,465 INFO  - Already have ACK (at simulation time 417.000,000,000 s)
2025-06-04 15:07:31,465 INFO  - Already have ACK (at simulation time 417.000,000,000 s)
2025-06-04 15:07:31,465 INFO  - Already have ACK (at simulation time 417.000,000,000 s)
2025-06-04 15:07:31,465 INFO  - Already have ACK (at simulation time 417.000,000,000 s)
2025-06-04 15:07:31,465 INFO  - Already have ACK (at simulation time 417.000,000,000 s)
2025-06-04 15:07:31,465 INFO  - Already have ACK (at simulation time 417.000,000,000 s)
2025-06-04 15:07:31,465 INFO  - Already have ACK (at simulation time 417.000,000,000 s)
2025-06-04 15:07:31,465 INFO  - Already have ACK (at simulation time 417.000,000,000 s)
2025-06-04 15:07:31,466 INFO  - Already have ACK (at simulation time 417.000,000,000 s)
2025-06-04 15:07:31,466 INFO  - Already have ACK (at simulation time 417.000,000,000 s)
2025-06-04 15:07:31,466 INFO  - Already have ACK (at simulation time 417.000,000,000 s)
2025-06-04 15:07:31,466 INFO  - Already have ACK (at simulation time 417.000,000,000 s)
2025-06-04 15:07:31,471 INFO  - Received ACK with origin at RSU from rsu_0 at 417003800000 (at simulation time 417.003,800,000 s)
2025-06-04 15:07:31,478 INFO  - Already have ACK (at simulation time 418.000,000,000 s)
2025-06-04 15:07:31,478 INFO  - Already have ACK (at simulation time 418.000,000,000 s)
2025-06-04 15:07:31,478 INFO  - Already have ACK (at simulation time 418.000,000,000 s)
2025-06-04 15:07:31,478 INFO  - Already have ACK (at simulation time 418.000,000,000 s)
2025-06-04 15:07:31,478 INFO  - Already have ACK (at simulation time 418.000,000,000 s)
2025-06-04 15:07:31,479 INFO  - Already have ACK (at simulation time 418.000,000,000 s)
2025-06-04 15:07:31,479 INFO  - Already have ACK (at simulation time 418.000,000,000 s)
2025-06-04 15:07:31,479 INFO  - Already have ACK (at simulation time 418.000,000,000 s)
2025-06-04 15:07:31,479 INFO  - Already have ACK (at simulation time 418.000,000,000 s)
2025-06-04 15:07:31,479 INFO  - Already have ACK (at simulation time 418.000,000,000 s)
2025-06-04 15:07:31,479 INFO  - Already have ACK (at simulation time 418.000,000,000 s)
2025-06-04 15:07:31,479 INFO  - Already have ACK (at simulation time 418.000,000,000 s)
2025-06-04 15:07:31,480 INFO  - Already have ACK (at simulation time 418.000,000,000 s)
2025-06-04 15:07:31,480 INFO  - Already have ACK (at simulation time 418.000,000,000 s)
2025-06-04 15:07:31,480 INFO  - Already have ACK (at simulation time 418.000,000,000 s)
2025-06-04 15:07:31,480 INFO  - Already have ACK (at simulation time 418.000,000,000 s)
2025-06-04 15:07:31,480 INFO  - Already have ACK (at simulation time 418.000,000,000 s)
2025-06-04 15:07:31,480 INFO  - Already have ACK (at simulation time 418.000,000,000 s)
2025-06-04 15:07:31,480 INFO  - Already have ACK (at simulation time 418.000,000,000 s)
2025-06-04 15:07:31,480 INFO  - Already have ACK (at simulation time 418.000,000,000 s)
2025-06-04 15:07:31,481 INFO  - Already have ACK (at simulation time 418.000,000,000 s)
2025-06-04 15:07:31,481 INFO  - Already have ACK (at simulation time 418.000,000,000 s)
2025-06-04 15:07:31,481 INFO  - Already have ACK (at simulation time 418.000,000,000 s)
2025-06-04 15:07:31,481 INFO  - Already have ACK (at simulation time 418.000,000,000 s)
2025-06-04 15:07:31,481 INFO  - Already have ACK (at simulation time 418.000,000,000 s)
2025-06-04 15:07:31,481 INFO  - Already have ACK (at simulation time 418.000,000,000 s)
2025-06-04 15:07:31,481 INFO  - Already have ACK (at simulation time 418.000,000,000 s)
2025-06-04 15:07:31,481 INFO  - Already have ACK (at simulation time 418.000,000,000 s)
2025-06-04 15:07:31,482 INFO  - Already have ACK (at simulation time 418.000,000,000 s)
2025-06-04 15:07:31,482 INFO  - Already have ACK (at simulation time 418.000,000,000 s)
2025-06-04 15:07:31,482 INFO  - Already have ACK (at simulation time 418.000,000,000 s)
2025-06-04 15:07:31,482 INFO  - Already have ACK (at simulation time 418.000,000,000 s)
2025-06-04 15:07:31,530 INFO  - Already have ACK (at simulation time 419.000,000,000 s)
2025-06-04 15:07:31,530 INFO  - Already have ACK (at simulation time 419.000,000,000 s)
2025-06-04 15:07:31,530 INFO  - Already have ACK (at simulation time 419.000,000,000 s)
2025-06-04 15:07:31,530 INFO  - Already have ACK (at simulation time 419.000,000,000 s)
2025-06-04 15:07:31,531 INFO  - Already have ACK (at simulation time 419.000,000,000 s)
2025-06-04 15:07:31,531 INFO  - Already have ACK (at simulation time 419.000,000,000 s)
2025-06-04 15:07:31,531 INFO  - Already have ACK (at simulation time 419.000,000,000 s)
2025-06-04 15:07:31,531 INFO  - Already have ACK (at simulation time 419.000,000,000 s)
2025-06-04 15:07:31,531 INFO  - Already have ACK (at simulation time 419.000,000,000 s)
2025-06-04 15:07:31,531 INFO  - Already have ACK (at simulation time 419.000,000,000 s)
2025-06-04 15:07:31,531 INFO  - Already have ACK (at simulation time 419.000,000,000 s)
2025-06-04 15:07:31,531 INFO  - Already have ACK (at simulation time 419.000,000,000 s)
2025-06-04 15:07:31,531 INFO  - Already have ACK (at simulation time 419.000,000,000 s)
2025-06-04 15:07:31,531 INFO  - Already have ACK (at simulation time 419.000,000,000 s)
2025-06-04 15:07:31,531 INFO  - Already have ACK (at simulation time 419.000,000,000 s)
2025-06-04 15:07:31,532 INFO  - Already have ACK (at simulation time 419.000,000,000 s)
2025-06-04 15:07:31,532 INFO  - Already have ACK (at simulation time 419.000,000,000 s)
2025-06-04 15:07:31,532 INFO  - Already have ACK (at simulation time 419.000,000,000 s)
2025-06-04 15:07:31,532 INFO  - Already have ACK (at simulation time 419.000,000,000 s)
2025-06-04 15:07:31,532 INFO  - Already have ACK (at simulation time 419.000,000,000 s)
2025-06-04 15:07:31,532 INFO  - Already have ACK (at simulation time 419.000,000,000 s)
2025-06-04 15:07:31,532 INFO  - Already have ACK (at simulation time 419.000,000,000 s)
2025-06-04 15:07:31,532 INFO  - Already have ACK (at simulation time 419.000,000,000 s)
2025-06-04 15:07:31,532 INFO  - Already have ACK (at simulation time 419.000,000,000 s)
2025-06-04 15:07:31,532 INFO  - Already have ACK (at simulation time 419.000,000,000 s)
2025-06-04 15:07:31,532 INFO  - Already have ACK (at simulation time 419.000,000,000 s)
2025-06-04 15:07:31,532 INFO  - Already have ACK (at simulation time 419.000,000,000 s)
2025-06-04 15:07:31,533 INFO  - Already have ACK (at simulation time 419.000,000,000 s)
2025-06-04 15:07:31,533 INFO  - Already have ACK (at simulation time 419.000,000,000 s)
2025-06-04 15:07:31,533 INFO  - Already have ACK (at simulation time 419.000,000,000 s)
2025-06-04 15:07:31,533 INFO  - Already have ACK (at simulation time 419.000,000,000 s)
2025-06-04 15:07:31,533 INFO  - Already have ACK (at simulation time 419.000,000,000 s)
2025-06-04 15:07:31,533 INFO  - Already have ACK (at simulation time 419.000,000,000 s)
2025-06-04 15:07:31,538 INFO  - Already have ACK (at simulation time 420.000,000,000 s)
2025-06-04 15:07:31,539 INFO  - Already have ACK (at simulation time 420.000,000,000 s)
2025-06-04 15:07:31,539 INFO  - Already have ACK (at simulation time 420.000,000,000 s)
2025-06-04 15:07:31,539 INFO  - Already have ACK (at simulation time 420.000,000,000 s)
2025-06-04 15:07:31,539 INFO  - Already have ACK (at simulation time 420.000,000,000 s)
2025-06-04 15:07:31,539 INFO  - Already have ACK (at simulation time 420.000,000,000 s)
2025-06-04 15:07:31,539 INFO  - Already have ACK (at simulation time 420.000,000,000 s)
2025-06-04 15:07:31,539 INFO  - Already have ACK (at simulation time 420.000,000,000 s)
2025-06-04 15:07:31,539 INFO  - Already have ACK (at simulation time 420.000,000,000 s)
2025-06-04 15:07:31,539 INFO  - Already have ACK (at simulation time 420.000,000,000 s)
2025-06-04 15:07:31,539 INFO  - Already have ACK (at simulation time 420.000,000,000 s)
2025-06-04 15:07:31,540 INFO  - Already have ACK (at simulation time 420.000,000,000 s)
2025-06-04 15:07:31,540 INFO  - Already have ACK (at simulation time 420.000,000,000 s)
2025-06-04 15:07:31,540 INFO  - Already have ACK (at simulation time 420.000,000,000 s)
2025-06-04 15:07:31,540 INFO  - Already have ACK (at simulation time 420.000,000,000 s)
2025-06-04 15:07:31,540 INFO  - Already have ACK (at simulation time 420.000,000,000 s)
2025-06-04 15:07:31,540 INFO  - Already have ACK (at simulation time 420.000,000,000 s)
2025-06-04 15:07:31,540 INFO  - Already have ACK (at simulation time 420.000,000,000 s)
2025-06-04 15:07:31,540 INFO  - Already have ACK (at simulation time 420.000,000,000 s)
2025-06-04 15:07:31,540 INFO  - Already have ACK (at simulation time 420.000,000,000 s)
2025-06-04 15:07:31,540 INFO  - Already have ACK (at simulation time 420.000,000,000 s)
2025-06-04 15:07:31,540 INFO  - Already have ACK (at simulation time 420.000,000,000 s)
2025-06-04 15:07:31,541 INFO  - Already have ACK (at simulation time 420.000,000,000 s)
2025-06-04 15:07:31,541 INFO  - Already have ACK (at simulation time 420.000,000,000 s)
2025-06-04 15:07:31,541 INFO  - Already have ACK (at simulation time 420.000,000,000 s)
2025-06-04 15:07:31,541 INFO  - Already have ACK (at simulation time 420.000,000,000 s)
2025-06-04 15:07:31,541 INFO  - Already have ACK (at simulation time 420.000,000,000 s)
2025-06-04 15:07:31,541 INFO  - Already have ACK (at simulation time 420.000,000,000 s)
2025-06-04 15:07:31,541 INFO  - Already have ACK (at simulation time 420.000,000,000 s)
2025-06-04 15:07:31,541 INFO  - Already have ACK (at simulation time 420.000,000,000 s)
2025-06-04 15:07:31,541 INFO  - Already have ACK (at simulation time 420.000,000,000 s)
2025-06-04 15:07:31,541 INFO  - Already have ACK (at simulation time 420.000,000,000 s)
2025-06-04 15:07:31,541 INFO  - Already have ACK (at simulation time 420.000,000,000 s)
2025-06-04 15:07:31,541 INFO  - Already have ACK (at simulation time 420.000,000,000 s)
2025-06-04 15:07:31,546 INFO  - Already have ACK (at simulation time 421.000,000,000 s)
2025-06-04 15:07:31,547 INFO  - Already have ACK (at simulation time 421.000,000,000 s)
2025-06-04 15:07:31,547 INFO  - Already have ACK (at simulation time 421.000,000,000 s)
2025-06-04 15:07:31,547 INFO  - Already have ACK (at simulation time 421.000,000,000 s)
2025-06-04 15:07:31,547 INFO  - Already have ACK (at simulation time 421.000,000,000 s)
2025-06-04 15:07:31,547 INFO  - Already have ACK (at simulation time 421.000,000,000 s)
2025-06-04 15:07:31,547 INFO  - Already have ACK (at simulation time 421.000,000,000 s)
2025-06-04 15:07:31,547 INFO  - Already have ACK (at simulation time 421.000,000,000 s)
2025-06-04 15:07:31,547 INFO  - Already have ACK (at simulation time 421.000,000,000 s)
2025-06-04 15:07:31,547 INFO  - Already have ACK (at simulation time 421.000,000,000 s)
2025-06-04 15:07:31,548 INFO  - Already have ACK (at simulation time 421.000,000,000 s)
2025-06-04 15:07:31,548 INFO  - Already have ACK (at simulation time 421.000,000,000 s)
2025-06-04 15:07:31,548 INFO  - Already have ACK (at simulation time 421.000,000,000 s)
2025-06-04 15:07:31,548 INFO  - Already have ACK (at simulation time 421.000,000,000 s)
2025-06-04 15:07:31,548 INFO  - Already have ACK (at simulation time 421.000,000,000 s)
2025-06-04 15:07:31,548 INFO  - Already have ACK (at simulation time 421.000,000,000 s)
2025-06-04 15:07:31,548 INFO  - Already have ACK (at simulation time 421.000,000,000 s)
2025-06-04 15:07:31,548 INFO  - Already have ACK (at simulation time 421.000,000,000 s)
2025-06-04 15:07:31,548 INFO  - Already have ACK (at simulation time 421.000,000,000 s)
2025-06-04 15:07:31,548 INFO  - Already have ACK (at simulation time 421.000,000,000 s)
2025-06-04 15:07:31,548 INFO  - Already have ACK (at simulation time 421.000,000,000 s)
2025-06-04 15:07:31,548 INFO  - Already have ACK (at simulation time 421.000,000,000 s)
2025-06-04 15:07:31,549 INFO  - Already have ACK (at simulation time 421.000,000,000 s)
2025-06-04 15:07:31,549 INFO  - Already have ACK (at simulation time 421.000,000,000 s)
2025-06-04 15:07:31,549 INFO  - Already have ACK (at simulation time 421.000,000,000 s)
2025-06-04 15:07:31,549 INFO  - Already have ACK (at simulation time 421.000,000,000 s)
2025-06-04 15:07:31,549 INFO  - Already have ACK (at simulation time 421.000,000,000 s)
2025-06-04 15:07:31,549 INFO  - Already have ACK (at simulation time 421.000,000,000 s)
2025-06-04 15:07:31,549 INFO  - Already have ACK (at simulation time 421.000,000,000 s)
2025-06-04 15:07:31,549 INFO  - Already have ACK (at simulation time 421.000,000,000 s)
2025-06-04 15:07:31,549 INFO  - Already have ACK (at simulation time 421.000,000,000 s)
2025-06-04 15:07:31,549 INFO  - Already have ACK (at simulation time 421.000,000,000 s)
2025-06-04 15:07:31,549 INFO  - Already have ACK (at simulation time 421.000,000,000 s)
2025-06-04 15:07:31,549 INFO  - Already have ACK (at simulation time 421.000,000,000 s)
2025-06-04 15:07:31,549 INFO  - Already have ACK (at simulation time 421.000,000,000 s)
2025-06-04 15:07:31,554 INFO  - Sent periodic GreenWaveMsg: veh_74 on route r_0 (at simulation time 422.000,000,000 s)
2025-06-04 15:07:31,554 INFO  - Already have ACK (at simulation time 422.000,000,000 s)
2025-06-04 15:07:31,554 INFO  - Already have ACK (at simulation time 422.000,000,000 s)
2025-06-04 15:07:31,554 INFO  - Already have ACK (at simulation time 422.000,000,000 s)
2025-06-04 15:07:31,554 INFO  - Already have ACK (at simulation time 422.000,000,000 s)
2025-06-04 15:07:31,554 INFO  - Already have ACK (at simulation time 422.000,000,000 s)
2025-06-04 15:07:31,554 INFO  - Already have ACK (at simulation time 422.000,000,000 s)
2025-06-04 15:07:31,554 INFO  - Already have ACK (at simulation time 422.000,000,000 s)
2025-06-04 15:07:31,554 INFO  - Already have ACK (at simulation time 422.000,000,000 s)
2025-06-04 15:07:31,554 INFO  - Already have ACK (at simulation time 422.000,000,000 s)
2025-06-04 15:07:31,555 INFO  - Already have ACK (at simulation time 422.000,000,000 s)
2025-06-04 15:07:31,555 INFO  - Already have ACK (at simulation time 422.000,000,000 s)
2025-06-04 15:07:31,555 INFO  - Already have ACK (at simulation time 422.000,000,000 s)
2025-06-04 15:07:31,555 INFO  - Already have ACK (at simulation time 422.000,000,000 s)
2025-06-04 15:07:31,555 INFO  - Already have ACK (at simulation time 422.000,000,000 s)
2025-06-04 15:07:31,555 INFO  - Already have ACK (at simulation time 422.000,000,000 s)
2025-06-04 15:07:31,555 INFO  - Already have ACK (at simulation time 422.000,000,000 s)
2025-06-04 15:07:31,555 INFO  - Already have ACK (at simulation time 422.000,000,000 s)
2025-06-04 15:07:31,555 INFO  - Already have ACK (at simulation time 422.000,000,000 s)
2025-06-04 15:07:31,555 INFO  - Already have ACK (at simulation time 422.000,000,000 s)
2025-06-04 15:07:31,555 INFO  - Already have ACK (at simulation time 422.000,000,000 s)
2025-06-04 15:07:31,555 INFO  - Already have ACK (at simulation time 422.000,000,000 s)
2025-06-04 15:07:31,556 INFO  - Already have ACK (at simulation time 422.000,000,000 s)
2025-06-04 15:07:31,556 INFO  - Already have ACK (at simulation time 422.000,000,000 s)
2025-06-04 15:07:31,556 INFO  - Already have ACK (at simulation time 422.000,000,000 s)
2025-06-04 15:07:31,556 INFO  - Already have ACK (at simulation time 422.000,000,000 s)
2025-06-04 15:07:31,556 INFO  - Already have ACK (at simulation time 422.000,000,000 s)
2025-06-04 15:07:31,556 INFO  - Already have ACK (at simulation time 422.000,000,000 s)
2025-06-04 15:07:31,556 INFO  - Already have ACK (at simulation time 422.000,000,000 s)
2025-06-04 15:07:31,556 INFO  - Already have ACK (at simulation time 422.000,000,000 s)
2025-06-04 15:07:31,556 INFO  - Already have ACK (at simulation time 422.000,000,000 s)
2025-06-04 15:07:31,556 INFO  - Already have ACK (at simulation time 422.000,000,000 s)
2025-06-04 15:07:31,556 INFO  - Already have ACK (at simulation time 422.000,000,000 s)
2025-06-04 15:07:31,556 INFO  - Already have ACK (at simulation time 422.000,000,000 s)
2025-06-04 15:07:31,556 INFO  - Already have ACK (at simulation time 422.000,000,000 s)
2025-06-04 15:07:31,556 INFO  - Already have ACK (at simulation time 422.000,000,000 s)
2025-06-04 15:07:31,556 INFO  - Already have ACK (at simulation time 422.000,000,000 s)
2025-06-04 15:07:31,561 INFO  - Already have ACK (at simulation time 423.000,000,000 s)
2025-06-04 15:07:31,561 INFO  - Already have ACK (at simulation time 423.000,000,000 s)
2025-06-04 15:07:31,562 INFO  - Already have ACK (at simulation time 423.000,000,000 s)
2025-06-04 15:07:31,562 INFO  - Already have ACK (at simulation time 423.000,000,000 s)
2025-06-04 15:07:31,562 INFO  - Already have ACK (at simulation time 423.000,000,000 s)
2025-06-04 15:07:31,562 INFO  - Already have ACK (at simulation time 423.000,000,000 s)
2025-06-04 15:07:31,562 INFO  - Already have ACK (at simulation time 423.000,000,000 s)
2025-06-04 15:07:31,562 INFO  - Already have ACK (at simulation time 423.000,000,000 s)
2025-06-04 15:07:31,562 INFO  - Already have ACK (at simulation time 423.000,000,000 s)
2025-06-04 15:07:31,562 INFO  - Already have ACK (at simulation time 423.000,000,000 s)
2025-06-04 15:07:31,562 INFO  - Already have ACK (at simulation time 423.000,000,000 s)
2025-06-04 15:07:31,562 INFO  - Already have ACK (at simulation time 423.000,000,000 s)
2025-06-04 15:07:31,562 INFO  - Already have ACK (at simulation time 423.000,000,000 s)
2025-06-04 15:07:31,562 INFO  - Already have ACK (at simulation time 423.000,000,000 s)
2025-06-04 15:07:31,563 INFO  - Already have ACK (at simulation time 423.000,000,000 s)
2025-06-04 15:07:31,563 INFO  - Already have ACK (at simulation time 423.000,000,000 s)
2025-06-04 15:07:31,563 INFO  - Already have ACK (at simulation time 423.000,000,000 s)
2025-06-04 15:07:31,563 INFO  - Already have ACK (at simulation time 423.000,000,000 s)
2025-06-04 15:07:31,563 INFO  - Already have ACK (at simulation time 423.000,000,000 s)
2025-06-04 15:07:31,563 INFO  - Already have ACK (at simulation time 423.000,000,000 s)
2025-06-04 15:07:31,563 INFO  - Already have ACK (at simulation time 423.000,000,000 s)
2025-06-04 15:07:31,563 INFO  - Already have ACK (at simulation time 423.000,000,000 s)
2025-06-04 15:07:31,563 INFO  - Already have ACK (at simulation time 423.000,000,000 s)
2025-06-04 15:07:31,563 INFO  - Already have ACK (at simulation time 423.000,000,000 s)
2025-06-04 15:07:31,563 INFO  - Already have ACK (at simulation time 423.000,000,000 s)
2025-06-04 15:07:31,563 INFO  - Already have ACK (at simulation time 423.000,000,000 s)
2025-06-04 15:07:31,563 INFO  - Already have ACK (at simulation time 423.000,000,000 s)
2025-06-04 15:07:31,564 INFO  - Already have ACK (at simulation time 423.000,000,000 s)
2025-06-04 15:07:31,564 INFO  - Already have ACK (at simulation time 423.000,000,000 s)
2025-06-04 15:07:31,564 INFO  - Already have ACK (at simulation time 423.000,000,000 s)
2025-06-04 15:07:31,564 INFO  - Already have ACK (at simulation time 423.000,000,000 s)
2025-06-04 15:07:31,564 INFO  - Already have ACK (at simulation time 423.000,000,000 s)
2025-06-04 15:07:31,564 INFO  - Already have ACK (at simulation time 423.000,000,000 s)
2025-06-04 15:07:31,564 INFO  - Already have ACK (at simulation time 423.000,000,000 s)
2025-06-04 15:07:31,564 INFO  - Already have ACK (at simulation time 423.000,000,000 s)
2025-06-04 15:07:31,564 INFO  - Already have ACK (at simulation time 423.000,000,000 s)
2025-06-04 15:07:31,564 INFO  - Already have ACK (at simulation time 423.000,000,000 s)
2025-06-04 15:07:31,567 INFO  - Already have ACK (at simulation time 424.000,000,000 s)
2025-06-04 15:07:31,568 INFO  - Already have ACK (at simulation time 424.000,000,000 s)
2025-06-04 15:07:31,568 INFO  - Already have ACK (at simulation time 424.000,000,000 s)
2025-06-04 15:07:31,568 INFO  - Already have ACK (at simulation time 424.000,000,000 s)
2025-06-04 15:07:31,568 INFO  - Already have ACK (at simulation time 424.000,000,000 s)
2025-06-04 15:07:31,568 INFO  - Already have ACK (at simulation time 424.000,000,000 s)
2025-06-04 15:07:31,568 INFO  - Already have ACK (at simulation time 424.000,000,000 s)
2025-06-04 15:07:31,568 INFO  - Already have ACK (at simulation time 424.000,000,000 s)
2025-06-04 15:07:31,568 INFO  - Already have ACK (at simulation time 424.000,000,000 s)
2025-06-04 15:07:31,568 INFO  - Already have ACK (at simulation time 424.000,000,000 s)
2025-06-04 15:07:31,568 INFO  - Already have ACK (at simulation time 424.000,000,000 s)
2025-06-04 15:07:31,568 INFO  - Already have ACK (at simulation time 424.000,000,000 s)
2025-06-04 15:07:31,568 INFO  - Already have ACK (at simulation time 424.000,000,000 s)
2025-06-04 15:07:31,569 INFO  - Already have ACK (at simulation time 424.000,000,000 s)
2025-06-04 15:07:31,569 INFO  - Already have ACK (at simulation time 424.000,000,000 s)
2025-06-04 15:07:31,569 INFO  - Already have ACK (at simulation time 424.000,000,000 s)
2025-06-04 15:07:31,569 INFO  - Already have ACK (at simulation time 424.000,000,000 s)
2025-06-04 15:07:31,569 INFO  - Already have ACK (at simulation time 424.000,000,000 s)
2025-06-04 15:07:31,569 INFO  - Already have ACK (at simulation time 424.000,000,000 s)
2025-06-04 15:07:31,569 INFO  - Already have ACK (at simulation time 424.000,000,000 s)
2025-06-04 15:07:31,569 INFO  - Already have ACK (at simulation time 424.000,000,000 s)
2025-06-04 15:07:31,569 INFO  - Already have ACK (at simulation time 424.000,000,000 s)
2025-06-04 15:07:31,569 INFO  - Already have ACK (at simulation time 424.000,000,000 s)
2025-06-04 15:07:31,569 INFO  - Already have ACK (at simulation time 424.000,000,000 s)
2025-06-04 15:07:31,569 INFO  - Already have ACK (at simulation time 424.000,000,000 s)
2025-06-04 15:07:31,569 INFO  - Already have ACK (at simulation time 424.000,000,000 s)
2025-06-04 15:07:31,569 INFO  - Already have ACK (at simulation time 424.000,000,000 s)
2025-06-04 15:07:31,569 INFO  - Already have ACK (at simulation time 424.000,000,000 s)
2025-06-04 15:07:31,569 INFO  - Already have ACK (at simulation time 424.000,000,000 s)
2025-06-04 15:07:31,569 INFO  - Already have ACK (at simulation time 424.000,000,000 s)
2025-06-04 15:07:31,570 INFO  - Already have ACK (at simulation time 424.000,000,000 s)
2025-06-04 15:07:31,570 INFO  - Already have ACK (at simulation time 424.000,000,000 s)
2025-06-04 15:07:31,570 INFO  - Already have ACK (at simulation time 424.000,000,000 s)
2025-06-04 15:07:31,570 INFO  - Already have ACK (at simulation time 424.000,000,000 s)
2025-06-04 15:07:31,570 INFO  - Already have ACK (at simulation time 424.000,000,000 s)
2025-06-04 15:07:31,570 INFO  - Already have ACK (at simulation time 424.000,000,000 s)
2025-06-04 15:07:31,570 INFO  - Already have ACK (at simulation time 424.000,000,000 s)
2025-06-04 15:07:31,570 INFO  - Already have ACK (at simulation time 424.000,000,000 s)
2025-06-04 15:07:31,573 INFO  - Already have ACK (at simulation time 425.000,000,000 s)
2025-06-04 15:07:31,573 INFO  - Already have ACK (at simulation time 425.000,000,000 s)
2025-06-04 15:07:31,573 INFO  - Already have ACK (at simulation time 425.000,000,000 s)
2025-06-04 15:07:31,573 INFO  - Already have ACK (at simulation time 425.000,000,000 s)
2025-06-04 15:07:31,573 INFO  - Already have ACK (at simulation time 425.000,000,000 s)
2025-06-04 15:07:31,573 INFO  - Already have ACK (at simulation time 425.000,000,000 s)
2025-06-04 15:07:31,573 INFO  - Already have ACK (at simulation time 425.000,000,000 s)
2025-06-04 15:07:31,573 INFO  - Already have ACK (at simulation time 425.000,000,000 s)
2025-06-04 15:07:31,573 INFO  - Already have ACK (at simulation time 425.000,000,000 s)
2025-06-04 15:07:31,573 INFO  - Already have ACK (at simulation time 425.000,000,000 s)
2025-06-04 15:07:31,573 INFO  - Already have ACK (at simulation time 425.000,000,000 s)
2025-06-04 15:07:31,573 INFO  - Already have ACK (at simulation time 425.000,000,000 s)
2025-06-04 15:07:31,574 INFO  - Already have ACK (at simulation time 425.000,000,000 s)
2025-06-04 15:07:31,574 INFO  - Already have ACK (at simulation time 425.000,000,000 s)
2025-06-04 15:07:31,574 INFO  - Already have ACK (at simulation time 425.000,000,000 s)
2025-06-04 15:07:31,574 INFO  - Already have ACK (at simulation time 425.000,000,000 s)
2025-06-04 15:07:31,574 INFO  - Already have ACK (at simulation time 425.000,000,000 s)
2025-06-04 15:07:31,574 INFO  - Already have ACK (at simulation time 425.000,000,000 s)
2025-06-04 15:07:31,574 INFO  - Already have ACK (at simulation time 425.000,000,000 s)
2025-06-04 15:07:31,574 INFO  - Already have ACK (at simulation time 425.000,000,000 s)
2025-06-04 15:07:31,574 INFO  - Already have ACK (at simulation time 425.000,000,000 s)
2025-06-04 15:07:31,574 INFO  - Already have ACK (at simulation time 425.000,000,000 s)
2025-06-04 15:07:31,574 INFO  - Already have ACK (at simulation time 425.000,000,000 s)
2025-06-04 15:07:31,574 INFO  - Already have ACK (at simulation time 425.000,000,000 s)
2025-06-04 15:07:31,574 INFO  - Already have ACK (at simulation time 425.000,000,000 s)
2025-06-04 15:07:31,574 INFO  - Already have ACK (at simulation time 425.000,000,000 s)
2025-06-04 15:07:31,574 INFO  - Already have ACK (at simulation time 425.000,000,000 s)
2025-06-04 15:07:31,575 INFO  - Already have ACK (at simulation time 425.000,000,000 s)
2025-06-04 15:07:31,575 INFO  - Already have ACK (at simulation time 425.000,000,000 s)
2025-06-04 15:07:31,575 INFO  - Already have ACK (at simulation time 425.000,000,000 s)
2025-06-04 15:07:31,575 INFO  - Already have ACK (at simulation time 425.000,000,000 s)
2025-06-04 15:07:31,575 INFO  - Already have ACK (at simulation time 425.000,000,000 s)
2025-06-04 15:07:31,575 INFO  - Already have ACK (at simulation time 425.000,000,000 s)
2025-06-04 15:07:31,575 INFO  - Already have ACK (at simulation time 425.000,000,000 s)
2025-06-04 15:07:31,575 INFO  - Already have ACK (at simulation time 425.000,000,000 s)
2025-06-04 15:07:31,575 INFO  - Already have ACK (at simulation time 425.000,000,000 s)
2025-06-04 15:07:31,575 INFO  - Already have ACK (at simulation time 425.000,000,000 s)
2025-06-04 15:07:31,575 INFO  - Already have ACK (at simulation time 425.000,000,000 s)
2025-06-04 15:07:31,575 INFO  - Already have ACK (at simulation time 425.000,000,000 s)
2025-06-04 15:07:31,578 INFO  - Already have ACK (at simulation time 426.000,000,000 s)
2025-06-04 15:07:31,578 INFO  - Already have ACK (at simulation time 426.000,000,000 s)
2025-06-04 15:07:31,578 INFO  - Already have ACK (at simulation time 426.000,000,000 s)
2025-06-04 15:07:31,578 INFO  - Already have ACK (at simulation time 426.000,000,000 s)
2025-06-04 15:07:31,578 INFO  - Already have ACK (at simulation time 426.000,000,000 s)
2025-06-04 15:07:31,578 INFO  - Already have ACK (at simulation time 426.000,000,000 s)
2025-06-04 15:07:31,578 INFO  - Already have ACK (at simulation time 426.000,000,000 s)
2025-06-04 15:07:31,578 INFO  - Already have ACK (at simulation time 426.000,000,000 s)
2025-06-04 15:07:31,578 INFO  - Already have ACK (at simulation time 426.000,000,000 s)
2025-06-04 15:07:31,578 INFO  - Already have ACK (at simulation time 426.000,000,000 s)
2025-06-04 15:07:31,578 INFO  - Already have ACK (at simulation time 426.000,000,000 s)
2025-06-04 15:07:31,579 INFO  - Already have ACK (at simulation time 426.000,000,000 s)
2025-06-04 15:07:31,579 INFO  - Already have ACK (at simulation time 426.000,000,000 s)
2025-06-04 15:07:31,579 INFO  - Already have ACK (at simulation time 426.000,000,000 s)
2025-06-04 15:07:31,579 INFO  - Already have ACK (at simulation time 426.000,000,000 s)
2025-06-04 15:07:31,579 INFO  - Already have ACK (at simulation time 426.000,000,000 s)
2025-06-04 15:07:31,579 INFO  - Already have ACK (at simulation time 426.000,000,000 s)
2025-06-04 15:07:31,579 INFO  - Already have ACK (at simulation time 426.000,000,000 s)
2025-06-04 15:07:31,579 INFO  - Already have ACK (at simulation time 426.000,000,000 s)
2025-06-04 15:07:31,579 INFO  - Already have ACK (at simulation time 426.000,000,000 s)
2025-06-04 15:07:31,579 INFO  - Already have ACK (at simulation time 426.000,000,000 s)
2025-06-04 15:07:31,579 INFO  - Already have ACK (at simulation time 426.000,000,000 s)
2025-06-04 15:07:31,579 INFO  - Already have ACK (at simulation time 426.000,000,000 s)
2025-06-04 15:07:31,579 INFO  - Already have ACK (at simulation time 426.000,000,000 s)
2025-06-04 15:07:31,579 INFO  - Already have ACK (at simulation time 426.000,000,000 s)
2025-06-04 15:07:31,579 INFO  - Already have ACK (at simulation time 426.000,000,000 s)
2025-06-04 15:07:31,579 INFO  - Already have ACK (at simulation time 426.000,000,000 s)
2025-06-04 15:07:31,579 INFO  - Already have ACK (at simulation time 426.000,000,000 s)
2025-06-04 15:07:31,580 INFO  - Already have ACK (at simulation time 426.000,000,000 s)
2025-06-04 15:07:31,580 INFO  - Already have ACK (at simulation time 426.000,000,000 s)
2025-06-04 15:07:31,580 INFO  - Already have ACK (at simulation time 426.000,000,000 s)
2025-06-04 15:07:31,580 INFO  - Already have ACK (at simulation time 426.000,000,000 s)
2025-06-04 15:07:31,580 INFO  - Already have ACK (at simulation time 426.000,000,000 s)
2025-06-04 15:07:31,580 INFO  - Already have ACK (at simulation time 426.000,000,000 s)
2025-06-04 15:07:31,580 INFO  - Already have ACK (at simulation time 426.000,000,000 s)
2025-06-04 15:07:31,580 INFO  - Already have ACK (at simulation time 426.000,000,000 s)
2025-06-04 15:07:31,580 INFO  - Already have ACK (at simulation time 426.000,000,000 s)
2025-06-04 15:07:31,580 INFO  - Already have ACK (at simulation time 426.000,000,000 s)
2025-06-04 15:07:31,580 INFO  - Already have ACK (at simulation time 426.000,000,000 s)
2025-06-04 15:07:31,580 INFO  - Already have ACK (at simulation time 426.000,000,000 s)
2025-06-04 15:07:31,583 INFO  - Sent periodic GreenWaveMsg: veh_74 on route r_0 (at simulation time 427.000,000,000 s)
2025-06-04 15:07:31,583 INFO  - Already have ACK (at simulation time 427.000,000,000 s)
2025-06-04 15:07:31,583 INFO  - Already have ACK (at simulation time 427.000,000,000 s)
2025-06-04 15:07:31,583 INFO  - Already have ACK (at simulation time 427.000,000,000 s)
2025-06-04 15:07:31,583 INFO  - Already have ACK (at simulation time 427.000,000,000 s)
2025-06-04 15:07:31,583 INFO  - Already have ACK (at simulation time 427.000,000,000 s)
2025-06-04 15:07:31,583 INFO  - Already have ACK (at simulation time 427.000,000,000 s)
2025-06-04 15:07:31,583 INFO  - Already have ACK (at simulation time 427.000,000,000 s)
2025-06-04 15:07:31,583 INFO  - Already have ACK (at simulation time 427.000,000,000 s)
2025-06-04 15:07:31,584 INFO  - Already have ACK (at simulation time 427.000,000,000 s)
2025-06-04 15:07:31,584 INFO  - Already have ACK (at simulation time 427.000,000,000 s)
2025-06-04 15:07:31,584 INFO  - Already have ACK (at simulation time 427.000,000,000 s)
2025-06-04 15:07:31,584 INFO  - Already have ACK (at simulation time 427.000,000,000 s)
2025-06-04 15:07:31,584 INFO  - Already have ACK (at simulation time 427.000,000,000 s)
2025-06-04 15:07:31,584 INFO  - Already have ACK (at simulation time 427.000,000,000 s)
2025-06-04 15:07:31,584 INFO  - Already have ACK (at simulation time 427.000,000,000 s)
2025-06-04 15:07:31,584 INFO  - Already have ACK (at simulation time 427.000,000,000 s)
2025-06-04 15:07:31,584 INFO  - Already have ACK (at simulation time 427.000,000,000 s)
2025-06-04 15:07:31,584 INFO  - Already have ACK (at simulation time 427.000,000,000 s)
2025-06-04 15:07:31,584 INFO  - Already have ACK (at simulation time 427.000,000,000 s)
2025-06-04 15:07:31,584 INFO  - Already have ACK (at simulation time 427.000,000,000 s)
2025-06-04 15:07:31,584 INFO  - Already have ACK (at simulation time 427.000,000,000 s)
2025-06-04 15:07:31,584 INFO  - Already have ACK (at simulation time 427.000,000,000 s)
2025-06-04 15:07:31,584 INFO  - Already have ACK (at simulation time 427.000,000,000 s)
2025-06-04 15:07:31,584 INFO  - Already have ACK (at simulation time 427.000,000,000 s)
2025-06-04 15:07:31,584 INFO  - Already have ACK (at simulation time 427.000,000,000 s)
2025-06-04 15:07:31,584 INFO  - Already have ACK (at simulation time 427.000,000,000 s)
2025-06-04 15:07:31,585 INFO  - Already have ACK (at simulation time 427.000,000,000 s)
2025-06-04 15:07:31,585 INFO  - Already have ACK (at simulation time 427.000,000,000 s)
2025-06-04 15:07:31,585 INFO  - Already have ACK (at simulation time 427.000,000,000 s)
2025-06-04 15:07:31,585 INFO  - Already have ACK (at simulation time 427.000,000,000 s)
2025-06-04 15:07:31,585 INFO  - Already have ACK (at simulation time 427.000,000,000 s)
2025-06-04 15:07:31,585 INFO  - Already have ACK (at simulation time 427.000,000,000 s)
2025-06-04 15:07:31,585 INFO  - Already have ACK (at simulation time 427.000,000,000 s)
2025-06-04 15:07:31,585 INFO  - Already have ACK (at simulation time 427.000,000,000 s)
2025-06-04 15:07:31,585 INFO  - Already have ACK (at simulation time 427.000,000,000 s)
2025-06-04 15:07:31,585 INFO  - Already have ACK (at simulation time 427.000,000,000 s)
2025-06-04 15:07:31,585 INFO  - Already have ACK (at simulation time 427.000,000,000 s)
2025-06-04 15:07:31,585 INFO  - Already have ACK (at simulation time 427.000,000,000 s)
2025-06-04 15:07:31,585 INFO  - Already have ACK (at simulation time 427.000,000,000 s)
2025-06-04 15:07:31,585 INFO  - Already have ACK (at simulation time 427.000,000,000 s)
2025-06-04 15:07:31,585 INFO  - Already have ACK (at simulation time 427.000,000,000 s)
2025-06-04 15:07:31,592 INFO  - Already have ACK (at simulation time 428.000,000,000 s)
2025-06-04 15:07:31,592 INFO  - Already have ACK (at simulation time 428.000,000,000 s)
2025-06-04 15:07:31,592 INFO  - Already have ACK (at simulation time 428.000,000,000 s)
2025-06-04 15:07:31,592 INFO  - Already have ACK (at simulation time 428.000,000,000 s)
2025-06-04 15:07:31,592 INFO  - Already have ACK (at simulation time 428.000,000,000 s)
2025-06-04 15:07:31,592 INFO  - Already have ACK (at simulation time 428.000,000,000 s)
2025-06-04 15:07:31,593 INFO  - Already have ACK (at simulation time 428.000,000,000 s)
2025-06-04 15:07:31,593 INFO  - Already have ACK (at simulation time 428.000,000,000 s)
2025-06-04 15:07:31,593 INFO  - Already have ACK (at simulation time 428.000,000,000 s)
2025-06-04 15:07:31,593 INFO  - Already have ACK (at simulation time 428.000,000,000 s)
2025-06-04 15:07:31,593 INFO  - Already have ACK (at simulation time 428.000,000,000 s)
2025-06-04 15:07:31,593 INFO  - Already have ACK (at simulation time 428.000,000,000 s)
2025-06-04 15:07:31,593 INFO  - Already have ACK (at simulation time 428.000,000,000 s)
2025-06-04 15:07:31,593 INFO  - Already have ACK (at simulation time 428.000,000,000 s)
2025-06-04 15:07:31,593 INFO  - Already have ACK (at simulation time 428.000,000,000 s)
2025-06-04 15:07:31,593 INFO  - Already have ACK (at simulation time 428.000,000,000 s)
2025-06-04 15:07:31,593 INFO  - Already have ACK (at simulation time 428.000,000,000 s)
2025-06-04 15:07:31,593 INFO  - Already have ACK (at simulation time 428.000,000,000 s)
2025-06-04 15:07:31,594 INFO  - Already have ACK (at simulation time 428.000,000,000 s)
2025-06-04 15:07:31,594 INFO  - Already have ACK (at simulation time 428.000,000,000 s)
2025-06-04 15:07:31,594 INFO  - Already have ACK (at simulation time 428.000,000,000 s)
2025-06-04 15:07:31,594 INFO  - Already have ACK (at simulation time 428.000,000,000 s)
2025-06-04 15:07:31,594 INFO  - Already have ACK (at simulation time 428.000,000,000 s)
2025-06-04 15:07:31,594 INFO  - Already have ACK (at simulation time 428.000,000,000 s)
2025-06-04 15:07:31,594 INFO  - Already have ACK (at simulation time 428.000,000,000 s)
2025-06-04 15:07:31,594 INFO  - Already have ACK (at simulation time 428.000,000,000 s)
2025-06-04 15:07:31,594 INFO  - Already have ACK (at simulation time 428.000,000,000 s)
2025-06-04 15:07:31,594 INFO  - Already have ACK (at simulation time 428.000,000,000 s)
2025-06-04 15:07:31,594 INFO  - Already have ACK (at simulation time 428.000,000,000 s)
2025-06-04 15:07:31,594 INFO  - Already have ACK (at simulation time 428.000,000,000 s)
2025-06-04 15:07:31,594 INFO  - Already have ACK (at simulation time 428.000,000,000 s)
2025-06-04 15:07:31,595 INFO  - Already have ACK (at simulation time 428.000,000,000 s)
2025-06-04 15:07:31,595 INFO  - Already have ACK (at simulation time 428.000,000,000 s)
2025-06-04 15:07:31,595 INFO  - Already have ACK (at simulation time 428.000,000,000 s)
2025-06-04 15:07:31,595 INFO  - Already have ACK (at simulation time 428.000,000,000 s)
2025-06-04 15:07:31,595 INFO  - Already have ACK (at simulation time 428.000,000,000 s)
2025-06-04 15:07:31,595 INFO  - Already have ACK (at simulation time 428.000,000,000 s)
2025-06-04 15:07:31,595 INFO  - Already have ACK (at simulation time 428.000,000,000 s)
2025-06-04 15:07:31,595 INFO  - Already have ACK (at simulation time 428.000,000,000 s)
2025-06-04 15:07:31,595 INFO  - Already have ACK (at simulation time 428.000,000,000 s)
2025-06-04 15:07:31,595 INFO  - Already have ACK (at simulation time 428.000,000,000 s)
2025-06-04 15:07:31,595 INFO  - Already have ACK (at simulation time 428.000,000,000 s)
2025-06-04 15:07:31,597 INFO  - Already have ACK (at simulation time 429.000,000,000 s)
2025-06-04 15:07:31,598 INFO  - Already have ACK (at simulation time 429.000,000,000 s)
2025-06-04 15:07:31,598 INFO  - Already have ACK (at simulation time 429.000,000,000 s)
2025-06-04 15:07:31,598 INFO  - Already have ACK (at simulation time 429.000,000,000 s)
2025-06-04 15:07:31,598 INFO  - Already have ACK (at simulation time 429.000,000,000 s)
2025-06-04 15:07:31,598 INFO  - Already have ACK (at simulation time 429.000,000,000 s)
2025-06-04 15:07:31,598 INFO  - Already have ACK (at simulation time 429.000,000,000 s)
2025-06-04 15:07:31,598 INFO  - Already have ACK (at simulation time 429.000,000,000 s)
2025-06-04 15:07:31,598 INFO  - Already have ACK (at simulation time 429.000,000,000 s)
2025-06-04 15:07:31,598 INFO  - Already have ACK (at simulation time 429.000,000,000 s)
2025-06-04 15:07:31,598 INFO  - Already have ACK (at simulation time 429.000,000,000 s)
2025-06-04 15:07:31,598 INFO  - Already have ACK (at simulation time 429.000,000,000 s)
2025-06-04 15:07:31,598 INFO  - Already have ACK (at simulation time 429.000,000,000 s)
2025-06-04 15:07:31,598 INFO  - Already have ACK (at simulation time 429.000,000,000 s)
2025-06-04 15:07:31,599 INFO  - Already have ACK (at simulation time 429.000,000,000 s)
2025-06-04 15:07:31,599 INFO  - Already have ACK (at simulation time 429.000,000,000 s)
2025-06-04 15:07:31,599 INFO  - Already have ACK (at simulation time 429.000,000,000 s)
2025-06-04 15:07:31,599 INFO  - Already have ACK (at simulation time 429.000,000,000 s)
2025-06-04 15:07:31,599 INFO  - Already have ACK (at simulation time 429.000,000,000 s)
2025-06-04 15:07:31,599 INFO  - Already have ACK (at simulation time 429.000,000,000 s)
2025-06-04 15:07:31,599 INFO  - Already have ACK (at simulation time 429.000,000,000 s)
2025-06-04 15:07:31,599 INFO  - Already have ACK (at simulation time 429.000,000,000 s)
2025-06-04 15:07:31,599 INFO  - Already have ACK (at simulation time 429.000,000,000 s)
2025-06-04 15:07:31,599 INFO  - Already have ACK (at simulation time 429.000,000,000 s)
2025-06-04 15:07:31,599 INFO  - Already have ACK (at simulation time 429.000,000,000 s)
2025-06-04 15:07:31,599 INFO  - Already have ACK (at simulation time 429.000,000,000 s)
2025-06-04 15:07:31,599 INFO  - Already have ACK (at simulation time 429.000,000,000 s)
2025-06-04 15:07:31,599 INFO  - Already have ACK (at simulation time 429.000,000,000 s)
2025-06-04 15:07:31,599 INFO  - Already have ACK (at simulation time 429.000,000,000 s)
2025-06-04 15:07:31,599 INFO  - Already have ACK (at simulation time 429.000,000,000 s)
2025-06-04 15:07:31,599 INFO  - Already have ACK (at simulation time 429.000,000,000 s)
2025-06-04 15:07:31,599 INFO  - Already have ACK (at simulation time 429.000,000,000 s)
2025-06-04 15:07:31,599 INFO  - Already have ACK (at simulation time 429.000,000,000 s)
2025-06-04 15:07:31,599 INFO  - Already have ACK (at simulation time 429.000,000,000 s)
2025-06-04 15:07:31,600 INFO  - Already have ACK (at simulation time 429.000,000,000 s)
2025-06-04 15:07:31,600 INFO  - Already have ACK (at simulation time 429.000,000,000 s)
2025-06-04 15:07:31,600 INFO  - Already have ACK (at simulation time 429.000,000,000 s)
2025-06-04 15:07:31,600 INFO  - Already have ACK (at simulation time 429.000,000,000 s)
2025-06-04 15:07:31,600 INFO  - Already have ACK (at simulation time 429.000,000,000 s)
2025-06-04 15:07:31,600 INFO  - Already have ACK (at simulation time 429.000,000,000 s)
2025-06-04 15:07:31,600 INFO  - Already have ACK (at simulation time 429.000,000,000 s)
2025-06-04 15:07:31,600 INFO  - Already have ACK (at simulation time 429.000,000,000 s)
2025-06-04 15:07:31,600 INFO  - Already have ACK (at simulation time 429.000,000,000 s)
2025-06-04 15:07:31,602 INFO  - Already have ACK (at simulation time 430.000,000,000 s)
2025-06-04 15:07:31,602 INFO  - Already have ACK (at simulation time 430.000,000,000 s)
2025-06-04 15:07:31,602 INFO  - Already have ACK (at simulation time 430.000,000,000 s)
2025-06-04 15:07:31,602 INFO  - Already have ACK (at simulation time 430.000,000,000 s)
2025-06-04 15:07:31,602 INFO  - Already have ACK (at simulation time 430.000,000,000 s)
2025-06-04 15:07:31,603 INFO  - Already have ACK (at simulation time 430.000,000,000 s)
2025-06-04 15:07:31,603 INFO  - Already have ACK (at simulation time 430.000,000,000 s)
2025-06-04 15:07:31,603 INFO  - Already have ACK (at simulation time 430.000,000,000 s)
2025-06-04 15:07:31,603 INFO  - Already have ACK (at simulation time 430.000,000,000 s)
2025-06-04 15:07:31,603 INFO  - Already have ACK (at simulation time 430.000,000,000 s)
2025-06-04 15:07:31,603 INFO  - Already have ACK (at simulation time 430.000,000,000 s)
2025-06-04 15:07:31,603 INFO  - Already have ACK (at simulation time 430.000,000,000 s)
2025-06-04 15:07:31,603 INFO  - Already have ACK (at simulation time 430.000,000,000 s)
2025-06-04 15:07:31,603 INFO  - Already have ACK (at simulation time 430.000,000,000 s)
2025-06-04 15:07:31,603 INFO  - Already have ACK (at simulation time 430.000,000,000 s)
2025-06-04 15:07:31,603 INFO  - Already have ACK (at simulation time 430.000,000,000 s)
2025-06-04 15:07:31,603 INFO  - Already have ACK (at simulation time 430.000,000,000 s)
2025-06-04 15:07:31,603 INFO  - Already have ACK (at simulation time 430.000,000,000 s)
2025-06-04 15:07:31,603 INFO  - Already have ACK (at simulation time 430.000,000,000 s)
2025-06-04 15:07:31,603 INFO  - Already have ACK (at simulation time 430.000,000,000 s)
2025-06-04 15:07:31,603 INFO  - Already have ACK (at simulation time 430.000,000,000 s)
2025-06-04 15:07:31,603 INFO  - Already have ACK (at simulation time 430.000,000,000 s)
2025-06-04 15:07:31,604 INFO  - Already have ACK (at simulation time 430.000,000,000 s)
2025-06-04 15:07:31,604 INFO  - Already have ACK (at simulation time 430.000,000,000 s)
2025-06-04 15:07:31,604 INFO  - Already have ACK (at simulation time 430.000,000,000 s)
2025-06-04 15:07:31,604 INFO  - Already have ACK (at simulation time 430.000,000,000 s)
2025-06-04 15:07:31,604 INFO  - Already have ACK (at simulation time 430.000,000,000 s)
2025-06-04 15:07:31,604 INFO  - Already have ACK (at simulation time 430.000,000,000 s)
2025-06-04 15:07:31,604 INFO  - Already have ACK (at simulation time 430.000,000,000 s)
2025-06-04 15:07:31,604 INFO  - Already have ACK (at simulation time 430.000,000,000 s)
2025-06-04 15:07:31,604 INFO  - Already have ACK (at simulation time 430.000,000,000 s)
2025-06-04 15:07:31,604 INFO  - Already have ACK (at simulation time 430.000,000,000 s)
2025-06-04 15:07:31,604 INFO  - Already have ACK (at simulation time 430.000,000,000 s)
2025-06-04 15:07:31,604 INFO  - Already have ACK (at simulation time 430.000,000,000 s)
2025-06-04 15:07:31,604 INFO  - Already have ACK (at simulation time 430.000,000,000 s)
2025-06-04 15:07:31,604 INFO  - Already have ACK (at simulation time 430.000,000,000 s)
2025-06-04 15:07:31,604 INFO  - Already have ACK (at simulation time 430.000,000,000 s)
2025-06-04 15:07:31,604 INFO  - Already have ACK (at simulation time 430.000,000,000 s)
2025-06-04 15:07:31,604 INFO  - Already have ACK (at simulation time 430.000,000,000 s)
2025-06-04 15:07:31,604 INFO  - Already have ACK (at simulation time 430.000,000,000 s)
2025-06-04 15:07:31,604 INFO  - Already have ACK (at simulation time 430.000,000,000 s)
2025-06-04 15:07:31,604 INFO  - Already have ACK (at simulation time 430.000,000,000 s)
2025-06-04 15:07:31,604 INFO  - Already have ACK (at simulation time 430.000,000,000 s)
2025-06-04 15:07:31,604 INFO  - Already have ACK (at simulation time 430.000,000,000 s)
2025-06-04 15:07:31,607 INFO  - Already have ACK (at simulation time 431.000,000,000 s)
2025-06-04 15:07:31,607 INFO  - Already have ACK (at simulation time 431.000,000,000 s)
2025-06-04 15:07:31,607 INFO  - Already have ACK (at simulation time 431.000,000,000 s)
2025-06-04 15:07:31,607 INFO  - Already have ACK (at simulation time 431.000,000,000 s)
2025-06-04 15:07:31,607 INFO  - Already have ACK (at simulation time 431.000,000,000 s)
2025-06-04 15:07:31,607 INFO  - Already have ACK (at simulation time 431.000,000,000 s)
2025-06-04 15:07:31,607 INFO  - Already have ACK (at simulation time 431.000,000,000 s)
2025-06-04 15:07:31,607 INFO  - Already have ACK (at simulation time 431.000,000,000 s)
2025-06-04 15:07:31,608 INFO  - Already have ACK (at simulation time 431.000,000,000 s)
2025-06-04 15:07:31,608 INFO  - Already have ACK (at simulation time 431.000,000,000 s)
2025-06-04 15:07:31,608 INFO  - Already have ACK (at simulation time 431.000,000,000 s)
2025-06-04 15:07:31,608 INFO  - Already have ACK (at simulation time 431.000,000,000 s)
2025-06-04 15:07:31,608 INFO  - Already have ACK (at simulation time 431.000,000,000 s)
2025-06-04 15:07:31,608 INFO  - Already have ACK (at simulation time 431.000,000,000 s)
2025-06-04 15:07:31,608 INFO  - Already have ACK (at simulation time 431.000,000,000 s)
2025-06-04 15:07:31,608 INFO  - Already have ACK (at simulation time 431.000,000,000 s)
2025-06-04 15:07:31,608 INFO  - Already have ACK (at simulation time 431.000,000,000 s)
2025-06-04 15:07:31,608 INFO  - Already have ACK (at simulation time 431.000,000,000 s)
2025-06-04 15:07:31,608 INFO  - Already have ACK (at simulation time 431.000,000,000 s)
2025-06-04 15:07:31,608 INFO  - Already have ACK (at simulation time 431.000,000,000 s)
2025-06-04 15:07:31,608 INFO  - Already have ACK (at simulation time 431.000,000,000 s)
2025-06-04 15:07:31,608 INFO  - Already have ACK (at simulation time 431.000,000,000 s)
2025-06-04 15:07:31,608 INFO  - Already have ACK (at simulation time 431.000,000,000 s)
2025-06-04 15:07:31,608 INFO  - Already have ACK (at simulation time 431.000,000,000 s)
2025-06-04 15:07:31,608 INFO  - Already have ACK (at simulation time 431.000,000,000 s)
2025-06-04 15:07:31,609 INFO  - Already have ACK (at simulation time 431.000,000,000 s)
2025-06-04 15:07:31,609 INFO  - Already have ACK (at simulation time 431.000,000,000 s)
2025-06-04 15:07:31,609 INFO  - Already have ACK (at simulation time 431.000,000,000 s)
2025-06-04 15:07:31,609 INFO  - Already have ACK (at simulation time 431.000,000,000 s)
2025-06-04 15:07:31,609 INFO  - Already have ACK (at simulation time 431.000,000,000 s)
2025-06-04 15:07:31,609 INFO  - Already have ACK (at simulation time 431.000,000,000 s)
2025-06-04 15:07:31,609 INFO  - Already have ACK (at simulation time 431.000,000,000 s)
2025-06-04 15:07:31,609 INFO  - Already have ACK (at simulation time 431.000,000,000 s)
2025-06-04 15:07:31,609 INFO  - Already have ACK (at simulation time 431.000,000,000 s)
2025-06-04 15:07:31,609 INFO  - Already have ACK (at simulation time 431.000,000,000 s)
2025-06-04 15:07:31,609 INFO  - Already have ACK (at simulation time 431.000,000,000 s)
2025-06-04 15:07:31,609 INFO  - Already have ACK (at simulation time 431.000,000,000 s)
2025-06-04 15:07:31,609 INFO  - Already have ACK (at simulation time 431.000,000,000 s)
2025-06-04 15:07:31,609 INFO  - Already have ACK (at simulation time 431.000,000,000 s)
2025-06-04 15:07:31,609 INFO  - Already have ACK (at simulation time 431.000,000,000 s)
2025-06-04 15:07:31,609 INFO  - Already have ACK (at simulation time 431.000,000,000 s)
2025-06-04 15:07:31,609 INFO  - Already have ACK (at simulation time 431.000,000,000 s)
2025-06-04 15:07:31,609 INFO  - Already have ACK (at simulation time 431.000,000,000 s)
2025-06-04 15:07:31,609 INFO  - Already have ACK (at simulation time 431.000,000,000 s)
2025-06-04 15:07:31,609 INFO  - Already have ACK (at simulation time 431.000,000,000 s)
2025-06-04 15:07:31,611 INFO  - Sent periodic GreenWaveMsg: veh_74 on route r_0 (at simulation time 432.000,000,000 s)
2025-06-04 15:07:31,611 INFO  - Already have ACK (at simulation time 432.000,000,000 s)
2025-06-04 15:07:31,612 INFO  - Already have ACK (at simulation time 432.000,000,000 s)
2025-06-04 15:07:31,612 INFO  - Already have ACK (at simulation time 432.000,000,000 s)
2025-06-04 15:07:31,612 INFO  - Already have ACK (at simulation time 432.000,000,000 s)
2025-06-04 15:07:31,612 INFO  - Already have ACK (at simulation time 432.000,000,000 s)
2025-06-04 15:07:31,612 INFO  - Already have ACK (at simulation time 432.000,000,000 s)
2025-06-04 15:07:31,612 INFO  - Already have ACK (at simulation time 432.000,000,000 s)
2025-06-04 15:07:31,612 INFO  - Already have ACK (at simulation time 432.000,000,000 s)
2025-06-04 15:07:31,612 INFO  - Already have ACK (at simulation time 432.000,000,000 s)
2025-06-04 15:07:31,612 INFO  - Already have ACK (at simulation time 432.000,000,000 s)
2025-06-04 15:07:31,612 INFO  - Already have ACK (at simulation time 432.000,000,000 s)
2025-06-04 15:07:31,612 INFO  - Already have ACK (at simulation time 432.000,000,000 s)
2025-06-04 15:07:31,612 INFO  - Already have ACK (at simulation time 432.000,000,000 s)
2025-06-04 15:07:31,612 INFO  - Already have ACK (at simulation time 432.000,000,000 s)
2025-06-04 15:07:31,612 INFO  - Already have ACK (at simulation time 432.000,000,000 s)
2025-06-04 15:07:31,612 INFO  - Already have ACK (at simulation time 432.000,000,000 s)
2025-06-04 15:07:31,612 INFO  - Already have ACK (at simulation time 432.000,000,000 s)
2025-06-04 15:07:31,613 INFO  - Already have ACK (at simulation time 432.000,000,000 s)
2025-06-04 15:07:31,613 INFO  - Already have ACK (at simulation time 432.000,000,000 s)
2025-06-04 15:07:31,613 INFO  - Already have ACK (at simulation time 432.000,000,000 s)
2025-06-04 15:07:31,613 INFO  - Already have ACK (at simulation time 432.000,000,000 s)
2025-06-04 15:07:31,613 INFO  - Already have ACK (at simulation time 432.000,000,000 s)
2025-06-04 15:07:31,613 INFO  - Already have ACK (at simulation time 432.000,000,000 s)
2025-06-04 15:07:31,613 INFO  - Already have ACK (at simulation time 432.000,000,000 s)
2025-06-04 15:07:31,613 INFO  - Already have ACK (at simulation time 432.000,000,000 s)
2025-06-04 15:07:31,613 INFO  - Already have ACK (at simulation time 432.000,000,000 s)
2025-06-04 15:07:31,613 INFO  - Already have ACK (at simulation time 432.000,000,000 s)
2025-06-04 15:07:31,613 INFO  - Already have ACK (at simulation time 432.000,000,000 s)
2025-06-04 15:07:31,613 INFO  - Already have ACK (at simulation time 432.000,000,000 s)
2025-06-04 15:07:31,613 INFO  - Already have ACK (at simulation time 432.000,000,000 s)
2025-06-04 15:07:31,613 INFO  - Already have ACK (at simulation time 432.000,000,000 s)
2025-06-04 15:07:31,613 INFO  - Already have ACK (at simulation time 432.000,000,000 s)
2025-06-04 15:07:31,613 INFO  - Already have ACK (at simulation time 432.000,000,000 s)
2025-06-04 15:07:31,613 INFO  - Already have ACK (at simulation time 432.000,000,000 s)
2025-06-04 15:07:31,613 INFO  - Already have ACK (at simulation time 432.000,000,000 s)
2025-06-04 15:07:31,613 INFO  - Already have ACK (at simulation time 432.000,000,000 s)
2025-06-04 15:07:31,614 INFO  - Already have ACK (at simulation time 432.000,000,000 s)
2025-06-04 15:07:31,614 INFO  - Already have ACK (at simulation time 432.000,000,000 s)
2025-06-04 15:07:31,614 INFO  - Already have ACK (at simulation time 432.000,000,000 s)
2025-06-04 15:07:31,614 INFO  - Already have ACK (at simulation time 432.000,000,000 s)
2025-06-04 15:07:31,614 INFO  - Already have ACK (at simulation time 432.000,000,000 s)
2025-06-04 15:07:31,614 INFO  - Already have ACK (at simulation time 432.000,000,000 s)
2025-06-04 15:07:31,614 INFO  - Already have ACK (at simulation time 432.000,000,000 s)
2025-06-04 15:07:31,614 INFO  - Already have ACK (at simulation time 432.000,000,000 s)
2025-06-04 15:07:31,614 INFO  - Already have ACK (at simulation time 432.000,000,000 s)
2025-06-04 15:07:31,614 INFO  - Already have ACK (at simulation time 432.000,000,000 s)
2025-06-04 15:07:31,616 INFO  - Already have ACK (at simulation time 433.000,000,000 s)
2025-06-04 15:07:31,616 INFO  - Already have ACK (at simulation time 433.000,000,000 s)
2025-06-04 15:07:31,616 INFO  - Already have ACK (at simulation time 433.000,000,000 s)
2025-06-04 15:07:31,617 INFO  - Already have ACK (at simulation time 433.000,000,000 s)
2025-06-04 15:07:31,617 INFO  - Already have ACK (at simulation time 433.000,000,000 s)
2025-06-04 15:07:31,617 INFO  - Already have ACK (at simulation time 433.000,000,000 s)
2025-06-04 15:07:31,617 INFO  - Already have ACK (at simulation time 433.000,000,000 s)
2025-06-04 15:07:31,617 INFO  - Already have ACK (at simulation time 433.000,000,000 s)
2025-06-04 15:07:31,617 INFO  - Already have ACK (at simulation time 433.000,000,000 s)
2025-06-04 15:07:31,617 INFO  - Already have ACK (at simulation time 433.000,000,000 s)
2025-06-04 15:07:31,617 INFO  - Already have ACK (at simulation time 433.000,000,000 s)
2025-06-04 15:07:31,617 INFO  - Already have ACK (at simulation time 433.000,000,000 s)
2025-06-04 15:07:31,617 INFO  - Already have ACK (at simulation time 433.000,000,000 s)
2025-06-04 15:07:31,617 INFO  - Already have ACK (at simulation time 433.000,000,000 s)
2025-06-04 15:07:31,617 INFO  - Already have ACK (at simulation time 433.000,000,000 s)
2025-06-04 15:07:31,617 INFO  - Already have ACK (at simulation time 433.000,000,000 s)
2025-06-04 15:07:31,617 INFO  - Already have ACK (at simulation time 433.000,000,000 s)
2025-06-04 15:07:31,617 INFO  - Already have ACK (at simulation time 433.000,000,000 s)
2025-06-04 15:07:31,617 INFO  - Already have ACK (at simulation time 433.000,000,000 s)
2025-06-04 15:07:31,618 INFO  - Already have ACK (at simulation time 433.000,000,000 s)
2025-06-04 15:07:31,618 INFO  - Already have ACK (at simulation time 433.000,000,000 s)
2025-06-04 15:07:31,618 INFO  - Already have ACK (at simulation time 433.000,000,000 s)
2025-06-04 15:07:31,618 INFO  - Already have ACK (at simulation time 433.000,000,000 s)
2025-06-04 15:07:31,618 INFO  - Already have ACK (at simulation time 433.000,000,000 s)
2025-06-04 15:07:31,618 INFO  - Already have ACK (at simulation time 433.000,000,000 s)
2025-06-04 15:07:31,618 INFO  - Already have ACK (at simulation time 433.000,000,000 s)
2025-06-04 15:07:31,618 INFO  - Already have ACK (at simulation time 433.000,000,000 s)
2025-06-04 15:07:31,618 INFO  - Already have ACK (at simulation time 433.000,000,000 s)
2025-06-04 15:07:31,618 INFO  - Already have ACK (at simulation time 433.000,000,000 s)
2025-06-04 15:07:31,618 INFO  - Already have ACK (at simulation time 433.000,000,000 s)
2025-06-04 15:07:31,618 INFO  - Already have ACK (at simulation time 433.000,000,000 s)
2025-06-04 15:07:31,618 INFO  - Already have ACK (at simulation time 433.000,000,000 s)
2025-06-04 15:07:31,618 INFO  - Already have ACK (at simulation time 433.000,000,000 s)
2025-06-04 15:07:31,618 INFO  - Already have ACK (at simulation time 433.000,000,000 s)
2025-06-04 15:07:31,618 INFO  - Already have ACK (at simulation time 433.000,000,000 s)
2025-06-04 15:07:31,618 INFO  - Already have ACK (at simulation time 433.000,000,000 s)
2025-06-04 15:07:31,618 INFO  - Already have ACK (at simulation time 433.000,000,000 s)
2025-06-04 15:07:31,618 INFO  - Already have ACK (at simulation time 433.000,000,000 s)
2025-06-04 15:07:31,618 INFO  - Already have ACK (at simulation time 433.000,000,000 s)
2025-06-04 15:07:31,618 INFO  - Already have ACK (at simulation time 433.000,000,000 s)
2025-06-04 15:07:31,619 INFO  - Already have ACK (at simulation time 433.000,000,000 s)
2025-06-04 15:07:31,619 INFO  - Already have ACK (at simulation time 433.000,000,000 s)
2025-06-04 15:07:31,619 INFO  - Already have ACK (at simulation time 433.000,000,000 s)
2025-06-04 15:07:31,619 INFO  - Already have ACK (at simulation time 433.000,000,000 s)
2025-06-04 15:07:31,619 INFO  - Already have ACK (at simulation time 433.000,000,000 s)
2025-06-04 15:07:31,619 INFO  - Already have ACK (at simulation time 433.000,000,000 s)
2025-06-04 15:07:31,619 INFO  - Already have ACK (at simulation time 433.000,000,000 s)
2025-06-04 15:07:31,621 INFO  - Already have ACK (at simulation time 434.000,000,000 s)
2025-06-04 15:07:31,621 INFO  - Already have ACK (at simulation time 434.000,000,000 s)
2025-06-04 15:07:31,621 INFO  - Already have ACK (at simulation time 434.000,000,000 s)
2025-06-04 15:07:31,621 INFO  - Already have ACK (at simulation time 434.000,000,000 s)
2025-06-04 15:07:31,621 INFO  - Already have ACK (at simulation time 434.000,000,000 s)
2025-06-04 15:07:31,621 INFO  - Already have ACK (at simulation time 434.000,000,000 s)
2025-06-04 15:07:31,622 INFO  - Already have ACK (at simulation time 434.000,000,000 s)
2025-06-04 15:07:31,622 INFO  - Already have ACK (at simulation time 434.000,000,000 s)
2025-06-04 15:07:31,622 INFO  - Already have ACK (at simulation time 434.000,000,000 s)
2025-06-04 15:07:31,622 INFO  - Already have ACK (at simulation time 434.000,000,000 s)
2025-06-04 15:07:31,622 INFO  - Already have ACK (at simulation time 434.000,000,000 s)
2025-06-04 15:07:31,622 INFO  - Already have ACK (at simulation time 434.000,000,000 s)
2025-06-04 15:07:31,622 INFO  - Already have ACK (at simulation time 434.000,000,000 s)
2025-06-04 15:07:31,622 INFO  - Already have ACK (at simulation time 434.000,000,000 s)
2025-06-04 15:07:31,622 INFO  - Already have ACK (at simulation time 434.000,000,000 s)
2025-06-04 15:07:31,622 INFO  - Already have ACK (at simulation time 434.000,000,000 s)
2025-06-04 15:07:31,622 INFO  - Already have ACK (at simulation time 434.000,000,000 s)
2025-06-04 15:07:31,622 INFO  - Already have ACK (at simulation time 434.000,000,000 s)
2025-06-04 15:07:31,622 INFO  - Already have ACK (at simulation time 434.000,000,000 s)
2025-06-04 15:07:31,622 INFO  - Already have ACK (at simulation time 434.000,000,000 s)
2025-06-04 15:07:31,622 INFO  - Already have ACK (at simulation time 434.000,000,000 s)
2025-06-04 15:07:31,623 INFO  - Already have ACK (at simulation time 434.000,000,000 s)
2025-06-04 15:07:31,623 INFO  - Already have ACK (at simulation time 434.000,000,000 s)
2025-06-04 15:07:31,623 INFO  - Already have ACK (at simulation time 434.000,000,000 s)
2025-06-04 15:07:31,623 INFO  - Already have ACK (at simulation time 434.000,000,000 s)
2025-06-04 15:07:31,623 INFO  - Already have ACK (at simulation time 434.000,000,000 s)
2025-06-04 15:07:31,623 INFO  - Already have ACK (at simulation time 434.000,000,000 s)
2025-06-04 15:07:31,623 INFO  - Already have ACK (at simulation time 434.000,000,000 s)
2025-06-04 15:07:31,623 INFO  - Already have ACK (at simulation time 434.000,000,000 s)
2025-06-04 15:07:31,623 INFO  - Already have ACK (at simulation time 434.000,000,000 s)
2025-06-04 15:07:31,623 INFO  - Already have ACK (at simulation time 434.000,000,000 s)
2025-06-04 15:07:31,623 INFO  - Already have ACK (at simulation time 434.000,000,000 s)
2025-06-04 15:07:31,623 INFO  - Already have ACK (at simulation time 434.000,000,000 s)
2025-06-04 15:07:31,623 INFO  - Already have ACK (at simulation time 434.000,000,000 s)
2025-06-04 15:07:31,623 INFO  - Already have ACK (at simulation time 434.000,000,000 s)
2025-06-04 15:07:31,623 INFO  - Already have ACK (at simulation time 434.000,000,000 s)
2025-06-04 15:07:31,623 INFO  - Already have ACK (at simulation time 434.000,000,000 s)
2025-06-04 15:07:31,623 INFO  - Already have ACK (at simulation time 434.000,000,000 s)
2025-06-04 15:07:31,623 INFO  - Already have ACK (at simulation time 434.000,000,000 s)
2025-06-04 15:07:31,623 INFO  - Already have ACK (at simulation time 434.000,000,000 s)
2025-06-04 15:07:31,623 INFO  - Already have ACK (at simulation time 434.000,000,000 s)
2025-06-04 15:07:31,623 INFO  - Already have ACK (at simulation time 434.000,000,000 s)
2025-06-04 15:07:31,623 INFO  - Already have ACK (at simulation time 434.000,000,000 s)
2025-06-04 15:07:31,624 INFO  - Already have ACK (at simulation time 434.000,000,000 s)
2025-06-04 15:07:31,624 INFO  - Already have ACK (at simulation time 434.000,000,000 s)
2025-06-04 15:07:31,624 INFO  - Already have ACK (at simulation time 434.000,000,000 s)
2025-06-04 15:07:31,624 INFO  - Already have ACK (at simulation time 434.000,000,000 s)
2025-06-04 15:07:31,624 INFO  - Already have ACK (at simulation time 434.000,000,000 s)
2025-06-04 15:07:31,626 INFO  - Already have ACK (at simulation time 435.000,000,000 s)
2025-06-04 15:07:31,626 INFO  - Already have ACK (at simulation time 435.000,000,000 s)
2025-06-04 15:07:31,626 INFO  - Already have ACK (at simulation time 435.000,000,000 s)
2025-06-04 15:07:31,626 INFO  - Already have ACK (at simulation time 435.000,000,000 s)
2025-06-04 15:07:31,626 INFO  - Already have ACK (at simulation time 435.000,000,000 s)
2025-06-04 15:07:31,626 INFO  - Already have ACK (at simulation time 435.000,000,000 s)
2025-06-04 15:07:31,627 INFO  - Already have ACK (at simulation time 435.000,000,000 s)
2025-06-04 15:07:31,627 INFO  - Already have ACK (at simulation time 435.000,000,000 s)
2025-06-04 15:07:31,627 INFO  - Already have ACK (at simulation time 435.000,000,000 s)
2025-06-04 15:07:31,627 INFO  - Already have ACK (at simulation time 435.000,000,000 s)
2025-06-04 15:07:31,627 INFO  - Already have ACK (at simulation time 435.000,000,000 s)
2025-06-04 15:07:31,627 INFO  - Already have ACK (at simulation time 435.000,000,000 s)
2025-06-04 15:07:31,627 INFO  - Already have ACK (at simulation time 435.000,000,000 s)
2025-06-04 15:07:31,627 INFO  - Already have ACK (at simulation time 435.000,000,000 s)
2025-06-04 15:07:31,627 INFO  - Already have ACK (at simulation time 435.000,000,000 s)
2025-06-04 15:07:31,627 INFO  - Already have ACK (at simulation time 435.000,000,000 s)
2025-06-04 15:07:31,627 INFO  - Already have ACK (at simulation time 435.000,000,000 s)
2025-06-04 15:07:31,627 INFO  - Already have ACK (at simulation time 435.000,000,000 s)
2025-06-04 15:07:31,627 INFO  - Already have ACK (at simulation time 435.000,000,000 s)
2025-06-04 15:07:31,627 INFO  - Already have ACK (at simulation time 435.000,000,000 s)
2025-06-04 15:07:31,627 INFO  - Already have ACK (at simulation time 435.000,000,000 s)
2025-06-04 15:07:31,627 INFO  - Already have ACK (at simulation time 435.000,000,000 s)
2025-06-04 15:07:31,627 INFO  - Already have ACK (at simulation time 435.000,000,000 s)
2025-06-04 15:07:31,628 INFO  - Already have ACK (at simulation time 435.000,000,000 s)
2025-06-04 15:07:31,628 INFO  - Already have ACK (at simulation time 435.000,000,000 s)
2025-06-04 15:07:31,628 INFO  - Already have ACK (at simulation time 435.000,000,000 s)
2025-06-04 15:07:31,628 INFO  - Already have ACK (at simulation time 435.000,000,000 s)
2025-06-04 15:07:31,628 INFO  - Already have ACK (at simulation time 435.000,000,000 s)
2025-06-04 15:07:31,628 INFO  - Already have ACK (at simulation time 435.000,000,000 s)
2025-06-04 15:07:31,628 INFO  - Already have ACK (at simulation time 435.000,000,000 s)
2025-06-04 15:07:31,628 INFO  - Already have ACK (at simulation time 435.000,000,000 s)
2025-06-04 15:07:31,628 INFO  - Already have ACK (at simulation time 435.000,000,000 s)
2025-06-04 15:07:31,628 INFO  - Already have ACK (at simulation time 435.000,000,000 s)
2025-06-04 15:07:31,628 INFO  - Already have ACK (at simulation time 435.000,000,000 s)
2025-06-04 15:07:31,628 INFO  - Already have ACK (at simulation time 435.000,000,000 s)
2025-06-04 15:07:31,628 INFO  - Already have ACK (at simulation time 435.000,000,000 s)
2025-06-04 15:07:31,628 INFO  - Already have ACK (at simulation time 435.000,000,000 s)
2025-06-04 15:07:31,628 INFO  - Already have ACK (at simulation time 435.000,000,000 s)
2025-06-04 15:07:31,628 INFO  - Already have ACK (at simulation time 435.000,000,000 s)
2025-06-04 15:07:31,628 INFO  - Already have ACK (at simulation time 435.000,000,000 s)
2025-06-04 15:07:31,628 INFO  - Already have ACK (at simulation time 435.000,000,000 s)
2025-06-04 15:07:31,628 INFO  - Already have ACK (at simulation time 435.000,000,000 s)
2025-06-04 15:07:31,628 INFO  - Already have ACK (at simulation time 435.000,000,000 s)
2025-06-04 15:07:31,628 INFO  - Already have ACK (at simulation time 435.000,000,000 s)
2025-06-04 15:07:31,628 INFO  - Already have ACK (at simulation time 435.000,000,000 s)
2025-06-04 15:07:31,628 INFO  - Already have ACK (at simulation time 435.000,000,000 s)
2025-06-04 15:07:31,628 INFO  - Already have ACK (at simulation time 435.000,000,000 s)
2025-06-04 15:07:31,629 INFO  - Already have ACK (at simulation time 435.000,000,000 s)
2025-06-04 15:07:31,629 INFO  - Already have ACK (at simulation time 435.000,000,000 s)
2025-06-04 15:07:31,630 INFO  - Already have ACK (at simulation time 436.000,000,000 s)
2025-06-04 15:07:31,631 INFO  - Already have ACK (at simulation time 436.000,000,000 s)
2025-06-04 15:07:31,631 INFO  - Already have ACK (at simulation time 436.000,000,000 s)
2025-06-04 15:07:31,631 INFO  - Already have ACK (at simulation time 436.000,000,000 s)
2025-06-04 15:07:31,631 INFO  - Already have ACK (at simulation time 436.000,000,000 s)
2025-06-04 15:07:31,631 INFO  - Already have ACK (at simulation time 436.000,000,000 s)
2025-06-04 15:07:31,631 INFO  - Already have ACK (at simulation time 436.000,000,000 s)
2025-06-04 15:07:31,631 INFO  - Already have ACK (at simulation time 436.000,000,000 s)
2025-06-04 15:07:31,631 INFO  - Already have ACK (at simulation time 436.000,000,000 s)
2025-06-04 15:07:31,631 INFO  - Already have ACK (at simulation time 436.000,000,000 s)
2025-06-04 15:07:31,631 INFO  - Already have ACK (at simulation time 436.000,000,000 s)
2025-06-04 15:07:31,631 INFO  - Already have ACK (at simulation time 436.000,000,000 s)
2025-06-04 15:07:31,631 INFO  - Already have ACK (at simulation time 436.000,000,000 s)
2025-06-04 15:07:31,631 INFO  - Already have ACK (at simulation time 436.000,000,000 s)
2025-06-04 15:07:31,632 INFO  - Already have ACK (at simulation time 436.000,000,000 s)
2025-06-04 15:07:31,632 INFO  - Already have ACK (at simulation time 436.000,000,000 s)
2025-06-04 15:07:31,632 INFO  - Already have ACK (at simulation time 436.000,000,000 s)
2025-06-04 15:07:31,632 INFO  - Already have ACK (at simulation time 436.000,000,000 s)
2025-06-04 15:07:31,632 INFO  - Already have ACK (at simulation time 436.000,000,000 s)
2025-06-04 15:07:31,632 INFO  - Already have ACK (at simulation time 436.000,000,000 s)
2025-06-04 15:07:31,632 INFO  - Already have ACK (at simulation time 436.000,000,000 s)
2025-06-04 15:07:31,632 INFO  - Already have ACK (at simulation time 436.000,000,000 s)
2025-06-04 15:07:31,632 INFO  - Already have ACK (at simulation time 436.000,000,000 s)
2025-06-04 15:07:31,632 INFO  - Already have ACK (at simulation time 436.000,000,000 s)
2025-06-04 15:07:31,632 INFO  - Already have ACK (at simulation time 436.000,000,000 s)
2025-06-04 15:07:31,632 INFO  - Already have ACK (at simulation time 436.000,000,000 s)
2025-06-04 15:07:31,632 INFO  - Already have ACK (at simulation time 436.000,000,000 s)
2025-06-04 15:07:31,632 INFO  - Already have ACK (at simulation time 436.000,000,000 s)
2025-06-04 15:07:31,632 INFO  - Already have ACK (at simulation time 436.000,000,000 s)
2025-06-04 15:07:31,632 INFO  - Already have ACK (at simulation time 436.000,000,000 s)
2025-06-04 15:07:31,632 INFO  - Already have ACK (at simulation time 436.000,000,000 s)
2025-06-04 15:07:31,632 INFO  - Already have ACK (at simulation time 436.000,000,000 s)
2025-06-04 15:07:31,632 INFO  - Already have ACK (at simulation time 436.000,000,000 s)
2025-06-04 15:07:31,633 INFO  - Already have ACK (at simulation time 436.000,000,000 s)
2025-06-04 15:07:31,633 INFO  - Already have ACK (at simulation time 436.000,000,000 s)
2025-06-04 15:07:31,633 INFO  - Already have ACK (at simulation time 436.000,000,000 s)
2025-06-04 15:07:31,633 INFO  - Already have ACK (at simulation time 436.000,000,000 s)
2025-06-04 15:07:31,633 INFO  - Already have ACK (at simulation time 436.000,000,000 s)
2025-06-04 15:07:31,633 INFO  - Already have ACK (at simulation time 436.000,000,000 s)
2025-06-04 15:07:31,633 INFO  - Already have ACK (at simulation time 436.000,000,000 s)
2025-06-04 15:07:31,633 INFO  - Already have ACK (at simulation time 436.000,000,000 s)
2025-06-04 15:07:31,633 INFO  - Already have ACK (at simulation time 436.000,000,000 s)
2025-06-04 15:07:31,633 INFO  - Already have ACK (at simulation time 436.000,000,000 s)
2025-06-04 15:07:31,633 INFO  - Already have ACK (at simulation time 436.000,000,000 s)
2025-06-04 15:07:31,633 INFO  - Already have ACK (at simulation time 436.000,000,000 s)
2025-06-04 15:07:31,633 INFO  - Already have ACK (at simulation time 436.000,000,000 s)
2025-06-04 15:07:31,633 INFO  - Already have ACK (at simulation time 436.000,000,000 s)
2025-06-04 15:07:31,633 INFO  - Already have ACK (at simulation time 436.000,000,000 s)
2025-06-04 15:07:31,633 INFO  - Already have ACK (at simulation time 436.000,000,000 s)
2025-06-04 15:07:31,633 INFO  - Already have ACK (at simulation time 436.000,000,000 s)
2025-06-04 15:07:31,635 INFO  - Sent periodic GreenWaveMsg: veh_74 on route r_0 (at simulation time 437.000,000,000 s)
2025-06-04 15:07:31,635 INFO  - Already have ACK (at simulation time 437.000,000,000 s)
2025-06-04 15:07:31,636 INFO  - Already have ACK (at simulation time 437.000,000,000 s)
2025-06-04 15:07:31,636 INFO  - Already have ACK (at simulation time 437.000,000,000 s)
2025-06-04 15:07:31,636 INFO  - Already have ACK (at simulation time 437.000,000,000 s)
2025-06-04 15:07:31,636 INFO  - Already have ACK (at simulation time 437.000,000,000 s)
2025-06-04 15:07:31,636 INFO  - Already have ACK (at simulation time 437.000,000,000 s)
2025-06-04 15:07:31,636 INFO  - Already have ACK (at simulation time 437.000,000,000 s)
2025-06-04 15:07:31,636 INFO  - Already have ACK (at simulation time 437.000,000,000 s)
2025-06-04 15:07:31,636 INFO  - Already have ACK (at simulation time 437.000,000,000 s)
2025-06-04 15:07:31,636 INFO  - Already have ACK (at simulation time 437.000,000,000 s)
2025-06-04 15:07:31,636 INFO  - Already have ACK (at simulation time 437.000,000,000 s)
2025-06-04 15:07:31,636 INFO  - Already have ACK (at simulation time 437.000,000,000 s)
2025-06-04 15:07:31,636 INFO  - Already have ACK (at simulation time 437.000,000,000 s)
2025-06-04 15:07:31,636 INFO  - Already have ACK (at simulation time 437.000,000,000 s)
2025-06-04 15:07:31,637 INFO  - Already have ACK (at simulation time 437.000,000,000 s)
2025-06-04 15:07:31,637 INFO  - Already have ACK (at simulation time 437.000,000,000 s)
2025-06-04 15:07:31,637 INFO  - Already have ACK (at simulation time 437.000,000,000 s)
2025-06-04 15:07:31,637 INFO  - Already have ACK (at simulation time 437.000,000,000 s)
2025-06-04 15:07:31,637 INFO  - Already have ACK (at simulation time 437.000,000,000 s)
2025-06-04 15:07:31,637 INFO  - Already have ACK (at simulation time 437.000,000,000 s)
2025-06-04 15:07:31,637 INFO  - Already have ACK (at simulation time 437.000,000,000 s)
2025-06-04 15:07:31,637 INFO  - Already have ACK (at simulation time 437.000,000,000 s)
2025-06-04 15:07:31,637 INFO  - Already have ACK (at simulation time 437.000,000,000 s)
2025-06-04 15:07:31,637 INFO  - Already have ACK (at simulation time 437.000,000,000 s)
2025-06-04 15:07:31,637 INFO  - Already have ACK (at simulation time 437.000,000,000 s)
2025-06-04 15:07:31,637 INFO  - Already have ACK (at simulation time 437.000,000,000 s)
2025-06-04 15:07:31,637 INFO  - Already have ACK (at simulation time 437.000,000,000 s)
2025-06-04 15:07:31,637 INFO  - Already have ACK (at simulation time 437.000,000,000 s)
2025-06-04 15:07:31,637 INFO  - Already have ACK (at simulation time 437.000,000,000 s)
2025-06-04 15:07:31,637 INFO  - Already have ACK (at simulation time 437.000,000,000 s)
2025-06-04 15:07:31,638 INFO  - Already have ACK (at simulation time 437.000,000,000 s)
2025-06-04 15:07:31,638 INFO  - Already have ACK (at simulation time 437.000,000,000 s)
2025-06-04 15:07:31,638 INFO  - Already have ACK (at simulation time 437.000,000,000 s)
2025-06-04 15:07:31,638 INFO  - Already have ACK (at simulation time 437.000,000,000 s)
2025-06-04 15:07:31,638 INFO  - Already have ACK (at simulation time 437.000,000,000 s)
2025-06-04 15:07:31,638 INFO  - Already have ACK (at simulation time 437.000,000,000 s)
2025-06-04 15:07:31,638 INFO  - Already have ACK (at simulation time 437.000,000,000 s)
2025-06-04 15:07:31,638 INFO  - Already have ACK (at simulation time 437.000,000,000 s)
2025-06-04 15:07:31,638 INFO  - Already have ACK (at simulation time 437.000,000,000 s)
2025-06-04 15:07:31,638 INFO  - Already have ACK (at simulation time 437.000,000,000 s)
2025-06-04 15:07:31,638 INFO  - Already have ACK (at simulation time 437.000,000,000 s)
2025-06-04 15:07:31,638 INFO  - Already have ACK (at simulation time 437.000,000,000 s)
2025-06-04 15:07:31,638 INFO  - Already have ACK (at simulation time 437.000,000,000 s)
2025-06-04 15:07:31,638 INFO  - Already have ACK (at simulation time 437.000,000,000 s)
2025-06-04 15:07:31,638 INFO  - Already have ACK (at simulation time 437.000,000,000 s)
2025-06-04 15:07:31,638 INFO  - Already have ACK (at simulation time 437.000,000,000 s)
2025-06-04 15:07:31,638 INFO  - Already have ACK (at simulation time 437.000,000,000 s)
2025-06-04 15:07:31,638 INFO  - Already have ACK (at simulation time 437.000,000,000 s)
2025-06-04 15:07:31,638 INFO  - Already have ACK (at simulation time 437.000,000,000 s)
2025-06-04 15:07:31,638 INFO  - Already have ACK (at simulation time 437.000,000,000 s)
2025-06-04 15:07:31,638 INFO  - Already have ACK (at simulation time 437.000,000,000 s)
2025-06-04 15:07:31,644 INFO  - Already have ACK (at simulation time 438.000,000,000 s)
2025-06-04 15:07:31,644 INFO  - Already have ACK (at simulation time 438.000,000,000 s)
2025-06-04 15:07:31,644 INFO  - Already have ACK (at simulation time 438.000,000,000 s)
2025-06-04 15:07:31,644 INFO  - Already have ACK (at simulation time 438.000,000,000 s)
2025-06-04 15:07:31,644 INFO  - Already have ACK (at simulation time 438.000,000,000 s)
2025-06-04 15:07:31,644 INFO  - Already have ACK (at simulation time 438.000,000,000 s)
2025-06-04 15:07:31,644 INFO  - Already have ACK (at simulation time 438.000,000,000 s)
2025-06-04 15:07:31,644 INFO  - Already have ACK (at simulation time 438.000,000,000 s)
2025-06-04 15:07:31,644 INFO  - Already have ACK (at simulation time 438.000,000,000 s)
2025-06-04 15:07:31,644 INFO  - Already have ACK (at simulation time 438.000,000,000 s)
2025-06-04 15:07:31,645 INFO  - Already have ACK (at simulation time 438.000,000,000 s)
2025-06-04 15:07:31,645 INFO  - Already have ACK (at simulation time 438.000,000,000 s)
2025-06-04 15:07:31,645 INFO  - Already have ACK (at simulation time 438.000,000,000 s)
2025-06-04 15:07:31,645 INFO  - Already have ACK (at simulation time 438.000,000,000 s)
2025-06-04 15:07:31,645 INFO  - Already have ACK (at simulation time 438.000,000,000 s)
2025-06-04 15:07:31,645 INFO  - Already have ACK (at simulation time 438.000,000,000 s)
2025-06-04 15:07:31,645 INFO  - Already have ACK (at simulation time 438.000,000,000 s)
2025-06-04 15:07:31,645 INFO  - Already have ACK (at simulation time 438.000,000,000 s)
2025-06-04 15:07:31,645 INFO  - Already have ACK (at simulation time 438.000,000,000 s)
2025-06-04 15:07:31,645 INFO  - Already have ACK (at simulation time 438.000,000,000 s)
2025-06-04 15:07:31,645 INFO  - Already have ACK (at simulation time 438.000,000,000 s)
2025-06-04 15:07:31,645 INFO  - Already have ACK (at simulation time 438.000,000,000 s)
2025-06-04 15:07:31,645 INFO  - Already have ACK (at simulation time 438.000,000,000 s)
2025-06-04 15:07:31,646 INFO  - Already have ACK (at simulation time 438.000,000,000 s)
2025-06-04 15:07:31,646 INFO  - Already have ACK (at simulation time 438.000,000,000 s)
2025-06-04 15:07:31,646 INFO  - Already have ACK (at simulation time 438.000,000,000 s)
2025-06-04 15:07:31,646 INFO  - Already have ACK (at simulation time 438.000,000,000 s)
2025-06-04 15:07:31,646 INFO  - Already have ACK (at simulation time 438.000,000,000 s)
2025-06-04 15:07:31,646 INFO  - Already have ACK (at simulation time 438.000,000,000 s)
2025-06-04 15:07:31,646 INFO  - Already have ACK (at simulation time 438.000,000,000 s)
2025-06-04 15:07:31,646 INFO  - Already have ACK (at simulation time 438.000,000,000 s)
2025-06-04 15:07:31,646 INFO  - Already have ACK (at simulation time 438.000,000,000 s)
2025-06-04 15:07:31,646 INFO  - Already have ACK (at simulation time 438.000,000,000 s)
2025-06-04 15:07:31,646 INFO  - Already have ACK (at simulation time 438.000,000,000 s)
2025-06-04 15:07:31,646 INFO  - Already have ACK (at simulation time 438.000,000,000 s)
2025-06-04 15:07:31,646 INFO  - Already have ACK (at simulation time 438.000,000,000 s)
2025-06-04 15:07:31,646 INFO  - Already have ACK (at simulation time 438.000,000,000 s)
2025-06-04 15:07:31,646 INFO  - Already have ACK (at simulation time 438.000,000,000 s)
2025-06-04 15:07:31,646 INFO  - Already have ACK (at simulation time 438.000,000,000 s)
2025-06-04 15:07:31,646 INFO  - Already have ACK (at simulation time 438.000,000,000 s)
2025-06-04 15:07:31,646 INFO  - Already have ACK (at simulation time 438.000,000,000 s)
2025-06-04 15:07:31,646 INFO  - Already have ACK (at simulation time 438.000,000,000 s)
2025-06-04 15:07:31,646 INFO  - Already have ACK (at simulation time 438.000,000,000 s)
2025-06-04 15:07:31,647 INFO  - Already have ACK (at simulation time 438.000,000,000 s)
2025-06-04 15:07:31,647 INFO  - Already have ACK (at simulation time 438.000,000,000 s)
2025-06-04 15:07:31,647 INFO  - Already have ACK (at simulation time 438.000,000,000 s)
2025-06-04 15:07:31,647 INFO  - Already have ACK (at simulation time 438.000,000,000 s)
2025-06-04 15:07:31,647 INFO  - Already have ACK (at simulation time 438.000,000,000 s)
2025-06-04 15:07:31,647 INFO  - Already have ACK (at simulation time 438.000,000,000 s)
2025-06-04 15:07:31,647 INFO  - Already have ACK (at simulation time 438.000,000,000 s)
2025-06-04 15:07:31,647 INFO  - Already have ACK (at simulation time 438.000,000,000 s)
2025-06-04 15:07:31,647 INFO  - Already have ACK (at simulation time 438.000,000,000 s)
2025-06-04 15:07:31,649 INFO  - Already have ACK (at simulation time 439.000,000,000 s)
2025-06-04 15:07:31,649 INFO  - Already have ACK (at simulation time 439.000,000,000 s)
2025-06-04 15:07:31,649 INFO  - Already have ACK (at simulation time 439.000,000,000 s)
2025-06-04 15:07:31,649 INFO  - Already have ACK (at simulation time 439.000,000,000 s)
2025-06-04 15:07:31,649 INFO  - Already have ACK (at simulation time 439.000,000,000 s)
2025-06-04 15:07:31,649 INFO  - Already have ACK (at simulation time 439.000,000,000 s)
2025-06-04 15:07:31,650 INFO  - Already have ACK (at simulation time 439.000,000,000 s)
2025-06-04 15:07:31,650 INFO  - Already have ACK (at simulation time 439.000,000,000 s)
2025-06-04 15:07:31,650 INFO  - Already have ACK (at simulation time 439.000,000,000 s)
2025-06-04 15:07:31,650 INFO  - Already have ACK (at simulation time 439.000,000,000 s)
2025-06-04 15:07:31,650 INFO  - Already have ACK (at simulation time 439.000,000,000 s)
2025-06-04 15:07:31,650 INFO  - Already have ACK (at simulation time 439.000,000,000 s)
2025-06-04 15:07:31,650 INFO  - Already have ACK (at simulation time 439.000,000,000 s)
2025-06-04 15:07:31,650 INFO  - Already have ACK (at simulation time 439.000,000,000 s)
2025-06-04 15:07:31,650 INFO  - Already have ACK (at simulation time 439.000,000,000 s)
2025-06-04 15:07:31,650 INFO  - Already have ACK (at simulation time 439.000,000,000 s)
2025-06-04 15:07:31,650 INFO  - Already have ACK (at simulation time 439.000,000,000 s)
2025-06-04 15:07:31,651 INFO  - Already have ACK (at simulation time 439.000,000,000 s)
2025-06-04 15:07:31,651 INFO  - Already have ACK (at simulation time 439.000,000,000 s)
2025-06-04 15:07:31,651 INFO  - Already have ACK (at simulation time 439.000,000,000 s)
2025-06-04 15:07:31,651 INFO  - Already have ACK (at simulation time 439.000,000,000 s)
2025-06-04 15:07:31,651 INFO  - Already have ACK (at simulation time 439.000,000,000 s)
2025-06-04 15:07:31,651 INFO  - Already have ACK (at simulation time 439.000,000,000 s)
2025-06-04 15:07:31,651 INFO  - Already have ACK (at simulation time 439.000,000,000 s)
2025-06-04 15:07:31,651 INFO  - Already have ACK (at simulation time 439.000,000,000 s)
2025-06-04 15:07:31,651 INFO  - Already have ACK (at simulation time 439.000,000,000 s)
2025-06-04 15:07:31,651 INFO  - Already have ACK (at simulation time 439.000,000,000 s)
2025-06-04 15:07:31,651 INFO  - Already have ACK (at simulation time 439.000,000,000 s)
2025-06-04 15:07:31,651 INFO  - Already have ACK (at simulation time 439.000,000,000 s)
2025-06-04 15:07:31,651 INFO  - Already have ACK (at simulation time 439.000,000,000 s)
2025-06-04 15:07:31,651 INFO  - Already have ACK (at simulation time 439.000,000,000 s)
2025-06-04 15:07:31,651 INFO  - Already have ACK (at simulation time 439.000,000,000 s)
2025-06-04 15:07:31,651 INFO  - Already have ACK (at simulation time 439.000,000,000 s)
2025-06-04 15:07:31,651 INFO  - Already have ACK (at simulation time 439.000,000,000 s)
2025-06-04 15:07:31,651 INFO  - Already have ACK (at simulation time 439.000,000,000 s)
2025-06-04 15:07:31,652 INFO  - Already have ACK (at simulation time 439.000,000,000 s)
2025-06-04 15:07:31,652 INFO  - Already have ACK (at simulation time 439.000,000,000 s)
2025-06-04 15:07:31,652 INFO  - Already have ACK (at simulation time 439.000,000,000 s)
2025-06-04 15:07:31,652 INFO  - Already have ACK (at simulation time 439.000,000,000 s)
2025-06-04 15:07:31,652 INFO  - Already have ACK (at simulation time 439.000,000,000 s)
2025-06-04 15:07:31,652 INFO  - Already have ACK (at simulation time 439.000,000,000 s)
2025-06-04 15:07:31,652 INFO  - Already have ACK (at simulation time 439.000,000,000 s)
2025-06-04 15:07:31,652 INFO  - Already have ACK (at simulation time 439.000,000,000 s)
2025-06-04 15:07:31,652 INFO  - Already have ACK (at simulation time 439.000,000,000 s)
2025-06-04 15:07:31,652 INFO  - Already have ACK (at simulation time 439.000,000,000 s)
2025-06-04 15:07:31,652 INFO  - Already have ACK (at simulation time 439.000,000,000 s)
2025-06-04 15:07:31,652 INFO  - Already have ACK (at simulation time 439.000,000,000 s)
2025-06-04 15:07:31,652 INFO  - Already have ACK (at simulation time 439.000,000,000 s)
2025-06-04 15:07:31,652 INFO  - Already have ACK (at simulation time 439.000,000,000 s)
2025-06-04 15:07:31,652 INFO  - Already have ACK (at simulation time 439.000,000,000 s)
2025-06-04 15:07:31,652 INFO  - Already have ACK (at simulation time 439.000,000,000 s)
2025-06-04 15:07:31,652 INFO  - Already have ACK (at simulation time 439.000,000,000 s)
2025-06-04 15:07:31,652 INFO  - Already have ACK (at simulation time 439.000,000,000 s)
2025-06-04 15:07:31,654 INFO  - Already have ACK (at simulation time 440.000,000,000 s)
2025-06-04 15:07:31,654 INFO  - Already have ACK (at simulation time 440.000,000,000 s)
2025-06-04 15:07:31,655 INFO  - Already have ACK (at simulation time 440.000,000,000 s)
2025-06-04 15:07:31,655 INFO  - Already have ACK (at simulation time 440.000,000,000 s)
2025-06-04 15:07:31,655 INFO  - Already have ACK (at simulation time 440.000,000,000 s)
2025-06-04 15:07:31,655 INFO  - Already have ACK (at simulation time 440.000,000,000 s)
2025-06-04 15:07:31,655 INFO  - Already have ACK (at simulation time 440.000,000,000 s)
2025-06-04 15:07:31,655 INFO  - Already have ACK (at simulation time 440.000,000,000 s)
2025-06-04 15:07:31,655 INFO  - Already have ACK (at simulation time 440.000,000,000 s)
2025-06-04 15:07:31,655 INFO  - Already have ACK (at simulation time 440.000,000,000 s)
2025-06-04 15:07:31,655 INFO  - Already have ACK (at simulation time 440.000,000,000 s)
2025-06-04 15:07:31,655 INFO  - Already have ACK (at simulation time 440.000,000,000 s)
2025-06-04 15:07:31,655 INFO  - Already have ACK (at simulation time 440.000,000,000 s)
2025-06-04 15:07:31,655 INFO  - Already have ACK (at simulation time 440.000,000,000 s)
2025-06-04 15:07:31,655 INFO  - Already have ACK (at simulation time 440.000,000,000 s)
2025-06-04 15:07:31,656 INFO  - Already have ACK (at simulation time 440.000,000,000 s)
2025-06-04 15:07:31,656 INFO  - Already have ACK (at simulation time 440.000,000,000 s)
2025-06-04 15:07:31,656 INFO  - Already have ACK (at simulation time 440.000,000,000 s)
2025-06-04 15:07:31,656 INFO  - Already have ACK (at simulation time 440.000,000,000 s)
2025-06-04 15:07:31,656 INFO  - Already have ACK (at simulation time 440.000,000,000 s)
2025-06-04 15:07:31,656 INFO  - Already have ACK (at simulation time 440.000,000,000 s)
2025-06-04 15:07:31,656 INFO  - Already have ACK (at simulation time 440.000,000,000 s)
2025-06-04 15:07:31,656 INFO  - Already have ACK (at simulation time 440.000,000,000 s)
2025-06-04 15:07:31,656 INFO  - Already have ACK (at simulation time 440.000,000,000 s)
2025-06-04 15:07:31,656 INFO  - Already have ACK (at simulation time 440.000,000,000 s)
2025-06-04 15:07:31,656 INFO  - Already have ACK (at simulation time 440.000,000,000 s)
2025-06-04 15:07:31,656 INFO  - Already have ACK (at simulation time 440.000,000,000 s)
2025-06-04 15:07:31,656 INFO  - Already have ACK (at simulation time 440.000,000,000 s)
2025-06-04 15:07:31,656 INFO  - Already have ACK (at simulation time 440.000,000,000 s)
2025-06-04 15:07:31,656 INFO  - Already have ACK (at simulation time 440.000,000,000 s)
2025-06-04 15:07:31,656 INFO  - Already have ACK (at simulation time 440.000,000,000 s)
2025-06-04 15:07:31,656 INFO  - Already have ACK (at simulation time 440.000,000,000 s)
2025-06-04 15:07:31,656 INFO  - Already have ACK (at simulation time 440.000,000,000 s)
2025-06-04 15:07:31,657 INFO  - Already have ACK (at simulation time 440.000,000,000 s)
2025-06-04 15:07:31,657 INFO  - Already have ACK (at simulation time 440.000,000,000 s)
2025-06-04 15:07:31,657 INFO  - Already have ACK (at simulation time 440.000,000,000 s)
2025-06-04 15:07:31,657 INFO  - Already have ACK (at simulation time 440.000,000,000 s)
2025-06-04 15:07:31,657 INFO  - Already have ACK (at simulation time 440.000,000,000 s)
2025-06-04 15:07:31,657 INFO  - Already have ACK (at simulation time 440.000,000,000 s)
2025-06-04 15:07:31,657 INFO  - Already have ACK (at simulation time 440.000,000,000 s)
2025-06-04 15:07:31,657 INFO  - Already have ACK (at simulation time 440.000,000,000 s)
2025-06-04 15:07:31,657 INFO  - Already have ACK (at simulation time 440.000,000,000 s)
2025-06-04 15:07:31,657 INFO  - Already have ACK (at simulation time 440.000,000,000 s)
2025-06-04 15:07:31,657 INFO  - Already have ACK (at simulation time 440.000,000,000 s)
2025-06-04 15:07:31,657 INFO  - Already have ACK (at simulation time 440.000,000,000 s)
2025-06-04 15:07:31,657 INFO  - Already have ACK (at simulation time 440.000,000,000 s)
2025-06-04 15:07:31,657 INFO  - Already have ACK (at simulation time 440.000,000,000 s)
2025-06-04 15:07:31,657 INFO  - Already have ACK (at simulation time 440.000,000,000 s)
2025-06-04 15:07:31,657 INFO  - Already have ACK (at simulation time 440.000,000,000 s)
2025-06-04 15:07:31,657 INFO  - Already have ACK (at simulation time 440.000,000,000 s)
2025-06-04 15:07:31,657 INFO  - Already have ACK (at simulation time 440.000,000,000 s)
2025-06-04 15:07:31,657 INFO  - Already have ACK (at simulation time 440.000,000,000 s)
2025-06-04 15:07:31,657 INFO  - Already have ACK (at simulation time 440.000,000,000 s)
2025-06-04 15:07:31,657 INFO  - Already have ACK (at simulation time 440.000,000,000 s)
2025-06-04 15:07:31,659 INFO  - Already have ACK (at simulation time 441.000,000,000 s)
2025-06-04 15:07:31,659 INFO  - Already have ACK (at simulation time 441.000,000,000 s)
2025-06-04 15:07:31,660 INFO  - Already have ACK (at simulation time 441.000,000,000 s)
2025-06-04 15:07:31,660 INFO  - Already have ACK (at simulation time 441.000,000,000 s)
2025-06-04 15:07:31,660 INFO  - Already have ACK (at simulation time 441.000,000,000 s)
2025-06-04 15:07:31,660 INFO  - Already have ACK (at simulation time 441.000,000,000 s)
2025-06-04 15:07:31,660 INFO  - Already have ACK (at simulation time 441.000,000,000 s)
2025-06-04 15:07:31,660 INFO  - Already have ACK (at simulation time 441.000,000,000 s)
2025-06-04 15:07:31,660 INFO  - Already have ACK (at simulation time 441.000,000,000 s)
2025-06-04 15:07:31,660 INFO  - Already have ACK (at simulation time 441.000,000,000 s)
2025-06-04 15:07:31,660 INFO  - Already have ACK (at simulation time 441.000,000,000 s)
2025-06-04 15:07:31,660 INFO  - Already have ACK (at simulation time 441.000,000,000 s)
2025-06-04 15:07:31,660 INFO  - Already have ACK (at simulation time 441.000,000,000 s)
2025-06-04 15:07:31,660 INFO  - Already have ACK (at simulation time 441.000,000,000 s)
2025-06-04 15:07:31,660 INFO  - Already have ACK (at simulation time 441.000,000,000 s)
2025-06-04 15:07:31,660 INFO  - Already have ACK (at simulation time 441.000,000,000 s)
2025-06-04 15:07:31,660 INFO  - Already have ACK (at simulation time 441.000,000,000 s)
2025-06-04 15:07:31,661 INFO  - Already have ACK (at simulation time 441.000,000,000 s)
2025-06-04 15:07:31,661 INFO  - Already have ACK (at simulation time 441.000,000,000 s)
2025-06-04 15:07:31,661 INFO  - Already have ACK (at simulation time 441.000,000,000 s)
2025-06-04 15:07:31,661 INFO  - Already have ACK (at simulation time 441.000,000,000 s)
2025-06-04 15:07:31,661 INFO  - Already have ACK (at simulation time 441.000,000,000 s)
2025-06-04 15:07:31,661 INFO  - Already have ACK (at simulation time 441.000,000,000 s)
2025-06-04 15:07:31,661 INFO  - Already have ACK (at simulation time 441.000,000,000 s)
2025-06-04 15:07:31,661 INFO  - Already have ACK (at simulation time 441.000,000,000 s)
2025-06-04 15:07:31,661 INFO  - Already have ACK (at simulation time 441.000,000,000 s)
2025-06-04 15:07:31,661 INFO  - Already have ACK (at simulation time 441.000,000,000 s)
2025-06-04 15:07:31,661 INFO  - Already have ACK (at simulation time 441.000,000,000 s)
2025-06-04 15:07:31,661 INFO  - Already have ACK (at simulation time 441.000,000,000 s)
2025-06-04 15:07:31,661 INFO  - Already have ACK (at simulation time 441.000,000,000 s)
2025-06-04 15:07:31,661 INFO  - Already have ACK (at simulation time 441.000,000,000 s)
2025-06-04 15:07:31,661 INFO  - Already have ACK (at simulation time 441.000,000,000 s)
2025-06-04 15:07:31,661 INFO  - Already have ACK (at simulation time 441.000,000,000 s)
2025-06-04 15:07:31,661 INFO  - Already have ACK (at simulation time 441.000,000,000 s)
2025-06-04 15:07:31,661 INFO  - Already have ACK (at simulation time 441.000,000,000 s)
2025-06-04 15:07:31,661 INFO  - Already have ACK (at simulation time 441.000,000,000 s)
2025-06-04 15:07:31,662 INFO  - Already have ACK (at simulation time 441.000,000,000 s)
2025-06-04 15:07:31,662 INFO  - Already have ACK (at simulation time 441.000,000,000 s)
2025-06-04 15:07:31,662 INFO  - Already have ACK (at simulation time 441.000,000,000 s)
2025-06-04 15:07:31,662 INFO  - Already have ACK (at simulation time 441.000,000,000 s)
2025-06-04 15:07:31,662 INFO  - Already have ACK (at simulation time 441.000,000,000 s)
2025-06-04 15:07:31,662 INFO  - Already have ACK (at simulation time 441.000,000,000 s)
2025-06-04 15:07:31,662 INFO  - Already have ACK (at simulation time 441.000,000,000 s)
2025-06-04 15:07:31,662 INFO  - Already have ACK (at simulation time 441.000,000,000 s)
2025-06-04 15:07:31,662 INFO  - Already have ACK (at simulation time 441.000,000,000 s)
2025-06-04 15:07:31,662 INFO  - Already have ACK (at simulation time 441.000,000,000 s)
2025-06-04 15:07:31,662 INFO  - Already have ACK (at simulation time 441.000,000,000 s)
2025-06-04 15:07:31,662 INFO  - Already have ACK (at simulation time 441.000,000,000 s)
2025-06-04 15:07:31,662 INFO  - Already have ACK (at simulation time 441.000,000,000 s)
2025-06-04 15:07:31,662 INFO  - Already have ACK (at simulation time 441.000,000,000 s)
2025-06-04 15:07:31,662 INFO  - Already have ACK (at simulation time 441.000,000,000 s)
2025-06-04 15:07:31,662 INFO  - Already have ACK (at simulation time 441.000,000,000 s)
2025-06-04 15:07:31,662 INFO  - Already have ACK (at simulation time 441.000,000,000 s)
2025-06-04 15:07:31,662 INFO  - Already have ACK (at simulation time 441.000,000,000 s)
2025-06-04 15:07:31,662 INFO  - Already have ACK (at simulation time 441.000,000,000 s)
2025-06-04 15:07:31,664 INFO  - Sent periodic GreenWaveMsg: veh_74 on route r_0 (at simulation time 442.000,000,000 s)
2025-06-04 15:07:31,664 INFO  - Already have ACK (at simulation time 442.000,000,000 s)
2025-06-04 15:07:31,665 INFO  - Already have ACK (at simulation time 442.000,000,000 s)
2025-06-04 15:07:31,665 INFO  - Already have ACK (at simulation time 442.000,000,000 s)
2025-06-04 15:07:31,665 INFO  - Already have ACK (at simulation time 442.000,000,000 s)
2025-06-04 15:07:31,665 INFO  - Already have ACK (at simulation time 442.000,000,000 s)
2025-06-04 15:07:31,665 INFO  - Already have ACK (at simulation time 442.000,000,000 s)
2025-06-04 15:07:31,665 INFO  - Already have ACK (at simulation time 442.000,000,000 s)
2025-06-04 15:07:31,665 INFO  - Already have ACK (at simulation time 442.000,000,000 s)
2025-06-04 15:07:31,665 INFO  - Already have ACK (at simulation time 442.000,000,000 s)
2025-06-04 15:07:31,665 INFO  - Already have ACK (at simulation time 442.000,000,000 s)
2025-06-04 15:07:31,665 INFO  - Already have ACK (at simulation time 442.000,000,000 s)
2025-06-04 15:07:31,665 INFO  - Already have ACK (at simulation time 442.000,000,000 s)
2025-06-04 15:07:31,665 INFO  - Already have ACK (at simulation time 442.000,000,000 s)
2025-06-04 15:07:31,666 INFO  - Already have ACK (at simulation time 442.000,000,000 s)
2025-06-04 15:07:31,666 INFO  - Already have ACK (at simulation time 442.000,000,000 s)
2025-06-04 15:07:31,666 INFO  - Already have ACK (at simulation time 442.000,000,000 s)
2025-06-04 15:07:31,666 INFO  - Already have ACK (at simulation time 442.000,000,000 s)
2025-06-04 15:07:31,666 INFO  - Already have ACK (at simulation time 442.000,000,000 s)
2025-06-04 15:07:31,666 INFO  - Already have ACK (at simulation time 442.000,000,000 s)
2025-06-04 15:07:31,666 INFO  - Already have ACK (at simulation time 442.000,000,000 s)
2025-06-04 15:07:31,666 INFO  - Already have ACK (at simulation time 442.000,000,000 s)
2025-06-04 15:07:31,666 INFO  - Already have ACK (at simulation time 442.000,000,000 s)
2025-06-04 15:07:31,666 INFO  - Already have ACK (at simulation time 442.000,000,000 s)
2025-06-04 15:07:31,666 INFO  - Already have ACK (at simulation time 442.000,000,000 s)
2025-06-04 15:07:31,666 INFO  - Already have ACK (at simulation time 442.000,000,000 s)
2025-06-04 15:07:31,666 INFO  - Already have ACK (at simulation time 442.000,000,000 s)
2025-06-04 15:07:31,666 INFO  - Already have ACK (at simulation time 442.000,000,000 s)
2025-06-04 15:07:31,666 INFO  - Already have ACK (at simulation time 442.000,000,000 s)
2025-06-04 15:07:31,667 INFO  - Already have ACK (at simulation time 442.000,000,000 s)
2025-06-04 15:07:31,667 INFO  - Already have ACK (at simulation time 442.000,000,000 s)
2025-06-04 15:07:31,667 INFO  - Already have ACK (at simulation time 442.000,000,000 s)
2025-06-04 15:07:31,667 INFO  - Already have ACK (at simulation time 442.000,000,000 s)
2025-06-04 15:07:31,667 INFO  - Already have ACK (at simulation time 442.000,000,000 s)
2025-06-04 15:07:31,667 INFO  - Already have ACK (at simulation time 442.000,000,000 s)
2025-06-04 15:07:31,667 INFO  - Already have ACK (at simulation time 442.000,000,000 s)
2025-06-04 15:07:31,667 INFO  - Already have ACK (at simulation time 442.000,000,000 s)
2025-06-04 15:07:31,667 INFO  - Already have ACK (at simulation time 442.000,000,000 s)
2025-06-04 15:07:31,667 INFO  - Already have ACK (at simulation time 442.000,000,000 s)
2025-06-04 15:07:31,667 INFO  - Already have ACK (at simulation time 442.000,000,000 s)
2025-06-04 15:07:31,667 INFO  - Already have ACK (at simulation time 442.000,000,000 s)
2025-06-04 15:07:31,667 INFO  - Already have ACK (at simulation time 442.000,000,000 s)
2025-06-04 15:07:31,667 INFO  - Already have ACK (at simulation time 442.000,000,000 s)
2025-06-04 15:07:31,667 INFO  - Already have ACK (at simulation time 442.000,000,000 s)
2025-06-04 15:07:31,667 INFO  - Already have ACK (at simulation time 442.000,000,000 s)
2025-06-04 15:07:31,667 INFO  - Already have ACK (at simulation time 442.000,000,000 s)
2025-06-04 15:07:31,667 INFO  - Already have ACK (at simulation time 442.000,000,000 s)
2025-06-04 15:07:31,667 INFO  - Already have ACK (at simulation time 442.000,000,000 s)
2025-06-04 15:07:31,667 INFO  - Already have ACK (at simulation time 442.000,000,000 s)
2025-06-04 15:07:31,667 INFO  - Already have ACK (at simulation time 442.000,000,000 s)
2025-06-04 15:07:31,668 INFO  - Already have ACK (at simulation time 442.000,000,000 s)
2025-06-04 15:07:31,668 INFO  - Already have ACK (at simulation time 442.000,000,000 s)
2025-06-04 15:07:31,668 INFO  - Already have ACK (at simulation time 442.000,000,000 s)
2025-06-04 15:07:31,668 INFO  - Already have ACK (at simulation time 442.000,000,000 s)
2025-06-04 15:07:31,668 INFO  - Already have ACK (at simulation time 442.000,000,000 s)
2025-06-04 15:07:31,668 INFO  - Already have ACK (at simulation time 442.000,000,000 s)
2025-06-04 15:07:31,668 INFO  - Already have ACK (at simulation time 442.000,000,000 s)
2025-06-04 15:07:31,670 INFO  - Already have ACK (at simulation time 443.000,000,000 s)
2025-06-04 15:07:31,670 INFO  - Already have ACK (at simulation time 443.000,000,000 s)
2025-06-04 15:07:31,670 INFO  - Already have ACK (at simulation time 443.000,000,000 s)
2025-06-04 15:07:31,670 INFO  - Already have ACK (at simulation time 443.000,000,000 s)
2025-06-04 15:07:31,670 INFO  - Already have ACK (at simulation time 443.000,000,000 s)
2025-06-04 15:07:31,670 INFO  - Already have ACK (at simulation time 443.000,000,000 s)
2025-06-04 15:07:31,670 INFO  - Already have ACK (at simulation time 443.000,000,000 s)
2025-06-04 15:07:31,671 INFO  - Already have ACK (at simulation time 443.000,000,000 s)
2025-06-04 15:07:31,671 INFO  - Already have ACK (at simulation time 443.000,000,000 s)
2025-06-04 15:07:31,671 INFO  - Already have ACK (at simulation time 443.000,000,000 s)
2025-06-04 15:07:31,671 INFO  - Already have ACK (at simulation time 443.000,000,000 s)
2025-06-04 15:07:31,671 INFO  - Already have ACK (at simulation time 443.000,000,000 s)
2025-06-04 15:07:31,671 INFO  - Already have ACK (at simulation time 443.000,000,000 s)
2025-06-04 15:07:31,671 INFO  - Already have ACK (at simulation time 443.000,000,000 s)
2025-06-04 15:07:31,671 INFO  - Already have ACK (at simulation time 443.000,000,000 s)
2025-06-04 15:07:31,671 INFO  - Already have ACK (at simulation time 443.000,000,000 s)
2025-06-04 15:07:31,671 INFO  - Already have ACK (at simulation time 443.000,000,000 s)
2025-06-04 15:07:31,671 INFO  - Already have ACK (at simulation time 443.000,000,000 s)
2025-06-04 15:07:31,671 INFO  - Already have ACK (at simulation time 443.000,000,000 s)
2025-06-04 15:07:31,671 INFO  - Already have ACK (at simulation time 443.000,000,000 s)
2025-06-04 15:07:31,671 INFO  - Already have ACK (at simulation time 443.000,000,000 s)
2025-06-04 15:07:31,672 INFO  - Already have ACK (at simulation time 443.000,000,000 s)
2025-06-04 15:07:31,672 INFO  - Already have ACK (at simulation time 443.000,000,000 s)
2025-06-04 15:07:31,672 INFO  - Already have ACK (at simulation time 443.000,000,000 s)
2025-06-04 15:07:31,672 INFO  - Already have ACK (at simulation time 443.000,000,000 s)
2025-06-04 15:07:31,672 INFO  - Already have ACK (at simulation time 443.000,000,000 s)
2025-06-04 15:07:31,672 INFO  - Already have ACK (at simulation time 443.000,000,000 s)
2025-06-04 15:07:31,672 INFO  - Already have ACK (at simulation time 443.000,000,000 s)
2025-06-04 15:07:31,672 INFO  - Already have ACK (at simulation time 443.000,000,000 s)
2025-06-04 15:07:31,672 INFO  - Already have ACK (at simulation time 443.000,000,000 s)
2025-06-04 15:07:31,672 INFO  - Already have ACK (at simulation time 443.000,000,000 s)
2025-06-04 15:07:31,672 INFO  - Already have ACK (at simulation time 443.000,000,000 s)
2025-06-04 15:07:31,672 INFO  - Already have ACK (at simulation time 443.000,000,000 s)
2025-06-04 15:07:31,672 INFO  - Already have ACK (at simulation time 443.000,000,000 s)
2025-06-04 15:07:31,672 INFO  - Already have ACK (at simulation time 443.000,000,000 s)
2025-06-04 15:07:31,672 INFO  - Already have ACK (at simulation time 443.000,000,000 s)
2025-06-04 15:07:31,672 INFO  - Already have ACK (at simulation time 443.000,000,000 s)
2025-06-04 15:07:31,672 INFO  - Already have ACK (at simulation time 443.000,000,000 s)
2025-06-04 15:07:31,672 INFO  - Already have ACK (at simulation time 443.000,000,000 s)
2025-06-04 15:07:31,672 INFO  - Already have ACK (at simulation time 443.000,000,000 s)
2025-06-04 15:07:31,672 INFO  - Already have ACK (at simulation time 443.000,000,000 s)
2025-06-04 15:07:31,673 INFO  - Already have ACK (at simulation time 443.000,000,000 s)
2025-06-04 15:07:31,673 INFO  - Already have ACK (at simulation time 443.000,000,000 s)
2025-06-04 15:07:31,673 INFO  - Already have ACK (at simulation time 443.000,000,000 s)
2025-06-04 15:07:31,673 INFO  - Already have ACK (at simulation time 443.000,000,000 s)
2025-06-04 15:07:31,673 INFO  - Already have ACK (at simulation time 443.000,000,000 s)
2025-06-04 15:07:31,673 INFO  - Already have ACK (at simulation time 443.000,000,000 s)
2025-06-04 15:07:31,673 INFO  - Already have ACK (at simulation time 443.000,000,000 s)
2025-06-04 15:07:31,673 INFO  - Already have ACK (at simulation time 443.000,000,000 s)
2025-06-04 15:07:31,673 INFO  - Already have ACK (at simulation time 443.000,000,000 s)
2025-06-04 15:07:31,673 INFO  - Already have ACK (at simulation time 443.000,000,000 s)
2025-06-04 15:07:31,673 INFO  - Already have ACK (at simulation time 443.000,000,000 s)
2025-06-04 15:07:31,673 INFO  - Already have ACK (at simulation time 443.000,000,000 s)
2025-06-04 15:07:31,673 INFO  - Already have ACK (at simulation time 443.000,000,000 s)
2025-06-04 15:07:31,673 INFO  - Already have ACK (at simulation time 443.000,000,000 s)
2025-06-04 15:07:31,673 INFO  - Already have ACK (at simulation time 443.000,000,000 s)
2025-06-04 15:07:31,673 INFO  - Already have ACK (at simulation time 443.000,000,000 s)
2025-06-04 15:07:31,675 INFO  - Already have ACK (at simulation time 444.000,000,000 s)
2025-06-04 15:07:31,675 INFO  - Already have ACK (at simulation time 444.000,000,000 s)
2025-06-04 15:07:31,676 INFO  - Already have ACK (at simulation time 444.000,000,000 s)
2025-06-04 15:07:31,676 INFO  - Already have ACK (at simulation time 444.000,000,000 s)
2025-06-04 15:07:31,676 INFO  - Already have ACK (at simulation time 444.000,000,000 s)
2025-06-04 15:07:31,676 INFO  - Already have ACK (at simulation time 444.000,000,000 s)
2025-06-04 15:07:31,676 INFO  - Already have ACK (at simulation time 444.000,000,000 s)
2025-06-04 15:07:31,676 INFO  - Already have ACK (at simulation time 444.000,000,000 s)
2025-06-04 15:07:31,676 INFO  - Already have ACK (at simulation time 444.000,000,000 s)
2025-06-04 15:07:31,676 INFO  - Already have ACK (at simulation time 444.000,000,000 s)
2025-06-04 15:07:31,676 INFO  - Already have ACK (at simulation time 444.000,000,000 s)
2025-06-04 15:07:31,676 INFO  - Already have ACK (at simulation time 444.000,000,000 s)
2025-06-04 15:07:31,676 INFO  - Already have ACK (at simulation time 444.000,000,000 s)
2025-06-04 15:07:31,676 INFO  - Already have ACK (at simulation time 444.000,000,000 s)
2025-06-04 15:07:31,676 INFO  - Already have ACK (at simulation time 444.000,000,000 s)
2025-06-04 15:07:31,676 INFO  - Already have ACK (at simulation time 444.000,000,000 s)
2025-06-04 15:07:31,676 INFO  - Already have ACK (at simulation time 444.000,000,000 s)
2025-06-04 15:07:31,677 INFO  - Already have ACK (at simulation time 444.000,000,000 s)
2025-06-04 15:07:31,677 INFO  - Already have ACK (at simulation time 444.000,000,000 s)
2025-06-04 15:07:31,677 INFO  - Already have ACK (at simulation time 444.000,000,000 s)
2025-06-04 15:07:31,677 INFO  - Already have ACK (at simulation time 444.000,000,000 s)
2025-06-04 15:07:31,677 INFO  - Already have ACK (at simulation time 444.000,000,000 s)
2025-06-04 15:07:31,677 INFO  - Already have ACK (at simulation time 444.000,000,000 s)
2025-06-04 15:07:31,677 INFO  - Already have ACK (at simulation time 444.000,000,000 s)
2025-06-04 15:07:31,677 INFO  - Already have ACK (at simulation time 444.000,000,000 s)
2025-06-04 15:07:31,677 INFO  - Already have ACK (at simulation time 444.000,000,000 s)
2025-06-04 15:07:31,677 INFO  - Already have ACK (at simulation time 444.000,000,000 s)
2025-06-04 15:07:31,677 INFO  - Already have ACK (at simulation time 444.000,000,000 s)
2025-06-04 15:07:31,677 INFO  - Already have ACK (at simulation time 444.000,000,000 s)
2025-06-04 15:07:31,677 INFO  - Already have ACK (at simulation time 444.000,000,000 s)
2025-06-04 15:07:31,677 INFO  - Already have ACK (at simulation time 444.000,000,000 s)
2025-06-04 15:07:31,677 INFO  - Already have ACK (at simulation time 444.000,000,000 s)
2025-06-04 15:07:31,677 INFO  - Already have ACK (at simulation time 444.000,000,000 s)
2025-06-04 15:07:31,677 INFO  - Already have ACK (at simulation time 444.000,000,000 s)
2025-06-04 15:07:31,677 INFO  - Already have ACK (at simulation time 444.000,000,000 s)
2025-06-04 15:07:31,678 INFO  - Already have ACK (at simulation time 444.000,000,000 s)
2025-06-04 15:07:31,678 INFO  - Already have ACK (at simulation time 444.000,000,000 s)
2025-06-04 15:07:31,678 INFO  - Already have ACK (at simulation time 444.000,000,000 s)
2025-06-04 15:07:31,678 INFO  - Already have ACK (at simulation time 444.000,000,000 s)
2025-06-04 15:07:31,678 INFO  - Already have ACK (at simulation time 444.000,000,000 s)
2025-06-04 15:07:31,678 INFO  - Already have ACK (at simulation time 444.000,000,000 s)
2025-06-04 15:07:31,678 INFO  - Already have ACK (at simulation time 444.000,000,000 s)
2025-06-04 15:07:31,678 INFO  - Already have ACK (at simulation time 444.000,000,000 s)
2025-06-04 15:07:31,678 INFO  - Already have ACK (at simulation time 444.000,000,000 s)
2025-06-04 15:07:31,678 INFO  - Already have ACK (at simulation time 444.000,000,000 s)
2025-06-04 15:07:31,678 INFO  - Already have ACK (at simulation time 444.000,000,000 s)
2025-06-04 15:07:31,678 INFO  - Already have ACK (at simulation time 444.000,000,000 s)
2025-06-04 15:07:31,678 INFO  - Already have ACK (at simulation time 444.000,000,000 s)
2025-06-04 15:07:31,678 INFO  - Already have ACK (at simulation time 444.000,000,000 s)
2025-06-04 15:07:31,678 INFO  - Already have ACK (at simulation time 444.000,000,000 s)
2025-06-04 15:07:31,678 INFO  - Already have ACK (at simulation time 444.000,000,000 s)
2025-06-04 15:07:31,678 INFO  - Already have ACK (at simulation time 444.000,000,000 s)
2025-06-04 15:07:31,678 INFO  - Already have ACK (at simulation time 444.000,000,000 s)
2025-06-04 15:07:31,678 INFO  - Already have ACK (at simulation time 444.000,000,000 s)
2025-06-04 15:07:31,678 INFO  - Already have ACK (at simulation time 444.000,000,000 s)
2025-06-04 15:07:31,678 INFO  - Already have ACK (at simulation time 444.000,000,000 s)
2025-06-04 15:07:31,678 INFO  - Already have ACK (at simulation time 444.000,000,000 s)
2025-06-04 15:07:31,678 INFO  - Already have ACK (at simulation time 444.000,000,000 s)
2025-06-04 15:07:31,680 INFO  - Already have ACK (at simulation time 445.000,000,000 s)
2025-06-04 15:07:31,680 INFO  - Already have ACK (at simulation time 445.000,000,000 s)
2025-06-04 15:07:31,680 INFO  - Already have ACK (at simulation time 445.000,000,000 s)
2025-06-04 15:07:31,681 INFO  - Already have ACK (at simulation time 445.000,000,000 s)
2025-06-04 15:07:31,681 INFO  - Already have ACK (at simulation time 445.000,000,000 s)
2025-06-04 15:07:31,681 INFO  - Already have ACK (at simulation time 445.000,000,000 s)
2025-06-04 15:07:31,681 INFO  - Already have ACK (at simulation time 445.000,000,000 s)
2025-06-04 15:07:31,681 INFO  - Already have ACK (at simulation time 445.000,000,000 s)
2025-06-04 15:07:31,681 INFO  - Already have ACK (at simulation time 445.000,000,000 s)
2025-06-04 15:07:31,681 INFO  - Already have ACK (at simulation time 445.000,000,000 s)
2025-06-04 15:07:31,681 INFO  - Already have ACK (at simulation time 445.000,000,000 s)
2025-06-04 15:07:31,681 INFO  - Already have ACK (at simulation time 445.000,000,000 s)
2025-06-04 15:07:31,681 INFO  - Already have ACK (at simulation time 445.000,000,000 s)
2025-06-04 15:07:31,681 INFO  - Already have ACK (at simulation time 445.000,000,000 s)
2025-06-04 15:07:31,681 INFO  - Already have ACK (at simulation time 445.000,000,000 s)
2025-06-04 15:07:31,681 INFO  - Already have ACK (at simulation time 445.000,000,000 s)
2025-06-04 15:07:31,682 INFO  - Already have ACK (at simulation time 445.000,000,000 s)
2025-06-04 15:07:31,682 INFO  - Already have ACK (at simulation time 445.000,000,000 s)
2025-06-04 15:07:31,682 INFO  - Already have ACK (at simulation time 445.000,000,000 s)
2025-06-04 15:07:31,682 INFO  - Already have ACK (at simulation time 445.000,000,000 s)
2025-06-04 15:07:31,682 INFO  - Already have ACK (at simulation time 445.000,000,000 s)
2025-06-04 15:07:31,682 INFO  - Already have ACK (at simulation time 445.000,000,000 s)
2025-06-04 15:07:31,682 INFO  - Already have ACK (at simulation time 445.000,000,000 s)
2025-06-04 15:07:31,682 INFO  - Already have ACK (at simulation time 445.000,000,000 s)
2025-06-04 15:07:31,682 INFO  - Already have ACK (at simulation time 445.000,000,000 s)
2025-06-04 15:07:31,682 INFO  - Already have ACK (at simulation time 445.000,000,000 s)
2025-06-04 15:07:31,682 INFO  - Already have ACK (at simulation time 445.000,000,000 s)
2025-06-04 15:07:31,682 INFO  - Already have ACK (at simulation time 445.000,000,000 s)
2025-06-04 15:07:31,682 INFO  - Already have ACK (at simulation time 445.000,000,000 s)
2025-06-04 15:07:31,682 INFO  - Already have ACK (at simulation time 445.000,000,000 s)
2025-06-04 15:07:31,682 INFO  - Already have ACK (at simulation time 445.000,000,000 s)
2025-06-04 15:07:31,682 INFO  - Already have ACK (at simulation time 445.000,000,000 s)
2025-06-04 15:07:31,682 INFO  - Already have ACK (at simulation time 445.000,000,000 s)
2025-06-04 15:07:31,683 INFO  - Already have ACK (at simulation time 445.000,000,000 s)
2025-06-04 15:07:31,683 INFO  - Already have ACK (at simulation time 445.000,000,000 s)
2025-06-04 15:07:31,683 INFO  - Already have ACK (at simulation time 445.000,000,000 s)
2025-06-04 15:07:31,683 INFO  - Already have ACK (at simulation time 445.000,000,000 s)
2025-06-04 15:07:31,683 INFO  - Already have ACK (at simulation time 445.000,000,000 s)
2025-06-04 15:07:31,683 INFO  - Already have ACK (at simulation time 445.000,000,000 s)
2025-06-04 15:07:31,683 INFO  - Already have ACK (at simulation time 445.000,000,000 s)
2025-06-04 15:07:31,683 INFO  - Already have ACK (at simulation time 445.000,000,000 s)
2025-06-04 15:07:31,683 INFO  - Already have ACK (at simulation time 445.000,000,000 s)
2025-06-04 15:07:31,683 INFO  - Already have ACK (at simulation time 445.000,000,000 s)
2025-06-04 15:07:31,683 INFO  - Already have ACK (at simulation time 445.000,000,000 s)
2025-06-04 15:07:31,683 INFO  - Already have ACK (at simulation time 445.000,000,000 s)
2025-06-04 15:07:31,683 INFO  - Already have ACK (at simulation time 445.000,000,000 s)
2025-06-04 15:07:31,683 INFO  - Already have ACK (at simulation time 445.000,000,000 s)
2025-06-04 15:07:31,683 INFO  - Already have ACK (at simulation time 445.000,000,000 s)
2025-06-04 15:07:31,683 INFO  - Already have ACK (at simulation time 445.000,000,000 s)
2025-06-04 15:07:31,683 INFO  - Already have ACK (at simulation time 445.000,000,000 s)
2025-06-04 15:07:31,683 INFO  - Already have ACK (at simulation time 445.000,000,000 s)
2025-06-04 15:07:31,683 INFO  - Already have ACK (at simulation time 445.000,000,000 s)
2025-06-04 15:07:31,683 INFO  - Already have ACK (at simulation time 445.000,000,000 s)
2025-06-04 15:07:31,683 INFO  - Already have ACK (at simulation time 445.000,000,000 s)
2025-06-04 15:07:31,683 INFO  - Already have ACK (at simulation time 445.000,000,000 s)
2025-06-04 15:07:31,684 INFO  - Already have ACK (at simulation time 445.000,000,000 s)
2025-06-04 15:07:31,684 INFO  - Already have ACK (at simulation time 445.000,000,000 s)
2025-06-04 15:07:31,684 INFO  - Already have ACK (at simulation time 445.000,000,000 s)
2025-06-04 15:07:31,684 INFO  - Already have ACK (at simulation time 445.000,000,000 s)
2025-06-04 15:07:31,685 INFO  - Already have ACK (at simulation time 446.000,000,000 s)
2025-06-04 15:07:31,685 INFO  - Already have ACK (at simulation time 446.000,000,000 s)
2025-06-04 15:07:31,685 INFO  - Already have ACK (at simulation time 446.000,000,000 s)
2025-06-04 15:07:31,686 INFO  - Already have ACK (at simulation time 446.000,000,000 s)
2025-06-04 15:07:31,686 INFO  - Already have ACK (at simulation time 446.000,000,000 s)
2025-06-04 15:07:31,686 INFO  - Already have ACK (at simulation time 446.000,000,000 s)
2025-06-04 15:07:31,686 INFO  - Already have ACK (at simulation time 446.000,000,000 s)
2025-06-04 15:07:31,686 INFO  - Already have ACK (at simulation time 446.000,000,000 s)
2025-06-04 15:07:31,686 INFO  - Already have ACK (at simulation time 446.000,000,000 s)
2025-06-04 15:07:31,686 INFO  - Already have ACK (at simulation time 446.000,000,000 s)
2025-06-04 15:07:31,686 INFO  - Already have ACK (at simulation time 446.000,000,000 s)
2025-06-04 15:07:31,686 INFO  - Already have ACK (at simulation time 446.000,000,000 s)
2025-06-04 15:07:31,686 INFO  - Already have ACK (at simulation time 446.000,000,000 s)
2025-06-04 15:07:31,686 INFO  - Already have ACK (at simulation time 446.000,000,000 s)
2025-06-04 15:07:31,686 INFO  - Already have ACK (at simulation time 446.000,000,000 s)
2025-06-04 15:07:31,686 INFO  - Already have ACK (at simulation time 446.000,000,000 s)
2025-06-04 15:07:31,686 INFO  - Already have ACK (at simulation time 446.000,000,000 s)
2025-06-04 15:07:31,686 INFO  - Already have ACK (at simulation time 446.000,000,000 s)
2025-06-04 15:07:31,687 INFO  - Already have ACK (at simulation time 446.000,000,000 s)
2025-06-04 15:07:31,687 INFO  - Already have ACK (at simulation time 446.000,000,000 s)
2025-06-04 15:07:31,687 INFO  - Already have ACK (at simulation time 446.000,000,000 s)
2025-06-04 15:07:31,687 INFO  - Already have ACK (at simulation time 446.000,000,000 s)
2025-06-04 15:07:31,687 INFO  - Already have ACK (at simulation time 446.000,000,000 s)
2025-06-04 15:07:31,687 INFO  - Already have ACK (at simulation time 446.000,000,000 s)
2025-06-04 15:07:31,687 INFO  - Already have ACK (at simulation time 446.000,000,000 s)
2025-06-04 15:07:31,687 INFO  - Already have ACK (at simulation time 446.000,000,000 s)
2025-06-04 15:07:31,687 INFO  - Already have ACK (at simulation time 446.000,000,000 s)
2025-06-04 15:07:31,687 INFO  - Already have ACK (at simulation time 446.000,000,000 s)
2025-06-04 15:07:31,687 INFO  - Already have ACK (at simulation time 446.000,000,000 s)
2025-06-04 15:07:31,687 INFO  - Already have ACK (at simulation time 446.000,000,000 s)
2025-06-04 15:07:31,687 INFO  - Already have ACK (at simulation time 446.000,000,000 s)
2025-06-04 15:07:31,687 INFO  - Already have ACK (at simulation time 446.000,000,000 s)
2025-06-04 15:07:31,687 INFO  - Already have ACK (at simulation time 446.000,000,000 s)
2025-06-04 15:07:31,688 INFO  - Already have ACK (at simulation time 446.000,000,000 s)
2025-06-04 15:07:31,688 INFO  - Already have ACK (at simulation time 446.000,000,000 s)
2025-06-04 15:07:31,688 INFO  - Already have ACK (at simulation time 446.000,000,000 s)
2025-06-04 15:07:31,688 INFO  - Already have ACK (at simulation time 446.000,000,000 s)
2025-06-04 15:07:31,688 INFO  - Already have ACK (at simulation time 446.000,000,000 s)
2025-06-04 15:07:31,688 INFO  - Already have ACK (at simulation time 446.000,000,000 s)
2025-06-04 15:07:31,688 INFO  - Already have ACK (at simulation time 446.000,000,000 s)
2025-06-04 15:07:31,688 INFO  - Already have ACK (at simulation time 446.000,000,000 s)
2025-06-04 15:07:31,688 INFO  - Already have ACK (at simulation time 446.000,000,000 s)
2025-06-04 15:07:31,688 INFO  - Already have ACK (at simulation time 446.000,000,000 s)
2025-06-04 15:07:31,688 INFO  - Already have ACK (at simulation time 446.000,000,000 s)
2025-06-04 15:07:31,688 INFO  - Already have ACK (at simulation time 446.000,000,000 s)
2025-06-04 15:07:31,688 INFO  - Already have ACK (at simulation time 446.000,000,000 s)
2025-06-04 15:07:31,688 INFO  - Already have ACK (at simulation time 446.000,000,000 s)
2025-06-04 15:07:31,688 INFO  - Already have ACK (at simulation time 446.000,000,000 s)
2025-06-04 15:07:31,688 INFO  - Already have ACK (at simulation time 446.000,000,000 s)
2025-06-04 15:07:31,689 INFO  - Already have ACK (at simulation time 446.000,000,000 s)
2025-06-04 15:07:31,689 INFO  - Already have ACK (at simulation time 446.000,000,000 s)
2025-06-04 15:07:31,689 INFO  - Already have ACK (at simulation time 446.000,000,000 s)
2025-06-04 15:07:31,689 INFO  - Already have ACK (at simulation time 446.000,000,000 s)
2025-06-04 15:07:31,689 INFO  - Already have ACK (at simulation time 446.000,000,000 s)
2025-06-04 15:07:31,689 INFO  - Already have ACK (at simulation time 446.000,000,000 s)
2025-06-04 15:07:31,689 INFO  - Already have ACK (at simulation time 446.000,000,000 s)
2025-06-04 15:07:31,689 INFO  - Already have ACK (at simulation time 446.000,000,000 s)
2025-06-04 15:07:31,689 INFO  - Already have ACK (at simulation time 446.000,000,000 s)
2025-06-04 15:07:31,689 INFO  - Already have ACK (at simulation time 446.000,000,000 s)
2025-06-04 15:07:31,689 INFO  - Already have ACK (at simulation time 446.000,000,000 s)
2025-06-04 15:07:31,740 INFO  - Sent periodic GreenWaveMsg: veh_74 on route r_0 (at simulation time 447.000,000,000 s)
2025-06-04 15:07:31,740 INFO  - Already have ACK (at simulation time 447.000,000,000 s)
2025-06-04 15:07:31,741 INFO  - Already have ACK (at simulation time 447.000,000,000 s)
2025-06-04 15:07:31,741 INFO  - Already have ACK (at simulation time 447.000,000,000 s)
2025-06-04 15:07:31,741 INFO  - Already have ACK (at simulation time 447.000,000,000 s)
2025-06-04 15:07:31,741 INFO  - Already have ACK (at simulation time 447.000,000,000 s)
2025-06-04 15:07:31,741 INFO  - Already have ACK (at simulation time 447.000,000,000 s)
2025-06-04 15:07:31,741 INFO  - Already have ACK (at simulation time 447.000,000,000 s)
2025-06-04 15:07:31,741 INFO  - Already have ACK (at simulation time 447.000,000,000 s)
2025-06-04 15:07:31,741 INFO  - Already have ACK (at simulation time 447.000,000,000 s)
2025-06-04 15:07:31,742 INFO  - Already have ACK (at simulation time 447.000,000,000 s)
2025-06-04 15:07:31,742 INFO  - Already have ACK (at simulation time 447.000,000,000 s)
2025-06-04 15:07:31,742 INFO  - Already have ACK (at simulation time 447.000,000,000 s)
2025-06-04 15:07:31,742 INFO  - Already have ACK (at simulation time 447.000,000,000 s)
2025-06-04 15:07:31,742 INFO  - Already have ACK (at simulation time 447.000,000,000 s)
2025-06-04 15:07:31,742 INFO  - Already have ACK (at simulation time 447.000,000,000 s)
2025-06-04 15:07:31,742 INFO  - Already have ACK (at simulation time 447.000,000,000 s)
2025-06-04 15:07:31,742 INFO  - Already have ACK (at simulation time 447.000,000,000 s)
2025-06-04 15:07:31,742 INFO  - Already have ACK (at simulation time 447.000,000,000 s)
2025-06-04 15:07:31,742 INFO  - Already have ACK (at simulation time 447.000,000,000 s)
2025-06-04 15:07:31,742 INFO  - Already have ACK (at simulation time 447.000,000,000 s)
2025-06-04 15:07:31,743 INFO  - Already have ACK (at simulation time 447.000,000,000 s)
2025-06-04 15:07:31,743 INFO  - Already have ACK (at simulation time 447.000,000,000 s)
2025-06-04 15:07:31,743 INFO  - Already have ACK (at simulation time 447.000,000,000 s)
2025-06-04 15:07:31,743 INFO  - Already have ACK (at simulation time 447.000,000,000 s)
2025-06-04 15:07:31,743 INFO  - Already have ACK (at simulation time 447.000,000,000 s)
2025-06-04 15:07:31,743 INFO  - Already have ACK (at simulation time 447.000,000,000 s)
2025-06-04 15:07:31,743 INFO  - Already have ACK (at simulation time 447.000,000,000 s)
2025-06-04 15:07:31,743 INFO  - Already have ACK (at simulation time 447.000,000,000 s)
2025-06-04 15:07:31,743 INFO  - Already have ACK (at simulation time 447.000,000,000 s)
2025-06-04 15:07:31,743 INFO  - Already have ACK (at simulation time 447.000,000,000 s)
2025-06-04 15:07:31,743 INFO  - Already have ACK (at simulation time 447.000,000,000 s)
2025-06-04 15:07:31,743 INFO  - Already have ACK (at simulation time 447.000,000,000 s)
2025-06-04 15:07:31,743 INFO  - Already have ACK (at simulation time 447.000,000,000 s)
2025-06-04 15:07:31,743 INFO  - Already have ACK (at simulation time 447.000,000,000 s)
2025-06-04 15:07:31,744 INFO  - Already have ACK (at simulation time 447.000,000,000 s)
2025-06-04 15:07:31,744 INFO  - Already have ACK (at simulation time 447.000,000,000 s)
2025-06-04 15:07:31,744 INFO  - Already have ACK (at simulation time 447.000,000,000 s)
2025-06-04 15:07:31,744 INFO  - Already have ACK (at simulation time 447.000,000,000 s)
2025-06-04 15:07:31,744 INFO  - Already have ACK (at simulation time 447.000,000,000 s)
2025-06-04 15:07:31,744 INFO  - Already have ACK (at simulation time 447.000,000,000 s)
2025-06-04 15:07:31,744 INFO  - Already have ACK (at simulation time 447.000,000,000 s)
2025-06-04 15:07:31,744 INFO  - Already have ACK (at simulation time 447.000,000,000 s)
2025-06-04 15:07:31,744 INFO  - Already have ACK (at simulation time 447.000,000,000 s)
2025-06-04 15:07:31,744 INFO  - Already have ACK (at simulation time 447.000,000,000 s)
2025-06-04 15:07:31,744 INFO  - Already have ACK (at simulation time 447.000,000,000 s)
2025-06-04 15:07:31,744 INFO  - Already have ACK (at simulation time 447.000,000,000 s)
2025-06-04 15:07:31,744 INFO  - Already have ACK (at simulation time 447.000,000,000 s)
2025-06-04 15:07:31,744 INFO  - Already have ACK (at simulation time 447.000,000,000 s)
2025-06-04 15:07:31,744 INFO  - Already have ACK (at simulation time 447.000,000,000 s)
2025-06-04 15:07:31,744 INFO  - Already have ACK (at simulation time 447.000,000,000 s)
2025-06-04 15:07:31,745 INFO  - Already have ACK (at simulation time 447.000,000,000 s)
2025-06-04 15:07:31,745 INFO  - Already have ACK (at simulation time 447.000,000,000 s)
2025-06-04 15:07:31,745 INFO  - Already have ACK (at simulation time 447.000,000,000 s)
2025-06-04 15:07:31,745 INFO  - Already have ACK (at simulation time 447.000,000,000 s)
2025-06-04 15:07:31,745 INFO  - Already have ACK (at simulation time 447.000,000,000 s)
2025-06-04 15:07:31,745 INFO  - Already have ACK (at simulation time 447.000,000,000 s)
2025-06-04 15:07:31,745 INFO  - Already have ACK (at simulation time 447.000,000,000 s)
2025-06-04 15:07:31,745 INFO  - Already have ACK (at simulation time 447.000,000,000 s)
2025-06-04 15:07:31,745 INFO  - Already have ACK (at simulation time 447.000,000,000 s)
2025-06-04 15:07:31,745 INFO  - Already have ACK (at simulation time 447.000,000,000 s)
2025-06-04 15:07:31,745 INFO  - Already have ACK (at simulation time 447.000,000,000 s)
2025-06-04 15:07:31,748 INFO  - Already have ACK (at simulation time 448.000,000,000 s)
2025-06-04 15:07:31,748 INFO  - Already have ACK (at simulation time 448.000,000,000 s)
2025-06-04 15:07:31,748 INFO  - Already have ACK (at simulation time 448.000,000,000 s)
2025-06-04 15:07:31,748 INFO  - Already have ACK (at simulation time 448.000,000,000 s)
2025-06-04 15:07:31,748 INFO  - Already have ACK (at simulation time 448.000,000,000 s)
2025-06-04 15:07:31,748 INFO  - Already have ACK (at simulation time 448.000,000,000 s)
2025-06-04 15:07:31,748 INFO  - Already have ACK (at simulation time 448.000,000,000 s)
2025-06-04 15:07:31,748 INFO  - Already have ACK (at simulation time 448.000,000,000 s)
2025-06-04 15:07:31,748 INFO  - Already have ACK (at simulation time 448.000,000,000 s)
2025-06-04 15:07:31,749 INFO  - Already have ACK (at simulation time 448.000,000,000 s)
2025-06-04 15:07:31,749 INFO  - Already have ACK (at simulation time 448.000,000,000 s)
2025-06-04 15:07:31,749 INFO  - Already have ACK (at simulation time 448.000,000,000 s)
2025-06-04 15:07:31,749 INFO  - Already have ACK (at simulation time 448.000,000,000 s)
2025-06-04 15:07:31,749 INFO  - Already have ACK (at simulation time 448.000,000,000 s)
2025-06-04 15:07:31,749 INFO  - Already have ACK (at simulation time 448.000,000,000 s)
2025-06-04 15:07:31,749 INFO  - Already have ACK (at simulation time 448.000,000,000 s)
2025-06-04 15:07:31,749 INFO  - Already have ACK (at simulation time 448.000,000,000 s)
2025-06-04 15:07:31,749 INFO  - Already have ACK (at simulation time 448.000,000,000 s)
2025-06-04 15:07:31,749 INFO  - Already have ACK (at simulation time 448.000,000,000 s)
2025-06-04 15:07:31,749 INFO  - Already have ACK (at simulation time 448.000,000,000 s)
2025-06-04 15:07:31,749 INFO  - Already have ACK (at simulation time 448.000,000,000 s)
2025-06-04 15:07:31,749 INFO  - Already have ACK (at simulation time 448.000,000,000 s)
2025-06-04 15:07:31,749 INFO  - Already have ACK (at simulation time 448.000,000,000 s)
2025-06-04 15:07:31,749 INFO  - Already have ACK (at simulation time 448.000,000,000 s)
2025-06-04 15:07:31,749 INFO  - Already have ACK (at simulation time 448.000,000,000 s)
2025-06-04 15:07:31,750 INFO  - Already have ACK (at simulation time 448.000,000,000 s)
2025-06-04 15:07:31,750 INFO  - Already have ACK (at simulation time 448.000,000,000 s)
2025-06-04 15:07:31,750 INFO  - Already have ACK (at simulation time 448.000,000,000 s)
2025-06-04 15:07:31,750 INFO  - Already have ACK (at simulation time 448.000,000,000 s)
2025-06-04 15:07:31,750 INFO  - Already have ACK (at simulation time 448.000,000,000 s)
2025-06-04 15:07:31,750 INFO  - Already have ACK (at simulation time 448.000,000,000 s)
2025-06-04 15:07:31,750 INFO  - Already have ACK (at simulation time 448.000,000,000 s)
2025-06-04 15:07:31,750 INFO  - Already have ACK (at simulation time 448.000,000,000 s)
2025-06-04 15:07:31,750 INFO  - Already have ACK (at simulation time 448.000,000,000 s)
2025-06-04 15:07:31,750 INFO  - Already have ACK (at simulation time 448.000,000,000 s)
2025-06-04 15:07:31,750 INFO  - Already have ACK (at simulation time 448.000,000,000 s)
2025-06-04 15:07:31,750 INFO  - Already have ACK (at simulation time 448.000,000,000 s)
2025-06-04 15:07:31,750 INFO  - Already have ACK (at simulation time 448.000,000,000 s)
2025-06-04 15:07:31,750 INFO  - Already have ACK (at simulation time 448.000,000,000 s)
2025-06-04 15:07:31,750 INFO  - Already have ACK (at simulation time 448.000,000,000 s)
2025-06-04 15:07:31,750 INFO  - Already have ACK (at simulation time 448.000,000,000 s)
2025-06-04 15:07:31,750 INFO  - Already have ACK (at simulation time 448.000,000,000 s)
2025-06-04 15:07:31,750 INFO  - Already have ACK (at simulation time 448.000,000,000 s)
2025-06-04 15:07:31,750 INFO  - Already have ACK (at simulation time 448.000,000,000 s)
2025-06-04 15:07:31,750 INFO  - Already have ACK (at simulation time 448.000,000,000 s)
2025-06-04 15:07:31,751 INFO  - Already have ACK (at simulation time 448.000,000,000 s)
2025-06-04 15:07:31,751 INFO  - Already have ACK (at simulation time 448.000,000,000 s)
2025-06-04 15:07:31,751 INFO  - Already have ACK (at simulation time 448.000,000,000 s)
2025-06-04 15:07:31,751 INFO  - Already have ACK (at simulation time 448.000,000,000 s)
2025-06-04 15:07:31,751 INFO  - Already have ACK (at simulation time 448.000,000,000 s)
2025-06-04 15:07:31,751 INFO  - Already have ACK (at simulation time 448.000,000,000 s)
2025-06-04 15:07:31,751 INFO  - Already have ACK (at simulation time 448.000,000,000 s)
2025-06-04 15:07:31,751 INFO  - Already have ACK (at simulation time 448.000,000,000 s)
2025-06-04 15:07:31,751 INFO  - Already have ACK (at simulation time 448.000,000,000 s)
2025-06-04 15:07:31,751 INFO  - Already have ACK (at simulation time 448.000,000,000 s)
2025-06-04 15:07:31,751 INFO  - Already have ACK (at simulation time 448.000,000,000 s)
2025-06-04 15:07:31,751 INFO  - Already have ACK (at simulation time 448.000,000,000 s)
2025-06-04 15:07:31,751 INFO  - Already have ACK (at simulation time 448.000,000,000 s)
2025-06-04 15:07:31,751 INFO  - Already have ACK (at simulation time 448.000,000,000 s)
2025-06-04 15:07:31,751 INFO  - Already have ACK (at simulation time 448.000,000,000 s)
2025-06-04 15:07:31,751 INFO  - Already have ACK (at simulation time 448.000,000,000 s)
2025-06-04 15:07:31,751 INFO  - Already have ACK (at simulation time 448.000,000,000 s)
2025-06-04 15:07:31,757 INFO  - Already have ACK (at simulation time 449.000,000,000 s)
2025-06-04 15:07:31,757 INFO  - Already have ACK (at simulation time 449.000,000,000 s)
2025-06-04 15:07:31,757 INFO  - Already have ACK (at simulation time 449.000,000,000 s)
2025-06-04 15:07:31,758 INFO  - Already have ACK (at simulation time 449.000,000,000 s)
2025-06-04 15:07:31,758 INFO  - Already have ACK (at simulation time 449.000,000,000 s)
2025-06-04 15:07:31,758 INFO  - Already have ACK (at simulation time 449.000,000,000 s)
2025-06-04 15:07:31,758 INFO  - Already have ACK (at simulation time 449.000,000,000 s)
2025-06-04 15:07:31,758 INFO  - Already have ACK (at simulation time 449.000,000,000 s)
2025-06-04 15:07:31,758 INFO  - Already have ACK (at simulation time 449.000,000,000 s)
2025-06-04 15:07:31,758 INFO  - Already have ACK (at simulation time 449.000,000,000 s)
2025-06-04 15:07:31,758 INFO  - Already have ACK (at simulation time 449.000,000,000 s)
2025-06-04 15:07:31,758 INFO  - Already have ACK (at simulation time 449.000,000,000 s)
2025-06-04 15:07:31,758 INFO  - Already have ACK (at simulation time 449.000,000,000 s)
2025-06-04 15:07:31,758 INFO  - Already have ACK (at simulation time 449.000,000,000 s)
2025-06-04 15:07:31,758 INFO  - Already have ACK (at simulation time 449.000,000,000 s)
2025-06-04 15:07:31,758 INFO  - Already have ACK (at simulation time 449.000,000,000 s)
2025-06-04 15:07:31,759 INFO  - Already have ACK (at simulation time 449.000,000,000 s)
2025-06-04 15:07:31,759 INFO  - Already have ACK (at simulation time 449.000,000,000 s)
2025-06-04 15:07:31,759 INFO  - Already have ACK (at simulation time 449.000,000,000 s)
2025-06-04 15:07:31,759 INFO  - Already have ACK (at simulation time 449.000,000,000 s)
2025-06-04 15:07:31,759 INFO  - Already have ACK (at simulation time 449.000,000,000 s)
2025-06-04 15:07:31,759 INFO  - Already have ACK (at simulation time 449.000,000,000 s)
2025-06-04 15:07:31,759 INFO  - Already have ACK (at simulation time 449.000,000,000 s)
2025-06-04 15:07:31,759 INFO  - Already have ACK (at simulation time 449.000,000,000 s)
2025-06-04 15:07:31,759 INFO  - Already have ACK (at simulation time 449.000,000,000 s)
2025-06-04 15:07:31,759 INFO  - Already have ACK (at simulation time 449.000,000,000 s)
2025-06-04 15:07:31,759 INFO  - Already have ACK (at simulation time 449.000,000,000 s)
2025-06-04 15:07:31,759 INFO  - Already have ACK (at simulation time 449.000,000,000 s)
2025-06-04 15:07:31,759 INFO  - Already have ACK (at simulation time 449.000,000,000 s)
2025-06-04 15:07:31,759 INFO  - Already have ACK (at simulation time 449.000,000,000 s)
2025-06-04 15:07:31,759 INFO  - Already have ACK (at simulation time 449.000,000,000 s)
2025-06-04 15:07:31,759 INFO  - Already have ACK (at simulation time 449.000,000,000 s)
2025-06-04 15:07:31,760 INFO  - Already have ACK (at simulation time 449.000,000,000 s)
2025-06-04 15:07:31,760 INFO  - Already have ACK (at simulation time 449.000,000,000 s)
2025-06-04 15:07:31,760 INFO  - Already have ACK (at simulation time 449.000,000,000 s)
2025-06-04 15:07:31,760 INFO  - Already have ACK (at simulation time 449.000,000,000 s)
2025-06-04 15:07:31,760 INFO  - Already have ACK (at simulation time 449.000,000,000 s)
2025-06-04 15:07:31,760 INFO  - Already have ACK (at simulation time 449.000,000,000 s)
2025-06-04 15:07:31,760 INFO  - Already have ACK (at simulation time 449.000,000,000 s)
2025-06-04 15:07:31,760 INFO  - Already have ACK (at simulation time 449.000,000,000 s)
2025-06-04 15:07:31,760 INFO  - Already have ACK (at simulation time 449.000,000,000 s)
2025-06-04 15:07:31,760 INFO  - Already have ACK (at simulation time 449.000,000,000 s)
2025-06-04 15:07:31,760 INFO  - Already have ACK (at simulation time 449.000,000,000 s)
2025-06-04 15:07:31,760 INFO  - Already have ACK (at simulation time 449.000,000,000 s)
2025-06-04 15:07:31,760 INFO  - Already have ACK (at simulation time 449.000,000,000 s)
2025-06-04 15:07:31,760 INFO  - Already have ACK (at simulation time 449.000,000,000 s)
2025-06-04 15:07:31,760 INFO  - Already have ACK (at simulation time 449.000,000,000 s)
2025-06-04 15:07:31,760 INFO  - Already have ACK (at simulation time 449.000,000,000 s)
2025-06-04 15:07:31,760 INFO  - Already have ACK (at simulation time 449.000,000,000 s)
2025-06-04 15:07:31,760 INFO  - Already have ACK (at simulation time 449.000,000,000 s)
2025-06-04 15:07:31,760 INFO  - Already have ACK (at simulation time 449.000,000,000 s)
2025-06-04 15:07:31,760 INFO  - Already have ACK (at simulation time 449.000,000,000 s)
2025-06-04 15:07:31,760 INFO  - Already have ACK (at simulation time 449.000,000,000 s)
2025-06-04 15:07:31,760 INFO  - Already have ACK (at simulation time 449.000,000,000 s)
2025-06-04 15:07:31,761 INFO  - Already have ACK (at simulation time 449.000,000,000 s)
2025-06-04 15:07:31,761 INFO  - Already have ACK (at simulation time 449.000,000,000 s)
2025-06-04 15:07:31,761 INFO  - Already have ACK (at simulation time 449.000,000,000 s)
2025-06-04 15:07:31,761 INFO  - Already have ACK (at simulation time 449.000,000,000 s)
2025-06-04 15:07:31,761 INFO  - Already have ACK (at simulation time 449.000,000,000 s)
2025-06-04 15:07:31,761 INFO  - Already have ACK (at simulation time 449.000,000,000 s)
2025-06-04 15:07:31,761 INFO  - Already have ACK (at simulation time 449.000,000,000 s)
2025-06-04 15:07:31,761 INFO  - Already have ACK (at simulation time 449.000,000,000 s)
2025-06-04 15:07:31,761 INFO  - Already have ACK (at simulation time 449.000,000,000 s)
2025-06-04 15:07:31,763 INFO  - Already have ACK (at simulation time 450.000,000,000 s)
2025-06-04 15:07:31,763 INFO  - Already have ACK (at simulation time 450.000,000,000 s)
2025-06-04 15:07:31,763 INFO  - Already have ACK (at simulation time 450.000,000,000 s)
2025-06-04 15:07:31,763 INFO  - Already have ACK (at simulation time 450.000,000,000 s)
2025-06-04 15:07:31,763 INFO  - Already have ACK (at simulation time 450.000,000,000 s)
2025-06-04 15:07:31,764 INFO  - Already have ACK (at simulation time 450.000,000,000 s)
2025-06-04 15:07:31,764 INFO  - Already have ACK (at simulation time 450.000,000,000 s)
2025-06-04 15:07:31,764 INFO  - Already have ACK (at simulation time 450.000,000,000 s)
2025-06-04 15:07:31,764 INFO  - Already have ACK (at simulation time 450.000,000,000 s)
2025-06-04 15:07:31,764 INFO  - Already have ACK (at simulation time 450.000,000,000 s)
2025-06-04 15:07:31,764 INFO  - Already have ACK (at simulation time 450.000,000,000 s)
2025-06-04 15:07:31,764 INFO  - Already have ACK (at simulation time 450.000,000,000 s)
2025-06-04 15:07:31,764 INFO  - Already have ACK (at simulation time 450.000,000,000 s)
2025-06-04 15:07:31,764 INFO  - Already have ACK (at simulation time 450.000,000,000 s)
2025-06-04 15:07:31,764 INFO  - Already have ACK (at simulation time 450.000,000,000 s)
2025-06-04 15:07:31,764 INFO  - Already have ACK (at simulation time 450.000,000,000 s)
2025-06-04 15:07:31,764 INFO  - Already have ACK (at simulation time 450.000,000,000 s)
2025-06-04 15:07:31,764 INFO  - Already have ACK (at simulation time 450.000,000,000 s)
2025-06-04 15:07:31,764 INFO  - Already have ACK (at simulation time 450.000,000,000 s)
2025-06-04 15:07:31,765 INFO  - Already have ACK (at simulation time 450.000,000,000 s)
2025-06-04 15:07:31,765 INFO  - Already have ACK (at simulation time 450.000,000,000 s)
2025-06-04 15:07:31,765 INFO  - Already have ACK (at simulation time 450.000,000,000 s)
2025-06-04 15:07:31,765 INFO  - Already have ACK (at simulation time 450.000,000,000 s)
2025-06-04 15:07:31,765 INFO  - Already have ACK (at simulation time 450.000,000,000 s)
2025-06-04 15:07:31,765 INFO  - Already have ACK (at simulation time 450.000,000,000 s)
2025-06-04 15:07:31,765 INFO  - Already have ACK (at simulation time 450.000,000,000 s)
2025-06-04 15:07:31,765 INFO  - Already have ACK (at simulation time 450.000,000,000 s)
2025-06-04 15:07:31,765 INFO  - Already have ACK (at simulation time 450.000,000,000 s)
2025-06-04 15:07:31,765 INFO  - Already have ACK (at simulation time 450.000,000,000 s)
2025-06-04 15:07:31,765 INFO  - Already have ACK (at simulation time 450.000,000,000 s)
2025-06-04 15:07:31,765 INFO  - Already have ACK (at simulation time 450.000,000,000 s)
2025-06-04 15:07:31,765 INFO  - Already have ACK (at simulation time 450.000,000,000 s)
2025-06-04 15:07:31,765 INFO  - Already have ACK (at simulation time 450.000,000,000 s)
2025-06-04 15:07:31,765 INFO  - Already have ACK (at simulation time 450.000,000,000 s)
2025-06-04 15:07:31,765 INFO  - Already have ACK (at simulation time 450.000,000,000 s)
2025-06-04 15:07:31,766 INFO  - Already have ACK (at simulation time 450.000,000,000 s)
2025-06-04 15:07:31,766 INFO  - Already have ACK (at simulation time 450.000,000,000 s)
2025-06-04 15:07:31,766 INFO  - Already have ACK (at simulation time 450.000,000,000 s)
2025-06-04 15:07:31,766 INFO  - Already have ACK (at simulation time 450.000,000,000 s)
2025-06-04 15:07:31,766 INFO  - Already have ACK (at simulation time 450.000,000,000 s)
2025-06-04 15:07:31,766 INFO  - Already have ACK (at simulation time 450.000,000,000 s)
2025-06-04 15:07:31,766 INFO  - Already have ACK (at simulation time 450.000,000,000 s)
2025-06-04 15:07:31,766 INFO  - Already have ACK (at simulation time 450.000,000,000 s)
2025-06-04 15:07:31,766 INFO  - Already have ACK (at simulation time 450.000,000,000 s)
2025-06-04 15:07:31,766 INFO  - Already have ACK (at simulation time 450.000,000,000 s)
2025-06-04 15:07:31,766 INFO  - Already have ACK (at simulation time 450.000,000,000 s)
2025-06-04 15:07:31,766 INFO  - Already have ACK (at simulation time 450.000,000,000 s)
2025-06-04 15:07:31,766 INFO  - Already have ACK (at simulation time 450.000,000,000 s)
2025-06-04 15:07:31,766 INFO  - Already have ACK (at simulation time 450.000,000,000 s)
2025-06-04 15:07:31,766 INFO  - Already have ACK (at simulation time 450.000,000,000 s)
2025-06-04 15:07:31,766 INFO  - Already have ACK (at simulation time 450.000,000,000 s)
2025-06-04 15:07:31,766 INFO  - Already have ACK (at simulation time 450.000,000,000 s)
2025-06-04 15:07:31,766 INFO  - Already have ACK (at simulation time 450.000,000,000 s)
2025-06-04 15:07:31,766 INFO  - Already have ACK (at simulation time 450.000,000,000 s)
2025-06-04 15:07:31,766 INFO  - Already have ACK (at simulation time 450.000,000,000 s)
2025-06-04 15:07:31,766 INFO  - Already have ACK (at simulation time 450.000,000,000 s)
2025-06-04 15:07:31,766 INFO  - Already have ACK (at simulation time 450.000,000,000 s)
2025-06-04 15:07:31,767 INFO  - Already have ACK (at simulation time 450.000,000,000 s)
2025-06-04 15:07:31,767 INFO  - Already have ACK (at simulation time 450.000,000,000 s)
2025-06-04 15:07:31,767 INFO  - Already have ACK (at simulation time 450.000,000,000 s)
2025-06-04 15:07:31,767 INFO  - Already have ACK (at simulation time 450.000,000,000 s)
2025-06-04 15:07:31,767 INFO  - Already have ACK (at simulation time 450.000,000,000 s)
2025-06-04 15:07:31,767 INFO  - Already have ACK (at simulation time 450.000,000,000 s)
2025-06-04 15:07:31,767 INFO  - Already have ACK (at simulation time 450.000,000,000 s)
2025-06-04 15:07:31,769 INFO  - Already have ACK (at simulation time 451.000,000,000 s)
2025-06-04 15:07:31,769 INFO  - Already have ACK (at simulation time 451.000,000,000 s)
2025-06-04 15:07:31,769 INFO  - Already have ACK (at simulation time 451.000,000,000 s)
2025-06-04 15:07:31,770 INFO  - Already have ACK (at simulation time 451.000,000,000 s)
2025-06-04 15:07:31,770 INFO  - Already have ACK (at simulation time 451.000,000,000 s)
2025-06-04 15:07:31,770 INFO  - Already have ACK (at simulation time 451.000,000,000 s)
2025-06-04 15:07:31,770 INFO  - Already have ACK (at simulation time 451.000,000,000 s)
2025-06-04 15:07:31,770 INFO  - Already have ACK (at simulation time 451.000,000,000 s)
2025-06-04 15:07:31,770 INFO  - Already have ACK (at simulation time 451.000,000,000 s)
2025-06-04 15:07:31,770 INFO  - Already have ACK (at simulation time 451.000,000,000 s)
2025-06-04 15:07:31,770 INFO  - Already have ACK (at simulation time 451.000,000,000 s)
2025-06-04 15:07:31,770 INFO  - Already have ACK (at simulation time 451.000,000,000 s)
2025-06-04 15:07:31,770 INFO  - Already have ACK (at simulation time 451.000,000,000 s)
2025-06-04 15:07:31,770 INFO  - Already have ACK (at simulation time 451.000,000,000 s)
2025-06-04 15:07:31,770 INFO  - Already have ACK (at simulation time 451.000,000,000 s)
2025-06-04 15:07:31,770 INFO  - Already have ACK (at simulation time 451.000,000,000 s)
2025-06-04 15:07:31,771 INFO  - Already have ACK (at simulation time 451.000,000,000 s)
2025-06-04 15:07:31,771 INFO  - Already have ACK (at simulation time 451.000,000,000 s)
2025-06-04 15:07:31,771 INFO  - Already have ACK (at simulation time 451.000,000,000 s)
2025-06-04 15:07:31,771 INFO  - Already have ACK (at simulation time 451.000,000,000 s)
2025-06-04 15:07:31,771 INFO  - Already have ACK (at simulation time 451.000,000,000 s)
2025-06-04 15:07:31,771 INFO  - Already have ACK (at simulation time 451.000,000,000 s)
2025-06-04 15:07:31,771 INFO  - Already have ACK (at simulation time 451.000,000,000 s)
2025-06-04 15:07:31,771 INFO  - Already have ACK (at simulation time 451.000,000,000 s)
2025-06-04 15:07:31,771 INFO  - Already have ACK (at simulation time 451.000,000,000 s)
2025-06-04 15:07:31,771 INFO  - Already have ACK (at simulation time 451.000,000,000 s)
2025-06-04 15:07:31,771 INFO  - Already have ACK (at simulation time 451.000,000,000 s)
2025-06-04 15:07:31,771 INFO  - Already have ACK (at simulation time 451.000,000,000 s)
2025-06-04 15:07:31,771 INFO  - Already have ACK (at simulation time 451.000,000,000 s)
2025-06-04 15:07:31,771 INFO  - Already have ACK (at simulation time 451.000,000,000 s)
2025-06-04 15:07:31,771 INFO  - Already have ACK (at simulation time 451.000,000,000 s)
2025-06-04 15:07:31,771 INFO  - Already have ACK (at simulation time 451.000,000,000 s)
2025-06-04 15:07:31,772 INFO  - Already have ACK (at simulation time 451.000,000,000 s)
2025-06-04 15:07:31,772 INFO  - Already have ACK (at simulation time 451.000,000,000 s)
2025-06-04 15:07:31,772 INFO  - Already have ACK (at simulation time 451.000,000,000 s)
2025-06-04 15:07:31,772 INFO  - Already have ACK (at simulation time 451.000,000,000 s)
2025-06-04 15:07:31,772 INFO  - Already have ACK (at simulation time 451.000,000,000 s)
2025-06-04 15:07:31,772 INFO  - Already have ACK (at simulation time 451.000,000,000 s)
2025-06-04 15:07:31,772 INFO  - Already have ACK (at simulation time 451.000,000,000 s)
2025-06-04 15:07:31,772 INFO  - Already have ACK (at simulation time 451.000,000,000 s)
2025-06-04 15:07:31,772 INFO  - Already have ACK (at simulation time 451.000,000,000 s)
2025-06-04 15:07:31,772 INFO  - Already have ACK (at simulation time 451.000,000,000 s)
2025-06-04 15:07:31,772 INFO  - Already have ACK (at simulation time 451.000,000,000 s)
2025-06-04 15:07:31,772 INFO  - Already have ACK (at simulation time 451.000,000,000 s)
2025-06-04 15:07:31,772 INFO  - Already have ACK (at simulation time 451.000,000,000 s)
2025-06-04 15:07:31,772 INFO  - Already have ACK (at simulation time 451.000,000,000 s)
2025-06-04 15:07:31,772 INFO  - Already have ACK (at simulation time 451.000,000,000 s)
2025-06-04 15:07:31,772 INFO  - Already have ACK (at simulation time 451.000,000,000 s)
2025-06-04 15:07:31,772 INFO  - Already have ACK (at simulation time 451.000,000,000 s)
2025-06-04 15:07:31,772 INFO  - Already have ACK (at simulation time 451.000,000,000 s)
2025-06-04 15:07:31,772 INFO  - Already have ACK (at simulation time 451.000,000,000 s)
2025-06-04 15:07:31,772 INFO  - Already have ACK (at simulation time 451.000,000,000 s)
2025-06-04 15:07:31,773 INFO  - Already have ACK (at simulation time 451.000,000,000 s)
2025-06-04 15:07:31,773 INFO  - Already have ACK (at simulation time 451.000,000,000 s)
2025-06-04 15:07:31,773 INFO  - Already have ACK (at simulation time 451.000,000,000 s)
2025-06-04 15:07:31,773 INFO  - Already have ACK (at simulation time 451.000,000,000 s)
2025-06-04 15:07:31,773 INFO  - Already have ACK (at simulation time 451.000,000,000 s)
2025-06-04 15:07:31,773 INFO  - Already have ACK (at simulation time 451.000,000,000 s)
2025-06-04 15:07:31,773 INFO  - Already have ACK (at simulation time 451.000,000,000 s)
2025-06-04 15:07:31,773 INFO  - Already have ACK (at simulation time 451.000,000,000 s)
2025-06-04 15:07:31,773 INFO  - Already have ACK (at simulation time 451.000,000,000 s)
2025-06-04 15:07:31,773 INFO  - Already have ACK (at simulation time 451.000,000,000 s)
2025-06-04 15:07:31,773 INFO  - Already have ACK (at simulation time 451.000,000,000 s)
2025-06-04 15:07:31,773 INFO  - Already have ACK (at simulation time 451.000,000,000 s)
2025-06-04 15:07:31,773 INFO  - Already have ACK (at simulation time 451.000,000,000 s)
2025-06-04 15:07:31,775 INFO  - Sent periodic GreenWaveMsg: veh_74 on route r_0 (at simulation time 452.000,000,000 s)
2025-06-04 15:07:31,775 INFO  - Already have ACK (at simulation time 452.000,000,000 s)
2025-06-04 15:07:31,775 INFO  - Already have ACK (at simulation time 452.000,000,000 s)
2025-06-04 15:07:31,775 INFO  - Already have ACK (at simulation time 452.000,000,000 s)
2025-06-04 15:07:31,775 INFO  - Already have ACK (at simulation time 452.000,000,000 s)
2025-06-04 15:07:31,775 INFO  - Already have ACK (at simulation time 452.000,000,000 s)
2025-06-04 15:07:31,775 INFO  - Already have ACK (at simulation time 452.000,000,000 s)
2025-06-04 15:07:31,775 INFO  - Already have ACK (at simulation time 452.000,000,000 s)
2025-06-04 15:07:31,776 INFO  - Already have ACK (at simulation time 452.000,000,000 s)
2025-06-04 15:07:31,776 INFO  - Already have ACK (at simulation time 452.000,000,000 s)
2025-06-04 15:07:31,776 INFO  - Already have ACK (at simulation time 452.000,000,000 s)
2025-06-04 15:07:31,776 INFO  - Already have ACK (at simulation time 452.000,000,000 s)
2025-06-04 15:07:31,776 INFO  - Already have ACK (at simulation time 452.000,000,000 s)
2025-06-04 15:07:31,776 INFO  - Already have ACK (at simulation time 452.000,000,000 s)
2025-06-04 15:07:31,776 INFO  - Already have ACK (at simulation time 452.000,000,000 s)
2025-06-04 15:07:31,776 INFO  - Already have ACK (at simulation time 452.000,000,000 s)
2025-06-04 15:07:31,776 INFO  - Already have ACK (at simulation time 452.000,000,000 s)
2025-06-04 15:07:31,776 INFO  - Already have ACK (at simulation time 452.000,000,000 s)
2025-06-04 15:07:31,776 INFO  - Already have ACK (at simulation time 452.000,000,000 s)
2025-06-04 15:07:31,776 INFO  - Already have ACK (at simulation time 452.000,000,000 s)
2025-06-04 15:07:31,776 INFO  - Already have ACK (at simulation time 452.000,000,000 s)
2025-06-04 15:07:31,777 INFO  - Already have ACK (at simulation time 452.000,000,000 s)
2025-06-04 15:07:31,777 INFO  - Already have ACK (at simulation time 452.000,000,000 s)
2025-06-04 15:07:31,777 INFO  - Already have ACK (at simulation time 452.000,000,000 s)
2025-06-04 15:07:31,777 INFO  - Already have ACK (at simulation time 452.000,000,000 s)
2025-06-04 15:07:31,777 INFO  - Already have ACK (at simulation time 452.000,000,000 s)
2025-06-04 15:07:31,777 INFO  - Already have ACK (at simulation time 452.000,000,000 s)
2025-06-04 15:07:31,777 INFO  - Already have ACK (at simulation time 452.000,000,000 s)
2025-06-04 15:07:31,777 INFO  - Already have ACK (at simulation time 452.000,000,000 s)
2025-06-04 15:07:31,777 INFO  - Already have ACK (at simulation time 452.000,000,000 s)
2025-06-04 15:07:31,777 INFO  - Already have ACK (at simulation time 452.000,000,000 s)
2025-06-04 15:07:31,777 INFO  - Already have ACK (at simulation time 452.000,000,000 s)
2025-06-04 15:07:31,777 INFO  - Already have ACK (at simulation time 452.000,000,000 s)
2025-06-04 15:07:31,777 INFO  - Already have ACK (at simulation time 452.000,000,000 s)
2025-06-04 15:07:31,777 INFO  - Already have ACK (at simulation time 452.000,000,000 s)
2025-06-04 15:07:31,777 INFO  - Already have ACK (at simulation time 452.000,000,000 s)
2025-06-04 15:07:31,777 INFO  - Already have ACK (at simulation time 452.000,000,000 s)
2025-06-04 15:07:31,778 INFO  - Already have ACK (at simulation time 452.000,000,000 s)
2025-06-04 15:07:31,778 INFO  - Already have ACK (at simulation time 452.000,000,000 s)
2025-06-04 15:07:31,778 INFO  - Already have ACK (at simulation time 452.000,000,000 s)
2025-06-04 15:07:31,778 INFO  - Already have ACK (at simulation time 452.000,000,000 s)
2025-06-04 15:07:31,778 INFO  - Already have ACK (at simulation time 452.000,000,000 s)
2025-06-04 15:07:31,778 INFO  - Already have ACK (at simulation time 452.000,000,000 s)
2025-06-04 15:07:31,778 INFO  - Already have ACK (at simulation time 452.000,000,000 s)
2025-06-04 15:07:31,778 INFO  - Already have ACK (at simulation time 452.000,000,000 s)
2025-06-04 15:07:31,778 INFO  - Already have ACK (at simulation time 452.000,000,000 s)
2025-06-04 15:07:31,778 INFO  - Already have ACK (at simulation time 452.000,000,000 s)
2025-06-04 15:07:31,778 INFO  - Already have ACK (at simulation time 452.000,000,000 s)
2025-06-04 15:07:31,778 INFO  - Already have ACK (at simulation time 452.000,000,000 s)
2025-06-04 15:07:31,778 INFO  - Already have ACK (at simulation time 452.000,000,000 s)
2025-06-04 15:07:31,778 INFO  - Already have ACK (at simulation time 452.000,000,000 s)
2025-06-04 15:07:31,778 INFO  - Already have ACK (at simulation time 452.000,000,000 s)
2025-06-04 15:07:31,778 INFO  - Already have ACK (at simulation time 452.000,000,000 s)
2025-06-04 15:07:31,778 INFO  - Already have ACK (at simulation time 452.000,000,000 s)
2025-06-04 15:07:31,778 INFO  - Already have ACK (at simulation time 452.000,000,000 s)
2025-06-04 15:07:31,778 INFO  - Already have ACK (at simulation time 452.000,000,000 s)
2025-06-04 15:07:31,778 INFO  - Already have ACK (at simulation time 452.000,000,000 s)
2025-06-04 15:07:31,778 INFO  - Already have ACK (at simulation time 452.000,000,000 s)
2025-06-04 15:07:31,778 INFO  - Already have ACK (at simulation time 452.000,000,000 s)
2025-06-04 15:07:31,779 INFO  - Already have ACK (at simulation time 452.000,000,000 s)
2025-06-04 15:07:31,779 INFO  - Already have ACK (at simulation time 452.000,000,000 s)
2025-06-04 15:07:31,779 INFO  - Already have ACK (at simulation time 452.000,000,000 s)
2025-06-04 15:07:31,779 INFO  - Already have ACK (at simulation time 452.000,000,000 s)
2025-06-04 15:07:31,779 INFO  - Already have ACK (at simulation time 452.000,000,000 s)
2025-06-04 15:07:31,779 INFO  - Already have ACK (at simulation time 452.000,000,000 s)
2025-06-04 15:07:31,779 INFO  - Already have ACK (at simulation time 452.000,000,000 s)
2025-06-04 15:07:31,779 INFO  - Already have ACK (at simulation time 452.000,000,000 s)
2025-06-04 15:07:31,781 INFO  - Already have ACK (at simulation time 453.000,000,000 s)
2025-06-04 15:07:31,781 INFO  - Already have ACK (at simulation time 453.000,000,000 s)
2025-06-04 15:07:31,781 INFO  - Already have ACK (at simulation time 453.000,000,000 s)
2025-06-04 15:07:31,781 INFO  - Already have ACK (at simulation time 453.000,000,000 s)
2025-06-04 15:07:31,782 INFO  - Already have ACK (at simulation time 453.000,000,000 s)
2025-06-04 15:07:31,782 INFO  - Already have ACK (at simulation time 453.000,000,000 s)
2025-06-04 15:07:31,782 INFO  - Already have ACK (at simulation time 453.000,000,000 s)
2025-06-04 15:07:31,782 INFO  - Already have ACK (at simulation time 453.000,000,000 s)
2025-06-04 15:07:31,782 INFO  - Already have ACK (at simulation time 453.000,000,000 s)
2025-06-04 15:07:31,782 INFO  - Already have ACK (at simulation time 453.000,000,000 s)
2025-06-04 15:07:31,782 INFO  - Already have ACK (at simulation time 453.000,000,000 s)
2025-06-04 15:07:31,782 INFO  - Already have ACK (at simulation time 453.000,000,000 s)
2025-06-04 15:07:31,782 INFO  - Already have ACK (at simulation time 453.000,000,000 s)
2025-06-04 15:07:31,782 INFO  - Already have ACK (at simulation time 453.000,000,000 s)
2025-06-04 15:07:31,782 INFO  - Already have ACK (at simulation time 453.000,000,000 s)
2025-06-04 15:07:31,783 INFO  - Already have ACK (at simulation time 453.000,000,000 s)
2025-06-04 15:07:31,783 INFO  - Already have ACK (at simulation time 453.000,000,000 s)
2025-06-04 15:07:31,783 INFO  - Already have ACK (at simulation time 453.000,000,000 s)
2025-06-04 15:07:31,783 INFO  - Already have ACK (at simulation time 453.000,000,000 s)
2025-06-04 15:07:31,783 INFO  - Already have ACK (at simulation time 453.000,000,000 s)
2025-06-04 15:07:31,783 INFO  - Already have ACK (at simulation time 453.000,000,000 s)
2025-06-04 15:07:31,783 INFO  - Already have ACK (at simulation time 453.000,000,000 s)
2025-06-04 15:07:31,783 INFO  - Already have ACK (at simulation time 453.000,000,000 s)
2025-06-04 15:07:31,783 INFO  - Already have ACK (at simulation time 453.000,000,000 s)
2025-06-04 15:07:31,783 INFO  - Already have ACK (at simulation time 453.000,000,000 s)
2025-06-04 15:07:31,783 INFO  - Already have ACK (at simulation time 453.000,000,000 s)
2025-06-04 15:07:31,783 INFO  - Already have ACK (at simulation time 453.000,000,000 s)
2025-06-04 15:07:31,783 INFO  - Already have ACK (at simulation time 453.000,000,000 s)
2025-06-04 15:07:31,783 INFO  - Already have ACK (at simulation time 453.000,000,000 s)
2025-06-04 15:07:31,784 INFO  - Already have ACK (at simulation time 453.000,000,000 s)
2025-06-04 15:07:31,784 INFO  - Already have ACK (at simulation time 453.000,000,000 s)
2025-06-04 15:07:31,784 INFO  - Already have ACK (at simulation time 453.000,000,000 s)
2025-06-04 15:07:31,784 INFO  - Already have ACK (at simulation time 453.000,000,000 s)
2025-06-04 15:07:31,784 INFO  - Already have ACK (at simulation time 453.000,000,000 s)
2025-06-04 15:07:31,784 INFO  - Already have ACK (at simulation time 453.000,000,000 s)
2025-06-04 15:07:31,784 INFO  - Already have ACK (at simulation time 453.000,000,000 s)
2025-06-04 15:07:31,784 INFO  - Already have ACK (at simulation time 453.000,000,000 s)
2025-06-04 15:07:31,784 INFO  - Already have ACK (at simulation time 453.000,000,000 s)
2025-06-04 15:07:31,784 INFO  - Already have ACK (at simulation time 453.000,000,000 s)
2025-06-04 15:07:31,784 INFO  - Already have ACK (at simulation time 453.000,000,000 s)
2025-06-04 15:07:31,784 INFO  - Already have ACK (at simulation time 453.000,000,000 s)
2025-06-04 15:07:31,784 INFO  - Already have ACK (at simulation time 453.000,000,000 s)
2025-06-04 15:07:31,784 INFO  - Already have ACK (at simulation time 453.000,000,000 s)
2025-06-04 15:07:31,784 INFO  - Already have ACK (at simulation time 453.000,000,000 s)
2025-06-04 15:07:31,784 INFO  - Already have ACK (at simulation time 453.000,000,000 s)
2025-06-04 15:07:31,784 INFO  - Already have ACK (at simulation time 453.000,000,000 s)
2025-06-04 15:07:31,785 INFO  - Already have ACK (at simulation time 453.000,000,000 s)
2025-06-04 15:07:31,785 INFO  - Already have ACK (at simulation time 453.000,000,000 s)
2025-06-04 15:07:31,785 INFO  - Already have ACK (at simulation time 453.000,000,000 s)
2025-06-04 15:07:31,785 INFO  - Already have ACK (at simulation time 453.000,000,000 s)
2025-06-04 15:07:31,785 INFO  - Already have ACK (at simulation time 453.000,000,000 s)
2025-06-04 15:07:31,785 INFO  - Already have ACK (at simulation time 453.000,000,000 s)
2025-06-04 15:07:31,785 INFO  - Already have ACK (at simulation time 453.000,000,000 s)
2025-06-04 15:07:31,785 INFO  - Already have ACK (at simulation time 453.000,000,000 s)
2025-06-04 15:07:31,785 INFO  - Already have ACK (at simulation time 453.000,000,000 s)
2025-06-04 15:07:31,785 INFO  - Already have ACK (at simulation time 453.000,000,000 s)
2025-06-04 15:07:31,785 INFO  - Already have ACK (at simulation time 453.000,000,000 s)
2025-06-04 15:07:31,785 INFO  - Already have ACK (at simulation time 453.000,000,000 s)
2025-06-04 15:07:31,785 INFO  - Already have ACK (at simulation time 453.000,000,000 s)
2025-06-04 15:07:31,785 INFO  - Already have ACK (at simulation time 453.000,000,000 s)
2025-06-04 15:07:31,785 INFO  - Already have ACK (at simulation time 453.000,000,000 s)
2025-06-04 15:07:31,785 INFO  - Already have ACK (at simulation time 453.000,000,000 s)
2025-06-04 15:07:31,785 INFO  - Already have ACK (at simulation time 453.000,000,000 s)
2025-06-04 15:07:31,785 INFO  - Already have ACK (at simulation time 453.000,000,000 s)
2025-06-04 15:07:31,785 INFO  - Already have ACK (at simulation time 453.000,000,000 s)
2025-06-04 15:07:31,785 INFO  - Already have ACK (at simulation time 453.000,000,000 s)
2025-06-04 15:07:31,785 INFO  - Already have ACK (at simulation time 453.000,000,000 s)
2025-06-04 15:07:31,788 INFO  - Already have ACK (at simulation time 454.000,000,000 s)
2025-06-04 15:07:31,788 INFO  - Already have ACK (at simulation time 454.000,000,000 s)
2025-06-04 15:07:31,788 INFO  - Already have ACK (at simulation time 454.000,000,000 s)
2025-06-04 15:07:31,788 INFO  - Already have ACK (at simulation time 454.000,000,000 s)
2025-06-04 15:07:31,788 INFO  - Already have ACK (at simulation time 454.000,000,000 s)
2025-06-04 15:07:31,788 INFO  - Already have ACK (at simulation time 454.000,000,000 s)
2025-06-04 15:07:31,788 INFO  - Already have ACK (at simulation time 454.000,000,000 s)
2025-06-04 15:07:31,788 INFO  - Already have ACK (at simulation time 454.000,000,000 s)
2025-06-04 15:07:31,789 INFO  - Already have ACK (at simulation time 454.000,000,000 s)
2025-06-04 15:07:31,789 INFO  - Already have ACK (at simulation time 454.000,000,000 s)
2025-06-04 15:07:31,789 INFO  - Already have ACK (at simulation time 454.000,000,000 s)
2025-06-04 15:07:31,789 INFO  - Already have ACK (at simulation time 454.000,000,000 s)
2025-06-04 15:07:31,789 INFO  - Already have ACK (at simulation time 454.000,000,000 s)
2025-06-04 15:07:31,789 INFO  - Already have ACK (at simulation time 454.000,000,000 s)
2025-06-04 15:07:31,789 INFO  - Already have ACK (at simulation time 454.000,000,000 s)
2025-06-04 15:07:31,789 INFO  - Already have ACK (at simulation time 454.000,000,000 s)
2025-06-04 15:07:31,789 INFO  - Already have ACK (at simulation time 454.000,000,000 s)
2025-06-04 15:07:31,789 INFO  - Already have ACK (at simulation time 454.000,000,000 s)
2025-06-04 15:07:31,789 INFO  - Already have ACK (at simulation time 454.000,000,000 s)
2025-06-04 15:07:31,789 INFO  - Already have ACK (at simulation time 454.000,000,000 s)
2025-06-04 15:07:31,790 INFO  - Already have ACK (at simulation time 454.000,000,000 s)
2025-06-04 15:07:31,790 INFO  - Already have ACK (at simulation time 454.000,000,000 s)
2025-06-04 15:07:31,790 INFO  - Already have ACK (at simulation time 454.000,000,000 s)
2025-06-04 15:07:31,790 INFO  - Already have ACK (at simulation time 454.000,000,000 s)
2025-06-04 15:07:31,790 INFO  - Already have ACK (at simulation time 454.000,000,000 s)
2025-06-04 15:07:31,790 INFO  - Already have ACK (at simulation time 454.000,000,000 s)
2025-06-04 15:07:31,790 INFO  - Already have ACK (at simulation time 454.000,000,000 s)
2025-06-04 15:07:31,790 INFO  - Already have ACK (at simulation time 454.000,000,000 s)
2025-06-04 15:07:31,790 INFO  - Already have ACK (at simulation time 454.000,000,000 s)
2025-06-04 15:07:31,790 INFO  - Already have ACK (at simulation time 454.000,000,000 s)
2025-06-04 15:07:31,790 INFO  - Already have ACK (at simulation time 454.000,000,000 s)
2025-06-04 15:07:31,790 INFO  - Already have ACK (at simulation time 454.000,000,000 s)
2025-06-04 15:07:31,790 INFO  - Already have ACK (at simulation time 454.000,000,000 s)
2025-06-04 15:07:31,790 INFO  - Already have ACK (at simulation time 454.000,000,000 s)
2025-06-04 15:07:31,790 INFO  - Already have ACK (at simulation time 454.000,000,000 s)
2025-06-04 15:07:31,791 INFO  - Already have ACK (at simulation time 454.000,000,000 s)
2025-06-04 15:07:31,791 INFO  - Already have ACK (at simulation time 454.000,000,000 s)
2025-06-04 15:07:31,791 INFO  - Already have ACK (at simulation time 454.000,000,000 s)
2025-06-04 15:07:31,791 INFO  - Already have ACK (at simulation time 454.000,000,000 s)
2025-06-04 15:07:31,791 INFO  - Already have ACK (at simulation time 454.000,000,000 s)
2025-06-04 15:07:31,791 INFO  - Already have ACK (at simulation time 454.000,000,000 s)
2025-06-04 15:07:31,791 INFO  - Already have ACK (at simulation time 454.000,000,000 s)
2025-06-04 15:07:31,791 INFO  - Already have ACK (at simulation time 454.000,000,000 s)
2025-06-04 15:07:31,791 INFO  - Already have ACK (at simulation time 454.000,000,000 s)
2025-06-04 15:07:31,791 INFO  - Already have ACK (at simulation time 454.000,000,000 s)
2025-06-04 15:07:31,791 INFO  - Already have ACK (at simulation time 454.000,000,000 s)
2025-06-04 15:07:31,791 INFO  - Already have ACK (at simulation time 454.000,000,000 s)
2025-06-04 15:07:31,791 INFO  - Already have ACK (at simulation time 454.000,000,000 s)
2025-06-04 15:07:31,791 INFO  - Already have ACK (at simulation time 454.000,000,000 s)
2025-06-04 15:07:31,791 INFO  - Already have ACK (at simulation time 454.000,000,000 s)
2025-06-04 15:07:31,791 INFO  - Already have ACK (at simulation time 454.000,000,000 s)
2025-06-04 15:07:31,791 INFO  - Already have ACK (at simulation time 454.000,000,000 s)
2025-06-04 15:07:31,791 INFO  - Already have ACK (at simulation time 454.000,000,000 s)
2025-06-04 15:07:31,792 INFO  - Already have ACK (at simulation time 454.000,000,000 s)
2025-06-04 15:07:31,792 INFO  - Already have ACK (at simulation time 454.000,000,000 s)
2025-06-04 15:07:31,792 INFO  - Already have ACK (at simulation time 454.000,000,000 s)
2025-06-04 15:07:31,792 INFO  - Already have ACK (at simulation time 454.000,000,000 s)
2025-06-04 15:07:31,792 INFO  - Already have ACK (at simulation time 454.000,000,000 s)
2025-06-04 15:07:31,792 INFO  - Already have ACK (at simulation time 454.000,000,000 s)
2025-06-04 15:07:31,792 INFO  - Already have ACK (at simulation time 454.000,000,000 s)
2025-06-04 15:07:31,792 INFO  - Already have ACK (at simulation time 454.000,000,000 s)
2025-06-04 15:07:31,792 INFO  - Already have ACK (at simulation time 454.000,000,000 s)
2025-06-04 15:07:31,792 INFO  - Already have ACK (at simulation time 454.000,000,000 s)
2025-06-04 15:07:31,792 INFO  - Already have ACK (at simulation time 454.000,000,000 s)
2025-06-04 15:07:31,792 INFO  - Already have ACK (at simulation time 454.000,000,000 s)
2025-06-04 15:07:31,792 INFO  - Already have ACK (at simulation time 454.000,000,000 s)
2025-06-04 15:07:31,792 INFO  - Already have ACK (at simulation time 454.000,000,000 s)
2025-06-04 15:07:31,792 INFO  - Already have ACK (at simulation time 454.000,000,000 s)
2025-06-04 15:07:31,794 INFO  - Already have ACK (at simulation time 455.000,000,000 s)
2025-06-04 15:07:31,795 INFO  - Already have ACK (at simulation time 455.000,000,000 s)
2025-06-04 15:07:31,795 INFO  - Already have ACK (at simulation time 455.000,000,000 s)
2025-06-04 15:07:31,795 INFO  - Already have ACK (at simulation time 455.000,000,000 s)
2025-06-04 15:07:31,795 INFO  - Already have ACK (at simulation time 455.000,000,000 s)
2025-06-04 15:07:31,795 INFO  - Already have ACK (at simulation time 455.000,000,000 s)
2025-06-04 15:07:31,795 INFO  - Already have ACK (at simulation time 455.000,000,000 s)
2025-06-04 15:07:31,795 INFO  - Already have ACK (at simulation time 455.000,000,000 s)
2025-06-04 15:07:31,795 INFO  - Already have ACK (at simulation time 455.000,000,000 s)
2025-06-04 15:07:31,795 INFO  - Already have ACK (at simulation time 455.000,000,000 s)
2025-06-04 15:07:31,795 INFO  - Already have ACK (at simulation time 455.000,000,000 s)
2025-06-04 15:07:31,795 INFO  - Already have ACK (at simulation time 455.000,000,000 s)
2025-06-04 15:07:31,795 INFO  - Already have ACK (at simulation time 455.000,000,000 s)
2025-06-04 15:07:31,795 INFO  - Already have ACK (at simulation time 455.000,000,000 s)
2025-06-04 15:07:31,796 INFO  - Already have ACK (at simulation time 455.000,000,000 s)
2025-06-04 15:07:31,796 INFO  - Already have ACK (at simulation time 455.000,000,000 s)
2025-06-04 15:07:31,796 INFO  - Already have ACK (at simulation time 455.000,000,000 s)
2025-06-04 15:07:31,796 INFO  - Already have ACK (at simulation time 455.000,000,000 s)
2025-06-04 15:07:31,796 INFO  - Already have ACK (at simulation time 455.000,000,000 s)
2025-06-04 15:07:31,796 INFO  - Already have ACK (at simulation time 455.000,000,000 s)
2025-06-04 15:07:31,796 INFO  - Already have ACK (at simulation time 455.000,000,000 s)
2025-06-04 15:07:31,796 INFO  - Already have ACK (at simulation time 455.000,000,000 s)
2025-06-04 15:07:31,796 INFO  - Already have ACK (at simulation time 455.000,000,000 s)
2025-06-04 15:07:31,796 INFO  - Already have ACK (at simulation time 455.000,000,000 s)
2025-06-04 15:07:31,796 INFO  - Already have ACK (at simulation time 455.000,000,000 s)
2025-06-04 15:07:31,796 INFO  - Already have ACK (at simulation time 455.000,000,000 s)
2025-06-04 15:07:31,796 INFO  - Already have ACK (at simulation time 455.000,000,000 s)
2025-06-04 15:07:31,796 INFO  - Already have ACK (at simulation time 455.000,000,000 s)
2025-06-04 15:07:31,796 INFO  - Already have ACK (at simulation time 455.000,000,000 s)
2025-06-04 15:07:31,797 INFO  - Already have ACK (at simulation time 455.000,000,000 s)
2025-06-04 15:07:31,797 INFO  - Already have ACK (at simulation time 455.000,000,000 s)
2025-06-04 15:07:31,797 INFO  - Already have ACK (at simulation time 455.000,000,000 s)
2025-06-04 15:07:31,797 INFO  - Already have ACK (at simulation time 455.000,000,000 s)
2025-06-04 15:07:31,797 INFO  - Already have ACK (at simulation time 455.000,000,000 s)
2025-06-04 15:07:31,797 INFO  - Already have ACK (at simulation time 455.000,000,000 s)
2025-06-04 15:07:31,797 INFO  - Already have ACK (at simulation time 455.000,000,000 s)
2025-06-04 15:07:31,797 INFO  - Already have ACK (at simulation time 455.000,000,000 s)
2025-06-04 15:07:31,797 INFO  - Already have ACK (at simulation time 455.000,000,000 s)
2025-06-04 15:07:31,797 INFO  - Already have ACK (at simulation time 455.000,000,000 s)
2025-06-04 15:07:31,797 INFO  - Already have ACK (at simulation time 455.000,000,000 s)
2025-06-04 15:07:31,797 INFO  - Already have ACK (at simulation time 455.000,000,000 s)
2025-06-04 15:07:31,797 INFO  - Already have ACK (at simulation time 455.000,000,000 s)
2025-06-04 15:07:31,798 INFO  - Already have ACK (at simulation time 455.000,000,000 s)
2025-06-04 15:07:31,798 INFO  - Already have ACK (at simulation time 455.000,000,000 s)
2025-06-04 15:07:31,798 INFO  - Already have ACK (at simulation time 455.000,000,000 s)
2025-06-04 15:07:31,798 INFO  - Already have ACK (at simulation time 455.000,000,000 s)
2025-06-04 15:07:31,798 INFO  - Already have ACK (at simulation time 455.000,000,000 s)
2025-06-04 15:07:31,798 INFO  - Already have ACK (at simulation time 455.000,000,000 s)
2025-06-04 15:07:31,798 INFO  - Already have ACK (at simulation time 455.000,000,000 s)
2025-06-04 15:07:31,798 INFO  - Already have ACK (at simulation time 455.000,000,000 s)
2025-06-04 15:07:31,798 INFO  - Already have ACK (at simulation time 455.000,000,000 s)
2025-06-04 15:07:31,798 INFO  - Already have ACK (at simulation time 455.000,000,000 s)
2025-06-04 15:07:31,798 INFO  - Already have ACK (at simulation time 455.000,000,000 s)
2025-06-04 15:07:31,798 INFO  - Already have ACK (at simulation time 455.000,000,000 s)
2025-06-04 15:07:31,798 INFO  - Already have ACK (at simulation time 455.000,000,000 s)
2025-06-04 15:07:31,799 INFO  - Already have ACK (at simulation time 455.000,000,000 s)
2025-06-04 15:07:31,799 INFO  - Already have ACK (at simulation time 455.000,000,000 s)
2025-06-04 15:07:31,799 INFO  - Already have ACK (at simulation time 455.000,000,000 s)
2025-06-04 15:07:31,799 INFO  - Already have ACK (at simulation time 455.000,000,000 s)
2025-06-04 15:07:31,799 INFO  - Already have ACK (at simulation time 455.000,000,000 s)
2025-06-04 15:07:31,799 INFO  - Already have ACK (at simulation time 455.000,000,000 s)
2025-06-04 15:07:31,799 INFO  - Already have ACK (at simulation time 455.000,000,000 s)
2025-06-04 15:07:31,799 INFO  - Already have ACK (at simulation time 455.000,000,000 s)
2025-06-04 15:07:31,799 INFO  - Already have ACK (at simulation time 455.000,000,000 s)
2025-06-04 15:07:31,799 INFO  - Already have ACK (at simulation time 455.000,000,000 s)
2025-06-04 15:07:31,799 INFO  - Already have ACK (at simulation time 455.000,000,000 s)
2025-06-04 15:07:31,799 INFO  - Already have ACK (at simulation time 455.000,000,000 s)
2025-06-04 15:07:31,799 INFO  - Already have ACK (at simulation time 455.000,000,000 s)
2025-06-04 15:07:31,799 INFO  - Already have ACK (at simulation time 455.000,000,000 s)
2025-06-04 15:07:31,801 INFO  - Already have ACK (at simulation time 456.000,000,000 s)
2025-06-04 15:07:31,801 INFO  - Already have ACK (at simulation time 456.000,000,000 s)
2025-06-04 15:07:31,802 INFO  - Already have ACK (at simulation time 456.000,000,000 s)
2025-06-04 15:07:31,802 INFO  - Already have ACK (at simulation time 456.000,000,000 s)
2025-06-04 15:07:31,802 INFO  - Already have ACK (at simulation time 456.000,000,000 s)
2025-06-04 15:07:31,802 INFO  - Already have ACK (at simulation time 456.000,000,000 s)
2025-06-04 15:07:31,802 INFO  - Already have ACK (at simulation time 456.000,000,000 s)
2025-06-04 15:07:31,802 INFO  - Already have ACK (at simulation time 456.000,000,000 s)
2025-06-04 15:07:31,802 INFO  - Already have ACK (at simulation time 456.000,000,000 s)
2025-06-04 15:07:31,802 INFO  - Already have ACK (at simulation time 456.000,000,000 s)
2025-06-04 15:07:31,802 INFO  - Already have ACK (at simulation time 456.000,000,000 s)
2025-06-04 15:07:31,802 INFO  - Already have ACK (at simulation time 456.000,000,000 s)
2025-06-04 15:07:31,802 INFO  - Already have ACK (at simulation time 456.000,000,000 s)
2025-06-04 15:07:31,802 INFO  - Already have ACK (at simulation time 456.000,000,000 s)
2025-06-04 15:07:31,802 INFO  - Already have ACK (at simulation time 456.000,000,000 s)
2025-06-04 15:07:31,803 INFO  - Already have ACK (at simulation time 456.000,000,000 s)
2025-06-04 15:07:31,803 INFO  - Already have ACK (at simulation time 456.000,000,000 s)
2025-06-04 15:07:31,803 INFO  - Already have ACK (at simulation time 456.000,000,000 s)
2025-06-04 15:07:31,803 INFO  - Already have ACK (at simulation time 456.000,000,000 s)
2025-06-04 15:07:31,803 INFO  - Already have ACK (at simulation time 456.000,000,000 s)
2025-06-04 15:07:31,803 INFO  - Already have ACK (at simulation time 456.000,000,000 s)
2025-06-04 15:07:31,803 INFO  - Already have ACK (at simulation time 456.000,000,000 s)
2025-06-04 15:07:31,803 INFO  - Already have ACK (at simulation time 456.000,000,000 s)
2025-06-04 15:07:31,803 INFO  - Already have ACK (at simulation time 456.000,000,000 s)
2025-06-04 15:07:31,803 INFO  - Already have ACK (at simulation time 456.000,000,000 s)
2025-06-04 15:07:31,803 INFO  - Already have ACK (at simulation time 456.000,000,000 s)
2025-06-04 15:07:31,803 INFO  - Already have ACK (at simulation time 456.000,000,000 s)
2025-06-04 15:07:31,803 INFO  - Already have ACK (at simulation time 456.000,000,000 s)
2025-06-04 15:07:31,804 INFO  - Already have ACK (at simulation time 456.000,000,000 s)
2025-06-04 15:07:31,804 INFO  - Already have ACK (at simulation time 456.000,000,000 s)
2025-06-04 15:07:31,804 INFO  - Already have ACK (at simulation time 456.000,000,000 s)
2025-06-04 15:07:31,804 INFO  - Already have ACK (at simulation time 456.000,000,000 s)
2025-06-04 15:07:31,804 INFO  - Already have ACK (at simulation time 456.000,000,000 s)
2025-06-04 15:07:31,804 INFO  - Already have ACK (at simulation time 456.000,000,000 s)
2025-06-04 15:07:31,804 INFO  - Already have ACK (at simulation time 456.000,000,000 s)
2025-06-04 15:07:31,804 INFO  - Already have ACK (at simulation time 456.000,000,000 s)
2025-06-04 15:07:31,804 INFO  - Already have ACK (at simulation time 456.000,000,000 s)
2025-06-04 15:07:31,804 INFO  - Already have ACK (at simulation time 456.000,000,000 s)
2025-06-04 15:07:31,804 INFO  - Already have ACK (at simulation time 456.000,000,000 s)
2025-06-04 15:07:31,804 INFO  - Already have ACK (at simulation time 456.000,000,000 s)
2025-06-04 15:07:31,804 INFO  - Already have ACK (at simulation time 456.000,000,000 s)
2025-06-04 15:07:31,804 INFO  - Already have ACK (at simulation time 456.000,000,000 s)
2025-06-04 15:07:31,804 INFO  - Already have ACK (at simulation time 456.000,000,000 s)
2025-06-04 15:07:31,804 INFO  - Already have ACK (at simulation time 456.000,000,000 s)
2025-06-04 15:07:31,804 INFO  - Already have ACK (at simulation time 456.000,000,000 s)
2025-06-04 15:07:31,805 INFO  - Already have ACK (at simulation time 456.000,000,000 s)
2025-06-04 15:07:31,805 INFO  - Already have ACK (at simulation time 456.000,000,000 s)
2025-06-04 15:07:31,805 INFO  - Already have ACK (at simulation time 456.000,000,000 s)
2025-06-04 15:07:31,805 INFO  - Already have ACK (at simulation time 456.000,000,000 s)
2025-06-04 15:07:31,805 INFO  - Already have ACK (at simulation time 456.000,000,000 s)
2025-06-04 15:07:31,805 INFO  - Already have ACK (at simulation time 456.000,000,000 s)
2025-06-04 15:07:31,805 INFO  - Already have ACK (at simulation time 456.000,000,000 s)
2025-06-04 15:07:31,805 INFO  - Already have ACK (at simulation time 456.000,000,000 s)
2025-06-04 15:07:31,805 INFO  - Already have ACK (at simulation time 456.000,000,000 s)
2025-06-04 15:07:31,805 INFO  - Already have ACK (at simulation time 456.000,000,000 s)
2025-06-04 15:07:31,805 INFO  - Already have ACK (at simulation time 456.000,000,000 s)
2025-06-04 15:07:31,805 INFO  - Already have ACK (at simulation time 456.000,000,000 s)
2025-06-04 15:07:31,805 INFO  - Already have ACK (at simulation time 456.000,000,000 s)
2025-06-04 15:07:31,805 INFO  - Already have ACK (at simulation time 456.000,000,000 s)
2025-06-04 15:07:31,805 INFO  - Already have ACK (at simulation time 456.000,000,000 s)
2025-06-04 15:07:31,805 INFO  - Already have ACK (at simulation time 456.000,000,000 s)
2025-06-04 15:07:31,805 INFO  - Already have ACK (at simulation time 456.000,000,000 s)
2025-06-04 15:07:31,805 INFO  - Already have ACK (at simulation time 456.000,000,000 s)
2025-06-04 15:07:31,805 INFO  - Already have ACK (at simulation time 456.000,000,000 s)
2025-06-04 15:07:31,805 INFO  - Already have ACK (at simulation time 456.000,000,000 s)
2025-06-04 15:07:31,805 INFO  - Already have ACK (at simulation time 456.000,000,000 s)
2025-06-04 15:07:31,805 INFO  - Already have ACK (at simulation time 456.000,000,000 s)
2025-06-04 15:07:31,805 INFO  - Already have ACK (at simulation time 456.000,000,000 s)
2025-06-04 15:07:31,805 INFO  - Already have ACK (at simulation time 456.000,000,000 s)
2025-06-04 15:07:31,805 INFO  - Already have ACK (at simulation time 456.000,000,000 s)
2025-06-04 15:07:31,807 INFO  - Sent periodic GreenWaveMsg: veh_74 on route r_0 (at simulation time 457.000,000,000 s)
2025-06-04 15:07:31,807 INFO  - Already have ACK (at simulation time 457.000,000,000 s)
2025-06-04 15:07:31,808 INFO  - Already have ACK (at simulation time 457.000,000,000 s)
2025-06-04 15:07:31,808 INFO  - Already have ACK (at simulation time 457.000,000,000 s)
2025-06-04 15:07:31,808 INFO  - Already have ACK (at simulation time 457.000,000,000 s)
2025-06-04 15:07:31,808 INFO  - Already have ACK (at simulation time 457.000,000,000 s)
2025-06-04 15:07:31,808 INFO  - Already have ACK (at simulation time 457.000,000,000 s)
2025-06-04 15:07:31,808 INFO  - Already have ACK (at simulation time 457.000,000,000 s)
2025-06-04 15:07:31,808 INFO  - Already have ACK (at simulation time 457.000,000,000 s)
2025-06-04 15:07:31,808 INFO  - Already have ACK (at simulation time 457.000,000,000 s)
2025-06-04 15:07:31,808 INFO  - Already have ACK (at simulation time 457.000,000,000 s)
2025-06-04 15:07:31,808 INFO  - Already have ACK (at simulation time 457.000,000,000 s)
2025-06-04 15:07:31,808 INFO  - Already have ACK (at simulation time 457.000,000,000 s)
2025-06-04 15:07:31,808 INFO  - Already have ACK (at simulation time 457.000,000,000 s)
2025-06-04 15:07:31,808 INFO  - Already have ACK (at simulation time 457.000,000,000 s)
2025-06-04 15:07:31,809 INFO  - Already have ACK (at simulation time 457.000,000,000 s)
2025-06-04 15:07:31,809 INFO  - Already have ACK (at simulation time 457.000,000,000 s)
2025-06-04 15:07:31,809 INFO  - Already have ACK (at simulation time 457.000,000,000 s)
2025-06-04 15:07:31,809 INFO  - Already have ACK (at simulation time 457.000,000,000 s)
2025-06-04 15:07:31,809 INFO  - Already have ACK (at simulation time 457.000,000,000 s)
2025-06-04 15:07:31,809 INFO  - Already have ACK (at simulation time 457.000,000,000 s)
2025-06-04 15:07:31,809 INFO  - Already have ACK (at simulation time 457.000,000,000 s)
2025-06-04 15:07:31,809 INFO  - Already have ACK (at simulation time 457.000,000,000 s)
2025-06-04 15:07:31,809 INFO  - Already have ACK (at simulation time 457.000,000,000 s)
2025-06-04 15:07:31,809 INFO  - Already have ACK (at simulation time 457.000,000,000 s)
2025-06-04 15:07:31,809 INFO  - Already have ACK (at simulation time 457.000,000,000 s)
2025-06-04 15:07:31,809 INFO  - Already have ACK (at simulation time 457.000,000,000 s)
2025-06-04 15:07:31,809 INFO  - Already have ACK (at simulation time 457.000,000,000 s)
2025-06-04 15:07:31,809 INFO  - Already have ACK (at simulation time 457.000,000,000 s)
2025-06-04 15:07:31,810 INFO  - Already have ACK (at simulation time 457.000,000,000 s)
2025-06-04 15:07:31,810 INFO  - Already have ACK (at simulation time 457.000,000,000 s)
2025-06-04 15:07:31,810 INFO  - Already have ACK (at simulation time 457.000,000,000 s)
2025-06-04 15:07:31,810 INFO  - Already have ACK (at simulation time 457.000,000,000 s)
2025-06-04 15:07:31,810 INFO  - Already have ACK (at simulation time 457.000,000,000 s)
2025-06-04 15:07:31,810 INFO  - Already have ACK (at simulation time 457.000,000,000 s)
2025-06-04 15:07:31,810 INFO  - Already have ACK (at simulation time 457.000,000,000 s)
2025-06-04 15:07:31,810 INFO  - Already have ACK (at simulation time 457.000,000,000 s)
2025-06-04 15:07:31,810 INFO  - Already have ACK (at simulation time 457.000,000,000 s)
2025-06-04 15:07:31,810 INFO  - Already have ACK (at simulation time 457.000,000,000 s)
2025-06-04 15:07:31,810 INFO  - Already have ACK (at simulation time 457.000,000,000 s)
2025-06-04 15:07:31,810 INFO  - Already have ACK (at simulation time 457.000,000,000 s)
2025-06-04 15:07:31,810 INFO  - Already have ACK (at simulation time 457.000,000,000 s)
2025-06-04 15:07:31,810 INFO  - Already have ACK (at simulation time 457.000,000,000 s)
2025-06-04 15:07:31,810 INFO  - Already have ACK (at simulation time 457.000,000,000 s)
2025-06-04 15:07:31,810 INFO  - Already have ACK (at simulation time 457.000,000,000 s)
2025-06-04 15:07:31,810 INFO  - Already have ACK (at simulation time 457.000,000,000 s)
2025-06-04 15:07:31,811 INFO  - Already have ACK (at simulation time 457.000,000,000 s)
2025-06-04 15:07:31,811 INFO  - Already have ACK (at simulation time 457.000,000,000 s)
2025-06-04 15:07:31,811 INFO  - Already have ACK (at simulation time 457.000,000,000 s)
2025-06-04 15:07:31,811 INFO  - Already have ACK (at simulation time 457.000,000,000 s)
2025-06-04 15:07:31,811 INFO  - Already have ACK (at simulation time 457.000,000,000 s)
2025-06-04 15:07:31,811 INFO  - Already have ACK (at simulation time 457.000,000,000 s)
2025-06-04 15:07:31,811 INFO  - Already have ACK (at simulation time 457.000,000,000 s)
2025-06-04 15:07:31,811 INFO  - Already have ACK (at simulation time 457.000,000,000 s)
2025-06-04 15:07:31,811 INFO  - Already have ACK (at simulation time 457.000,000,000 s)
2025-06-04 15:07:31,811 INFO  - Already have ACK (at simulation time 457.000,000,000 s)
2025-06-04 15:07:31,811 INFO  - Already have ACK (at simulation time 457.000,000,000 s)
2025-06-04 15:07:31,811 INFO  - Already have ACK (at simulation time 457.000,000,000 s)
2025-06-04 15:07:31,811 INFO  - Already have ACK (at simulation time 457.000,000,000 s)
2025-06-04 15:07:31,811 INFO  - Already have ACK (at simulation time 457.000,000,000 s)
2025-06-04 15:07:31,811 INFO  - Already have ACK (at simulation time 457.000,000,000 s)
2025-06-04 15:07:31,811 INFO  - Already have ACK (at simulation time 457.000,000,000 s)
2025-06-04 15:07:31,811 INFO  - Already have ACK (at simulation time 457.000,000,000 s)
2025-06-04 15:07:31,811 INFO  - Already have ACK (at simulation time 457.000,000,000 s)
2025-06-04 15:07:31,811 INFO  - Already have ACK (at simulation time 457.000,000,000 s)
2025-06-04 15:07:31,811 INFO  - Already have ACK (at simulation time 457.000,000,000 s)
2025-06-04 15:07:31,811 INFO  - Already have ACK (at simulation time 457.000,000,000 s)
2025-06-04 15:07:31,811 INFO  - Already have ACK (at simulation time 457.000,000,000 s)
2025-06-04 15:07:31,812 INFO  - Already have ACK (at simulation time 457.000,000,000 s)
2025-06-04 15:07:31,812 INFO  - Already have ACK (at simulation time 457.000,000,000 s)
2025-06-04 15:07:31,812 INFO  - Already have ACK (at simulation time 457.000,000,000 s)
2025-06-04 15:07:31,812 INFO  - Already have ACK (at simulation time 457.000,000,000 s)
2025-06-04 15:07:31,814 INFO  - Already have ACK (at simulation time 458.000,000,000 s)
2025-06-04 15:07:31,814 INFO  - Already have ACK (at simulation time 458.000,000,000 s)
2025-06-04 15:07:31,814 INFO  - Already have ACK (at simulation time 458.000,000,000 s)
2025-06-04 15:07:31,814 INFO  - Already have ACK (at simulation time 458.000,000,000 s)
2025-06-04 15:07:31,814 INFO  - Already have ACK (at simulation time 458.000,000,000 s)
2025-06-04 15:07:31,815 INFO  - Already have ACK (at simulation time 458.000,000,000 s)
2025-06-04 15:07:31,815 INFO  - Already have ACK (at simulation time 458.000,000,000 s)
2025-06-04 15:07:31,815 INFO  - Already have ACK (at simulation time 458.000,000,000 s)
2025-06-04 15:07:31,815 INFO  - Already have ACK (at simulation time 458.000,000,000 s)
2025-06-04 15:07:31,815 INFO  - Already have ACK (at simulation time 458.000,000,000 s)
2025-06-04 15:07:31,815 INFO  - Already have ACK (at simulation time 458.000,000,000 s)
2025-06-04 15:07:31,815 INFO  - Already have ACK (at simulation time 458.000,000,000 s)
2025-06-04 15:07:31,815 INFO  - Already have ACK (at simulation time 458.000,000,000 s)
2025-06-04 15:07:31,815 INFO  - Already have ACK (at simulation time 458.000,000,000 s)
2025-06-04 15:07:31,815 INFO  - Already have ACK (at simulation time 458.000,000,000 s)
2025-06-04 15:07:31,815 INFO  - Already have ACK (at simulation time 458.000,000,000 s)
2025-06-04 15:07:31,815 INFO  - Already have ACK (at simulation time 458.000,000,000 s)
2025-06-04 15:07:31,816 INFO  - Already have ACK (at simulation time 458.000,000,000 s)
2025-06-04 15:07:31,816 INFO  - Already have ACK (at simulation time 458.000,000,000 s)
2025-06-04 15:07:31,816 INFO  - Already have ACK (at simulation time 458.000,000,000 s)
2025-06-04 15:07:31,816 INFO  - Already have ACK (at simulation time 458.000,000,000 s)
2025-06-04 15:07:31,816 INFO  - Already have ACK (at simulation time 458.000,000,000 s)
2025-06-04 15:07:31,816 INFO  - Already have ACK (at simulation time 458.000,000,000 s)
2025-06-04 15:07:31,816 INFO  - Already have ACK (at simulation time 458.000,000,000 s)
2025-06-04 15:07:31,816 INFO  - Already have ACK (at simulation time 458.000,000,000 s)
2025-06-04 15:07:31,816 INFO  - Already have ACK (at simulation time 458.000,000,000 s)
2025-06-04 15:07:31,816 INFO  - Already have ACK (at simulation time 458.000,000,000 s)
2025-06-04 15:07:31,816 INFO  - Already have ACK (at simulation time 458.000,000,000 s)
2025-06-04 15:07:31,816 INFO  - Already have ACK (at simulation time 458.000,000,000 s)
2025-06-04 15:07:31,816 INFO  - Already have ACK (at simulation time 458.000,000,000 s)
2025-06-04 15:07:31,816 INFO  - Already have ACK (at simulation time 458.000,000,000 s)
2025-06-04 15:07:31,817 INFO  - Already have ACK (at simulation time 458.000,000,000 s)
2025-06-04 15:07:31,817 INFO  - Already have ACK (at simulation time 458.000,000,000 s)
2025-06-04 15:07:31,817 INFO  - Already have ACK (at simulation time 458.000,000,000 s)
2025-06-04 15:07:31,817 INFO  - Already have ACK (at simulation time 458.000,000,000 s)
2025-06-04 15:07:31,817 INFO  - Already have ACK (at simulation time 458.000,000,000 s)
2025-06-04 15:07:31,817 INFO  - Already have ACK (at simulation time 458.000,000,000 s)
2025-06-04 15:07:31,817 INFO  - Already have ACK (at simulation time 458.000,000,000 s)
2025-06-04 15:07:31,817 INFO  - Already have ACK (at simulation time 458.000,000,000 s)
2025-06-04 15:07:31,817 INFO  - Already have ACK (at simulation time 458.000,000,000 s)
2025-06-04 15:07:31,817 INFO  - Already have ACK (at simulation time 458.000,000,000 s)
2025-06-04 15:07:31,817 INFO  - Already have ACK (at simulation time 458.000,000,000 s)
2025-06-04 15:07:31,817 INFO  - Already have ACK (at simulation time 458.000,000,000 s)
2025-06-04 15:07:31,817 INFO  - Already have ACK (at simulation time 458.000,000,000 s)
2025-06-04 15:07:31,817 INFO  - Already have ACK (at simulation time 458.000,000,000 s)
2025-06-04 15:07:31,817 INFO  - Already have ACK (at simulation time 458.000,000,000 s)
2025-06-04 15:07:31,817 INFO  - Already have ACK (at simulation time 458.000,000,000 s)
2025-06-04 15:07:31,818 INFO  - Already have ACK (at simulation time 458.000,000,000 s)
2025-06-04 15:07:31,818 INFO  - Already have ACK (at simulation time 458.000,000,000 s)
2025-06-04 15:07:31,818 INFO  - Already have ACK (at simulation time 458.000,000,000 s)
2025-06-04 15:07:31,818 INFO  - Already have ACK (at simulation time 458.000,000,000 s)
2025-06-04 15:07:31,818 INFO  - Already have ACK (at simulation time 458.000,000,000 s)
2025-06-04 15:07:31,818 INFO  - Already have ACK (at simulation time 458.000,000,000 s)
2025-06-04 15:07:31,818 INFO  - Already have ACK (at simulation time 458.000,000,000 s)
2025-06-04 15:07:31,818 INFO  - Already have ACK (at simulation time 458.000,000,000 s)
2025-06-04 15:07:31,818 INFO  - Already have ACK (at simulation time 458.000,000,000 s)
2025-06-04 15:07:31,818 INFO  - Already have ACK (at simulation time 458.000,000,000 s)
2025-06-04 15:07:31,818 INFO  - Already have ACK (at simulation time 458.000,000,000 s)
2025-06-04 15:07:31,818 INFO  - Already have ACK (at simulation time 458.000,000,000 s)
2025-06-04 15:07:31,818 INFO  - Already have ACK (at simulation time 458.000,000,000 s)
2025-06-04 15:07:31,818 INFO  - Already have ACK (at simulation time 458.000,000,000 s)
2025-06-04 15:07:31,818 INFO  - Already have ACK (at simulation time 458.000,000,000 s)
2025-06-04 15:07:31,818 INFO  - Already have ACK (at simulation time 458.000,000,000 s)
2025-06-04 15:07:31,818 INFO  - Already have ACK (at simulation time 458.000,000,000 s)
2025-06-04 15:07:31,818 INFO  - Already have ACK (at simulation time 458.000,000,000 s)
2025-06-04 15:07:31,818 INFO  - Already have ACK (at simulation time 458.000,000,000 s)
2025-06-04 15:07:31,818 INFO  - Already have ACK (at simulation time 458.000,000,000 s)
2025-06-04 15:07:31,818 INFO  - Already have ACK (at simulation time 458.000,000,000 s)
2025-06-04 15:07:31,818 INFO  - Already have ACK (at simulation time 458.000,000,000 s)
2025-06-04 15:07:31,818 INFO  - Already have ACK (at simulation time 458.000,000,000 s)
2025-06-04 15:07:31,819 INFO  - Already have ACK (at simulation time 458.000,000,000 s)
2025-06-04 15:07:31,819 INFO  - Already have ACK (at simulation time 458.000,000,000 s)
2025-06-04 15:07:31,825 INFO  - Already have ACK (at simulation time 459.000,000,000 s)
2025-06-04 15:07:31,825 INFO  - Already have ACK (at simulation time 459.000,000,000 s)
2025-06-04 15:07:31,825 INFO  - Already have ACK (at simulation time 459.000,000,000 s)
2025-06-04 15:07:31,825 INFO  - Already have ACK (at simulation time 459.000,000,000 s)
2025-06-04 15:07:31,825 INFO  - Already have ACK (at simulation time 459.000,000,000 s)
2025-06-04 15:07:31,825 INFO  - Already have ACK (at simulation time 459.000,000,000 s)
2025-06-04 15:07:31,826 INFO  - Already have ACK (at simulation time 459.000,000,000 s)
2025-06-04 15:07:31,826 INFO  - Already have ACK (at simulation time 459.000,000,000 s)
2025-06-04 15:07:31,826 INFO  - Already have ACK (at simulation time 459.000,000,000 s)
2025-06-04 15:07:31,826 INFO  - Already have ACK (at simulation time 459.000,000,000 s)
2025-06-04 15:07:31,826 INFO  - Already have ACK (at simulation time 459.000,000,000 s)
2025-06-04 15:07:31,826 INFO  - Already have ACK (at simulation time 459.000,000,000 s)
2025-06-04 15:07:31,826 INFO  - Already have ACK (at simulation time 459.000,000,000 s)
2025-06-04 15:07:31,826 INFO  - Already have ACK (at simulation time 459.000,000,000 s)
2025-06-04 15:07:31,826 INFO  - Already have ACK (at simulation time 459.000,000,000 s)
2025-06-04 15:07:31,826 INFO  - Already have ACK (at simulation time 459.000,000,000 s)
2025-06-04 15:07:31,826 INFO  - Already have ACK (at simulation time 459.000,000,000 s)
2025-06-04 15:07:31,826 INFO  - Already have ACK (at simulation time 459.000,000,000 s)
2025-06-04 15:07:31,827 INFO  - Already have ACK (at simulation time 459.000,000,000 s)
2025-06-04 15:07:31,827 INFO  - Already have ACK (at simulation time 459.000,000,000 s)
2025-06-04 15:07:31,827 INFO  - Already have ACK (at simulation time 459.000,000,000 s)
2025-06-04 15:07:31,827 INFO  - Already have ACK (at simulation time 459.000,000,000 s)
2025-06-04 15:07:31,827 INFO  - Already have ACK (at simulation time 459.000,000,000 s)
2025-06-04 15:07:31,827 INFO  - Already have ACK (at simulation time 459.000,000,000 s)
2025-06-04 15:07:31,827 INFO  - Already have ACK (at simulation time 459.000,000,000 s)
2025-06-04 15:07:31,827 INFO  - Already have ACK (at simulation time 459.000,000,000 s)
2025-06-04 15:07:31,827 INFO  - Already have ACK (at simulation time 459.000,000,000 s)
2025-06-04 15:07:31,827 INFO  - Already have ACK (at simulation time 459.000,000,000 s)
2025-06-04 15:07:31,827 INFO  - Already have ACK (at simulation time 459.000,000,000 s)
2025-06-04 15:07:31,827 INFO  - Already have ACK (at simulation time 459.000,000,000 s)
2025-06-04 15:07:31,827 INFO  - Already have ACK (at simulation time 459.000,000,000 s)
2025-06-04 15:07:31,828 INFO  - Already have ACK (at simulation time 459.000,000,000 s)
2025-06-04 15:07:31,828 INFO  - Already have ACK (at simulation time 459.000,000,000 s)
2025-06-04 15:07:31,828 INFO  - Already have ACK (at simulation time 459.000,000,000 s)
2025-06-04 15:07:31,828 INFO  - Already have ACK (at simulation time 459.000,000,000 s)
2025-06-04 15:07:31,828 INFO  - Already have ACK (at simulation time 459.000,000,000 s)
2025-06-04 15:07:31,828 INFO  - Already have ACK (at simulation time 459.000,000,000 s)
2025-06-04 15:07:31,828 INFO  - Already have ACK (at simulation time 459.000,000,000 s)
2025-06-04 15:07:31,828 INFO  - Already have ACK (at simulation time 459.000,000,000 s)
2025-06-04 15:07:31,828 INFO  - Already have ACK (at simulation time 459.000,000,000 s)
2025-06-04 15:07:31,828 INFO  - Already have ACK (at simulation time 459.000,000,000 s)
2025-06-04 15:07:31,828 INFO  - Already have ACK (at simulation time 459.000,000,000 s)
2025-06-04 15:07:31,828 INFO  - Already have ACK (at simulation time 459.000,000,000 s)
2025-06-04 15:07:31,828 INFO  - Already have ACK (at simulation time 459.000,000,000 s)
2025-06-04 15:07:31,828 INFO  - Already have ACK (at simulation time 459.000,000,000 s)
2025-06-04 15:07:31,828 INFO  - Already have ACK (at simulation time 459.000,000,000 s)
2025-06-04 15:07:31,828 INFO  - Already have ACK (at simulation time 459.000,000,000 s)
2025-06-04 15:07:31,829 INFO  - Already have ACK (at simulation time 459.000,000,000 s)
2025-06-04 15:07:31,829 INFO  - Already have ACK (at simulation time 459.000,000,000 s)
2025-06-04 15:07:31,829 INFO  - Already have ACK (at simulation time 459.000,000,000 s)
2025-06-04 15:07:31,829 INFO  - Already have ACK (at simulation time 459.000,000,000 s)
2025-06-04 15:07:31,829 INFO  - Already have ACK (at simulation time 459.000,000,000 s)
2025-06-04 15:07:31,829 INFO  - Already have ACK (at simulation time 459.000,000,000 s)
2025-06-04 15:07:31,829 INFO  - Already have ACK (at simulation time 459.000,000,000 s)
2025-06-04 15:07:31,829 INFO  - Already have ACK (at simulation time 459.000,000,000 s)
2025-06-04 15:07:31,829 INFO  - Already have ACK (at simulation time 459.000,000,000 s)
2025-06-04 15:07:31,829 INFO  - Already have ACK (at simulation time 459.000,000,000 s)
2025-06-04 15:07:31,829 INFO  - Already have ACK (at simulation time 459.000,000,000 s)
2025-06-04 15:07:31,829 INFO  - Already have ACK (at simulation time 459.000,000,000 s)
2025-06-04 15:07:31,829 INFO  - Already have ACK (at simulation time 459.000,000,000 s)
2025-06-04 15:07:31,829 INFO  - Already have ACK (at simulation time 459.000,000,000 s)
2025-06-04 15:07:31,829 INFO  - Already have ACK (at simulation time 459.000,000,000 s)
2025-06-04 15:07:31,829 INFO  - Already have ACK (at simulation time 459.000,000,000 s)
2025-06-04 15:07:31,829 INFO  - Already have ACK (at simulation time 459.000,000,000 s)
2025-06-04 15:07:31,829 INFO  - Already have ACK (at simulation time 459.000,000,000 s)
2025-06-04 15:07:31,829 INFO  - Already have ACK (at simulation time 459.000,000,000 s)
2025-06-04 15:07:31,829 INFO  - Already have ACK (at simulation time 459.000,000,000 s)
2025-06-04 15:07:31,829 INFO  - Already have ACK (at simulation time 459.000,000,000 s)
2025-06-04 15:07:31,829 INFO  - Already have ACK (at simulation time 459.000,000,000 s)
2025-06-04 15:07:31,830 INFO  - Already have ACK (at simulation time 459.000,000,000 s)
2025-06-04 15:07:31,830 INFO  - Already have ACK (at simulation time 459.000,000,000 s)
2025-06-04 15:07:31,830 INFO  - Already have ACK (at simulation time 459.000,000,000 s)
2025-06-04 15:07:31,830 INFO  - Already have ACK (at simulation time 459.000,000,000 s)
2025-06-04 15:07:31,832 INFO  - Already have ACK (at simulation time 460.000,000,000 s)
2025-06-04 15:07:31,832 INFO  - Already have ACK (at simulation time 460.000,000,000 s)
2025-06-04 15:07:31,832 INFO  - Already have ACK (at simulation time 460.000,000,000 s)
2025-06-04 15:07:31,832 INFO  - Already have ACK (at simulation time 460.000,000,000 s)
2025-06-04 15:07:31,832 INFO  - Already have ACK (at simulation time 460.000,000,000 s)
2025-06-04 15:07:31,832 INFO  - Already have ACK (at simulation time 460.000,000,000 s)
2025-06-04 15:07:31,832 INFO  - Already have ACK (at simulation time 460.000,000,000 s)
2025-06-04 15:07:31,833 INFO  - Already have ACK (at simulation time 460.000,000,000 s)
2025-06-04 15:07:31,833 INFO  - Already have ACK (at simulation time 460.000,000,000 s)
2025-06-04 15:07:31,833 INFO  - Already have ACK (at simulation time 460.000,000,000 s)
2025-06-04 15:07:31,833 INFO  - Already have ACK (at simulation time 460.000,000,000 s)
2025-06-04 15:07:31,833 INFO  - Already have ACK (at simulation time 460.000,000,000 s)
2025-06-04 15:07:31,833 INFO  - Already have ACK (at simulation time 460.000,000,000 s)
2025-06-04 15:07:31,833 INFO  - Already have ACK (at simulation time 460.000,000,000 s)
2025-06-04 15:07:31,833 INFO  - Already have ACK (at simulation time 460.000,000,000 s)
2025-06-04 15:07:31,833 INFO  - Already have ACK (at simulation time 460.000,000,000 s)
2025-06-04 15:07:31,833 INFO  - Already have ACK (at simulation time 460.000,000,000 s)
2025-06-04 15:07:31,833 INFO  - Already have ACK (at simulation time 460.000,000,000 s)
2025-06-04 15:07:31,833 INFO  - Already have ACK (at simulation time 460.000,000,000 s)
2025-06-04 15:07:31,834 INFO  - Already have ACK (at simulation time 460.000,000,000 s)
2025-06-04 15:07:31,834 INFO  - Already have ACK (at simulation time 460.000,000,000 s)
2025-06-04 15:07:31,834 INFO  - Already have ACK (at simulation time 460.000,000,000 s)
2025-06-04 15:07:31,834 INFO  - Already have ACK (at simulation time 460.000,000,000 s)
2025-06-04 15:07:31,834 INFO  - Already have ACK (at simulation time 460.000,000,000 s)
2025-06-04 15:07:31,834 INFO  - Already have ACK (at simulation time 460.000,000,000 s)
2025-06-04 15:07:31,834 INFO  - Already have ACK (at simulation time 460.000,000,000 s)
2025-06-04 15:07:31,834 INFO  - Already have ACK (at simulation time 460.000,000,000 s)
2025-06-04 15:07:31,834 INFO  - Already have ACK (at simulation time 460.000,000,000 s)
2025-06-04 15:07:31,834 INFO  - Already have ACK (at simulation time 460.000,000,000 s)
2025-06-04 15:07:31,834 INFO  - Already have ACK (at simulation time 460.000,000,000 s)
2025-06-04 15:07:31,834 INFO  - Already have ACK (at simulation time 460.000,000,000 s)
2025-06-04 15:07:31,834 INFO  - Already have ACK (at simulation time 460.000,000,000 s)
2025-06-04 15:07:31,835 INFO  - Already have ACK (at simulation time 460.000,000,000 s)
2025-06-04 15:07:31,835 INFO  - Already have ACK (at simulation time 460.000,000,000 s)
2025-06-04 15:07:31,835 INFO  - Already have ACK (at simulation time 460.000,000,000 s)
2025-06-04 15:07:31,835 INFO  - Already have ACK (at simulation time 460.000,000,000 s)
2025-06-04 15:07:31,835 INFO  - Already have ACK (at simulation time 460.000,000,000 s)
2025-06-04 15:07:31,835 INFO  - Already have ACK (at simulation time 460.000,000,000 s)
2025-06-04 15:07:31,835 INFO  - Already have ACK (at simulation time 460.000,000,000 s)
2025-06-04 15:07:31,835 INFO  - Already have ACK (at simulation time 460.000,000,000 s)
2025-06-04 15:07:31,835 INFO  - Already have ACK (at simulation time 460.000,000,000 s)
2025-06-04 15:07:31,835 INFO  - Already have ACK (at simulation time 460.000,000,000 s)
2025-06-04 15:07:31,835 INFO  - Already have ACK (at simulation time 460.000,000,000 s)
2025-06-04 15:07:31,835 INFO  - Already have ACK (at simulation time 460.000,000,000 s)
2025-06-04 15:07:31,835 INFO  - Already have ACK (at simulation time 460.000,000,000 s)
2025-06-04 15:07:31,835 INFO  - Already have ACK (at simulation time 460.000,000,000 s)
2025-06-04 15:07:31,835 INFO  - Already have ACK (at simulation time 460.000,000,000 s)
2025-06-04 15:07:31,835 INFO  - Already have ACK (at simulation time 460.000,000,000 s)
2025-06-04 15:07:31,835 INFO  - Already have ACK (at simulation time 460.000,000,000 s)
2025-06-04 15:07:31,836 INFO  - Already have ACK (at simulation time 460.000,000,000 s)
2025-06-04 15:07:31,836 INFO  - Already have ACK (at simulation time 460.000,000,000 s)
2025-06-04 15:07:31,836 INFO  - Already have ACK (at simulation time 460.000,000,000 s)
2025-06-04 15:07:31,836 INFO  - Already have ACK (at simulation time 460.000,000,000 s)
2025-06-04 15:07:31,836 INFO  - Already have ACK (at simulation time 460.000,000,000 s)
2025-06-04 15:07:31,836 INFO  - Already have ACK (at simulation time 460.000,000,000 s)
2025-06-04 15:07:31,836 INFO  - Already have ACK (at simulation time 460.000,000,000 s)
2025-06-04 15:07:31,836 INFO  - Already have ACK (at simulation time 460.000,000,000 s)
2025-06-04 15:07:31,836 INFO  - Already have ACK (at simulation time 460.000,000,000 s)
2025-06-04 15:07:31,836 INFO  - Already have ACK (at simulation time 460.000,000,000 s)
2025-06-04 15:07:31,836 INFO  - Already have ACK (at simulation time 460.000,000,000 s)
2025-06-04 15:07:31,836 INFO  - Already have ACK (at simulation time 460.000,000,000 s)
2025-06-04 15:07:31,836 INFO  - Already have ACK (at simulation time 460.000,000,000 s)
2025-06-04 15:07:31,836 INFO  - Already have ACK (at simulation time 460.000,000,000 s)
2025-06-04 15:07:31,836 INFO  - Already have ACK (at simulation time 460.000,000,000 s)
2025-06-04 15:07:31,836 INFO  - Already have ACK (at simulation time 460.000,000,000 s)
2025-06-04 15:07:31,836 INFO  - Already have ACK (at simulation time 460.000,000,000 s)
2025-06-04 15:07:31,836 INFO  - Already have ACK (at simulation time 460.000,000,000 s)
2025-06-04 15:07:31,836 INFO  - Already have ACK (at simulation time 460.000,000,000 s)
2025-06-04 15:07:31,836 INFO  - Already have ACK (at simulation time 460.000,000,000 s)
2025-06-04 15:07:31,836 INFO  - Already have ACK (at simulation time 460.000,000,000 s)
2025-06-04 15:07:31,836 INFO  - Already have ACK (at simulation time 460.000,000,000 s)
2025-06-04 15:07:31,837 INFO  - Already have ACK (at simulation time 460.000,000,000 s)
2025-06-04 15:07:31,837 INFO  - Already have ACK (at simulation time 460.000,000,000 s)
2025-06-04 15:07:31,837 INFO  - Already have ACK (at simulation time 460.000,000,000 s)
2025-06-04 15:07:31,839 INFO  - Already have ACK (at simulation time 461.000,000,000 s)
2025-06-04 15:07:31,839 INFO  - Already have ACK (at simulation time 461.000,000,000 s)
2025-06-04 15:07:31,839 INFO  - Already have ACK (at simulation time 461.000,000,000 s)
2025-06-04 15:07:31,839 INFO  - Already have ACK (at simulation time 461.000,000,000 s)
2025-06-04 15:07:31,839 INFO  - Already have ACK (at simulation time 461.000,000,000 s)
2025-06-04 15:07:31,839 INFO  - Already have ACK (at simulation time 461.000,000,000 s)
2025-06-04 15:07:31,839 INFO  - Already have ACK (at simulation time 461.000,000,000 s)
2025-06-04 15:07:31,839 INFO  - Already have ACK (at simulation time 461.000,000,000 s)
2025-06-04 15:07:31,840 INFO  - Already have ACK (at simulation time 461.000,000,000 s)
2025-06-04 15:07:31,840 INFO  - Already have ACK (at simulation time 461.000,000,000 s)
2025-06-04 15:07:31,840 INFO  - Already have ACK (at simulation time 461.000,000,000 s)
2025-06-04 15:07:31,840 INFO  - Already have ACK (at simulation time 461.000,000,000 s)
2025-06-04 15:07:31,840 INFO  - Already have ACK (at simulation time 461.000,000,000 s)
2025-06-04 15:07:31,840 INFO  - Already have ACK (at simulation time 461.000,000,000 s)
2025-06-04 15:07:31,840 INFO  - Already have ACK (at simulation time 461.000,000,000 s)
2025-06-04 15:07:31,840 INFO  - Already have ACK (at simulation time 461.000,000,000 s)
2025-06-04 15:07:31,840 INFO  - Already have ACK (at simulation time 461.000,000,000 s)
2025-06-04 15:07:31,840 INFO  - Already have ACK (at simulation time 461.000,000,000 s)
2025-06-04 15:07:31,840 INFO  - Already have ACK (at simulation time 461.000,000,000 s)
2025-06-04 15:07:31,840 INFO  - Already have ACK (at simulation time 461.000,000,000 s)
2025-06-04 15:07:31,841 INFO  - Already have ACK (at simulation time 461.000,000,000 s)
2025-06-04 15:07:31,841 INFO  - Already have ACK (at simulation time 461.000,000,000 s)
2025-06-04 15:07:31,841 INFO  - Already have ACK (at simulation time 461.000,000,000 s)
2025-06-04 15:07:31,841 INFO  - Already have ACK (at simulation time 461.000,000,000 s)
2025-06-04 15:07:31,841 INFO  - Already have ACK (at simulation time 461.000,000,000 s)
2025-06-04 15:07:31,841 INFO  - Already have ACK (at simulation time 461.000,000,000 s)
2025-06-04 15:07:31,841 INFO  - Already have ACK (at simulation time 461.000,000,000 s)
2025-06-04 15:07:31,841 INFO  - Already have ACK (at simulation time 461.000,000,000 s)
2025-06-04 15:07:31,841 INFO  - Already have ACK (at simulation time 461.000,000,000 s)
2025-06-04 15:07:31,841 INFO  - Already have ACK (at simulation time 461.000,000,000 s)
2025-06-04 15:07:31,841 INFO  - Already have ACK (at simulation time 461.000,000,000 s)
2025-06-04 15:07:31,841 INFO  - Already have ACK (at simulation time 461.000,000,000 s)
2025-06-04 15:07:31,841 INFO  - Already have ACK (at simulation time 461.000,000,000 s)
2025-06-04 15:07:31,842 INFO  - Already have ACK (at simulation time 461.000,000,000 s)
2025-06-04 15:07:31,842 INFO  - Already have ACK (at simulation time 461.000,000,000 s)
2025-06-04 15:07:31,842 INFO  - Already have ACK (at simulation time 461.000,000,000 s)
2025-06-04 15:07:31,842 INFO  - Already have ACK (at simulation time 461.000,000,000 s)
2025-06-04 15:07:31,842 INFO  - Already have ACK (at simulation time 461.000,000,000 s)
2025-06-04 15:07:31,842 INFO  - Already have ACK (at simulation time 461.000,000,000 s)
2025-06-04 15:07:31,842 INFO  - Already have ACK (at simulation time 461.000,000,000 s)
2025-06-04 15:07:31,842 INFO  - Already have ACK (at simulation time 461.000,000,000 s)
2025-06-04 15:07:31,842 INFO  - Already have ACK (at simulation time 461.000,000,000 s)
2025-06-04 15:07:31,842 INFO  - Already have ACK (at simulation time 461.000,000,000 s)
2025-06-04 15:07:31,842 INFO  - Already have ACK (at simulation time 461.000,000,000 s)
2025-06-04 15:07:31,842 INFO  - Already have ACK (at simulation time 461.000,000,000 s)
2025-06-04 15:07:31,842 INFO  - Already have ACK (at simulation time 461.000,000,000 s)
2025-06-04 15:07:31,842 INFO  - Already have ACK (at simulation time 461.000,000,000 s)
2025-06-04 15:07:31,842 INFO  - Already have ACK (at simulation time 461.000,000,000 s)
2025-06-04 15:07:31,842 INFO  - Already have ACK (at simulation time 461.000,000,000 s)
2025-06-04 15:07:31,842 INFO  - Already have ACK (at simulation time 461.000,000,000 s)
2025-06-04 15:07:31,843 INFO  - Already have ACK (at simulation time 461.000,000,000 s)
2025-06-04 15:07:31,843 INFO  - Already have ACK (at simulation time 461.000,000,000 s)
2025-06-04 15:07:31,843 INFO  - Already have ACK (at simulation time 461.000,000,000 s)
2025-06-04 15:07:31,843 INFO  - Already have ACK (at simulation time 461.000,000,000 s)
2025-06-04 15:07:31,843 INFO  - Already have ACK (at simulation time 461.000,000,000 s)
2025-06-04 15:07:31,843 INFO  - Already have ACK (at simulation time 461.000,000,000 s)
2025-06-04 15:07:31,843 INFO  - Already have ACK (at simulation time 461.000,000,000 s)
2025-06-04 15:07:31,843 INFO  - Already have ACK (at simulation time 461.000,000,000 s)
2025-06-04 15:07:31,843 INFO  - Already have ACK (at simulation time 461.000,000,000 s)
2025-06-04 15:07:31,843 INFO  - Already have ACK (at simulation time 461.000,000,000 s)
2025-06-04 15:07:31,843 INFO  - Already have ACK (at simulation time 461.000,000,000 s)
2025-06-04 15:07:31,843 INFO  - Already have ACK (at simulation time 461.000,000,000 s)
2025-06-04 15:07:31,843 INFO  - Already have ACK (at simulation time 461.000,000,000 s)
2025-06-04 15:07:31,843 INFO  - Already have ACK (at simulation time 461.000,000,000 s)
2025-06-04 15:07:31,843 INFO  - Already have ACK (at simulation time 461.000,000,000 s)
2025-06-04 15:07:31,843 INFO  - Already have ACK (at simulation time 461.000,000,000 s)
2025-06-04 15:07:31,843 INFO  - Already have ACK (at simulation time 461.000,000,000 s)
2025-06-04 15:07:31,843 INFO  - Already have ACK (at simulation time 461.000,000,000 s)
2025-06-04 15:07:31,843 INFO  - Already have ACK (at simulation time 461.000,000,000 s)
2025-06-04 15:07:31,843 INFO  - Already have ACK (at simulation time 461.000,000,000 s)
2025-06-04 15:07:31,843 INFO  - Already have ACK (at simulation time 461.000,000,000 s)
2025-06-04 15:07:31,843 INFO  - Already have ACK (at simulation time 461.000,000,000 s)
2025-06-04 15:07:31,843 INFO  - Already have ACK (at simulation time 461.000,000,000 s)
2025-06-04 15:07:31,844 INFO  - Already have ACK (at simulation time 461.000,000,000 s)
2025-06-04 15:07:31,844 INFO  - Already have ACK (at simulation time 461.000,000,000 s)
2025-06-04 15:07:31,845 INFO  - Sent periodic GreenWaveMsg: veh_74 on route r_0 (at simulation time 462.000,000,000 s)
2025-06-04 15:07:31,845 INFO  - Already have ACK (at simulation time 462.000,000,000 s)
2025-06-04 15:07:31,846 INFO  - Already have ACK (at simulation time 462.000,000,000 s)
2025-06-04 15:07:31,846 INFO  - Already have ACK (at simulation time 462.000,000,000 s)
2025-06-04 15:07:31,846 INFO  - Already have ACK (at simulation time 462.000,000,000 s)
2025-06-04 15:07:31,846 INFO  - Already have ACK (at simulation time 462.000,000,000 s)
2025-06-04 15:07:31,846 INFO  - Already have ACK (at simulation time 462.000,000,000 s)
2025-06-04 15:07:31,846 INFO  - Already have ACK (at simulation time 462.000,000,000 s)
2025-06-04 15:07:31,846 INFO  - Already have ACK (at simulation time 462.000,000,000 s)
2025-06-04 15:07:31,846 INFO  - Already have ACK (at simulation time 462.000,000,000 s)
2025-06-04 15:07:31,846 INFO  - Already have ACK (at simulation time 462.000,000,000 s)
2025-06-04 15:07:31,847 INFO  - Already have ACK (at simulation time 462.000,000,000 s)
2025-06-04 15:07:31,847 INFO  - Already have ACK (at simulation time 462.000,000,000 s)
2025-06-04 15:07:31,847 INFO  - Already have ACK (at simulation time 462.000,000,000 s)
2025-06-04 15:07:31,847 INFO  - Already have ACK (at simulation time 462.000,000,000 s)
2025-06-04 15:07:31,847 INFO  - Already have ACK (at simulation time 462.000,000,000 s)
2025-06-04 15:07:31,847 INFO  - Already have ACK (at simulation time 462.000,000,000 s)
2025-06-04 15:07:31,847 INFO  - Already have ACK (at simulation time 462.000,000,000 s)
2025-06-04 15:07:31,847 INFO  - Already have ACK (at simulation time 462.000,000,000 s)
2025-06-04 15:07:31,847 INFO  - Already have ACK (at simulation time 462.000,000,000 s)
2025-06-04 15:07:31,847 INFO  - Already have ACK (at simulation time 462.000,000,000 s)
2025-06-04 15:07:31,847 INFO  - Already have ACK (at simulation time 462.000,000,000 s)
2025-06-04 15:07:31,847 INFO  - Already have ACK (at simulation time 462.000,000,000 s)
2025-06-04 15:07:31,848 INFO  - Already have ACK (at simulation time 462.000,000,000 s)
2025-06-04 15:07:31,848 INFO  - Already have ACK (at simulation time 462.000,000,000 s)
2025-06-04 15:07:31,848 INFO  - Already have ACK (at simulation time 462.000,000,000 s)
2025-06-04 15:07:31,848 INFO  - Already have ACK (at simulation time 462.000,000,000 s)
2025-06-04 15:07:31,848 INFO  - Already have ACK (at simulation time 462.000,000,000 s)
2025-06-04 15:07:31,848 INFO  - Already have ACK (at simulation time 462.000,000,000 s)
2025-06-04 15:07:31,848 INFO  - Already have ACK (at simulation time 462.000,000,000 s)
2025-06-04 15:07:31,848 INFO  - Already have ACK (at simulation time 462.000,000,000 s)
2025-06-04 15:07:31,848 INFO  - Already have ACK (at simulation time 462.000,000,000 s)
2025-06-04 15:07:31,848 INFO  - Already have ACK (at simulation time 462.000,000,000 s)
2025-06-04 15:07:31,848 INFO  - Already have ACK (at simulation time 462.000,000,000 s)
2025-06-04 15:07:31,849 INFO  - Already have ACK (at simulation time 462.000,000,000 s)
2025-06-04 15:07:31,849 INFO  - Already have ACK (at simulation time 462.000,000,000 s)
2025-06-04 15:07:31,849 INFO  - Already have ACK (at simulation time 462.000,000,000 s)
2025-06-04 15:07:31,849 INFO  - Already have ACK (at simulation time 462.000,000,000 s)
2025-06-04 15:07:31,849 INFO  - Already have ACK (at simulation time 462.000,000,000 s)
2025-06-04 15:07:31,849 INFO  - Already have ACK (at simulation time 462.000,000,000 s)
2025-06-04 15:07:31,849 INFO  - Already have ACK (at simulation time 462.000,000,000 s)
2025-06-04 15:07:31,849 INFO  - Already have ACK (at simulation time 462.000,000,000 s)
2025-06-04 15:07:31,849 INFO  - Already have ACK (at simulation time 462.000,000,000 s)
2025-06-04 15:07:31,849 INFO  - Already have ACK (at simulation time 462.000,000,000 s)
2025-06-04 15:07:31,849 INFO  - Already have ACK (at simulation time 462.000,000,000 s)
2025-06-04 15:07:31,849 INFO  - Already have ACK (at simulation time 462.000,000,000 s)
2025-06-04 15:07:31,849 INFO  - Already have ACK (at simulation time 462.000,000,000 s)
2025-06-04 15:07:31,849 INFO  - Already have ACK (at simulation time 462.000,000,000 s)
2025-06-04 15:07:31,849 INFO  - Already have ACK (at simulation time 462.000,000,000 s)
2025-06-04 15:07:31,849 INFO  - Already have ACK (at simulation time 462.000,000,000 s)
2025-06-04 15:07:31,850 INFO  - Already have ACK (at simulation time 462.000,000,000 s)
2025-06-04 15:07:31,850 INFO  - Already have ACK (at simulation time 462.000,000,000 s)
2025-06-04 15:07:31,850 INFO  - Already have ACK (at simulation time 462.000,000,000 s)
2025-06-04 15:07:31,850 INFO  - Already have ACK (at simulation time 462.000,000,000 s)
2025-06-04 15:07:31,850 INFO  - Already have ACK (at simulation time 462.000,000,000 s)
2025-06-04 15:07:31,850 INFO  - Already have ACK (at simulation time 462.000,000,000 s)
2025-06-04 15:07:31,850 INFO  - Already have ACK (at simulation time 462.000,000,000 s)
2025-06-04 15:07:31,850 INFO  - Already have ACK (at simulation time 462.000,000,000 s)
2025-06-04 15:07:31,850 INFO  - Already have ACK (at simulation time 462.000,000,000 s)
2025-06-04 15:07:31,850 INFO  - Already have ACK (at simulation time 462.000,000,000 s)
2025-06-04 15:07:31,850 INFO  - Already have ACK (at simulation time 462.000,000,000 s)
2025-06-04 15:07:31,850 INFO  - Already have ACK (at simulation time 462.000,000,000 s)
2025-06-04 15:07:31,850 INFO  - Already have ACK (at simulation time 462.000,000,000 s)
2025-06-04 15:07:31,850 INFO  - Already have ACK (at simulation time 462.000,000,000 s)
2025-06-04 15:07:31,850 INFO  - Already have ACK (at simulation time 462.000,000,000 s)
2025-06-04 15:07:31,850 INFO  - Already have ACK (at simulation time 462.000,000,000 s)
2025-06-04 15:07:31,850 INFO  - Already have ACK (at simulation time 462.000,000,000 s)
2025-06-04 15:07:31,850 INFO  - Already have ACK (at simulation time 462.000,000,000 s)
2025-06-04 15:07:31,850 INFO  - Already have ACK (at simulation time 462.000,000,000 s)
2025-06-04 15:07:31,850 INFO  - Already have ACK (at simulation time 462.000,000,000 s)
2025-06-04 15:07:31,850 INFO  - Already have ACK (at simulation time 462.000,000,000 s)
2025-06-04 15:07:31,850 INFO  - Already have ACK (at simulation time 462.000,000,000 s)
2025-06-04 15:07:31,851 INFO  - Already have ACK (at simulation time 462.000,000,000 s)
2025-06-04 15:07:31,851 INFO  - Already have ACK (at simulation time 462.000,000,000 s)
2025-06-04 15:07:31,851 INFO  - Already have ACK (at simulation time 462.000,000,000 s)
2025-06-04 15:07:31,851 INFO  - Already have ACK (at simulation time 462.000,000,000 s)
2025-06-04 15:07:31,851 INFO  - Already have ACK (at simulation time 462.000,000,000 s)
2025-06-04 15:07:31,853 INFO  - Already have ACK (at simulation time 463.000,000,000 s)
2025-06-04 15:07:31,853 INFO  - Already have ACK (at simulation time 463.000,000,000 s)
2025-06-04 15:07:31,853 INFO  - Already have ACK (at simulation time 463.000,000,000 s)
2025-06-04 15:07:31,853 INFO  - Already have ACK (at simulation time 463.000,000,000 s)
2025-06-04 15:07:31,853 INFO  - Already have ACK (at simulation time 463.000,000,000 s)
2025-06-04 15:07:31,853 INFO  - Already have ACK (at simulation time 463.000,000,000 s)
2025-06-04 15:07:31,853 INFO  - Already have ACK (at simulation time 463.000,000,000 s)
2025-06-04 15:07:31,854 INFO  - Already have ACK (at simulation time 463.000,000,000 s)
2025-06-04 15:07:31,854 INFO  - Already have ACK (at simulation time 463.000,000,000 s)
2025-06-04 15:07:31,854 INFO  - Already have ACK (at simulation time 463.000,000,000 s)
2025-06-04 15:07:31,854 INFO  - Already have ACK (at simulation time 463.000,000,000 s)
2025-06-04 15:07:31,854 INFO  - Already have ACK (at simulation time 463.000,000,000 s)
2025-06-04 15:07:31,854 INFO  - Already have ACK (at simulation time 463.000,000,000 s)
2025-06-04 15:07:31,854 INFO  - Already have ACK (at simulation time 463.000,000,000 s)
2025-06-04 15:07:31,854 INFO  - Already have ACK (at simulation time 463.000,000,000 s)
2025-06-04 15:07:31,854 INFO  - Already have ACK (at simulation time 463.000,000,000 s)
2025-06-04 15:07:31,854 INFO  - Already have ACK (at simulation time 463.000,000,000 s)
2025-06-04 15:07:31,854 INFO  - Already have ACK (at simulation time 463.000,000,000 s)
2025-06-04 15:07:31,855 INFO  - Already have ACK (at simulation time 463.000,000,000 s)
2025-06-04 15:07:31,855 INFO  - Already have ACK (at simulation time 463.000,000,000 s)
2025-06-04 15:07:31,855 INFO  - Already have ACK (at simulation time 463.000,000,000 s)
2025-06-04 15:07:31,855 INFO  - Already have ACK (at simulation time 463.000,000,000 s)
2025-06-04 15:07:31,855 INFO  - Already have ACK (at simulation time 463.000,000,000 s)
2025-06-04 15:07:31,855 INFO  - Already have ACK (at simulation time 463.000,000,000 s)
2025-06-04 15:07:31,855 INFO  - Already have ACK (at simulation time 463.000,000,000 s)
2025-06-04 15:07:31,855 INFO  - Already have ACK (at simulation time 463.000,000,000 s)
2025-06-04 15:07:31,855 INFO  - Already have ACK (at simulation time 463.000,000,000 s)
2025-06-04 15:07:31,855 INFO  - Already have ACK (at simulation time 463.000,000,000 s)
2025-06-04 15:07:31,855 INFO  - Already have ACK (at simulation time 463.000,000,000 s)
2025-06-04 15:07:31,855 INFO  - Already have ACK (at simulation time 463.000,000,000 s)
2025-06-04 15:07:31,855 INFO  - Already have ACK (at simulation time 463.000,000,000 s)
2025-06-04 15:07:31,856 INFO  - Already have ACK (at simulation time 463.000,000,000 s)
2025-06-04 15:07:31,856 INFO  - Already have ACK (at simulation time 463.000,000,000 s)
2025-06-04 15:07:31,856 INFO  - Already have ACK (at simulation time 463.000,000,000 s)
2025-06-04 15:07:31,856 INFO  - Already have ACK (at simulation time 463.000,000,000 s)
2025-06-04 15:07:31,856 INFO  - Already have ACK (at simulation time 463.000,000,000 s)
2025-06-04 15:07:31,856 INFO  - Already have ACK (at simulation time 463.000,000,000 s)
2025-06-04 15:07:31,856 INFO  - Already have ACK (at simulation time 463.000,000,000 s)
2025-06-04 15:07:31,856 INFO  - Already have ACK (at simulation time 463.000,000,000 s)
2025-06-04 15:07:31,856 INFO  - Already have ACK (at simulation time 463.000,000,000 s)
2025-06-04 15:07:31,856 INFO  - Already have ACK (at simulation time 463.000,000,000 s)
2025-06-04 15:07:31,856 INFO  - Already have ACK (at simulation time 463.000,000,000 s)
2025-06-04 15:07:31,856 INFO  - Already have ACK (at simulation time 463.000,000,000 s)
2025-06-04 15:07:31,856 INFO  - Already have ACK (at simulation time 463.000,000,000 s)
2025-06-04 15:07:31,856 INFO  - Already have ACK (at simulation time 463.000,000,000 s)
2025-06-04 15:07:31,856 INFO  - Already have ACK (at simulation time 463.000,000,000 s)
2025-06-04 15:07:31,856 INFO  - Already have ACK (at simulation time 463.000,000,000 s)
2025-06-04 15:07:31,857 INFO  - Already have ACK (at simulation time 463.000,000,000 s)
2025-06-04 15:07:31,857 INFO  - Already have ACK (at simulation time 463.000,000,000 s)
2025-06-04 15:07:31,857 INFO  - Already have ACK (at simulation time 463.000,000,000 s)
2025-06-04 15:07:31,857 INFO  - Already have ACK (at simulation time 463.000,000,000 s)
2025-06-04 15:07:31,857 INFO  - Already have ACK (at simulation time 463.000,000,000 s)
2025-06-04 15:07:31,857 INFO  - Already have ACK (at simulation time 463.000,000,000 s)
2025-06-04 15:07:31,857 INFO  - Already have ACK (at simulation time 463.000,000,000 s)
2025-06-04 15:07:31,857 INFO  - Already have ACK (at simulation time 463.000,000,000 s)
2025-06-04 15:07:31,857 INFO  - Already have ACK (at simulation time 463.000,000,000 s)
2025-06-04 15:07:31,857 INFO  - Already have ACK (at simulation time 463.000,000,000 s)
2025-06-04 15:07:31,857 INFO  - Already have ACK (at simulation time 463.000,000,000 s)
2025-06-04 15:07:31,857 INFO  - Already have ACK (at simulation time 463.000,000,000 s)
2025-06-04 15:07:31,857 INFO  - Already have ACK (at simulation time 463.000,000,000 s)
2025-06-04 15:07:31,857 INFO  - Already have ACK (at simulation time 463.000,000,000 s)
2025-06-04 15:07:31,857 INFO  - Already have ACK (at simulation time 463.000,000,000 s)
2025-06-04 15:07:31,858 INFO  - Already have ACK (at simulation time 463.000,000,000 s)
2025-06-04 15:07:31,858 INFO  - Already have ACK (at simulation time 463.000,000,000 s)
2025-06-04 15:07:31,858 INFO  - Already have ACK (at simulation time 463.000,000,000 s)
2025-06-04 15:07:31,858 INFO  - Already have ACK (at simulation time 463.000,000,000 s)
2025-06-04 15:07:31,858 INFO  - Already have ACK (at simulation time 463.000,000,000 s)
2025-06-04 15:07:31,858 INFO  - Already have ACK (at simulation time 463.000,000,000 s)
2025-06-04 15:07:31,858 INFO  - Already have ACK (at simulation time 463.000,000,000 s)
2025-06-04 15:07:31,858 INFO  - Already have ACK (at simulation time 463.000,000,000 s)
2025-06-04 15:07:31,858 INFO  - Already have ACK (at simulation time 463.000,000,000 s)
2025-06-04 15:07:31,858 INFO  - Already have ACK (at simulation time 463.000,000,000 s)
2025-06-04 15:07:31,858 INFO  - Already have ACK (at simulation time 463.000,000,000 s)
2025-06-04 15:07:31,858 INFO  - Already have ACK (at simulation time 463.000,000,000 s)
2025-06-04 15:07:31,858 INFO  - Already have ACK (at simulation time 463.000,000,000 s)
2025-06-04 15:07:31,858 INFO  - Already have ACK (at simulation time 463.000,000,000 s)
2025-06-04 15:07:31,858 INFO  - Already have ACK (at simulation time 463.000,000,000 s)
2025-06-04 15:07:31,861 INFO  - Already have ACK (at simulation time 464.000,000,000 s)
2025-06-04 15:07:31,861 INFO  - Already have ACK (at simulation time 464.000,000,000 s)
2025-06-04 15:07:31,861 INFO  - Already have ACK (at simulation time 464.000,000,000 s)
2025-06-04 15:07:31,861 INFO  - Already have ACK (at simulation time 464.000,000,000 s)
2025-06-04 15:07:31,862 INFO  - Already have ACK (at simulation time 464.000,000,000 s)
2025-06-04 15:07:31,862 INFO  - Already have ACK (at simulation time 464.000,000,000 s)
2025-06-04 15:07:31,862 INFO  - Already have ACK (at simulation time 464.000,000,000 s)
2025-06-04 15:07:31,862 INFO  - Already have ACK (at simulation time 464.000,000,000 s)
2025-06-04 15:07:31,862 INFO  - Already have ACK (at simulation time 464.000,000,000 s)
2025-06-04 15:07:31,862 INFO  - Already have ACK (at simulation time 464.000,000,000 s)
2025-06-04 15:07:31,862 INFO  - Already have ACK (at simulation time 464.000,000,000 s)
2025-06-04 15:07:31,862 INFO  - Already have ACK (at simulation time 464.000,000,000 s)
2025-06-04 15:07:31,862 INFO  - Already have ACK (at simulation time 464.000,000,000 s)
2025-06-04 15:07:31,862 INFO  - Already have ACK (at simulation time 464.000,000,000 s)
2025-06-04 15:07:31,862 INFO  - Already have ACK (at simulation time 464.000,000,000 s)
2025-06-04 15:07:31,863 INFO  - Already have ACK (at simulation time 464.000,000,000 s)
2025-06-04 15:07:31,863 INFO  - Already have ACK (at simulation time 464.000,000,000 s)
2025-06-04 15:07:31,863 INFO  - Already have ACK (at simulation time 464.000,000,000 s)
2025-06-04 15:07:31,863 INFO  - Already have ACK (at simulation time 464.000,000,000 s)
2025-06-04 15:07:31,863 INFO  - Already have ACK (at simulation time 464.000,000,000 s)
2025-06-04 15:07:31,863 INFO  - Already have ACK (at simulation time 464.000,000,000 s)
2025-06-04 15:07:31,863 INFO  - Already have ACK (at simulation time 464.000,000,000 s)
2025-06-04 15:07:31,863 INFO  - Already have ACK (at simulation time 464.000,000,000 s)
2025-06-04 15:07:31,863 INFO  - Already have ACK (at simulation time 464.000,000,000 s)
2025-06-04 15:07:31,863 INFO  - Already have ACK (at simulation time 464.000,000,000 s)
2025-06-04 15:07:31,863 INFO  - Already have ACK (at simulation time 464.000,000,000 s)
2025-06-04 15:07:31,863 INFO  - Already have ACK (at simulation time 464.000,000,000 s)
2025-06-04 15:07:31,864 INFO  - Already have ACK (at simulation time 464.000,000,000 s)
2025-06-04 15:07:31,864 INFO  - Already have ACK (at simulation time 464.000,000,000 s)
2025-06-04 15:07:31,864 INFO  - Already have ACK (at simulation time 464.000,000,000 s)
2025-06-04 15:07:31,864 INFO  - Already have ACK (at simulation time 464.000,000,000 s)
2025-06-04 15:07:31,864 INFO  - Already have ACK (at simulation time 464.000,000,000 s)
2025-06-04 15:07:31,864 INFO  - Already have ACK (at simulation time 464.000,000,000 s)
2025-06-04 15:07:31,864 INFO  - Already have ACK (at simulation time 464.000,000,000 s)
2025-06-04 15:07:31,864 INFO  - Already have ACK (at simulation time 464.000,000,000 s)
2025-06-04 15:07:31,864 INFO  - Already have ACK (at simulation time 464.000,000,000 s)
2025-06-04 15:07:31,864 INFO  - Already have ACK (at simulation time 464.000,000,000 s)
2025-06-04 15:07:31,864 INFO  - Already have ACK (at simulation time 464.000,000,000 s)
2025-06-04 15:07:31,864 INFO  - Already have ACK (at simulation time 464.000,000,000 s)
2025-06-04 15:07:31,864 INFO  - Already have ACK (at simulation time 464.000,000,000 s)
2025-06-04 15:07:31,864 INFO  - Already have ACK (at simulation time 464.000,000,000 s)
2025-06-04 15:07:31,864 INFO  - Already have ACK (at simulation time 464.000,000,000 s)
2025-06-04 15:07:31,865 INFO  - Already have ACK (at simulation time 464.000,000,000 s)
2025-06-04 15:07:31,865 INFO  - Already have ACK (at simulation time 464.000,000,000 s)
2025-06-04 15:07:31,865 INFO  - Already have ACK (at simulation time 464.000,000,000 s)
2025-06-04 15:07:31,865 INFO  - Already have ACK (at simulation time 464.000,000,000 s)
2025-06-04 15:07:31,865 INFO  - Already have ACK (at simulation time 464.000,000,000 s)
2025-06-04 15:07:31,865 INFO  - Already have ACK (at simulation time 464.000,000,000 s)
2025-06-04 15:07:31,865 INFO  - Already have ACK (at simulation time 464.000,000,000 s)
2025-06-04 15:07:31,865 INFO  - Already have ACK (at simulation time 464.000,000,000 s)
2025-06-04 15:07:31,865 INFO  - Already have ACK (at simulation time 464.000,000,000 s)
2025-06-04 15:07:31,865 INFO  - Already have ACK (at simulation time 464.000,000,000 s)
2025-06-04 15:07:31,865 INFO  - Already have ACK (at simulation time 464.000,000,000 s)
2025-06-04 15:07:31,865 INFO  - Already have ACK (at simulation time 464.000,000,000 s)
2025-06-04 15:07:31,865 INFO  - Already have ACK (at simulation time 464.000,000,000 s)
2025-06-04 15:07:31,865 INFO  - Already have ACK (at simulation time 464.000,000,000 s)
2025-06-04 15:07:31,865 INFO  - Already have ACK (at simulation time 464.000,000,000 s)
2025-06-04 15:07:31,865 INFO  - Already have ACK (at simulation time 464.000,000,000 s)
2025-06-04 15:07:31,865 INFO  - Already have ACK (at simulation time 464.000,000,000 s)
2025-06-04 15:07:31,866 INFO  - Already have ACK (at simulation time 464.000,000,000 s)
2025-06-04 15:07:31,866 INFO  - Already have ACK (at simulation time 464.000,000,000 s)
2025-06-04 15:07:31,866 INFO  - Already have ACK (at simulation time 464.000,000,000 s)
2025-06-04 15:07:31,866 INFO  - Already have ACK (at simulation time 464.000,000,000 s)
2025-06-04 15:07:31,866 INFO  - Already have ACK (at simulation time 464.000,000,000 s)
2025-06-04 15:07:31,866 INFO  - Already have ACK (at simulation time 464.000,000,000 s)
2025-06-04 15:07:31,866 INFO  - Already have ACK (at simulation time 464.000,000,000 s)
2025-06-04 15:07:31,866 INFO  - Already have ACK (at simulation time 464.000,000,000 s)
2025-06-04 15:07:31,866 INFO  - Already have ACK (at simulation time 464.000,000,000 s)
2025-06-04 15:07:31,866 INFO  - Already have ACK (at simulation time 464.000,000,000 s)
2025-06-04 15:07:31,866 INFO  - Already have ACK (at simulation time 464.000,000,000 s)
2025-06-04 15:07:31,866 INFO  - Already have ACK (at simulation time 464.000,000,000 s)
2025-06-04 15:07:31,866 INFO  - Already have ACK (at simulation time 464.000,000,000 s)
2025-06-04 15:07:31,866 INFO  - Already have ACK (at simulation time 464.000,000,000 s)
2025-06-04 15:07:31,866 INFO  - Already have ACK (at simulation time 464.000,000,000 s)
2025-06-04 15:07:31,866 INFO  - Already have ACK (at simulation time 464.000,000,000 s)
2025-06-04 15:07:31,866 INFO  - Already have ACK (at simulation time 464.000,000,000 s)
2025-06-04 15:07:31,866 INFO  - Already have ACK (at simulation time 464.000,000,000 s)
2025-06-04 15:07:31,866 INFO  - Already have ACK (at simulation time 464.000,000,000 s)
2025-06-04 15:07:31,869 INFO  - Already have ACK (at simulation time 465.000,000,000 s)
2025-06-04 15:07:31,869 INFO  - Already have ACK (at simulation time 465.000,000,000 s)
2025-06-04 15:07:31,869 INFO  - Already have ACK (at simulation time 465.000,000,000 s)
2025-06-04 15:07:31,869 INFO  - Already have ACK (at simulation time 465.000,000,000 s)
2025-06-04 15:07:31,869 INFO  - Already have ACK (at simulation time 465.000,000,000 s)
2025-06-04 15:07:31,869 INFO  - Already have ACK (at simulation time 465.000,000,000 s)
2025-06-04 15:07:31,869 INFO  - Already have ACK (at simulation time 465.000,000,000 s)
2025-06-04 15:07:31,869 INFO  - Already have ACK (at simulation time 465.000,000,000 s)
2025-06-04 15:07:31,869 INFO  - Already have ACK (at simulation time 465.000,000,000 s)
2025-06-04 15:07:31,870 INFO  - Already have ACK (at simulation time 465.000,000,000 s)
2025-06-04 15:07:31,870 INFO  - Already have ACK (at simulation time 465.000,000,000 s)
2025-06-04 15:07:31,870 INFO  - Already have ACK (at simulation time 465.000,000,000 s)
2025-06-04 15:07:31,870 INFO  - Already have ACK (at simulation time 465.000,000,000 s)
2025-06-04 15:07:31,870 INFO  - Already have ACK (at simulation time 465.000,000,000 s)
2025-06-04 15:07:31,870 INFO  - Already have ACK (at simulation time 465.000,000,000 s)
2025-06-04 15:07:31,870 INFO  - Already have ACK (at simulation time 465.000,000,000 s)
2025-06-04 15:07:31,870 INFO  - Already have ACK (at simulation time 465.000,000,000 s)
2025-06-04 15:07:31,870 INFO  - Already have ACK (at simulation time 465.000,000,000 s)
2025-06-04 15:07:31,870 INFO  - Already have ACK (at simulation time 465.000,000,000 s)
2025-06-04 15:07:31,870 INFO  - Already have ACK (at simulation time 465.000,000,000 s)
2025-06-04 15:07:31,871 INFO  - Already have ACK (at simulation time 465.000,000,000 s)
2025-06-04 15:07:31,871 INFO  - Already have ACK (at simulation time 465.000,000,000 s)
2025-06-04 15:07:31,871 INFO  - Already have ACK (at simulation time 465.000,000,000 s)
2025-06-04 15:07:31,871 INFO  - Already have ACK (at simulation time 465.000,000,000 s)
2025-06-04 15:07:31,871 INFO  - Already have ACK (at simulation time 465.000,000,000 s)
2025-06-04 15:07:31,871 INFO  - Already have ACK (at simulation time 465.000,000,000 s)
2025-06-04 15:07:31,871 INFO  - Already have ACK (at simulation time 465.000,000,000 s)
2025-06-04 15:07:31,871 INFO  - Already have ACK (at simulation time 465.000,000,000 s)
2025-06-04 15:07:31,871 INFO  - Already have ACK (at simulation time 465.000,000,000 s)
2025-06-04 15:07:31,871 INFO  - Already have ACK (at simulation time 465.000,000,000 s)
2025-06-04 15:07:31,871 INFO  - Already have ACK (at simulation time 465.000,000,000 s)
2025-06-04 15:07:31,871 INFO  - Already have ACK (at simulation time 465.000,000,000 s)
2025-06-04 15:07:31,871 INFO  - Already have ACK (at simulation time 465.000,000,000 s)
2025-06-04 15:07:31,872 INFO  - Already have ACK (at simulation time 465.000,000,000 s)
2025-06-04 15:07:31,872 INFO  - Already have ACK (at simulation time 465.000,000,000 s)
2025-06-04 15:07:31,872 INFO  - Already have ACK (at simulation time 465.000,000,000 s)
2025-06-04 15:07:31,872 INFO  - Already have ACK (at simulation time 465.000,000,000 s)
2025-06-04 15:07:31,872 INFO  - Already have ACK (at simulation time 465.000,000,000 s)
2025-06-04 15:07:31,872 INFO  - Already have ACK (at simulation time 465.000,000,000 s)
2025-06-04 15:07:31,872 INFO  - Already have ACK (at simulation time 465.000,000,000 s)
2025-06-04 15:07:31,872 INFO  - Already have ACK (at simulation time 465.000,000,000 s)
2025-06-04 15:07:31,872 INFO  - Already have ACK (at simulation time 465.000,000,000 s)
2025-06-04 15:07:31,872 INFO  - Already have ACK (at simulation time 465.000,000,000 s)
2025-06-04 15:07:31,872 INFO  - Already have ACK (at simulation time 465.000,000,000 s)
2025-06-04 15:07:31,872 INFO  - Already have ACK (at simulation time 465.000,000,000 s)
2025-06-04 15:07:31,872 INFO  - Already have ACK (at simulation time 465.000,000,000 s)
2025-06-04 15:07:31,872 INFO  - Already have ACK (at simulation time 465.000,000,000 s)
2025-06-04 15:07:31,872 INFO  - Already have ACK (at simulation time 465.000,000,000 s)
2025-06-04 15:07:31,873 INFO  - Already have ACK (at simulation time 465.000,000,000 s)
2025-06-04 15:07:31,873 INFO  - Already have ACK (at simulation time 465.000,000,000 s)
2025-06-04 15:07:31,873 INFO  - Already have ACK (at simulation time 465.000,000,000 s)
2025-06-04 15:07:31,873 INFO  - Already have ACK (at simulation time 465.000,000,000 s)
2025-06-04 15:07:31,873 INFO  - Already have ACK (at simulation time 465.000,000,000 s)
2025-06-04 15:07:31,873 INFO  - Already have ACK (at simulation time 465.000,000,000 s)
2025-06-04 15:07:31,873 INFO  - Already have ACK (at simulation time 465.000,000,000 s)
2025-06-04 15:07:31,873 INFO  - Already have ACK (at simulation time 465.000,000,000 s)
2025-06-04 15:07:31,873 INFO  - Already have ACK (at simulation time 465.000,000,000 s)
2025-06-04 15:07:31,873 INFO  - Already have ACK (at simulation time 465.000,000,000 s)
2025-06-04 15:07:31,873 INFO  - Already have ACK (at simulation time 465.000,000,000 s)
2025-06-04 15:07:31,873 INFO  - Already have ACK (at simulation time 465.000,000,000 s)
2025-06-04 15:07:31,873 INFO  - Already have ACK (at simulation time 465.000,000,000 s)
2025-06-04 15:07:31,873 INFO  - Already have ACK (at simulation time 465.000,000,000 s)
2025-06-04 15:07:31,873 INFO  - Already have ACK (at simulation time 465.000,000,000 s)
2025-06-04 15:07:31,873 INFO  - Already have ACK (at simulation time 465.000,000,000 s)
2025-06-04 15:07:31,873 INFO  - Already have ACK (at simulation time 465.000,000,000 s)
2025-06-04 15:07:31,873 INFO  - Already have ACK (at simulation time 465.000,000,000 s)
2025-06-04 15:07:31,873 INFO  - Already have ACK (at simulation time 465.000,000,000 s)
2025-06-04 15:07:31,873 INFO  - Already have ACK (at simulation time 465.000,000,000 s)
2025-06-04 15:07:31,874 INFO  - Already have ACK (at simulation time 465.000,000,000 s)
2025-06-04 15:07:31,874 INFO  - Already have ACK (at simulation time 465.000,000,000 s)
2025-06-04 15:07:31,874 INFO  - Already have ACK (at simulation time 465.000,000,000 s)
2025-06-04 15:07:31,874 INFO  - Already have ACK (at simulation time 465.000,000,000 s)
2025-06-04 15:07:31,874 INFO  - Already have ACK (at simulation time 465.000,000,000 s)
2025-06-04 15:07:31,874 INFO  - Already have ACK (at simulation time 465.000,000,000 s)
2025-06-04 15:07:31,874 INFO  - Already have ACK (at simulation time 465.000,000,000 s)
2025-06-04 15:07:31,874 INFO  - Already have ACK (at simulation time 465.000,000,000 s)
2025-06-04 15:07:31,874 INFO  - Already have ACK (at simulation time 465.000,000,000 s)
2025-06-04 15:07:31,874 INFO  - Already have ACK (at simulation time 465.000,000,000 s)
2025-06-04 15:07:31,874 INFO  - Already have ACK (at simulation time 465.000,000,000 s)
2025-06-04 15:07:31,876 INFO  - Already have ACK (at simulation time 466.000,000,000 s)
2025-06-04 15:07:31,876 INFO  - Already have ACK (at simulation time 466.000,000,000 s)
2025-06-04 15:07:31,876 INFO  - Already have ACK (at simulation time 466.000,000,000 s)
2025-06-04 15:07:31,876 INFO  - Already have ACK (at simulation time 466.000,000,000 s)
2025-06-04 15:07:31,876 INFO  - Already have ACK (at simulation time 466.000,000,000 s)
2025-06-04 15:07:31,876 INFO  - Already have ACK (at simulation time 466.000,000,000 s)
2025-06-04 15:07:31,877 INFO  - Already have ACK (at simulation time 466.000,000,000 s)
2025-06-04 15:07:31,877 INFO  - Already have ACK (at simulation time 466.000,000,000 s)
2025-06-04 15:07:31,877 INFO  - Already have ACK (at simulation time 466.000,000,000 s)
2025-06-04 15:07:31,877 INFO  - Already have ACK (at simulation time 466.000,000,000 s)
2025-06-04 15:07:31,877 INFO  - Already have ACK (at simulation time 466.000,000,000 s)
2025-06-04 15:07:31,877 INFO  - Already have ACK (at simulation time 466.000,000,000 s)
2025-06-04 15:07:31,877 INFO  - Already have ACK (at simulation time 466.000,000,000 s)
2025-06-04 15:07:31,877 INFO  - Already have ACK (at simulation time 466.000,000,000 s)
2025-06-04 15:07:31,877 INFO  - Already have ACK (at simulation time 466.000,000,000 s)
2025-06-04 15:07:31,877 INFO  - Already have ACK (at simulation time 466.000,000,000 s)
2025-06-04 15:07:31,878 INFO  - Already have ACK (at simulation time 466.000,000,000 s)
2025-06-04 15:07:31,878 INFO  - Already have ACK (at simulation time 466.000,000,000 s)
2025-06-04 15:07:31,878 INFO  - Already have ACK (at simulation time 466.000,000,000 s)
2025-06-04 15:07:31,878 INFO  - Already have ACK (at simulation time 466.000,000,000 s)
2025-06-04 15:07:31,878 INFO  - Already have ACK (at simulation time 466.000,000,000 s)
2025-06-04 15:07:31,878 INFO  - Already have ACK (at simulation time 466.000,000,000 s)
2025-06-04 15:07:31,878 INFO  - Already have ACK (at simulation time 466.000,000,000 s)
2025-06-04 15:07:31,878 INFO  - Already have ACK (at simulation time 466.000,000,000 s)
2025-06-04 15:07:31,878 INFO  - Already have ACK (at simulation time 466.000,000,000 s)
2025-06-04 15:07:31,878 INFO  - Already have ACK (at simulation time 466.000,000,000 s)
2025-06-04 15:07:31,878 INFO  - Already have ACK (at simulation time 466.000,000,000 s)
2025-06-04 15:07:31,878 INFO  - Already have ACK (at simulation time 466.000,000,000 s)
2025-06-04 15:07:31,879 INFO  - Already have ACK (at simulation time 466.000,000,000 s)
2025-06-04 15:07:31,879 INFO  - Already have ACK (at simulation time 466.000,000,000 s)
2025-06-04 15:07:31,879 INFO  - Already have ACK (at simulation time 466.000,000,000 s)
2025-06-04 15:07:31,879 INFO  - Already have ACK (at simulation time 466.000,000,000 s)
2025-06-04 15:07:31,879 INFO  - Already have ACK (at simulation time 466.000,000,000 s)
2025-06-04 15:07:31,879 INFO  - Already have ACK (at simulation time 466.000,000,000 s)
2025-06-04 15:07:31,879 INFO  - Already have ACK (at simulation time 466.000,000,000 s)
2025-06-04 15:07:31,879 INFO  - Already have ACK (at simulation time 466.000,000,000 s)
2025-06-04 15:07:31,879 INFO  - Already have ACK (at simulation time 466.000,000,000 s)
2025-06-04 15:07:31,879 INFO  - Already have ACK (at simulation time 466.000,000,000 s)
2025-06-04 15:07:31,879 INFO  - Already have ACK (at simulation time 466.000,000,000 s)
2025-06-04 15:07:31,879 INFO  - Already have ACK (at simulation time 466.000,000,000 s)
2025-06-04 15:07:31,879 INFO  - Already have ACK (at simulation time 466.000,000,000 s)
2025-06-04 15:07:31,879 INFO  - Already have ACK (at simulation time 466.000,000,000 s)
2025-06-04 15:07:31,879 INFO  - Already have ACK (at simulation time 466.000,000,000 s)
2025-06-04 15:07:31,880 INFO  - Already have ACK (at simulation time 466.000,000,000 s)
2025-06-04 15:07:31,880 INFO  - Already have ACK (at simulation time 466.000,000,000 s)
2025-06-04 15:07:31,880 INFO  - Already have ACK (at simulation time 466.000,000,000 s)
2025-06-04 15:07:31,880 INFO  - Already have ACK (at simulation time 466.000,000,000 s)
2025-06-04 15:07:31,880 INFO  - Already have ACK (at simulation time 466.000,000,000 s)
2025-06-04 15:07:31,880 INFO  - Already have ACK (at simulation time 466.000,000,000 s)
2025-06-04 15:07:31,880 INFO  - Already have ACK (at simulation time 466.000,000,000 s)
2025-06-04 15:07:31,880 INFO  - Already have ACK (at simulation time 466.000,000,000 s)
2025-06-04 15:07:31,880 INFO  - Already have ACK (at simulation time 466.000,000,000 s)
2025-06-04 15:07:31,880 INFO  - Already have ACK (at simulation time 466.000,000,000 s)
2025-06-04 15:07:31,880 INFO  - Already have ACK (at simulation time 466.000,000,000 s)
2025-06-04 15:07:31,880 INFO  - Already have ACK (at simulation time 466.000,000,000 s)
2025-06-04 15:07:31,880 INFO  - Already have ACK (at simulation time 466.000,000,000 s)
2025-06-04 15:07:31,880 INFO  - Already have ACK (at simulation time 466.000,000,000 s)
2025-06-04 15:07:31,880 INFO  - Already have ACK (at simulation time 466.000,000,000 s)
2025-06-04 15:07:31,880 INFO  - Already have ACK (at simulation time 466.000,000,000 s)
2025-06-04 15:07:31,880 INFO  - Already have ACK (at simulation time 466.000,000,000 s)
2025-06-04 15:07:31,881 INFO  - Already have ACK (at simulation time 466.000,000,000 s)
2025-06-04 15:07:31,881 INFO  - Already have ACK (at simulation time 466.000,000,000 s)
2025-06-04 15:07:31,881 INFO  - Already have ACK (at simulation time 466.000,000,000 s)
2025-06-04 15:07:31,881 INFO  - Already have ACK (at simulation time 466.000,000,000 s)
2025-06-04 15:07:31,881 INFO  - Already have ACK (at simulation time 466.000,000,000 s)
2025-06-04 15:07:31,881 INFO  - Already have ACK (at simulation time 466.000,000,000 s)
2025-06-04 15:07:31,881 INFO  - Already have ACK (at simulation time 466.000,000,000 s)
2025-06-04 15:07:31,881 INFO  - Already have ACK (at simulation time 466.000,000,000 s)
2025-06-04 15:07:31,881 INFO  - Already have ACK (at simulation time 466.000,000,000 s)
2025-06-04 15:07:31,881 INFO  - Already have ACK (at simulation time 466.000,000,000 s)
2025-06-04 15:07:31,881 INFO  - Already have ACK (at simulation time 466.000,000,000 s)
2025-06-04 15:07:31,881 INFO  - Already have ACK (at simulation time 466.000,000,000 s)
2025-06-04 15:07:31,881 INFO  - Already have ACK (at simulation time 466.000,000,000 s)
2025-06-04 15:07:31,881 INFO  - Already have ACK (at simulation time 466.000,000,000 s)
2025-06-04 15:07:31,881 INFO  - Already have ACK (at simulation time 466.000,000,000 s)
2025-06-04 15:07:31,881 INFO  - Already have ACK (at simulation time 466.000,000,000 s)
2025-06-04 15:07:31,881 INFO  - Already have ACK (at simulation time 466.000,000,000 s)
2025-06-04 15:07:31,881 INFO  - Already have ACK (at simulation time 466.000,000,000 s)
2025-06-04 15:07:31,881 INFO  - Already have ACK (at simulation time 466.000,000,000 s)
2025-06-04 15:07:31,881 INFO  - Already have ACK (at simulation time 466.000,000,000 s)
2025-06-04 15:07:31,883 INFO  - Sent periodic GreenWaveMsg: veh_74 on route r_0 (at simulation time 467.000,000,000 s)
2025-06-04 15:07:31,883 INFO  - Already have ACK (at simulation time 467.000,000,000 s)
2025-06-04 15:07:31,884 INFO  - Already have ACK (at simulation time 467.000,000,000 s)
2025-06-04 15:07:31,884 INFO  - Already have ACK (at simulation time 467.000,000,000 s)
2025-06-04 15:07:31,884 INFO  - Already have ACK (at simulation time 467.000,000,000 s)
2025-06-04 15:07:31,884 INFO  - Already have ACK (at simulation time 467.000,000,000 s)
2025-06-04 15:07:31,884 INFO  - Already have ACK (at simulation time 467.000,000,000 s)
2025-06-04 15:07:31,884 INFO  - Already have ACK (at simulation time 467.000,000,000 s)
2025-06-04 15:07:31,885 INFO  - Already have ACK (at simulation time 467.000,000,000 s)
2025-06-04 15:07:31,885 INFO  - Already have ACK (at simulation time 467.000,000,000 s)
2025-06-04 15:07:31,885 INFO  - Already have ACK (at simulation time 467.000,000,000 s)
2025-06-04 15:07:31,885 INFO  - Already have ACK (at simulation time 467.000,000,000 s)
2025-06-04 15:07:31,885 INFO  - Already have ACK (at simulation time 467.000,000,000 s)
2025-06-04 15:07:31,885 INFO  - Already have ACK (at simulation time 467.000,000,000 s)
2025-06-04 15:07:31,885 INFO  - Already have ACK (at simulation time 467.000,000,000 s)
2025-06-04 15:07:31,885 INFO  - Already have ACK (at simulation time 467.000,000,000 s)
2025-06-04 15:07:31,885 INFO  - Already have ACK (at simulation time 467.000,000,000 s)
2025-06-04 15:07:31,885 INFO  - Already have ACK (at simulation time 467.000,000,000 s)
2025-06-04 15:07:31,886 INFO  - Already have ACK (at simulation time 467.000,000,000 s)
2025-06-04 15:07:31,886 INFO  - Already have ACK (at simulation time 467.000,000,000 s)
2025-06-04 15:07:31,886 INFO  - Already have ACK (at simulation time 467.000,000,000 s)
2025-06-04 15:07:31,886 INFO  - Already have ACK (at simulation time 467.000,000,000 s)
2025-06-04 15:07:31,886 INFO  - Already have ACK (at simulation time 467.000,000,000 s)
2025-06-04 15:07:31,886 INFO  - Already have ACK (at simulation time 467.000,000,000 s)
2025-06-04 15:07:31,886 INFO  - Already have ACK (at simulation time 467.000,000,000 s)
2025-06-04 15:07:31,886 INFO  - Already have ACK (at simulation time 467.000,000,000 s)
2025-06-04 15:07:31,886 INFO  - Already have ACK (at simulation time 467.000,000,000 s)
2025-06-04 15:07:31,886 INFO  - Already have ACK (at simulation time 467.000,000,000 s)
2025-06-04 15:07:31,886 INFO  - Already have ACK (at simulation time 467.000,000,000 s)
2025-06-04 15:07:31,886 INFO  - Already have ACK (at simulation time 467.000,000,000 s)
2025-06-04 15:07:31,887 INFO  - Already have ACK (at simulation time 467.000,000,000 s)
2025-06-04 15:07:31,887 INFO  - Already have ACK (at simulation time 467.000,000,000 s)
2025-06-04 15:07:31,887 INFO  - Already have ACK (at simulation time 467.000,000,000 s)
2025-06-04 15:07:31,887 INFO  - Already have ACK (at simulation time 467.000,000,000 s)
2025-06-04 15:07:31,887 INFO  - Already have ACK (at simulation time 467.000,000,000 s)
2025-06-04 15:07:31,887 INFO  - Already have ACK (at simulation time 467.000,000,000 s)
2025-06-04 15:07:31,887 INFO  - Already have ACK (at simulation time 467.000,000,000 s)
2025-06-04 15:07:31,887 INFO  - Already have ACK (at simulation time 467.000,000,000 s)
2025-06-04 15:07:31,887 INFO  - Already have ACK (at simulation time 467.000,000,000 s)
2025-06-04 15:07:31,887 INFO  - Already have ACK (at simulation time 467.000,000,000 s)
2025-06-04 15:07:31,887 INFO  - Already have ACK (at simulation time 467.000,000,000 s)
2025-06-04 15:07:31,887 INFO  - Already have ACK (at simulation time 467.000,000,000 s)
2025-06-04 15:07:31,887 INFO  - Already have ACK (at simulation time 467.000,000,000 s)
2025-06-04 15:07:31,888 INFO  - Already have ACK (at simulation time 467.000,000,000 s)
2025-06-04 15:07:31,888 INFO  - Already have ACK (at simulation time 467.000,000,000 s)
2025-06-04 15:07:31,888 INFO  - Already have ACK (at simulation time 467.000,000,000 s)
2025-06-04 15:07:31,888 INFO  - Already have ACK (at simulation time 467.000,000,000 s)
2025-06-04 15:07:31,888 INFO  - Already have ACK (at simulation time 467.000,000,000 s)
2025-06-04 15:07:31,888 INFO  - Already have ACK (at simulation time 467.000,000,000 s)
2025-06-04 15:07:31,888 INFO  - Already have ACK (at simulation time 467.000,000,000 s)
2025-06-04 15:07:31,888 INFO  - Already have ACK (at simulation time 467.000,000,000 s)
2025-06-04 15:07:31,888 INFO  - Already have ACK (at simulation time 467.000,000,000 s)
2025-06-04 15:07:31,888 INFO  - Already have ACK (at simulation time 467.000,000,000 s)
2025-06-04 15:07:31,888 INFO  - Already have ACK (at simulation time 467.000,000,000 s)
2025-06-04 15:07:31,888 INFO  - Already have ACK (at simulation time 467.000,000,000 s)
2025-06-04 15:07:31,888 INFO  - Already have ACK (at simulation time 467.000,000,000 s)
2025-06-04 15:07:31,889 INFO  - Already have ACK (at simulation time 467.000,000,000 s)
2025-06-04 15:07:31,889 INFO  - Already have ACK (at simulation time 467.000,000,000 s)
2025-06-04 15:07:31,889 INFO  - Already have ACK (at simulation time 467.000,000,000 s)
2025-06-04 15:07:31,889 INFO  - Already have ACK (at simulation time 467.000,000,000 s)
2025-06-04 15:07:31,889 INFO  - Already have ACK (at simulation time 467.000,000,000 s)
2025-06-04 15:07:31,889 INFO  - Already have ACK (at simulation time 467.000,000,000 s)
2025-06-04 15:07:31,889 INFO  - Already have ACK (at simulation time 467.000,000,000 s)
2025-06-04 15:07:31,889 INFO  - Already have ACK (at simulation time 467.000,000,000 s)
2025-06-04 15:07:31,889 INFO  - Already have ACK (at simulation time 467.000,000,000 s)
2025-06-04 15:07:31,889 INFO  - Already have ACK (at simulation time 467.000,000,000 s)
2025-06-04 15:07:31,889 INFO  - Already have ACK (at simulation time 467.000,000,000 s)
2025-06-04 15:07:31,889 INFO  - Already have ACK (at simulation time 467.000,000,000 s)
2025-06-04 15:07:31,889 INFO  - Already have ACK (at simulation time 467.000,000,000 s)
2025-06-04 15:07:31,889 INFO  - Already have ACK (at simulation time 467.000,000,000 s)
2025-06-04 15:07:31,889 INFO  - Already have ACK (at simulation time 467.000,000,000 s)
2025-06-04 15:07:31,889 INFO  - Already have ACK (at simulation time 467.000,000,000 s)
2025-06-04 15:07:31,889 INFO  - Already have ACK (at simulation time 467.000,000,000 s)
2025-06-04 15:07:31,890 INFO  - Already have ACK (at simulation time 467.000,000,000 s)
2025-06-04 15:07:31,890 INFO  - Already have ACK (at simulation time 467.000,000,000 s)
2025-06-04 15:07:31,890 INFO  - Already have ACK (at simulation time 467.000,000,000 s)
2025-06-04 15:07:31,890 INFO  - Already have ACK (at simulation time 467.000,000,000 s)
2025-06-04 15:07:31,890 INFO  - Already have ACK (at simulation time 467.000,000,000 s)
2025-06-04 15:07:31,890 INFO  - Already have ACK (at simulation time 467.000,000,000 s)
2025-06-04 15:07:31,890 INFO  - Already have ACK (at simulation time 467.000,000,000 s)
2025-06-04 15:07:31,890 INFO  - Already have ACK (at simulation time 467.000,000,000 s)
2025-06-04 15:07:31,890 INFO  - Already have ACK (at simulation time 467.000,000,000 s)
2025-06-04 15:07:31,952 INFO  - Already have ACK (at simulation time 468.000,000,000 s)
2025-06-04 15:07:31,953 INFO  - Already have ACK (at simulation time 468.000,000,000 s)
2025-06-04 15:07:31,953 INFO  - Already have ACK (at simulation time 468.000,000,000 s)
2025-06-04 15:07:31,953 INFO  - Already have ACK (at simulation time 468.000,000,000 s)
2025-06-04 15:07:31,953 INFO  - Already have ACK (at simulation time 468.000,000,000 s)
2025-06-04 15:07:31,953 INFO  - Already have ACK (at simulation time 468.000,000,000 s)
2025-06-04 15:07:31,953 INFO  - Already have ACK (at simulation time 468.000,000,000 s)
2025-06-04 15:07:31,953 INFO  - Already have ACK (at simulation time 468.000,000,000 s)
2025-06-04 15:07:31,954 INFO  - Already have ACK (at simulation time 468.000,000,000 s)
2025-06-04 15:07:31,954 INFO  - Already have ACK (at simulation time 468.000,000,000 s)
2025-06-04 15:07:31,954 INFO  - Already have ACK (at simulation time 468.000,000,000 s)
2025-06-04 15:07:31,954 INFO  - Already have ACK (at simulation time 468.000,000,000 s)
2025-06-04 15:07:31,954 INFO  - Already have ACK (at simulation time 468.000,000,000 s)
2025-06-04 15:07:31,954 INFO  - Already have ACK (at simulation time 468.000,000,000 s)
2025-06-04 15:07:31,954 INFO  - Already have ACK (at simulation time 468.000,000,000 s)
2025-06-04 15:07:31,954 INFO  - Already have ACK (at simulation time 468.000,000,000 s)
2025-06-04 15:07:31,954 INFO  - Already have ACK (at simulation time 468.000,000,000 s)
2025-06-04 15:07:31,954 INFO  - Already have ACK (at simulation time 468.000,000,000 s)
2025-06-04 15:07:31,954 INFO  - Already have ACK (at simulation time 468.000,000,000 s)
2025-06-04 15:07:31,954 INFO  - Already have ACK (at simulation time 468.000,000,000 s)
2025-06-04 15:07:31,955 INFO  - Already have ACK (at simulation time 468.000,000,000 s)
2025-06-04 15:07:31,955 INFO  - Already have ACK (at simulation time 468.000,000,000 s)
2025-06-04 15:07:31,955 INFO  - Already have ACK (at simulation time 468.000,000,000 s)
2025-06-04 15:07:31,955 INFO  - Already have ACK (at simulation time 468.000,000,000 s)
2025-06-04 15:07:31,955 INFO  - Already have ACK (at simulation time 468.000,000,000 s)
2025-06-04 15:07:31,955 INFO  - Already have ACK (at simulation time 468.000,000,000 s)
2025-06-04 15:07:31,955 INFO  - Already have ACK (at simulation time 468.000,000,000 s)
2025-06-04 15:07:31,955 INFO  - Already have ACK (at simulation time 468.000,000,000 s)
2025-06-04 15:07:31,955 INFO  - Already have ACK (at simulation time 468.000,000,000 s)
2025-06-04 15:07:31,955 INFO  - Already have ACK (at simulation time 468.000,000,000 s)
2025-06-04 15:07:31,955 INFO  - Already have ACK (at simulation time 468.000,000,000 s)
2025-06-04 15:07:31,955 INFO  - Already have ACK (at simulation time 468.000,000,000 s)
2025-06-04 15:07:31,955 INFO  - Already have ACK (at simulation time 468.000,000,000 s)
2025-06-04 15:07:31,955 INFO  - Already have ACK (at simulation time 468.000,000,000 s)
2025-06-04 15:07:31,956 INFO  - Already have ACK (at simulation time 468.000,000,000 s)
2025-06-04 15:07:31,956 INFO  - Already have ACK (at simulation time 468.000,000,000 s)
2025-06-04 15:07:31,956 INFO  - Already have ACK (at simulation time 468.000,000,000 s)
2025-06-04 15:07:31,956 INFO  - Already have ACK (at simulation time 468.000,000,000 s)
2025-06-04 15:07:31,956 INFO  - Already have ACK (at simulation time 468.000,000,000 s)
2025-06-04 15:07:31,956 INFO  - Already have ACK (at simulation time 468.000,000,000 s)
2025-06-04 15:07:31,956 INFO  - Already have ACK (at simulation time 468.000,000,000 s)
2025-06-04 15:07:31,956 INFO  - Already have ACK (at simulation time 468.000,000,000 s)
2025-06-04 15:07:31,956 INFO  - Already have ACK (at simulation time 468.000,000,000 s)
2025-06-04 15:07:31,956 INFO  - Already have ACK (at simulation time 468.000,000,000 s)
2025-06-04 15:07:31,956 INFO  - Already have ACK (at simulation time 468.000,000,000 s)
2025-06-04 15:07:31,956 INFO  - Already have ACK (at simulation time 468.000,000,000 s)
2025-06-04 15:07:31,956 INFO  - Already have ACK (at simulation time 468.000,000,000 s)
2025-06-04 15:07:31,956 INFO  - Already have ACK (at simulation time 468.000,000,000 s)
2025-06-04 15:07:31,956 INFO  - Already have ACK (at simulation time 468.000,000,000 s)
2025-06-04 15:07:31,957 INFO  - Already have ACK (at simulation time 468.000,000,000 s)
2025-06-04 15:07:31,957 INFO  - Already have ACK (at simulation time 468.000,000,000 s)
2025-06-04 15:07:31,957 INFO  - Already have ACK (at simulation time 468.000,000,000 s)
2025-06-04 15:07:31,957 INFO  - Already have ACK (at simulation time 468.000,000,000 s)
2025-06-04 15:07:31,957 INFO  - Already have ACK (at simulation time 468.000,000,000 s)
2025-06-04 15:07:31,957 INFO  - Already have ACK (at simulation time 468.000,000,000 s)
2025-06-04 15:07:31,957 INFO  - Already have ACK (at simulation time 468.000,000,000 s)
2025-06-04 15:07:31,957 INFO  - Already have ACK (at simulation time 468.000,000,000 s)
2025-06-04 15:07:31,957 INFO  - Already have ACK (at simulation time 468.000,000,000 s)
2025-06-04 15:07:31,957 INFO  - Already have ACK (at simulation time 468.000,000,000 s)
2025-06-04 15:07:31,957 INFO  - Already have ACK (at simulation time 468.000,000,000 s)
2025-06-04 15:07:31,957 INFO  - Already have ACK (at simulation time 468.000,000,000 s)
2025-06-04 15:07:31,957 INFO  - Already have ACK (at simulation time 468.000,000,000 s)
2025-06-04 15:07:31,957 INFO  - Already have ACK (at simulation time 468.000,000,000 s)
2025-06-04 15:07:31,957 INFO  - Already have ACK (at simulation time 468.000,000,000 s)
2025-06-04 15:07:31,957 INFO  - Already have ACK (at simulation time 468.000,000,000 s)
2025-06-04 15:07:31,957 INFO  - Already have ACK (at simulation time 468.000,000,000 s)
2025-06-04 15:07:31,957 INFO  - Already have ACK (at simulation time 468.000,000,000 s)
2025-06-04 15:07:31,957 INFO  - Already have ACK (at simulation time 468.000,000,000 s)
2025-06-04 15:07:31,958 INFO  - Already have ACK (at simulation time 468.000,000,000 s)
2025-06-04 15:07:31,958 INFO  - Already have ACK (at simulation time 468.000,000,000 s)
2025-06-04 15:07:31,958 INFO  - Already have ACK (at simulation time 468.000,000,000 s)
2025-06-04 15:07:31,958 INFO  - Already have ACK (at simulation time 468.000,000,000 s)
2025-06-04 15:07:31,958 INFO  - Already have ACK (at simulation time 468.000,000,000 s)
2025-06-04 15:07:31,958 INFO  - Already have ACK (at simulation time 468.000,000,000 s)
2025-06-04 15:07:31,958 INFO  - Already have ACK (at simulation time 468.000,000,000 s)
2025-06-04 15:07:31,958 INFO  - Already have ACK (at simulation time 468.000,000,000 s)
2025-06-04 15:07:31,958 INFO  - Already have ACK (at simulation time 468.000,000,000 s)
2025-06-04 15:07:31,958 INFO  - Already have ACK (at simulation time 468.000,000,000 s)
2025-06-04 15:07:31,958 INFO  - Already have ACK (at simulation time 468.000,000,000 s)
2025-06-04 15:07:31,958 INFO  - Already have ACK (at simulation time 468.000,000,000 s)
2025-06-04 15:07:31,958 INFO  - Already have ACK (at simulation time 468.000,000,000 s)
2025-06-04 15:07:31,958 INFO  - Already have ACK (at simulation time 468.000,000,000 s)
2025-06-04 15:07:31,965 INFO  - Already have ACK (at simulation time 469.000,000,000 s)
2025-06-04 15:07:31,965 INFO  - Already have ACK (at simulation time 469.000,000,000 s)
2025-06-04 15:07:31,965 INFO  - Already have ACK (at simulation time 469.000,000,000 s)
2025-06-04 15:07:31,965 INFO  - Already have ACK (at simulation time 469.000,000,000 s)
2025-06-04 15:07:31,965 INFO  - Already have ACK (at simulation time 469.000,000,000 s)
2025-06-04 15:07:31,966 INFO  - Already have ACK (at simulation time 469.000,000,000 s)
2025-06-04 15:07:31,966 INFO  - Already have ACK (at simulation time 469.000,000,000 s)
2025-06-04 15:07:31,966 INFO  - Already have ACK (at simulation time 469.000,000,000 s)
2025-06-04 15:07:31,966 INFO  - Already have ACK (at simulation time 469.000,000,000 s)
2025-06-04 15:07:31,966 INFO  - Already have ACK (at simulation time 469.000,000,000 s)
2025-06-04 15:07:31,966 INFO  - Already have ACK (at simulation time 469.000,000,000 s)
2025-06-04 15:07:31,966 INFO  - Already have ACK (at simulation time 469.000,000,000 s)
2025-06-04 15:07:31,966 INFO  - Already have ACK (at simulation time 469.000,000,000 s)
2025-06-04 15:07:31,966 INFO  - Already have ACK (at simulation time 469.000,000,000 s)
2025-06-04 15:07:31,966 INFO  - Already have ACK (at simulation time 469.000,000,000 s)
2025-06-04 15:07:31,966 INFO  - Already have ACK (at simulation time 469.000,000,000 s)
2025-06-04 15:07:31,967 INFO  - Already have ACK (at simulation time 469.000,000,000 s)
2025-06-04 15:07:31,967 INFO  - Already have ACK (at simulation time 469.000,000,000 s)
2025-06-04 15:07:31,967 INFO  - Already have ACK (at simulation time 469.000,000,000 s)
2025-06-04 15:07:31,967 INFO  - Already have ACK (at simulation time 469.000,000,000 s)
2025-06-04 15:07:31,967 INFO  - Already have ACK (at simulation time 469.000,000,000 s)
2025-06-04 15:07:31,967 INFO  - Already have ACK (at simulation time 469.000,000,000 s)
2025-06-04 15:07:31,967 INFO  - Already have ACK (at simulation time 469.000,000,000 s)
2025-06-04 15:07:31,967 INFO  - Already have ACK (at simulation time 469.000,000,000 s)
2025-06-04 15:07:31,967 INFO  - Already have ACK (at simulation time 469.000,000,000 s)
2025-06-04 15:07:31,968 INFO  - Already have ACK (at simulation time 469.000,000,000 s)
2025-06-04 15:07:31,968 INFO  - Already have ACK (at simulation time 469.000,000,000 s)
2025-06-04 15:07:31,968 INFO  - Already have ACK (at simulation time 469.000,000,000 s)
2025-06-04 15:07:31,968 INFO  - Already have ACK (at simulation time 469.000,000,000 s)
2025-06-04 15:07:31,968 INFO  - Already have ACK (at simulation time 469.000,000,000 s)
2025-06-04 15:07:31,968 INFO  - Already have ACK (at simulation time 469.000,000,000 s)
2025-06-04 15:07:31,968 INFO  - Already have ACK (at simulation time 469.000,000,000 s)
2025-06-04 15:07:31,968 INFO  - Already have ACK (at simulation time 469.000,000,000 s)
2025-06-04 15:07:31,968 INFO  - Already have ACK (at simulation time 469.000,000,000 s)
2025-06-04 15:07:31,968 INFO  - Already have ACK (at simulation time 469.000,000,000 s)
2025-06-04 15:07:31,969 INFO  - Already have ACK (at simulation time 469.000,000,000 s)
2025-06-04 15:07:31,969 INFO  - Already have ACK (at simulation time 469.000,000,000 s)
2025-06-04 15:07:31,969 INFO  - Already have ACK (at simulation time 469.000,000,000 s)
2025-06-04 15:07:31,969 INFO  - Already have ACK (at simulation time 469.000,000,000 s)
2025-06-04 15:07:31,969 INFO  - Already have ACK (at simulation time 469.000,000,000 s)
2025-06-04 15:07:31,969 INFO  - Already have ACK (at simulation time 469.000,000,000 s)
2025-06-04 15:07:31,969 INFO  - Already have ACK (at simulation time 469.000,000,000 s)
2025-06-04 15:07:31,969 INFO  - Already have ACK (at simulation time 469.000,000,000 s)
2025-06-04 15:07:31,969 INFO  - Already have ACK (at simulation time 469.000,000,000 s)
2025-06-04 15:07:31,969 INFO  - Already have ACK (at simulation time 469.000,000,000 s)
2025-06-04 15:07:31,969 INFO  - Already have ACK (at simulation time 469.000,000,000 s)
2025-06-04 15:07:31,969 INFO  - Already have ACK (at simulation time 469.000,000,000 s)
2025-06-04 15:07:31,969 INFO  - Already have ACK (at simulation time 469.000,000,000 s)
2025-06-04 15:07:31,969 INFO  - Already have ACK (at simulation time 469.000,000,000 s)
2025-06-04 15:07:31,969 INFO  - Already have ACK (at simulation time 469.000,000,000 s)
2025-06-04 15:07:31,970 INFO  - Already have ACK (at simulation time 469.000,000,000 s)
2025-06-04 15:07:31,970 INFO  - Already have ACK (at simulation time 469.000,000,000 s)
2025-06-04 15:07:31,970 INFO  - Already have ACK (at simulation time 469.000,000,000 s)
2025-06-04 15:07:31,970 INFO  - Already have ACK (at simulation time 469.000,000,000 s)
2025-06-04 15:07:31,970 INFO  - Already have ACK (at simulation time 469.000,000,000 s)
2025-06-04 15:07:31,970 INFO  - Already have ACK (at simulation time 469.000,000,000 s)
2025-06-04 15:07:31,970 INFO  - Already have ACK (at simulation time 469.000,000,000 s)
2025-06-04 15:07:31,970 INFO  - Already have ACK (at simulation time 469.000,000,000 s)
2025-06-04 15:07:31,970 INFO  - Already have ACK (at simulation time 469.000,000,000 s)
2025-06-04 15:07:31,970 INFO  - Already have ACK (at simulation time 469.000,000,000 s)
2025-06-04 15:07:31,970 INFO  - Already have ACK (at simulation time 469.000,000,000 s)
2025-06-04 15:07:31,970 INFO  - Already have ACK (at simulation time 469.000,000,000 s)
2025-06-04 15:07:31,970 INFO  - Already have ACK (at simulation time 469.000,000,000 s)
2025-06-04 15:07:31,971 INFO  - Already have ACK (at simulation time 469.000,000,000 s)
2025-06-04 15:07:31,971 INFO  - Already have ACK (at simulation time 469.000,000,000 s)
2025-06-04 15:07:31,971 INFO  - Already have ACK (at simulation time 469.000,000,000 s)
2025-06-04 15:07:31,971 INFO  - Already have ACK (at simulation time 469.000,000,000 s)
2025-06-04 15:07:31,971 INFO  - Already have ACK (at simulation time 469.000,000,000 s)
2025-06-04 15:07:31,971 INFO  - Already have ACK (at simulation time 469.000,000,000 s)
2025-06-04 15:07:31,971 INFO  - Already have ACK (at simulation time 469.000,000,000 s)
2025-06-04 15:07:31,971 INFO  - Already have ACK (at simulation time 469.000,000,000 s)
2025-06-04 15:07:31,971 INFO  - Already have ACK (at simulation time 469.000,000,000 s)
2025-06-04 15:07:31,971 INFO  - Already have ACK (at simulation time 469.000,000,000 s)
2025-06-04 15:07:31,971 INFO  - Already have ACK (at simulation time 469.000,000,000 s)
2025-06-04 15:07:31,971 INFO  - Already have ACK (at simulation time 469.000,000,000 s)
2025-06-04 15:07:31,971 INFO  - Already have ACK (at simulation time 469.000,000,000 s)
2025-06-04 15:07:31,971 INFO  - Already have ACK (at simulation time 469.000,000,000 s)
2025-06-04 15:07:31,971 INFO  - Already have ACK (at simulation time 469.000,000,000 s)
2025-06-04 15:07:31,971 INFO  - Already have ACK (at simulation time 469.000,000,000 s)
2025-06-04 15:07:31,971 INFO  - Already have ACK (at simulation time 469.000,000,000 s)
2025-06-04 15:07:31,972 INFO  - Already have ACK (at simulation time 469.000,000,000 s)
2025-06-04 15:07:31,972 INFO  - Already have ACK (at simulation time 469.000,000,000 s)
2025-06-04 15:07:31,972 INFO  - Already have ACK (at simulation time 469.000,000,000 s)
2025-06-04 15:07:31,975 INFO  - Already have ACK (at simulation time 470.000,000,000 s)
2025-06-04 15:07:31,976 INFO  - Already have ACK (at simulation time 470.000,000,000 s)
2025-06-04 15:07:31,976 INFO  - Already have ACK (at simulation time 470.000,000,000 s)
2025-06-04 15:07:31,976 INFO  - Already have ACK (at simulation time 470.000,000,000 s)
2025-06-04 15:07:31,976 INFO  - Already have ACK (at simulation time 470.000,000,000 s)
2025-06-04 15:07:31,976 INFO  - Already have ACK (at simulation time 470.000,000,000 s)
2025-06-04 15:07:31,976 INFO  - Already have ACK (at simulation time 470.000,000,000 s)
2025-06-04 15:07:31,977 INFO  - Already have ACK (at simulation time 470.000,000,000 s)
2025-06-04 15:07:31,977 INFO  - Already have ACK (at simulation time 470.000,000,000 s)
2025-06-04 15:07:31,977 INFO  - Already have ACK (at simulation time 470.000,000,000 s)
2025-06-04 15:07:31,977 INFO  - Already have ACK (at simulation time 470.000,000,000 s)
2025-06-04 15:07:31,977 INFO  - Already have ACK (at simulation time 470.000,000,000 s)
2025-06-04 15:07:31,977 INFO  - Already have ACK (at simulation time 470.000,000,000 s)
2025-06-04 15:07:31,977 INFO  - Already have ACK (at simulation time 470.000,000,000 s)
2025-06-04 15:07:31,977 INFO  - Already have ACK (at simulation time 470.000,000,000 s)
2025-06-04 15:07:31,978 INFO  - Already have ACK (at simulation time 470.000,000,000 s)
2025-06-04 15:07:31,978 INFO  - Already have ACK (at simulation time 470.000,000,000 s)
2025-06-04 15:07:31,978 INFO  - Already have ACK (at simulation time 470.000,000,000 s)
2025-06-04 15:07:31,978 INFO  - Already have ACK (at simulation time 470.000,000,000 s)
2025-06-04 15:07:31,978 INFO  - Already have ACK (at simulation time 470.000,000,000 s)
2025-06-04 15:07:31,978 INFO  - Already have ACK (at simulation time 470.000,000,000 s)
2025-06-04 15:07:31,978 INFO  - Already have ACK (at simulation time 470.000,000,000 s)
2025-06-04 15:07:31,978 INFO  - Already have ACK (at simulation time 470.000,000,000 s)
2025-06-04 15:07:31,978 INFO  - Already have ACK (at simulation time 470.000,000,000 s)
2025-06-04 15:07:31,979 INFO  - Already have ACK (at simulation time 470.000,000,000 s)
2025-06-04 15:07:31,979 INFO  - Already have ACK (at simulation time 470.000,000,000 s)
2025-06-04 15:07:31,979 INFO  - Already have ACK (at simulation time 470.000,000,000 s)
2025-06-04 15:07:31,979 INFO  - Already have ACK (at simulation time 470.000,000,000 s)
2025-06-04 15:07:31,979 INFO  - Already have ACK (at simulation time 470.000,000,000 s)
2025-06-04 15:07:31,979 INFO  - Already have ACK (at simulation time 470.000,000,000 s)
2025-06-04 15:07:31,979 INFO  - Already have ACK (at simulation time 470.000,000,000 s)
2025-06-04 15:07:31,979 INFO  - Already have ACK (at simulation time 470.000,000,000 s)
2025-06-04 15:07:31,979 INFO  - Already have ACK (at simulation time 470.000,000,000 s)
2025-06-04 15:07:31,980 INFO  - Already have ACK (at simulation time 470.000,000,000 s)
2025-06-04 15:07:31,980 INFO  - Already have ACK (at simulation time 470.000,000,000 s)
2025-06-04 15:07:31,980 INFO  - Already have ACK (at simulation time 470.000,000,000 s)
2025-06-04 15:07:31,980 INFO  - Already have ACK (at simulation time 470.000,000,000 s)
2025-06-04 15:07:31,980 INFO  - Already have ACK (at simulation time 470.000,000,000 s)
2025-06-04 15:07:31,980 INFO  - Already have ACK (at simulation time 470.000,000,000 s)
2025-06-04 15:07:31,980 INFO  - Already have ACK (at simulation time 470.000,000,000 s)
2025-06-04 15:07:31,980 INFO  - Already have ACK (at simulation time 470.000,000,000 s)
2025-06-04 15:07:31,980 INFO  - Already have ACK (at simulation time 470.000,000,000 s)
2025-06-04 15:07:31,980 INFO  - Already have ACK (at simulation time 470.000,000,000 s)
2025-06-04 15:07:31,981 INFO  - Already have ACK (at simulation time 470.000,000,000 s)
2025-06-04 15:07:31,981 INFO  - Already have ACK (at simulation time 470.000,000,000 s)
2025-06-04 15:07:31,981 INFO  - Already have ACK (at simulation time 470.000,000,000 s)
2025-06-04 15:07:31,981 INFO  - Already have ACK (at simulation time 470.000,000,000 s)
2025-06-04 15:07:31,981 INFO  - Already have ACK (at simulation time 470.000,000,000 s)
2025-06-04 15:07:31,981 INFO  - Already have ACK (at simulation time 470.000,000,000 s)
2025-06-04 15:07:31,981 INFO  - Already have ACK (at simulation time 470.000,000,000 s)
2025-06-04 15:07:31,981 INFO  - Already have ACK (at simulation time 470.000,000,000 s)
2025-06-04 15:07:31,981 INFO  - Already have ACK (at simulation time 470.000,000,000 s)
2025-06-04 15:07:31,981 INFO  - Already have ACK (at simulation time 470.000,000,000 s)
2025-06-04 15:07:31,981 INFO  - Already have ACK (at simulation time 470.000,000,000 s)
2025-06-04 15:07:31,981 INFO  - Already have ACK (at simulation time 470.000,000,000 s)
2025-06-04 15:07:31,982 INFO  - Already have ACK (at simulation time 470.000,000,000 s)
2025-06-04 15:07:31,982 INFO  - Already have ACK (at simulation time 470.000,000,000 s)
2025-06-04 15:07:31,982 INFO  - Already have ACK (at simulation time 470.000,000,000 s)
2025-06-04 15:07:31,982 INFO  - Already have ACK (at simulation time 470.000,000,000 s)
2025-06-04 15:07:31,982 INFO  - Already have ACK (at simulation time 470.000,000,000 s)
2025-06-04 15:07:31,982 INFO  - Already have ACK (at simulation time 470.000,000,000 s)
2025-06-04 15:07:31,982 INFO  - Already have ACK (at simulation time 470.000,000,000 s)
2025-06-04 15:07:31,982 INFO  - Already have ACK (at simulation time 470.000,000,000 s)
2025-06-04 15:07:31,982 INFO  - Already have ACK (at simulation time 470.000,000,000 s)
2025-06-04 15:07:31,982 INFO  - Already have ACK (at simulation time 470.000,000,000 s)
2025-06-04 15:07:31,982 INFO  - Already have ACK (at simulation time 470.000,000,000 s)
2025-06-04 15:07:31,982 INFO  - Already have ACK (at simulation time 470.000,000,000 s)
2025-06-04 15:07:31,982 INFO  - Already have ACK (at simulation time 470.000,000,000 s)
2025-06-04 15:07:31,983 INFO  - Already have ACK (at simulation time 470.000,000,000 s)
2025-06-04 15:07:31,983 INFO  - Already have ACK (at simulation time 470.000,000,000 s)
2025-06-04 15:07:31,983 INFO  - Already have ACK (at simulation time 470.000,000,000 s)
2025-06-04 15:07:31,983 INFO  - Already have ACK (at simulation time 470.000,000,000 s)
2025-06-04 15:07:31,983 INFO  - Already have ACK (at simulation time 470.000,000,000 s)
2025-06-04 15:07:31,983 INFO  - Already have ACK (at simulation time 470.000,000,000 s)
2025-06-04 15:07:31,983 INFO  - Already have ACK (at simulation time 470.000,000,000 s)
2025-06-04 15:07:31,983 INFO  - Already have ACK (at simulation time 470.000,000,000 s)
2025-06-04 15:07:31,983 INFO  - Already have ACK (at simulation time 470.000,000,000 s)
2025-06-04 15:07:31,983 INFO  - Already have ACK (at simulation time 470.000,000,000 s)
2025-06-04 15:07:31,983 INFO  - Already have ACK (at simulation time 470.000,000,000 s)
2025-06-04 15:07:31,983 INFO  - Already have ACK (at simulation time 470.000,000,000 s)
2025-06-04 15:07:31,983 INFO  - Already have ACK (at simulation time 470.000,000,000 s)
2025-06-04 15:07:31,983 INFO  - Already have ACK (at simulation time 470.000,000,000 s)
2025-06-04 15:07:31,983 INFO  - Already have ACK (at simulation time 470.000,000,000 s)
2025-06-04 15:07:31,983 INFO  - Already have ACK (at simulation time 470.000,000,000 s)
2025-06-04 15:07:31,987 INFO  - Already have ACK (at simulation time 471.000,000,000 s)
2025-06-04 15:07:31,987 INFO  - Already have ACK (at simulation time 471.000,000,000 s)
2025-06-04 15:07:31,987 INFO  - Already have ACK (at simulation time 471.000,000,000 s)
2025-06-04 15:07:31,987 INFO  - Already have ACK (at simulation time 471.000,000,000 s)
2025-06-04 15:07:31,988 INFO  - Already have ACK (at simulation time 471.000,000,000 s)
2025-06-04 15:07:31,988 INFO  - Already have ACK (at simulation time 471.000,000,000 s)
2025-06-04 15:07:31,988 INFO  - Already have ACK (at simulation time 471.000,000,000 s)
2025-06-04 15:07:31,988 INFO  - Already have ACK (at simulation time 471.000,000,000 s)
2025-06-04 15:07:31,988 INFO  - Already have ACK (at simulation time 471.000,000,000 s)
2025-06-04 15:07:31,988 INFO  - Already have ACK (at simulation time 471.000,000,000 s)
2025-06-04 15:07:31,988 INFO  - Already have ACK (at simulation time 471.000,000,000 s)
2025-06-04 15:07:31,988 INFO  - Already have ACK (at simulation time 471.000,000,000 s)
2025-06-04 15:07:31,989 INFO  - Already have ACK (at simulation time 471.000,000,000 s)
2025-06-04 15:07:31,989 INFO  - Already have ACK (at simulation time 471.000,000,000 s)
2025-06-04 15:07:31,989 INFO  - Already have ACK (at simulation time 471.000,000,000 s)
2025-06-04 15:07:31,989 INFO  - Already have ACK (at simulation time 471.000,000,000 s)
2025-06-04 15:07:31,989 INFO  - Already have ACK (at simulation time 471.000,000,000 s)
2025-06-04 15:07:31,989 INFO  - Already have ACK (at simulation time 471.000,000,000 s)
2025-06-04 15:07:31,989 INFO  - Already have ACK (at simulation time 471.000,000,000 s)
2025-06-04 15:07:31,989 INFO  - Already have ACK (at simulation time 471.000,000,000 s)
2025-06-04 15:07:31,989 INFO  - Already have ACK (at simulation time 471.000,000,000 s)
2025-06-04 15:07:31,989 INFO  - Already have ACK (at simulation time 471.000,000,000 s)
2025-06-04 15:07:31,990 INFO  - Already have ACK (at simulation time 471.000,000,000 s)
2025-06-04 15:07:31,990 INFO  - Already have ACK (at simulation time 471.000,000,000 s)
2025-06-04 15:07:31,990 INFO  - Already have ACK (at simulation time 471.000,000,000 s)
2025-06-04 15:07:31,990 INFO  - Already have ACK (at simulation time 471.000,000,000 s)
2025-06-04 15:07:31,990 INFO  - Already have ACK (at simulation time 471.000,000,000 s)
2025-06-04 15:07:31,990 INFO  - Already have ACK (at simulation time 471.000,000,000 s)
2025-06-04 15:07:31,990 INFO  - Already have ACK (at simulation time 471.000,000,000 s)
2025-06-04 15:07:31,990 INFO  - Already have ACK (at simulation time 471.000,000,000 s)
2025-06-04 15:07:31,990 INFO  - Already have ACK (at simulation time 471.000,000,000 s)
2025-06-04 15:07:31,990 INFO  - Already have ACK (at simulation time 471.000,000,000 s)
2025-06-04 15:07:31,991 INFO  - Already have ACK (at simulation time 471.000,000,000 s)
2025-06-04 15:07:31,991 INFO  - Already have ACK (at simulation time 471.000,000,000 s)
2025-06-04 15:07:31,991 INFO  - Already have ACK (at simulation time 471.000,000,000 s)
2025-06-04 15:07:31,991 INFO  - Already have ACK (at simulation time 471.000,000,000 s)
2025-06-04 15:07:31,991 INFO  - Already have ACK (at simulation time 471.000,000,000 s)
2025-06-04 15:07:31,991 INFO  - Already have ACK (at simulation time 471.000,000,000 s)
2025-06-04 15:07:31,991 INFO  - Already have ACK (at simulation time 471.000,000,000 s)
2025-06-04 15:07:31,991 INFO  - Already have ACK (at simulation time 471.000,000,000 s)
2025-06-04 15:07:31,991 INFO  - Already have ACK (at simulation time 471.000,000,000 s)
2025-06-04 15:07:31,991 INFO  - Already have ACK (at simulation time 471.000,000,000 s)
2025-06-04 15:07:31,991 INFO  - Already have ACK (at simulation time 471.000,000,000 s)
2025-06-04 15:07:31,992 INFO  - Already have ACK (at simulation time 471.000,000,000 s)
2025-06-04 15:07:31,992 INFO  - Already have ACK (at simulation time 471.000,000,000 s)
2025-06-04 15:07:31,992 INFO  - Already have ACK (at simulation time 471.000,000,000 s)
2025-06-04 15:07:31,992 INFO  - Already have ACK (at simulation time 471.000,000,000 s)
2025-06-04 15:07:31,992 INFO  - Already have ACK (at simulation time 471.000,000,000 s)
2025-06-04 15:07:31,992 INFO  - Already have ACK (at simulation time 471.000,000,000 s)
2025-06-04 15:07:31,992 INFO  - Already have ACK (at simulation time 471.000,000,000 s)
2025-06-04 15:07:31,992 INFO  - Already have ACK (at simulation time 471.000,000,000 s)
2025-06-04 15:07:31,992 INFO  - Already have ACK (at simulation time 471.000,000,000 s)
2025-06-04 15:07:31,992 INFO  - Already have ACK (at simulation time 471.000,000,000 s)
2025-06-04 15:07:31,992 INFO  - Already have ACK (at simulation time 471.000,000,000 s)
2025-06-04 15:07:31,992 INFO  - Already have ACK (at simulation time 471.000,000,000 s)
2025-06-04 15:07:31,992 INFO  - Already have ACK (at simulation time 471.000,000,000 s)
2025-06-04 15:07:31,993 INFO  - Already have ACK (at simulation time 471.000,000,000 s)
2025-06-04 15:07:31,993 INFO  - Already have ACK (at simulation time 471.000,000,000 s)
2025-06-04 15:07:31,993 INFO  - Already have ACK (at simulation time 471.000,000,000 s)
2025-06-04 15:07:31,993 INFO  - Already have ACK (at simulation time 471.000,000,000 s)
2025-06-04 15:07:31,993 INFO  - Already have ACK (at simulation time 471.000,000,000 s)
2025-06-04 15:07:31,993 INFO  - Already have ACK (at simulation time 471.000,000,000 s)
2025-06-04 15:07:31,993 INFO  - Already have ACK (at simulation time 471.000,000,000 s)
2025-06-04 15:07:31,993 INFO  - Already have ACK (at simulation time 471.000,000,000 s)
2025-06-04 15:07:31,993 INFO  - Already have ACK (at simulation time 471.000,000,000 s)
2025-06-04 15:07:31,993 INFO  - Already have ACK (at simulation time 471.000,000,000 s)
2025-06-04 15:07:31,993 INFO  - Already have ACK (at simulation time 471.000,000,000 s)
2025-06-04 15:07:31,993 INFO  - Already have ACK (at simulation time 471.000,000,000 s)
2025-06-04 15:07:31,993 INFO  - Already have ACK (at simulation time 471.000,000,000 s)
2025-06-04 15:07:31,993 INFO  - Already have ACK (at simulation time 471.000,000,000 s)
2025-06-04 15:07:31,994 INFO  - Already have ACK (at simulation time 471.000,000,000 s)
2025-06-04 15:07:31,994 INFO  - Already have ACK (at simulation time 471.000,000,000 s)
2025-06-04 15:07:31,994 INFO  - Already have ACK (at simulation time 471.000,000,000 s)
2025-06-04 15:07:31,994 INFO  - Already have ACK (at simulation time 471.000,000,000 s)
2025-06-04 15:07:31,994 INFO  - Already have ACK (at simulation time 471.000,000,000 s)
2025-06-04 15:07:31,994 INFO  - Already have ACK (at simulation time 471.000,000,000 s)
2025-06-04 15:07:31,994 INFO  - Already have ACK (at simulation time 471.000,000,000 s)
2025-06-04 15:07:31,994 INFO  - Already have ACK (at simulation time 471.000,000,000 s)
2025-06-04 15:07:31,994 INFO  - Already have ACK (at simulation time 471.000,000,000 s)
2025-06-04 15:07:31,994 INFO  - Already have ACK (at simulation time 471.000,000,000 s)
2025-06-04 15:07:31,994 INFO  - Already have ACK (at simulation time 471.000,000,000 s)
2025-06-04 15:07:31,994 INFO  - Already have ACK (at simulation time 471.000,000,000 s)
2025-06-04 15:07:31,994 INFO  - Already have ACK (at simulation time 471.000,000,000 s)
2025-06-04 15:07:31,994 INFO  - Already have ACK (at simulation time 471.000,000,000 s)
2025-06-04 15:07:31,994 INFO  - Already have ACK (at simulation time 471.000,000,000 s)
2025-06-04 15:07:31,997 INFO  - Sent periodic GreenWaveMsg: veh_74 on route r_0 (at simulation time 472.000,000,000 s)
2025-06-04 15:07:31,997 INFO  - Already have ACK (at simulation time 472.000,000,000 s)
2025-06-04 15:07:31,997 INFO  - Already have ACK (at simulation time 472.000,000,000 s)
2025-06-04 15:07:31,997 INFO  - Already have ACK (at simulation time 472.000,000,000 s)
2025-06-04 15:07:31,998 INFO  - Already have ACK (at simulation time 472.000,000,000 s)
2025-06-04 15:07:31,998 INFO  - Already have ACK (at simulation time 472.000,000,000 s)
2025-06-04 15:07:31,998 INFO  - Already have ACK (at simulation time 472.000,000,000 s)
2025-06-04 15:07:31,998 INFO  - Already have ACK (at simulation time 472.000,000,000 s)
2025-06-04 15:07:31,998 INFO  - Already have ACK (at simulation time 472.000,000,000 s)
2025-06-04 15:07:31,998 INFO  - Already have ACK (at simulation time 472.000,000,000 s)
2025-06-04 15:07:31,998 INFO  - Already have ACK (at simulation time 472.000,000,000 s)
2025-06-04 15:07:31,998 INFO  - Already have ACK (at simulation time 472.000,000,000 s)
2025-06-04 15:07:31,998 INFO  - Already have ACK (at simulation time 472.000,000,000 s)
2025-06-04 15:07:31,998 INFO  - Already have ACK (at simulation time 472.000,000,000 s)
2025-06-04 15:07:31,999 INFO  - Already have ACK (at simulation time 472.000,000,000 s)
2025-06-04 15:07:31,999 INFO  - Already have ACK (at simulation time 472.000,000,000 s)
2025-06-04 15:07:31,999 INFO  - Already have ACK (at simulation time 472.000,000,000 s)
2025-06-04 15:07:31,999 INFO  - Already have ACK (at simulation time 472.000,000,000 s)
2025-06-04 15:07:31,999 INFO  - Already have ACK (at simulation time 472.000,000,000 s)
2025-06-04 15:07:31,999 INFO  - Already have ACK (at simulation time 472.000,000,000 s)
2025-06-04 15:07:31,999 INFO  - Already have ACK (at simulation time 472.000,000,000 s)
2025-06-04 15:07:31,999 INFO  - Already have ACK (at simulation time 472.000,000,000 s)
2025-06-04 15:07:32,000 INFO  - Already have ACK (at simulation time 472.000,000,000 s)
2025-06-04 15:07:32,000 INFO  - Already have ACK (at simulation time 472.000,000,000 s)
2025-06-04 15:07:32,000 INFO  - Already have ACK (at simulation time 472.000,000,000 s)
2025-06-04 15:07:32,000 INFO  - Already have ACK (at simulation time 472.000,000,000 s)
2025-06-04 15:07:32,000 INFO  - Already have ACK (at simulation time 472.000,000,000 s)
2025-06-04 15:07:32,000 INFO  - Already have ACK (at simulation time 472.000,000,000 s)
2025-06-04 15:07:32,000 INFO  - Already have ACK (at simulation time 472.000,000,000 s)
2025-06-04 15:07:32,000 INFO  - Already have ACK (at simulation time 472.000,000,000 s)
2025-06-04 15:07:32,000 INFO  - Already have ACK (at simulation time 472.000,000,000 s)
2025-06-04 15:07:32,000 INFO  - Already have ACK (at simulation time 472.000,000,000 s)
2025-06-04 15:07:32,001 INFO  - Already have ACK (at simulation time 472.000,000,000 s)
2025-06-04 15:07:32,001 INFO  - Already have ACK (at simulation time 472.000,000,000 s)
2025-06-04 15:07:32,001 INFO  - Already have ACK (at simulation time 472.000,000,000 s)
2025-06-04 15:07:32,001 INFO  - Already have ACK (at simulation time 472.000,000,000 s)
2025-06-04 15:07:32,001 INFO  - Already have ACK (at simulation time 472.000,000,000 s)
2025-06-04 15:07:32,001 INFO  - Already have ACK (at simulation time 472.000,000,000 s)
2025-06-04 15:07:32,001 INFO  - Already have ACK (at simulation time 472.000,000,000 s)
2025-06-04 15:07:32,001 INFO  - Already have ACK (at simulation time 472.000,000,000 s)
2025-06-04 15:07:32,001 INFO  - Already have ACK (at simulation time 472.000,000,000 s)
2025-06-04 15:07:32,001 INFO  - Already have ACK (at simulation time 472.000,000,000 s)
2025-06-04 15:07:32,001 INFO  - Already have ACK (at simulation time 472.000,000,000 s)
2025-06-04 15:07:32,001 INFO  - Already have ACK (at simulation time 472.000,000,000 s)
2025-06-04 15:07:32,001 INFO  - Already have ACK (at simulation time 472.000,000,000 s)
2025-06-04 15:07:32,002 INFO  - Already have ACK (at simulation time 472.000,000,000 s)
2025-06-04 15:07:32,002 INFO  - Already have ACK (at simulation time 472.000,000,000 s)
2025-06-04 15:07:32,002 INFO  - Already have ACK (at simulation time 472.000,000,000 s)
2025-06-04 15:07:32,002 INFO  - Already have ACK (at simulation time 472.000,000,000 s)
2025-06-04 15:07:32,002 INFO  - Already have ACK (at simulation time 472.000,000,000 s)
2025-06-04 15:07:32,002 INFO  - Already have ACK (at simulation time 472.000,000,000 s)
2025-06-04 15:07:32,002 INFO  - Already have ACK (at simulation time 472.000,000,000 s)
2025-06-04 15:07:32,002 INFO  - Already have ACK (at simulation time 472.000,000,000 s)
2025-06-04 15:07:32,002 INFO  - Already have ACK (at simulation time 472.000,000,000 s)
2025-06-04 15:07:32,002 INFO  - Already have ACK (at simulation time 472.000,000,000 s)
2025-06-04 15:07:32,002 INFO  - Already have ACK (at simulation time 472.000,000,000 s)
2025-06-04 15:07:32,002 INFO  - Already have ACK (at simulation time 472.000,000,000 s)
2025-06-04 15:07:32,002 INFO  - Already have ACK (at simulation time 472.000,000,000 s)
2025-06-04 15:07:32,002 INFO  - Already have ACK (at simulation time 472.000,000,000 s)
2025-06-04 15:07:32,002 INFO  - Already have ACK (at simulation time 472.000,000,000 s)
2025-06-04 15:07:32,002 INFO  - Already have ACK (at simulation time 472.000,000,000 s)
2025-06-04 15:07:32,002 INFO  - Already have ACK (at simulation time 472.000,000,000 s)
2025-06-04 15:07:32,003 INFO  - Already have ACK (at simulation time 472.000,000,000 s)
2025-06-04 15:07:32,003 INFO  - Already have ACK (at simulation time 472.000,000,000 s)
2025-06-04 15:07:32,003 INFO  - Already have ACK (at simulation time 472.000,000,000 s)
2025-06-04 15:07:32,003 INFO  - Already have ACK (at simulation time 472.000,000,000 s)
2025-06-04 15:07:32,003 INFO  - Already have ACK (at simulation time 472.000,000,000 s)
2025-06-04 15:07:32,003 INFO  - Already have ACK (at simulation time 472.000,000,000 s)
2025-06-04 15:07:32,003 INFO  - Already have ACK (at simulation time 472.000,000,000 s)
2025-06-04 15:07:32,003 INFO  - Already have ACK (at simulation time 472.000,000,000 s)
2025-06-04 15:07:32,003 INFO  - Already have ACK (at simulation time 472.000,000,000 s)
2025-06-04 15:07:32,003 INFO  - Already have ACK (at simulation time 472.000,000,000 s)
2025-06-04 15:07:32,003 INFO  - Already have ACK (at simulation time 472.000,000,000 s)
2025-06-04 15:07:32,003 INFO  - Already have ACK (at simulation time 472.000,000,000 s)
2025-06-04 15:07:32,003 INFO  - Already have ACK (at simulation time 472.000,000,000 s)
2025-06-04 15:07:32,003 INFO  - Already have ACK (at simulation time 472.000,000,000 s)
2025-06-04 15:07:32,003 INFO  - Already have ACK (at simulation time 472.000,000,000 s)
2025-06-04 15:07:32,003 INFO  - Already have ACK (at simulation time 472.000,000,000 s)
2025-06-04 15:07:32,003 INFO  - Already have ACK (at simulation time 472.000,000,000 s)
2025-06-04 15:07:32,003 INFO  - Already have ACK (at simulation time 472.000,000,000 s)
2025-06-04 15:07:32,003 INFO  - Already have ACK (at simulation time 472.000,000,000 s)
2025-06-04 15:07:32,003 INFO  - Already have ACK (at simulation time 472.000,000,000 s)
2025-06-04 15:07:32,003 INFO  - Already have ACK (at simulation time 472.000,000,000 s)
2025-06-04 15:07:32,003 INFO  - Already have ACK (at simulation time 472.000,000,000 s)
2025-06-04 15:07:32,003 INFO  - Already have ACK (at simulation time 472.000,000,000 s)
2025-06-04 15:07:32,004 INFO  - Already have ACK (at simulation time 472.000,000,000 s)
2025-06-04 15:07:32,004 INFO  - Already have ACK (at simulation time 472.000,000,000 s)
2025-06-04 15:07:32,006 INFO  - Already have ACK (at simulation time 473.000,000,000 s)
2025-06-04 15:07:32,006 INFO  - Already have ACK (at simulation time 473.000,000,000 s)
2025-06-04 15:07:32,006 INFO  - Already have ACK (at simulation time 473.000,000,000 s)
2025-06-04 15:07:32,006 INFO  - Already have ACK (at simulation time 473.000,000,000 s)
2025-06-04 15:07:32,006 INFO  - Already have ACK (at simulation time 473.000,000,000 s)
2025-06-04 15:07:32,006 INFO  - Already have ACK (at simulation time 473.000,000,000 s)
2025-06-04 15:07:32,007 INFO  - Already have ACK (at simulation time 473.000,000,000 s)
2025-06-04 15:07:32,007 INFO  - Already have ACK (at simulation time 473.000,000,000 s)
2025-06-04 15:07:32,007 INFO  - Already have ACK (at simulation time 473.000,000,000 s)
2025-06-04 15:07:32,007 INFO  - Already have ACK (at simulation time 473.000,000,000 s)
2025-06-04 15:07:32,007 INFO  - Already have ACK (at simulation time 473.000,000,000 s)
2025-06-04 15:07:32,007 INFO  - Already have ACK (at simulation time 473.000,000,000 s)
2025-06-04 15:07:32,007 INFO  - Already have ACK (at simulation time 473.000,000,000 s)
2025-06-04 15:07:32,007 INFO  - Already have ACK (at simulation time 473.000,000,000 s)
2025-06-04 15:07:32,007 INFO  - Already have ACK (at simulation time 473.000,000,000 s)
2025-06-04 15:07:32,007 INFO  - Already have ACK (at simulation time 473.000,000,000 s)
2025-06-04 15:07:32,008 INFO  - Already have ACK (at simulation time 473.000,000,000 s)
2025-06-04 15:07:32,008 INFO  - Already have ACK (at simulation time 473.000,000,000 s)
2025-06-04 15:07:32,008 INFO  - Already have ACK (at simulation time 473.000,000,000 s)
2025-06-04 15:07:32,008 INFO  - Already have ACK (at simulation time 473.000,000,000 s)
2025-06-04 15:07:32,008 INFO  - Already have ACK (at simulation time 473.000,000,000 s)
2025-06-04 15:07:32,008 INFO  - Already have ACK (at simulation time 473.000,000,000 s)
2025-06-04 15:07:32,008 INFO  - Already have ACK (at simulation time 473.000,000,000 s)
2025-06-04 15:07:32,008 INFO  - Already have ACK (at simulation time 473.000,000,000 s)
2025-06-04 15:07:32,008 INFO  - Already have ACK (at simulation time 473.000,000,000 s)
2025-06-04 15:07:32,008 INFO  - Already have ACK (at simulation time 473.000,000,000 s)
2025-06-04 15:07:32,008 INFO  - Already have ACK (at simulation time 473.000,000,000 s)
2025-06-04 15:07:32,008 INFO  - Already have ACK (at simulation time 473.000,000,000 s)
2025-06-04 15:07:32,009 INFO  - Already have ACK (at simulation time 473.000,000,000 s)
2025-06-04 15:07:32,009 INFO  - Already have ACK (at simulation time 473.000,000,000 s)
2025-06-04 15:07:32,009 INFO  - Already have ACK (at simulation time 473.000,000,000 s)
2025-06-04 15:07:32,009 INFO  - Already have ACK (at simulation time 473.000,000,000 s)
2025-06-04 15:07:32,009 INFO  - Already have ACK (at simulation time 473.000,000,000 s)
2025-06-04 15:07:32,009 INFO  - Already have ACK (at simulation time 473.000,000,000 s)
2025-06-04 15:07:32,009 INFO  - Already have ACK (at simulation time 473.000,000,000 s)
2025-06-04 15:07:32,009 INFO  - Already have ACK (at simulation time 473.000,000,000 s)
2025-06-04 15:07:32,009 INFO  - Already have ACK (at simulation time 473.000,000,000 s)
2025-06-04 15:07:32,009 INFO  - Already have ACK (at simulation time 473.000,000,000 s)
2025-06-04 15:07:32,009 INFO  - Already have ACK (at simulation time 473.000,000,000 s)
2025-06-04 15:07:32,009 INFO  - Already have ACK (at simulation time 473.000,000,000 s)
2025-06-04 15:07:32,009 INFO  - Already have ACK (at simulation time 473.000,000,000 s)
2025-06-04 15:07:32,010 INFO  - Already have ACK (at simulation time 473.000,000,000 s)
2025-06-04 15:07:32,010 INFO  - Already have ACK (at simulation time 473.000,000,000 s)
2025-06-04 15:07:32,010 INFO  - Already have ACK (at simulation time 473.000,000,000 s)
2025-06-04 15:07:32,010 INFO  - Already have ACK (at simulation time 473.000,000,000 s)
2025-06-04 15:07:32,010 INFO  - Already have ACK (at simulation time 473.000,000,000 s)
2025-06-04 15:07:32,010 INFO  - Already have ACK (at simulation time 473.000,000,000 s)
2025-06-04 15:07:32,010 INFO  - Already have ACK (at simulation time 473.000,000,000 s)
2025-06-04 15:07:32,010 INFO  - Already have ACK (at simulation time 473.000,000,000 s)
2025-06-04 15:07:32,010 INFO  - Already have ACK (at simulation time 473.000,000,000 s)
2025-06-04 15:07:32,010 INFO  - Already have ACK (at simulation time 473.000,000,000 s)
2025-06-04 15:07:32,010 INFO  - Already have ACK (at simulation time 473.000,000,000 s)
2025-06-04 15:07:32,011 INFO  - Already have ACK (at simulation time 473.000,000,000 s)
2025-06-04 15:07:32,011 INFO  - Already have ACK (at simulation time 473.000,000,000 s)
2025-06-04 15:07:32,011 INFO  - Already have ACK (at simulation time 473.000,000,000 s)
2025-06-04 15:07:32,011 INFO  - Already have ACK (at simulation time 473.000,000,000 s)
2025-06-04 15:07:32,011 INFO  - Already have ACK (at simulation time 473.000,000,000 s)
2025-06-04 15:07:32,011 INFO  - Already have ACK (at simulation time 473.000,000,000 s)
2025-06-04 15:07:32,011 INFO  - Already have ACK (at simulation time 473.000,000,000 s)
2025-06-04 15:07:32,011 INFO  - Already have ACK (at simulation time 473.000,000,000 s)
2025-06-04 15:07:32,011 INFO  - Already have ACK (at simulation time 473.000,000,000 s)
2025-06-04 15:07:32,011 INFO  - Already have ACK (at simulation time 473.000,000,000 s)
2025-06-04 15:07:32,011 INFO  - Already have ACK (at simulation time 473.000,000,000 s)
2025-06-04 15:07:32,011 INFO  - Already have ACK (at simulation time 473.000,000,000 s)
2025-06-04 15:07:32,011 INFO  - Already have ACK (at simulation time 473.000,000,000 s)
2025-06-04 15:07:32,011 INFO  - Already have ACK (at simulation time 473.000,000,000 s)
2025-06-04 15:07:32,011 INFO  - Already have ACK (at simulation time 473.000,000,000 s)
2025-06-04 15:07:32,011 INFO  - Already have ACK (at simulation time 473.000,000,000 s)
2025-06-04 15:07:32,012 INFO  - Already have ACK (at simulation time 473.000,000,000 s)
2025-06-04 15:07:32,012 INFO  - Already have ACK (at simulation time 473.000,000,000 s)
2025-06-04 15:07:32,012 INFO  - Already have ACK (at simulation time 473.000,000,000 s)
2025-06-04 15:07:32,012 INFO  - Already have ACK (at simulation time 473.000,000,000 s)
2025-06-04 15:07:32,012 INFO  - Already have ACK (at simulation time 473.000,000,000 s)
2025-06-04 15:07:32,012 INFO  - Already have ACK (at simulation time 473.000,000,000 s)
2025-06-04 15:07:32,012 INFO  - Already have ACK (at simulation time 473.000,000,000 s)
2025-06-04 15:07:32,012 INFO  - Already have ACK (at simulation time 473.000,000,000 s)
2025-06-04 15:07:32,012 INFO  - Already have ACK (at simulation time 473.000,000,000 s)
2025-06-04 15:07:32,012 INFO  - Already have ACK (at simulation time 473.000,000,000 s)
2025-06-04 15:07:32,012 INFO  - Already have ACK (at simulation time 473.000,000,000 s)
2025-06-04 15:07:32,012 INFO  - Already have ACK (at simulation time 473.000,000,000 s)
2025-06-04 15:07:32,012 INFO  - Already have ACK (at simulation time 473.000,000,000 s)
2025-06-04 15:07:32,012 INFO  - Already have ACK (at simulation time 473.000,000,000 s)
2025-06-04 15:07:32,012 INFO  - Already have ACK (at simulation time 473.000,000,000 s)
2025-06-04 15:07:32,012 INFO  - Already have ACK (at simulation time 473.000,000,000 s)
2025-06-04 15:07:32,012 INFO  - Already have ACK (at simulation time 473.000,000,000 s)
2025-06-04 15:07:32,012 INFO  - Already have ACK (at simulation time 473.000,000,000 s)
2025-06-04 15:07:32,012 INFO  - Already have ACK (at simulation time 473.000,000,000 s)
2025-06-04 15:07:32,015 INFO  - Already have ACK (at simulation time 474.000,000,000 s)
2025-06-04 15:07:32,016 INFO  - Already have ACK (at simulation time 474.000,000,000 s)
2025-06-04 15:07:32,016 INFO  - Already have ACK (at simulation time 474.000,000,000 s)
2025-06-04 15:07:32,016 INFO  - Already have ACK (at simulation time 474.000,000,000 s)
2025-06-04 15:07:32,016 INFO  - Already have ACK (at simulation time 474.000,000,000 s)
2025-06-04 15:07:32,016 INFO  - Already have ACK (at simulation time 474.000,000,000 s)
2025-06-04 15:07:32,016 INFO  - Already have ACK (at simulation time 474.000,000,000 s)
2025-06-04 15:07:32,016 INFO  - Already have ACK (at simulation time 474.000,000,000 s)
2025-06-04 15:07:32,016 INFO  - Already have ACK (at simulation time 474.000,000,000 s)
2025-06-04 15:07:32,016 INFO  - Already have ACK (at simulation time 474.000,000,000 s)
2025-06-04 15:07:32,017 INFO  - Already have ACK (at simulation time 474.000,000,000 s)
2025-06-04 15:07:32,017 INFO  - Already have ACK (at simulation time 474.000,000,000 s)
2025-06-04 15:07:32,017 INFO  - Already have ACK (at simulation time 474.000,000,000 s)
2025-06-04 15:07:32,017 INFO  - Already have ACK (at simulation time 474.000,000,000 s)
2025-06-04 15:07:32,017 INFO  - Already have ACK (at simulation time 474.000,000,000 s)
2025-06-04 15:07:32,017 INFO  - Already have ACK (at simulation time 474.000,000,000 s)
2025-06-04 15:07:32,017 INFO  - Already have ACK (at simulation time 474.000,000,000 s)
2025-06-04 15:07:32,017 INFO  - Already have ACK (at simulation time 474.000,000,000 s)
2025-06-04 15:07:32,017 INFO  - Already have ACK (at simulation time 474.000,000,000 s)
2025-06-04 15:07:32,017 INFO  - Already have ACK (at simulation time 474.000,000,000 s)
2025-06-04 15:07:32,017 INFO  - Already have ACK (at simulation time 474.000,000,000 s)
2025-06-04 15:07:32,018 INFO  - Already have ACK (at simulation time 474.000,000,000 s)
2025-06-04 15:07:32,018 INFO  - Already have ACK (at simulation time 474.000,000,000 s)
2025-06-04 15:07:32,018 INFO  - Already have ACK (at simulation time 474.000,000,000 s)
2025-06-04 15:07:32,018 INFO  - Already have ACK (at simulation time 474.000,000,000 s)
2025-06-04 15:07:32,018 INFO  - Already have ACK (at simulation time 474.000,000,000 s)
2025-06-04 15:07:32,018 INFO  - Already have ACK (at simulation time 474.000,000,000 s)
2025-06-04 15:07:32,018 INFO  - Already have ACK (at simulation time 474.000,000,000 s)
2025-06-04 15:07:32,018 INFO  - Already have ACK (at simulation time 474.000,000,000 s)
2025-06-04 15:07:32,018 INFO  - Already have ACK (at simulation time 474.000,000,000 s)
2025-06-04 15:07:32,018 INFO  - Already have ACK (at simulation time 474.000,000,000 s)
2025-06-04 15:07:32,018 INFO  - Already have ACK (at simulation time 474.000,000,000 s)
2025-06-04 15:07:32,018 INFO  - Already have ACK (at simulation time 474.000,000,000 s)
2025-06-04 15:07:32,018 INFO  - Already have ACK (at simulation time 474.000,000,000 s)
2025-06-04 15:07:32,019 INFO  - Already have ACK (at simulation time 474.000,000,000 s)
2025-06-04 15:07:32,019 INFO  - Already have ACK (at simulation time 474.000,000,000 s)
2025-06-04 15:07:32,019 INFO  - Already have ACK (at simulation time 474.000,000,000 s)
2025-06-04 15:07:32,019 INFO  - Already have ACK (at simulation time 474.000,000,000 s)
2025-06-04 15:07:32,019 INFO  - Already have ACK (at simulation time 474.000,000,000 s)
2025-06-04 15:07:32,019 INFO  - Already have ACK (at simulation time 474.000,000,000 s)
2025-06-04 15:07:32,019 INFO  - Already have ACK (at simulation time 474.000,000,000 s)
2025-06-04 15:07:32,019 INFO  - Already have ACK (at simulation time 474.000,000,000 s)
2025-06-04 15:07:32,019 INFO  - Already have ACK (at simulation time 474.000,000,000 s)
2025-06-04 15:07:32,019 INFO  - Already have ACK (at simulation time 474.000,000,000 s)
2025-06-04 15:07:32,019 INFO  - Already have ACK (at simulation time 474.000,000,000 s)
2025-06-04 15:07:32,019 INFO  - Already have ACK (at simulation time 474.000,000,000 s)
2025-06-04 15:07:32,019 INFO  - Already have ACK (at simulation time 474.000,000,000 s)
2025-06-04 15:07:32,019 INFO  - Already have ACK (at simulation time 474.000,000,000 s)
2025-06-04 15:07:32,020 INFO  - Already have ACK (at simulation time 474.000,000,000 s)
2025-06-04 15:07:32,020 INFO  - Already have ACK (at simulation time 474.000,000,000 s)
2025-06-04 15:07:32,020 INFO  - Already have ACK (at simulation time 474.000,000,000 s)
2025-06-04 15:07:32,020 INFO  - Already have ACK (at simulation time 474.000,000,000 s)
2025-06-04 15:07:32,020 INFO  - Already have ACK (at simulation time 474.000,000,000 s)
2025-06-04 15:07:32,020 INFO  - Already have ACK (at simulation time 474.000,000,000 s)
2025-06-04 15:07:32,020 INFO  - Already have ACK (at simulation time 474.000,000,000 s)
2025-06-04 15:07:32,020 INFO  - Already have ACK (at simulation time 474.000,000,000 s)
2025-06-04 15:07:32,020 INFO  - Already have ACK (at simulation time 474.000,000,000 s)
2025-06-04 15:07:32,020 INFO  - Already have ACK (at simulation time 474.000,000,000 s)
2025-06-04 15:07:32,020 INFO  - Already have ACK (at simulation time 474.000,000,000 s)
2025-06-04 15:07:32,020 INFO  - Already have ACK (at simulation time 474.000,000,000 s)
2025-06-04 15:07:32,020 INFO  - Already have ACK (at simulation time 474.000,000,000 s)
2025-06-04 15:07:32,020 INFO  - Already have ACK (at simulation time 474.000,000,000 s)
2025-06-04 15:07:32,020 INFO  - Already have ACK (at simulation time 474.000,000,000 s)
2025-06-04 15:07:32,020 INFO  - Already have ACK (at simulation time 474.000,000,000 s)
2025-06-04 15:07:32,021 INFO  - Already have ACK (at simulation time 474.000,000,000 s)
2025-06-04 15:07:32,021 INFO  - Already have ACK (at simulation time 474.000,000,000 s)
2025-06-04 15:07:32,021 INFO  - Already have ACK (at simulation time 474.000,000,000 s)
2025-06-04 15:07:32,021 INFO  - Already have ACK (at simulation time 474.000,000,000 s)
2025-06-04 15:07:32,021 INFO  - Already have ACK (at simulation time 474.000,000,000 s)
2025-06-04 15:07:32,021 INFO  - Already have ACK (at simulation time 474.000,000,000 s)
2025-06-04 15:07:32,021 INFO  - Already have ACK (at simulation time 474.000,000,000 s)
2025-06-04 15:07:32,021 INFO  - Already have ACK (at simulation time 474.000,000,000 s)
2025-06-04 15:07:32,021 INFO  - Already have ACK (at simulation time 474.000,000,000 s)
2025-06-04 15:07:32,021 INFO  - Already have ACK (at simulation time 474.000,000,000 s)
2025-06-04 15:07:32,021 INFO  - Already have ACK (at simulation time 474.000,000,000 s)
2025-06-04 15:07:32,021 INFO  - Already have ACK (at simulation time 474.000,000,000 s)
2025-06-04 15:07:32,021 INFO  - Already have ACK (at simulation time 474.000,000,000 s)
2025-06-04 15:07:32,021 INFO  - Already have ACK (at simulation time 474.000,000,000 s)
2025-06-04 15:07:32,021 INFO  - Already have ACK (at simulation time 474.000,000,000 s)
2025-06-04 15:07:32,021 INFO  - Already have ACK (at simulation time 474.000,000,000 s)
2025-06-04 15:07:32,021 INFO  - Already have ACK (at simulation time 474.000,000,000 s)
2025-06-04 15:07:32,021 INFO  - Already have ACK (at simulation time 474.000,000,000 s)
2025-06-04 15:07:32,021 INFO  - Already have ACK (at simulation time 474.000,000,000 s)
2025-06-04 15:07:32,021 INFO  - Already have ACK (at simulation time 474.000,000,000 s)
2025-06-04 15:07:32,021 INFO  - Already have ACK (at simulation time 474.000,000,000 s)
2025-06-04 15:07:32,021 INFO  - Already have ACK (at simulation time 474.000,000,000 s)
2025-06-04 15:07:32,021 INFO  - Already have ACK (at simulation time 474.000,000,000 s)
2025-06-04 15:07:32,021 INFO  - Already have ACK (at simulation time 474.000,000,000 s)
2025-06-04 15:07:32,024 INFO  - Already have ACK (at simulation time 475.000,000,000 s)
2025-06-04 15:07:32,024 INFO  - Already have ACK (at simulation time 475.000,000,000 s)
2025-06-04 15:07:32,024 INFO  - Already have ACK (at simulation time 475.000,000,000 s)
2025-06-04 15:07:32,024 INFO  - Already have ACK (at simulation time 475.000,000,000 s)
2025-06-04 15:07:32,025 INFO  - Already have ACK (at simulation time 475.000,000,000 s)
2025-06-04 15:07:32,025 INFO  - Already have ACK (at simulation time 475.000,000,000 s)
2025-06-04 15:07:32,025 INFO  - Already have ACK (at simulation time 475.000,000,000 s)
2025-06-04 15:07:32,025 INFO  - Already have ACK (at simulation time 475.000,000,000 s)
2025-06-04 15:07:32,025 INFO  - Already have ACK (at simulation time 475.000,000,000 s)
2025-06-04 15:07:32,025 INFO  - Already have ACK (at simulation time 475.000,000,000 s)
2025-06-04 15:07:32,025 INFO  - Already have ACK (at simulation time 475.000,000,000 s)
2025-06-04 15:07:32,025 INFO  - Already have ACK (at simulation time 475.000,000,000 s)
2025-06-04 15:07:32,025 INFO  - Already have ACK (at simulation time 475.000,000,000 s)
2025-06-04 15:07:32,025 INFO  - Already have ACK (at simulation time 475.000,000,000 s)
2025-06-04 15:07:32,025 INFO  - Already have ACK (at simulation time 475.000,000,000 s)
2025-06-04 15:07:32,026 INFO  - Already have ACK (at simulation time 475.000,000,000 s)
2025-06-04 15:07:32,026 INFO  - Already have ACK (at simulation time 475.000,000,000 s)
2025-06-04 15:07:32,026 INFO  - Already have ACK (at simulation time 475.000,000,000 s)
2025-06-04 15:07:32,026 INFO  - Already have ACK (at simulation time 475.000,000,000 s)
2025-06-04 15:07:32,026 INFO  - Already have ACK (at simulation time 475.000,000,000 s)
2025-06-04 15:07:32,026 INFO  - Already have ACK (at simulation time 475.000,000,000 s)
2025-06-04 15:07:32,026 INFO  - Already have ACK (at simulation time 475.000,000,000 s)
2025-06-04 15:07:32,026 INFO  - Already have ACK (at simulation time 475.000,000,000 s)
2025-06-04 15:07:32,026 INFO  - Already have ACK (at simulation time 475.000,000,000 s)
2025-06-04 15:07:32,026 INFO  - Already have ACK (at simulation time 475.000,000,000 s)
2025-06-04 15:07:32,026 INFO  - Already have ACK (at simulation time 475.000,000,000 s)
2025-06-04 15:07:32,026 INFO  - Already have ACK (at simulation time 475.000,000,000 s)
2025-06-04 15:07:32,027 INFO  - Already have ACK (at simulation time 475.000,000,000 s)
2025-06-04 15:07:32,027 INFO  - Already have ACK (at simulation time 475.000,000,000 s)
2025-06-04 15:07:32,027 INFO  - Already have ACK (at simulation time 475.000,000,000 s)
2025-06-04 15:07:32,027 INFO  - Already have ACK (at simulation time 475.000,000,000 s)
2025-06-04 15:07:32,027 INFO  - Already have ACK (at simulation time 475.000,000,000 s)
2025-06-04 15:07:32,027 INFO  - Already have ACK (at simulation time 475.000,000,000 s)
2025-06-04 15:07:32,027 INFO  - Already have ACK (at simulation time 475.000,000,000 s)
2025-06-04 15:07:32,027 INFO  - Already have ACK (at simulation time 475.000,000,000 s)
2025-06-04 15:07:32,027 INFO  - Already have ACK (at simulation time 475.000,000,000 s)
2025-06-04 15:07:32,027 INFO  - Already have ACK (at simulation time 475.000,000,000 s)
2025-06-04 15:07:32,027 INFO  - Already have ACK (at simulation time 475.000,000,000 s)
2025-06-04 15:07:32,027 INFO  - Already have ACK (at simulation time 475.000,000,000 s)
2025-06-04 15:07:32,027 INFO  - Already have ACK (at simulation time 475.000,000,000 s)
2025-06-04 15:07:32,027 INFO  - Already have ACK (at simulation time 475.000,000,000 s)
2025-06-04 15:07:32,028 INFO  - Already have ACK (at simulation time 475.000,000,000 s)
2025-06-04 15:07:32,028 INFO  - Already have ACK (at simulation time 475.000,000,000 s)
2025-06-04 15:07:32,028 INFO  - Already have ACK (at simulation time 475.000,000,000 s)
2025-06-04 15:07:32,028 INFO  - Already have ACK (at simulation time 475.000,000,000 s)
2025-06-04 15:07:32,028 INFO  - Already have ACK (at simulation time 475.000,000,000 s)
2025-06-04 15:07:32,028 INFO  - Already have ACK (at simulation time 475.000,000,000 s)
2025-06-04 15:07:32,028 INFO  - Already have ACK (at simulation time 475.000,000,000 s)
2025-06-04 15:07:32,028 INFO  - Already have ACK (at simulation time 475.000,000,000 s)
2025-06-04 15:07:32,028 INFO  - Already have ACK (at simulation time 475.000,000,000 s)
2025-06-04 15:07:32,028 INFO  - Already have ACK (at simulation time 475.000,000,000 s)
2025-06-04 15:07:32,028 INFO  - Already have ACK (at simulation time 475.000,000,000 s)
2025-06-04 15:07:32,028 INFO  - Already have ACK (at simulation time 475.000,000,000 s)
2025-06-04 15:07:32,028 INFO  - Already have ACK (at simulation time 475.000,000,000 s)
2025-06-04 15:07:32,028 INFO  - Already have ACK (at simulation time 475.000,000,000 s)
2025-06-04 15:07:32,028 INFO  - Already have ACK (at simulation time 475.000,000,000 s)
2025-06-04 15:07:32,028 INFO  - Already have ACK (at simulation time 475.000,000,000 s)
2025-06-04 15:07:32,029 INFO  - Already have ACK (at simulation time 475.000,000,000 s)
2025-06-04 15:07:32,029 INFO  - Already have ACK (at simulation time 475.000,000,000 s)
2025-06-04 15:07:32,029 INFO  - Already have ACK (at simulation time 475.000,000,000 s)
2025-06-04 15:07:32,029 INFO  - Already have ACK (at simulation time 475.000,000,000 s)
2025-06-04 15:07:32,029 INFO  - Already have ACK (at simulation time 475.000,000,000 s)
2025-06-04 15:07:32,029 INFO  - Already have ACK (at simulation time 475.000,000,000 s)
2025-06-04 15:07:32,029 INFO  - Already have ACK (at simulation time 475.000,000,000 s)
2025-06-04 15:07:32,029 INFO  - Already have ACK (at simulation time 475.000,000,000 s)
2025-06-04 15:07:32,029 INFO  - Already have ACK (at simulation time 475.000,000,000 s)
2025-06-04 15:07:32,029 INFO  - Already have ACK (at simulation time 475.000,000,000 s)
2025-06-04 15:07:32,029 INFO  - Already have ACK (at simulation time 475.000,000,000 s)
2025-06-04 15:07:32,029 INFO  - Already have ACK (at simulation time 475.000,000,000 s)
2025-06-04 15:07:32,029 INFO  - Already have ACK (at simulation time 475.000,000,000 s)
2025-06-04 15:07:32,029 INFO  - Already have ACK (at simulation time 475.000,000,000 s)
2025-06-04 15:07:32,029 INFO  - Already have ACK (at simulation time 475.000,000,000 s)
2025-06-04 15:07:32,029 INFO  - Already have ACK (at simulation time 475.000,000,000 s)
2025-06-04 15:07:32,029 INFO  - Already have ACK (at simulation time 475.000,000,000 s)
2025-06-04 15:07:32,029 INFO  - Already have ACK (at simulation time 475.000,000,000 s)
2025-06-04 15:07:32,029 INFO  - Already have ACK (at simulation time 475.000,000,000 s)
2025-06-04 15:07:32,029 INFO  - Already have ACK (at simulation time 475.000,000,000 s)
2025-06-04 15:07:32,030 INFO  - Already have ACK (at simulation time 475.000,000,000 s)
2025-06-04 15:07:32,030 INFO  - Already have ACK (at simulation time 475.000,000,000 s)
2025-06-04 15:07:32,030 INFO  - Already have ACK (at simulation time 475.000,000,000 s)
2025-06-04 15:07:32,030 INFO  - Already have ACK (at simulation time 475.000,000,000 s)
2025-06-04 15:07:32,030 INFO  - Already have ACK (at simulation time 475.000,000,000 s)
2025-06-04 15:07:32,030 INFO  - Already have ACK (at simulation time 475.000,000,000 s)
2025-06-04 15:07:32,030 INFO  - Already have ACK (at simulation time 475.000,000,000 s)
2025-06-04 15:07:32,030 INFO  - Already have ACK (at simulation time 475.000,000,000 s)
2025-06-04 15:07:32,030 INFO  - Already have ACK (at simulation time 475.000,000,000 s)
2025-06-04 15:07:32,030 INFO  - Already have ACK (at simulation time 475.000,000,000 s)
2025-06-04 15:07:32,030 INFO  - Already have ACK (at simulation time 475.000,000,000 s)
2025-06-04 15:07:32,030 INFO  - Already have ACK (at simulation time 475.000,000,000 s)
2025-06-04 15:07:32,032 INFO  - Already have ACK (at simulation time 476.000,000,000 s)
2025-06-04 15:07:32,032 INFO  - Already have ACK (at simulation time 476.000,000,000 s)
2025-06-04 15:07:32,032 INFO  - Already have ACK (at simulation time 476.000,000,000 s)
2025-06-04 15:07:32,032 INFO  - Already have ACK (at simulation time 476.000,000,000 s)
2025-06-04 15:07:32,032 INFO  - Already have ACK (at simulation time 476.000,000,000 s)
2025-06-04 15:07:32,033 INFO  - Already have ACK (at simulation time 476.000,000,000 s)
2025-06-04 15:07:32,033 INFO  - Already have ACK (at simulation time 476.000,000,000 s)
2025-06-04 15:07:32,033 INFO  - Already have ACK (at simulation time 476.000,000,000 s)
2025-06-04 15:07:32,033 INFO  - Already have ACK (at simulation time 476.000,000,000 s)
2025-06-04 15:07:32,033 INFO  - Already have ACK (at simulation time 476.000,000,000 s)
2025-06-04 15:07:32,033 INFO  - Already have ACK (at simulation time 476.000,000,000 s)
2025-06-04 15:07:32,033 INFO  - Already have ACK (at simulation time 476.000,000,000 s)
2025-06-04 15:07:32,033 INFO  - Already have ACK (at simulation time 476.000,000,000 s)
2025-06-04 15:07:32,033 INFO  - Already have ACK (at simulation time 476.000,000,000 s)
2025-06-04 15:07:32,034 INFO  - Already have ACK (at simulation time 476.000,000,000 s)
2025-06-04 15:07:32,034 INFO  - Already have ACK (at simulation time 476.000,000,000 s)
2025-06-04 15:07:32,034 INFO  - Already have ACK (at simulation time 476.000,000,000 s)
2025-06-04 15:07:32,034 INFO  - Already have ACK (at simulation time 476.000,000,000 s)
2025-06-04 15:07:32,034 INFO  - Already have ACK (at simulation time 476.000,000,000 s)
2025-06-04 15:07:32,034 INFO  - Already have ACK (at simulation time 476.000,000,000 s)
2025-06-04 15:07:32,034 INFO  - Already have ACK (at simulation time 476.000,000,000 s)
2025-06-04 15:07:32,034 INFO  - Already have ACK (at simulation time 476.000,000,000 s)
2025-06-04 15:07:32,034 INFO  - Already have ACK (at simulation time 476.000,000,000 s)
2025-06-04 15:07:32,034 INFO  - Already have ACK (at simulation time 476.000,000,000 s)
2025-06-04 15:07:32,035 INFO  - Already have ACK (at simulation time 476.000,000,000 s)
2025-06-04 15:07:32,035 INFO  - Already have ACK (at simulation time 476.000,000,000 s)
2025-06-04 15:07:32,035 INFO  - Already have ACK (at simulation time 476.000,000,000 s)
2025-06-04 15:07:32,035 INFO  - Already have ACK (at simulation time 476.000,000,000 s)
2025-06-04 15:07:32,035 INFO  - Already have ACK (at simulation time 476.000,000,000 s)
2025-06-04 15:07:32,035 INFO  - Already have ACK (at simulation time 476.000,000,000 s)
2025-06-04 15:07:32,035 INFO  - Already have ACK (at simulation time 476.000,000,000 s)
2025-06-04 15:07:32,035 INFO  - Already have ACK (at simulation time 476.000,000,000 s)
2025-06-04 15:07:32,035 INFO  - Already have ACK (at simulation time 476.000,000,000 s)
2025-06-04 15:07:32,035 INFO  - Already have ACK (at simulation time 476.000,000,000 s)
2025-06-04 15:07:32,035 INFO  - Already have ACK (at simulation time 476.000,000,000 s)
2025-06-04 15:07:32,035 INFO  - Already have ACK (at simulation time 476.000,000,000 s)
2025-06-04 15:07:32,035 INFO  - Already have ACK (at simulation time 476.000,000,000 s)
2025-06-04 15:07:32,036 INFO  - Already have ACK (at simulation time 476.000,000,000 s)
2025-06-04 15:07:32,036 INFO  - Already have ACK (at simulation time 476.000,000,000 s)
2025-06-04 15:07:32,036 INFO  - Already have ACK (at simulation time 476.000,000,000 s)
2025-06-04 15:07:32,036 INFO  - Already have ACK (at simulation time 476.000,000,000 s)
2025-06-04 15:07:32,036 INFO  - Already have ACK (at simulation time 476.000,000,000 s)
2025-06-04 15:07:32,036 INFO  - Already have ACK (at simulation time 476.000,000,000 s)
2025-06-04 15:07:32,036 INFO  - Already have ACK (at simulation time 476.000,000,000 s)
2025-06-04 15:07:32,036 INFO  - Already have ACK (at simulation time 476.000,000,000 s)
2025-06-04 15:07:32,036 INFO  - Already have ACK (at simulation time 476.000,000,000 s)
2025-06-04 15:07:32,036 INFO  - Already have ACK (at simulation time 476.000,000,000 s)
2025-06-04 15:07:32,036 INFO  - Already have ACK (at simulation time 476.000,000,000 s)
2025-06-04 15:07:32,036 INFO  - Already have ACK (at simulation time 476.000,000,000 s)
2025-06-04 15:07:32,036 INFO  - Already have ACK (at simulation time 476.000,000,000 s)
2025-06-04 15:07:32,036 INFO  - Already have ACK (at simulation time 476.000,000,000 s)
2025-06-04 15:07:32,036 INFO  - Already have ACK (at simulation time 476.000,000,000 s)
2025-06-04 15:07:32,037 INFO  - Already have ACK (at simulation time 476.000,000,000 s)
2025-06-04 15:07:32,037 INFO  - Already have ACK (at simulation time 476.000,000,000 s)
2025-06-04 15:07:32,037 INFO  - Already have ACK (at simulation time 476.000,000,000 s)
2025-06-04 15:07:32,037 INFO  - Already have ACK (at simulation time 476.000,000,000 s)
2025-06-04 15:07:32,037 INFO  - Already have ACK (at simulation time 476.000,000,000 s)
2025-06-04 15:07:32,037 INFO  - Already have ACK (at simulation time 476.000,000,000 s)
2025-06-04 15:07:32,037 INFO  - Already have ACK (at simulation time 476.000,000,000 s)
2025-06-04 15:07:32,037 INFO  - Already have ACK (at simulation time 476.000,000,000 s)
2025-06-04 15:07:32,037 INFO  - Already have ACK (at simulation time 476.000,000,000 s)
2025-06-04 15:07:32,037 INFO  - Already have ACK (at simulation time 476.000,000,000 s)
2025-06-04 15:07:32,037 INFO  - Already have ACK (at simulation time 476.000,000,000 s)
2025-06-04 15:07:32,037 INFO  - Already have ACK (at simulation time 476.000,000,000 s)
2025-06-04 15:07:32,037 INFO  - Already have ACK (at simulation time 476.000,000,000 s)
2025-06-04 15:07:32,037 INFO  - Already have ACK (at simulation time 476.000,000,000 s)
2025-06-04 15:07:32,037 INFO  - Already have ACK (at simulation time 476.000,000,000 s)
2025-06-04 15:07:32,037 INFO  - Already have ACK (at simulation time 476.000,000,000 s)
2025-06-04 15:07:32,037 INFO  - Already have ACK (at simulation time 476.000,000,000 s)
2025-06-04 15:07:32,038 INFO  - Already have ACK (at simulation time 476.000,000,000 s)
2025-06-04 15:07:32,038 INFO  - Already have ACK (at simulation time 476.000,000,000 s)
2025-06-04 15:07:32,038 INFO  - Already have ACK (at simulation time 476.000,000,000 s)
2025-06-04 15:07:32,038 INFO  - Already have ACK (at simulation time 476.000,000,000 s)
2025-06-04 15:07:32,038 INFO  - Already have ACK (at simulation time 476.000,000,000 s)
2025-06-04 15:07:32,038 INFO  - Already have ACK (at simulation time 476.000,000,000 s)
2025-06-04 15:07:32,038 INFO  - Already have ACK (at simulation time 476.000,000,000 s)
2025-06-04 15:07:32,038 INFO  - Already have ACK (at simulation time 476.000,000,000 s)
2025-06-04 15:07:32,038 INFO  - Already have ACK (at simulation time 476.000,000,000 s)
2025-06-04 15:07:32,038 INFO  - Already have ACK (at simulation time 476.000,000,000 s)
2025-06-04 15:07:32,038 INFO  - Already have ACK (at simulation time 476.000,000,000 s)
2025-06-04 15:07:32,038 INFO  - Already have ACK (at simulation time 476.000,000,000 s)
2025-06-04 15:07:32,038 INFO  - Already have ACK (at simulation time 476.000,000,000 s)
2025-06-04 15:07:32,038 INFO  - Already have ACK (at simulation time 476.000,000,000 s)
2025-06-04 15:07:32,038 INFO  - Already have ACK (at simulation time 476.000,000,000 s)
2025-06-04 15:07:32,038 INFO  - Already have ACK (at simulation time 476.000,000,000 s)
2025-06-04 15:07:32,038 INFO  - Already have ACK (at simulation time 476.000,000,000 s)
2025-06-04 15:07:32,038 INFO  - Already have ACK (at simulation time 476.000,000,000 s)
2025-06-04 15:07:32,038 INFO  - Already have ACK (at simulation time 476.000,000,000 s)
2025-06-04 15:07:32,038 INFO  - Already have ACK (at simulation time 476.000,000,000 s)
2025-06-04 15:07:32,038 INFO  - Already have ACK (at simulation time 476.000,000,000 s)
2025-06-04 15:07:32,040 INFO  - Sent periodic GreenWaveMsg: veh_74 on route r_0 (at simulation time 477.000,000,000 s)
2025-06-04 15:07:32,040 INFO  - Already have ACK (at simulation time 477.000,000,000 s)
2025-06-04 15:07:32,040 INFO  - Already have ACK (at simulation time 477.000,000,000 s)
2025-06-04 15:07:32,041 INFO  - Already have ACK (at simulation time 477.000,000,000 s)
2025-06-04 15:07:32,041 INFO  - Already have ACK (at simulation time 477.000,000,000 s)
2025-06-04 15:07:32,041 INFO  - Already have ACK (at simulation time 477.000,000,000 s)
2025-06-04 15:07:32,041 INFO  - Already have ACK (at simulation time 477.000,000,000 s)
2025-06-04 15:07:32,041 INFO  - Already have ACK (at simulation time 477.000,000,000 s)
2025-06-04 15:07:32,041 INFO  - Already have ACK (at simulation time 477.000,000,000 s)
2025-06-04 15:07:32,041 INFO  - Already have ACK (at simulation time 477.000,000,000 s)
2025-06-04 15:07:32,041 INFO  - Already have ACK (at simulation time 477.000,000,000 s)
2025-06-04 15:07:32,041 INFO  - Already have ACK (at simulation time 477.000,000,000 s)
2025-06-04 15:07:32,041 INFO  - Already have ACK (at simulation time 477.000,000,000 s)
2025-06-04 15:07:32,041 INFO  - Already have ACK (at simulation time 477.000,000,000 s)
2025-06-04 15:07:32,042 INFO  - Already have ACK (at simulation time 477.000,000,000 s)
2025-06-04 15:07:32,042 INFO  - Already have ACK (at simulation time 477.000,000,000 s)
2025-06-04 15:07:32,042 INFO  - Already have ACK (at simulation time 477.000,000,000 s)
2025-06-04 15:07:32,042 INFO  - Already have ACK (at simulation time 477.000,000,000 s)
2025-06-04 15:07:32,042 INFO  - Already have ACK (at simulation time 477.000,000,000 s)
2025-06-04 15:07:32,042 INFO  - Already have ACK (at simulation time 477.000,000,000 s)
2025-06-04 15:07:32,042 INFO  - Already have ACK (at simulation time 477.000,000,000 s)
2025-06-04 15:07:32,042 INFO  - Already have ACK (at simulation time 477.000,000,000 s)
2025-06-04 15:07:32,042 INFO  - Already have ACK (at simulation time 477.000,000,000 s)
2025-06-04 15:07:32,042 INFO  - Already have ACK (at simulation time 477.000,000,000 s)
2025-06-04 15:07:32,042 INFO  - Already have ACK (at simulation time 477.000,000,000 s)
2025-06-04 15:07:32,043 INFO  - Already have ACK (at simulation time 477.000,000,000 s)
2025-06-04 15:07:32,043 INFO  - Already have ACK (at simulation time 477.000,000,000 s)
2025-06-04 15:07:32,043 INFO  - Already have ACK (at simulation time 477.000,000,000 s)
2025-06-04 15:07:32,043 INFO  - Already have ACK (at simulation time 477.000,000,000 s)
2025-06-04 15:07:32,043 INFO  - Already have ACK (at simulation time 477.000,000,000 s)
2025-06-04 15:07:32,043 INFO  - Already have ACK (at simulation time 477.000,000,000 s)
2025-06-04 15:07:32,043 INFO  - Already have ACK (at simulation time 477.000,000,000 s)
2025-06-04 15:07:32,043 INFO  - Already have ACK (at simulation time 477.000,000,000 s)
2025-06-04 15:07:32,043 INFO  - Already have ACK (at simulation time 477.000,000,000 s)
2025-06-04 15:07:32,043 INFO  - Already have ACK (at simulation time 477.000,000,000 s)
2025-06-04 15:07:32,043 INFO  - Already have ACK (at simulation time 477.000,000,000 s)
2025-06-04 15:07:32,043 INFO  - Already have ACK (at simulation time 477.000,000,000 s)
2025-06-04 15:07:32,044 INFO  - Already have ACK (at simulation time 477.000,000,000 s)
2025-06-04 15:07:32,044 INFO  - Already have ACK (at simulation time 477.000,000,000 s)
2025-06-04 15:07:32,044 INFO  - Already have ACK (at simulation time 477.000,000,000 s)
2025-06-04 15:07:32,044 INFO  - Already have ACK (at simulation time 477.000,000,000 s)
2025-06-04 15:07:32,044 INFO  - Already have ACK (at simulation time 477.000,000,000 s)
2025-06-04 15:07:32,044 INFO  - Already have ACK (at simulation time 477.000,000,000 s)
2025-06-04 15:07:32,044 INFO  - Already have ACK (at simulation time 477.000,000,000 s)
2025-06-04 15:07:32,044 INFO  - Already have ACK (at simulation time 477.000,000,000 s)
2025-06-04 15:07:32,044 INFO  - Already have ACK (at simulation time 477.000,000,000 s)
2025-06-04 15:07:32,044 INFO  - Already have ACK (at simulation time 477.000,000,000 s)
2025-06-04 15:07:32,044 INFO  - Already have ACK (at simulation time 477.000,000,000 s)
2025-06-04 15:07:32,044 INFO  - Already have ACK (at simulation time 477.000,000,000 s)
2025-06-04 15:07:32,044 INFO  - Already have ACK (at simulation time 477.000,000,000 s)
2025-06-04 15:07:32,044 INFO  - Already have ACK (at simulation time 477.000,000,000 s)
2025-06-04 15:07:32,044 INFO  - Already have ACK (at simulation time 477.000,000,000 s)
2025-06-04 15:07:32,045 INFO  - Already have ACK (at simulation time 477.000,000,000 s)
2025-06-04 15:07:32,045 INFO  - Already have ACK (at simulation time 477.000,000,000 s)
2025-06-04 15:07:32,045 INFO  - Already have ACK (at simulation time 477.000,000,000 s)
2025-06-04 15:07:32,045 INFO  - Already have ACK (at simulation time 477.000,000,000 s)
2025-06-04 15:07:32,045 INFO  - Already have ACK (at simulation time 477.000,000,000 s)
2025-06-04 15:07:32,045 INFO  - Already have ACK (at simulation time 477.000,000,000 s)
2025-06-04 15:07:32,045 INFO  - Already have ACK (at simulation time 477.000,000,000 s)
2025-06-04 15:07:32,045 INFO  - Already have ACK (at simulation time 477.000,000,000 s)
2025-06-04 15:07:32,045 INFO  - Already have ACK (at simulation time 477.000,000,000 s)
2025-06-04 15:07:32,045 INFO  - Already have ACK (at simulation time 477.000,000,000 s)
2025-06-04 15:07:32,045 INFO  - Already have ACK (at simulation time 477.000,000,000 s)
2025-06-04 15:07:32,045 INFO  - Already have ACK (at simulation time 477.000,000,000 s)
2025-06-04 15:07:32,045 INFO  - Already have ACK (at simulation time 477.000,000,000 s)
2025-06-04 15:07:32,045 INFO  - Already have ACK (at simulation time 477.000,000,000 s)
2025-06-04 15:07:32,045 INFO  - Already have ACK (at simulation time 477.000,000,000 s)
2025-06-04 15:07:32,045 INFO  - Already have ACK (at simulation time 477.000,000,000 s)
2025-06-04 15:07:32,045 INFO  - Already have ACK (at simulation time 477.000,000,000 s)
2025-06-04 15:07:32,045 INFO  - Already have ACK (at simulation time 477.000,000,000 s)
2025-06-04 15:07:32,046 INFO  - Already have ACK (at simulation time 477.000,000,000 s)
2025-06-04 15:07:32,046 INFO  - Already have ACK (at simulation time 477.000,000,000 s)
2025-06-04 15:07:32,046 INFO  - Already have ACK (at simulation time 477.000,000,000 s)
2025-06-04 15:07:32,046 INFO  - Already have ACK (at simulation time 477.000,000,000 s)
2025-06-04 15:07:32,046 INFO  - Already have ACK (at simulation time 477.000,000,000 s)
2025-06-04 15:07:32,046 INFO  - Already have ACK (at simulation time 477.000,000,000 s)
2025-06-04 15:07:32,046 INFO  - Already have ACK (at simulation time 477.000,000,000 s)
2025-06-04 15:07:32,046 INFO  - Already have ACK (at simulation time 477.000,000,000 s)
2025-06-04 15:07:32,046 INFO  - Already have ACK (at simulation time 477.000,000,000 s)
2025-06-04 15:07:32,046 INFO  - Already have ACK (at simulation time 477.000,000,000 s)
2025-06-04 15:07:32,046 INFO  - Already have ACK (at simulation time 477.000,000,000 s)
2025-06-04 15:07:32,046 INFO  - Already have ACK (at simulation time 477.000,000,000 s)
2025-06-04 15:07:32,046 INFO  - Already have ACK (at simulation time 477.000,000,000 s)
2025-06-04 15:07:32,046 INFO  - Already have ACK (at simulation time 477.000,000,000 s)
2025-06-04 15:07:32,046 INFO  - Already have ACK (at simulation time 477.000,000,000 s)
2025-06-04 15:07:32,046 INFO  - Already have ACK (at simulation time 477.000,000,000 s)
2025-06-04 15:07:32,046 INFO  - Already have ACK (at simulation time 477.000,000,000 s)
2025-06-04 15:07:32,046 INFO  - Already have ACK (at simulation time 477.000,000,000 s)
2025-06-04 15:07:32,046 INFO  - Already have ACK (at simulation time 477.000,000,000 s)
2025-06-04 15:07:32,046 INFO  - Already have ACK (at simulation time 477.000,000,000 s)
2025-06-04 15:07:32,046 INFO  - Already have ACK (at simulation time 477.000,000,000 s)
2025-06-04 15:07:32,046 INFO  - Already have ACK (at simulation time 477.000,000,000 s)
2025-06-04 15:07:32,048 INFO  - Already have ACK (at simulation time 478.000,000,000 s)
2025-06-04 15:07:32,049 INFO  - Already have ACK (at simulation time 478.000,000,000 s)
2025-06-04 15:07:32,049 INFO  - Already have ACK (at simulation time 478.000,000,000 s)
2025-06-04 15:07:32,049 INFO  - Already have ACK (at simulation time 478.000,000,000 s)
2025-06-04 15:07:32,049 INFO  - Already have ACK (at simulation time 478.000,000,000 s)
2025-06-04 15:07:32,049 INFO  - Already have ACK (at simulation time 478.000,000,000 s)
2025-06-04 15:07:32,049 INFO  - Already have ACK (at simulation time 478.000,000,000 s)
2025-06-04 15:07:32,049 INFO  - Already have ACK (at simulation time 478.000,000,000 s)
2025-06-04 15:07:32,049 INFO  - Already have ACK (at simulation time 478.000,000,000 s)
2025-06-04 15:07:32,049 INFO  - Already have ACK (at simulation time 478.000,000,000 s)
2025-06-04 15:07:32,049 INFO  - Already have ACK (at simulation time 478.000,000,000 s)
2025-06-04 15:07:32,050 INFO  - Already have ACK (at simulation time 478.000,000,000 s)
2025-06-04 15:07:32,050 INFO  - Already have ACK (at simulation time 478.000,000,000 s)
2025-06-04 15:07:32,050 INFO  - Already have ACK (at simulation time 478.000,000,000 s)
2025-06-04 15:07:32,050 INFO  - Already have ACK (at simulation time 478.000,000,000 s)
2025-06-04 15:07:32,050 INFO  - Already have ACK (at simulation time 478.000,000,000 s)
2025-06-04 15:07:32,050 INFO  - Already have ACK (at simulation time 478.000,000,000 s)
2025-06-04 15:07:32,050 INFO  - Already have ACK (at simulation time 478.000,000,000 s)
2025-06-04 15:07:32,050 INFO  - Already have ACK (at simulation time 478.000,000,000 s)
2025-06-04 15:07:32,050 INFO  - Already have ACK (at simulation time 478.000,000,000 s)
2025-06-04 15:07:32,050 INFO  - Already have ACK (at simulation time 478.000,000,000 s)
2025-06-04 15:07:32,050 INFO  - Already have ACK (at simulation time 478.000,000,000 s)
2025-06-04 15:07:32,051 INFO  - Already have ACK (at simulation time 478.000,000,000 s)
2025-06-04 15:07:32,051 INFO  - Already have ACK (at simulation time 478.000,000,000 s)
2025-06-04 15:07:32,051 INFO  - Already have ACK (at simulation time 478.000,000,000 s)
2025-06-04 15:07:32,051 INFO  - Already have ACK (at simulation time 478.000,000,000 s)
2025-06-04 15:07:32,051 INFO  - Already have ACK (at simulation time 478.000,000,000 s)
2025-06-04 15:07:32,051 INFO  - Already have ACK (at simulation time 478.000,000,000 s)
2025-06-04 15:07:32,051 INFO  - Already have ACK (at simulation time 478.000,000,000 s)
2025-06-04 15:07:32,051 INFO  - Already have ACK (at simulation time 478.000,000,000 s)
2025-06-04 15:07:32,051 INFO  - Already have ACK (at simulation time 478.000,000,000 s)
2025-06-04 15:07:32,051 INFO  - Already have ACK (at simulation time 478.000,000,000 s)
2025-06-04 15:07:32,051 INFO  - Already have ACK (at simulation time 478.000,000,000 s)
2025-06-04 15:07:32,051 INFO  - Already have ACK (at simulation time 478.000,000,000 s)
2025-06-04 15:07:32,051 INFO  - Already have ACK (at simulation time 478.000,000,000 s)
2025-06-04 15:07:32,052 INFO  - Already have ACK (at simulation time 478.000,000,000 s)
2025-06-04 15:07:32,052 INFO  - Already have ACK (at simulation time 478.000,000,000 s)
2025-06-04 15:07:32,052 INFO  - Already have ACK (at simulation time 478.000,000,000 s)
2025-06-04 15:07:32,052 INFO  - Already have ACK (at simulation time 478.000,000,000 s)
2025-06-04 15:07:32,052 INFO  - Already have ACK (at simulation time 478.000,000,000 s)
2025-06-04 15:07:32,052 INFO  - Already have ACK (at simulation time 478.000,000,000 s)
2025-06-04 15:07:32,052 INFO  - Already have ACK (at simulation time 478.000,000,000 s)
2025-06-04 15:07:32,052 INFO  - Already have ACK (at simulation time 478.000,000,000 s)
2025-06-04 15:07:32,052 INFO  - Already have ACK (at simulation time 478.000,000,000 s)
2025-06-04 15:07:32,052 INFO  - Already have ACK (at simulation time 478.000,000,000 s)
2025-06-04 15:07:32,052 INFO  - Already have ACK (at simulation time 478.000,000,000 s)
2025-06-04 15:07:32,052 INFO  - Already have ACK (at simulation time 478.000,000,000 s)
2025-06-04 15:07:32,052 INFO  - Already have ACK (at simulation time 478.000,000,000 s)
2025-06-04 15:07:32,052 INFO  - Already have ACK (at simulation time 478.000,000,000 s)
2025-06-04 15:07:32,053 INFO  - Already have ACK (at simulation time 478.000,000,000 s)
2025-06-04 15:07:32,053 INFO  - Already have ACK (at simulation time 478.000,000,000 s)
2025-06-04 15:07:32,053 INFO  - Already have ACK (at simulation time 478.000,000,000 s)
2025-06-04 15:07:32,053 INFO  - Already have ACK (at simulation time 478.000,000,000 s)
2025-06-04 15:07:32,053 INFO  - Already have ACK (at simulation time 478.000,000,000 s)
2025-06-04 15:07:32,053 INFO  - Already have ACK (at simulation time 478.000,000,000 s)
2025-06-04 15:07:32,053 INFO  - Already have ACK (at simulation time 478.000,000,000 s)
2025-06-04 15:07:32,053 INFO  - Already have ACK (at simulation time 478.000,000,000 s)
2025-06-04 15:07:32,053 INFO  - Already have ACK (at simulation time 478.000,000,000 s)
2025-06-04 15:07:32,053 INFO  - Already have ACK (at simulation time 478.000,000,000 s)
2025-06-04 15:07:32,053 INFO  - Already have ACK (at simulation time 478.000,000,000 s)
2025-06-04 15:07:32,053 INFO  - Already have ACK (at simulation time 478.000,000,000 s)
2025-06-04 15:07:32,053 INFO  - Already have ACK (at simulation time 478.000,000,000 s)
2025-06-04 15:07:32,053 INFO  - Already have ACK (at simulation time 478.000,000,000 s)
2025-06-04 15:07:32,053 INFO  - Already have ACK (at simulation time 478.000,000,000 s)
2025-06-04 15:07:32,053 INFO  - Already have ACK (at simulation time 478.000,000,000 s)
2025-06-04 15:07:32,053 INFO  - Already have ACK (at simulation time 478.000,000,000 s)
2025-06-04 15:07:32,054 INFO  - Already have ACK (at simulation time 478.000,000,000 s)
2025-06-04 15:07:32,054 INFO  - Already have ACK (at simulation time 478.000,000,000 s)
2025-06-04 15:07:32,054 INFO  - Already have ACK (at simulation time 478.000,000,000 s)
2025-06-04 15:07:32,054 INFO  - Already have ACK (at simulation time 478.000,000,000 s)
2025-06-04 15:07:32,054 INFO  - Already have ACK (at simulation time 478.000,000,000 s)
2025-06-04 15:07:32,054 INFO  - Already have ACK (at simulation time 478.000,000,000 s)
2025-06-04 15:07:32,054 INFO  - Already have ACK (at simulation time 478.000,000,000 s)
2025-06-04 15:07:32,054 INFO  - Already have ACK (at simulation time 478.000,000,000 s)
2025-06-04 15:07:32,054 INFO  - Already have ACK (at simulation time 478.000,000,000 s)
2025-06-04 15:07:32,054 INFO  - Already have ACK (at simulation time 478.000,000,000 s)
2025-06-04 15:07:32,054 INFO  - Already have ACK (at simulation time 478.000,000,000 s)
2025-06-04 15:07:32,054 INFO  - Already have ACK (at simulation time 478.000,000,000 s)
2025-06-04 15:07:32,054 INFO  - Already have ACK (at simulation time 478.000,000,000 s)
2025-06-04 15:07:32,054 INFO  - Already have ACK (at simulation time 478.000,000,000 s)
2025-06-04 15:07:32,054 INFO  - Already have ACK (at simulation time 478.000,000,000 s)
2025-06-04 15:07:32,054 INFO  - Already have ACK (at simulation time 478.000,000,000 s)
2025-06-04 15:07:32,054 INFO  - Already have ACK (at simulation time 478.000,000,000 s)
2025-06-04 15:07:32,054 INFO  - Already have ACK (at simulation time 478.000,000,000 s)
2025-06-04 15:07:32,054 INFO  - Already have ACK (at simulation time 478.000,000,000 s)
2025-06-04 15:07:32,054 INFO  - Already have ACK (at simulation time 478.000,000,000 s)
2025-06-04 15:07:32,054 INFO  - Already have ACK (at simulation time 478.000,000,000 s)
2025-06-04 15:07:32,055 INFO  - Already have ACK (at simulation time 478.000,000,000 s)
2025-06-04 15:07:32,055 INFO  - Already have ACK (at simulation time 478.000,000,000 s)
2025-06-04 15:07:32,055 INFO  - Already have ACK (at simulation time 478.000,000,000 s)
2025-06-04 15:07:32,055 INFO  - Already have ACK (at simulation time 478.000,000,000 s)
2025-06-04 15:07:32,055 INFO  - Already have ACK (at simulation time 478.000,000,000 s)
2025-06-04 15:07:32,057 INFO  - Already have ACK (at simulation time 479.000,000,000 s)
2025-06-04 15:07:32,057 INFO  - Already have ACK (at simulation time 479.000,000,000 s)
2025-06-04 15:07:32,057 INFO  - Already have ACK (at simulation time 479.000,000,000 s)
2025-06-04 15:07:32,057 INFO  - Already have ACK (at simulation time 479.000,000,000 s)
2025-06-04 15:07:32,058 INFO  - Already have ACK (at simulation time 479.000,000,000 s)
2025-06-04 15:07:32,058 INFO  - Already have ACK (at simulation time 479.000,000,000 s)
2025-06-04 15:07:32,058 INFO  - Already have ACK (at simulation time 479.000,000,000 s)
2025-06-04 15:07:32,058 INFO  - Already have ACK (at simulation time 479.000,000,000 s)
2025-06-04 15:07:32,058 INFO  - Already have ACK (at simulation time 479.000,000,000 s)
2025-06-04 15:07:32,058 INFO  - Already have ACK (at simulation time 479.000,000,000 s)
2025-06-04 15:07:32,058 INFO  - Already have ACK (at simulation time 479.000,000,000 s)
2025-06-04 15:07:32,058 INFO  - Already have ACK (at simulation time 479.000,000,000 s)
2025-06-04 15:07:32,058 INFO  - Already have ACK (at simulation time 479.000,000,000 s)
2025-06-04 15:07:32,058 INFO  - Already have ACK (at simulation time 479.000,000,000 s)
2025-06-04 15:07:32,059 INFO  - Already have ACK (at simulation time 479.000,000,000 s)
2025-06-04 15:07:32,059 INFO  - Already have ACK (at simulation time 479.000,000,000 s)
2025-06-04 15:07:32,059 INFO  - Already have ACK (at simulation time 479.000,000,000 s)
2025-06-04 15:07:32,059 INFO  - Already have ACK (at simulation time 479.000,000,000 s)
2025-06-04 15:07:32,059 INFO  - Already have ACK (at simulation time 479.000,000,000 s)
2025-06-04 15:07:32,059 INFO  - Already have ACK (at simulation time 479.000,000,000 s)
2025-06-04 15:07:32,059 INFO  - Already have ACK (at simulation time 479.000,000,000 s)
2025-06-04 15:07:32,059 INFO  - Already have ACK (at simulation time 479.000,000,000 s)
2025-06-04 15:07:32,059 INFO  - Already have ACK (at simulation time 479.000,000,000 s)
2025-06-04 15:07:32,059 INFO  - Already have ACK (at simulation time 479.000,000,000 s)
2025-06-04 15:07:32,060 INFO  - Already have ACK (at simulation time 479.000,000,000 s)
2025-06-04 15:07:32,060 INFO  - Already have ACK (at simulation time 479.000,000,000 s)
2025-06-04 15:07:32,060 INFO  - Already have ACK (at simulation time 479.000,000,000 s)
2025-06-04 15:07:32,060 INFO  - Already have ACK (at simulation time 479.000,000,000 s)
2025-06-04 15:07:32,060 INFO  - Already have ACK (at simulation time 479.000,000,000 s)
2025-06-04 15:07:32,060 INFO  - Already have ACK (at simulation time 479.000,000,000 s)
2025-06-04 15:07:32,060 INFO  - Already have ACK (at simulation time 479.000,000,000 s)
2025-06-04 15:07:32,060 INFO  - Already have ACK (at simulation time 479.000,000,000 s)
2025-06-04 15:07:32,060 INFO  - Already have ACK (at simulation time 479.000,000,000 s)
2025-06-04 15:07:32,060 INFO  - Already have ACK (at simulation time 479.000,000,000 s)
2025-06-04 15:07:32,060 INFO  - Already have ACK (at simulation time 479.000,000,000 s)
2025-06-04 15:07:32,061 INFO  - Already have ACK (at simulation time 479.000,000,000 s)
2025-06-04 15:07:32,061 INFO  - Already have ACK (at simulation time 479.000,000,000 s)
2025-06-04 15:07:32,061 INFO  - Already have ACK (at simulation time 479.000,000,000 s)
2025-06-04 15:07:32,061 INFO  - Already have ACK (at simulation time 479.000,000,000 s)
2025-06-04 15:07:32,061 INFO  - Already have ACK (at simulation time 479.000,000,000 s)
2025-06-04 15:07:32,061 INFO  - Already have ACK (at simulation time 479.000,000,000 s)
2025-06-04 15:07:32,061 INFO  - Already have ACK (at simulation time 479.000,000,000 s)
2025-06-04 15:07:32,061 INFO  - Already have ACK (at simulation time 479.000,000,000 s)
2025-06-04 15:07:32,061 INFO  - Already have ACK (at simulation time 479.000,000,000 s)
2025-06-04 15:07:32,061 INFO  - Already have ACK (at simulation time 479.000,000,000 s)
2025-06-04 15:07:32,061 INFO  - Already have ACK (at simulation time 479.000,000,000 s)
2025-06-04 15:07:32,061 INFO  - Already have ACK (at simulation time 479.000,000,000 s)
2025-06-04 15:07:32,061 INFO  - Already have ACK (at simulation time 479.000,000,000 s)
2025-06-04 15:07:32,061 INFO  - Already have ACK (at simulation time 479.000,000,000 s)
2025-06-04 15:07:32,062 INFO  - Already have ACK (at simulation time 479.000,000,000 s)
2025-06-04 15:07:32,062 INFO  - Already have ACK (at simulation time 479.000,000,000 s)
2025-06-04 15:07:32,062 INFO  - Already have ACK (at simulation time 479.000,000,000 s)
2025-06-04 15:07:32,062 INFO  - Already have ACK (at simulation time 479.000,000,000 s)
2025-06-04 15:07:32,062 INFO  - Already have ACK (at simulation time 479.000,000,000 s)
2025-06-04 15:07:32,062 INFO  - Already have ACK (at simulation time 479.000,000,000 s)
2025-06-04 15:07:32,062 INFO  - Already have ACK (at simulation time 479.000,000,000 s)
2025-06-04 15:07:32,062 INFO  - Already have ACK (at simulation time 479.000,000,000 s)
2025-06-04 15:07:32,062 INFO  - Already have ACK (at simulation time 479.000,000,000 s)
2025-06-04 15:07:32,062 INFO  - Already have ACK (at simulation time 479.000,000,000 s)
2025-06-04 15:07:32,062 INFO  - Already have ACK (at simulation time 479.000,000,000 s)
2025-06-04 15:07:32,062 INFO  - Already have ACK (at simulation time 479.000,000,000 s)
2025-06-04 15:07:32,062 INFO  - Already have ACK (at simulation time 479.000,000,000 s)
2025-06-04 15:07:32,062 INFO  - Already have ACK (at simulation time 479.000,000,000 s)
2025-06-04 15:07:32,063 INFO  - Already have ACK (at simulation time 479.000,000,000 s)
2025-06-04 15:07:32,063 INFO  - Already have ACK (at simulation time 479.000,000,000 s)
2025-06-04 15:07:32,063 INFO  - Already have ACK (at simulation time 479.000,000,000 s)
2025-06-04 15:07:32,063 INFO  - Already have ACK (at simulation time 479.000,000,000 s)
2025-06-04 15:07:32,063 INFO  - Already have ACK (at simulation time 479.000,000,000 s)
2025-06-04 15:07:32,063 INFO  - Already have ACK (at simulation time 479.000,000,000 s)
2025-06-04 15:07:32,063 INFO  - Already have ACK (at simulation time 479.000,000,000 s)
2025-06-04 15:07:32,063 INFO  - Already have ACK (at simulation time 479.000,000,000 s)
2025-06-04 15:07:32,063 INFO  - Already have ACK (at simulation time 479.000,000,000 s)
2025-06-04 15:07:32,063 INFO  - Already have ACK (at simulation time 479.000,000,000 s)
2025-06-04 15:07:32,063 INFO  - Already have ACK (at simulation time 479.000,000,000 s)
2025-06-04 15:07:32,063 INFO  - Already have ACK (at simulation time 479.000,000,000 s)
2025-06-04 15:07:32,063 INFO  - Already have ACK (at simulation time 479.000,000,000 s)
2025-06-04 15:07:32,063 INFO  - Already have ACK (at simulation time 479.000,000,000 s)
2025-06-04 15:07:32,063 INFO  - Already have ACK (at simulation time 479.000,000,000 s)
2025-06-04 15:07:32,063 INFO  - Already have ACK (at simulation time 479.000,000,000 s)
2025-06-04 15:07:32,063 INFO  - Already have ACK (at simulation time 479.000,000,000 s)
2025-06-04 15:07:32,063 INFO  - Already have ACK (at simulation time 479.000,000,000 s)
2025-06-04 15:07:32,063 INFO  - Already have ACK (at simulation time 479.000,000,000 s)
2025-06-04 15:07:32,064 INFO  - Already have ACK (at simulation time 479.000,000,000 s)
2025-06-04 15:07:32,064 INFO  - Already have ACK (at simulation time 479.000,000,000 s)
2025-06-04 15:07:32,064 INFO  - Already have ACK (at simulation time 479.000,000,000 s)
2025-06-04 15:07:32,064 INFO  - Already have ACK (at simulation time 479.000,000,000 s)
2025-06-04 15:07:32,064 INFO  - Already have ACK (at simulation time 479.000,000,000 s)
2025-06-04 15:07:32,064 INFO  - Already have ACK (at simulation time 479.000,000,000 s)
2025-06-04 15:07:32,064 INFO  - Already have ACK (at simulation time 479.000,000,000 s)
2025-06-04 15:07:32,064 INFO  - Already have ACK (at simulation time 479.000,000,000 s)
2025-06-04 15:07:32,064 INFO  - Already have ACK (at simulation time 479.000,000,000 s)
2025-06-04 15:07:32,064 INFO  - Already have ACK (at simulation time 479.000,000,000 s)
2025-06-04 15:07:32,064 INFO  - Already have ACK (at simulation time 479.000,000,000 s)
2025-06-04 15:07:32,070 INFO  - Already have ACK (at simulation time 480.000,000,000 s)
2025-06-04 15:07:32,071 INFO  - Already have ACK (at simulation time 480.000,000,000 s)
2025-06-04 15:07:32,071 INFO  - Already have ACK (at simulation time 480.000,000,000 s)
2025-06-04 15:07:32,071 INFO  - Already have ACK (at simulation time 480.000,000,000 s)
2025-06-04 15:07:32,071 INFO  - Already have ACK (at simulation time 480.000,000,000 s)
2025-06-04 15:07:32,071 INFO  - Already have ACK (at simulation time 480.000,000,000 s)
2025-06-04 15:07:32,071 INFO  - Already have ACK (at simulation time 480.000,000,000 s)
2025-06-04 15:07:32,071 INFO  - Already have ACK (at simulation time 480.000,000,000 s)
2025-06-04 15:07:32,071 INFO  - Already have ACK (at simulation time 480.000,000,000 s)
2025-06-04 15:07:32,072 INFO  - Already have ACK (at simulation time 480.000,000,000 s)
2025-06-04 15:07:32,072 INFO  - Already have ACK (at simulation time 480.000,000,000 s)
2025-06-04 15:07:32,072 INFO  - Already have ACK (at simulation time 480.000,000,000 s)
2025-06-04 15:07:32,072 INFO  - Already have ACK (at simulation time 480.000,000,000 s)
2025-06-04 15:07:32,072 INFO  - Already have ACK (at simulation time 480.000,000,000 s)
2025-06-04 15:07:32,072 INFO  - Already have ACK (at simulation time 480.000,000,000 s)
2025-06-04 15:07:32,072 INFO  - Already have ACK (at simulation time 480.000,000,000 s)
2025-06-04 15:07:32,072 INFO  - Already have ACK (at simulation time 480.000,000,000 s)
2025-06-04 15:07:32,072 INFO  - Already have ACK (at simulation time 480.000,000,000 s)
2025-06-04 15:07:32,073 INFO  - Already have ACK (at simulation time 480.000,000,000 s)
2025-06-04 15:07:32,073 INFO  - Already have ACK (at simulation time 480.000,000,000 s)
2025-06-04 15:07:32,073 INFO  - Already have ACK (at simulation time 480.000,000,000 s)
2025-06-04 15:07:32,073 INFO  - Already have ACK (at simulation time 480.000,000,000 s)
2025-06-04 15:07:32,073 INFO  - Already have ACK (at simulation time 480.000,000,000 s)
2025-06-04 15:07:32,073 INFO  - Already have ACK (at simulation time 480.000,000,000 s)
2025-06-04 15:07:32,073 INFO  - Already have ACK (at simulation time 480.000,000,000 s)
2025-06-04 15:07:32,073 INFO  - Already have ACK (at simulation time 480.000,000,000 s)
2025-06-04 15:07:32,073 INFO  - Already have ACK (at simulation time 480.000,000,000 s)
2025-06-04 15:07:32,073 INFO  - Already have ACK (at simulation time 480.000,000,000 s)
2025-06-04 15:07:32,073 INFO  - Already have ACK (at simulation time 480.000,000,000 s)
2025-06-04 15:07:32,074 INFO  - Already have ACK (at simulation time 480.000,000,000 s)
2025-06-04 15:07:32,074 INFO  - Already have ACK (at simulation time 480.000,000,000 s)
2025-06-04 15:07:32,074 INFO  - Already have ACK (at simulation time 480.000,000,000 s)
2025-06-04 15:07:32,074 INFO  - Already have ACK (at simulation time 480.000,000,000 s)
2025-06-04 15:07:32,074 INFO  - Already have ACK (at simulation time 480.000,000,000 s)
2025-06-04 15:07:32,074 INFO  - Already have ACK (at simulation time 480.000,000,000 s)
2025-06-04 15:07:32,074 INFO  - Already have ACK (at simulation time 480.000,000,000 s)
2025-06-04 15:07:32,074 INFO  - Already have ACK (at simulation time 480.000,000,000 s)
2025-06-04 15:07:32,074 INFO  - Already have ACK (at simulation time 480.000,000,000 s)
2025-06-04 15:07:32,074 INFO  - Already have ACK (at simulation time 480.000,000,000 s)
2025-06-04 15:07:32,074 INFO  - Already have ACK (at simulation time 480.000,000,000 s)
2025-06-04 15:07:32,074 INFO  - Already have ACK (at simulation time 480.000,000,000 s)
2025-06-04 15:07:32,075 INFO  - Already have ACK (at simulation time 480.000,000,000 s)
2025-06-04 15:07:32,075 INFO  - Already have ACK (at simulation time 480.000,000,000 s)
2025-06-04 15:07:32,075 INFO  - Already have ACK (at simulation time 480.000,000,000 s)
2025-06-04 15:07:32,075 INFO  - Already have ACK (at simulation time 480.000,000,000 s)
2025-06-04 15:07:32,075 INFO  - Already have ACK (at simulation time 480.000,000,000 s)
2025-06-04 15:07:32,075 INFO  - Already have ACK (at simulation time 480.000,000,000 s)
2025-06-04 15:07:32,075 INFO  - Already have ACK (at simulation time 480.000,000,000 s)
2025-06-04 15:07:32,075 INFO  - Already have ACK (at simulation time 480.000,000,000 s)
2025-06-04 15:07:32,075 INFO  - Already have ACK (at simulation time 480.000,000,000 s)
2025-06-04 15:07:32,075 INFO  - Already have ACK (at simulation time 480.000,000,000 s)
2025-06-04 15:07:32,075 INFO  - Already have ACK (at simulation time 480.000,000,000 s)
2025-06-04 15:07:32,075 INFO  - Already have ACK (at simulation time 480.000,000,000 s)
2025-06-04 15:07:32,075 INFO  - Already have ACK (at simulation time 480.000,000,000 s)
2025-06-04 15:07:32,075 INFO  - Already have ACK (at simulation time 480.000,000,000 s)
2025-06-04 15:07:32,076 INFO  - Already have ACK (at simulation time 480.000,000,000 s)
2025-06-04 15:07:32,076 INFO  - Already have ACK (at simulation time 480.000,000,000 s)
2025-06-04 15:07:32,076 INFO  - Already have ACK (at simulation time 480.000,000,000 s)
2025-06-04 15:07:32,076 INFO  - Already have ACK (at simulation time 480.000,000,000 s)
2025-06-04 15:07:32,076 INFO  - Already have ACK (at simulation time 480.000,000,000 s)
2025-06-04 15:07:32,076 INFO  - Already have ACK (at simulation time 480.000,000,000 s)
2025-06-04 15:07:32,076 INFO  - Already have ACK (at simulation time 480.000,000,000 s)
2025-06-04 15:07:32,076 INFO  - Already have ACK (at simulation time 480.000,000,000 s)
2025-06-04 15:07:32,076 INFO  - Already have ACK (at simulation time 480.000,000,000 s)
2025-06-04 15:07:32,076 INFO  - Already have ACK (at simulation time 480.000,000,000 s)
2025-06-04 15:07:32,076 INFO  - Already have ACK (at simulation time 480.000,000,000 s)
2025-06-04 15:07:32,076 INFO  - Already have ACK (at simulation time 480.000,000,000 s)
2025-06-04 15:07:32,076 INFO  - Already have ACK (at simulation time 480.000,000,000 s)
2025-06-04 15:07:32,076 INFO  - Already have ACK (at simulation time 480.000,000,000 s)
2025-06-04 15:07:32,076 INFO  - Already have ACK (at simulation time 480.000,000,000 s)
2025-06-04 15:07:32,076 INFO  - Already have ACK (at simulation time 480.000,000,000 s)
2025-06-04 15:07:32,076 INFO  - Already have ACK (at simulation time 480.000,000,000 s)
2025-06-04 15:07:32,077 INFO  - Already have ACK (at simulation time 480.000,000,000 s)
2025-06-04 15:07:32,077 INFO  - Already have ACK (at simulation time 480.000,000,000 s)
2025-06-04 15:07:32,077 INFO  - Already have ACK (at simulation time 480.000,000,000 s)
2025-06-04 15:07:32,077 INFO  - Already have ACK (at simulation time 480.000,000,000 s)
2025-06-04 15:07:32,077 INFO  - Already have ACK (at simulation time 480.000,000,000 s)
2025-06-04 15:07:32,077 INFO  - Already have ACK (at simulation time 480.000,000,000 s)
2025-06-04 15:07:32,077 INFO  - Already have ACK (at simulation time 480.000,000,000 s)
2025-06-04 15:07:32,077 INFO  - Already have ACK (at simulation time 480.000,000,000 s)
2025-06-04 15:07:32,077 INFO  - Already have ACK (at simulation time 480.000,000,000 s)
2025-06-04 15:07:32,077 INFO  - Already have ACK (at simulation time 480.000,000,000 s)
2025-06-04 15:07:32,077 INFO  - Already have ACK (at simulation time 480.000,000,000 s)
2025-06-04 15:07:32,077 INFO  - Already have ACK (at simulation time 480.000,000,000 s)
2025-06-04 15:07:32,077 INFO  - Already have ACK (at simulation time 480.000,000,000 s)
2025-06-04 15:07:32,077 INFO  - Already have ACK (at simulation time 480.000,000,000 s)
2025-06-04 15:07:32,077 INFO  - Already have ACK (at simulation time 480.000,000,000 s)
2025-06-04 15:07:32,077 INFO  - Already have ACK (at simulation time 480.000,000,000 s)
2025-06-04 15:07:32,077 INFO  - Already have ACK (at simulation time 480.000,000,000 s)
2025-06-04 15:07:32,077 INFO  - Already have ACK (at simulation time 480.000,000,000 s)
2025-06-04 15:07:32,077 INFO  - Already have ACK (at simulation time 480.000,000,000 s)
2025-06-04 15:07:32,077 INFO  - Already have ACK (at simulation time 480.000,000,000 s)
2025-06-04 15:07:32,077 INFO  - Already have ACK (at simulation time 480.000,000,000 s)
2025-06-04 15:07:32,077 INFO  - Already have ACK (at simulation time 480.000,000,000 s)
2025-06-04 15:07:32,080 INFO  - Already have ACK (at simulation time 481.000,000,000 s)
2025-06-04 15:07:32,080 INFO  - Already have ACK (at simulation time 481.000,000,000 s)
2025-06-04 15:07:32,080 INFO  - Already have ACK (at simulation time 481.000,000,000 s)
2025-06-04 15:07:32,080 INFO  - Already have ACK (at simulation time 481.000,000,000 s)
2025-06-04 15:07:32,080 INFO  - Already have ACK (at simulation time 481.000,000,000 s)
2025-06-04 15:07:32,081 INFO  - Already have ACK (at simulation time 481.000,000,000 s)
2025-06-04 15:07:32,081 INFO  - Already have ACK (at simulation time 481.000,000,000 s)
2025-06-04 15:07:32,081 INFO  - Already have ACK (at simulation time 481.000,000,000 s)
2025-06-04 15:07:32,081 INFO  - Already have ACK (at simulation time 481.000,000,000 s)
2025-06-04 15:07:32,081 INFO  - Already have ACK (at simulation time 481.000,000,000 s)
2025-06-04 15:07:32,081 INFO  - Already have ACK (at simulation time 481.000,000,000 s)
2025-06-04 15:07:32,081 INFO  - Already have ACK (at simulation time 481.000,000,000 s)
2025-06-04 15:07:32,081 INFO  - Already have ACK (at simulation time 481.000,000,000 s)
2025-06-04 15:07:32,081 INFO  - Already have ACK (at simulation time 481.000,000,000 s)
2025-06-04 15:07:32,082 INFO  - Already have ACK (at simulation time 481.000,000,000 s)
2025-06-04 15:07:32,082 INFO  - Already have ACK (at simulation time 481.000,000,000 s)
2025-06-04 15:07:32,082 INFO  - Already have ACK (at simulation time 481.000,000,000 s)
2025-06-04 15:07:32,082 INFO  - Already have ACK (at simulation time 481.000,000,000 s)
2025-06-04 15:07:32,082 INFO  - Already have ACK (at simulation time 481.000,000,000 s)
2025-06-04 15:07:32,082 INFO  - Already have ACK (at simulation time 481.000,000,000 s)
2025-06-04 15:07:32,082 INFO  - Already have ACK (at simulation time 481.000,000,000 s)
2025-06-04 15:07:32,082 INFO  - Already have ACK (at simulation time 481.000,000,000 s)
2025-06-04 15:07:32,082 INFO  - Already have ACK (at simulation time 481.000,000,000 s)
2025-06-04 15:07:32,082 INFO  - Already have ACK (at simulation time 481.000,000,000 s)
2025-06-04 15:07:32,082 INFO  - Already have ACK (at simulation time 481.000,000,000 s)
2025-06-04 15:07:32,083 INFO  - Already have ACK (at simulation time 481.000,000,000 s)
2025-06-04 15:07:32,083 INFO  - Already have ACK (at simulation time 481.000,000,000 s)
2025-06-04 15:07:32,083 INFO  - Already have ACK (at simulation time 481.000,000,000 s)
2025-06-04 15:07:32,083 INFO  - Already have ACK (at simulation time 481.000,000,000 s)
2025-06-04 15:07:32,083 INFO  - Already have ACK (at simulation time 481.000,000,000 s)
2025-06-04 15:07:32,083 INFO  - Already have ACK (at simulation time 481.000,000,000 s)
2025-06-04 15:07:32,083 INFO  - Already have ACK (at simulation time 481.000,000,000 s)
2025-06-04 15:07:32,083 INFO  - Already have ACK (at simulation time 481.000,000,000 s)
2025-06-04 15:07:32,083 INFO  - Already have ACK (at simulation time 481.000,000,000 s)
2025-06-04 15:07:32,083 INFO  - Already have ACK (at simulation time 481.000,000,000 s)
2025-06-04 15:07:32,083 INFO  - Already have ACK (at simulation time 481.000,000,000 s)
2025-06-04 15:07:32,083 INFO  - Already have ACK (at simulation time 481.000,000,000 s)
2025-06-04 15:07:32,084 INFO  - Already have ACK (at simulation time 481.000,000,000 s)
2025-06-04 15:07:32,084 INFO  - Already have ACK (at simulation time 481.000,000,000 s)
2025-06-04 15:07:32,084 INFO  - Already have ACK (at simulation time 481.000,000,000 s)
2025-06-04 15:07:32,084 INFO  - Already have ACK (at simulation time 481.000,000,000 s)
2025-06-04 15:07:32,084 INFO  - Already have ACK (at simulation time 481.000,000,000 s)
2025-06-04 15:07:32,084 INFO  - Already have ACK (at simulation time 481.000,000,000 s)
2025-06-04 15:07:32,084 INFO  - Already have ACK (at simulation time 481.000,000,000 s)
2025-06-04 15:07:32,084 INFO  - Already have ACK (at simulation time 481.000,000,000 s)
2025-06-04 15:07:32,084 INFO  - Already have ACK (at simulation time 481.000,000,000 s)
2025-06-04 15:07:32,084 INFO  - Already have ACK (at simulation time 481.000,000,000 s)
2025-06-04 15:07:32,084 INFO  - Already have ACK (at simulation time 481.000,000,000 s)
2025-06-04 15:07:32,084 INFO  - Already have ACK (at simulation time 481.000,000,000 s)
2025-06-04 15:07:32,084 INFO  - Already have ACK (at simulation time 481.000,000,000 s)
2025-06-04 15:07:32,085 INFO  - Already have ACK (at simulation time 481.000,000,000 s)
2025-06-04 15:07:32,085 INFO  - Already have ACK (at simulation time 481.000,000,000 s)
2025-06-04 15:07:32,085 INFO  - Already have ACK (at simulation time 481.000,000,000 s)
2025-06-04 15:07:32,085 INFO  - Already have ACK (at simulation time 481.000,000,000 s)
2025-06-04 15:07:32,085 INFO  - Already have ACK (at simulation time 481.000,000,000 s)
2025-06-04 15:07:32,085 INFO  - Already have ACK (at simulation time 481.000,000,000 s)
2025-06-04 15:07:32,085 INFO  - Already have ACK (at simulation time 481.000,000,000 s)
2025-06-04 15:07:32,085 INFO  - Already have ACK (at simulation time 481.000,000,000 s)
2025-06-04 15:07:32,085 INFO  - Already have ACK (at simulation time 481.000,000,000 s)
2025-06-04 15:07:32,085 INFO  - Already have ACK (at simulation time 481.000,000,000 s)
2025-06-04 15:07:32,085 INFO  - Already have ACK (at simulation time 481.000,000,000 s)
2025-06-04 15:07:32,085 INFO  - Already have ACK (at simulation time 481.000,000,000 s)
2025-06-04 15:07:32,085 INFO  - Already have ACK (at simulation time 481.000,000,000 s)
2025-06-04 15:07:32,085 INFO  - Already have ACK (at simulation time 481.000,000,000 s)
2025-06-04 15:07:32,085 INFO  - Already have ACK (at simulation time 481.000,000,000 s)
2025-06-04 15:07:32,086 INFO  - Already have ACK (at simulation time 481.000,000,000 s)
2025-06-04 15:07:32,086 INFO  - Already have ACK (at simulation time 481.000,000,000 s)
2025-06-04 15:07:32,086 INFO  - Already have ACK (at simulation time 481.000,000,000 s)
2025-06-04 15:07:32,086 INFO  - Already have ACK (at simulation time 481.000,000,000 s)
2025-06-04 15:07:32,086 INFO  - Already have ACK (at simulation time 481.000,000,000 s)
2025-06-04 15:07:32,086 INFO  - Already have ACK (at simulation time 481.000,000,000 s)
2025-06-04 15:07:32,086 INFO  - Already have ACK (at simulation time 481.000,000,000 s)
2025-06-04 15:07:32,086 INFO  - Already have ACK (at simulation time 481.000,000,000 s)
2025-06-04 15:07:32,086 INFO  - Already have ACK (at simulation time 481.000,000,000 s)
2025-06-04 15:07:32,086 INFO  - Already have ACK (at simulation time 481.000,000,000 s)
2025-06-04 15:07:32,086 INFO  - Already have ACK (at simulation time 481.000,000,000 s)
2025-06-04 15:07:32,086 INFO  - Already have ACK (at simulation time 481.000,000,000 s)
2025-06-04 15:07:32,086 INFO  - Already have ACK (at simulation time 481.000,000,000 s)
2025-06-04 15:07:32,086 INFO  - Already have ACK (at simulation time 481.000,000,000 s)
2025-06-04 15:07:32,086 INFO  - Already have ACK (at simulation time 481.000,000,000 s)
2025-06-04 15:07:32,086 INFO  - Already have ACK (at simulation time 481.000,000,000 s)
2025-06-04 15:07:32,086 INFO  - Already have ACK (at simulation time 481.000,000,000 s)
2025-06-04 15:07:32,086 INFO  - Already have ACK (at simulation time 481.000,000,000 s)
2025-06-04 15:07:32,086 INFO  - Already have ACK (at simulation time 481.000,000,000 s)
2025-06-04 15:07:32,087 INFO  - Already have ACK (at simulation time 481.000,000,000 s)
2025-06-04 15:07:32,087 INFO  - Already have ACK (at simulation time 481.000,000,000 s)
2025-06-04 15:07:32,087 INFO  - Already have ACK (at simulation time 481.000,000,000 s)
2025-06-04 15:07:32,087 INFO  - Already have ACK (at simulation time 481.000,000,000 s)
2025-06-04 15:07:32,087 INFO  - Already have ACK (at simulation time 481.000,000,000 s)
2025-06-04 15:07:32,087 INFO  - Already have ACK (at simulation time 481.000,000,000 s)
2025-06-04 15:07:32,087 INFO  - Already have ACK (at simulation time 481.000,000,000 s)
2025-06-04 15:07:32,087 INFO  - Already have ACK (at simulation time 481.000,000,000 s)
2025-06-04 15:07:32,087 INFO  - Already have ACK (at simulation time 481.000,000,000 s)
2025-06-04 15:07:32,087 INFO  - Already have ACK (at simulation time 481.000,000,000 s)
2025-06-04 15:07:32,087 INFO  - Already have ACK (at simulation time 481.000,000,000 s)
2025-06-04 15:07:32,138 INFO  - Sent periodic GreenWaveMsg: veh_74 on route r_0 (at simulation time 482.000,000,000 s)
2025-06-04 15:07:32,138 INFO  - Already have ACK (at simulation time 482.000,000,000 s)
2025-06-04 15:07:32,138 INFO  - Already have ACK (at simulation time 482.000,000,000 s)
2025-06-04 15:07:32,138 INFO  - Already have ACK (at simulation time 482.000,000,000 s)
2025-06-04 15:07:32,138 INFO  - Already have ACK (at simulation time 482.000,000,000 s)
2025-06-04 15:07:32,138 INFO  - Already have ACK (at simulation time 482.000,000,000 s)
2025-06-04 15:07:32,139 INFO  - Already have ACK (at simulation time 482.000,000,000 s)
2025-06-04 15:07:32,139 INFO  - Already have ACK (at simulation time 482.000,000,000 s)
2025-06-04 15:07:32,139 INFO  - Already have ACK (at simulation time 482.000,000,000 s)
2025-06-04 15:07:32,139 INFO  - Already have ACK (at simulation time 482.000,000,000 s)
2025-06-04 15:07:32,139 INFO  - Already have ACK (at simulation time 482.000,000,000 s)
2025-06-04 15:07:32,139 INFO  - Already have ACK (at simulation time 482.000,000,000 s)
2025-06-04 15:07:32,139 INFO  - Already have ACK (at simulation time 482.000,000,000 s)
2025-06-04 15:07:32,139 INFO  - Already have ACK (at simulation time 482.000,000,000 s)
2025-06-04 15:07:32,139 INFO  - Already have ACK (at simulation time 482.000,000,000 s)
2025-06-04 15:07:32,139 INFO  - Already have ACK (at simulation time 482.000,000,000 s)
2025-06-04 15:07:32,140 INFO  - Already have ACK (at simulation time 482.000,000,000 s)
2025-06-04 15:07:32,140 INFO  - Already have ACK (at simulation time 482.000,000,000 s)
2025-06-04 15:07:32,140 INFO  - Already have ACK (at simulation time 482.000,000,000 s)
2025-06-04 15:07:32,140 INFO  - Already have ACK (at simulation time 482.000,000,000 s)
2025-06-04 15:07:32,140 INFO  - Already have ACK (at simulation time 482.000,000,000 s)
2025-06-04 15:07:32,140 INFO  - Already have ACK (at simulation time 482.000,000,000 s)
2025-06-04 15:07:32,140 INFO  - Already have ACK (at simulation time 482.000,000,000 s)
2025-06-04 15:07:32,140 INFO  - Already have ACK (at simulation time 482.000,000,000 s)
2025-06-04 15:07:32,140 INFO  - Already have ACK (at simulation time 482.000,000,000 s)
2025-06-04 15:07:32,140 INFO  - Already have ACK (at simulation time 482.000,000,000 s)
2025-06-04 15:07:32,140 INFO  - Already have ACK (at simulation time 482.000,000,000 s)
2025-06-04 15:07:32,141 INFO  - Already have ACK (at simulation time 482.000,000,000 s)
2025-06-04 15:07:32,141 INFO  - Already have ACK (at simulation time 482.000,000,000 s)
2025-06-04 15:07:32,141 INFO  - Already have ACK (at simulation time 482.000,000,000 s)
2025-06-04 15:07:32,141 INFO  - Already have ACK (at simulation time 482.000,000,000 s)
2025-06-04 15:07:32,141 INFO  - Already have ACK (at simulation time 482.000,000,000 s)
2025-06-04 15:07:32,141 INFO  - Already have ACK (at simulation time 482.000,000,000 s)
2025-06-04 15:07:32,141 INFO  - Already have ACK (at simulation time 482.000,000,000 s)
2025-06-04 15:07:32,141 INFO  - Already have ACK (at simulation time 482.000,000,000 s)
2025-06-04 15:07:32,141 INFO  - Already have ACK (at simulation time 482.000,000,000 s)
2025-06-04 15:07:32,141 INFO  - Already have ACK (at simulation time 482.000,000,000 s)
2025-06-04 15:07:32,141 INFO  - Already have ACK (at simulation time 482.000,000,000 s)
2025-06-04 15:07:32,141 INFO  - Already have ACK (at simulation time 482.000,000,000 s)
2025-06-04 15:07:32,142 INFO  - Already have ACK (at simulation time 482.000,000,000 s)
2025-06-04 15:07:32,142 INFO  - Already have ACK (at simulation time 482.000,000,000 s)
2025-06-04 15:07:32,142 INFO  - Already have ACK (at simulation time 482.000,000,000 s)
2025-06-04 15:07:32,142 INFO  - Already have ACK (at simulation time 482.000,000,000 s)
2025-06-04 15:07:32,142 INFO  - Already have ACK (at simulation time 482.000,000,000 s)
2025-06-04 15:07:32,142 INFO  - Already have ACK (at simulation time 482.000,000,000 s)
2025-06-04 15:07:32,142 INFO  - Already have ACK (at simulation time 482.000,000,000 s)
2025-06-04 15:07:32,142 INFO  - Already have ACK (at simulation time 482.000,000,000 s)
2025-06-04 15:07:32,142 INFO  - Already have ACK (at simulation time 482.000,000,000 s)
2025-06-04 15:07:32,142 INFO  - Already have ACK (at simulation time 482.000,000,000 s)
2025-06-04 15:07:32,142 INFO  - Already have ACK (at simulation time 482.000,000,000 s)
2025-06-04 15:07:32,142 INFO  - Already have ACK (at simulation time 482.000,000,000 s)
2025-06-04 15:07:32,142 INFO  - Already have ACK (at simulation time 482.000,000,000 s)
2025-06-04 15:07:32,142 INFO  - Already have ACK (at simulation time 482.000,000,000 s)
2025-06-04 15:07:32,143 INFO  - Already have ACK (at simulation time 482.000,000,000 s)
2025-06-04 15:07:32,143 INFO  - Already have ACK (at simulation time 482.000,000,000 s)
2025-06-04 15:07:32,143 INFO  - Already have ACK (at simulation time 482.000,000,000 s)
2025-06-04 15:07:32,143 INFO  - Already have ACK (at simulation time 482.000,000,000 s)
2025-06-04 15:07:32,143 INFO  - Already have ACK (at simulation time 482.000,000,000 s)
2025-06-04 15:07:32,143 INFO  - Already have ACK (at simulation time 482.000,000,000 s)
2025-06-04 15:07:32,143 INFO  - Already have ACK (at simulation time 482.000,000,000 s)
2025-06-04 15:07:32,143 INFO  - Already have ACK (at simulation time 482.000,000,000 s)
2025-06-04 15:07:32,143 INFO  - Already have ACK (at simulation time 482.000,000,000 s)
2025-06-04 15:07:32,143 INFO  - Already have ACK (at simulation time 482.000,000,000 s)
2025-06-04 15:07:32,143 INFO  - Already have ACK (at simulation time 482.000,000,000 s)
2025-06-04 15:07:32,143 INFO  - Already have ACK (at simulation time 482.000,000,000 s)
2025-06-04 15:07:32,143 INFO  - Already have ACK (at simulation time 482.000,000,000 s)
2025-06-04 15:07:32,143 INFO  - Already have ACK (at simulation time 482.000,000,000 s)
2025-06-04 15:07:32,143 INFO  - Already have ACK (at simulation time 482.000,000,000 s)
2025-06-04 15:07:32,143 INFO  - Already have ACK (at simulation time 482.000,000,000 s)
2025-06-04 15:07:32,143 INFO  - Already have ACK (at simulation time 482.000,000,000 s)
2025-06-04 15:07:32,144 INFO  - Already have ACK (at simulation time 482.000,000,000 s)
2025-06-04 15:07:32,144 INFO  - Already have ACK (at simulation time 482.000,000,000 s)
2025-06-04 15:07:32,144 INFO  - Already have ACK (at simulation time 482.000,000,000 s)
2025-06-04 15:07:32,144 INFO  - Already have ACK (at simulation time 482.000,000,000 s)
2025-06-04 15:07:32,144 INFO  - Already have ACK (at simulation time 482.000,000,000 s)
2025-06-04 15:07:32,144 INFO  - Already have ACK (at simulation time 482.000,000,000 s)
2025-06-04 15:07:32,144 INFO  - Already have ACK (at simulation time 482.000,000,000 s)
2025-06-04 15:07:32,144 INFO  - Already have ACK (at simulation time 482.000,000,000 s)
2025-06-04 15:07:32,144 INFO  - Already have ACK (at simulation time 482.000,000,000 s)
2025-06-04 15:07:32,144 INFO  - Already have ACK (at simulation time 482.000,000,000 s)
2025-06-04 15:07:32,144 INFO  - Already have ACK (at simulation time 482.000,000,000 s)
2025-06-04 15:07:32,144 INFO  - Already have ACK (at simulation time 482.000,000,000 s)
2025-06-04 15:07:32,144 INFO  - Already have ACK (at simulation time 482.000,000,000 s)
2025-06-04 15:07:32,144 INFO  - Already have ACK (at simulation time 482.000,000,000 s)
2025-06-04 15:07:32,144 INFO  - Already have ACK (at simulation time 482.000,000,000 s)
2025-06-04 15:07:32,144 INFO  - Already have ACK (at simulation time 482.000,000,000 s)
2025-06-04 15:07:32,145 INFO  - Already have ACK (at simulation time 482.000,000,000 s)
2025-06-04 15:07:32,145 INFO  - Already have ACK (at simulation time 482.000,000,000 s)
2025-06-04 15:07:32,145 INFO  - Already have ACK (at simulation time 482.000,000,000 s)
2025-06-04 15:07:32,145 INFO  - Already have ACK (at simulation time 482.000,000,000 s)
2025-06-04 15:07:32,145 INFO  - Already have ACK (at simulation time 482.000,000,000 s)
2025-06-04 15:07:32,145 INFO  - Already have ACK (at simulation time 482.000,000,000 s)
2025-06-04 15:07:32,145 INFO  - Already have ACK (at simulation time 482.000,000,000 s)
2025-06-04 15:07:32,145 INFO  - Already have ACK (at simulation time 482.000,000,000 s)
2025-06-04 15:07:32,145 INFO  - Already have ACK (at simulation time 482.000,000,000 s)
2025-06-04 15:07:32,145 INFO  - Already have ACK (at simulation time 482.000,000,000 s)
2025-06-04 15:07:32,145 INFO  - Already have ACK (at simulation time 482.000,000,000 s)
2025-06-04 15:07:32,147 INFO  - Already have ACK (at simulation time 483.000,000,000 s)
2025-06-04 15:07:32,148 INFO  - Already have ACK (at simulation time 483.000,000,000 s)
2025-06-04 15:07:32,148 INFO  - Already have ACK (at simulation time 483.000,000,000 s)
2025-06-04 15:07:32,148 INFO  - Already have ACK (at simulation time 483.000,000,000 s)
2025-06-04 15:07:32,148 INFO  - Already have ACK (at simulation time 483.000,000,000 s)
2025-06-04 15:07:32,148 INFO  - Already have ACK (at simulation time 483.000,000,000 s)
2025-06-04 15:07:32,148 INFO  - Already have ACK (at simulation time 483.000,000,000 s)
2025-06-04 15:07:32,148 INFO  - Already have ACK (at simulation time 483.000,000,000 s)
2025-06-04 15:07:32,148 INFO  - Already have ACK (at simulation time 483.000,000,000 s)
2025-06-04 15:07:32,148 INFO  - Already have ACK (at simulation time 483.000,000,000 s)
2025-06-04 15:07:32,149 INFO  - Already have ACK (at simulation time 483.000,000,000 s)
2025-06-04 15:07:32,149 INFO  - Already have ACK (at simulation time 483.000,000,000 s)
2025-06-04 15:07:32,149 INFO  - Already have ACK (at simulation time 483.000,000,000 s)
2025-06-04 15:07:32,149 INFO  - Already have ACK (at simulation time 483.000,000,000 s)
2025-06-04 15:07:32,149 INFO  - Already have ACK (at simulation time 483.000,000,000 s)
2025-06-04 15:07:32,149 INFO  - Already have ACK (at simulation time 483.000,000,000 s)
2025-06-04 15:07:32,149 INFO  - Already have ACK (at simulation time 483.000,000,000 s)
2025-06-04 15:07:32,149 INFO  - Already have ACK (at simulation time 483.000,000,000 s)
2025-06-04 15:07:32,149 INFO  - Already have ACK (at simulation time 483.000,000,000 s)
2025-06-04 15:07:32,149 INFO  - Already have ACK (at simulation time 483.000,000,000 s)
2025-06-04 15:07:32,150 INFO  - Already have ACK (at simulation time 483.000,000,000 s)
2025-06-04 15:07:32,150 INFO  - Already have ACK (at simulation time 483.000,000,000 s)
2025-06-04 15:07:32,150 INFO  - Already have ACK (at simulation time 483.000,000,000 s)
2025-06-04 15:07:32,150 INFO  - Already have ACK (at simulation time 483.000,000,000 s)
2025-06-04 15:07:32,150 INFO  - Already have ACK (at simulation time 483.000,000,000 s)
2025-06-04 15:07:32,150 INFO  - Already have ACK (at simulation time 483.000,000,000 s)
2025-06-04 15:07:32,150 INFO  - Already have ACK (at simulation time 483.000,000,000 s)
2025-06-04 15:07:32,150 INFO  - Already have ACK (at simulation time 483.000,000,000 s)
2025-06-04 15:07:32,150 INFO  - Already have ACK (at simulation time 483.000,000,000 s)
2025-06-04 15:07:32,150 INFO  - Already have ACK (at simulation time 483.000,000,000 s)
2025-06-04 15:07:32,150 INFO  - Already have ACK (at simulation time 483.000,000,000 s)
2025-06-04 15:07:32,151 INFO  - Already have ACK (at simulation time 483.000,000,000 s)
2025-06-04 15:07:32,151 INFO  - Already have ACK (at simulation time 483.000,000,000 s)
2025-06-04 15:07:32,151 INFO  - Already have ACK (at simulation time 483.000,000,000 s)
2025-06-04 15:07:32,151 INFO  - Already have ACK (at simulation time 483.000,000,000 s)
2025-06-04 15:07:32,151 INFO  - Already have ACK (at simulation time 483.000,000,000 s)
2025-06-04 15:07:32,151 INFO  - Already have ACK (at simulation time 483.000,000,000 s)
2025-06-04 15:07:32,151 INFO  - Already have ACK (at simulation time 483.000,000,000 s)
2025-06-04 15:07:32,151 INFO  - Already have ACK (at simulation time 483.000,000,000 s)
2025-06-04 15:07:32,151 INFO  - Already have ACK (at simulation time 483.000,000,000 s)
2025-06-04 15:07:32,151 INFO  - Already have ACK (at simulation time 483.000,000,000 s)
2025-06-04 15:07:32,151 INFO  - Already have ACK (at simulation time 483.000,000,000 s)
2025-06-04 15:07:32,151 INFO  - Already have ACK (at simulation time 483.000,000,000 s)
2025-06-04 15:07:32,152 INFO  - Already have ACK (at simulation time 483.000,000,000 s)
2025-06-04 15:07:32,152 INFO  - Already have ACK (at simulation time 483.000,000,000 s)
2025-06-04 15:07:32,152 INFO  - Already have ACK (at simulation time 483.000,000,000 s)
2025-06-04 15:07:32,152 INFO  - Already have ACK (at simulation time 483.000,000,000 s)
2025-06-04 15:07:32,152 INFO  - Already have ACK (at simulation time 483.000,000,000 s)
2025-06-04 15:07:32,152 INFO  - Already have ACK (at simulation time 483.000,000,000 s)
2025-06-04 15:07:32,152 INFO  - Already have ACK (at simulation time 483.000,000,000 s)
2025-06-04 15:07:32,152 INFO  - Already have ACK (at simulation time 483.000,000,000 s)
2025-06-04 15:07:32,152 INFO  - Already have ACK (at simulation time 483.000,000,000 s)
2025-06-04 15:07:32,152 INFO  - Already have ACK (at simulation time 483.000,000,000 s)
2025-06-04 15:07:32,152 INFO  - Already have ACK (at simulation time 483.000,000,000 s)
2025-06-04 15:07:32,152 INFO  - Already have ACK (at simulation time 483.000,000,000 s)
2025-06-04 15:07:32,152 INFO  - Already have ACK (at simulation time 483.000,000,000 s)
2025-06-04 15:07:32,152 INFO  - Already have ACK (at simulation time 483.000,000,000 s)
2025-06-04 15:07:32,152 INFO  - Already have ACK (at simulation time 483.000,000,000 s)
2025-06-04 15:07:32,153 INFO  - Already have ACK (at simulation time 483.000,000,000 s)
2025-06-04 15:07:32,153 INFO  - Already have ACK (at simulation time 483.000,000,000 s)
2025-06-04 15:07:32,153 INFO  - Already have ACK (at simulation time 483.000,000,000 s)
2025-06-04 15:07:32,153 INFO  - Already have ACK (at simulation time 483.000,000,000 s)
2025-06-04 15:07:32,153 INFO  - Already have ACK (at simulation time 483.000,000,000 s)
2025-06-04 15:07:32,153 INFO  - Already have ACK (at simulation time 483.000,000,000 s)
2025-06-04 15:07:32,153 INFO  - Already have ACK (at simulation time 483.000,000,000 s)
2025-06-04 15:07:32,153 INFO  - Already have ACK (at simulation time 483.000,000,000 s)
2025-06-04 15:07:32,153 INFO  - Already have ACK (at simulation time 483.000,000,000 s)
2025-06-04 15:07:32,153 INFO  - Already have ACK (at simulation time 483.000,000,000 s)
2025-06-04 15:07:32,153 INFO  - Already have ACK (at simulation time 483.000,000,000 s)
2025-06-04 15:07:32,153 INFO  - Already have ACK (at simulation time 483.000,000,000 s)
2025-06-04 15:07:32,153 INFO  - Already have ACK (at simulation time 483.000,000,000 s)
2025-06-04 15:07:32,153 INFO  - Already have ACK (at simulation time 483.000,000,000 s)
2025-06-04 15:07:32,153 INFO  - Already have ACK (at simulation time 483.000,000,000 s)
2025-06-04 15:07:32,153 INFO  - Already have ACK (at simulation time 483.000,000,000 s)
2025-06-04 15:07:32,153 INFO  - Already have ACK (at simulation time 483.000,000,000 s)
2025-06-04 15:07:32,153 INFO  - Already have ACK (at simulation time 483.000,000,000 s)
2025-06-04 15:07:32,154 INFO  - Already have ACK (at simulation time 483.000,000,000 s)
2025-06-04 15:07:32,154 INFO  - Already have ACK (at simulation time 483.000,000,000 s)
2025-06-04 15:07:32,154 INFO  - Already have ACK (at simulation time 483.000,000,000 s)
2025-06-04 15:07:32,154 INFO  - Already have ACK (at simulation time 483.000,000,000 s)
2025-06-04 15:07:32,154 INFO  - Already have ACK (at simulation time 483.000,000,000 s)
2025-06-04 15:07:32,154 INFO  - Already have ACK (at simulation time 483.000,000,000 s)
2025-06-04 15:07:32,154 INFO  - Already have ACK (at simulation time 483.000,000,000 s)
2025-06-04 15:07:32,154 INFO  - Already have ACK (at simulation time 483.000,000,000 s)
2025-06-04 15:07:32,154 INFO  - Already have ACK (at simulation time 483.000,000,000 s)
2025-06-04 15:07:32,154 INFO  - Already have ACK (at simulation time 483.000,000,000 s)
2025-06-04 15:07:32,154 INFO  - Already have ACK (at simulation time 483.000,000,000 s)
2025-06-04 15:07:32,154 INFO  - Already have ACK (at simulation time 483.000,000,000 s)
2025-06-04 15:07:32,154 INFO  - Already have ACK (at simulation time 483.000,000,000 s)
2025-06-04 15:07:32,154 INFO  - Already have ACK (at simulation time 483.000,000,000 s)
2025-06-04 15:07:32,154 INFO  - Already have ACK (at simulation time 483.000,000,000 s)
2025-06-04 15:07:32,154 INFO  - Already have ACK (at simulation time 483.000,000,000 s)
2025-06-04 15:07:32,154 INFO  - Already have ACK (at simulation time 483.000,000,000 s)
2025-06-04 15:07:32,154 INFO  - Already have ACK (at simulation time 483.000,000,000 s)
2025-06-04 15:07:32,154 INFO  - Already have ACK (at simulation time 483.000,000,000 s)
2025-06-04 15:07:32,154 INFO  - Already have ACK (at simulation time 483.000,000,000 s)
2025-06-04 15:07:32,154 INFO  - Already have ACK (at simulation time 483.000,000,000 s)
2025-06-04 15:07:32,157 INFO  - Already have ACK (at simulation time 484.000,000,000 s)
2025-06-04 15:07:32,157 INFO  - Already have ACK (at simulation time 484.000,000,000 s)
2025-06-04 15:07:32,157 INFO  - Already have ACK (at simulation time 484.000,000,000 s)
2025-06-04 15:07:32,157 INFO  - Already have ACK (at simulation time 484.000,000,000 s)
2025-06-04 15:07:32,157 INFO  - Already have ACK (at simulation time 484.000,000,000 s)
2025-06-04 15:07:32,158 INFO  - Already have ACK (at simulation time 484.000,000,000 s)
2025-06-04 15:07:32,158 INFO  - Already have ACK (at simulation time 484.000,000,000 s)
2025-06-04 15:07:32,158 INFO  - Already have ACK (at simulation time 484.000,000,000 s)
2025-06-04 15:07:32,158 INFO  - Already have ACK (at simulation time 484.000,000,000 s)
2025-06-04 15:07:32,158 INFO  - Already have ACK (at simulation time 484.000,000,000 s)
2025-06-04 15:07:32,158 INFO  - Already have ACK (at simulation time 484.000,000,000 s)
2025-06-04 15:07:32,158 INFO  - Already have ACK (at simulation time 484.000,000,000 s)
2025-06-04 15:07:32,158 INFO  - Already have ACK (at simulation time 484.000,000,000 s)
2025-06-04 15:07:32,158 INFO  - Already have ACK (at simulation time 484.000,000,000 s)
2025-06-04 15:07:32,158 INFO  - Already have ACK (at simulation time 484.000,000,000 s)
2025-06-04 15:07:32,159 INFO  - Already have ACK (at simulation time 484.000,000,000 s)
2025-06-04 15:07:32,159 INFO  - Already have ACK (at simulation time 484.000,000,000 s)
2025-06-04 15:07:32,159 INFO  - Already have ACK (at simulation time 484.000,000,000 s)
2025-06-04 15:07:32,159 INFO  - Already have ACK (at simulation time 484.000,000,000 s)
2025-06-04 15:07:32,159 INFO  - Already have ACK (at simulation time 484.000,000,000 s)
2025-06-04 15:07:32,159 INFO  - Already have ACK (at simulation time 484.000,000,000 s)
2025-06-04 15:07:32,159 INFO  - Already have ACK (at simulation time 484.000,000,000 s)
2025-06-04 15:07:32,159 INFO  - Already have ACK (at simulation time 484.000,000,000 s)
2025-06-04 15:07:32,159 INFO  - Already have ACK (at simulation time 484.000,000,000 s)
2025-06-04 15:07:32,159 INFO  - Already have ACK (at simulation time 484.000,000,000 s)
2025-06-04 15:07:32,160 INFO  - Already have ACK (at simulation time 484.000,000,000 s)
2025-06-04 15:07:32,160 INFO  - Already have ACK (at simulation time 484.000,000,000 s)
2025-06-04 15:07:32,160 INFO  - Already have ACK (at simulation time 484.000,000,000 s)
2025-06-04 15:07:32,160 INFO  - Already have ACK (at simulation time 484.000,000,000 s)
2025-06-04 15:07:32,160 INFO  - Already have ACK (at simulation time 484.000,000,000 s)
2025-06-04 15:07:32,160 INFO  - Already have ACK (at simulation time 484.000,000,000 s)
2025-06-04 15:07:32,160 INFO  - Already have ACK (at simulation time 484.000,000,000 s)
2025-06-04 15:07:32,160 INFO  - Already have ACK (at simulation time 484.000,000,000 s)
2025-06-04 15:07:32,160 INFO  - Already have ACK (at simulation time 484.000,000,000 s)
2025-06-04 15:07:32,160 INFO  - Already have ACK (at simulation time 484.000,000,000 s)
2025-06-04 15:07:32,160 INFO  - Already have ACK (at simulation time 484.000,000,000 s)
2025-06-04 15:07:32,160 INFO  - Already have ACK (at simulation time 484.000,000,000 s)
2025-06-04 15:07:32,161 INFO  - Already have ACK (at simulation time 484.000,000,000 s)
2025-06-04 15:07:32,161 INFO  - Already have ACK (at simulation time 484.000,000,000 s)
2025-06-04 15:07:32,161 INFO  - Already have ACK (at simulation time 484.000,000,000 s)
2025-06-04 15:07:32,161 INFO  - Already have ACK (at simulation time 484.000,000,000 s)
2025-06-04 15:07:32,161 INFO  - Already have ACK (at simulation time 484.000,000,000 s)
2025-06-04 15:07:32,161 INFO  - Already have ACK (at simulation time 484.000,000,000 s)
2025-06-04 15:07:32,161 INFO  - Already have ACK (at simulation time 484.000,000,000 s)
2025-06-04 15:07:32,161 INFO  - Already have ACK (at simulation time 484.000,000,000 s)
2025-06-04 15:07:32,161 INFO  - Already have ACK (at simulation time 484.000,000,000 s)
2025-06-04 15:07:32,161 INFO  - Already have ACK (at simulation time 484.000,000,000 s)
2025-06-04 15:07:32,161 INFO  - Already have ACK (at simulation time 484.000,000,000 s)
2025-06-04 15:07:32,161 INFO  - Already have ACK (at simulation time 484.000,000,000 s)
2025-06-04 15:07:32,161 INFO  - Already have ACK (at simulation time 484.000,000,000 s)
2025-06-04 15:07:32,161 INFO  - Already have ACK (at simulation time 484.000,000,000 s)
2025-06-04 15:07:32,162 INFO  - Already have ACK (at simulation time 484.000,000,000 s)
2025-06-04 15:07:32,162 INFO  - Already have ACK (at simulation time 484.000,000,000 s)
2025-06-04 15:07:32,162 INFO  - Already have ACK (at simulation time 484.000,000,000 s)
2025-06-04 15:07:32,162 INFO  - Already have ACK (at simulation time 484.000,000,000 s)
2025-06-04 15:07:32,162 INFO  - Already have ACK (at simulation time 484.000,000,000 s)
2025-06-04 15:07:32,162 INFO  - Already have ACK (at simulation time 484.000,000,000 s)
2025-06-04 15:07:32,162 INFO  - Already have ACK (at simulation time 484.000,000,000 s)
2025-06-04 15:07:32,162 INFO  - Already have ACK (at simulation time 484.000,000,000 s)
2025-06-04 15:07:32,162 INFO  - Already have ACK (at simulation time 484.000,000,000 s)
2025-06-04 15:07:32,162 INFO  - Already have ACK (at simulation time 484.000,000,000 s)
2025-06-04 15:07:32,162 INFO  - Already have ACK (at simulation time 484.000,000,000 s)
2025-06-04 15:07:32,162 INFO  - Already have ACK (at simulation time 484.000,000,000 s)
2025-06-04 15:07:32,162 INFO  - Already have ACK (at simulation time 484.000,000,000 s)
2025-06-04 15:07:32,162 INFO  - Already have ACK (at simulation time 484.000,000,000 s)
2025-06-04 15:07:32,163 INFO  - Already have ACK (at simulation time 484.000,000,000 s)
2025-06-04 15:07:32,163 INFO  - Already have ACK (at simulation time 484.000,000,000 s)
2025-06-04 15:07:32,163 INFO  - Already have ACK (at simulation time 484.000,000,000 s)
2025-06-04 15:07:32,163 INFO  - Already have ACK (at simulation time 484.000,000,000 s)
2025-06-04 15:07:32,163 INFO  - Already have ACK (at simulation time 484.000,000,000 s)
2025-06-04 15:07:32,163 INFO  - Already have ACK (at simulation time 484.000,000,000 s)
2025-06-04 15:07:32,163 INFO  - Already have ACK (at simulation time 484.000,000,000 s)
2025-06-04 15:07:32,163 INFO  - Already have ACK (at simulation time 484.000,000,000 s)
2025-06-04 15:07:32,163 INFO  - Already have ACK (at simulation time 484.000,000,000 s)
2025-06-04 15:07:32,163 INFO  - Already have ACK (at simulation time 484.000,000,000 s)
2025-06-04 15:07:32,163 INFO  - Already have ACK (at simulation time 484.000,000,000 s)
2025-06-04 15:07:32,163 INFO  - Already have ACK (at simulation time 484.000,000,000 s)
2025-06-04 15:07:32,163 INFO  - Already have ACK (at simulation time 484.000,000,000 s)
2025-06-04 15:07:32,163 INFO  - Already have ACK (at simulation time 484.000,000,000 s)
2025-06-04 15:07:32,163 INFO  - Already have ACK (at simulation time 484.000,000,000 s)
2025-06-04 15:07:32,163 INFO  - Already have ACK (at simulation time 484.000,000,000 s)
2025-06-04 15:07:32,163 INFO  - Already have ACK (at simulation time 484.000,000,000 s)
2025-06-04 15:07:32,163 INFO  - Already have ACK (at simulation time 484.000,000,000 s)
2025-06-04 15:07:32,163 INFO  - Already have ACK (at simulation time 484.000,000,000 s)
2025-06-04 15:07:32,163 INFO  - Already have ACK (at simulation time 484.000,000,000 s)
2025-06-04 15:07:32,164 INFO  - Already have ACK (at simulation time 484.000,000,000 s)
2025-06-04 15:07:32,164 INFO  - Already have ACK (at simulation time 484.000,000,000 s)
2025-06-04 15:07:32,164 INFO  - Already have ACK (at simulation time 484.000,000,000 s)
2025-06-04 15:07:32,164 INFO  - Already have ACK (at simulation time 484.000,000,000 s)
2025-06-04 15:07:32,164 INFO  - Already have ACK (at simulation time 484.000,000,000 s)
2025-06-04 15:07:32,164 INFO  - Already have ACK (at simulation time 484.000,000,000 s)
2025-06-04 15:07:32,164 INFO  - Already have ACK (at simulation time 484.000,000,000 s)
2025-06-04 15:07:32,164 INFO  - Already have ACK (at simulation time 484.000,000,000 s)
2025-06-04 15:07:32,164 INFO  - Already have ACK (at simulation time 484.000,000,000 s)
2025-06-04 15:07:32,164 INFO  - Already have ACK (at simulation time 484.000,000,000 s)
2025-06-04 15:07:32,164 INFO  - Already have ACK (at simulation time 484.000,000,000 s)
2025-06-04 15:07:32,164 INFO  - Already have ACK (at simulation time 484.000,000,000 s)
2025-06-04 15:07:32,164 INFO  - Already have ACK (at simulation time 484.000,000,000 s)
2025-06-04 15:07:32,167 INFO  - Already have ACK (at simulation time 485.000,000,000 s)
2025-06-04 15:07:32,167 INFO  - Already have ACK (at simulation time 485.000,000,000 s)
2025-06-04 15:07:32,167 INFO  - Already have ACK (at simulation time 485.000,000,000 s)
2025-06-04 15:07:32,167 INFO  - Already have ACK (at simulation time 485.000,000,000 s)
2025-06-04 15:07:32,168 INFO  - Already have ACK (at simulation time 485.000,000,000 s)
2025-06-04 15:07:32,168 INFO  - Already have ACK (at simulation time 485.000,000,000 s)
2025-06-04 15:07:32,168 INFO  - Already have ACK (at simulation time 485.000,000,000 s)
2025-06-04 15:07:32,168 INFO  - Already have ACK (at simulation time 485.000,000,000 s)
2025-06-04 15:07:32,168 INFO  - Already have ACK (at simulation time 485.000,000,000 s)
2025-06-04 15:07:32,168 INFO  - Already have ACK (at simulation time 485.000,000,000 s)
2025-06-04 15:07:32,168 INFO  - Already have ACK (at simulation time 485.000,000,000 s)
2025-06-04 15:07:32,168 INFO  - Already have ACK (at simulation time 485.000,000,000 s)
2025-06-04 15:07:32,168 INFO  - Already have ACK (at simulation time 485.000,000,000 s)
2025-06-04 15:07:32,168 INFO  - Already have ACK (at simulation time 485.000,000,000 s)
2025-06-04 15:07:32,169 INFO  - Already have ACK (at simulation time 485.000,000,000 s)
2025-06-04 15:07:32,169 INFO  - Already have ACK (at simulation time 485.000,000,000 s)
2025-06-04 15:07:32,169 INFO  - Already have ACK (at simulation time 485.000,000,000 s)
2025-06-04 15:07:32,171 INFO  - Already have ACK (at simulation time 485.000,000,000 s)
2025-06-04 15:07:32,171 INFO  - Already have ACK (at simulation time 485.000,000,000 s)
2025-06-04 15:07:32,171 INFO  - Already have ACK (at simulation time 485.000,000,000 s)
2025-06-04 15:07:32,171 INFO  - Already have ACK (at simulation time 485.000,000,000 s)
2025-06-04 15:07:32,171 INFO  - Already have ACK (at simulation time 485.000,000,000 s)
2025-06-04 15:07:32,171 INFO  - Already have ACK (at simulation time 485.000,000,000 s)
2025-06-04 15:07:32,171 INFO  - Already have ACK (at simulation time 485.000,000,000 s)
2025-06-04 15:07:32,171 INFO  - Already have ACK (at simulation time 485.000,000,000 s)
2025-06-04 15:07:32,172 INFO  - Already have ACK (at simulation time 485.000,000,000 s)
2025-06-04 15:07:32,172 INFO  - Already have ACK (at simulation time 485.000,000,000 s)
2025-06-04 15:07:32,172 INFO  - Already have ACK (at simulation time 485.000,000,000 s)
2025-06-04 15:07:32,172 INFO  - Already have ACK (at simulation time 485.000,000,000 s)
2025-06-04 15:07:32,172 INFO  - Already have ACK (at simulation time 485.000,000,000 s)
2025-06-04 15:07:32,172 INFO  - Already have ACK (at simulation time 485.000,000,000 s)
2025-06-04 15:07:32,172 INFO  - Already have ACK (at simulation time 485.000,000,000 s)
2025-06-04 15:07:32,172 INFO  - Already have ACK (at simulation time 485.000,000,000 s)
2025-06-04 15:07:32,172 INFO  - Already have ACK (at simulation time 485.000,000,000 s)
2025-06-04 15:07:32,172 INFO  - Already have ACK (at simulation time 485.000,000,000 s)
2025-06-04 15:07:32,172 INFO  - Already have ACK (at simulation time 485.000,000,000 s)
2025-06-04 15:07:32,172 INFO  - Already have ACK (at simulation time 485.000,000,000 s)
2025-06-04 15:07:32,173 INFO  - Already have ACK (at simulation time 485.000,000,000 s)
2025-06-04 15:07:32,173 INFO  - Already have ACK (at simulation time 485.000,000,000 s)
2025-06-04 15:07:32,173 INFO  - Already have ACK (at simulation time 485.000,000,000 s)
2025-06-04 15:07:32,173 INFO  - Already have ACK (at simulation time 485.000,000,000 s)
2025-06-04 15:07:32,173 INFO  - Already have ACK (at simulation time 485.000,000,000 s)
2025-06-04 15:07:32,173 INFO  - Already have ACK (at simulation time 485.000,000,000 s)
2025-06-04 15:07:32,173 INFO  - Already have ACK (at simulation time 485.000,000,000 s)
2025-06-04 15:07:32,173 INFO  - Already have ACK (at simulation time 485.000,000,000 s)
2025-06-04 15:07:32,173 INFO  - Already have ACK (at simulation time 485.000,000,000 s)
2025-06-04 15:07:32,173 INFO  - Already have ACK (at simulation time 485.000,000,000 s)
2025-06-04 15:07:32,173 INFO  - Already have ACK (at simulation time 485.000,000,000 s)
2025-06-04 15:07:32,173 INFO  - Already have ACK (at simulation time 485.000,000,000 s)
2025-06-04 15:07:32,173 INFO  - Already have ACK (at simulation time 485.000,000,000 s)
2025-06-04 15:07:32,173 INFO  - Already have ACK (at simulation time 485.000,000,000 s)
2025-06-04 15:07:32,174 INFO  - Already have ACK (at simulation time 485.000,000,000 s)
2025-06-04 15:07:32,174 INFO  - Already have ACK (at simulation time 485.000,000,000 s)
2025-06-04 15:07:32,174 INFO  - Already have ACK (at simulation time 485.000,000,000 s)
2025-06-04 15:07:32,174 INFO  - Already have ACK (at simulation time 485.000,000,000 s)
2025-06-04 15:07:32,174 INFO  - Already have ACK (at simulation time 485.000,000,000 s)
2025-06-04 15:07:32,174 INFO  - Already have ACK (at simulation time 485.000,000,000 s)
2025-06-04 15:07:32,174 INFO  - Already have ACK (at simulation time 485.000,000,000 s)
2025-06-04 15:07:32,174 INFO  - Already have ACK (at simulation time 485.000,000,000 s)
2025-06-04 15:07:32,174 INFO  - Already have ACK (at simulation time 485.000,000,000 s)
2025-06-04 15:07:32,174 INFO  - Already have ACK (at simulation time 485.000,000,000 s)
2025-06-04 15:07:32,174 INFO  - Already have ACK (at simulation time 485.000,000,000 s)
2025-06-04 15:07:32,174 INFO  - Already have ACK (at simulation time 485.000,000,000 s)
2025-06-04 15:07:32,174 INFO  - Already have ACK (at simulation time 485.000,000,000 s)
2025-06-04 15:07:32,174 INFO  - Already have ACK (at simulation time 485.000,000,000 s)
2025-06-04 15:07:32,174 INFO  - Already have ACK (at simulation time 485.000,000,000 s)
2025-06-04 15:07:32,175 INFO  - Already have ACK (at simulation time 485.000,000,000 s)
2025-06-04 15:07:32,175 INFO  - Already have ACK (at simulation time 485.000,000,000 s)
2025-06-04 15:07:32,175 INFO  - Already have ACK (at simulation time 485.000,000,000 s)
2025-06-04 15:07:32,175 INFO  - Already have ACK (at simulation time 485.000,000,000 s)
2025-06-04 15:07:32,175 INFO  - Already have ACK (at simulation time 485.000,000,000 s)
2025-06-04 15:07:32,175 INFO  - Already have ACK (at simulation time 485.000,000,000 s)
2025-06-04 15:07:32,175 INFO  - Already have ACK (at simulation time 485.000,000,000 s)
2025-06-04 15:07:32,175 INFO  - Already have ACK (at simulation time 485.000,000,000 s)
2025-06-04 15:07:32,175 INFO  - Already have ACK (at simulation time 485.000,000,000 s)
2025-06-04 15:07:32,175 INFO  - Already have ACK (at simulation time 485.000,000,000 s)
2025-06-04 15:07:32,175 INFO  - Already have ACK (at simulation time 485.000,000,000 s)
2025-06-04 15:07:32,175 INFO  - Already have ACK (at simulation time 485.000,000,000 s)
2025-06-04 15:07:32,175 INFO  - Already have ACK (at simulation time 485.000,000,000 s)
2025-06-04 15:07:32,175 INFO  - Already have ACK (at simulation time 485.000,000,000 s)
2025-06-04 15:07:32,175 INFO  - Already have ACK (at simulation time 485.000,000,000 s)
2025-06-04 15:07:32,175 INFO  - Already have ACK (at simulation time 485.000,000,000 s)
2025-06-04 15:07:32,175 INFO  - Already have ACK (at simulation time 485.000,000,000 s)
2025-06-04 15:07:32,175 INFO  - Already have ACK (at simulation time 485.000,000,000 s)
2025-06-04 15:07:32,175 INFO  - Already have ACK (at simulation time 485.000,000,000 s)
2025-06-04 15:07:32,175 INFO  - Already have ACK (at simulation time 485.000,000,000 s)
2025-06-04 15:07:32,176 INFO  - Already have ACK (at simulation time 485.000,000,000 s)
2025-06-04 15:07:32,176 INFO  - Already have ACK (at simulation time 485.000,000,000 s)
2025-06-04 15:07:32,176 INFO  - Already have ACK (at simulation time 485.000,000,000 s)
2025-06-04 15:07:32,176 INFO  - Already have ACK (at simulation time 485.000,000,000 s)
2025-06-04 15:07:32,176 INFO  - Already have ACK (at simulation time 485.000,000,000 s)
2025-06-04 15:07:32,176 INFO  - Already have ACK (at simulation time 485.000,000,000 s)
2025-06-04 15:07:32,176 INFO  - Already have ACK (at simulation time 485.000,000,000 s)
2025-06-04 15:07:32,176 INFO  - Already have ACK (at simulation time 485.000,000,000 s)
2025-06-04 15:07:32,176 INFO  - Already have ACK (at simulation time 485.000,000,000 s)
2025-06-04 15:07:32,176 INFO  - Already have ACK (at simulation time 485.000,000,000 s)
2025-06-04 15:07:32,176 INFO  - Already have ACK (at simulation time 485.000,000,000 s)
2025-06-04 15:07:32,176 INFO  - Already have ACK (at simulation time 485.000,000,000 s)
2025-06-04 15:07:32,176 INFO  - Already have ACK (at simulation time 485.000,000,000 s)
2025-06-04 15:07:32,178 INFO  - Already have ACK (at simulation time 486.000,000,000 s)
2025-06-04 15:07:32,179 INFO  - Already have ACK (at simulation time 486.000,000,000 s)
2025-06-04 15:07:32,179 INFO  - Already have ACK (at simulation time 486.000,000,000 s)
2025-06-04 15:07:32,179 INFO  - Already have ACK (at simulation time 486.000,000,000 s)
2025-06-04 15:07:32,179 INFO  - Already have ACK (at simulation time 486.000,000,000 s)
2025-06-04 15:07:32,179 INFO  - Already have ACK (at simulation time 486.000,000,000 s)
2025-06-04 15:07:32,179 INFO  - Already have ACK (at simulation time 486.000,000,000 s)
2025-06-04 15:07:32,179 INFO  - Already have ACK (at simulation time 486.000,000,000 s)
2025-06-04 15:07:32,179 INFO  - Already have ACK (at simulation time 486.000,000,000 s)
2025-06-04 15:07:32,180 INFO  - Already have ACK (at simulation time 486.000,000,000 s)
2025-06-04 15:07:32,180 INFO  - Already have ACK (at simulation time 486.000,000,000 s)
2025-06-04 15:07:32,180 INFO  - Already have ACK (at simulation time 486.000,000,000 s)
2025-06-04 15:07:32,180 INFO  - Already have ACK (at simulation time 486.000,000,000 s)
2025-06-04 15:07:32,180 INFO  - Already have ACK (at simulation time 486.000,000,000 s)
2025-06-04 15:07:32,180 INFO  - Already have ACK (at simulation time 486.000,000,000 s)
2025-06-04 15:07:32,180 INFO  - Already have ACK (at simulation time 486.000,000,000 s)
2025-06-04 15:07:32,180 INFO  - Already have ACK (at simulation time 486.000,000,000 s)
2025-06-04 15:07:32,180 INFO  - Already have ACK (at simulation time 486.000,000,000 s)
2025-06-04 15:07:32,181 INFO  - Already have ACK (at simulation time 486.000,000,000 s)
2025-06-04 15:07:32,181 INFO  - Already have ACK (at simulation time 486.000,000,000 s)
2025-06-04 15:07:32,181 INFO  - Already have ACK (at simulation time 486.000,000,000 s)
2025-06-04 15:07:32,181 INFO  - Already have ACK (at simulation time 486.000,000,000 s)
2025-06-04 15:07:32,181 INFO  - Already have ACK (at simulation time 486.000,000,000 s)
2025-06-04 15:07:32,181 INFO  - Already have ACK (at simulation time 486.000,000,000 s)
2025-06-04 15:07:32,181 INFO  - Already have ACK (at simulation time 486.000,000,000 s)
2025-06-04 15:07:32,181 INFO  - Already have ACK (at simulation time 486.000,000,000 s)
2025-06-04 15:07:32,181 INFO  - Already have ACK (at simulation time 486.000,000,000 s)
2025-06-04 15:07:32,182 INFO  - Already have ACK (at simulation time 486.000,000,000 s)
2025-06-04 15:07:32,182 INFO  - Already have ACK (at simulation time 486.000,000,000 s)
2025-06-04 15:07:32,182 INFO  - Already have ACK (at simulation time 486.000,000,000 s)
2025-06-04 15:07:32,182 INFO  - Already have ACK (at simulation time 486.000,000,000 s)
2025-06-04 15:07:32,182 INFO  - Already have ACK (at simulation time 486.000,000,000 s)
2025-06-04 15:07:32,182 INFO  - Already have ACK (at simulation time 486.000,000,000 s)
2025-06-04 15:07:32,182 INFO  - Already have ACK (at simulation time 486.000,000,000 s)
2025-06-04 15:07:32,182 INFO  - Already have ACK (at simulation time 486.000,000,000 s)
2025-06-04 15:07:32,182 INFO  - Already have ACK (at simulation time 486.000,000,000 s)
2025-06-04 15:07:32,182 INFO  - Already have ACK (at simulation time 486.000,000,000 s)
2025-06-04 15:07:32,182 INFO  - Already have ACK (at simulation time 486.000,000,000 s)
2025-06-04 15:07:32,183 INFO  - Already have ACK (at simulation time 486.000,000,000 s)
2025-06-04 15:07:32,183 INFO  - Already have ACK (at simulation time 486.000,000,000 s)
2025-06-04 15:07:32,183 INFO  - Already have ACK (at simulation time 486.000,000,000 s)
2025-06-04 15:07:32,183 INFO  - Already have ACK (at simulation time 486.000,000,000 s)
2025-06-04 15:07:32,183 INFO  - Already have ACK (at simulation time 486.000,000,000 s)
2025-06-04 15:07:32,183 INFO  - Already have ACK (at simulation time 486.000,000,000 s)
2025-06-04 15:07:32,183 INFO  - Already have ACK (at simulation time 486.000,000,000 s)
2025-06-04 15:07:32,183 INFO  - Already have ACK (at simulation time 486.000,000,000 s)
2025-06-04 15:07:32,183 INFO  - Already have ACK (at simulation time 486.000,000,000 s)
2025-06-04 15:07:32,183 INFO  - Already have ACK (at simulation time 486.000,000,000 s)
2025-06-04 15:07:32,183 INFO  - Already have ACK (at simulation time 486.000,000,000 s)
2025-06-04 15:07:32,183 INFO  - Already have ACK (at simulation time 486.000,000,000 s)
2025-06-04 15:07:32,183 INFO  - Already have ACK (at simulation time 486.000,000,000 s)
2025-06-04 15:07:32,184 INFO  - Already have ACK (at simulation time 486.000,000,000 s)
2025-06-04 15:07:32,184 INFO  - Already have ACK (at simulation time 486.000,000,000 s)
2025-06-04 15:07:32,184 INFO  - Already have ACK (at simulation time 486.000,000,000 s)
2025-06-04 15:07:32,184 INFO  - Already have ACK (at simulation time 486.000,000,000 s)
2025-06-04 15:07:32,184 INFO  - Already have ACK (at simulation time 486.000,000,000 s)
2025-06-04 15:07:32,184 INFO  - Already have ACK (at simulation time 486.000,000,000 s)
2025-06-04 15:07:32,184 INFO  - Already have ACK (at simulation time 486.000,000,000 s)
2025-06-04 15:07:32,184 INFO  - Already have ACK (at simulation time 486.000,000,000 s)
2025-06-04 15:07:32,184 INFO  - Already have ACK (at simulation time 486.000,000,000 s)
2025-06-04 15:07:32,184 INFO  - Already have ACK (at simulation time 486.000,000,000 s)
2025-06-04 15:07:32,184 INFO  - Already have ACK (at simulation time 486.000,000,000 s)
2025-06-04 15:07:32,184 INFO  - Already have ACK (at simulation time 486.000,000,000 s)
2025-06-04 15:07:32,184 INFO  - Already have ACK (at simulation time 486.000,000,000 s)
2025-06-04 15:07:32,184 INFO  - Already have ACK (at simulation time 486.000,000,000 s)
2025-06-04 15:07:32,184 INFO  - Already have ACK (at simulation time 486.000,000,000 s)
2025-06-04 15:07:32,185 INFO  - Already have ACK (at simulation time 486.000,000,000 s)
2025-06-04 15:07:32,185 INFO  - Already have ACK (at simulation time 486.000,000,000 s)
2025-06-04 15:07:32,185 INFO  - Already have ACK (at simulation time 486.000,000,000 s)
2025-06-04 15:07:32,185 INFO  - Already have ACK (at simulation time 486.000,000,000 s)
2025-06-04 15:07:32,185 INFO  - Already have ACK (at simulation time 486.000,000,000 s)
2025-06-04 15:07:32,185 INFO  - Already have ACK (at simulation time 486.000,000,000 s)
2025-06-04 15:07:32,185 INFO  - Already have ACK (at simulation time 486.000,000,000 s)
2025-06-04 15:07:32,185 INFO  - Already have ACK (at simulation time 486.000,000,000 s)
2025-06-04 15:07:32,185 INFO  - Already have ACK (at simulation time 486.000,000,000 s)
2025-06-04 15:07:32,185 INFO  - Already have ACK (at simulation time 486.000,000,000 s)
2025-06-04 15:07:32,185 INFO  - Already have ACK (at simulation time 486.000,000,000 s)
2025-06-04 15:07:32,185 INFO  - Already have ACK (at simulation time 486.000,000,000 s)
2025-06-04 15:07:32,185 INFO  - Already have ACK (at simulation time 486.000,000,000 s)
2025-06-04 15:07:32,185 INFO  - Already have ACK (at simulation time 486.000,000,000 s)
2025-06-04 15:07:32,185 INFO  - Already have ACK (at simulation time 486.000,000,000 s)
2025-06-04 15:07:32,185 INFO  - Already have ACK (at simulation time 486.000,000,000 s)
2025-06-04 15:07:32,185 INFO  - Already have ACK (at simulation time 486.000,000,000 s)
2025-06-04 15:07:32,185 INFO  - Already have ACK (at simulation time 486.000,000,000 s)
2025-06-04 15:07:32,185 INFO  - Already have ACK (at simulation time 486.000,000,000 s)
2025-06-04 15:07:32,185 INFO  - Already have ACK (at simulation time 486.000,000,000 s)
2025-06-04 15:07:32,186 INFO  - Already have ACK (at simulation time 486.000,000,000 s)
2025-06-04 15:07:32,186 INFO  - Already have ACK (at simulation time 486.000,000,000 s)
2025-06-04 15:07:32,186 INFO  - Already have ACK (at simulation time 486.000,000,000 s)
2025-06-04 15:07:32,186 INFO  - Already have ACK (at simulation time 486.000,000,000 s)
2025-06-04 15:07:32,186 INFO  - Already have ACK (at simulation time 486.000,000,000 s)
2025-06-04 15:07:32,186 INFO  - Already have ACK (at simulation time 486.000,000,000 s)
2025-06-04 15:07:32,186 INFO  - Already have ACK (at simulation time 486.000,000,000 s)
2025-06-04 15:07:32,186 INFO  - Already have ACK (at simulation time 486.000,000,000 s)
2025-06-04 15:07:32,186 INFO  - Already have ACK (at simulation time 486.000,000,000 s)
2025-06-04 15:07:32,186 INFO  - Already have ACK (at simulation time 486.000,000,000 s)
2025-06-04 15:07:32,186 INFO  - Already have ACK (at simulation time 486.000,000,000 s)
2025-06-04 15:07:32,186 INFO  - Already have ACK (at simulation time 486.000,000,000 s)
2025-06-04 15:07:32,186 INFO  - Already have ACK (at simulation time 486.000,000,000 s)
2025-06-04 15:07:32,186 INFO  - Already have ACK (at simulation time 486.000,000,000 s)
2025-06-04 15:07:32,188 INFO  - Shutdown application (at simulation time 487.000,000,000 s)
