2025-06-06 16:07:53,484 INFO  - Initialize veh_112 application (at simulation time 582.000,000,000 s)
2025-06-06 16:07:53,485 INFO  - Sent periodic GreenWaveMsg: veh_112 on route r_0 (at simulation time 582.000,000,000 s)
2025-06-06 16:07:53,485 INFO  - I have no neighbours to send! (at simulation time 582.000,000,000 s)
2025-06-06 16:07:53,491 INFO  - I have no neighbours to send! (at simulation time 583.000,000,000 s)
2025-06-06 16:07:53,491 INFO  - I have no neighbours to send! (at simulation time 583.000,000,000 s)
2025-06-06 16:07:53,494 INFO  - I have no neighbours to send! (at simulation time 584.000,000,000 s)
2025-06-06 16:07:53,494 INFO  - I have no neighbours to send! (at simulation time 584.000,000,000 s)
2025-06-06 16:07:53,494 INFO  - I have no neighbours to send! (at simulation time 584.000,000,000 s)
2025-06-06 16:07:53,498 INFO  - I have no neighbours to send! (at simulation time 585.000,000,000 s)
2025-06-06 16:07:53,498 INFO  - I have no neighbours to send! (at simulation time 585.000,000,000 s)
2025-06-06 16:07:53,498 INFO  - I have no neighbours to send! (at simulation time 585.000,000,000 s)
2025-06-06 16:07:53,498 INFO  - I have no neighbours to send! (at simulation time 585.000,000,000 s)
2025-06-06 16:07:53,501 INFO  - I have no neighbours to send! (at simulation time 586.000,000,000 s)
2025-06-06 16:07:53,501 INFO  - I have no neighbours to send! (at simulation time 586.000,000,000 s)
2025-06-06 16:07:53,501 INFO  - I have no neighbours to send! (at simulation time 586.000,000,000 s)
2025-06-06 16:07:53,501 INFO  - I have no neighbours to send! (at simulation time 586.000,000,000 s)
2025-06-06 16:07:53,501 INFO  - I have no neighbours to send! (at simulation time 586.000,000,000 s)
2025-06-06 16:07:53,504 INFO  - Sent periodic GreenWaveMsg: veh_112 on route r_0 (at simulation time 587.000,000,000 s)
2025-06-06 16:07:53,504 INFO  - I have no neighbours to send! (at simulation time 587.000,000,000 s)
2025-06-06 16:07:53,504 INFO  - I have no neighbours to send! (at simulation time 587.000,000,000 s)
2025-06-06 16:07:53,504 INFO  - I have no neighbours to send! (at simulation time 587.000,000,000 s)
2025-06-06 16:07:53,504 INFO  - I have no neighbours to send! (at simulation time 587.000,000,000 s)
2025-06-06 16:07:53,504 INFO  - I have no neighbours to send! (at simulation time 587.000,000,000 s)
2025-06-06 16:07:53,504 INFO  - I have no neighbours to send! (at simulation time 587.000,000,000 s)
2025-06-06 16:07:53,507 INFO  - I have no neighbours to send! (at simulation time 588.000,000,000 s)
2025-06-06 16:07:53,508 INFO  - I have no neighbours to send! (at simulation time 588.000,000,000 s)
2025-06-06 16:07:53,508 INFO  - I have no neighbours to send! (at simulation time 588.000,000,000 s)
2025-06-06 16:07:53,508 INFO  - I have no neighbours to send! (at simulation time 588.000,000,000 s)
2025-06-06 16:07:53,508 INFO  - I have no neighbours to send! (at simulation time 588.000,000,000 s)
2025-06-06 16:07:53,508 INFO  - I have no neighbours to send! (at simulation time 588.000,000,000 s)
2025-06-06 16:07:53,508 INFO  - I have no neighbours to send! (at simulation time 588.000,000,000 s)
2025-06-06 16:07:53,511 INFO  - I have no neighbours to send! (at simulation time 589.000,000,000 s)
2025-06-06 16:07:53,511 INFO  - I have no neighbours to send! (at simulation time 589.000,000,000 s)
2025-06-06 16:07:53,511 INFO  - I have no neighbours to send! (at simulation time 589.000,000,000 s)
2025-06-06 16:07:53,511 INFO  - I have no neighbours to send! (at simulation time 589.000,000,000 s)
2025-06-06 16:07:53,511 INFO  - I have no neighbours to send! (at simulation time 589.000,000,000 s)
2025-06-06 16:07:53,511 INFO  - I have no neighbours to send! (at simulation time 589.000,000,000 s)
2025-06-06 16:07:53,511 INFO  - I have no neighbours to send! (at simulation time 589.000,000,000 s)
2025-06-06 16:07:53,511 INFO  - I have no neighbours to send! (at simulation time 589.000,000,000 s)
2025-06-06 16:07:53,514 INFO  - I have no neighbours to send! (at simulation time 590.000,000,000 s)
2025-06-06 16:07:53,514 INFO  - I have no neighbours to send! (at simulation time 590.000,000,000 s)
2025-06-06 16:07:53,514 INFO  - I have no neighbours to send! (at simulation time 590.000,000,000 s)
2025-06-06 16:07:53,514 INFO  - I have no neighbours to send! (at simulation time 590.000,000,000 s)
2025-06-06 16:07:53,515 INFO  - I have no neighbours to send! (at simulation time 590.000,000,000 s)
2025-06-06 16:07:53,515 INFO  - I have no neighbours to send! (at simulation time 590.000,000,000 s)
2025-06-06 16:07:53,515 INFO  - I have no neighbours to send! (at simulation time 590.000,000,000 s)
2025-06-06 16:07:53,515 INFO  - I have no neighbours to send! (at simulation time 590.000,000,000 s)
2025-06-06 16:07:53,515 INFO  - I have no neighbours to send! (at simulation time 590.000,000,000 s)
2025-06-06 16:07:53,517 INFO  - Received metrics from FogNode: avgR0=1.3559322033898304, avgR1=2.0677966101694913 (at simulation time 590.004,300,000 s)
2025-06-06 16:07:53,518 INFO  - I have no neighbours to send! (at simulation time 591.000,000,000 s)
2025-06-06 16:07:53,518 INFO  - I have no neighbours to send! (at simulation time 591.000,000,000 s)
2025-06-06 16:07:53,518 INFO  - I have no neighbours to send! (at simulation time 591.000,000,000 s)
2025-06-06 16:07:53,518 INFO  - I have no neighbours to send! (at simulation time 591.000,000,000 s)
2025-06-06 16:07:53,518 INFO  - I have no neighbours to send! (at simulation time 591.000,000,000 s)
2025-06-06 16:07:53,518 INFO  - I have no neighbours to send! (at simulation time 591.000,000,000 s)
2025-06-06 16:07:53,518 INFO  - I have no neighbours to send! (at simulation time 591.000,000,000 s)
2025-06-06 16:07:53,518 INFO  - I have no neighbours to send! (at simulation time 591.000,000,000 s)
2025-06-06 16:07:53,518 INFO  - I have no neighbours to send! (at simulation time 591.000,000,000 s)
2025-06-06 16:07:53,518 INFO  - I have no neighbours to send! (at simulation time 591.000,000,000 s)
2025-06-06 16:07:53,521 INFO  - Sent periodic GreenWaveMsg: veh_112 on route r_0 (at simulation time 592.000,000,000 s)
2025-06-06 16:07:53,521 INFO  - I have no neighbours to send! (at simulation time 592.000,000,000 s)
2025-06-06 16:07:53,521 INFO  - I have no neighbours to send! (at simulation time 592.000,000,000 s)
2025-06-06 16:07:53,521 INFO  - I have no neighbours to send! (at simulation time 592.000,000,000 s)
2025-06-06 16:07:53,521 INFO  - I have no neighbours to send! (at simulation time 592.000,000,000 s)
2025-06-06 16:07:53,521 INFO  - I have no neighbours to send! (at simulation time 592.000,000,000 s)
2025-06-06 16:07:53,521 INFO  - I have no neighbours to send! (at simulation time 592.000,000,000 s)
2025-06-06 16:07:53,521 INFO  - I have no neighbours to send! (at simulation time 592.000,000,000 s)
2025-06-06 16:07:53,521 INFO  - I have no neighbours to send! (at simulation time 592.000,000,000 s)
2025-06-06 16:07:53,521 INFO  - I have no neighbours to send! (at simulation time 592.000,000,000 s)
2025-06-06 16:07:53,522 INFO  - I have no neighbours to send! (at simulation time 592.000,000,000 s)
2025-06-06 16:07:53,522 INFO  - I have no neighbours to send! (at simulation time 592.000,000,000 s)
2025-06-06 16:07:53,528 INFO  - I have no neighbours to send! (at simulation time 593.000,000,000 s)
2025-06-06 16:07:53,528 INFO  - I have no neighbours to send! (at simulation time 593.000,000,000 s)
2025-06-06 16:07:53,528 INFO  - I have no neighbours to send! (at simulation time 593.000,000,000 s)
2025-06-06 16:07:53,528 INFO  - I have no neighbours to send! (at simulation time 593.000,000,000 s)
2025-06-06 16:07:53,528 INFO  - I have no neighbours to send! (at simulation time 593.000,000,000 s)
2025-06-06 16:07:53,528 INFO  - I have no neighbours to send! (at simulation time 593.000,000,000 s)
2025-06-06 16:07:53,528 INFO  - I have no neighbours to send! (at simulation time 593.000,000,000 s)
2025-06-06 16:07:53,528 INFO  - I have no neighbours to send! (at simulation time 593.000,000,000 s)
2025-06-06 16:07:53,528 INFO  - I have no neighbours to send! (at simulation time 593.000,000,000 s)
2025-06-06 16:07:53,528 INFO  - I have no neighbours to send! (at simulation time 593.000,000,000 s)
2025-06-06 16:07:53,529 INFO  - I have no neighbours to send! (at simulation time 593.000,000,000 s)
2025-06-06 16:07:53,529 INFO  - I have no neighbours to send! (at simulation time 593.000,000,000 s)
2025-06-06 16:07:53,531 INFO  - I have no neighbours to send! (at simulation time 594.000,000,000 s)
2025-06-06 16:07:53,531 INFO  - I have no neighbours to send! (at simulation time 594.000,000,000 s)
2025-06-06 16:07:53,531 INFO  - I have no neighbours to send! (at simulation time 594.000,000,000 s)
2025-06-06 16:07:53,531 INFO  - I have no neighbours to send! (at simulation time 594.000,000,000 s)
2025-06-06 16:07:53,531 INFO  - I have no neighbours to send! (at simulation time 594.000,000,000 s)
2025-06-06 16:07:53,531 INFO  - I have no neighbours to send! (at simulation time 594.000,000,000 s)
2025-06-06 16:07:53,531 INFO  - I have no neighbours to send! (at simulation time 594.000,000,000 s)
2025-06-06 16:07:53,532 INFO  - I have no neighbours to send! (at simulation time 594.000,000,000 s)
2025-06-06 16:07:53,532 INFO  - I have no neighbours to send! (at simulation time 594.000,000,000 s)
2025-06-06 16:07:53,532 INFO  - I have no neighbours to send! (at simulation time 594.000,000,000 s)
2025-06-06 16:07:53,532 INFO  - I have no neighbours to send! (at simulation time 594.000,000,000 s)
2025-06-06 16:07:53,532 INFO  - I have no neighbours to send! (at simulation time 594.000,000,000 s)
2025-06-06 16:07:53,532 INFO  - I have no neighbours to send! (at simulation time 594.000,000,000 s)
2025-06-06 16:07:53,534 INFO  - I have no neighbours to send! (at simulation time 595.000,000,000 s)
2025-06-06 16:07:53,535 INFO  - I have no neighbours to send! (at simulation time 595.000,000,000 s)
2025-06-06 16:07:53,535 INFO  - I have no neighbours to send! (at simulation time 595.000,000,000 s)
2025-06-06 16:07:53,535 INFO  - I have no neighbours to send! (at simulation time 595.000,000,000 s)
2025-06-06 16:07:53,535 INFO  - I have no neighbours to send! (at simulation time 595.000,000,000 s)
2025-06-06 16:07:53,535 INFO  - I have no neighbours to send! (at simulation time 595.000,000,000 s)
2025-06-06 16:07:53,535 INFO  - I have no neighbours to send! (at simulation time 595.000,000,000 s)
2025-06-06 16:07:53,535 INFO  - I have no neighbours to send! (at simulation time 595.000,000,000 s)
2025-06-06 16:07:53,535 INFO  - I have no neighbours to send! (at simulation time 595.000,000,000 s)
2025-06-06 16:07:53,535 INFO  - I have no neighbours to send! (at simulation time 595.000,000,000 s)
2025-06-06 16:07:53,535 INFO  - I have no neighbours to send! (at simulation time 595.000,000,000 s)
2025-06-06 16:07:53,535 INFO  - I have no neighbours to send! (at simulation time 595.000,000,000 s)
2025-06-06 16:07:53,535 INFO  - I have no neighbours to send! (at simulation time 595.000,000,000 s)
2025-06-06 16:07:53,535 INFO  - I have no neighbours to send! (at simulation time 595.000,000,000 s)
2025-06-06 16:07:53,539 INFO  - I have no neighbours to send! (at simulation time 596.000,000,000 s)
2025-06-06 16:07:53,539 INFO  - I have no neighbours to send! (at simulation time 596.000,000,000 s)
2025-06-06 16:07:53,539 INFO  - I have no neighbours to send! (at simulation time 596.000,000,000 s)
2025-06-06 16:07:53,539 INFO  - I have no neighbours to send! (at simulation time 596.000,000,000 s)
2025-06-06 16:07:53,539 INFO  - I have no neighbours to send! (at simulation time 596.000,000,000 s)
2025-06-06 16:07:53,539 INFO  - I have no neighbours to send! (at simulation time 596.000,000,000 s)
2025-06-06 16:07:53,539 INFO  - I have no neighbours to send! (at simulation time 596.000,000,000 s)
2025-06-06 16:07:53,539 INFO  - I have no neighbours to send! (at simulation time 596.000,000,000 s)
2025-06-06 16:07:53,539 INFO  - I have no neighbours to send! (at simulation time 596.000,000,000 s)
2025-06-06 16:07:53,539 INFO  - I have no neighbours to send! (at simulation time 596.000,000,000 s)
2025-06-06 16:07:53,539 INFO  - I have no neighbours to send! (at simulation time 596.000,000,000 s)
2025-06-06 16:07:53,539 INFO  - I have no neighbours to send! (at simulation time 596.000,000,000 s)
2025-06-06 16:07:53,539 INFO  - I have no neighbours to send! (at simulation time 596.000,000,000 s)
2025-06-06 16:07:53,539 INFO  - I have no neighbours to send! (at simulation time 596.000,000,000 s)
2025-06-06 16:07:53,539 INFO  - I have no neighbours to send! (at simulation time 596.000,000,000 s)
2025-06-06 16:07:53,542 INFO  - Sent periodic GreenWaveMsg: veh_112 on route r_0 (at simulation time 597.000,000,000 s)
2025-06-06 16:07:53,542 INFO  - I have no neighbours to send! (at simulation time 597.000,000,000 s)
2025-06-06 16:07:53,542 INFO  - I have no neighbours to send! (at simulation time 597.000,000,000 s)
2025-06-06 16:07:53,542 INFO  - I have no neighbours to send! (at simulation time 597.000,000,000 s)
2025-06-06 16:07:53,542 INFO  - I have no neighbours to send! (at simulation time 597.000,000,000 s)
2025-06-06 16:07:53,542 INFO  - I have no neighbours to send! (at simulation time 597.000,000,000 s)
2025-06-06 16:07:53,542 INFO  - I have no neighbours to send! (at simulation time 597.000,000,000 s)
2025-06-06 16:07:53,542 INFO  - I have no neighbours to send! (at simulation time 597.000,000,000 s)
2025-06-06 16:07:53,542 INFO  - I have no neighbours to send! (at simulation time 597.000,000,000 s)
2025-06-06 16:07:53,542 INFO  - I have no neighbours to send! (at simulation time 597.000,000,000 s)
2025-06-06 16:07:53,542 INFO  - I have no neighbours to send! (at simulation time 597.000,000,000 s)
2025-06-06 16:07:53,542 INFO  - I have no neighbours to send! (at simulation time 597.000,000,000 s)
2025-06-06 16:07:53,542 INFO  - I have no neighbours to send! (at simulation time 597.000,000,000 s)
2025-06-06 16:07:53,542 INFO  - I have no neighbours to send! (at simulation time 597.000,000,000 s)
2025-06-06 16:07:53,543 INFO  - I have no neighbours to send! (at simulation time 597.000,000,000 s)
2025-06-06 16:07:53,543 INFO  - I have no neighbours to send! (at simulation time 597.000,000,000 s)
2025-06-06 16:07:53,543 INFO  - I have no neighbours to send! (at simulation time 597.000,000,000 s)
2025-06-06 16:07:53,545 INFO  - I have no neighbours to send! (at simulation time 598.000,000,000 s)
2025-06-06 16:07:53,545 INFO  - I have no neighbours to send! (at simulation time 598.000,000,000 s)
2025-06-06 16:07:53,545 INFO  - I have no neighbours to send! (at simulation time 598.000,000,000 s)
2025-06-06 16:07:53,545 INFO  - I have no neighbours to send! (at simulation time 598.000,000,000 s)
2025-06-06 16:07:53,545 INFO  - I have no neighbours to send! (at simulation time 598.000,000,000 s)
2025-06-06 16:07:53,545 INFO  - I have no neighbours to send! (at simulation time 598.000,000,000 s)
2025-06-06 16:07:53,545 INFO  - I have no neighbours to send! (at simulation time 598.000,000,000 s)
2025-06-06 16:07:53,545 INFO  - I have no neighbours to send! (at simulation time 598.000,000,000 s)
2025-06-06 16:07:53,545 INFO  - I have no neighbours to send! (at simulation time 598.000,000,000 s)
2025-06-06 16:07:53,545 INFO  - I have no neighbours to send! (at simulation time 598.000,000,000 s)
2025-06-06 16:07:53,545 INFO  - I have no neighbours to send! (at simulation time 598.000,000,000 s)
2025-06-06 16:07:53,545 INFO  - I have no neighbours to send! (at simulation time 598.000,000,000 s)
2025-06-06 16:07:53,545 INFO  - I have no neighbours to send! (at simulation time 598.000,000,000 s)
2025-06-06 16:07:53,545 INFO  - I have no neighbours to send! (at simulation time 598.000,000,000 s)
2025-06-06 16:07:53,546 INFO  - I have no neighbours to send! (at simulation time 598.000,000,000 s)
2025-06-06 16:07:53,546 INFO  - I have no neighbours to send! (at simulation time 598.000,000,000 s)
2025-06-06 16:07:53,546 INFO  - I have no neighbours to send! (at simulation time 598.000,000,000 s)
2025-06-06 16:07:53,548 INFO  - I have no neighbours to send! (at simulation time 599.000,000,000 s)
2025-06-06 16:07:53,548 INFO  - I have no neighbours to send! (at simulation time 599.000,000,000 s)
2025-06-06 16:07:53,548 INFO  - I have no neighbours to send! (at simulation time 599.000,000,000 s)
2025-06-06 16:07:53,548 INFO  - I have no neighbours to send! (at simulation time 599.000,000,000 s)
2025-06-06 16:07:53,548 INFO  - I have no neighbours to send! (at simulation time 599.000,000,000 s)
2025-06-06 16:07:53,548 INFO  - I have no neighbours to send! (at simulation time 599.000,000,000 s)
2025-06-06 16:07:53,548 INFO  - I have no neighbours to send! (at simulation time 599.000,000,000 s)
2025-06-06 16:07:53,548 INFO  - I have no neighbours to send! (at simulation time 599.000,000,000 s)
2025-06-06 16:07:53,548 INFO  - I have no neighbours to send! (at simulation time 599.000,000,000 s)
2025-06-06 16:07:53,548 INFO  - I have no neighbours to send! (at simulation time 599.000,000,000 s)
2025-06-06 16:07:53,548 INFO  - I have no neighbours to send! (at simulation time 599.000,000,000 s)
2025-06-06 16:07:53,548 INFO  - I have no neighbours to send! (at simulation time 599.000,000,000 s)
2025-06-06 16:07:53,548 INFO  - I have no neighbours to send! (at simulation time 599.000,000,000 s)
2025-06-06 16:07:53,548 INFO  - I have no neighbours to send! (at simulation time 599.000,000,000 s)
2025-06-06 16:07:53,548 INFO  - I have no neighbours to send! (at simulation time 599.000,000,000 s)
2025-06-06 16:07:53,548 INFO  - I have no neighbours to send! (at simulation time 599.000,000,000 s)
2025-06-06 16:07:53,548 INFO  - I have no neighbours to send! (at simulation time 599.000,000,000 s)
2025-06-06 16:07:53,548 INFO  - I have no neighbours to send! (at simulation time 599.000,000,000 s)
2025-06-06 16:07:53,550 INFO  - I have no neighbours to send! (at simulation time 600.000,000,000 s)
2025-06-06 16:07:53,551 INFO  - I have no neighbours to send! (at simulation time 600.000,000,000 s)
2025-06-06 16:07:53,551 INFO  - I have no neighbours to send! (at simulation time 600.000,000,000 s)
2025-06-06 16:07:53,551 INFO  - I have no neighbours to send! (at simulation time 600.000,000,000 s)
2025-06-06 16:07:53,551 INFO  - I have no neighbours to send! (at simulation time 600.000,000,000 s)
2025-06-06 16:07:53,551 INFO  - I have no neighbours to send! (at simulation time 600.000,000,000 s)
2025-06-06 16:07:53,551 INFO  - I have no neighbours to send! (at simulation time 600.000,000,000 s)
2025-06-06 16:07:53,551 INFO  - I have no neighbours to send! (at simulation time 600.000,000,000 s)
2025-06-06 16:07:53,551 INFO  - I have no neighbours to send! (at simulation time 600.000,000,000 s)
2025-06-06 16:07:53,551 INFO  - I have no neighbours to send! (at simulation time 600.000,000,000 s)
2025-06-06 16:07:53,551 INFO  - I have no neighbours to send! (at simulation time 600.000,000,000 s)
2025-06-06 16:07:53,551 INFO  - I have no neighbours to send! (at simulation time 600.000,000,000 s)
2025-06-06 16:07:53,551 INFO  - I have no neighbours to send! (at simulation time 600.000,000,000 s)
2025-06-06 16:07:53,551 INFO  - I have no neighbours to send! (at simulation time 600.000,000,000 s)
2025-06-06 16:07:53,551 INFO  - I have no neighbours to send! (at simulation time 600.000,000,000 s)
2025-06-06 16:07:53,551 INFO  - I have no neighbours to send! (at simulation time 600.000,000,000 s)
2025-06-06 16:07:53,551 INFO  - I have no neighbours to send! (at simulation time 600.000,000,000 s)
2025-06-06 16:07:53,551 INFO  - I have no neighbours to send! (at simulation time 600.000,000,000 s)
2025-06-06 16:07:53,551 INFO  - I have no neighbours to send! (at simulation time 600.000,000,000 s)
2025-06-06 16:07:53,553 INFO  - Received metrics from FogNode: avgR0=1.35, avgR1=2.0833333333333335 (at simulation time 600.004,800,000 s)
2025-06-06 16:07:53,554 INFO  - I have no neighbours to send! (at simulation time 601.000,000,000 s)
2025-06-06 16:07:53,554 INFO  - I have no neighbours to send! (at simulation time 601.000,000,000 s)
2025-06-06 16:07:53,554 INFO  - I have no neighbours to send! (at simulation time 601.000,000,000 s)
2025-06-06 16:07:53,554 INFO  - I have no neighbours to send! (at simulation time 601.000,000,000 s)
2025-06-06 16:07:53,554 INFO  - I have no neighbours to send! (at simulation time 601.000,000,000 s)
2025-06-06 16:07:53,554 INFO  - I have no neighbours to send! (at simulation time 601.000,000,000 s)
2025-06-06 16:07:53,554 INFO  - I have no neighbours to send! (at simulation time 601.000,000,000 s)
2025-06-06 16:07:53,554 INFO  - I have no neighbours to send! (at simulation time 601.000,000,000 s)
2025-06-06 16:07:53,554 INFO  - I have no neighbours to send! (at simulation time 601.000,000,000 s)
2025-06-06 16:07:53,554 INFO  - I have no neighbours to send! (at simulation time 601.000,000,000 s)
2025-06-06 16:07:53,554 INFO  - I have no neighbours to send! (at simulation time 601.000,000,000 s)
2025-06-06 16:07:53,554 INFO  - I have no neighbours to send! (at simulation time 601.000,000,000 s)
2025-06-06 16:07:53,554 INFO  - I have no neighbours to send! (at simulation time 601.000,000,000 s)
2025-06-06 16:07:53,554 INFO  - I have no neighbours to send! (at simulation time 601.000,000,000 s)
2025-06-06 16:07:53,554 INFO  - I have no neighbours to send! (at simulation time 601.000,000,000 s)
2025-06-06 16:07:53,554 INFO  - I have no neighbours to send! (at simulation time 601.000,000,000 s)
2025-06-06 16:07:53,554 INFO  - I have no neighbours to send! (at simulation time 601.000,000,000 s)
2025-06-06 16:07:53,554 INFO  - I have no neighbours to send! (at simulation time 601.000,000,000 s)
2025-06-06 16:07:53,554 INFO  - I have no neighbours to send! (at simulation time 601.000,000,000 s)
2025-06-06 16:07:53,554 INFO  - I have no neighbours to send! (at simulation time 601.000,000,000 s)
2025-06-06 16:07:53,556 INFO  - Sent periodic GreenWaveMsg: veh_112 on route r_0 (at simulation time 602.000,000,000 s)
2025-06-06 16:07:53,556 INFO  - I have no neighbours to send! (at simulation time 602.000,000,000 s)
2025-06-06 16:07:53,557 INFO  - I have no neighbours to send! (at simulation time 602.000,000,000 s)
2025-06-06 16:07:53,557 INFO  - I have no neighbours to send! (at simulation time 602.000,000,000 s)
2025-06-06 16:07:53,557 INFO  - I have no neighbours to send! (at simulation time 602.000,000,000 s)
2025-06-06 16:07:53,557 INFO  - I have no neighbours to send! (at simulation time 602.000,000,000 s)
2025-06-06 16:07:53,557 INFO  - I have no neighbours to send! (at simulation time 602.000,000,000 s)
2025-06-06 16:07:53,557 INFO  - I have no neighbours to send! (at simulation time 602.000,000,000 s)
2025-06-06 16:07:53,557 INFO  - I have no neighbours to send! (at simulation time 602.000,000,000 s)
2025-06-06 16:07:53,557 INFO  - I have no neighbours to send! (at simulation time 602.000,000,000 s)
2025-06-06 16:07:53,557 INFO  - I have no neighbours to send! (at simulation time 602.000,000,000 s)
2025-06-06 16:07:53,557 INFO  - I have no neighbours to send! (at simulation time 602.000,000,000 s)
2025-06-06 16:07:53,557 INFO  - I have no neighbours to send! (at simulation time 602.000,000,000 s)
2025-06-06 16:07:53,557 INFO  - I have no neighbours to send! (at simulation time 602.000,000,000 s)
2025-06-06 16:07:53,557 INFO  - I have no neighbours to send! (at simulation time 602.000,000,000 s)
2025-06-06 16:07:53,557 INFO  - I have no neighbours to send! (at simulation time 602.000,000,000 s)
2025-06-06 16:07:53,557 INFO  - I have no neighbours to send! (at simulation time 602.000,000,000 s)
2025-06-06 16:07:53,557 INFO  - I have no neighbours to send! (at simulation time 602.000,000,000 s)
2025-06-06 16:07:53,557 INFO  - I have no neighbours to send! (at simulation time 602.000,000,000 s)
2025-06-06 16:07:53,557 INFO  - I have no neighbours to send! (at simulation time 602.000,000,000 s)
2025-06-06 16:07:53,557 INFO  - I have no neighbours to send! (at simulation time 602.000,000,000 s)
2025-06-06 16:07:53,557 INFO  - I have no neighbours to send! (at simulation time 602.000,000,000 s)
2025-06-06 16:07:53,563 INFO  - I have no neighbours to send! (at simulation time 603.000,000,000 s)
2025-06-06 16:07:53,563 INFO  - I have no neighbours to send! (at simulation time 603.000,000,000 s)
2025-06-06 16:07:53,563 INFO  - I have no neighbours to send! (at simulation time 603.000,000,000 s)
2025-06-06 16:07:53,563 INFO  - I have no neighbours to send! (at simulation time 603.000,000,000 s)
2025-06-06 16:07:53,563 INFO  - I have no neighbours to send! (at simulation time 603.000,000,000 s)
2025-06-06 16:07:53,563 INFO  - I have no neighbours to send! (at simulation time 603.000,000,000 s)
2025-06-06 16:07:53,564 INFO  - I have no neighbours to send! (at simulation time 603.000,000,000 s)
2025-06-06 16:07:53,564 INFO  - I have no neighbours to send! (at simulation time 603.000,000,000 s)
2025-06-06 16:07:53,564 INFO  - I have no neighbours to send! (at simulation time 603.000,000,000 s)
2025-06-06 16:07:53,564 INFO  - I have no neighbours to send! (at simulation time 603.000,000,000 s)
2025-06-06 16:07:53,564 INFO  - I have no neighbours to send! (at simulation time 603.000,000,000 s)
2025-06-06 16:07:53,564 INFO  - I have no neighbours to send! (at simulation time 603.000,000,000 s)
2025-06-06 16:07:53,564 INFO  - I have no neighbours to send! (at simulation time 603.000,000,000 s)
2025-06-06 16:07:53,564 INFO  - I have no neighbours to send! (at simulation time 603.000,000,000 s)
2025-06-06 16:07:53,564 INFO  - I have no neighbours to send! (at simulation time 603.000,000,000 s)
2025-06-06 16:07:53,564 INFO  - I have no neighbours to send! (at simulation time 603.000,000,000 s)
2025-06-06 16:07:53,564 INFO  - I have no neighbours to send! (at simulation time 603.000,000,000 s)
2025-06-06 16:07:53,564 INFO  - I have no neighbours to send! (at simulation time 603.000,000,000 s)
2025-06-06 16:07:53,564 INFO  - I have no neighbours to send! (at simulation time 603.000,000,000 s)
2025-06-06 16:07:53,564 INFO  - I have no neighbours to send! (at simulation time 603.000,000,000 s)
2025-06-06 16:07:53,564 INFO  - I have no neighbours to send! (at simulation time 603.000,000,000 s)
2025-06-06 16:07:53,564 INFO  - I have no neighbours to send! (at simulation time 603.000,000,000 s)
2025-06-06 16:07:53,566 INFO  - I have no neighbours to send! (at simulation time 604.000,000,000 s)
2025-06-06 16:07:53,566 INFO  - I have no neighbours to send! (at simulation time 604.000,000,000 s)
2025-06-06 16:07:53,567 INFO  - I have no neighbours to send! (at simulation time 604.000,000,000 s)
2025-06-06 16:07:53,567 INFO  - I have no neighbours to send! (at simulation time 604.000,000,000 s)
2025-06-06 16:07:53,567 INFO  - I have no neighbours to send! (at simulation time 604.000,000,000 s)
2025-06-06 16:07:53,567 INFO  - I have no neighbours to send! (at simulation time 604.000,000,000 s)
2025-06-06 16:07:53,567 INFO  - I have no neighbours to send! (at simulation time 604.000,000,000 s)
2025-06-06 16:07:53,567 INFO  - I have no neighbours to send! (at simulation time 604.000,000,000 s)
2025-06-06 16:07:53,567 INFO  - I have no neighbours to send! (at simulation time 604.000,000,000 s)
2025-06-06 16:07:53,567 INFO  - I have no neighbours to send! (at simulation time 604.000,000,000 s)
2025-06-06 16:07:53,567 INFO  - I have no neighbours to send! (at simulation time 604.000,000,000 s)
2025-06-06 16:07:53,567 INFO  - I have no neighbours to send! (at simulation time 604.000,000,000 s)
2025-06-06 16:07:53,567 INFO  - I have no neighbours to send! (at simulation time 604.000,000,000 s)
2025-06-06 16:07:53,567 INFO  - I have no neighbours to send! (at simulation time 604.000,000,000 s)
2025-06-06 16:07:53,567 INFO  - I have no neighbours to send! (at simulation time 604.000,000,000 s)
2025-06-06 16:07:53,567 INFO  - I have no neighbours to send! (at simulation time 604.000,000,000 s)
2025-06-06 16:07:53,567 INFO  - I have no neighbours to send! (at simulation time 604.000,000,000 s)
2025-06-06 16:07:53,567 INFO  - I have no neighbours to send! (at simulation time 604.000,000,000 s)
2025-06-06 16:07:53,567 INFO  - I have no neighbours to send! (at simulation time 604.000,000,000 s)
2025-06-06 16:07:53,567 INFO  - I have no neighbours to send! (at simulation time 604.000,000,000 s)
2025-06-06 16:07:53,567 INFO  - I have no neighbours to send! (at simulation time 604.000,000,000 s)
2025-06-06 16:07:53,567 INFO  - I have no neighbours to send! (at simulation time 604.000,000,000 s)
2025-06-06 16:07:53,567 INFO  - I have no neighbours to send! (at simulation time 604.000,000,000 s)
2025-06-06 16:07:53,570 INFO  - I have no neighbours to send! (at simulation time 605.000,000,000 s)
2025-06-06 16:07:53,570 INFO  - I have no neighbours to send! (at simulation time 605.000,000,000 s)
2025-06-06 16:07:53,570 INFO  - I have no neighbours to send! (at simulation time 605.000,000,000 s)
2025-06-06 16:07:53,570 INFO  - I have no neighbours to send! (at simulation time 605.000,000,000 s)
2025-06-06 16:07:53,570 INFO  - I have no neighbours to send! (at simulation time 605.000,000,000 s)
2025-06-06 16:07:53,570 INFO  - I have no neighbours to send! (at simulation time 605.000,000,000 s)
2025-06-06 16:07:53,570 INFO  - I have no neighbours to send! (at simulation time 605.000,000,000 s)
2025-06-06 16:07:53,570 INFO  - I have no neighbours to send! (at simulation time 605.000,000,000 s)
2025-06-06 16:07:53,570 INFO  - I have no neighbours to send! (at simulation time 605.000,000,000 s)
2025-06-06 16:07:53,570 INFO  - I have no neighbours to send! (at simulation time 605.000,000,000 s)
2025-06-06 16:07:53,571 INFO  - I have no neighbours to send! (at simulation time 605.000,000,000 s)
2025-06-06 16:07:53,571 INFO  - I have no neighbours to send! (at simulation time 605.000,000,000 s)
2025-06-06 16:07:53,571 INFO  - I have no neighbours to send! (at simulation time 605.000,000,000 s)
2025-06-06 16:07:53,571 INFO  - I have no neighbours to send! (at simulation time 605.000,000,000 s)
2025-06-06 16:07:53,571 INFO  - I have no neighbours to send! (at simulation time 605.000,000,000 s)
2025-06-06 16:07:53,571 INFO  - I have no neighbours to send! (at simulation time 605.000,000,000 s)
2025-06-06 16:07:53,571 INFO  - I have no neighbours to send! (at simulation time 605.000,000,000 s)
2025-06-06 16:07:53,571 INFO  - I have no neighbours to send! (at simulation time 605.000,000,000 s)
2025-06-06 16:07:53,571 INFO  - I have no neighbours to send! (at simulation time 605.000,000,000 s)
2025-06-06 16:07:53,571 INFO  - I have no neighbours to send! (at simulation time 605.000,000,000 s)
2025-06-06 16:07:53,571 INFO  - I have no neighbours to send! (at simulation time 605.000,000,000 s)
2025-06-06 16:07:53,571 INFO  - I have no neighbours to send! (at simulation time 605.000,000,000 s)
2025-06-06 16:07:53,571 INFO  - I have no neighbours to send! (at simulation time 605.000,000,000 s)
2025-06-06 16:07:53,571 INFO  - I have no neighbours to send! (at simulation time 605.000,000,000 s)
2025-06-06 16:07:53,574 INFO  - I have no neighbours to send! (at simulation time 606.000,000,000 s)
2025-06-06 16:07:53,574 INFO  - I have no neighbours to send! (at simulation time 606.000,000,000 s)
2025-06-06 16:07:53,574 INFO  - I have no neighbours to send! (at simulation time 606.000,000,000 s)
2025-06-06 16:07:53,574 INFO  - I have no neighbours to send! (at simulation time 606.000,000,000 s)
2025-06-06 16:07:53,574 INFO  - I have no neighbours to send! (at simulation time 606.000,000,000 s)
2025-06-06 16:07:53,574 INFO  - I have no neighbours to send! (at simulation time 606.000,000,000 s)
2025-06-06 16:07:53,574 INFO  - I have no neighbours to send! (at simulation time 606.000,000,000 s)
2025-06-06 16:07:53,574 INFO  - I have no neighbours to send! (at simulation time 606.000,000,000 s)
2025-06-06 16:07:53,574 INFO  - I have no neighbours to send! (at simulation time 606.000,000,000 s)
2025-06-06 16:07:53,575 INFO  - I have no neighbours to send! (at simulation time 606.000,000,000 s)
2025-06-06 16:07:53,575 INFO  - I have no neighbours to send! (at simulation time 606.000,000,000 s)
2025-06-06 16:07:53,575 INFO  - I have no neighbours to send! (at simulation time 606.000,000,000 s)
2025-06-06 16:07:53,575 INFO  - I have no neighbours to send! (at simulation time 606.000,000,000 s)
2025-06-06 16:07:53,575 INFO  - I have no neighbours to send! (at simulation time 606.000,000,000 s)
2025-06-06 16:07:53,575 INFO  - I have no neighbours to send! (at simulation time 606.000,000,000 s)
2025-06-06 16:07:53,575 INFO  - I have no neighbours to send! (at simulation time 606.000,000,000 s)
2025-06-06 16:07:53,575 INFO  - I have no neighbours to send! (at simulation time 606.000,000,000 s)
2025-06-06 16:07:53,575 INFO  - I have no neighbours to send! (at simulation time 606.000,000,000 s)
2025-06-06 16:07:53,575 INFO  - I have no neighbours to send! (at simulation time 606.000,000,000 s)
2025-06-06 16:07:53,575 INFO  - I have no neighbours to send! (at simulation time 606.000,000,000 s)
2025-06-06 16:07:53,575 INFO  - I have no neighbours to send! (at simulation time 606.000,000,000 s)
2025-06-06 16:07:53,575 INFO  - I have no neighbours to send! (at simulation time 606.000,000,000 s)
2025-06-06 16:07:53,575 INFO  - I have no neighbours to send! (at simulation time 606.000,000,000 s)
2025-06-06 16:07:53,575 INFO  - I have no neighbours to send! (at simulation time 606.000,000,000 s)
2025-06-06 16:07:53,575 INFO  - I have no neighbours to send! (at simulation time 606.000,000,000 s)
2025-06-06 16:07:53,578 INFO  - Sent periodic GreenWaveMsg: veh_112 on route r_0 (at simulation time 607.000,000,000 s)
2025-06-06 16:07:53,578 INFO  - I have no neighbours to send! (at simulation time 607.000,000,000 s)
2025-06-06 16:07:53,578 INFO  - I have no neighbours to send! (at simulation time 607.000,000,000 s)
2025-06-06 16:07:53,578 INFO  - I have no neighbours to send! (at simulation time 607.000,000,000 s)
2025-06-06 16:07:53,579 INFO  - I have no neighbours to send! (at simulation time 607.000,000,000 s)
2025-06-06 16:07:53,579 INFO  - I have no neighbours to send! (at simulation time 607.000,000,000 s)
2025-06-06 16:07:53,579 INFO  - I have no neighbours to send! (at simulation time 607.000,000,000 s)
2025-06-06 16:07:53,579 INFO  - I have no neighbours to send! (at simulation time 607.000,000,000 s)
2025-06-06 16:07:53,579 INFO  - I have no neighbours to send! (at simulation time 607.000,000,000 s)
2025-06-06 16:07:53,579 INFO  - I have no neighbours to send! (at simulation time 607.000,000,000 s)
2025-06-06 16:07:53,579 INFO  - I have no neighbours to send! (at simulation time 607.000,000,000 s)
2025-06-06 16:07:53,579 INFO  - I have no neighbours to send! (at simulation time 607.000,000,000 s)
2025-06-06 16:07:53,579 INFO  - I have no neighbours to send! (at simulation time 607.000,000,000 s)
2025-06-06 16:07:53,579 INFO  - I have no neighbours to send! (at simulation time 607.000,000,000 s)
2025-06-06 16:07:53,579 INFO  - I have no neighbours to send! (at simulation time 607.000,000,000 s)
2025-06-06 16:07:53,579 INFO  - I have no neighbours to send! (at simulation time 607.000,000,000 s)
2025-06-06 16:07:53,579 INFO  - I have no neighbours to send! (at simulation time 607.000,000,000 s)
2025-06-06 16:07:53,579 INFO  - I have no neighbours to send! (at simulation time 607.000,000,000 s)
2025-06-06 16:07:53,579 INFO  - I have no neighbours to send! (at simulation time 607.000,000,000 s)
2025-06-06 16:07:53,579 INFO  - I have no neighbours to send! (at simulation time 607.000,000,000 s)
2025-06-06 16:07:53,580 INFO  - I have no neighbours to send! (at simulation time 607.000,000,000 s)
2025-06-06 16:07:53,580 INFO  - I have no neighbours to send! (at simulation time 607.000,000,000 s)
2025-06-06 16:07:53,580 INFO  - I have no neighbours to send! (at simulation time 607.000,000,000 s)
2025-06-06 16:07:53,580 INFO  - I have no neighbours to send! (at simulation time 607.000,000,000 s)
2025-06-06 16:07:53,580 INFO  - I have no neighbours to send! (at simulation time 607.000,000,000 s)
2025-06-06 16:07:53,580 INFO  - I have no neighbours to send! (at simulation time 607.000,000,000 s)
2025-06-06 16:07:53,580 INFO  - I have no neighbours to send! (at simulation time 607.000,000,000 s)
2025-06-06 16:07:53,583 INFO  - I have no neighbours to send! (at simulation time 608.000,000,000 s)
2025-06-06 16:07:53,584 INFO  - I have no neighbours to send! (at simulation time 608.000,000,000 s)
2025-06-06 16:07:53,584 INFO  - I have no neighbours to send! (at simulation time 608.000,000,000 s)
2025-06-06 16:07:53,584 INFO  - I have no neighbours to send! (at simulation time 608.000,000,000 s)
2025-06-06 16:07:53,584 INFO  - I have no neighbours to send! (at simulation time 608.000,000,000 s)
2025-06-06 16:07:53,584 INFO  - I have no neighbours to send! (at simulation time 608.000,000,000 s)
2025-06-06 16:07:53,584 INFO  - I have no neighbours to send! (at simulation time 608.000,000,000 s)
2025-06-06 16:07:53,584 INFO  - I have no neighbours to send! (at simulation time 608.000,000,000 s)
2025-06-06 16:07:53,584 INFO  - I have no neighbours to send! (at simulation time 608.000,000,000 s)
2025-06-06 16:07:53,584 INFO  - I have no neighbours to send! (at simulation time 608.000,000,000 s)
2025-06-06 16:07:53,584 INFO  - I have no neighbours to send! (at simulation time 608.000,000,000 s)
2025-06-06 16:07:53,584 INFO  - I have no neighbours to send! (at simulation time 608.000,000,000 s)
2025-06-06 16:07:53,584 INFO  - I have no neighbours to send! (at simulation time 608.000,000,000 s)
2025-06-06 16:07:53,584 INFO  - I have no neighbours to send! (at simulation time 608.000,000,000 s)
2025-06-06 16:07:53,584 INFO  - I have no neighbours to send! (at simulation time 608.000,000,000 s)
2025-06-06 16:07:53,584 INFO  - I have no neighbours to send! (at simulation time 608.000,000,000 s)
2025-06-06 16:07:53,584 INFO  - I have no neighbours to send! (at simulation time 608.000,000,000 s)
2025-06-06 16:07:53,585 INFO  - I have no neighbours to send! (at simulation time 608.000,000,000 s)
2025-06-06 16:07:53,585 INFO  - I have no neighbours to send! (at simulation time 608.000,000,000 s)
2025-06-06 16:07:53,585 INFO  - I have no neighbours to send! (at simulation time 608.000,000,000 s)
2025-06-06 16:07:53,585 INFO  - I have no neighbours to send! (at simulation time 608.000,000,000 s)
2025-06-06 16:07:53,585 INFO  - I have no neighbours to send! (at simulation time 608.000,000,000 s)
2025-06-06 16:07:53,585 INFO  - I have no neighbours to send! (at simulation time 608.000,000,000 s)
2025-06-06 16:07:53,585 INFO  - I have no neighbours to send! (at simulation time 608.000,000,000 s)
2025-06-06 16:07:53,585 INFO  - I have no neighbours to send! (at simulation time 608.000,000,000 s)
2025-06-06 16:07:53,585 INFO  - I have no neighbours to send! (at simulation time 608.000,000,000 s)
2025-06-06 16:07:53,585 INFO  - I have no neighbours to send! (at simulation time 608.000,000,000 s)
2025-06-06 16:07:53,587 INFO  - I have no neighbours to send! (at simulation time 609.000,000,000 s)
2025-06-06 16:07:53,587 INFO  - I have no neighbours to send! (at simulation time 609.000,000,000 s)
2025-06-06 16:07:53,587 INFO  - I have no neighbours to send! (at simulation time 609.000,000,000 s)
2025-06-06 16:07:53,587 INFO  - I have no neighbours to send! (at simulation time 609.000,000,000 s)
2025-06-06 16:07:53,587 INFO  - I have no neighbours to send! (at simulation time 609.000,000,000 s)
2025-06-06 16:07:53,587 INFO  - I have no neighbours to send! (at simulation time 609.000,000,000 s)
2025-06-06 16:07:53,587 INFO  - I have no neighbours to send! (at simulation time 609.000,000,000 s)
2025-06-06 16:07:53,587 INFO  - I have no neighbours to send! (at simulation time 609.000,000,000 s)
2025-06-06 16:07:53,587 INFO  - I have no neighbours to send! (at simulation time 609.000,000,000 s)
2025-06-06 16:07:53,587 INFO  - I have no neighbours to send! (at simulation time 609.000,000,000 s)
2025-06-06 16:07:53,587 INFO  - I have no neighbours to send! (at simulation time 609.000,000,000 s)
2025-06-06 16:07:53,588 INFO  - I have no neighbours to send! (at simulation time 609.000,000,000 s)
2025-06-06 16:07:53,588 INFO  - I have no neighbours to send! (at simulation time 609.000,000,000 s)
2025-06-06 16:07:53,588 INFO  - I have no neighbours to send! (at simulation time 609.000,000,000 s)
2025-06-06 16:07:53,588 INFO  - I have no neighbours to send! (at simulation time 609.000,000,000 s)
2025-06-06 16:07:53,588 INFO  - I have no neighbours to send! (at simulation time 609.000,000,000 s)
2025-06-06 16:07:53,588 INFO  - I have no neighbours to send! (at simulation time 609.000,000,000 s)
2025-06-06 16:07:53,588 INFO  - I have no neighbours to send! (at simulation time 609.000,000,000 s)
2025-06-06 16:07:53,588 INFO  - I have no neighbours to send! (at simulation time 609.000,000,000 s)
2025-06-06 16:07:53,588 INFO  - I have no neighbours to send! (at simulation time 609.000,000,000 s)
2025-06-06 16:07:53,588 INFO  - I have no neighbours to send! (at simulation time 609.000,000,000 s)
2025-06-06 16:07:53,588 INFO  - I have no neighbours to send! (at simulation time 609.000,000,000 s)
2025-06-06 16:07:53,588 INFO  - I have no neighbours to send! (at simulation time 609.000,000,000 s)
2025-06-06 16:07:53,588 INFO  - I have no neighbours to send! (at simulation time 609.000,000,000 s)
2025-06-06 16:07:53,588 INFO  - I have no neighbours to send! (at simulation time 609.000,000,000 s)
2025-06-06 16:07:53,588 INFO  - I have no neighbours to send! (at simulation time 609.000,000,000 s)
2025-06-06 16:07:53,588 INFO  - I have no neighbours to send! (at simulation time 609.000,000,000 s)
2025-06-06 16:07:53,588 INFO  - I have no neighbours to send! (at simulation time 609.000,000,000 s)
2025-06-06 16:07:53,590 INFO  - I have no neighbours to send! (at simulation time 610.000,000,000 s)
2025-06-06 16:07:53,590 INFO  - I have no neighbours to send! (at simulation time 610.000,000,000 s)
2025-06-06 16:07:53,590 INFO  - I have no neighbours to send! (at simulation time 610.000,000,000 s)
2025-06-06 16:07:53,590 INFO  - I have no neighbours to send! (at simulation time 610.000,000,000 s)
2025-06-06 16:07:53,591 INFO  - I have no neighbours to send! (at simulation time 610.000,000,000 s)
2025-06-06 16:07:53,591 INFO  - I have no neighbours to send! (at simulation time 610.000,000,000 s)
2025-06-06 16:07:53,591 INFO  - I have no neighbours to send! (at simulation time 610.000,000,000 s)
2025-06-06 16:07:53,591 INFO  - I have no neighbours to send! (at simulation time 610.000,000,000 s)
2025-06-06 16:07:53,591 INFO  - I have no neighbours to send! (at simulation time 610.000,000,000 s)
2025-06-06 16:07:53,591 INFO  - I have no neighbours to send! (at simulation time 610.000,000,000 s)
2025-06-06 16:07:53,591 INFO  - I have no neighbours to send! (at simulation time 610.000,000,000 s)
2025-06-06 16:07:53,591 INFO  - I have no neighbours to send! (at simulation time 610.000,000,000 s)
2025-06-06 16:07:53,591 INFO  - I have no neighbours to send! (at simulation time 610.000,000,000 s)
2025-06-06 16:07:53,591 INFO  - I have no neighbours to send! (at simulation time 610.000,000,000 s)
2025-06-06 16:07:53,591 INFO  - I have no neighbours to send! (at simulation time 610.000,000,000 s)
2025-06-06 16:07:53,591 INFO  - I have no neighbours to send! (at simulation time 610.000,000,000 s)
2025-06-06 16:07:53,591 INFO  - I have no neighbours to send! (at simulation time 610.000,000,000 s)
2025-06-06 16:07:53,591 INFO  - I have no neighbours to send! (at simulation time 610.000,000,000 s)
2025-06-06 16:07:53,591 INFO  - I have no neighbours to send! (at simulation time 610.000,000,000 s)
2025-06-06 16:07:53,591 INFO  - I have no neighbours to send! (at simulation time 610.000,000,000 s)
2025-06-06 16:07:53,591 INFO  - I have no neighbours to send! (at simulation time 610.000,000,000 s)
2025-06-06 16:07:53,591 INFO  - I have no neighbours to send! (at simulation time 610.000,000,000 s)
2025-06-06 16:07:53,591 INFO  - I have no neighbours to send! (at simulation time 610.000,000,000 s)
2025-06-06 16:07:53,591 INFO  - I have no neighbours to send! (at simulation time 610.000,000,000 s)
2025-06-06 16:07:53,591 INFO  - I have no neighbours to send! (at simulation time 610.000,000,000 s)
2025-06-06 16:07:53,591 INFO  - I have no neighbours to send! (at simulation time 610.000,000,000 s)
2025-06-06 16:07:53,591 INFO  - I have no neighbours to send! (at simulation time 610.000,000,000 s)
2025-06-06 16:07:53,592 INFO  - I have no neighbours to send! (at simulation time 610.000,000,000 s)
2025-06-06 16:07:53,592 INFO  - I have no neighbours to send! (at simulation time 610.000,000,000 s)
2025-06-06 16:07:53,593 INFO  - Received metrics from FogNode: avgR0=1.3278688524590163, avgR1=2.098360655737705 (at simulation time 610.002,800,000 s)
2025-06-06 16:07:53,594 INFO  - I have no neighbours to send! (at simulation time 611.000,000,000 s)
2025-06-06 16:07:53,594 INFO  - I have no neighbours to send! (at simulation time 611.000,000,000 s)
2025-06-06 16:07:53,594 INFO  - I have no neighbours to send! (at simulation time 611.000,000,000 s)
2025-06-06 16:07:53,594 INFO  - I have no neighbours to send! (at simulation time 611.000,000,000 s)
2025-06-06 16:07:53,594 INFO  - I have no neighbours to send! (at simulation time 611.000,000,000 s)
2025-06-06 16:07:53,594 INFO  - I have no neighbours to send! (at simulation time 611.000,000,000 s)
2025-06-06 16:07:53,594 INFO  - I have no neighbours to send! (at simulation time 611.000,000,000 s)
2025-06-06 16:07:53,594 INFO  - I have no neighbours to send! (at simulation time 611.000,000,000 s)
2025-06-06 16:07:53,594 INFO  - I have no neighbours to send! (at simulation time 611.000,000,000 s)
2025-06-06 16:07:53,594 INFO  - I have no neighbours to send! (at simulation time 611.000,000,000 s)
2025-06-06 16:07:53,594 INFO  - I have no neighbours to send! (at simulation time 611.000,000,000 s)
2025-06-06 16:07:53,595 INFO  - I have no neighbours to send! (at simulation time 611.000,000,000 s)
2025-06-06 16:07:53,595 INFO  - I have no neighbours to send! (at simulation time 611.000,000,000 s)
2025-06-06 16:07:53,595 INFO  - I have no neighbours to send! (at simulation time 611.000,000,000 s)
2025-06-06 16:07:53,595 INFO  - I have no neighbours to send! (at simulation time 611.000,000,000 s)
2025-06-06 16:07:53,595 INFO  - I have no neighbours to send! (at simulation time 611.000,000,000 s)
2025-06-06 16:07:53,595 INFO  - I have no neighbours to send! (at simulation time 611.000,000,000 s)
2025-06-06 16:07:53,595 INFO  - I have no neighbours to send! (at simulation time 611.000,000,000 s)
2025-06-06 16:07:53,595 INFO  - I have no neighbours to send! (at simulation time 611.000,000,000 s)
2025-06-06 16:07:53,595 INFO  - I have no neighbours to send! (at simulation time 611.000,000,000 s)
2025-06-06 16:07:53,595 INFO  - I have no neighbours to send! (at simulation time 611.000,000,000 s)
2025-06-06 16:07:53,595 INFO  - I have no neighbours to send! (at simulation time 611.000,000,000 s)
2025-06-06 16:07:53,595 INFO  - I have no neighbours to send! (at simulation time 611.000,000,000 s)
2025-06-06 16:07:53,595 INFO  - I have no neighbours to send! (at simulation time 611.000,000,000 s)
2025-06-06 16:07:53,595 INFO  - I have no neighbours to send! (at simulation time 611.000,000,000 s)
2025-06-06 16:07:53,595 INFO  - I have no neighbours to send! (at simulation time 611.000,000,000 s)
2025-06-06 16:07:53,595 INFO  - I have no neighbours to send! (at simulation time 611.000,000,000 s)
2025-06-06 16:07:53,595 INFO  - I have no neighbours to send! (at simulation time 611.000,000,000 s)
2025-06-06 16:07:53,595 INFO  - I have no neighbours to send! (at simulation time 611.000,000,000 s)
2025-06-06 16:07:53,595 INFO  - I have no neighbours to send! (at simulation time 611.000,000,000 s)
2025-06-06 16:07:53,597 INFO  - Sent periodic GreenWaveMsg: veh_112 on route r_0 (at simulation time 612.000,000,000 s)
2025-06-06 16:07:53,597 INFO  - I have no neighbours to send! (at simulation time 612.000,000,000 s)
2025-06-06 16:07:53,597 INFO  - I have no neighbours to send! (at simulation time 612.000,000,000 s)
2025-06-06 16:07:53,597 INFO  - I have no neighbours to send! (at simulation time 612.000,000,000 s)
2025-06-06 16:07:53,598 INFO  - I have no neighbours to send! (at simulation time 612.000,000,000 s)
2025-06-06 16:07:53,598 INFO  - I have no neighbours to send! (at simulation time 612.000,000,000 s)
2025-06-06 16:07:53,598 INFO  - I have no neighbours to send! (at simulation time 612.000,000,000 s)
2025-06-06 16:07:53,598 INFO  - I have no neighbours to send! (at simulation time 612.000,000,000 s)
2025-06-06 16:07:53,598 INFO  - I have no neighbours to send! (at simulation time 612.000,000,000 s)
2025-06-06 16:07:53,598 INFO  - I have no neighbours to send! (at simulation time 612.000,000,000 s)
2025-06-06 16:07:53,598 INFO  - I have no neighbours to send! (at simulation time 612.000,000,000 s)
2025-06-06 16:07:53,598 INFO  - I have no neighbours to send! (at simulation time 612.000,000,000 s)
2025-06-06 16:07:53,598 INFO  - I have no neighbours to send! (at simulation time 612.000,000,000 s)
2025-06-06 16:07:53,598 INFO  - I have no neighbours to send! (at simulation time 612.000,000,000 s)
2025-06-06 16:07:53,598 INFO  - I have no neighbours to send! (at simulation time 612.000,000,000 s)
2025-06-06 16:07:53,598 INFO  - I have no neighbours to send! (at simulation time 612.000,000,000 s)
2025-06-06 16:07:53,598 INFO  - I have no neighbours to send! (at simulation time 612.000,000,000 s)
2025-06-06 16:07:53,598 INFO  - I have no neighbours to send! (at simulation time 612.000,000,000 s)
2025-06-06 16:07:53,598 INFO  - I have no neighbours to send! (at simulation time 612.000,000,000 s)
2025-06-06 16:07:53,598 INFO  - I have no neighbours to send! (at simulation time 612.000,000,000 s)
2025-06-06 16:07:53,598 INFO  - I have no neighbours to send! (at simulation time 612.000,000,000 s)
2025-06-06 16:07:53,598 INFO  - I have no neighbours to send! (at simulation time 612.000,000,000 s)
2025-06-06 16:07:53,598 INFO  - I have no neighbours to send! (at simulation time 612.000,000,000 s)
2025-06-06 16:07:53,598 INFO  - I have no neighbours to send! (at simulation time 612.000,000,000 s)
2025-06-06 16:07:53,598 INFO  - I have no neighbours to send! (at simulation time 612.000,000,000 s)
2025-06-06 16:07:53,598 INFO  - I have no neighbours to send! (at simulation time 612.000,000,000 s)
2025-06-06 16:07:53,598 INFO  - I have no neighbours to send! (at simulation time 612.000,000,000 s)
2025-06-06 16:07:53,598 INFO  - I have no neighbours to send! (at simulation time 612.000,000,000 s)
2025-06-06 16:07:53,598 INFO  - I have no neighbours to send! (at simulation time 612.000,000,000 s)
2025-06-06 16:07:53,599 INFO  - I have no neighbours to send! (at simulation time 612.000,000,000 s)
2025-06-06 16:07:53,599 INFO  - I have no neighbours to send! (at simulation time 612.000,000,000 s)
2025-06-06 16:07:53,599 INFO  - I have no neighbours to send! (at simulation time 612.000,000,000 s)
2025-06-06 16:07:53,604 INFO  - I have no neighbours to send! (at simulation time 613.000,000,000 s)
2025-06-06 16:07:53,604 INFO  - I have no neighbours to send! (at simulation time 613.000,000,000 s)
2025-06-06 16:07:53,604 INFO  - I have no neighbours to send! (at simulation time 613.000,000,000 s)
2025-06-06 16:07:53,605 INFO  - I have no neighbours to send! (at simulation time 613.000,000,000 s)
2025-06-06 16:07:53,605 INFO  - I have no neighbours to send! (at simulation time 613.000,000,000 s)
2025-06-06 16:07:53,605 INFO  - I have no neighbours to send! (at simulation time 613.000,000,000 s)
2025-06-06 16:07:53,605 INFO  - I have no neighbours to send! (at simulation time 613.000,000,000 s)
2025-06-06 16:07:53,605 INFO  - I have no neighbours to send! (at simulation time 613.000,000,000 s)
2025-06-06 16:07:53,605 INFO  - I have no neighbours to send! (at simulation time 613.000,000,000 s)
2025-06-06 16:07:53,605 INFO  - I have no neighbours to send! (at simulation time 613.000,000,000 s)
2025-06-06 16:07:53,605 INFO  - I have no neighbours to send! (at simulation time 613.000,000,000 s)
2025-06-06 16:07:53,605 INFO  - I have no neighbours to send! (at simulation time 613.000,000,000 s)
2025-06-06 16:07:53,605 INFO  - I have no neighbours to send! (at simulation time 613.000,000,000 s)
2025-06-06 16:07:53,605 INFO  - I have no neighbours to send! (at simulation time 613.000,000,000 s)
2025-06-06 16:07:53,605 INFO  - I have no neighbours to send! (at simulation time 613.000,000,000 s)
2025-06-06 16:07:53,605 INFO  - I have no neighbours to send! (at simulation time 613.000,000,000 s)
2025-06-06 16:07:53,605 INFO  - I have no neighbours to send! (at simulation time 613.000,000,000 s)
2025-06-06 16:07:53,605 INFO  - I have no neighbours to send! (at simulation time 613.000,000,000 s)
2025-06-06 16:07:53,605 INFO  - I have no neighbours to send! (at simulation time 613.000,000,000 s)
2025-06-06 16:07:53,605 INFO  - I have no neighbours to send! (at simulation time 613.000,000,000 s)
2025-06-06 16:07:53,605 INFO  - I have no neighbours to send! (at simulation time 613.000,000,000 s)
2025-06-06 16:07:53,605 INFO  - I have no neighbours to send! (at simulation time 613.000,000,000 s)
2025-06-06 16:07:53,605 INFO  - I have no neighbours to send! (at simulation time 613.000,000,000 s)
2025-06-06 16:07:53,605 INFO  - I have no neighbours to send! (at simulation time 613.000,000,000 s)
2025-06-06 16:07:53,605 INFO  - I have no neighbours to send! (at simulation time 613.000,000,000 s)
2025-06-06 16:07:53,606 INFO  - I have no neighbours to send! (at simulation time 613.000,000,000 s)
2025-06-06 16:07:53,606 INFO  - I have no neighbours to send! (at simulation time 613.000,000,000 s)
2025-06-06 16:07:53,606 INFO  - I have no neighbours to send! (at simulation time 613.000,000,000 s)
2025-06-06 16:07:53,606 INFO  - I have no neighbours to send! (at simulation time 613.000,000,000 s)
2025-06-06 16:07:53,606 INFO  - I have no neighbours to send! (at simulation time 613.000,000,000 s)
2025-06-06 16:07:53,606 INFO  - I have no neighbours to send! (at simulation time 613.000,000,000 s)
2025-06-06 16:07:53,606 INFO  - I have no neighbours to send! (at simulation time 613.000,000,000 s)
2025-06-06 16:07:53,608 INFO  - I have no neighbours to send! (at simulation time 614.000,000,000 s)
2025-06-06 16:07:53,608 INFO  - I have no neighbours to send! (at simulation time 614.000,000,000 s)
2025-06-06 16:07:53,608 INFO  - I have no neighbours to send! (at simulation time 614.000,000,000 s)
2025-06-06 16:07:53,608 INFO  - I have no neighbours to send! (at simulation time 614.000,000,000 s)
2025-06-06 16:07:53,608 INFO  - I have no neighbours to send! (at simulation time 614.000,000,000 s)
2025-06-06 16:07:53,608 INFO  - I have no neighbours to send! (at simulation time 614.000,000,000 s)
2025-06-06 16:07:53,608 INFO  - I have no neighbours to send! (at simulation time 614.000,000,000 s)
2025-06-06 16:07:53,608 INFO  - I have no neighbours to send! (at simulation time 614.000,000,000 s)
2025-06-06 16:07:53,608 INFO  - I have no neighbours to send! (at simulation time 614.000,000,000 s)
2025-06-06 16:07:53,608 INFO  - I have no neighbours to send! (at simulation time 614.000,000,000 s)
2025-06-06 16:07:53,608 INFO  - I have no neighbours to send! (at simulation time 614.000,000,000 s)
2025-06-06 16:07:53,608 INFO  - I have no neighbours to send! (at simulation time 614.000,000,000 s)
2025-06-06 16:07:53,608 INFO  - I have no neighbours to send! (at simulation time 614.000,000,000 s)
2025-06-06 16:07:53,608 INFO  - I have no neighbours to send! (at simulation time 614.000,000,000 s)
2025-06-06 16:07:53,608 INFO  - I have no neighbours to send! (at simulation time 614.000,000,000 s)
2025-06-06 16:07:53,608 INFO  - I have no neighbours to send! (at simulation time 614.000,000,000 s)
2025-06-06 16:07:53,608 INFO  - I have no neighbours to send! (at simulation time 614.000,000,000 s)
2025-06-06 16:07:53,608 INFO  - I have no neighbours to send! (at simulation time 614.000,000,000 s)
2025-06-06 16:07:53,608 INFO  - I have no neighbours to send! (at simulation time 614.000,000,000 s)
2025-06-06 16:07:53,608 INFO  - I have no neighbours to send! (at simulation time 614.000,000,000 s)
2025-06-06 16:07:53,609 INFO  - I have no neighbours to send! (at simulation time 614.000,000,000 s)
2025-06-06 16:07:53,609 INFO  - I have no neighbours to send! (at simulation time 614.000,000,000 s)
2025-06-06 16:07:53,609 INFO  - I have no neighbours to send! (at simulation time 614.000,000,000 s)
2025-06-06 16:07:53,609 INFO  - I have no neighbours to send! (at simulation time 614.000,000,000 s)
2025-06-06 16:07:53,609 INFO  - I have no neighbours to send! (at simulation time 614.000,000,000 s)
2025-06-06 16:07:53,609 INFO  - I have no neighbours to send! (at simulation time 614.000,000,000 s)
2025-06-06 16:07:53,609 INFO  - I have no neighbours to send! (at simulation time 614.000,000,000 s)
2025-06-06 16:07:53,609 INFO  - I have no neighbours to send! (at simulation time 614.000,000,000 s)
2025-06-06 16:07:53,609 INFO  - I have no neighbours to send! (at simulation time 614.000,000,000 s)
2025-06-06 16:07:53,609 INFO  - I have no neighbours to send! (at simulation time 614.000,000,000 s)
2025-06-06 16:07:53,609 INFO  - I have no neighbours to send! (at simulation time 614.000,000,000 s)
2025-06-06 16:07:53,609 INFO  - I have no neighbours to send! (at simulation time 614.000,000,000 s)
2025-06-06 16:07:53,609 INFO  - I have no neighbours to send! (at simulation time 614.000,000,000 s)
2025-06-06 16:07:53,611 INFO  - I have no neighbours to send! (at simulation time 615.000,000,000 s)
2025-06-06 16:07:53,611 INFO  - I have no neighbours to send! (at simulation time 615.000,000,000 s)
2025-06-06 16:07:53,611 INFO  - I have no neighbours to send! (at simulation time 615.000,000,000 s)
2025-06-06 16:07:53,611 INFO  - I have no neighbours to send! (at simulation time 615.000,000,000 s)
2025-06-06 16:07:53,611 INFO  - I have no neighbours to send! (at simulation time 615.000,000,000 s)
2025-06-06 16:07:53,611 INFO  - I have no neighbours to send! (at simulation time 615.000,000,000 s)
2025-06-06 16:07:53,611 INFO  - I have no neighbours to send! (at simulation time 615.000,000,000 s)
2025-06-06 16:07:53,611 INFO  - I have no neighbours to send! (at simulation time 615.000,000,000 s)
2025-06-06 16:07:53,611 INFO  - I have no neighbours to send! (at simulation time 615.000,000,000 s)
2025-06-06 16:07:53,611 INFO  - I have no neighbours to send! (at simulation time 615.000,000,000 s)
2025-06-06 16:07:53,611 INFO  - I have no neighbours to send! (at simulation time 615.000,000,000 s)
2025-06-06 16:07:53,612 INFO  - I have no neighbours to send! (at simulation time 615.000,000,000 s)
2025-06-06 16:07:53,612 INFO  - I have no neighbours to send! (at simulation time 615.000,000,000 s)
2025-06-06 16:07:53,612 INFO  - I have no neighbours to send! (at simulation time 615.000,000,000 s)
2025-06-06 16:07:53,612 INFO  - I have no neighbours to send! (at simulation time 615.000,000,000 s)
2025-06-06 16:07:53,612 INFO  - I have no neighbours to send! (at simulation time 615.000,000,000 s)
2025-06-06 16:07:53,612 INFO  - I have no neighbours to send! (at simulation time 615.000,000,000 s)
2025-06-06 16:07:53,612 INFO  - I have no neighbours to send! (at simulation time 615.000,000,000 s)
2025-06-06 16:07:53,612 INFO  - I have no neighbours to send! (at simulation time 615.000,000,000 s)
2025-06-06 16:07:53,612 INFO  - I have no neighbours to send! (at simulation time 615.000,000,000 s)
2025-06-06 16:07:53,612 INFO  - I have no neighbours to send! (at simulation time 615.000,000,000 s)
2025-06-06 16:07:53,612 INFO  - I have no neighbours to send! (at simulation time 615.000,000,000 s)
2025-06-06 16:07:53,612 INFO  - I have no neighbours to send! (at simulation time 615.000,000,000 s)
2025-06-06 16:07:53,612 INFO  - I have no neighbours to send! (at simulation time 615.000,000,000 s)
2025-06-06 16:07:53,612 INFO  - I have no neighbours to send! (at simulation time 615.000,000,000 s)
2025-06-06 16:07:53,612 INFO  - I have no neighbours to send! (at simulation time 615.000,000,000 s)
2025-06-06 16:07:53,612 INFO  - I have no neighbours to send! (at simulation time 615.000,000,000 s)
2025-06-06 16:07:53,612 INFO  - I have no neighbours to send! (at simulation time 615.000,000,000 s)
2025-06-06 16:07:53,612 INFO  - I have no neighbours to send! (at simulation time 615.000,000,000 s)
2025-06-06 16:07:53,612 INFO  - I have no neighbours to send! (at simulation time 615.000,000,000 s)
2025-06-06 16:07:53,612 INFO  - I have no neighbours to send! (at simulation time 615.000,000,000 s)
2025-06-06 16:07:53,612 INFO  - I have no neighbours to send! (at simulation time 615.000,000,000 s)
2025-06-06 16:07:53,612 INFO  - I have no neighbours to send! (at simulation time 615.000,000,000 s)
2025-06-06 16:07:53,612 INFO  - I have no neighbours to send! (at simulation time 615.000,000,000 s)
2025-06-06 16:07:53,614 INFO  - I have no neighbours to send! (at simulation time 616.000,000,000 s)
2025-06-06 16:07:53,614 INFO  - I have no neighbours to send! (at simulation time 616.000,000,000 s)
2025-06-06 16:07:53,614 INFO  - I have no neighbours to send! (at simulation time 616.000,000,000 s)
2025-06-06 16:07:53,614 INFO  - I have no neighbours to send! (at simulation time 616.000,000,000 s)
2025-06-06 16:07:53,614 INFO  - I have no neighbours to send! (at simulation time 616.000,000,000 s)
2025-06-06 16:07:53,614 INFO  - I have no neighbours to send! (at simulation time 616.000,000,000 s)
2025-06-06 16:07:53,614 INFO  - I have no neighbours to send! (at simulation time 616.000,000,000 s)
2025-06-06 16:07:53,614 INFO  - I have no neighbours to send! (at simulation time 616.000,000,000 s)
2025-06-06 16:07:53,614 INFO  - I have no neighbours to send! (at simulation time 616.000,000,000 s)
2025-06-06 16:07:53,614 INFO  - I have no neighbours to send! (at simulation time 616.000,000,000 s)
2025-06-06 16:07:53,615 INFO  - I have no neighbours to send! (at simulation time 616.000,000,000 s)
2025-06-06 16:07:53,615 INFO  - I have no neighbours to send! (at simulation time 616.000,000,000 s)
2025-06-06 16:07:53,615 INFO  - I have no neighbours to send! (at simulation time 616.000,000,000 s)
2025-06-06 16:07:53,615 INFO  - I have no neighbours to send! (at simulation time 616.000,000,000 s)
2025-06-06 16:07:53,615 INFO  - I have no neighbours to send! (at simulation time 616.000,000,000 s)
2025-06-06 16:07:53,615 INFO  - I have no neighbours to send! (at simulation time 616.000,000,000 s)
2025-06-06 16:07:53,615 INFO  - I have no neighbours to send! (at simulation time 616.000,000,000 s)
2025-06-06 16:07:53,615 INFO  - I have no neighbours to send! (at simulation time 616.000,000,000 s)
2025-06-06 16:07:53,615 INFO  - I have no neighbours to send! (at simulation time 616.000,000,000 s)
2025-06-06 16:07:53,615 INFO  - I have no neighbours to send! (at simulation time 616.000,000,000 s)
2025-06-06 16:07:53,615 INFO  - I have no neighbours to send! (at simulation time 616.000,000,000 s)
2025-06-06 16:07:53,615 INFO  - I have no neighbours to send! (at simulation time 616.000,000,000 s)
2025-06-06 16:07:53,615 INFO  - I have no neighbours to send! (at simulation time 616.000,000,000 s)
2025-06-06 16:07:53,615 INFO  - I have no neighbours to send! (at simulation time 616.000,000,000 s)
2025-06-06 16:07:53,615 INFO  - I have no neighbours to send! (at simulation time 616.000,000,000 s)
2025-06-06 16:07:53,615 INFO  - I have no neighbours to send! (at simulation time 616.000,000,000 s)
2025-06-06 16:07:53,615 INFO  - I have no neighbours to send! (at simulation time 616.000,000,000 s)
2025-06-06 16:07:53,615 INFO  - I have no neighbours to send! (at simulation time 616.000,000,000 s)
2025-06-06 16:07:53,615 INFO  - I have no neighbours to send! (at simulation time 616.000,000,000 s)
2025-06-06 16:07:53,615 INFO  - I have no neighbours to send! (at simulation time 616.000,000,000 s)
2025-06-06 16:07:53,615 INFO  - I have no neighbours to send! (at simulation time 616.000,000,000 s)
2025-06-06 16:07:53,615 INFO  - I have no neighbours to send! (at simulation time 616.000,000,000 s)
2025-06-06 16:07:53,615 INFO  - I have no neighbours to send! (at simulation time 616.000,000,000 s)
2025-06-06 16:07:53,615 INFO  - I have no neighbours to send! (at simulation time 616.000,000,000 s)
2025-06-06 16:07:53,615 INFO  - I have no neighbours to send! (at simulation time 616.000,000,000 s)
2025-06-06 16:07:53,617 INFO  - Sent periodic GreenWaveMsg: veh_112 on route r_0 (at simulation time 617.000,000,000 s)
2025-06-06 16:07:53,617 INFO  - I have no neighbours to send! (at simulation time 617.000,000,000 s)
2025-06-06 16:07:53,617 INFO  - I have no neighbours to send! (at simulation time 617.000,000,000 s)
2025-06-06 16:07:53,617 INFO  - I have no neighbours to send! (at simulation time 617.000,000,000 s)
2025-06-06 16:07:53,617 INFO  - I have no neighbours to send! (at simulation time 617.000,000,000 s)
2025-06-06 16:07:53,617 INFO  - I have no neighbours to send! (at simulation time 617.000,000,000 s)
2025-06-06 16:07:53,617 INFO  - I have no neighbours to send! (at simulation time 617.000,000,000 s)
2025-06-06 16:07:53,617 INFO  - I have no neighbours to send! (at simulation time 617.000,000,000 s)
2025-06-06 16:07:53,618 INFO  - I have no neighbours to send! (at simulation time 617.000,000,000 s)
2025-06-06 16:07:53,618 INFO  - I have no neighbours to send! (at simulation time 617.000,000,000 s)
2025-06-06 16:07:53,618 INFO  - I have no neighbours to send! (at simulation time 617.000,000,000 s)
2025-06-06 16:07:53,618 INFO  - I have no neighbours to send! (at simulation time 617.000,000,000 s)
2025-06-06 16:07:53,618 INFO  - I have no neighbours to send! (at simulation time 617.000,000,000 s)
2025-06-06 16:07:53,618 INFO  - I have no neighbours to send! (at simulation time 617.000,000,000 s)
2025-06-06 16:07:53,618 INFO  - I have no neighbours to send! (at simulation time 617.000,000,000 s)
2025-06-06 16:07:53,618 INFO  - I have no neighbours to send! (at simulation time 617.000,000,000 s)
2025-06-06 16:07:53,618 INFO  - I have no neighbours to send! (at simulation time 617.000,000,000 s)
2025-06-06 16:07:53,618 INFO  - I have no neighbours to send! (at simulation time 617.000,000,000 s)
2025-06-06 16:07:53,618 INFO  - I have no neighbours to send! (at simulation time 617.000,000,000 s)
2025-06-06 16:07:53,618 INFO  - I have no neighbours to send! (at simulation time 617.000,000,000 s)
2025-06-06 16:07:53,618 INFO  - I have no neighbours to send! (at simulation time 617.000,000,000 s)
2025-06-06 16:07:53,618 INFO  - I have no neighbours to send! (at simulation time 617.000,000,000 s)
2025-06-06 16:07:53,618 INFO  - I have no neighbours to send! (at simulation time 617.000,000,000 s)
2025-06-06 16:07:53,618 INFO  - I have no neighbours to send! (at simulation time 617.000,000,000 s)
2025-06-06 16:07:53,618 INFO  - I have no neighbours to send! (at simulation time 617.000,000,000 s)
2025-06-06 16:07:53,618 INFO  - I have no neighbours to send! (at simulation time 617.000,000,000 s)
2025-06-06 16:07:53,618 INFO  - I have no neighbours to send! (at simulation time 617.000,000,000 s)
2025-06-06 16:07:53,618 INFO  - I have no neighbours to send! (at simulation time 617.000,000,000 s)
2025-06-06 16:07:53,618 INFO  - I have no neighbours to send! (at simulation time 617.000,000,000 s)
2025-06-06 16:07:53,618 INFO  - I have no neighbours to send! (at simulation time 617.000,000,000 s)
2025-06-06 16:07:53,619 INFO  - I have no neighbours to send! (at simulation time 617.000,000,000 s)
2025-06-06 16:07:53,619 INFO  - I have no neighbours to send! (at simulation time 617.000,000,000 s)
2025-06-06 16:07:53,619 INFO  - I have no neighbours to send! (at simulation time 617.000,000,000 s)
2025-06-06 16:07:53,619 INFO  - I have no neighbours to send! (at simulation time 617.000,000,000 s)
2025-06-06 16:07:53,619 INFO  - I have no neighbours to send! (at simulation time 617.000,000,000 s)
2025-06-06 16:07:53,619 INFO  - I have no neighbours to send! (at simulation time 617.000,000,000 s)
2025-06-06 16:07:53,619 INFO  - I have no neighbours to send! (at simulation time 617.000,000,000 s)
2025-06-06 16:07:53,622 INFO  - I have no neighbours to send! (at simulation time 618.000,000,000 s)
2025-06-06 16:07:53,622 INFO  - I have no neighbours to send! (at simulation time 618.000,000,000 s)
2025-06-06 16:07:53,622 INFO  - I have no neighbours to send! (at simulation time 618.000,000,000 s)
2025-06-06 16:07:53,622 INFO  - I have no neighbours to send! (at simulation time 618.000,000,000 s)
2025-06-06 16:07:53,622 INFO  - I have no neighbours to send! (at simulation time 618.000,000,000 s)
2025-06-06 16:07:53,622 INFO  - I have no neighbours to send! (at simulation time 618.000,000,000 s)
2025-06-06 16:07:53,622 INFO  - I have no neighbours to send! (at simulation time 618.000,000,000 s)
2025-06-06 16:07:53,622 INFO  - I have no neighbours to send! (at simulation time 618.000,000,000 s)
2025-06-06 16:07:53,622 INFO  - I have no neighbours to send! (at simulation time 618.000,000,000 s)
2025-06-06 16:07:53,622 INFO  - I have no neighbours to send! (at simulation time 618.000,000,000 s)
2025-06-06 16:07:53,622 INFO  - I have no neighbours to send! (at simulation time 618.000,000,000 s)
2025-06-06 16:07:53,623 INFO  - I have no neighbours to send! (at simulation time 618.000,000,000 s)
2025-06-06 16:07:53,623 INFO  - I have no neighbours to send! (at simulation time 618.000,000,000 s)
2025-06-06 16:07:53,623 INFO  - I have no neighbours to send! (at simulation time 618.000,000,000 s)
2025-06-06 16:07:53,623 INFO  - I have no neighbours to send! (at simulation time 618.000,000,000 s)
2025-06-06 16:07:53,623 INFO  - I have no neighbours to send! (at simulation time 618.000,000,000 s)
2025-06-06 16:07:53,623 INFO  - I have no neighbours to send! (at simulation time 618.000,000,000 s)
2025-06-06 16:07:53,623 INFO  - I have no neighbours to send! (at simulation time 618.000,000,000 s)
2025-06-06 16:07:53,623 INFO  - I have no neighbours to send! (at simulation time 618.000,000,000 s)
2025-06-06 16:07:53,623 INFO  - I have no neighbours to send! (at simulation time 618.000,000,000 s)
2025-06-06 16:07:53,623 INFO  - I have no neighbours to send! (at simulation time 618.000,000,000 s)
2025-06-06 16:07:53,623 INFO  - I have no neighbours to send! (at simulation time 618.000,000,000 s)
2025-06-06 16:07:53,623 INFO  - I have no neighbours to send! (at simulation time 618.000,000,000 s)
2025-06-06 16:07:53,623 INFO  - I have no neighbours to send! (at simulation time 618.000,000,000 s)
2025-06-06 16:07:53,623 INFO  - I have no neighbours to send! (at simulation time 618.000,000,000 s)
2025-06-06 16:07:53,623 INFO  - I have no neighbours to send! (at simulation time 618.000,000,000 s)
2025-06-06 16:07:53,623 INFO  - I have no neighbours to send! (at simulation time 618.000,000,000 s)
2025-06-06 16:07:53,623 INFO  - I have no neighbours to send! (at simulation time 618.000,000,000 s)
2025-06-06 16:07:53,623 INFO  - I have no neighbours to send! (at simulation time 618.000,000,000 s)
2025-06-06 16:07:53,623 INFO  - I have no neighbours to send! (at simulation time 618.000,000,000 s)
2025-06-06 16:07:53,623 INFO  - I have no neighbours to send! (at simulation time 618.000,000,000 s)
2025-06-06 16:07:53,623 INFO  - I have no neighbours to send! (at simulation time 618.000,000,000 s)
2025-06-06 16:07:53,623 INFO  - I have no neighbours to send! (at simulation time 618.000,000,000 s)
2025-06-06 16:07:53,623 INFO  - I have no neighbours to send! (at simulation time 618.000,000,000 s)
2025-06-06 16:07:53,623 INFO  - I have no neighbours to send! (at simulation time 618.000,000,000 s)
2025-06-06 16:07:53,624 INFO  - I have no neighbours to send! (at simulation time 618.000,000,000 s)
2025-06-06 16:07:53,624 INFO  - I have no neighbours to send! (at simulation time 618.000,000,000 s)
2025-06-06 16:07:53,625 INFO  - I have no neighbours to send! (at simulation time 619.000,000,000 s)
2025-06-06 16:07:53,625 INFO  - I have no neighbours to send! (at simulation time 619.000,000,000 s)
2025-06-06 16:07:53,625 INFO  - I have no neighbours to send! (at simulation time 619.000,000,000 s)
2025-06-06 16:07:53,626 INFO  - I have no neighbours to send! (at simulation time 619.000,000,000 s)
2025-06-06 16:07:53,626 INFO  - I have no neighbours to send! (at simulation time 619.000,000,000 s)
2025-06-06 16:07:53,626 INFO  - I have no neighbours to send! (at simulation time 619.000,000,000 s)
2025-06-06 16:07:53,626 INFO  - I have no neighbours to send! (at simulation time 619.000,000,000 s)
2025-06-06 16:07:53,626 INFO  - I have no neighbours to send! (at simulation time 619.000,000,000 s)
2025-06-06 16:07:53,626 INFO  - I have no neighbours to send! (at simulation time 619.000,000,000 s)
2025-06-06 16:07:53,626 INFO  - I have no neighbours to send! (at simulation time 619.000,000,000 s)
2025-06-06 16:07:53,626 INFO  - I have no neighbours to send! (at simulation time 619.000,000,000 s)
2025-06-06 16:07:53,626 INFO  - I have no neighbours to send! (at simulation time 619.000,000,000 s)
2025-06-06 16:07:53,626 INFO  - I have no neighbours to send! (at simulation time 619.000,000,000 s)
2025-06-06 16:07:53,626 INFO  - I have no neighbours to send! (at simulation time 619.000,000,000 s)
2025-06-06 16:07:53,626 INFO  - I have no neighbours to send! (at simulation time 619.000,000,000 s)
2025-06-06 16:07:53,626 INFO  - I have no neighbours to send! (at simulation time 619.000,000,000 s)
2025-06-06 16:07:53,626 INFO  - I have no neighbours to send! (at simulation time 619.000,000,000 s)
2025-06-06 16:07:53,626 INFO  - I have no neighbours to send! (at simulation time 619.000,000,000 s)
2025-06-06 16:07:53,626 INFO  - I have no neighbours to send! (at simulation time 619.000,000,000 s)
2025-06-06 16:07:53,626 INFO  - I have no neighbours to send! (at simulation time 619.000,000,000 s)
2025-06-06 16:07:53,626 INFO  - I have no neighbours to send! (at simulation time 619.000,000,000 s)
2025-06-06 16:07:53,626 INFO  - I have no neighbours to send! (at simulation time 619.000,000,000 s)
2025-06-06 16:07:53,626 INFO  - I have no neighbours to send! (at simulation time 619.000,000,000 s)
2025-06-06 16:07:53,626 INFO  - I have no neighbours to send! (at simulation time 619.000,000,000 s)
2025-06-06 16:07:53,627 INFO  - I have no neighbours to send! (at simulation time 619.000,000,000 s)
2025-06-06 16:07:53,627 INFO  - I have no neighbours to send! (at simulation time 619.000,000,000 s)
2025-06-06 16:07:53,627 INFO  - I have no neighbours to send! (at simulation time 619.000,000,000 s)
2025-06-06 16:07:53,627 INFO  - I have no neighbours to send! (at simulation time 619.000,000,000 s)
2025-06-06 16:07:53,627 INFO  - I have no neighbours to send! (at simulation time 619.000,000,000 s)
2025-06-06 16:07:53,627 INFO  - I have no neighbours to send! (at simulation time 619.000,000,000 s)
2025-06-06 16:07:53,627 INFO  - I have no neighbours to send! (at simulation time 619.000,000,000 s)
2025-06-06 16:07:53,627 INFO  - I have no neighbours to send! (at simulation time 619.000,000,000 s)
2025-06-06 16:07:53,627 INFO  - I have no neighbours to send! (at simulation time 619.000,000,000 s)
2025-06-06 16:07:53,627 INFO  - I have no neighbours to send! (at simulation time 619.000,000,000 s)
2025-06-06 16:07:53,627 INFO  - I have no neighbours to send! (at simulation time 619.000,000,000 s)
2025-06-06 16:07:53,627 INFO  - I have no neighbours to send! (at simulation time 619.000,000,000 s)
2025-06-06 16:07:53,627 INFO  - I have no neighbours to send! (at simulation time 619.000,000,000 s)
2025-06-06 16:07:53,627 INFO  - I have no neighbours to send! (at simulation time 619.000,000,000 s)
2025-06-06 16:07:53,629 INFO  - I have no neighbours to send! (at simulation time 620.000,000,000 s)
2025-06-06 16:07:53,629 INFO  - I have no neighbours to send! (at simulation time 620.000,000,000 s)
2025-06-06 16:07:53,629 INFO  - I have no neighbours to send! (at simulation time 620.000,000,000 s)
2025-06-06 16:07:53,629 INFO  - I have no neighbours to send! (at simulation time 620.000,000,000 s)
2025-06-06 16:07:53,629 INFO  - I have no neighbours to send! (at simulation time 620.000,000,000 s)
2025-06-06 16:07:53,629 INFO  - I have no neighbours to send! (at simulation time 620.000,000,000 s)
2025-06-06 16:07:53,629 INFO  - I have no neighbours to send! (at simulation time 620.000,000,000 s)
2025-06-06 16:07:53,629 INFO  - I have no neighbours to send! (at simulation time 620.000,000,000 s)
2025-06-06 16:07:53,629 INFO  - I have no neighbours to send! (at simulation time 620.000,000,000 s)
2025-06-06 16:07:53,629 INFO  - I have no neighbours to send! (at simulation time 620.000,000,000 s)
2025-06-06 16:07:53,629 INFO  - I have no neighbours to send! (at simulation time 620.000,000,000 s)
2025-06-06 16:07:53,629 INFO  - I have no neighbours to send! (at simulation time 620.000,000,000 s)
2025-06-06 16:07:53,630 INFO  - I have no neighbours to send! (at simulation time 620.000,000,000 s)
2025-06-06 16:07:53,630 INFO  - I have no neighbours to send! (at simulation time 620.000,000,000 s)
2025-06-06 16:07:53,630 INFO  - I have no neighbours to send! (at simulation time 620.000,000,000 s)
2025-06-06 16:07:53,630 INFO  - I have no neighbours to send! (at simulation time 620.000,000,000 s)
2025-06-06 16:07:53,630 INFO  - I have no neighbours to send! (at simulation time 620.000,000,000 s)
2025-06-06 16:07:53,630 INFO  - I have no neighbours to send! (at simulation time 620.000,000,000 s)
2025-06-06 16:07:53,630 INFO  - I have no neighbours to send! (at simulation time 620.000,000,000 s)
2025-06-06 16:07:53,630 INFO  - I have no neighbours to send! (at simulation time 620.000,000,000 s)
2025-06-06 16:07:53,630 INFO  - I have no neighbours to send! (at simulation time 620.000,000,000 s)
2025-06-06 16:07:53,630 INFO  - I have no neighbours to send! (at simulation time 620.000,000,000 s)
2025-06-06 16:07:53,630 INFO  - I have no neighbours to send! (at simulation time 620.000,000,000 s)
2025-06-06 16:07:53,630 INFO  - I have no neighbours to send! (at simulation time 620.000,000,000 s)
2025-06-06 16:07:53,630 INFO  - I have no neighbours to send! (at simulation time 620.000,000,000 s)
2025-06-06 16:07:53,630 INFO  - I have no neighbours to send! (at simulation time 620.000,000,000 s)
2025-06-06 16:07:53,630 INFO  - I have no neighbours to send! (at simulation time 620.000,000,000 s)
2025-06-06 16:07:53,630 INFO  - I have no neighbours to send! (at simulation time 620.000,000,000 s)
2025-06-06 16:07:53,630 INFO  - I have no neighbours to send! (at simulation time 620.000,000,000 s)
2025-06-06 16:07:53,630 INFO  - I have no neighbours to send! (at simulation time 620.000,000,000 s)
2025-06-06 16:07:53,630 INFO  - I have no neighbours to send! (at simulation time 620.000,000,000 s)
2025-06-06 16:07:53,630 INFO  - I have no neighbours to send! (at simulation time 620.000,000,000 s)
2025-06-06 16:07:53,630 INFO  - I have no neighbours to send! (at simulation time 620.000,000,000 s)
2025-06-06 16:07:53,630 INFO  - I have no neighbours to send! (at simulation time 620.000,000,000 s)
2025-06-06 16:07:53,630 INFO  - I have no neighbours to send! (at simulation time 620.000,000,000 s)
2025-06-06 16:07:53,630 INFO  - I have no neighbours to send! (at simulation time 620.000,000,000 s)
2025-06-06 16:07:53,631 INFO  - I have no neighbours to send! (at simulation time 620.000,000,000 s)
2025-06-06 16:07:53,631 INFO  - I have no neighbours to send! (at simulation time 620.000,000,000 s)
2025-06-06 16:07:53,631 INFO  - I have no neighbours to send! (at simulation time 620.000,000,000 s)
2025-06-06 16:07:53,632 INFO  - Received metrics from FogNode: avgR0=1.3064516129032258, avgR1=2.064516129032258 (at simulation time 620.001,800,000 s)
2025-06-06 16:07:53,633 INFO  - I have no neighbours to send! (at simulation time 621.000,000,000 s)
2025-06-06 16:07:53,633 INFO  - I have no neighbours to send! (at simulation time 621.000,000,000 s)
2025-06-06 16:07:53,633 INFO  - I have no neighbours to send! (at simulation time 621.000,000,000 s)
2025-06-06 16:07:53,633 INFO  - I have no neighbours to send! (at simulation time 621.000,000,000 s)
2025-06-06 16:07:53,633 INFO  - I have no neighbours to send! (at simulation time 621.000,000,000 s)
2025-06-06 16:07:53,633 INFO  - I have no neighbours to send! (at simulation time 621.000,000,000 s)
2025-06-06 16:07:53,633 INFO  - I have no neighbours to send! (at simulation time 621.000,000,000 s)
2025-06-06 16:07:53,633 INFO  - I have no neighbours to send! (at simulation time 621.000,000,000 s)
2025-06-06 16:07:53,633 INFO  - I have no neighbours to send! (at simulation time 621.000,000,000 s)
2025-06-06 16:07:53,633 INFO  - I have no neighbours to send! (at simulation time 621.000,000,000 s)
2025-06-06 16:07:53,633 INFO  - I have no neighbours to send! (at simulation time 621.000,000,000 s)
2025-06-06 16:07:53,633 INFO  - I have no neighbours to send! (at simulation time 621.000,000,000 s)
2025-06-06 16:07:53,633 INFO  - I have no neighbours to send! (at simulation time 621.000,000,000 s)
2025-06-06 16:07:53,633 INFO  - I have no neighbours to send! (at simulation time 621.000,000,000 s)
2025-06-06 16:07:53,633 INFO  - I have no neighbours to send! (at simulation time 621.000,000,000 s)
2025-06-06 16:07:53,634 INFO  - I have no neighbours to send! (at simulation time 621.000,000,000 s)
2025-06-06 16:07:53,634 INFO  - I have no neighbours to send! (at simulation time 621.000,000,000 s)
2025-06-06 16:07:53,634 INFO  - I have no neighbours to send! (at simulation time 621.000,000,000 s)
2025-06-06 16:07:53,634 INFO  - I have no neighbours to send! (at simulation time 621.000,000,000 s)
2025-06-06 16:07:53,634 INFO  - I have no neighbours to send! (at simulation time 621.000,000,000 s)
2025-06-06 16:07:53,634 INFO  - I have no neighbours to send! (at simulation time 621.000,000,000 s)
2025-06-06 16:07:53,634 INFO  - I have no neighbours to send! (at simulation time 621.000,000,000 s)
2025-06-06 16:07:53,634 INFO  - I have no neighbours to send! (at simulation time 621.000,000,000 s)
2025-06-06 16:07:53,634 INFO  - I have no neighbours to send! (at simulation time 621.000,000,000 s)
2025-06-06 16:07:53,634 INFO  - I have no neighbours to send! (at simulation time 621.000,000,000 s)
2025-06-06 16:07:53,634 INFO  - I have no neighbours to send! (at simulation time 621.000,000,000 s)
2025-06-06 16:07:53,634 INFO  - I have no neighbours to send! (at simulation time 621.000,000,000 s)
2025-06-06 16:07:53,634 INFO  - I have no neighbours to send! (at simulation time 621.000,000,000 s)
2025-06-06 16:07:53,634 INFO  - I have no neighbours to send! (at simulation time 621.000,000,000 s)
2025-06-06 16:07:53,634 INFO  - I have no neighbours to send! (at simulation time 621.000,000,000 s)
2025-06-06 16:07:53,634 INFO  - I have no neighbours to send! (at simulation time 621.000,000,000 s)
2025-06-06 16:07:53,634 INFO  - I have no neighbours to send! (at simulation time 621.000,000,000 s)
2025-06-06 16:07:53,634 INFO  - I have no neighbours to send! (at simulation time 621.000,000,000 s)
2025-06-06 16:07:53,634 INFO  - I have no neighbours to send! (at simulation time 621.000,000,000 s)
2025-06-06 16:07:53,634 INFO  - I have no neighbours to send! (at simulation time 621.000,000,000 s)
2025-06-06 16:07:53,634 INFO  - I have no neighbours to send! (at simulation time 621.000,000,000 s)
2025-06-06 16:07:53,634 INFO  - I have no neighbours to send! (at simulation time 621.000,000,000 s)
2025-06-06 16:07:53,634 INFO  - I have no neighbours to send! (at simulation time 621.000,000,000 s)
2025-06-06 16:07:53,634 INFO  - I have no neighbours to send! (at simulation time 621.000,000,000 s)
2025-06-06 16:07:53,634 INFO  - I have no neighbours to send! (at simulation time 621.000,000,000 s)
2025-06-06 16:07:53,636 INFO  - Sent periodic GreenWaveMsg: veh_112 on route r_0 (at simulation time 622.000,000,000 s)
2025-06-06 16:07:53,636 INFO  - I have no neighbours to send! (at simulation time 622.000,000,000 s)
2025-06-06 16:07:53,636 INFO  - I have no neighbours to send! (at simulation time 622.000,000,000 s)
2025-06-06 16:07:53,637 INFO  - I have no neighbours to send! (at simulation time 622.000,000,000 s)
2025-06-06 16:07:53,637 INFO  - I have no neighbours to send! (at simulation time 622.000,000,000 s)
2025-06-06 16:07:53,637 INFO  - I have no neighbours to send! (at simulation time 622.000,000,000 s)
2025-06-06 16:07:53,637 INFO  - I have no neighbours to send! (at simulation time 622.000,000,000 s)
2025-06-06 16:07:53,637 INFO  - I have no neighbours to send! (at simulation time 622.000,000,000 s)
2025-06-06 16:07:53,637 INFO  - I have no neighbours to send! (at simulation time 622.000,000,000 s)
2025-06-06 16:07:53,637 INFO  - I have no neighbours to send! (at simulation time 622.000,000,000 s)
2025-06-06 16:07:53,637 INFO  - I have no neighbours to send! (at simulation time 622.000,000,000 s)
2025-06-06 16:07:53,637 INFO  - I have no neighbours to send! (at simulation time 622.000,000,000 s)
2025-06-06 16:07:53,637 INFO  - I have no neighbours to send! (at simulation time 622.000,000,000 s)
2025-06-06 16:07:53,637 INFO  - I have no neighbours to send! (at simulation time 622.000,000,000 s)
2025-06-06 16:07:53,637 INFO  - I have no neighbours to send! (at simulation time 622.000,000,000 s)
2025-06-06 16:07:53,637 INFO  - I have no neighbours to send! (at simulation time 622.000,000,000 s)
2025-06-06 16:07:53,637 INFO  - I have no neighbours to send! (at simulation time 622.000,000,000 s)
2025-06-06 16:07:53,637 INFO  - I have no neighbours to send! (at simulation time 622.000,000,000 s)
2025-06-06 16:07:53,637 INFO  - I have no neighbours to send! (at simulation time 622.000,000,000 s)
2025-06-06 16:07:53,637 INFO  - I have no neighbours to send! (at simulation time 622.000,000,000 s)
2025-06-06 16:07:53,637 INFO  - I have no neighbours to send! (at simulation time 622.000,000,000 s)
2025-06-06 16:07:53,637 INFO  - I have no neighbours to send! (at simulation time 622.000,000,000 s)
2025-06-06 16:07:53,638 INFO  - I have no neighbours to send! (at simulation time 622.000,000,000 s)
2025-06-06 16:07:53,638 INFO  - I have no neighbours to send! (at simulation time 622.000,000,000 s)
2025-06-06 16:07:53,638 INFO  - I have no neighbours to send! (at simulation time 622.000,000,000 s)
2025-06-06 16:07:53,638 INFO  - I have no neighbours to send! (at simulation time 622.000,000,000 s)
2025-06-06 16:07:53,638 INFO  - I have no neighbours to send! (at simulation time 622.000,000,000 s)
2025-06-06 16:07:53,638 INFO  - I have no neighbours to send! (at simulation time 622.000,000,000 s)
2025-06-06 16:07:53,638 INFO  - I have no neighbours to send! (at simulation time 622.000,000,000 s)
2025-06-06 16:07:53,638 INFO  - I have no neighbours to send! (at simulation time 622.000,000,000 s)
2025-06-06 16:07:53,638 INFO  - I have no neighbours to send! (at simulation time 622.000,000,000 s)
2025-06-06 16:07:53,638 INFO  - I have no neighbours to send! (at simulation time 622.000,000,000 s)
2025-06-06 16:07:53,638 INFO  - I have no neighbours to send! (at simulation time 622.000,000,000 s)
2025-06-06 16:07:53,638 INFO  - I have no neighbours to send! (at simulation time 622.000,000,000 s)
2025-06-06 16:07:53,638 INFO  - I have no neighbours to send! (at simulation time 622.000,000,000 s)
2025-06-06 16:07:53,638 INFO  - I have no neighbours to send! (at simulation time 622.000,000,000 s)
2025-06-06 16:07:53,638 INFO  - I have no neighbours to send! (at simulation time 622.000,000,000 s)
2025-06-06 16:07:53,638 INFO  - I have no neighbours to send! (at simulation time 622.000,000,000 s)
2025-06-06 16:07:53,638 INFO  - I have no neighbours to send! (at simulation time 622.000,000,000 s)
2025-06-06 16:07:53,638 INFO  - I have no neighbours to send! (at simulation time 622.000,000,000 s)
2025-06-06 16:07:53,638 INFO  - I have no neighbours to send! (at simulation time 622.000,000,000 s)
2025-06-06 16:07:53,638 INFO  - I have no neighbours to send! (at simulation time 622.000,000,000 s)
2025-06-06 16:07:53,641 INFO  - I have no neighbours to send! (at simulation time 623.000,000,000 s)
2025-06-06 16:07:53,641 INFO  - I have no neighbours to send! (at simulation time 623.000,000,000 s)
2025-06-06 16:07:53,641 INFO  - I have no neighbours to send! (at simulation time 623.000,000,000 s)
2025-06-06 16:07:53,641 INFO  - I have no neighbours to send! (at simulation time 623.000,000,000 s)
2025-06-06 16:07:53,641 INFO  - I have no neighbours to send! (at simulation time 623.000,000,000 s)
2025-06-06 16:07:53,641 INFO  - I have no neighbours to send! (at simulation time 623.000,000,000 s)
2025-06-06 16:07:53,641 INFO  - I have no neighbours to send! (at simulation time 623.000,000,000 s)
2025-06-06 16:07:53,641 INFO  - I have no neighbours to send! (at simulation time 623.000,000,000 s)
2025-06-06 16:07:53,641 INFO  - I have no neighbours to send! (at simulation time 623.000,000,000 s)
2025-06-06 16:07:53,641 INFO  - I have no neighbours to send! (at simulation time 623.000,000,000 s)
2025-06-06 16:07:53,641 INFO  - I have no neighbours to send! (at simulation time 623.000,000,000 s)
2025-06-06 16:07:53,642 INFO  - I have no neighbours to send! (at simulation time 623.000,000,000 s)
2025-06-06 16:07:53,642 INFO  - I have no neighbours to send! (at simulation time 623.000,000,000 s)
2025-06-06 16:07:53,642 INFO  - I have no neighbours to send! (at simulation time 623.000,000,000 s)
2025-06-06 16:07:53,642 INFO  - I have no neighbours to send! (at simulation time 623.000,000,000 s)
2025-06-06 16:07:53,642 INFO  - I have no neighbours to send! (at simulation time 623.000,000,000 s)
2025-06-06 16:07:53,642 INFO  - I have no neighbours to send! (at simulation time 623.000,000,000 s)
2025-06-06 16:07:53,642 INFO  - I have no neighbours to send! (at simulation time 623.000,000,000 s)
2025-06-06 16:07:53,642 INFO  - I have no neighbours to send! (at simulation time 623.000,000,000 s)
2025-06-06 16:07:53,642 INFO  - I have no neighbours to send! (at simulation time 623.000,000,000 s)
2025-06-06 16:07:53,642 INFO  - I have no neighbours to send! (at simulation time 623.000,000,000 s)
2025-06-06 16:07:53,642 INFO  - I have no neighbours to send! (at simulation time 623.000,000,000 s)
2025-06-06 16:07:53,642 INFO  - I have no neighbours to send! (at simulation time 623.000,000,000 s)
2025-06-06 16:07:53,642 INFO  - I have no neighbours to send! (at simulation time 623.000,000,000 s)
2025-06-06 16:07:53,642 INFO  - I have no neighbours to send! (at simulation time 623.000,000,000 s)
2025-06-06 16:07:53,642 INFO  - I have no neighbours to send! (at simulation time 623.000,000,000 s)
2025-06-06 16:07:53,642 INFO  - I have no neighbours to send! (at simulation time 623.000,000,000 s)
2025-06-06 16:07:53,642 INFO  - I have no neighbours to send! (at simulation time 623.000,000,000 s)
2025-06-06 16:07:53,642 INFO  - I have no neighbours to send! (at simulation time 623.000,000,000 s)
2025-06-06 16:07:53,642 INFO  - I have no neighbours to send! (at simulation time 623.000,000,000 s)
2025-06-06 16:07:53,642 INFO  - I have no neighbours to send! (at simulation time 623.000,000,000 s)
2025-06-06 16:07:53,642 INFO  - I have no neighbours to send! (at simulation time 623.000,000,000 s)
2025-06-06 16:07:53,642 INFO  - I have no neighbours to send! (at simulation time 623.000,000,000 s)
2025-06-06 16:07:53,643 INFO  - I have no neighbours to send! (at simulation time 623.000,000,000 s)
2025-06-06 16:07:53,643 INFO  - I have no neighbours to send! (at simulation time 623.000,000,000 s)
2025-06-06 16:07:53,643 INFO  - I have no neighbours to send! (at simulation time 623.000,000,000 s)
2025-06-06 16:07:53,643 INFO  - I have no neighbours to send! (at simulation time 623.000,000,000 s)
2025-06-06 16:07:53,643 INFO  - I have no neighbours to send! (at simulation time 623.000,000,000 s)
2025-06-06 16:07:53,643 INFO  - I have no neighbours to send! (at simulation time 623.000,000,000 s)
2025-06-06 16:07:53,643 INFO  - I have no neighbours to send! (at simulation time 623.000,000,000 s)
2025-06-06 16:07:53,643 INFO  - I have no neighbours to send! (at simulation time 623.000,000,000 s)
2025-06-06 16:07:53,643 INFO  - I have no neighbours to send! (at simulation time 623.000,000,000 s)
2025-06-06 16:07:53,648 INFO  - I have no neighbours to send! (at simulation time 624.000,000,000 s)
2025-06-06 16:07:53,648 INFO  - I have no neighbours to send! (at simulation time 624.000,000,000 s)
2025-06-06 16:07:53,648 INFO  - I have no neighbours to send! (at simulation time 624.000,000,000 s)
2025-06-06 16:07:53,648 INFO  - I have no neighbours to send! (at simulation time 624.000,000,000 s)
2025-06-06 16:07:53,648 INFO  - I have no neighbours to send! (at simulation time 624.000,000,000 s)
2025-06-06 16:07:53,648 INFO  - I have no neighbours to send! (at simulation time 624.000,000,000 s)
2025-06-06 16:07:53,649 INFO  - I have no neighbours to send! (at simulation time 624.000,000,000 s)
2025-06-06 16:07:53,649 INFO  - I have no neighbours to send! (at simulation time 624.000,000,000 s)
2025-06-06 16:07:53,649 INFO  - I have no neighbours to send! (at simulation time 624.000,000,000 s)
2025-06-06 16:07:53,649 INFO  - I have no neighbours to send! (at simulation time 624.000,000,000 s)
2025-06-06 16:07:53,649 INFO  - I have no neighbours to send! (at simulation time 624.000,000,000 s)
2025-06-06 16:07:53,649 INFO  - I have no neighbours to send! (at simulation time 624.000,000,000 s)
2025-06-06 16:07:53,649 INFO  - I have no neighbours to send! (at simulation time 624.000,000,000 s)
2025-06-06 16:07:53,649 INFO  - I have no neighbours to send! (at simulation time 624.000,000,000 s)
2025-06-06 16:07:53,649 INFO  - I have no neighbours to send! (at simulation time 624.000,000,000 s)
2025-06-06 16:07:53,649 INFO  - I have no neighbours to send! (at simulation time 624.000,000,000 s)
2025-06-06 16:07:53,649 INFO  - I have no neighbours to send! (at simulation time 624.000,000,000 s)
2025-06-06 16:07:53,649 INFO  - I have no neighbours to send! (at simulation time 624.000,000,000 s)
2025-06-06 16:07:53,649 INFO  - I have no neighbours to send! (at simulation time 624.000,000,000 s)
2025-06-06 16:07:53,649 INFO  - I have no neighbours to send! (at simulation time 624.000,000,000 s)
2025-06-06 16:07:53,649 INFO  - I have no neighbours to send! (at simulation time 624.000,000,000 s)
2025-06-06 16:07:53,649 INFO  - I have no neighbours to send! (at simulation time 624.000,000,000 s)
2025-06-06 16:07:53,649 INFO  - I have no neighbours to send! (at simulation time 624.000,000,000 s)
2025-06-06 16:07:53,649 INFO  - I have no neighbours to send! (at simulation time 624.000,000,000 s)
2025-06-06 16:07:53,649 INFO  - I have no neighbours to send! (at simulation time 624.000,000,000 s)
2025-06-06 16:07:53,649 INFO  - I have no neighbours to send! (at simulation time 624.000,000,000 s)
2025-06-06 16:07:53,650 INFO  - I have no neighbours to send! (at simulation time 624.000,000,000 s)
2025-06-06 16:07:53,650 INFO  - I have no neighbours to send! (at simulation time 624.000,000,000 s)
2025-06-06 16:07:53,650 INFO  - I have no neighbours to send! (at simulation time 624.000,000,000 s)
2025-06-06 16:07:53,650 INFO  - I have no neighbours to send! (at simulation time 624.000,000,000 s)
2025-06-06 16:07:53,650 INFO  - I have no neighbours to send! (at simulation time 624.000,000,000 s)
2025-06-06 16:07:53,650 INFO  - I have no neighbours to send! (at simulation time 624.000,000,000 s)
2025-06-06 16:07:53,650 INFO  - I have no neighbours to send! (at simulation time 624.000,000,000 s)
2025-06-06 16:07:53,650 INFO  - I have no neighbours to send! (at simulation time 624.000,000,000 s)
2025-06-06 16:07:53,650 INFO  - I have no neighbours to send! (at simulation time 624.000,000,000 s)
2025-06-06 16:07:53,650 INFO  - I have no neighbours to send! (at simulation time 624.000,000,000 s)
2025-06-06 16:07:53,650 INFO  - I have no neighbours to send! (at simulation time 624.000,000,000 s)
2025-06-06 16:07:53,650 INFO  - I have no neighbours to send! (at simulation time 624.000,000,000 s)
2025-06-06 16:07:53,650 INFO  - I have no neighbours to send! (at simulation time 624.000,000,000 s)
2025-06-06 16:07:53,650 INFO  - I have no neighbours to send! (at simulation time 624.000,000,000 s)
2025-06-06 16:07:53,650 INFO  - I have no neighbours to send! (at simulation time 624.000,000,000 s)
2025-06-06 16:07:53,650 INFO  - I have no neighbours to send! (at simulation time 624.000,000,000 s)
2025-06-06 16:07:53,650 INFO  - I have no neighbours to send! (at simulation time 624.000,000,000 s)
2025-06-06 16:07:53,652 INFO  - I have no neighbours to send! (at simulation time 625.000,000,000 s)
2025-06-06 16:07:53,652 INFO  - I have no neighbours to send! (at simulation time 625.000,000,000 s)
2025-06-06 16:07:53,652 INFO  - I have no neighbours to send! (at simulation time 625.000,000,000 s)
2025-06-06 16:07:53,652 INFO  - I have no neighbours to send! (at simulation time 625.000,000,000 s)
2025-06-06 16:07:53,653 INFO  - I have no neighbours to send! (at simulation time 625.000,000,000 s)
2025-06-06 16:07:53,653 INFO  - I have no neighbours to send! (at simulation time 625.000,000,000 s)
2025-06-06 16:07:53,653 INFO  - I have no neighbours to send! (at simulation time 625.000,000,000 s)
2025-06-06 16:07:53,653 INFO  - I have no neighbours to send! (at simulation time 625.000,000,000 s)
2025-06-06 16:07:53,653 INFO  - I have no neighbours to send! (at simulation time 625.000,000,000 s)
2025-06-06 16:07:53,653 INFO  - I have no neighbours to send! (at simulation time 625.000,000,000 s)
2025-06-06 16:07:53,653 INFO  - I have no neighbours to send! (at simulation time 625.000,000,000 s)
2025-06-06 16:07:53,653 INFO  - I have no neighbours to send! (at simulation time 625.000,000,000 s)
2025-06-06 16:07:53,653 INFO  - I have no neighbours to send! (at simulation time 625.000,000,000 s)
2025-06-06 16:07:53,653 INFO  - I have no neighbours to send! (at simulation time 625.000,000,000 s)
2025-06-06 16:07:53,653 INFO  - I have no neighbours to send! (at simulation time 625.000,000,000 s)
2025-06-06 16:07:53,653 INFO  - I have no neighbours to send! (at simulation time 625.000,000,000 s)
2025-06-06 16:07:53,653 INFO  - I have no neighbours to send! (at simulation time 625.000,000,000 s)
2025-06-06 16:07:53,653 INFO  - I have no neighbours to send! (at simulation time 625.000,000,000 s)
2025-06-06 16:07:53,653 INFO  - I have no neighbours to send! (at simulation time 625.000,000,000 s)
2025-06-06 16:07:53,653 INFO  - I have no neighbours to send! (at simulation time 625.000,000,000 s)
2025-06-06 16:07:53,653 INFO  - I have no neighbours to send! (at simulation time 625.000,000,000 s)
2025-06-06 16:07:53,653 INFO  - I have no neighbours to send! (at simulation time 625.000,000,000 s)
2025-06-06 16:07:53,653 INFO  - I have no neighbours to send! (at simulation time 625.000,000,000 s)
2025-06-06 16:07:53,654 INFO  - I have no neighbours to send! (at simulation time 625.000,000,000 s)
2025-06-06 16:07:53,654 INFO  - I have no neighbours to send! (at simulation time 625.000,000,000 s)
2025-06-06 16:07:53,654 INFO  - I have no neighbours to send! (at simulation time 625.000,000,000 s)
2025-06-06 16:07:53,654 INFO  - I have no neighbours to send! (at simulation time 625.000,000,000 s)
2025-06-06 16:07:53,654 INFO  - I have no neighbours to send! (at simulation time 625.000,000,000 s)
2025-06-06 16:07:53,654 INFO  - I have no neighbours to send! (at simulation time 625.000,000,000 s)
2025-06-06 16:07:53,654 INFO  - I have no neighbours to send! (at simulation time 625.000,000,000 s)
2025-06-06 16:07:53,654 INFO  - I have no neighbours to send! (at simulation time 625.000,000,000 s)
2025-06-06 16:07:53,654 INFO  - I have no neighbours to send! (at simulation time 625.000,000,000 s)
2025-06-06 16:07:53,654 INFO  - I have no neighbours to send! (at simulation time 625.000,000,000 s)
2025-06-06 16:07:53,654 INFO  - I have no neighbours to send! (at simulation time 625.000,000,000 s)
2025-06-06 16:07:53,654 INFO  - I have no neighbours to send! (at simulation time 625.000,000,000 s)
2025-06-06 16:07:53,654 INFO  - I have no neighbours to send! (at simulation time 625.000,000,000 s)
2025-06-06 16:07:53,654 INFO  - I have no neighbours to send! (at simulation time 625.000,000,000 s)
2025-06-06 16:07:53,654 INFO  - I have no neighbours to send! (at simulation time 625.000,000,000 s)
2025-06-06 16:07:53,654 INFO  - I have no neighbours to send! (at simulation time 625.000,000,000 s)
2025-06-06 16:07:53,654 INFO  - I have no neighbours to send! (at simulation time 625.000,000,000 s)
2025-06-06 16:07:53,654 INFO  - I have no neighbours to send! (at simulation time 625.000,000,000 s)
2025-06-06 16:07:53,654 INFO  - I have no neighbours to send! (at simulation time 625.000,000,000 s)
2025-06-06 16:07:53,654 INFO  - I have no neighbours to send! (at simulation time 625.000,000,000 s)
2025-06-06 16:07:53,654 INFO  - I have no neighbours to send! (at simulation time 625.000,000,000 s)
2025-06-06 16:07:53,656 INFO  - I have no neighbours to send! (at simulation time 626.000,000,000 s)
2025-06-06 16:07:53,657 INFO  - I have no neighbours to send! (at simulation time 626.000,000,000 s)
2025-06-06 16:07:53,657 INFO  - I have no neighbours to send! (at simulation time 626.000,000,000 s)
2025-06-06 16:07:53,657 INFO  - I have no neighbours to send! (at simulation time 626.000,000,000 s)
2025-06-06 16:07:53,657 INFO  - I have no neighbours to send! (at simulation time 626.000,000,000 s)
2025-06-06 16:07:53,657 INFO  - I have no neighbours to send! (at simulation time 626.000,000,000 s)
2025-06-06 16:07:53,657 INFO  - I have no neighbours to send! (at simulation time 626.000,000,000 s)
2025-06-06 16:07:53,657 INFO  - I have no neighbours to send! (at simulation time 626.000,000,000 s)
2025-06-06 16:07:53,657 INFO  - I have no neighbours to send! (at simulation time 626.000,000,000 s)
2025-06-06 16:07:53,657 INFO  - I have no neighbours to send! (at simulation time 626.000,000,000 s)
2025-06-06 16:07:53,657 INFO  - I have no neighbours to send! (at simulation time 626.000,000,000 s)
2025-06-06 16:07:53,657 INFO  - I have no neighbours to send! (at simulation time 626.000,000,000 s)
2025-06-06 16:07:53,657 INFO  - I have no neighbours to send! (at simulation time 626.000,000,000 s)
2025-06-06 16:07:53,657 INFO  - I have no neighbours to send! (at simulation time 626.000,000,000 s)
2025-06-06 16:07:53,657 INFO  - I have no neighbours to send! (at simulation time 626.000,000,000 s)
2025-06-06 16:07:53,657 INFO  - I have no neighbours to send! (at simulation time 626.000,000,000 s)
2025-06-06 16:07:53,657 INFO  - I have no neighbours to send! (at simulation time 626.000,000,000 s)
2025-06-06 16:07:53,657 INFO  - I have no neighbours to send! (at simulation time 626.000,000,000 s)
2025-06-06 16:07:53,657 INFO  - I have no neighbours to send! (at simulation time 626.000,000,000 s)
2025-06-06 16:07:53,657 INFO  - I have no neighbours to send! (at simulation time 626.000,000,000 s)
2025-06-06 16:07:53,658 INFO  - I have no neighbours to send! (at simulation time 626.000,000,000 s)
2025-06-06 16:07:53,658 INFO  - I have no neighbours to send! (at simulation time 626.000,000,000 s)
2025-06-06 16:07:53,658 INFO  - I have no neighbours to send! (at simulation time 626.000,000,000 s)
2025-06-06 16:07:53,658 INFO  - I have no neighbours to send! (at simulation time 626.000,000,000 s)
2025-06-06 16:07:53,658 INFO  - I have no neighbours to send! (at simulation time 626.000,000,000 s)
2025-06-06 16:07:53,658 INFO  - I have no neighbours to send! (at simulation time 626.000,000,000 s)
2025-06-06 16:07:53,658 INFO  - I have no neighbours to send! (at simulation time 626.000,000,000 s)
2025-06-06 16:07:53,658 INFO  - I have no neighbours to send! (at simulation time 626.000,000,000 s)
2025-06-06 16:07:53,658 INFO  - I have no neighbours to send! (at simulation time 626.000,000,000 s)
2025-06-06 16:07:53,658 INFO  - I have no neighbours to send! (at simulation time 626.000,000,000 s)
2025-06-06 16:07:53,658 INFO  - I have no neighbours to send! (at simulation time 626.000,000,000 s)
2025-06-06 16:07:53,658 INFO  - I have no neighbours to send! (at simulation time 626.000,000,000 s)
2025-06-06 16:07:53,658 INFO  - I have no neighbours to send! (at simulation time 626.000,000,000 s)
2025-06-06 16:07:53,658 INFO  - I have no neighbours to send! (at simulation time 626.000,000,000 s)
2025-06-06 16:07:53,658 INFO  - I have no neighbours to send! (at simulation time 626.000,000,000 s)
2025-06-06 16:07:53,658 INFO  - I have no neighbours to send! (at simulation time 626.000,000,000 s)
2025-06-06 16:07:53,658 INFO  - I have no neighbours to send! (at simulation time 626.000,000,000 s)
2025-06-06 16:07:53,658 INFO  - I have no neighbours to send! (at simulation time 626.000,000,000 s)
2025-06-06 16:07:53,658 INFO  - I have no neighbours to send! (at simulation time 626.000,000,000 s)
2025-06-06 16:07:53,658 INFO  - I have no neighbours to send! (at simulation time 626.000,000,000 s)
2025-06-06 16:07:53,658 INFO  - I have no neighbours to send! (at simulation time 626.000,000,000 s)
2025-06-06 16:07:53,658 INFO  - I have no neighbours to send! (at simulation time 626.000,000,000 s)
2025-06-06 16:07:53,658 INFO  - I have no neighbours to send! (at simulation time 626.000,000,000 s)
2025-06-06 16:07:53,658 INFO  - I have no neighbours to send! (at simulation time 626.000,000,000 s)
2025-06-06 16:07:53,658 INFO  - I have no neighbours to send! (at simulation time 626.000,000,000 s)
2025-06-06 16:07:53,660 INFO  - Sent periodic GreenWaveMsg: veh_112 on route r_0 (at simulation time 627.000,000,000 s)
2025-06-06 16:07:53,660 INFO  - I have no neighbours to send! (at simulation time 627.000,000,000 s)
2025-06-06 16:07:53,660 INFO  - I have no neighbours to send! (at simulation time 627.000,000,000 s)
2025-06-06 16:07:53,660 INFO  - I have no neighbours to send! (at simulation time 627.000,000,000 s)
2025-06-06 16:07:53,661 INFO  - I have no neighbours to send! (at simulation time 627.000,000,000 s)
2025-06-06 16:07:53,661 INFO  - I have no neighbours to send! (at simulation time 627.000,000,000 s)
2025-06-06 16:07:53,661 INFO  - I have no neighbours to send! (at simulation time 627.000,000,000 s)
2025-06-06 16:07:53,661 INFO  - I have no neighbours to send! (at simulation time 627.000,000,000 s)
2025-06-06 16:07:53,661 INFO  - I have no neighbours to send! (at simulation time 627.000,000,000 s)
2025-06-06 16:07:53,661 INFO  - I have no neighbours to send! (at simulation time 627.000,000,000 s)
2025-06-06 16:07:53,661 INFO  - I have no neighbours to send! (at simulation time 627.000,000,000 s)
2025-06-06 16:07:53,661 INFO  - I have no neighbours to send! (at simulation time 627.000,000,000 s)
2025-06-06 16:07:53,661 INFO  - I have no neighbours to send! (at simulation time 627.000,000,000 s)
2025-06-06 16:07:53,661 INFO  - I have no neighbours to send! (at simulation time 627.000,000,000 s)
2025-06-06 16:07:53,661 INFO  - I have no neighbours to send! (at simulation time 627.000,000,000 s)
2025-06-06 16:07:53,661 INFO  - I have no neighbours to send! (at simulation time 627.000,000,000 s)
2025-06-06 16:07:53,661 INFO  - I have no neighbours to send! (at simulation time 627.000,000,000 s)
2025-06-06 16:07:53,661 INFO  - I have no neighbours to send! (at simulation time 627.000,000,000 s)
2025-06-06 16:07:53,661 INFO  - I have no neighbours to send! (at simulation time 627.000,000,000 s)
2025-06-06 16:07:53,661 INFO  - I have no neighbours to send! (at simulation time 627.000,000,000 s)
2025-06-06 16:07:53,661 INFO  - I have no neighbours to send! (at simulation time 627.000,000,000 s)
2025-06-06 16:07:53,661 INFO  - I have no neighbours to send! (at simulation time 627.000,000,000 s)
2025-06-06 16:07:53,661 INFO  - I have no neighbours to send! (at simulation time 627.000,000,000 s)
2025-06-06 16:07:53,661 INFO  - I have no neighbours to send! (at simulation time 627.000,000,000 s)
2025-06-06 16:07:53,661 INFO  - I have no neighbours to send! (at simulation time 627.000,000,000 s)
2025-06-06 16:07:53,662 INFO  - I have no neighbours to send! (at simulation time 627.000,000,000 s)
2025-06-06 16:07:53,662 INFO  - I have no neighbours to send! (at simulation time 627.000,000,000 s)
2025-06-06 16:07:53,662 INFO  - I have no neighbours to send! (at simulation time 627.000,000,000 s)
2025-06-06 16:07:53,662 INFO  - I have no neighbours to send! (at simulation time 627.000,000,000 s)
2025-06-06 16:07:53,662 INFO  - I have no neighbours to send! (at simulation time 627.000,000,000 s)
2025-06-06 16:07:53,662 INFO  - I have no neighbours to send! (at simulation time 627.000,000,000 s)
2025-06-06 16:07:53,662 INFO  - I have no neighbours to send! (at simulation time 627.000,000,000 s)
2025-06-06 16:07:53,662 INFO  - I have no neighbours to send! (at simulation time 627.000,000,000 s)
2025-06-06 16:07:53,662 INFO  - I have no neighbours to send! (at simulation time 627.000,000,000 s)
2025-06-06 16:07:53,662 INFO  - I have no neighbours to send! (at simulation time 627.000,000,000 s)
2025-06-06 16:07:53,662 INFO  - I have no neighbours to send! (at simulation time 627.000,000,000 s)
2025-06-06 16:07:53,662 INFO  - I have no neighbours to send! (at simulation time 627.000,000,000 s)
2025-06-06 16:07:53,662 INFO  - I have no neighbours to send! (at simulation time 627.000,000,000 s)
2025-06-06 16:07:53,662 INFO  - I have no neighbours to send! (at simulation time 627.000,000,000 s)
2025-06-06 16:07:53,662 INFO  - I have no neighbours to send! (at simulation time 627.000,000,000 s)
2025-06-06 16:07:53,662 INFO  - I have no neighbours to send! (at simulation time 627.000,000,000 s)
2025-06-06 16:07:53,662 INFO  - I have no neighbours to send! (at simulation time 627.000,000,000 s)
2025-06-06 16:07:53,662 INFO  - I have no neighbours to send! (at simulation time 627.000,000,000 s)
2025-06-06 16:07:53,662 INFO  - I have no neighbours to send! (at simulation time 627.000,000,000 s)
2025-06-06 16:07:53,662 INFO  - I have no neighbours to send! (at simulation time 627.000,000,000 s)
2025-06-06 16:07:53,662 INFO  - I have no neighbours to send! (at simulation time 627.000,000,000 s)
2025-06-06 16:07:53,662 INFO  - I have no neighbours to send! (at simulation time 627.000,000,000 s)
2025-06-06 16:07:53,665 INFO  - I have no neighbours to send! (at simulation time 628.000,000,000 s)
2025-06-06 16:07:53,665 INFO  - I have no neighbours to send! (at simulation time 628.000,000,000 s)
2025-06-06 16:07:53,666 INFO  - I have no neighbours to send! (at simulation time 628.000,000,000 s)
2025-06-06 16:07:53,666 INFO  - I have no neighbours to send! (at simulation time 628.000,000,000 s)
2025-06-06 16:07:53,666 INFO  - I have no neighbours to send! (at simulation time 628.000,000,000 s)
2025-06-06 16:07:53,666 INFO  - I have no neighbours to send! (at simulation time 628.000,000,000 s)
2025-06-06 16:07:53,666 INFO  - I have no neighbours to send! (at simulation time 628.000,000,000 s)
2025-06-06 16:07:53,666 INFO  - I have no neighbours to send! (at simulation time 628.000,000,000 s)
2025-06-06 16:07:53,666 INFO  - I have no neighbours to send! (at simulation time 628.000,000,000 s)
2025-06-06 16:07:53,666 INFO  - I have no neighbours to send! (at simulation time 628.000,000,000 s)
2025-06-06 16:07:53,666 INFO  - I have no neighbours to send! (at simulation time 628.000,000,000 s)
2025-06-06 16:07:53,666 INFO  - I have no neighbours to send! (at simulation time 628.000,000,000 s)
2025-06-06 16:07:53,666 INFO  - I have no neighbours to send! (at simulation time 628.000,000,000 s)
2025-06-06 16:07:53,666 INFO  - I have no neighbours to send! (at simulation time 628.000,000,000 s)
2025-06-06 16:07:53,666 INFO  - I have no neighbours to send! (at simulation time 628.000,000,000 s)
2025-06-06 16:07:53,666 INFO  - I have no neighbours to send! (at simulation time 628.000,000,000 s)
2025-06-06 16:07:53,666 INFO  - I have no neighbours to send! (at simulation time 628.000,000,000 s)
2025-06-06 16:07:53,666 INFO  - I have no neighbours to send! (at simulation time 628.000,000,000 s)
2025-06-06 16:07:53,666 INFO  - I have no neighbours to send! (at simulation time 628.000,000,000 s)
2025-06-06 16:07:53,666 INFO  - I have no neighbours to send! (at simulation time 628.000,000,000 s)
2025-06-06 16:07:53,666 INFO  - I have no neighbours to send! (at simulation time 628.000,000,000 s)
2025-06-06 16:07:53,666 INFO  - I have no neighbours to send! (at simulation time 628.000,000,000 s)
2025-06-06 16:07:53,666 INFO  - I have no neighbours to send! (at simulation time 628.000,000,000 s)
2025-06-06 16:07:53,667 INFO  - I have no neighbours to send! (at simulation time 628.000,000,000 s)
2025-06-06 16:07:53,667 INFO  - I have no neighbours to send! (at simulation time 628.000,000,000 s)
2025-06-06 16:07:53,667 INFO  - I have no neighbours to send! (at simulation time 628.000,000,000 s)
2025-06-06 16:07:53,667 INFO  - I have no neighbours to send! (at simulation time 628.000,000,000 s)
2025-06-06 16:07:53,667 INFO  - I have no neighbours to send! (at simulation time 628.000,000,000 s)
2025-06-06 16:07:53,667 INFO  - I have no neighbours to send! (at simulation time 628.000,000,000 s)
2025-06-06 16:07:53,667 INFO  - I have no neighbours to send! (at simulation time 628.000,000,000 s)
2025-06-06 16:07:53,667 INFO  - I have no neighbours to send! (at simulation time 628.000,000,000 s)
2025-06-06 16:07:53,667 INFO  - I have no neighbours to send! (at simulation time 628.000,000,000 s)
2025-06-06 16:07:53,667 INFO  - I have no neighbours to send! (at simulation time 628.000,000,000 s)
2025-06-06 16:07:53,667 INFO  - I have no neighbours to send! (at simulation time 628.000,000,000 s)
2025-06-06 16:07:53,667 INFO  - I have no neighbours to send! (at simulation time 628.000,000,000 s)
2025-06-06 16:07:53,667 INFO  - I have no neighbours to send! (at simulation time 628.000,000,000 s)
2025-06-06 16:07:53,667 INFO  - I have no neighbours to send! (at simulation time 628.000,000,000 s)
2025-06-06 16:07:53,667 INFO  - I have no neighbours to send! (at simulation time 628.000,000,000 s)
2025-06-06 16:07:53,667 INFO  - I have no neighbours to send! (at simulation time 628.000,000,000 s)
2025-06-06 16:07:53,667 INFO  - I have no neighbours to send! (at simulation time 628.000,000,000 s)
2025-06-06 16:07:53,667 INFO  - I have no neighbours to send! (at simulation time 628.000,000,000 s)
2025-06-06 16:07:53,667 INFO  - I have no neighbours to send! (at simulation time 628.000,000,000 s)
2025-06-06 16:07:53,667 INFO  - I have no neighbours to send! (at simulation time 628.000,000,000 s)
2025-06-06 16:07:53,667 INFO  - I have no neighbours to send! (at simulation time 628.000,000,000 s)
2025-06-06 16:07:53,667 INFO  - I have no neighbours to send! (at simulation time 628.000,000,000 s)
2025-06-06 16:07:53,667 INFO  - I have no neighbours to send! (at simulation time 628.000,000,000 s)
2025-06-06 16:07:53,667 INFO  - I have no neighbours to send! (at simulation time 628.000,000,000 s)
2025-06-06 16:07:53,669 INFO  - I have no neighbours to send! (at simulation time 629.000,000,000 s)
2025-06-06 16:07:53,669 INFO  - I have no neighbours to send! (at simulation time 629.000,000,000 s)
2025-06-06 16:07:53,669 INFO  - I have no neighbours to send! (at simulation time 629.000,000,000 s)
2025-06-06 16:07:53,670 INFO  - I have no neighbours to send! (at simulation time 629.000,000,000 s)
2025-06-06 16:07:53,670 INFO  - I have no neighbours to send! (at simulation time 629.000,000,000 s)
2025-06-06 16:07:53,670 INFO  - I have no neighbours to send! (at simulation time 629.000,000,000 s)
2025-06-06 16:07:53,670 INFO  - I have no neighbours to send! (at simulation time 629.000,000,000 s)
2025-06-06 16:07:53,670 INFO  - I have no neighbours to send! (at simulation time 629.000,000,000 s)
2025-06-06 16:07:53,670 INFO  - I have no neighbours to send! (at simulation time 629.000,000,000 s)
2025-06-06 16:07:53,670 INFO  - I have no neighbours to send! (at simulation time 629.000,000,000 s)
2025-06-06 16:07:53,670 INFO  - I have no neighbours to send! (at simulation time 629.000,000,000 s)
2025-06-06 16:07:53,670 INFO  - I have no neighbours to send! (at simulation time 629.000,000,000 s)
2025-06-06 16:07:53,670 INFO  - I have no neighbours to send! (at simulation time 629.000,000,000 s)
2025-06-06 16:07:53,670 INFO  - I have no neighbours to send! (at simulation time 629.000,000,000 s)
2025-06-06 16:07:53,670 INFO  - I have no neighbours to send! (at simulation time 629.000,000,000 s)
2025-06-06 16:07:53,670 INFO  - I have no neighbours to send! (at simulation time 629.000,000,000 s)
2025-06-06 16:07:53,670 INFO  - I have no neighbours to send! (at simulation time 629.000,000,000 s)
2025-06-06 16:07:53,670 INFO  - I have no neighbours to send! (at simulation time 629.000,000,000 s)
2025-06-06 16:07:53,670 INFO  - I have no neighbours to send! (at simulation time 629.000,000,000 s)
2025-06-06 16:07:53,670 INFO  - I have no neighbours to send! (at simulation time 629.000,000,000 s)
2025-06-06 16:07:53,670 INFO  - I have no neighbours to send! (at simulation time 629.000,000,000 s)
2025-06-06 16:07:53,670 INFO  - I have no neighbours to send! (at simulation time 629.000,000,000 s)
2025-06-06 16:07:53,670 INFO  - I have no neighbours to send! (at simulation time 629.000,000,000 s)
2025-06-06 16:07:53,670 INFO  - I have no neighbours to send! (at simulation time 629.000,000,000 s)
2025-06-06 16:07:53,671 INFO  - I have no neighbours to send! (at simulation time 629.000,000,000 s)
2025-06-06 16:07:53,671 INFO  - I have no neighbours to send! (at simulation time 629.000,000,000 s)
2025-06-06 16:07:53,671 INFO  - I have no neighbours to send! (at simulation time 629.000,000,000 s)
2025-06-06 16:07:53,671 INFO  - I have no neighbours to send! (at simulation time 629.000,000,000 s)
2025-06-06 16:07:53,671 INFO  - I have no neighbours to send! (at simulation time 629.000,000,000 s)
2025-06-06 16:07:53,671 INFO  - I have no neighbours to send! (at simulation time 629.000,000,000 s)
2025-06-06 16:07:53,671 INFO  - I have no neighbours to send! (at simulation time 629.000,000,000 s)
2025-06-06 16:07:53,671 INFO  - I have no neighbours to send! (at simulation time 629.000,000,000 s)
2025-06-06 16:07:53,671 INFO  - I have no neighbours to send! (at simulation time 629.000,000,000 s)
2025-06-06 16:07:53,671 INFO  - I have no neighbours to send! (at simulation time 629.000,000,000 s)
2025-06-06 16:07:53,671 INFO  - I have no neighbours to send! (at simulation time 629.000,000,000 s)
2025-06-06 16:07:53,671 INFO  - I have no neighbours to send! (at simulation time 629.000,000,000 s)
2025-06-06 16:07:53,671 INFO  - I have no neighbours to send! (at simulation time 629.000,000,000 s)
2025-06-06 16:07:53,671 INFO  - I have no neighbours to send! (at simulation time 629.000,000,000 s)
2025-06-06 16:07:53,671 INFO  - I have no neighbours to send! (at simulation time 629.000,000,000 s)
2025-06-06 16:07:53,671 INFO  - I have no neighbours to send! (at simulation time 629.000,000,000 s)
2025-06-06 16:07:53,671 INFO  - I have no neighbours to send! (at simulation time 629.000,000,000 s)
2025-06-06 16:07:53,671 INFO  - I have no neighbours to send! (at simulation time 629.000,000,000 s)
2025-06-06 16:07:53,671 INFO  - I have no neighbours to send! (at simulation time 629.000,000,000 s)
2025-06-06 16:07:53,671 INFO  - I have no neighbours to send! (at simulation time 629.000,000,000 s)
2025-06-06 16:07:53,671 INFO  - I have no neighbours to send! (at simulation time 629.000,000,000 s)
2025-06-06 16:07:53,671 INFO  - I have no neighbours to send! (at simulation time 629.000,000,000 s)
2025-06-06 16:07:53,671 INFO  - I have no neighbours to send! (at simulation time 629.000,000,000 s)
2025-06-06 16:07:53,671 INFO  - I have no neighbours to send! (at simulation time 629.000,000,000 s)
2025-06-06 16:07:53,673 INFO  - I have no neighbours to send! (at simulation time 630.000,000,000 s)
2025-06-06 16:07:53,674 INFO  - I have no neighbours to send! (at simulation time 630.000,000,000 s)
2025-06-06 16:07:53,674 INFO  - I have no neighbours to send! (at simulation time 630.000,000,000 s)
2025-06-06 16:07:53,674 INFO  - I have no neighbours to send! (at simulation time 630.000,000,000 s)
2025-06-06 16:07:53,674 INFO  - I have no neighbours to send! (at simulation time 630.000,000,000 s)
2025-06-06 16:07:53,674 INFO  - I have no neighbours to send! (at simulation time 630.000,000,000 s)
2025-06-06 16:07:53,674 INFO  - I have no neighbours to send! (at simulation time 630.000,000,000 s)
2025-06-06 16:07:53,674 INFO  - I have no neighbours to send! (at simulation time 630.000,000,000 s)
2025-06-06 16:07:53,674 INFO  - I have no neighbours to send! (at simulation time 630.000,000,000 s)
2025-06-06 16:07:53,674 INFO  - I have no neighbours to send! (at simulation time 630.000,000,000 s)
2025-06-06 16:07:53,674 INFO  - I have no neighbours to send! (at simulation time 630.000,000,000 s)
2025-06-06 16:07:53,674 INFO  - I have no neighbours to send! (at simulation time 630.000,000,000 s)
2025-06-06 16:07:53,674 INFO  - I have no neighbours to send! (at simulation time 630.000,000,000 s)
2025-06-06 16:07:53,674 INFO  - I have no neighbours to send! (at simulation time 630.000,000,000 s)
2025-06-06 16:07:53,674 INFO  - I have no neighbours to send! (at simulation time 630.000,000,000 s)
2025-06-06 16:07:53,674 INFO  - I have no neighbours to send! (at simulation time 630.000,000,000 s)
2025-06-06 16:07:53,674 INFO  - I have no neighbours to send! (at simulation time 630.000,000,000 s)
2025-06-06 16:07:53,674 INFO  - I have no neighbours to send! (at simulation time 630.000,000,000 s)
2025-06-06 16:07:53,674 INFO  - I have no neighbours to send! (at simulation time 630.000,000,000 s)
2025-06-06 16:07:53,675 INFO  - I have no neighbours to send! (at simulation time 630.000,000,000 s)
2025-06-06 16:07:53,675 INFO  - I have no neighbours to send! (at simulation time 630.000,000,000 s)
2025-06-06 16:07:53,675 INFO  - I have no neighbours to send! (at simulation time 630.000,000,000 s)
2025-06-06 16:07:53,675 INFO  - I have no neighbours to send! (at simulation time 630.000,000,000 s)
2025-06-06 16:07:53,675 INFO  - I have no neighbours to send! (at simulation time 630.000,000,000 s)
2025-06-06 16:07:53,675 INFO  - I have no neighbours to send! (at simulation time 630.000,000,000 s)
2025-06-06 16:07:53,675 INFO  - I have no neighbours to send! (at simulation time 630.000,000,000 s)
2025-06-06 16:07:53,675 INFO  - I have no neighbours to send! (at simulation time 630.000,000,000 s)
2025-06-06 16:07:53,675 INFO  - I have no neighbours to send! (at simulation time 630.000,000,000 s)
2025-06-06 16:07:53,675 INFO  - I have no neighbours to send! (at simulation time 630.000,000,000 s)
2025-06-06 16:07:53,675 INFO  - I have no neighbours to send! (at simulation time 630.000,000,000 s)
2025-06-06 16:07:53,675 INFO  - I have no neighbours to send! (at simulation time 630.000,000,000 s)
2025-06-06 16:07:53,675 INFO  - I have no neighbours to send! (at simulation time 630.000,000,000 s)
2025-06-06 16:07:53,675 INFO  - I have no neighbours to send! (at simulation time 630.000,000,000 s)
2025-06-06 16:07:53,675 INFO  - I have no neighbours to send! (at simulation time 630.000,000,000 s)
2025-06-06 16:07:53,675 INFO  - I have no neighbours to send! (at simulation time 630.000,000,000 s)
2025-06-06 16:07:53,675 INFO  - I have no neighbours to send! (at simulation time 630.000,000,000 s)
2025-06-06 16:07:53,675 INFO  - I have no neighbours to send! (at simulation time 630.000,000,000 s)
2025-06-06 16:07:53,675 INFO  - I have no neighbours to send! (at simulation time 630.000,000,000 s)
2025-06-06 16:07:53,675 INFO  - I have no neighbours to send! (at simulation time 630.000,000,000 s)
2025-06-06 16:07:53,675 INFO  - I have no neighbours to send! (at simulation time 630.000,000,000 s)
2025-06-06 16:07:53,675 INFO  - I have no neighbours to send! (at simulation time 630.000,000,000 s)
2025-06-06 16:07:53,675 INFO  - I have no neighbours to send! (at simulation time 630.000,000,000 s)
2025-06-06 16:07:53,675 INFO  - I have no neighbours to send! (at simulation time 630.000,000,000 s)
2025-06-06 16:07:53,675 INFO  - I have no neighbours to send! (at simulation time 630.000,000,000 s)
2025-06-06 16:07:53,676 INFO  - I have no neighbours to send! (at simulation time 630.000,000,000 s)
2025-06-06 16:07:53,676 INFO  - I have no neighbours to send! (at simulation time 630.000,000,000 s)
2025-06-06 16:07:53,676 INFO  - I have no neighbours to send! (at simulation time 630.000,000,000 s)
2025-06-06 16:07:53,676 INFO  - I have no neighbours to send! (at simulation time 630.000,000,000 s)
2025-06-06 16:07:53,676 INFO  - I have no neighbours to send! (at simulation time 630.000,000,000 s)
2025-06-06 16:07:53,677 INFO  - Received metrics from FogNode: avgR0=1.3015873015873016, avgR1=2.0952380952380953 (at simulation time 630.002,300,000 s)
2025-06-06 16:07:53,678 INFO  - I have no neighbours to send! (at simulation time 631.000,000,000 s)
2025-06-06 16:07:53,678 INFO  - I have no neighbours to send! (at simulation time 631.000,000,000 s)
2025-06-06 16:07:53,678 INFO  - I have no neighbours to send! (at simulation time 631.000,000,000 s)
2025-06-06 16:07:53,678 INFO  - I have no neighbours to send! (at simulation time 631.000,000,000 s)
2025-06-06 16:07:53,678 INFO  - I have no neighbours to send! (at simulation time 631.000,000,000 s)
2025-06-06 16:07:53,678 INFO  - I have no neighbours to send! (at simulation time 631.000,000,000 s)
2025-06-06 16:07:53,678 INFO  - I have no neighbours to send! (at simulation time 631.000,000,000 s)
2025-06-06 16:07:53,678 INFO  - I have no neighbours to send! (at simulation time 631.000,000,000 s)
2025-06-06 16:07:53,678 INFO  - I have no neighbours to send! (at simulation time 631.000,000,000 s)
2025-06-06 16:07:53,678 INFO  - I have no neighbours to send! (at simulation time 631.000,000,000 s)
2025-06-06 16:07:53,678 INFO  - I have no neighbours to send! (at simulation time 631.000,000,000 s)
2025-06-06 16:07:53,679 INFO  - I have no neighbours to send! (at simulation time 631.000,000,000 s)
2025-06-06 16:07:53,679 INFO  - I have no neighbours to send! (at simulation time 631.000,000,000 s)
2025-06-06 16:07:53,679 INFO  - I have no neighbours to send! (at simulation time 631.000,000,000 s)
2025-06-06 16:07:53,679 INFO  - I have no neighbours to send! (at simulation time 631.000,000,000 s)
2025-06-06 16:07:53,679 INFO  - I have no neighbours to send! (at simulation time 631.000,000,000 s)
2025-06-06 16:07:53,679 INFO  - I have no neighbours to send! (at simulation time 631.000,000,000 s)
2025-06-06 16:07:53,679 INFO  - I have no neighbours to send! (at simulation time 631.000,000,000 s)
2025-06-06 16:07:53,679 INFO  - I have no neighbours to send! (at simulation time 631.000,000,000 s)
2025-06-06 16:07:53,679 INFO  - I have no neighbours to send! (at simulation time 631.000,000,000 s)
2025-06-06 16:07:53,679 INFO  - I have no neighbours to send! (at simulation time 631.000,000,000 s)
2025-06-06 16:07:53,679 INFO  - I have no neighbours to send! (at simulation time 631.000,000,000 s)
2025-06-06 16:07:53,679 INFO  - I have no neighbours to send! (at simulation time 631.000,000,000 s)
2025-06-06 16:07:53,679 INFO  - I have no neighbours to send! (at simulation time 631.000,000,000 s)
2025-06-06 16:07:53,679 INFO  - I have no neighbours to send! (at simulation time 631.000,000,000 s)
2025-06-06 16:07:53,679 INFO  - I have no neighbours to send! (at simulation time 631.000,000,000 s)
2025-06-06 16:07:53,679 INFO  - I have no neighbours to send! (at simulation time 631.000,000,000 s)
2025-06-06 16:07:53,679 INFO  - I have no neighbours to send! (at simulation time 631.000,000,000 s)
2025-06-06 16:07:53,679 INFO  - I have no neighbours to send! (at simulation time 631.000,000,000 s)
2025-06-06 16:07:53,679 INFO  - I have no neighbours to send! (at simulation time 631.000,000,000 s)
2025-06-06 16:07:53,679 INFO  - I have no neighbours to send! (at simulation time 631.000,000,000 s)
2025-06-06 16:07:53,679 INFO  - I have no neighbours to send! (at simulation time 631.000,000,000 s)
2025-06-06 16:07:53,679 INFO  - I have no neighbours to send! (at simulation time 631.000,000,000 s)
2025-06-06 16:07:53,680 INFO  - I have no neighbours to send! (at simulation time 631.000,000,000 s)
2025-06-06 16:07:53,680 INFO  - I have no neighbours to send! (at simulation time 631.000,000,000 s)
2025-06-06 16:07:53,680 INFO  - I have no neighbours to send! (at simulation time 631.000,000,000 s)
2025-06-06 16:07:53,680 INFO  - I have no neighbours to send! (at simulation time 631.000,000,000 s)
2025-06-06 16:07:53,680 INFO  - I have no neighbours to send! (at simulation time 631.000,000,000 s)
2025-06-06 16:07:53,680 INFO  - I have no neighbours to send! (at simulation time 631.000,000,000 s)
2025-06-06 16:07:53,680 INFO  - I have no neighbours to send! (at simulation time 631.000,000,000 s)
2025-06-06 16:07:53,680 INFO  - I have no neighbours to send! (at simulation time 631.000,000,000 s)
2025-06-06 16:07:53,680 INFO  - I have no neighbours to send! (at simulation time 631.000,000,000 s)
2025-06-06 16:07:53,680 INFO  - I have no neighbours to send! (at simulation time 631.000,000,000 s)
2025-06-06 16:07:53,680 INFO  - I have no neighbours to send! (at simulation time 631.000,000,000 s)
2025-06-06 16:07:53,680 INFO  - I have no neighbours to send! (at simulation time 631.000,000,000 s)
2025-06-06 16:07:53,680 INFO  - I have no neighbours to send! (at simulation time 631.000,000,000 s)
2025-06-06 16:07:53,680 INFO  - I have no neighbours to send! (at simulation time 631.000,000,000 s)
2025-06-06 16:07:53,680 INFO  - I have no neighbours to send! (at simulation time 631.000,000,000 s)
2025-06-06 16:07:53,680 INFO  - I have no neighbours to send! (at simulation time 631.000,000,000 s)
2025-06-06 16:07:53,680 INFO  - I have no neighbours to send! (at simulation time 631.000,000,000 s)
2025-06-06 16:07:53,682 INFO  - Sent periodic GreenWaveMsg: veh_112 on route r_0 (at simulation time 632.000,000,000 s)
2025-06-06 16:07:53,682 INFO  - I have no neighbours to send! (at simulation time 632.000,000,000 s)
2025-06-06 16:07:53,682 INFO  - I have no neighbours to send! (at simulation time 632.000,000,000 s)
2025-06-06 16:07:53,682 INFO  - I have no neighbours to send! (at simulation time 632.000,000,000 s)
2025-06-06 16:07:53,682 INFO  - I have no neighbours to send! (at simulation time 632.000,000,000 s)
2025-06-06 16:07:53,682 INFO  - I have no neighbours to send! (at simulation time 632.000,000,000 s)
2025-06-06 16:07:53,682 INFO  - I have no neighbours to send! (at simulation time 632.000,000,000 s)
2025-06-06 16:07:53,682 INFO  - I have no neighbours to send! (at simulation time 632.000,000,000 s)
2025-06-06 16:07:53,682 INFO  - I have no neighbours to send! (at simulation time 632.000,000,000 s)
2025-06-06 16:07:53,682 INFO  - I have no neighbours to send! (at simulation time 632.000,000,000 s)
2025-06-06 16:07:53,682 INFO  - I have no neighbours to send! (at simulation time 632.000,000,000 s)
2025-06-06 16:07:53,682 INFO  - I have no neighbours to send! (at simulation time 632.000,000,000 s)
2025-06-06 16:07:53,682 INFO  - I have no neighbours to send! (at simulation time 632.000,000,000 s)
2025-06-06 16:07:53,683 INFO  - I have no neighbours to send! (at simulation time 632.000,000,000 s)
2025-06-06 16:07:53,683 INFO  - I have no neighbours to send! (at simulation time 632.000,000,000 s)
2025-06-06 16:07:53,683 INFO  - I have no neighbours to send! (at simulation time 632.000,000,000 s)
2025-06-06 16:07:53,683 INFO  - I have no neighbours to send! (at simulation time 632.000,000,000 s)
2025-06-06 16:07:53,683 INFO  - I have no neighbours to send! (at simulation time 632.000,000,000 s)
2025-06-06 16:07:53,683 INFO  - I have no neighbours to send! (at simulation time 632.000,000,000 s)
2025-06-06 16:07:53,683 INFO  - I have no neighbours to send! (at simulation time 632.000,000,000 s)
2025-06-06 16:07:53,683 INFO  - I have no neighbours to send! (at simulation time 632.000,000,000 s)
2025-06-06 16:07:53,683 INFO  - I have no neighbours to send! (at simulation time 632.000,000,000 s)
2025-06-06 16:07:53,683 INFO  - I have no neighbours to send! (at simulation time 632.000,000,000 s)
2025-06-06 16:07:53,683 INFO  - I have no neighbours to send! (at simulation time 632.000,000,000 s)
2025-06-06 16:07:53,683 INFO  - I have no neighbours to send! (at simulation time 632.000,000,000 s)
2025-06-06 16:07:53,683 INFO  - I have no neighbours to send! (at simulation time 632.000,000,000 s)
2025-06-06 16:07:53,683 INFO  - I have no neighbours to send! (at simulation time 632.000,000,000 s)
2025-06-06 16:07:53,683 INFO  - I have no neighbours to send! (at simulation time 632.000,000,000 s)
2025-06-06 16:07:53,683 INFO  - I have no neighbours to send! (at simulation time 632.000,000,000 s)
2025-06-06 16:07:53,683 INFO  - I have no neighbours to send! (at simulation time 632.000,000,000 s)
2025-06-06 16:07:53,683 INFO  - I have no neighbours to send! (at simulation time 632.000,000,000 s)
2025-06-06 16:07:53,683 INFO  - I have no neighbours to send! (at simulation time 632.000,000,000 s)
2025-06-06 16:07:53,683 INFO  - I have no neighbours to send! (at simulation time 632.000,000,000 s)
2025-06-06 16:07:53,683 INFO  - I have no neighbours to send! (at simulation time 632.000,000,000 s)
2025-06-06 16:07:53,683 INFO  - I have no neighbours to send! (at simulation time 632.000,000,000 s)
2025-06-06 16:07:53,683 INFO  - I have no neighbours to send! (at simulation time 632.000,000,000 s)
2025-06-06 16:07:53,684 INFO  - I have no neighbours to send! (at simulation time 632.000,000,000 s)
2025-06-06 16:07:53,684 INFO  - I have no neighbours to send! (at simulation time 632.000,000,000 s)
2025-06-06 16:07:53,684 INFO  - I have no neighbours to send! (at simulation time 632.000,000,000 s)
2025-06-06 16:07:53,684 INFO  - I have no neighbours to send! (at simulation time 632.000,000,000 s)
2025-06-06 16:07:53,684 INFO  - I have no neighbours to send! (at simulation time 632.000,000,000 s)
2025-06-06 16:07:53,684 INFO  - I have no neighbours to send! (at simulation time 632.000,000,000 s)
2025-06-06 16:07:53,684 INFO  - I have no neighbours to send! (at simulation time 632.000,000,000 s)
2025-06-06 16:07:53,684 INFO  - I have no neighbours to send! (at simulation time 632.000,000,000 s)
2025-06-06 16:07:53,684 INFO  - I have no neighbours to send! (at simulation time 632.000,000,000 s)
2025-06-06 16:07:53,684 INFO  - I have no neighbours to send! (at simulation time 632.000,000,000 s)
2025-06-06 16:07:53,684 INFO  - I have no neighbours to send! (at simulation time 632.000,000,000 s)
2025-06-06 16:07:53,684 INFO  - I have no neighbours to send! (at simulation time 632.000,000,000 s)
2025-06-06 16:07:53,684 INFO  - I have no neighbours to send! (at simulation time 632.000,000,000 s)
2025-06-06 16:07:53,684 INFO  - I have no neighbours to send! (at simulation time 632.000,000,000 s)
2025-06-06 16:07:53,684 INFO  - I have no neighbours to send! (at simulation time 632.000,000,000 s)
2025-06-06 16:07:53,684 INFO  - I have no neighbours to send! (at simulation time 632.000,000,000 s)
2025-06-06 16:07:53,687 INFO  - I have no neighbours to send! (at simulation time 633.000,000,000 s)
2025-06-06 16:07:53,688 INFO  - I have no neighbours to send! (at simulation time 633.000,000,000 s)
2025-06-06 16:07:53,688 INFO  - I have no neighbours to send! (at simulation time 633.000,000,000 s)
2025-06-06 16:07:53,688 INFO  - I have no neighbours to send! (at simulation time 633.000,000,000 s)
2025-06-06 16:07:53,688 INFO  - I have no neighbours to send! (at simulation time 633.000,000,000 s)
2025-06-06 16:07:53,688 INFO  - I have no neighbours to send! (at simulation time 633.000,000,000 s)
2025-06-06 16:07:53,688 INFO  - I have no neighbours to send! (at simulation time 633.000,000,000 s)
2025-06-06 16:07:53,688 INFO  - I have no neighbours to send! (at simulation time 633.000,000,000 s)
2025-06-06 16:07:53,688 INFO  - I have no neighbours to send! (at simulation time 633.000,000,000 s)
2025-06-06 16:07:53,688 INFO  - I have no neighbours to send! (at simulation time 633.000,000,000 s)
2025-06-06 16:07:53,688 INFO  - I have no neighbours to send! (at simulation time 633.000,000,000 s)
2025-06-06 16:07:53,688 INFO  - I have no neighbours to send! (at simulation time 633.000,000,000 s)
2025-06-06 16:07:53,688 INFO  - I have no neighbours to send! (at simulation time 633.000,000,000 s)
2025-06-06 16:07:53,688 INFO  - I have no neighbours to send! (at simulation time 633.000,000,000 s)
2025-06-06 16:07:53,688 INFO  - I have no neighbours to send! (at simulation time 633.000,000,000 s)
2025-06-06 16:07:53,688 INFO  - I have no neighbours to send! (at simulation time 633.000,000,000 s)
2025-06-06 16:07:53,688 INFO  - I have no neighbours to send! (at simulation time 633.000,000,000 s)
2025-06-06 16:07:53,689 INFO  - I have no neighbours to send! (at simulation time 633.000,000,000 s)
2025-06-06 16:07:53,689 INFO  - I have no neighbours to send! (at simulation time 633.000,000,000 s)
2025-06-06 16:07:53,689 INFO  - I have no neighbours to send! (at simulation time 633.000,000,000 s)
2025-06-06 16:07:53,689 INFO  - I have no neighbours to send! (at simulation time 633.000,000,000 s)
2025-06-06 16:07:53,689 INFO  - I have no neighbours to send! (at simulation time 633.000,000,000 s)
2025-06-06 16:07:53,689 INFO  - I have no neighbours to send! (at simulation time 633.000,000,000 s)
2025-06-06 16:07:53,689 INFO  - I have no neighbours to send! (at simulation time 633.000,000,000 s)
2025-06-06 16:07:53,689 INFO  - I have no neighbours to send! (at simulation time 633.000,000,000 s)
2025-06-06 16:07:53,689 INFO  - I have no neighbours to send! (at simulation time 633.000,000,000 s)
2025-06-06 16:07:53,689 INFO  - I have no neighbours to send! (at simulation time 633.000,000,000 s)
2025-06-06 16:07:53,689 INFO  - I have no neighbours to send! (at simulation time 633.000,000,000 s)
2025-06-06 16:07:53,689 INFO  - I have no neighbours to send! (at simulation time 633.000,000,000 s)
2025-06-06 16:07:53,689 INFO  - I have no neighbours to send! (at simulation time 633.000,000,000 s)
2025-06-06 16:07:53,689 INFO  - I have no neighbours to send! (at simulation time 633.000,000,000 s)
2025-06-06 16:07:53,689 INFO  - I have no neighbours to send! (at simulation time 633.000,000,000 s)
2025-06-06 16:07:53,689 INFO  - I have no neighbours to send! (at simulation time 633.000,000,000 s)
2025-06-06 16:07:53,689 INFO  - I have no neighbours to send! (at simulation time 633.000,000,000 s)
2025-06-06 16:07:53,689 INFO  - I have no neighbours to send! (at simulation time 633.000,000,000 s)
2025-06-06 16:07:53,689 INFO  - I have no neighbours to send! (at simulation time 633.000,000,000 s)
2025-06-06 16:07:53,689 INFO  - I have no neighbours to send! (at simulation time 633.000,000,000 s)
2025-06-06 16:07:53,689 INFO  - I have no neighbours to send! (at simulation time 633.000,000,000 s)
2025-06-06 16:07:53,689 INFO  - I have no neighbours to send! (at simulation time 633.000,000,000 s)
2025-06-06 16:07:53,689 INFO  - I have no neighbours to send! (at simulation time 633.000,000,000 s)
2025-06-06 16:07:53,690 INFO  - I have no neighbours to send! (at simulation time 633.000,000,000 s)
2025-06-06 16:07:53,690 INFO  - I have no neighbours to send! (at simulation time 633.000,000,000 s)
2025-06-06 16:07:53,690 INFO  - I have no neighbours to send! (at simulation time 633.000,000,000 s)
2025-06-06 16:07:53,690 INFO  - I have no neighbours to send! (at simulation time 633.000,000,000 s)
2025-06-06 16:07:53,690 INFO  - I have no neighbours to send! (at simulation time 633.000,000,000 s)
2025-06-06 16:07:53,690 INFO  - I have no neighbours to send! (at simulation time 633.000,000,000 s)
2025-06-06 16:07:53,690 INFO  - I have no neighbours to send! (at simulation time 633.000,000,000 s)
2025-06-06 16:07:53,690 INFO  - I have no neighbours to send! (at simulation time 633.000,000,000 s)
2025-06-06 16:07:53,690 INFO  - I have no neighbours to send! (at simulation time 633.000,000,000 s)
2025-06-06 16:07:53,690 INFO  - I have no neighbours to send! (at simulation time 633.000,000,000 s)
2025-06-06 16:07:53,690 INFO  - I have no neighbours to send! (at simulation time 633.000,000,000 s)
2025-06-06 16:07:53,690 INFO  - I have no neighbours to send! (at simulation time 633.000,000,000 s)
2025-06-06 16:07:53,697 INFO  - I have no neighbours to send! (at simulation time 634.000,000,000 s)
2025-06-06 16:07:53,697 INFO  - I have no neighbours to send! (at simulation time 634.000,000,000 s)
2025-06-06 16:07:53,697 INFO  - I have no neighbours to send! (at simulation time 634.000,000,000 s)
2025-06-06 16:07:53,697 INFO  - I have no neighbours to send! (at simulation time 634.000,000,000 s)
2025-06-06 16:07:53,697 INFO  - I have no neighbours to send! (at simulation time 634.000,000,000 s)
2025-06-06 16:07:53,697 INFO  - I have no neighbours to send! (at simulation time 634.000,000,000 s)
2025-06-06 16:07:53,697 INFO  - I have no neighbours to send! (at simulation time 634.000,000,000 s)
2025-06-06 16:07:53,697 INFO  - I have no neighbours to send! (at simulation time 634.000,000,000 s)
2025-06-06 16:07:53,697 INFO  - I have no neighbours to send! (at simulation time 634.000,000,000 s)
2025-06-06 16:07:53,697 INFO  - I have no neighbours to send! (at simulation time 634.000,000,000 s)
2025-06-06 16:07:53,697 INFO  - I have no neighbours to send! (at simulation time 634.000,000,000 s)
2025-06-06 16:07:53,698 INFO  - I have no neighbours to send! (at simulation time 634.000,000,000 s)
2025-06-06 16:07:53,698 INFO  - I have no neighbours to send! (at simulation time 634.000,000,000 s)
2025-06-06 16:07:53,698 INFO  - I have no neighbours to send! (at simulation time 634.000,000,000 s)
2025-06-06 16:07:53,698 INFO  - I have no neighbours to send! (at simulation time 634.000,000,000 s)
2025-06-06 16:07:53,698 INFO  - I have no neighbours to send! (at simulation time 634.000,000,000 s)
2025-06-06 16:07:53,698 INFO  - I have no neighbours to send! (at simulation time 634.000,000,000 s)
2025-06-06 16:07:53,698 INFO  - I have no neighbours to send! (at simulation time 634.000,000,000 s)
2025-06-06 16:07:53,698 INFO  - I have no neighbours to send! (at simulation time 634.000,000,000 s)
2025-06-06 16:07:53,698 INFO  - I have no neighbours to send! (at simulation time 634.000,000,000 s)
2025-06-06 16:07:53,698 INFO  - I have no neighbours to send! (at simulation time 634.000,000,000 s)
2025-06-06 16:07:53,698 INFO  - I have no neighbours to send! (at simulation time 634.000,000,000 s)
2025-06-06 16:07:53,698 INFO  - I have no neighbours to send! (at simulation time 634.000,000,000 s)
2025-06-06 16:07:53,698 INFO  - I have no neighbours to send! (at simulation time 634.000,000,000 s)
2025-06-06 16:07:53,698 INFO  - I have no neighbours to send! (at simulation time 634.000,000,000 s)
2025-06-06 16:07:53,698 INFO  - I have no neighbours to send! (at simulation time 634.000,000,000 s)
2025-06-06 16:07:53,699 INFO  - I have no neighbours to send! (at simulation time 634.000,000,000 s)
2025-06-06 16:07:53,699 INFO  - I have no neighbours to send! (at simulation time 634.000,000,000 s)
2025-06-06 16:07:53,699 INFO  - I have no neighbours to send! (at simulation time 634.000,000,000 s)
2025-06-06 16:07:53,699 INFO  - I have no neighbours to send! (at simulation time 634.000,000,000 s)
2025-06-06 16:07:53,699 INFO  - I have no neighbours to send! (at simulation time 634.000,000,000 s)
2025-06-06 16:07:53,699 INFO  - I have no neighbours to send! (at simulation time 634.000,000,000 s)
2025-06-06 16:07:53,699 INFO  - I have no neighbours to send! (at simulation time 634.000,000,000 s)
2025-06-06 16:07:53,699 INFO  - I have no neighbours to send! (at simulation time 634.000,000,000 s)
2025-06-06 16:07:53,699 INFO  - I have no neighbours to send! (at simulation time 634.000,000,000 s)
2025-06-06 16:07:53,699 INFO  - I have no neighbours to send! (at simulation time 634.000,000,000 s)
2025-06-06 16:07:53,699 INFO  - I have no neighbours to send! (at simulation time 634.000,000,000 s)
2025-06-06 16:07:53,699 INFO  - I have no neighbours to send! (at simulation time 634.000,000,000 s)
2025-06-06 16:07:53,699 INFO  - I have no neighbours to send! (at simulation time 634.000,000,000 s)
2025-06-06 16:07:53,699 INFO  - I have no neighbours to send! (at simulation time 634.000,000,000 s)
2025-06-06 16:07:53,699 INFO  - I have no neighbours to send! (at simulation time 634.000,000,000 s)
2025-06-06 16:07:53,699 INFO  - I have no neighbours to send! (at simulation time 634.000,000,000 s)
2025-06-06 16:07:53,699 INFO  - I have no neighbours to send! (at simulation time 634.000,000,000 s)
2025-06-06 16:07:53,699 INFO  - I have no neighbours to send! (at simulation time 634.000,000,000 s)
2025-06-06 16:07:53,699 INFO  - I have no neighbours to send! (at simulation time 634.000,000,000 s)
2025-06-06 16:07:53,699 INFO  - I have no neighbours to send! (at simulation time 634.000,000,000 s)
2025-06-06 16:07:53,700 INFO  - I have no neighbours to send! (at simulation time 634.000,000,000 s)
2025-06-06 16:07:53,700 INFO  - I have no neighbours to send! (at simulation time 634.000,000,000 s)
2025-06-06 16:07:53,700 INFO  - I have no neighbours to send! (at simulation time 634.000,000,000 s)
2025-06-06 16:07:53,700 INFO  - I have no neighbours to send! (at simulation time 634.000,000,000 s)
2025-06-06 16:07:53,700 INFO  - I have no neighbours to send! (at simulation time 634.000,000,000 s)
2025-06-06 16:07:53,700 INFO  - I have no neighbours to send! (at simulation time 634.000,000,000 s)
2025-06-06 16:07:53,700 INFO  - I have no neighbours to send! (at simulation time 634.000,000,000 s)
2025-06-06 16:07:53,702 INFO  - I have no neighbours to send! (at simulation time 635.000,000,000 s)
2025-06-06 16:07:53,702 INFO  - I have no neighbours to send! (at simulation time 635.000,000,000 s)
2025-06-06 16:07:53,702 INFO  - I have no neighbours to send! (at simulation time 635.000,000,000 s)
2025-06-06 16:07:53,702 INFO  - I have no neighbours to send! (at simulation time 635.000,000,000 s)
2025-06-06 16:07:53,702 INFO  - I have no neighbours to send! (at simulation time 635.000,000,000 s)
2025-06-06 16:07:53,702 INFO  - I have no neighbours to send! (at simulation time 635.000,000,000 s)
2025-06-06 16:07:53,703 INFO  - I have no neighbours to send! (at simulation time 635.000,000,000 s)
2025-06-06 16:07:53,703 INFO  - I have no neighbours to send! (at simulation time 635.000,000,000 s)
2025-06-06 16:07:53,703 INFO  - I have no neighbours to send! (at simulation time 635.000,000,000 s)
2025-06-06 16:07:53,703 INFO  - I have no neighbours to send! (at simulation time 635.000,000,000 s)
2025-06-06 16:07:53,703 INFO  - I have no neighbours to send! (at simulation time 635.000,000,000 s)
2025-06-06 16:07:53,703 INFO  - I have no neighbours to send! (at simulation time 635.000,000,000 s)
2025-06-06 16:07:53,703 INFO  - I have no neighbours to send! (at simulation time 635.000,000,000 s)
2025-06-06 16:07:53,703 INFO  - I have no neighbours to send! (at simulation time 635.000,000,000 s)
2025-06-06 16:07:53,703 INFO  - I have no neighbours to send! (at simulation time 635.000,000,000 s)
2025-06-06 16:07:53,703 INFO  - I have no neighbours to send! (at simulation time 635.000,000,000 s)
2025-06-06 16:07:53,703 INFO  - I have no neighbours to send! (at simulation time 635.000,000,000 s)
2025-06-06 16:07:53,703 INFO  - I have no neighbours to send! (at simulation time 635.000,000,000 s)
2025-06-06 16:07:53,703 INFO  - I have no neighbours to send! (at simulation time 635.000,000,000 s)
2025-06-06 16:07:53,703 INFO  - I have no neighbours to send! (at simulation time 635.000,000,000 s)
2025-06-06 16:07:53,703 INFO  - I have no neighbours to send! (at simulation time 635.000,000,000 s)
2025-06-06 16:07:53,703 INFO  - I have no neighbours to send! (at simulation time 635.000,000,000 s)
2025-06-06 16:07:53,703 INFO  - I have no neighbours to send! (at simulation time 635.000,000,000 s)
2025-06-06 16:07:53,703 INFO  - I have no neighbours to send! (at simulation time 635.000,000,000 s)
2025-06-06 16:07:53,703 INFO  - I have no neighbours to send! (at simulation time 635.000,000,000 s)
2025-06-06 16:07:53,703 INFO  - I have no neighbours to send! (at simulation time 635.000,000,000 s)
2025-06-06 16:07:53,704 INFO  - I have no neighbours to send! (at simulation time 635.000,000,000 s)
2025-06-06 16:07:53,704 INFO  - I have no neighbours to send! (at simulation time 635.000,000,000 s)
2025-06-06 16:07:53,704 INFO  - I have no neighbours to send! (at simulation time 635.000,000,000 s)
2025-06-06 16:07:53,704 INFO  - I have no neighbours to send! (at simulation time 635.000,000,000 s)
2025-06-06 16:07:53,704 INFO  - I have no neighbours to send! (at simulation time 635.000,000,000 s)
2025-06-06 16:07:53,704 INFO  - I have no neighbours to send! (at simulation time 635.000,000,000 s)
2025-06-06 16:07:53,704 INFO  - I have no neighbours to send! (at simulation time 635.000,000,000 s)
2025-06-06 16:07:53,704 INFO  - I have no neighbours to send! (at simulation time 635.000,000,000 s)
2025-06-06 16:07:53,704 INFO  - I have no neighbours to send! (at simulation time 635.000,000,000 s)
2025-06-06 16:07:53,704 INFO  - I have no neighbours to send! (at simulation time 635.000,000,000 s)
2025-06-06 16:07:53,704 INFO  - I have no neighbours to send! (at simulation time 635.000,000,000 s)
2025-06-06 16:07:53,704 INFO  - I have no neighbours to send! (at simulation time 635.000,000,000 s)
2025-06-06 16:07:53,704 INFO  - I have no neighbours to send! (at simulation time 635.000,000,000 s)
2025-06-06 16:07:53,704 INFO  - I have no neighbours to send! (at simulation time 635.000,000,000 s)
2025-06-06 16:07:53,704 INFO  - I have no neighbours to send! (at simulation time 635.000,000,000 s)
2025-06-06 16:07:53,704 INFO  - I have no neighbours to send! (at simulation time 635.000,000,000 s)
2025-06-06 16:07:53,704 INFO  - I have no neighbours to send! (at simulation time 635.000,000,000 s)
2025-06-06 16:07:53,704 INFO  - I have no neighbours to send! (at simulation time 635.000,000,000 s)
2025-06-06 16:07:53,704 INFO  - I have no neighbours to send! (at simulation time 635.000,000,000 s)
2025-06-06 16:07:53,704 INFO  - I have no neighbours to send! (at simulation time 635.000,000,000 s)
2025-06-06 16:07:53,704 INFO  - I have no neighbours to send! (at simulation time 635.000,000,000 s)
2025-06-06 16:07:53,704 INFO  - I have no neighbours to send! (at simulation time 635.000,000,000 s)
2025-06-06 16:07:53,704 INFO  - I have no neighbours to send! (at simulation time 635.000,000,000 s)
2025-06-06 16:07:53,704 INFO  - I have no neighbours to send! (at simulation time 635.000,000,000 s)
2025-06-06 16:07:53,704 INFO  - I have no neighbours to send! (at simulation time 635.000,000,000 s)
2025-06-06 16:07:53,704 INFO  - I have no neighbours to send! (at simulation time 635.000,000,000 s)
2025-06-06 16:07:53,704 INFO  - I have no neighbours to send! (at simulation time 635.000,000,000 s)
2025-06-06 16:07:53,705 INFO  - I have no neighbours to send! (at simulation time 635.000,000,000 s)
2025-06-06 16:07:53,706 INFO  - I have no neighbours to send! (at simulation time 636.000,000,000 s)
2025-06-06 16:07:53,707 INFO  - I have no neighbours to send! (at simulation time 636.000,000,000 s)
2025-06-06 16:07:53,707 INFO  - I have no neighbours to send! (at simulation time 636.000,000,000 s)
2025-06-06 16:07:53,707 INFO  - I have no neighbours to send! (at simulation time 636.000,000,000 s)
2025-06-06 16:07:53,707 INFO  - I have no neighbours to send! (at simulation time 636.000,000,000 s)
2025-06-06 16:07:53,709 INFO  - I have no neighbours to send! (at simulation time 636.000,000,000 s)
2025-06-06 16:07:53,709 INFO  - I have no neighbours to send! (at simulation time 636.000,000,000 s)
2025-06-06 16:07:53,709 INFO  - I have no neighbours to send! (at simulation time 636.000,000,000 s)
2025-06-06 16:07:53,709 INFO  - I have no neighbours to send! (at simulation time 636.000,000,000 s)
2025-06-06 16:07:53,709 INFO  - I have no neighbours to send! (at simulation time 636.000,000,000 s)
2025-06-06 16:07:53,709 INFO  - I have no neighbours to send! (at simulation time 636.000,000,000 s)
2025-06-06 16:07:53,709 INFO  - I have no neighbours to send! (at simulation time 636.000,000,000 s)
2025-06-06 16:07:53,709 INFO  - I have no neighbours to send! (at simulation time 636.000,000,000 s)
2025-06-06 16:07:53,709 INFO  - I have no neighbours to send! (at simulation time 636.000,000,000 s)
2025-06-06 16:07:53,709 INFO  - I have no neighbours to send! (at simulation time 636.000,000,000 s)
2025-06-06 16:07:53,709 INFO  - I have no neighbours to send! (at simulation time 636.000,000,000 s)
2025-06-06 16:07:53,709 INFO  - I have no neighbours to send! (at simulation time 636.000,000,000 s)
2025-06-06 16:07:53,710 INFO  - I have no neighbours to send! (at simulation time 636.000,000,000 s)
2025-06-06 16:07:53,710 INFO  - I have no neighbours to send! (at simulation time 636.000,000,000 s)
2025-06-06 16:07:53,710 INFO  - I have no neighbours to send! (at simulation time 636.000,000,000 s)
2025-06-06 16:07:53,710 INFO  - I have no neighbours to send! (at simulation time 636.000,000,000 s)
2025-06-06 16:07:53,710 INFO  - I have no neighbours to send! (at simulation time 636.000,000,000 s)
2025-06-06 16:07:53,710 INFO  - I have no neighbours to send! (at simulation time 636.000,000,000 s)
2025-06-06 16:07:53,710 INFO  - I have no neighbours to send! (at simulation time 636.000,000,000 s)
2025-06-06 16:07:53,710 INFO  - I have no neighbours to send! (at simulation time 636.000,000,000 s)
2025-06-06 16:07:53,710 INFO  - I have no neighbours to send! (at simulation time 636.000,000,000 s)
2025-06-06 16:07:53,710 INFO  - I have no neighbours to send! (at simulation time 636.000,000,000 s)
2025-06-06 16:07:53,710 INFO  - I have no neighbours to send! (at simulation time 636.000,000,000 s)
2025-06-06 16:07:53,710 INFO  - I have no neighbours to send! (at simulation time 636.000,000,000 s)
2025-06-06 16:07:53,710 INFO  - I have no neighbours to send! (at simulation time 636.000,000,000 s)
2025-06-06 16:07:53,710 INFO  - I have no neighbours to send! (at simulation time 636.000,000,000 s)
2025-06-06 16:07:53,710 INFO  - I have no neighbours to send! (at simulation time 636.000,000,000 s)
2025-06-06 16:07:53,710 INFO  - I have no neighbours to send! (at simulation time 636.000,000,000 s)
2025-06-06 16:07:53,710 INFO  - I have no neighbours to send! (at simulation time 636.000,000,000 s)
2025-06-06 16:07:53,710 INFO  - I have no neighbours to send! (at simulation time 636.000,000,000 s)
2025-06-06 16:07:53,710 INFO  - I have no neighbours to send! (at simulation time 636.000,000,000 s)
2025-06-06 16:07:53,710 INFO  - I have no neighbours to send! (at simulation time 636.000,000,000 s)
2025-06-06 16:07:53,710 INFO  - I have no neighbours to send! (at simulation time 636.000,000,000 s)
2025-06-06 16:07:53,710 INFO  - I have no neighbours to send! (at simulation time 636.000,000,000 s)
2025-06-06 16:07:53,710 INFO  - I have no neighbours to send! (at simulation time 636.000,000,000 s)
2025-06-06 16:07:53,710 INFO  - I have no neighbours to send! (at simulation time 636.000,000,000 s)
2025-06-06 16:07:53,711 INFO  - I have no neighbours to send! (at simulation time 636.000,000,000 s)
2025-06-06 16:07:53,711 INFO  - I have no neighbours to send! (at simulation time 636.000,000,000 s)
2025-06-06 16:07:53,711 INFO  - I have no neighbours to send! (at simulation time 636.000,000,000 s)
2025-06-06 16:07:53,711 INFO  - I have no neighbours to send! (at simulation time 636.000,000,000 s)
2025-06-06 16:07:53,711 INFO  - I have no neighbours to send! (at simulation time 636.000,000,000 s)
2025-06-06 16:07:53,711 INFO  - I have no neighbours to send! (at simulation time 636.000,000,000 s)
2025-06-06 16:07:53,711 INFO  - I have no neighbours to send! (at simulation time 636.000,000,000 s)
2025-06-06 16:07:53,711 INFO  - I have no neighbours to send! (at simulation time 636.000,000,000 s)
2025-06-06 16:07:53,711 INFO  - I have no neighbours to send! (at simulation time 636.000,000,000 s)
2025-06-06 16:07:53,711 INFO  - I have no neighbours to send! (at simulation time 636.000,000,000 s)
2025-06-06 16:07:53,711 INFO  - I have no neighbours to send! (at simulation time 636.000,000,000 s)
2025-06-06 16:07:53,711 INFO  - I have no neighbours to send! (at simulation time 636.000,000,000 s)
2025-06-06 16:07:53,711 INFO  - I have no neighbours to send! (at simulation time 636.000,000,000 s)
2025-06-06 16:07:53,711 INFO  - I have no neighbours to send! (at simulation time 636.000,000,000 s)
2025-06-06 16:07:53,713 INFO  - Sent periodic GreenWaveMsg: veh_112 on route r_0 (at simulation time 637.000,000,000 s)
2025-06-06 16:07:53,713 INFO  - I have no neighbours to send! (at simulation time 637.000,000,000 s)
2025-06-06 16:07:53,713 INFO  - I have no neighbours to send! (at simulation time 637.000,000,000 s)
2025-06-06 16:07:53,713 INFO  - I have no neighbours to send! (at simulation time 637.000,000,000 s)
2025-06-06 16:07:53,713 INFO  - I have no neighbours to send! (at simulation time 637.000,000,000 s)
2025-06-06 16:07:53,713 INFO  - I have no neighbours to send! (at simulation time 637.000,000,000 s)
2025-06-06 16:07:53,713 INFO  - I have no neighbours to send! (at simulation time 637.000,000,000 s)
2025-06-06 16:07:53,713 INFO  - I have no neighbours to send! (at simulation time 637.000,000,000 s)
2025-06-06 16:07:53,714 INFO  - I have no neighbours to send! (at simulation time 637.000,000,000 s)
2025-06-06 16:07:53,714 INFO  - I have no neighbours to send! (at simulation time 637.000,000,000 s)
2025-06-06 16:07:53,714 INFO  - I have no neighbours to send! (at simulation time 637.000,000,000 s)
2025-06-06 16:07:53,714 INFO  - I have no neighbours to send! (at simulation time 637.000,000,000 s)
2025-06-06 16:07:53,714 INFO  - I have no neighbours to send! (at simulation time 637.000,000,000 s)
2025-06-06 16:07:53,714 INFO  - I have no neighbours to send! (at simulation time 637.000,000,000 s)
2025-06-06 16:07:53,714 INFO  - I have no neighbours to send! (at simulation time 637.000,000,000 s)
2025-06-06 16:07:53,714 INFO  - I have no neighbours to send! (at simulation time 637.000,000,000 s)
2025-06-06 16:07:53,714 INFO  - I have no neighbours to send! (at simulation time 637.000,000,000 s)
2025-06-06 16:07:53,714 INFO  - I have no neighbours to send! (at simulation time 637.000,000,000 s)
2025-06-06 16:07:53,714 INFO  - I have no neighbours to send! (at simulation time 637.000,000,000 s)
2025-06-06 16:07:53,714 INFO  - I have no neighbours to send! (at simulation time 637.000,000,000 s)
2025-06-06 16:07:53,714 INFO  - I have no neighbours to send! (at simulation time 637.000,000,000 s)
2025-06-06 16:07:53,714 INFO  - I have no neighbours to send! (at simulation time 637.000,000,000 s)
2025-06-06 16:07:53,714 INFO  - I have no neighbours to send! (at simulation time 637.000,000,000 s)
2025-06-06 16:07:53,714 INFO  - I have no neighbours to send! (at simulation time 637.000,000,000 s)
2025-06-06 16:07:53,714 INFO  - I have no neighbours to send! (at simulation time 637.000,000,000 s)
2025-06-06 16:07:53,714 INFO  - I have no neighbours to send! (at simulation time 637.000,000,000 s)
2025-06-06 16:07:53,714 INFO  - I have no neighbours to send! (at simulation time 637.000,000,000 s)
2025-06-06 16:07:53,714 INFO  - I have no neighbours to send! (at simulation time 637.000,000,000 s)
2025-06-06 16:07:53,715 INFO  - I have no neighbours to send! (at simulation time 637.000,000,000 s)
2025-06-06 16:07:53,715 INFO  - I have no neighbours to send! (at simulation time 637.000,000,000 s)
2025-06-06 16:07:53,715 INFO  - I have no neighbours to send! (at simulation time 637.000,000,000 s)
2025-06-06 16:07:53,715 INFO  - I have no neighbours to send! (at simulation time 637.000,000,000 s)
2025-06-06 16:07:53,715 INFO  - I have no neighbours to send! (at simulation time 637.000,000,000 s)
2025-06-06 16:07:53,715 INFO  - I have no neighbours to send! (at simulation time 637.000,000,000 s)
2025-06-06 16:07:53,715 INFO  - I have no neighbours to send! (at simulation time 637.000,000,000 s)
2025-06-06 16:07:53,715 INFO  - I have no neighbours to send! (at simulation time 637.000,000,000 s)
2025-06-06 16:07:53,715 INFO  - I have no neighbours to send! (at simulation time 637.000,000,000 s)
2025-06-06 16:07:53,715 INFO  - I have no neighbours to send! (at simulation time 637.000,000,000 s)
2025-06-06 16:07:53,715 INFO  - I have no neighbours to send! (at simulation time 637.000,000,000 s)
2025-06-06 16:07:53,715 INFO  - I have no neighbours to send! (at simulation time 637.000,000,000 s)
2025-06-06 16:07:53,715 INFO  - I have no neighbours to send! (at simulation time 637.000,000,000 s)
2025-06-06 16:07:53,715 INFO  - I have no neighbours to send! (at simulation time 637.000,000,000 s)
2025-06-06 16:07:53,715 INFO  - I have no neighbours to send! (at simulation time 637.000,000,000 s)
2025-06-06 16:07:53,715 INFO  - I have no neighbours to send! (at simulation time 637.000,000,000 s)
2025-06-06 16:07:53,715 INFO  - I have no neighbours to send! (at simulation time 637.000,000,000 s)
2025-06-06 16:07:53,715 INFO  - I have no neighbours to send! (at simulation time 637.000,000,000 s)
2025-06-06 16:07:53,715 INFO  - I have no neighbours to send! (at simulation time 637.000,000,000 s)
2025-06-06 16:07:53,715 INFO  - I have no neighbours to send! (at simulation time 637.000,000,000 s)
2025-06-06 16:07:53,715 INFO  - I have no neighbours to send! (at simulation time 637.000,000,000 s)
2025-06-06 16:07:53,715 INFO  - I have no neighbours to send! (at simulation time 637.000,000,000 s)
2025-06-06 16:07:53,715 INFO  - I have no neighbours to send! (at simulation time 637.000,000,000 s)
2025-06-06 16:07:53,715 INFO  - I have no neighbours to send! (at simulation time 637.000,000,000 s)
2025-06-06 16:07:53,715 INFO  - I have no neighbours to send! (at simulation time 637.000,000,000 s)
2025-06-06 16:07:53,715 INFO  - I have no neighbours to send! (at simulation time 637.000,000,000 s)
2025-06-06 16:07:53,716 INFO  - I have no neighbours to send! (at simulation time 637.000,000,000 s)
2025-06-06 16:07:53,716 INFO  - I have no neighbours to send! (at simulation time 637.000,000,000 s)
2025-06-06 16:07:53,716 INFO  - I have no neighbours to send! (at simulation time 637.000,000,000 s)
2025-06-06 16:07:53,718 INFO  - I have no neighbours to send! (at simulation time 638.000,000,000 s)
2025-06-06 16:07:53,718 INFO  - I have no neighbours to send! (at simulation time 638.000,000,000 s)
2025-06-06 16:07:53,718 INFO  - I have no neighbours to send! (at simulation time 638.000,000,000 s)
2025-06-06 16:07:53,718 INFO  - I have no neighbours to send! (at simulation time 638.000,000,000 s)
2025-06-06 16:07:53,718 INFO  - I have no neighbours to send! (at simulation time 638.000,000,000 s)
2025-06-06 16:07:53,718 INFO  - I have no neighbours to send! (at simulation time 638.000,000,000 s)
2025-06-06 16:07:53,718 INFO  - I have no neighbours to send! (at simulation time 638.000,000,000 s)
2025-06-06 16:07:53,718 INFO  - I have no neighbours to send! (at simulation time 638.000,000,000 s)
2025-06-06 16:07:53,718 INFO  - I have no neighbours to send! (at simulation time 638.000,000,000 s)
2025-06-06 16:07:53,718 INFO  - I have no neighbours to send! (at simulation time 638.000,000,000 s)
2025-06-06 16:07:53,718 INFO  - I have no neighbours to send! (at simulation time 638.000,000,000 s)
2025-06-06 16:07:53,718 INFO  - I have no neighbours to send! (at simulation time 638.000,000,000 s)
2025-06-06 16:07:53,718 INFO  - I have no neighbours to send! (at simulation time 638.000,000,000 s)
2025-06-06 16:07:53,718 INFO  - I have no neighbours to send! (at simulation time 638.000,000,000 s)
2025-06-06 16:07:53,719 INFO  - I have no neighbours to send! (at simulation time 638.000,000,000 s)
2025-06-06 16:07:53,719 INFO  - I have no neighbours to send! (at simulation time 638.000,000,000 s)
2025-06-06 16:07:53,719 INFO  - I have no neighbours to send! (at simulation time 638.000,000,000 s)
2025-06-06 16:07:53,719 INFO  - I have no neighbours to send! (at simulation time 638.000,000,000 s)
2025-06-06 16:07:53,719 INFO  - I have no neighbours to send! (at simulation time 638.000,000,000 s)
2025-06-06 16:07:53,719 INFO  - I have no neighbours to send! (at simulation time 638.000,000,000 s)
2025-06-06 16:07:53,719 INFO  - I have no neighbours to send! (at simulation time 638.000,000,000 s)
2025-06-06 16:07:53,719 INFO  - I have no neighbours to send! (at simulation time 638.000,000,000 s)
2025-06-06 16:07:53,719 INFO  - I have no neighbours to send! (at simulation time 638.000,000,000 s)
2025-06-06 16:07:53,719 INFO  - I have no neighbours to send! (at simulation time 638.000,000,000 s)
2025-06-06 16:07:53,719 INFO  - I have no neighbours to send! (at simulation time 638.000,000,000 s)
2025-06-06 16:07:53,719 INFO  - I have no neighbours to send! (at simulation time 638.000,000,000 s)
2025-06-06 16:07:53,719 INFO  - I have no neighbours to send! (at simulation time 638.000,000,000 s)
2025-06-06 16:07:53,719 INFO  - I have no neighbours to send! (at simulation time 638.000,000,000 s)
2025-06-06 16:07:53,719 INFO  - I have no neighbours to send! (at simulation time 638.000,000,000 s)
2025-06-06 16:07:53,719 INFO  - I have no neighbours to send! (at simulation time 638.000,000,000 s)
2025-06-06 16:07:53,719 INFO  - I have no neighbours to send! (at simulation time 638.000,000,000 s)
2025-06-06 16:07:53,719 INFO  - I have no neighbours to send! (at simulation time 638.000,000,000 s)
2025-06-06 16:07:53,719 INFO  - I have no neighbours to send! (at simulation time 638.000,000,000 s)
2025-06-06 16:07:53,719 INFO  - I have no neighbours to send! (at simulation time 638.000,000,000 s)
2025-06-06 16:07:53,719 INFO  - I have no neighbours to send! (at simulation time 638.000,000,000 s)
2025-06-06 16:07:53,719 INFO  - I have no neighbours to send! (at simulation time 638.000,000,000 s)
2025-06-06 16:07:53,719 INFO  - I have no neighbours to send! (at simulation time 638.000,000,000 s)
2025-06-06 16:07:53,719 INFO  - I have no neighbours to send! (at simulation time 638.000,000,000 s)
2025-06-06 16:07:53,720 INFO  - I have no neighbours to send! (at simulation time 638.000,000,000 s)
2025-06-06 16:07:53,720 INFO  - I have no neighbours to send! (at simulation time 638.000,000,000 s)
2025-06-06 16:07:53,720 INFO  - I have no neighbours to send! (at simulation time 638.000,000,000 s)
2025-06-06 16:07:53,720 INFO  - I have no neighbours to send! (at simulation time 638.000,000,000 s)
2025-06-06 16:07:53,720 INFO  - I have no neighbours to send! (at simulation time 638.000,000,000 s)
2025-06-06 16:07:53,720 INFO  - I have no neighbours to send! (at simulation time 638.000,000,000 s)
2025-06-06 16:07:53,720 INFO  - I have no neighbours to send! (at simulation time 638.000,000,000 s)
2025-06-06 16:07:53,720 INFO  - I have no neighbours to send! (at simulation time 638.000,000,000 s)
2025-06-06 16:07:53,720 INFO  - I have no neighbours to send! (at simulation time 638.000,000,000 s)
2025-06-06 16:07:53,720 INFO  - I have no neighbours to send! (at simulation time 638.000,000,000 s)
2025-06-06 16:07:53,720 INFO  - I have no neighbours to send! (at simulation time 638.000,000,000 s)
2025-06-06 16:07:53,720 INFO  - I have no neighbours to send! (at simulation time 638.000,000,000 s)
2025-06-06 16:07:53,720 INFO  - I have no neighbours to send! (at simulation time 638.000,000,000 s)
2025-06-06 16:07:53,720 INFO  - I have no neighbours to send! (at simulation time 638.000,000,000 s)
2025-06-06 16:07:53,720 INFO  - I have no neighbours to send! (at simulation time 638.000,000,000 s)
2025-06-06 16:07:53,720 INFO  - I have no neighbours to send! (at simulation time 638.000,000,000 s)
2025-06-06 16:07:53,720 INFO  - I have no neighbours to send! (at simulation time 638.000,000,000 s)
2025-06-06 16:07:53,720 INFO  - I have no neighbours to send! (at simulation time 638.000,000,000 s)
2025-06-06 16:07:53,720 INFO  - I have no neighbours to send! (at simulation time 638.000,000,000 s)
2025-06-06 16:07:53,722 INFO  - I have no neighbours to send! (at simulation time 639.000,000,000 s)
2025-06-06 16:07:53,723 INFO  - I have no neighbours to send! (at simulation time 639.000,000,000 s)
2025-06-06 16:07:53,723 INFO  - I have no neighbours to send! (at simulation time 639.000,000,000 s)
2025-06-06 16:07:53,723 INFO  - I have no neighbours to send! (at simulation time 639.000,000,000 s)
2025-06-06 16:07:53,723 INFO  - I have no neighbours to send! (at simulation time 639.000,000,000 s)
2025-06-06 16:07:53,723 INFO  - I have no neighbours to send! (at simulation time 639.000,000,000 s)
2025-06-06 16:07:53,723 INFO  - I have no neighbours to send! (at simulation time 639.000,000,000 s)
2025-06-06 16:07:53,723 INFO  - I have no neighbours to send! (at simulation time 639.000,000,000 s)
2025-06-06 16:07:53,723 INFO  - I have no neighbours to send! (at simulation time 639.000,000,000 s)
2025-06-06 16:07:53,723 INFO  - I have no neighbours to send! (at simulation time 639.000,000,000 s)
2025-06-06 16:07:53,723 INFO  - I have no neighbours to send! (at simulation time 639.000,000,000 s)
2025-06-06 16:07:53,723 INFO  - I have no neighbours to send! (at simulation time 639.000,000,000 s)
2025-06-06 16:07:53,723 INFO  - I have no neighbours to send! (at simulation time 639.000,000,000 s)
2025-06-06 16:07:53,723 INFO  - I have no neighbours to send! (at simulation time 639.000,000,000 s)
2025-06-06 16:07:53,724 INFO  - I have no neighbours to send! (at simulation time 639.000,000,000 s)
2025-06-06 16:07:53,724 INFO  - I have no neighbours to send! (at simulation time 639.000,000,000 s)
2025-06-06 16:07:53,724 INFO  - I have no neighbours to send! (at simulation time 639.000,000,000 s)
2025-06-06 16:07:53,724 INFO  - I have no neighbours to send! (at simulation time 639.000,000,000 s)
2025-06-06 16:07:53,724 INFO  - I have no neighbours to send! (at simulation time 639.000,000,000 s)
2025-06-06 16:07:53,724 INFO  - I have no neighbours to send! (at simulation time 639.000,000,000 s)
2025-06-06 16:07:53,724 INFO  - I have no neighbours to send! (at simulation time 639.000,000,000 s)
2025-06-06 16:07:53,724 INFO  - I have no neighbours to send! (at simulation time 639.000,000,000 s)
2025-06-06 16:07:53,724 INFO  - I have no neighbours to send! (at simulation time 639.000,000,000 s)
2025-06-06 16:07:53,724 INFO  - I have no neighbours to send! (at simulation time 639.000,000,000 s)
2025-06-06 16:07:53,724 INFO  - I have no neighbours to send! (at simulation time 639.000,000,000 s)
2025-06-06 16:07:53,724 INFO  - I have no neighbours to send! (at simulation time 639.000,000,000 s)
2025-06-06 16:07:53,724 INFO  - I have no neighbours to send! (at simulation time 639.000,000,000 s)
2025-06-06 16:07:53,724 INFO  - I have no neighbours to send! (at simulation time 639.000,000,000 s)
2025-06-06 16:07:53,724 INFO  - I have no neighbours to send! (at simulation time 639.000,000,000 s)
2025-06-06 16:07:53,724 INFO  - I have no neighbours to send! (at simulation time 639.000,000,000 s)
2025-06-06 16:07:53,724 INFO  - I have no neighbours to send! (at simulation time 639.000,000,000 s)
2025-06-06 16:07:53,724 INFO  - I have no neighbours to send! (at simulation time 639.000,000,000 s)
2025-06-06 16:07:53,725 INFO  - I have no neighbours to send! (at simulation time 639.000,000,000 s)
2025-06-06 16:07:53,725 INFO  - I have no neighbours to send! (at simulation time 639.000,000,000 s)
2025-06-06 16:07:53,725 INFO  - I have no neighbours to send! (at simulation time 639.000,000,000 s)
2025-06-06 16:07:53,725 INFO  - I have no neighbours to send! (at simulation time 639.000,000,000 s)
2025-06-06 16:07:53,725 INFO  - I have no neighbours to send! (at simulation time 639.000,000,000 s)
2025-06-06 16:07:53,725 INFO  - I have no neighbours to send! (at simulation time 639.000,000,000 s)
2025-06-06 16:07:53,725 INFO  - I have no neighbours to send! (at simulation time 639.000,000,000 s)
2025-06-06 16:07:53,725 INFO  - I have no neighbours to send! (at simulation time 639.000,000,000 s)
2025-06-06 16:07:53,725 INFO  - I have no neighbours to send! (at simulation time 639.000,000,000 s)
2025-06-06 16:07:53,725 INFO  - I have no neighbours to send! (at simulation time 639.000,000,000 s)
2025-06-06 16:07:53,725 INFO  - I have no neighbours to send! (at simulation time 639.000,000,000 s)
2025-06-06 16:07:53,725 INFO  - I have no neighbours to send! (at simulation time 639.000,000,000 s)
2025-06-06 16:07:53,725 INFO  - I have no neighbours to send! (at simulation time 639.000,000,000 s)
2025-06-06 16:07:53,725 INFO  - I have no neighbours to send! (at simulation time 639.000,000,000 s)
2025-06-06 16:07:53,725 INFO  - I have no neighbours to send! (at simulation time 639.000,000,000 s)
2025-06-06 16:07:53,725 INFO  - I have no neighbours to send! (at simulation time 639.000,000,000 s)
2025-06-06 16:07:53,725 INFO  - I have no neighbours to send! (at simulation time 639.000,000,000 s)
2025-06-06 16:07:53,725 INFO  - I have no neighbours to send! (at simulation time 639.000,000,000 s)
2025-06-06 16:07:53,725 INFO  - I have no neighbours to send! (at simulation time 639.000,000,000 s)
2025-06-06 16:07:53,725 INFO  - I have no neighbours to send! (at simulation time 639.000,000,000 s)
2025-06-06 16:07:53,725 INFO  - I have no neighbours to send! (at simulation time 639.000,000,000 s)
2025-06-06 16:07:53,725 INFO  - I have no neighbours to send! (at simulation time 639.000,000,000 s)
2025-06-06 16:07:53,725 INFO  - I have no neighbours to send! (at simulation time 639.000,000,000 s)
2025-06-06 16:07:53,726 INFO  - I have no neighbours to send! (at simulation time 639.000,000,000 s)
2025-06-06 16:07:53,726 INFO  - I have no neighbours to send! (at simulation time 639.000,000,000 s)
2025-06-06 16:07:53,726 INFO  - I have no neighbours to send! (at simulation time 639.000,000,000 s)
2025-06-06 16:07:53,728 INFO  - I have no neighbours to send! (at simulation time 640.000,000,000 s)
2025-06-06 16:07:53,728 INFO  - I have no neighbours to send! (at simulation time 640.000,000,000 s)
2025-06-06 16:07:53,728 INFO  - I have no neighbours to send! (at simulation time 640.000,000,000 s)
2025-06-06 16:07:53,728 INFO  - I have no neighbours to send! (at simulation time 640.000,000,000 s)
2025-06-06 16:07:53,728 INFO  - I have no neighbours to send! (at simulation time 640.000,000,000 s)
2025-06-06 16:07:53,728 INFO  - I have no neighbours to send! (at simulation time 640.000,000,000 s)
2025-06-06 16:07:53,728 INFO  - I have no neighbours to send! (at simulation time 640.000,000,000 s)
2025-06-06 16:07:53,728 INFO  - I have no neighbours to send! (at simulation time 640.000,000,000 s)
2025-06-06 16:07:53,729 INFO  - I have no neighbours to send! (at simulation time 640.000,000,000 s)
2025-06-06 16:07:53,729 INFO  - I have no neighbours to send! (at simulation time 640.000,000,000 s)
2025-06-06 16:07:53,729 INFO  - I have no neighbours to send! (at simulation time 640.000,000,000 s)
2025-06-06 16:07:53,729 INFO  - I have no neighbours to send! (at simulation time 640.000,000,000 s)
2025-06-06 16:07:53,729 INFO  - I have no neighbours to send! (at simulation time 640.000,000,000 s)
2025-06-06 16:07:53,729 INFO  - I have no neighbours to send! (at simulation time 640.000,000,000 s)
2025-06-06 16:07:53,729 INFO  - I have no neighbours to send! (at simulation time 640.000,000,000 s)
2025-06-06 16:07:53,729 INFO  - I have no neighbours to send! (at simulation time 640.000,000,000 s)
2025-06-06 16:07:53,729 INFO  - I have no neighbours to send! (at simulation time 640.000,000,000 s)
2025-06-06 16:07:53,729 INFO  - I have no neighbours to send! (at simulation time 640.000,000,000 s)
2025-06-06 16:07:53,729 INFO  - I have no neighbours to send! (at simulation time 640.000,000,000 s)
2025-06-06 16:07:53,729 INFO  - I have no neighbours to send! (at simulation time 640.000,000,000 s)
2025-06-06 16:07:53,729 INFO  - I have no neighbours to send! (at simulation time 640.000,000,000 s)
2025-06-06 16:07:53,729 INFO  - I have no neighbours to send! (at simulation time 640.000,000,000 s)
2025-06-06 16:07:53,729 INFO  - I have no neighbours to send! (at simulation time 640.000,000,000 s)
2025-06-06 16:07:53,729 INFO  - I have no neighbours to send! (at simulation time 640.000,000,000 s)
2025-06-06 16:07:53,729 INFO  - I have no neighbours to send! (at simulation time 640.000,000,000 s)
2025-06-06 16:07:53,729 INFO  - I have no neighbours to send! (at simulation time 640.000,000,000 s)
2025-06-06 16:07:53,730 INFO  - I have no neighbours to send! (at simulation time 640.000,000,000 s)
2025-06-06 16:07:53,730 INFO  - I have no neighbours to send! (at simulation time 640.000,000,000 s)
2025-06-06 16:07:53,730 INFO  - I have no neighbours to send! (at simulation time 640.000,000,000 s)
2025-06-06 16:07:53,730 INFO  - I have no neighbours to send! (at simulation time 640.000,000,000 s)
2025-06-06 16:07:53,730 INFO  - I have no neighbours to send! (at simulation time 640.000,000,000 s)
2025-06-06 16:07:53,730 INFO  - I have no neighbours to send! (at simulation time 640.000,000,000 s)
2025-06-06 16:07:53,730 INFO  - I have no neighbours to send! (at simulation time 640.000,000,000 s)
2025-06-06 16:07:53,730 INFO  - I have no neighbours to send! (at simulation time 640.000,000,000 s)
2025-06-06 16:07:53,730 INFO  - I have no neighbours to send! (at simulation time 640.000,000,000 s)
2025-06-06 16:07:53,730 INFO  - I have no neighbours to send! (at simulation time 640.000,000,000 s)
2025-06-06 16:07:53,730 INFO  - I have no neighbours to send! (at simulation time 640.000,000,000 s)
2025-06-06 16:07:53,730 INFO  - I have no neighbours to send! (at simulation time 640.000,000,000 s)
2025-06-06 16:07:53,730 INFO  - I have no neighbours to send! (at simulation time 640.000,000,000 s)
2025-06-06 16:07:53,730 INFO  - I have no neighbours to send! (at simulation time 640.000,000,000 s)
2025-06-06 16:07:53,730 INFO  - I have no neighbours to send! (at simulation time 640.000,000,000 s)
2025-06-06 16:07:53,730 INFO  - I have no neighbours to send! (at simulation time 640.000,000,000 s)
2025-06-06 16:07:53,730 INFO  - I have no neighbours to send! (at simulation time 640.000,000,000 s)
2025-06-06 16:07:53,730 INFO  - I have no neighbours to send! (at simulation time 640.000,000,000 s)
2025-06-06 16:07:53,731 INFO  - I have no neighbours to send! (at simulation time 640.000,000,000 s)
2025-06-06 16:07:53,731 INFO  - I have no neighbours to send! (at simulation time 640.000,000,000 s)
2025-06-06 16:07:53,731 INFO  - I have no neighbours to send! (at simulation time 640.000,000,000 s)
2025-06-06 16:07:53,731 INFO  - I have no neighbours to send! (at simulation time 640.000,000,000 s)
2025-06-06 16:07:53,731 INFO  - I have no neighbours to send! (at simulation time 640.000,000,000 s)
2025-06-06 16:07:53,731 INFO  - I have no neighbours to send! (at simulation time 640.000,000,000 s)
2025-06-06 16:07:53,731 INFO  - I have no neighbours to send! (at simulation time 640.000,000,000 s)
2025-06-06 16:07:53,731 INFO  - I have no neighbours to send! (at simulation time 640.000,000,000 s)
2025-06-06 16:07:53,731 INFO  - I have no neighbours to send! (at simulation time 640.000,000,000 s)
2025-06-06 16:07:53,731 INFO  - I have no neighbours to send! (at simulation time 640.000,000,000 s)
2025-06-06 16:07:53,731 INFO  - I have no neighbours to send! (at simulation time 640.000,000,000 s)
2025-06-06 16:07:53,731 INFO  - I have no neighbours to send! (at simulation time 640.000,000,000 s)
2025-06-06 16:07:53,731 INFO  - I have no neighbours to send! (at simulation time 640.000,000,000 s)
2025-06-06 16:07:53,731 INFO  - I have no neighbours to send! (at simulation time 640.000,000,000 s)
2025-06-06 16:07:53,731 INFO  - I have no neighbours to send! (at simulation time 640.000,000,000 s)
2025-06-06 16:07:53,733 INFO  - Received metrics from FogNode: avgR0=1.328125, avgR1=2.125 (at simulation time 640.003,300,000 s)
2025-06-06 16:07:53,734 INFO  - I have no neighbours to send! (at simulation time 641.000,000,000 s)
2025-06-06 16:07:53,734 INFO  - I have no neighbours to send! (at simulation time 641.000,000,000 s)
2025-06-06 16:07:53,734 INFO  - I have no neighbours to send! (at simulation time 641.000,000,000 s)
2025-06-06 16:07:53,734 INFO  - I have no neighbours to send! (at simulation time 641.000,000,000 s)
2025-06-06 16:07:53,734 INFO  - I have no neighbours to send! (at simulation time 641.000,000,000 s)
2025-06-06 16:07:53,734 INFO  - I have no neighbours to send! (at simulation time 641.000,000,000 s)
2025-06-06 16:07:53,734 INFO  - I have no neighbours to send! (at simulation time 641.000,000,000 s)
2025-06-06 16:07:53,734 INFO  - I have no neighbours to send! (at simulation time 641.000,000,000 s)
2025-06-06 16:07:53,734 INFO  - I have no neighbours to send! (at simulation time 641.000,000,000 s)
2025-06-06 16:07:53,734 INFO  - I have no neighbours to send! (at simulation time 641.000,000,000 s)
2025-06-06 16:07:53,734 INFO  - I have no neighbours to send! (at simulation time 641.000,000,000 s)
2025-06-06 16:07:53,734 INFO  - I have no neighbours to send! (at simulation time 641.000,000,000 s)
2025-06-06 16:07:53,735 INFO  - I have no neighbours to send! (at simulation time 641.000,000,000 s)
2025-06-06 16:07:53,735 INFO  - I have no neighbours to send! (at simulation time 641.000,000,000 s)
2025-06-06 16:07:53,735 INFO  - I have no neighbours to send! (at simulation time 641.000,000,000 s)
2025-06-06 16:07:53,735 INFO  - I have no neighbours to send! (at simulation time 641.000,000,000 s)
2025-06-06 16:07:53,735 INFO  - I have no neighbours to send! (at simulation time 641.000,000,000 s)
2025-06-06 16:07:53,735 INFO  - I have no neighbours to send! (at simulation time 641.000,000,000 s)
2025-06-06 16:07:53,735 INFO  - I have no neighbours to send! (at simulation time 641.000,000,000 s)
2025-06-06 16:07:53,735 INFO  - I have no neighbours to send! (at simulation time 641.000,000,000 s)
2025-06-06 16:07:53,735 INFO  - I have no neighbours to send! (at simulation time 641.000,000,000 s)
2025-06-06 16:07:53,735 INFO  - I have no neighbours to send! (at simulation time 641.000,000,000 s)
2025-06-06 16:07:53,735 INFO  - I have no neighbours to send! (at simulation time 641.000,000,000 s)
2025-06-06 16:07:53,735 INFO  - I have no neighbours to send! (at simulation time 641.000,000,000 s)
2025-06-06 16:07:53,735 INFO  - I have no neighbours to send! (at simulation time 641.000,000,000 s)
2025-06-06 16:07:53,735 INFO  - I have no neighbours to send! (at simulation time 641.000,000,000 s)
2025-06-06 16:07:53,735 INFO  - I have no neighbours to send! (at simulation time 641.000,000,000 s)
2025-06-06 16:07:53,735 INFO  - I have no neighbours to send! (at simulation time 641.000,000,000 s)
2025-06-06 16:07:53,735 INFO  - I have no neighbours to send! (at simulation time 641.000,000,000 s)
2025-06-06 16:07:53,735 INFO  - I have no neighbours to send! (at simulation time 641.000,000,000 s)
2025-06-06 16:07:53,736 INFO  - I have no neighbours to send! (at simulation time 641.000,000,000 s)
2025-06-06 16:07:53,736 INFO  - I have no neighbours to send! (at simulation time 641.000,000,000 s)
2025-06-06 16:07:53,736 INFO  - I have no neighbours to send! (at simulation time 641.000,000,000 s)
2025-06-06 16:07:53,736 INFO  - I have no neighbours to send! (at simulation time 641.000,000,000 s)
2025-06-06 16:07:53,736 INFO  - I have no neighbours to send! (at simulation time 641.000,000,000 s)
2025-06-06 16:07:53,736 INFO  - I have no neighbours to send! (at simulation time 641.000,000,000 s)
2025-06-06 16:07:53,736 INFO  - I have no neighbours to send! (at simulation time 641.000,000,000 s)
2025-06-06 16:07:53,736 INFO  - I have no neighbours to send! (at simulation time 641.000,000,000 s)
2025-06-06 16:07:53,736 INFO  - I have no neighbours to send! (at simulation time 641.000,000,000 s)
2025-06-06 16:07:53,736 INFO  - I have no neighbours to send! (at simulation time 641.000,000,000 s)
2025-06-06 16:07:53,736 INFO  - I have no neighbours to send! (at simulation time 641.000,000,000 s)
2025-06-06 16:07:53,736 INFO  - I have no neighbours to send! (at simulation time 641.000,000,000 s)
2025-06-06 16:07:53,736 INFO  - I have no neighbours to send! (at simulation time 641.000,000,000 s)
2025-06-06 16:07:53,736 INFO  - I have no neighbours to send! (at simulation time 641.000,000,000 s)
2025-06-06 16:07:53,736 INFO  - I have no neighbours to send! (at simulation time 641.000,000,000 s)
2025-06-06 16:07:53,736 INFO  - I have no neighbours to send! (at simulation time 641.000,000,000 s)
2025-06-06 16:07:53,736 INFO  - I have no neighbours to send! (at simulation time 641.000,000,000 s)
2025-06-06 16:07:53,736 INFO  - I have no neighbours to send! (at simulation time 641.000,000,000 s)
2025-06-06 16:07:53,736 INFO  - I have no neighbours to send! (at simulation time 641.000,000,000 s)
2025-06-06 16:07:53,736 INFO  - I have no neighbours to send! (at simulation time 641.000,000,000 s)
2025-06-06 16:07:53,736 INFO  - I have no neighbours to send! (at simulation time 641.000,000,000 s)
2025-06-06 16:07:53,736 INFO  - I have no neighbours to send! (at simulation time 641.000,000,000 s)
2025-06-06 16:07:53,737 INFO  - I have no neighbours to send! (at simulation time 641.000,000,000 s)
2025-06-06 16:07:53,737 INFO  - I have no neighbours to send! (at simulation time 641.000,000,000 s)
2025-06-06 16:07:53,737 INFO  - I have no neighbours to send! (at simulation time 641.000,000,000 s)
2025-06-06 16:07:53,737 INFO  - I have no neighbours to send! (at simulation time 641.000,000,000 s)
2025-06-06 16:07:53,737 INFO  - I have no neighbours to send! (at simulation time 641.000,000,000 s)
2025-06-06 16:07:53,737 INFO  - I have no neighbours to send! (at simulation time 641.000,000,000 s)
2025-06-06 16:07:53,737 INFO  - I have no neighbours to send! (at simulation time 641.000,000,000 s)
2025-06-06 16:07:53,737 INFO  - I have no neighbours to send! (at simulation time 641.000,000,000 s)
2025-06-06 16:07:53,739 INFO  - Sent periodic GreenWaveMsg: veh_112 on route r_0 (at simulation time 642.000,000,000 s)
2025-06-06 16:07:53,739 INFO  - I have no neighbours to send! (at simulation time 642.000,000,000 s)
2025-06-06 16:07:53,739 INFO  - I have no neighbours to send! (at simulation time 642.000,000,000 s)
2025-06-06 16:07:53,739 INFO  - I have no neighbours to send! (at simulation time 642.000,000,000 s)
2025-06-06 16:07:53,739 INFO  - I have no neighbours to send! (at simulation time 642.000,000,000 s)
2025-06-06 16:07:53,739 INFO  - I have no neighbours to send! (at simulation time 642.000,000,000 s)
2025-06-06 16:07:53,739 INFO  - I have no neighbours to send! (at simulation time 642.000,000,000 s)
2025-06-06 16:07:53,739 INFO  - I have no neighbours to send! (at simulation time 642.000,000,000 s)
2025-06-06 16:07:53,739 INFO  - I have no neighbours to send! (at simulation time 642.000,000,000 s)
2025-06-06 16:07:53,739 INFO  - I have no neighbours to send! (at simulation time 642.000,000,000 s)
2025-06-06 16:07:53,740 INFO  - I have no neighbours to send! (at simulation time 642.000,000,000 s)
2025-06-06 16:07:53,740 INFO  - I have no neighbours to send! (at simulation time 642.000,000,000 s)
2025-06-06 16:07:53,740 INFO  - I have no neighbours to send! (at simulation time 642.000,000,000 s)
2025-06-06 16:07:53,740 INFO  - I have no neighbours to send! (at simulation time 642.000,000,000 s)
2025-06-06 16:07:53,740 INFO  - I have no neighbours to send! (at simulation time 642.000,000,000 s)
2025-06-06 16:07:53,740 INFO  - I have no neighbours to send! (at simulation time 642.000,000,000 s)
2025-06-06 16:07:53,740 INFO  - I have no neighbours to send! (at simulation time 642.000,000,000 s)
2025-06-06 16:07:53,740 INFO  - I have no neighbours to send! (at simulation time 642.000,000,000 s)
2025-06-06 16:07:53,740 INFO  - I have no neighbours to send! (at simulation time 642.000,000,000 s)
2025-06-06 16:07:53,740 INFO  - I have no neighbours to send! (at simulation time 642.000,000,000 s)
2025-06-06 16:07:53,740 INFO  - I have no neighbours to send! (at simulation time 642.000,000,000 s)
2025-06-06 16:07:53,740 INFO  - I have no neighbours to send! (at simulation time 642.000,000,000 s)
2025-06-06 16:07:53,740 INFO  - I have no neighbours to send! (at simulation time 642.000,000,000 s)
2025-06-06 16:07:53,740 INFO  - I have no neighbours to send! (at simulation time 642.000,000,000 s)
2025-06-06 16:07:53,740 INFO  - I have no neighbours to send! (at simulation time 642.000,000,000 s)
2025-06-06 16:07:53,740 INFO  - I have no neighbours to send! (at simulation time 642.000,000,000 s)
2025-06-06 16:07:53,740 INFO  - I have no neighbours to send! (at simulation time 642.000,000,000 s)
2025-06-06 16:07:53,740 INFO  - I have no neighbours to send! (at simulation time 642.000,000,000 s)
2025-06-06 16:07:53,741 INFO  - I have no neighbours to send! (at simulation time 642.000,000,000 s)
2025-06-06 16:07:53,741 INFO  - I have no neighbours to send! (at simulation time 642.000,000,000 s)
2025-06-06 16:07:53,741 INFO  - I have no neighbours to send! (at simulation time 642.000,000,000 s)
2025-06-06 16:07:53,741 INFO  - I have no neighbours to send! (at simulation time 642.000,000,000 s)
2025-06-06 16:07:53,741 INFO  - I have no neighbours to send! (at simulation time 642.000,000,000 s)
2025-06-06 16:07:53,741 INFO  - I have no neighbours to send! (at simulation time 642.000,000,000 s)
2025-06-06 16:07:53,741 INFO  - I have no neighbours to send! (at simulation time 642.000,000,000 s)
2025-06-06 16:07:53,741 INFO  - I have no neighbours to send! (at simulation time 642.000,000,000 s)
2025-06-06 16:07:53,741 INFO  - I have no neighbours to send! (at simulation time 642.000,000,000 s)
2025-06-06 16:07:53,741 INFO  - I have no neighbours to send! (at simulation time 642.000,000,000 s)
2025-06-06 16:07:53,741 INFO  - I have no neighbours to send! (at simulation time 642.000,000,000 s)
2025-06-06 16:07:53,741 INFO  - I have no neighbours to send! (at simulation time 642.000,000,000 s)
2025-06-06 16:07:53,741 INFO  - I have no neighbours to send! (at simulation time 642.000,000,000 s)
2025-06-06 16:07:53,741 INFO  - I have no neighbours to send! (at simulation time 642.000,000,000 s)
2025-06-06 16:07:53,741 INFO  - I have no neighbours to send! (at simulation time 642.000,000,000 s)
2025-06-06 16:07:53,741 INFO  - I have no neighbours to send! (at simulation time 642.000,000,000 s)
2025-06-06 16:07:53,741 INFO  - I have no neighbours to send! (at simulation time 642.000,000,000 s)
2025-06-06 16:07:53,741 INFO  - I have no neighbours to send! (at simulation time 642.000,000,000 s)
2025-06-06 16:07:53,741 INFO  - I have no neighbours to send! (at simulation time 642.000,000,000 s)
2025-06-06 16:07:53,741 INFO  - I have no neighbours to send! (at simulation time 642.000,000,000 s)
2025-06-06 16:07:53,741 INFO  - I have no neighbours to send! (at simulation time 642.000,000,000 s)
2025-06-06 16:07:53,742 INFO  - I have no neighbours to send! (at simulation time 642.000,000,000 s)
2025-06-06 16:07:53,742 INFO  - I have no neighbours to send! (at simulation time 642.000,000,000 s)
2025-06-06 16:07:53,742 INFO  - I have no neighbours to send! (at simulation time 642.000,000,000 s)
2025-06-06 16:07:53,742 INFO  - I have no neighbours to send! (at simulation time 642.000,000,000 s)
2025-06-06 16:07:53,742 INFO  - I have no neighbours to send! (at simulation time 642.000,000,000 s)
2025-06-06 16:07:53,742 INFO  - I have no neighbours to send! (at simulation time 642.000,000,000 s)
2025-06-06 16:07:53,742 INFO  - I have no neighbours to send! (at simulation time 642.000,000,000 s)
2025-06-06 16:07:53,742 INFO  - I have no neighbours to send! (at simulation time 642.000,000,000 s)
2025-06-06 16:07:53,742 INFO  - I have no neighbours to send! (at simulation time 642.000,000,000 s)
2025-06-06 16:07:53,742 INFO  - I have no neighbours to send! (at simulation time 642.000,000,000 s)
2025-06-06 16:07:53,742 INFO  - I have no neighbours to send! (at simulation time 642.000,000,000 s)
2025-06-06 16:07:53,742 INFO  - I have no neighbours to send! (at simulation time 642.000,000,000 s)
2025-06-06 16:07:53,742 INFO  - I have no neighbours to send! (at simulation time 642.000,000,000 s)
2025-06-06 16:07:53,745 INFO  - I have no neighbours to send! (at simulation time 643.000,000,000 s)
2025-06-06 16:07:53,745 INFO  - I have no neighbours to send! (at simulation time 643.000,000,000 s)
2025-06-06 16:07:53,745 INFO  - I have no neighbours to send! (at simulation time 643.000,000,000 s)
2025-06-06 16:07:53,745 INFO  - I have no neighbours to send! (at simulation time 643.000,000,000 s)
2025-06-06 16:07:53,745 INFO  - I have no neighbours to send! (at simulation time 643.000,000,000 s)
2025-06-06 16:07:53,745 INFO  - I have no neighbours to send! (at simulation time 643.000,000,000 s)
2025-06-06 16:07:53,745 INFO  - I have no neighbours to send! (at simulation time 643.000,000,000 s)
2025-06-06 16:07:53,745 INFO  - I have no neighbours to send! (at simulation time 643.000,000,000 s)
2025-06-06 16:07:53,746 INFO  - I have no neighbours to send! (at simulation time 643.000,000,000 s)
2025-06-06 16:07:53,746 INFO  - I have no neighbours to send! (at simulation time 643.000,000,000 s)
2025-06-06 16:07:53,746 INFO  - I have no neighbours to send! (at simulation time 643.000,000,000 s)
2025-06-06 16:07:53,746 INFO  - I have no neighbours to send! (at simulation time 643.000,000,000 s)
2025-06-06 16:07:53,746 INFO  - I have no neighbours to send! (at simulation time 643.000,000,000 s)
2025-06-06 16:07:53,746 INFO  - I have no neighbours to send! (at simulation time 643.000,000,000 s)
2025-06-06 16:07:53,746 INFO  - I have no neighbours to send! (at simulation time 643.000,000,000 s)
2025-06-06 16:07:53,746 INFO  - I have no neighbours to send! (at simulation time 643.000,000,000 s)
2025-06-06 16:07:53,746 INFO  - I have no neighbours to send! (at simulation time 643.000,000,000 s)
2025-06-06 16:07:53,746 INFO  - I have no neighbours to send! (at simulation time 643.000,000,000 s)
2025-06-06 16:07:53,746 INFO  - I have no neighbours to send! (at simulation time 643.000,000,000 s)
2025-06-06 16:07:53,746 INFO  - I have no neighbours to send! (at simulation time 643.000,000,000 s)
2025-06-06 16:07:53,746 INFO  - I have no neighbours to send! (at simulation time 643.000,000,000 s)
2025-06-06 16:07:53,746 INFO  - I have no neighbours to send! (at simulation time 643.000,000,000 s)
2025-06-06 16:07:53,746 INFO  - I have no neighbours to send! (at simulation time 643.000,000,000 s)
2025-06-06 16:07:53,746 INFO  - I have no neighbours to send! (at simulation time 643.000,000,000 s)
2025-06-06 16:07:53,746 INFO  - I have no neighbours to send! (at simulation time 643.000,000,000 s)
2025-06-06 16:07:53,747 INFO  - I have no neighbours to send! (at simulation time 643.000,000,000 s)
2025-06-06 16:07:53,747 INFO  - I have no neighbours to send! (at simulation time 643.000,000,000 s)
2025-06-06 16:07:53,747 INFO  - I have no neighbours to send! (at simulation time 643.000,000,000 s)
2025-06-06 16:07:53,747 INFO  - I have no neighbours to send! (at simulation time 643.000,000,000 s)
2025-06-06 16:07:53,747 INFO  - I have no neighbours to send! (at simulation time 643.000,000,000 s)
2025-06-06 16:07:53,747 INFO  - I have no neighbours to send! (at simulation time 643.000,000,000 s)
2025-06-06 16:07:53,747 INFO  - I have no neighbours to send! (at simulation time 643.000,000,000 s)
2025-06-06 16:07:53,747 INFO  - I have no neighbours to send! (at simulation time 643.000,000,000 s)
2025-06-06 16:07:53,747 INFO  - I have no neighbours to send! (at simulation time 643.000,000,000 s)
2025-06-06 16:07:53,747 INFO  - I have no neighbours to send! (at simulation time 643.000,000,000 s)
2025-06-06 16:07:53,747 INFO  - I have no neighbours to send! (at simulation time 643.000,000,000 s)
2025-06-06 16:07:53,747 INFO  - I have no neighbours to send! (at simulation time 643.000,000,000 s)
2025-06-06 16:07:53,747 INFO  - I have no neighbours to send! (at simulation time 643.000,000,000 s)
2025-06-06 16:07:53,747 INFO  - I have no neighbours to send! (at simulation time 643.000,000,000 s)
2025-06-06 16:07:53,747 INFO  - I have no neighbours to send! (at simulation time 643.000,000,000 s)
2025-06-06 16:07:53,747 INFO  - I have no neighbours to send! (at simulation time 643.000,000,000 s)
2025-06-06 16:07:53,747 INFO  - I have no neighbours to send! (at simulation time 643.000,000,000 s)
2025-06-06 16:07:53,747 INFO  - I have no neighbours to send! (at simulation time 643.000,000,000 s)
2025-06-06 16:07:53,747 INFO  - I have no neighbours to send! (at simulation time 643.000,000,000 s)
2025-06-06 16:07:53,747 INFO  - I have no neighbours to send! (at simulation time 643.000,000,000 s)
2025-06-06 16:07:53,748 INFO  - I have no neighbours to send! (at simulation time 643.000,000,000 s)
2025-06-06 16:07:53,748 INFO  - I have no neighbours to send! (at simulation time 643.000,000,000 s)
2025-06-06 16:07:53,748 INFO  - I have no neighbours to send! (at simulation time 643.000,000,000 s)
2025-06-06 16:07:53,748 INFO  - I have no neighbours to send! (at simulation time 643.000,000,000 s)
2025-06-06 16:07:53,748 INFO  - I have no neighbours to send! (at simulation time 643.000,000,000 s)
2025-06-06 16:07:53,748 INFO  - I have no neighbours to send! (at simulation time 643.000,000,000 s)
2025-06-06 16:07:53,748 INFO  - I have no neighbours to send! (at simulation time 643.000,000,000 s)
2025-06-06 16:07:53,748 INFO  - I have no neighbours to send! (at simulation time 643.000,000,000 s)
2025-06-06 16:07:53,748 INFO  - I have no neighbours to send! (at simulation time 643.000,000,000 s)
2025-06-06 16:07:53,748 INFO  - I have no neighbours to send! (at simulation time 643.000,000,000 s)
2025-06-06 16:07:53,748 INFO  - I have no neighbours to send! (at simulation time 643.000,000,000 s)
2025-06-06 16:07:53,748 INFO  - I have no neighbours to send! (at simulation time 643.000,000,000 s)
2025-06-06 16:07:53,748 INFO  - I have no neighbours to send! (at simulation time 643.000,000,000 s)
2025-06-06 16:07:53,748 INFO  - I have no neighbours to send! (at simulation time 643.000,000,000 s)
2025-06-06 16:07:53,748 INFO  - I have no neighbours to send! (at simulation time 643.000,000,000 s)
2025-06-06 16:07:53,748 INFO  - I have no neighbours to send! (at simulation time 643.000,000,000 s)
2025-06-06 16:07:53,748 INFO  - I have no neighbours to send! (at simulation time 643.000,000,000 s)
2025-06-06 16:07:53,754 INFO  - I have no neighbours to send! (at simulation time 644.000,000,000 s)
2025-06-06 16:07:53,755 INFO  - I have no neighbours to send! (at simulation time 644.000,000,000 s)
2025-06-06 16:07:53,755 INFO  - I have no neighbours to send! (at simulation time 644.000,000,000 s)
2025-06-06 16:07:53,755 INFO  - I have no neighbours to send! (at simulation time 644.000,000,000 s)
2025-06-06 16:07:53,755 INFO  - I have no neighbours to send! (at simulation time 644.000,000,000 s)
2025-06-06 16:07:53,755 INFO  - I have no neighbours to send! (at simulation time 644.000,000,000 s)
2025-06-06 16:07:53,755 INFO  - I have no neighbours to send! (at simulation time 644.000,000,000 s)
2025-06-06 16:07:53,755 INFO  - I have no neighbours to send! (at simulation time 644.000,000,000 s)
2025-06-06 16:07:53,755 INFO  - I have no neighbours to send! (at simulation time 644.000,000,000 s)
2025-06-06 16:07:53,755 INFO  - I have no neighbours to send! (at simulation time 644.000,000,000 s)
2025-06-06 16:07:53,755 INFO  - I have no neighbours to send! (at simulation time 644.000,000,000 s)
2025-06-06 16:07:53,755 INFO  - I have no neighbours to send! (at simulation time 644.000,000,000 s)
2025-06-06 16:07:53,755 INFO  - I have no neighbours to send! (at simulation time 644.000,000,000 s)
2025-06-06 16:07:53,755 INFO  - I have no neighbours to send! (at simulation time 644.000,000,000 s)
2025-06-06 16:07:53,755 INFO  - I have no neighbours to send! (at simulation time 644.000,000,000 s)
2025-06-06 16:07:53,755 INFO  - I have no neighbours to send! (at simulation time 644.000,000,000 s)
2025-06-06 16:07:53,756 INFO  - I have no neighbours to send! (at simulation time 644.000,000,000 s)
2025-06-06 16:07:53,756 INFO  - I have no neighbours to send! (at simulation time 644.000,000,000 s)
2025-06-06 16:07:53,756 INFO  - I have no neighbours to send! (at simulation time 644.000,000,000 s)
2025-06-06 16:07:53,756 INFO  - I have no neighbours to send! (at simulation time 644.000,000,000 s)
2025-06-06 16:07:53,756 INFO  - I have no neighbours to send! (at simulation time 644.000,000,000 s)
2025-06-06 16:07:53,756 INFO  - I have no neighbours to send! (at simulation time 644.000,000,000 s)
2025-06-06 16:07:53,756 INFO  - I have no neighbours to send! (at simulation time 644.000,000,000 s)
2025-06-06 16:07:53,756 INFO  - I have no neighbours to send! (at simulation time 644.000,000,000 s)
2025-06-06 16:07:53,756 INFO  - I have no neighbours to send! (at simulation time 644.000,000,000 s)
2025-06-06 16:07:53,756 INFO  - I have no neighbours to send! (at simulation time 644.000,000,000 s)
2025-06-06 16:07:53,756 INFO  - I have no neighbours to send! (at simulation time 644.000,000,000 s)
2025-06-06 16:07:53,756 INFO  - I have no neighbours to send! (at simulation time 644.000,000,000 s)
2025-06-06 16:07:53,756 INFO  - I have no neighbours to send! (at simulation time 644.000,000,000 s)
2025-06-06 16:07:53,756 INFO  - I have no neighbours to send! (at simulation time 644.000,000,000 s)
2025-06-06 16:07:53,756 INFO  - I have no neighbours to send! (at simulation time 644.000,000,000 s)
2025-06-06 16:07:53,756 INFO  - I have no neighbours to send! (at simulation time 644.000,000,000 s)
2025-06-06 16:07:53,756 INFO  - I have no neighbours to send! (at simulation time 644.000,000,000 s)
2025-06-06 16:07:53,756 INFO  - I have no neighbours to send! (at simulation time 644.000,000,000 s)
2025-06-06 16:07:53,757 INFO  - I have no neighbours to send! (at simulation time 644.000,000,000 s)
2025-06-06 16:07:53,757 INFO  - I have no neighbours to send! (at simulation time 644.000,000,000 s)
2025-06-06 16:07:53,757 INFO  - I have no neighbours to send! (at simulation time 644.000,000,000 s)
2025-06-06 16:07:53,757 INFO  - I have no neighbours to send! (at simulation time 644.000,000,000 s)
2025-06-06 16:07:53,757 INFO  - I have no neighbours to send! (at simulation time 644.000,000,000 s)
2025-06-06 16:07:53,757 INFO  - I have no neighbours to send! (at simulation time 644.000,000,000 s)
2025-06-06 16:07:53,757 INFO  - I have no neighbours to send! (at simulation time 644.000,000,000 s)
2025-06-06 16:07:53,757 INFO  - I have no neighbours to send! (at simulation time 644.000,000,000 s)
2025-06-06 16:07:53,757 INFO  - I have no neighbours to send! (at simulation time 644.000,000,000 s)
2025-06-06 16:07:53,757 INFO  - I have no neighbours to send! (at simulation time 644.000,000,000 s)
2025-06-06 16:07:53,757 INFO  - I have no neighbours to send! (at simulation time 644.000,000,000 s)
2025-06-06 16:07:53,757 INFO  - I have no neighbours to send! (at simulation time 644.000,000,000 s)
2025-06-06 16:07:53,757 INFO  - I have no neighbours to send! (at simulation time 644.000,000,000 s)
2025-06-06 16:07:53,757 INFO  - I have no neighbours to send! (at simulation time 644.000,000,000 s)
2025-06-06 16:07:53,757 INFO  - I have no neighbours to send! (at simulation time 644.000,000,000 s)
2025-06-06 16:07:53,757 INFO  - I have no neighbours to send! (at simulation time 644.000,000,000 s)
2025-06-06 16:07:53,757 INFO  - I have no neighbours to send! (at simulation time 644.000,000,000 s)
2025-06-06 16:07:53,757 INFO  - I have no neighbours to send! (at simulation time 644.000,000,000 s)
2025-06-06 16:07:53,757 INFO  - I have no neighbours to send! (at simulation time 644.000,000,000 s)
2025-06-06 16:07:53,757 INFO  - I have no neighbours to send! (at simulation time 644.000,000,000 s)
2025-06-06 16:07:53,757 INFO  - I have no neighbours to send! (at simulation time 644.000,000,000 s)
2025-06-06 16:07:53,757 INFO  - I have no neighbours to send! (at simulation time 644.000,000,000 s)
2025-06-06 16:07:53,758 INFO  - I have no neighbours to send! (at simulation time 644.000,000,000 s)
2025-06-06 16:07:53,758 INFO  - I have no neighbours to send! (at simulation time 644.000,000,000 s)
2025-06-06 16:07:53,758 INFO  - I have no neighbours to send! (at simulation time 644.000,000,000 s)
2025-06-06 16:07:53,758 INFO  - I have no neighbours to send! (at simulation time 644.000,000,000 s)
2025-06-06 16:07:53,758 INFO  - I have no neighbours to send! (at simulation time 644.000,000,000 s)
2025-06-06 16:07:53,758 INFO  - I have no neighbours to send! (at simulation time 644.000,000,000 s)
2025-06-06 16:07:53,758 INFO  - I have no neighbours to send! (at simulation time 644.000,000,000 s)
2025-06-06 16:07:53,760 INFO  - I have no neighbours to send! (at simulation time 645.000,000,000 s)
2025-06-06 16:07:53,760 INFO  - I have no neighbours to send! (at simulation time 645.000,000,000 s)
2025-06-06 16:07:53,760 INFO  - I have no neighbours to send! (at simulation time 645.000,000,000 s)
2025-06-06 16:07:53,760 INFO  - I have no neighbours to send! (at simulation time 645.000,000,000 s)
2025-06-06 16:07:53,760 INFO  - I have no neighbours to send! (at simulation time 645.000,000,000 s)
2025-06-06 16:07:53,760 INFO  - I have no neighbours to send! (at simulation time 645.000,000,000 s)
2025-06-06 16:07:53,760 INFO  - I have no neighbours to send! (at simulation time 645.000,000,000 s)
2025-06-06 16:07:53,761 INFO  - I have no neighbours to send! (at simulation time 645.000,000,000 s)
2025-06-06 16:07:53,761 INFO  - I have no neighbours to send! (at simulation time 645.000,000,000 s)
2025-06-06 16:07:53,761 INFO  - I have no neighbours to send! (at simulation time 645.000,000,000 s)
2025-06-06 16:07:53,761 INFO  - I have no neighbours to send! (at simulation time 645.000,000,000 s)
2025-06-06 16:07:53,761 INFO  - I have no neighbours to send! (at simulation time 645.000,000,000 s)
2025-06-06 16:07:53,761 INFO  - I have no neighbours to send! (at simulation time 645.000,000,000 s)
2025-06-06 16:07:53,761 INFO  - I have no neighbours to send! (at simulation time 645.000,000,000 s)
2025-06-06 16:07:53,761 INFO  - I have no neighbours to send! (at simulation time 645.000,000,000 s)
2025-06-06 16:07:53,761 INFO  - I have no neighbours to send! (at simulation time 645.000,000,000 s)
2025-06-06 16:07:53,761 INFO  - I have no neighbours to send! (at simulation time 645.000,000,000 s)
2025-06-06 16:07:53,761 INFO  - I have no neighbours to send! (at simulation time 645.000,000,000 s)
2025-06-06 16:07:53,761 INFO  - I have no neighbours to send! (at simulation time 645.000,000,000 s)
2025-06-06 16:07:53,761 INFO  - I have no neighbours to send! (at simulation time 645.000,000,000 s)
2025-06-06 16:07:53,761 INFO  - I have no neighbours to send! (at simulation time 645.000,000,000 s)
2025-06-06 16:07:53,761 INFO  - I have no neighbours to send! (at simulation time 645.000,000,000 s)
2025-06-06 16:07:53,761 INFO  - I have no neighbours to send! (at simulation time 645.000,000,000 s)
2025-06-06 16:07:53,762 INFO  - I have no neighbours to send! (at simulation time 645.000,000,000 s)
2025-06-06 16:07:53,762 INFO  - I have no neighbours to send! (at simulation time 645.000,000,000 s)
2025-06-06 16:07:53,762 INFO  - I have no neighbours to send! (at simulation time 645.000,000,000 s)
2025-06-06 16:07:53,762 INFO  - I have no neighbours to send! (at simulation time 645.000,000,000 s)
2025-06-06 16:07:53,762 INFO  - I have no neighbours to send! (at simulation time 645.000,000,000 s)
2025-06-06 16:07:53,762 INFO  - I have no neighbours to send! (at simulation time 645.000,000,000 s)
2025-06-06 16:07:53,762 INFO  - I have no neighbours to send! (at simulation time 645.000,000,000 s)
2025-06-06 16:07:53,762 INFO  - I have no neighbours to send! (at simulation time 645.000,000,000 s)
2025-06-06 16:07:53,762 INFO  - I have no neighbours to send! (at simulation time 645.000,000,000 s)
2025-06-06 16:07:53,762 INFO  - I have no neighbours to send! (at simulation time 645.000,000,000 s)
2025-06-06 16:07:53,762 INFO  - I have no neighbours to send! (at simulation time 645.000,000,000 s)
2025-06-06 16:07:53,762 INFO  - I have no neighbours to send! (at simulation time 645.000,000,000 s)
2025-06-06 16:07:53,762 INFO  - I have no neighbours to send! (at simulation time 645.000,000,000 s)
2025-06-06 16:07:53,762 INFO  - I have no neighbours to send! (at simulation time 645.000,000,000 s)
2025-06-06 16:07:53,762 INFO  - I have no neighbours to send! (at simulation time 645.000,000,000 s)
2025-06-06 16:07:53,762 INFO  - I have no neighbours to send! (at simulation time 645.000,000,000 s)
2025-06-06 16:07:53,762 INFO  - I have no neighbours to send! (at simulation time 645.000,000,000 s)
2025-06-06 16:07:53,762 INFO  - I have no neighbours to send! (at simulation time 645.000,000,000 s)
2025-06-06 16:07:53,762 INFO  - I have no neighbours to send! (at simulation time 645.000,000,000 s)
2025-06-06 16:07:53,763 INFO  - I have no neighbours to send! (at simulation time 645.000,000,000 s)
2025-06-06 16:07:53,763 INFO  - I have no neighbours to send! (at simulation time 645.000,000,000 s)
2025-06-06 16:07:53,763 INFO  - I have no neighbours to send! (at simulation time 645.000,000,000 s)
2025-06-06 16:07:53,763 INFO  - I have no neighbours to send! (at simulation time 645.000,000,000 s)
2025-06-06 16:07:53,763 INFO  - I have no neighbours to send! (at simulation time 645.000,000,000 s)
2025-06-06 16:07:53,763 INFO  - I have no neighbours to send! (at simulation time 645.000,000,000 s)
2025-06-06 16:07:53,763 INFO  - I have no neighbours to send! (at simulation time 645.000,000,000 s)
2025-06-06 16:07:53,763 INFO  - I have no neighbours to send! (at simulation time 645.000,000,000 s)
2025-06-06 16:07:53,763 INFO  - I have no neighbours to send! (at simulation time 645.000,000,000 s)
2025-06-06 16:07:53,763 INFO  - I have no neighbours to send! (at simulation time 645.000,000,000 s)
2025-06-06 16:07:53,763 INFO  - I have no neighbours to send! (at simulation time 645.000,000,000 s)
2025-06-06 16:07:53,763 INFO  - I have no neighbours to send! (at simulation time 645.000,000,000 s)
2025-06-06 16:07:53,763 INFO  - I have no neighbours to send! (at simulation time 645.000,000,000 s)
2025-06-06 16:07:53,763 INFO  - I have no neighbours to send! (at simulation time 645.000,000,000 s)
2025-06-06 16:07:53,763 INFO  - I have no neighbours to send! (at simulation time 645.000,000,000 s)
2025-06-06 16:07:53,763 INFO  - I have no neighbours to send! (at simulation time 645.000,000,000 s)
2025-06-06 16:07:53,763 INFO  - I have no neighbours to send! (at simulation time 645.000,000,000 s)
2025-06-06 16:07:53,763 INFO  - I have no neighbours to send! (at simulation time 645.000,000,000 s)
2025-06-06 16:07:53,763 INFO  - I have no neighbours to send! (at simulation time 645.000,000,000 s)
2025-06-06 16:07:53,763 INFO  - I have no neighbours to send! (at simulation time 645.000,000,000 s)
2025-06-06 16:07:53,763 INFO  - I have no neighbours to send! (at simulation time 645.000,000,000 s)
2025-06-06 16:07:53,763 INFO  - I have no neighbours to send! (at simulation time 645.000,000,000 s)
2025-06-06 16:07:53,765 INFO  - I have no neighbours to send! (at simulation time 646.000,000,000 s)
2025-06-06 16:07:53,766 INFO  - I have no neighbours to send! (at simulation time 646.000,000,000 s)
2025-06-06 16:07:53,766 INFO  - I have no neighbours to send! (at simulation time 646.000,000,000 s)
2025-06-06 16:07:53,766 INFO  - I have no neighbours to send! (at simulation time 646.000,000,000 s)
2025-06-06 16:07:53,766 INFO  - I have no neighbours to send! (at simulation time 646.000,000,000 s)
2025-06-06 16:07:53,766 INFO  - I have no neighbours to send! (at simulation time 646.000,000,000 s)
2025-06-06 16:07:53,766 INFO  - I have no neighbours to send! (at simulation time 646.000,000,000 s)
2025-06-06 16:07:53,766 INFO  - I have no neighbours to send! (at simulation time 646.000,000,000 s)
2025-06-06 16:07:53,766 INFO  - I have no neighbours to send! (at simulation time 646.000,000,000 s)
2025-06-06 16:07:53,766 INFO  - I have no neighbours to send! (at simulation time 646.000,000,000 s)
2025-06-06 16:07:53,766 INFO  - I have no neighbours to send! (at simulation time 646.000,000,000 s)
2025-06-06 16:07:53,766 INFO  - I have no neighbours to send! (at simulation time 646.000,000,000 s)
2025-06-06 16:07:53,766 INFO  - I have no neighbours to send! (at simulation time 646.000,000,000 s)
2025-06-06 16:07:53,767 INFO  - I have no neighbours to send! (at simulation time 646.000,000,000 s)
2025-06-06 16:07:53,767 INFO  - I have no neighbours to send! (at simulation time 646.000,000,000 s)
2025-06-06 16:07:53,767 INFO  - I have no neighbours to send! (at simulation time 646.000,000,000 s)
2025-06-06 16:07:53,767 INFO  - I have no neighbours to send! (at simulation time 646.000,000,000 s)
2025-06-06 16:07:53,767 INFO  - I have no neighbours to send! (at simulation time 646.000,000,000 s)
2025-06-06 16:07:53,767 INFO  - I have no neighbours to send! (at simulation time 646.000,000,000 s)
2025-06-06 16:07:53,767 INFO  - I have no neighbours to send! (at simulation time 646.000,000,000 s)
2025-06-06 16:07:53,767 INFO  - I have no neighbours to send! (at simulation time 646.000,000,000 s)
2025-06-06 16:07:53,767 INFO  - I have no neighbours to send! (at simulation time 646.000,000,000 s)
2025-06-06 16:07:53,767 INFO  - I have no neighbours to send! (at simulation time 646.000,000,000 s)
2025-06-06 16:07:53,767 INFO  - I have no neighbours to send! (at simulation time 646.000,000,000 s)
2025-06-06 16:07:53,767 INFO  - I have no neighbours to send! (at simulation time 646.000,000,000 s)
2025-06-06 16:07:53,767 INFO  - I have no neighbours to send! (at simulation time 646.000,000,000 s)
2025-06-06 16:07:53,767 INFO  - I have no neighbours to send! (at simulation time 646.000,000,000 s)
2025-06-06 16:07:53,767 INFO  - I have no neighbours to send! (at simulation time 646.000,000,000 s)
2025-06-06 16:07:53,767 INFO  - I have no neighbours to send! (at simulation time 646.000,000,000 s)
2025-06-06 16:07:53,767 INFO  - I have no neighbours to send! (at simulation time 646.000,000,000 s)
2025-06-06 16:07:53,767 INFO  - I have no neighbours to send! (at simulation time 646.000,000,000 s)
2025-06-06 16:07:53,768 INFO  - I have no neighbours to send! (at simulation time 646.000,000,000 s)
2025-06-06 16:07:53,768 INFO  - I have no neighbours to send! (at simulation time 646.000,000,000 s)
2025-06-06 16:07:53,768 INFO  - I have no neighbours to send! (at simulation time 646.000,000,000 s)
2025-06-06 16:07:53,768 INFO  - I have no neighbours to send! (at simulation time 646.000,000,000 s)
2025-06-06 16:07:53,768 INFO  - I have no neighbours to send! (at simulation time 646.000,000,000 s)
2025-06-06 16:07:53,768 INFO  - I have no neighbours to send! (at simulation time 646.000,000,000 s)
2025-06-06 16:07:53,768 INFO  - I have no neighbours to send! (at simulation time 646.000,000,000 s)
2025-06-06 16:07:53,768 INFO  - I have no neighbours to send! (at simulation time 646.000,000,000 s)
2025-06-06 16:07:53,768 INFO  - I have no neighbours to send! (at simulation time 646.000,000,000 s)
2025-06-06 16:07:53,768 INFO  - I have no neighbours to send! (at simulation time 646.000,000,000 s)
2025-06-06 16:07:53,768 INFO  - I have no neighbours to send! (at simulation time 646.000,000,000 s)
2025-06-06 16:07:53,768 INFO  - I have no neighbours to send! (at simulation time 646.000,000,000 s)
2025-06-06 16:07:53,768 INFO  - I have no neighbours to send! (at simulation time 646.000,000,000 s)
2025-06-06 16:07:53,768 INFO  - I have no neighbours to send! (at simulation time 646.000,000,000 s)
2025-06-06 16:07:53,768 INFO  - I have no neighbours to send! (at simulation time 646.000,000,000 s)
2025-06-06 16:07:53,768 INFO  - I have no neighbours to send! (at simulation time 646.000,000,000 s)
2025-06-06 16:07:53,768 INFO  - I have no neighbours to send! (at simulation time 646.000,000,000 s)
2025-06-06 16:07:53,768 INFO  - I have no neighbours to send! (at simulation time 646.000,000,000 s)
2025-06-06 16:07:53,768 INFO  - I have no neighbours to send! (at simulation time 646.000,000,000 s)
2025-06-06 16:07:53,768 INFO  - I have no neighbours to send! (at simulation time 646.000,000,000 s)
2025-06-06 16:07:53,769 INFO  - I have no neighbours to send! (at simulation time 646.000,000,000 s)
2025-06-06 16:07:53,769 INFO  - I have no neighbours to send! (at simulation time 646.000,000,000 s)
2025-06-06 16:07:53,769 INFO  - I have no neighbours to send! (at simulation time 646.000,000,000 s)
2025-06-06 16:07:53,769 INFO  - I have no neighbours to send! (at simulation time 646.000,000,000 s)
2025-06-06 16:07:53,769 INFO  - I have no neighbours to send! (at simulation time 646.000,000,000 s)
2025-06-06 16:07:53,769 INFO  - I have no neighbours to send! (at simulation time 646.000,000,000 s)
2025-06-06 16:07:53,769 INFO  - I have no neighbours to send! (at simulation time 646.000,000,000 s)
2025-06-06 16:07:53,769 INFO  - I have no neighbours to send! (at simulation time 646.000,000,000 s)
2025-06-06 16:07:53,769 INFO  - I have no neighbours to send! (at simulation time 646.000,000,000 s)
2025-06-06 16:07:53,769 INFO  - I have no neighbours to send! (at simulation time 646.000,000,000 s)
2025-06-06 16:07:53,769 INFO  - I have no neighbours to send! (at simulation time 646.000,000,000 s)
2025-06-06 16:07:53,769 INFO  - I have no neighbours to send! (at simulation time 646.000,000,000 s)
2025-06-06 16:07:53,769 INFO  - I have no neighbours to send! (at simulation time 646.000,000,000 s)
2025-06-06 16:07:53,769 INFO  - I have no neighbours to send! (at simulation time 646.000,000,000 s)
2025-06-06 16:07:53,771 INFO  - Sent periodic GreenWaveMsg: veh_112 on route r_0 (at simulation time 647.000,000,000 s)
2025-06-06 16:07:53,771 INFO  - I have no neighbours to send! (at simulation time 647.000,000,000 s)
2025-06-06 16:07:53,772 INFO  - I have no neighbours to send! (at simulation time 647.000,000,000 s)
2025-06-06 16:07:53,772 INFO  - I have no neighbours to send! (at simulation time 647.000,000,000 s)
2025-06-06 16:07:53,772 INFO  - I have no neighbours to send! (at simulation time 647.000,000,000 s)
2025-06-06 16:07:53,772 INFO  - I have no neighbours to send! (at simulation time 647.000,000,000 s)
2025-06-06 16:07:53,772 INFO  - I have no neighbours to send! (at simulation time 647.000,000,000 s)
2025-06-06 16:07:53,772 INFO  - I have no neighbours to send! (at simulation time 647.000,000,000 s)
2025-06-06 16:07:53,772 INFO  - I have no neighbours to send! (at simulation time 647.000,000,000 s)
2025-06-06 16:07:53,772 INFO  - I have no neighbours to send! (at simulation time 647.000,000,000 s)
2025-06-06 16:07:53,772 INFO  - I have no neighbours to send! (at simulation time 647.000,000,000 s)
2025-06-06 16:07:53,772 INFO  - I have no neighbours to send! (at simulation time 647.000,000,000 s)
2025-06-06 16:07:53,772 INFO  - I have no neighbours to send! (at simulation time 647.000,000,000 s)
2025-06-06 16:07:53,772 INFO  - I have no neighbours to send! (at simulation time 647.000,000,000 s)
2025-06-06 16:07:53,772 INFO  - I have no neighbours to send! (at simulation time 647.000,000,000 s)
2025-06-06 16:07:53,773 INFO  - I have no neighbours to send! (at simulation time 647.000,000,000 s)
2025-06-06 16:07:53,773 INFO  - I have no neighbours to send! (at simulation time 647.000,000,000 s)
2025-06-06 16:07:53,773 INFO  - I have no neighbours to send! (at simulation time 647.000,000,000 s)
2025-06-06 16:07:53,773 INFO  - I have no neighbours to send! (at simulation time 647.000,000,000 s)
2025-06-06 16:07:53,773 INFO  - I have no neighbours to send! (at simulation time 647.000,000,000 s)
2025-06-06 16:07:53,773 INFO  - I have no neighbours to send! (at simulation time 647.000,000,000 s)
2025-06-06 16:07:53,773 INFO  - I have no neighbours to send! (at simulation time 647.000,000,000 s)
2025-06-06 16:07:53,773 INFO  - I have no neighbours to send! (at simulation time 647.000,000,000 s)
2025-06-06 16:07:53,773 INFO  - I have no neighbours to send! (at simulation time 647.000,000,000 s)
2025-06-06 16:07:53,773 INFO  - I have no neighbours to send! (at simulation time 647.000,000,000 s)
2025-06-06 16:07:53,773 INFO  - I have no neighbours to send! (at simulation time 647.000,000,000 s)
2025-06-06 16:07:53,773 INFO  - I have no neighbours to send! (at simulation time 647.000,000,000 s)
2025-06-06 16:07:53,773 INFO  - I have no neighbours to send! (at simulation time 647.000,000,000 s)
2025-06-06 16:07:53,773 INFO  - I have no neighbours to send! (at simulation time 647.000,000,000 s)
2025-06-06 16:07:53,773 INFO  - I have no neighbours to send! (at simulation time 647.000,000,000 s)
2025-06-06 16:07:53,773 INFO  - I have no neighbours to send! (at simulation time 647.000,000,000 s)
2025-06-06 16:07:53,773 INFO  - I have no neighbours to send! (at simulation time 647.000,000,000 s)
2025-06-06 16:07:53,774 INFO  - I have no neighbours to send! (at simulation time 647.000,000,000 s)
2025-06-06 16:07:53,774 INFO  - I have no neighbours to send! (at simulation time 647.000,000,000 s)
2025-06-06 16:07:53,774 INFO  - I have no neighbours to send! (at simulation time 647.000,000,000 s)
2025-06-06 16:07:53,774 INFO  - I have no neighbours to send! (at simulation time 647.000,000,000 s)
2025-06-06 16:07:53,774 INFO  - I have no neighbours to send! (at simulation time 647.000,000,000 s)
2025-06-06 16:07:53,774 INFO  - I have no neighbours to send! (at simulation time 647.000,000,000 s)
2025-06-06 16:07:53,774 INFO  - I have no neighbours to send! (at simulation time 647.000,000,000 s)
2025-06-06 16:07:53,774 INFO  - I have no neighbours to send! (at simulation time 647.000,000,000 s)
2025-06-06 16:07:53,774 INFO  - I have no neighbours to send! (at simulation time 647.000,000,000 s)
2025-06-06 16:07:53,774 INFO  - I have no neighbours to send! (at simulation time 647.000,000,000 s)
2025-06-06 16:07:53,774 INFO  - I have no neighbours to send! (at simulation time 647.000,000,000 s)
2025-06-06 16:07:53,774 INFO  - I have no neighbours to send! (at simulation time 647.000,000,000 s)
2025-06-06 16:07:53,774 INFO  - I have no neighbours to send! (at simulation time 647.000,000,000 s)
2025-06-06 16:07:53,774 INFO  - I have no neighbours to send! (at simulation time 647.000,000,000 s)
2025-06-06 16:07:53,774 INFO  - I have no neighbours to send! (at simulation time 647.000,000,000 s)
2025-06-06 16:07:53,774 INFO  - I have no neighbours to send! (at simulation time 647.000,000,000 s)
2025-06-06 16:07:53,774 INFO  - I have no neighbours to send! (at simulation time 647.000,000,000 s)
2025-06-06 16:07:53,774 INFO  - I have no neighbours to send! (at simulation time 647.000,000,000 s)
2025-06-06 16:07:53,774 INFO  - I have no neighbours to send! (at simulation time 647.000,000,000 s)
2025-06-06 16:07:53,774 INFO  - I have no neighbours to send! (at simulation time 647.000,000,000 s)
2025-06-06 16:07:53,775 INFO  - I have no neighbours to send! (at simulation time 647.000,000,000 s)
2025-06-06 16:07:53,775 INFO  - I have no neighbours to send! (at simulation time 647.000,000,000 s)
2025-06-06 16:07:53,775 INFO  - I have no neighbours to send! (at simulation time 647.000,000,000 s)
2025-06-06 16:07:53,775 INFO  - I have no neighbours to send! (at simulation time 647.000,000,000 s)
2025-06-06 16:07:53,775 INFO  - I have no neighbours to send! (at simulation time 647.000,000,000 s)
2025-06-06 16:07:53,775 INFO  - I have no neighbours to send! (at simulation time 647.000,000,000 s)
2025-06-06 16:07:53,775 INFO  - I have no neighbours to send! (at simulation time 647.000,000,000 s)
2025-06-06 16:07:53,775 INFO  - I have no neighbours to send! (at simulation time 647.000,000,000 s)
2025-06-06 16:07:53,775 INFO  - I have no neighbours to send! (at simulation time 647.000,000,000 s)
2025-06-06 16:07:53,775 INFO  - I have no neighbours to send! (at simulation time 647.000,000,000 s)
2025-06-06 16:07:53,775 INFO  - I have no neighbours to send! (at simulation time 647.000,000,000 s)
2025-06-06 16:07:53,775 INFO  - I have no neighbours to send! (at simulation time 647.000,000,000 s)
2025-06-06 16:07:53,775 INFO  - I have no neighbours to send! (at simulation time 647.000,000,000 s)
2025-06-06 16:07:53,775 INFO  - I have no neighbours to send! (at simulation time 647.000,000,000 s)
2025-06-06 16:07:53,775 INFO  - I have no neighbours to send! (at simulation time 647.000,000,000 s)
2025-06-06 16:07:53,777 INFO  - I have no neighbours to send! (at simulation time 648.000,000,000 s)
2025-06-06 16:07:53,777 INFO  - I have no neighbours to send! (at simulation time 648.000,000,000 s)
2025-06-06 16:07:53,778 INFO  - I have no neighbours to send! (at simulation time 648.000,000,000 s)
2025-06-06 16:07:53,778 INFO  - I have no neighbours to send! (at simulation time 648.000,000,000 s)
2025-06-06 16:07:53,778 INFO  - I have no neighbours to send! (at simulation time 648.000,000,000 s)
2025-06-06 16:07:53,778 INFO  - I have no neighbours to send! (at simulation time 648.000,000,000 s)
2025-06-06 16:07:53,778 INFO  - I have no neighbours to send! (at simulation time 648.000,000,000 s)
2025-06-06 16:07:53,778 INFO  - I have no neighbours to send! (at simulation time 648.000,000,000 s)
2025-06-06 16:07:53,778 INFO  - I have no neighbours to send! (at simulation time 648.000,000,000 s)
2025-06-06 16:07:53,778 INFO  - I have no neighbours to send! (at simulation time 648.000,000,000 s)
2025-06-06 16:07:53,778 INFO  - I have no neighbours to send! (at simulation time 648.000,000,000 s)
2025-06-06 16:07:53,778 INFO  - I have no neighbours to send! (at simulation time 648.000,000,000 s)
2025-06-06 16:07:53,778 INFO  - I have no neighbours to send! (at simulation time 648.000,000,000 s)
2025-06-06 16:07:53,778 INFO  - I have no neighbours to send! (at simulation time 648.000,000,000 s)
2025-06-06 16:07:53,778 INFO  - I have no neighbours to send! (at simulation time 648.000,000,000 s)
2025-06-06 16:07:53,779 INFO  - I have no neighbours to send! (at simulation time 648.000,000,000 s)
2025-06-06 16:07:53,779 INFO  - I have no neighbours to send! (at simulation time 648.000,000,000 s)
2025-06-06 16:07:53,779 INFO  - I have no neighbours to send! (at simulation time 648.000,000,000 s)
2025-06-06 16:07:53,779 INFO  - I have no neighbours to send! (at simulation time 648.000,000,000 s)
2025-06-06 16:07:53,779 INFO  - I have no neighbours to send! (at simulation time 648.000,000,000 s)
2025-06-06 16:07:53,779 INFO  - I have no neighbours to send! (at simulation time 648.000,000,000 s)
2025-06-06 16:07:53,779 INFO  - I have no neighbours to send! (at simulation time 648.000,000,000 s)
2025-06-06 16:07:53,779 INFO  - I have no neighbours to send! (at simulation time 648.000,000,000 s)
2025-06-06 16:07:53,779 INFO  - I have no neighbours to send! (at simulation time 648.000,000,000 s)
2025-06-06 16:07:53,779 INFO  - I have no neighbours to send! (at simulation time 648.000,000,000 s)
2025-06-06 16:07:53,779 INFO  - I have no neighbours to send! (at simulation time 648.000,000,000 s)
2025-06-06 16:07:53,779 INFO  - I have no neighbours to send! (at simulation time 648.000,000,000 s)
2025-06-06 16:07:53,779 INFO  - I have no neighbours to send! (at simulation time 648.000,000,000 s)
2025-06-06 16:07:53,779 INFO  - I have no neighbours to send! (at simulation time 648.000,000,000 s)
2025-06-06 16:07:53,779 INFO  - I have no neighbours to send! (at simulation time 648.000,000,000 s)
2025-06-06 16:07:53,779 INFO  - I have no neighbours to send! (at simulation time 648.000,000,000 s)
2025-06-06 16:07:53,780 INFO  - I have no neighbours to send! (at simulation time 648.000,000,000 s)
2025-06-06 16:07:53,780 INFO  - I have no neighbours to send! (at simulation time 648.000,000,000 s)
2025-06-06 16:07:53,780 INFO  - I have no neighbours to send! (at simulation time 648.000,000,000 s)
2025-06-06 16:07:53,780 INFO  - I have no neighbours to send! (at simulation time 648.000,000,000 s)
2025-06-06 16:07:53,780 INFO  - I have no neighbours to send! (at simulation time 648.000,000,000 s)
2025-06-06 16:07:53,780 INFO  - I have no neighbours to send! (at simulation time 648.000,000,000 s)
2025-06-06 16:07:53,780 INFO  - I have no neighbours to send! (at simulation time 648.000,000,000 s)
2025-06-06 16:07:53,780 INFO  - I have no neighbours to send! (at simulation time 648.000,000,000 s)
2025-06-06 16:07:53,780 INFO  - I have no neighbours to send! (at simulation time 648.000,000,000 s)
2025-06-06 16:07:53,780 INFO  - I have no neighbours to send! (at simulation time 648.000,000,000 s)
2025-06-06 16:07:53,780 INFO  - I have no neighbours to send! (at simulation time 648.000,000,000 s)
2025-06-06 16:07:53,780 INFO  - I have no neighbours to send! (at simulation time 648.000,000,000 s)
2025-06-06 16:07:53,780 INFO  - I have no neighbours to send! (at simulation time 648.000,000,000 s)
2025-06-06 16:07:53,780 INFO  - I have no neighbours to send! (at simulation time 648.000,000,000 s)
2025-06-06 16:07:53,780 INFO  - I have no neighbours to send! (at simulation time 648.000,000,000 s)
2025-06-06 16:07:53,780 INFO  - I have no neighbours to send! (at simulation time 648.000,000,000 s)
2025-06-06 16:07:53,780 INFO  - I have no neighbours to send! (at simulation time 648.000,000,000 s)
2025-06-06 16:07:53,780 INFO  - I have no neighbours to send! (at simulation time 648.000,000,000 s)
2025-06-06 16:07:53,780 INFO  - I have no neighbours to send! (at simulation time 648.000,000,000 s)
2025-06-06 16:07:53,780 INFO  - I have no neighbours to send! (at simulation time 648.000,000,000 s)
2025-06-06 16:07:53,780 INFO  - I have no neighbours to send! (at simulation time 648.000,000,000 s)
2025-06-06 16:07:53,781 INFO  - I have no neighbours to send! (at simulation time 648.000,000,000 s)
2025-06-06 16:07:53,781 INFO  - I have no neighbours to send! (at simulation time 648.000,000,000 s)
2025-06-06 16:07:53,781 INFO  - I have no neighbours to send! (at simulation time 648.000,000,000 s)
2025-06-06 16:07:53,781 INFO  - I have no neighbours to send! (at simulation time 648.000,000,000 s)
2025-06-06 16:07:53,781 INFO  - I have no neighbours to send! (at simulation time 648.000,000,000 s)
2025-06-06 16:07:53,781 INFO  - I have no neighbours to send! (at simulation time 648.000,000,000 s)
2025-06-06 16:07:53,781 INFO  - I have no neighbours to send! (at simulation time 648.000,000,000 s)
2025-06-06 16:07:53,781 INFO  - I have no neighbours to send! (at simulation time 648.000,000,000 s)
2025-06-06 16:07:53,781 INFO  - I have no neighbours to send! (at simulation time 648.000,000,000 s)
2025-06-06 16:07:53,781 INFO  - I have no neighbours to send! (at simulation time 648.000,000,000 s)
2025-06-06 16:07:53,781 INFO  - I have no neighbours to send! (at simulation time 648.000,000,000 s)
2025-06-06 16:07:53,781 INFO  - I have no neighbours to send! (at simulation time 648.000,000,000 s)
2025-06-06 16:07:53,781 INFO  - I have no neighbours to send! (at simulation time 648.000,000,000 s)
2025-06-06 16:07:53,781 INFO  - I have no neighbours to send! (at simulation time 648.000,000,000 s)
2025-06-06 16:07:53,781 INFO  - I have no neighbours to send! (at simulation time 648.000,000,000 s)
2025-06-06 16:07:53,783 INFO  - I have no neighbours to send! (at simulation time 649.000,000,000 s)
2025-06-06 16:07:53,783 INFO  - I have no neighbours to send! (at simulation time 649.000,000,000 s)
2025-06-06 16:07:53,783 INFO  - I have no neighbours to send! (at simulation time 649.000,000,000 s)
2025-06-06 16:07:53,783 INFO  - I have no neighbours to send! (at simulation time 649.000,000,000 s)
2025-06-06 16:07:53,784 INFO  - I have no neighbours to send! (at simulation time 649.000,000,000 s)
2025-06-06 16:07:53,784 INFO  - I have no neighbours to send! (at simulation time 649.000,000,000 s)
2025-06-06 16:07:53,784 INFO  - I have no neighbours to send! (at simulation time 649.000,000,000 s)
2025-06-06 16:07:53,784 INFO  - I have no neighbours to send! (at simulation time 649.000,000,000 s)
2025-06-06 16:07:53,784 INFO  - I have no neighbours to send! (at simulation time 649.000,000,000 s)
2025-06-06 16:07:53,784 INFO  - I have no neighbours to send! (at simulation time 649.000,000,000 s)
2025-06-06 16:07:53,784 INFO  - I have no neighbours to send! (at simulation time 649.000,000,000 s)
2025-06-06 16:07:53,784 INFO  - I have no neighbours to send! (at simulation time 649.000,000,000 s)
2025-06-06 16:07:53,784 INFO  - I have no neighbours to send! (at simulation time 649.000,000,000 s)
2025-06-06 16:07:53,784 INFO  - I have no neighbours to send! (at simulation time 649.000,000,000 s)
2025-06-06 16:07:53,784 INFO  - I have no neighbours to send! (at simulation time 649.000,000,000 s)
2025-06-06 16:07:53,784 INFO  - I have no neighbours to send! (at simulation time 649.000,000,000 s)
2025-06-06 16:07:53,784 INFO  - I have no neighbours to send! (at simulation time 649.000,000,000 s)
2025-06-06 16:07:53,784 INFO  - I have no neighbours to send! (at simulation time 649.000,000,000 s)
2025-06-06 16:07:53,784 INFO  - I have no neighbours to send! (at simulation time 649.000,000,000 s)
2025-06-06 16:07:53,785 INFO  - I have no neighbours to send! (at simulation time 649.000,000,000 s)
2025-06-06 16:07:53,785 INFO  - I have no neighbours to send! (at simulation time 649.000,000,000 s)
2025-06-06 16:07:53,785 INFO  - I have no neighbours to send! (at simulation time 649.000,000,000 s)
2025-06-06 16:07:53,785 INFO  - I have no neighbours to send! (at simulation time 649.000,000,000 s)
2025-06-06 16:07:53,785 INFO  - I have no neighbours to send! (at simulation time 649.000,000,000 s)
2025-06-06 16:07:53,785 INFO  - I have no neighbours to send! (at simulation time 649.000,000,000 s)
2025-06-06 16:07:53,785 INFO  - I have no neighbours to send! (at simulation time 649.000,000,000 s)
2025-06-06 16:07:53,785 INFO  - I have no neighbours to send! (at simulation time 649.000,000,000 s)
2025-06-06 16:07:53,785 INFO  - I have no neighbours to send! (at simulation time 649.000,000,000 s)
2025-06-06 16:07:53,785 INFO  - I have no neighbours to send! (at simulation time 649.000,000,000 s)
2025-06-06 16:07:53,785 INFO  - I have no neighbours to send! (at simulation time 649.000,000,000 s)
2025-06-06 16:07:53,785 INFO  - I have no neighbours to send! (at simulation time 649.000,000,000 s)
2025-06-06 16:07:53,785 INFO  - I have no neighbours to send! (at simulation time 649.000,000,000 s)
2025-06-06 16:07:53,785 INFO  - I have no neighbours to send! (at simulation time 649.000,000,000 s)
2025-06-06 16:07:53,785 INFO  - I have no neighbours to send! (at simulation time 649.000,000,000 s)
2025-06-06 16:07:53,785 INFO  - I have no neighbours to send! (at simulation time 649.000,000,000 s)
2025-06-06 16:07:53,785 INFO  - I have no neighbours to send! (at simulation time 649.000,000,000 s)
2025-06-06 16:07:53,785 INFO  - I have no neighbours to send! (at simulation time 649.000,000,000 s)
2025-06-06 16:07:53,785 INFO  - I have no neighbours to send! (at simulation time 649.000,000,000 s)
2025-06-06 16:07:53,786 INFO  - I have no neighbours to send! (at simulation time 649.000,000,000 s)
2025-06-06 16:07:53,786 INFO  - I have no neighbours to send! (at simulation time 649.000,000,000 s)
2025-06-06 16:07:53,786 INFO  - I have no neighbours to send! (at simulation time 649.000,000,000 s)
2025-06-06 16:07:53,786 INFO  - I have no neighbours to send! (at simulation time 649.000,000,000 s)
2025-06-06 16:07:53,786 INFO  - I have no neighbours to send! (at simulation time 649.000,000,000 s)
2025-06-06 16:07:53,786 INFO  - I have no neighbours to send! (at simulation time 649.000,000,000 s)
2025-06-06 16:07:53,786 INFO  - I have no neighbours to send! (at simulation time 649.000,000,000 s)
2025-06-06 16:07:53,786 INFO  - I have no neighbours to send! (at simulation time 649.000,000,000 s)
2025-06-06 16:07:53,786 INFO  - I have no neighbours to send! (at simulation time 649.000,000,000 s)
2025-06-06 16:07:53,786 INFO  - I have no neighbours to send! (at simulation time 649.000,000,000 s)
2025-06-06 16:07:53,786 INFO  - I have no neighbours to send! (at simulation time 649.000,000,000 s)
2025-06-06 16:07:53,786 INFO  - I have no neighbours to send! (at simulation time 649.000,000,000 s)
2025-06-06 16:07:53,786 INFO  - I have no neighbours to send! (at simulation time 649.000,000,000 s)
2025-06-06 16:07:53,786 INFO  - I have no neighbours to send! (at simulation time 649.000,000,000 s)
2025-06-06 16:07:53,786 INFO  - I have no neighbours to send! (at simulation time 649.000,000,000 s)
2025-06-06 16:07:53,786 INFO  - I have no neighbours to send! (at simulation time 649.000,000,000 s)
2025-06-06 16:07:53,786 INFO  - I have no neighbours to send! (at simulation time 649.000,000,000 s)
2025-06-06 16:07:53,786 INFO  - I have no neighbours to send! (at simulation time 649.000,000,000 s)
2025-06-06 16:07:53,786 INFO  - I have no neighbours to send! (at simulation time 649.000,000,000 s)
2025-06-06 16:07:53,786 INFO  - I have no neighbours to send! (at simulation time 649.000,000,000 s)
2025-06-06 16:07:53,786 INFO  - I have no neighbours to send! (at simulation time 649.000,000,000 s)
2025-06-06 16:07:53,786 INFO  - I have no neighbours to send! (at simulation time 649.000,000,000 s)
2025-06-06 16:07:53,786 INFO  - I have no neighbours to send! (at simulation time 649.000,000,000 s)
2025-06-06 16:07:53,787 INFO  - I have no neighbours to send! (at simulation time 649.000,000,000 s)
2025-06-06 16:07:53,787 INFO  - I have no neighbours to send! (at simulation time 649.000,000,000 s)
2025-06-06 16:07:53,787 INFO  - I have no neighbours to send! (at simulation time 649.000,000,000 s)
2025-06-06 16:07:53,787 INFO  - I have no neighbours to send! (at simulation time 649.000,000,000 s)
2025-06-06 16:07:53,787 INFO  - I have no neighbours to send! (at simulation time 649.000,000,000 s)
2025-06-06 16:07:53,787 INFO  - I have no neighbours to send! (at simulation time 649.000,000,000 s)
2025-06-06 16:07:53,787 INFO  - I have no neighbours to send! (at simulation time 649.000,000,000 s)
2025-06-06 16:07:53,789 INFO  - I have no neighbours to send! (at simulation time 650.000,000,000 s)
2025-06-06 16:07:53,789 INFO  - I have no neighbours to send! (at simulation time 650.000,000,000 s)
2025-06-06 16:07:53,789 INFO  - I have no neighbours to send! (at simulation time 650.000,000,000 s)
2025-06-06 16:07:53,789 INFO  - I have no neighbours to send! (at simulation time 650.000,000,000 s)
2025-06-06 16:07:53,789 INFO  - I have no neighbours to send! (at simulation time 650.000,000,000 s)
2025-06-06 16:07:53,789 INFO  - I have no neighbours to send! (at simulation time 650.000,000,000 s)
2025-06-06 16:07:53,790 INFO  - I have no neighbours to send! (at simulation time 650.000,000,000 s)
2025-06-06 16:07:53,790 INFO  - I have no neighbours to send! (at simulation time 650.000,000,000 s)
2025-06-06 16:07:53,790 INFO  - I have no neighbours to send! (at simulation time 650.000,000,000 s)
2025-06-06 16:07:53,790 INFO  - I have no neighbours to send! (at simulation time 650.000,000,000 s)
2025-06-06 16:07:53,790 INFO  - I have no neighbours to send! (at simulation time 650.000,000,000 s)
2025-06-06 16:07:53,790 INFO  - I have no neighbours to send! (at simulation time 650.000,000,000 s)
2025-06-06 16:07:53,790 INFO  - I have no neighbours to send! (at simulation time 650.000,000,000 s)
2025-06-06 16:07:53,790 INFO  - I have no neighbours to send! (at simulation time 650.000,000,000 s)
2025-06-06 16:07:53,790 INFO  - I have no neighbours to send! (at simulation time 650.000,000,000 s)
2025-06-06 16:07:53,790 INFO  - I have no neighbours to send! (at simulation time 650.000,000,000 s)
2025-06-06 16:07:53,790 INFO  - I have no neighbours to send! (at simulation time 650.000,000,000 s)
2025-06-06 16:07:53,790 INFO  - I have no neighbours to send! (at simulation time 650.000,000,000 s)
2025-06-06 16:07:53,790 INFO  - I have no neighbours to send! (at simulation time 650.000,000,000 s)
2025-06-06 16:07:53,790 INFO  - I have no neighbours to send! (at simulation time 650.000,000,000 s)
2025-06-06 16:07:53,790 INFO  - I have no neighbours to send! (at simulation time 650.000,000,000 s)
2025-06-06 16:07:53,790 INFO  - I have no neighbours to send! (at simulation time 650.000,000,000 s)
2025-06-06 16:07:53,791 INFO  - I have no neighbours to send! (at simulation time 650.000,000,000 s)
2025-06-06 16:07:53,791 INFO  - I have no neighbours to send! (at simulation time 650.000,000,000 s)
2025-06-06 16:07:53,791 INFO  - I have no neighbours to send! (at simulation time 650.000,000,000 s)
2025-06-06 16:07:53,791 INFO  - I have no neighbours to send! (at simulation time 650.000,000,000 s)
2025-06-06 16:07:53,791 INFO  - I have no neighbours to send! (at simulation time 650.000,000,000 s)
2025-06-06 16:07:53,791 INFO  - I have no neighbours to send! (at simulation time 650.000,000,000 s)
2025-06-06 16:07:53,791 INFO  - I have no neighbours to send! (at simulation time 650.000,000,000 s)
2025-06-06 16:07:53,791 INFO  - I have no neighbours to send! (at simulation time 650.000,000,000 s)
2025-06-06 16:07:53,791 INFO  - I have no neighbours to send! (at simulation time 650.000,000,000 s)
2025-06-06 16:07:53,791 INFO  - I have no neighbours to send! (at simulation time 650.000,000,000 s)
2025-06-06 16:07:53,791 INFO  - I have no neighbours to send! (at simulation time 650.000,000,000 s)
2025-06-06 16:07:53,791 INFO  - I have no neighbours to send! (at simulation time 650.000,000,000 s)
2025-06-06 16:07:53,791 INFO  - I have no neighbours to send! (at simulation time 650.000,000,000 s)
2025-06-06 16:07:53,791 INFO  - I have no neighbours to send! (at simulation time 650.000,000,000 s)
2025-06-06 16:07:53,791 INFO  - I have no neighbours to send! (at simulation time 650.000,000,000 s)
2025-06-06 16:07:53,791 INFO  - I have no neighbours to send! (at simulation time 650.000,000,000 s)
2025-06-06 16:07:53,791 INFO  - I have no neighbours to send! (at simulation time 650.000,000,000 s)
2025-06-06 16:07:53,791 INFO  - I have no neighbours to send! (at simulation time 650.000,000,000 s)
2025-06-06 16:07:53,792 INFO  - I have no neighbours to send! (at simulation time 650.000,000,000 s)
2025-06-06 16:07:53,792 INFO  - I have no neighbours to send! (at simulation time 650.000,000,000 s)
2025-06-06 16:07:53,792 INFO  - I have no neighbours to send! (at simulation time 650.000,000,000 s)
2025-06-06 16:07:53,792 INFO  - I have no neighbours to send! (at simulation time 650.000,000,000 s)
2025-06-06 16:07:53,792 INFO  - I have no neighbours to send! (at simulation time 650.000,000,000 s)
2025-06-06 16:07:53,792 INFO  - I have no neighbours to send! (at simulation time 650.000,000,000 s)
2025-06-06 16:07:53,792 INFO  - I have no neighbours to send! (at simulation time 650.000,000,000 s)
2025-06-06 16:07:53,792 INFO  - I have no neighbours to send! (at simulation time 650.000,000,000 s)
2025-06-06 16:07:53,792 INFO  - I have no neighbours to send! (at simulation time 650.000,000,000 s)
2025-06-06 16:07:53,792 INFO  - I have no neighbours to send! (at simulation time 650.000,000,000 s)
2025-06-06 16:07:53,792 INFO  - I have no neighbours to send! (at simulation time 650.000,000,000 s)
2025-06-06 16:07:53,792 INFO  - I have no neighbours to send! (at simulation time 650.000,000,000 s)
2025-06-06 16:07:53,792 INFO  - I have no neighbours to send! (at simulation time 650.000,000,000 s)
2025-06-06 16:07:53,792 INFO  - I have no neighbours to send! (at simulation time 650.000,000,000 s)
2025-06-06 16:07:53,792 INFO  - I have no neighbours to send! (at simulation time 650.000,000,000 s)
2025-06-06 16:07:53,792 INFO  - I have no neighbours to send! (at simulation time 650.000,000,000 s)
2025-06-06 16:07:53,792 INFO  - I have no neighbours to send! (at simulation time 650.000,000,000 s)
2025-06-06 16:07:53,792 INFO  - I have no neighbours to send! (at simulation time 650.000,000,000 s)
2025-06-06 16:07:53,792 INFO  - I have no neighbours to send! (at simulation time 650.000,000,000 s)
2025-06-06 16:07:53,792 INFO  - I have no neighbours to send! (at simulation time 650.000,000,000 s)
2025-06-06 16:07:53,792 INFO  - I have no neighbours to send! (at simulation time 650.000,000,000 s)
2025-06-06 16:07:53,792 INFO  - I have no neighbours to send! (at simulation time 650.000,000,000 s)
2025-06-06 16:07:53,793 INFO  - I have no neighbours to send! (at simulation time 650.000,000,000 s)
2025-06-06 16:07:53,793 INFO  - I have no neighbours to send! (at simulation time 650.000,000,000 s)
2025-06-06 16:07:53,793 INFO  - I have no neighbours to send! (at simulation time 650.000,000,000 s)
2025-06-06 16:07:53,793 INFO  - I have no neighbours to send! (at simulation time 650.000,000,000 s)
2025-06-06 16:07:53,793 INFO  - I have no neighbours to send! (at simulation time 650.000,000,000 s)
2025-06-06 16:07:53,793 INFO  - I have no neighbours to send! (at simulation time 650.000,000,000 s)
2025-06-06 16:07:53,793 INFO  - I have no neighbours to send! (at simulation time 650.000,000,000 s)
2025-06-06 16:07:53,794 INFO  - Received metrics from FogNode: avgR0=1.353846153846154, avgR1=2.1076923076923078 (at simulation time 650.003,300,000 s)
2025-06-06 16:07:53,795 INFO  - I have no neighbours to send! (at simulation time 651.000,000,000 s)
2025-06-06 16:07:53,795 INFO  - I have no neighbours to send! (at simulation time 651.000,000,000 s)
2025-06-06 16:07:53,795 INFO  - I have no neighbours to send! (at simulation time 651.000,000,000 s)
2025-06-06 16:07:53,795 INFO  - I have no neighbours to send! (at simulation time 651.000,000,000 s)
2025-06-06 16:07:53,796 INFO  - I have no neighbours to send! (at simulation time 651.000,000,000 s)
2025-06-06 16:07:53,796 INFO  - I have no neighbours to send! (at simulation time 651.000,000,000 s)
2025-06-06 16:07:53,796 INFO  - I have no neighbours to send! (at simulation time 651.000,000,000 s)
2025-06-06 16:07:53,796 INFO  - I have no neighbours to send! (at simulation time 651.000,000,000 s)
2025-06-06 16:07:53,796 INFO  - I have no neighbours to send! (at simulation time 651.000,000,000 s)
2025-06-06 16:07:53,796 INFO  - I have no neighbours to send! (at simulation time 651.000,000,000 s)
2025-06-06 16:07:53,796 INFO  - I have no neighbours to send! (at simulation time 651.000,000,000 s)
2025-06-06 16:07:53,796 INFO  - I have no neighbours to send! (at simulation time 651.000,000,000 s)
2025-06-06 16:07:53,796 INFO  - I have no neighbours to send! (at simulation time 651.000,000,000 s)
2025-06-06 16:07:53,796 INFO  - I have no neighbours to send! (at simulation time 651.000,000,000 s)
2025-06-06 16:07:53,796 INFO  - I have no neighbours to send! (at simulation time 651.000,000,000 s)
2025-06-06 16:07:53,796 INFO  - I have no neighbours to send! (at simulation time 651.000,000,000 s)
2025-06-06 16:07:53,796 INFO  - I have no neighbours to send! (at simulation time 651.000,000,000 s)
2025-06-06 16:07:53,796 INFO  - I have no neighbours to send! (at simulation time 651.000,000,000 s)
2025-06-06 16:07:53,796 INFO  - I have no neighbours to send! (at simulation time 651.000,000,000 s)
2025-06-06 16:07:53,796 INFO  - I have no neighbours to send! (at simulation time 651.000,000,000 s)
2025-06-06 16:07:53,797 INFO  - I have no neighbours to send! (at simulation time 651.000,000,000 s)
2025-06-06 16:07:53,797 INFO  - I have no neighbours to send! (at simulation time 651.000,000,000 s)
2025-06-06 16:07:53,797 INFO  - I have no neighbours to send! (at simulation time 651.000,000,000 s)
2025-06-06 16:07:53,797 INFO  - I have no neighbours to send! (at simulation time 651.000,000,000 s)
2025-06-06 16:07:53,797 INFO  - I have no neighbours to send! (at simulation time 651.000,000,000 s)
2025-06-06 16:07:53,797 INFO  - I have no neighbours to send! (at simulation time 651.000,000,000 s)
2025-06-06 16:07:53,797 INFO  - I have no neighbours to send! (at simulation time 651.000,000,000 s)
2025-06-06 16:07:53,797 INFO  - I have no neighbours to send! (at simulation time 651.000,000,000 s)
2025-06-06 16:07:53,797 INFO  - I have no neighbours to send! (at simulation time 651.000,000,000 s)
2025-06-06 16:07:53,797 INFO  - I have no neighbours to send! (at simulation time 651.000,000,000 s)
2025-06-06 16:07:53,797 INFO  - I have no neighbours to send! (at simulation time 651.000,000,000 s)
2025-06-06 16:07:53,797 INFO  - I have no neighbours to send! (at simulation time 651.000,000,000 s)
2025-06-06 16:07:53,797 INFO  - I have no neighbours to send! (at simulation time 651.000,000,000 s)
2025-06-06 16:07:53,797 INFO  - I have no neighbours to send! (at simulation time 651.000,000,000 s)
2025-06-06 16:07:53,797 INFO  - I have no neighbours to send! (at simulation time 651.000,000,000 s)
2025-06-06 16:07:53,797 INFO  - I have no neighbours to send! (at simulation time 651.000,000,000 s)
2025-06-06 16:07:53,797 INFO  - I have no neighbours to send! (at simulation time 651.000,000,000 s)
2025-06-06 16:07:53,797 INFO  - I have no neighbours to send! (at simulation time 651.000,000,000 s)
2025-06-06 16:07:53,797 INFO  - I have no neighbours to send! (at simulation time 651.000,000,000 s)
2025-06-06 16:07:53,798 INFO  - I have no neighbours to send! (at simulation time 651.000,000,000 s)
2025-06-06 16:07:53,798 INFO  - I have no neighbours to send! (at simulation time 651.000,000,000 s)
2025-06-06 16:07:53,798 INFO  - I have no neighbours to send! (at simulation time 651.000,000,000 s)
2025-06-06 16:07:53,798 INFO  - I have no neighbours to send! (at simulation time 651.000,000,000 s)
2025-06-06 16:07:53,798 INFO  - I have no neighbours to send! (at simulation time 651.000,000,000 s)
2025-06-06 16:07:53,798 INFO  - I have no neighbours to send! (at simulation time 651.000,000,000 s)
2025-06-06 16:07:53,798 INFO  - I have no neighbours to send! (at simulation time 651.000,000,000 s)
2025-06-06 16:07:53,798 INFO  - I have no neighbours to send! (at simulation time 651.000,000,000 s)
2025-06-06 16:07:53,798 INFO  - I have no neighbours to send! (at simulation time 651.000,000,000 s)
2025-06-06 16:07:53,798 INFO  - I have no neighbours to send! (at simulation time 651.000,000,000 s)
2025-06-06 16:07:53,798 INFO  - I have no neighbours to send! (at simulation time 651.000,000,000 s)
2025-06-06 16:07:53,798 INFO  - I have no neighbours to send! (at simulation time 651.000,000,000 s)
2025-06-06 16:07:53,798 INFO  - I have no neighbours to send! (at simulation time 651.000,000,000 s)
2025-06-06 16:07:53,798 INFO  - I have no neighbours to send! (at simulation time 651.000,000,000 s)
2025-06-06 16:07:53,798 INFO  - I have no neighbours to send! (at simulation time 651.000,000,000 s)
2025-06-06 16:07:53,798 INFO  - I have no neighbours to send! (at simulation time 651.000,000,000 s)
2025-06-06 16:07:53,798 INFO  - I have no neighbours to send! (at simulation time 651.000,000,000 s)
2025-06-06 16:07:53,798 INFO  - I have no neighbours to send! (at simulation time 651.000,000,000 s)
2025-06-06 16:07:53,798 INFO  - I have no neighbours to send! (at simulation time 651.000,000,000 s)
2025-06-06 16:07:53,798 INFO  - I have no neighbours to send! (at simulation time 651.000,000,000 s)
2025-06-06 16:07:53,798 INFO  - I have no neighbours to send! (at simulation time 651.000,000,000 s)
2025-06-06 16:07:53,798 INFO  - I have no neighbours to send! (at simulation time 651.000,000,000 s)
2025-06-06 16:07:53,798 INFO  - I have no neighbours to send! (at simulation time 651.000,000,000 s)
2025-06-06 16:07:53,798 INFO  - I have no neighbours to send! (at simulation time 651.000,000,000 s)
2025-06-06 16:07:53,799 INFO  - I have no neighbours to send! (at simulation time 651.000,000,000 s)
2025-06-06 16:07:53,799 INFO  - I have no neighbours to send! (at simulation time 651.000,000,000 s)
2025-06-06 16:07:53,799 INFO  - I have no neighbours to send! (at simulation time 651.000,000,000 s)
2025-06-06 16:07:53,799 INFO  - I have no neighbours to send! (at simulation time 651.000,000,000 s)
2025-06-06 16:07:53,799 INFO  - I have no neighbours to send! (at simulation time 651.000,000,000 s)
2025-06-06 16:07:53,799 INFO  - I have no neighbours to send! (at simulation time 651.000,000,000 s)
2025-06-06 16:07:53,799 INFO  - I have no neighbours to send! (at simulation time 651.000,000,000 s)
2025-06-06 16:07:53,800 INFO  - Sent periodic GreenWaveMsg: veh_112 on route r_0 (at simulation time 652.000,000,000 s)
2025-06-06 16:07:53,801 INFO  - I have no neighbours to send! (at simulation time 652.000,000,000 s)
2025-06-06 16:07:53,801 INFO  - I have no neighbours to send! (at simulation time 652.000,000,000 s)
2025-06-06 16:07:53,801 INFO  - I have no neighbours to send! (at simulation time 652.000,000,000 s)
2025-06-06 16:07:53,801 INFO  - I have no neighbours to send! (at simulation time 652.000,000,000 s)
2025-06-06 16:07:53,801 INFO  - I have no neighbours to send! (at simulation time 652.000,000,000 s)
2025-06-06 16:07:53,801 INFO  - I have no neighbours to send! (at simulation time 652.000,000,000 s)
2025-06-06 16:07:53,801 INFO  - I have no neighbours to send! (at simulation time 652.000,000,000 s)
2025-06-06 16:07:53,801 INFO  - I have no neighbours to send! (at simulation time 652.000,000,000 s)
2025-06-06 16:07:53,801 INFO  - I have no neighbours to send! (at simulation time 652.000,000,000 s)
2025-06-06 16:07:53,801 INFO  - I have no neighbours to send! (at simulation time 652.000,000,000 s)
2025-06-06 16:07:53,801 INFO  - I have no neighbours to send! (at simulation time 652.000,000,000 s)
2025-06-06 16:07:53,801 INFO  - I have no neighbours to send! (at simulation time 652.000,000,000 s)
2025-06-06 16:07:53,802 INFO  - I have no neighbours to send! (at simulation time 652.000,000,000 s)
2025-06-06 16:07:53,802 INFO  - I have no neighbours to send! (at simulation time 652.000,000,000 s)
2025-06-06 16:07:53,802 INFO  - I have no neighbours to send! (at simulation time 652.000,000,000 s)
2025-06-06 16:07:53,802 INFO  - I have no neighbours to send! (at simulation time 652.000,000,000 s)
2025-06-06 16:07:53,802 INFO  - I have no neighbours to send! (at simulation time 652.000,000,000 s)
2025-06-06 16:07:53,802 INFO  - I have no neighbours to send! (at simulation time 652.000,000,000 s)
2025-06-06 16:07:53,802 INFO  - I have no neighbours to send! (at simulation time 652.000,000,000 s)
2025-06-06 16:07:53,802 INFO  - I have no neighbours to send! (at simulation time 652.000,000,000 s)
2025-06-06 16:07:53,802 INFO  - I have no neighbours to send! (at simulation time 652.000,000,000 s)
2025-06-06 16:07:53,802 INFO  - I have no neighbours to send! (at simulation time 652.000,000,000 s)
2025-06-06 16:07:53,802 INFO  - I have no neighbours to send! (at simulation time 652.000,000,000 s)
2025-06-06 16:07:53,802 INFO  - I have no neighbours to send! (at simulation time 652.000,000,000 s)
2025-06-06 16:07:53,802 INFO  - I have no neighbours to send! (at simulation time 652.000,000,000 s)
2025-06-06 16:07:53,802 INFO  - I have no neighbours to send! (at simulation time 652.000,000,000 s)
2025-06-06 16:07:53,802 INFO  - I have no neighbours to send! (at simulation time 652.000,000,000 s)
2025-06-06 16:07:53,802 INFO  - I have no neighbours to send! (at simulation time 652.000,000,000 s)
2025-06-06 16:07:53,802 INFO  - I have no neighbours to send! (at simulation time 652.000,000,000 s)
2025-06-06 16:07:53,802 INFO  - I have no neighbours to send! (at simulation time 652.000,000,000 s)
2025-06-06 16:07:53,802 INFO  - I have no neighbours to send! (at simulation time 652.000,000,000 s)
2025-06-06 16:07:53,803 INFO  - I have no neighbours to send! (at simulation time 652.000,000,000 s)
2025-06-06 16:07:53,803 INFO  - I have no neighbours to send! (at simulation time 652.000,000,000 s)
2025-06-06 16:07:53,803 INFO  - I have no neighbours to send! (at simulation time 652.000,000,000 s)
2025-06-06 16:07:53,803 INFO  - I have no neighbours to send! (at simulation time 652.000,000,000 s)
2025-06-06 16:07:53,803 INFO  - I have no neighbours to send! (at simulation time 652.000,000,000 s)
2025-06-06 16:07:53,803 INFO  - I have no neighbours to send! (at simulation time 652.000,000,000 s)
2025-06-06 16:07:53,803 INFO  - I have no neighbours to send! (at simulation time 652.000,000,000 s)
2025-06-06 16:07:53,803 INFO  - I have no neighbours to send! (at simulation time 652.000,000,000 s)
2025-06-06 16:07:53,803 INFO  - I have no neighbours to send! (at simulation time 652.000,000,000 s)
2025-06-06 16:07:53,803 INFO  - I have no neighbours to send! (at simulation time 652.000,000,000 s)
2025-06-06 16:07:53,803 INFO  - I have no neighbours to send! (at simulation time 652.000,000,000 s)
2025-06-06 16:07:53,803 INFO  - I have no neighbours to send! (at simulation time 652.000,000,000 s)
2025-06-06 16:07:53,803 INFO  - I have no neighbours to send! (at simulation time 652.000,000,000 s)
2025-06-06 16:07:53,803 INFO  - I have no neighbours to send! (at simulation time 652.000,000,000 s)
2025-06-06 16:07:53,803 INFO  - I have no neighbours to send! (at simulation time 652.000,000,000 s)
2025-06-06 16:07:53,803 INFO  - I have no neighbours to send! (at simulation time 652.000,000,000 s)
2025-06-06 16:07:53,803 INFO  - I have no neighbours to send! (at simulation time 652.000,000,000 s)
2025-06-06 16:07:53,803 INFO  - I have no neighbours to send! (at simulation time 652.000,000,000 s)
2025-06-06 16:07:53,803 INFO  - I have no neighbours to send! (at simulation time 652.000,000,000 s)
2025-06-06 16:07:53,803 INFO  - I have no neighbours to send! (at simulation time 652.000,000,000 s)
2025-06-06 16:07:53,803 INFO  - I have no neighbours to send! (at simulation time 652.000,000,000 s)
2025-06-06 16:07:53,804 INFO  - I have no neighbours to send! (at simulation time 652.000,000,000 s)
2025-06-06 16:07:53,804 INFO  - I have no neighbours to send! (at simulation time 652.000,000,000 s)
2025-06-06 16:07:53,804 INFO  - I have no neighbours to send! (at simulation time 652.000,000,000 s)
2025-06-06 16:07:53,804 INFO  - I have no neighbours to send! (at simulation time 652.000,000,000 s)
2025-06-06 16:07:53,804 INFO  - I have no neighbours to send! (at simulation time 652.000,000,000 s)
2025-06-06 16:07:53,804 INFO  - I have no neighbours to send! (at simulation time 652.000,000,000 s)
2025-06-06 16:07:53,804 INFO  - I have no neighbours to send! (at simulation time 652.000,000,000 s)
2025-06-06 16:07:53,804 INFO  - I have no neighbours to send! (at simulation time 652.000,000,000 s)
2025-06-06 16:07:53,804 INFO  - I have no neighbours to send! (at simulation time 652.000,000,000 s)
2025-06-06 16:07:53,804 INFO  - I have no neighbours to send! (at simulation time 652.000,000,000 s)
2025-06-06 16:07:53,804 INFO  - I have no neighbours to send! (at simulation time 652.000,000,000 s)
2025-06-06 16:07:53,804 INFO  - I have no neighbours to send! (at simulation time 652.000,000,000 s)
2025-06-06 16:07:53,804 INFO  - I have no neighbours to send! (at simulation time 652.000,000,000 s)
2025-06-06 16:07:53,804 INFO  - I have no neighbours to send! (at simulation time 652.000,000,000 s)
2025-06-06 16:07:53,804 INFO  - I have no neighbours to send! (at simulation time 652.000,000,000 s)
2025-06-06 16:07:53,804 INFO  - I have no neighbours to send! (at simulation time 652.000,000,000 s)
2025-06-06 16:07:53,804 INFO  - I have no neighbours to send! (at simulation time 652.000,000,000 s)
2025-06-06 16:07:53,804 INFO  - I have no neighbours to send! (at simulation time 652.000,000,000 s)
2025-06-06 16:07:53,804 INFO  - I have no neighbours to send! (at simulation time 652.000,000,000 s)
2025-06-06 16:07:53,806 INFO  - I have no neighbours to send! (at simulation time 653.000,000,000 s)
2025-06-06 16:07:53,806 INFO  - I have no neighbours to send! (at simulation time 653.000,000,000 s)
2025-06-06 16:07:53,806 INFO  - I have no neighbours to send! (at simulation time 653.000,000,000 s)
2025-06-06 16:07:53,806 INFO  - I have no neighbours to send! (at simulation time 653.000,000,000 s)
2025-06-06 16:07:53,807 INFO  - I have no neighbours to send! (at simulation time 653.000,000,000 s)
2025-06-06 16:07:53,807 INFO  - I have no neighbours to send! (at simulation time 653.000,000,000 s)
2025-06-06 16:07:53,807 INFO  - I have no neighbours to send! (at simulation time 653.000,000,000 s)
2025-06-06 16:07:53,807 INFO  - I have no neighbours to send! (at simulation time 653.000,000,000 s)
2025-06-06 16:07:53,807 INFO  - I have no neighbours to send! (at simulation time 653.000,000,000 s)
2025-06-06 16:07:53,807 INFO  - I have no neighbours to send! (at simulation time 653.000,000,000 s)
2025-06-06 16:07:53,807 INFO  - I have no neighbours to send! (at simulation time 653.000,000,000 s)
2025-06-06 16:07:53,807 INFO  - I have no neighbours to send! (at simulation time 653.000,000,000 s)
2025-06-06 16:07:53,807 INFO  - I have no neighbours to send! (at simulation time 653.000,000,000 s)
2025-06-06 16:07:53,807 INFO  - I have no neighbours to send! (at simulation time 653.000,000,000 s)
2025-06-06 16:07:53,807 INFO  - I have no neighbours to send! (at simulation time 653.000,000,000 s)
2025-06-06 16:07:53,807 INFO  - I have no neighbours to send! (at simulation time 653.000,000,000 s)
2025-06-06 16:07:53,807 INFO  - I have no neighbours to send! (at simulation time 653.000,000,000 s)
2025-06-06 16:07:53,807 INFO  - I have no neighbours to send! (at simulation time 653.000,000,000 s)
2025-06-06 16:07:53,807 INFO  - I have no neighbours to send! (at simulation time 653.000,000,000 s)
2025-06-06 16:07:53,807 INFO  - I have no neighbours to send! (at simulation time 653.000,000,000 s)
2025-06-06 16:07:53,808 INFO  - I have no neighbours to send! (at simulation time 653.000,000,000 s)
2025-06-06 16:07:53,808 INFO  - I have no neighbours to send! (at simulation time 653.000,000,000 s)
2025-06-06 16:07:53,808 INFO  - I have no neighbours to send! (at simulation time 653.000,000,000 s)
2025-06-06 16:07:53,808 INFO  - I have no neighbours to send! (at simulation time 653.000,000,000 s)
2025-06-06 16:07:53,808 INFO  - I have no neighbours to send! (at simulation time 653.000,000,000 s)
2025-06-06 16:07:53,808 INFO  - I have no neighbours to send! (at simulation time 653.000,000,000 s)
2025-06-06 16:07:53,808 INFO  - I have no neighbours to send! (at simulation time 653.000,000,000 s)
2025-06-06 16:07:53,808 INFO  - I have no neighbours to send! (at simulation time 653.000,000,000 s)
2025-06-06 16:07:53,808 INFO  - I have no neighbours to send! (at simulation time 653.000,000,000 s)
2025-06-06 16:07:53,808 INFO  - I have no neighbours to send! (at simulation time 653.000,000,000 s)
2025-06-06 16:07:53,808 INFO  - I have no neighbours to send! (at simulation time 653.000,000,000 s)
2025-06-06 16:07:53,808 INFO  - I have no neighbours to send! (at simulation time 653.000,000,000 s)
2025-06-06 16:07:53,808 INFO  - I have no neighbours to send! (at simulation time 653.000,000,000 s)
2025-06-06 16:07:53,808 INFO  - I have no neighbours to send! (at simulation time 653.000,000,000 s)
2025-06-06 16:07:53,808 INFO  - I have no neighbours to send! (at simulation time 653.000,000,000 s)
2025-06-06 16:07:53,808 INFO  - I have no neighbours to send! (at simulation time 653.000,000,000 s)
2025-06-06 16:07:53,808 INFO  - I have no neighbours to send! (at simulation time 653.000,000,000 s)
2025-06-06 16:07:53,808 INFO  - I have no neighbours to send! (at simulation time 653.000,000,000 s)
2025-06-06 16:07:53,808 INFO  - I have no neighbours to send! (at simulation time 653.000,000,000 s)
2025-06-06 16:07:53,809 INFO  - I have no neighbours to send! (at simulation time 653.000,000,000 s)
2025-06-06 16:07:53,809 INFO  - I have no neighbours to send! (at simulation time 653.000,000,000 s)
2025-06-06 16:07:53,809 INFO  - I have no neighbours to send! (at simulation time 653.000,000,000 s)
2025-06-06 16:07:53,809 INFO  - I have no neighbours to send! (at simulation time 653.000,000,000 s)
2025-06-06 16:07:53,809 INFO  - I have no neighbours to send! (at simulation time 653.000,000,000 s)
2025-06-06 16:07:53,809 INFO  - I have no neighbours to send! (at simulation time 653.000,000,000 s)
2025-06-06 16:07:53,809 INFO  - I have no neighbours to send! (at simulation time 653.000,000,000 s)
2025-06-06 16:07:53,809 INFO  - I have no neighbours to send! (at simulation time 653.000,000,000 s)
2025-06-06 16:07:53,809 INFO  - I have no neighbours to send! (at simulation time 653.000,000,000 s)
2025-06-06 16:07:53,809 INFO  - I have no neighbours to send! (at simulation time 653.000,000,000 s)
2025-06-06 16:07:53,809 INFO  - I have no neighbours to send! (at simulation time 653.000,000,000 s)
2025-06-06 16:07:53,809 INFO  - I have no neighbours to send! (at simulation time 653.000,000,000 s)
2025-06-06 16:07:53,809 INFO  - I have no neighbours to send! (at simulation time 653.000,000,000 s)
2025-06-06 16:07:53,809 INFO  - I have no neighbours to send! (at simulation time 653.000,000,000 s)
2025-06-06 16:07:53,809 INFO  - I have no neighbours to send! (at simulation time 653.000,000,000 s)
2025-06-06 16:07:53,809 INFO  - I have no neighbours to send! (at simulation time 653.000,000,000 s)
2025-06-06 16:07:53,809 INFO  - I have no neighbours to send! (at simulation time 653.000,000,000 s)
2025-06-06 16:07:53,809 INFO  - I have no neighbours to send! (at simulation time 653.000,000,000 s)
2025-06-06 16:07:53,809 INFO  - I have no neighbours to send! (at simulation time 653.000,000,000 s)
2025-06-06 16:07:53,809 INFO  - I have no neighbours to send! (at simulation time 653.000,000,000 s)
2025-06-06 16:07:53,809 INFO  - I have no neighbours to send! (at simulation time 653.000,000,000 s)
2025-06-06 16:07:53,809 INFO  - I have no neighbours to send! (at simulation time 653.000,000,000 s)
2025-06-06 16:07:53,809 INFO  - I have no neighbours to send! (at simulation time 653.000,000,000 s)
2025-06-06 16:07:53,809 INFO  - I have no neighbours to send! (at simulation time 653.000,000,000 s)
2025-06-06 16:07:53,809 INFO  - I have no neighbours to send! (at simulation time 653.000,000,000 s)
2025-06-06 16:07:53,810 INFO  - I have no neighbours to send! (at simulation time 653.000,000,000 s)
2025-06-06 16:07:53,810 INFO  - I have no neighbours to send! (at simulation time 653.000,000,000 s)
2025-06-06 16:07:53,810 INFO  - I have no neighbours to send! (at simulation time 653.000,000,000 s)
2025-06-06 16:07:53,810 INFO  - I have no neighbours to send! (at simulation time 653.000,000,000 s)
2025-06-06 16:07:53,810 INFO  - I have no neighbours to send! (at simulation time 653.000,000,000 s)
2025-06-06 16:07:53,810 INFO  - I have no neighbours to send! (at simulation time 653.000,000,000 s)
2025-06-06 16:07:53,810 INFO  - I have no neighbours to send! (at simulation time 653.000,000,000 s)
2025-06-06 16:07:53,810 INFO  - I have no neighbours to send! (at simulation time 653.000,000,000 s)
2025-06-06 16:07:53,815 INFO  - I have no neighbours to send! (at simulation time 654.000,000,000 s)
2025-06-06 16:07:53,816 INFO  - I have no neighbours to send! (at simulation time 654.000,000,000 s)
2025-06-06 16:07:53,816 INFO  - I have no neighbours to send! (at simulation time 654.000,000,000 s)
2025-06-06 16:07:53,816 INFO  - I have no neighbours to send! (at simulation time 654.000,000,000 s)
2025-06-06 16:07:53,816 INFO  - I have no neighbours to send! (at simulation time 654.000,000,000 s)
2025-06-06 16:07:53,816 INFO  - I have no neighbours to send! (at simulation time 654.000,000,000 s)
2025-06-06 16:07:53,816 INFO  - I have no neighbours to send! (at simulation time 654.000,000,000 s)
2025-06-06 16:07:53,816 INFO  - I have no neighbours to send! (at simulation time 654.000,000,000 s)
2025-06-06 16:07:53,816 INFO  - I have no neighbours to send! (at simulation time 654.000,000,000 s)
2025-06-06 16:07:53,816 INFO  - I have no neighbours to send! (at simulation time 654.000,000,000 s)
2025-06-06 16:07:53,816 INFO  - I have no neighbours to send! (at simulation time 654.000,000,000 s)
2025-06-06 16:07:53,816 INFO  - I have no neighbours to send! (at simulation time 654.000,000,000 s)
2025-06-06 16:07:53,817 INFO  - I have no neighbours to send! (at simulation time 654.000,000,000 s)
2025-06-06 16:07:53,817 INFO  - I have no neighbours to send! (at simulation time 654.000,000,000 s)
2025-06-06 16:07:53,817 INFO  - I have no neighbours to send! (at simulation time 654.000,000,000 s)
2025-06-06 16:07:53,817 INFO  - I have no neighbours to send! (at simulation time 654.000,000,000 s)
2025-06-06 16:07:53,817 INFO  - I have no neighbours to send! (at simulation time 654.000,000,000 s)
2025-06-06 16:07:53,817 INFO  - I have no neighbours to send! (at simulation time 654.000,000,000 s)
2025-06-06 16:07:53,817 INFO  - I have no neighbours to send! (at simulation time 654.000,000,000 s)
2025-06-06 16:07:53,817 INFO  - I have no neighbours to send! (at simulation time 654.000,000,000 s)
2025-06-06 16:07:53,817 INFO  - I have no neighbours to send! (at simulation time 654.000,000,000 s)
2025-06-06 16:07:53,817 INFO  - I have no neighbours to send! (at simulation time 654.000,000,000 s)
2025-06-06 16:07:53,817 INFO  - I have no neighbours to send! (at simulation time 654.000,000,000 s)
2025-06-06 16:07:53,817 INFO  - I have no neighbours to send! (at simulation time 654.000,000,000 s)
2025-06-06 16:07:53,817 INFO  - I have no neighbours to send! (at simulation time 654.000,000,000 s)
2025-06-06 16:07:53,817 INFO  - I have no neighbours to send! (at simulation time 654.000,000,000 s)
2025-06-06 16:07:53,817 INFO  - I have no neighbours to send! (at simulation time 654.000,000,000 s)
2025-06-06 16:07:53,817 INFO  - I have no neighbours to send! (at simulation time 654.000,000,000 s)
2025-06-06 16:07:53,817 INFO  - I have no neighbours to send! (at simulation time 654.000,000,000 s)
2025-06-06 16:07:53,818 INFO  - I have no neighbours to send! (at simulation time 654.000,000,000 s)
2025-06-06 16:07:53,818 INFO  - I have no neighbours to send! (at simulation time 654.000,000,000 s)
2025-06-06 16:07:53,818 INFO  - I have no neighbours to send! (at simulation time 654.000,000,000 s)
2025-06-06 16:07:53,818 INFO  - I have no neighbours to send! (at simulation time 654.000,000,000 s)
2025-06-06 16:07:53,818 INFO  - I have no neighbours to send! (at simulation time 654.000,000,000 s)
2025-06-06 16:07:53,818 INFO  - I have no neighbours to send! (at simulation time 654.000,000,000 s)
2025-06-06 16:07:53,818 INFO  - I have no neighbours to send! (at simulation time 654.000,000,000 s)
2025-06-06 16:07:53,818 INFO  - I have no neighbours to send! (at simulation time 654.000,000,000 s)
2025-06-06 16:07:53,818 INFO  - I have no neighbours to send! (at simulation time 654.000,000,000 s)
2025-06-06 16:07:53,818 INFO  - I have no neighbours to send! (at simulation time 654.000,000,000 s)
2025-06-06 16:07:53,818 INFO  - I have no neighbours to send! (at simulation time 654.000,000,000 s)
2025-06-06 16:07:53,818 INFO  - I have no neighbours to send! (at simulation time 654.000,000,000 s)
2025-06-06 16:07:53,818 INFO  - I have no neighbours to send! (at simulation time 654.000,000,000 s)
2025-06-06 16:07:53,818 INFO  - I have no neighbours to send! (at simulation time 654.000,000,000 s)
2025-06-06 16:07:53,818 INFO  - I have no neighbours to send! (at simulation time 654.000,000,000 s)
2025-06-06 16:07:53,818 INFO  - I have no neighbours to send! (at simulation time 654.000,000,000 s)
2025-06-06 16:07:53,818 INFO  - I have no neighbours to send! (at simulation time 654.000,000,000 s)
2025-06-06 16:07:53,818 INFO  - I have no neighbours to send! (at simulation time 654.000,000,000 s)
2025-06-06 16:07:53,818 INFO  - I have no neighbours to send! (at simulation time 654.000,000,000 s)
2025-06-06 16:07:53,818 INFO  - I have no neighbours to send! (at simulation time 654.000,000,000 s)
2025-06-06 16:07:53,819 INFO  - I have no neighbours to send! (at simulation time 654.000,000,000 s)
2025-06-06 16:07:53,819 INFO  - I have no neighbours to send! (at simulation time 654.000,000,000 s)
2025-06-06 16:07:53,819 INFO  - I have no neighbours to send! (at simulation time 654.000,000,000 s)
2025-06-06 16:07:53,819 INFO  - I have no neighbours to send! (at simulation time 654.000,000,000 s)
2025-06-06 16:07:53,819 INFO  - I have no neighbours to send! (at simulation time 654.000,000,000 s)
2025-06-06 16:07:53,819 INFO  - I have no neighbours to send! (at simulation time 654.000,000,000 s)
2025-06-06 16:07:53,819 INFO  - I have no neighbours to send! (at simulation time 654.000,000,000 s)
2025-06-06 16:07:53,819 INFO  - I have no neighbours to send! (at simulation time 654.000,000,000 s)
2025-06-06 16:07:53,819 INFO  - I have no neighbours to send! (at simulation time 654.000,000,000 s)
2025-06-06 16:07:53,819 INFO  - I have no neighbours to send! (at simulation time 654.000,000,000 s)
2025-06-06 16:07:53,819 INFO  - I have no neighbours to send! (at simulation time 654.000,000,000 s)
2025-06-06 16:07:53,819 INFO  - I have no neighbours to send! (at simulation time 654.000,000,000 s)
2025-06-06 16:07:53,819 INFO  - I have no neighbours to send! (at simulation time 654.000,000,000 s)
2025-06-06 16:07:53,819 INFO  - I have no neighbours to send! (at simulation time 654.000,000,000 s)
2025-06-06 16:07:53,819 INFO  - I have no neighbours to send! (at simulation time 654.000,000,000 s)
2025-06-06 16:07:53,819 INFO  - I have no neighbours to send! (at simulation time 654.000,000,000 s)
2025-06-06 16:07:53,819 INFO  - I have no neighbours to send! (at simulation time 654.000,000,000 s)
2025-06-06 16:07:53,819 INFO  - I have no neighbours to send! (at simulation time 654.000,000,000 s)
2025-06-06 16:07:53,819 INFO  - I have no neighbours to send! (at simulation time 654.000,000,000 s)
2025-06-06 16:07:53,819 INFO  - I have no neighbours to send! (at simulation time 654.000,000,000 s)
2025-06-06 16:07:53,819 INFO  - I have no neighbours to send! (at simulation time 654.000,000,000 s)
2025-06-06 16:07:53,819 INFO  - I have no neighbours to send! (at simulation time 654.000,000,000 s)
2025-06-06 16:07:53,819 INFO  - I have no neighbours to send! (at simulation time 654.000,000,000 s)
2025-06-06 16:07:53,819 INFO  - I have no neighbours to send! (at simulation time 654.000,000,000 s)
2025-06-06 16:07:53,822 INFO  - I have no neighbours to send! (at simulation time 655.000,000,000 s)
2025-06-06 16:07:53,822 INFO  - I have no neighbours to send! (at simulation time 655.000,000,000 s)
2025-06-06 16:07:53,822 INFO  - I have no neighbours to send! (at simulation time 655.000,000,000 s)
2025-06-06 16:07:53,822 INFO  - I have no neighbours to send! (at simulation time 655.000,000,000 s)
2025-06-06 16:07:53,822 INFO  - I have no neighbours to send! (at simulation time 655.000,000,000 s)
2025-06-06 16:07:53,822 INFO  - I have no neighbours to send! (at simulation time 655.000,000,000 s)
2025-06-06 16:07:53,822 INFO  - I have no neighbours to send! (at simulation time 655.000,000,000 s)
2025-06-06 16:07:53,822 INFO  - I have no neighbours to send! (at simulation time 655.000,000,000 s)
2025-06-06 16:07:53,822 INFO  - I have no neighbours to send! (at simulation time 655.000,000,000 s)
2025-06-06 16:07:53,822 INFO  - I have no neighbours to send! (at simulation time 655.000,000,000 s)
2025-06-06 16:07:53,823 INFO  - I have no neighbours to send! (at simulation time 655.000,000,000 s)
2025-06-06 16:07:53,823 INFO  - I have no neighbours to send! (at simulation time 655.000,000,000 s)
2025-06-06 16:07:53,823 INFO  - I have no neighbours to send! (at simulation time 655.000,000,000 s)
2025-06-06 16:07:53,823 INFO  - I have no neighbours to send! (at simulation time 655.000,000,000 s)
2025-06-06 16:07:53,823 INFO  - I have no neighbours to send! (at simulation time 655.000,000,000 s)
2025-06-06 16:07:53,823 INFO  - I have no neighbours to send! (at simulation time 655.000,000,000 s)
2025-06-06 16:07:53,823 INFO  - I have no neighbours to send! (at simulation time 655.000,000,000 s)
2025-06-06 16:07:53,823 INFO  - I have no neighbours to send! (at simulation time 655.000,000,000 s)
2025-06-06 16:07:53,823 INFO  - I have no neighbours to send! (at simulation time 655.000,000,000 s)
2025-06-06 16:07:53,823 INFO  - I have no neighbours to send! (at simulation time 655.000,000,000 s)
2025-06-06 16:07:53,823 INFO  - I have no neighbours to send! (at simulation time 655.000,000,000 s)
2025-06-06 16:07:53,823 INFO  - I have no neighbours to send! (at simulation time 655.000,000,000 s)
2025-06-06 16:07:53,823 INFO  - I have no neighbours to send! (at simulation time 655.000,000,000 s)
2025-06-06 16:07:53,823 INFO  - I have no neighbours to send! (at simulation time 655.000,000,000 s)
2025-06-06 16:07:53,823 INFO  - I have no neighbours to send! (at simulation time 655.000,000,000 s)
2025-06-06 16:07:53,824 INFO  - I have no neighbours to send! (at simulation time 655.000,000,000 s)
2025-06-06 16:07:53,824 INFO  - I have no neighbours to send! (at simulation time 655.000,000,000 s)
2025-06-06 16:07:53,824 INFO  - I have no neighbours to send! (at simulation time 655.000,000,000 s)
2025-06-06 16:07:53,824 INFO  - I have no neighbours to send! (at simulation time 655.000,000,000 s)
2025-06-06 16:07:53,824 INFO  - I have no neighbours to send! (at simulation time 655.000,000,000 s)
2025-06-06 16:07:53,824 INFO  - I have no neighbours to send! (at simulation time 655.000,000,000 s)
2025-06-06 16:07:53,824 INFO  - I have no neighbours to send! (at simulation time 655.000,000,000 s)
2025-06-06 16:07:53,824 INFO  - I have no neighbours to send! (at simulation time 655.000,000,000 s)
2025-06-06 16:07:53,824 INFO  - I have no neighbours to send! (at simulation time 655.000,000,000 s)
2025-06-06 16:07:53,824 INFO  - I have no neighbours to send! (at simulation time 655.000,000,000 s)
2025-06-06 16:07:53,824 INFO  - I have no neighbours to send! (at simulation time 655.000,000,000 s)
2025-06-06 16:07:53,824 INFO  - I have no neighbours to send! (at simulation time 655.000,000,000 s)
2025-06-06 16:07:53,824 INFO  - I have no neighbours to send! (at simulation time 655.000,000,000 s)
2025-06-06 16:07:53,824 INFO  - I have no neighbours to send! (at simulation time 655.000,000,000 s)
2025-06-06 16:07:53,824 INFO  - I have no neighbours to send! (at simulation time 655.000,000,000 s)
2025-06-06 16:07:53,824 INFO  - I have no neighbours to send! (at simulation time 655.000,000,000 s)
2025-06-06 16:07:53,824 INFO  - I have no neighbours to send! (at simulation time 655.000,000,000 s)
2025-06-06 16:07:53,824 INFO  - I have no neighbours to send! (at simulation time 655.000,000,000 s)
2025-06-06 16:07:53,824 INFO  - I have no neighbours to send! (at simulation time 655.000,000,000 s)
2025-06-06 16:07:53,825 INFO  - I have no neighbours to send! (at simulation time 655.000,000,000 s)
2025-06-06 16:07:53,825 INFO  - I have no neighbours to send! (at simulation time 655.000,000,000 s)
2025-06-06 16:07:53,825 INFO  - I have no neighbours to send! (at simulation time 655.000,000,000 s)
2025-06-06 16:07:53,825 INFO  - I have no neighbours to send! (at simulation time 655.000,000,000 s)
2025-06-06 16:07:53,825 INFO  - I have no neighbours to send! (at simulation time 655.000,000,000 s)
2025-06-06 16:07:53,825 INFO  - I have no neighbours to send! (at simulation time 655.000,000,000 s)
2025-06-06 16:07:53,825 INFO  - I have no neighbours to send! (at simulation time 655.000,000,000 s)
2025-06-06 16:07:53,825 INFO  - I have no neighbours to send! (at simulation time 655.000,000,000 s)
2025-06-06 16:07:53,825 INFO  - I have no neighbours to send! (at simulation time 655.000,000,000 s)
2025-06-06 16:07:53,825 INFO  - I have no neighbours to send! (at simulation time 655.000,000,000 s)
2025-06-06 16:07:53,825 INFO  - I have no neighbours to send! (at simulation time 655.000,000,000 s)
2025-06-06 16:07:53,825 INFO  - I have no neighbours to send! (at simulation time 655.000,000,000 s)
2025-06-06 16:07:53,825 INFO  - I have no neighbours to send! (at simulation time 655.000,000,000 s)
2025-06-06 16:07:53,825 INFO  - I have no neighbours to send! (at simulation time 655.000,000,000 s)
2025-06-06 16:07:53,825 INFO  - I have no neighbours to send! (at simulation time 655.000,000,000 s)
2025-06-06 16:07:53,825 INFO  - I have no neighbours to send! (at simulation time 655.000,000,000 s)
2025-06-06 16:07:53,825 INFO  - I have no neighbours to send! (at simulation time 655.000,000,000 s)
2025-06-06 16:07:53,825 INFO  - I have no neighbours to send! (at simulation time 655.000,000,000 s)
2025-06-06 16:07:53,825 INFO  - I have no neighbours to send! (at simulation time 655.000,000,000 s)
2025-06-06 16:07:53,825 INFO  - I have no neighbours to send! (at simulation time 655.000,000,000 s)
2025-06-06 16:07:53,825 INFO  - I have no neighbours to send! (at simulation time 655.000,000,000 s)
2025-06-06 16:07:53,825 INFO  - I have no neighbours to send! (at simulation time 655.000,000,000 s)
2025-06-06 16:07:53,825 INFO  - I have no neighbours to send! (at simulation time 655.000,000,000 s)
2025-06-06 16:07:53,825 INFO  - I have no neighbours to send! (at simulation time 655.000,000,000 s)
2025-06-06 16:07:53,825 INFO  - I have no neighbours to send! (at simulation time 655.000,000,000 s)
2025-06-06 16:07:53,826 INFO  - I have no neighbours to send! (at simulation time 655.000,000,000 s)
2025-06-06 16:07:53,826 INFO  - I have no neighbours to send! (at simulation time 655.000,000,000 s)
2025-06-06 16:07:53,826 INFO  - I have no neighbours to send! (at simulation time 655.000,000,000 s)
2025-06-06 16:07:53,826 INFO  - I have no neighbours to send! (at simulation time 655.000,000,000 s)
2025-06-06 16:07:53,826 INFO  - I have no neighbours to send! (at simulation time 655.000,000,000 s)
2025-06-06 16:07:53,827 INFO  - I have no neighbours to send! (at simulation time 656.000,000,000 s)
2025-06-06 16:07:53,828 INFO  - I have no neighbours to send! (at simulation time 656.000,000,000 s)
2025-06-06 16:07:53,828 INFO  - I have no neighbours to send! (at simulation time 656.000,000,000 s)
2025-06-06 16:07:53,828 INFO  - I have no neighbours to send! (at simulation time 656.000,000,000 s)
2025-06-06 16:07:53,828 INFO  - I have no neighbours to send! (at simulation time 656.000,000,000 s)
2025-06-06 16:07:53,828 INFO  - I have no neighbours to send! (at simulation time 656.000,000,000 s)
2025-06-06 16:07:53,828 INFO  - I have no neighbours to send! (at simulation time 656.000,000,000 s)
2025-06-06 16:07:53,828 INFO  - I have no neighbours to send! (at simulation time 656.000,000,000 s)
2025-06-06 16:07:53,828 INFO  - I have no neighbours to send! (at simulation time 656.000,000,000 s)
2025-06-06 16:07:53,828 INFO  - I have no neighbours to send! (at simulation time 656.000,000,000 s)
2025-06-06 16:07:53,828 INFO  - I have no neighbours to send! (at simulation time 656.000,000,000 s)
2025-06-06 16:07:53,828 INFO  - I have no neighbours to send! (at simulation time 656.000,000,000 s)
2025-06-06 16:07:53,828 INFO  - I have no neighbours to send! (at simulation time 656.000,000,000 s)
2025-06-06 16:07:53,828 INFO  - I have no neighbours to send! (at simulation time 656.000,000,000 s)
2025-06-06 16:07:53,828 INFO  - I have no neighbours to send! (at simulation time 656.000,000,000 s)
2025-06-06 16:07:53,829 INFO  - I have no neighbours to send! (at simulation time 656.000,000,000 s)
2025-06-06 16:07:53,829 INFO  - I have no neighbours to send! (at simulation time 656.000,000,000 s)
2025-06-06 16:07:53,829 INFO  - I have no neighbours to send! (at simulation time 656.000,000,000 s)
2025-06-06 16:07:53,829 INFO  - I have no neighbours to send! (at simulation time 656.000,000,000 s)
2025-06-06 16:07:53,829 INFO  - I have no neighbours to send! (at simulation time 656.000,000,000 s)
2025-06-06 16:07:53,829 INFO  - I have no neighbours to send! (at simulation time 656.000,000,000 s)
2025-06-06 16:07:53,829 INFO  - I have no neighbours to send! (at simulation time 656.000,000,000 s)
2025-06-06 16:07:53,829 INFO  - I have no neighbours to send! (at simulation time 656.000,000,000 s)
2025-06-06 16:07:53,829 INFO  - I have no neighbours to send! (at simulation time 656.000,000,000 s)
2025-06-06 16:07:53,829 INFO  - I have no neighbours to send! (at simulation time 656.000,000,000 s)
2025-06-06 16:07:53,829 INFO  - I have no neighbours to send! (at simulation time 656.000,000,000 s)
2025-06-06 16:07:53,829 INFO  - I have no neighbours to send! (at simulation time 656.000,000,000 s)
2025-06-06 16:07:53,829 INFO  - I have no neighbours to send! (at simulation time 656.000,000,000 s)
2025-06-06 16:07:53,829 INFO  - I have no neighbours to send! (at simulation time 656.000,000,000 s)
2025-06-06 16:07:53,829 INFO  - I have no neighbours to send! (at simulation time 656.000,000,000 s)
2025-06-06 16:07:53,829 INFO  - I have no neighbours to send! (at simulation time 656.000,000,000 s)
2025-06-06 16:07:53,829 INFO  - I have no neighbours to send! (at simulation time 656.000,000,000 s)
2025-06-06 16:07:53,830 INFO  - I have no neighbours to send! (at simulation time 656.000,000,000 s)
2025-06-06 16:07:53,830 INFO  - I have no neighbours to send! (at simulation time 656.000,000,000 s)
2025-06-06 16:07:53,830 INFO  - I have no neighbours to send! (at simulation time 656.000,000,000 s)
2025-06-06 16:07:53,830 INFO  - I have no neighbours to send! (at simulation time 656.000,000,000 s)
2025-06-06 16:07:53,830 INFO  - I have no neighbours to send! (at simulation time 656.000,000,000 s)
2025-06-06 16:07:53,830 INFO  - I have no neighbours to send! (at simulation time 656.000,000,000 s)
2025-06-06 16:07:53,830 INFO  - I have no neighbours to send! (at simulation time 656.000,000,000 s)
2025-06-06 16:07:53,830 INFO  - I have no neighbours to send! (at simulation time 656.000,000,000 s)
2025-06-06 16:07:53,830 INFO  - I have no neighbours to send! (at simulation time 656.000,000,000 s)
2025-06-06 16:07:53,830 INFO  - I have no neighbours to send! (at simulation time 656.000,000,000 s)
2025-06-06 16:07:53,830 INFO  - I have no neighbours to send! (at simulation time 656.000,000,000 s)
2025-06-06 16:07:53,830 INFO  - I have no neighbours to send! (at simulation time 656.000,000,000 s)
2025-06-06 16:07:53,830 INFO  - I have no neighbours to send! (at simulation time 656.000,000,000 s)
2025-06-06 16:07:53,830 INFO  - I have no neighbours to send! (at simulation time 656.000,000,000 s)
2025-06-06 16:07:53,830 INFO  - I have no neighbours to send! (at simulation time 656.000,000,000 s)
2025-06-06 16:07:53,830 INFO  - I have no neighbours to send! (at simulation time 656.000,000,000 s)
2025-06-06 16:07:53,830 INFO  - I have no neighbours to send! (at simulation time 656.000,000,000 s)
2025-06-06 16:07:53,830 INFO  - I have no neighbours to send! (at simulation time 656.000,000,000 s)
2025-06-06 16:07:53,830 INFO  - I have no neighbours to send! (at simulation time 656.000,000,000 s)
2025-06-06 16:07:53,830 INFO  - I have no neighbours to send! (at simulation time 656.000,000,000 s)
2025-06-06 16:07:53,831 INFO  - I have no neighbours to send! (at simulation time 656.000,000,000 s)
2025-06-06 16:07:53,831 INFO  - I have no neighbours to send! (at simulation time 656.000,000,000 s)
2025-06-06 16:07:53,831 INFO  - I have no neighbours to send! (at simulation time 656.000,000,000 s)
2025-06-06 16:07:53,831 INFO  - I have no neighbours to send! (at simulation time 656.000,000,000 s)
2025-06-06 16:07:53,831 INFO  - I have no neighbours to send! (at simulation time 656.000,000,000 s)
2025-06-06 16:07:53,831 INFO  - I have no neighbours to send! (at simulation time 656.000,000,000 s)
2025-06-06 16:07:53,831 INFO  - I have no neighbours to send! (at simulation time 656.000,000,000 s)
2025-06-06 16:07:53,831 INFO  - I have no neighbours to send! (at simulation time 656.000,000,000 s)
2025-06-06 16:07:53,831 INFO  - I have no neighbours to send! (at simulation time 656.000,000,000 s)
2025-06-06 16:07:53,831 INFO  - I have no neighbours to send! (at simulation time 656.000,000,000 s)
2025-06-06 16:07:53,831 INFO  - I have no neighbours to send! (at simulation time 656.000,000,000 s)
2025-06-06 16:07:53,831 INFO  - I have no neighbours to send! (at simulation time 656.000,000,000 s)
2025-06-06 16:07:53,831 INFO  - I have no neighbours to send! (at simulation time 656.000,000,000 s)
2025-06-06 16:07:53,831 INFO  - I have no neighbours to send! (at simulation time 656.000,000,000 s)
2025-06-06 16:07:53,831 INFO  - I have no neighbours to send! (at simulation time 656.000,000,000 s)
2025-06-06 16:07:53,831 INFO  - I have no neighbours to send! (at simulation time 656.000,000,000 s)
2025-06-06 16:07:53,831 INFO  - I have no neighbours to send! (at simulation time 656.000,000,000 s)
2025-06-06 16:07:53,831 INFO  - I have no neighbours to send! (at simulation time 656.000,000,000 s)
2025-06-06 16:07:53,831 INFO  - I have no neighbours to send! (at simulation time 656.000,000,000 s)
2025-06-06 16:07:53,831 INFO  - I have no neighbours to send! (at simulation time 656.000,000,000 s)
2025-06-06 16:07:53,831 INFO  - I have no neighbours to send! (at simulation time 656.000,000,000 s)
2025-06-06 16:07:53,831 INFO  - I have no neighbours to send! (at simulation time 656.000,000,000 s)
2025-06-06 16:07:53,831 INFO  - I have no neighbours to send! (at simulation time 656.000,000,000 s)
2025-06-06 16:07:53,833 INFO  - Sent periodic GreenWaveMsg: veh_112 on route r_0 (at simulation time 657.000,000,000 s)
2025-06-06 16:07:53,833 INFO  - I have no neighbours to send! (at simulation time 657.000,000,000 s)
2025-06-06 16:07:53,833 INFO  - I have no neighbours to send! (at simulation time 657.000,000,000 s)
2025-06-06 16:07:53,833 INFO  - I have no neighbours to send! (at simulation time 657.000,000,000 s)
2025-06-06 16:07:53,833 INFO  - I have no neighbours to send! (at simulation time 657.000,000,000 s)
2025-06-06 16:07:53,833 INFO  - I have no neighbours to send! (at simulation time 657.000,000,000 s)
2025-06-06 16:07:53,833 INFO  - I have no neighbours to send! (at simulation time 657.000,000,000 s)
2025-06-06 16:07:53,834 INFO  - I have no neighbours to send! (at simulation time 657.000,000,000 s)
2025-06-06 16:07:53,834 INFO  - I have no neighbours to send! (at simulation time 657.000,000,000 s)
2025-06-06 16:07:53,834 INFO  - I have no neighbours to send! (at simulation time 657.000,000,000 s)
2025-06-06 16:07:53,834 INFO  - I have no neighbours to send! (at simulation time 657.000,000,000 s)
2025-06-06 16:07:53,834 INFO  - I have no neighbours to send! (at simulation time 657.000,000,000 s)
2025-06-06 16:07:53,834 INFO  - I have no neighbours to send! (at simulation time 657.000,000,000 s)
2025-06-06 16:07:53,834 INFO  - I have no neighbours to send! (at simulation time 657.000,000,000 s)
2025-06-06 16:07:53,834 INFO  - I have no neighbours to send! (at simulation time 657.000,000,000 s)
2025-06-06 16:07:53,834 INFO  - I have no neighbours to send! (at simulation time 657.000,000,000 s)
2025-06-06 16:07:53,834 INFO  - I have no neighbours to send! (at simulation time 657.000,000,000 s)
2025-06-06 16:07:53,834 INFO  - I have no neighbours to send! (at simulation time 657.000,000,000 s)
2025-06-06 16:07:53,834 INFO  - I have no neighbours to send! (at simulation time 657.000,000,000 s)
2025-06-06 16:07:53,834 INFO  - I have no neighbours to send! (at simulation time 657.000,000,000 s)
2025-06-06 16:07:53,834 INFO  - I have no neighbours to send! (at simulation time 657.000,000,000 s)
2025-06-06 16:07:53,834 INFO  - I have no neighbours to send! (at simulation time 657.000,000,000 s)
2025-06-06 16:07:53,834 INFO  - I have no neighbours to send! (at simulation time 657.000,000,000 s)
2025-06-06 16:07:53,835 INFO  - I have no neighbours to send! (at simulation time 657.000,000,000 s)
2025-06-06 16:07:53,835 INFO  - I have no neighbours to send! (at simulation time 657.000,000,000 s)
2025-06-06 16:07:53,835 INFO  - I have no neighbours to send! (at simulation time 657.000,000,000 s)
2025-06-06 16:07:53,835 INFO  - I have no neighbours to send! (at simulation time 657.000,000,000 s)
2025-06-06 16:07:53,835 INFO  - I have no neighbours to send! (at simulation time 657.000,000,000 s)
2025-06-06 16:07:53,835 INFO  - I have no neighbours to send! (at simulation time 657.000,000,000 s)
2025-06-06 16:07:53,835 INFO  - I have no neighbours to send! (at simulation time 657.000,000,000 s)
2025-06-06 16:07:53,835 INFO  - I have no neighbours to send! (at simulation time 657.000,000,000 s)
2025-06-06 16:07:53,835 INFO  - I have no neighbours to send! (at simulation time 657.000,000,000 s)
2025-06-06 16:07:53,835 INFO  - I have no neighbours to send! (at simulation time 657.000,000,000 s)
2025-06-06 16:07:53,835 INFO  - I have no neighbours to send! (at simulation time 657.000,000,000 s)
2025-06-06 16:07:53,835 INFO  - I have no neighbours to send! (at simulation time 657.000,000,000 s)
2025-06-06 16:07:53,835 INFO  - I have no neighbours to send! (at simulation time 657.000,000,000 s)
2025-06-06 16:07:53,835 INFO  - I have no neighbours to send! (at simulation time 657.000,000,000 s)
2025-06-06 16:07:53,835 INFO  - I have no neighbours to send! (at simulation time 657.000,000,000 s)
2025-06-06 16:07:53,835 INFO  - I have no neighbours to send! (at simulation time 657.000,000,000 s)
2025-06-06 16:07:53,835 INFO  - I have no neighbours to send! (at simulation time 657.000,000,000 s)
2025-06-06 16:07:53,835 INFO  - I have no neighbours to send! (at simulation time 657.000,000,000 s)
2025-06-06 16:07:53,835 INFO  - I have no neighbours to send! (at simulation time 657.000,000,000 s)
2025-06-06 16:07:53,835 INFO  - I have no neighbours to send! (at simulation time 657.000,000,000 s)
2025-06-06 16:07:53,836 INFO  - I have no neighbours to send! (at simulation time 657.000,000,000 s)
2025-06-06 16:07:53,836 INFO  - I have no neighbours to send! (at simulation time 657.000,000,000 s)
2025-06-06 16:07:53,836 INFO  - I have no neighbours to send! (at simulation time 657.000,000,000 s)
2025-06-06 16:07:53,836 INFO  - I have no neighbours to send! (at simulation time 657.000,000,000 s)
2025-06-06 16:07:53,836 INFO  - I have no neighbours to send! (at simulation time 657.000,000,000 s)
2025-06-06 16:07:53,836 INFO  - I have no neighbours to send! (at simulation time 657.000,000,000 s)
2025-06-06 16:07:53,836 INFO  - I have no neighbours to send! (at simulation time 657.000,000,000 s)
2025-06-06 16:07:53,836 INFO  - I have no neighbours to send! (at simulation time 657.000,000,000 s)
2025-06-06 16:07:53,836 INFO  - I have no neighbours to send! (at simulation time 657.000,000,000 s)
2025-06-06 16:07:53,836 INFO  - I have no neighbours to send! (at simulation time 657.000,000,000 s)
2025-06-06 16:07:53,836 INFO  - I have no neighbours to send! (at simulation time 657.000,000,000 s)
2025-06-06 16:07:53,836 INFO  - I have no neighbours to send! (at simulation time 657.000,000,000 s)
2025-06-06 16:07:53,836 INFO  - I have no neighbours to send! (at simulation time 657.000,000,000 s)
2025-06-06 16:07:53,836 INFO  - I have no neighbours to send! (at simulation time 657.000,000,000 s)
2025-06-06 16:07:53,836 INFO  - I have no neighbours to send! (at simulation time 657.000,000,000 s)
2025-06-06 16:07:53,836 INFO  - I have no neighbours to send! (at simulation time 657.000,000,000 s)
2025-06-06 16:07:53,836 INFO  - I have no neighbours to send! (at simulation time 657.000,000,000 s)
2025-06-06 16:07:53,836 INFO  - I have no neighbours to send! (at simulation time 657.000,000,000 s)
2025-06-06 16:07:53,836 INFO  - I have no neighbours to send! (at simulation time 657.000,000,000 s)
2025-06-06 16:07:53,836 INFO  - I have no neighbours to send! (at simulation time 657.000,000,000 s)
2025-06-06 16:07:53,836 INFO  - I have no neighbours to send! (at simulation time 657.000,000,000 s)
2025-06-06 16:07:53,836 INFO  - I have no neighbours to send! (at simulation time 657.000,000,000 s)
2025-06-06 16:07:53,836 INFO  - I have no neighbours to send! (at simulation time 657.000,000,000 s)
2025-06-06 16:07:53,836 INFO  - I have no neighbours to send! (at simulation time 657.000,000,000 s)
2025-06-06 16:07:53,836 INFO  - I have no neighbours to send! (at simulation time 657.000,000,000 s)
2025-06-06 16:07:53,836 INFO  - I have no neighbours to send! (at simulation time 657.000,000,000 s)
2025-06-06 16:07:53,836 INFO  - I have no neighbours to send! (at simulation time 657.000,000,000 s)
2025-06-06 16:07:53,836 INFO  - I have no neighbours to send! (at simulation time 657.000,000,000 s)
2025-06-06 16:07:53,837 INFO  - I have no neighbours to send! (at simulation time 657.000,000,000 s)
2025-06-06 16:07:53,837 INFO  - I have no neighbours to send! (at simulation time 657.000,000,000 s)
2025-06-06 16:07:53,837 INFO  - I have no neighbours to send! (at simulation time 657.000,000,000 s)
2025-06-06 16:07:53,837 INFO  - I have no neighbours to send! (at simulation time 657.000,000,000 s)
2025-06-06 16:07:53,837 INFO  - I have no neighbours to send! (at simulation time 657.000,000,000 s)
2025-06-06 16:07:53,837 INFO  - I have no neighbours to send! (at simulation time 657.000,000,000 s)
2025-06-06 16:07:53,838 INFO  - I have no neighbours to send! (at simulation time 658.000,000,000 s)
2025-06-06 16:07:53,838 INFO  - I have no neighbours to send! (at simulation time 658.000,000,000 s)
2025-06-06 16:07:53,838 INFO  - I have no neighbours to send! (at simulation time 658.000,000,000 s)
2025-06-06 16:07:53,839 INFO  - I have no neighbours to send! (at simulation time 658.000,000,000 s)
2025-06-06 16:07:53,839 INFO  - I have no neighbours to send! (at simulation time 658.000,000,000 s)
2025-06-06 16:07:53,839 INFO  - I have no neighbours to send! (at simulation time 658.000,000,000 s)
2025-06-06 16:07:53,839 INFO  - I have no neighbours to send! (at simulation time 658.000,000,000 s)
2025-06-06 16:07:53,839 INFO  - I have no neighbours to send! (at simulation time 658.000,000,000 s)
2025-06-06 16:07:53,839 INFO  - I have no neighbours to send! (at simulation time 658.000,000,000 s)
2025-06-06 16:07:53,839 INFO  - I have no neighbours to send! (at simulation time 658.000,000,000 s)
2025-06-06 16:07:53,839 INFO  - I have no neighbours to send! (at simulation time 658.000,000,000 s)
2025-06-06 16:07:53,839 INFO  - I have no neighbours to send! (at simulation time 658.000,000,000 s)
2025-06-06 16:07:53,839 INFO  - I have no neighbours to send! (at simulation time 658.000,000,000 s)
2025-06-06 16:07:53,839 INFO  - I have no neighbours to send! (at simulation time 658.000,000,000 s)
2025-06-06 16:07:53,839 INFO  - I have no neighbours to send! (at simulation time 658.000,000,000 s)
2025-06-06 16:07:53,839 INFO  - I have no neighbours to send! (at simulation time 658.000,000,000 s)
2025-06-06 16:07:53,839 INFO  - I have no neighbours to send! (at simulation time 658.000,000,000 s)
2025-06-06 16:07:53,839 INFO  - I have no neighbours to send! (at simulation time 658.000,000,000 s)
2025-06-06 16:07:53,839 INFO  - I have no neighbours to send! (at simulation time 658.000,000,000 s)
2025-06-06 16:07:53,839 INFO  - I have no neighbours to send! (at simulation time 658.000,000,000 s)
2025-06-06 16:07:53,840 INFO  - I have no neighbours to send! (at simulation time 658.000,000,000 s)
2025-06-06 16:07:53,840 INFO  - I have no neighbours to send! (at simulation time 658.000,000,000 s)
2025-06-06 16:07:53,840 INFO  - I have no neighbours to send! (at simulation time 658.000,000,000 s)
2025-06-06 16:07:53,840 INFO  - I have no neighbours to send! (at simulation time 658.000,000,000 s)
2025-06-06 16:07:53,840 INFO  - I have no neighbours to send! (at simulation time 658.000,000,000 s)
2025-06-06 16:07:53,840 INFO  - I have no neighbours to send! (at simulation time 658.000,000,000 s)
2025-06-06 16:07:53,840 INFO  - I have no neighbours to send! (at simulation time 658.000,000,000 s)
2025-06-06 16:07:53,840 INFO  - I have no neighbours to send! (at simulation time 658.000,000,000 s)
2025-06-06 16:07:53,840 INFO  - I have no neighbours to send! (at simulation time 658.000,000,000 s)
2025-06-06 16:07:53,840 INFO  - I have no neighbours to send! (at simulation time 658.000,000,000 s)
2025-06-06 16:07:53,840 INFO  - I have no neighbours to send! (at simulation time 658.000,000,000 s)
2025-06-06 16:07:53,840 INFO  - I have no neighbours to send! (at simulation time 658.000,000,000 s)
2025-06-06 16:07:53,840 INFO  - I have no neighbours to send! (at simulation time 658.000,000,000 s)
2025-06-06 16:07:53,840 INFO  - I have no neighbours to send! (at simulation time 658.000,000,000 s)
2025-06-06 16:07:53,840 INFO  - I have no neighbours to send! (at simulation time 658.000,000,000 s)
2025-06-06 16:07:53,840 INFO  - I have no neighbours to send! (at simulation time 658.000,000,000 s)
2025-06-06 16:07:53,840 INFO  - I have no neighbours to send! (at simulation time 658.000,000,000 s)
2025-06-06 16:07:53,840 INFO  - I have no neighbours to send! (at simulation time 658.000,000,000 s)
2025-06-06 16:07:53,840 INFO  - I have no neighbours to send! (at simulation time 658.000,000,000 s)
2025-06-06 16:07:53,840 INFO  - I have no neighbours to send! (at simulation time 658.000,000,000 s)
2025-06-06 16:07:53,841 INFO  - I have no neighbours to send! (at simulation time 658.000,000,000 s)
2025-06-06 16:07:53,841 INFO  - I have no neighbours to send! (at simulation time 658.000,000,000 s)
2025-06-06 16:07:53,841 INFO  - I have no neighbours to send! (at simulation time 658.000,000,000 s)
2025-06-06 16:07:53,841 INFO  - I have no neighbours to send! (at simulation time 658.000,000,000 s)
2025-06-06 16:07:53,841 INFO  - I have no neighbours to send! (at simulation time 658.000,000,000 s)
2025-06-06 16:07:53,841 INFO  - I have no neighbours to send! (at simulation time 658.000,000,000 s)
2025-06-06 16:07:53,841 INFO  - I have no neighbours to send! (at simulation time 658.000,000,000 s)
2025-06-06 16:07:53,841 INFO  - I have no neighbours to send! (at simulation time 658.000,000,000 s)
2025-06-06 16:07:53,841 INFO  - I have no neighbours to send! (at simulation time 658.000,000,000 s)
2025-06-06 16:07:53,841 INFO  - I have no neighbours to send! (at simulation time 658.000,000,000 s)
2025-06-06 16:07:53,841 INFO  - I have no neighbours to send! (at simulation time 658.000,000,000 s)
2025-06-06 16:07:53,841 INFO  - I have no neighbours to send! (at simulation time 658.000,000,000 s)
2025-06-06 16:07:53,841 INFO  - I have no neighbours to send! (at simulation time 658.000,000,000 s)
2025-06-06 16:07:53,841 INFO  - I have no neighbours to send! (at simulation time 658.000,000,000 s)
2025-06-06 16:07:53,841 INFO  - I have no neighbours to send! (at simulation time 658.000,000,000 s)
2025-06-06 16:07:53,841 INFO  - I have no neighbours to send! (at simulation time 658.000,000,000 s)
2025-06-06 16:07:53,841 INFO  - I have no neighbours to send! (at simulation time 658.000,000,000 s)
2025-06-06 16:07:53,841 INFO  - I have no neighbours to send! (at simulation time 658.000,000,000 s)
2025-06-06 16:07:53,841 INFO  - I have no neighbours to send! (at simulation time 658.000,000,000 s)
2025-06-06 16:07:53,841 INFO  - I have no neighbours to send! (at simulation time 658.000,000,000 s)
2025-06-06 16:07:53,841 INFO  - I have no neighbours to send! (at simulation time 658.000,000,000 s)
2025-06-06 16:07:53,841 INFO  - I have no neighbours to send! (at simulation time 658.000,000,000 s)
2025-06-06 16:07:53,841 INFO  - I have no neighbours to send! (at simulation time 658.000,000,000 s)
2025-06-06 16:07:53,841 INFO  - I have no neighbours to send! (at simulation time 658.000,000,000 s)
2025-06-06 16:07:53,841 INFO  - I have no neighbours to send! (at simulation time 658.000,000,000 s)
2025-06-06 16:07:53,842 INFO  - I have no neighbours to send! (at simulation time 658.000,000,000 s)
2025-06-06 16:07:53,842 INFO  - I have no neighbours to send! (at simulation time 658.000,000,000 s)
2025-06-06 16:07:53,842 INFO  - I have no neighbours to send! (at simulation time 658.000,000,000 s)
2025-06-06 16:07:53,842 INFO  - I have no neighbours to send! (at simulation time 658.000,000,000 s)
2025-06-06 16:07:53,842 INFO  - I have no neighbours to send! (at simulation time 658.000,000,000 s)
2025-06-06 16:07:53,842 INFO  - I have no neighbours to send! (at simulation time 658.000,000,000 s)
2025-06-06 16:07:53,842 INFO  - I have no neighbours to send! (at simulation time 658.000,000,000 s)
2025-06-06 16:07:53,842 INFO  - I have no neighbours to send! (at simulation time 658.000,000,000 s)
2025-06-06 16:07:53,842 INFO  - I have no neighbours to send! (at simulation time 658.000,000,000 s)
2025-06-06 16:07:53,842 INFO  - I have no neighbours to send! (at simulation time 658.000,000,000 s)
2025-06-06 16:07:53,842 INFO  - I have no neighbours to send! (at simulation time 658.000,000,000 s)
2025-06-06 16:07:53,842 INFO  - I have no neighbours to send! (at simulation time 658.000,000,000 s)
2025-06-06 16:07:53,843 INFO  - I have no neighbours to send! (at simulation time 659.000,000,000 s)
2025-06-06 16:07:53,843 INFO  - I have no neighbours to send! (at simulation time 659.000,000,000 s)
2025-06-06 16:07:53,844 INFO  - I have no neighbours to send! (at simulation time 659.000,000,000 s)
2025-06-06 16:07:53,844 INFO  - I have no neighbours to send! (at simulation time 659.000,000,000 s)
2025-06-06 16:07:53,844 INFO  - I have no neighbours to send! (at simulation time 659.000,000,000 s)
2025-06-06 16:07:53,844 INFO  - I have no neighbours to send! (at simulation time 659.000,000,000 s)
2025-06-06 16:07:53,844 INFO  - I have no neighbours to send! (at simulation time 659.000,000,000 s)
2025-06-06 16:07:53,844 INFO  - I have no neighbours to send! (at simulation time 659.000,000,000 s)
2025-06-06 16:07:53,844 INFO  - I have no neighbours to send! (at simulation time 659.000,000,000 s)
2025-06-06 16:07:53,844 INFO  - I have no neighbours to send! (at simulation time 659.000,000,000 s)
2025-06-06 16:07:53,844 INFO  - I have no neighbours to send! (at simulation time 659.000,000,000 s)
2025-06-06 16:07:53,844 INFO  - I have no neighbours to send! (at simulation time 659.000,000,000 s)
2025-06-06 16:07:53,844 INFO  - I have no neighbours to send! (at simulation time 659.000,000,000 s)
2025-06-06 16:07:53,844 INFO  - I have no neighbours to send! (at simulation time 659.000,000,000 s)
2025-06-06 16:07:53,844 INFO  - I have no neighbours to send! (at simulation time 659.000,000,000 s)
2025-06-06 16:07:53,844 INFO  - I have no neighbours to send! (at simulation time 659.000,000,000 s)
2025-06-06 16:07:53,844 INFO  - I have no neighbours to send! (at simulation time 659.000,000,000 s)
2025-06-06 16:07:53,845 INFO  - I have no neighbours to send! (at simulation time 659.000,000,000 s)
2025-06-06 16:07:53,845 INFO  - I have no neighbours to send! (at simulation time 659.000,000,000 s)
2025-06-06 16:07:53,845 INFO  - I have no neighbours to send! (at simulation time 659.000,000,000 s)
2025-06-06 16:07:53,845 INFO  - I have no neighbours to send! (at simulation time 659.000,000,000 s)
2025-06-06 16:07:53,845 INFO  - I have no neighbours to send! (at simulation time 659.000,000,000 s)
2025-06-06 16:07:53,845 INFO  - I have no neighbours to send! (at simulation time 659.000,000,000 s)
2025-06-06 16:07:53,845 INFO  - I have no neighbours to send! (at simulation time 659.000,000,000 s)
2025-06-06 16:07:53,845 INFO  - I have no neighbours to send! (at simulation time 659.000,000,000 s)
2025-06-06 16:07:53,845 INFO  - I have no neighbours to send! (at simulation time 659.000,000,000 s)
2025-06-06 16:07:53,845 INFO  - I have no neighbours to send! (at simulation time 659.000,000,000 s)
2025-06-06 16:07:53,845 INFO  - I have no neighbours to send! (at simulation time 659.000,000,000 s)
2025-06-06 16:07:53,845 INFO  - I have no neighbours to send! (at simulation time 659.000,000,000 s)
2025-06-06 16:07:53,845 INFO  - I have no neighbours to send! (at simulation time 659.000,000,000 s)
2025-06-06 16:07:53,845 INFO  - I have no neighbours to send! (at simulation time 659.000,000,000 s)
2025-06-06 16:07:53,845 INFO  - I have no neighbours to send! (at simulation time 659.000,000,000 s)
2025-06-06 16:07:53,845 INFO  - I have no neighbours to send! (at simulation time 659.000,000,000 s)
2025-06-06 16:07:53,845 INFO  - I have no neighbours to send! (at simulation time 659.000,000,000 s)
2025-06-06 16:07:53,845 INFO  - I have no neighbours to send! (at simulation time 659.000,000,000 s)
2025-06-06 16:07:53,846 INFO  - I have no neighbours to send! (at simulation time 659.000,000,000 s)
2025-06-06 16:07:53,846 INFO  - I have no neighbours to send! (at simulation time 659.000,000,000 s)
2025-06-06 16:07:53,846 INFO  - I have no neighbours to send! (at simulation time 659.000,000,000 s)
2025-06-06 16:07:53,846 INFO  - I have no neighbours to send! (at simulation time 659.000,000,000 s)
2025-06-06 16:07:53,846 INFO  - I have no neighbours to send! (at simulation time 659.000,000,000 s)
2025-06-06 16:07:53,846 INFO  - I have no neighbours to send! (at simulation time 659.000,000,000 s)
2025-06-06 16:07:53,846 INFO  - I have no neighbours to send! (at simulation time 659.000,000,000 s)
2025-06-06 16:07:53,846 INFO  - I have no neighbours to send! (at simulation time 659.000,000,000 s)
2025-06-06 16:07:53,846 INFO  - I have no neighbours to send! (at simulation time 659.000,000,000 s)
2025-06-06 16:07:53,846 INFO  - I have no neighbours to send! (at simulation time 659.000,000,000 s)
2025-06-06 16:07:53,846 INFO  - I have no neighbours to send! (at simulation time 659.000,000,000 s)
2025-06-06 16:07:53,846 INFO  - I have no neighbours to send! (at simulation time 659.000,000,000 s)
2025-06-06 16:07:53,846 INFO  - I have no neighbours to send! (at simulation time 659.000,000,000 s)
2025-06-06 16:07:53,846 INFO  - I have no neighbours to send! (at simulation time 659.000,000,000 s)
2025-06-06 16:07:53,846 INFO  - I have no neighbours to send! (at simulation time 659.000,000,000 s)
2025-06-06 16:07:53,846 INFO  - I have no neighbours to send! (at simulation time 659.000,000,000 s)
2025-06-06 16:07:53,846 INFO  - I have no neighbours to send! (at simulation time 659.000,000,000 s)
2025-06-06 16:07:53,846 INFO  - I have no neighbours to send! (at simulation time 659.000,000,000 s)
2025-06-06 16:07:53,846 INFO  - I have no neighbours to send! (at simulation time 659.000,000,000 s)
2025-06-06 16:07:53,846 INFO  - I have no neighbours to send! (at simulation time 659.000,000,000 s)
2025-06-06 16:07:53,846 INFO  - I have no neighbours to send! (at simulation time 659.000,000,000 s)
2025-06-06 16:07:53,846 INFO  - I have no neighbours to send! (at simulation time 659.000,000,000 s)
2025-06-06 16:07:53,846 INFO  - I have no neighbours to send! (at simulation time 659.000,000,000 s)
2025-06-06 16:07:53,846 INFO  - I have no neighbours to send! (at simulation time 659.000,000,000 s)
2025-06-06 16:07:53,847 INFO  - I have no neighbours to send! (at simulation time 659.000,000,000 s)
2025-06-06 16:07:53,847 INFO  - I have no neighbours to send! (at simulation time 659.000,000,000 s)
2025-06-06 16:07:53,847 INFO  - I have no neighbours to send! (at simulation time 659.000,000,000 s)
2025-06-06 16:07:53,847 INFO  - I have no neighbours to send! (at simulation time 659.000,000,000 s)
2025-06-06 16:07:53,847 INFO  - I have no neighbours to send! (at simulation time 659.000,000,000 s)
2025-06-06 16:07:53,847 INFO  - I have no neighbours to send! (at simulation time 659.000,000,000 s)
2025-06-06 16:07:53,847 INFO  - I have no neighbours to send! (at simulation time 659.000,000,000 s)
2025-06-06 16:07:53,847 INFO  - I have no neighbours to send! (at simulation time 659.000,000,000 s)
2025-06-06 16:07:53,847 INFO  - I have no neighbours to send! (at simulation time 659.000,000,000 s)
2025-06-06 16:07:53,847 INFO  - I have no neighbours to send! (at simulation time 659.000,000,000 s)
2025-06-06 16:07:53,847 INFO  - I have no neighbours to send! (at simulation time 659.000,000,000 s)
2025-06-06 16:07:53,847 INFO  - I have no neighbours to send! (at simulation time 659.000,000,000 s)
2025-06-06 16:07:53,847 INFO  - I have no neighbours to send! (at simulation time 659.000,000,000 s)
2025-06-06 16:07:53,847 INFO  - I have no neighbours to send! (at simulation time 659.000,000,000 s)
2025-06-06 16:07:53,847 INFO  - I have no neighbours to send! (at simulation time 659.000,000,000 s)
2025-06-06 16:07:53,847 INFO  - I have no neighbours to send! (at simulation time 659.000,000,000 s)
2025-06-06 16:07:53,847 INFO  - I have no neighbours to send! (at simulation time 659.000,000,000 s)
2025-06-06 16:07:53,847 INFO  - I have no neighbours to send! (at simulation time 659.000,000,000 s)
2025-06-06 16:07:53,847 INFO  - I have no neighbours to send! (at simulation time 659.000,000,000 s)
2025-06-06 16:07:53,849 INFO  - I have no neighbours to send! (at simulation time 660.000,000,000 s)
2025-06-06 16:07:53,850 INFO  - I have no neighbours to send! (at simulation time 660.000,000,000 s)
2025-06-06 16:07:53,850 INFO  - I have no neighbours to send! (at simulation time 660.000,000,000 s)
2025-06-06 16:07:53,850 INFO  - I have no neighbours to send! (at simulation time 660.000,000,000 s)
2025-06-06 16:07:53,850 INFO  - I have no neighbours to send! (at simulation time 660.000,000,000 s)
2025-06-06 16:07:53,850 INFO  - I have no neighbours to send! (at simulation time 660.000,000,000 s)
2025-06-06 16:07:53,850 INFO  - I have no neighbours to send! (at simulation time 660.000,000,000 s)
2025-06-06 16:07:53,850 INFO  - I have no neighbours to send! (at simulation time 660.000,000,000 s)
2025-06-06 16:07:53,850 INFO  - I have no neighbours to send! (at simulation time 660.000,000,000 s)
2025-06-06 16:07:53,850 INFO  - I have no neighbours to send! (at simulation time 660.000,000,000 s)
2025-06-06 16:07:53,850 INFO  - I have no neighbours to send! (at simulation time 660.000,000,000 s)
2025-06-06 16:07:53,850 INFO  - I have no neighbours to send! (at simulation time 660.000,000,000 s)
2025-06-06 16:07:53,850 INFO  - I have no neighbours to send! (at simulation time 660.000,000,000 s)
2025-06-06 16:07:53,851 INFO  - I have no neighbours to send! (at simulation time 660.000,000,000 s)
2025-06-06 16:07:53,851 INFO  - I have no neighbours to send! (at simulation time 660.000,000,000 s)
2025-06-06 16:07:53,851 INFO  - I have no neighbours to send! (at simulation time 660.000,000,000 s)
2025-06-06 16:07:53,851 INFO  - I have no neighbours to send! (at simulation time 660.000,000,000 s)
2025-06-06 16:07:53,851 INFO  - I have no neighbours to send! (at simulation time 660.000,000,000 s)
2025-06-06 16:07:53,851 INFO  - I have no neighbours to send! (at simulation time 660.000,000,000 s)
2025-06-06 16:07:53,851 INFO  - I have no neighbours to send! (at simulation time 660.000,000,000 s)
2025-06-06 16:07:53,851 INFO  - I have no neighbours to send! (at simulation time 660.000,000,000 s)
2025-06-06 16:07:53,851 INFO  - I have no neighbours to send! (at simulation time 660.000,000,000 s)
2025-06-06 16:07:53,851 INFO  - I have no neighbours to send! (at simulation time 660.000,000,000 s)
2025-06-06 16:07:53,851 INFO  - I have no neighbours to send! (at simulation time 660.000,000,000 s)
2025-06-06 16:07:53,851 INFO  - I have no neighbours to send! (at simulation time 660.000,000,000 s)
2025-06-06 16:07:53,851 INFO  - I have no neighbours to send! (at simulation time 660.000,000,000 s)
2025-06-06 16:07:53,851 INFO  - I have no neighbours to send! (at simulation time 660.000,000,000 s)
2025-06-06 16:07:53,851 INFO  - I have no neighbours to send! (at simulation time 660.000,000,000 s)
2025-06-06 16:07:53,851 INFO  - I have no neighbours to send! (at simulation time 660.000,000,000 s)
2025-06-06 16:07:53,851 INFO  - I have no neighbours to send! (at simulation time 660.000,000,000 s)
2025-06-06 16:07:53,851 INFO  - I have no neighbours to send! (at simulation time 660.000,000,000 s)
2025-06-06 16:07:53,851 INFO  - I have no neighbours to send! (at simulation time 660.000,000,000 s)
2025-06-06 16:07:53,851 INFO  - I have no neighbours to send! (at simulation time 660.000,000,000 s)
2025-06-06 16:07:53,852 INFO  - I have no neighbours to send! (at simulation time 660.000,000,000 s)
2025-06-06 16:07:53,852 INFO  - I have no neighbours to send! (at simulation time 660.000,000,000 s)
2025-06-06 16:07:53,852 INFO  - I have no neighbours to send! (at simulation time 660.000,000,000 s)
2025-06-06 16:07:53,852 INFO  - I have no neighbours to send! (at simulation time 660.000,000,000 s)
2025-06-06 16:07:53,852 INFO  - I have no neighbours to send! (at simulation time 660.000,000,000 s)
2025-06-06 16:07:53,852 INFO  - I have no neighbours to send! (at simulation time 660.000,000,000 s)
2025-06-06 16:07:53,852 INFO  - I have no neighbours to send! (at simulation time 660.000,000,000 s)
2025-06-06 16:07:53,852 INFO  - I have no neighbours to send! (at simulation time 660.000,000,000 s)
2025-06-06 16:07:53,852 INFO  - I have no neighbours to send! (at simulation time 660.000,000,000 s)
2025-06-06 16:07:53,852 INFO  - I have no neighbours to send! (at simulation time 660.000,000,000 s)
2025-06-06 16:07:53,852 INFO  - I have no neighbours to send! (at simulation time 660.000,000,000 s)
2025-06-06 16:07:53,852 INFO  - I have no neighbours to send! (at simulation time 660.000,000,000 s)
2025-06-06 16:07:53,852 INFO  - I have no neighbours to send! (at simulation time 660.000,000,000 s)
2025-06-06 16:07:53,852 INFO  - I have no neighbours to send! (at simulation time 660.000,000,000 s)
2025-06-06 16:07:53,852 INFO  - I have no neighbours to send! (at simulation time 660.000,000,000 s)
2025-06-06 16:07:53,852 INFO  - I have no neighbours to send! (at simulation time 660.000,000,000 s)
2025-06-06 16:07:53,852 INFO  - I have no neighbours to send! (at simulation time 660.000,000,000 s)
2025-06-06 16:07:53,852 INFO  - I have no neighbours to send! (at simulation time 660.000,000,000 s)
2025-06-06 16:07:53,852 INFO  - I have no neighbours to send! (at simulation time 660.000,000,000 s)
2025-06-06 16:07:53,852 INFO  - I have no neighbours to send! (at simulation time 660.000,000,000 s)
2025-06-06 16:07:53,852 INFO  - I have no neighbours to send! (at simulation time 660.000,000,000 s)
2025-06-06 16:07:53,852 INFO  - I have no neighbours to send! (at simulation time 660.000,000,000 s)
2025-06-06 16:07:53,852 INFO  - I have no neighbours to send! (at simulation time 660.000,000,000 s)
2025-06-06 16:07:53,852 INFO  - I have no neighbours to send! (at simulation time 660.000,000,000 s)
2025-06-06 16:07:53,852 INFO  - I have no neighbours to send! (at simulation time 660.000,000,000 s)
2025-06-06 16:07:53,852 INFO  - I have no neighbours to send! (at simulation time 660.000,000,000 s)
2025-06-06 16:07:53,853 INFO  - I have no neighbours to send! (at simulation time 660.000,000,000 s)
2025-06-06 16:07:53,853 INFO  - I have no neighbours to send! (at simulation time 660.000,000,000 s)
2025-06-06 16:07:53,853 INFO  - I have no neighbours to send! (at simulation time 660.000,000,000 s)
2025-06-06 16:07:53,853 INFO  - I have no neighbours to send! (at simulation time 660.000,000,000 s)
2025-06-06 16:07:53,853 INFO  - I have no neighbours to send! (at simulation time 660.000,000,000 s)
2025-06-06 16:07:53,853 INFO  - I have no neighbours to send! (at simulation time 660.000,000,000 s)
2025-06-06 16:07:53,853 INFO  - I have no neighbours to send! (at simulation time 660.000,000,000 s)
2025-06-06 16:07:53,853 INFO  - I have no neighbours to send! (at simulation time 660.000,000,000 s)
2025-06-06 16:07:53,853 INFO  - I have no neighbours to send! (at simulation time 660.000,000,000 s)
2025-06-06 16:07:53,853 INFO  - I have no neighbours to send! (at simulation time 660.000,000,000 s)
2025-06-06 16:07:53,853 INFO  - I have no neighbours to send! (at simulation time 660.000,000,000 s)
2025-06-06 16:07:53,853 INFO  - I have no neighbours to send! (at simulation time 660.000,000,000 s)
2025-06-06 16:07:53,853 INFO  - I have no neighbours to send! (at simulation time 660.000,000,000 s)
2025-06-06 16:07:53,853 INFO  - I have no neighbours to send! (at simulation time 660.000,000,000 s)
2025-06-06 16:07:53,853 INFO  - I have no neighbours to send! (at simulation time 660.000,000,000 s)
2025-06-06 16:07:53,853 INFO  - I have no neighbours to send! (at simulation time 660.000,000,000 s)
2025-06-06 16:07:53,853 INFO  - I have no neighbours to send! (at simulation time 660.000,000,000 s)
2025-06-06 16:07:53,853 INFO  - I have no neighbours to send! (at simulation time 660.000,000,000 s)
2025-06-06 16:07:53,853 INFO  - I have no neighbours to send! (at simulation time 660.000,000,000 s)
2025-06-06 16:07:53,853 INFO  - I have no neighbours to send! (at simulation time 660.000,000,000 s)
2025-06-06 16:07:53,854 INFO  - Received metrics from FogNode: avgR0=1.3333333333333333, avgR1=2.090909090909091 (at simulation time 660.001,800,000 s)
2025-06-06 16:07:53,855 INFO  - I have no neighbours to send! (at simulation time 661.000,000,000 s)
2025-06-06 16:07:53,855 INFO  - I have no neighbours to send! (at simulation time 661.000,000,000 s)
2025-06-06 16:07:53,855 INFO  - I have no neighbours to send! (at simulation time 661.000,000,000 s)
2025-06-06 16:07:53,855 INFO  - I have no neighbours to send! (at simulation time 661.000,000,000 s)
2025-06-06 16:07:53,855 INFO  - I have no neighbours to send! (at simulation time 661.000,000,000 s)
2025-06-06 16:07:53,855 INFO  - I have no neighbours to send! (at simulation time 661.000,000,000 s)
2025-06-06 16:07:53,855 INFO  - I have no neighbours to send! (at simulation time 661.000,000,000 s)
2025-06-06 16:07:53,855 INFO  - I have no neighbours to send! (at simulation time 661.000,000,000 s)
2025-06-06 16:07:53,855 INFO  - I have no neighbours to send! (at simulation time 661.000,000,000 s)
2025-06-06 16:07:53,855 INFO  - I have no neighbours to send! (at simulation time 661.000,000,000 s)
2025-06-06 16:07:53,855 INFO  - I have no neighbours to send! (at simulation time 661.000,000,000 s)
2025-06-06 16:07:53,855 INFO  - I have no neighbours to send! (at simulation time 661.000,000,000 s)
2025-06-06 16:07:53,855 INFO  - I have no neighbours to send! (at simulation time 661.000,000,000 s)
2025-06-06 16:07:53,856 INFO  - I have no neighbours to send! (at simulation time 661.000,000,000 s)
2025-06-06 16:07:53,856 INFO  - I have no neighbours to send! (at simulation time 661.000,000,000 s)
2025-06-06 16:07:53,856 INFO  - I have no neighbours to send! (at simulation time 661.000,000,000 s)
2025-06-06 16:07:53,856 INFO  - I have no neighbours to send! (at simulation time 661.000,000,000 s)
2025-06-06 16:07:53,856 INFO  - I have no neighbours to send! (at simulation time 661.000,000,000 s)
2025-06-06 16:07:53,856 INFO  - I have no neighbours to send! (at simulation time 661.000,000,000 s)
2025-06-06 16:07:53,856 INFO  - I have no neighbours to send! (at simulation time 661.000,000,000 s)
2025-06-06 16:07:53,856 INFO  - I have no neighbours to send! (at simulation time 661.000,000,000 s)
2025-06-06 16:07:53,856 INFO  - I have no neighbours to send! (at simulation time 661.000,000,000 s)
2025-06-06 16:07:53,856 INFO  - I have no neighbours to send! (at simulation time 661.000,000,000 s)
2025-06-06 16:07:53,856 INFO  - I have no neighbours to send! (at simulation time 661.000,000,000 s)
2025-06-06 16:07:53,856 INFO  - I have no neighbours to send! (at simulation time 661.000,000,000 s)
2025-06-06 16:07:53,856 INFO  - I have no neighbours to send! (at simulation time 661.000,000,000 s)
2025-06-06 16:07:53,856 INFO  - I have no neighbours to send! (at simulation time 661.000,000,000 s)
2025-06-06 16:07:53,856 INFO  - I have no neighbours to send! (at simulation time 661.000,000,000 s)
2025-06-06 16:07:53,856 INFO  - I have no neighbours to send! (at simulation time 661.000,000,000 s)
2025-06-06 16:07:53,856 INFO  - I have no neighbours to send! (at simulation time 661.000,000,000 s)
2025-06-06 16:07:53,856 INFO  - I have no neighbours to send! (at simulation time 661.000,000,000 s)
2025-06-06 16:07:53,856 INFO  - I have no neighbours to send! (at simulation time 661.000,000,000 s)
2025-06-06 16:07:53,856 INFO  - I have no neighbours to send! (at simulation time 661.000,000,000 s)
2025-06-06 16:07:53,856 INFO  - I have no neighbours to send! (at simulation time 661.000,000,000 s)
2025-06-06 16:07:53,857 INFO  - I have no neighbours to send! (at simulation time 661.000,000,000 s)
2025-06-06 16:07:53,857 INFO  - I have no neighbours to send! (at simulation time 661.000,000,000 s)
2025-06-06 16:07:53,857 INFO  - I have no neighbours to send! (at simulation time 661.000,000,000 s)
2025-06-06 16:07:53,857 INFO  - I have no neighbours to send! (at simulation time 661.000,000,000 s)
2025-06-06 16:07:53,857 INFO  - I have no neighbours to send! (at simulation time 661.000,000,000 s)
2025-06-06 16:07:53,857 INFO  - I have no neighbours to send! (at simulation time 661.000,000,000 s)
2025-06-06 16:07:53,857 INFO  - I have no neighbours to send! (at simulation time 661.000,000,000 s)
2025-06-06 16:07:53,857 INFO  - I have no neighbours to send! (at simulation time 661.000,000,000 s)
2025-06-06 16:07:53,857 INFO  - I have no neighbours to send! (at simulation time 661.000,000,000 s)
2025-06-06 16:07:53,857 INFO  - I have no neighbours to send! (at simulation time 661.000,000,000 s)
2025-06-06 16:07:53,857 INFO  - I have no neighbours to send! (at simulation time 661.000,000,000 s)
2025-06-06 16:07:53,857 INFO  - I have no neighbours to send! (at simulation time 661.000,000,000 s)
2025-06-06 16:07:53,857 INFO  - I have no neighbours to send! (at simulation time 661.000,000,000 s)
2025-06-06 16:07:53,857 INFO  - I have no neighbours to send! (at simulation time 661.000,000,000 s)
2025-06-06 16:07:53,857 INFO  - I have no neighbours to send! (at simulation time 661.000,000,000 s)
2025-06-06 16:07:53,857 INFO  - I have no neighbours to send! (at simulation time 661.000,000,000 s)
2025-06-06 16:07:53,857 INFO  - I have no neighbours to send! (at simulation time 661.000,000,000 s)
2025-06-06 16:07:53,857 INFO  - I have no neighbours to send! (at simulation time 661.000,000,000 s)
2025-06-06 16:07:53,857 INFO  - I have no neighbours to send! (at simulation time 661.000,000,000 s)
2025-06-06 16:07:53,857 INFO  - I have no neighbours to send! (at simulation time 661.000,000,000 s)
2025-06-06 16:07:53,857 INFO  - I have no neighbours to send! (at simulation time 661.000,000,000 s)
2025-06-06 16:07:53,857 INFO  - I have no neighbours to send! (at simulation time 661.000,000,000 s)
2025-06-06 16:07:53,857 INFO  - I have no neighbours to send! (at simulation time 661.000,000,000 s)
2025-06-06 16:07:53,857 INFO  - I have no neighbours to send! (at simulation time 661.000,000,000 s)
2025-06-06 16:07:53,857 INFO  - I have no neighbours to send! (at simulation time 661.000,000,000 s)
2025-06-06 16:07:53,857 INFO  - I have no neighbours to send! (at simulation time 661.000,000,000 s)
2025-06-06 16:07:53,857 INFO  - I have no neighbours to send! (at simulation time 661.000,000,000 s)
2025-06-06 16:07:53,857 INFO  - I have no neighbours to send! (at simulation time 661.000,000,000 s)
2025-06-06 16:07:53,858 INFO  - I have no neighbours to send! (at simulation time 661.000,000,000 s)
2025-06-06 16:07:53,858 INFO  - I have no neighbours to send! (at simulation time 661.000,000,000 s)
2025-06-06 16:07:53,858 INFO  - I have no neighbours to send! (at simulation time 661.000,000,000 s)
2025-06-06 16:07:53,858 INFO  - I have no neighbours to send! (at simulation time 661.000,000,000 s)
2025-06-06 16:07:53,858 INFO  - I have no neighbours to send! (at simulation time 661.000,000,000 s)
2025-06-06 16:07:53,858 INFO  - I have no neighbours to send! (at simulation time 661.000,000,000 s)
2025-06-06 16:07:53,858 INFO  - I have no neighbours to send! (at simulation time 661.000,000,000 s)
2025-06-06 16:07:53,858 INFO  - I have no neighbours to send! (at simulation time 661.000,000,000 s)
2025-06-06 16:07:53,858 INFO  - I have no neighbours to send! (at simulation time 661.000,000,000 s)
2025-06-06 16:07:53,858 INFO  - I have no neighbours to send! (at simulation time 661.000,000,000 s)
2025-06-06 16:07:53,858 INFO  - I have no neighbours to send! (at simulation time 661.000,000,000 s)
2025-06-06 16:07:53,858 INFO  - I have no neighbours to send! (at simulation time 661.000,000,000 s)
2025-06-06 16:07:53,858 INFO  - I have no neighbours to send! (at simulation time 661.000,000,000 s)
2025-06-06 16:07:53,858 INFO  - I have no neighbours to send! (at simulation time 661.000,000,000 s)
2025-06-06 16:07:53,858 INFO  - I have no neighbours to send! (at simulation time 661.000,000,000 s)
2025-06-06 16:07:53,858 INFO  - I have no neighbours to send! (at simulation time 661.000,000,000 s)
2025-06-06 16:07:53,858 INFO  - I have no neighbours to send! (at simulation time 661.000,000,000 s)
2025-06-06 16:07:53,858 INFO  - I have no neighbours to send! (at simulation time 661.000,000,000 s)
2025-06-06 16:07:53,859 INFO  - Sent periodic GreenWaveMsg: veh_112 on route r_0 (at simulation time 662.000,000,000 s)
2025-06-06 16:07:53,859 INFO  - I have no neighbours to send! (at simulation time 662.000,000,000 s)
2025-06-06 16:07:53,859 INFO  - I have no neighbours to send! (at simulation time 662.000,000,000 s)
2025-06-06 16:07:53,859 INFO  - I have no neighbours to send! (at simulation time 662.000,000,000 s)
2025-06-06 16:07:53,859 INFO  - I have no neighbours to send! (at simulation time 662.000,000,000 s)
2025-06-06 16:07:53,859 INFO  - I have no neighbours to send! (at simulation time 662.000,000,000 s)
2025-06-06 16:07:53,860 INFO  - I have no neighbours to send! (at simulation time 662.000,000,000 s)
2025-06-06 16:07:53,860 INFO  - I have no neighbours to send! (at simulation time 662.000,000,000 s)
2025-06-06 16:07:53,860 INFO  - I have no neighbours to send! (at simulation time 662.000,000,000 s)
2025-06-06 16:07:53,860 INFO  - I have no neighbours to send! (at simulation time 662.000,000,000 s)
2025-06-06 16:07:53,860 INFO  - I have no neighbours to send! (at simulation time 662.000,000,000 s)
2025-06-06 16:07:53,860 INFO  - I have no neighbours to send! (at simulation time 662.000,000,000 s)
2025-06-06 16:07:53,860 INFO  - I have no neighbours to send! (at simulation time 662.000,000,000 s)
2025-06-06 16:07:53,860 INFO  - I have no neighbours to send! (at simulation time 662.000,000,000 s)
2025-06-06 16:07:53,860 INFO  - I have no neighbours to send! (at simulation time 662.000,000,000 s)
2025-06-06 16:07:53,860 INFO  - I have no neighbours to send! (at simulation time 662.000,000,000 s)
2025-06-06 16:07:53,860 INFO  - I have no neighbours to send! (at simulation time 662.000,000,000 s)
2025-06-06 16:07:53,860 INFO  - I have no neighbours to send! (at simulation time 662.000,000,000 s)
2025-06-06 16:07:53,860 INFO  - I have no neighbours to send! (at simulation time 662.000,000,000 s)
2025-06-06 16:07:53,860 INFO  - I have no neighbours to send! (at simulation time 662.000,000,000 s)
2025-06-06 16:07:53,860 INFO  - I have no neighbours to send! (at simulation time 662.000,000,000 s)
2025-06-06 16:07:53,860 INFO  - I have no neighbours to send! (at simulation time 662.000,000,000 s)
2025-06-06 16:07:53,860 INFO  - I have no neighbours to send! (at simulation time 662.000,000,000 s)
2025-06-06 16:07:53,861 INFO  - I have no neighbours to send! (at simulation time 662.000,000,000 s)
2025-06-06 16:07:53,861 INFO  - I have no neighbours to send! (at simulation time 662.000,000,000 s)
2025-06-06 16:07:53,861 INFO  - I have no neighbours to send! (at simulation time 662.000,000,000 s)
2025-06-06 16:07:53,861 INFO  - I have no neighbours to send! (at simulation time 662.000,000,000 s)
2025-06-06 16:07:53,861 INFO  - I have no neighbours to send! (at simulation time 662.000,000,000 s)
2025-06-06 16:07:53,861 INFO  - I have no neighbours to send! (at simulation time 662.000,000,000 s)
2025-06-06 16:07:53,861 INFO  - I have no neighbours to send! (at simulation time 662.000,000,000 s)
2025-06-06 16:07:53,861 INFO  - I have no neighbours to send! (at simulation time 662.000,000,000 s)
2025-06-06 16:07:53,861 INFO  - I have no neighbours to send! (at simulation time 662.000,000,000 s)
2025-06-06 16:07:53,861 INFO  - I have no neighbours to send! (at simulation time 662.000,000,000 s)
2025-06-06 16:07:53,861 INFO  - I have no neighbours to send! (at simulation time 662.000,000,000 s)
2025-06-06 16:07:53,861 INFO  - I have no neighbours to send! (at simulation time 662.000,000,000 s)
2025-06-06 16:07:53,861 INFO  - I have no neighbours to send! (at simulation time 662.000,000,000 s)
2025-06-06 16:07:53,861 INFO  - I have no neighbours to send! (at simulation time 662.000,000,000 s)
2025-06-06 16:07:53,861 INFO  - I have no neighbours to send! (at simulation time 662.000,000,000 s)
2025-06-06 16:07:53,861 INFO  - I have no neighbours to send! (at simulation time 662.000,000,000 s)
2025-06-06 16:07:53,861 INFO  - I have no neighbours to send! (at simulation time 662.000,000,000 s)
2025-06-06 16:07:53,861 INFO  - I have no neighbours to send! (at simulation time 662.000,000,000 s)
2025-06-06 16:07:53,861 INFO  - I have no neighbours to send! (at simulation time 662.000,000,000 s)
2025-06-06 16:07:53,861 INFO  - I have no neighbours to send! (at simulation time 662.000,000,000 s)
2025-06-06 16:07:53,861 INFO  - I have no neighbours to send! (at simulation time 662.000,000,000 s)
2025-06-06 16:07:53,861 INFO  - I have no neighbours to send! (at simulation time 662.000,000,000 s)
2025-06-06 16:07:53,861 INFO  - I have no neighbours to send! (at simulation time 662.000,000,000 s)
2025-06-06 16:07:53,862 INFO  - I have no neighbours to send! (at simulation time 662.000,000,000 s)
2025-06-06 16:07:53,862 INFO  - I have no neighbours to send! (at simulation time 662.000,000,000 s)
2025-06-06 16:07:53,862 INFO  - I have no neighbours to send! (at simulation time 662.000,000,000 s)
2025-06-06 16:07:53,862 INFO  - I have no neighbours to send! (at simulation time 662.000,000,000 s)
2025-06-06 16:07:53,862 INFO  - I have no neighbours to send! (at simulation time 662.000,000,000 s)
2025-06-06 16:07:53,862 INFO  - I have no neighbours to send! (at simulation time 662.000,000,000 s)
2025-06-06 16:07:53,862 INFO  - I have no neighbours to send! (at simulation time 662.000,000,000 s)
2025-06-06 16:07:53,862 INFO  - I have no neighbours to send! (at simulation time 662.000,000,000 s)
2025-06-06 16:07:53,862 INFO  - I have no neighbours to send! (at simulation time 662.000,000,000 s)
2025-06-06 16:07:53,862 INFO  - I have no neighbours to send! (at simulation time 662.000,000,000 s)
2025-06-06 16:07:53,862 INFO  - I have no neighbours to send! (at simulation time 662.000,000,000 s)
2025-06-06 16:07:53,862 INFO  - I have no neighbours to send! (at simulation time 662.000,000,000 s)
2025-06-06 16:07:53,862 INFO  - I have no neighbours to send! (at simulation time 662.000,000,000 s)
2025-06-06 16:07:53,862 INFO  - I have no neighbours to send! (at simulation time 662.000,000,000 s)
2025-06-06 16:07:53,862 INFO  - I have no neighbours to send! (at simulation time 662.000,000,000 s)
2025-06-06 16:07:53,862 INFO  - I have no neighbours to send! (at simulation time 662.000,000,000 s)
2025-06-06 16:07:53,862 INFO  - I have no neighbours to send! (at simulation time 662.000,000,000 s)
2025-06-06 16:07:53,862 INFO  - I have no neighbours to send! (at simulation time 662.000,000,000 s)
2025-06-06 16:07:53,862 INFO  - I have no neighbours to send! (at simulation time 662.000,000,000 s)
2025-06-06 16:07:53,862 INFO  - I have no neighbours to send! (at simulation time 662.000,000,000 s)
2025-06-06 16:07:53,862 INFO  - I have no neighbours to send! (at simulation time 662.000,000,000 s)
2025-06-06 16:07:53,862 INFO  - I have no neighbours to send! (at simulation time 662.000,000,000 s)
2025-06-06 16:07:53,862 INFO  - I have no neighbours to send! (at simulation time 662.000,000,000 s)
2025-06-06 16:07:53,862 INFO  - I have no neighbours to send! (at simulation time 662.000,000,000 s)
2025-06-06 16:07:53,862 INFO  - I have no neighbours to send! (at simulation time 662.000,000,000 s)
2025-06-06 16:07:53,862 INFO  - I have no neighbours to send! (at simulation time 662.000,000,000 s)
2025-06-06 16:07:53,862 INFO  - I have no neighbours to send! (at simulation time 662.000,000,000 s)
2025-06-06 16:07:53,862 INFO  - I have no neighbours to send! (at simulation time 662.000,000,000 s)
2025-06-06 16:07:53,862 INFO  - I have no neighbours to send! (at simulation time 662.000,000,000 s)
2025-06-06 16:07:53,862 INFO  - I have no neighbours to send! (at simulation time 662.000,000,000 s)
2025-06-06 16:07:53,862 INFO  - I have no neighbours to send! (at simulation time 662.000,000,000 s)
2025-06-06 16:07:53,862 INFO  - I have no neighbours to send! (at simulation time 662.000,000,000 s)
2025-06-06 16:07:53,862 INFO  - I have no neighbours to send! (at simulation time 662.000,000,000 s)
2025-06-06 16:07:53,862 INFO  - I have no neighbours to send! (at simulation time 662.000,000,000 s)
2025-06-06 16:07:53,862 INFO  - I have no neighbours to send! (at simulation time 662.000,000,000 s)
2025-06-06 16:07:53,863 INFO  - I have no neighbours to send! (at simulation time 662.000,000,000 s)
2025-06-06 16:07:53,864 INFO  - I have no neighbours to send! (at simulation time 663.000,000,000 s)
2025-06-06 16:07:53,864 INFO  - I have no neighbours to send! (at simulation time 663.000,000,000 s)
2025-06-06 16:07:53,864 INFO  - I have no neighbours to send! (at simulation time 663.000,000,000 s)
2025-06-06 16:07:53,864 INFO  - I have no neighbours to send! (at simulation time 663.000,000,000 s)
2025-06-06 16:07:53,864 INFO  - I have no neighbours to send! (at simulation time 663.000,000,000 s)
2025-06-06 16:07:53,864 INFO  - I have no neighbours to send! (at simulation time 663.000,000,000 s)
2025-06-06 16:07:53,864 INFO  - I have no neighbours to send! (at simulation time 663.000,000,000 s)
2025-06-06 16:07:53,864 INFO  - I have no neighbours to send! (at simulation time 663.000,000,000 s)
2025-06-06 16:07:53,864 INFO  - I have no neighbours to send! (at simulation time 663.000,000,000 s)
2025-06-06 16:07:53,864 INFO  - I have no neighbours to send! (at simulation time 663.000,000,000 s)
2025-06-06 16:07:53,864 INFO  - I have no neighbours to send! (at simulation time 663.000,000,000 s)
2025-06-06 16:07:53,865 INFO  - I have no neighbours to send! (at simulation time 663.000,000,000 s)
2025-06-06 16:07:53,865 INFO  - I have no neighbours to send! (at simulation time 663.000,000,000 s)
2025-06-06 16:07:53,865 INFO  - I have no neighbours to send! (at simulation time 663.000,000,000 s)
2025-06-06 16:07:53,865 INFO  - I have no neighbours to send! (at simulation time 663.000,000,000 s)
2025-06-06 16:07:53,865 INFO  - I have no neighbours to send! (at simulation time 663.000,000,000 s)
2025-06-06 16:07:53,865 INFO  - I have no neighbours to send! (at simulation time 663.000,000,000 s)
2025-06-06 16:07:53,865 INFO  - I have no neighbours to send! (at simulation time 663.000,000,000 s)
2025-06-06 16:07:53,865 INFO  - I have no neighbours to send! (at simulation time 663.000,000,000 s)
2025-06-06 16:07:53,865 INFO  - I have no neighbours to send! (at simulation time 663.000,000,000 s)
2025-06-06 16:07:53,865 INFO  - I have no neighbours to send! (at simulation time 663.000,000,000 s)
2025-06-06 16:07:53,865 INFO  - I have no neighbours to send! (at simulation time 663.000,000,000 s)
2025-06-06 16:07:53,865 INFO  - I have no neighbours to send! (at simulation time 663.000,000,000 s)
2025-06-06 16:07:53,865 INFO  - I have no neighbours to send! (at simulation time 663.000,000,000 s)
2025-06-06 16:07:53,865 INFO  - I have no neighbours to send! (at simulation time 663.000,000,000 s)
2025-06-06 16:07:53,865 INFO  - I have no neighbours to send! (at simulation time 663.000,000,000 s)
2025-06-06 16:07:53,865 INFO  - I have no neighbours to send! (at simulation time 663.000,000,000 s)
2025-06-06 16:07:53,865 INFO  - I have no neighbours to send! (at simulation time 663.000,000,000 s)
2025-06-06 16:07:53,865 INFO  - I have no neighbours to send! (at simulation time 663.000,000,000 s)
2025-06-06 16:07:53,865 INFO  - I have no neighbours to send! (at simulation time 663.000,000,000 s)
2025-06-06 16:07:53,865 INFO  - I have no neighbours to send! (at simulation time 663.000,000,000 s)
2025-06-06 16:07:53,865 INFO  - I have no neighbours to send! (at simulation time 663.000,000,000 s)
2025-06-06 16:07:53,866 INFO  - I have no neighbours to send! (at simulation time 663.000,000,000 s)
2025-06-06 16:07:53,866 INFO  - I have no neighbours to send! (at simulation time 663.000,000,000 s)
2025-06-06 16:07:53,866 INFO  - I have no neighbours to send! (at simulation time 663.000,000,000 s)
2025-06-06 16:07:53,866 INFO  - I have no neighbours to send! (at simulation time 663.000,000,000 s)
2025-06-06 16:07:53,866 INFO  - I have no neighbours to send! (at simulation time 663.000,000,000 s)
2025-06-06 16:07:53,866 INFO  - I have no neighbours to send! (at simulation time 663.000,000,000 s)
2025-06-06 16:07:53,866 INFO  - I have no neighbours to send! (at simulation time 663.000,000,000 s)
2025-06-06 16:07:53,866 INFO  - I have no neighbours to send! (at simulation time 663.000,000,000 s)
2025-06-06 16:07:53,866 INFO  - I have no neighbours to send! (at simulation time 663.000,000,000 s)
2025-06-06 16:07:53,866 INFO  - I have no neighbours to send! (at simulation time 663.000,000,000 s)
2025-06-06 16:07:53,866 INFO  - I have no neighbours to send! (at simulation time 663.000,000,000 s)
2025-06-06 16:07:53,866 INFO  - I have no neighbours to send! (at simulation time 663.000,000,000 s)
2025-06-06 16:07:53,866 INFO  - I have no neighbours to send! (at simulation time 663.000,000,000 s)
2025-06-06 16:07:53,866 INFO  - I have no neighbours to send! (at simulation time 663.000,000,000 s)
2025-06-06 16:07:53,866 INFO  - I have no neighbours to send! (at simulation time 663.000,000,000 s)
2025-06-06 16:07:53,866 INFO  - I have no neighbours to send! (at simulation time 663.000,000,000 s)
2025-06-06 16:07:53,866 INFO  - I have no neighbours to send! (at simulation time 663.000,000,000 s)
2025-06-06 16:07:53,866 INFO  - I have no neighbours to send! (at simulation time 663.000,000,000 s)
2025-06-06 16:07:53,866 INFO  - I have no neighbours to send! (at simulation time 663.000,000,000 s)
2025-06-06 16:07:53,866 INFO  - I have no neighbours to send! (at simulation time 663.000,000,000 s)
2025-06-06 16:07:53,866 INFO  - I have no neighbours to send! (at simulation time 663.000,000,000 s)
2025-06-06 16:07:53,866 INFO  - I have no neighbours to send! (at simulation time 663.000,000,000 s)
2025-06-06 16:07:53,866 INFO  - I have no neighbours to send! (at simulation time 663.000,000,000 s)
2025-06-06 16:07:53,866 INFO  - I have no neighbours to send! (at simulation time 663.000,000,000 s)
2025-06-06 16:07:53,866 INFO  - I have no neighbours to send! (at simulation time 663.000,000,000 s)
2025-06-06 16:07:53,866 INFO  - I have no neighbours to send! (at simulation time 663.000,000,000 s)
2025-06-06 16:07:53,866 INFO  - I have no neighbours to send! (at simulation time 663.000,000,000 s)
2025-06-06 16:07:53,866 INFO  - I have no neighbours to send! (at simulation time 663.000,000,000 s)
2025-06-06 16:07:53,866 INFO  - I have no neighbours to send! (at simulation time 663.000,000,000 s)
2025-06-06 16:07:53,867 INFO  - I have no neighbours to send! (at simulation time 663.000,000,000 s)
2025-06-06 16:07:53,867 INFO  - I have no neighbours to send! (at simulation time 663.000,000,000 s)
2025-06-06 16:07:53,867 INFO  - I have no neighbours to send! (at simulation time 663.000,000,000 s)
2025-06-06 16:07:53,867 INFO  - I have no neighbours to send! (at simulation time 663.000,000,000 s)
2025-06-06 16:07:53,867 INFO  - I have no neighbours to send! (at simulation time 663.000,000,000 s)
2025-06-06 16:07:53,867 INFO  - I have no neighbours to send! (at simulation time 663.000,000,000 s)
2025-06-06 16:07:53,867 INFO  - I have no neighbours to send! (at simulation time 663.000,000,000 s)
2025-06-06 16:07:53,867 INFO  - I have no neighbours to send! (at simulation time 663.000,000,000 s)
2025-06-06 16:07:53,867 INFO  - I have no neighbours to send! (at simulation time 663.000,000,000 s)
2025-06-06 16:07:53,867 INFO  - I have no neighbours to send! (at simulation time 663.000,000,000 s)
2025-06-06 16:07:53,867 INFO  - I have no neighbours to send! (at simulation time 663.000,000,000 s)
2025-06-06 16:07:53,867 INFO  - I have no neighbours to send! (at simulation time 663.000,000,000 s)
2025-06-06 16:07:53,867 INFO  - I have no neighbours to send! (at simulation time 663.000,000,000 s)
2025-06-06 16:07:53,867 INFO  - I have no neighbours to send! (at simulation time 663.000,000,000 s)
2025-06-06 16:07:53,867 INFO  - I have no neighbours to send! (at simulation time 663.000,000,000 s)
2025-06-06 16:07:53,867 INFO  - I have no neighbours to send! (at simulation time 663.000,000,000 s)
2025-06-06 16:07:53,867 INFO  - I have no neighbours to send! (at simulation time 663.000,000,000 s)
2025-06-06 16:07:53,867 INFO  - I have no neighbours to send! (at simulation time 663.000,000,000 s)
2025-06-06 16:07:53,867 INFO  - I have no neighbours to send! (at simulation time 663.000,000,000 s)
2025-06-06 16:07:53,867 INFO  - I have no neighbours to send! (at simulation time 663.000,000,000 s)
2025-06-06 16:07:53,867 INFO  - I have no neighbours to send! (at simulation time 663.000,000,000 s)
2025-06-06 16:07:53,868 INFO  - I have no neighbours to send! (at simulation time 664.000,000,000 s)
2025-06-06 16:07:53,869 INFO  - I have no neighbours to send! (at simulation time 664.000,000,000 s)
2025-06-06 16:07:53,869 INFO  - I have no neighbours to send! (at simulation time 664.000,000,000 s)
2025-06-06 16:07:53,869 INFO  - I have no neighbours to send! (at simulation time 664.000,000,000 s)
2025-06-06 16:07:53,869 INFO  - I have no neighbours to send! (at simulation time 664.000,000,000 s)
2025-06-06 16:07:53,869 INFO  - I have no neighbours to send! (at simulation time 664.000,000,000 s)
2025-06-06 16:07:53,869 INFO  - I have no neighbours to send! (at simulation time 664.000,000,000 s)
2025-06-06 16:07:53,869 INFO  - I have no neighbours to send! (at simulation time 664.000,000,000 s)
2025-06-06 16:07:53,869 INFO  - I have no neighbours to send! (at simulation time 664.000,000,000 s)
2025-06-06 16:07:53,869 INFO  - I have no neighbours to send! (at simulation time 664.000,000,000 s)
2025-06-06 16:07:53,869 INFO  - I have no neighbours to send! (at simulation time 664.000,000,000 s)
2025-06-06 16:07:53,869 INFO  - I have no neighbours to send! (at simulation time 664.000,000,000 s)
2025-06-06 16:07:53,869 INFO  - I have no neighbours to send! (at simulation time 664.000,000,000 s)
2025-06-06 16:07:53,869 INFO  - I have no neighbours to send! (at simulation time 664.000,000,000 s)
2025-06-06 16:07:53,869 INFO  - I have no neighbours to send! (at simulation time 664.000,000,000 s)
2025-06-06 16:07:53,869 INFO  - I have no neighbours to send! (at simulation time 664.000,000,000 s)
2025-06-06 16:07:53,869 INFO  - I have no neighbours to send! (at simulation time 664.000,000,000 s)
2025-06-06 16:07:53,869 INFO  - I have no neighbours to send! (at simulation time 664.000,000,000 s)
2025-06-06 16:07:53,869 INFO  - I have no neighbours to send! (at simulation time 664.000,000,000 s)
2025-06-06 16:07:53,870 INFO  - I have no neighbours to send! (at simulation time 664.000,000,000 s)
2025-06-06 16:07:53,870 INFO  - I have no neighbours to send! (at simulation time 664.000,000,000 s)
2025-06-06 16:07:53,870 INFO  - I have no neighbours to send! (at simulation time 664.000,000,000 s)
2025-06-06 16:07:53,870 INFO  - I have no neighbours to send! (at simulation time 664.000,000,000 s)
2025-06-06 16:07:53,870 INFO  - I have no neighbours to send! (at simulation time 664.000,000,000 s)
2025-06-06 16:07:53,870 INFO  - I have no neighbours to send! (at simulation time 664.000,000,000 s)
2025-06-06 16:07:53,870 INFO  - I have no neighbours to send! (at simulation time 664.000,000,000 s)
2025-06-06 16:07:53,870 INFO  - I have no neighbours to send! (at simulation time 664.000,000,000 s)
2025-06-06 16:07:53,870 INFO  - I have no neighbours to send! (at simulation time 664.000,000,000 s)
2025-06-06 16:07:53,870 INFO  - I have no neighbours to send! (at simulation time 664.000,000,000 s)
2025-06-06 16:07:53,870 INFO  - I have no neighbours to send! (at simulation time 664.000,000,000 s)
2025-06-06 16:07:53,870 INFO  - I have no neighbours to send! (at simulation time 664.000,000,000 s)
2025-06-06 16:07:53,870 INFO  - I have no neighbours to send! (at simulation time 664.000,000,000 s)
2025-06-06 16:07:53,870 INFO  - I have no neighbours to send! (at simulation time 664.000,000,000 s)
2025-06-06 16:07:53,870 INFO  - I have no neighbours to send! (at simulation time 664.000,000,000 s)
2025-06-06 16:07:53,870 INFO  - I have no neighbours to send! (at simulation time 664.000,000,000 s)
2025-06-06 16:07:53,870 INFO  - I have no neighbours to send! (at simulation time 664.000,000,000 s)
2025-06-06 16:07:53,870 INFO  - I have no neighbours to send! (at simulation time 664.000,000,000 s)
2025-06-06 16:07:53,870 INFO  - I have no neighbours to send! (at simulation time 664.000,000,000 s)
2025-06-06 16:07:53,870 INFO  - I have no neighbours to send! (at simulation time 664.000,000,000 s)
2025-06-06 16:07:53,870 INFO  - I have no neighbours to send! (at simulation time 664.000,000,000 s)
2025-06-06 16:07:53,870 INFO  - I have no neighbours to send! (at simulation time 664.000,000,000 s)
2025-06-06 16:07:53,870 INFO  - I have no neighbours to send! (at simulation time 664.000,000,000 s)
2025-06-06 16:07:53,870 INFO  - I have no neighbours to send! (at simulation time 664.000,000,000 s)
2025-06-06 16:07:53,870 INFO  - I have no neighbours to send! (at simulation time 664.000,000,000 s)
2025-06-06 16:07:53,870 INFO  - I have no neighbours to send! (at simulation time 664.000,000,000 s)
2025-06-06 16:07:53,871 INFO  - I have no neighbours to send! (at simulation time 664.000,000,000 s)
2025-06-06 16:07:53,871 INFO  - I have no neighbours to send! (at simulation time 664.000,000,000 s)
2025-06-06 16:07:53,871 INFO  - I have no neighbours to send! (at simulation time 664.000,000,000 s)
2025-06-06 16:07:53,871 INFO  - I have no neighbours to send! (at simulation time 664.000,000,000 s)
2025-06-06 16:07:53,871 INFO  - I have no neighbours to send! (at simulation time 664.000,000,000 s)
2025-06-06 16:07:53,871 INFO  - I have no neighbours to send! (at simulation time 664.000,000,000 s)
2025-06-06 16:07:53,871 INFO  - I have no neighbours to send! (at simulation time 664.000,000,000 s)
2025-06-06 16:07:53,871 INFO  - I have no neighbours to send! (at simulation time 664.000,000,000 s)
2025-06-06 16:07:53,871 INFO  - I have no neighbours to send! (at simulation time 664.000,000,000 s)
2025-06-06 16:07:53,871 INFO  - I have no neighbours to send! (at simulation time 664.000,000,000 s)
2025-06-06 16:07:53,871 INFO  - I have no neighbours to send! (at simulation time 664.000,000,000 s)
2025-06-06 16:07:53,871 INFO  - I have no neighbours to send! (at simulation time 664.000,000,000 s)
2025-06-06 16:07:53,871 INFO  - I have no neighbours to send! (at simulation time 664.000,000,000 s)
2025-06-06 16:07:53,871 INFO  - I have no neighbours to send! (at simulation time 664.000,000,000 s)
2025-06-06 16:07:53,871 INFO  - I have no neighbours to send! (at simulation time 664.000,000,000 s)
2025-06-06 16:07:53,871 INFO  - I have no neighbours to send! (at simulation time 664.000,000,000 s)
2025-06-06 16:07:53,871 INFO  - I have no neighbours to send! (at simulation time 664.000,000,000 s)
2025-06-06 16:07:53,871 INFO  - I have no neighbours to send! (at simulation time 664.000,000,000 s)
2025-06-06 16:07:53,871 INFO  - I have no neighbours to send! (at simulation time 664.000,000,000 s)
2025-06-06 16:07:53,871 INFO  - I have no neighbours to send! (at simulation time 664.000,000,000 s)
2025-06-06 16:07:53,871 INFO  - I have no neighbours to send! (at simulation time 664.000,000,000 s)
2025-06-06 16:07:53,871 INFO  - I have no neighbours to send! (at simulation time 664.000,000,000 s)
2025-06-06 16:07:53,871 INFO  - I have no neighbours to send! (at simulation time 664.000,000,000 s)
2025-06-06 16:07:53,871 INFO  - I have no neighbours to send! (at simulation time 664.000,000,000 s)
2025-06-06 16:07:53,871 INFO  - I have no neighbours to send! (at simulation time 664.000,000,000 s)
2025-06-06 16:07:53,871 INFO  - I have no neighbours to send! (at simulation time 664.000,000,000 s)
2025-06-06 16:07:53,871 INFO  - I have no neighbours to send! (at simulation time 664.000,000,000 s)
2025-06-06 16:07:53,871 INFO  - I have no neighbours to send! (at simulation time 664.000,000,000 s)
2025-06-06 16:07:53,871 INFO  - I have no neighbours to send! (at simulation time 664.000,000,000 s)
2025-06-06 16:07:53,871 INFO  - I have no neighbours to send! (at simulation time 664.000,000,000 s)
2025-06-06 16:07:53,871 INFO  - I have no neighbours to send! (at simulation time 664.000,000,000 s)
2025-06-06 16:07:53,871 INFO  - I have no neighbours to send! (at simulation time 664.000,000,000 s)
2025-06-06 16:07:53,871 INFO  - I have no neighbours to send! (at simulation time 664.000,000,000 s)
2025-06-06 16:07:53,871 INFO  - I have no neighbours to send! (at simulation time 664.000,000,000 s)
2025-06-06 16:07:53,871 INFO  - I have no neighbours to send! (at simulation time 664.000,000,000 s)
2025-06-06 16:07:53,871 INFO  - I have no neighbours to send! (at simulation time 664.000,000,000 s)
2025-06-06 16:07:53,871 INFO  - I have no neighbours to send! (at simulation time 664.000,000,000 s)
2025-06-06 16:07:53,871 INFO  - I have no neighbours to send! (at simulation time 664.000,000,000 s)
2025-06-06 16:07:53,876 INFO  - I have no neighbours to send! (at simulation time 665.000,000,000 s)
2025-06-06 16:07:53,876 INFO  - I have no neighbours to send! (at simulation time 665.000,000,000 s)
2025-06-06 16:07:53,876 INFO  - I have no neighbours to send! (at simulation time 665.000,000,000 s)
2025-06-06 16:07:53,876 INFO  - I have no neighbours to send! (at simulation time 665.000,000,000 s)
2025-06-06 16:07:53,876 INFO  - I have no neighbours to send! (at simulation time 665.000,000,000 s)
2025-06-06 16:07:53,877 INFO  - I have no neighbours to send! (at simulation time 665.000,000,000 s)
2025-06-06 16:07:53,877 INFO  - I have no neighbours to send! (at simulation time 665.000,000,000 s)
2025-06-06 16:07:53,877 INFO  - I have no neighbours to send! (at simulation time 665.000,000,000 s)
2025-06-06 16:07:53,877 INFO  - I have no neighbours to send! (at simulation time 665.000,000,000 s)
2025-06-06 16:07:53,877 INFO  - I have no neighbours to send! (at simulation time 665.000,000,000 s)
2025-06-06 16:07:53,877 INFO  - I have no neighbours to send! (at simulation time 665.000,000,000 s)
2025-06-06 16:07:53,877 INFO  - I have no neighbours to send! (at simulation time 665.000,000,000 s)
2025-06-06 16:07:53,877 INFO  - I have no neighbours to send! (at simulation time 665.000,000,000 s)
2025-06-06 16:07:53,877 INFO  - I have no neighbours to send! (at simulation time 665.000,000,000 s)
2025-06-06 16:07:53,877 INFO  - I have no neighbours to send! (at simulation time 665.000,000,000 s)
2025-06-06 16:07:53,877 INFO  - I have no neighbours to send! (at simulation time 665.000,000,000 s)
2025-06-06 16:07:53,877 INFO  - I have no neighbours to send! (at simulation time 665.000,000,000 s)
2025-06-06 16:07:53,877 INFO  - I have no neighbours to send! (at simulation time 665.000,000,000 s)
2025-06-06 16:07:53,877 INFO  - I have no neighbours to send! (at simulation time 665.000,000,000 s)
2025-06-06 16:07:53,877 INFO  - I have no neighbours to send! (at simulation time 665.000,000,000 s)
2025-06-06 16:07:53,877 INFO  - I have no neighbours to send! (at simulation time 665.000,000,000 s)
2025-06-06 16:07:53,877 INFO  - I have no neighbours to send! (at simulation time 665.000,000,000 s)
2025-06-06 16:07:53,877 INFO  - I have no neighbours to send! (at simulation time 665.000,000,000 s)
2025-06-06 16:07:53,878 INFO  - I have no neighbours to send! (at simulation time 665.000,000,000 s)
2025-06-06 16:07:53,878 INFO  - I have no neighbours to send! (at simulation time 665.000,000,000 s)
2025-06-06 16:07:53,878 INFO  - I have no neighbours to send! (at simulation time 665.000,000,000 s)
2025-06-06 16:07:53,878 INFO  - I have no neighbours to send! (at simulation time 665.000,000,000 s)
2025-06-06 16:07:53,878 INFO  - I have no neighbours to send! (at simulation time 665.000,000,000 s)
2025-06-06 16:07:53,878 INFO  - I have no neighbours to send! (at simulation time 665.000,000,000 s)
2025-06-06 16:07:53,878 INFO  - I have no neighbours to send! (at simulation time 665.000,000,000 s)
2025-06-06 16:07:53,878 INFO  - I have no neighbours to send! (at simulation time 665.000,000,000 s)
2025-06-06 16:07:53,878 INFO  - I have no neighbours to send! (at simulation time 665.000,000,000 s)
2025-06-06 16:07:53,878 INFO  - I have no neighbours to send! (at simulation time 665.000,000,000 s)
2025-06-06 16:07:53,878 INFO  - I have no neighbours to send! (at simulation time 665.000,000,000 s)
2025-06-06 16:07:53,878 INFO  - I have no neighbours to send! (at simulation time 665.000,000,000 s)
2025-06-06 16:07:53,878 INFO  - I have no neighbours to send! (at simulation time 665.000,000,000 s)
2025-06-06 16:07:53,878 INFO  - I have no neighbours to send! (at simulation time 665.000,000,000 s)
2025-06-06 16:07:53,878 INFO  - I have no neighbours to send! (at simulation time 665.000,000,000 s)
2025-06-06 16:07:53,878 INFO  - I have no neighbours to send! (at simulation time 665.000,000,000 s)
2025-06-06 16:07:53,878 INFO  - I have no neighbours to send! (at simulation time 665.000,000,000 s)
2025-06-06 16:07:53,878 INFO  - I have no neighbours to send! (at simulation time 665.000,000,000 s)
2025-06-06 16:07:53,878 INFO  - I have no neighbours to send! (at simulation time 665.000,000,000 s)
2025-06-06 16:07:53,878 INFO  - I have no neighbours to send! (at simulation time 665.000,000,000 s)
2025-06-06 16:07:53,878 INFO  - I have no neighbours to send! (at simulation time 665.000,000,000 s)
2025-06-06 16:07:53,878 INFO  - I have no neighbours to send! (at simulation time 665.000,000,000 s)
2025-06-06 16:07:53,878 INFO  - I have no neighbours to send! (at simulation time 665.000,000,000 s)
2025-06-06 16:07:53,878 INFO  - I have no neighbours to send! (at simulation time 665.000,000,000 s)
2025-06-06 16:07:53,878 INFO  - I have no neighbours to send! (at simulation time 665.000,000,000 s)
2025-06-06 16:07:53,878 INFO  - I have no neighbours to send! (at simulation time 665.000,000,000 s)
2025-06-06 16:07:53,879 INFO  - I have no neighbours to send! (at simulation time 665.000,000,000 s)
2025-06-06 16:07:53,879 INFO  - I have no neighbours to send! (at simulation time 665.000,000,000 s)
2025-06-06 16:07:53,879 INFO  - I have no neighbours to send! (at simulation time 665.000,000,000 s)
2025-06-06 16:07:53,879 INFO  - I have no neighbours to send! (at simulation time 665.000,000,000 s)
2025-06-06 16:07:53,879 INFO  - I have no neighbours to send! (at simulation time 665.000,000,000 s)
2025-06-06 16:07:53,879 INFO  - I have no neighbours to send! (at simulation time 665.000,000,000 s)
2025-06-06 16:07:53,879 INFO  - I have no neighbours to send! (at simulation time 665.000,000,000 s)
2025-06-06 16:07:53,879 INFO  - I have no neighbours to send! (at simulation time 665.000,000,000 s)
2025-06-06 16:07:53,879 INFO  - I have no neighbours to send! (at simulation time 665.000,000,000 s)
2025-06-06 16:07:53,879 INFO  - I have no neighbours to send! (at simulation time 665.000,000,000 s)
2025-06-06 16:07:53,879 INFO  - I have no neighbours to send! (at simulation time 665.000,000,000 s)
2025-06-06 16:07:53,879 INFO  - I have no neighbours to send! (at simulation time 665.000,000,000 s)
2025-06-06 16:07:53,879 INFO  - I have no neighbours to send! (at simulation time 665.000,000,000 s)
2025-06-06 16:07:53,879 INFO  - I have no neighbours to send! (at simulation time 665.000,000,000 s)
2025-06-06 16:07:53,879 INFO  - I have no neighbours to send! (at simulation time 665.000,000,000 s)
2025-06-06 16:07:53,879 INFO  - I have no neighbours to send! (at simulation time 665.000,000,000 s)
2025-06-06 16:07:53,879 INFO  - I have no neighbours to send! (at simulation time 665.000,000,000 s)
2025-06-06 16:07:53,879 INFO  - I have no neighbours to send! (at simulation time 665.000,000,000 s)
2025-06-06 16:07:53,879 INFO  - I have no neighbours to send! (at simulation time 665.000,000,000 s)
2025-06-06 16:07:53,879 INFO  - I have no neighbours to send! (at simulation time 665.000,000,000 s)
2025-06-06 16:07:53,879 INFO  - I have no neighbours to send! (at simulation time 665.000,000,000 s)
2025-06-06 16:07:53,879 INFO  - I have no neighbours to send! (at simulation time 665.000,000,000 s)
2025-06-06 16:07:53,879 INFO  - I have no neighbours to send! (at simulation time 665.000,000,000 s)
2025-06-06 16:07:53,879 INFO  - I have no neighbours to send! (at simulation time 665.000,000,000 s)
2025-06-06 16:07:53,879 INFO  - I have no neighbours to send! (at simulation time 665.000,000,000 s)
2025-06-06 16:07:53,879 INFO  - I have no neighbours to send! (at simulation time 665.000,000,000 s)
2025-06-06 16:07:53,879 INFO  - I have no neighbours to send! (at simulation time 665.000,000,000 s)
2025-06-06 16:07:53,879 INFO  - I have no neighbours to send! (at simulation time 665.000,000,000 s)
2025-06-06 16:07:53,879 INFO  - I have no neighbours to send! (at simulation time 665.000,000,000 s)
2025-06-06 16:07:53,879 INFO  - I have no neighbours to send! (at simulation time 665.000,000,000 s)
2025-06-06 16:07:53,879 INFO  - I have no neighbours to send! (at simulation time 665.000,000,000 s)
2025-06-06 16:07:53,879 INFO  - I have no neighbours to send! (at simulation time 665.000,000,000 s)
2025-06-06 16:07:53,879 INFO  - I have no neighbours to send! (at simulation time 665.000,000,000 s)
2025-06-06 16:07:53,879 INFO  - I have no neighbours to send! (at simulation time 665.000,000,000 s)
2025-06-06 16:07:53,879 INFO  - I have no neighbours to send! (at simulation time 665.000,000,000 s)
2025-06-06 16:07:53,880 INFO  - I have no neighbours to send! (at simulation time 666.000,000,000 s)
2025-06-06 16:07:53,881 INFO  - I have no neighbours to send! (at simulation time 666.000,000,000 s)
2025-06-06 16:07:53,881 INFO  - I have no neighbours to send! (at simulation time 666.000,000,000 s)
2025-06-06 16:07:53,881 INFO  - I have no neighbours to send! (at simulation time 666.000,000,000 s)
2025-06-06 16:07:53,881 INFO  - I have no neighbours to send! (at simulation time 666.000,000,000 s)
2025-06-06 16:07:53,881 INFO  - I have no neighbours to send! (at simulation time 666.000,000,000 s)
2025-06-06 16:07:53,881 INFO  - I have no neighbours to send! (at simulation time 666.000,000,000 s)
2025-06-06 16:07:53,881 INFO  - I have no neighbours to send! (at simulation time 666.000,000,000 s)
2025-06-06 16:07:53,881 INFO  - I have no neighbours to send! (at simulation time 666.000,000,000 s)
2025-06-06 16:07:53,881 INFO  - I have no neighbours to send! (at simulation time 666.000,000,000 s)
2025-06-06 16:07:53,881 INFO  - I have no neighbours to send! (at simulation time 666.000,000,000 s)
2025-06-06 16:07:53,881 INFO  - I have no neighbours to send! (at simulation time 666.000,000,000 s)
2025-06-06 16:07:53,881 INFO  - I have no neighbours to send! (at simulation time 666.000,000,000 s)
2025-06-06 16:07:53,881 INFO  - I have no neighbours to send! (at simulation time 666.000,000,000 s)
2025-06-06 16:07:53,882 INFO  - I have no neighbours to send! (at simulation time 666.000,000,000 s)
2025-06-06 16:07:53,882 INFO  - I have no neighbours to send! (at simulation time 666.000,000,000 s)
2025-06-06 16:07:53,882 INFO  - I have no neighbours to send! (at simulation time 666.000,000,000 s)
2025-06-06 16:07:53,882 INFO  - I have no neighbours to send! (at simulation time 666.000,000,000 s)
2025-06-06 16:07:53,882 INFO  - I have no neighbours to send! (at simulation time 666.000,000,000 s)
2025-06-06 16:07:53,882 INFO  - I have no neighbours to send! (at simulation time 666.000,000,000 s)
2025-06-06 16:07:53,882 INFO  - I have no neighbours to send! (at simulation time 666.000,000,000 s)
2025-06-06 16:07:53,882 INFO  - I have no neighbours to send! (at simulation time 666.000,000,000 s)
2025-06-06 16:07:53,882 INFO  - I have no neighbours to send! (at simulation time 666.000,000,000 s)
2025-06-06 16:07:53,882 INFO  - I have no neighbours to send! (at simulation time 666.000,000,000 s)
2025-06-06 16:07:53,882 INFO  - I have no neighbours to send! (at simulation time 666.000,000,000 s)
2025-06-06 16:07:53,882 INFO  - I have no neighbours to send! (at simulation time 666.000,000,000 s)
2025-06-06 16:07:53,882 INFO  - I have no neighbours to send! (at simulation time 666.000,000,000 s)
2025-06-06 16:07:53,882 INFO  - I have no neighbours to send! (at simulation time 666.000,000,000 s)
2025-06-06 16:07:53,882 INFO  - I have no neighbours to send! (at simulation time 666.000,000,000 s)
2025-06-06 16:07:53,882 INFO  - I have no neighbours to send! (at simulation time 666.000,000,000 s)
2025-06-06 16:07:53,882 INFO  - I have no neighbours to send! (at simulation time 666.000,000,000 s)
2025-06-06 16:07:53,882 INFO  - I have no neighbours to send! (at simulation time 666.000,000,000 s)
2025-06-06 16:07:53,882 INFO  - I have no neighbours to send! (at simulation time 666.000,000,000 s)
2025-06-06 16:07:53,882 INFO  - I have no neighbours to send! (at simulation time 666.000,000,000 s)
2025-06-06 16:07:53,882 INFO  - I have no neighbours to send! (at simulation time 666.000,000,000 s)
2025-06-06 16:07:53,882 INFO  - I have no neighbours to send! (at simulation time 666.000,000,000 s)
2025-06-06 16:07:53,882 INFO  - I have no neighbours to send! (at simulation time 666.000,000,000 s)
2025-06-06 16:07:53,883 INFO  - I have no neighbours to send! (at simulation time 666.000,000,000 s)
2025-06-06 16:07:53,883 INFO  - I have no neighbours to send! (at simulation time 666.000,000,000 s)
2025-06-06 16:07:53,883 INFO  - I have no neighbours to send! (at simulation time 666.000,000,000 s)
2025-06-06 16:07:53,883 INFO  - I have no neighbours to send! (at simulation time 666.000,000,000 s)
2025-06-06 16:07:53,883 INFO  - I have no neighbours to send! (at simulation time 666.000,000,000 s)
2025-06-06 16:07:53,883 INFO  - I have no neighbours to send! (at simulation time 666.000,000,000 s)
2025-06-06 16:07:53,883 INFO  - I have no neighbours to send! (at simulation time 666.000,000,000 s)
2025-06-06 16:07:53,883 INFO  - I have no neighbours to send! (at simulation time 666.000,000,000 s)
2025-06-06 16:07:53,883 INFO  - I have no neighbours to send! (at simulation time 666.000,000,000 s)
2025-06-06 16:07:53,883 INFO  - I have no neighbours to send! (at simulation time 666.000,000,000 s)
2025-06-06 16:07:53,883 INFO  - I have no neighbours to send! (at simulation time 666.000,000,000 s)
2025-06-06 16:07:53,883 INFO  - I have no neighbours to send! (at simulation time 666.000,000,000 s)
2025-06-06 16:07:53,883 INFO  - I have no neighbours to send! (at simulation time 666.000,000,000 s)
2025-06-06 16:07:53,883 INFO  - I have no neighbours to send! (at simulation time 666.000,000,000 s)
2025-06-06 16:07:53,883 INFO  - I have no neighbours to send! (at simulation time 666.000,000,000 s)
2025-06-06 16:07:53,883 INFO  - I have no neighbours to send! (at simulation time 666.000,000,000 s)
2025-06-06 16:07:53,883 INFO  - I have no neighbours to send! (at simulation time 666.000,000,000 s)
2025-06-06 16:07:53,883 INFO  - I have no neighbours to send! (at simulation time 666.000,000,000 s)
2025-06-06 16:07:53,883 INFO  - I have no neighbours to send! (at simulation time 666.000,000,000 s)
2025-06-06 16:07:53,883 INFO  - I have no neighbours to send! (at simulation time 666.000,000,000 s)
2025-06-06 16:07:53,883 INFO  - I have no neighbours to send! (at simulation time 666.000,000,000 s)
2025-06-06 16:07:53,883 INFO  - I have no neighbours to send! (at simulation time 666.000,000,000 s)
2025-06-06 16:07:53,883 INFO  - I have no neighbours to send! (at simulation time 666.000,000,000 s)
2025-06-06 16:07:53,883 INFO  - I have no neighbours to send! (at simulation time 666.000,000,000 s)
2025-06-06 16:07:53,883 INFO  - I have no neighbours to send! (at simulation time 666.000,000,000 s)
2025-06-06 16:07:53,883 INFO  - I have no neighbours to send! (at simulation time 666.000,000,000 s)
2025-06-06 16:07:53,883 INFO  - I have no neighbours to send! (at simulation time 666.000,000,000 s)
2025-06-06 16:07:53,883 INFO  - I have no neighbours to send! (at simulation time 666.000,000,000 s)
2025-06-06 16:07:53,883 INFO  - I have no neighbours to send! (at simulation time 666.000,000,000 s)
2025-06-06 16:07:53,883 INFO  - I have no neighbours to send! (at simulation time 666.000,000,000 s)
2025-06-06 16:07:53,883 INFO  - I have no neighbours to send! (at simulation time 666.000,000,000 s)
2025-06-06 16:07:53,883 INFO  - I have no neighbours to send! (at simulation time 666.000,000,000 s)
2025-06-06 16:07:53,883 INFO  - I have no neighbours to send! (at simulation time 666.000,000,000 s)
2025-06-06 16:07:53,883 INFO  - I have no neighbours to send! (at simulation time 666.000,000,000 s)
2025-06-06 16:07:53,883 INFO  - I have no neighbours to send! (at simulation time 666.000,000,000 s)
2025-06-06 16:07:53,884 INFO  - I have no neighbours to send! (at simulation time 666.000,000,000 s)
2025-06-06 16:07:53,884 INFO  - I have no neighbours to send! (at simulation time 666.000,000,000 s)
2025-06-06 16:07:53,884 INFO  - I have no neighbours to send! (at simulation time 666.000,000,000 s)
2025-06-06 16:07:53,884 INFO  - I have no neighbours to send! (at simulation time 666.000,000,000 s)
2025-06-06 16:07:53,884 INFO  - I have no neighbours to send! (at simulation time 666.000,000,000 s)
2025-06-06 16:07:53,884 INFO  - I have no neighbours to send! (at simulation time 666.000,000,000 s)
2025-06-06 16:07:53,884 INFO  - I have no neighbours to send! (at simulation time 666.000,000,000 s)
2025-06-06 16:07:53,884 INFO  - I have no neighbours to send! (at simulation time 666.000,000,000 s)
2025-06-06 16:07:53,884 INFO  - I have no neighbours to send! (at simulation time 666.000,000,000 s)
2025-06-06 16:07:53,884 INFO  - I have no neighbours to send! (at simulation time 666.000,000,000 s)
2025-06-06 16:07:53,884 INFO  - I have no neighbours to send! (at simulation time 666.000,000,000 s)
2025-06-06 16:07:53,884 INFO  - I have no neighbours to send! (at simulation time 666.000,000,000 s)
2025-06-06 16:07:53,884 INFO  - I have no neighbours to send! (at simulation time 666.000,000,000 s)
2025-06-06 16:07:53,885 INFO  - Sent periodic GreenWaveMsg: veh_112 on route r_0 (at simulation time 667.000,000,000 s)
2025-06-06 16:07:53,885 INFO  - I have no neighbours to send! (at simulation time 667.000,000,000 s)
2025-06-06 16:07:53,885 INFO  - I have no neighbours to send! (at simulation time 667.000,000,000 s)
2025-06-06 16:07:53,885 INFO  - I have no neighbours to send! (at simulation time 667.000,000,000 s)
2025-06-06 16:07:53,885 INFO  - I have no neighbours to send! (at simulation time 667.000,000,000 s)
2025-06-06 16:07:53,885 INFO  - I have no neighbours to send! (at simulation time 667.000,000,000 s)
2025-06-06 16:07:53,885 INFO  - I have no neighbours to send! (at simulation time 667.000,000,000 s)
2025-06-06 16:07:53,885 INFO  - I have no neighbours to send! (at simulation time 667.000,000,000 s)
2025-06-06 16:07:53,885 INFO  - I have no neighbours to send! (at simulation time 667.000,000,000 s)
2025-06-06 16:07:53,885 INFO  - I have no neighbours to send! (at simulation time 667.000,000,000 s)
2025-06-06 16:07:53,886 INFO  - I have no neighbours to send! (at simulation time 667.000,000,000 s)
2025-06-06 16:07:53,886 INFO  - I have no neighbours to send! (at simulation time 667.000,000,000 s)
2025-06-06 16:07:53,886 INFO  - I have no neighbours to send! (at simulation time 667.000,000,000 s)
2025-06-06 16:07:53,886 INFO  - I have no neighbours to send! (at simulation time 667.000,000,000 s)
2025-06-06 16:07:53,886 INFO  - I have no neighbours to send! (at simulation time 667.000,000,000 s)
2025-06-06 16:07:53,886 INFO  - I have no neighbours to send! (at simulation time 667.000,000,000 s)
2025-06-06 16:07:53,886 INFO  - I have no neighbours to send! (at simulation time 667.000,000,000 s)
2025-06-06 16:07:53,886 INFO  - I have no neighbours to send! (at simulation time 667.000,000,000 s)
2025-06-06 16:07:53,886 INFO  - I have no neighbours to send! (at simulation time 667.000,000,000 s)
2025-06-06 16:07:53,886 INFO  - I have no neighbours to send! (at simulation time 667.000,000,000 s)
2025-06-06 16:07:53,886 INFO  - I have no neighbours to send! (at simulation time 667.000,000,000 s)
2025-06-06 16:07:53,886 INFO  - I have no neighbours to send! (at simulation time 667.000,000,000 s)
2025-06-06 16:07:53,886 INFO  - I have no neighbours to send! (at simulation time 667.000,000,000 s)
2025-06-06 16:07:53,886 INFO  - I have no neighbours to send! (at simulation time 667.000,000,000 s)
2025-06-06 16:07:53,886 INFO  - I have no neighbours to send! (at simulation time 667.000,000,000 s)
2025-06-06 16:07:53,886 INFO  - I have no neighbours to send! (at simulation time 667.000,000,000 s)
2025-06-06 16:07:53,886 INFO  - I have no neighbours to send! (at simulation time 667.000,000,000 s)
2025-06-06 16:07:53,886 INFO  - I have no neighbours to send! (at simulation time 667.000,000,000 s)
2025-06-06 16:07:53,886 INFO  - I have no neighbours to send! (at simulation time 667.000,000,000 s)
2025-06-06 16:07:53,886 INFO  - I have no neighbours to send! (at simulation time 667.000,000,000 s)
2025-06-06 16:07:53,887 INFO  - I have no neighbours to send! (at simulation time 667.000,000,000 s)
2025-06-06 16:07:53,887 INFO  - I have no neighbours to send! (at simulation time 667.000,000,000 s)
2025-06-06 16:07:53,887 INFO  - I have no neighbours to send! (at simulation time 667.000,000,000 s)
2025-06-06 16:07:53,887 INFO  - I have no neighbours to send! (at simulation time 667.000,000,000 s)
2025-06-06 16:07:53,887 INFO  - I have no neighbours to send! (at simulation time 667.000,000,000 s)
2025-06-06 16:07:53,887 INFO  - I have no neighbours to send! (at simulation time 667.000,000,000 s)
2025-06-06 16:07:53,887 INFO  - I have no neighbours to send! (at simulation time 667.000,000,000 s)
2025-06-06 16:07:53,887 INFO  - I have no neighbours to send! (at simulation time 667.000,000,000 s)
2025-06-06 16:07:53,887 INFO  - I have no neighbours to send! (at simulation time 667.000,000,000 s)
2025-06-06 16:07:53,887 INFO  - I have no neighbours to send! (at simulation time 667.000,000,000 s)
2025-06-06 16:07:53,887 INFO  - I have no neighbours to send! (at simulation time 667.000,000,000 s)
2025-06-06 16:07:53,887 INFO  - I have no neighbours to send! (at simulation time 667.000,000,000 s)
2025-06-06 16:07:53,887 INFO  - I have no neighbours to send! (at simulation time 667.000,000,000 s)
2025-06-06 16:07:53,887 INFO  - I have no neighbours to send! (at simulation time 667.000,000,000 s)
2025-06-06 16:07:53,887 INFO  - I have no neighbours to send! (at simulation time 667.000,000,000 s)
2025-06-06 16:07:53,887 INFO  - I have no neighbours to send! (at simulation time 667.000,000,000 s)
2025-06-06 16:07:53,887 INFO  - I have no neighbours to send! (at simulation time 667.000,000,000 s)
2025-06-06 16:07:53,887 INFO  - I have no neighbours to send! (at simulation time 667.000,000,000 s)
2025-06-06 16:07:53,887 INFO  - I have no neighbours to send! (at simulation time 667.000,000,000 s)
2025-06-06 16:07:53,887 INFO  - I have no neighbours to send! (at simulation time 667.000,000,000 s)
2025-06-06 16:07:53,887 INFO  - I have no neighbours to send! (at simulation time 667.000,000,000 s)
2025-06-06 16:07:53,887 INFO  - I have no neighbours to send! (at simulation time 667.000,000,000 s)
2025-06-06 16:07:53,887 INFO  - I have no neighbours to send! (at simulation time 667.000,000,000 s)
2025-06-06 16:07:53,887 INFO  - I have no neighbours to send! (at simulation time 667.000,000,000 s)
2025-06-06 16:07:53,887 INFO  - I have no neighbours to send! (at simulation time 667.000,000,000 s)
2025-06-06 16:07:53,887 INFO  - I have no neighbours to send! (at simulation time 667.000,000,000 s)
2025-06-06 16:07:53,887 INFO  - I have no neighbours to send! (at simulation time 667.000,000,000 s)
2025-06-06 16:07:53,887 INFO  - I have no neighbours to send! (at simulation time 667.000,000,000 s)
2025-06-06 16:07:53,887 INFO  - I have no neighbours to send! (at simulation time 667.000,000,000 s)
2025-06-06 16:07:53,887 INFO  - I have no neighbours to send! (at simulation time 667.000,000,000 s)
2025-06-06 16:07:53,888 INFO  - I have no neighbours to send! (at simulation time 667.000,000,000 s)
2025-06-06 16:07:53,888 INFO  - I have no neighbours to send! (at simulation time 667.000,000,000 s)
2025-06-06 16:07:53,888 INFO  - I have no neighbours to send! (at simulation time 667.000,000,000 s)
2025-06-06 16:07:53,888 INFO  - I have no neighbours to send! (at simulation time 667.000,000,000 s)
2025-06-06 16:07:53,888 INFO  - I have no neighbours to send! (at simulation time 667.000,000,000 s)
2025-06-06 16:07:53,888 INFO  - I have no neighbours to send! (at simulation time 667.000,000,000 s)
2025-06-06 16:07:53,888 INFO  - I have no neighbours to send! (at simulation time 667.000,000,000 s)
2025-06-06 16:07:53,888 INFO  - I have no neighbours to send! (at simulation time 667.000,000,000 s)
2025-06-06 16:07:53,888 INFO  - I have no neighbours to send! (at simulation time 667.000,000,000 s)
2025-06-06 16:07:53,888 INFO  - I have no neighbours to send! (at simulation time 667.000,000,000 s)
2025-06-06 16:07:53,888 INFO  - I have no neighbours to send! (at simulation time 667.000,000,000 s)
2025-06-06 16:07:53,888 INFO  - I have no neighbours to send! (at simulation time 667.000,000,000 s)
2025-06-06 16:07:53,888 INFO  - I have no neighbours to send! (at simulation time 667.000,000,000 s)
2025-06-06 16:07:53,888 INFO  - I have no neighbours to send! (at simulation time 667.000,000,000 s)
2025-06-06 16:07:53,888 INFO  - I have no neighbours to send! (at simulation time 667.000,000,000 s)
2025-06-06 16:07:53,888 INFO  - I have no neighbours to send! (at simulation time 667.000,000,000 s)
2025-06-06 16:07:53,888 INFO  - I have no neighbours to send! (at simulation time 667.000,000,000 s)
2025-06-06 16:07:53,888 INFO  - I have no neighbours to send! (at simulation time 667.000,000,000 s)
2025-06-06 16:07:53,888 INFO  - I have no neighbours to send! (at simulation time 667.000,000,000 s)
2025-06-06 16:07:53,888 INFO  - I have no neighbours to send! (at simulation time 667.000,000,000 s)
2025-06-06 16:07:53,888 INFO  - I have no neighbours to send! (at simulation time 667.000,000,000 s)
2025-06-06 16:07:53,888 INFO  - I have no neighbours to send! (at simulation time 667.000,000,000 s)
2025-06-06 16:07:53,888 INFO  - I have no neighbours to send! (at simulation time 667.000,000,000 s)
2025-06-06 16:07:53,888 INFO  - I have no neighbours to send! (at simulation time 667.000,000,000 s)
2025-06-06 16:07:53,888 INFO  - I have no neighbours to send! (at simulation time 667.000,000,000 s)
2025-06-06 16:07:53,888 INFO  - I have no neighbours to send! (at simulation time 667.000,000,000 s)
2025-06-06 16:07:53,888 INFO  - I have no neighbours to send! (at simulation time 667.000,000,000 s)
2025-06-06 16:07:53,889 INFO  - I have no neighbours to send! (at simulation time 668.000,000,000 s)
2025-06-06 16:07:53,890 INFO  - I have no neighbours to send! (at simulation time 668.000,000,000 s)
2025-06-06 16:07:53,890 INFO  - I have no neighbours to send! (at simulation time 668.000,000,000 s)
2025-06-06 16:07:53,890 INFO  - I have no neighbours to send! (at simulation time 668.000,000,000 s)
2025-06-06 16:07:53,890 INFO  - I have no neighbours to send! (at simulation time 668.000,000,000 s)
2025-06-06 16:07:53,890 INFO  - I have no neighbours to send! (at simulation time 668.000,000,000 s)
2025-06-06 16:07:53,890 INFO  - I have no neighbours to send! (at simulation time 668.000,000,000 s)
2025-06-06 16:07:53,890 INFO  - I have no neighbours to send! (at simulation time 668.000,000,000 s)
2025-06-06 16:07:53,890 INFO  - I have no neighbours to send! (at simulation time 668.000,000,000 s)
2025-06-06 16:07:53,890 INFO  - I have no neighbours to send! (at simulation time 668.000,000,000 s)
2025-06-06 16:07:53,890 INFO  - I have no neighbours to send! (at simulation time 668.000,000,000 s)
2025-06-06 16:07:53,890 INFO  - I have no neighbours to send! (at simulation time 668.000,000,000 s)
2025-06-06 16:07:53,890 INFO  - I have no neighbours to send! (at simulation time 668.000,000,000 s)
2025-06-06 16:07:53,890 INFO  - I have no neighbours to send! (at simulation time 668.000,000,000 s)
2025-06-06 16:07:53,891 INFO  - I have no neighbours to send! (at simulation time 668.000,000,000 s)
2025-06-06 16:07:53,891 INFO  - I have no neighbours to send! (at simulation time 668.000,000,000 s)
2025-06-06 16:07:53,891 INFO  - I have no neighbours to send! (at simulation time 668.000,000,000 s)
2025-06-06 16:07:53,891 INFO  - I have no neighbours to send! (at simulation time 668.000,000,000 s)
2025-06-06 16:07:53,891 INFO  - I have no neighbours to send! (at simulation time 668.000,000,000 s)
2025-06-06 16:07:53,891 INFO  - I have no neighbours to send! (at simulation time 668.000,000,000 s)
2025-06-06 16:07:53,891 INFO  - I have no neighbours to send! (at simulation time 668.000,000,000 s)
2025-06-06 16:07:53,891 INFO  - I have no neighbours to send! (at simulation time 668.000,000,000 s)
2025-06-06 16:07:53,891 INFO  - I have no neighbours to send! (at simulation time 668.000,000,000 s)
2025-06-06 16:07:53,891 INFO  - I have no neighbours to send! (at simulation time 668.000,000,000 s)
2025-06-06 16:07:53,891 INFO  - I have no neighbours to send! (at simulation time 668.000,000,000 s)
2025-06-06 16:07:53,891 INFO  - I have no neighbours to send! (at simulation time 668.000,000,000 s)
2025-06-06 16:07:53,891 INFO  - I have no neighbours to send! (at simulation time 668.000,000,000 s)
2025-06-06 16:07:53,891 INFO  - I have no neighbours to send! (at simulation time 668.000,000,000 s)
2025-06-06 16:07:53,891 INFO  - I have no neighbours to send! (at simulation time 668.000,000,000 s)
2025-06-06 16:07:53,891 INFO  - I have no neighbours to send! (at simulation time 668.000,000,000 s)
2025-06-06 16:07:53,891 INFO  - I have no neighbours to send! (at simulation time 668.000,000,000 s)
2025-06-06 16:07:53,891 INFO  - I have no neighbours to send! (at simulation time 668.000,000,000 s)
2025-06-06 16:07:53,891 INFO  - I have no neighbours to send! (at simulation time 668.000,000,000 s)
2025-06-06 16:07:53,891 INFO  - I have no neighbours to send! (at simulation time 668.000,000,000 s)
2025-06-06 16:07:53,892 INFO  - I have no neighbours to send! (at simulation time 668.000,000,000 s)
2025-06-06 16:07:53,892 INFO  - I have no neighbours to send! (at simulation time 668.000,000,000 s)
2025-06-06 16:07:53,892 INFO  - I have no neighbours to send! (at simulation time 668.000,000,000 s)
2025-06-06 16:07:53,892 INFO  - I have no neighbours to send! (at simulation time 668.000,000,000 s)
2025-06-06 16:07:53,892 INFO  - I have no neighbours to send! (at simulation time 668.000,000,000 s)
2025-06-06 16:07:53,892 INFO  - I have no neighbours to send! (at simulation time 668.000,000,000 s)
2025-06-06 16:07:53,892 INFO  - I have no neighbours to send! (at simulation time 668.000,000,000 s)
2025-06-06 16:07:53,892 INFO  - I have no neighbours to send! (at simulation time 668.000,000,000 s)
2025-06-06 16:07:53,892 INFO  - I have no neighbours to send! (at simulation time 668.000,000,000 s)
2025-06-06 16:07:53,892 INFO  - I have no neighbours to send! (at simulation time 668.000,000,000 s)
2025-06-06 16:07:53,892 INFO  - I have no neighbours to send! (at simulation time 668.000,000,000 s)
2025-06-06 16:07:53,892 INFO  - I have no neighbours to send! (at simulation time 668.000,000,000 s)
2025-06-06 16:07:53,892 INFO  - I have no neighbours to send! (at simulation time 668.000,000,000 s)
2025-06-06 16:07:53,892 INFO  - I have no neighbours to send! (at simulation time 668.000,000,000 s)
2025-06-06 16:07:53,892 INFO  - I have no neighbours to send! (at simulation time 668.000,000,000 s)
2025-06-06 16:07:53,892 INFO  - I have no neighbours to send! (at simulation time 668.000,000,000 s)
2025-06-06 16:07:53,892 INFO  - I have no neighbours to send! (at simulation time 668.000,000,000 s)
2025-06-06 16:07:53,892 INFO  - I have no neighbours to send! (at simulation time 668.000,000,000 s)
2025-06-06 16:07:53,892 INFO  - I have no neighbours to send! (at simulation time 668.000,000,000 s)
2025-06-06 16:07:53,892 INFO  - I have no neighbours to send! (at simulation time 668.000,000,000 s)
2025-06-06 16:07:53,892 INFO  - I have no neighbours to send! (at simulation time 668.000,000,000 s)
2025-06-06 16:07:53,892 INFO  - I have no neighbours to send! (at simulation time 668.000,000,000 s)
2025-06-06 16:07:53,892 INFO  - I have no neighbours to send! (at simulation time 668.000,000,000 s)
2025-06-06 16:07:53,892 INFO  - I have no neighbours to send! (at simulation time 668.000,000,000 s)
2025-06-06 16:07:53,892 INFO  - I have no neighbours to send! (at simulation time 668.000,000,000 s)
2025-06-06 16:07:53,892 INFO  - I have no neighbours to send! (at simulation time 668.000,000,000 s)
2025-06-06 16:07:53,892 INFO  - I have no neighbours to send! (at simulation time 668.000,000,000 s)
2025-06-06 16:07:53,892 INFO  - I have no neighbours to send! (at simulation time 668.000,000,000 s)
2025-06-06 16:07:53,892 INFO  - I have no neighbours to send! (at simulation time 668.000,000,000 s)
2025-06-06 16:07:53,892 INFO  - I have no neighbours to send! (at simulation time 668.000,000,000 s)
2025-06-06 16:07:53,893 INFO  - I have no neighbours to send! (at simulation time 668.000,000,000 s)
2025-06-06 16:07:53,893 INFO  - I have no neighbours to send! (at simulation time 668.000,000,000 s)
2025-06-06 16:07:53,893 INFO  - I have no neighbours to send! (at simulation time 668.000,000,000 s)
2025-06-06 16:07:53,893 INFO  - I have no neighbours to send! (at simulation time 668.000,000,000 s)
2025-06-06 16:07:53,893 INFO  - I have no neighbours to send! (at simulation time 668.000,000,000 s)
2025-06-06 16:07:53,893 INFO  - I have no neighbours to send! (at simulation time 668.000,000,000 s)
2025-06-06 16:07:53,893 INFO  - I have no neighbours to send! (at simulation time 668.000,000,000 s)
2025-06-06 16:07:53,893 INFO  - I have no neighbours to send! (at simulation time 668.000,000,000 s)
2025-06-06 16:07:53,893 INFO  - I have no neighbours to send! (at simulation time 668.000,000,000 s)
2025-06-06 16:07:53,893 INFO  - I have no neighbours to send! (at simulation time 668.000,000,000 s)
2025-06-06 16:07:53,893 INFO  - I have no neighbours to send! (at simulation time 668.000,000,000 s)
2025-06-06 16:07:53,893 INFO  - I have no neighbours to send! (at simulation time 668.000,000,000 s)
2025-06-06 16:07:53,893 INFO  - I have no neighbours to send! (at simulation time 668.000,000,000 s)
2025-06-06 16:07:53,893 INFO  - I have no neighbours to send! (at simulation time 668.000,000,000 s)
2025-06-06 16:07:53,893 INFO  - I have no neighbours to send! (at simulation time 668.000,000,000 s)
2025-06-06 16:07:53,893 INFO  - I have no neighbours to send! (at simulation time 668.000,000,000 s)
2025-06-06 16:07:53,893 INFO  - I have no neighbours to send! (at simulation time 668.000,000,000 s)
2025-06-06 16:07:53,893 INFO  - I have no neighbours to send! (at simulation time 668.000,000,000 s)
2025-06-06 16:07:53,893 INFO  - I have no neighbours to send! (at simulation time 668.000,000,000 s)
2025-06-06 16:07:53,893 INFO  - I have no neighbours to send! (at simulation time 668.000,000,000 s)
2025-06-06 16:07:53,893 INFO  - I have no neighbours to send! (at simulation time 668.000,000,000 s)
2025-06-06 16:07:53,893 INFO  - I have no neighbours to send! (at simulation time 668.000,000,000 s)
2025-06-06 16:07:53,893 INFO  - I have no neighbours to send! (at simulation time 668.000,000,000 s)
2025-06-06 16:07:53,894 INFO  - I have no neighbours to send! (at simulation time 669.000,000,000 s)
2025-06-06 16:07:53,894 INFO  - I have no neighbours to send! (at simulation time 669.000,000,000 s)
2025-06-06 16:07:53,894 INFO  - I have no neighbours to send! (at simulation time 669.000,000,000 s)
2025-06-06 16:07:53,894 INFO  - I have no neighbours to send! (at simulation time 669.000,000,000 s)
2025-06-06 16:07:53,895 INFO  - I have no neighbours to send! (at simulation time 669.000,000,000 s)
2025-06-06 16:07:53,895 INFO  - I have no neighbours to send! (at simulation time 669.000,000,000 s)
2025-06-06 16:07:53,895 INFO  - I have no neighbours to send! (at simulation time 669.000,000,000 s)
2025-06-06 16:07:53,895 INFO  - I have no neighbours to send! (at simulation time 669.000,000,000 s)
2025-06-06 16:07:53,895 INFO  - I have no neighbours to send! (at simulation time 669.000,000,000 s)
2025-06-06 16:07:53,895 INFO  - I have no neighbours to send! (at simulation time 669.000,000,000 s)
2025-06-06 16:07:53,895 INFO  - I have no neighbours to send! (at simulation time 669.000,000,000 s)
2025-06-06 16:07:53,895 INFO  - I have no neighbours to send! (at simulation time 669.000,000,000 s)
2025-06-06 16:07:53,895 INFO  - I have no neighbours to send! (at simulation time 669.000,000,000 s)
2025-06-06 16:07:53,895 INFO  - I have no neighbours to send! (at simulation time 669.000,000,000 s)
2025-06-06 16:07:53,895 INFO  - I have no neighbours to send! (at simulation time 669.000,000,000 s)
2025-06-06 16:07:53,895 INFO  - I have no neighbours to send! (at simulation time 669.000,000,000 s)
2025-06-06 16:07:53,895 INFO  - I have no neighbours to send! (at simulation time 669.000,000,000 s)
2025-06-06 16:07:53,895 INFO  - I have no neighbours to send! (at simulation time 669.000,000,000 s)
2025-06-06 16:07:53,895 INFO  - I have no neighbours to send! (at simulation time 669.000,000,000 s)
2025-06-06 16:07:53,895 INFO  - I have no neighbours to send! (at simulation time 669.000,000,000 s)
2025-06-06 16:07:53,895 INFO  - I have no neighbours to send! (at simulation time 669.000,000,000 s)
2025-06-06 16:07:53,895 INFO  - I have no neighbours to send! (at simulation time 669.000,000,000 s)
2025-06-06 16:07:53,896 INFO  - I have no neighbours to send! (at simulation time 669.000,000,000 s)
2025-06-06 16:07:53,896 INFO  - I have no neighbours to send! (at simulation time 669.000,000,000 s)
2025-06-06 16:07:53,896 INFO  - I have no neighbours to send! (at simulation time 669.000,000,000 s)
2025-06-06 16:07:53,896 INFO  - I have no neighbours to send! (at simulation time 669.000,000,000 s)
2025-06-06 16:07:53,896 INFO  - I have no neighbours to send! (at simulation time 669.000,000,000 s)
2025-06-06 16:07:53,896 INFO  - I have no neighbours to send! (at simulation time 669.000,000,000 s)
2025-06-06 16:07:53,896 INFO  - I have no neighbours to send! (at simulation time 669.000,000,000 s)
2025-06-06 16:07:53,896 INFO  - I have no neighbours to send! (at simulation time 669.000,000,000 s)
2025-06-06 16:07:53,896 INFO  - I have no neighbours to send! (at simulation time 669.000,000,000 s)
2025-06-06 16:07:53,896 INFO  - I have no neighbours to send! (at simulation time 669.000,000,000 s)
2025-06-06 16:07:53,896 INFO  - I have no neighbours to send! (at simulation time 669.000,000,000 s)
2025-06-06 16:07:53,896 INFO  - I have no neighbours to send! (at simulation time 669.000,000,000 s)
2025-06-06 16:07:53,896 INFO  - I have no neighbours to send! (at simulation time 669.000,000,000 s)
2025-06-06 16:07:53,896 INFO  - I have no neighbours to send! (at simulation time 669.000,000,000 s)
2025-06-06 16:07:53,896 INFO  - I have no neighbours to send! (at simulation time 669.000,000,000 s)
2025-06-06 16:07:53,896 INFO  - I have no neighbours to send! (at simulation time 669.000,000,000 s)
2025-06-06 16:07:53,896 INFO  - I have no neighbours to send! (at simulation time 669.000,000,000 s)
2025-06-06 16:07:53,896 INFO  - I have no neighbours to send! (at simulation time 669.000,000,000 s)
2025-06-06 16:07:53,896 INFO  - I have no neighbours to send! (at simulation time 669.000,000,000 s)
2025-06-06 16:07:53,896 INFO  - I have no neighbours to send! (at simulation time 669.000,000,000 s)
2025-06-06 16:07:53,896 INFO  - I have no neighbours to send! (at simulation time 669.000,000,000 s)
2025-06-06 16:07:53,896 INFO  - I have no neighbours to send! (at simulation time 669.000,000,000 s)
2025-06-06 16:07:53,896 INFO  - I have no neighbours to send! (at simulation time 669.000,000,000 s)
2025-06-06 16:07:53,896 INFO  - I have no neighbours to send! (at simulation time 669.000,000,000 s)
2025-06-06 16:07:53,896 INFO  - I have no neighbours to send! (at simulation time 669.000,000,000 s)
2025-06-06 16:07:53,896 INFO  - I have no neighbours to send! (at simulation time 669.000,000,000 s)
2025-06-06 16:07:53,897 INFO  - I have no neighbours to send! (at simulation time 669.000,000,000 s)
2025-06-06 16:07:53,897 INFO  - I have no neighbours to send! (at simulation time 669.000,000,000 s)
2025-06-06 16:07:53,897 INFO  - I have no neighbours to send! (at simulation time 669.000,000,000 s)
2025-06-06 16:07:53,897 INFO  - I have no neighbours to send! (at simulation time 669.000,000,000 s)
2025-06-06 16:07:53,897 INFO  - I have no neighbours to send! (at simulation time 669.000,000,000 s)
2025-06-06 16:07:53,897 INFO  - I have no neighbours to send! (at simulation time 669.000,000,000 s)
2025-06-06 16:07:53,897 INFO  - I have no neighbours to send! (at simulation time 669.000,000,000 s)
2025-06-06 16:07:53,897 INFO  - I have no neighbours to send! (at simulation time 669.000,000,000 s)
2025-06-06 16:07:53,897 INFO  - I have no neighbours to send! (at simulation time 669.000,000,000 s)
2025-06-06 16:07:53,897 INFO  - I have no neighbours to send! (at simulation time 669.000,000,000 s)
2025-06-06 16:07:53,897 INFO  - I have no neighbours to send! (at simulation time 669.000,000,000 s)
2025-06-06 16:07:53,897 INFO  - I have no neighbours to send! (at simulation time 669.000,000,000 s)
2025-06-06 16:07:53,897 INFO  - I have no neighbours to send! (at simulation time 669.000,000,000 s)
2025-06-06 16:07:53,897 INFO  - I have no neighbours to send! (at simulation time 669.000,000,000 s)
2025-06-06 16:07:53,897 INFO  - I have no neighbours to send! (at simulation time 669.000,000,000 s)
2025-06-06 16:07:53,897 INFO  - I have no neighbours to send! (at simulation time 669.000,000,000 s)
2025-06-06 16:07:53,897 INFO  - I have no neighbours to send! (at simulation time 669.000,000,000 s)
2025-06-06 16:07:53,897 INFO  - I have no neighbours to send! (at simulation time 669.000,000,000 s)
2025-06-06 16:07:53,897 INFO  - I have no neighbours to send! (at simulation time 669.000,000,000 s)
2025-06-06 16:07:53,897 INFO  - I have no neighbours to send! (at simulation time 669.000,000,000 s)
2025-06-06 16:07:53,897 INFO  - I have no neighbours to send! (at simulation time 669.000,000,000 s)
2025-06-06 16:07:53,897 INFO  - I have no neighbours to send! (at simulation time 669.000,000,000 s)
2025-06-06 16:07:53,897 INFO  - I have no neighbours to send! (at simulation time 669.000,000,000 s)
2025-06-06 16:07:53,897 INFO  - I have no neighbours to send! (at simulation time 669.000,000,000 s)
2025-06-06 16:07:53,897 INFO  - I have no neighbours to send! (at simulation time 669.000,000,000 s)
2025-06-06 16:07:53,897 INFO  - I have no neighbours to send! (at simulation time 669.000,000,000 s)
2025-06-06 16:07:53,897 INFO  - I have no neighbours to send! (at simulation time 669.000,000,000 s)
2025-06-06 16:07:53,897 INFO  - I have no neighbours to send! (at simulation time 669.000,000,000 s)
2025-06-06 16:07:53,897 INFO  - I have no neighbours to send! (at simulation time 669.000,000,000 s)
2025-06-06 16:07:53,897 INFO  - I have no neighbours to send! (at simulation time 669.000,000,000 s)
2025-06-06 16:07:53,897 INFO  - I have no neighbours to send! (at simulation time 669.000,000,000 s)
2025-06-06 16:07:53,897 INFO  - I have no neighbours to send! (at simulation time 669.000,000,000 s)
2025-06-06 16:07:53,897 INFO  - I have no neighbours to send! (at simulation time 669.000,000,000 s)
2025-06-06 16:07:53,897 INFO  - I have no neighbours to send! (at simulation time 669.000,000,000 s)
2025-06-06 16:07:53,897 INFO  - I have no neighbours to send! (at simulation time 669.000,000,000 s)
2025-06-06 16:07:53,897 INFO  - I have no neighbours to send! (at simulation time 669.000,000,000 s)
2025-06-06 16:07:53,897 INFO  - I have no neighbours to send! (at simulation time 669.000,000,000 s)
2025-06-06 16:07:53,897 INFO  - I have no neighbours to send! (at simulation time 669.000,000,000 s)
2025-06-06 16:07:53,897 INFO  - I have no neighbours to send! (at simulation time 669.000,000,000 s)
2025-06-06 16:07:53,897 INFO  - I have no neighbours to send! (at simulation time 669.000,000,000 s)
2025-06-06 16:07:53,900 INFO  - I have no neighbours to send! (at simulation time 670.000,000,000 s)
2025-06-06 16:07:53,900 INFO  - I have no neighbours to send! (at simulation time 670.000,000,000 s)
2025-06-06 16:07:53,900 INFO  - I have no neighbours to send! (at simulation time 670.000,000,000 s)
2025-06-06 16:07:53,900 INFO  - I have no neighbours to send! (at simulation time 670.000,000,000 s)
2025-06-06 16:07:53,900 INFO  - I have no neighbours to send! (at simulation time 670.000,000,000 s)
2025-06-06 16:07:53,901 INFO  - I have no neighbours to send! (at simulation time 670.000,000,000 s)
2025-06-06 16:07:53,901 INFO  - I have no neighbours to send! (at simulation time 670.000,000,000 s)
2025-06-06 16:07:53,901 INFO  - I have no neighbours to send! (at simulation time 670.000,000,000 s)
2025-06-06 16:07:53,901 INFO  - I have no neighbours to send! (at simulation time 670.000,000,000 s)
2025-06-06 16:07:53,901 INFO  - I have no neighbours to send! (at simulation time 670.000,000,000 s)
2025-06-06 16:07:53,901 INFO  - I have no neighbours to send! (at simulation time 670.000,000,000 s)
2025-06-06 16:07:53,901 INFO  - I have no neighbours to send! (at simulation time 670.000,000,000 s)
2025-06-06 16:07:53,901 INFO  - I have no neighbours to send! (at simulation time 670.000,000,000 s)
2025-06-06 16:07:53,901 INFO  - I have no neighbours to send! (at simulation time 670.000,000,000 s)
2025-06-06 16:07:53,901 INFO  - I have no neighbours to send! (at simulation time 670.000,000,000 s)
2025-06-06 16:07:53,901 INFO  - I have no neighbours to send! (at simulation time 670.000,000,000 s)
2025-06-06 16:07:53,901 INFO  - I have no neighbours to send! (at simulation time 670.000,000,000 s)
2025-06-06 16:07:53,901 INFO  - I have no neighbours to send! (at simulation time 670.000,000,000 s)
2025-06-06 16:07:53,904 INFO  - I have no neighbours to send! (at simulation time 670.000,000,000 s)
2025-06-06 16:07:53,904 INFO  - I have no neighbours to send! (at simulation time 670.000,000,000 s)
2025-06-06 16:07:53,904 INFO  - I have no neighbours to send! (at simulation time 670.000,000,000 s)
2025-06-06 16:07:53,904 INFO  - I have no neighbours to send! (at simulation time 670.000,000,000 s)
2025-06-06 16:07:53,904 INFO  - I have no neighbours to send! (at simulation time 670.000,000,000 s)
2025-06-06 16:07:53,904 INFO  - I have no neighbours to send! (at simulation time 670.000,000,000 s)
2025-06-06 16:07:53,904 INFO  - I have no neighbours to send! (at simulation time 670.000,000,000 s)
2025-06-06 16:07:53,904 INFO  - I have no neighbours to send! (at simulation time 670.000,000,000 s)
2025-06-06 16:07:53,904 INFO  - I have no neighbours to send! (at simulation time 670.000,000,000 s)
2025-06-06 16:07:53,904 INFO  - I have no neighbours to send! (at simulation time 670.000,000,000 s)
2025-06-06 16:07:53,904 INFO  - I have no neighbours to send! (at simulation time 670.000,000,000 s)
2025-06-06 16:07:53,905 INFO  - I have no neighbours to send! (at simulation time 670.000,000,000 s)
2025-06-06 16:07:53,905 INFO  - I have no neighbours to send! (at simulation time 670.000,000,000 s)
2025-06-06 16:07:53,905 INFO  - I have no neighbours to send! (at simulation time 670.000,000,000 s)
2025-06-06 16:07:53,905 INFO  - I have no neighbours to send! (at simulation time 670.000,000,000 s)
2025-06-06 16:07:53,905 INFO  - I have no neighbours to send! (at simulation time 670.000,000,000 s)
2025-06-06 16:07:53,905 INFO  - I have no neighbours to send! (at simulation time 670.000,000,000 s)
2025-06-06 16:07:53,905 INFO  - I have no neighbours to send! (at simulation time 670.000,000,000 s)
2025-06-06 16:07:53,905 INFO  - I have no neighbours to send! (at simulation time 670.000,000,000 s)
2025-06-06 16:07:53,905 INFO  - I have no neighbours to send! (at simulation time 670.000,000,000 s)
2025-06-06 16:07:53,905 INFO  - I have no neighbours to send! (at simulation time 670.000,000,000 s)
2025-06-06 16:07:53,905 INFO  - I have no neighbours to send! (at simulation time 670.000,000,000 s)
2025-06-06 16:07:53,905 INFO  - I have no neighbours to send! (at simulation time 670.000,000,000 s)
2025-06-06 16:07:53,905 INFO  - I have no neighbours to send! (at simulation time 670.000,000,000 s)
2025-06-06 16:07:53,905 INFO  - I have no neighbours to send! (at simulation time 670.000,000,000 s)
2025-06-06 16:07:53,905 INFO  - I have no neighbours to send! (at simulation time 670.000,000,000 s)
2025-06-06 16:07:53,905 INFO  - I have no neighbours to send! (at simulation time 670.000,000,000 s)
2025-06-06 16:07:53,905 INFO  - I have no neighbours to send! (at simulation time 670.000,000,000 s)
2025-06-06 16:07:53,905 INFO  - I have no neighbours to send! (at simulation time 670.000,000,000 s)
2025-06-06 16:07:53,905 INFO  - I have no neighbours to send! (at simulation time 670.000,000,000 s)
2025-06-06 16:07:53,905 INFO  - I have no neighbours to send! (at simulation time 670.000,000,000 s)
2025-06-06 16:07:53,906 INFO  - I have no neighbours to send! (at simulation time 670.000,000,000 s)
2025-06-06 16:07:53,906 INFO  - I have no neighbours to send! (at simulation time 670.000,000,000 s)
2025-06-06 16:07:53,906 INFO  - I have no neighbours to send! (at simulation time 670.000,000,000 s)
2025-06-06 16:07:53,906 INFO  - I have no neighbours to send! (at simulation time 670.000,000,000 s)
2025-06-06 16:07:53,906 INFO  - I have no neighbours to send! (at simulation time 670.000,000,000 s)
2025-06-06 16:07:53,906 INFO  - I have no neighbours to send! (at simulation time 670.000,000,000 s)
2025-06-06 16:07:53,906 INFO  - I have no neighbours to send! (at simulation time 670.000,000,000 s)
2025-06-06 16:07:53,906 INFO  - I have no neighbours to send! (at simulation time 670.000,000,000 s)
2025-06-06 16:07:53,906 INFO  - I have no neighbours to send! (at simulation time 670.000,000,000 s)
2025-06-06 16:07:53,906 INFO  - I have no neighbours to send! (at simulation time 670.000,000,000 s)
2025-06-06 16:07:53,906 INFO  - I have no neighbours to send! (at simulation time 670.000,000,000 s)
2025-06-06 16:07:53,906 INFO  - I have no neighbours to send! (at simulation time 670.000,000,000 s)
2025-06-06 16:07:53,906 INFO  - I have no neighbours to send! (at simulation time 670.000,000,000 s)
2025-06-06 16:07:53,906 INFO  - I have no neighbours to send! (at simulation time 670.000,000,000 s)
2025-06-06 16:07:53,906 INFO  - I have no neighbours to send! (at simulation time 670.000,000,000 s)
2025-06-06 16:07:53,906 INFO  - I have no neighbours to send! (at simulation time 670.000,000,000 s)
2025-06-06 16:07:53,906 INFO  - I have no neighbours to send! (at simulation time 670.000,000,000 s)
2025-06-06 16:07:53,906 INFO  - I have no neighbours to send! (at simulation time 670.000,000,000 s)
2025-06-06 16:07:53,906 INFO  - I have no neighbours to send! (at simulation time 670.000,000,000 s)
2025-06-06 16:07:53,906 INFO  - I have no neighbours to send! (at simulation time 670.000,000,000 s)
2025-06-06 16:07:53,906 INFO  - I have no neighbours to send! (at simulation time 670.000,000,000 s)
2025-06-06 16:07:53,906 INFO  - I have no neighbours to send! (at simulation time 670.000,000,000 s)
2025-06-06 16:07:53,906 INFO  - I have no neighbours to send! (at simulation time 670.000,000,000 s)
2025-06-06 16:07:53,906 INFO  - I have no neighbours to send! (at simulation time 670.000,000,000 s)
2025-06-06 16:07:53,906 INFO  - I have no neighbours to send! (at simulation time 670.000,000,000 s)
2025-06-06 16:07:53,906 INFO  - I have no neighbours to send! (at simulation time 670.000,000,000 s)
2025-06-06 16:07:53,906 INFO  - I have no neighbours to send! (at simulation time 670.000,000,000 s)
2025-06-06 16:07:53,906 INFO  - I have no neighbours to send! (at simulation time 670.000,000,000 s)
2025-06-06 16:07:53,906 INFO  - I have no neighbours to send! (at simulation time 670.000,000,000 s)
2025-06-06 16:07:53,906 INFO  - I have no neighbours to send! (at simulation time 670.000,000,000 s)
2025-06-06 16:07:53,906 INFO  - I have no neighbours to send! (at simulation time 670.000,000,000 s)
2025-06-06 16:07:53,906 INFO  - I have no neighbours to send! (at simulation time 670.000,000,000 s)
2025-06-06 16:07:53,906 INFO  - I have no neighbours to send! (at simulation time 670.000,000,000 s)
2025-06-06 16:07:53,906 INFO  - I have no neighbours to send! (at simulation time 670.000,000,000 s)
2025-06-06 16:07:53,906 INFO  - I have no neighbours to send! (at simulation time 670.000,000,000 s)
2025-06-06 16:07:53,906 INFO  - I have no neighbours to send! (at simulation time 670.000,000,000 s)
2025-06-06 16:07:53,906 INFO  - I have no neighbours to send! (at simulation time 670.000,000,000 s)
2025-06-06 16:07:53,906 INFO  - I have no neighbours to send! (at simulation time 670.000,000,000 s)
2025-06-06 16:07:53,906 INFO  - I have no neighbours to send! (at simulation time 670.000,000,000 s)
2025-06-06 16:07:53,906 INFO  - I have no neighbours to send! (at simulation time 670.000,000,000 s)
2025-06-06 16:07:53,907 INFO  - Received metrics from FogNode: avgR0=1.328358208955224, avgR1=2.08955223880597 (at simulation time 670.001,300,000 s)
2025-06-06 16:07:53,908 INFO  - I have no neighbours to send! (at simulation time 671.000,000,000 s)
2025-06-06 16:07:53,908 INFO  - I have no neighbours to send! (at simulation time 671.000,000,000 s)
2025-06-06 16:07:53,908 INFO  - I have no neighbours to send! (at simulation time 671.000,000,000 s)
2025-06-06 16:07:53,908 INFO  - I have no neighbours to send! (at simulation time 671.000,000,000 s)
2025-06-06 16:07:53,908 INFO  - I have no neighbours to send! (at simulation time 671.000,000,000 s)
2025-06-06 16:07:53,908 INFO  - I have no neighbours to send! (at simulation time 671.000,000,000 s)
2025-06-06 16:07:53,908 INFO  - I have no neighbours to send! (at simulation time 671.000,000,000 s)
2025-06-06 16:07:53,908 INFO  - I have no neighbours to send! (at simulation time 671.000,000,000 s)
2025-06-06 16:07:53,908 INFO  - I have no neighbours to send! (at simulation time 671.000,000,000 s)
2025-06-06 16:07:53,908 INFO  - I have no neighbours to send! (at simulation time 671.000,000,000 s)
2025-06-06 16:07:53,908 INFO  - I have no neighbours to send! (at simulation time 671.000,000,000 s)
2025-06-06 16:07:53,909 INFO  - I have no neighbours to send! (at simulation time 671.000,000,000 s)
2025-06-06 16:07:53,909 INFO  - I have no neighbours to send! (at simulation time 671.000,000,000 s)
2025-06-06 16:07:53,909 INFO  - I have no neighbours to send! (at simulation time 671.000,000,000 s)
2025-06-06 16:07:53,909 INFO  - I have no neighbours to send! (at simulation time 671.000,000,000 s)
2025-06-06 16:07:53,909 INFO  - I have no neighbours to send! (at simulation time 671.000,000,000 s)
2025-06-06 16:07:53,909 INFO  - I have no neighbours to send! (at simulation time 671.000,000,000 s)
2025-06-06 16:07:53,909 INFO  - I have no neighbours to send! (at simulation time 671.000,000,000 s)
2025-06-06 16:07:53,909 INFO  - I have no neighbours to send! (at simulation time 671.000,000,000 s)
2025-06-06 16:07:53,909 INFO  - I have no neighbours to send! (at simulation time 671.000,000,000 s)
2025-06-06 16:07:53,909 INFO  - I have no neighbours to send! (at simulation time 671.000,000,000 s)
2025-06-06 16:07:53,909 INFO  - I have no neighbours to send! (at simulation time 671.000,000,000 s)
2025-06-06 16:07:53,909 INFO  - I have no neighbours to send! (at simulation time 671.000,000,000 s)
2025-06-06 16:07:53,909 INFO  - I have no neighbours to send! (at simulation time 671.000,000,000 s)
2025-06-06 16:07:53,909 INFO  - I have no neighbours to send! (at simulation time 671.000,000,000 s)
2025-06-06 16:07:53,909 INFO  - I have no neighbours to send! (at simulation time 671.000,000,000 s)
2025-06-06 16:07:53,909 INFO  - I have no neighbours to send! (at simulation time 671.000,000,000 s)
2025-06-06 16:07:53,909 INFO  - I have no neighbours to send! (at simulation time 671.000,000,000 s)
2025-06-06 16:07:53,909 INFO  - I have no neighbours to send! (at simulation time 671.000,000,000 s)
2025-06-06 16:07:53,909 INFO  - I have no neighbours to send! (at simulation time 671.000,000,000 s)
2025-06-06 16:07:53,909 INFO  - I have no neighbours to send! (at simulation time 671.000,000,000 s)
2025-06-06 16:07:53,909 INFO  - I have no neighbours to send! (at simulation time 671.000,000,000 s)
2025-06-06 16:07:53,909 INFO  - I have no neighbours to send! (at simulation time 671.000,000,000 s)
2025-06-06 16:07:53,909 INFO  - I have no neighbours to send! (at simulation time 671.000,000,000 s)
2025-06-06 16:07:53,910 INFO  - I have no neighbours to send! (at simulation time 671.000,000,000 s)
2025-06-06 16:07:53,910 INFO  - I have no neighbours to send! (at simulation time 671.000,000,000 s)
2025-06-06 16:07:53,910 INFO  - I have no neighbours to send! (at simulation time 671.000,000,000 s)
2025-06-06 16:07:53,910 INFO  - I have no neighbours to send! (at simulation time 671.000,000,000 s)
2025-06-06 16:07:53,910 INFO  - I have no neighbours to send! (at simulation time 671.000,000,000 s)
2025-06-06 16:07:53,910 INFO  - I have no neighbours to send! (at simulation time 671.000,000,000 s)
2025-06-06 16:07:53,910 INFO  - I have no neighbours to send! (at simulation time 671.000,000,000 s)
2025-06-06 16:07:53,910 INFO  - I have no neighbours to send! (at simulation time 671.000,000,000 s)
2025-06-06 16:07:53,910 INFO  - I have no neighbours to send! (at simulation time 671.000,000,000 s)
2025-06-06 16:07:53,910 INFO  - I have no neighbours to send! (at simulation time 671.000,000,000 s)
2025-06-06 16:07:53,910 INFO  - I have no neighbours to send! (at simulation time 671.000,000,000 s)
2025-06-06 16:07:53,910 INFO  - I have no neighbours to send! (at simulation time 671.000,000,000 s)
2025-06-06 16:07:53,910 INFO  - I have no neighbours to send! (at simulation time 671.000,000,000 s)
2025-06-06 16:07:53,910 INFO  - I have no neighbours to send! (at simulation time 671.000,000,000 s)
2025-06-06 16:07:53,910 INFO  - I have no neighbours to send! (at simulation time 671.000,000,000 s)
2025-06-06 16:07:53,910 INFO  - I have no neighbours to send! (at simulation time 671.000,000,000 s)
2025-06-06 16:07:53,910 INFO  - I have no neighbours to send! (at simulation time 671.000,000,000 s)
2025-06-06 16:07:53,910 INFO  - I have no neighbours to send! (at simulation time 671.000,000,000 s)
2025-06-06 16:07:53,910 INFO  - I have no neighbours to send! (at simulation time 671.000,000,000 s)
2025-06-06 16:07:53,910 INFO  - I have no neighbours to send! (at simulation time 671.000,000,000 s)
2025-06-06 16:07:53,910 INFO  - I have no neighbours to send! (at simulation time 671.000,000,000 s)
2025-06-06 16:07:53,910 INFO  - I have no neighbours to send! (at simulation time 671.000,000,000 s)
2025-06-06 16:07:53,910 INFO  - I have no neighbours to send! (at simulation time 671.000,000,000 s)
2025-06-06 16:07:53,910 INFO  - I have no neighbours to send! (at simulation time 671.000,000,000 s)
2025-06-06 16:07:53,910 INFO  - I have no neighbours to send! (at simulation time 671.000,000,000 s)
2025-06-06 16:07:53,910 INFO  - I have no neighbours to send! (at simulation time 671.000,000,000 s)
2025-06-06 16:07:53,910 INFO  - I have no neighbours to send! (at simulation time 671.000,000,000 s)
2025-06-06 16:07:53,910 INFO  - I have no neighbours to send! (at simulation time 671.000,000,000 s)
2025-06-06 16:07:53,910 INFO  - I have no neighbours to send! (at simulation time 671.000,000,000 s)
2025-06-06 16:07:53,910 INFO  - I have no neighbours to send! (at simulation time 671.000,000,000 s)
2025-06-06 16:07:53,910 INFO  - I have no neighbours to send! (at simulation time 671.000,000,000 s)
2025-06-06 16:07:53,910 INFO  - I have no neighbours to send! (at simulation time 671.000,000,000 s)
2025-06-06 16:07:53,910 INFO  - I have no neighbours to send! (at simulation time 671.000,000,000 s)
2025-06-06 16:07:53,910 INFO  - I have no neighbours to send! (at simulation time 671.000,000,000 s)
2025-06-06 16:07:53,910 INFO  - I have no neighbours to send! (at simulation time 671.000,000,000 s)
2025-06-06 16:07:53,910 INFO  - I have no neighbours to send! (at simulation time 671.000,000,000 s)
2025-06-06 16:07:53,910 INFO  - I have no neighbours to send! (at simulation time 671.000,000,000 s)
2025-06-06 16:07:53,910 INFO  - I have no neighbours to send! (at simulation time 671.000,000,000 s)
2025-06-06 16:07:53,910 INFO  - I have no neighbours to send! (at simulation time 671.000,000,000 s)
2025-06-06 16:07:53,910 INFO  - I have no neighbours to send! (at simulation time 671.000,000,000 s)
2025-06-06 16:07:53,910 INFO  - I have no neighbours to send! (at simulation time 671.000,000,000 s)
2025-06-06 16:07:53,910 INFO  - I have no neighbours to send! (at simulation time 671.000,000,000 s)
2025-06-06 16:07:53,910 INFO  - I have no neighbours to send! (at simulation time 671.000,000,000 s)
2025-06-06 16:07:53,911 INFO  - I have no neighbours to send! (at simulation time 671.000,000,000 s)
2025-06-06 16:07:53,911 INFO  - I have no neighbours to send! (at simulation time 671.000,000,000 s)
2025-06-06 16:07:53,911 INFO  - I have no neighbours to send! (at simulation time 671.000,000,000 s)
2025-06-06 16:07:53,911 INFO  - I have no neighbours to send! (at simulation time 671.000,000,000 s)
2025-06-06 16:07:53,911 INFO  - I have no neighbours to send! (at simulation time 671.000,000,000 s)
2025-06-06 16:07:53,911 INFO  - I have no neighbours to send! (at simulation time 671.000,000,000 s)
2025-06-06 16:07:53,911 INFO  - I have no neighbours to send! (at simulation time 671.000,000,000 s)
2025-06-06 16:07:53,911 INFO  - I have no neighbours to send! (at simulation time 671.000,000,000 s)
2025-06-06 16:07:53,911 INFO  - I have no neighbours to send! (at simulation time 671.000,000,000 s)
2025-06-06 16:07:53,911 INFO  - I have no neighbours to send! (at simulation time 671.000,000,000 s)
2025-06-06 16:07:53,911 INFO  - I have no neighbours to send! (at simulation time 671.000,000,000 s)
2025-06-06 16:07:53,911 INFO  - I have no neighbours to send! (at simulation time 671.000,000,000 s)
2025-06-06 16:07:53,911 INFO  - I have no neighbours to send! (at simulation time 671.000,000,000 s)
2025-06-06 16:07:53,911 INFO  - Sent periodic GreenWaveMsg: veh_112 on route r_0 (at simulation time 672.000,000,000 s)
2025-06-06 16:07:53,911 INFO  - I have no neighbours to send! (at simulation time 672.000,000,000 s)
2025-06-06 16:07:53,912 INFO  - I have no neighbours to send! (at simulation time 672.000,000,000 s)
2025-06-06 16:07:53,912 INFO  - I have no neighbours to send! (at simulation time 672.000,000,000 s)
2025-06-06 16:07:53,912 INFO  - I have no neighbours to send! (at simulation time 672.000,000,000 s)
2025-06-06 16:07:53,912 INFO  - I have no neighbours to send! (at simulation time 672.000,000,000 s)
2025-06-06 16:07:53,912 INFO  - I have no neighbours to send! (at simulation time 672.000,000,000 s)
2025-06-06 16:07:53,912 INFO  - I have no neighbours to send! (at simulation time 672.000,000,000 s)
2025-06-06 16:07:53,912 INFO  - I have no neighbours to send! (at simulation time 672.000,000,000 s)
2025-06-06 16:07:53,912 INFO  - I have no neighbours to send! (at simulation time 672.000,000,000 s)
2025-06-06 16:07:53,912 INFO  - I have no neighbours to send! (at simulation time 672.000,000,000 s)
2025-06-06 16:07:53,912 INFO  - I have no neighbours to send! (at simulation time 672.000,000,000 s)
2025-06-06 16:07:53,912 INFO  - I have no neighbours to send! (at simulation time 672.000,000,000 s)
2025-06-06 16:07:53,912 INFO  - I have no neighbours to send! (at simulation time 672.000,000,000 s)
2025-06-06 16:07:53,912 INFO  - I have no neighbours to send! (at simulation time 672.000,000,000 s)
2025-06-06 16:07:53,912 INFO  - I have no neighbours to send! (at simulation time 672.000,000,000 s)
2025-06-06 16:07:53,912 INFO  - I have no neighbours to send! (at simulation time 672.000,000,000 s)
2025-06-06 16:07:53,912 INFO  - I have no neighbours to send! (at simulation time 672.000,000,000 s)
2025-06-06 16:07:53,912 INFO  - I have no neighbours to send! (at simulation time 672.000,000,000 s)
2025-06-06 16:07:53,912 INFO  - I have no neighbours to send! (at simulation time 672.000,000,000 s)
2025-06-06 16:07:53,912 INFO  - I have no neighbours to send! (at simulation time 672.000,000,000 s)
2025-06-06 16:07:53,913 INFO  - I have no neighbours to send! (at simulation time 672.000,000,000 s)
2025-06-06 16:07:53,913 INFO  - I have no neighbours to send! (at simulation time 672.000,000,000 s)
2025-06-06 16:07:53,913 INFO  - I have no neighbours to send! (at simulation time 672.000,000,000 s)
2025-06-06 16:07:53,913 INFO  - I have no neighbours to send! (at simulation time 672.000,000,000 s)
2025-06-06 16:07:53,913 INFO  - I have no neighbours to send! (at simulation time 672.000,000,000 s)
2025-06-06 16:07:53,913 INFO  - I have no neighbours to send! (at simulation time 672.000,000,000 s)
2025-06-06 16:07:53,913 INFO  - I have no neighbours to send! (at simulation time 672.000,000,000 s)
2025-06-06 16:07:53,913 INFO  - I have no neighbours to send! (at simulation time 672.000,000,000 s)
2025-06-06 16:07:53,913 INFO  - I have no neighbours to send! (at simulation time 672.000,000,000 s)
2025-06-06 16:07:53,913 INFO  - I have no neighbours to send! (at simulation time 672.000,000,000 s)
2025-06-06 16:07:53,913 INFO  - I have no neighbours to send! (at simulation time 672.000,000,000 s)
2025-06-06 16:07:53,913 INFO  - I have no neighbours to send! (at simulation time 672.000,000,000 s)
2025-06-06 16:07:53,913 INFO  - I have no neighbours to send! (at simulation time 672.000,000,000 s)
2025-06-06 16:07:53,913 INFO  - I have no neighbours to send! (at simulation time 672.000,000,000 s)
2025-06-06 16:07:53,913 INFO  - I have no neighbours to send! (at simulation time 672.000,000,000 s)
2025-06-06 16:07:53,913 INFO  - I have no neighbours to send! (at simulation time 672.000,000,000 s)
2025-06-06 16:07:53,913 INFO  - I have no neighbours to send! (at simulation time 672.000,000,000 s)
2025-06-06 16:07:53,913 INFO  - I have no neighbours to send! (at simulation time 672.000,000,000 s)
2025-06-06 16:07:53,913 INFO  - I have no neighbours to send! (at simulation time 672.000,000,000 s)
2025-06-06 16:07:53,913 INFO  - I have no neighbours to send! (at simulation time 672.000,000,000 s)
2025-06-06 16:07:53,913 INFO  - I have no neighbours to send! (at simulation time 672.000,000,000 s)
2025-06-06 16:07:53,913 INFO  - I have no neighbours to send! (at simulation time 672.000,000,000 s)
2025-06-06 16:07:53,913 INFO  - I have no neighbours to send! (at simulation time 672.000,000,000 s)
2025-06-06 16:07:53,913 INFO  - I have no neighbours to send! (at simulation time 672.000,000,000 s)
2025-06-06 16:07:53,913 INFO  - I have no neighbours to send! (at simulation time 672.000,000,000 s)
2025-06-06 16:07:53,913 INFO  - I have no neighbours to send! (at simulation time 672.000,000,000 s)
2025-06-06 16:07:53,913 INFO  - I have no neighbours to send! (at simulation time 672.000,000,000 s)
2025-06-06 16:07:53,914 INFO  - I have no neighbours to send! (at simulation time 672.000,000,000 s)
2025-06-06 16:07:53,914 INFO  - I have no neighbours to send! (at simulation time 672.000,000,000 s)
2025-06-06 16:07:53,914 INFO  - I have no neighbours to send! (at simulation time 672.000,000,000 s)
2025-06-06 16:07:53,914 INFO  - I have no neighbours to send! (at simulation time 672.000,000,000 s)
2025-06-06 16:07:53,914 INFO  - I have no neighbours to send! (at simulation time 672.000,000,000 s)
2025-06-06 16:07:53,914 INFO  - I have no neighbours to send! (at simulation time 672.000,000,000 s)
2025-06-06 16:07:53,914 INFO  - I have no neighbours to send! (at simulation time 672.000,000,000 s)
2025-06-06 16:07:53,914 INFO  - I have no neighbours to send! (at simulation time 672.000,000,000 s)
2025-06-06 16:07:53,914 INFO  - I have no neighbours to send! (at simulation time 672.000,000,000 s)
2025-06-06 16:07:53,914 INFO  - I have no neighbours to send! (at simulation time 672.000,000,000 s)
2025-06-06 16:07:53,914 INFO  - I have no neighbours to send! (at simulation time 672.000,000,000 s)
2025-06-06 16:07:53,914 INFO  - I have no neighbours to send! (at simulation time 672.000,000,000 s)
2025-06-06 16:07:53,914 INFO  - I have no neighbours to send! (at simulation time 672.000,000,000 s)
2025-06-06 16:07:53,914 INFO  - I have no neighbours to send! (at simulation time 672.000,000,000 s)
2025-06-06 16:07:53,914 INFO  - I have no neighbours to send! (at simulation time 672.000,000,000 s)
2025-06-06 16:07:53,914 INFO  - I have no neighbours to send! (at simulation time 672.000,000,000 s)
2025-06-06 16:07:53,914 INFO  - I have no neighbours to send! (at simulation time 672.000,000,000 s)
2025-06-06 16:07:53,914 INFO  - I have no neighbours to send! (at simulation time 672.000,000,000 s)
2025-06-06 16:07:53,914 INFO  - I have no neighbours to send! (at simulation time 672.000,000,000 s)
2025-06-06 16:07:53,914 INFO  - I have no neighbours to send! (at simulation time 672.000,000,000 s)
2025-06-06 16:07:53,914 INFO  - I have no neighbours to send! (at simulation time 672.000,000,000 s)
2025-06-06 16:07:53,914 INFO  - I have no neighbours to send! (at simulation time 672.000,000,000 s)
2025-06-06 16:07:53,914 INFO  - I have no neighbours to send! (at simulation time 672.000,000,000 s)
2025-06-06 16:07:53,914 INFO  - I have no neighbours to send! (at simulation time 672.000,000,000 s)
2025-06-06 16:07:53,914 INFO  - I have no neighbours to send! (at simulation time 672.000,000,000 s)
2025-06-06 16:07:53,914 INFO  - I have no neighbours to send! (at simulation time 672.000,000,000 s)
2025-06-06 16:07:53,914 INFO  - I have no neighbours to send! (at simulation time 672.000,000,000 s)
2025-06-06 16:07:53,914 INFO  - I have no neighbours to send! (at simulation time 672.000,000,000 s)
2025-06-06 16:07:53,914 INFO  - I have no neighbours to send! (at simulation time 672.000,000,000 s)
2025-06-06 16:07:53,914 INFO  - I have no neighbours to send! (at simulation time 672.000,000,000 s)
2025-06-06 16:07:53,914 INFO  - I have no neighbours to send! (at simulation time 672.000,000,000 s)
2025-06-06 16:07:53,914 INFO  - I have no neighbours to send! (at simulation time 672.000,000,000 s)
2025-06-06 16:07:53,914 INFO  - I have no neighbours to send! (at simulation time 672.000,000,000 s)
2025-06-06 16:07:53,914 INFO  - I have no neighbours to send! (at simulation time 672.000,000,000 s)
2025-06-06 16:07:53,914 INFO  - I have no neighbours to send! (at simulation time 672.000,000,000 s)
2025-06-06 16:07:53,914 INFO  - I have no neighbours to send! (at simulation time 672.000,000,000 s)
2025-06-06 16:07:53,914 INFO  - I have no neighbours to send! (at simulation time 672.000,000,000 s)
2025-06-06 16:07:53,914 INFO  - I have no neighbours to send! (at simulation time 672.000,000,000 s)
2025-06-06 16:07:53,914 INFO  - I have no neighbours to send! (at simulation time 672.000,000,000 s)
2025-06-06 16:07:53,914 INFO  - I have no neighbours to send! (at simulation time 672.000,000,000 s)
2025-06-06 16:07:53,914 INFO  - I have no neighbours to send! (at simulation time 672.000,000,000 s)
2025-06-06 16:07:53,914 INFO  - I have no neighbours to send! (at simulation time 672.000,000,000 s)
2025-06-06 16:07:53,914 INFO  - I have no neighbours to send! (at simulation time 672.000,000,000 s)
2025-06-06 16:07:53,914 INFO  - I have no neighbours to send! (at simulation time 672.000,000,000 s)
2025-06-06 16:07:53,915 INFO  - I have no neighbours to send! (at simulation time 673.000,000,000 s)
2025-06-06 16:07:53,916 INFO  - I have no neighbours to send! (at simulation time 673.000,000,000 s)
2025-06-06 16:07:53,916 INFO  - I have no neighbours to send! (at simulation time 673.000,000,000 s)
2025-06-06 16:07:53,916 INFO  - I have no neighbours to send! (at simulation time 673.000,000,000 s)
2025-06-06 16:07:53,916 INFO  - I have no neighbours to send! (at simulation time 673.000,000,000 s)
2025-06-06 16:07:53,916 INFO  - I have no neighbours to send! (at simulation time 673.000,000,000 s)
2025-06-06 16:07:53,916 INFO  - I have no neighbours to send! (at simulation time 673.000,000,000 s)
2025-06-06 16:07:53,916 INFO  - I have no neighbours to send! (at simulation time 673.000,000,000 s)
2025-06-06 16:07:53,916 INFO  - I have no neighbours to send! (at simulation time 673.000,000,000 s)
2025-06-06 16:07:53,916 INFO  - I have no neighbours to send! (at simulation time 673.000,000,000 s)
2025-06-06 16:07:53,916 INFO  - I have no neighbours to send! (at simulation time 673.000,000,000 s)
2025-06-06 16:07:53,916 INFO  - I have no neighbours to send! (at simulation time 673.000,000,000 s)
2025-06-06 16:07:53,916 INFO  - I have no neighbours to send! (at simulation time 673.000,000,000 s)
2025-06-06 16:07:53,916 INFO  - I have no neighbours to send! (at simulation time 673.000,000,000 s)
2025-06-06 16:07:53,916 INFO  - I have no neighbours to send! (at simulation time 673.000,000,000 s)
2025-06-06 16:07:53,916 INFO  - I have no neighbours to send! (at simulation time 673.000,000,000 s)
2025-06-06 16:07:53,916 INFO  - I have no neighbours to send! (at simulation time 673.000,000,000 s)
2025-06-06 16:07:53,916 INFO  - I have no neighbours to send! (at simulation time 673.000,000,000 s)
2025-06-06 16:07:53,916 INFO  - I have no neighbours to send! (at simulation time 673.000,000,000 s)
2025-06-06 16:07:53,916 INFO  - I have no neighbours to send! (at simulation time 673.000,000,000 s)
2025-06-06 16:07:53,916 INFO  - I have no neighbours to send! (at simulation time 673.000,000,000 s)
2025-06-06 16:07:53,916 INFO  - I have no neighbours to send! (at simulation time 673.000,000,000 s)
2025-06-06 16:07:53,916 INFO  - I have no neighbours to send! (at simulation time 673.000,000,000 s)
2025-06-06 16:07:53,917 INFO  - I have no neighbours to send! (at simulation time 673.000,000,000 s)
2025-06-06 16:07:53,917 INFO  - I have no neighbours to send! (at simulation time 673.000,000,000 s)
2025-06-06 16:07:53,917 INFO  - I have no neighbours to send! (at simulation time 673.000,000,000 s)
2025-06-06 16:07:53,917 INFO  - I have no neighbours to send! (at simulation time 673.000,000,000 s)
2025-06-06 16:07:53,917 INFO  - I have no neighbours to send! (at simulation time 673.000,000,000 s)
2025-06-06 16:07:53,917 INFO  - I have no neighbours to send! (at simulation time 673.000,000,000 s)
2025-06-06 16:07:53,917 INFO  - I have no neighbours to send! (at simulation time 673.000,000,000 s)
2025-06-06 16:07:53,917 INFO  - I have no neighbours to send! (at simulation time 673.000,000,000 s)
2025-06-06 16:07:53,917 INFO  - I have no neighbours to send! (at simulation time 673.000,000,000 s)
2025-06-06 16:07:53,917 INFO  - I have no neighbours to send! (at simulation time 673.000,000,000 s)
2025-06-06 16:07:53,917 INFO  - I have no neighbours to send! (at simulation time 673.000,000,000 s)
2025-06-06 16:07:53,917 INFO  - I have no neighbours to send! (at simulation time 673.000,000,000 s)
2025-06-06 16:07:53,917 INFO  - I have no neighbours to send! (at simulation time 673.000,000,000 s)
2025-06-06 16:07:53,917 INFO  - I have no neighbours to send! (at simulation time 673.000,000,000 s)
2025-06-06 16:07:53,917 INFO  - I have no neighbours to send! (at simulation time 673.000,000,000 s)
2025-06-06 16:07:53,917 INFO  - I have no neighbours to send! (at simulation time 673.000,000,000 s)
2025-06-06 16:07:53,917 INFO  - I have no neighbours to send! (at simulation time 673.000,000,000 s)
2025-06-06 16:07:53,917 INFO  - I have no neighbours to send! (at simulation time 673.000,000,000 s)
2025-06-06 16:07:53,917 INFO  - I have no neighbours to send! (at simulation time 673.000,000,000 s)
2025-06-06 16:07:53,917 INFO  - I have no neighbours to send! (at simulation time 673.000,000,000 s)
2025-06-06 16:07:53,917 INFO  - I have no neighbours to send! (at simulation time 673.000,000,000 s)
2025-06-06 16:07:53,917 INFO  - I have no neighbours to send! (at simulation time 673.000,000,000 s)
2025-06-06 16:07:53,917 INFO  - I have no neighbours to send! (at simulation time 673.000,000,000 s)
2025-06-06 16:07:53,917 INFO  - I have no neighbours to send! (at simulation time 673.000,000,000 s)
2025-06-06 16:07:53,917 INFO  - I have no neighbours to send! (at simulation time 673.000,000,000 s)
2025-06-06 16:07:53,917 INFO  - I have no neighbours to send! (at simulation time 673.000,000,000 s)
2025-06-06 16:07:53,917 INFO  - I have no neighbours to send! (at simulation time 673.000,000,000 s)
2025-06-06 16:07:53,917 INFO  - I have no neighbours to send! (at simulation time 673.000,000,000 s)
2025-06-06 16:07:53,917 INFO  - I have no neighbours to send! (at simulation time 673.000,000,000 s)
2025-06-06 16:07:53,917 INFO  - I have no neighbours to send! (at simulation time 673.000,000,000 s)
2025-06-06 16:07:53,917 INFO  - I have no neighbours to send! (at simulation time 673.000,000,000 s)
2025-06-06 16:07:53,917 INFO  - I have no neighbours to send! (at simulation time 673.000,000,000 s)
2025-06-06 16:07:53,917 INFO  - I have no neighbours to send! (at simulation time 673.000,000,000 s)
2025-06-06 16:07:53,917 INFO  - I have no neighbours to send! (at simulation time 673.000,000,000 s)
2025-06-06 16:07:53,917 INFO  - I have no neighbours to send! (at simulation time 673.000,000,000 s)
2025-06-06 16:07:53,917 INFO  - I have no neighbours to send! (at simulation time 673.000,000,000 s)
2025-06-06 16:07:53,917 INFO  - I have no neighbours to send! (at simulation time 673.000,000,000 s)
2025-06-06 16:07:53,917 INFO  - I have no neighbours to send! (at simulation time 673.000,000,000 s)
2025-06-06 16:07:53,917 INFO  - I have no neighbours to send! (at simulation time 673.000,000,000 s)
2025-06-06 16:07:53,917 INFO  - I have no neighbours to send! (at simulation time 673.000,000,000 s)
2025-06-06 16:07:53,917 INFO  - I have no neighbours to send! (at simulation time 673.000,000,000 s)
2025-06-06 16:07:53,917 INFO  - I have no neighbours to send! (at simulation time 673.000,000,000 s)
2025-06-06 16:07:53,917 INFO  - I have no neighbours to send! (at simulation time 673.000,000,000 s)
2025-06-06 16:07:53,917 INFO  - I have no neighbours to send! (at simulation time 673.000,000,000 s)
2025-06-06 16:07:53,917 INFO  - I have no neighbours to send! (at simulation time 673.000,000,000 s)
2025-06-06 16:07:53,918 INFO  - I have no neighbours to send! (at simulation time 673.000,000,000 s)
2025-06-06 16:07:53,918 INFO  - I have no neighbours to send! (at simulation time 673.000,000,000 s)
2025-06-06 16:07:53,918 INFO  - I have no neighbours to send! (at simulation time 673.000,000,000 s)
2025-06-06 16:07:53,918 INFO  - I have no neighbours to send! (at simulation time 673.000,000,000 s)
2025-06-06 16:07:53,918 INFO  - I have no neighbours to send! (at simulation time 673.000,000,000 s)
2025-06-06 16:07:53,918 INFO  - I have no neighbours to send! (at simulation time 673.000,000,000 s)
2025-06-06 16:07:53,918 INFO  - I have no neighbours to send! (at simulation time 673.000,000,000 s)
2025-06-06 16:07:53,918 INFO  - I have no neighbours to send! (at simulation time 673.000,000,000 s)
2025-06-06 16:07:53,918 INFO  - I have no neighbours to send! (at simulation time 673.000,000,000 s)
2025-06-06 16:07:53,918 INFO  - I have no neighbours to send! (at simulation time 673.000,000,000 s)
2025-06-06 16:07:53,918 INFO  - I have no neighbours to send! (at simulation time 673.000,000,000 s)
2025-06-06 16:07:53,918 INFO  - I have no neighbours to send! (at simulation time 673.000,000,000 s)
2025-06-06 16:07:53,918 INFO  - I have no neighbours to send! (at simulation time 673.000,000,000 s)
2025-06-06 16:07:53,918 INFO  - I have no neighbours to send! (at simulation time 673.000,000,000 s)
2025-06-06 16:07:53,918 INFO  - I have no neighbours to send! (at simulation time 673.000,000,000 s)
2025-06-06 16:07:53,918 INFO  - I have no neighbours to send! (at simulation time 673.000,000,000 s)
2025-06-06 16:07:53,918 INFO  - I have no neighbours to send! (at simulation time 673.000,000,000 s)
2025-06-06 16:07:53,918 INFO  - I have no neighbours to send! (at simulation time 673.000,000,000 s)
2025-06-06 16:07:53,918 INFO  - I have no neighbours to send! (at simulation time 673.000,000,000 s)
2025-06-06 16:07:53,918 INFO  - I have no neighbours to send! (at simulation time 673.000,000,000 s)
2025-06-06 16:07:53,918 INFO  - I have no neighbours to send! (at simulation time 673.000,000,000 s)
2025-06-06 16:07:53,918 INFO  - I have no neighbours to send! (at simulation time 673.000,000,000 s)
2025-06-06 16:07:53,918 INFO  - I have no neighbours to send! (at simulation time 673.000,000,000 s)
2025-06-06 16:07:53,918 INFO  - I have no neighbours to send! (at simulation time 673.000,000,000 s)
2025-06-06 16:07:53,919 INFO  - I have no neighbours to send! (at simulation time 674.000,000,000 s)
2025-06-06 16:07:53,919 INFO  - I have no neighbours to send! (at simulation time 674.000,000,000 s)
2025-06-06 16:07:53,919 INFO  - I have no neighbours to send! (at simulation time 674.000,000,000 s)
2025-06-06 16:07:53,919 INFO  - I have no neighbours to send! (at simulation time 674.000,000,000 s)
2025-06-06 16:07:53,919 INFO  - I have no neighbours to send! (at simulation time 674.000,000,000 s)
2025-06-06 16:07:53,919 INFO  - I have no neighbours to send! (at simulation time 674.000,000,000 s)
2025-06-06 16:07:53,919 INFO  - I have no neighbours to send! (at simulation time 674.000,000,000 s)
2025-06-06 16:07:53,919 INFO  - I have no neighbours to send! (at simulation time 674.000,000,000 s)
2025-06-06 16:07:53,919 INFO  - I have no neighbours to send! (at simulation time 674.000,000,000 s)
2025-06-06 16:07:53,919 INFO  - I have no neighbours to send! (at simulation time 674.000,000,000 s)
2025-06-06 16:07:53,919 INFO  - I have no neighbours to send! (at simulation time 674.000,000,000 s)
2025-06-06 16:07:53,919 INFO  - I have no neighbours to send! (at simulation time 674.000,000,000 s)
2025-06-06 16:07:53,919 INFO  - I have no neighbours to send! (at simulation time 674.000,000,000 s)
2025-06-06 16:07:53,919 INFO  - I have no neighbours to send! (at simulation time 674.000,000,000 s)
2025-06-06 16:07:53,919 INFO  - I have no neighbours to send! (at simulation time 674.000,000,000 s)
2025-06-06 16:07:53,919 INFO  - I have no neighbours to send! (at simulation time 674.000,000,000 s)
2025-06-06 16:07:53,919 INFO  - I have no neighbours to send! (at simulation time 674.000,000,000 s)
2025-06-06 16:07:53,920 INFO  - I have no neighbours to send! (at simulation time 674.000,000,000 s)
2025-06-06 16:07:53,920 INFO  - I have no neighbours to send! (at simulation time 674.000,000,000 s)
2025-06-06 16:07:53,920 INFO  - I have no neighbours to send! (at simulation time 674.000,000,000 s)
2025-06-06 16:07:53,920 INFO  - I have no neighbours to send! (at simulation time 674.000,000,000 s)
2025-06-06 16:07:53,920 INFO  - I have no neighbours to send! (at simulation time 674.000,000,000 s)
2025-06-06 16:07:53,920 INFO  - I have no neighbours to send! (at simulation time 674.000,000,000 s)
2025-06-06 16:07:53,920 INFO  - I have no neighbours to send! (at simulation time 674.000,000,000 s)
2025-06-06 16:07:53,920 INFO  - I have no neighbours to send! (at simulation time 674.000,000,000 s)
2025-06-06 16:07:53,920 INFO  - I have no neighbours to send! (at simulation time 674.000,000,000 s)
2025-06-06 16:07:53,920 INFO  - I have no neighbours to send! (at simulation time 674.000,000,000 s)
2025-06-06 16:07:53,920 INFO  - I have no neighbours to send! (at simulation time 674.000,000,000 s)
2025-06-06 16:07:53,920 INFO  - I have no neighbours to send! (at simulation time 674.000,000,000 s)
2025-06-06 16:07:53,920 INFO  - I have no neighbours to send! (at simulation time 674.000,000,000 s)
2025-06-06 16:07:53,920 INFO  - I have no neighbours to send! (at simulation time 674.000,000,000 s)
2025-06-06 16:07:53,920 INFO  - I have no neighbours to send! (at simulation time 674.000,000,000 s)
2025-06-06 16:07:53,920 INFO  - I have no neighbours to send! (at simulation time 674.000,000,000 s)
2025-06-06 16:07:53,920 INFO  - I have no neighbours to send! (at simulation time 674.000,000,000 s)
2025-06-06 16:07:53,920 INFO  - I have no neighbours to send! (at simulation time 674.000,000,000 s)
2025-06-06 16:07:53,920 INFO  - I have no neighbours to send! (at simulation time 674.000,000,000 s)
2025-06-06 16:07:53,920 INFO  - I have no neighbours to send! (at simulation time 674.000,000,000 s)
2025-06-06 16:07:53,920 INFO  - I have no neighbours to send! (at simulation time 674.000,000,000 s)
2025-06-06 16:07:53,920 INFO  - I have no neighbours to send! (at simulation time 674.000,000,000 s)
2025-06-06 16:07:53,920 INFO  - I have no neighbours to send! (at simulation time 674.000,000,000 s)
2025-06-06 16:07:53,920 INFO  - I have no neighbours to send! (at simulation time 674.000,000,000 s)
2025-06-06 16:07:53,920 INFO  - I have no neighbours to send! (at simulation time 674.000,000,000 s)
2025-06-06 16:07:53,920 INFO  - I have no neighbours to send! (at simulation time 674.000,000,000 s)
2025-06-06 16:07:53,920 INFO  - I have no neighbours to send! (at simulation time 674.000,000,000 s)
2025-06-06 16:07:53,920 INFO  - I have no neighbours to send! (at simulation time 674.000,000,000 s)
2025-06-06 16:07:53,920 INFO  - I have no neighbours to send! (at simulation time 674.000,000,000 s)
2025-06-06 16:07:53,920 INFO  - I have no neighbours to send! (at simulation time 674.000,000,000 s)
2025-06-06 16:07:53,920 INFO  - I have no neighbours to send! (at simulation time 674.000,000,000 s)
2025-06-06 16:07:53,920 INFO  - I have no neighbours to send! (at simulation time 674.000,000,000 s)
2025-06-06 16:07:53,920 INFO  - I have no neighbours to send! (at simulation time 674.000,000,000 s)
2025-06-06 16:07:53,920 INFO  - I have no neighbours to send! (at simulation time 674.000,000,000 s)
2025-06-06 16:07:53,920 INFO  - I have no neighbours to send! (at simulation time 674.000,000,000 s)
2025-06-06 16:07:53,920 INFO  - I have no neighbours to send! (at simulation time 674.000,000,000 s)
2025-06-06 16:07:53,921 INFO  - I have no neighbours to send! (at simulation time 674.000,000,000 s)
2025-06-06 16:07:53,921 INFO  - I have no neighbours to send! (at simulation time 674.000,000,000 s)
2025-06-06 16:07:53,921 INFO  - I have no neighbours to send! (at simulation time 674.000,000,000 s)
2025-06-06 16:07:53,921 INFO  - I have no neighbours to send! (at simulation time 674.000,000,000 s)
2025-06-06 16:07:53,921 INFO  - I have no neighbours to send! (at simulation time 674.000,000,000 s)
2025-06-06 16:07:53,921 INFO  - I have no neighbours to send! (at simulation time 674.000,000,000 s)
2025-06-06 16:07:53,921 INFO  - I have no neighbours to send! (at simulation time 674.000,000,000 s)
2025-06-06 16:07:53,921 INFO  - I have no neighbours to send! (at simulation time 674.000,000,000 s)
2025-06-06 16:07:53,921 INFO  - I have no neighbours to send! (at simulation time 674.000,000,000 s)
2025-06-06 16:07:53,921 INFO  - I have no neighbours to send! (at simulation time 674.000,000,000 s)
2025-06-06 16:07:53,921 INFO  - I have no neighbours to send! (at simulation time 674.000,000,000 s)
2025-06-06 16:07:53,921 INFO  - I have no neighbours to send! (at simulation time 674.000,000,000 s)
2025-06-06 16:07:53,921 INFO  - I have no neighbours to send! (at simulation time 674.000,000,000 s)
2025-06-06 16:07:53,921 INFO  - I have no neighbours to send! (at simulation time 674.000,000,000 s)
2025-06-06 16:07:53,921 INFO  - I have no neighbours to send! (at simulation time 674.000,000,000 s)
2025-06-06 16:07:53,921 INFO  - I have no neighbours to send! (at simulation time 674.000,000,000 s)
2025-06-06 16:07:53,921 INFO  - I have no neighbours to send! (at simulation time 674.000,000,000 s)
2025-06-06 16:07:53,921 INFO  - I have no neighbours to send! (at simulation time 674.000,000,000 s)
2025-06-06 16:07:53,921 INFO  - I have no neighbours to send! (at simulation time 674.000,000,000 s)
2025-06-06 16:07:53,921 INFO  - I have no neighbours to send! (at simulation time 674.000,000,000 s)
2025-06-06 16:07:53,921 INFO  - I have no neighbours to send! (at simulation time 674.000,000,000 s)
2025-06-06 16:07:53,921 INFO  - I have no neighbours to send! (at simulation time 674.000,000,000 s)
2025-06-06 16:07:53,921 INFO  - I have no neighbours to send! (at simulation time 674.000,000,000 s)
2025-06-06 16:07:53,921 INFO  - I have no neighbours to send! (at simulation time 674.000,000,000 s)
2025-06-06 16:07:53,921 INFO  - I have no neighbours to send! (at simulation time 674.000,000,000 s)
2025-06-06 16:07:53,921 INFO  - I have no neighbours to send! (at simulation time 674.000,000,000 s)
2025-06-06 16:07:53,921 INFO  - I have no neighbours to send! (at simulation time 674.000,000,000 s)
2025-06-06 16:07:53,921 INFO  - I have no neighbours to send! (at simulation time 674.000,000,000 s)
2025-06-06 16:07:53,921 INFO  - I have no neighbours to send! (at simulation time 674.000,000,000 s)
2025-06-06 16:07:53,921 INFO  - I have no neighbours to send! (at simulation time 674.000,000,000 s)
2025-06-06 16:07:53,921 INFO  - I have no neighbours to send! (at simulation time 674.000,000,000 s)
2025-06-06 16:07:53,921 INFO  - I have no neighbours to send! (at simulation time 674.000,000,000 s)
2025-06-06 16:07:53,921 INFO  - I have no neighbours to send! (at simulation time 674.000,000,000 s)
2025-06-06 16:07:53,921 INFO  - I have no neighbours to send! (at simulation time 674.000,000,000 s)
2025-06-06 16:07:53,921 INFO  - I have no neighbours to send! (at simulation time 674.000,000,000 s)
2025-06-06 16:07:53,921 INFO  - I have no neighbours to send! (at simulation time 674.000,000,000 s)
2025-06-06 16:07:53,921 INFO  - I have no neighbours to send! (at simulation time 674.000,000,000 s)
2025-06-06 16:07:53,921 INFO  - I have no neighbours to send! (at simulation time 674.000,000,000 s)
2025-06-06 16:07:53,921 INFO  - I have no neighbours to send! (at simulation time 674.000,000,000 s)
2025-06-06 16:07:53,921 INFO  - I have no neighbours to send! (at simulation time 674.000,000,000 s)
2025-06-06 16:07:53,926 INFO  - I have no neighbours to send! (at simulation time 675.000,000,000 s)
2025-06-06 16:07:53,926 INFO  - I have no neighbours to send! (at simulation time 675.000,000,000 s)
2025-06-06 16:07:53,926 INFO  - I have no neighbours to send! (at simulation time 675.000,000,000 s)
2025-06-06 16:07:53,926 INFO  - I have no neighbours to send! (at simulation time 675.000,000,000 s)
2025-06-06 16:07:53,926 INFO  - I have no neighbours to send! (at simulation time 675.000,000,000 s)
2025-06-06 16:07:53,926 INFO  - I have no neighbours to send! (at simulation time 675.000,000,000 s)
2025-06-06 16:07:53,926 INFO  - I have no neighbours to send! (at simulation time 675.000,000,000 s)
2025-06-06 16:07:53,926 INFO  - I have no neighbours to send! (at simulation time 675.000,000,000 s)
2025-06-06 16:07:53,926 INFO  - I have no neighbours to send! (at simulation time 675.000,000,000 s)
2025-06-06 16:07:53,926 INFO  - I have no neighbours to send! (at simulation time 675.000,000,000 s)
2025-06-06 16:07:53,926 INFO  - I have no neighbours to send! (at simulation time 675.000,000,000 s)
2025-06-06 16:07:53,926 INFO  - I have no neighbours to send! (at simulation time 675.000,000,000 s)
2025-06-06 16:07:53,927 INFO  - I have no neighbours to send! (at simulation time 675.000,000,000 s)
2025-06-06 16:07:53,927 INFO  - I have no neighbours to send! (at simulation time 675.000,000,000 s)
2025-06-06 16:07:53,927 INFO  - I have no neighbours to send! (at simulation time 675.000,000,000 s)
2025-06-06 16:07:53,927 INFO  - I have no neighbours to send! (at simulation time 675.000,000,000 s)
2025-06-06 16:07:53,927 INFO  - I have no neighbours to send! (at simulation time 675.000,000,000 s)
2025-06-06 16:07:53,927 INFO  - I have no neighbours to send! (at simulation time 675.000,000,000 s)
2025-06-06 16:07:53,927 INFO  - I have no neighbours to send! (at simulation time 675.000,000,000 s)
2025-06-06 16:07:53,927 INFO  - I have no neighbours to send! (at simulation time 675.000,000,000 s)
2025-06-06 16:07:53,927 INFO  - I have no neighbours to send! (at simulation time 675.000,000,000 s)
2025-06-06 16:07:53,927 INFO  - I have no neighbours to send! (at simulation time 675.000,000,000 s)
2025-06-06 16:07:53,927 INFO  - I have no neighbours to send! (at simulation time 675.000,000,000 s)
2025-06-06 16:07:53,927 INFO  - I have no neighbours to send! (at simulation time 675.000,000,000 s)
2025-06-06 16:07:53,927 INFO  - I have no neighbours to send! (at simulation time 675.000,000,000 s)
2025-06-06 16:07:53,927 INFO  - I have no neighbours to send! (at simulation time 675.000,000,000 s)
2025-06-06 16:07:53,927 INFO  - I have no neighbours to send! (at simulation time 675.000,000,000 s)
2025-06-06 16:07:53,927 INFO  - I have no neighbours to send! (at simulation time 675.000,000,000 s)
2025-06-06 16:07:53,927 INFO  - I have no neighbours to send! (at simulation time 675.000,000,000 s)
2025-06-06 16:07:53,927 INFO  - I have no neighbours to send! (at simulation time 675.000,000,000 s)
2025-06-06 16:07:53,927 INFO  - I have no neighbours to send! (at simulation time 675.000,000,000 s)
2025-06-06 16:07:53,927 INFO  - I have no neighbours to send! (at simulation time 675.000,000,000 s)
2025-06-06 16:07:53,927 INFO  - I have no neighbours to send! (at simulation time 675.000,000,000 s)
2025-06-06 16:07:53,927 INFO  - I have no neighbours to send! (at simulation time 675.000,000,000 s)
2025-06-06 16:07:53,927 INFO  - I have no neighbours to send! (at simulation time 675.000,000,000 s)
2025-06-06 16:07:53,927 INFO  - I have no neighbours to send! (at simulation time 675.000,000,000 s)
2025-06-06 16:07:53,927 INFO  - I have no neighbours to send! (at simulation time 675.000,000,000 s)
2025-06-06 16:07:53,927 INFO  - I have no neighbours to send! (at simulation time 675.000,000,000 s)
2025-06-06 16:07:53,927 INFO  - I have no neighbours to send! (at simulation time 675.000,000,000 s)
2025-06-06 16:07:53,927 INFO  - I have no neighbours to send! (at simulation time 675.000,000,000 s)
2025-06-06 16:07:53,927 INFO  - I have no neighbours to send! (at simulation time 675.000,000,000 s)
2025-06-06 16:07:53,928 INFO  - I have no neighbours to send! (at simulation time 675.000,000,000 s)
2025-06-06 16:07:53,928 INFO  - I have no neighbours to send! (at simulation time 675.000,000,000 s)
2025-06-06 16:07:53,928 INFO  - I have no neighbours to send! (at simulation time 675.000,000,000 s)
2025-06-06 16:07:53,928 INFO  - I have no neighbours to send! (at simulation time 675.000,000,000 s)
2025-06-06 16:07:53,928 INFO  - I have no neighbours to send! (at simulation time 675.000,000,000 s)
2025-06-06 16:07:53,928 INFO  - I have no neighbours to send! (at simulation time 675.000,000,000 s)
2025-06-06 16:07:53,928 INFO  - I have no neighbours to send! (at simulation time 675.000,000,000 s)
2025-06-06 16:07:53,928 INFO  - I have no neighbours to send! (at simulation time 675.000,000,000 s)
2025-06-06 16:07:53,928 INFO  - I have no neighbours to send! (at simulation time 675.000,000,000 s)
2025-06-06 16:07:53,928 INFO  - I have no neighbours to send! (at simulation time 675.000,000,000 s)
2025-06-06 16:07:53,928 INFO  - I have no neighbours to send! (at simulation time 675.000,000,000 s)
2025-06-06 16:07:53,928 INFO  - I have no neighbours to send! (at simulation time 675.000,000,000 s)
2025-06-06 16:07:53,928 INFO  - I have no neighbours to send! (at simulation time 675.000,000,000 s)
2025-06-06 16:07:53,928 INFO  - I have no neighbours to send! (at simulation time 675.000,000,000 s)
2025-06-06 16:07:53,928 INFO  - I have no neighbours to send! (at simulation time 675.000,000,000 s)
2025-06-06 16:07:53,928 INFO  - I have no neighbours to send! (at simulation time 675.000,000,000 s)
2025-06-06 16:07:53,928 INFO  - I have no neighbours to send! (at simulation time 675.000,000,000 s)
2025-06-06 16:07:53,928 INFO  - I have no neighbours to send! (at simulation time 675.000,000,000 s)
2025-06-06 16:07:53,928 INFO  - I have no neighbours to send! (at simulation time 675.000,000,000 s)
2025-06-06 16:07:53,928 INFO  - I have no neighbours to send! (at simulation time 675.000,000,000 s)
2025-06-06 16:07:53,928 INFO  - I have no neighbours to send! (at simulation time 675.000,000,000 s)
2025-06-06 16:07:53,928 INFO  - I have no neighbours to send! (at simulation time 675.000,000,000 s)
2025-06-06 16:07:53,928 INFO  - I have no neighbours to send! (at simulation time 675.000,000,000 s)
2025-06-06 16:07:53,928 INFO  - I have no neighbours to send! (at simulation time 675.000,000,000 s)
2025-06-06 16:07:53,928 INFO  - I have no neighbours to send! (at simulation time 675.000,000,000 s)
2025-06-06 16:07:53,928 INFO  - I have no neighbours to send! (at simulation time 675.000,000,000 s)
2025-06-06 16:07:53,928 INFO  - I have no neighbours to send! (at simulation time 675.000,000,000 s)
2025-06-06 16:07:53,928 INFO  - I have no neighbours to send! (at simulation time 675.000,000,000 s)
2025-06-06 16:07:53,928 INFO  - I have no neighbours to send! (at simulation time 675.000,000,000 s)
2025-06-06 16:07:53,928 INFO  - I have no neighbours to send! (at simulation time 675.000,000,000 s)
2025-06-06 16:07:53,928 INFO  - I have no neighbours to send! (at simulation time 675.000,000,000 s)
2025-06-06 16:07:53,928 INFO  - I have no neighbours to send! (at simulation time 675.000,000,000 s)
2025-06-06 16:07:53,928 INFO  - I have no neighbours to send! (at simulation time 675.000,000,000 s)
2025-06-06 16:07:53,928 INFO  - I have no neighbours to send! (at simulation time 675.000,000,000 s)
2025-06-06 16:07:53,928 INFO  - I have no neighbours to send! (at simulation time 675.000,000,000 s)
2025-06-06 16:07:53,928 INFO  - I have no neighbours to send! (at simulation time 675.000,000,000 s)
2025-06-06 16:07:53,928 INFO  - I have no neighbours to send! (at simulation time 675.000,000,000 s)
2025-06-06 16:07:53,928 INFO  - I have no neighbours to send! (at simulation time 675.000,000,000 s)
2025-06-06 16:07:53,928 INFO  - I have no neighbours to send! (at simulation time 675.000,000,000 s)
2025-06-06 16:07:53,928 INFO  - I have no neighbours to send! (at simulation time 675.000,000,000 s)
2025-06-06 16:07:53,928 INFO  - I have no neighbours to send! (at simulation time 675.000,000,000 s)
2025-06-06 16:07:53,928 INFO  - I have no neighbours to send! (at simulation time 675.000,000,000 s)
2025-06-06 16:07:53,928 INFO  - I have no neighbours to send! (at simulation time 675.000,000,000 s)
2025-06-06 16:07:53,928 INFO  - I have no neighbours to send! (at simulation time 675.000,000,000 s)
2025-06-06 16:07:53,928 INFO  - I have no neighbours to send! (at simulation time 675.000,000,000 s)
2025-06-06 16:07:53,928 INFO  - I have no neighbours to send! (at simulation time 675.000,000,000 s)
2025-06-06 16:07:53,928 INFO  - I have no neighbours to send! (at simulation time 675.000,000,000 s)
2025-06-06 16:07:53,928 INFO  - I have no neighbours to send! (at simulation time 675.000,000,000 s)
2025-06-06 16:07:53,928 INFO  - I have no neighbours to send! (at simulation time 675.000,000,000 s)
2025-06-06 16:07:53,928 INFO  - I have no neighbours to send! (at simulation time 675.000,000,000 s)
2025-06-06 16:07:53,928 INFO  - I have no neighbours to send! (at simulation time 675.000,000,000 s)
2025-06-06 16:07:53,928 INFO  - I have no neighbours to send! (at simulation time 675.000,000,000 s)
2025-06-06 16:07:53,928 INFO  - I have no neighbours to send! (at simulation time 675.000,000,000 s)
2025-06-06 16:07:53,929 INFO  - I have no neighbours to send! (at simulation time 676.000,000,000 s)
2025-06-06 16:07:53,929 INFO  - I have no neighbours to send! (at simulation time 676.000,000,000 s)
2025-06-06 16:07:53,929 INFO  - I have no neighbours to send! (at simulation time 676.000,000,000 s)
2025-06-06 16:07:53,929 INFO  - I have no neighbours to send! (at simulation time 676.000,000,000 s)
2025-06-06 16:07:53,929 INFO  - I have no neighbours to send! (at simulation time 676.000,000,000 s)
2025-06-06 16:07:53,929 INFO  - I have no neighbours to send! (at simulation time 676.000,000,000 s)
2025-06-06 16:07:53,929 INFO  - I have no neighbours to send! (at simulation time 676.000,000,000 s)
2025-06-06 16:07:53,929 INFO  - I have no neighbours to send! (at simulation time 676.000,000,000 s)
2025-06-06 16:07:53,929 INFO  - I have no neighbours to send! (at simulation time 676.000,000,000 s)
2025-06-06 16:07:53,929 INFO  - I have no neighbours to send! (at simulation time 676.000,000,000 s)
2025-06-06 16:07:53,929 INFO  - I have no neighbours to send! (at simulation time 676.000,000,000 s)
2025-06-06 16:07:53,930 INFO  - I have no neighbours to send! (at simulation time 676.000,000,000 s)
2025-06-06 16:07:53,930 INFO  - I have no neighbours to send! (at simulation time 676.000,000,000 s)
2025-06-06 16:07:53,930 INFO  - I have no neighbours to send! (at simulation time 676.000,000,000 s)
2025-06-06 16:07:53,930 INFO  - I have no neighbours to send! (at simulation time 676.000,000,000 s)
2025-06-06 16:07:53,930 INFO  - I have no neighbours to send! (at simulation time 676.000,000,000 s)
2025-06-06 16:07:53,930 INFO  - I have no neighbours to send! (at simulation time 676.000,000,000 s)
2025-06-06 16:07:53,930 INFO  - I have no neighbours to send! (at simulation time 676.000,000,000 s)
2025-06-06 16:07:53,930 INFO  - I have no neighbours to send! (at simulation time 676.000,000,000 s)
2025-06-06 16:07:53,930 INFO  - I have no neighbours to send! (at simulation time 676.000,000,000 s)
2025-06-06 16:07:53,930 INFO  - I have no neighbours to send! (at simulation time 676.000,000,000 s)
2025-06-06 16:07:53,930 INFO  - I have no neighbours to send! (at simulation time 676.000,000,000 s)
2025-06-06 16:07:53,930 INFO  - I have no neighbours to send! (at simulation time 676.000,000,000 s)
2025-06-06 16:07:53,930 INFO  - I have no neighbours to send! (at simulation time 676.000,000,000 s)
2025-06-06 16:07:53,930 INFO  - I have no neighbours to send! (at simulation time 676.000,000,000 s)
2025-06-06 16:07:53,930 INFO  - I have no neighbours to send! (at simulation time 676.000,000,000 s)
2025-06-06 16:07:53,930 INFO  - I have no neighbours to send! (at simulation time 676.000,000,000 s)
2025-06-06 16:07:53,930 INFO  - I have no neighbours to send! (at simulation time 676.000,000,000 s)
2025-06-06 16:07:53,930 INFO  - I have no neighbours to send! (at simulation time 676.000,000,000 s)
2025-06-06 16:07:53,930 INFO  - I have no neighbours to send! (at simulation time 676.000,000,000 s)
2025-06-06 16:07:53,930 INFO  - I have no neighbours to send! (at simulation time 676.000,000,000 s)
2025-06-06 16:07:53,930 INFO  - I have no neighbours to send! (at simulation time 676.000,000,000 s)
2025-06-06 16:07:53,930 INFO  - I have no neighbours to send! (at simulation time 676.000,000,000 s)
2025-06-06 16:07:53,930 INFO  - I have no neighbours to send! (at simulation time 676.000,000,000 s)
2025-06-06 16:07:53,930 INFO  - I have no neighbours to send! (at simulation time 676.000,000,000 s)
2025-06-06 16:07:53,930 INFO  - I have no neighbours to send! (at simulation time 676.000,000,000 s)
2025-06-06 16:07:53,930 INFO  - I have no neighbours to send! (at simulation time 676.000,000,000 s)
2025-06-06 16:07:53,930 INFO  - I have no neighbours to send! (at simulation time 676.000,000,000 s)
2025-06-06 16:07:53,930 INFO  - I have no neighbours to send! (at simulation time 676.000,000,000 s)
2025-06-06 16:07:53,931 INFO  - I have no neighbours to send! (at simulation time 676.000,000,000 s)
2025-06-06 16:07:53,931 INFO  - I have no neighbours to send! (at simulation time 676.000,000,000 s)
2025-06-06 16:07:53,931 INFO  - I have no neighbours to send! (at simulation time 676.000,000,000 s)
2025-06-06 16:07:53,931 INFO  - I have no neighbours to send! (at simulation time 676.000,000,000 s)
2025-06-06 16:07:53,931 INFO  - I have no neighbours to send! (at simulation time 676.000,000,000 s)
2025-06-06 16:07:53,931 INFO  - I have no neighbours to send! (at simulation time 676.000,000,000 s)
2025-06-06 16:07:53,931 INFO  - I have no neighbours to send! (at simulation time 676.000,000,000 s)
2025-06-06 16:07:53,931 INFO  - I have no neighbours to send! (at simulation time 676.000,000,000 s)
2025-06-06 16:07:53,931 INFO  - I have no neighbours to send! (at simulation time 676.000,000,000 s)
2025-06-06 16:07:53,931 INFO  - I have no neighbours to send! (at simulation time 676.000,000,000 s)
2025-06-06 16:07:53,931 INFO  - I have no neighbours to send! (at simulation time 676.000,000,000 s)
2025-06-06 16:07:53,931 INFO  - I have no neighbours to send! (at simulation time 676.000,000,000 s)
2025-06-06 16:07:53,931 INFO  - I have no neighbours to send! (at simulation time 676.000,000,000 s)
2025-06-06 16:07:53,931 INFO  - I have no neighbours to send! (at simulation time 676.000,000,000 s)
2025-06-06 16:07:53,931 INFO  - I have no neighbours to send! (at simulation time 676.000,000,000 s)
2025-06-06 16:07:53,931 INFO  - I have no neighbours to send! (at simulation time 676.000,000,000 s)
2025-06-06 16:07:53,931 INFO  - I have no neighbours to send! (at simulation time 676.000,000,000 s)
2025-06-06 16:07:53,931 INFO  - I have no neighbours to send! (at simulation time 676.000,000,000 s)
2025-06-06 16:07:53,931 INFO  - I have no neighbours to send! (at simulation time 676.000,000,000 s)
2025-06-06 16:07:53,931 INFO  - I have no neighbours to send! (at simulation time 676.000,000,000 s)
2025-06-06 16:07:53,931 INFO  - I have no neighbours to send! (at simulation time 676.000,000,000 s)
2025-06-06 16:07:53,931 INFO  - I have no neighbours to send! (at simulation time 676.000,000,000 s)
2025-06-06 16:07:53,931 INFO  - I have no neighbours to send! (at simulation time 676.000,000,000 s)
2025-06-06 16:07:53,931 INFO  - I have no neighbours to send! (at simulation time 676.000,000,000 s)
2025-06-06 16:07:53,931 INFO  - I have no neighbours to send! (at simulation time 676.000,000,000 s)
2025-06-06 16:07:53,931 INFO  - I have no neighbours to send! (at simulation time 676.000,000,000 s)
2025-06-06 16:07:53,931 INFO  - I have no neighbours to send! (at simulation time 676.000,000,000 s)
2025-06-06 16:07:53,931 INFO  - I have no neighbours to send! (at simulation time 676.000,000,000 s)
2025-06-06 16:07:53,931 INFO  - I have no neighbours to send! (at simulation time 676.000,000,000 s)
2025-06-06 16:07:53,931 INFO  - I have no neighbours to send! (at simulation time 676.000,000,000 s)
2025-06-06 16:07:53,931 INFO  - I have no neighbours to send! (at simulation time 676.000,000,000 s)
2025-06-06 16:07:53,931 INFO  - I have no neighbours to send! (at simulation time 676.000,000,000 s)
2025-06-06 16:07:53,931 INFO  - I have no neighbours to send! (at simulation time 676.000,000,000 s)
2025-06-06 16:07:53,931 INFO  - I have no neighbours to send! (at simulation time 676.000,000,000 s)
2025-06-06 16:07:53,931 INFO  - I have no neighbours to send! (at simulation time 676.000,000,000 s)
2025-06-06 16:07:53,931 INFO  - I have no neighbours to send! (at simulation time 676.000,000,000 s)
2025-06-06 16:07:53,931 INFO  - I have no neighbours to send! (at simulation time 676.000,000,000 s)
2025-06-06 16:07:53,931 INFO  - I have no neighbours to send! (at simulation time 676.000,000,000 s)
2025-06-06 16:07:53,931 INFO  - I have no neighbours to send! (at simulation time 676.000,000,000 s)
2025-06-06 16:07:53,931 INFO  - I have no neighbours to send! (at simulation time 676.000,000,000 s)
2025-06-06 16:07:53,931 INFO  - I have no neighbours to send! (at simulation time 676.000,000,000 s)
2025-06-06 16:07:53,931 INFO  - I have no neighbours to send! (at simulation time 676.000,000,000 s)
2025-06-06 16:07:53,931 INFO  - I have no neighbours to send! (at simulation time 676.000,000,000 s)
2025-06-06 16:07:53,931 INFO  - I have no neighbours to send! (at simulation time 676.000,000,000 s)
2025-06-06 16:07:53,931 INFO  - I have no neighbours to send! (at simulation time 676.000,000,000 s)
2025-06-06 16:07:53,931 INFO  - I have no neighbours to send! (at simulation time 676.000,000,000 s)
2025-06-06 16:07:53,931 INFO  - I have no neighbours to send! (at simulation time 676.000,000,000 s)
2025-06-06 16:07:53,931 INFO  - I have no neighbours to send! (at simulation time 676.000,000,000 s)
2025-06-06 16:07:53,931 INFO  - I have no neighbours to send! (at simulation time 676.000,000,000 s)
2025-06-06 16:07:53,931 INFO  - I have no neighbours to send! (at simulation time 676.000,000,000 s)
2025-06-06 16:07:53,931 INFO  - I have no neighbours to send! (at simulation time 676.000,000,000 s)
2025-06-06 16:07:53,931 INFO  - I have no neighbours to send! (at simulation time 676.000,000,000 s)
2025-06-06 16:07:53,931 INFO  - I have no neighbours to send! (at simulation time 676.000,000,000 s)
2025-06-06 16:07:53,931 INFO  - I have no neighbours to send! (at simulation time 676.000,000,000 s)
2025-06-06 16:07:53,931 INFO  - I have no neighbours to send! (at simulation time 676.000,000,000 s)
2025-06-06 16:07:53,931 INFO  - I have no neighbours to send! (at simulation time 676.000,000,000 s)
2025-06-06 16:07:53,932 INFO  - Sent periodic GreenWaveMsg: veh_112 on route r_0 (at simulation time 677.000,000,000 s)
2025-06-06 16:07:53,932 INFO  - I have no neighbours to send! (at simulation time 677.000,000,000 s)
2025-06-06 16:07:53,932 INFO  - I have no neighbours to send! (at simulation time 677.000,000,000 s)
2025-06-06 16:07:53,932 INFO  - I have no neighbours to send! (at simulation time 677.000,000,000 s)
2025-06-06 16:07:53,932 INFO  - I have no neighbours to send! (at simulation time 677.000,000,000 s)
2025-06-06 16:07:53,932 INFO  - I have no neighbours to send! (at simulation time 677.000,000,000 s)
2025-06-06 16:07:53,932 INFO  - I have no neighbours to send! (at simulation time 677.000,000,000 s)
2025-06-06 16:07:53,932 INFO  - I have no neighbours to send! (at simulation time 677.000,000,000 s)
2025-06-06 16:07:53,932 INFO  - I have no neighbours to send! (at simulation time 677.000,000,000 s)
2025-06-06 16:07:53,932 INFO  - I have no neighbours to send! (at simulation time 677.000,000,000 s)
2025-06-06 16:07:53,932 INFO  - I have no neighbours to send! (at simulation time 677.000,000,000 s)
2025-06-06 16:07:53,932 INFO  - I have no neighbours to send! (at simulation time 677.000,000,000 s)
2025-06-06 16:07:53,932 INFO  - I have no neighbours to send! (at simulation time 677.000,000,000 s)
2025-06-06 16:07:53,933 INFO  - I have no neighbours to send! (at simulation time 677.000,000,000 s)
2025-06-06 16:07:53,933 INFO  - I have no neighbours to send! (at simulation time 677.000,000,000 s)
2025-06-06 16:07:53,933 INFO  - I have no neighbours to send! (at simulation time 677.000,000,000 s)
2025-06-06 16:07:53,933 INFO  - I have no neighbours to send! (at simulation time 677.000,000,000 s)
2025-06-06 16:07:53,933 INFO  - I have no neighbours to send! (at simulation time 677.000,000,000 s)
2025-06-06 16:07:53,933 INFO  - I have no neighbours to send! (at simulation time 677.000,000,000 s)
2025-06-06 16:07:53,933 INFO  - I have no neighbours to send! (at simulation time 677.000,000,000 s)
2025-06-06 16:07:53,933 INFO  - I have no neighbours to send! (at simulation time 677.000,000,000 s)
2025-06-06 16:07:53,933 INFO  - I have no neighbours to send! (at simulation time 677.000,000,000 s)
2025-06-06 16:07:53,933 INFO  - I have no neighbours to send! (at simulation time 677.000,000,000 s)
2025-06-06 16:07:53,933 INFO  - I have no neighbours to send! (at simulation time 677.000,000,000 s)
2025-06-06 16:07:53,933 INFO  - I have no neighbours to send! (at simulation time 677.000,000,000 s)
2025-06-06 16:07:53,933 INFO  - I have no neighbours to send! (at simulation time 677.000,000,000 s)
2025-06-06 16:07:53,933 INFO  - I have no neighbours to send! (at simulation time 677.000,000,000 s)
2025-06-06 16:07:53,933 INFO  - I have no neighbours to send! (at simulation time 677.000,000,000 s)
2025-06-06 16:07:53,933 INFO  - I have no neighbours to send! (at simulation time 677.000,000,000 s)
2025-06-06 16:07:53,933 INFO  - I have no neighbours to send! (at simulation time 677.000,000,000 s)
2025-06-06 16:07:53,933 INFO  - I have no neighbours to send! (at simulation time 677.000,000,000 s)
2025-06-06 16:07:53,933 INFO  - I have no neighbours to send! (at simulation time 677.000,000,000 s)
2025-06-06 16:07:53,933 INFO  - I have no neighbours to send! (at simulation time 677.000,000,000 s)
2025-06-06 16:07:53,933 INFO  - I have no neighbours to send! (at simulation time 677.000,000,000 s)
2025-06-06 16:07:53,933 INFO  - I have no neighbours to send! (at simulation time 677.000,000,000 s)
2025-06-06 16:07:53,933 INFO  - I have no neighbours to send! (at simulation time 677.000,000,000 s)
2025-06-06 16:07:53,933 INFO  - I have no neighbours to send! (at simulation time 677.000,000,000 s)
2025-06-06 16:07:53,933 INFO  - I have no neighbours to send! (at simulation time 677.000,000,000 s)
2025-06-06 16:07:53,933 INFO  - I have no neighbours to send! (at simulation time 677.000,000,000 s)
2025-06-06 16:07:53,933 INFO  - I have no neighbours to send! (at simulation time 677.000,000,000 s)
2025-06-06 16:07:53,933 INFO  - I have no neighbours to send! (at simulation time 677.000,000,000 s)
2025-06-06 16:07:53,934 INFO  - I have no neighbours to send! (at simulation time 677.000,000,000 s)
2025-06-06 16:07:53,934 INFO  - I have no neighbours to send! (at simulation time 677.000,000,000 s)
2025-06-06 16:07:53,934 INFO  - I have no neighbours to send! (at simulation time 677.000,000,000 s)
2025-06-06 16:07:53,934 INFO  - I have no neighbours to send! (at simulation time 677.000,000,000 s)
2025-06-06 16:07:53,934 INFO  - I have no neighbours to send! (at simulation time 677.000,000,000 s)
2025-06-06 16:07:53,934 INFO  - I have no neighbours to send! (at simulation time 677.000,000,000 s)
2025-06-06 16:07:53,934 INFO  - I have no neighbours to send! (at simulation time 677.000,000,000 s)
2025-06-06 16:07:53,934 INFO  - I have no neighbours to send! (at simulation time 677.000,000,000 s)
2025-06-06 16:07:53,934 INFO  - I have no neighbours to send! (at simulation time 677.000,000,000 s)
2025-06-06 16:07:53,934 INFO  - I have no neighbours to send! (at simulation time 677.000,000,000 s)
2025-06-06 16:07:53,934 INFO  - I have no neighbours to send! (at simulation time 677.000,000,000 s)
2025-06-06 16:07:53,934 INFO  - I have no neighbours to send! (at simulation time 677.000,000,000 s)
2025-06-06 16:07:53,934 INFO  - I have no neighbours to send! (at simulation time 677.000,000,000 s)
2025-06-06 16:07:53,934 INFO  - I have no neighbours to send! (at simulation time 677.000,000,000 s)
2025-06-06 16:07:53,934 INFO  - I have no neighbours to send! (at simulation time 677.000,000,000 s)
2025-06-06 16:07:53,934 INFO  - I have no neighbours to send! (at simulation time 677.000,000,000 s)
2025-06-06 16:07:53,934 INFO  - I have no neighbours to send! (at simulation time 677.000,000,000 s)
2025-06-06 16:07:53,934 INFO  - I have no neighbours to send! (at simulation time 677.000,000,000 s)
2025-06-06 16:07:53,934 INFO  - I have no neighbours to send! (at simulation time 677.000,000,000 s)
2025-06-06 16:07:53,934 INFO  - I have no neighbours to send! (at simulation time 677.000,000,000 s)
2025-06-06 16:07:53,934 INFO  - I have no neighbours to send! (at simulation time 677.000,000,000 s)
2025-06-06 16:07:53,934 INFO  - I have no neighbours to send! (at simulation time 677.000,000,000 s)
2025-06-06 16:07:53,934 INFO  - I have no neighbours to send! (at simulation time 677.000,000,000 s)
2025-06-06 16:07:53,934 INFO  - I have no neighbours to send! (at simulation time 677.000,000,000 s)
2025-06-06 16:07:53,934 INFO  - I have no neighbours to send! (at simulation time 677.000,000,000 s)
2025-06-06 16:07:53,934 INFO  - I have no neighbours to send! (at simulation time 677.000,000,000 s)
2025-06-06 16:07:53,934 INFO  - I have no neighbours to send! (at simulation time 677.000,000,000 s)
2025-06-06 16:07:53,934 INFO  - I have no neighbours to send! (at simulation time 677.000,000,000 s)
2025-06-06 16:07:53,934 INFO  - I have no neighbours to send! (at simulation time 677.000,000,000 s)
2025-06-06 16:07:53,934 INFO  - I have no neighbours to send! (at simulation time 677.000,000,000 s)
2025-06-06 16:07:53,934 INFO  - I have no neighbours to send! (at simulation time 677.000,000,000 s)
2025-06-06 16:07:53,934 INFO  - I have no neighbours to send! (at simulation time 677.000,000,000 s)
2025-06-06 16:07:53,934 INFO  - I have no neighbours to send! (at simulation time 677.000,000,000 s)
2025-06-06 16:07:53,934 INFO  - I have no neighbours to send! (at simulation time 677.000,000,000 s)
2025-06-06 16:07:53,934 INFO  - I have no neighbours to send! (at simulation time 677.000,000,000 s)
2025-06-06 16:07:53,934 INFO  - I have no neighbours to send! (at simulation time 677.000,000,000 s)
2025-06-06 16:07:53,934 INFO  - I have no neighbours to send! (at simulation time 677.000,000,000 s)
2025-06-06 16:07:53,934 INFO  - I have no neighbours to send! (at simulation time 677.000,000,000 s)
2025-06-06 16:07:53,934 INFO  - I have no neighbours to send! (at simulation time 677.000,000,000 s)
2025-06-06 16:07:53,934 INFO  - I have no neighbours to send! (at simulation time 677.000,000,000 s)
2025-06-06 16:07:53,934 INFO  - I have no neighbours to send! (at simulation time 677.000,000,000 s)
2025-06-06 16:07:53,934 INFO  - I have no neighbours to send! (at simulation time 677.000,000,000 s)
2025-06-06 16:07:53,934 INFO  - I have no neighbours to send! (at simulation time 677.000,000,000 s)
2025-06-06 16:07:53,934 INFO  - I have no neighbours to send! (at simulation time 677.000,000,000 s)
2025-06-06 16:07:53,934 INFO  - I have no neighbours to send! (at simulation time 677.000,000,000 s)
2025-06-06 16:07:53,934 INFO  - I have no neighbours to send! (at simulation time 677.000,000,000 s)
2025-06-06 16:07:53,934 INFO  - I have no neighbours to send! (at simulation time 677.000,000,000 s)
2025-06-06 16:07:53,934 INFO  - I have no neighbours to send! (at simulation time 677.000,000,000 s)
2025-06-06 16:07:53,934 INFO  - I have no neighbours to send! (at simulation time 677.000,000,000 s)
2025-06-06 16:07:53,934 INFO  - I have no neighbours to send! (at simulation time 677.000,000,000 s)
2025-06-06 16:07:53,934 INFO  - I have no neighbours to send! (at simulation time 677.000,000,000 s)
2025-06-06 16:07:53,934 INFO  - I have no neighbours to send! (at simulation time 677.000,000,000 s)
2025-06-06 16:07:53,934 INFO  - I have no neighbours to send! (at simulation time 677.000,000,000 s)
2025-06-06 16:07:53,934 INFO  - I have no neighbours to send! (at simulation time 677.000,000,000 s)
2025-06-06 16:07:53,934 INFO  - I have no neighbours to send! (at simulation time 677.000,000,000 s)
2025-06-06 16:07:53,934 INFO  - I have no neighbours to send! (at simulation time 677.000,000,000 s)
2025-06-06 16:07:53,935 INFO  - I have no neighbours to send! (at simulation time 678.000,000,000 s)
2025-06-06 16:07:53,935 INFO  - I have no neighbours to send! (at simulation time 678.000,000,000 s)
2025-06-06 16:07:53,935 INFO  - I have no neighbours to send! (at simulation time 678.000,000,000 s)
2025-06-06 16:07:53,935 INFO  - I have no neighbours to send! (at simulation time 678.000,000,000 s)
2025-06-06 16:07:53,935 INFO  - I have no neighbours to send! (at simulation time 678.000,000,000 s)
2025-06-06 16:07:53,935 INFO  - I have no neighbours to send! (at simulation time 678.000,000,000 s)
2025-06-06 16:07:53,935 INFO  - I have no neighbours to send! (at simulation time 678.000,000,000 s)
2025-06-06 16:07:53,935 INFO  - I have no neighbours to send! (at simulation time 678.000,000,000 s)
2025-06-06 16:07:53,935 INFO  - I have no neighbours to send! (at simulation time 678.000,000,000 s)
2025-06-06 16:07:53,935 INFO  - I have no neighbours to send! (at simulation time 678.000,000,000 s)
2025-06-06 16:07:53,935 INFO  - I have no neighbours to send! (at simulation time 678.000,000,000 s)
2025-06-06 16:07:53,935 INFO  - I have no neighbours to send! (at simulation time 678.000,000,000 s)
2025-06-06 16:07:53,936 INFO  - I have no neighbours to send! (at simulation time 678.000,000,000 s)
2025-06-06 16:07:53,936 INFO  - I have no neighbours to send! (at simulation time 678.000,000,000 s)
2025-06-06 16:07:53,936 INFO  - I have no neighbours to send! (at simulation time 678.000,000,000 s)
2025-06-06 16:07:53,936 INFO  - I have no neighbours to send! (at simulation time 678.000,000,000 s)
2025-06-06 16:07:53,936 INFO  - I have no neighbours to send! (at simulation time 678.000,000,000 s)
2025-06-06 16:07:53,936 INFO  - I have no neighbours to send! (at simulation time 678.000,000,000 s)
2025-06-06 16:07:53,936 INFO  - I have no neighbours to send! (at simulation time 678.000,000,000 s)
2025-06-06 16:07:53,936 INFO  - I have no neighbours to send! (at simulation time 678.000,000,000 s)
2025-06-06 16:07:53,936 INFO  - I have no neighbours to send! (at simulation time 678.000,000,000 s)
2025-06-06 16:07:53,936 INFO  - I have no neighbours to send! (at simulation time 678.000,000,000 s)
2025-06-06 16:07:53,936 INFO  - I have no neighbours to send! (at simulation time 678.000,000,000 s)
2025-06-06 16:07:53,936 INFO  - I have no neighbours to send! (at simulation time 678.000,000,000 s)
2025-06-06 16:07:53,936 INFO  - I have no neighbours to send! (at simulation time 678.000,000,000 s)
2025-06-06 16:07:53,936 INFO  - I have no neighbours to send! (at simulation time 678.000,000,000 s)
2025-06-06 16:07:53,936 INFO  - I have no neighbours to send! (at simulation time 678.000,000,000 s)
2025-06-06 16:07:53,936 INFO  - I have no neighbours to send! (at simulation time 678.000,000,000 s)
2025-06-06 16:07:53,936 INFO  - I have no neighbours to send! (at simulation time 678.000,000,000 s)
2025-06-06 16:07:53,936 INFO  - I have no neighbours to send! (at simulation time 678.000,000,000 s)
2025-06-06 16:07:53,936 INFO  - I have no neighbours to send! (at simulation time 678.000,000,000 s)
2025-06-06 16:07:53,936 INFO  - I have no neighbours to send! (at simulation time 678.000,000,000 s)
2025-06-06 16:07:53,936 INFO  - I have no neighbours to send! (at simulation time 678.000,000,000 s)
2025-06-06 16:07:53,936 INFO  - I have no neighbours to send! (at simulation time 678.000,000,000 s)
2025-06-06 16:07:53,936 INFO  - I have no neighbours to send! (at simulation time 678.000,000,000 s)
2025-06-06 16:07:53,936 INFO  - I have no neighbours to send! (at simulation time 678.000,000,000 s)
2025-06-06 16:07:53,936 INFO  - I have no neighbours to send! (at simulation time 678.000,000,000 s)
2025-06-06 16:07:53,936 INFO  - I have no neighbours to send! (at simulation time 678.000,000,000 s)
2025-06-06 16:07:53,936 INFO  - I have no neighbours to send! (at simulation time 678.000,000,000 s)
2025-06-06 16:07:53,937 INFO  - I have no neighbours to send! (at simulation time 678.000,000,000 s)
2025-06-06 16:07:53,937 INFO  - I have no neighbours to send! (at simulation time 678.000,000,000 s)
2025-06-06 16:07:53,937 INFO  - I have no neighbours to send! (at simulation time 678.000,000,000 s)
2025-06-06 16:07:53,937 INFO  - I have no neighbours to send! (at simulation time 678.000,000,000 s)
2025-06-06 16:07:53,937 INFO  - I have no neighbours to send! (at simulation time 678.000,000,000 s)
2025-06-06 16:07:53,937 INFO  - I have no neighbours to send! (at simulation time 678.000,000,000 s)
2025-06-06 16:07:53,937 INFO  - I have no neighbours to send! (at simulation time 678.000,000,000 s)
2025-06-06 16:07:53,937 INFO  - I have no neighbours to send! (at simulation time 678.000,000,000 s)
2025-06-06 16:07:53,937 INFO  - I have no neighbours to send! (at simulation time 678.000,000,000 s)
2025-06-06 16:07:53,937 INFO  - I have no neighbours to send! (at simulation time 678.000,000,000 s)
2025-06-06 16:07:53,937 INFO  - I have no neighbours to send! (at simulation time 678.000,000,000 s)
2025-06-06 16:07:53,937 INFO  - I have no neighbours to send! (at simulation time 678.000,000,000 s)
2025-06-06 16:07:53,937 INFO  - I have no neighbours to send! (at simulation time 678.000,000,000 s)
2025-06-06 16:07:53,937 INFO  - I have no neighbours to send! (at simulation time 678.000,000,000 s)
2025-06-06 16:07:53,937 INFO  - I have no neighbours to send! (at simulation time 678.000,000,000 s)
2025-06-06 16:07:53,937 INFO  - I have no neighbours to send! (at simulation time 678.000,000,000 s)
2025-06-06 16:07:53,937 INFO  - I have no neighbours to send! (at simulation time 678.000,000,000 s)
2025-06-06 16:07:53,937 INFO  - I have no neighbours to send! (at simulation time 678.000,000,000 s)
2025-06-06 16:07:53,937 INFO  - I have no neighbours to send! (at simulation time 678.000,000,000 s)
2025-06-06 16:07:53,937 INFO  - I have no neighbours to send! (at simulation time 678.000,000,000 s)
2025-06-06 16:07:53,937 INFO  - I have no neighbours to send! (at simulation time 678.000,000,000 s)
2025-06-06 16:07:53,937 INFO  - I have no neighbours to send! (at simulation time 678.000,000,000 s)
2025-06-06 16:07:53,937 INFO  - I have no neighbours to send! (at simulation time 678.000,000,000 s)
2025-06-06 16:07:53,937 INFO  - I have no neighbours to send! (at simulation time 678.000,000,000 s)
2025-06-06 16:07:53,937 INFO  - I have no neighbours to send! (at simulation time 678.000,000,000 s)
2025-06-06 16:07:53,937 INFO  - I have no neighbours to send! (at simulation time 678.000,000,000 s)
2025-06-06 16:07:53,937 INFO  - I have no neighbours to send! (at simulation time 678.000,000,000 s)
2025-06-06 16:07:53,937 INFO  - I have no neighbours to send! (at simulation time 678.000,000,000 s)
2025-06-06 16:07:53,937 INFO  - I have no neighbours to send! (at simulation time 678.000,000,000 s)
2025-06-06 16:07:53,937 INFO  - I have no neighbours to send! (at simulation time 678.000,000,000 s)
2025-06-06 16:07:53,937 INFO  - I have no neighbours to send! (at simulation time 678.000,000,000 s)
2025-06-06 16:07:53,937 INFO  - I have no neighbours to send! (at simulation time 678.000,000,000 s)
2025-06-06 16:07:53,937 INFO  - I have no neighbours to send! (at simulation time 678.000,000,000 s)
2025-06-06 16:07:53,937 INFO  - I have no neighbours to send! (at simulation time 678.000,000,000 s)
2025-06-06 16:07:53,937 INFO  - I have no neighbours to send! (at simulation time 678.000,000,000 s)
2025-06-06 16:07:53,937 INFO  - I have no neighbours to send! (at simulation time 678.000,000,000 s)
2025-06-06 16:07:53,937 INFO  - I have no neighbours to send! (at simulation time 678.000,000,000 s)
2025-06-06 16:07:53,937 INFO  - I have no neighbours to send! (at simulation time 678.000,000,000 s)
2025-06-06 16:07:53,937 INFO  - I have no neighbours to send! (at simulation time 678.000,000,000 s)
2025-06-06 16:07:53,937 INFO  - I have no neighbours to send! (at simulation time 678.000,000,000 s)
2025-06-06 16:07:53,937 INFO  - I have no neighbours to send! (at simulation time 678.000,000,000 s)
2025-06-06 16:07:53,937 INFO  - I have no neighbours to send! (at simulation time 678.000,000,000 s)
2025-06-06 16:07:53,937 INFO  - I have no neighbours to send! (at simulation time 678.000,000,000 s)
2025-06-06 16:07:53,937 INFO  - I have no neighbours to send! (at simulation time 678.000,000,000 s)
2025-06-06 16:07:53,937 INFO  - I have no neighbours to send! (at simulation time 678.000,000,000 s)
2025-06-06 16:07:53,937 INFO  - I have no neighbours to send! (at simulation time 678.000,000,000 s)
2025-06-06 16:07:53,937 INFO  - I have no neighbours to send! (at simulation time 678.000,000,000 s)
2025-06-06 16:07:53,937 INFO  - I have no neighbours to send! (at simulation time 678.000,000,000 s)
2025-06-06 16:07:53,937 INFO  - I have no neighbours to send! (at simulation time 678.000,000,000 s)
2025-06-06 16:07:53,937 INFO  - I have no neighbours to send! (at simulation time 678.000,000,000 s)
2025-06-06 16:07:53,937 INFO  - I have no neighbours to send! (at simulation time 678.000,000,000 s)
2025-06-06 16:07:53,937 INFO  - I have no neighbours to send! (at simulation time 678.000,000,000 s)
2025-06-06 16:07:53,937 INFO  - I have no neighbours to send! (at simulation time 678.000,000,000 s)
2025-06-06 16:07:53,937 INFO  - I have no neighbours to send! (at simulation time 678.000,000,000 s)
2025-06-06 16:07:53,937 INFO  - I have no neighbours to send! (at simulation time 678.000,000,000 s)
2025-06-06 16:07:53,937 INFO  - I have no neighbours to send! (at simulation time 678.000,000,000 s)
2025-06-06 16:07:53,937 INFO  - I have no neighbours to send! (at simulation time 678.000,000,000 s)
2025-06-06 16:07:53,937 INFO  - I have no neighbours to send! (at simulation time 678.000,000,000 s)
2025-06-06 16:07:53,938 INFO  - I have no neighbours to send! (at simulation time 679.000,000,000 s)
2025-06-06 16:07:53,939 INFO  - I have no neighbours to send! (at simulation time 679.000,000,000 s)
2025-06-06 16:07:53,939 INFO  - I have no neighbours to send! (at simulation time 679.000,000,000 s)
2025-06-06 16:07:53,939 INFO  - I have no neighbours to send! (at simulation time 679.000,000,000 s)
2025-06-06 16:07:53,939 INFO  - I have no neighbours to send! (at simulation time 679.000,000,000 s)
2025-06-06 16:07:53,939 INFO  - I have no neighbours to send! (at simulation time 679.000,000,000 s)
2025-06-06 16:07:53,939 INFO  - I have no neighbours to send! (at simulation time 679.000,000,000 s)
2025-06-06 16:07:53,939 INFO  - I have no neighbours to send! (at simulation time 679.000,000,000 s)
2025-06-06 16:07:53,939 INFO  - I have no neighbours to send! (at simulation time 679.000,000,000 s)
2025-06-06 16:07:53,939 INFO  - I have no neighbours to send! (at simulation time 679.000,000,000 s)
2025-06-06 16:07:53,939 INFO  - I have no neighbours to send! (at simulation time 679.000,000,000 s)
2025-06-06 16:07:53,939 INFO  - I have no neighbours to send! (at simulation time 679.000,000,000 s)
2025-06-06 16:07:53,939 INFO  - I have no neighbours to send! (at simulation time 679.000,000,000 s)
2025-06-06 16:07:53,939 INFO  - I have no neighbours to send! (at simulation time 679.000,000,000 s)
2025-06-06 16:07:53,939 INFO  - I have no neighbours to send! (at simulation time 679.000,000,000 s)
2025-06-06 16:07:53,939 INFO  - I have no neighbours to send! (at simulation time 679.000,000,000 s)
2025-06-06 16:07:53,939 INFO  - I have no neighbours to send! (at simulation time 679.000,000,000 s)
2025-06-06 16:07:53,939 INFO  - I have no neighbours to send! (at simulation time 679.000,000,000 s)
2025-06-06 16:07:53,940 INFO  - I have no neighbours to send! (at simulation time 679.000,000,000 s)
2025-06-06 16:07:53,940 INFO  - I have no neighbours to send! (at simulation time 679.000,000,000 s)
2025-06-06 16:07:53,940 INFO  - I have no neighbours to send! (at simulation time 679.000,000,000 s)
2025-06-06 16:07:53,940 INFO  - I have no neighbours to send! (at simulation time 679.000,000,000 s)
2025-06-06 16:07:53,940 INFO  - I have no neighbours to send! (at simulation time 679.000,000,000 s)
2025-06-06 16:07:53,940 INFO  - I have no neighbours to send! (at simulation time 679.000,000,000 s)
2025-06-06 16:07:53,940 INFO  - I have no neighbours to send! (at simulation time 679.000,000,000 s)
2025-06-06 16:07:53,940 INFO  - I have no neighbours to send! (at simulation time 679.000,000,000 s)
2025-06-06 16:07:53,940 INFO  - I have no neighbours to send! (at simulation time 679.000,000,000 s)
2025-06-06 16:07:53,940 INFO  - I have no neighbours to send! (at simulation time 679.000,000,000 s)
2025-06-06 16:07:53,940 INFO  - I have no neighbours to send! (at simulation time 679.000,000,000 s)
2025-06-06 16:07:53,940 INFO  - I have no neighbours to send! (at simulation time 679.000,000,000 s)
2025-06-06 16:07:53,940 INFO  - I have no neighbours to send! (at simulation time 679.000,000,000 s)
2025-06-06 16:07:53,940 INFO  - I have no neighbours to send! (at simulation time 679.000,000,000 s)
2025-06-06 16:07:53,940 INFO  - I have no neighbours to send! (at simulation time 679.000,000,000 s)
2025-06-06 16:07:53,940 INFO  - I have no neighbours to send! (at simulation time 679.000,000,000 s)
2025-06-06 16:07:53,940 INFO  - I have no neighbours to send! (at simulation time 679.000,000,000 s)
2025-06-06 16:07:53,940 INFO  - I have no neighbours to send! (at simulation time 679.000,000,000 s)
2025-06-06 16:07:53,940 INFO  - I have no neighbours to send! (at simulation time 679.000,000,000 s)
2025-06-06 16:07:53,940 INFO  - I have no neighbours to send! (at simulation time 679.000,000,000 s)
2025-06-06 16:07:53,940 INFO  - I have no neighbours to send! (at simulation time 679.000,000,000 s)
2025-06-06 16:07:53,940 INFO  - I have no neighbours to send! (at simulation time 679.000,000,000 s)
2025-06-06 16:07:53,940 INFO  - I have no neighbours to send! (at simulation time 679.000,000,000 s)
2025-06-06 16:07:53,940 INFO  - I have no neighbours to send! (at simulation time 679.000,000,000 s)
2025-06-06 16:07:53,940 INFO  - I have no neighbours to send! (at simulation time 679.000,000,000 s)
2025-06-06 16:07:53,940 INFO  - I have no neighbours to send! (at simulation time 679.000,000,000 s)
2025-06-06 16:07:53,940 INFO  - I have no neighbours to send! (at simulation time 679.000,000,000 s)
2025-06-06 16:07:53,940 INFO  - I have no neighbours to send! (at simulation time 679.000,000,000 s)
2025-06-06 16:07:53,940 INFO  - I have no neighbours to send! (at simulation time 679.000,000,000 s)
2025-06-06 16:07:53,940 INFO  - I have no neighbours to send! (at simulation time 679.000,000,000 s)
2025-06-06 16:07:53,940 INFO  - I have no neighbours to send! (at simulation time 679.000,000,000 s)
2025-06-06 16:07:53,940 INFO  - I have no neighbours to send! (at simulation time 679.000,000,000 s)
2025-06-06 16:07:53,941 INFO  - I have no neighbours to send! (at simulation time 679.000,000,000 s)
2025-06-06 16:07:53,941 INFO  - I have no neighbours to send! (at simulation time 679.000,000,000 s)
2025-06-06 16:07:53,941 INFO  - I have no neighbours to send! (at simulation time 679.000,000,000 s)
2025-06-06 16:07:53,941 INFO  - I have no neighbours to send! (at simulation time 679.000,000,000 s)
2025-06-06 16:07:53,941 INFO  - I have no neighbours to send! (at simulation time 679.000,000,000 s)
2025-06-06 16:07:53,941 INFO  - I have no neighbours to send! (at simulation time 679.000,000,000 s)
2025-06-06 16:07:53,941 INFO  - I have no neighbours to send! (at simulation time 679.000,000,000 s)
2025-06-06 16:07:53,941 INFO  - I have no neighbours to send! (at simulation time 679.000,000,000 s)
2025-06-06 16:07:53,941 INFO  - I have no neighbours to send! (at simulation time 679.000,000,000 s)
2025-06-06 16:07:53,941 INFO  - I have no neighbours to send! (at simulation time 679.000,000,000 s)
2025-06-06 16:07:53,941 INFO  - I have no neighbours to send! (at simulation time 679.000,000,000 s)
2025-06-06 16:07:53,941 INFO  - I have no neighbours to send! (at simulation time 679.000,000,000 s)
2025-06-06 16:07:53,941 INFO  - I have no neighbours to send! (at simulation time 679.000,000,000 s)
2025-06-06 16:07:53,941 INFO  - I have no neighbours to send! (at simulation time 679.000,000,000 s)
2025-06-06 16:07:53,941 INFO  - I have no neighbours to send! (at simulation time 679.000,000,000 s)
2025-06-06 16:07:53,941 INFO  - I have no neighbours to send! (at simulation time 679.000,000,000 s)
2025-06-06 16:07:53,941 INFO  - I have no neighbours to send! (at simulation time 679.000,000,000 s)
2025-06-06 16:07:53,941 INFO  - I have no neighbours to send! (at simulation time 679.000,000,000 s)
2025-06-06 16:07:53,941 INFO  - I have no neighbours to send! (at simulation time 679.000,000,000 s)
2025-06-06 16:07:53,941 INFO  - I have no neighbours to send! (at simulation time 679.000,000,000 s)
2025-06-06 16:07:53,941 INFO  - I have no neighbours to send! (at simulation time 679.000,000,000 s)
2025-06-06 16:07:53,941 INFO  - I have no neighbours to send! (at simulation time 679.000,000,000 s)
2025-06-06 16:07:53,941 INFO  - I have no neighbours to send! (at simulation time 679.000,000,000 s)
2025-06-06 16:07:53,941 INFO  - I have no neighbours to send! (at simulation time 679.000,000,000 s)
2025-06-06 16:07:53,941 INFO  - I have no neighbours to send! (at simulation time 679.000,000,000 s)
2025-06-06 16:07:53,941 INFO  - I have no neighbours to send! (at simulation time 679.000,000,000 s)
2025-06-06 16:07:53,941 INFO  - I have no neighbours to send! (at simulation time 679.000,000,000 s)
2025-06-06 16:07:53,941 INFO  - I have no neighbours to send! (at simulation time 679.000,000,000 s)
2025-06-06 16:07:53,941 INFO  - I have no neighbours to send! (at simulation time 679.000,000,000 s)
2025-06-06 16:07:53,941 INFO  - I have no neighbours to send! (at simulation time 679.000,000,000 s)
2025-06-06 16:07:53,941 INFO  - I have no neighbours to send! (at simulation time 679.000,000,000 s)
2025-06-06 16:07:53,941 INFO  - I have no neighbours to send! (at simulation time 679.000,000,000 s)
2025-06-06 16:07:53,941 INFO  - I have no neighbours to send! (at simulation time 679.000,000,000 s)
2025-06-06 16:07:53,941 INFO  - I have no neighbours to send! (at simulation time 679.000,000,000 s)
2025-06-06 16:07:53,941 INFO  - I have no neighbours to send! (at simulation time 679.000,000,000 s)
2025-06-06 16:07:53,941 INFO  - I have no neighbours to send! (at simulation time 679.000,000,000 s)
2025-06-06 16:07:53,941 INFO  - I have no neighbours to send! (at simulation time 679.000,000,000 s)
2025-06-06 16:07:53,941 INFO  - I have no neighbours to send! (at simulation time 679.000,000,000 s)
2025-06-06 16:07:53,941 INFO  - I have no neighbours to send! (at simulation time 679.000,000,000 s)
2025-06-06 16:07:53,941 INFO  - I have no neighbours to send! (at simulation time 679.000,000,000 s)
2025-06-06 16:07:53,941 INFO  - I have no neighbours to send! (at simulation time 679.000,000,000 s)
2025-06-06 16:07:53,941 INFO  - I have no neighbours to send! (at simulation time 679.000,000,000 s)
2025-06-06 16:07:53,941 INFO  - I have no neighbours to send! (at simulation time 679.000,000,000 s)
2025-06-06 16:07:53,941 INFO  - I have no neighbours to send! (at simulation time 679.000,000,000 s)
2025-06-06 16:07:53,941 INFO  - I have no neighbours to send! (at simulation time 679.000,000,000 s)
2025-06-06 16:07:53,941 INFO  - I have no neighbours to send! (at simulation time 679.000,000,000 s)
2025-06-06 16:07:53,941 INFO  - I have no neighbours to send! (at simulation time 679.000,000,000 s)
2025-06-06 16:07:53,941 INFO  - I have no neighbours to send! (at simulation time 679.000,000,000 s)
2025-06-06 16:07:53,942 INFO  - I have no neighbours to send! (at simulation time 680.000,000,000 s)
2025-06-06 16:07:53,943 INFO  - I have no neighbours to send! (at simulation time 680.000,000,000 s)
2025-06-06 16:07:53,943 INFO  - I have no neighbours to send! (at simulation time 680.000,000,000 s)
2025-06-06 16:07:53,943 INFO  - I have no neighbours to send! (at simulation time 680.000,000,000 s)
2025-06-06 16:07:53,943 INFO  - I have no neighbours to send! (at simulation time 680.000,000,000 s)
2025-06-06 16:07:53,943 INFO  - I have no neighbours to send! (at simulation time 680.000,000,000 s)
2025-06-06 16:07:53,943 INFO  - I have no neighbours to send! (at simulation time 680.000,000,000 s)
2025-06-06 16:07:53,943 INFO  - I have no neighbours to send! (at simulation time 680.000,000,000 s)
2025-06-06 16:07:53,943 INFO  - I have no neighbours to send! (at simulation time 680.000,000,000 s)
2025-06-06 16:07:53,943 INFO  - I have no neighbours to send! (at simulation time 680.000,000,000 s)
2025-06-06 16:07:53,943 INFO  - I have no neighbours to send! (at simulation time 680.000,000,000 s)
2025-06-06 16:07:53,943 INFO  - I have no neighbours to send! (at simulation time 680.000,000,000 s)
2025-06-06 16:07:53,943 INFO  - I have no neighbours to send! (at simulation time 680.000,000,000 s)
2025-06-06 16:07:53,943 INFO  - I have no neighbours to send! (at simulation time 680.000,000,000 s)
2025-06-06 16:07:53,943 INFO  - I have no neighbours to send! (at simulation time 680.000,000,000 s)
2025-06-06 16:07:53,943 INFO  - I have no neighbours to send! (at simulation time 680.000,000,000 s)
2025-06-06 16:07:53,943 INFO  - I have no neighbours to send! (at simulation time 680.000,000,000 s)
2025-06-06 16:07:53,943 INFO  - I have no neighbours to send! (at simulation time 680.000,000,000 s)
2025-06-06 16:07:53,943 INFO  - I have no neighbours to send! (at simulation time 680.000,000,000 s)
2025-06-06 16:07:53,943 INFO  - I have no neighbours to send! (at simulation time 680.000,000,000 s)
2025-06-06 16:07:53,943 INFO  - I have no neighbours to send! (at simulation time 680.000,000,000 s)
2025-06-06 16:07:53,944 INFO  - I have no neighbours to send! (at simulation time 680.000,000,000 s)
2025-06-06 16:07:53,944 INFO  - I have no neighbours to send! (at simulation time 680.000,000,000 s)
2025-06-06 16:07:53,944 INFO  - I have no neighbours to send! (at simulation time 680.000,000,000 s)
2025-06-06 16:07:53,944 INFO  - I have no neighbours to send! (at simulation time 680.000,000,000 s)
2025-06-06 16:07:53,944 INFO  - I have no neighbours to send! (at simulation time 680.000,000,000 s)
2025-06-06 16:07:53,944 INFO  - I have no neighbours to send! (at simulation time 680.000,000,000 s)
2025-06-06 16:07:53,944 INFO  - I have no neighbours to send! (at simulation time 680.000,000,000 s)
2025-06-06 16:07:53,944 INFO  - I have no neighbours to send! (at simulation time 680.000,000,000 s)
2025-06-06 16:07:53,944 INFO  - I have no neighbours to send! (at simulation time 680.000,000,000 s)
2025-06-06 16:07:53,944 INFO  - I have no neighbours to send! (at simulation time 680.000,000,000 s)
2025-06-06 16:07:53,944 INFO  - I have no neighbours to send! (at simulation time 680.000,000,000 s)
2025-06-06 16:07:53,944 INFO  - I have no neighbours to send! (at simulation time 680.000,000,000 s)
2025-06-06 16:07:53,944 INFO  - I have no neighbours to send! (at simulation time 680.000,000,000 s)
2025-06-06 16:07:53,944 INFO  - I have no neighbours to send! (at simulation time 680.000,000,000 s)
2025-06-06 16:07:53,944 INFO  - I have no neighbours to send! (at simulation time 680.000,000,000 s)
2025-06-06 16:07:53,944 INFO  - I have no neighbours to send! (at simulation time 680.000,000,000 s)
2025-06-06 16:07:53,944 INFO  - I have no neighbours to send! (at simulation time 680.000,000,000 s)
2025-06-06 16:07:53,944 INFO  - I have no neighbours to send! (at simulation time 680.000,000,000 s)
2025-06-06 16:07:53,944 INFO  - I have no neighbours to send! (at simulation time 680.000,000,000 s)
2025-06-06 16:07:53,944 INFO  - I have no neighbours to send! (at simulation time 680.000,000,000 s)
2025-06-06 16:07:53,944 INFO  - I have no neighbours to send! (at simulation time 680.000,000,000 s)
2025-06-06 16:07:53,944 INFO  - I have no neighbours to send! (at simulation time 680.000,000,000 s)
2025-06-06 16:07:53,944 INFO  - I have no neighbours to send! (at simulation time 680.000,000,000 s)
2025-06-06 16:07:53,944 INFO  - I have no neighbours to send! (at simulation time 680.000,000,000 s)
2025-06-06 16:07:53,944 INFO  - I have no neighbours to send! (at simulation time 680.000,000,000 s)
2025-06-06 16:07:53,944 INFO  - I have no neighbours to send! (at simulation time 680.000,000,000 s)
2025-06-06 16:07:53,944 INFO  - I have no neighbours to send! (at simulation time 680.000,000,000 s)
2025-06-06 16:07:53,944 INFO  - I have no neighbours to send! (at simulation time 680.000,000,000 s)
2025-06-06 16:07:53,944 INFO  - I have no neighbours to send! (at simulation time 680.000,000,000 s)
2025-06-06 16:07:53,944 INFO  - I have no neighbours to send! (at simulation time 680.000,000,000 s)
2025-06-06 16:07:53,944 INFO  - I have no neighbours to send! (at simulation time 680.000,000,000 s)
2025-06-06 16:07:53,944 INFO  - I have no neighbours to send! (at simulation time 680.000,000,000 s)
2025-06-06 16:07:53,944 INFO  - I have no neighbours to send! (at simulation time 680.000,000,000 s)
2025-06-06 16:07:53,945 INFO  - I have no neighbours to send! (at simulation time 680.000,000,000 s)
2025-06-06 16:07:53,945 INFO  - I have no neighbours to send! (at simulation time 680.000,000,000 s)
2025-06-06 16:07:53,945 INFO  - I have no neighbours to send! (at simulation time 680.000,000,000 s)
2025-06-06 16:07:53,945 INFO  - I have no neighbours to send! (at simulation time 680.000,000,000 s)
2025-06-06 16:07:53,945 INFO  - I have no neighbours to send! (at simulation time 680.000,000,000 s)
2025-06-06 16:07:53,945 INFO  - I have no neighbours to send! (at simulation time 680.000,000,000 s)
2025-06-06 16:07:53,945 INFO  - I have no neighbours to send! (at simulation time 680.000,000,000 s)
2025-06-06 16:07:53,945 INFO  - I have no neighbours to send! (at simulation time 680.000,000,000 s)
2025-06-06 16:07:53,945 INFO  - I have no neighbours to send! (at simulation time 680.000,000,000 s)
2025-06-06 16:07:53,945 INFO  - I have no neighbours to send! (at simulation time 680.000,000,000 s)
2025-06-06 16:07:53,945 INFO  - I have no neighbours to send! (at simulation time 680.000,000,000 s)
2025-06-06 16:07:53,945 INFO  - I have no neighbours to send! (at simulation time 680.000,000,000 s)
2025-06-06 16:07:53,945 INFO  - I have no neighbours to send! (at simulation time 680.000,000,000 s)
2025-06-06 16:07:53,945 INFO  - I have no neighbours to send! (at simulation time 680.000,000,000 s)
2025-06-06 16:07:53,945 INFO  - I have no neighbours to send! (at simulation time 680.000,000,000 s)
2025-06-06 16:07:53,945 INFO  - I have no neighbours to send! (at simulation time 680.000,000,000 s)
2025-06-06 16:07:53,945 INFO  - I have no neighbours to send! (at simulation time 680.000,000,000 s)
2025-06-06 16:07:53,945 INFO  - I have no neighbours to send! (at simulation time 680.000,000,000 s)
2025-06-06 16:07:53,945 INFO  - I have no neighbours to send! (at simulation time 680.000,000,000 s)
2025-06-06 16:07:53,945 INFO  - I have no neighbours to send! (at simulation time 680.000,000,000 s)
2025-06-06 16:07:53,945 INFO  - I have no neighbours to send! (at simulation time 680.000,000,000 s)
2025-06-06 16:07:53,945 INFO  - I have no neighbours to send! (at simulation time 680.000,000,000 s)
2025-06-06 16:07:53,945 INFO  - I have no neighbours to send! (at simulation time 680.000,000,000 s)
2025-06-06 16:07:53,945 INFO  - I have no neighbours to send! (at simulation time 680.000,000,000 s)
2025-06-06 16:07:53,945 INFO  - I have no neighbours to send! (at simulation time 680.000,000,000 s)
2025-06-06 16:07:53,945 INFO  - I have no neighbours to send! (at simulation time 680.000,000,000 s)
2025-06-06 16:07:53,945 INFO  - I have no neighbours to send! (at simulation time 680.000,000,000 s)
2025-06-06 16:07:53,945 INFO  - I have no neighbours to send! (at simulation time 680.000,000,000 s)
2025-06-06 16:07:53,945 INFO  - I have no neighbours to send! (at simulation time 680.000,000,000 s)
2025-06-06 16:07:53,945 INFO  - I have no neighbours to send! (at simulation time 680.000,000,000 s)
2025-06-06 16:07:53,945 INFO  - I have no neighbours to send! (at simulation time 680.000,000,000 s)
2025-06-06 16:07:53,945 INFO  - I have no neighbours to send! (at simulation time 680.000,000,000 s)
2025-06-06 16:07:53,945 INFO  - I have no neighbours to send! (at simulation time 680.000,000,000 s)
2025-06-06 16:07:53,945 INFO  - I have no neighbours to send! (at simulation time 680.000,000,000 s)
2025-06-06 16:07:53,945 INFO  - I have no neighbours to send! (at simulation time 680.000,000,000 s)
2025-06-06 16:07:53,945 INFO  - I have no neighbours to send! (at simulation time 680.000,000,000 s)
2025-06-06 16:07:53,945 INFO  - I have no neighbours to send! (at simulation time 680.000,000,000 s)
2025-06-06 16:07:53,945 INFO  - I have no neighbours to send! (at simulation time 680.000,000,000 s)
2025-06-06 16:07:53,945 INFO  - I have no neighbours to send! (at simulation time 680.000,000,000 s)
2025-06-06 16:07:53,945 INFO  - I have no neighbours to send! (at simulation time 680.000,000,000 s)
2025-06-06 16:07:53,945 INFO  - I have no neighbours to send! (at simulation time 680.000,000,000 s)
2025-06-06 16:07:53,945 INFO  - I have no neighbours to send! (at simulation time 680.000,000,000 s)
2025-06-06 16:07:53,945 INFO  - I have no neighbours to send! (at simulation time 680.000,000,000 s)
2025-06-06 16:07:53,945 INFO  - I have no neighbours to send! (at simulation time 680.000,000,000 s)
2025-06-06 16:07:53,945 INFO  - I have no neighbours to send! (at simulation time 680.000,000,000 s)
2025-06-06 16:07:53,946 INFO  - I have no neighbours to send! (at simulation time 681.000,000,000 s)
2025-06-06 16:07:53,946 INFO  - I have no neighbours to send! (at simulation time 681.000,000,000 s)
2025-06-06 16:07:53,946 INFO  - I have no neighbours to send! (at simulation time 681.000,000,000 s)
2025-06-06 16:07:53,946 INFO  - I have no neighbours to send! (at simulation time 681.000,000,000 s)
2025-06-06 16:07:53,946 INFO  - I have no neighbours to send! (at simulation time 681.000,000,000 s)
2025-06-06 16:07:53,946 INFO  - I have no neighbours to send! (at simulation time 681.000,000,000 s)
2025-06-06 16:07:53,947 INFO  - I have no neighbours to send! (at simulation time 681.000,000,000 s)
2025-06-06 16:07:53,947 INFO  - I have no neighbours to send! (at simulation time 681.000,000,000 s)
2025-06-06 16:07:53,947 INFO  - I have no neighbours to send! (at simulation time 681.000,000,000 s)
2025-06-06 16:07:53,947 INFO  - I have no neighbours to send! (at simulation time 681.000,000,000 s)
2025-06-06 16:07:53,947 INFO  - I have no neighbours to send! (at simulation time 681.000,000,000 s)
2025-06-06 16:07:53,947 INFO  - I have no neighbours to send! (at simulation time 681.000,000,000 s)
2025-06-06 16:07:53,947 INFO  - I have no neighbours to send! (at simulation time 681.000,000,000 s)
2025-06-06 16:07:53,947 INFO  - I have no neighbours to send! (at simulation time 681.000,000,000 s)
2025-06-06 16:07:53,947 INFO  - I have no neighbours to send! (at simulation time 681.000,000,000 s)
2025-06-06 16:07:53,947 INFO  - I have no neighbours to send! (at simulation time 681.000,000,000 s)
2025-06-06 16:07:53,947 INFO  - I have no neighbours to send! (at simulation time 681.000,000,000 s)
2025-06-06 16:07:53,947 INFO  - I have no neighbours to send! (at simulation time 681.000,000,000 s)
2025-06-06 16:07:53,947 INFO  - I have no neighbours to send! (at simulation time 681.000,000,000 s)
2025-06-06 16:07:53,947 INFO  - I have no neighbours to send! (at simulation time 681.000,000,000 s)
2025-06-06 16:07:53,947 INFO  - I have no neighbours to send! (at simulation time 681.000,000,000 s)
2025-06-06 16:07:53,947 INFO  - I have no neighbours to send! (at simulation time 681.000,000,000 s)
2025-06-06 16:07:53,947 INFO  - I have no neighbours to send! (at simulation time 681.000,000,000 s)
2025-06-06 16:07:53,947 INFO  - I have no neighbours to send! (at simulation time 681.000,000,000 s)
2025-06-06 16:07:53,947 INFO  - I have no neighbours to send! (at simulation time 681.000,000,000 s)
2025-06-06 16:07:53,947 INFO  - I have no neighbours to send! (at simulation time 681.000,000,000 s)
2025-06-06 16:07:53,947 INFO  - I have no neighbours to send! (at simulation time 681.000,000,000 s)
2025-06-06 16:07:53,947 INFO  - I have no neighbours to send! (at simulation time 681.000,000,000 s)
2025-06-06 16:07:53,948 INFO  - I have no neighbours to send! (at simulation time 681.000,000,000 s)
2025-06-06 16:07:53,948 INFO  - I have no neighbours to send! (at simulation time 681.000,000,000 s)
2025-06-06 16:07:53,948 INFO  - I have no neighbours to send! (at simulation time 681.000,000,000 s)
2025-06-06 16:07:53,948 INFO  - I have no neighbours to send! (at simulation time 681.000,000,000 s)
2025-06-06 16:07:53,948 INFO  - I have no neighbours to send! (at simulation time 681.000,000,000 s)
2025-06-06 16:07:53,948 INFO  - I have no neighbours to send! (at simulation time 681.000,000,000 s)
2025-06-06 16:07:53,948 INFO  - I have no neighbours to send! (at simulation time 681.000,000,000 s)
2025-06-06 16:07:53,948 INFO  - I have no neighbours to send! (at simulation time 681.000,000,000 s)
2025-06-06 16:07:53,948 INFO  - I have no neighbours to send! (at simulation time 681.000,000,000 s)
2025-06-06 16:07:53,948 INFO  - I have no neighbours to send! (at simulation time 681.000,000,000 s)
2025-06-06 16:07:53,948 INFO  - I have no neighbours to send! (at simulation time 681.000,000,000 s)
2025-06-06 16:07:53,948 INFO  - I have no neighbours to send! (at simulation time 681.000,000,000 s)
2025-06-06 16:07:53,948 INFO  - I have no neighbours to send! (at simulation time 681.000,000,000 s)
2025-06-06 16:07:53,948 INFO  - I have no neighbours to send! (at simulation time 681.000,000,000 s)
2025-06-06 16:07:53,948 INFO  - I have no neighbours to send! (at simulation time 681.000,000,000 s)
2025-06-06 16:07:53,948 INFO  - I have no neighbours to send! (at simulation time 681.000,000,000 s)
2025-06-06 16:07:53,948 INFO  - I have no neighbours to send! (at simulation time 681.000,000,000 s)
2025-06-06 16:07:53,948 INFO  - I have no neighbours to send! (at simulation time 681.000,000,000 s)
2025-06-06 16:07:53,948 INFO  - I have no neighbours to send! (at simulation time 681.000,000,000 s)
2025-06-06 16:07:53,948 INFO  - I have no neighbours to send! (at simulation time 681.000,000,000 s)
2025-06-06 16:07:53,948 INFO  - I have no neighbours to send! (at simulation time 681.000,000,000 s)
2025-06-06 16:07:53,948 INFO  - I have no neighbours to send! (at simulation time 681.000,000,000 s)
2025-06-06 16:07:53,948 INFO  - I have no neighbours to send! (at simulation time 681.000,000,000 s)
2025-06-06 16:07:53,948 INFO  - I have no neighbours to send! (at simulation time 681.000,000,000 s)
2025-06-06 16:07:53,948 INFO  - I have no neighbours to send! (at simulation time 681.000,000,000 s)
2025-06-06 16:07:53,948 INFO  - I have no neighbours to send! (at simulation time 681.000,000,000 s)
2025-06-06 16:07:53,948 INFO  - I have no neighbours to send! (at simulation time 681.000,000,000 s)
2025-06-06 16:07:53,948 INFO  - I have no neighbours to send! (at simulation time 681.000,000,000 s)
2025-06-06 16:07:53,948 INFO  - I have no neighbours to send! (at simulation time 681.000,000,000 s)
2025-06-06 16:07:53,948 INFO  - I have no neighbours to send! (at simulation time 681.000,000,000 s)
2025-06-06 16:07:53,948 INFO  - I have no neighbours to send! (at simulation time 681.000,000,000 s)
2025-06-06 16:07:53,948 INFO  - I have no neighbours to send! (at simulation time 681.000,000,000 s)
2025-06-06 16:07:53,948 INFO  - I have no neighbours to send! (at simulation time 681.000,000,000 s)
2025-06-06 16:07:53,948 INFO  - I have no neighbours to send! (at simulation time 681.000,000,000 s)
2025-06-06 16:07:53,948 INFO  - I have no neighbours to send! (at simulation time 681.000,000,000 s)
2025-06-06 16:07:53,948 INFO  - I have no neighbours to send! (at simulation time 681.000,000,000 s)
2025-06-06 16:07:53,948 INFO  - I have no neighbours to send! (at simulation time 681.000,000,000 s)
2025-06-06 16:07:53,948 INFO  - I have no neighbours to send! (at simulation time 681.000,000,000 s)
2025-06-06 16:07:53,948 INFO  - I have no neighbours to send! (at simulation time 681.000,000,000 s)
2025-06-06 16:07:53,948 INFO  - I have no neighbours to send! (at simulation time 681.000,000,000 s)
2025-06-06 16:07:53,948 INFO  - I have no neighbours to send! (at simulation time 681.000,000,000 s)
2025-06-06 16:07:53,948 INFO  - I have no neighbours to send! (at simulation time 681.000,000,000 s)
2025-06-06 16:07:53,948 INFO  - I have no neighbours to send! (at simulation time 681.000,000,000 s)
2025-06-06 16:07:53,948 INFO  - I have no neighbours to send! (at simulation time 681.000,000,000 s)
2025-06-06 16:07:53,948 INFO  - I have no neighbours to send! (at simulation time 681.000,000,000 s)
2025-06-06 16:07:53,949 INFO  - I have no neighbours to send! (at simulation time 681.000,000,000 s)
2025-06-06 16:07:53,949 INFO  - I have no neighbours to send! (at simulation time 681.000,000,000 s)
2025-06-06 16:07:53,949 INFO  - I have no neighbours to send! (at simulation time 681.000,000,000 s)
2025-06-06 16:07:53,949 INFO  - I have no neighbours to send! (at simulation time 681.000,000,000 s)
2025-06-06 16:07:53,949 INFO  - I have no neighbours to send! (at simulation time 681.000,000,000 s)
2025-06-06 16:07:53,949 INFO  - I have no neighbours to send! (at simulation time 681.000,000,000 s)
2025-06-06 16:07:53,949 INFO  - I have no neighbours to send! (at simulation time 681.000,000,000 s)
2025-06-06 16:07:53,949 INFO  - I have no neighbours to send! (at simulation time 681.000,000,000 s)
2025-06-06 16:07:53,949 INFO  - I have no neighbours to send! (at simulation time 681.000,000,000 s)
2025-06-06 16:07:53,949 INFO  - I have no neighbours to send! (at simulation time 681.000,000,000 s)
2025-06-06 16:07:53,949 INFO  - I have no neighbours to send! (at simulation time 681.000,000,000 s)
2025-06-06 16:07:53,949 INFO  - I have no neighbours to send! (at simulation time 681.000,000,000 s)
2025-06-06 16:07:53,949 INFO  - I have no neighbours to send! (at simulation time 681.000,000,000 s)
2025-06-06 16:07:53,949 INFO  - I have no neighbours to send! (at simulation time 681.000,000,000 s)
2025-06-06 16:07:53,949 INFO  - I have no neighbours to send! (at simulation time 681.000,000,000 s)
2025-06-06 16:07:53,949 INFO  - I have no neighbours to send! (at simulation time 681.000,000,000 s)
2025-06-06 16:07:53,949 INFO  - I have no neighbours to send! (at simulation time 681.000,000,000 s)
2025-06-06 16:07:53,949 INFO  - I have no neighbours to send! (at simulation time 681.000,000,000 s)
2025-06-06 16:07:53,949 INFO  - I have no neighbours to send! (at simulation time 681.000,000,000 s)
2025-06-06 16:07:53,949 INFO  - I have no neighbours to send! (at simulation time 681.000,000,000 s)
2025-06-06 16:07:53,949 INFO  - I have no neighbours to send! (at simulation time 681.000,000,000 s)
2025-06-06 16:07:53,949 INFO  - I have no neighbours to send! (at simulation time 681.000,000,000 s)
2025-06-06 16:07:53,949 INFO  - I have no neighbours to send! (at simulation time 681.000,000,000 s)
2025-06-06 16:07:53,949 INFO  - I have no neighbours to send! (at simulation time 681.000,000,000 s)
2025-06-06 16:07:53,949 INFO  - I have no neighbours to send! (at simulation time 681.000,000,000 s)
2025-06-06 16:07:53,949 INFO  - I have no neighbours to send! (at simulation time 681.000,000,000 s)
2025-06-06 16:07:53,949 INFO  - I have no neighbours to send! (at simulation time 681.000,000,000 s)
2025-06-06 16:07:53,950 INFO  - Shutdown application (at simulation time 682.000,000,000 s)
