2025-06-06 16:07:50,579 INFO  - Initialize veh_17 application (at simulation time 89.000,000,000 s)
2025-06-06 16:07:50,580 INFO  - Sent periodic GreenWaveMsg: veh_17 on route r_1 (at simulation time 89.000,000,000 s)
2025-06-06 16:07:50,580 INFO  - I have no neighbours to send! (at simulation time 89.000,000,000 s)
2025-06-06 16:07:50,590 INFO  - I have no neighbours to send! (at simulation time 90.000,000,000 s)
2025-06-06 16:07:50,591 INFO  - I have no neighbours to send! (at simulation time 90.000,000,000 s)
2025-06-06 16:07:50,595 INFO  - Received metrics from FogNode: avgR0=0.8888888888888888, avgR1=1.1111111111111112 (at simulation time 90.004,800,000 s)
2025-06-06 16:07:50,598 INFO  - I have no neighbours to send! (at simulation time 91.000,000,000 s)
2025-06-06 16:07:50,598 INFO  - I have no neighbours to send! (at simulation time 91.000,000,000 s)
2025-06-06 16:07:50,598 INFO  - I have no neighbours to send! (at simulation time 91.000,000,000 s)
2025-06-06 16:07:50,604 INFO  - I have no neighbours to send! (at simulation time 92.000,000,000 s)
2025-06-06 16:07:50,604 INFO  - I have no neighbours to send! (at simulation time 92.000,000,000 s)
2025-06-06 16:07:50,604 INFO  - I have no neighbours to send! (at simulation time 92.000,000,000 s)
2025-06-06 16:07:50,604 INFO  - I have no neighbours to send! (at simulation time 92.000,000,000 s)
2025-06-06 16:07:50,610 INFO  - I have no neighbours to send! (at simulation time 93.000,000,000 s)
2025-06-06 16:07:50,610 INFO  - I have no neighbours to send! (at simulation time 93.000,000,000 s)
2025-06-06 16:07:50,610 INFO  - I have no neighbours to send! (at simulation time 93.000,000,000 s)
2025-06-06 16:07:50,610 INFO  - I have no neighbours to send! (at simulation time 93.000,000,000 s)
2025-06-06 16:07:50,610 INFO  - I have no neighbours to send! (at simulation time 93.000,000,000 s)
2025-06-06 16:07:50,616 INFO  - Sent periodic GreenWaveMsg: veh_17 on route r_1 (at simulation time 94.000,000,000 s)
2025-06-06 16:07:50,616 INFO  - I have no neighbours to send! (at simulation time 94.000,000,000 s)
2025-06-06 16:07:50,616 INFO  - I have no neighbours to send! (at simulation time 94.000,000,000 s)
2025-06-06 16:07:50,616 INFO  - I have no neighbours to send! (at simulation time 94.000,000,000 s)
2025-06-06 16:07:50,616 INFO  - I have no neighbours to send! (at simulation time 94.000,000,000 s)
2025-06-06 16:07:50,617 INFO  - I have no neighbours to send! (at simulation time 94.000,000,000 s)
2025-06-06 16:07:50,617 INFO  - I have no neighbours to send! (at simulation time 94.000,000,000 s)
2025-06-06 16:07:50,623 INFO  - I have no neighbours to send! (at simulation time 95.000,000,000 s)
2025-06-06 16:07:50,623 INFO  - I have no neighbours to send! (at simulation time 95.000,000,000 s)
2025-06-06 16:07:50,623 INFO  - I have no neighbours to send! (at simulation time 95.000,000,000 s)
2025-06-06 16:07:50,624 INFO  - I have no neighbours to send! (at simulation time 95.000,000,000 s)
2025-06-06 16:07:50,624 INFO  - I have no neighbours to send! (at simulation time 95.000,000,000 s)
2025-06-06 16:07:50,624 INFO  - I have no neighbours to send! (at simulation time 95.000,000,000 s)
2025-06-06 16:07:50,624 INFO  - I have no neighbours to send! (at simulation time 95.000,000,000 s)
2025-06-06 16:07:50,629 INFO  - I have no neighbours to send! (at simulation time 96.000,000,000 s)
2025-06-06 16:07:50,629 INFO  - I have no neighbours to send! (at simulation time 96.000,000,000 s)
2025-06-06 16:07:50,630 INFO  - I have no neighbours to send! (at simulation time 96.000,000,000 s)
2025-06-06 16:07:50,630 INFO  - I have no neighbours to send! (at simulation time 96.000,000,000 s)
2025-06-06 16:07:50,630 INFO  - I have no neighbours to send! (at simulation time 96.000,000,000 s)
2025-06-06 16:07:50,630 INFO  - I have no neighbours to send! (at simulation time 96.000,000,000 s)
2025-06-06 16:07:50,630 INFO  - I have no neighbours to send! (at simulation time 96.000,000,000 s)
2025-06-06 16:07:50,630 INFO  - I have no neighbours to send! (at simulation time 96.000,000,000 s)
2025-06-06 16:07:50,636 INFO  - I have no neighbours to send! (at simulation time 97.000,000,000 s)
2025-06-06 16:07:50,636 INFO  - I have no neighbours to send! (at simulation time 97.000,000,000 s)
2025-06-06 16:07:50,636 INFO  - I have no neighbours to send! (at simulation time 97.000,000,000 s)
2025-06-06 16:07:50,636 INFO  - I have no neighbours to send! (at simulation time 97.000,000,000 s)
2025-06-06 16:07:50,637 INFO  - I have no neighbours to send! (at simulation time 97.000,000,000 s)
2025-06-06 16:07:50,637 INFO  - I have no neighbours to send! (at simulation time 97.000,000,000 s)
2025-06-06 16:07:50,637 INFO  - I have no neighbours to send! (at simulation time 97.000,000,000 s)
2025-06-06 16:07:50,637 INFO  - I have no neighbours to send! (at simulation time 97.000,000,000 s)
2025-06-06 16:07:50,637 INFO  - I have no neighbours to send! (at simulation time 97.000,000,000 s)
2025-06-06 16:07:50,643 INFO  - I have no neighbours to send! (at simulation time 98.000,000,000 s)
2025-06-06 16:07:50,644 INFO  - I have no neighbours to send! (at simulation time 98.000,000,000 s)
2025-06-06 16:07:50,644 INFO  - I have no neighbours to send! (at simulation time 98.000,000,000 s)
2025-06-06 16:07:50,644 INFO  - I have no neighbours to send! (at simulation time 98.000,000,000 s)
2025-06-06 16:07:50,644 INFO  - I have no neighbours to send! (at simulation time 98.000,000,000 s)
2025-06-06 16:07:50,644 INFO  - I have no neighbours to send! (at simulation time 98.000,000,000 s)
2025-06-06 16:07:50,644 INFO  - I have no neighbours to send! (at simulation time 98.000,000,000 s)
2025-06-06 16:07:50,644 INFO  - I have no neighbours to send! (at simulation time 98.000,000,000 s)
2025-06-06 16:07:50,644 INFO  - I have no neighbours to send! (at simulation time 98.000,000,000 s)
2025-06-06 16:07:50,644 INFO  - I have no neighbours to send! (at simulation time 98.000,000,000 s)
2025-06-06 16:07:50,659 INFO  - Sent periodic GreenWaveMsg: veh_17 on route r_1 (at simulation time 99.000,000,000 s)
2025-06-06 16:07:50,659 INFO  - I have no neighbours to send! (at simulation time 99.000,000,000 s)
2025-06-06 16:07:50,659 INFO  - I have no neighbours to send! (at simulation time 99.000,000,000 s)
2025-06-06 16:07:50,659 INFO  - I have no neighbours to send! (at simulation time 99.000,000,000 s)
2025-06-06 16:07:50,659 INFO  - I have no neighbours to send! (at simulation time 99.000,000,000 s)
2025-06-06 16:07:50,659 INFO  - I have no neighbours to send! (at simulation time 99.000,000,000 s)
2025-06-06 16:07:50,659 INFO  - I have no neighbours to send! (at simulation time 99.000,000,000 s)
2025-06-06 16:07:50,659 INFO  - I have no neighbours to send! (at simulation time 99.000,000,000 s)
2025-06-06 16:07:50,659 INFO  - I have no neighbours to send! (at simulation time 99.000,000,000 s)
2025-06-06 16:07:50,659 INFO  - I have no neighbours to send! (at simulation time 99.000,000,000 s)
2025-06-06 16:07:50,660 INFO  - I have no neighbours to send! (at simulation time 99.000,000,000 s)
2025-06-06 16:07:50,660 INFO  - I have no neighbours to send! (at simulation time 99.000,000,000 s)
2025-06-06 16:07:50,667 INFO  - I have no neighbours to send! (at simulation time 100.000,000,000 s)
2025-06-06 16:07:50,667 INFO  - I have no neighbours to send! (at simulation time 100.000,000,000 s)
2025-06-06 16:07:50,667 INFO  - I have no neighbours to send! (at simulation time 100.000,000,000 s)
2025-06-06 16:07:50,667 INFO  - I have no neighbours to send! (at simulation time 100.000,000,000 s)
2025-06-06 16:07:50,667 INFO  - I have no neighbours to send! (at simulation time 100.000,000,000 s)
2025-06-06 16:07:50,667 INFO  - I have no neighbours to send! (at simulation time 100.000,000,000 s)
2025-06-06 16:07:50,668 INFO  - I have no neighbours to send! (at simulation time 100.000,000,000 s)
2025-06-06 16:07:50,668 INFO  - I have no neighbours to send! (at simulation time 100.000,000,000 s)
2025-06-06 16:07:50,668 INFO  - I have no neighbours to send! (at simulation time 100.000,000,000 s)
2025-06-06 16:07:50,668 INFO  - I have no neighbours to send! (at simulation time 100.000,000,000 s)
2025-06-06 16:07:50,668 INFO  - I have no neighbours to send! (at simulation time 100.000,000,000 s)
2025-06-06 16:07:50,668 INFO  - I have no neighbours to send! (at simulation time 100.000,000,000 s)
2025-06-06 16:07:50,673 INFO  - Received metrics from FogNode: avgR0=1.0, avgR1=1.3 (at simulation time 100.003,800,000 s)
2025-06-06 16:07:50,675 INFO  - I have no neighbours to send! (at simulation time 101.000,000,000 s)
2025-06-06 16:07:50,675 INFO  - I have no neighbours to send! (at simulation time 101.000,000,000 s)
2025-06-06 16:07:50,675 INFO  - I have no neighbours to send! (at simulation time 101.000,000,000 s)
2025-06-06 16:07:50,675 INFO  - I have no neighbours to send! (at simulation time 101.000,000,000 s)
2025-06-06 16:07:50,675 INFO  - I have no neighbours to send! (at simulation time 101.000,000,000 s)
2025-06-06 16:07:50,676 INFO  - I have no neighbours to send! (at simulation time 101.000,000,000 s)
2025-06-06 16:07:50,676 INFO  - I have no neighbours to send! (at simulation time 101.000,000,000 s)
2025-06-06 16:07:50,676 INFO  - I have no neighbours to send! (at simulation time 101.000,000,000 s)
2025-06-06 16:07:50,676 INFO  - I have no neighbours to send! (at simulation time 101.000,000,000 s)
2025-06-06 16:07:50,676 INFO  - I have no neighbours to send! (at simulation time 101.000,000,000 s)
2025-06-06 16:07:50,676 INFO  - I have no neighbours to send! (at simulation time 101.000,000,000 s)
2025-06-06 16:07:50,676 INFO  - I have no neighbours to send! (at simulation time 101.000,000,000 s)
2025-06-06 16:07:50,676 INFO  - I have no neighbours to send! (at simulation time 101.000,000,000 s)
2025-06-06 16:07:50,685 INFO  - I have no neighbours to send! (at simulation time 102.000,000,000 s)
2025-06-06 16:07:50,685 INFO  - I have no neighbours to send! (at simulation time 102.000,000,000 s)
2025-06-06 16:07:50,685 INFO  - I have no neighbours to send! (at simulation time 102.000,000,000 s)
2025-06-06 16:07:50,686 INFO  - I have no neighbours to send! (at simulation time 102.000,000,000 s)
2025-06-06 16:07:50,686 INFO  - I have no neighbours to send! (at simulation time 102.000,000,000 s)
2025-06-06 16:07:50,686 INFO  - I have no neighbours to send! (at simulation time 102.000,000,000 s)
2025-06-06 16:07:50,686 INFO  - I have no neighbours to send! (at simulation time 102.000,000,000 s)
2025-06-06 16:07:50,686 INFO  - I have no neighbours to send! (at simulation time 102.000,000,000 s)
2025-06-06 16:07:50,686 INFO  - I have no neighbours to send! (at simulation time 102.000,000,000 s)
2025-06-06 16:07:50,686 INFO  - I have no neighbours to send! (at simulation time 102.000,000,000 s)
2025-06-06 16:07:50,686 INFO  - I have no neighbours to send! (at simulation time 102.000,000,000 s)
2025-06-06 16:07:50,686 INFO  - I have no neighbours to send! (at simulation time 102.000,000,000 s)
2025-06-06 16:07:50,686 INFO  - I have no neighbours to send! (at simulation time 102.000,000,000 s)
2025-06-06 16:07:50,686 INFO  - I have no neighbours to send! (at simulation time 102.000,000,000 s)
2025-06-06 16:07:50,691 INFO  - I have no neighbours to send! (at simulation time 103.000,000,000 s)
2025-06-06 16:07:50,691 INFO  - I have no neighbours to send! (at simulation time 103.000,000,000 s)
2025-06-06 16:07:50,692 INFO  - I have no neighbours to send! (at simulation time 103.000,000,000 s)
2025-06-06 16:07:50,692 INFO  - I have no neighbours to send! (at simulation time 103.000,000,000 s)
2025-06-06 16:07:50,692 INFO  - I have no neighbours to send! (at simulation time 103.000,000,000 s)
2025-06-06 16:07:50,692 INFO  - I have no neighbours to send! (at simulation time 103.000,000,000 s)
2025-06-06 16:07:50,692 INFO  - I have no neighbours to send! (at simulation time 103.000,000,000 s)
2025-06-06 16:07:50,692 INFO  - I have no neighbours to send! (at simulation time 103.000,000,000 s)
2025-06-06 16:07:50,692 INFO  - I have no neighbours to send! (at simulation time 103.000,000,000 s)
2025-06-06 16:07:50,692 INFO  - I have no neighbours to send! (at simulation time 103.000,000,000 s)
2025-06-06 16:07:50,692 INFO  - I have no neighbours to send! (at simulation time 103.000,000,000 s)
2025-06-06 16:07:50,692 INFO  - I have no neighbours to send! (at simulation time 103.000,000,000 s)
2025-06-06 16:07:50,692 INFO  - I have no neighbours to send! (at simulation time 103.000,000,000 s)
2025-06-06 16:07:50,692 INFO  - I have no neighbours to send! (at simulation time 103.000,000,000 s)
2025-06-06 16:07:50,692 INFO  - I have no neighbours to send! (at simulation time 103.000,000,000 s)
2025-06-06 16:07:50,695 INFO  - I have no neighbours to send! (at simulation time 103.000,400,000 s)
2025-06-06 16:07:50,696 INFO  - I have no neighbours to send! (at simulation time 103.001,400,000 s)
2025-06-06 16:07:50,696 INFO  - I have no neighbours to send! (at simulation time 103.002,400,000 s)
2025-06-06 16:07:50,698 INFO  - Sent periodic GreenWaveMsg: veh_17 on route r_1 (at simulation time 104.000,000,000 s)
2025-06-06 16:07:50,698 INFO  - I have no neighbours to send! (at simulation time 104.000,000,000 s)
2025-06-06 16:07:50,699 INFO  - I have no neighbours to send! (at simulation time 104.000,000,000 s)
2025-06-06 16:07:50,699 INFO  - I have no neighbours to send! (at simulation time 104.000,000,000 s)
2025-06-06 16:07:50,699 INFO  - I have no neighbours to send! (at simulation time 104.000,000,000 s)
2025-06-06 16:07:50,699 INFO  - I have no neighbours to send! (at simulation time 104.000,000,000 s)
2025-06-06 16:07:50,699 INFO  - I have no neighbours to send! (at simulation time 104.000,000,000 s)
2025-06-06 16:07:50,699 INFO  - I have no neighbours to send! (at simulation time 104.000,000,000 s)
2025-06-06 16:07:50,699 INFO  - I have no neighbours to send! (at simulation time 104.000,000,000 s)
2025-06-06 16:07:50,699 INFO  - I have no neighbours to send! (at simulation time 104.000,000,000 s)
2025-06-06 16:07:50,699 INFO  - I have no neighbours to send! (at simulation time 104.000,000,000 s)
2025-06-06 16:07:50,699 INFO  - I have no neighbours to send! (at simulation time 104.000,000,000 s)
2025-06-06 16:07:50,699 INFO  - I have no neighbours to send! (at simulation time 104.000,000,000 s)
2025-06-06 16:07:50,700 INFO  - I have no neighbours to send! (at simulation time 104.000,000,000 s)
2025-06-06 16:07:50,700 INFO  - I have no neighbours to send! (at simulation time 104.000,000,000 s)
2025-06-06 16:07:50,700 INFO  - I have no neighbours to send! (at simulation time 104.000,000,000 s)
2025-06-06 16:07:50,700 INFO  - I have no neighbours to send! (at simulation time 104.000,000,000 s)
2025-06-06 16:07:50,703 INFO  - Received ACK with origin at RSU from rsu_0 at 104003800000 (at simulation time 104.003,800,000 s)
2025-06-06 16:07:50,706 INFO  - Already have ACK (at simulation time 105.000,000,000 s)
2025-06-06 16:07:50,706 INFO  - Already have ACK (at simulation time 105.000,000,000 s)
2025-06-06 16:07:50,706 INFO  - Already have ACK (at simulation time 105.000,000,000 s)
2025-06-06 16:07:50,706 INFO  - Already have ACK (at simulation time 105.000,000,000 s)
2025-06-06 16:07:50,706 INFO  - Already have ACK (at simulation time 105.000,000,000 s)
2025-06-06 16:07:50,706 INFO  - Already have ACK (at simulation time 105.000,000,000 s)
2025-06-06 16:07:50,707 INFO  - Already have ACK (at simulation time 105.000,000,000 s)
2025-06-06 16:07:50,707 INFO  - Already have ACK (at simulation time 105.000,000,000 s)
2025-06-06 16:07:50,707 INFO  - Already have ACK (at simulation time 105.000,000,000 s)
2025-06-06 16:07:50,707 INFO  - Already have ACK (at simulation time 105.000,000,000 s)
2025-06-06 16:07:50,707 INFO  - Already have ACK (at simulation time 105.000,000,000 s)
2025-06-06 16:07:50,707 INFO  - Already have ACK (at simulation time 105.000,000,000 s)
2025-06-06 16:07:50,707 INFO  - Already have ACK (at simulation time 105.000,000,000 s)
2025-06-06 16:07:50,707 INFO  - Already have ACK (at simulation time 105.000,000,000 s)
2025-06-06 16:07:50,707 INFO  - Already have ACK (at simulation time 105.000,000,000 s)
2025-06-06 16:07:50,707 INFO  - Already have ACK (at simulation time 105.000,000,000 s)
2025-06-06 16:07:50,707 INFO  - Already have ACK (at simulation time 105.000,000,000 s)
2025-06-06 16:07:50,712 INFO  - Already have ACK (at simulation time 106.000,000,000 s)
2025-06-06 16:07:50,712 INFO  - Already have ACK (at simulation time 106.000,000,000 s)
2025-06-06 16:07:50,712 INFO  - Already have ACK (at simulation time 106.000,000,000 s)
2025-06-06 16:07:50,712 INFO  - Already have ACK (at simulation time 106.000,000,000 s)
2025-06-06 16:07:50,712 INFO  - Already have ACK (at simulation time 106.000,000,000 s)
2025-06-06 16:07:50,712 INFO  - Already have ACK (at simulation time 106.000,000,000 s)
2025-06-06 16:07:50,712 INFO  - Already have ACK (at simulation time 106.000,000,000 s)
2025-06-06 16:07:50,712 INFO  - Already have ACK (at simulation time 106.000,000,000 s)
2025-06-06 16:07:50,712 INFO  - Already have ACK (at simulation time 106.000,000,000 s)
2025-06-06 16:07:50,712 INFO  - Already have ACK (at simulation time 106.000,000,000 s)
2025-06-06 16:07:50,713 INFO  - Already have ACK (at simulation time 106.000,000,000 s)
2025-06-06 16:07:50,713 INFO  - Already have ACK (at simulation time 106.000,000,000 s)
2025-06-06 16:07:50,713 INFO  - Already have ACK (at simulation time 106.000,000,000 s)
2025-06-06 16:07:50,713 INFO  - Already have ACK (at simulation time 106.000,000,000 s)
2025-06-06 16:07:50,713 INFO  - Already have ACK (at simulation time 106.000,000,000 s)
2025-06-06 16:07:50,713 INFO  - Already have ACK (at simulation time 106.000,000,000 s)
2025-06-06 16:07:50,713 INFO  - Already have ACK (at simulation time 106.000,000,000 s)
2025-06-06 16:07:50,713 INFO  - Already have ACK (at simulation time 106.000,000,000 s)
2025-06-06 16:07:50,717 INFO  - Already have ACK (at simulation time 107.000,000,000 s)
2025-06-06 16:07:50,717 INFO  - Already have ACK (at simulation time 107.000,000,000 s)
2025-06-06 16:07:50,718 INFO  - Already have ACK (at simulation time 107.000,000,000 s)
2025-06-06 16:07:50,718 INFO  - Already have ACK (at simulation time 107.000,000,000 s)
2025-06-06 16:07:50,718 INFO  - Already have ACK (at simulation time 107.000,000,000 s)
2025-06-06 16:07:50,718 INFO  - Already have ACK (at simulation time 107.000,000,000 s)
2025-06-06 16:07:50,718 INFO  - Already have ACK (at simulation time 107.000,000,000 s)
2025-06-06 16:07:50,718 INFO  - Already have ACK (at simulation time 107.000,000,000 s)
2025-06-06 16:07:50,718 INFO  - Already have ACK (at simulation time 107.000,000,000 s)
2025-06-06 16:07:50,718 INFO  - Already have ACK (at simulation time 107.000,000,000 s)
2025-06-06 16:07:50,718 INFO  - Already have ACK (at simulation time 107.000,000,000 s)
2025-06-06 16:07:50,718 INFO  - Already have ACK (at simulation time 107.000,000,000 s)
2025-06-06 16:07:50,718 INFO  - Already have ACK (at simulation time 107.000,000,000 s)
2025-06-06 16:07:50,718 INFO  - Already have ACK (at simulation time 107.000,000,000 s)
2025-06-06 16:07:50,718 INFO  - Already have ACK (at simulation time 107.000,000,000 s)
2025-06-06 16:07:50,718 INFO  - Already have ACK (at simulation time 107.000,000,000 s)
2025-06-06 16:07:50,719 INFO  - Already have ACK (at simulation time 107.000,000,000 s)
2025-06-06 16:07:50,719 INFO  - Already have ACK (at simulation time 107.000,000,000 s)
2025-06-06 16:07:50,719 INFO  - Already have ACK (at simulation time 107.000,000,000 s)
2025-06-06 16:07:50,723 INFO  - Already have ACK (at simulation time 108.000,000,000 s)
2025-06-06 16:07:50,723 INFO  - Already have ACK (at simulation time 108.000,000,000 s)
2025-06-06 16:07:50,723 INFO  - Already have ACK (at simulation time 108.000,000,000 s)
2025-06-06 16:07:50,723 INFO  - Already have ACK (at simulation time 108.000,000,000 s)
2025-06-06 16:07:50,723 INFO  - Already have ACK (at simulation time 108.000,000,000 s)
2025-06-06 16:07:50,723 INFO  - Already have ACK (at simulation time 108.000,000,000 s)
2025-06-06 16:07:50,724 INFO  - Already have ACK (at simulation time 108.000,000,000 s)
2025-06-06 16:07:50,724 INFO  - Already have ACK (at simulation time 108.000,000,000 s)
2025-06-06 16:07:50,724 INFO  - Already have ACK (at simulation time 108.000,000,000 s)
2025-06-06 16:07:50,724 INFO  - Already have ACK (at simulation time 108.000,000,000 s)
2025-06-06 16:07:50,724 INFO  - Already have ACK (at simulation time 108.000,000,000 s)
2025-06-06 16:07:50,724 INFO  - Already have ACK (at simulation time 108.000,000,000 s)
2025-06-06 16:07:50,724 INFO  - Already have ACK (at simulation time 108.000,000,000 s)
2025-06-06 16:07:50,724 INFO  - Already have ACK (at simulation time 108.000,000,000 s)
2025-06-06 16:07:50,724 INFO  - Already have ACK (at simulation time 108.000,000,000 s)
2025-06-06 16:07:50,724 INFO  - Already have ACK (at simulation time 108.000,000,000 s)
2025-06-06 16:07:50,724 INFO  - Already have ACK (at simulation time 108.000,000,000 s)
2025-06-06 16:07:50,724 INFO  - Already have ACK (at simulation time 108.000,000,000 s)
2025-06-06 16:07:50,724 INFO  - Already have ACK (at simulation time 108.000,000,000 s)
2025-06-06 16:07:50,724 INFO  - Already have ACK (at simulation time 108.000,000,000 s)
2025-06-06 16:07:50,734 INFO  - Sent periodic GreenWaveMsg: veh_17 on route r_1 (at simulation time 109.000,000,000 s)
2025-06-06 16:07:50,734 INFO  - Already have ACK (at simulation time 109.000,000,000 s)
2025-06-06 16:07:50,734 INFO  - Already have ACK (at simulation time 109.000,000,000 s)
2025-06-06 16:07:50,734 INFO  - Already have ACK (at simulation time 109.000,000,000 s)
2025-06-06 16:07:50,735 INFO  - Already have ACK (at simulation time 109.000,000,000 s)
2025-06-06 16:07:50,735 INFO  - Already have ACK (at simulation time 109.000,000,000 s)
2025-06-06 16:07:50,735 INFO  - Already have ACK (at simulation time 109.000,000,000 s)
2025-06-06 16:07:50,735 INFO  - Already have ACK (at simulation time 109.000,000,000 s)
2025-06-06 16:07:50,735 INFO  - Already have ACK (at simulation time 109.000,000,000 s)
2025-06-06 16:07:50,735 INFO  - Already have ACK (at simulation time 109.000,000,000 s)
2025-06-06 16:07:50,735 INFO  - Already have ACK (at simulation time 109.000,000,000 s)
2025-06-06 16:07:50,735 INFO  - Already have ACK (at simulation time 109.000,000,000 s)
2025-06-06 16:07:50,735 INFO  - Already have ACK (at simulation time 109.000,000,000 s)
2025-06-06 16:07:50,735 INFO  - Already have ACK (at simulation time 109.000,000,000 s)
2025-06-06 16:07:50,735 INFO  - Already have ACK (at simulation time 109.000,000,000 s)
2025-06-06 16:07:50,735 INFO  - Already have ACK (at simulation time 109.000,000,000 s)
2025-06-06 16:07:50,735 INFO  - Already have ACK (at simulation time 109.000,000,000 s)
2025-06-06 16:07:50,735 INFO  - Already have ACK (at simulation time 109.000,000,000 s)
2025-06-06 16:07:50,735 INFO  - Already have ACK (at simulation time 109.000,000,000 s)
2025-06-06 16:07:50,736 INFO  - Already have ACK (at simulation time 109.000,000,000 s)
2025-06-06 16:07:50,736 INFO  - Already have ACK (at simulation time 109.000,000,000 s)
2025-06-06 16:07:50,736 INFO  - Already have ACK (at simulation time 109.000,000,000 s)
2025-06-06 16:07:50,738 INFO  - Received ACK with origin at RSU from rsu_0 at 109003300000 (at simulation time 109.003,300,000 s)
2025-06-06 16:07:50,741 INFO  - Already have ACK (at simulation time 110.000,000,000 s)
2025-06-06 16:07:50,741 INFO  - Already have ACK (at simulation time 110.000,000,000 s)
2025-06-06 16:07:50,741 INFO  - Already have ACK (at simulation time 110.000,000,000 s)
2025-06-06 16:07:50,741 INFO  - Already have ACK (at simulation time 110.000,000,000 s)
2025-06-06 16:07:50,741 INFO  - Already have ACK (at simulation time 110.000,000,000 s)
2025-06-06 16:07:50,741 INFO  - Already have ACK (at simulation time 110.000,000,000 s)
2025-06-06 16:07:50,741 INFO  - Already have ACK (at simulation time 110.000,000,000 s)
2025-06-06 16:07:50,742 INFO  - Already have ACK (at simulation time 110.000,000,000 s)
2025-06-06 16:07:50,742 INFO  - Already have ACK (at simulation time 110.000,000,000 s)
2025-06-06 16:07:50,742 INFO  - Already have ACK (at simulation time 110.000,000,000 s)
2025-06-06 16:07:50,742 INFO  - Already have ACK (at simulation time 110.000,000,000 s)
2025-06-06 16:07:50,742 INFO  - Already have ACK (at simulation time 110.000,000,000 s)
2025-06-06 16:07:50,742 INFO  - Already have ACK (at simulation time 110.000,000,000 s)
2025-06-06 16:07:50,742 INFO  - Already have ACK (at simulation time 110.000,000,000 s)
2025-06-06 16:07:50,742 INFO  - Already have ACK (at simulation time 110.000,000,000 s)
2025-06-06 16:07:50,742 INFO  - Already have ACK (at simulation time 110.000,000,000 s)
2025-06-06 16:07:50,742 INFO  - Already have ACK (at simulation time 110.000,000,000 s)
2025-06-06 16:07:50,742 INFO  - Already have ACK (at simulation time 110.000,000,000 s)
2025-06-06 16:07:50,742 INFO  - Already have ACK (at simulation time 110.000,000,000 s)
2025-06-06 16:07:50,742 INFO  - Already have ACK (at simulation time 110.000,000,000 s)
2025-06-06 16:07:50,742 INFO  - Already have ACK (at simulation time 110.000,000,000 s)
2025-06-06 16:07:50,742 INFO  - Already have ACK (at simulation time 110.000,000,000 s)
2025-06-06 16:07:50,745 INFO  - Received metrics from FogNode: avgR0=1.0, avgR1=1.5454545454545454 (at simulation time 110.003,800,000 s)
2025-06-06 16:07:50,747 INFO  - Already have ACK (at simulation time 111.000,000,000 s)
2025-06-06 16:07:50,747 INFO  - Already have ACK (at simulation time 111.000,000,000 s)
2025-06-06 16:07:50,747 INFO  - Already have ACK (at simulation time 111.000,000,000 s)
2025-06-06 16:07:50,747 INFO  - Already have ACK (at simulation time 111.000,000,000 s)
2025-06-06 16:07:50,747 INFO  - Already have ACK (at simulation time 111.000,000,000 s)
2025-06-06 16:07:50,748 INFO  - Already have ACK (at simulation time 111.000,000,000 s)
2025-06-06 16:07:50,748 INFO  - Already have ACK (at simulation time 111.000,000,000 s)
2025-06-06 16:07:50,748 INFO  - Already have ACK (at simulation time 111.000,000,000 s)
2025-06-06 16:07:50,748 INFO  - Already have ACK (at simulation time 111.000,000,000 s)
2025-06-06 16:07:50,748 INFO  - Already have ACK (at simulation time 111.000,000,000 s)
2025-06-06 16:07:50,748 INFO  - Already have ACK (at simulation time 111.000,000,000 s)
2025-06-06 16:07:50,748 INFO  - Already have ACK (at simulation time 111.000,000,000 s)
2025-06-06 16:07:50,748 INFO  - Already have ACK (at simulation time 111.000,000,000 s)
2025-06-06 16:07:50,748 INFO  - Already have ACK (at simulation time 111.000,000,000 s)
2025-06-06 16:07:50,748 INFO  - Already have ACK (at simulation time 111.000,000,000 s)
2025-06-06 16:07:50,748 INFO  - Already have ACK (at simulation time 111.000,000,000 s)
2025-06-06 16:07:50,748 INFO  - Already have ACK (at simulation time 111.000,000,000 s)
2025-06-06 16:07:50,748 INFO  - Already have ACK (at simulation time 111.000,000,000 s)
2025-06-06 16:07:50,748 INFO  - Already have ACK (at simulation time 111.000,000,000 s)
2025-06-06 16:07:50,748 INFO  - Already have ACK (at simulation time 111.000,000,000 s)
2025-06-06 16:07:50,749 INFO  - Already have ACK (at simulation time 111.000,000,000 s)
2025-06-06 16:07:50,749 INFO  - Already have ACK (at simulation time 111.000,000,000 s)
2025-06-06 16:07:50,749 INFO  - Already have ACK (at simulation time 111.000,000,000 s)
2025-06-06 16:07:50,752 INFO  - Already have ACK (at simulation time 112.000,000,000 s)
2025-06-06 16:07:50,753 INFO  - Already have ACK (at simulation time 112.000,000,000 s)
2025-06-06 16:07:50,753 INFO  - Already have ACK (at simulation time 112.000,000,000 s)
2025-06-06 16:07:50,753 INFO  - Already have ACK (at simulation time 112.000,000,000 s)
2025-06-06 16:07:50,753 INFO  - Already have ACK (at simulation time 112.000,000,000 s)
2025-06-06 16:07:50,753 INFO  - Already have ACK (at simulation time 112.000,000,000 s)
2025-06-06 16:07:50,753 INFO  - Already have ACK (at simulation time 112.000,000,000 s)
2025-06-06 16:07:50,753 INFO  - Already have ACK (at simulation time 112.000,000,000 s)
2025-06-06 16:07:50,753 INFO  - Already have ACK (at simulation time 112.000,000,000 s)
2025-06-06 16:07:50,753 INFO  - Already have ACK (at simulation time 112.000,000,000 s)
2025-06-06 16:07:50,753 INFO  - Already have ACK (at simulation time 112.000,000,000 s)
2025-06-06 16:07:50,753 INFO  - Already have ACK (at simulation time 112.000,000,000 s)
2025-06-06 16:07:50,753 INFO  - Already have ACK (at simulation time 112.000,000,000 s)
2025-06-06 16:07:50,753 INFO  - Already have ACK (at simulation time 112.000,000,000 s)
2025-06-06 16:07:50,753 INFO  - Already have ACK (at simulation time 112.000,000,000 s)
2025-06-06 16:07:50,754 INFO  - Already have ACK (at simulation time 112.000,000,000 s)
2025-06-06 16:07:50,754 INFO  - Already have ACK (at simulation time 112.000,000,000 s)
2025-06-06 16:07:50,754 INFO  - Already have ACK (at simulation time 112.000,000,000 s)
2025-06-06 16:07:50,754 INFO  - Already have ACK (at simulation time 112.000,000,000 s)
2025-06-06 16:07:50,754 INFO  - Already have ACK (at simulation time 112.000,000,000 s)
2025-06-06 16:07:50,754 INFO  - Already have ACK (at simulation time 112.000,000,000 s)
2025-06-06 16:07:50,754 INFO  - Already have ACK (at simulation time 112.000,000,000 s)
2025-06-06 16:07:50,754 INFO  - Already have ACK (at simulation time 112.000,000,000 s)
2025-06-06 16:07:50,754 INFO  - Already have ACK (at simulation time 112.000,000,000 s)
2025-06-06 16:07:50,758 INFO  - Already have ACK (at simulation time 113.000,000,000 s)
2025-06-06 16:07:50,758 INFO  - Already have ACK (at simulation time 113.000,000,000 s)
2025-06-06 16:07:50,758 INFO  - Already have ACK (at simulation time 113.000,000,000 s)
2025-06-06 16:07:50,758 INFO  - Already have ACK (at simulation time 113.000,000,000 s)
2025-06-06 16:07:50,759 INFO  - Already have ACK (at simulation time 113.000,000,000 s)
2025-06-06 16:07:50,759 INFO  - Already have ACK (at simulation time 113.000,000,000 s)
2025-06-06 16:07:50,759 INFO  - Already have ACK (at simulation time 113.000,000,000 s)
2025-06-06 16:07:50,759 INFO  - Already have ACK (at simulation time 113.000,000,000 s)
2025-06-06 16:07:50,759 INFO  - Already have ACK (at simulation time 113.000,000,000 s)
2025-06-06 16:07:50,759 INFO  - Already have ACK (at simulation time 113.000,000,000 s)
2025-06-06 16:07:50,759 INFO  - Already have ACK (at simulation time 113.000,000,000 s)
2025-06-06 16:07:50,759 INFO  - Already have ACK (at simulation time 113.000,000,000 s)
2025-06-06 16:07:50,759 INFO  - Already have ACK (at simulation time 113.000,000,000 s)
2025-06-06 16:07:50,759 INFO  - Already have ACK (at simulation time 113.000,000,000 s)
2025-06-06 16:07:50,759 INFO  - Already have ACK (at simulation time 113.000,000,000 s)
2025-06-06 16:07:50,759 INFO  - Already have ACK (at simulation time 113.000,000,000 s)
2025-06-06 16:07:50,760 INFO  - Already have ACK (at simulation time 113.000,000,000 s)
2025-06-06 16:07:50,760 INFO  - Already have ACK (at simulation time 113.000,000,000 s)
2025-06-06 16:07:50,760 INFO  - Already have ACK (at simulation time 113.000,000,000 s)
2025-06-06 16:07:50,760 INFO  - Already have ACK (at simulation time 113.000,000,000 s)
2025-06-06 16:07:50,760 INFO  - Already have ACK (at simulation time 113.000,000,000 s)
2025-06-06 16:07:50,760 INFO  - Already have ACK (at simulation time 113.000,000,000 s)
2025-06-06 16:07:50,760 INFO  - Already have ACK (at simulation time 113.000,000,000 s)
2025-06-06 16:07:50,760 INFO  - Already have ACK (at simulation time 113.000,000,000 s)
2025-06-06 16:07:50,760 INFO  - Already have ACK (at simulation time 113.000,000,000 s)
2025-06-06 16:07:50,765 INFO  - Sent periodic GreenWaveMsg: veh_17 on route r_1 (at simulation time 114.000,000,000 s)
2025-06-06 16:07:50,765 INFO  - Already have ACK (at simulation time 114.000,000,000 s)
2025-06-06 16:07:50,765 INFO  - Already have ACK (at simulation time 114.000,000,000 s)
2025-06-06 16:07:50,766 INFO  - Already have ACK (at simulation time 114.000,000,000 s)
2025-06-06 16:07:50,766 INFO  - Already have ACK (at simulation time 114.000,000,000 s)
2025-06-06 16:07:50,766 INFO  - Already have ACK (at simulation time 114.000,000,000 s)
2025-06-06 16:07:50,766 INFO  - Already have ACK (at simulation time 114.000,000,000 s)
2025-06-06 16:07:50,766 INFO  - Already have ACK (at simulation time 114.000,000,000 s)
2025-06-06 16:07:50,766 INFO  - Already have ACK (at simulation time 114.000,000,000 s)
2025-06-06 16:07:50,766 INFO  - Already have ACK (at simulation time 114.000,000,000 s)
2025-06-06 16:07:50,766 INFO  - Already have ACK (at simulation time 114.000,000,000 s)
2025-06-06 16:07:50,766 INFO  - Already have ACK (at simulation time 114.000,000,000 s)
2025-06-06 16:07:50,766 INFO  - Already have ACK (at simulation time 114.000,000,000 s)
2025-06-06 16:07:50,766 INFO  - Already have ACK (at simulation time 114.000,000,000 s)
2025-06-06 16:07:50,766 INFO  - Already have ACK (at simulation time 114.000,000,000 s)
2025-06-06 16:07:50,766 INFO  - Already have ACK (at simulation time 114.000,000,000 s)
2025-06-06 16:07:50,766 INFO  - Already have ACK (at simulation time 114.000,000,000 s)
2025-06-06 16:07:50,766 INFO  - Already have ACK (at simulation time 114.000,000,000 s)
2025-06-06 16:07:50,767 INFO  - Already have ACK (at simulation time 114.000,000,000 s)
2025-06-06 16:07:50,767 INFO  - Already have ACK (at simulation time 114.000,000,000 s)
2025-06-06 16:07:50,767 INFO  - Already have ACK (at simulation time 114.000,000,000 s)
2025-06-06 16:07:50,767 INFO  - Already have ACK (at simulation time 114.000,000,000 s)
2025-06-06 16:07:50,767 INFO  - Already have ACK (at simulation time 114.000,000,000 s)
2025-06-06 16:07:50,767 INFO  - Already have ACK (at simulation time 114.000,000,000 s)
2025-06-06 16:07:50,767 INFO  - Already have ACK (at simulation time 114.000,000,000 s)
2025-06-06 16:07:50,767 INFO  - Already have ACK (at simulation time 114.000,000,000 s)
2025-06-06 16:07:50,767 INFO  - Already have ACK (at simulation time 114.000,000,000 s)
2025-06-06 16:07:50,770 INFO  - Received ACK with origin at RSU from rsu_0 at 114001800000 (at simulation time 114.001,800,000 s)
2025-06-06 16:07:50,773 INFO  - Already have ACK (at simulation time 115.000,000,000 s)
2025-06-06 16:07:50,773 INFO  - Already have ACK (at simulation time 115.000,000,000 s)
2025-06-06 16:07:50,773 INFO  - Already have ACK (at simulation time 115.000,000,000 s)
2025-06-06 16:07:50,773 INFO  - Already have ACK (at simulation time 115.000,000,000 s)
2025-06-06 16:07:50,773 INFO  - Already have ACK (at simulation time 115.000,000,000 s)
2025-06-06 16:07:50,773 INFO  - Already have ACK (at simulation time 115.000,000,000 s)
2025-06-06 16:07:50,773 INFO  - Already have ACK (at simulation time 115.000,000,000 s)
2025-06-06 16:07:50,773 INFO  - Already have ACK (at simulation time 115.000,000,000 s)
2025-06-06 16:07:50,773 INFO  - Already have ACK (at simulation time 115.000,000,000 s)
2025-06-06 16:07:50,774 INFO  - Already have ACK (at simulation time 115.000,000,000 s)
2025-06-06 16:07:50,774 INFO  - Already have ACK (at simulation time 115.000,000,000 s)
2025-06-06 16:07:50,774 INFO  - Already have ACK (at simulation time 115.000,000,000 s)
2025-06-06 16:07:50,774 INFO  - Already have ACK (at simulation time 115.000,000,000 s)
2025-06-06 16:07:50,774 INFO  - Already have ACK (at simulation time 115.000,000,000 s)
2025-06-06 16:07:50,774 INFO  - Already have ACK (at simulation time 115.000,000,000 s)
2025-06-06 16:07:50,774 INFO  - Already have ACK (at simulation time 115.000,000,000 s)
2025-06-06 16:07:50,774 INFO  - Already have ACK (at simulation time 115.000,000,000 s)
2025-06-06 16:07:50,774 INFO  - Already have ACK (at simulation time 115.000,000,000 s)
2025-06-06 16:07:50,774 INFO  - Already have ACK (at simulation time 115.000,000,000 s)
2025-06-06 16:07:50,774 INFO  - Already have ACK (at simulation time 115.000,000,000 s)
2025-06-06 16:07:50,774 INFO  - Already have ACK (at simulation time 115.000,000,000 s)
2025-06-06 16:07:50,774 INFO  - Already have ACK (at simulation time 115.000,000,000 s)
2025-06-06 16:07:50,774 INFO  - Already have ACK (at simulation time 115.000,000,000 s)
2025-06-06 16:07:50,774 INFO  - Already have ACK (at simulation time 115.000,000,000 s)
2025-06-06 16:07:50,774 INFO  - Already have ACK (at simulation time 115.000,000,000 s)
2025-06-06 16:07:50,774 INFO  - Already have ACK (at simulation time 115.000,000,000 s)
2025-06-06 16:07:50,774 INFO  - Already have ACK (at simulation time 115.000,000,000 s)
2025-06-06 16:07:50,778 INFO  - Already have ACK (at simulation time 116.000,000,000 s)
2025-06-06 16:07:50,778 INFO  - Already have ACK (at simulation time 116.000,000,000 s)
2025-06-06 16:07:50,779 INFO  - Already have ACK (at simulation time 116.000,000,000 s)
2025-06-06 16:07:50,779 INFO  - Already have ACK (at simulation time 116.000,000,000 s)
2025-06-06 16:07:50,779 INFO  - Already have ACK (at simulation time 116.000,000,000 s)
2025-06-06 16:07:50,779 INFO  - Already have ACK (at simulation time 116.000,000,000 s)
2025-06-06 16:07:50,779 INFO  - Already have ACK (at simulation time 116.000,000,000 s)
2025-06-06 16:07:50,779 INFO  - Already have ACK (at simulation time 116.000,000,000 s)
2025-06-06 16:07:50,779 INFO  - Already have ACK (at simulation time 116.000,000,000 s)
2025-06-06 16:07:50,779 INFO  - Already have ACK (at simulation time 116.000,000,000 s)
2025-06-06 16:07:50,779 INFO  - Already have ACK (at simulation time 116.000,000,000 s)
2025-06-06 16:07:50,779 INFO  - Already have ACK (at simulation time 116.000,000,000 s)
2025-06-06 16:07:50,779 INFO  - Already have ACK (at simulation time 116.000,000,000 s)
2025-06-06 16:07:50,779 INFO  - Already have ACK (at simulation time 116.000,000,000 s)
2025-06-06 16:07:50,779 INFO  - Already have ACK (at simulation time 116.000,000,000 s)
2025-06-06 16:07:50,779 INFO  - Already have ACK (at simulation time 116.000,000,000 s)
2025-06-06 16:07:50,780 INFO  - Already have ACK (at simulation time 116.000,000,000 s)
2025-06-06 16:07:50,780 INFO  - Already have ACK (at simulation time 116.000,000,000 s)
2025-06-06 16:07:50,780 INFO  - Already have ACK (at simulation time 116.000,000,000 s)
2025-06-06 16:07:50,780 INFO  - Already have ACK (at simulation time 116.000,000,000 s)
2025-06-06 16:07:50,780 INFO  - Already have ACK (at simulation time 116.000,000,000 s)
2025-06-06 16:07:50,780 INFO  - Already have ACK (at simulation time 116.000,000,000 s)
2025-06-06 16:07:50,780 INFO  - Already have ACK (at simulation time 116.000,000,000 s)
2025-06-06 16:07:50,780 INFO  - Already have ACK (at simulation time 116.000,000,000 s)
2025-06-06 16:07:50,780 INFO  - Already have ACK (at simulation time 116.000,000,000 s)
2025-06-06 16:07:50,780 INFO  - Already have ACK (at simulation time 116.000,000,000 s)
2025-06-06 16:07:50,780 INFO  - Already have ACK (at simulation time 116.000,000,000 s)
2025-06-06 16:07:50,780 INFO  - Already have ACK (at simulation time 116.000,000,000 s)
2025-06-06 16:07:50,784 INFO  - Already have ACK (at simulation time 117.000,000,000 s)
2025-06-06 16:07:50,784 INFO  - Already have ACK (at simulation time 117.000,000,000 s)
2025-06-06 16:07:50,784 INFO  - Already have ACK (at simulation time 117.000,000,000 s)
2025-06-06 16:07:50,784 INFO  - Already have ACK (at simulation time 117.000,000,000 s)
2025-06-06 16:07:50,784 INFO  - Already have ACK (at simulation time 117.000,000,000 s)
2025-06-06 16:07:50,784 INFO  - Already have ACK (at simulation time 117.000,000,000 s)
2025-06-06 16:07:50,784 INFO  - Already have ACK (at simulation time 117.000,000,000 s)
2025-06-06 16:07:50,784 INFO  - Already have ACK (at simulation time 117.000,000,000 s)
2025-06-06 16:07:50,784 INFO  - Already have ACK (at simulation time 117.000,000,000 s)
2025-06-06 16:07:50,785 INFO  - Already have ACK (at simulation time 117.000,000,000 s)
2025-06-06 16:07:50,785 INFO  - Already have ACK (at simulation time 117.000,000,000 s)
2025-06-06 16:07:50,785 INFO  - Already have ACK (at simulation time 117.000,000,000 s)
2025-06-06 16:07:50,785 INFO  - Already have ACK (at simulation time 117.000,000,000 s)
2025-06-06 16:07:50,785 INFO  - Already have ACK (at simulation time 117.000,000,000 s)
2025-06-06 16:07:50,785 INFO  - Already have ACK (at simulation time 117.000,000,000 s)
2025-06-06 16:07:50,785 INFO  - Already have ACK (at simulation time 117.000,000,000 s)
2025-06-06 16:07:50,785 INFO  - Already have ACK (at simulation time 117.000,000,000 s)
2025-06-06 16:07:50,785 INFO  - Already have ACK (at simulation time 117.000,000,000 s)
2025-06-06 16:07:50,785 INFO  - Already have ACK (at simulation time 117.000,000,000 s)
2025-06-06 16:07:50,785 INFO  - Already have ACK (at simulation time 117.000,000,000 s)
2025-06-06 16:07:50,785 INFO  - Already have ACK (at simulation time 117.000,000,000 s)
2025-06-06 16:07:50,785 INFO  - Already have ACK (at simulation time 117.000,000,000 s)
2025-06-06 16:07:50,785 INFO  - Already have ACK (at simulation time 117.000,000,000 s)
2025-06-06 16:07:50,785 INFO  - Already have ACK (at simulation time 117.000,000,000 s)
2025-06-06 16:07:50,785 INFO  - Already have ACK (at simulation time 117.000,000,000 s)
2025-06-06 16:07:50,786 INFO  - Already have ACK (at simulation time 117.000,000,000 s)
2025-06-06 16:07:50,786 INFO  - Already have ACK (at simulation time 117.000,000,000 s)
2025-06-06 16:07:50,786 INFO  - Already have ACK (at simulation time 117.000,000,000 s)
2025-06-06 16:07:50,786 INFO  - Already have ACK (at simulation time 117.000,000,000 s)
2025-06-06 16:07:50,789 INFO  - Already have ACK (at simulation time 118.000,000,000 s)
2025-06-06 16:07:50,790 INFO  - Already have ACK (at simulation time 118.000,000,000 s)
2025-06-06 16:07:50,790 INFO  - Already have ACK (at simulation time 118.000,000,000 s)
2025-06-06 16:07:50,790 INFO  - Already have ACK (at simulation time 118.000,000,000 s)
2025-06-06 16:07:50,790 INFO  - Already have ACK (at simulation time 118.000,000,000 s)
2025-06-06 16:07:50,790 INFO  - Already have ACK (at simulation time 118.000,000,000 s)
2025-06-06 16:07:50,790 INFO  - Already have ACK (at simulation time 118.000,000,000 s)
2025-06-06 16:07:50,790 INFO  - Already have ACK (at simulation time 118.000,000,000 s)
2025-06-06 16:07:50,790 INFO  - Already have ACK (at simulation time 118.000,000,000 s)
2025-06-06 16:07:50,790 INFO  - Already have ACK (at simulation time 118.000,000,000 s)
2025-06-06 16:07:50,790 INFO  - Already have ACK (at simulation time 118.000,000,000 s)
2025-06-06 16:07:50,790 INFO  - Already have ACK (at simulation time 118.000,000,000 s)
2025-06-06 16:07:50,790 INFO  - Already have ACK (at simulation time 118.000,000,000 s)
2025-06-06 16:07:50,790 INFO  - Already have ACK (at simulation time 118.000,000,000 s)
2025-06-06 16:07:50,790 INFO  - Already have ACK (at simulation time 118.000,000,000 s)
2025-06-06 16:07:50,791 INFO  - Already have ACK (at simulation time 118.000,000,000 s)
2025-06-06 16:07:50,791 INFO  - Already have ACK (at simulation time 118.000,000,000 s)
2025-06-06 16:07:50,791 INFO  - Already have ACK (at simulation time 118.000,000,000 s)
2025-06-06 16:07:50,791 INFO  - Already have ACK (at simulation time 118.000,000,000 s)
2025-06-06 16:07:50,791 INFO  - Already have ACK (at simulation time 118.000,000,000 s)
2025-06-06 16:07:50,791 INFO  - Already have ACK (at simulation time 118.000,000,000 s)
2025-06-06 16:07:50,791 INFO  - Already have ACK (at simulation time 118.000,000,000 s)
2025-06-06 16:07:50,791 INFO  - Already have ACK (at simulation time 118.000,000,000 s)
2025-06-06 16:07:50,791 INFO  - Already have ACK (at simulation time 118.000,000,000 s)
2025-06-06 16:07:50,791 INFO  - Already have ACK (at simulation time 118.000,000,000 s)
2025-06-06 16:07:50,791 INFO  - Already have ACK (at simulation time 118.000,000,000 s)
2025-06-06 16:07:50,791 INFO  - Already have ACK (at simulation time 118.000,000,000 s)
2025-06-06 16:07:50,791 INFO  - Already have ACK (at simulation time 118.000,000,000 s)
2025-06-06 16:07:50,791 INFO  - Already have ACK (at simulation time 118.000,000,000 s)
2025-06-06 16:07:50,791 INFO  - Already have ACK (at simulation time 118.000,000,000 s)
2025-06-06 16:07:50,796 INFO  - Sent periodic GreenWaveMsg: veh_17 on route r_1 (at simulation time 119.000,000,000 s)
2025-06-06 16:07:50,796 INFO  - Already have ACK (at simulation time 119.000,000,000 s)
2025-06-06 16:07:50,796 INFO  - Already have ACK (at simulation time 119.000,000,000 s)
2025-06-06 16:07:50,796 INFO  - Already have ACK (at simulation time 119.000,000,000 s)
2025-06-06 16:07:50,796 INFO  - Already have ACK (at simulation time 119.000,000,000 s)
2025-06-06 16:07:50,796 INFO  - Already have ACK (at simulation time 119.000,000,000 s)
2025-06-06 16:07:50,796 INFO  - Already have ACK (at simulation time 119.000,000,000 s)
2025-06-06 16:07:50,796 INFO  - Already have ACK (at simulation time 119.000,000,000 s)
2025-06-06 16:07:50,796 INFO  - Already have ACK (at simulation time 119.000,000,000 s)
2025-06-06 16:07:50,796 INFO  - Already have ACK (at simulation time 119.000,000,000 s)
2025-06-06 16:07:50,797 INFO  - Already have ACK (at simulation time 119.000,000,000 s)
2025-06-06 16:07:50,797 INFO  - Already have ACK (at simulation time 119.000,000,000 s)
2025-06-06 16:07:50,797 INFO  - Already have ACK (at simulation time 119.000,000,000 s)
2025-06-06 16:07:50,797 INFO  - Already have ACK (at simulation time 119.000,000,000 s)
2025-06-06 16:07:50,797 INFO  - Already have ACK (at simulation time 119.000,000,000 s)
2025-06-06 16:07:50,797 INFO  - Already have ACK (at simulation time 119.000,000,000 s)
2025-06-06 16:07:50,797 INFO  - Already have ACK (at simulation time 119.000,000,000 s)
2025-06-06 16:07:50,797 INFO  - Already have ACK (at simulation time 119.000,000,000 s)
2025-06-06 16:07:50,797 INFO  - Already have ACK (at simulation time 119.000,000,000 s)
2025-06-06 16:07:50,797 INFO  - Already have ACK (at simulation time 119.000,000,000 s)
2025-06-06 16:07:50,797 INFO  - Already have ACK (at simulation time 119.000,000,000 s)
2025-06-06 16:07:50,797 INFO  - Already have ACK (at simulation time 119.000,000,000 s)
2025-06-06 16:07:50,797 INFO  - Already have ACK (at simulation time 119.000,000,000 s)
2025-06-06 16:07:50,797 INFO  - Already have ACK (at simulation time 119.000,000,000 s)
2025-06-06 16:07:50,797 INFO  - Already have ACK (at simulation time 119.000,000,000 s)
2025-06-06 16:07:50,798 INFO  - Already have ACK (at simulation time 119.000,000,000 s)
2025-06-06 16:07:50,798 INFO  - Already have ACK (at simulation time 119.000,000,000 s)
2025-06-06 16:07:50,798 INFO  - Already have ACK (at simulation time 119.000,000,000 s)
2025-06-06 16:07:50,798 INFO  - Already have ACK (at simulation time 119.000,000,000 s)
2025-06-06 16:07:50,798 INFO  - Already have ACK (at simulation time 119.000,000,000 s)
2025-06-06 16:07:50,798 INFO  - Already have ACK (at simulation time 119.000,000,000 s)
2025-06-06 16:07:50,798 INFO  - Already have ACK (at simulation time 119.000,000,000 s)
2025-06-06 16:07:50,801 INFO  - Received ACK with origin at RSU from rsu_0 at 119002800000 (at simulation time 119.002,800,000 s)
2025-06-06 16:07:50,808 INFO  - Already have ACK (at simulation time 120.000,000,000 s)
2025-06-06 16:07:50,809 INFO  - Already have ACK (at simulation time 120.000,000,000 s)
2025-06-06 16:07:50,809 INFO  - Already have ACK (at simulation time 120.000,000,000 s)
2025-06-06 16:07:50,809 INFO  - Already have ACK (at simulation time 120.000,000,000 s)
2025-06-06 16:07:50,809 INFO  - Already have ACK (at simulation time 120.000,000,000 s)
2025-06-06 16:07:50,809 INFO  - Already have ACK (at simulation time 120.000,000,000 s)
2025-06-06 16:07:50,809 INFO  - Already have ACK (at simulation time 120.000,000,000 s)
2025-06-06 16:07:50,809 INFO  - Already have ACK (at simulation time 120.000,000,000 s)
2025-06-06 16:07:50,809 INFO  - Already have ACK (at simulation time 120.000,000,000 s)
2025-06-06 16:07:50,809 INFO  - Already have ACK (at simulation time 120.000,000,000 s)
2025-06-06 16:07:50,809 INFO  - Already have ACK (at simulation time 120.000,000,000 s)
2025-06-06 16:07:50,809 INFO  - Already have ACK (at simulation time 120.000,000,000 s)
2025-06-06 16:07:50,810 INFO  - Already have ACK (at simulation time 120.000,000,000 s)
2025-06-06 16:07:50,810 INFO  - Already have ACK (at simulation time 120.000,000,000 s)
2025-06-06 16:07:50,810 INFO  - Already have ACK (at simulation time 120.000,000,000 s)
2025-06-06 16:07:50,810 INFO  - Already have ACK (at simulation time 120.000,000,000 s)
2025-06-06 16:07:50,810 INFO  - Already have ACK (at simulation time 120.000,000,000 s)
2025-06-06 16:07:50,810 INFO  - Already have ACK (at simulation time 120.000,000,000 s)
2025-06-06 16:07:50,810 INFO  - Already have ACK (at simulation time 120.000,000,000 s)
2025-06-06 16:07:50,810 INFO  - Already have ACK (at simulation time 120.000,000,000 s)
2025-06-06 16:07:50,810 INFO  - Already have ACK (at simulation time 120.000,000,000 s)
2025-06-06 16:07:50,810 INFO  - Already have ACK (at simulation time 120.000,000,000 s)
2025-06-06 16:07:50,810 INFO  - Already have ACK (at simulation time 120.000,000,000 s)
2025-06-06 16:07:50,810 INFO  - Already have ACK (at simulation time 120.000,000,000 s)
2025-06-06 16:07:50,810 INFO  - Already have ACK (at simulation time 120.000,000,000 s)
2025-06-06 16:07:50,810 INFO  - Already have ACK (at simulation time 120.000,000,000 s)
2025-06-06 16:07:50,810 INFO  - Already have ACK (at simulation time 120.000,000,000 s)
2025-06-06 16:07:50,810 INFO  - Already have ACK (at simulation time 120.000,000,000 s)
2025-06-06 16:07:50,811 INFO  - Already have ACK (at simulation time 120.000,000,000 s)
2025-06-06 16:07:50,811 INFO  - Already have ACK (at simulation time 120.000,000,000 s)
2025-06-06 16:07:50,811 INFO  - Already have ACK (at simulation time 120.000,000,000 s)
2025-06-06 16:07:50,811 INFO  - Already have ACK (at simulation time 120.000,000,000 s)
2025-06-06 16:07:50,814 INFO  - Received metrics from FogNode: avgR0=1.0833333333333333, avgR1=1.75 (at simulation time 120.001,800,000 s)
2025-06-06 16:07:50,815 INFO  - Already have ACK (at simulation time 121.000,000,000 s)
2025-06-06 16:07:50,816 INFO  - Already have ACK (at simulation time 121.000,000,000 s)
2025-06-06 16:07:50,816 INFO  - Already have ACK (at simulation time 121.000,000,000 s)
2025-06-06 16:07:50,816 INFO  - Already have ACK (at simulation time 121.000,000,000 s)
2025-06-06 16:07:50,816 INFO  - Already have ACK (at simulation time 121.000,000,000 s)
2025-06-06 16:07:50,816 INFO  - Already have ACK (at simulation time 121.000,000,000 s)
2025-06-06 16:07:50,816 INFO  - Already have ACK (at simulation time 121.000,000,000 s)
2025-06-06 16:07:50,816 INFO  - Already have ACK (at simulation time 121.000,000,000 s)
2025-06-06 16:07:50,816 INFO  - Already have ACK (at simulation time 121.000,000,000 s)
2025-06-06 16:07:50,816 INFO  - Already have ACK (at simulation time 121.000,000,000 s)
2025-06-06 16:07:50,816 INFO  - Already have ACK (at simulation time 121.000,000,000 s)
2025-06-06 16:07:50,817 INFO  - Already have ACK (at simulation time 121.000,000,000 s)
2025-06-06 16:07:50,817 INFO  - Already have ACK (at simulation time 121.000,000,000 s)
2025-06-06 16:07:50,817 INFO  - Already have ACK (at simulation time 121.000,000,000 s)
2025-06-06 16:07:50,817 INFO  - Already have ACK (at simulation time 121.000,000,000 s)
2025-06-06 16:07:50,817 INFO  - Already have ACK (at simulation time 121.000,000,000 s)
2025-06-06 16:07:50,817 INFO  - Already have ACK (at simulation time 121.000,000,000 s)
2025-06-06 16:07:50,817 INFO  - Already have ACK (at simulation time 121.000,000,000 s)
2025-06-06 16:07:50,817 INFO  - Already have ACK (at simulation time 121.000,000,000 s)
2025-06-06 16:07:50,817 INFO  - Already have ACK (at simulation time 121.000,000,000 s)
2025-06-06 16:07:50,817 INFO  - Already have ACK (at simulation time 121.000,000,000 s)
2025-06-06 16:07:50,817 INFO  - Already have ACK (at simulation time 121.000,000,000 s)
2025-06-06 16:07:50,817 INFO  - Already have ACK (at simulation time 121.000,000,000 s)
2025-06-06 16:07:50,817 INFO  - Already have ACK (at simulation time 121.000,000,000 s)
2025-06-06 16:07:50,817 INFO  - Already have ACK (at simulation time 121.000,000,000 s)
2025-06-06 16:07:50,817 INFO  - Already have ACK (at simulation time 121.000,000,000 s)
2025-06-06 16:07:50,817 INFO  - Already have ACK (at simulation time 121.000,000,000 s)
2025-06-06 16:07:50,817 INFO  - Already have ACK (at simulation time 121.000,000,000 s)
2025-06-06 16:07:50,818 INFO  - Already have ACK (at simulation time 121.000,000,000 s)
2025-06-06 16:07:50,818 INFO  - Already have ACK (at simulation time 121.000,000,000 s)
2025-06-06 16:07:50,818 INFO  - Already have ACK (at simulation time 121.000,000,000 s)
2025-06-06 16:07:50,818 INFO  - Already have ACK (at simulation time 121.000,000,000 s)
2025-06-06 16:07:50,818 INFO  - Already have ACK (at simulation time 121.000,000,000 s)
2025-06-06 16:07:50,822 INFO  - Already have ACK (at simulation time 122.000,000,000 s)
2025-06-06 16:07:50,823 INFO  - Already have ACK (at simulation time 122.000,000,000 s)
2025-06-06 16:07:50,823 INFO  - Already have ACK (at simulation time 122.000,000,000 s)
2025-06-06 16:07:50,823 INFO  - Already have ACK (at simulation time 122.000,000,000 s)
2025-06-06 16:07:50,823 INFO  - Already have ACK (at simulation time 122.000,000,000 s)
2025-06-06 16:07:50,823 INFO  - Already have ACK (at simulation time 122.000,000,000 s)
2025-06-06 16:07:50,823 INFO  - Already have ACK (at simulation time 122.000,000,000 s)
2025-06-06 16:07:50,823 INFO  - Already have ACK (at simulation time 122.000,000,000 s)
2025-06-06 16:07:50,823 INFO  - Already have ACK (at simulation time 122.000,000,000 s)
2025-06-06 16:07:50,823 INFO  - Already have ACK (at simulation time 122.000,000,000 s)
2025-06-06 16:07:50,824 INFO  - Already have ACK (at simulation time 122.000,000,000 s)
2025-06-06 16:07:50,824 INFO  - Already have ACK (at simulation time 122.000,000,000 s)
2025-06-06 16:07:50,824 INFO  - Already have ACK (at simulation time 122.000,000,000 s)
2025-06-06 16:07:50,824 INFO  - Already have ACK (at simulation time 122.000,000,000 s)
2025-06-06 16:07:50,824 INFO  - Already have ACK (at simulation time 122.000,000,000 s)
2025-06-06 16:07:50,824 INFO  - Already have ACK (at simulation time 122.000,000,000 s)
2025-06-06 16:07:50,824 INFO  - Already have ACK (at simulation time 122.000,000,000 s)
2025-06-06 16:07:50,824 INFO  - Already have ACK (at simulation time 122.000,000,000 s)
2025-06-06 16:07:50,824 INFO  - Already have ACK (at simulation time 122.000,000,000 s)
2025-06-06 16:07:50,824 INFO  - Already have ACK (at simulation time 122.000,000,000 s)
2025-06-06 16:07:50,824 INFO  - Already have ACK (at simulation time 122.000,000,000 s)
2025-06-06 16:07:50,824 INFO  - Already have ACK (at simulation time 122.000,000,000 s)
2025-06-06 16:07:50,824 INFO  - Already have ACK (at simulation time 122.000,000,000 s)
2025-06-06 16:07:50,824 INFO  - Already have ACK (at simulation time 122.000,000,000 s)
2025-06-06 16:07:50,824 INFO  - Already have ACK (at simulation time 122.000,000,000 s)
2025-06-06 16:07:50,824 INFO  - Already have ACK (at simulation time 122.000,000,000 s)
2025-06-06 16:07:50,825 INFO  - Already have ACK (at simulation time 122.000,000,000 s)
2025-06-06 16:07:50,825 INFO  - Already have ACK (at simulation time 122.000,000,000 s)
2025-06-06 16:07:50,825 INFO  - Already have ACK (at simulation time 122.000,000,000 s)
2025-06-06 16:07:50,825 INFO  - Already have ACK (at simulation time 122.000,000,000 s)
2025-06-06 16:07:50,825 INFO  - Already have ACK (at simulation time 122.000,000,000 s)
2025-06-06 16:07:50,825 INFO  - Already have ACK (at simulation time 122.000,000,000 s)
2025-06-06 16:07:50,825 INFO  - Already have ACK (at simulation time 122.000,000,000 s)
2025-06-06 16:07:50,825 INFO  - Already have ACK (at simulation time 122.000,000,000 s)
2025-06-06 16:07:50,829 INFO  - Already have ACK (at simulation time 123.000,000,000 s)
2025-06-06 16:07:50,829 INFO  - Already have ACK (at simulation time 123.000,000,000 s)
2025-06-06 16:07:50,829 INFO  - Already have ACK (at simulation time 123.000,000,000 s)
2025-06-06 16:07:50,829 INFO  - Already have ACK (at simulation time 123.000,000,000 s)
2025-06-06 16:07:50,829 INFO  - Already have ACK (at simulation time 123.000,000,000 s)
2025-06-06 16:07:50,829 INFO  - Already have ACK (at simulation time 123.000,000,000 s)
2025-06-06 16:07:50,830 INFO  - Already have ACK (at simulation time 123.000,000,000 s)
2025-06-06 16:07:50,830 INFO  - Already have ACK (at simulation time 123.000,000,000 s)
2025-06-06 16:07:50,830 INFO  - Already have ACK (at simulation time 123.000,000,000 s)
2025-06-06 16:07:50,830 INFO  - Already have ACK (at simulation time 123.000,000,000 s)
2025-06-06 16:07:50,830 INFO  - Already have ACK (at simulation time 123.000,000,000 s)
2025-06-06 16:07:50,830 INFO  - Already have ACK (at simulation time 123.000,000,000 s)
2025-06-06 16:07:50,830 INFO  - Already have ACK (at simulation time 123.000,000,000 s)
2025-06-06 16:07:50,830 INFO  - Already have ACK (at simulation time 123.000,000,000 s)
2025-06-06 16:07:50,830 INFO  - Already have ACK (at simulation time 123.000,000,000 s)
2025-06-06 16:07:50,830 INFO  - Already have ACK (at simulation time 123.000,000,000 s)
2025-06-06 16:07:50,830 INFO  - Already have ACK (at simulation time 123.000,000,000 s)
2025-06-06 16:07:50,830 INFO  - Already have ACK (at simulation time 123.000,000,000 s)
2025-06-06 16:07:50,830 INFO  - Already have ACK (at simulation time 123.000,000,000 s)
2025-06-06 16:07:50,830 INFO  - Already have ACK (at simulation time 123.000,000,000 s)
2025-06-06 16:07:50,830 INFO  - Already have ACK (at simulation time 123.000,000,000 s)
2025-06-06 16:07:50,831 INFO  - Already have ACK (at simulation time 123.000,000,000 s)
2025-06-06 16:07:50,831 INFO  - Already have ACK (at simulation time 123.000,000,000 s)
2025-06-06 16:07:50,831 INFO  - Already have ACK (at simulation time 123.000,000,000 s)
2025-06-06 16:07:50,831 INFO  - Already have ACK (at simulation time 123.000,000,000 s)
2025-06-06 16:07:50,831 INFO  - Already have ACK (at simulation time 123.000,000,000 s)
2025-06-06 16:07:50,831 INFO  - Already have ACK (at simulation time 123.000,000,000 s)
2025-06-06 16:07:50,831 INFO  - Already have ACK (at simulation time 123.000,000,000 s)
2025-06-06 16:07:50,831 INFO  - Already have ACK (at simulation time 123.000,000,000 s)
2025-06-06 16:07:50,831 INFO  - Already have ACK (at simulation time 123.000,000,000 s)
2025-06-06 16:07:50,831 INFO  - Already have ACK (at simulation time 123.000,000,000 s)
2025-06-06 16:07:50,831 INFO  - Already have ACK (at simulation time 123.000,000,000 s)
2025-06-06 16:07:50,831 INFO  - Already have ACK (at simulation time 123.000,000,000 s)
2025-06-06 16:07:50,831 INFO  - Already have ACK (at simulation time 123.000,000,000 s)
2025-06-06 16:07:50,831 INFO  - Already have ACK (at simulation time 123.000,000,000 s)
2025-06-06 16:07:50,836 INFO  - Sent periodic GreenWaveMsg: veh_17 on route r_1 (at simulation time 124.000,000,000 s)
2025-06-06 16:07:50,836 INFO  - Already have ACK (at simulation time 124.000,000,000 s)
2025-06-06 16:07:50,836 INFO  - Already have ACK (at simulation time 124.000,000,000 s)
2025-06-06 16:07:50,836 INFO  - Already have ACK (at simulation time 124.000,000,000 s)
2025-06-06 16:07:50,837 INFO  - Already have ACK (at simulation time 124.000,000,000 s)
2025-06-06 16:07:50,837 INFO  - Already have ACK (at simulation time 124.000,000,000 s)
2025-06-06 16:07:50,837 INFO  - Already have ACK (at simulation time 124.000,000,000 s)
2025-06-06 16:07:50,837 INFO  - Already have ACK (at simulation time 124.000,000,000 s)
2025-06-06 16:07:50,837 INFO  - Already have ACK (at simulation time 124.000,000,000 s)
2025-06-06 16:07:50,837 INFO  - Already have ACK (at simulation time 124.000,000,000 s)
2025-06-06 16:07:50,837 INFO  - Already have ACK (at simulation time 124.000,000,000 s)
2025-06-06 16:07:50,837 INFO  - Already have ACK (at simulation time 124.000,000,000 s)
2025-06-06 16:07:50,837 INFO  - Already have ACK (at simulation time 124.000,000,000 s)
2025-06-06 16:07:50,837 INFO  - Already have ACK (at simulation time 124.000,000,000 s)
2025-06-06 16:07:50,837 INFO  - Already have ACK (at simulation time 124.000,000,000 s)
2025-06-06 16:07:50,837 INFO  - Already have ACK (at simulation time 124.000,000,000 s)
2025-06-06 16:07:50,837 INFO  - Already have ACK (at simulation time 124.000,000,000 s)
2025-06-06 16:07:50,837 INFO  - Already have ACK (at simulation time 124.000,000,000 s)
2025-06-06 16:07:50,837 INFO  - Already have ACK (at simulation time 124.000,000,000 s)
2025-06-06 16:07:50,838 INFO  - Already have ACK (at simulation time 124.000,000,000 s)
2025-06-06 16:07:50,838 INFO  - Already have ACK (at simulation time 124.000,000,000 s)
2025-06-06 16:07:50,838 INFO  - Already have ACK (at simulation time 124.000,000,000 s)
2025-06-06 16:07:50,838 INFO  - Already have ACK (at simulation time 124.000,000,000 s)
2025-06-06 16:07:50,838 INFO  - Already have ACK (at simulation time 124.000,000,000 s)
2025-06-06 16:07:50,838 INFO  - Already have ACK (at simulation time 124.000,000,000 s)
2025-06-06 16:07:50,838 INFO  - Already have ACK (at simulation time 124.000,000,000 s)
2025-06-06 16:07:50,838 INFO  - Already have ACK (at simulation time 124.000,000,000 s)
2025-06-06 16:07:50,838 INFO  - Already have ACK (at simulation time 124.000,000,000 s)
2025-06-06 16:07:50,838 INFO  - Already have ACK (at simulation time 124.000,000,000 s)
2025-06-06 16:07:50,838 INFO  - Already have ACK (at simulation time 124.000,000,000 s)
2025-06-06 16:07:50,838 INFO  - Already have ACK (at simulation time 124.000,000,000 s)
2025-06-06 16:07:50,838 INFO  - Already have ACK (at simulation time 124.000,000,000 s)
2025-06-06 16:07:50,838 INFO  - Already have ACK (at simulation time 124.000,000,000 s)
2025-06-06 16:07:50,838 INFO  - Already have ACK (at simulation time 124.000,000,000 s)
2025-06-06 16:07:50,838 INFO  - Already have ACK (at simulation time 124.000,000,000 s)
2025-06-06 16:07:50,838 INFO  - Already have ACK (at simulation time 124.000,000,000 s)
2025-06-06 16:07:50,838 INFO  - Already have ACK (at simulation time 124.000,000,000 s)
2025-06-06 16:07:50,842 INFO  - Received ACK with origin at RSU from rsu_0 at 124002800000 (at simulation time 124.002,800,000 s)
2025-06-06 16:07:50,848 INFO  - Already have ACK (at simulation time 125.000,000,000 s)
2025-06-06 16:07:50,849 INFO  - Already have ACK (at simulation time 125.000,000,000 s)
2025-06-06 16:07:50,849 INFO  - Already have ACK (at simulation time 125.000,000,000 s)
2025-06-06 16:07:50,849 INFO  - Already have ACK (at simulation time 125.000,000,000 s)
2025-06-06 16:07:50,849 INFO  - Already have ACK (at simulation time 125.000,000,000 s)
2025-06-06 16:07:50,849 INFO  - Already have ACK (at simulation time 125.000,000,000 s)
2025-06-06 16:07:50,849 INFO  - Already have ACK (at simulation time 125.000,000,000 s)
2025-06-06 16:07:50,849 INFO  - Already have ACK (at simulation time 125.000,000,000 s)
2025-06-06 16:07:50,850 INFO  - Already have ACK (at simulation time 125.000,000,000 s)
2025-06-06 16:07:50,850 INFO  - Already have ACK (at simulation time 125.000,000,000 s)
2025-06-06 16:07:50,850 INFO  - Already have ACK (at simulation time 125.000,000,000 s)
2025-06-06 16:07:50,850 INFO  - Already have ACK (at simulation time 125.000,000,000 s)
2025-06-06 16:07:50,850 INFO  - Already have ACK (at simulation time 125.000,000,000 s)
2025-06-06 16:07:50,850 INFO  - Already have ACK (at simulation time 125.000,000,000 s)
2025-06-06 16:07:50,850 INFO  - Already have ACK (at simulation time 125.000,000,000 s)
2025-06-06 16:07:50,850 INFO  - Already have ACK (at simulation time 125.000,000,000 s)
2025-06-06 16:07:50,850 INFO  - Already have ACK (at simulation time 125.000,000,000 s)
2025-06-06 16:07:50,850 INFO  - Already have ACK (at simulation time 125.000,000,000 s)
2025-06-06 16:07:50,850 INFO  - Already have ACK (at simulation time 125.000,000,000 s)
2025-06-06 16:07:50,850 INFO  - Already have ACK (at simulation time 125.000,000,000 s)
2025-06-06 16:07:50,851 INFO  - Already have ACK (at simulation time 125.000,000,000 s)
2025-06-06 16:07:50,851 INFO  - Already have ACK (at simulation time 125.000,000,000 s)
2025-06-06 16:07:50,851 INFO  - Already have ACK (at simulation time 125.000,000,000 s)
2025-06-06 16:07:50,851 INFO  - Already have ACK (at simulation time 125.000,000,000 s)
2025-06-06 16:07:50,851 INFO  - Already have ACK (at simulation time 125.000,000,000 s)
2025-06-06 16:07:50,851 INFO  - Already have ACK (at simulation time 125.000,000,000 s)
2025-06-06 16:07:50,851 INFO  - Already have ACK (at simulation time 125.000,000,000 s)
2025-06-06 16:07:50,851 INFO  - Already have ACK (at simulation time 125.000,000,000 s)
2025-06-06 16:07:50,851 INFO  - Already have ACK (at simulation time 125.000,000,000 s)
2025-06-06 16:07:50,851 INFO  - Already have ACK (at simulation time 125.000,000,000 s)
2025-06-06 16:07:50,851 INFO  - Already have ACK (at simulation time 125.000,000,000 s)
2025-06-06 16:07:50,851 INFO  - Already have ACK (at simulation time 125.000,000,000 s)
2025-06-06 16:07:50,851 INFO  - Already have ACK (at simulation time 125.000,000,000 s)
2025-06-06 16:07:50,851 INFO  - Already have ACK (at simulation time 125.000,000,000 s)
2025-06-06 16:07:50,851 INFO  - Already have ACK (at simulation time 125.000,000,000 s)
2025-06-06 16:07:50,851 INFO  - Already have ACK (at simulation time 125.000,000,000 s)
2025-06-06 16:07:50,851 INFO  - Already have ACK (at simulation time 125.000,000,000 s)
2025-06-06 16:07:50,856 INFO  - Already have ACK (at simulation time 126.000,000,000 s)
2025-06-06 16:07:50,857 INFO  - Already have ACK (at simulation time 126.000,000,000 s)
2025-06-06 16:07:50,857 INFO  - Already have ACK (at simulation time 126.000,000,000 s)
2025-06-06 16:07:50,857 INFO  - Already have ACK (at simulation time 126.000,000,000 s)
2025-06-06 16:07:50,857 INFO  - Already have ACK (at simulation time 126.000,000,000 s)
2025-06-06 16:07:50,857 INFO  - Already have ACK (at simulation time 126.000,000,000 s)
2025-06-06 16:07:50,857 INFO  - Already have ACK (at simulation time 126.000,000,000 s)
2025-06-06 16:07:50,857 INFO  - Already have ACK (at simulation time 126.000,000,000 s)
2025-06-06 16:07:50,857 INFO  - Already have ACK (at simulation time 126.000,000,000 s)
2025-06-06 16:07:50,857 INFO  - Already have ACK (at simulation time 126.000,000,000 s)
2025-06-06 16:07:50,857 INFO  - Already have ACK (at simulation time 126.000,000,000 s)
2025-06-06 16:07:50,857 INFO  - Already have ACK (at simulation time 126.000,000,000 s)
2025-06-06 16:07:50,857 INFO  - Already have ACK (at simulation time 126.000,000,000 s)
2025-06-06 16:07:50,857 INFO  - Already have ACK (at simulation time 126.000,000,000 s)
2025-06-06 16:07:50,858 INFO  - Already have ACK (at simulation time 126.000,000,000 s)
2025-06-06 16:07:50,858 INFO  - Already have ACK (at simulation time 126.000,000,000 s)
2025-06-06 16:07:50,858 INFO  - Already have ACK (at simulation time 126.000,000,000 s)
2025-06-06 16:07:50,858 INFO  - Already have ACK (at simulation time 126.000,000,000 s)
2025-06-06 16:07:50,858 INFO  - Already have ACK (at simulation time 126.000,000,000 s)
2025-06-06 16:07:50,858 INFO  - Already have ACK (at simulation time 126.000,000,000 s)
2025-06-06 16:07:50,858 INFO  - Already have ACK (at simulation time 126.000,000,000 s)
2025-06-06 16:07:50,858 INFO  - Already have ACK (at simulation time 126.000,000,000 s)
2025-06-06 16:07:50,858 INFO  - Already have ACK (at simulation time 126.000,000,000 s)
2025-06-06 16:07:50,858 INFO  - Already have ACK (at simulation time 126.000,000,000 s)
2025-06-06 16:07:50,858 INFO  - Already have ACK (at simulation time 126.000,000,000 s)
2025-06-06 16:07:50,858 INFO  - Already have ACK (at simulation time 126.000,000,000 s)
2025-06-06 16:07:50,858 INFO  - Already have ACK (at simulation time 126.000,000,000 s)
2025-06-06 16:07:50,858 INFO  - Already have ACK (at simulation time 126.000,000,000 s)
2025-06-06 16:07:50,858 INFO  - Already have ACK (at simulation time 126.000,000,000 s)
2025-06-06 16:07:50,858 INFO  - Already have ACK (at simulation time 126.000,000,000 s)
2025-06-06 16:07:50,858 INFO  - Already have ACK (at simulation time 126.000,000,000 s)
2025-06-06 16:07:50,858 INFO  - Already have ACK (at simulation time 126.000,000,000 s)
2025-06-06 16:07:50,858 INFO  - Already have ACK (at simulation time 126.000,000,000 s)
2025-06-06 16:07:50,859 INFO  - Already have ACK (at simulation time 126.000,000,000 s)
2025-06-06 16:07:50,859 INFO  - Already have ACK (at simulation time 126.000,000,000 s)
2025-06-06 16:07:50,859 INFO  - Already have ACK (at simulation time 126.000,000,000 s)
2025-06-06 16:07:50,859 INFO  - Already have ACK (at simulation time 126.000,000,000 s)
2025-06-06 16:07:50,859 INFO  - Already have ACK (at simulation time 126.000,000,000 s)
2025-06-06 16:07:50,863 INFO  - Already have ACK (at simulation time 127.000,000,000 s)
2025-06-06 16:07:50,863 INFO  - Already have ACK (at simulation time 127.000,000,000 s)
2025-06-06 16:07:50,863 INFO  - Already have ACK (at simulation time 127.000,000,000 s)
2025-06-06 16:07:50,863 INFO  - Already have ACK (at simulation time 127.000,000,000 s)
2025-06-06 16:07:50,863 INFO  - Already have ACK (at simulation time 127.000,000,000 s)
2025-06-06 16:07:50,863 INFO  - Already have ACK (at simulation time 127.000,000,000 s)
2025-06-06 16:07:50,864 INFO  - Already have ACK (at simulation time 127.000,000,000 s)
2025-06-06 16:07:50,864 INFO  - Already have ACK (at simulation time 127.000,000,000 s)
2025-06-06 16:07:50,864 INFO  - Already have ACK (at simulation time 127.000,000,000 s)
2025-06-06 16:07:50,864 INFO  - Already have ACK (at simulation time 127.000,000,000 s)
2025-06-06 16:07:50,864 INFO  - Already have ACK (at simulation time 127.000,000,000 s)
2025-06-06 16:07:50,864 INFO  - Already have ACK (at simulation time 127.000,000,000 s)
2025-06-06 16:07:50,864 INFO  - Already have ACK (at simulation time 127.000,000,000 s)
2025-06-06 16:07:50,864 INFO  - Already have ACK (at simulation time 127.000,000,000 s)
2025-06-06 16:07:50,864 INFO  - Already have ACK (at simulation time 127.000,000,000 s)
2025-06-06 16:07:50,864 INFO  - Already have ACK (at simulation time 127.000,000,000 s)
2025-06-06 16:07:50,864 INFO  - Already have ACK (at simulation time 127.000,000,000 s)
2025-06-06 16:07:50,864 INFO  - Already have ACK (at simulation time 127.000,000,000 s)
2025-06-06 16:07:50,864 INFO  - Already have ACK (at simulation time 127.000,000,000 s)
2025-06-06 16:07:50,864 INFO  - Already have ACK (at simulation time 127.000,000,000 s)
2025-06-06 16:07:50,864 INFO  - Already have ACK (at simulation time 127.000,000,000 s)
2025-06-06 16:07:50,864 INFO  - Already have ACK (at simulation time 127.000,000,000 s)
2025-06-06 16:07:50,864 INFO  - Already have ACK (at simulation time 127.000,000,000 s)
2025-06-06 16:07:50,865 INFO  - Already have ACK (at simulation time 127.000,000,000 s)
2025-06-06 16:07:50,865 INFO  - Already have ACK (at simulation time 127.000,000,000 s)
2025-06-06 16:07:50,865 INFO  - Already have ACK (at simulation time 127.000,000,000 s)
2025-06-06 16:07:50,865 INFO  - Already have ACK (at simulation time 127.000,000,000 s)
2025-06-06 16:07:50,865 INFO  - Already have ACK (at simulation time 127.000,000,000 s)
2025-06-06 16:07:50,865 INFO  - Already have ACK (at simulation time 127.000,000,000 s)
2025-06-06 16:07:50,865 INFO  - Already have ACK (at simulation time 127.000,000,000 s)
2025-06-06 16:07:50,865 INFO  - Already have ACK (at simulation time 127.000,000,000 s)
2025-06-06 16:07:50,865 INFO  - Already have ACK (at simulation time 127.000,000,000 s)
2025-06-06 16:07:50,865 INFO  - Already have ACK (at simulation time 127.000,000,000 s)
2025-06-06 16:07:50,865 INFO  - Already have ACK (at simulation time 127.000,000,000 s)
2025-06-06 16:07:50,865 INFO  - Already have ACK (at simulation time 127.000,000,000 s)
2025-06-06 16:07:50,865 INFO  - Already have ACK (at simulation time 127.000,000,000 s)
2025-06-06 16:07:50,865 INFO  - Already have ACK (at simulation time 127.000,000,000 s)
2025-06-06 16:07:50,865 INFO  - Already have ACK (at simulation time 127.000,000,000 s)
2025-06-06 16:07:50,865 INFO  - Already have ACK (at simulation time 127.000,000,000 s)
2025-06-06 16:07:50,869 INFO  - Already have ACK (at simulation time 128.000,000,000 s)
2025-06-06 16:07:50,870 INFO  - Already have ACK (at simulation time 128.000,000,000 s)
2025-06-06 16:07:50,870 INFO  - Already have ACK (at simulation time 128.000,000,000 s)
2025-06-06 16:07:50,870 INFO  - Already have ACK (at simulation time 128.000,000,000 s)
2025-06-06 16:07:50,870 INFO  - Already have ACK (at simulation time 128.000,000,000 s)
2025-06-06 16:07:50,870 INFO  - Already have ACK (at simulation time 128.000,000,000 s)
2025-06-06 16:07:50,870 INFO  - Already have ACK (at simulation time 128.000,000,000 s)
2025-06-06 16:07:50,870 INFO  - Already have ACK (at simulation time 128.000,000,000 s)
2025-06-06 16:07:50,870 INFO  - Already have ACK (at simulation time 128.000,000,000 s)
2025-06-06 16:07:50,870 INFO  - Already have ACK (at simulation time 128.000,000,000 s)
2025-06-06 16:07:50,870 INFO  - Already have ACK (at simulation time 128.000,000,000 s)
2025-06-06 16:07:50,870 INFO  - Already have ACK (at simulation time 128.000,000,000 s)
2025-06-06 16:07:50,870 INFO  - Already have ACK (at simulation time 128.000,000,000 s)
2025-06-06 16:07:50,870 INFO  - Already have ACK (at simulation time 128.000,000,000 s)
2025-06-06 16:07:50,870 INFO  - Already have ACK (at simulation time 128.000,000,000 s)
2025-06-06 16:07:50,871 INFO  - Already have ACK (at simulation time 128.000,000,000 s)
2025-06-06 16:07:50,871 INFO  - Already have ACK (at simulation time 128.000,000,000 s)
2025-06-06 16:07:50,871 INFO  - Already have ACK (at simulation time 128.000,000,000 s)
2025-06-06 16:07:50,871 INFO  - Already have ACK (at simulation time 128.000,000,000 s)
2025-06-06 16:07:50,871 INFO  - Already have ACK (at simulation time 128.000,000,000 s)
2025-06-06 16:07:50,871 INFO  - Already have ACK (at simulation time 128.000,000,000 s)
2025-06-06 16:07:50,871 INFO  - Already have ACK (at simulation time 128.000,000,000 s)
2025-06-06 16:07:50,871 INFO  - Already have ACK (at simulation time 128.000,000,000 s)
2025-06-06 16:07:50,871 INFO  - Already have ACK (at simulation time 128.000,000,000 s)
2025-06-06 16:07:50,871 INFO  - Already have ACK (at simulation time 128.000,000,000 s)
2025-06-06 16:07:50,871 INFO  - Already have ACK (at simulation time 128.000,000,000 s)
2025-06-06 16:07:50,871 INFO  - Already have ACK (at simulation time 128.000,000,000 s)
2025-06-06 16:07:50,871 INFO  - Already have ACK (at simulation time 128.000,000,000 s)
2025-06-06 16:07:50,871 INFO  - Already have ACK (at simulation time 128.000,000,000 s)
2025-06-06 16:07:50,871 INFO  - Already have ACK (at simulation time 128.000,000,000 s)
2025-06-06 16:07:50,871 INFO  - Already have ACK (at simulation time 128.000,000,000 s)
2025-06-06 16:07:50,871 INFO  - Already have ACK (at simulation time 128.000,000,000 s)
2025-06-06 16:07:50,871 INFO  - Already have ACK (at simulation time 128.000,000,000 s)
2025-06-06 16:07:50,871 INFO  - Already have ACK (at simulation time 128.000,000,000 s)
2025-06-06 16:07:50,871 INFO  - Already have ACK (at simulation time 128.000,000,000 s)
2025-06-06 16:07:50,872 INFO  - Already have ACK (at simulation time 128.000,000,000 s)
2025-06-06 16:07:50,872 INFO  - Already have ACK (at simulation time 128.000,000,000 s)
2025-06-06 16:07:50,872 INFO  - Already have ACK (at simulation time 128.000,000,000 s)
2025-06-06 16:07:50,872 INFO  - Already have ACK (at simulation time 128.000,000,000 s)
2025-06-06 16:07:50,872 INFO  - Already have ACK (at simulation time 128.000,000,000 s)
2025-06-06 16:07:50,877 INFO  - Sent periodic GreenWaveMsg: veh_17 on route r_1 (at simulation time 129.000,000,000 s)
2025-06-06 16:07:50,877 INFO  - Already have ACK (at simulation time 129.000,000,000 s)
2025-06-06 16:07:50,877 INFO  - Already have ACK (at simulation time 129.000,000,000 s)
2025-06-06 16:07:50,877 INFO  - Already have ACK (at simulation time 129.000,000,000 s)
2025-06-06 16:07:50,877 INFO  - Already have ACK (at simulation time 129.000,000,000 s)
2025-06-06 16:07:50,877 INFO  - Already have ACK (at simulation time 129.000,000,000 s)
2025-06-06 16:07:50,877 INFO  - Already have ACK (at simulation time 129.000,000,000 s)
2025-06-06 16:07:50,877 INFO  - Already have ACK (at simulation time 129.000,000,000 s)
2025-06-06 16:07:50,877 INFO  - Already have ACK (at simulation time 129.000,000,000 s)
2025-06-06 16:07:50,878 INFO  - Already have ACK (at simulation time 129.000,000,000 s)
2025-06-06 16:07:50,878 INFO  - Already have ACK (at simulation time 129.000,000,000 s)
2025-06-06 16:07:50,878 INFO  - Already have ACK (at simulation time 129.000,000,000 s)
2025-06-06 16:07:50,878 INFO  - Already have ACK (at simulation time 129.000,000,000 s)
2025-06-06 16:07:50,878 INFO  - Already have ACK (at simulation time 129.000,000,000 s)
2025-06-06 16:07:50,878 INFO  - Already have ACK (at simulation time 129.000,000,000 s)
2025-06-06 16:07:50,878 INFO  - Already have ACK (at simulation time 129.000,000,000 s)
2025-06-06 16:07:50,878 INFO  - Already have ACK (at simulation time 129.000,000,000 s)
2025-06-06 16:07:50,878 INFO  - Already have ACK (at simulation time 129.000,000,000 s)
2025-06-06 16:07:50,878 INFO  - Already have ACK (at simulation time 129.000,000,000 s)
2025-06-06 16:07:50,878 INFO  - Already have ACK (at simulation time 129.000,000,000 s)
2025-06-06 16:07:50,878 INFO  - Already have ACK (at simulation time 129.000,000,000 s)
2025-06-06 16:07:50,878 INFO  - Already have ACK (at simulation time 129.000,000,000 s)
2025-06-06 16:07:50,878 INFO  - Already have ACK (at simulation time 129.000,000,000 s)
2025-06-06 16:07:50,878 INFO  - Already have ACK (at simulation time 129.000,000,000 s)
2025-06-06 16:07:50,878 INFO  - Already have ACK (at simulation time 129.000,000,000 s)
2025-06-06 16:07:50,878 INFO  - Already have ACK (at simulation time 129.000,000,000 s)
2025-06-06 16:07:50,878 INFO  - Already have ACK (at simulation time 129.000,000,000 s)
2025-06-06 16:07:50,879 INFO  - Already have ACK (at simulation time 129.000,000,000 s)
2025-06-06 16:07:50,879 INFO  - Already have ACK (at simulation time 129.000,000,000 s)
2025-06-06 16:07:50,879 INFO  - Already have ACK (at simulation time 129.000,000,000 s)
2025-06-06 16:07:50,879 INFO  - Already have ACK (at simulation time 129.000,000,000 s)
2025-06-06 16:07:50,879 INFO  - Already have ACK (at simulation time 129.000,000,000 s)
2025-06-06 16:07:50,879 INFO  - Already have ACK (at simulation time 129.000,000,000 s)
2025-06-06 16:07:50,879 INFO  - Already have ACK (at simulation time 129.000,000,000 s)
2025-06-06 16:07:50,879 INFO  - Already have ACK (at simulation time 129.000,000,000 s)
2025-06-06 16:07:50,879 INFO  - Already have ACK (at simulation time 129.000,000,000 s)
2025-06-06 16:07:50,879 INFO  - Already have ACK (at simulation time 129.000,000,000 s)
2025-06-06 16:07:50,879 INFO  - Already have ACK (at simulation time 129.000,000,000 s)
2025-06-06 16:07:50,879 INFO  - Already have ACK (at simulation time 129.000,000,000 s)
2025-06-06 16:07:50,879 INFO  - Already have ACK (at simulation time 129.000,000,000 s)
2025-06-06 16:07:50,879 INFO  - Already have ACK (at simulation time 129.000,000,000 s)
2025-06-06 16:07:50,879 INFO  - Already have ACK (at simulation time 129.000,000,000 s)
2025-06-06 16:07:50,881 INFO  - Received ACK with origin at RSU from rsu_0 at 129002800000 (at simulation time 129.002,800,000 s)
2025-06-06 16:07:50,890 INFO  - Already have ACK (at simulation time 130.000,000,000 s)
2025-06-06 16:07:50,890 INFO  - Already have ACK (at simulation time 130.000,000,000 s)
2025-06-06 16:07:50,890 INFO  - Already have ACK (at simulation time 130.000,000,000 s)
2025-06-06 16:07:50,891 INFO  - Already have ACK (at simulation time 130.000,000,000 s)
2025-06-06 16:07:50,891 INFO  - Already have ACK (at simulation time 130.000,000,000 s)
2025-06-06 16:07:50,891 INFO  - Already have ACK (at simulation time 130.000,000,000 s)
2025-06-06 16:07:50,891 INFO  - Already have ACK (at simulation time 130.000,000,000 s)
2025-06-06 16:07:50,891 INFO  - Already have ACK (at simulation time 130.000,000,000 s)
2025-06-06 16:07:50,891 INFO  - Already have ACK (at simulation time 130.000,000,000 s)
2025-06-06 16:07:50,891 INFO  - Already have ACK (at simulation time 130.000,000,000 s)
2025-06-06 16:07:50,891 INFO  - Already have ACK (at simulation time 130.000,000,000 s)
2025-06-06 16:07:50,891 INFO  - Already have ACK (at simulation time 130.000,000,000 s)
2025-06-06 16:07:50,891 INFO  - Already have ACK (at simulation time 130.000,000,000 s)
2025-06-06 16:07:50,891 INFO  - Already have ACK (at simulation time 130.000,000,000 s)
2025-06-06 16:07:50,891 INFO  - Already have ACK (at simulation time 130.000,000,000 s)
2025-06-06 16:07:50,891 INFO  - Already have ACK (at simulation time 130.000,000,000 s)
2025-06-06 16:07:50,891 INFO  - Already have ACK (at simulation time 130.000,000,000 s)
2025-06-06 16:07:50,891 INFO  - Already have ACK (at simulation time 130.000,000,000 s)
2025-06-06 16:07:50,892 INFO  - Already have ACK (at simulation time 130.000,000,000 s)
2025-06-06 16:07:50,892 INFO  - Already have ACK (at simulation time 130.000,000,000 s)
2025-06-06 16:07:50,892 INFO  - Already have ACK (at simulation time 130.000,000,000 s)
2025-06-06 16:07:50,892 INFO  - Already have ACK (at simulation time 130.000,000,000 s)
2025-06-06 16:07:50,892 INFO  - Already have ACK (at simulation time 130.000,000,000 s)
2025-06-06 16:07:50,892 INFO  - Already have ACK (at simulation time 130.000,000,000 s)
2025-06-06 16:07:50,892 INFO  - Already have ACK (at simulation time 130.000,000,000 s)
2025-06-06 16:07:50,892 INFO  - Already have ACK (at simulation time 130.000,000,000 s)
2025-06-06 16:07:50,892 INFO  - Already have ACK (at simulation time 130.000,000,000 s)
2025-06-06 16:07:50,892 INFO  - Already have ACK (at simulation time 130.000,000,000 s)
2025-06-06 16:07:50,892 INFO  - Already have ACK (at simulation time 130.000,000,000 s)
2025-06-06 16:07:50,892 INFO  - Already have ACK (at simulation time 130.000,000,000 s)
2025-06-06 16:07:50,892 INFO  - Already have ACK (at simulation time 130.000,000,000 s)
2025-06-06 16:07:50,892 INFO  - Already have ACK (at simulation time 130.000,000,000 s)
2025-06-06 16:07:50,892 INFO  - Already have ACK (at simulation time 130.000,000,000 s)
2025-06-06 16:07:50,892 INFO  - Already have ACK (at simulation time 130.000,000,000 s)
2025-06-06 16:07:50,892 INFO  - Already have ACK (at simulation time 130.000,000,000 s)
2025-06-06 16:07:50,893 INFO  - Already have ACK (at simulation time 130.000,000,000 s)
2025-06-06 16:07:50,893 INFO  - Already have ACK (at simulation time 130.000,000,000 s)
2025-06-06 16:07:50,893 INFO  - Already have ACK (at simulation time 130.000,000,000 s)
2025-06-06 16:07:50,893 INFO  - Already have ACK (at simulation time 130.000,000,000 s)
2025-06-06 16:07:50,893 INFO  - Already have ACK (at simulation time 130.000,000,000 s)
2025-06-06 16:07:50,893 INFO  - Already have ACK (at simulation time 130.000,000,000 s)
2025-06-06 16:07:50,893 INFO  - Already have ACK (at simulation time 130.000,000,000 s)
2025-06-06 16:07:50,896 INFO  - Received metrics from FogNode: avgR0=1.1538461538461537, avgR1=1.8461538461538463 (at simulation time 130.004,800,000 s)
2025-06-06 16:07:50,897 INFO  - Already have ACK (at simulation time 131.000,000,000 s)
2025-06-06 16:07:50,898 INFO  - Already have ACK (at simulation time 131.000,000,000 s)
2025-06-06 16:07:50,898 INFO  - Already have ACK (at simulation time 131.000,000,000 s)
2025-06-06 16:07:50,898 INFO  - Already have ACK (at simulation time 131.000,000,000 s)
2025-06-06 16:07:50,898 INFO  - Already have ACK (at simulation time 131.000,000,000 s)
2025-06-06 16:07:50,898 INFO  - Already have ACK (at simulation time 131.000,000,000 s)
2025-06-06 16:07:50,898 INFO  - Already have ACK (at simulation time 131.000,000,000 s)
2025-06-06 16:07:50,898 INFO  - Already have ACK (at simulation time 131.000,000,000 s)
2025-06-06 16:07:50,898 INFO  - Already have ACK (at simulation time 131.000,000,000 s)
2025-06-06 16:07:50,898 INFO  - Already have ACK (at simulation time 131.000,000,000 s)
2025-06-06 16:07:50,898 INFO  - Already have ACK (at simulation time 131.000,000,000 s)
2025-06-06 16:07:50,899 INFO  - Already have ACK (at simulation time 131.000,000,000 s)
2025-06-06 16:07:50,899 INFO  - Already have ACK (at simulation time 131.000,000,000 s)
2025-06-06 16:07:50,899 INFO  - Already have ACK (at simulation time 131.000,000,000 s)
2025-06-06 16:07:50,899 INFO  - Already have ACK (at simulation time 131.000,000,000 s)
2025-06-06 16:07:50,899 INFO  - Already have ACK (at simulation time 131.000,000,000 s)
2025-06-06 16:07:50,899 INFO  - Already have ACK (at simulation time 131.000,000,000 s)
2025-06-06 16:07:50,899 INFO  - Already have ACK (at simulation time 131.000,000,000 s)
2025-06-06 16:07:50,899 INFO  - Already have ACK (at simulation time 131.000,000,000 s)
2025-06-06 16:07:50,899 INFO  - Already have ACK (at simulation time 131.000,000,000 s)
2025-06-06 16:07:50,899 INFO  - Already have ACK (at simulation time 131.000,000,000 s)
2025-06-06 16:07:50,899 INFO  - Already have ACK (at simulation time 131.000,000,000 s)
2025-06-06 16:07:50,899 INFO  - Already have ACK (at simulation time 131.000,000,000 s)
2025-06-06 16:07:50,899 INFO  - Already have ACK (at simulation time 131.000,000,000 s)
2025-06-06 16:07:50,899 INFO  - Already have ACK (at simulation time 131.000,000,000 s)
2025-06-06 16:07:50,899 INFO  - Already have ACK (at simulation time 131.000,000,000 s)
2025-06-06 16:07:50,899 INFO  - Already have ACK (at simulation time 131.000,000,000 s)
2025-06-06 16:07:50,899 INFO  - Already have ACK (at simulation time 131.000,000,000 s)
2025-06-06 16:07:50,900 INFO  - Already have ACK (at simulation time 131.000,000,000 s)
2025-06-06 16:07:50,900 INFO  - Already have ACK (at simulation time 131.000,000,000 s)
2025-06-06 16:07:50,900 INFO  - Already have ACK (at simulation time 131.000,000,000 s)
2025-06-06 16:07:50,900 INFO  - Already have ACK (at simulation time 131.000,000,000 s)
2025-06-06 16:07:50,900 INFO  - Already have ACK (at simulation time 131.000,000,000 s)
2025-06-06 16:07:50,900 INFO  - Already have ACK (at simulation time 131.000,000,000 s)
2025-06-06 16:07:50,900 INFO  - Already have ACK (at simulation time 131.000,000,000 s)
2025-06-06 16:07:50,900 INFO  - Already have ACK (at simulation time 131.000,000,000 s)
2025-06-06 16:07:50,900 INFO  - Already have ACK (at simulation time 131.000,000,000 s)
2025-06-06 16:07:50,900 INFO  - Already have ACK (at simulation time 131.000,000,000 s)
2025-06-06 16:07:50,900 INFO  - Already have ACK (at simulation time 131.000,000,000 s)
2025-06-06 16:07:50,900 INFO  - Already have ACK (at simulation time 131.000,000,000 s)
2025-06-06 16:07:50,900 INFO  - Already have ACK (at simulation time 131.000,000,000 s)
2025-06-06 16:07:50,900 INFO  - Already have ACK (at simulation time 131.000,000,000 s)
2025-06-06 16:07:50,900 INFO  - Already have ACK (at simulation time 131.000,000,000 s)
2025-06-06 16:07:50,904 INFO  - Already have ACK (at simulation time 132.000,000,000 s)
2025-06-06 16:07:50,904 INFO  - Already have ACK (at simulation time 132.000,000,000 s)
2025-06-06 16:07:50,904 INFO  - Already have ACK (at simulation time 132.000,000,000 s)
2025-06-06 16:07:50,904 INFO  - Already have ACK (at simulation time 132.000,000,000 s)
2025-06-06 16:07:50,905 INFO  - Already have ACK (at simulation time 132.000,000,000 s)
2025-06-06 16:07:50,905 INFO  - Already have ACK (at simulation time 132.000,000,000 s)
2025-06-06 16:07:50,905 INFO  - Already have ACK (at simulation time 132.000,000,000 s)
2025-06-06 16:07:50,905 INFO  - Already have ACK (at simulation time 132.000,000,000 s)
2025-06-06 16:07:50,905 INFO  - Already have ACK (at simulation time 132.000,000,000 s)
2025-06-06 16:07:50,905 INFO  - Already have ACK (at simulation time 132.000,000,000 s)
2025-06-06 16:07:50,905 INFO  - Already have ACK (at simulation time 132.000,000,000 s)
2025-06-06 16:07:50,905 INFO  - Already have ACK (at simulation time 132.000,000,000 s)
2025-06-06 16:07:50,905 INFO  - Already have ACK (at simulation time 132.000,000,000 s)
2025-06-06 16:07:50,905 INFO  - Already have ACK (at simulation time 132.000,000,000 s)
2025-06-06 16:07:50,905 INFO  - Already have ACK (at simulation time 132.000,000,000 s)
2025-06-06 16:07:50,905 INFO  - Already have ACK (at simulation time 132.000,000,000 s)
2025-06-06 16:07:50,905 INFO  - Already have ACK (at simulation time 132.000,000,000 s)
2025-06-06 16:07:50,905 INFO  - Already have ACK (at simulation time 132.000,000,000 s)
2025-06-06 16:07:50,905 INFO  - Already have ACK (at simulation time 132.000,000,000 s)
2025-06-06 16:07:50,906 INFO  - Already have ACK (at simulation time 132.000,000,000 s)
2025-06-06 16:07:50,906 INFO  - Already have ACK (at simulation time 132.000,000,000 s)
2025-06-06 16:07:50,906 INFO  - Already have ACK (at simulation time 132.000,000,000 s)
2025-06-06 16:07:50,906 INFO  - Already have ACK (at simulation time 132.000,000,000 s)
2025-06-06 16:07:50,906 INFO  - Already have ACK (at simulation time 132.000,000,000 s)
2025-06-06 16:07:50,906 INFO  - Already have ACK (at simulation time 132.000,000,000 s)
2025-06-06 16:07:50,906 INFO  - Already have ACK (at simulation time 132.000,000,000 s)
2025-06-06 16:07:50,906 INFO  - Already have ACK (at simulation time 132.000,000,000 s)
2025-06-06 16:07:50,906 INFO  - Already have ACK (at simulation time 132.000,000,000 s)
2025-06-06 16:07:50,906 INFO  - Already have ACK (at simulation time 132.000,000,000 s)
2025-06-06 16:07:50,906 INFO  - Already have ACK (at simulation time 132.000,000,000 s)
2025-06-06 16:07:50,906 INFO  - Already have ACK (at simulation time 132.000,000,000 s)
2025-06-06 16:07:50,906 INFO  - Already have ACK (at simulation time 132.000,000,000 s)
2025-06-06 16:07:50,906 INFO  - Already have ACK (at simulation time 132.000,000,000 s)
2025-06-06 16:07:50,906 INFO  - Already have ACK (at simulation time 132.000,000,000 s)
2025-06-06 16:07:50,906 INFO  - Already have ACK (at simulation time 132.000,000,000 s)
2025-06-06 16:07:50,906 INFO  - Already have ACK (at simulation time 132.000,000,000 s)
2025-06-06 16:07:50,906 INFO  - Already have ACK (at simulation time 132.000,000,000 s)
2025-06-06 16:07:50,907 INFO  - Already have ACK (at simulation time 132.000,000,000 s)
2025-06-06 16:07:50,907 INFO  - Already have ACK (at simulation time 132.000,000,000 s)
2025-06-06 16:07:50,907 INFO  - Already have ACK (at simulation time 132.000,000,000 s)
2025-06-06 16:07:50,907 INFO  - Already have ACK (at simulation time 132.000,000,000 s)
2025-06-06 16:07:50,907 INFO  - Already have ACK (at simulation time 132.000,000,000 s)
2025-06-06 16:07:50,907 INFO  - Already have ACK (at simulation time 132.000,000,000 s)
2025-06-06 16:07:50,907 INFO  - Already have ACK (at simulation time 132.000,000,000 s)
2025-06-06 16:07:50,910 INFO  - Already have ACK (at simulation time 133.000,000,000 s)
2025-06-06 16:07:50,911 INFO  - Already have ACK (at simulation time 133.000,000,000 s)
2025-06-06 16:07:50,911 INFO  - Already have ACK (at simulation time 133.000,000,000 s)
2025-06-06 16:07:50,911 INFO  - Already have ACK (at simulation time 133.000,000,000 s)
2025-06-06 16:07:50,911 INFO  - Already have ACK (at simulation time 133.000,000,000 s)
2025-06-06 16:07:50,911 INFO  - Already have ACK (at simulation time 133.000,000,000 s)
2025-06-06 16:07:50,911 INFO  - Already have ACK (at simulation time 133.000,000,000 s)
2025-06-06 16:07:50,911 INFO  - Already have ACK (at simulation time 133.000,000,000 s)
2025-06-06 16:07:50,911 INFO  - Already have ACK (at simulation time 133.000,000,000 s)
2025-06-06 16:07:50,912 INFO  - Already have ACK (at simulation time 133.000,000,000 s)
2025-06-06 16:07:50,912 INFO  - Already have ACK (at simulation time 133.000,000,000 s)
2025-06-06 16:07:50,912 INFO  - Already have ACK (at simulation time 133.000,000,000 s)
2025-06-06 16:07:50,912 INFO  - Already have ACK (at simulation time 133.000,000,000 s)
2025-06-06 16:07:50,912 INFO  - Already have ACK (at simulation time 133.000,000,000 s)
2025-06-06 16:07:50,912 INFO  - Already have ACK (at simulation time 133.000,000,000 s)
2025-06-06 16:07:50,912 INFO  - Already have ACK (at simulation time 133.000,000,000 s)
2025-06-06 16:07:50,912 INFO  - Already have ACK (at simulation time 133.000,000,000 s)
2025-06-06 16:07:50,912 INFO  - Already have ACK (at simulation time 133.000,000,000 s)
2025-06-06 16:07:50,912 INFO  - Already have ACK (at simulation time 133.000,000,000 s)
2025-06-06 16:07:50,912 INFO  - Already have ACK (at simulation time 133.000,000,000 s)
2025-06-06 16:07:50,912 INFO  - Already have ACK (at simulation time 133.000,000,000 s)
2025-06-06 16:07:50,912 INFO  - Already have ACK (at simulation time 133.000,000,000 s)
2025-06-06 16:07:50,912 INFO  - Already have ACK (at simulation time 133.000,000,000 s)
2025-06-06 16:07:50,912 INFO  - Already have ACK (at simulation time 133.000,000,000 s)
2025-06-06 16:07:50,912 INFO  - Already have ACK (at simulation time 133.000,000,000 s)
2025-06-06 16:07:50,913 INFO  - Already have ACK (at simulation time 133.000,000,000 s)
2025-06-06 16:07:50,913 INFO  - Already have ACK (at simulation time 133.000,000,000 s)
2025-06-06 16:07:50,913 INFO  - Already have ACK (at simulation time 133.000,000,000 s)
2025-06-06 16:07:50,913 INFO  - Already have ACK (at simulation time 133.000,000,000 s)
2025-06-06 16:07:50,913 INFO  - Already have ACK (at simulation time 133.000,000,000 s)
2025-06-06 16:07:50,913 INFO  - Already have ACK (at simulation time 133.000,000,000 s)
2025-06-06 16:07:50,913 INFO  - Already have ACK (at simulation time 133.000,000,000 s)
2025-06-06 16:07:50,913 INFO  - Already have ACK (at simulation time 133.000,000,000 s)
2025-06-06 16:07:50,913 INFO  - Already have ACK (at simulation time 133.000,000,000 s)
2025-06-06 16:07:50,913 INFO  - Already have ACK (at simulation time 133.000,000,000 s)
2025-06-06 16:07:50,913 INFO  - Already have ACK (at simulation time 133.000,000,000 s)
2025-06-06 16:07:50,913 INFO  - Already have ACK (at simulation time 133.000,000,000 s)
2025-06-06 16:07:50,913 INFO  - Already have ACK (at simulation time 133.000,000,000 s)
2025-06-06 16:07:50,913 INFO  - Already have ACK (at simulation time 133.000,000,000 s)
2025-06-06 16:07:50,913 INFO  - Already have ACK (at simulation time 133.000,000,000 s)
2025-06-06 16:07:50,913 INFO  - Already have ACK (at simulation time 133.000,000,000 s)
2025-06-06 16:07:50,913 INFO  - Already have ACK (at simulation time 133.000,000,000 s)
2025-06-06 16:07:50,913 INFO  - Already have ACK (at simulation time 133.000,000,000 s)
2025-06-06 16:07:50,913 INFO  - Already have ACK (at simulation time 133.000,000,000 s)
2025-06-06 16:07:50,913 INFO  - Already have ACK (at simulation time 133.000,000,000 s)
2025-06-06 16:07:50,917 INFO  - Sent periodic GreenWaveMsg: veh_17 on route r_1 (at simulation time 134.000,000,000 s)
2025-06-06 16:07:50,917 INFO  - Already have ACK (at simulation time 134.000,000,000 s)
2025-06-06 16:07:50,918 INFO  - Already have ACK (at simulation time 134.000,000,000 s)
2025-06-06 16:07:50,918 INFO  - Already have ACK (at simulation time 134.000,000,000 s)
2025-06-06 16:07:50,918 INFO  - Already have ACK (at simulation time 134.000,000,000 s)
2025-06-06 16:07:50,918 INFO  - Already have ACK (at simulation time 134.000,000,000 s)
2025-06-06 16:07:50,918 INFO  - Already have ACK (at simulation time 134.000,000,000 s)
2025-06-06 16:07:50,918 INFO  - Already have ACK (at simulation time 134.000,000,000 s)
2025-06-06 16:07:50,918 INFO  - Already have ACK (at simulation time 134.000,000,000 s)
2025-06-06 16:07:50,918 INFO  - Already have ACK (at simulation time 134.000,000,000 s)
2025-06-06 16:07:50,918 INFO  - Already have ACK (at simulation time 134.000,000,000 s)
2025-06-06 16:07:50,919 INFO  - Already have ACK (at simulation time 134.000,000,000 s)
2025-06-06 16:07:50,919 INFO  - Already have ACK (at simulation time 134.000,000,000 s)
2025-06-06 16:07:50,919 INFO  - Already have ACK (at simulation time 134.000,000,000 s)
2025-06-06 16:07:50,919 INFO  - Already have ACK (at simulation time 134.000,000,000 s)
2025-06-06 16:07:50,919 INFO  - Already have ACK (at simulation time 134.000,000,000 s)
2025-06-06 16:07:50,919 INFO  - Already have ACK (at simulation time 134.000,000,000 s)
2025-06-06 16:07:50,919 INFO  - Already have ACK (at simulation time 134.000,000,000 s)
2025-06-06 16:07:50,919 INFO  - Already have ACK (at simulation time 134.000,000,000 s)
2025-06-06 16:07:50,919 INFO  - Already have ACK (at simulation time 134.000,000,000 s)
2025-06-06 16:07:50,919 INFO  - Already have ACK (at simulation time 134.000,000,000 s)
2025-06-06 16:07:50,919 INFO  - Already have ACK (at simulation time 134.000,000,000 s)
2025-06-06 16:07:50,919 INFO  - Already have ACK (at simulation time 134.000,000,000 s)
2025-06-06 16:07:50,919 INFO  - Already have ACK (at simulation time 134.000,000,000 s)
2025-06-06 16:07:50,919 INFO  - Already have ACK (at simulation time 134.000,000,000 s)
2025-06-06 16:07:50,919 INFO  - Already have ACK (at simulation time 134.000,000,000 s)
2025-06-06 16:07:50,919 INFO  - Already have ACK (at simulation time 134.000,000,000 s)
2025-06-06 16:07:50,919 INFO  - Already have ACK (at simulation time 134.000,000,000 s)
2025-06-06 16:07:50,920 INFO  - Already have ACK (at simulation time 134.000,000,000 s)
2025-06-06 16:07:50,920 INFO  - Already have ACK (at simulation time 134.000,000,000 s)
2025-06-06 16:07:50,920 INFO  - Already have ACK (at simulation time 134.000,000,000 s)
2025-06-06 16:07:50,920 INFO  - Already have ACK (at simulation time 134.000,000,000 s)
2025-06-06 16:07:50,920 INFO  - Already have ACK (at simulation time 134.000,000,000 s)
2025-06-06 16:07:50,920 INFO  - Already have ACK (at simulation time 134.000,000,000 s)
2025-06-06 16:07:50,920 INFO  - Already have ACK (at simulation time 134.000,000,000 s)
2025-06-06 16:07:50,920 INFO  - Already have ACK (at simulation time 134.000,000,000 s)
2025-06-06 16:07:50,920 INFO  - Already have ACK (at simulation time 134.000,000,000 s)
2025-06-06 16:07:50,920 INFO  - Already have ACK (at simulation time 134.000,000,000 s)
2025-06-06 16:07:50,920 INFO  - Already have ACK (at simulation time 134.000,000,000 s)
2025-06-06 16:07:50,920 INFO  - Already have ACK (at simulation time 134.000,000,000 s)
2025-06-06 16:07:50,920 INFO  - Already have ACK (at simulation time 134.000,000,000 s)
2025-06-06 16:07:50,920 INFO  - Already have ACK (at simulation time 134.000,000,000 s)
2025-06-06 16:07:50,920 INFO  - Already have ACK (at simulation time 134.000,000,000 s)
2025-06-06 16:07:50,920 INFO  - Already have ACK (at simulation time 134.000,000,000 s)
2025-06-06 16:07:50,920 INFO  - Already have ACK (at simulation time 134.000,000,000 s)
2025-06-06 16:07:50,920 INFO  - Already have ACK (at simulation time 134.000,000,000 s)
2025-06-06 16:07:50,920 INFO  - Already have ACK (at simulation time 134.000,000,000 s)
2025-06-06 16:07:50,926 INFO  - Already have ACK (at simulation time 135.000,000,000 s)
2025-06-06 16:07:50,927 INFO  - Already have ACK (at simulation time 135.000,000,000 s)
2025-06-06 16:07:50,927 INFO  - Already have ACK (at simulation time 135.000,000,000 s)
2025-06-06 16:07:50,927 INFO  - Already have ACK (at simulation time 135.000,000,000 s)
2025-06-06 16:07:50,927 INFO  - Already have ACK (at simulation time 135.000,000,000 s)
2025-06-06 16:07:50,927 INFO  - Already have ACK (at simulation time 135.000,000,000 s)
2025-06-06 16:07:50,927 INFO  - Already have ACK (at simulation time 135.000,000,000 s)
2025-06-06 16:07:50,927 INFO  - Already have ACK (at simulation time 135.000,000,000 s)
2025-06-06 16:07:50,927 INFO  - Already have ACK (at simulation time 135.000,000,000 s)
2025-06-06 16:07:50,927 INFO  - Already have ACK (at simulation time 135.000,000,000 s)
2025-06-06 16:07:50,927 INFO  - Already have ACK (at simulation time 135.000,000,000 s)
2025-06-06 16:07:50,927 INFO  - Already have ACK (at simulation time 135.000,000,000 s)
2025-06-06 16:07:50,927 INFO  - Already have ACK (at simulation time 135.000,000,000 s)
2025-06-06 16:07:50,928 INFO  - Already have ACK (at simulation time 135.000,000,000 s)
2025-06-06 16:07:50,928 INFO  - Already have ACK (at simulation time 135.000,000,000 s)
2025-06-06 16:07:50,928 INFO  - Already have ACK (at simulation time 135.000,000,000 s)
2025-06-06 16:07:50,928 INFO  - Already have ACK (at simulation time 135.000,000,000 s)
2025-06-06 16:07:50,928 INFO  - Already have ACK (at simulation time 135.000,000,000 s)
2025-06-06 16:07:50,928 INFO  - Already have ACK (at simulation time 135.000,000,000 s)
2025-06-06 16:07:50,928 INFO  - Already have ACK (at simulation time 135.000,000,000 s)
2025-06-06 16:07:50,928 INFO  - Already have ACK (at simulation time 135.000,000,000 s)
2025-06-06 16:07:50,928 INFO  - Already have ACK (at simulation time 135.000,000,000 s)
2025-06-06 16:07:50,928 INFO  - Already have ACK (at simulation time 135.000,000,000 s)
2025-06-06 16:07:50,928 INFO  - Already have ACK (at simulation time 135.000,000,000 s)
2025-06-06 16:07:50,928 INFO  - Already have ACK (at simulation time 135.000,000,000 s)
2025-06-06 16:07:50,928 INFO  - Already have ACK (at simulation time 135.000,000,000 s)
2025-06-06 16:07:50,928 INFO  - Already have ACK (at simulation time 135.000,000,000 s)
2025-06-06 16:07:50,929 INFO  - Already have ACK (at simulation time 135.000,000,000 s)
2025-06-06 16:07:50,929 INFO  - Already have ACK (at simulation time 135.000,000,000 s)
2025-06-06 16:07:50,929 INFO  - Already have ACK (at simulation time 135.000,000,000 s)
2025-06-06 16:07:50,929 INFO  - Already have ACK (at simulation time 135.000,000,000 s)
2025-06-06 16:07:50,929 INFO  - Already have ACK (at simulation time 135.000,000,000 s)
2025-06-06 16:07:50,929 INFO  - Already have ACK (at simulation time 135.000,000,000 s)
2025-06-06 16:07:50,929 INFO  - Already have ACK (at simulation time 135.000,000,000 s)
2025-06-06 16:07:50,929 INFO  - Already have ACK (at simulation time 135.000,000,000 s)
2025-06-06 16:07:50,929 INFO  - Already have ACK (at simulation time 135.000,000,000 s)
2025-06-06 16:07:50,929 INFO  - Already have ACK (at simulation time 135.000,000,000 s)
2025-06-06 16:07:50,929 INFO  - Already have ACK (at simulation time 135.000,000,000 s)
2025-06-06 16:07:50,929 INFO  - Already have ACK (at simulation time 135.000,000,000 s)
2025-06-06 16:07:50,929 INFO  - Already have ACK (at simulation time 135.000,000,000 s)
2025-06-06 16:07:50,929 INFO  - Already have ACK (at simulation time 135.000,000,000 s)
2025-06-06 16:07:50,929 INFO  - Already have ACK (at simulation time 135.000,000,000 s)
2025-06-06 16:07:50,929 INFO  - Already have ACK (at simulation time 135.000,000,000 s)
2025-06-06 16:07:50,929 INFO  - Already have ACK (at simulation time 135.000,000,000 s)
2025-06-06 16:07:50,929 INFO  - Already have ACK (at simulation time 135.000,000,000 s)
2025-06-06 16:07:50,930 INFO  - Already have ACK (at simulation time 135.000,000,000 s)
2025-06-06 16:07:50,930 INFO  - Already have ACK (at simulation time 135.000,000,000 s)
2025-06-06 16:07:50,933 INFO  - Already have ACK (at simulation time 136.000,000,000 s)
2025-06-06 16:07:50,934 INFO  - Already have ACK (at simulation time 136.000,000,000 s)
2025-06-06 16:07:50,934 INFO  - Already have ACK (at simulation time 136.000,000,000 s)
2025-06-06 16:07:50,934 INFO  - Already have ACK (at simulation time 136.000,000,000 s)
2025-06-06 16:07:50,934 INFO  - Already have ACK (at simulation time 136.000,000,000 s)
2025-06-06 16:07:50,934 INFO  - Already have ACK (at simulation time 136.000,000,000 s)
2025-06-06 16:07:50,934 INFO  - Already have ACK (at simulation time 136.000,000,000 s)
2025-06-06 16:07:50,934 INFO  - Already have ACK (at simulation time 136.000,000,000 s)
2025-06-06 16:07:50,934 INFO  - Already have ACK (at simulation time 136.000,000,000 s)
2025-06-06 16:07:50,934 INFO  - Already have ACK (at simulation time 136.000,000,000 s)
2025-06-06 16:07:50,934 INFO  - Already have ACK (at simulation time 136.000,000,000 s)
2025-06-06 16:07:50,934 INFO  - Already have ACK (at simulation time 136.000,000,000 s)
2025-06-06 16:07:50,935 INFO  - Already have ACK (at simulation time 136.000,000,000 s)
2025-06-06 16:07:50,935 INFO  - Already have ACK (at simulation time 136.000,000,000 s)
2025-06-06 16:07:50,935 INFO  - Already have ACK (at simulation time 136.000,000,000 s)
2025-06-06 16:07:50,935 INFO  - Already have ACK (at simulation time 136.000,000,000 s)
2025-06-06 16:07:50,935 INFO  - Already have ACK (at simulation time 136.000,000,000 s)
2025-06-06 16:07:50,935 INFO  - Already have ACK (at simulation time 136.000,000,000 s)
2025-06-06 16:07:50,935 INFO  - Already have ACK (at simulation time 136.000,000,000 s)
2025-06-06 16:07:50,935 INFO  - Already have ACK (at simulation time 136.000,000,000 s)
2025-06-06 16:07:50,935 INFO  - Already have ACK (at simulation time 136.000,000,000 s)
2025-06-06 16:07:50,935 INFO  - Already have ACK (at simulation time 136.000,000,000 s)
2025-06-06 16:07:50,935 INFO  - Already have ACK (at simulation time 136.000,000,000 s)
2025-06-06 16:07:50,935 INFO  - Already have ACK (at simulation time 136.000,000,000 s)
2025-06-06 16:07:50,935 INFO  - Already have ACK (at simulation time 136.000,000,000 s)
2025-06-06 16:07:50,935 INFO  - Already have ACK (at simulation time 136.000,000,000 s)
2025-06-06 16:07:50,935 INFO  - Already have ACK (at simulation time 136.000,000,000 s)
2025-06-06 16:07:50,936 INFO  - Already have ACK (at simulation time 136.000,000,000 s)
2025-06-06 16:07:50,936 INFO  - Already have ACK (at simulation time 136.000,000,000 s)
2025-06-06 16:07:50,936 INFO  - Already have ACK (at simulation time 136.000,000,000 s)
2025-06-06 16:07:50,936 INFO  - Already have ACK (at simulation time 136.000,000,000 s)
2025-06-06 16:07:50,936 INFO  - Already have ACK (at simulation time 136.000,000,000 s)
2025-06-06 16:07:50,936 INFO  - Already have ACK (at simulation time 136.000,000,000 s)
2025-06-06 16:07:50,936 INFO  - Already have ACK (at simulation time 136.000,000,000 s)
2025-06-06 16:07:50,936 INFO  - Already have ACK (at simulation time 136.000,000,000 s)
2025-06-06 16:07:50,936 INFO  - Already have ACK (at simulation time 136.000,000,000 s)
2025-06-06 16:07:50,936 INFO  - Already have ACK (at simulation time 136.000,000,000 s)
2025-06-06 16:07:50,936 INFO  - Already have ACK (at simulation time 136.000,000,000 s)
2025-06-06 16:07:50,936 INFO  - Already have ACK (at simulation time 136.000,000,000 s)
2025-06-06 16:07:50,936 INFO  - Already have ACK (at simulation time 136.000,000,000 s)
2025-06-06 16:07:50,936 INFO  - Already have ACK (at simulation time 136.000,000,000 s)
2025-06-06 16:07:50,936 INFO  - Already have ACK (at simulation time 136.000,000,000 s)
2025-06-06 16:07:50,936 INFO  - Already have ACK (at simulation time 136.000,000,000 s)
2025-06-06 16:07:50,937 INFO  - Already have ACK (at simulation time 136.000,000,000 s)
2025-06-06 16:07:50,937 INFO  - Already have ACK (at simulation time 136.000,000,000 s)
2025-06-06 16:07:50,937 INFO  - Already have ACK (at simulation time 136.000,000,000 s)
2025-06-06 16:07:50,937 INFO  - Already have ACK (at simulation time 136.000,000,000 s)
2025-06-06 16:07:50,937 INFO  - Already have ACK (at simulation time 136.000,000,000 s)
2025-06-06 16:07:50,940 INFO  - Already have ACK (at simulation time 137.000,000,000 s)
2025-06-06 16:07:50,941 INFO  - Already have ACK (at simulation time 137.000,000,000 s)
2025-06-06 16:07:50,941 INFO  - Already have ACK (at simulation time 137.000,000,000 s)
2025-06-06 16:07:50,941 INFO  - Already have ACK (at simulation time 137.000,000,000 s)
2025-06-06 16:07:50,941 INFO  - Already have ACK (at simulation time 137.000,000,000 s)
2025-06-06 16:07:50,941 INFO  - Already have ACK (at simulation time 137.000,000,000 s)
2025-06-06 16:07:50,941 INFO  - Already have ACK (at simulation time 137.000,000,000 s)
2025-06-06 16:07:50,941 INFO  - Already have ACK (at simulation time 137.000,000,000 s)
2025-06-06 16:07:50,941 INFO  - Already have ACK (at simulation time 137.000,000,000 s)
2025-06-06 16:07:50,941 INFO  - Already have ACK (at simulation time 137.000,000,000 s)
2025-06-06 16:07:50,941 INFO  - Already have ACK (at simulation time 137.000,000,000 s)
2025-06-06 16:07:50,941 INFO  - Already have ACK (at simulation time 137.000,000,000 s)
2025-06-06 16:07:50,941 INFO  - Already have ACK (at simulation time 137.000,000,000 s)
2025-06-06 16:07:50,942 INFO  - Already have ACK (at simulation time 137.000,000,000 s)
2025-06-06 16:07:50,942 INFO  - Already have ACK (at simulation time 137.000,000,000 s)
2025-06-06 16:07:50,942 INFO  - Already have ACK (at simulation time 137.000,000,000 s)
2025-06-06 16:07:50,942 INFO  - Already have ACK (at simulation time 137.000,000,000 s)
2025-06-06 16:07:50,942 INFO  - Already have ACK (at simulation time 137.000,000,000 s)
2025-06-06 16:07:50,942 INFO  - Already have ACK (at simulation time 137.000,000,000 s)
2025-06-06 16:07:50,942 INFO  - Already have ACK (at simulation time 137.000,000,000 s)
2025-06-06 16:07:50,942 INFO  - Already have ACK (at simulation time 137.000,000,000 s)
2025-06-06 16:07:50,942 INFO  - Already have ACK (at simulation time 137.000,000,000 s)
2025-06-06 16:07:50,942 INFO  - Already have ACK (at simulation time 137.000,000,000 s)
2025-06-06 16:07:50,942 INFO  - Already have ACK (at simulation time 137.000,000,000 s)
2025-06-06 16:07:50,942 INFO  - Already have ACK (at simulation time 137.000,000,000 s)
2025-06-06 16:07:50,942 INFO  - Already have ACK (at simulation time 137.000,000,000 s)
2025-06-06 16:07:50,942 INFO  - Already have ACK (at simulation time 137.000,000,000 s)
2025-06-06 16:07:50,942 INFO  - Already have ACK (at simulation time 137.000,000,000 s)
2025-06-06 16:07:50,943 INFO  - Already have ACK (at simulation time 137.000,000,000 s)
2025-06-06 16:07:50,943 INFO  - Already have ACK (at simulation time 137.000,000,000 s)
2025-06-06 16:07:50,943 INFO  - Already have ACK (at simulation time 137.000,000,000 s)
2025-06-06 16:07:50,943 INFO  - Already have ACK (at simulation time 137.000,000,000 s)
2025-06-06 16:07:50,943 INFO  - Already have ACK (at simulation time 137.000,000,000 s)
2025-06-06 16:07:50,943 INFO  - Already have ACK (at simulation time 137.000,000,000 s)
2025-06-06 16:07:50,943 INFO  - Already have ACK (at simulation time 137.000,000,000 s)
2025-06-06 16:07:50,943 INFO  - Already have ACK (at simulation time 137.000,000,000 s)
2025-06-06 16:07:50,943 INFO  - Already have ACK (at simulation time 137.000,000,000 s)
2025-06-06 16:07:50,943 INFO  - Already have ACK (at simulation time 137.000,000,000 s)
2025-06-06 16:07:50,943 INFO  - Already have ACK (at simulation time 137.000,000,000 s)
2025-06-06 16:07:50,943 INFO  - Already have ACK (at simulation time 137.000,000,000 s)
2025-06-06 16:07:50,943 INFO  - Already have ACK (at simulation time 137.000,000,000 s)
2025-06-06 16:07:50,943 INFO  - Already have ACK (at simulation time 137.000,000,000 s)
2025-06-06 16:07:50,943 INFO  - Already have ACK (at simulation time 137.000,000,000 s)
2025-06-06 16:07:50,943 INFO  - Already have ACK (at simulation time 137.000,000,000 s)
2025-06-06 16:07:50,943 INFO  - Already have ACK (at simulation time 137.000,000,000 s)
2025-06-06 16:07:50,943 INFO  - Already have ACK (at simulation time 137.000,000,000 s)
2025-06-06 16:07:50,943 INFO  - Already have ACK (at simulation time 137.000,000,000 s)
2025-06-06 16:07:50,943 INFO  - Already have ACK (at simulation time 137.000,000,000 s)
2025-06-06 16:07:50,944 INFO  - Already have ACK (at simulation time 137.000,000,000 s)
2025-06-06 16:07:50,947 INFO  - Already have ACK (at simulation time 138.000,000,000 s)
2025-06-06 16:07:50,947 INFO  - Already have ACK (at simulation time 138.000,000,000 s)
2025-06-06 16:07:50,947 INFO  - Already have ACK (at simulation time 138.000,000,000 s)
2025-06-06 16:07:50,947 INFO  - Already have ACK (at simulation time 138.000,000,000 s)
2025-06-06 16:07:50,947 INFO  - Already have ACK (at simulation time 138.000,000,000 s)
2025-06-06 16:07:50,947 INFO  - Already have ACK (at simulation time 138.000,000,000 s)
2025-06-06 16:07:50,947 INFO  - Already have ACK (at simulation time 138.000,000,000 s)
2025-06-06 16:07:50,948 INFO  - Already have ACK (at simulation time 138.000,000,000 s)
2025-06-06 16:07:50,948 INFO  - Already have ACK (at simulation time 138.000,000,000 s)
2025-06-06 16:07:50,948 INFO  - Already have ACK (at simulation time 138.000,000,000 s)
2025-06-06 16:07:50,948 INFO  - Already have ACK (at simulation time 138.000,000,000 s)
2025-06-06 16:07:50,948 INFO  - Already have ACK (at simulation time 138.000,000,000 s)
2025-06-06 16:07:50,948 INFO  - Already have ACK (at simulation time 138.000,000,000 s)
2025-06-06 16:07:50,948 INFO  - Already have ACK (at simulation time 138.000,000,000 s)
2025-06-06 16:07:50,948 INFO  - Already have ACK (at simulation time 138.000,000,000 s)
2025-06-06 16:07:50,948 INFO  - Already have ACK (at simulation time 138.000,000,000 s)
2025-06-06 16:07:50,948 INFO  - Already have ACK (at simulation time 138.000,000,000 s)
2025-06-06 16:07:50,948 INFO  - Already have ACK (at simulation time 138.000,000,000 s)
2025-06-06 16:07:50,948 INFO  - Already have ACK (at simulation time 138.000,000,000 s)
2025-06-06 16:07:50,948 INFO  - Already have ACK (at simulation time 138.000,000,000 s)
2025-06-06 16:07:50,948 INFO  - Already have ACK (at simulation time 138.000,000,000 s)
2025-06-06 16:07:50,948 INFO  - Already have ACK (at simulation time 138.000,000,000 s)
2025-06-06 16:07:50,949 INFO  - Already have ACK (at simulation time 138.000,000,000 s)
2025-06-06 16:07:50,949 INFO  - Already have ACK (at simulation time 138.000,000,000 s)
2025-06-06 16:07:50,949 INFO  - Already have ACK (at simulation time 138.000,000,000 s)
2025-06-06 16:07:50,949 INFO  - Already have ACK (at simulation time 138.000,000,000 s)
2025-06-06 16:07:50,949 INFO  - Already have ACK (at simulation time 138.000,000,000 s)
2025-06-06 16:07:50,949 INFO  - Already have ACK (at simulation time 138.000,000,000 s)
2025-06-06 16:07:50,949 INFO  - Already have ACK (at simulation time 138.000,000,000 s)
2025-06-06 16:07:50,949 INFO  - Already have ACK (at simulation time 138.000,000,000 s)
2025-06-06 16:07:50,949 INFO  - Already have ACK (at simulation time 138.000,000,000 s)
2025-06-06 16:07:50,949 INFO  - Already have ACK (at simulation time 138.000,000,000 s)
2025-06-06 16:07:50,949 INFO  - Already have ACK (at simulation time 138.000,000,000 s)
2025-06-06 16:07:50,949 INFO  - Already have ACK (at simulation time 138.000,000,000 s)
2025-06-06 16:07:50,949 INFO  - Already have ACK (at simulation time 138.000,000,000 s)
2025-06-06 16:07:50,949 INFO  - Already have ACK (at simulation time 138.000,000,000 s)
2025-06-06 16:07:50,949 INFO  - Already have ACK (at simulation time 138.000,000,000 s)
2025-06-06 16:07:50,949 INFO  - Already have ACK (at simulation time 138.000,000,000 s)
2025-06-06 16:07:50,949 INFO  - Already have ACK (at simulation time 138.000,000,000 s)
2025-06-06 16:07:50,950 INFO  - Already have ACK (at simulation time 138.000,000,000 s)
2025-06-06 16:07:50,950 INFO  - Already have ACK (at simulation time 138.000,000,000 s)
2025-06-06 16:07:50,950 INFO  - Already have ACK (at simulation time 138.000,000,000 s)
2025-06-06 16:07:50,950 INFO  - Already have ACK (at simulation time 138.000,000,000 s)
2025-06-06 16:07:50,950 INFO  - Already have ACK (at simulation time 138.000,000,000 s)
2025-06-06 16:07:50,950 INFO  - Already have ACK (at simulation time 138.000,000,000 s)
2025-06-06 16:07:50,950 INFO  - Already have ACK (at simulation time 138.000,000,000 s)
2025-06-06 16:07:50,950 INFO  - Already have ACK (at simulation time 138.000,000,000 s)
2025-06-06 16:07:50,950 INFO  - Already have ACK (at simulation time 138.000,000,000 s)
2025-06-06 16:07:50,950 INFO  - Already have ACK (at simulation time 138.000,000,000 s)
2025-06-06 16:07:50,950 INFO  - Already have ACK (at simulation time 138.000,000,000 s)
2025-06-06 16:07:50,954 INFO  - Sent periodic GreenWaveMsg: veh_17 on route r_1 (at simulation time 139.000,000,000 s)
2025-06-06 16:07:50,954 INFO  - Already have ACK (at simulation time 139.000,000,000 s)
2025-06-06 16:07:50,954 INFO  - Already have ACK (at simulation time 139.000,000,000 s)
2025-06-06 16:07:50,955 INFO  - Already have ACK (at simulation time 139.000,000,000 s)
2025-06-06 16:07:50,955 INFO  - Already have ACK (at simulation time 139.000,000,000 s)
2025-06-06 16:07:50,955 INFO  - Already have ACK (at simulation time 139.000,000,000 s)
2025-06-06 16:07:50,955 INFO  - Already have ACK (at simulation time 139.000,000,000 s)
2025-06-06 16:07:50,955 INFO  - Already have ACK (at simulation time 139.000,000,000 s)
2025-06-06 16:07:50,955 INFO  - Already have ACK (at simulation time 139.000,000,000 s)
2025-06-06 16:07:50,955 INFO  - Already have ACK (at simulation time 139.000,000,000 s)
2025-06-06 16:07:50,955 INFO  - Already have ACK (at simulation time 139.000,000,000 s)
2025-06-06 16:07:50,955 INFO  - Already have ACK (at simulation time 139.000,000,000 s)
2025-06-06 16:07:50,955 INFO  - Already have ACK (at simulation time 139.000,000,000 s)
2025-06-06 16:07:50,955 INFO  - Already have ACK (at simulation time 139.000,000,000 s)
2025-06-06 16:07:50,955 INFO  - Already have ACK (at simulation time 139.000,000,000 s)
2025-06-06 16:07:50,955 INFO  - Already have ACK (at simulation time 139.000,000,000 s)
2025-06-06 16:07:50,956 INFO  - Already have ACK (at simulation time 139.000,000,000 s)
2025-06-06 16:07:50,956 INFO  - Already have ACK (at simulation time 139.000,000,000 s)
2025-06-06 16:07:50,956 INFO  - Already have ACK (at simulation time 139.000,000,000 s)
2025-06-06 16:07:50,956 INFO  - Already have ACK (at simulation time 139.000,000,000 s)
2025-06-06 16:07:50,956 INFO  - Already have ACK (at simulation time 139.000,000,000 s)
2025-06-06 16:07:50,956 INFO  - Already have ACK (at simulation time 139.000,000,000 s)
2025-06-06 16:07:50,956 INFO  - Already have ACK (at simulation time 139.000,000,000 s)
2025-06-06 16:07:50,956 INFO  - Already have ACK (at simulation time 139.000,000,000 s)
2025-06-06 16:07:50,956 INFO  - Already have ACK (at simulation time 139.000,000,000 s)
2025-06-06 16:07:50,956 INFO  - Already have ACK (at simulation time 139.000,000,000 s)
2025-06-06 16:07:50,956 INFO  - Already have ACK (at simulation time 139.000,000,000 s)
2025-06-06 16:07:50,956 INFO  - Already have ACK (at simulation time 139.000,000,000 s)
2025-06-06 16:07:50,956 INFO  - Already have ACK (at simulation time 139.000,000,000 s)
2025-06-06 16:07:50,956 INFO  - Already have ACK (at simulation time 139.000,000,000 s)
2025-06-06 16:07:50,956 INFO  - Already have ACK (at simulation time 139.000,000,000 s)
2025-06-06 16:07:50,956 INFO  - Already have ACK (at simulation time 139.000,000,000 s)
2025-06-06 16:07:50,957 INFO  - Already have ACK (at simulation time 139.000,000,000 s)
2025-06-06 16:07:50,957 INFO  - Already have ACK (at simulation time 139.000,000,000 s)
2025-06-06 16:07:50,957 INFO  - Already have ACK (at simulation time 139.000,000,000 s)
2025-06-06 16:07:50,957 INFO  - Already have ACK (at simulation time 139.000,000,000 s)
2025-06-06 16:07:50,957 INFO  - Already have ACK (at simulation time 139.000,000,000 s)
2025-06-06 16:07:50,957 INFO  - Already have ACK (at simulation time 139.000,000,000 s)
2025-06-06 16:07:50,957 INFO  - Already have ACK (at simulation time 139.000,000,000 s)
2025-06-06 16:07:50,957 INFO  - Already have ACK (at simulation time 139.000,000,000 s)
2025-06-06 16:07:50,957 INFO  - Already have ACK (at simulation time 139.000,000,000 s)
2025-06-06 16:07:50,957 INFO  - Already have ACK (at simulation time 139.000,000,000 s)
2025-06-06 16:07:50,957 INFO  - Already have ACK (at simulation time 139.000,000,000 s)
2025-06-06 16:07:50,957 INFO  - Already have ACK (at simulation time 139.000,000,000 s)
2025-06-06 16:07:50,957 INFO  - Already have ACK (at simulation time 139.000,000,000 s)
2025-06-06 16:07:50,957 INFO  - Already have ACK (at simulation time 139.000,000,000 s)
2025-06-06 16:07:50,957 INFO  - Already have ACK (at simulation time 139.000,000,000 s)
2025-06-06 16:07:50,957 INFO  - Already have ACK (at simulation time 139.000,000,000 s)
2025-06-06 16:07:50,957 INFO  - Already have ACK (at simulation time 139.000,000,000 s)
2025-06-06 16:07:50,957 INFO  - Already have ACK (at simulation time 139.000,000,000 s)
2025-06-06 16:07:50,957 INFO  - Already have ACK (at simulation time 139.000,000,000 s)
2025-06-06 16:07:50,957 INFO  - Already have ACK (at simulation time 139.000,000,000 s)
2025-06-06 16:07:50,969 INFO  - Already have ACK (at simulation time 140.000,000,000 s)
2025-06-06 16:07:50,970 INFO  - Already have ACK (at simulation time 140.000,000,000 s)
2025-06-06 16:07:50,970 INFO  - Already have ACK (at simulation time 140.000,000,000 s)
2025-06-06 16:07:50,970 INFO  - Already have ACK (at simulation time 140.000,000,000 s)
2025-06-06 16:07:50,970 INFO  - Already have ACK (at simulation time 140.000,000,000 s)
2025-06-06 16:07:50,970 INFO  - Already have ACK (at simulation time 140.000,000,000 s)
2025-06-06 16:07:50,970 INFO  - Already have ACK (at simulation time 140.000,000,000 s)
2025-06-06 16:07:50,970 INFO  - Already have ACK (at simulation time 140.000,000,000 s)
2025-06-06 16:07:50,970 INFO  - Already have ACK (at simulation time 140.000,000,000 s)
2025-06-06 16:07:50,970 INFO  - Already have ACK (at simulation time 140.000,000,000 s)
2025-06-06 16:07:50,970 INFO  - Already have ACK (at simulation time 140.000,000,000 s)
2025-06-06 16:07:50,971 INFO  - Already have ACK (at simulation time 140.000,000,000 s)
2025-06-06 16:07:50,971 INFO  - Already have ACK (at simulation time 140.000,000,000 s)
2025-06-06 16:07:50,971 INFO  - Already have ACK (at simulation time 140.000,000,000 s)
2025-06-06 16:07:50,971 INFO  - Already have ACK (at simulation time 140.000,000,000 s)
2025-06-06 16:07:50,971 INFO  - Already have ACK (at simulation time 140.000,000,000 s)
2025-06-06 16:07:50,971 INFO  - Already have ACK (at simulation time 140.000,000,000 s)
2025-06-06 16:07:50,971 INFO  - Already have ACK (at simulation time 140.000,000,000 s)
2025-06-06 16:07:50,971 INFO  - Already have ACK (at simulation time 140.000,000,000 s)
2025-06-06 16:07:50,971 INFO  - Already have ACK (at simulation time 140.000,000,000 s)
2025-06-06 16:07:50,971 INFO  - Already have ACK (at simulation time 140.000,000,000 s)
2025-06-06 16:07:50,971 INFO  - Already have ACK (at simulation time 140.000,000,000 s)
2025-06-06 16:07:50,971 INFO  - Already have ACK (at simulation time 140.000,000,000 s)
2025-06-06 16:07:50,971 INFO  - Already have ACK (at simulation time 140.000,000,000 s)
2025-06-06 16:07:50,971 INFO  - Already have ACK (at simulation time 140.000,000,000 s)
2025-06-06 16:07:50,971 INFO  - Already have ACK (at simulation time 140.000,000,000 s)
2025-06-06 16:07:50,972 INFO  - Already have ACK (at simulation time 140.000,000,000 s)
2025-06-06 16:07:50,972 INFO  - Already have ACK (at simulation time 140.000,000,000 s)
2025-06-06 16:07:50,972 INFO  - Already have ACK (at simulation time 140.000,000,000 s)
2025-06-06 16:07:50,972 INFO  - Already have ACK (at simulation time 140.000,000,000 s)
2025-06-06 16:07:50,972 INFO  - Already have ACK (at simulation time 140.000,000,000 s)
2025-06-06 16:07:50,972 INFO  - Already have ACK (at simulation time 140.000,000,000 s)
2025-06-06 16:07:50,972 INFO  - Already have ACK (at simulation time 140.000,000,000 s)
2025-06-06 16:07:50,972 INFO  - Already have ACK (at simulation time 140.000,000,000 s)
2025-06-06 16:07:50,972 INFO  - Already have ACK (at simulation time 140.000,000,000 s)
2025-06-06 16:07:50,972 INFO  - Already have ACK (at simulation time 140.000,000,000 s)
2025-06-06 16:07:50,972 INFO  - Already have ACK (at simulation time 140.000,000,000 s)
2025-06-06 16:07:50,972 INFO  - Already have ACK (at simulation time 140.000,000,000 s)
2025-06-06 16:07:50,972 INFO  - Already have ACK (at simulation time 140.000,000,000 s)
2025-06-06 16:07:50,972 INFO  - Already have ACK (at simulation time 140.000,000,000 s)
2025-06-06 16:07:50,972 INFO  - Already have ACK (at simulation time 140.000,000,000 s)
2025-06-06 16:07:50,972 INFO  - Already have ACK (at simulation time 140.000,000,000 s)
2025-06-06 16:07:50,972 INFO  - Already have ACK (at simulation time 140.000,000,000 s)
2025-06-06 16:07:50,972 INFO  - Already have ACK (at simulation time 140.000,000,000 s)
2025-06-06 16:07:50,972 INFO  - Already have ACK (at simulation time 140.000,000,000 s)
2025-06-06 16:07:50,972 INFO  - Already have ACK (at simulation time 140.000,000,000 s)
2025-06-06 16:07:50,973 INFO  - Already have ACK (at simulation time 140.000,000,000 s)
2025-06-06 16:07:50,973 INFO  - Already have ACK (at simulation time 140.000,000,000 s)
2025-06-06 16:07:50,973 INFO  - Already have ACK (at simulation time 140.000,000,000 s)
2025-06-06 16:07:50,973 INFO  - Already have ACK (at simulation time 140.000,000,000 s)
2025-06-06 16:07:50,973 INFO  - Already have ACK (at simulation time 140.000,000,000 s)
2025-06-06 16:07:50,973 INFO  - Already have ACK (at simulation time 140.000,000,000 s)
2025-06-06 16:07:50,975 INFO  - Received metrics from FogNode: avgR0=1.2142857142857142, avgR1=1.9285714285714286 (at simulation time 140.002,800,000 s)
2025-06-06 16:07:50,977 INFO  - Already have ACK (at simulation time 141.000,000,000 s)
2025-06-06 16:07:50,977 INFO  - Already have ACK (at simulation time 141.000,000,000 s)
2025-06-06 16:07:50,977 INFO  - Already have ACK (at simulation time 141.000,000,000 s)
2025-06-06 16:07:50,977 INFO  - Already have ACK (at simulation time 141.000,000,000 s)
2025-06-06 16:07:50,977 INFO  - Already have ACK (at simulation time 141.000,000,000 s)
2025-06-06 16:07:50,977 INFO  - Already have ACK (at simulation time 141.000,000,000 s)
2025-06-06 16:07:50,977 INFO  - Already have ACK (at simulation time 141.000,000,000 s)
2025-06-06 16:07:50,977 INFO  - Already have ACK (at simulation time 141.000,000,000 s)
2025-06-06 16:07:50,977 INFO  - Already have ACK (at simulation time 141.000,000,000 s)
2025-06-06 16:07:50,978 INFO  - Already have ACK (at simulation time 141.000,000,000 s)
2025-06-06 16:07:50,978 INFO  - Already have ACK (at simulation time 141.000,000,000 s)
2025-06-06 16:07:50,978 INFO  - Already have ACK (at simulation time 141.000,000,000 s)
2025-06-06 16:07:50,978 INFO  - Already have ACK (at simulation time 141.000,000,000 s)
2025-06-06 16:07:50,978 INFO  - Already have ACK (at simulation time 141.000,000,000 s)
2025-06-06 16:07:50,978 INFO  - Already have ACK (at simulation time 141.000,000,000 s)
2025-06-06 16:07:50,978 INFO  - Already have ACK (at simulation time 141.000,000,000 s)
2025-06-06 16:07:50,978 INFO  - Already have ACK (at simulation time 141.000,000,000 s)
2025-06-06 16:07:50,978 INFO  - Already have ACK (at simulation time 141.000,000,000 s)
2025-06-06 16:07:50,978 INFO  - Already have ACK (at simulation time 141.000,000,000 s)
2025-06-06 16:07:50,978 INFO  - Already have ACK (at simulation time 141.000,000,000 s)
2025-06-06 16:07:50,978 INFO  - Already have ACK (at simulation time 141.000,000,000 s)
2025-06-06 16:07:50,978 INFO  - Already have ACK (at simulation time 141.000,000,000 s)
2025-06-06 16:07:50,978 INFO  - Already have ACK (at simulation time 141.000,000,000 s)
2025-06-06 16:07:50,978 INFO  - Already have ACK (at simulation time 141.000,000,000 s)
2025-06-06 16:07:50,979 INFO  - Already have ACK (at simulation time 141.000,000,000 s)
2025-06-06 16:07:50,979 INFO  - Already have ACK (at simulation time 141.000,000,000 s)
2025-06-06 16:07:50,979 INFO  - Already have ACK (at simulation time 141.000,000,000 s)
2025-06-06 16:07:50,979 INFO  - Already have ACK (at simulation time 141.000,000,000 s)
2025-06-06 16:07:50,979 INFO  - Already have ACK (at simulation time 141.000,000,000 s)
2025-06-06 16:07:50,979 INFO  - Already have ACK (at simulation time 141.000,000,000 s)
2025-06-06 16:07:50,979 INFO  - Already have ACK (at simulation time 141.000,000,000 s)
2025-06-06 16:07:50,979 INFO  - Already have ACK (at simulation time 141.000,000,000 s)
2025-06-06 16:07:50,979 INFO  - Already have ACK (at simulation time 141.000,000,000 s)
2025-06-06 16:07:50,979 INFO  - Already have ACK (at simulation time 141.000,000,000 s)
2025-06-06 16:07:50,979 INFO  - Already have ACK (at simulation time 141.000,000,000 s)
2025-06-06 16:07:50,979 INFO  - Already have ACK (at simulation time 141.000,000,000 s)
2025-06-06 16:07:50,979 INFO  - Already have ACK (at simulation time 141.000,000,000 s)
2025-06-06 16:07:50,979 INFO  - Already have ACK (at simulation time 141.000,000,000 s)
2025-06-06 16:07:50,979 INFO  - Already have ACK (at simulation time 141.000,000,000 s)
2025-06-06 16:07:50,979 INFO  - Already have ACK (at simulation time 141.000,000,000 s)
2025-06-06 16:07:50,979 INFO  - Already have ACK (at simulation time 141.000,000,000 s)
2025-06-06 16:07:50,979 INFO  - Already have ACK (at simulation time 141.000,000,000 s)
2025-06-06 16:07:50,980 INFO  - Already have ACK (at simulation time 141.000,000,000 s)
2025-06-06 16:07:50,980 INFO  - Already have ACK (at simulation time 141.000,000,000 s)
2025-06-06 16:07:50,980 INFO  - Already have ACK (at simulation time 141.000,000,000 s)
2025-06-06 16:07:50,980 INFO  - Already have ACK (at simulation time 141.000,000,000 s)
2025-06-06 16:07:50,980 INFO  - Already have ACK (at simulation time 141.000,000,000 s)
2025-06-06 16:07:50,980 INFO  - Already have ACK (at simulation time 141.000,000,000 s)
2025-06-06 16:07:50,980 INFO  - Already have ACK (at simulation time 141.000,000,000 s)
2025-06-06 16:07:50,980 INFO  - Already have ACK (at simulation time 141.000,000,000 s)
2025-06-06 16:07:50,980 INFO  - Already have ACK (at simulation time 141.000,000,000 s)
2025-06-06 16:07:50,980 INFO  - Already have ACK (at simulation time 141.000,000,000 s)
2025-06-06 16:07:50,980 INFO  - Already have ACK (at simulation time 141.000,000,000 s)
2025-06-06 16:07:50,983 INFO  - Already have ACK (at simulation time 142.000,000,000 s)
2025-06-06 16:07:50,984 INFO  - Already have ACK (at simulation time 142.000,000,000 s)
2025-06-06 16:07:50,984 INFO  - Already have ACK (at simulation time 142.000,000,000 s)
2025-06-06 16:07:50,984 INFO  - Already have ACK (at simulation time 142.000,000,000 s)
2025-06-06 16:07:50,984 INFO  - Already have ACK (at simulation time 142.000,000,000 s)
2025-06-06 16:07:50,984 INFO  - Already have ACK (at simulation time 142.000,000,000 s)
2025-06-06 16:07:50,984 INFO  - Already have ACK (at simulation time 142.000,000,000 s)
2025-06-06 16:07:50,984 INFO  - Already have ACK (at simulation time 142.000,000,000 s)
2025-06-06 16:07:50,984 INFO  - Already have ACK (at simulation time 142.000,000,000 s)
2025-06-06 16:07:50,985 INFO  - Already have ACK (at simulation time 142.000,000,000 s)
2025-06-06 16:07:50,985 INFO  - Already have ACK (at simulation time 142.000,000,000 s)
2025-06-06 16:07:50,985 INFO  - Already have ACK (at simulation time 142.000,000,000 s)
2025-06-06 16:07:50,985 INFO  - Already have ACK (at simulation time 142.000,000,000 s)
2025-06-06 16:07:50,985 INFO  - Already have ACK (at simulation time 142.000,000,000 s)
2025-06-06 16:07:50,985 INFO  - Already have ACK (at simulation time 142.000,000,000 s)
2025-06-06 16:07:50,985 INFO  - Already have ACK (at simulation time 142.000,000,000 s)
2025-06-06 16:07:50,985 INFO  - Already have ACK (at simulation time 142.000,000,000 s)
2025-06-06 16:07:50,985 INFO  - Already have ACK (at simulation time 142.000,000,000 s)
2025-06-06 16:07:50,985 INFO  - Already have ACK (at simulation time 142.000,000,000 s)
2025-06-06 16:07:50,986 INFO  - Already have ACK (at simulation time 142.000,000,000 s)
2025-06-06 16:07:50,986 INFO  - Already have ACK (at simulation time 142.000,000,000 s)
2025-06-06 16:07:50,986 INFO  - Already have ACK (at simulation time 142.000,000,000 s)
2025-06-06 16:07:50,986 INFO  - Already have ACK (at simulation time 142.000,000,000 s)
2025-06-06 16:07:50,986 INFO  - Already have ACK (at simulation time 142.000,000,000 s)
2025-06-06 16:07:50,986 INFO  - Already have ACK (at simulation time 142.000,000,000 s)
2025-06-06 16:07:50,986 INFO  - Already have ACK (at simulation time 142.000,000,000 s)
2025-06-06 16:07:50,986 INFO  - Already have ACK (at simulation time 142.000,000,000 s)
2025-06-06 16:07:50,986 INFO  - Already have ACK (at simulation time 142.000,000,000 s)
2025-06-06 16:07:50,986 INFO  - Already have ACK (at simulation time 142.000,000,000 s)
2025-06-06 16:07:50,987 INFO  - Already have ACK (at simulation time 142.000,000,000 s)
2025-06-06 16:07:50,987 INFO  - Already have ACK (at simulation time 142.000,000,000 s)
2025-06-06 16:07:50,987 INFO  - Already have ACK (at simulation time 142.000,000,000 s)
2025-06-06 16:07:50,987 INFO  - Already have ACK (at simulation time 142.000,000,000 s)
2025-06-06 16:07:50,987 INFO  - Already have ACK (at simulation time 142.000,000,000 s)
2025-06-06 16:07:50,987 INFO  - Already have ACK (at simulation time 142.000,000,000 s)
2025-06-06 16:07:50,987 INFO  - Already have ACK (at simulation time 142.000,000,000 s)
2025-06-06 16:07:50,987 INFO  - Already have ACK (at simulation time 142.000,000,000 s)
2025-06-06 16:07:50,987 INFO  - Already have ACK (at simulation time 142.000,000,000 s)
2025-06-06 16:07:50,987 INFO  - Already have ACK (at simulation time 142.000,000,000 s)
2025-06-06 16:07:50,987 INFO  - Already have ACK (at simulation time 142.000,000,000 s)
2025-06-06 16:07:50,987 INFO  - Already have ACK (at simulation time 142.000,000,000 s)
2025-06-06 16:07:50,987 INFO  - Already have ACK (at simulation time 142.000,000,000 s)
2025-06-06 16:07:50,990 INFO  - Already have ACK (at simulation time 142.000,000,000 s)
2025-06-06 16:07:50,990 INFO  - Already have ACK (at simulation time 142.000,000,000 s)
2025-06-06 16:07:50,991 INFO  - Already have ACK (at simulation time 142.000,000,000 s)
2025-06-06 16:07:50,991 INFO  - Already have ACK (at simulation time 142.000,000,000 s)
2025-06-06 16:07:50,991 INFO  - Already have ACK (at simulation time 142.000,000,000 s)
2025-06-06 16:07:50,991 INFO  - Already have ACK (at simulation time 142.000,000,000 s)
2025-06-06 16:07:50,991 INFO  - Already have ACK (at simulation time 142.000,000,000 s)
2025-06-06 16:07:50,991 INFO  - Already have ACK (at simulation time 142.000,000,000 s)
2025-06-06 16:07:50,991 INFO  - Already have ACK (at simulation time 142.000,000,000 s)
2025-06-06 16:07:50,991 INFO  - Already have ACK (at simulation time 142.000,000,000 s)
2025-06-06 16:07:50,991 INFO  - Already have ACK (at simulation time 142.000,000,000 s)
2025-06-06 16:07:50,991 INFO  - Already have ACK (at simulation time 142.000,000,000 s)
2025-06-06 16:07:50,994 INFO  - Already have ACK (at simulation time 143.000,000,000 s)
2025-06-06 16:07:50,994 INFO  - Already have ACK (at simulation time 143.000,000,000 s)
2025-06-06 16:07:50,994 INFO  - Already have ACK (at simulation time 143.000,000,000 s)
2025-06-06 16:07:50,995 INFO  - Already have ACK (at simulation time 143.000,000,000 s)
2025-06-06 16:07:50,995 INFO  - Already have ACK (at simulation time 143.000,000,000 s)
2025-06-06 16:07:50,995 INFO  - Already have ACK (at simulation time 143.000,000,000 s)
2025-06-06 16:07:50,995 INFO  - Already have ACK (at simulation time 143.000,000,000 s)
2025-06-06 16:07:50,995 INFO  - Already have ACK (at simulation time 143.000,000,000 s)
2025-06-06 16:07:50,995 INFO  - Already have ACK (at simulation time 143.000,000,000 s)
2025-06-06 16:07:50,995 INFO  - Already have ACK (at simulation time 143.000,000,000 s)
2025-06-06 16:07:50,995 INFO  - Already have ACK (at simulation time 143.000,000,000 s)
2025-06-06 16:07:50,995 INFO  - Already have ACK (at simulation time 143.000,000,000 s)
2025-06-06 16:07:50,995 INFO  - Already have ACK (at simulation time 143.000,000,000 s)
2025-06-06 16:07:50,995 INFO  - Already have ACK (at simulation time 143.000,000,000 s)
2025-06-06 16:07:50,995 INFO  - Already have ACK (at simulation time 143.000,000,000 s)
2025-06-06 16:07:50,995 INFO  - Already have ACK (at simulation time 143.000,000,000 s)
2025-06-06 16:07:50,995 INFO  - Already have ACK (at simulation time 143.000,000,000 s)
2025-06-06 16:07:50,995 INFO  - Already have ACK (at simulation time 143.000,000,000 s)
2025-06-06 16:07:50,996 INFO  - Already have ACK (at simulation time 143.000,000,000 s)
2025-06-06 16:07:50,996 INFO  - Already have ACK (at simulation time 143.000,000,000 s)
2025-06-06 16:07:50,996 INFO  - Already have ACK (at simulation time 143.000,000,000 s)
2025-06-06 16:07:50,996 INFO  - Already have ACK (at simulation time 143.000,000,000 s)
2025-06-06 16:07:50,996 INFO  - Already have ACK (at simulation time 143.000,000,000 s)
2025-06-06 16:07:50,996 INFO  - Already have ACK (at simulation time 143.000,000,000 s)
2025-06-06 16:07:50,996 INFO  - Already have ACK (at simulation time 143.000,000,000 s)
2025-06-06 16:07:50,996 INFO  - Already have ACK (at simulation time 143.000,000,000 s)
2025-06-06 16:07:50,996 INFO  - Already have ACK (at simulation time 143.000,000,000 s)
2025-06-06 16:07:50,996 INFO  - Already have ACK (at simulation time 143.000,000,000 s)
2025-06-06 16:07:50,996 INFO  - Already have ACK (at simulation time 143.000,000,000 s)
2025-06-06 16:07:50,996 INFO  - Already have ACK (at simulation time 143.000,000,000 s)
2025-06-06 16:07:50,996 INFO  - Already have ACK (at simulation time 143.000,000,000 s)
2025-06-06 16:07:50,996 INFO  - Already have ACK (at simulation time 143.000,000,000 s)
2025-06-06 16:07:50,996 INFO  - Already have ACK (at simulation time 143.000,000,000 s)
2025-06-06 16:07:50,997 INFO  - Already have ACK (at simulation time 143.000,000,000 s)
2025-06-06 16:07:50,997 INFO  - Already have ACK (at simulation time 143.000,000,000 s)
2025-06-06 16:07:50,997 INFO  - Already have ACK (at simulation time 143.000,000,000 s)
2025-06-06 16:07:50,997 INFO  - Already have ACK (at simulation time 143.000,000,000 s)
2025-06-06 16:07:50,997 INFO  - Already have ACK (at simulation time 143.000,000,000 s)
2025-06-06 16:07:50,997 INFO  - Already have ACK (at simulation time 143.000,000,000 s)
2025-06-06 16:07:50,997 INFO  - Already have ACK (at simulation time 143.000,000,000 s)
2025-06-06 16:07:50,997 INFO  - Already have ACK (at simulation time 143.000,000,000 s)
2025-06-06 16:07:50,997 INFO  - Already have ACK (at simulation time 143.000,000,000 s)
2025-06-06 16:07:50,997 INFO  - Already have ACK (at simulation time 143.000,000,000 s)
2025-06-06 16:07:50,997 INFO  - Already have ACK (at simulation time 143.000,000,000 s)
2025-06-06 16:07:50,997 INFO  - Already have ACK (at simulation time 143.000,000,000 s)
2025-06-06 16:07:50,997 INFO  - Already have ACK (at simulation time 143.000,000,000 s)
2025-06-06 16:07:50,997 INFO  - Already have ACK (at simulation time 143.000,000,000 s)
2025-06-06 16:07:50,997 INFO  - Already have ACK (at simulation time 143.000,000,000 s)
2025-06-06 16:07:50,997 INFO  - Already have ACK (at simulation time 143.000,000,000 s)
2025-06-06 16:07:50,997 INFO  - Already have ACK (at simulation time 143.000,000,000 s)
2025-06-06 16:07:50,998 INFO  - Already have ACK (at simulation time 143.000,000,000 s)
2025-06-06 16:07:50,998 INFO  - Already have ACK (at simulation time 143.000,000,000 s)
2025-06-06 16:07:50,998 INFO  - Already have ACK (at simulation time 143.000,000,000 s)
2025-06-06 16:07:50,998 INFO  - Already have ACK (at simulation time 143.000,000,000 s)
2025-06-06 16:07:50,998 INFO  - Already have ACK (at simulation time 143.000,000,000 s)
2025-06-06 16:07:51,002 INFO  - Sent periodic GreenWaveMsg: veh_17 on route r_1 (at simulation time 144.000,000,000 s)
2025-06-06 16:07:51,002 INFO  - Already have ACK (at simulation time 144.000,000,000 s)
2025-06-06 16:07:51,002 INFO  - Already have ACK (at simulation time 144.000,000,000 s)
2025-06-06 16:07:51,002 INFO  - Already have ACK (at simulation time 144.000,000,000 s)
2025-06-06 16:07:51,002 INFO  - Already have ACK (at simulation time 144.000,000,000 s)
2025-06-06 16:07:51,002 INFO  - Already have ACK (at simulation time 144.000,000,000 s)
2025-06-06 16:07:51,003 INFO  - Already have ACK (at simulation time 144.000,000,000 s)
2025-06-06 16:07:51,003 INFO  - Already have ACK (at simulation time 144.000,000,000 s)
2025-06-06 16:07:51,003 INFO  - Already have ACK (at simulation time 144.000,000,000 s)
2025-06-06 16:07:51,003 INFO  - Already have ACK (at simulation time 144.000,000,000 s)
2025-06-06 16:07:51,003 INFO  - Already have ACK (at simulation time 144.000,000,000 s)
2025-06-06 16:07:51,003 INFO  - Already have ACK (at simulation time 144.000,000,000 s)
2025-06-06 16:07:51,003 INFO  - Already have ACK (at simulation time 144.000,000,000 s)
2025-06-06 16:07:51,003 INFO  - Already have ACK (at simulation time 144.000,000,000 s)
2025-06-06 16:07:51,003 INFO  - Already have ACK (at simulation time 144.000,000,000 s)
2025-06-06 16:07:51,003 INFO  - Already have ACK (at simulation time 144.000,000,000 s)
2025-06-06 16:07:51,004 INFO  - Already have ACK (at simulation time 144.000,000,000 s)
2025-06-06 16:07:51,004 INFO  - Already have ACK (at simulation time 144.000,000,000 s)
2025-06-06 16:07:51,004 INFO  - Already have ACK (at simulation time 144.000,000,000 s)
2025-06-06 16:07:51,004 INFO  - Already have ACK (at simulation time 144.000,000,000 s)
2025-06-06 16:07:51,004 INFO  - Already have ACK (at simulation time 144.000,000,000 s)
2025-06-06 16:07:51,004 INFO  - Already have ACK (at simulation time 144.000,000,000 s)
2025-06-06 16:07:51,004 INFO  - Already have ACK (at simulation time 144.000,000,000 s)
2025-06-06 16:07:51,004 INFO  - Already have ACK (at simulation time 144.000,000,000 s)
2025-06-06 16:07:51,004 INFO  - Already have ACK (at simulation time 144.000,000,000 s)
2025-06-06 16:07:51,004 INFO  - Already have ACK (at simulation time 144.000,000,000 s)
2025-06-06 16:07:51,005 INFO  - Already have ACK (at simulation time 144.000,000,000 s)
2025-06-06 16:07:51,006 INFO  - Already have ACK (at simulation time 144.000,000,000 s)
2025-06-06 16:07:51,006 INFO  - Already have ACK (at simulation time 144.000,000,000 s)
2025-06-06 16:07:51,006 INFO  - Already have ACK (at simulation time 144.000,000,000 s)
2025-06-06 16:07:51,006 INFO  - Already have ACK (at simulation time 144.000,000,000 s)
2025-06-06 16:07:51,006 INFO  - Already have ACK (at simulation time 144.000,000,000 s)
2025-06-06 16:07:51,006 INFO  - Already have ACK (at simulation time 144.000,000,000 s)
2025-06-06 16:07:51,006 INFO  - Already have ACK (at simulation time 144.000,000,000 s)
2025-06-06 16:07:51,006 INFO  - Already have ACK (at simulation time 144.000,000,000 s)
2025-06-06 16:07:51,006 INFO  - Already have ACK (at simulation time 144.000,000,000 s)
2025-06-06 16:07:51,006 INFO  - Already have ACK (at simulation time 144.000,000,000 s)
2025-06-06 16:07:51,006 INFO  - Already have ACK (at simulation time 144.000,000,000 s)
2025-06-06 16:07:51,006 INFO  - Already have ACK (at simulation time 144.000,000,000 s)
2025-06-06 16:07:51,007 INFO  - Already have ACK (at simulation time 144.000,000,000 s)
2025-06-06 16:07:51,007 INFO  - Already have ACK (at simulation time 144.000,000,000 s)
2025-06-06 16:07:51,007 INFO  - Already have ACK (at simulation time 144.000,000,000 s)
2025-06-06 16:07:51,007 INFO  - Already have ACK (at simulation time 144.000,000,000 s)
2025-06-06 16:07:51,007 INFO  - Already have ACK (at simulation time 144.000,000,000 s)
2025-06-06 16:07:51,007 INFO  - Already have ACK (at simulation time 144.000,000,000 s)
2025-06-06 16:07:51,007 INFO  - Already have ACK (at simulation time 144.000,000,000 s)
2025-06-06 16:07:51,007 INFO  - Already have ACK (at simulation time 144.000,000,000 s)
2025-06-06 16:07:51,007 INFO  - Already have ACK (at simulation time 144.000,000,000 s)
2025-06-06 16:07:51,007 INFO  - Already have ACK (at simulation time 144.000,000,000 s)
2025-06-06 16:07:51,007 INFO  - Already have ACK (at simulation time 144.000,000,000 s)
2025-06-06 16:07:51,007 INFO  - Already have ACK (at simulation time 144.000,000,000 s)
2025-06-06 16:07:51,007 INFO  - Already have ACK (at simulation time 144.000,000,000 s)
2025-06-06 16:07:51,007 INFO  - Already have ACK (at simulation time 144.000,000,000 s)
2025-06-06 16:07:51,007 INFO  - Already have ACK (at simulation time 144.000,000,000 s)
2025-06-06 16:07:51,007 INFO  - Already have ACK (at simulation time 144.000,000,000 s)
2025-06-06 16:07:51,007 INFO  - Already have ACK (at simulation time 144.000,000,000 s)
2025-06-06 16:07:51,007 INFO  - Already have ACK (at simulation time 144.000,000,000 s)
2025-06-06 16:07:51,014 INFO  - Already have ACK (at simulation time 145.000,000,000 s)
2025-06-06 16:07:51,015 INFO  - Already have ACK (at simulation time 145.000,000,000 s)
2025-06-06 16:07:51,015 INFO  - Already have ACK (at simulation time 145.000,000,000 s)
2025-06-06 16:07:51,015 INFO  - Already have ACK (at simulation time 145.000,000,000 s)
2025-06-06 16:07:51,015 INFO  - Already have ACK (at simulation time 145.000,000,000 s)
2025-06-06 16:07:51,015 INFO  - Already have ACK (at simulation time 145.000,000,000 s)
2025-06-06 16:07:51,015 INFO  - Already have ACK (at simulation time 145.000,000,000 s)
2025-06-06 16:07:51,015 INFO  - Already have ACK (at simulation time 145.000,000,000 s)
2025-06-06 16:07:51,015 INFO  - Already have ACK (at simulation time 145.000,000,000 s)
2025-06-06 16:07:51,015 INFO  - Already have ACK (at simulation time 145.000,000,000 s)
2025-06-06 16:07:51,015 INFO  - Already have ACK (at simulation time 145.000,000,000 s)
2025-06-06 16:07:51,016 INFO  - Already have ACK (at simulation time 145.000,000,000 s)
2025-06-06 16:07:51,016 INFO  - Already have ACK (at simulation time 145.000,000,000 s)
2025-06-06 16:07:51,016 INFO  - Already have ACK (at simulation time 145.000,000,000 s)
2025-06-06 16:07:51,016 INFO  - Already have ACK (at simulation time 145.000,000,000 s)
2025-06-06 16:07:51,016 INFO  - Already have ACK (at simulation time 145.000,000,000 s)
2025-06-06 16:07:51,016 INFO  - Already have ACK (at simulation time 145.000,000,000 s)
2025-06-06 16:07:51,016 INFO  - Already have ACK (at simulation time 145.000,000,000 s)
2025-06-06 16:07:51,016 INFO  - Already have ACK (at simulation time 145.000,000,000 s)
2025-06-06 16:07:51,016 INFO  - Already have ACK (at simulation time 145.000,000,000 s)
2025-06-06 16:07:51,016 INFO  - Already have ACK (at simulation time 145.000,000,000 s)
2025-06-06 16:07:51,016 INFO  - Already have ACK (at simulation time 145.000,000,000 s)
2025-06-06 16:07:51,017 INFO  - Already have ACK (at simulation time 145.000,000,000 s)
2025-06-06 16:07:51,017 INFO  - Already have ACK (at simulation time 145.000,000,000 s)
2025-06-06 16:07:51,017 INFO  - Already have ACK (at simulation time 145.000,000,000 s)
2025-06-06 16:07:51,017 INFO  - Already have ACK (at simulation time 145.000,000,000 s)
2025-06-06 16:07:51,017 INFO  - Already have ACK (at simulation time 145.000,000,000 s)
2025-06-06 16:07:51,017 INFO  - Already have ACK (at simulation time 145.000,000,000 s)
2025-06-06 16:07:51,017 INFO  - Already have ACK (at simulation time 145.000,000,000 s)
2025-06-06 16:07:51,017 INFO  - Already have ACK (at simulation time 145.000,000,000 s)
2025-06-06 16:07:51,017 INFO  - Already have ACK (at simulation time 145.000,000,000 s)
2025-06-06 16:07:51,017 INFO  - Already have ACK (at simulation time 145.000,000,000 s)
2025-06-06 16:07:51,017 INFO  - Already have ACK (at simulation time 145.000,000,000 s)
2025-06-06 16:07:51,017 INFO  - Already have ACK (at simulation time 145.000,000,000 s)
2025-06-06 16:07:51,017 INFO  - Already have ACK (at simulation time 145.000,000,000 s)
2025-06-06 16:07:51,018 INFO  - Already have ACK (at simulation time 145.000,000,000 s)
2025-06-06 16:07:51,018 INFO  - Already have ACK (at simulation time 145.000,000,000 s)
2025-06-06 16:07:51,018 INFO  - Already have ACK (at simulation time 145.000,000,000 s)
2025-06-06 16:07:51,018 INFO  - Already have ACK (at simulation time 145.000,000,000 s)
2025-06-06 16:07:51,018 INFO  - Already have ACK (at simulation time 145.000,000,000 s)
2025-06-06 16:07:51,018 INFO  - Already have ACK (at simulation time 145.000,000,000 s)
2025-06-06 16:07:51,018 INFO  - Already have ACK (at simulation time 145.000,000,000 s)
2025-06-06 16:07:51,018 INFO  - Already have ACK (at simulation time 145.000,000,000 s)
2025-06-06 16:07:51,018 INFO  - Already have ACK (at simulation time 145.000,000,000 s)
2025-06-06 16:07:51,018 INFO  - Already have ACK (at simulation time 145.000,000,000 s)
2025-06-06 16:07:51,018 INFO  - Already have ACK (at simulation time 145.000,000,000 s)
2025-06-06 16:07:51,018 INFO  - Already have ACK (at simulation time 145.000,000,000 s)
2025-06-06 16:07:51,018 INFO  - Already have ACK (at simulation time 145.000,000,000 s)
2025-06-06 16:07:51,018 INFO  - Already have ACK (at simulation time 145.000,000,000 s)
2025-06-06 16:07:51,018 INFO  - Already have ACK (at simulation time 145.000,000,000 s)
2025-06-06 16:07:51,018 INFO  - Already have ACK (at simulation time 145.000,000,000 s)
2025-06-06 16:07:51,018 INFO  - Already have ACK (at simulation time 145.000,000,000 s)
2025-06-06 16:07:51,019 INFO  - Already have ACK (at simulation time 145.000,000,000 s)
2025-06-06 16:07:51,019 INFO  - Already have ACK (at simulation time 145.000,000,000 s)
2025-06-06 16:07:51,019 INFO  - Already have ACK (at simulation time 145.000,000,000 s)
2025-06-06 16:07:51,019 INFO  - Already have ACK (at simulation time 145.000,000,000 s)
2025-06-06 16:07:51,019 INFO  - Already have ACK (at simulation time 145.000,000,000 s)
2025-06-06 16:07:51,022 INFO  - Already have ACK (at simulation time 146.000,000,000 s)
2025-06-06 16:07:51,023 INFO  - Already have ACK (at simulation time 146.000,000,000 s)
2025-06-06 16:07:51,023 INFO  - Already have ACK (at simulation time 146.000,000,000 s)
2025-06-06 16:07:51,023 INFO  - Already have ACK (at simulation time 146.000,000,000 s)
2025-06-06 16:07:51,023 INFO  - Already have ACK (at simulation time 146.000,000,000 s)
2025-06-06 16:07:51,024 INFO  - Already have ACK (at simulation time 146.000,000,000 s)
2025-06-06 16:07:51,024 INFO  - Already have ACK (at simulation time 146.000,000,000 s)
2025-06-06 16:07:51,024 INFO  - Already have ACK (at simulation time 146.000,000,000 s)
2025-06-06 16:07:51,024 INFO  - Already have ACK (at simulation time 146.000,000,000 s)
2025-06-06 16:07:51,024 INFO  - Already have ACK (at simulation time 146.000,000,000 s)
2025-06-06 16:07:51,024 INFO  - Already have ACK (at simulation time 146.000,000,000 s)
2025-06-06 16:07:51,024 INFO  - Already have ACK (at simulation time 146.000,000,000 s)
2025-06-06 16:07:51,024 INFO  - Already have ACK (at simulation time 146.000,000,000 s)
2025-06-06 16:07:51,024 INFO  - Already have ACK (at simulation time 146.000,000,000 s)
2025-06-06 16:07:51,024 INFO  - Already have ACK (at simulation time 146.000,000,000 s)
2025-06-06 16:07:51,024 INFO  - Already have ACK (at simulation time 146.000,000,000 s)
2025-06-06 16:07:51,025 INFO  - Already have ACK (at simulation time 146.000,000,000 s)
2025-06-06 16:07:51,025 INFO  - Already have ACK (at simulation time 146.000,000,000 s)
2025-06-06 16:07:51,025 INFO  - Already have ACK (at simulation time 146.000,000,000 s)
2025-06-06 16:07:51,025 INFO  - Already have ACK (at simulation time 146.000,000,000 s)
2025-06-06 16:07:51,025 INFO  - Already have ACK (at simulation time 146.000,000,000 s)
2025-06-06 16:07:51,025 INFO  - Already have ACK (at simulation time 146.000,000,000 s)
2025-06-06 16:07:51,025 INFO  - Already have ACK (at simulation time 146.000,000,000 s)
2025-06-06 16:07:51,025 INFO  - Already have ACK (at simulation time 146.000,000,000 s)
2025-06-06 16:07:51,025 INFO  - Already have ACK (at simulation time 146.000,000,000 s)
2025-06-06 16:07:51,025 INFO  - Already have ACK (at simulation time 146.000,000,000 s)
2025-06-06 16:07:51,025 INFO  - Already have ACK (at simulation time 146.000,000,000 s)
2025-06-06 16:07:51,025 INFO  - Already have ACK (at simulation time 146.000,000,000 s)
2025-06-06 16:07:51,025 INFO  - Already have ACK (at simulation time 146.000,000,000 s)
2025-06-06 16:07:51,026 INFO  - Already have ACK (at simulation time 146.000,000,000 s)
2025-06-06 16:07:51,026 INFO  - Already have ACK (at simulation time 146.000,000,000 s)
2025-06-06 16:07:51,026 INFO  - Already have ACK (at simulation time 146.000,000,000 s)
2025-06-06 16:07:51,026 INFO  - Already have ACK (at simulation time 146.000,000,000 s)
2025-06-06 16:07:51,026 INFO  - Already have ACK (at simulation time 146.000,000,000 s)
2025-06-06 16:07:51,026 INFO  - Already have ACK (at simulation time 146.000,000,000 s)
2025-06-06 16:07:51,026 INFO  - Already have ACK (at simulation time 146.000,000,000 s)
2025-06-06 16:07:51,026 INFO  - Already have ACK (at simulation time 146.000,000,000 s)
2025-06-06 16:07:51,026 INFO  - Already have ACK (at simulation time 146.000,000,000 s)
2025-06-06 16:07:51,026 INFO  - Already have ACK (at simulation time 146.000,000,000 s)
2025-06-06 16:07:51,026 INFO  - Already have ACK (at simulation time 146.000,000,000 s)
2025-06-06 16:07:51,026 INFO  - Already have ACK (at simulation time 146.000,000,000 s)
2025-06-06 16:07:51,026 INFO  - Already have ACK (at simulation time 146.000,000,000 s)
2025-06-06 16:07:51,026 INFO  - Already have ACK (at simulation time 146.000,000,000 s)
2025-06-06 16:07:51,026 INFO  - Already have ACK (at simulation time 146.000,000,000 s)
2025-06-06 16:07:51,026 INFO  - Already have ACK (at simulation time 146.000,000,000 s)
2025-06-06 16:07:51,026 INFO  - Already have ACK (at simulation time 146.000,000,000 s)
2025-06-06 16:07:51,027 INFO  - Already have ACK (at simulation time 146.000,000,000 s)
2025-06-06 16:07:51,027 INFO  - Already have ACK (at simulation time 146.000,000,000 s)
2025-06-06 16:07:51,027 INFO  - Already have ACK (at simulation time 146.000,000,000 s)
2025-06-06 16:07:51,027 INFO  - Already have ACK (at simulation time 146.000,000,000 s)
2025-06-06 16:07:51,027 INFO  - Already have ACK (at simulation time 146.000,000,000 s)
2025-06-06 16:07:51,027 INFO  - Already have ACK (at simulation time 146.000,000,000 s)
2025-06-06 16:07:51,027 INFO  - Already have ACK (at simulation time 146.000,000,000 s)
2025-06-06 16:07:51,027 INFO  - Already have ACK (at simulation time 146.000,000,000 s)
2025-06-06 16:07:51,027 INFO  - Already have ACK (at simulation time 146.000,000,000 s)
2025-06-06 16:07:51,027 INFO  - Already have ACK (at simulation time 146.000,000,000 s)
2025-06-06 16:07:51,027 INFO  - Already have ACK (at simulation time 146.000,000,000 s)
2025-06-06 16:07:51,027 INFO  - Already have ACK (at simulation time 146.000,000,000 s)
2025-06-06 16:07:51,030 INFO  - Already have ACK (at simulation time 147.000,000,000 s)
2025-06-06 16:07:51,031 INFO  - Already have ACK (at simulation time 147.000,000,000 s)
2025-06-06 16:07:51,031 INFO  - Already have ACK (at simulation time 147.000,000,000 s)
2025-06-06 16:07:51,031 INFO  - Already have ACK (at simulation time 147.000,000,000 s)
2025-06-06 16:07:51,031 INFO  - Already have ACK (at simulation time 147.000,000,000 s)
2025-06-06 16:07:51,031 INFO  - Already have ACK (at simulation time 147.000,000,000 s)
2025-06-06 16:07:51,031 INFO  - Already have ACK (at simulation time 147.000,000,000 s)
2025-06-06 16:07:51,031 INFO  - Already have ACK (at simulation time 147.000,000,000 s)
2025-06-06 16:07:51,031 INFO  - Already have ACK (at simulation time 147.000,000,000 s)
2025-06-06 16:07:51,031 INFO  - Already have ACK (at simulation time 147.000,000,000 s)
2025-06-06 16:07:51,031 INFO  - Already have ACK (at simulation time 147.000,000,000 s)
2025-06-06 16:07:51,031 INFO  - Already have ACK (at simulation time 147.000,000,000 s)
2025-06-06 16:07:51,031 INFO  - Already have ACK (at simulation time 147.000,000,000 s)
2025-06-06 16:07:51,032 INFO  - Already have ACK (at simulation time 147.000,000,000 s)
2025-06-06 16:07:51,032 INFO  - Already have ACK (at simulation time 147.000,000,000 s)
2025-06-06 16:07:51,032 INFO  - Already have ACK (at simulation time 147.000,000,000 s)
2025-06-06 16:07:51,032 INFO  - Already have ACK (at simulation time 147.000,000,000 s)
2025-06-06 16:07:51,032 INFO  - Already have ACK (at simulation time 147.000,000,000 s)
2025-06-06 16:07:51,032 INFO  - Already have ACK (at simulation time 147.000,000,000 s)
2025-06-06 16:07:51,032 INFO  - Already have ACK (at simulation time 147.000,000,000 s)
2025-06-06 16:07:51,032 INFO  - Already have ACK (at simulation time 147.000,000,000 s)
2025-06-06 16:07:51,032 INFO  - Already have ACK (at simulation time 147.000,000,000 s)
2025-06-06 16:07:51,032 INFO  - Already have ACK (at simulation time 147.000,000,000 s)
2025-06-06 16:07:51,032 INFO  - Already have ACK (at simulation time 147.000,000,000 s)
2025-06-06 16:07:51,032 INFO  - Already have ACK (at simulation time 147.000,000,000 s)
2025-06-06 16:07:51,032 INFO  - Already have ACK (at simulation time 147.000,000,000 s)
2025-06-06 16:07:51,032 INFO  - Already have ACK (at simulation time 147.000,000,000 s)
2025-06-06 16:07:51,032 INFO  - Already have ACK (at simulation time 147.000,000,000 s)
2025-06-06 16:07:51,032 INFO  - Already have ACK (at simulation time 147.000,000,000 s)
2025-06-06 16:07:51,032 INFO  - Already have ACK (at simulation time 147.000,000,000 s)
2025-06-06 16:07:51,033 INFO  - Already have ACK (at simulation time 147.000,000,000 s)
2025-06-06 16:07:51,033 INFO  - Already have ACK (at simulation time 147.000,000,000 s)
2025-06-06 16:07:51,033 INFO  - Already have ACK (at simulation time 147.000,000,000 s)
2025-06-06 16:07:51,033 INFO  - Already have ACK (at simulation time 147.000,000,000 s)
2025-06-06 16:07:51,033 INFO  - Already have ACK (at simulation time 147.000,000,000 s)
2025-06-06 16:07:51,033 INFO  - Already have ACK (at simulation time 147.000,000,000 s)
2025-06-06 16:07:51,033 INFO  - Already have ACK (at simulation time 147.000,000,000 s)
2025-06-06 16:07:51,033 INFO  - Already have ACK (at simulation time 147.000,000,000 s)
2025-06-06 16:07:51,033 INFO  - Already have ACK (at simulation time 147.000,000,000 s)
2025-06-06 16:07:51,033 INFO  - Already have ACK (at simulation time 147.000,000,000 s)
2025-06-06 16:07:51,033 INFO  - Already have ACK (at simulation time 147.000,000,000 s)
2025-06-06 16:07:51,033 INFO  - Already have ACK (at simulation time 147.000,000,000 s)
2025-06-06 16:07:51,033 INFO  - Already have ACK (at simulation time 147.000,000,000 s)
2025-06-06 16:07:51,033 INFO  - Already have ACK (at simulation time 147.000,000,000 s)
2025-06-06 16:07:51,033 INFO  - Already have ACK (at simulation time 147.000,000,000 s)
2025-06-06 16:07:51,033 INFO  - Already have ACK (at simulation time 147.000,000,000 s)
2025-06-06 16:07:51,033 INFO  - Already have ACK (at simulation time 147.000,000,000 s)
2025-06-06 16:07:51,033 INFO  - Already have ACK (at simulation time 147.000,000,000 s)
2025-06-06 16:07:51,033 INFO  - Already have ACK (at simulation time 147.000,000,000 s)
2025-06-06 16:07:51,033 INFO  - Already have ACK (at simulation time 147.000,000,000 s)
2025-06-06 16:07:51,033 INFO  - Already have ACK (at simulation time 147.000,000,000 s)
2025-06-06 16:07:51,033 INFO  - Already have ACK (at simulation time 147.000,000,000 s)
2025-06-06 16:07:51,034 INFO  - Already have ACK (at simulation time 147.000,000,000 s)
2025-06-06 16:07:51,034 INFO  - Already have ACK (at simulation time 147.000,000,000 s)
2025-06-06 16:07:51,034 INFO  - Already have ACK (at simulation time 147.000,000,000 s)
2025-06-06 16:07:51,034 INFO  - Already have ACK (at simulation time 147.000,000,000 s)
2025-06-06 16:07:51,034 INFO  - Already have ACK (at simulation time 147.000,000,000 s)
2025-06-06 16:07:51,034 INFO  - Already have ACK (at simulation time 147.000,000,000 s)
2025-06-06 16:07:51,034 INFO  - Already have ACK (at simulation time 147.000,000,000 s)
2025-06-06 16:07:51,038 INFO  - Already have ACK (at simulation time 148.000,000,000 s)
2025-06-06 16:07:51,038 INFO  - Already have ACK (at simulation time 148.000,000,000 s)
2025-06-06 16:07:51,038 INFO  - Already have ACK (at simulation time 148.000,000,000 s)
2025-06-06 16:07:51,038 INFO  - Already have ACK (at simulation time 148.000,000,000 s)
2025-06-06 16:07:51,038 INFO  - Already have ACK (at simulation time 148.000,000,000 s)
2025-06-06 16:07:51,038 INFO  - Already have ACK (at simulation time 148.000,000,000 s)
2025-06-06 16:07:51,038 INFO  - Already have ACK (at simulation time 148.000,000,000 s)
2025-06-06 16:07:51,039 INFO  - Already have ACK (at simulation time 148.000,000,000 s)
2025-06-06 16:07:51,039 INFO  - Already have ACK (at simulation time 148.000,000,000 s)
2025-06-06 16:07:51,039 INFO  - Already have ACK (at simulation time 148.000,000,000 s)
2025-06-06 16:07:51,039 INFO  - Already have ACK (at simulation time 148.000,000,000 s)
2025-06-06 16:07:51,039 INFO  - Already have ACK (at simulation time 148.000,000,000 s)
2025-06-06 16:07:51,039 INFO  - Already have ACK (at simulation time 148.000,000,000 s)
2025-06-06 16:07:51,039 INFO  - Already have ACK (at simulation time 148.000,000,000 s)
2025-06-06 16:07:51,039 INFO  - Already have ACK (at simulation time 148.000,000,000 s)
2025-06-06 16:07:51,039 INFO  - Already have ACK (at simulation time 148.000,000,000 s)
2025-06-06 16:07:51,039 INFO  - Already have ACK (at simulation time 148.000,000,000 s)
2025-06-06 16:07:51,039 INFO  - Already have ACK (at simulation time 148.000,000,000 s)
2025-06-06 16:07:51,039 INFO  - Already have ACK (at simulation time 148.000,000,000 s)
2025-06-06 16:07:51,039 INFO  - Already have ACK (at simulation time 148.000,000,000 s)
2025-06-06 16:07:51,039 INFO  - Already have ACK (at simulation time 148.000,000,000 s)
2025-06-06 16:07:51,040 INFO  - Already have ACK (at simulation time 148.000,000,000 s)
2025-06-06 16:07:51,040 INFO  - Already have ACK (at simulation time 148.000,000,000 s)
2025-06-06 16:07:51,040 INFO  - Already have ACK (at simulation time 148.000,000,000 s)
2025-06-06 16:07:51,040 INFO  - Already have ACK (at simulation time 148.000,000,000 s)
2025-06-06 16:07:51,040 INFO  - Already have ACK (at simulation time 148.000,000,000 s)
2025-06-06 16:07:51,040 INFO  - Already have ACK (at simulation time 148.000,000,000 s)
2025-06-06 16:07:51,040 INFO  - Already have ACK (at simulation time 148.000,000,000 s)
2025-06-06 16:07:51,040 INFO  - Already have ACK (at simulation time 148.000,000,000 s)
2025-06-06 16:07:51,040 INFO  - Already have ACK (at simulation time 148.000,000,000 s)
2025-06-06 16:07:51,040 INFO  - Already have ACK (at simulation time 148.000,000,000 s)
2025-06-06 16:07:51,041 INFO  - Already have ACK (at simulation time 148.000,000,000 s)
2025-06-06 16:07:51,041 INFO  - Already have ACK (at simulation time 148.000,000,000 s)
2025-06-06 16:07:51,041 INFO  - Already have ACK (at simulation time 148.000,000,000 s)
2025-06-06 16:07:51,041 INFO  - Already have ACK (at simulation time 148.000,000,000 s)
2025-06-06 16:07:51,041 INFO  - Already have ACK (at simulation time 148.000,000,000 s)
2025-06-06 16:07:51,041 INFO  - Already have ACK (at simulation time 148.000,000,000 s)
2025-06-06 16:07:51,041 INFO  - Already have ACK (at simulation time 148.000,000,000 s)
2025-06-06 16:07:51,041 INFO  - Already have ACK (at simulation time 148.000,000,000 s)
2025-06-06 16:07:51,041 INFO  - Already have ACK (at simulation time 148.000,000,000 s)
2025-06-06 16:07:51,041 INFO  - Already have ACK (at simulation time 148.000,000,000 s)
2025-06-06 16:07:51,041 INFO  - Already have ACK (at simulation time 148.000,000,000 s)
2025-06-06 16:07:51,041 INFO  - Already have ACK (at simulation time 148.000,000,000 s)
2025-06-06 16:07:51,041 INFO  - Already have ACK (at simulation time 148.000,000,000 s)
2025-06-06 16:07:51,042 INFO  - Already have ACK (at simulation time 148.000,000,000 s)
2025-06-06 16:07:51,042 INFO  - Already have ACK (at simulation time 148.000,000,000 s)
2025-06-06 16:07:51,042 INFO  - Already have ACK (at simulation time 148.000,000,000 s)
2025-06-06 16:07:51,042 INFO  - Already have ACK (at simulation time 148.000,000,000 s)
2025-06-06 16:07:51,042 INFO  - Already have ACK (at simulation time 148.000,000,000 s)
2025-06-06 16:07:51,042 INFO  - Already have ACK (at simulation time 148.000,000,000 s)
2025-06-06 16:07:51,042 INFO  - Already have ACK (at simulation time 148.000,000,000 s)
2025-06-06 16:07:51,042 INFO  - Already have ACK (at simulation time 148.000,000,000 s)
2025-06-06 16:07:51,042 INFO  - Already have ACK (at simulation time 148.000,000,000 s)
2025-06-06 16:07:51,042 INFO  - Already have ACK (at simulation time 148.000,000,000 s)
2025-06-06 16:07:51,042 INFO  - Already have ACK (at simulation time 148.000,000,000 s)
2025-06-06 16:07:51,042 INFO  - Already have ACK (at simulation time 148.000,000,000 s)
2025-06-06 16:07:51,042 INFO  - Already have ACK (at simulation time 148.000,000,000 s)
2025-06-06 16:07:51,042 INFO  - Already have ACK (at simulation time 148.000,000,000 s)
2025-06-06 16:07:51,042 INFO  - Already have ACK (at simulation time 148.000,000,000 s)
2025-06-06 16:07:51,042 INFO  - Already have ACK (at simulation time 148.000,000,000 s)
2025-06-06 16:07:51,047 INFO  - Sent periodic GreenWaveMsg: veh_17 on route r_1 (at simulation time 149.000,000,000 s)
2025-06-06 16:07:51,047 INFO  - Already have ACK (at simulation time 149.000,000,000 s)
2025-06-06 16:07:51,047 INFO  - Already have ACK (at simulation time 149.000,000,000 s)
2025-06-06 16:07:51,047 INFO  - Already have ACK (at simulation time 149.000,000,000 s)
2025-06-06 16:07:51,047 INFO  - Already have ACK (at simulation time 149.000,000,000 s)
2025-06-06 16:07:51,047 INFO  - Already have ACK (at simulation time 149.000,000,000 s)
2025-06-06 16:07:51,048 INFO  - Already have ACK (at simulation time 149.000,000,000 s)
2025-06-06 16:07:51,048 INFO  - Already have ACK (at simulation time 149.000,000,000 s)
2025-06-06 16:07:51,048 INFO  - Already have ACK (at simulation time 149.000,000,000 s)
2025-06-06 16:07:51,048 INFO  - Already have ACK (at simulation time 149.000,000,000 s)
2025-06-06 16:07:51,048 INFO  - Already have ACK (at simulation time 149.000,000,000 s)
2025-06-06 16:07:51,048 INFO  - Already have ACK (at simulation time 149.000,000,000 s)
2025-06-06 16:07:51,048 INFO  - Already have ACK (at simulation time 149.000,000,000 s)
2025-06-06 16:07:51,048 INFO  - Already have ACK (at simulation time 149.000,000,000 s)
2025-06-06 16:07:51,048 INFO  - Already have ACK (at simulation time 149.000,000,000 s)
2025-06-06 16:07:51,048 INFO  - Already have ACK (at simulation time 149.000,000,000 s)
2025-06-06 16:07:51,049 INFO  - Already have ACK (at simulation time 149.000,000,000 s)
2025-06-06 16:07:51,049 INFO  - Already have ACK (at simulation time 149.000,000,000 s)
2025-06-06 16:07:51,049 INFO  - Already have ACK (at simulation time 149.000,000,000 s)
2025-06-06 16:07:51,049 INFO  - Already have ACK (at simulation time 149.000,000,000 s)
2025-06-06 16:07:51,049 INFO  - Already have ACK (at simulation time 149.000,000,000 s)
2025-06-06 16:07:51,049 INFO  - Already have ACK (at simulation time 149.000,000,000 s)
2025-06-06 16:07:51,049 INFO  - Already have ACK (at simulation time 149.000,000,000 s)
2025-06-06 16:07:51,049 INFO  - Already have ACK (at simulation time 149.000,000,000 s)
2025-06-06 16:07:51,049 INFO  - Already have ACK (at simulation time 149.000,000,000 s)
2025-06-06 16:07:51,049 INFO  - Already have ACK (at simulation time 149.000,000,000 s)
2025-06-06 16:07:51,049 INFO  - Already have ACK (at simulation time 149.000,000,000 s)
2025-06-06 16:07:51,049 INFO  - Already have ACK (at simulation time 149.000,000,000 s)
2025-06-06 16:07:51,049 INFO  - Already have ACK (at simulation time 149.000,000,000 s)
2025-06-06 16:07:51,049 INFO  - Already have ACK (at simulation time 149.000,000,000 s)
2025-06-06 16:07:51,050 INFO  - Already have ACK (at simulation time 149.000,000,000 s)
2025-06-06 16:07:51,050 INFO  - Already have ACK (at simulation time 149.000,000,000 s)
2025-06-06 16:07:51,050 INFO  - Already have ACK (at simulation time 149.000,000,000 s)
2025-06-06 16:07:51,050 INFO  - Already have ACK (at simulation time 149.000,000,000 s)
2025-06-06 16:07:51,050 INFO  - Already have ACK (at simulation time 149.000,000,000 s)
2025-06-06 16:07:51,050 INFO  - Already have ACK (at simulation time 149.000,000,000 s)
2025-06-06 16:07:51,050 INFO  - Already have ACK (at simulation time 149.000,000,000 s)
2025-06-06 16:07:51,050 INFO  - Already have ACK (at simulation time 149.000,000,000 s)
2025-06-06 16:07:51,050 INFO  - Already have ACK (at simulation time 149.000,000,000 s)
2025-06-06 16:07:51,050 INFO  - Already have ACK (at simulation time 149.000,000,000 s)
2025-06-06 16:07:51,050 INFO  - Already have ACK (at simulation time 149.000,000,000 s)
2025-06-06 16:07:51,050 INFO  - Already have ACK (at simulation time 149.000,000,000 s)
2025-06-06 16:07:51,050 INFO  - Already have ACK (at simulation time 149.000,000,000 s)
2025-06-06 16:07:51,050 INFO  - Already have ACK (at simulation time 149.000,000,000 s)
2025-06-06 16:07:51,050 INFO  - Already have ACK (at simulation time 149.000,000,000 s)
2025-06-06 16:07:51,050 INFO  - Already have ACK (at simulation time 149.000,000,000 s)
2025-06-06 16:07:51,050 INFO  - Already have ACK (at simulation time 149.000,000,000 s)
2025-06-06 16:07:51,050 INFO  - Already have ACK (at simulation time 149.000,000,000 s)
2025-06-06 16:07:51,050 INFO  - Already have ACK (at simulation time 149.000,000,000 s)
2025-06-06 16:07:51,050 INFO  - Already have ACK (at simulation time 149.000,000,000 s)
2025-06-06 16:07:51,051 INFO  - Already have ACK (at simulation time 149.000,000,000 s)
2025-06-06 16:07:51,051 INFO  - Already have ACK (at simulation time 149.000,000,000 s)
2025-06-06 16:07:51,051 INFO  - Already have ACK (at simulation time 149.000,000,000 s)
2025-06-06 16:07:51,051 INFO  - Already have ACK (at simulation time 149.000,000,000 s)
2025-06-06 16:07:51,051 INFO  - Already have ACK (at simulation time 149.000,000,000 s)
2025-06-06 16:07:51,051 INFO  - Already have ACK (at simulation time 149.000,000,000 s)
2025-06-06 16:07:51,051 INFO  - Already have ACK (at simulation time 149.000,000,000 s)
2025-06-06 16:07:51,051 INFO  - Already have ACK (at simulation time 149.000,000,000 s)
2025-06-06 16:07:51,051 INFO  - Already have ACK (at simulation time 149.000,000,000 s)
2025-06-06 16:07:51,051 INFO  - Already have ACK (at simulation time 149.000,000,000 s)
2025-06-06 16:07:51,051 INFO  - Already have ACK (at simulation time 149.000,000,000 s)
2025-06-06 16:07:51,051 INFO  - Already have ACK (at simulation time 149.000,000,000 s)
2025-06-06 16:07:51,061 INFO  - Already have ACK (at simulation time 150.000,000,000 s)
2025-06-06 16:07:51,062 INFO  - Already have ACK (at simulation time 150.000,000,000 s)
2025-06-06 16:07:51,062 INFO  - Already have ACK (at simulation time 150.000,000,000 s)
2025-06-06 16:07:51,062 INFO  - Already have ACK (at simulation time 150.000,000,000 s)
2025-06-06 16:07:51,062 INFO  - Already have ACK (at simulation time 150.000,000,000 s)
2025-06-06 16:07:51,062 INFO  - Already have ACK (at simulation time 150.000,000,000 s)
2025-06-06 16:07:51,062 INFO  - Already have ACK (at simulation time 150.000,000,000 s)
2025-06-06 16:07:51,062 INFO  - Already have ACK (at simulation time 150.000,000,000 s)
2025-06-06 16:07:51,062 INFO  - Already have ACK (at simulation time 150.000,000,000 s)
2025-06-06 16:07:51,062 INFO  - Already have ACK (at simulation time 150.000,000,000 s)
2025-06-06 16:07:51,062 INFO  - Already have ACK (at simulation time 150.000,000,000 s)
2025-06-06 16:07:51,062 INFO  - Already have ACK (at simulation time 150.000,000,000 s)
2025-06-06 16:07:51,062 INFO  - Already have ACK (at simulation time 150.000,000,000 s)
2025-06-06 16:07:51,063 INFO  - Already have ACK (at simulation time 150.000,000,000 s)
2025-06-06 16:07:51,063 INFO  - Already have ACK (at simulation time 150.000,000,000 s)
2025-06-06 16:07:51,063 INFO  - Already have ACK (at simulation time 150.000,000,000 s)
2025-06-06 16:07:51,063 INFO  - Already have ACK (at simulation time 150.000,000,000 s)
2025-06-06 16:07:51,063 INFO  - Already have ACK (at simulation time 150.000,000,000 s)
2025-06-06 16:07:51,063 INFO  - Already have ACK (at simulation time 150.000,000,000 s)
2025-06-06 16:07:51,063 INFO  - Already have ACK (at simulation time 150.000,000,000 s)
2025-06-06 16:07:51,063 INFO  - Already have ACK (at simulation time 150.000,000,000 s)
2025-06-06 16:07:51,063 INFO  - Already have ACK (at simulation time 150.000,000,000 s)
2025-06-06 16:07:51,063 INFO  - Already have ACK (at simulation time 150.000,000,000 s)
2025-06-06 16:07:51,063 INFO  - Already have ACK (at simulation time 150.000,000,000 s)
2025-06-06 16:07:51,063 INFO  - Already have ACK (at simulation time 150.000,000,000 s)
2025-06-06 16:07:51,063 INFO  - Already have ACK (at simulation time 150.000,000,000 s)
2025-06-06 16:07:51,063 INFO  - Already have ACK (at simulation time 150.000,000,000 s)
2025-06-06 16:07:51,063 INFO  - Already have ACK (at simulation time 150.000,000,000 s)
2025-06-06 16:07:51,063 INFO  - Already have ACK (at simulation time 150.000,000,000 s)
2025-06-06 16:07:51,064 INFO  - Already have ACK (at simulation time 150.000,000,000 s)
2025-06-06 16:07:51,064 INFO  - Already have ACK (at simulation time 150.000,000,000 s)
2025-06-06 16:07:51,064 INFO  - Already have ACK (at simulation time 150.000,000,000 s)
2025-06-06 16:07:51,064 INFO  - Already have ACK (at simulation time 150.000,000,000 s)
2025-06-06 16:07:51,064 INFO  - Already have ACK (at simulation time 150.000,000,000 s)
2025-06-06 16:07:51,064 INFO  - Already have ACK (at simulation time 150.000,000,000 s)
2025-06-06 16:07:51,064 INFO  - Already have ACK (at simulation time 150.000,000,000 s)
2025-06-06 16:07:51,064 INFO  - Already have ACK (at simulation time 150.000,000,000 s)
2025-06-06 16:07:51,064 INFO  - Already have ACK (at simulation time 150.000,000,000 s)
2025-06-06 16:07:51,064 INFO  - Already have ACK (at simulation time 150.000,000,000 s)
2025-06-06 16:07:51,064 INFO  - Already have ACK (at simulation time 150.000,000,000 s)
2025-06-06 16:07:51,064 INFO  - Already have ACK (at simulation time 150.000,000,000 s)
2025-06-06 16:07:51,064 INFO  - Already have ACK (at simulation time 150.000,000,000 s)
2025-06-06 16:07:51,064 INFO  - Already have ACK (at simulation time 150.000,000,000 s)
2025-06-06 16:07:51,064 INFO  - Already have ACK (at simulation time 150.000,000,000 s)
2025-06-06 16:07:51,064 INFO  - Already have ACK (at simulation time 150.000,000,000 s)
2025-06-06 16:07:51,064 INFO  - Already have ACK (at simulation time 150.000,000,000 s)
2025-06-06 16:07:51,064 INFO  - Already have ACK (at simulation time 150.000,000,000 s)
2025-06-06 16:07:51,064 INFO  - Already have ACK (at simulation time 150.000,000,000 s)
2025-06-06 16:07:51,065 INFO  - Already have ACK (at simulation time 150.000,000,000 s)
2025-06-06 16:07:51,065 INFO  - Already have ACK (at simulation time 150.000,000,000 s)
2025-06-06 16:07:51,065 INFO  - Already have ACK (at simulation time 150.000,000,000 s)
2025-06-06 16:07:51,065 INFO  - Already have ACK (at simulation time 150.000,000,000 s)
2025-06-06 16:07:51,065 INFO  - Already have ACK (at simulation time 150.000,000,000 s)
2025-06-06 16:07:51,065 INFO  - Already have ACK (at simulation time 150.000,000,000 s)
2025-06-06 16:07:51,065 INFO  - Already have ACK (at simulation time 150.000,000,000 s)
2025-06-06 16:07:51,065 INFO  - Already have ACK (at simulation time 150.000,000,000 s)
2025-06-06 16:07:51,065 INFO  - Already have ACK (at simulation time 150.000,000,000 s)
2025-06-06 16:07:51,065 INFO  - Already have ACK (at simulation time 150.000,000,000 s)
2025-06-06 16:07:51,065 INFO  - Already have ACK (at simulation time 150.000,000,000 s)
2025-06-06 16:07:51,065 INFO  - Already have ACK (at simulation time 150.000,000,000 s)
2025-06-06 16:07:51,065 INFO  - Already have ACK (at simulation time 150.000,000,000 s)
2025-06-06 16:07:51,065 INFO  - Already have ACK (at simulation time 150.000,000,000 s)
2025-06-06 16:07:51,067 INFO  - Received metrics from FogNode: avgR0=1.3333333333333333, avgR1=1.8 (at simulation time 150.002,800,000 s)
2025-06-06 16:07:51,069 INFO  - Already have ACK (at simulation time 151.000,000,000 s)
2025-06-06 16:07:51,069 INFO  - Already have ACK (at simulation time 151.000,000,000 s)
2025-06-06 16:07:51,070 INFO  - Already have ACK (at simulation time 151.000,000,000 s)
2025-06-06 16:07:51,070 INFO  - Already have ACK (at simulation time 151.000,000,000 s)
2025-06-06 16:07:51,070 INFO  - Already have ACK (at simulation time 151.000,000,000 s)
2025-06-06 16:07:51,070 INFO  - Already have ACK (at simulation time 151.000,000,000 s)
2025-06-06 16:07:51,070 INFO  - Already have ACK (at simulation time 151.000,000,000 s)
2025-06-06 16:07:51,070 INFO  - Already have ACK (at simulation time 151.000,000,000 s)
2025-06-06 16:07:51,070 INFO  - Already have ACK (at simulation time 151.000,000,000 s)
2025-06-06 16:07:51,070 INFO  - Already have ACK (at simulation time 151.000,000,000 s)
2025-06-06 16:07:51,070 INFO  - Already have ACK (at simulation time 151.000,000,000 s)
2025-06-06 16:07:51,070 INFO  - Already have ACK (at simulation time 151.000,000,000 s)
2025-06-06 16:07:51,070 INFO  - Already have ACK (at simulation time 151.000,000,000 s)
2025-06-06 16:07:51,070 INFO  - Already have ACK (at simulation time 151.000,000,000 s)
2025-06-06 16:07:51,070 INFO  - Already have ACK (at simulation time 151.000,000,000 s)
2025-06-06 16:07:51,071 INFO  - Already have ACK (at simulation time 151.000,000,000 s)
2025-06-06 16:07:51,071 INFO  - Already have ACK (at simulation time 151.000,000,000 s)
2025-06-06 16:07:51,071 INFO  - Already have ACK (at simulation time 151.000,000,000 s)
2025-06-06 16:07:51,071 INFO  - Already have ACK (at simulation time 151.000,000,000 s)
2025-06-06 16:07:51,071 INFO  - Already have ACK (at simulation time 151.000,000,000 s)
2025-06-06 16:07:51,071 INFO  - Already have ACK (at simulation time 151.000,000,000 s)
2025-06-06 16:07:51,071 INFO  - Already have ACK (at simulation time 151.000,000,000 s)
2025-06-06 16:07:51,071 INFO  - Already have ACK (at simulation time 151.000,000,000 s)
2025-06-06 16:07:51,071 INFO  - Already have ACK (at simulation time 151.000,000,000 s)
2025-06-06 16:07:51,071 INFO  - Already have ACK (at simulation time 151.000,000,000 s)
2025-06-06 16:07:51,071 INFO  - Already have ACK (at simulation time 151.000,000,000 s)
2025-06-06 16:07:51,071 INFO  - Already have ACK (at simulation time 151.000,000,000 s)
2025-06-06 16:07:51,071 INFO  - Already have ACK (at simulation time 151.000,000,000 s)
2025-06-06 16:07:51,071 INFO  - Already have ACK (at simulation time 151.000,000,000 s)
2025-06-06 16:07:51,071 INFO  - Already have ACK (at simulation time 151.000,000,000 s)
2025-06-06 16:07:51,072 INFO  - Already have ACK (at simulation time 151.000,000,000 s)
2025-06-06 16:07:51,072 INFO  - Already have ACK (at simulation time 151.000,000,000 s)
2025-06-06 16:07:51,072 INFO  - Already have ACK (at simulation time 151.000,000,000 s)
2025-06-06 16:07:51,072 INFO  - Already have ACK (at simulation time 151.000,000,000 s)
2025-06-06 16:07:51,072 INFO  - Already have ACK (at simulation time 151.000,000,000 s)
2025-06-06 16:07:51,072 INFO  - Already have ACK (at simulation time 151.000,000,000 s)
2025-06-06 16:07:51,072 INFO  - Already have ACK (at simulation time 151.000,000,000 s)
2025-06-06 16:07:51,072 INFO  - Already have ACK (at simulation time 151.000,000,000 s)
2025-06-06 16:07:51,072 INFO  - Already have ACK (at simulation time 151.000,000,000 s)
2025-06-06 16:07:51,072 INFO  - Already have ACK (at simulation time 151.000,000,000 s)
2025-06-06 16:07:51,072 INFO  - Already have ACK (at simulation time 151.000,000,000 s)
2025-06-06 16:07:51,072 INFO  - Already have ACK (at simulation time 151.000,000,000 s)
2025-06-06 16:07:51,072 INFO  - Already have ACK (at simulation time 151.000,000,000 s)
2025-06-06 16:07:51,072 INFO  - Already have ACK (at simulation time 151.000,000,000 s)
2025-06-06 16:07:51,072 INFO  - Already have ACK (at simulation time 151.000,000,000 s)
2025-06-06 16:07:51,073 INFO  - Already have ACK (at simulation time 151.000,000,000 s)
2025-06-06 16:07:51,073 INFO  - Already have ACK (at simulation time 151.000,000,000 s)
2025-06-06 16:07:51,073 INFO  - Already have ACK (at simulation time 151.000,000,000 s)
2025-06-06 16:07:51,073 INFO  - Already have ACK (at simulation time 151.000,000,000 s)
2025-06-06 16:07:51,073 INFO  - Already have ACK (at simulation time 151.000,000,000 s)
2025-06-06 16:07:51,073 INFO  - Already have ACK (at simulation time 151.000,000,000 s)
2025-06-06 16:07:51,073 INFO  - Already have ACK (at simulation time 151.000,000,000 s)
2025-06-06 16:07:51,073 INFO  - Already have ACK (at simulation time 151.000,000,000 s)
2025-06-06 16:07:51,073 INFO  - Already have ACK (at simulation time 151.000,000,000 s)
2025-06-06 16:07:51,073 INFO  - Already have ACK (at simulation time 151.000,000,000 s)
2025-06-06 16:07:51,073 INFO  - Already have ACK (at simulation time 151.000,000,000 s)
2025-06-06 16:07:51,073 INFO  - Already have ACK (at simulation time 151.000,000,000 s)
2025-06-06 16:07:51,073 INFO  - Already have ACK (at simulation time 151.000,000,000 s)
2025-06-06 16:07:51,073 INFO  - Already have ACK (at simulation time 151.000,000,000 s)
2025-06-06 16:07:51,073 INFO  - Already have ACK (at simulation time 151.000,000,000 s)
2025-06-06 16:07:51,073 INFO  - Already have ACK (at simulation time 151.000,000,000 s)
2025-06-06 16:07:51,073 INFO  - Already have ACK (at simulation time 151.000,000,000 s)
2025-06-06 16:07:51,073 INFO  - Already have ACK (at simulation time 151.000,000,000 s)
2025-06-06 16:07:51,077 INFO  - Already have ACK (at simulation time 152.000,000,000 s)
2025-06-06 16:07:51,078 INFO  - Already have ACK (at simulation time 152.000,000,000 s)
2025-06-06 16:07:51,078 INFO  - Already have ACK (at simulation time 152.000,000,000 s)
2025-06-06 16:07:51,078 INFO  - Already have ACK (at simulation time 152.000,000,000 s)
2025-06-06 16:07:51,078 INFO  - Already have ACK (at simulation time 152.000,000,000 s)
2025-06-06 16:07:51,078 INFO  - Already have ACK (at simulation time 152.000,000,000 s)
2025-06-06 16:07:51,078 INFO  - Already have ACK (at simulation time 152.000,000,000 s)
2025-06-06 16:07:51,078 INFO  - Already have ACK (at simulation time 152.000,000,000 s)
2025-06-06 16:07:51,078 INFO  - Already have ACK (at simulation time 152.000,000,000 s)
2025-06-06 16:07:51,079 INFO  - Already have ACK (at simulation time 152.000,000,000 s)
2025-06-06 16:07:51,079 INFO  - Already have ACK (at simulation time 152.000,000,000 s)
2025-06-06 16:07:51,079 INFO  - Already have ACK (at simulation time 152.000,000,000 s)
2025-06-06 16:07:51,079 INFO  - Already have ACK (at simulation time 152.000,000,000 s)
2025-06-06 16:07:51,079 INFO  - Already have ACK (at simulation time 152.000,000,000 s)
2025-06-06 16:07:51,079 INFO  - Already have ACK (at simulation time 152.000,000,000 s)
2025-06-06 16:07:51,079 INFO  - Already have ACK (at simulation time 152.000,000,000 s)
2025-06-06 16:07:51,079 INFO  - Already have ACK (at simulation time 152.000,000,000 s)
2025-06-06 16:07:51,079 INFO  - Already have ACK (at simulation time 152.000,000,000 s)
2025-06-06 16:07:51,079 INFO  - Already have ACK (at simulation time 152.000,000,000 s)
2025-06-06 16:07:51,080 INFO  - Already have ACK (at simulation time 152.000,000,000 s)
2025-06-06 16:07:51,080 INFO  - Already have ACK (at simulation time 152.000,000,000 s)
2025-06-06 16:07:51,080 INFO  - Already have ACK (at simulation time 152.000,000,000 s)
2025-06-06 16:07:51,080 INFO  - Already have ACK (at simulation time 152.000,000,000 s)
2025-06-06 16:07:51,080 INFO  - Already have ACK (at simulation time 152.000,000,000 s)
2025-06-06 16:07:51,080 INFO  - Already have ACK (at simulation time 152.000,000,000 s)
2025-06-06 16:07:51,080 INFO  - Already have ACK (at simulation time 152.000,000,000 s)
2025-06-06 16:07:51,080 INFO  - Already have ACK (at simulation time 152.000,000,000 s)
2025-06-06 16:07:51,080 INFO  - Already have ACK (at simulation time 152.000,000,000 s)
2025-06-06 16:07:51,080 INFO  - Already have ACK (at simulation time 152.000,000,000 s)
2025-06-06 16:07:51,080 INFO  - Already have ACK (at simulation time 152.000,000,000 s)
2025-06-06 16:07:51,081 INFO  - Already have ACK (at simulation time 152.000,000,000 s)
2025-06-06 16:07:51,081 INFO  - Already have ACK (at simulation time 152.000,000,000 s)
2025-06-06 16:07:51,081 INFO  - Already have ACK (at simulation time 152.000,000,000 s)
2025-06-06 16:07:51,081 INFO  - Already have ACK (at simulation time 152.000,000,000 s)
2025-06-06 16:07:51,081 INFO  - Already have ACK (at simulation time 152.000,000,000 s)
2025-06-06 16:07:51,081 INFO  - Already have ACK (at simulation time 152.000,000,000 s)
2025-06-06 16:07:51,081 INFO  - Already have ACK (at simulation time 152.000,000,000 s)
2025-06-06 16:07:51,081 INFO  - Already have ACK (at simulation time 152.000,000,000 s)
2025-06-06 16:07:51,081 INFO  - Already have ACK (at simulation time 152.000,000,000 s)
2025-06-06 16:07:51,081 INFO  - Already have ACK (at simulation time 152.000,000,000 s)
2025-06-06 16:07:51,081 INFO  - Already have ACK (at simulation time 152.000,000,000 s)
2025-06-06 16:07:51,081 INFO  - Already have ACK (at simulation time 152.000,000,000 s)
2025-06-06 16:07:51,081 INFO  - Already have ACK (at simulation time 152.000,000,000 s)
2025-06-06 16:07:51,082 INFO  - Already have ACK (at simulation time 152.000,000,000 s)
2025-06-06 16:07:51,082 INFO  - Already have ACK (at simulation time 152.000,000,000 s)
2025-06-06 16:07:51,082 INFO  - Already have ACK (at simulation time 152.000,000,000 s)
2025-06-06 16:07:51,082 INFO  - Already have ACK (at simulation time 152.000,000,000 s)
2025-06-06 16:07:51,082 INFO  - Already have ACK (at simulation time 152.000,000,000 s)
2025-06-06 16:07:51,082 INFO  - Already have ACK (at simulation time 152.000,000,000 s)
2025-06-06 16:07:51,082 INFO  - Already have ACK (at simulation time 152.000,000,000 s)
2025-06-06 16:07:51,082 INFO  - Already have ACK (at simulation time 152.000,000,000 s)
2025-06-06 16:07:51,082 INFO  - Already have ACK (at simulation time 152.000,000,000 s)
2025-06-06 16:07:51,082 INFO  - Already have ACK (at simulation time 152.000,000,000 s)
2025-06-06 16:07:51,082 INFO  - Already have ACK (at simulation time 152.000,000,000 s)
2025-06-06 16:07:51,082 INFO  - Already have ACK (at simulation time 152.000,000,000 s)
2025-06-06 16:07:51,082 INFO  - Already have ACK (at simulation time 152.000,000,000 s)
2025-06-06 16:07:51,082 INFO  - Already have ACK (at simulation time 152.000,000,000 s)
2025-06-06 16:07:51,082 INFO  - Already have ACK (at simulation time 152.000,000,000 s)
2025-06-06 16:07:51,082 INFO  - Already have ACK (at simulation time 152.000,000,000 s)
2025-06-06 16:07:51,082 INFO  - Already have ACK (at simulation time 152.000,000,000 s)
2025-06-06 16:07:51,083 INFO  - Already have ACK (at simulation time 152.000,000,000 s)
2025-06-06 16:07:51,083 INFO  - Already have ACK (at simulation time 152.000,000,000 s)
2025-06-06 16:07:51,083 INFO  - Already have ACK (at simulation time 152.000,000,000 s)
2025-06-06 16:07:51,083 INFO  - Already have ACK (at simulation time 152.000,000,000 s)
2025-06-06 16:07:51,086 INFO  - Already have ACK (at simulation time 153.000,000,000 s)
2025-06-06 16:07:51,088 INFO  - Already have ACK (at simulation time 153.000,000,000 s)
2025-06-06 16:07:51,088 INFO  - Already have ACK (at simulation time 153.000,000,000 s)
2025-06-06 16:07:51,088 INFO  - Already have ACK (at simulation time 153.000,000,000 s)
2025-06-06 16:07:51,088 INFO  - Already have ACK (at simulation time 153.000,000,000 s)
2025-06-06 16:07:51,088 INFO  - Already have ACK (at simulation time 153.000,000,000 s)
2025-06-06 16:07:51,088 INFO  - Already have ACK (at simulation time 153.000,000,000 s)
2025-06-06 16:07:51,088 INFO  - Already have ACK (at simulation time 153.000,000,000 s)
2025-06-06 16:07:51,088 INFO  - Already have ACK (at simulation time 153.000,000,000 s)
2025-06-06 16:07:51,088 INFO  - Already have ACK (at simulation time 153.000,000,000 s)
2025-06-06 16:07:51,089 INFO  - Already have ACK (at simulation time 153.000,000,000 s)
2025-06-06 16:07:51,089 INFO  - Already have ACK (at simulation time 153.000,000,000 s)
2025-06-06 16:07:51,089 INFO  - Already have ACK (at simulation time 153.000,000,000 s)
2025-06-06 16:07:51,089 INFO  - Already have ACK (at simulation time 153.000,000,000 s)
2025-06-06 16:07:51,089 INFO  - Already have ACK (at simulation time 153.000,000,000 s)
2025-06-06 16:07:51,089 INFO  - Already have ACK (at simulation time 153.000,000,000 s)
2025-06-06 16:07:51,089 INFO  - Already have ACK (at simulation time 153.000,000,000 s)
2025-06-06 16:07:51,089 INFO  - Already have ACK (at simulation time 153.000,000,000 s)
2025-06-06 16:07:51,089 INFO  - Already have ACK (at simulation time 153.000,000,000 s)
2025-06-06 16:07:51,089 INFO  - Already have ACK (at simulation time 153.000,000,000 s)
2025-06-06 16:07:51,090 INFO  - Already have ACK (at simulation time 153.000,000,000 s)
2025-06-06 16:07:51,090 INFO  - Already have ACK (at simulation time 153.000,000,000 s)
2025-06-06 16:07:51,090 INFO  - Already have ACK (at simulation time 153.000,000,000 s)
2025-06-06 16:07:51,090 INFO  - Already have ACK (at simulation time 153.000,000,000 s)
2025-06-06 16:07:51,090 INFO  - Already have ACK (at simulation time 153.000,000,000 s)
2025-06-06 16:07:51,090 INFO  - Already have ACK (at simulation time 153.000,000,000 s)
2025-06-06 16:07:51,090 INFO  - Already have ACK (at simulation time 153.000,000,000 s)
2025-06-06 16:07:51,090 INFO  - Already have ACK (at simulation time 153.000,000,000 s)
2025-06-06 16:07:51,090 INFO  - Already have ACK (at simulation time 153.000,000,000 s)
2025-06-06 16:07:51,090 INFO  - Already have ACK (at simulation time 153.000,000,000 s)
2025-06-06 16:07:51,090 INFO  - Already have ACK (at simulation time 153.000,000,000 s)
2025-06-06 16:07:51,090 INFO  - Already have ACK (at simulation time 153.000,000,000 s)
2025-06-06 16:07:51,091 INFO  - Already have ACK (at simulation time 153.000,000,000 s)
2025-06-06 16:07:51,091 INFO  - Already have ACK (at simulation time 153.000,000,000 s)
2025-06-06 16:07:51,091 INFO  - Already have ACK (at simulation time 153.000,000,000 s)
2025-06-06 16:07:51,091 INFO  - Already have ACK (at simulation time 153.000,000,000 s)
2025-06-06 16:07:51,091 INFO  - Already have ACK (at simulation time 153.000,000,000 s)
2025-06-06 16:07:51,091 INFO  - Already have ACK (at simulation time 153.000,000,000 s)
2025-06-06 16:07:51,091 INFO  - Already have ACK (at simulation time 153.000,000,000 s)
2025-06-06 16:07:51,091 INFO  - Already have ACK (at simulation time 153.000,000,000 s)
2025-06-06 16:07:51,091 INFO  - Already have ACK (at simulation time 153.000,000,000 s)
2025-06-06 16:07:51,091 INFO  - Already have ACK (at simulation time 153.000,000,000 s)
2025-06-06 16:07:51,091 INFO  - Already have ACK (at simulation time 153.000,000,000 s)
2025-06-06 16:07:51,091 INFO  - Already have ACK (at simulation time 153.000,000,000 s)
2025-06-06 16:07:51,091 INFO  - Already have ACK (at simulation time 153.000,000,000 s)
2025-06-06 16:07:51,091 INFO  - Already have ACK (at simulation time 153.000,000,000 s)
2025-06-06 16:07:51,092 INFO  - Already have ACK (at simulation time 153.000,000,000 s)
2025-06-06 16:07:51,092 INFO  - Already have ACK (at simulation time 153.000,000,000 s)
2025-06-06 16:07:51,092 INFO  - Already have ACK (at simulation time 153.000,000,000 s)
2025-06-06 16:07:51,092 INFO  - Already have ACK (at simulation time 153.000,000,000 s)
2025-06-06 16:07:51,092 INFO  - Already have ACK (at simulation time 153.000,000,000 s)
2025-06-06 16:07:51,092 INFO  - Already have ACK (at simulation time 153.000,000,000 s)
2025-06-06 16:07:51,092 INFO  - Already have ACK (at simulation time 153.000,000,000 s)
2025-06-06 16:07:51,092 INFO  - Already have ACK (at simulation time 153.000,000,000 s)
2025-06-06 16:07:51,092 INFO  - Already have ACK (at simulation time 153.000,000,000 s)
2025-06-06 16:07:51,092 INFO  - Already have ACK (at simulation time 153.000,000,000 s)
2025-06-06 16:07:51,092 INFO  - Already have ACK (at simulation time 153.000,000,000 s)
2025-06-06 16:07:51,092 INFO  - Already have ACK (at simulation time 153.000,000,000 s)
2025-06-06 16:07:51,092 INFO  - Already have ACK (at simulation time 153.000,000,000 s)
2025-06-06 16:07:51,092 INFO  - Already have ACK (at simulation time 153.000,000,000 s)
2025-06-06 16:07:51,092 INFO  - Already have ACK (at simulation time 153.000,000,000 s)
2025-06-06 16:07:51,092 INFO  - Already have ACK (at simulation time 153.000,000,000 s)
2025-06-06 16:07:51,092 INFO  - Already have ACK (at simulation time 153.000,000,000 s)
2025-06-06 16:07:51,093 INFO  - Already have ACK (at simulation time 153.000,000,000 s)
2025-06-06 16:07:51,093 INFO  - Already have ACK (at simulation time 153.000,000,000 s)
2025-06-06 16:07:51,096 INFO  - Sent periodic GreenWaveMsg: veh_17 on route r_1 (at simulation time 154.000,000,000 s)
2025-06-06 16:07:51,096 INFO  - Already have ACK (at simulation time 154.000,000,000 s)
2025-06-06 16:07:51,097 INFO  - Already have ACK (at simulation time 154.000,000,000 s)
2025-06-06 16:07:51,097 INFO  - Already have ACK (at simulation time 154.000,000,000 s)
2025-06-06 16:07:51,097 INFO  - Already have ACK (at simulation time 154.000,000,000 s)
2025-06-06 16:07:51,098 INFO  - Already have ACK (at simulation time 154.000,000,000 s)
2025-06-06 16:07:51,098 INFO  - Already have ACK (at simulation time 154.000,000,000 s)
2025-06-06 16:07:51,098 INFO  - Already have ACK (at simulation time 154.000,000,000 s)
2025-06-06 16:07:51,098 INFO  - Already have ACK (at simulation time 154.000,000,000 s)
2025-06-06 16:07:51,098 INFO  - Already have ACK (at simulation time 154.000,000,000 s)
2025-06-06 16:07:51,098 INFO  - Already have ACK (at simulation time 154.000,000,000 s)
2025-06-06 16:07:51,098 INFO  - Already have ACK (at simulation time 154.000,000,000 s)
2025-06-06 16:07:51,098 INFO  - Already have ACK (at simulation time 154.000,000,000 s)
2025-06-06 16:07:51,098 INFO  - Already have ACK (at simulation time 154.000,000,000 s)
2025-06-06 16:07:51,099 INFO  - Already have ACK (at simulation time 154.000,000,000 s)
2025-06-06 16:07:51,099 INFO  - Already have ACK (at simulation time 154.000,000,000 s)
2025-06-06 16:07:51,099 INFO  - Already have ACK (at simulation time 154.000,000,000 s)
2025-06-06 16:07:51,099 INFO  - Already have ACK (at simulation time 154.000,000,000 s)
2025-06-06 16:07:51,099 INFO  - Already have ACK (at simulation time 154.000,000,000 s)
2025-06-06 16:07:51,099 INFO  - Already have ACK (at simulation time 154.000,000,000 s)
2025-06-06 16:07:51,099 INFO  - Already have ACK (at simulation time 154.000,000,000 s)
2025-06-06 16:07:51,099 INFO  - Already have ACK (at simulation time 154.000,000,000 s)
2025-06-06 16:07:51,099 INFO  - Already have ACK (at simulation time 154.000,000,000 s)
2025-06-06 16:07:51,099 INFO  - Already have ACK (at simulation time 154.000,000,000 s)
2025-06-06 16:07:51,100 INFO  - Already have ACK (at simulation time 154.000,000,000 s)
2025-06-06 16:07:51,100 INFO  - Already have ACK (at simulation time 154.000,000,000 s)
2025-06-06 16:07:51,100 INFO  - Already have ACK (at simulation time 154.000,000,000 s)
2025-06-06 16:07:51,100 INFO  - Already have ACK (at simulation time 154.000,000,000 s)
2025-06-06 16:07:51,100 INFO  - Already have ACK (at simulation time 154.000,000,000 s)
2025-06-06 16:07:51,100 INFO  - Already have ACK (at simulation time 154.000,000,000 s)
2025-06-06 16:07:51,100 INFO  - Already have ACK (at simulation time 154.000,000,000 s)
2025-06-06 16:07:51,100 INFO  - Already have ACK (at simulation time 154.000,000,000 s)
2025-06-06 16:07:51,100 INFO  - Already have ACK (at simulation time 154.000,000,000 s)
2025-06-06 16:07:51,100 INFO  - Already have ACK (at simulation time 154.000,000,000 s)
2025-06-06 16:07:51,100 INFO  - Already have ACK (at simulation time 154.000,000,000 s)
2025-06-06 16:07:51,101 INFO  - Already have ACK (at simulation time 154.000,000,000 s)
2025-06-06 16:07:51,101 INFO  - Already have ACK (at simulation time 154.000,000,000 s)
2025-06-06 16:07:51,101 INFO  - Already have ACK (at simulation time 154.000,000,000 s)
2025-06-06 16:07:51,101 INFO  - Already have ACK (at simulation time 154.000,000,000 s)
2025-06-06 16:07:51,101 INFO  - Already have ACK (at simulation time 154.000,000,000 s)
2025-06-06 16:07:51,101 INFO  - Already have ACK (at simulation time 154.000,000,000 s)
2025-06-06 16:07:51,101 INFO  - Already have ACK (at simulation time 154.000,000,000 s)
2025-06-06 16:07:51,101 INFO  - Already have ACK (at simulation time 154.000,000,000 s)
2025-06-06 16:07:51,101 INFO  - Already have ACK (at simulation time 154.000,000,000 s)
2025-06-06 16:07:51,101 INFO  - Already have ACK (at simulation time 154.000,000,000 s)
2025-06-06 16:07:51,101 INFO  - Already have ACK (at simulation time 154.000,000,000 s)
2025-06-06 16:07:51,101 INFO  - Already have ACK (at simulation time 154.000,000,000 s)
2025-06-06 16:07:51,101 INFO  - Already have ACK (at simulation time 154.000,000,000 s)
2025-06-06 16:07:51,101 INFO  - Already have ACK (at simulation time 154.000,000,000 s)
2025-06-06 16:07:51,102 INFO  - Already have ACK (at simulation time 154.000,000,000 s)
2025-06-06 16:07:51,102 INFO  - Already have ACK (at simulation time 154.000,000,000 s)
2025-06-06 16:07:51,102 INFO  - Already have ACK (at simulation time 154.000,000,000 s)
2025-06-06 16:07:51,102 INFO  - Already have ACK (at simulation time 154.000,000,000 s)
2025-06-06 16:07:51,102 INFO  - Already have ACK (at simulation time 154.000,000,000 s)
2025-06-06 16:07:51,102 INFO  - Already have ACK (at simulation time 154.000,000,000 s)
2025-06-06 16:07:51,102 INFO  - Already have ACK (at simulation time 154.000,000,000 s)
2025-06-06 16:07:51,102 INFO  - Already have ACK (at simulation time 154.000,000,000 s)
2025-06-06 16:07:51,102 INFO  - Already have ACK (at simulation time 154.000,000,000 s)
2025-06-06 16:07:51,102 INFO  - Already have ACK (at simulation time 154.000,000,000 s)
2025-06-06 16:07:51,102 INFO  - Already have ACK (at simulation time 154.000,000,000 s)
2025-06-06 16:07:51,102 INFO  - Already have ACK (at simulation time 154.000,000,000 s)
2025-06-06 16:07:51,102 INFO  - Already have ACK (at simulation time 154.000,000,000 s)
2025-06-06 16:07:51,102 INFO  - Already have ACK (at simulation time 154.000,000,000 s)
2025-06-06 16:07:51,102 INFO  - Already have ACK (at simulation time 154.000,000,000 s)
2025-06-06 16:07:51,103 INFO  - Already have ACK (at simulation time 154.000,000,000 s)
2025-06-06 16:07:51,103 INFO  - Already have ACK (at simulation time 154.000,000,000 s)
2025-06-06 16:07:51,103 INFO  - Already have ACK (at simulation time 154.000,000,000 s)
2025-06-06 16:07:51,108 INFO  - Already have ACK (at simulation time 155.000,000,000 s)
2025-06-06 16:07:51,109 INFO  - Already have ACK (at simulation time 155.000,000,000 s)
2025-06-06 16:07:51,109 INFO  - Already have ACK (at simulation time 155.000,000,000 s)
2025-06-06 16:07:51,109 INFO  - Already have ACK (at simulation time 155.000,000,000 s)
2025-06-06 16:07:51,109 INFO  - Already have ACK (at simulation time 155.000,000,000 s)
2025-06-06 16:07:51,109 INFO  - Already have ACK (at simulation time 155.000,000,000 s)
2025-06-06 16:07:51,109 INFO  - Already have ACK (at simulation time 155.000,000,000 s)
2025-06-06 16:07:51,109 INFO  - Already have ACK (at simulation time 155.000,000,000 s)
2025-06-06 16:07:51,110 INFO  - Already have ACK (at simulation time 155.000,000,000 s)
2025-06-06 16:07:51,110 INFO  - Already have ACK (at simulation time 155.000,000,000 s)
2025-06-06 16:07:51,110 INFO  - Already have ACK (at simulation time 155.000,000,000 s)
2025-06-06 16:07:51,110 INFO  - Already have ACK (at simulation time 155.000,000,000 s)
2025-06-06 16:07:51,110 INFO  - Already have ACK (at simulation time 155.000,000,000 s)
2025-06-06 16:07:51,110 INFO  - Already have ACK (at simulation time 155.000,000,000 s)
2025-06-06 16:07:51,110 INFO  - Already have ACK (at simulation time 155.000,000,000 s)
2025-06-06 16:07:51,110 INFO  - Already have ACK (at simulation time 155.000,000,000 s)
2025-06-06 16:07:51,110 INFO  - Already have ACK (at simulation time 155.000,000,000 s)
2025-06-06 16:07:51,110 INFO  - Already have ACK (at simulation time 155.000,000,000 s)
2025-06-06 16:07:51,110 INFO  - Already have ACK (at simulation time 155.000,000,000 s)
2025-06-06 16:07:51,111 INFO  - Already have ACK (at simulation time 155.000,000,000 s)
2025-06-06 16:07:51,111 INFO  - Already have ACK (at simulation time 155.000,000,000 s)
2025-06-06 16:07:51,111 INFO  - Already have ACK (at simulation time 155.000,000,000 s)
2025-06-06 16:07:51,111 INFO  - Already have ACK (at simulation time 155.000,000,000 s)
2025-06-06 16:07:51,111 INFO  - Already have ACK (at simulation time 155.000,000,000 s)
2025-06-06 16:07:51,111 INFO  - Already have ACK (at simulation time 155.000,000,000 s)
2025-06-06 16:07:51,111 INFO  - Already have ACK (at simulation time 155.000,000,000 s)
2025-06-06 16:07:51,111 INFO  - Already have ACK (at simulation time 155.000,000,000 s)
2025-06-06 16:07:51,111 INFO  - Already have ACK (at simulation time 155.000,000,000 s)
2025-06-06 16:07:51,111 INFO  - Already have ACK (at simulation time 155.000,000,000 s)
2025-06-06 16:07:51,111 INFO  - Already have ACK (at simulation time 155.000,000,000 s)
2025-06-06 16:07:51,111 INFO  - Already have ACK (at simulation time 155.000,000,000 s)
2025-06-06 16:07:51,112 INFO  - Already have ACK (at simulation time 155.000,000,000 s)
2025-06-06 16:07:51,112 INFO  - Already have ACK (at simulation time 155.000,000,000 s)
2025-06-06 16:07:51,112 INFO  - Already have ACK (at simulation time 155.000,000,000 s)
2025-06-06 16:07:51,112 INFO  - Already have ACK (at simulation time 155.000,000,000 s)
2025-06-06 16:07:51,112 INFO  - Already have ACK (at simulation time 155.000,000,000 s)
2025-06-06 16:07:51,112 INFO  - Already have ACK (at simulation time 155.000,000,000 s)
2025-06-06 16:07:51,112 INFO  - Already have ACK (at simulation time 155.000,000,000 s)
2025-06-06 16:07:51,112 INFO  - Already have ACK (at simulation time 155.000,000,000 s)
2025-06-06 16:07:51,112 INFO  - Already have ACK (at simulation time 155.000,000,000 s)
2025-06-06 16:07:51,112 INFO  - Already have ACK (at simulation time 155.000,000,000 s)
2025-06-06 16:07:51,112 INFO  - Already have ACK (at simulation time 155.000,000,000 s)
2025-06-06 16:07:51,112 INFO  - Already have ACK (at simulation time 155.000,000,000 s)
2025-06-06 16:07:51,112 INFO  - Already have ACK (at simulation time 155.000,000,000 s)
2025-06-06 16:07:51,112 INFO  - Already have ACK (at simulation time 155.000,000,000 s)
2025-06-06 16:07:51,112 INFO  - Already have ACK (at simulation time 155.000,000,000 s)
2025-06-06 16:07:51,112 INFO  - Already have ACK (at simulation time 155.000,000,000 s)
2025-06-06 16:07:51,113 INFO  - Already have ACK (at simulation time 155.000,000,000 s)
2025-06-06 16:07:51,113 INFO  - Already have ACK (at simulation time 155.000,000,000 s)
2025-06-06 16:07:51,113 INFO  - Already have ACK (at simulation time 155.000,000,000 s)
2025-06-06 16:07:51,113 INFO  - Already have ACK (at simulation time 155.000,000,000 s)
2025-06-06 16:07:51,113 INFO  - Already have ACK (at simulation time 155.000,000,000 s)
2025-06-06 16:07:51,113 INFO  - Already have ACK (at simulation time 155.000,000,000 s)
2025-06-06 16:07:51,113 INFO  - Already have ACK (at simulation time 155.000,000,000 s)
2025-06-06 16:07:51,113 INFO  - Already have ACK (at simulation time 155.000,000,000 s)
2025-06-06 16:07:51,113 INFO  - Already have ACK (at simulation time 155.000,000,000 s)
2025-06-06 16:07:51,113 INFO  - Already have ACK (at simulation time 155.000,000,000 s)
2025-06-06 16:07:51,113 INFO  - Already have ACK (at simulation time 155.000,000,000 s)
2025-06-06 16:07:51,113 INFO  - Already have ACK (at simulation time 155.000,000,000 s)
2025-06-06 16:07:51,113 INFO  - Already have ACK (at simulation time 155.000,000,000 s)
2025-06-06 16:07:51,113 INFO  - Already have ACK (at simulation time 155.000,000,000 s)
2025-06-06 16:07:51,113 INFO  - Already have ACK (at simulation time 155.000,000,000 s)
2025-06-06 16:07:51,113 INFO  - Already have ACK (at simulation time 155.000,000,000 s)
2025-06-06 16:07:51,113 INFO  - Already have ACK (at simulation time 155.000,000,000 s)
2025-06-06 16:07:51,113 INFO  - Already have ACK (at simulation time 155.000,000,000 s)
2025-06-06 16:07:51,113 INFO  - Already have ACK (at simulation time 155.000,000,000 s)
2025-06-06 16:07:51,113 INFO  - Already have ACK (at simulation time 155.000,000,000 s)
2025-06-06 16:07:51,116 INFO  - Already have ACK (at simulation time 156.000,000,000 s)
2025-06-06 16:07:51,117 INFO  - Already have ACK (at simulation time 156.000,000,000 s)
2025-06-06 16:07:51,117 INFO  - Already have ACK (at simulation time 156.000,000,000 s)
2025-06-06 16:07:51,117 INFO  - Already have ACK (at simulation time 156.000,000,000 s)
2025-06-06 16:07:51,117 INFO  - Already have ACK (at simulation time 156.000,000,000 s)
2025-06-06 16:07:51,117 INFO  - Already have ACK (at simulation time 156.000,000,000 s)
2025-06-06 16:07:51,117 INFO  - Already have ACK (at simulation time 156.000,000,000 s)
2025-06-06 16:07:51,117 INFO  - Already have ACK (at simulation time 156.000,000,000 s)
2025-06-06 16:07:51,117 INFO  - Already have ACK (at simulation time 156.000,000,000 s)
2025-06-06 16:07:51,117 INFO  - Already have ACK (at simulation time 156.000,000,000 s)
2025-06-06 16:07:51,117 INFO  - Already have ACK (at simulation time 156.000,000,000 s)
2025-06-06 16:07:51,117 INFO  - Already have ACK (at simulation time 156.000,000,000 s)
2025-06-06 16:07:51,117 INFO  - Already have ACK (at simulation time 156.000,000,000 s)
2025-06-06 16:07:51,117 INFO  - Already have ACK (at simulation time 156.000,000,000 s)
2025-06-06 16:07:51,118 INFO  - Already have ACK (at simulation time 156.000,000,000 s)
2025-06-06 16:07:51,118 INFO  - Already have ACK (at simulation time 156.000,000,000 s)
2025-06-06 16:07:51,118 INFO  - Already have ACK (at simulation time 156.000,000,000 s)
2025-06-06 16:07:51,118 INFO  - Already have ACK (at simulation time 156.000,000,000 s)
2025-06-06 16:07:51,118 INFO  - Already have ACK (at simulation time 156.000,000,000 s)
2025-06-06 16:07:51,118 INFO  - Already have ACK (at simulation time 156.000,000,000 s)
2025-06-06 16:07:51,118 INFO  - Already have ACK (at simulation time 156.000,000,000 s)
2025-06-06 16:07:51,118 INFO  - Already have ACK (at simulation time 156.000,000,000 s)
2025-06-06 16:07:51,118 INFO  - Already have ACK (at simulation time 156.000,000,000 s)
2025-06-06 16:07:51,118 INFO  - Already have ACK (at simulation time 156.000,000,000 s)
2025-06-06 16:07:51,118 INFO  - Already have ACK (at simulation time 156.000,000,000 s)
2025-06-06 16:07:51,118 INFO  - Already have ACK (at simulation time 156.000,000,000 s)
2025-06-06 16:07:51,118 INFO  - Already have ACK (at simulation time 156.000,000,000 s)
2025-06-06 16:07:51,118 INFO  - Already have ACK (at simulation time 156.000,000,000 s)
2025-06-06 16:07:51,118 INFO  - Already have ACK (at simulation time 156.000,000,000 s)
2025-06-06 16:07:51,118 INFO  - Already have ACK (at simulation time 156.000,000,000 s)
2025-06-06 16:07:51,118 INFO  - Already have ACK (at simulation time 156.000,000,000 s)
2025-06-06 16:07:51,119 INFO  - Already have ACK (at simulation time 156.000,000,000 s)
2025-06-06 16:07:51,119 INFO  - Already have ACK (at simulation time 156.000,000,000 s)
2025-06-06 16:07:51,119 INFO  - Already have ACK (at simulation time 156.000,000,000 s)
2025-06-06 16:07:51,119 INFO  - Already have ACK (at simulation time 156.000,000,000 s)
2025-06-06 16:07:51,119 INFO  - Already have ACK (at simulation time 156.000,000,000 s)
2025-06-06 16:07:51,119 INFO  - Already have ACK (at simulation time 156.000,000,000 s)
2025-06-06 16:07:51,119 INFO  - Already have ACK (at simulation time 156.000,000,000 s)
2025-06-06 16:07:51,119 INFO  - Already have ACK (at simulation time 156.000,000,000 s)
2025-06-06 16:07:51,119 INFO  - Already have ACK (at simulation time 156.000,000,000 s)
2025-06-06 16:07:51,119 INFO  - Already have ACK (at simulation time 156.000,000,000 s)
2025-06-06 16:07:51,119 INFO  - Already have ACK (at simulation time 156.000,000,000 s)
2025-06-06 16:07:51,119 INFO  - Already have ACK (at simulation time 156.000,000,000 s)
2025-06-06 16:07:51,119 INFO  - Already have ACK (at simulation time 156.000,000,000 s)
2025-06-06 16:07:51,119 INFO  - Already have ACK (at simulation time 156.000,000,000 s)
2025-06-06 16:07:51,119 INFO  - Already have ACK (at simulation time 156.000,000,000 s)
2025-06-06 16:07:51,120 INFO  - Already have ACK (at simulation time 156.000,000,000 s)
2025-06-06 16:07:51,120 INFO  - Already have ACK (at simulation time 156.000,000,000 s)
2025-06-06 16:07:51,120 INFO  - Already have ACK (at simulation time 156.000,000,000 s)
2025-06-06 16:07:51,120 INFO  - Already have ACK (at simulation time 156.000,000,000 s)
2025-06-06 16:07:51,120 INFO  - Already have ACK (at simulation time 156.000,000,000 s)
2025-06-06 16:07:51,120 INFO  - Already have ACK (at simulation time 156.000,000,000 s)
2025-06-06 16:07:51,120 INFO  - Already have ACK (at simulation time 156.000,000,000 s)
2025-06-06 16:07:51,120 INFO  - Already have ACK (at simulation time 156.000,000,000 s)
2025-06-06 16:07:51,120 INFO  - Already have ACK (at simulation time 156.000,000,000 s)
2025-06-06 16:07:51,120 INFO  - Already have ACK (at simulation time 156.000,000,000 s)
2025-06-06 16:07:51,120 INFO  - Already have ACK (at simulation time 156.000,000,000 s)
2025-06-06 16:07:51,120 INFO  - Already have ACK (at simulation time 156.000,000,000 s)
2025-06-06 16:07:51,120 INFO  - Already have ACK (at simulation time 156.000,000,000 s)
2025-06-06 16:07:51,120 INFO  - Already have ACK (at simulation time 156.000,000,000 s)
2025-06-06 16:07:51,120 INFO  - Already have ACK (at simulation time 156.000,000,000 s)
2025-06-06 16:07:51,120 INFO  - Already have ACK (at simulation time 156.000,000,000 s)
2025-06-06 16:07:51,120 INFO  - Already have ACK (at simulation time 156.000,000,000 s)
2025-06-06 16:07:51,120 INFO  - Already have ACK (at simulation time 156.000,000,000 s)
2025-06-06 16:07:51,120 INFO  - Already have ACK (at simulation time 156.000,000,000 s)
2025-06-06 16:07:51,120 INFO  - Already have ACK (at simulation time 156.000,000,000 s)
2025-06-06 16:07:51,120 INFO  - Already have ACK (at simulation time 156.000,000,000 s)
2025-06-06 16:07:51,120 INFO  - Already have ACK (at simulation time 156.000,000,000 s)
2025-06-06 16:07:51,123 INFO  - Already have ACK (at simulation time 157.000,000,000 s)
2025-06-06 16:07:51,123 INFO  - Already have ACK (at simulation time 157.000,000,000 s)
2025-06-06 16:07:51,124 INFO  - Already have ACK (at simulation time 157.000,000,000 s)
2025-06-06 16:07:51,124 INFO  - Already have ACK (at simulation time 157.000,000,000 s)
2025-06-06 16:07:51,124 INFO  - Already have ACK (at simulation time 157.000,000,000 s)
2025-06-06 16:07:51,124 INFO  - Already have ACK (at simulation time 157.000,000,000 s)
2025-06-06 16:07:51,124 INFO  - Already have ACK (at simulation time 157.000,000,000 s)
2025-06-06 16:07:51,124 INFO  - Already have ACK (at simulation time 157.000,000,000 s)
2025-06-06 16:07:51,124 INFO  - Already have ACK (at simulation time 157.000,000,000 s)
2025-06-06 16:07:51,124 INFO  - Already have ACK (at simulation time 157.000,000,000 s)
2025-06-06 16:07:51,124 INFO  - Already have ACK (at simulation time 157.000,000,000 s)
2025-06-06 16:07:51,124 INFO  - Already have ACK (at simulation time 157.000,000,000 s)
2025-06-06 16:07:51,124 INFO  - Already have ACK (at simulation time 157.000,000,000 s)
2025-06-06 16:07:51,124 INFO  - Already have ACK (at simulation time 157.000,000,000 s)
2025-06-06 16:07:51,124 INFO  - Already have ACK (at simulation time 157.000,000,000 s)
2025-06-06 16:07:51,124 INFO  - Already have ACK (at simulation time 157.000,000,000 s)
2025-06-06 16:07:51,124 INFO  - Already have ACK (at simulation time 157.000,000,000 s)
2025-06-06 16:07:51,125 INFO  - Already have ACK (at simulation time 157.000,000,000 s)
2025-06-06 16:07:51,125 INFO  - Already have ACK (at simulation time 157.000,000,000 s)
2025-06-06 16:07:51,125 INFO  - Already have ACK (at simulation time 157.000,000,000 s)
2025-06-06 16:07:51,125 INFO  - Already have ACK (at simulation time 157.000,000,000 s)
2025-06-06 16:07:51,125 INFO  - Already have ACK (at simulation time 157.000,000,000 s)
2025-06-06 16:07:51,125 INFO  - Already have ACK (at simulation time 157.000,000,000 s)
2025-06-06 16:07:51,125 INFO  - Already have ACK (at simulation time 157.000,000,000 s)
2025-06-06 16:07:51,125 INFO  - Already have ACK (at simulation time 157.000,000,000 s)
2025-06-06 16:07:51,125 INFO  - Already have ACK (at simulation time 157.000,000,000 s)
2025-06-06 16:07:51,125 INFO  - Already have ACK (at simulation time 157.000,000,000 s)
2025-06-06 16:07:51,125 INFO  - Already have ACK (at simulation time 157.000,000,000 s)
2025-06-06 16:07:51,125 INFO  - Already have ACK (at simulation time 157.000,000,000 s)
2025-06-06 16:07:51,125 INFO  - Already have ACK (at simulation time 157.000,000,000 s)
2025-06-06 16:07:51,125 INFO  - Already have ACK (at simulation time 157.000,000,000 s)
2025-06-06 16:07:51,125 INFO  - Already have ACK (at simulation time 157.000,000,000 s)
2025-06-06 16:07:51,126 INFO  - Already have ACK (at simulation time 157.000,000,000 s)
2025-06-06 16:07:51,126 INFO  - Already have ACK (at simulation time 157.000,000,000 s)
2025-06-06 16:07:51,126 INFO  - Already have ACK (at simulation time 157.000,000,000 s)
2025-06-06 16:07:51,126 INFO  - Already have ACK (at simulation time 157.000,000,000 s)
2025-06-06 16:07:51,126 INFO  - Already have ACK (at simulation time 157.000,000,000 s)
2025-06-06 16:07:51,126 INFO  - Already have ACK (at simulation time 157.000,000,000 s)
2025-06-06 16:07:51,126 INFO  - Already have ACK (at simulation time 157.000,000,000 s)
2025-06-06 16:07:51,126 INFO  - Already have ACK (at simulation time 157.000,000,000 s)
2025-06-06 16:07:51,126 INFO  - Already have ACK (at simulation time 157.000,000,000 s)
2025-06-06 16:07:51,126 INFO  - Already have ACK (at simulation time 157.000,000,000 s)
2025-06-06 16:07:51,126 INFO  - Already have ACK (at simulation time 157.000,000,000 s)
2025-06-06 16:07:51,126 INFO  - Already have ACK (at simulation time 157.000,000,000 s)
2025-06-06 16:07:51,126 INFO  - Already have ACK (at simulation time 157.000,000,000 s)
2025-06-06 16:07:51,126 INFO  - Already have ACK (at simulation time 157.000,000,000 s)
2025-06-06 16:07:51,126 INFO  - Already have ACK (at simulation time 157.000,000,000 s)
2025-06-06 16:07:51,126 INFO  - Already have ACK (at simulation time 157.000,000,000 s)
2025-06-06 16:07:51,126 INFO  - Already have ACK (at simulation time 157.000,000,000 s)
2025-06-06 16:07:51,126 INFO  - Already have ACK (at simulation time 157.000,000,000 s)
2025-06-06 16:07:51,126 INFO  - Already have ACK (at simulation time 157.000,000,000 s)
2025-06-06 16:07:51,126 INFO  - Already have ACK (at simulation time 157.000,000,000 s)
2025-06-06 16:07:51,126 INFO  - Already have ACK (at simulation time 157.000,000,000 s)
2025-06-06 16:07:51,127 INFO  - Already have ACK (at simulation time 157.000,000,000 s)
2025-06-06 16:07:51,127 INFO  - Already have ACK (at simulation time 157.000,000,000 s)
2025-06-06 16:07:51,127 INFO  - Already have ACK (at simulation time 157.000,000,000 s)
2025-06-06 16:07:51,127 INFO  - Already have ACK (at simulation time 157.000,000,000 s)
2025-06-06 16:07:51,127 INFO  - Already have ACK (at simulation time 157.000,000,000 s)
2025-06-06 16:07:51,127 INFO  - Already have ACK (at simulation time 157.000,000,000 s)
2025-06-06 16:07:51,127 INFO  - Already have ACK (at simulation time 157.000,000,000 s)
2025-06-06 16:07:51,127 INFO  - Already have ACK (at simulation time 157.000,000,000 s)
2025-06-06 16:07:51,127 INFO  - Already have ACK (at simulation time 157.000,000,000 s)
2025-06-06 16:07:51,127 INFO  - Already have ACK (at simulation time 157.000,000,000 s)
2025-06-06 16:07:51,127 INFO  - Already have ACK (at simulation time 157.000,000,000 s)
2025-06-06 16:07:51,127 INFO  - Already have ACK (at simulation time 157.000,000,000 s)
2025-06-06 16:07:51,127 INFO  - Already have ACK (at simulation time 157.000,000,000 s)
2025-06-06 16:07:51,127 INFO  - Already have ACK (at simulation time 157.000,000,000 s)
2025-06-06 16:07:51,127 INFO  - Already have ACK (at simulation time 157.000,000,000 s)
2025-06-06 16:07:51,127 INFO  - Already have ACK (at simulation time 157.000,000,000 s)
2025-06-06 16:07:51,130 INFO  - Already have ACK (at simulation time 158.000,000,000 s)
2025-06-06 16:07:51,131 INFO  - Already have ACK (at simulation time 158.000,000,000 s)
2025-06-06 16:07:51,131 INFO  - Already have ACK (at simulation time 158.000,000,000 s)
2025-06-06 16:07:51,131 INFO  - Already have ACK (at simulation time 158.000,000,000 s)
2025-06-06 16:07:51,131 INFO  - Already have ACK (at simulation time 158.000,000,000 s)
2025-06-06 16:07:51,131 INFO  - Already have ACK (at simulation time 158.000,000,000 s)
2025-06-06 16:07:51,131 INFO  - Already have ACK (at simulation time 158.000,000,000 s)
2025-06-06 16:07:51,131 INFO  - Already have ACK (at simulation time 158.000,000,000 s)
2025-06-06 16:07:51,131 INFO  - Already have ACK (at simulation time 158.000,000,000 s)
2025-06-06 16:07:51,131 INFO  - Already have ACK (at simulation time 158.000,000,000 s)
2025-06-06 16:07:51,131 INFO  - Already have ACK (at simulation time 158.000,000,000 s)
2025-06-06 16:07:51,131 INFO  - Already have ACK (at simulation time 158.000,000,000 s)
2025-06-06 16:07:51,131 INFO  - Already have ACK (at simulation time 158.000,000,000 s)
2025-06-06 16:07:51,132 INFO  - Already have ACK (at simulation time 158.000,000,000 s)
2025-06-06 16:07:51,132 INFO  - Already have ACK (at simulation time 158.000,000,000 s)
2025-06-06 16:07:51,132 INFO  - Already have ACK (at simulation time 158.000,000,000 s)
2025-06-06 16:07:51,132 INFO  - Already have ACK (at simulation time 158.000,000,000 s)
2025-06-06 16:07:51,132 INFO  - Already have ACK (at simulation time 158.000,000,000 s)
2025-06-06 16:07:51,132 INFO  - Already have ACK (at simulation time 158.000,000,000 s)
2025-06-06 16:07:51,132 INFO  - Already have ACK (at simulation time 158.000,000,000 s)
2025-06-06 16:07:51,132 INFO  - Already have ACK (at simulation time 158.000,000,000 s)
2025-06-06 16:07:51,132 INFO  - Already have ACK (at simulation time 158.000,000,000 s)
2025-06-06 16:07:51,132 INFO  - Already have ACK (at simulation time 158.000,000,000 s)
2025-06-06 16:07:51,132 INFO  - Already have ACK (at simulation time 158.000,000,000 s)
2025-06-06 16:07:51,132 INFO  - Already have ACK (at simulation time 158.000,000,000 s)
2025-06-06 16:07:51,132 INFO  - Already have ACK (at simulation time 158.000,000,000 s)
2025-06-06 16:07:51,132 INFO  - Already have ACK (at simulation time 158.000,000,000 s)
2025-06-06 16:07:51,132 INFO  - Already have ACK (at simulation time 158.000,000,000 s)
2025-06-06 16:07:51,132 INFO  - Already have ACK (at simulation time 158.000,000,000 s)
2025-06-06 16:07:51,132 INFO  - Already have ACK (at simulation time 158.000,000,000 s)
2025-06-06 16:07:51,132 INFO  - Already have ACK (at simulation time 158.000,000,000 s)
2025-06-06 16:07:51,133 INFO  - Already have ACK (at simulation time 158.000,000,000 s)
2025-06-06 16:07:51,133 INFO  - Already have ACK (at simulation time 158.000,000,000 s)
2025-06-06 16:07:51,133 INFO  - Already have ACK (at simulation time 158.000,000,000 s)
2025-06-06 16:07:51,133 INFO  - Already have ACK (at simulation time 158.000,000,000 s)
2025-06-06 16:07:51,133 INFO  - Already have ACK (at simulation time 158.000,000,000 s)
2025-06-06 16:07:51,133 INFO  - Already have ACK (at simulation time 158.000,000,000 s)
2025-06-06 16:07:51,133 INFO  - Already have ACK (at simulation time 158.000,000,000 s)
2025-06-06 16:07:51,133 INFO  - Already have ACK (at simulation time 158.000,000,000 s)
2025-06-06 16:07:51,133 INFO  - Already have ACK (at simulation time 158.000,000,000 s)
2025-06-06 16:07:51,133 INFO  - Already have ACK (at simulation time 158.000,000,000 s)
2025-06-06 16:07:51,133 INFO  - Already have ACK (at simulation time 158.000,000,000 s)
2025-06-06 16:07:51,133 INFO  - Already have ACK (at simulation time 158.000,000,000 s)
2025-06-06 16:07:51,133 INFO  - Already have ACK (at simulation time 158.000,000,000 s)
2025-06-06 16:07:51,133 INFO  - Already have ACK (at simulation time 158.000,000,000 s)
2025-06-06 16:07:51,133 INFO  - Already have ACK (at simulation time 158.000,000,000 s)
2025-06-06 16:07:51,133 INFO  - Already have ACK (at simulation time 158.000,000,000 s)
2025-06-06 16:07:51,133 INFO  - Already have ACK (at simulation time 158.000,000,000 s)
2025-06-06 16:07:51,134 INFO  - Already have ACK (at simulation time 158.000,000,000 s)
2025-06-06 16:07:51,134 INFO  - Already have ACK (at simulation time 158.000,000,000 s)
2025-06-06 16:07:51,134 INFO  - Already have ACK (at simulation time 158.000,000,000 s)
2025-06-06 16:07:51,134 INFO  - Already have ACK (at simulation time 158.000,000,000 s)
2025-06-06 16:07:51,134 INFO  - Already have ACK (at simulation time 158.000,000,000 s)
2025-06-06 16:07:51,134 INFO  - Already have ACK (at simulation time 158.000,000,000 s)
2025-06-06 16:07:51,134 INFO  - Already have ACK (at simulation time 158.000,000,000 s)
2025-06-06 16:07:51,134 INFO  - Already have ACK (at simulation time 158.000,000,000 s)
2025-06-06 16:07:51,134 INFO  - Already have ACK (at simulation time 158.000,000,000 s)
2025-06-06 16:07:51,134 INFO  - Already have ACK (at simulation time 158.000,000,000 s)
2025-06-06 16:07:51,134 INFO  - Already have ACK (at simulation time 158.000,000,000 s)
2025-06-06 16:07:51,134 INFO  - Already have ACK (at simulation time 158.000,000,000 s)
2025-06-06 16:07:51,134 INFO  - Already have ACK (at simulation time 158.000,000,000 s)
2025-06-06 16:07:51,134 INFO  - Already have ACK (at simulation time 158.000,000,000 s)
2025-06-06 16:07:51,134 INFO  - Already have ACK (at simulation time 158.000,000,000 s)
2025-06-06 16:07:51,134 INFO  - Already have ACK (at simulation time 158.000,000,000 s)
2025-06-06 16:07:51,134 INFO  - Already have ACK (at simulation time 158.000,000,000 s)
2025-06-06 16:07:51,134 INFO  - Already have ACK (at simulation time 158.000,000,000 s)
2025-06-06 16:07:51,134 INFO  - Already have ACK (at simulation time 158.000,000,000 s)
2025-06-06 16:07:51,134 INFO  - Already have ACK (at simulation time 158.000,000,000 s)
2025-06-06 16:07:51,134 INFO  - Already have ACK (at simulation time 158.000,000,000 s)
2025-06-06 16:07:51,134 INFO  - Already have ACK (at simulation time 158.000,000,000 s)
2025-06-06 16:07:51,138 INFO  - Shutdown application (at simulation time 159.000,000,000 s)
