2025-06-04 14:59:29,318 INFO  - Initialize veh_95 application (at simulation time 490.000,000,000 s)
2025-06-04 14:59:29,318 INFO  - Sent periodic GreenWaveMsg: veh_95 on route r_1 (at simulation time 490.000,000,000 s)
2025-06-04 14:59:29,318 INFO  - I have no neighbours to send! (at simulation time 490.000,000,000 s)
2025-06-04 14:59:29,328 INFO  - I have no neighbours to send! (at simulation time 491.000,000,000 s)
2025-06-04 14:59:29,329 INFO  - I have no neighbours to send! (at simulation time 491.000,000,000 s)
2025-06-04 14:59:29,338 INFO  - I have no neighbours to send! (at simulation time 492.000,000,000 s)
2025-06-04 14:59:29,338 INFO  - I have no neighbours to send! (at simulation time 492.000,000,000 s)
2025-06-04 14:59:29,338 INFO  - I have no neighbours to send! (at simulation time 492.000,000,000 s)
2025-06-04 14:59:29,347 INFO  - I have no neighbours to send! (at simulation time 493.000,000,000 s)
2025-06-04 14:59:29,347 INFO  - I have no neighbours to send! (at simulation time 493.000,000,000 s)
2025-06-04 14:59:29,347 INFO  - I have no neighbours to send! (at simulation time 493.000,000,000 s)
2025-06-04 14:59:29,347 INFO  - I have no neighbours to send! (at simulation time 493.000,000,000 s)
2025-06-04 14:59:29,355 INFO  - I have no neighbours to send! (at simulation time 494.000,000,000 s)
2025-06-04 14:59:29,355 INFO  - I have no neighbours to send! (at simulation time 494.000,000,000 s)
2025-06-04 14:59:29,355 INFO  - I have no neighbours to send! (at simulation time 494.000,000,000 s)
2025-06-04 14:59:29,355 INFO  - I have no neighbours to send! (at simulation time 494.000,000,000 s)
2025-06-04 14:59:29,355 INFO  - I have no neighbours to send! (at simulation time 494.000,000,000 s)
2025-06-04 14:59:29,363 INFO  - Sent periodic GreenWaveMsg: veh_95 on route r_1 (at simulation time 495.000,000,000 s)
2025-06-04 14:59:29,363 INFO  - I have no neighbours to send! (at simulation time 495.000,000,000 s)
2025-06-04 14:59:29,364 INFO  - I have no neighbours to send! (at simulation time 495.000,000,000 s)
2025-06-04 14:59:29,364 INFO  - I have no neighbours to send! (at simulation time 495.000,000,000 s)
2025-06-04 14:59:29,364 INFO  - I have no neighbours to send! (at simulation time 495.000,000,000 s)
2025-06-04 14:59:29,364 INFO  - I have no neighbours to send! (at simulation time 495.000,000,000 s)
2025-06-04 14:59:29,364 INFO  - I have no neighbours to send! (at simulation time 495.000,000,000 s)
2025-06-04 14:59:29,371 INFO  - I have no neighbours to send! (at simulation time 496.000,000,000 s)
2025-06-04 14:59:29,371 INFO  - I have no neighbours to send! (at simulation time 496.000,000,000 s)
2025-06-04 14:59:29,371 INFO  - I have no neighbours to send! (at simulation time 496.000,000,000 s)
2025-06-04 14:59:29,371 INFO  - I have no neighbours to send! (at simulation time 496.000,000,000 s)
2025-06-04 14:59:29,371 INFO  - I have no neighbours to send! (at simulation time 496.000,000,000 s)
2025-06-04 14:59:29,371 INFO  - I have no neighbours to send! (at simulation time 496.000,000,000 s)
2025-06-04 14:59:29,371 INFO  - I have no neighbours to send! (at simulation time 496.000,000,000 s)
2025-06-04 14:59:29,377 INFO  - I have no neighbours to send! (at simulation time 497.000,000,000 s)
2025-06-04 14:59:29,378 INFO  - I have no neighbours to send! (at simulation time 497.000,000,000 s)
2025-06-04 14:59:29,378 INFO  - I have no neighbours to send! (at simulation time 497.000,000,000 s)
2025-06-04 14:59:29,378 INFO  - I have no neighbours to send! (at simulation time 497.000,000,000 s)
2025-06-04 14:59:29,378 INFO  - I have no neighbours to send! (at simulation time 497.000,000,000 s)
2025-06-04 14:59:29,378 INFO  - I have no neighbours to send! (at simulation time 497.000,000,000 s)
2025-06-04 14:59:29,378 INFO  - I have no neighbours to send! (at simulation time 497.000,000,000 s)
2025-06-04 14:59:29,378 INFO  - I have no neighbours to send! (at simulation time 497.000,000,000 s)
2025-06-04 14:59:29,383 INFO  - I have no neighbours to send! (at simulation time 498.000,000,000 s)
2025-06-04 14:59:29,383 INFO  - I have no neighbours to send! (at simulation time 498.000,000,000 s)
2025-06-04 14:59:29,383 INFO  - I have no neighbours to send! (at simulation time 498.000,000,000 s)
2025-06-04 14:59:29,383 INFO  - I have no neighbours to send! (at simulation time 498.000,000,000 s)
2025-06-04 14:59:29,383 INFO  - I have no neighbours to send! (at simulation time 498.000,000,000 s)
2025-06-04 14:59:29,384 INFO  - I have no neighbours to send! (at simulation time 498.000,000,000 s)
2025-06-04 14:59:29,384 INFO  - I have no neighbours to send! (at simulation time 498.000,000,000 s)
2025-06-04 14:59:29,384 INFO  - I have no neighbours to send! (at simulation time 498.000,000,000 s)
2025-06-04 14:59:29,384 INFO  - I have no neighbours to send! (at simulation time 498.000,000,000 s)
2025-06-04 14:59:29,433 INFO  - I have no neighbours to send! (at simulation time 499.000,000,000 s)
2025-06-04 14:59:29,433 INFO  - I have no neighbours to send! (at simulation time 499.000,000,000 s)
2025-06-04 14:59:29,433 INFO  - I have no neighbours to send! (at simulation time 499.000,000,000 s)
2025-06-04 14:59:29,433 INFO  - I have no neighbours to send! (at simulation time 499.000,000,000 s)
2025-06-04 14:59:29,433 INFO  - I have no neighbours to send! (at simulation time 499.000,000,000 s)
2025-06-04 14:59:29,433 INFO  - I have no neighbours to send! (at simulation time 499.000,000,000 s)
2025-06-04 14:59:29,433 INFO  - I have no neighbours to send! (at simulation time 499.000,000,000 s)
2025-06-04 14:59:29,433 INFO  - I have no neighbours to send! (at simulation time 499.000,000,000 s)
2025-06-04 14:59:29,433 INFO  - I have no neighbours to send! (at simulation time 499.000,000,000 s)
2025-06-04 14:59:29,433 INFO  - I have no neighbours to send! (at simulation time 499.000,000,000 s)
2025-06-04 14:59:29,444 INFO  - Sent periodic GreenWaveMsg: veh_95 on route r_1 (at simulation time 500.000,000,000 s)
2025-06-04 14:59:29,444 INFO  - I have no neighbours to send! (at simulation time 500.000,000,000 s)
2025-06-04 14:59:29,444 INFO  - I have no neighbours to send! (at simulation time 500.000,000,000 s)
2025-06-04 14:59:29,445 INFO  - I have no neighbours to send! (at simulation time 500.000,000,000 s)
2025-06-04 14:59:29,445 INFO  - I have no neighbours to send! (at simulation time 500.000,000,000 s)
2025-06-04 14:59:29,445 INFO  - I have no neighbours to send! (at simulation time 500.000,000,000 s)
2025-06-04 14:59:29,445 INFO  - I have no neighbours to send! (at simulation time 500.000,000,000 s)
2025-06-04 14:59:29,445 INFO  - I have no neighbours to send! (at simulation time 500.000,000,000 s)
2025-06-04 14:59:29,445 INFO  - I have no neighbours to send! (at simulation time 500.000,000,000 s)
2025-06-04 14:59:29,445 INFO  - I have no neighbours to send! (at simulation time 500.000,000,000 s)
2025-06-04 14:59:29,445 INFO  - I have no neighbours to send! (at simulation time 500.000,000,000 s)
2025-06-04 14:59:29,445 INFO  - I have no neighbours to send! (at simulation time 500.000,000,000 s)
2025-06-04 14:59:29,451 INFO  - I have no neighbours to send! (at simulation time 501.000,000,000 s)
2025-06-04 14:59:29,451 INFO  - I have no neighbours to send! (at simulation time 501.000,000,000 s)
2025-06-04 14:59:29,451 INFO  - I have no neighbours to send! (at simulation time 501.000,000,000 s)
2025-06-04 14:59:29,451 INFO  - I have no neighbours to send! (at simulation time 501.000,000,000 s)
2025-06-04 14:59:29,451 INFO  - I have no neighbours to send! (at simulation time 501.000,000,000 s)
2025-06-04 14:59:29,451 INFO  - I have no neighbours to send! (at simulation time 501.000,000,000 s)
2025-06-04 14:59:29,451 INFO  - I have no neighbours to send! (at simulation time 501.000,000,000 s)
2025-06-04 14:59:29,451 INFO  - I have no neighbours to send! (at simulation time 501.000,000,000 s)
2025-06-04 14:59:29,451 INFO  - I have no neighbours to send! (at simulation time 501.000,000,000 s)
2025-06-04 14:59:29,452 INFO  - I have no neighbours to send! (at simulation time 501.000,000,000 s)
2025-06-04 14:59:29,452 INFO  - I have no neighbours to send! (at simulation time 501.000,000,000 s)
2025-06-04 14:59:29,452 INFO  - I have no neighbours to send! (at simulation time 501.000,000,000 s)
2025-06-04 14:59:29,456 INFO  - I have no neighbours to send! (at simulation time 502.000,000,000 s)
2025-06-04 14:59:29,457 INFO  - I have no neighbours to send! (at simulation time 502.000,000,000 s)
2025-06-04 14:59:29,457 INFO  - I have no neighbours to send! (at simulation time 502.000,000,000 s)
2025-06-04 14:59:29,457 INFO  - I have no neighbours to send! (at simulation time 502.000,000,000 s)
2025-06-04 14:59:29,457 INFO  - I have no neighbours to send! (at simulation time 502.000,000,000 s)
2025-06-04 14:59:29,457 INFO  - I have no neighbours to send! (at simulation time 502.000,000,000 s)
2025-06-04 14:59:29,457 INFO  - I have no neighbours to send! (at simulation time 502.000,000,000 s)
2025-06-04 14:59:29,457 INFO  - I have no neighbours to send! (at simulation time 502.000,000,000 s)
2025-06-04 14:59:29,457 INFO  - I have no neighbours to send! (at simulation time 502.000,000,000 s)
2025-06-04 14:59:29,457 INFO  - I have no neighbours to send! (at simulation time 502.000,000,000 s)
2025-06-04 14:59:29,457 INFO  - I have no neighbours to send! (at simulation time 502.000,000,000 s)
2025-06-04 14:59:29,457 INFO  - I have no neighbours to send! (at simulation time 502.000,000,000 s)
2025-06-04 14:59:29,457 INFO  - I have no neighbours to send! (at simulation time 502.000,000,000 s)
2025-06-04 14:59:29,462 INFO  - I have no neighbours to send! (at simulation time 503.000,000,000 s)
2025-06-04 14:59:29,462 INFO  - I have no neighbours to send! (at simulation time 503.000,000,000 s)
2025-06-04 14:59:29,462 INFO  - I have no neighbours to send! (at simulation time 503.000,000,000 s)
2025-06-04 14:59:29,462 INFO  - I have no neighbours to send! (at simulation time 503.000,000,000 s)
2025-06-04 14:59:29,462 INFO  - I have no neighbours to send! (at simulation time 503.000,000,000 s)
2025-06-04 14:59:29,462 INFO  - I have no neighbours to send! (at simulation time 503.000,000,000 s)
2025-06-04 14:59:29,462 INFO  - I have no neighbours to send! (at simulation time 503.000,000,000 s)
2025-06-04 14:59:29,462 INFO  - I have no neighbours to send! (at simulation time 503.000,000,000 s)
2025-06-04 14:59:29,463 INFO  - I have no neighbours to send! (at simulation time 503.000,000,000 s)
2025-06-04 14:59:29,463 INFO  - I have no neighbours to send! (at simulation time 503.000,000,000 s)
2025-06-04 14:59:29,463 INFO  - I have no neighbours to send! (at simulation time 503.000,000,000 s)
2025-06-04 14:59:29,463 INFO  - I have no neighbours to send! (at simulation time 503.000,000,000 s)
2025-06-04 14:59:29,463 INFO  - I have no neighbours to send! (at simulation time 503.000,000,000 s)
2025-06-04 14:59:29,463 INFO  - I have no neighbours to send! (at simulation time 503.000,000,000 s)
2025-06-04 14:59:29,467 INFO  - I have no neighbours to send! (at simulation time 504.000,000,000 s)
2025-06-04 14:59:29,468 INFO  - I have no neighbours to send! (at simulation time 504.000,000,000 s)
2025-06-04 14:59:29,468 INFO  - I have no neighbours to send! (at simulation time 504.000,000,000 s)
2025-06-04 14:59:29,468 INFO  - I have no neighbours to send! (at simulation time 504.000,000,000 s)
2025-06-04 14:59:29,468 INFO  - I have no neighbours to send! (at simulation time 504.000,000,000 s)
2025-06-04 14:59:29,468 INFO  - I have no neighbours to send! (at simulation time 504.000,000,000 s)
2025-06-04 14:59:29,468 INFO  - I have no neighbours to send! (at simulation time 504.000,000,000 s)
2025-06-04 14:59:29,468 INFO  - I have no neighbours to send! (at simulation time 504.000,000,000 s)
2025-06-04 14:59:29,468 INFO  - I have no neighbours to send! (at simulation time 504.000,000,000 s)
2025-06-04 14:59:29,468 INFO  - I have no neighbours to send! (at simulation time 504.000,000,000 s)
2025-06-04 14:59:29,468 INFO  - I have no neighbours to send! (at simulation time 504.000,000,000 s)
2025-06-04 14:59:29,468 INFO  - I have no neighbours to send! (at simulation time 504.000,000,000 s)
2025-06-04 14:59:29,468 INFO  - I have no neighbours to send! (at simulation time 504.000,000,000 s)
2025-06-04 14:59:29,468 INFO  - I have no neighbours to send! (at simulation time 504.000,000,000 s)
2025-06-04 14:59:29,468 INFO  - I have no neighbours to send! (at simulation time 504.000,000,000 s)
2025-06-04 14:59:29,472 INFO  - I have no neighbours to send! (at simulation time 504.001,900,000 s)
2025-06-04 14:59:29,472 INFO  - I have no neighbours to send! (at simulation time 504.002,400,000 s)
2025-06-04 14:59:29,473 INFO  - Sent periodic GreenWaveMsg: veh_95 on route r_1 (at simulation time 505.000,000,000 s)
2025-06-04 14:59:29,473 INFO  - I have no neighbours to send! (at simulation time 505.000,000,000 s)
2025-06-04 14:59:29,473 INFO  - I have no neighbours to send! (at simulation time 505.000,000,000 s)
2025-06-04 14:59:29,474 INFO  - I have no neighbours to send! (at simulation time 505.000,000,000 s)
2025-06-04 14:59:29,474 INFO  - I have no neighbours to send! (at simulation time 505.000,000,000 s)
2025-06-04 14:59:29,474 INFO  - I have no neighbours to send! (at simulation time 505.000,000,000 s)
2025-06-04 14:59:29,474 INFO  - I have no neighbours to send! (at simulation time 505.000,000,000 s)
2025-06-04 14:59:29,474 INFO  - I have no neighbours to send! (at simulation time 505.000,000,000 s)
2025-06-04 14:59:29,474 INFO  - I have no neighbours to send! (at simulation time 505.000,000,000 s)
2025-06-04 14:59:29,474 INFO  - I have no neighbours to send! (at simulation time 505.000,000,000 s)
2025-06-04 14:59:29,474 INFO  - I have no neighbours to send! (at simulation time 505.000,000,000 s)
2025-06-04 14:59:29,474 INFO  - I have no neighbours to send! (at simulation time 505.000,000,000 s)
2025-06-04 14:59:29,474 INFO  - I have no neighbours to send! (at simulation time 505.000,000,000 s)
2025-06-04 14:59:29,474 INFO  - I have no neighbours to send! (at simulation time 505.000,000,000 s)
2025-06-04 14:59:29,474 INFO  - I have no neighbours to send! (at simulation time 505.000,000,000 s)
2025-06-04 14:59:29,474 INFO  - I have no neighbours to send! (at simulation time 505.000,000,000 s)
2025-06-04 14:59:29,474 INFO  - I have no neighbours to send! (at simulation time 505.000,000,000 s)
2025-06-04 14:59:29,478 INFO  - Resent to veh_88 - GreenWaveMsg origin in veh_93 (at simulation time 505.002,400,000 s)
2025-06-04 14:59:29,478 INFO  - Received ACK with origin at RSU from rsu_0 at 505002800000 (at simulation time 505.002,800,000 s)
2025-06-04 14:59:29,479 INFO  - Already have ACK (at simulation time 506.000,000,000 s)
2025-06-04 14:59:29,479 INFO  - Already have ACK (at simulation time 506.000,000,000 s)
2025-06-04 14:59:29,479 INFO  - Already have ACK (at simulation time 506.000,000,000 s)
2025-06-04 14:59:29,479 INFO  - Already have ACK (at simulation time 506.000,000,000 s)
2025-06-04 14:59:29,479 INFO  - Already have ACK (at simulation time 506.000,000,000 s)
2025-06-04 14:59:29,479 INFO  - Already have ACK (at simulation time 506.000,000,000 s)
2025-06-04 14:59:29,479 INFO  - Already have ACK (at simulation time 506.000,000,000 s)
2025-06-04 14:59:29,480 INFO  - Already have ACK (at simulation time 506.000,000,000 s)
2025-06-04 14:59:29,480 INFO  - Already have ACK (at simulation time 506.000,000,000 s)
2025-06-04 14:59:29,480 INFO  - Already have ACK (at simulation time 506.000,000,000 s)
2025-06-04 14:59:29,480 INFO  - Already have ACK (at simulation time 506.000,000,000 s)
2025-06-04 14:59:29,480 INFO  - Already have ACK (at simulation time 506.000,000,000 s)
2025-06-04 14:59:29,480 INFO  - Already have ACK (at simulation time 506.000,000,000 s)
2025-06-04 14:59:29,480 INFO  - Already have ACK (at simulation time 506.000,000,000 s)
2025-06-04 14:59:29,480 INFO  - Already have ACK (at simulation time 506.000,000,000 s)
2025-06-04 14:59:29,480 INFO  - Already have ACK (at simulation time 506.000,000,000 s)
2025-06-04 14:59:29,480 INFO  - Already have ACK (at simulation time 506.000,000,000 s)
2025-06-04 14:59:29,485 INFO  - Already have ACK (at simulation time 507.000,000,000 s)
2025-06-04 14:59:29,485 INFO  - Already have ACK (at simulation time 507.000,000,000 s)
2025-06-04 14:59:29,485 INFO  - Already have ACK (at simulation time 507.000,000,000 s)
2025-06-04 14:59:29,485 INFO  - Already have ACK (at simulation time 507.000,000,000 s)
2025-06-04 14:59:29,485 INFO  - Already have ACK (at simulation time 507.000,000,000 s)
2025-06-04 14:59:29,485 INFO  - Already have ACK (at simulation time 507.000,000,000 s)
2025-06-04 14:59:29,485 INFO  - Already have ACK (at simulation time 507.000,000,000 s)
2025-06-04 14:59:29,485 INFO  - Already have ACK (at simulation time 507.000,000,000 s)
2025-06-04 14:59:29,485 INFO  - Already have ACK (at simulation time 507.000,000,000 s)
2025-06-04 14:59:29,485 INFO  - Already have ACK (at simulation time 507.000,000,000 s)
2025-06-04 14:59:29,485 INFO  - Already have ACK (at simulation time 507.000,000,000 s)
2025-06-04 14:59:29,485 INFO  - Already have ACK (at simulation time 507.000,000,000 s)
2025-06-04 14:59:29,485 INFO  - Already have ACK (at simulation time 507.000,000,000 s)
2025-06-04 14:59:29,486 INFO  - Already have ACK (at simulation time 507.000,000,000 s)
2025-06-04 14:59:29,486 INFO  - Already have ACK (at simulation time 507.000,000,000 s)
2025-06-04 14:59:29,486 INFO  - Already have ACK (at simulation time 507.000,000,000 s)
2025-06-04 14:59:29,486 INFO  - Already have ACK (at simulation time 507.000,000,000 s)
2025-06-04 14:59:29,486 INFO  - Already have ACK (at simulation time 507.000,000,000 s)
2025-06-04 14:59:29,489 INFO  - Already have ACK (at simulation time 508.000,000,000 s)
2025-06-04 14:59:29,489 INFO  - Already have ACK (at simulation time 508.000,000,000 s)
2025-06-04 14:59:29,489 INFO  - Already have ACK (at simulation time 508.000,000,000 s)
2025-06-04 14:59:29,489 INFO  - Already have ACK (at simulation time 508.000,000,000 s)
2025-06-04 14:59:29,489 INFO  - Already have ACK (at simulation time 508.000,000,000 s)
2025-06-04 14:59:29,489 INFO  - Already have ACK (at simulation time 508.000,000,000 s)
2025-06-04 14:59:29,489 INFO  - Already have ACK (at simulation time 508.000,000,000 s)
2025-06-04 14:59:29,489 INFO  - Already have ACK (at simulation time 508.000,000,000 s)
2025-06-04 14:59:29,489 INFO  - Already have ACK (at simulation time 508.000,000,000 s)
2025-06-04 14:59:29,489 INFO  - Already have ACK (at simulation time 508.000,000,000 s)
2025-06-04 14:59:29,489 INFO  - Already have ACK (at simulation time 508.000,000,000 s)
2025-06-04 14:59:29,490 INFO  - Already have ACK (at simulation time 508.000,000,000 s)
2025-06-04 14:59:29,490 INFO  - Already have ACK (at simulation time 508.000,000,000 s)
2025-06-04 14:59:29,490 INFO  - Already have ACK (at simulation time 508.000,000,000 s)
2025-06-04 14:59:29,490 INFO  - Already have ACK (at simulation time 508.000,000,000 s)
2025-06-04 14:59:29,490 INFO  - Already have ACK (at simulation time 508.000,000,000 s)
2025-06-04 14:59:29,490 INFO  - Already have ACK (at simulation time 508.000,000,000 s)
2025-06-04 14:59:29,490 INFO  - Already have ACK (at simulation time 508.000,000,000 s)
2025-06-04 14:59:29,490 INFO  - Already have ACK (at simulation time 508.000,000,000 s)
2025-06-04 14:59:29,493 INFO  - Already have ACK (at simulation time 509.000,000,000 s)
2025-06-04 14:59:29,493 INFO  - Already have ACK (at simulation time 509.000,000,000 s)
2025-06-04 14:59:29,493 INFO  - Already have ACK (at simulation time 509.000,000,000 s)
2025-06-04 14:59:29,493 INFO  - Already have ACK (at simulation time 509.000,000,000 s)
2025-06-04 14:59:29,494 INFO  - Already have ACK (at simulation time 509.000,000,000 s)
2025-06-04 14:59:29,494 INFO  - Already have ACK (at simulation time 509.000,000,000 s)
2025-06-04 14:59:29,494 INFO  - Already have ACK (at simulation time 509.000,000,000 s)
2025-06-04 14:59:29,494 INFO  - Already have ACK (at simulation time 509.000,000,000 s)
2025-06-04 14:59:29,494 INFO  - Already have ACK (at simulation time 509.000,000,000 s)
2025-06-04 14:59:29,494 INFO  - Already have ACK (at simulation time 509.000,000,000 s)
2025-06-04 14:59:29,494 INFO  - Already have ACK (at simulation time 509.000,000,000 s)
2025-06-04 14:59:29,494 INFO  - Already have ACK (at simulation time 509.000,000,000 s)
2025-06-04 14:59:29,494 INFO  - Already have ACK (at simulation time 509.000,000,000 s)
2025-06-04 14:59:29,494 INFO  - Already have ACK (at simulation time 509.000,000,000 s)
2025-06-04 14:59:29,494 INFO  - Already have ACK (at simulation time 509.000,000,000 s)
2025-06-04 14:59:29,494 INFO  - Already have ACK (at simulation time 509.000,000,000 s)
2025-06-04 14:59:29,494 INFO  - Already have ACK (at simulation time 509.000,000,000 s)
2025-06-04 14:59:29,494 INFO  - Already have ACK (at simulation time 509.000,000,000 s)
2025-06-04 14:59:29,494 INFO  - Already have ACK (at simulation time 509.000,000,000 s)
2025-06-04 14:59:29,494 INFO  - Already have ACK (at simulation time 509.000,000,000 s)
2025-06-04 14:59:29,502 INFO  - Sent periodic GreenWaveMsg: veh_95 on route r_1 (at simulation time 510.000,000,000 s)
2025-06-04 14:59:29,503 INFO  - Already have ACK (at simulation time 510.000,000,000 s)
2025-06-04 14:59:29,503 INFO  - Already have ACK (at simulation time 510.000,000,000 s)
2025-06-04 14:59:29,503 INFO  - Already have ACK (at simulation time 510.000,000,000 s)
2025-06-04 14:59:29,503 INFO  - Already have ACK (at simulation time 510.000,000,000 s)
2025-06-04 14:59:29,503 INFO  - Already have ACK (at simulation time 510.000,000,000 s)
2025-06-04 14:59:29,503 INFO  - Already have ACK (at simulation time 510.000,000,000 s)
2025-06-04 14:59:29,503 INFO  - Already have ACK (at simulation time 510.000,000,000 s)
2025-06-04 14:59:29,503 INFO  - Already have ACK (at simulation time 510.000,000,000 s)
2025-06-04 14:59:29,503 INFO  - Already have ACK (at simulation time 510.000,000,000 s)
2025-06-04 14:59:29,503 INFO  - Already have ACK (at simulation time 510.000,000,000 s)
2025-06-04 14:59:29,503 INFO  - Already have ACK (at simulation time 510.000,000,000 s)
2025-06-04 14:59:29,503 INFO  - Already have ACK (at simulation time 510.000,000,000 s)
2025-06-04 14:59:29,503 INFO  - Already have ACK (at simulation time 510.000,000,000 s)
2025-06-04 14:59:29,504 INFO  - Already have ACK (at simulation time 510.000,000,000 s)
2025-06-04 14:59:29,504 INFO  - Already have ACK (at simulation time 510.000,000,000 s)
2025-06-04 14:59:29,504 INFO  - Already have ACK (at simulation time 510.000,000,000 s)
2025-06-04 14:59:29,504 INFO  - Already have ACK (at simulation time 510.000,000,000 s)
2025-06-04 14:59:29,504 INFO  - Already have ACK (at simulation time 510.000,000,000 s)
2025-06-04 14:59:29,504 INFO  - Already have ACK (at simulation time 510.000,000,000 s)
2025-06-04 14:59:29,504 INFO  - Already have ACK (at simulation time 510.000,000,000 s)
2025-06-04 14:59:29,504 INFO  - Already have ACK (at simulation time 510.000,000,000 s)
2025-06-04 14:59:29,507 INFO  - Received ACK with origin at RSU from rsu_0 at 510002800000 (at simulation time 510.002,800,000 s)
2025-06-04 14:59:29,508 INFO  - Already have ACK (at simulation time 511.000,000,000 s)
2025-06-04 14:59:29,508 INFO  - Already have ACK (at simulation time 511.000,000,000 s)
2025-06-04 14:59:29,508 INFO  - Already have ACK (at simulation time 511.000,000,000 s)
2025-06-04 14:59:29,508 INFO  - Already have ACK (at simulation time 511.000,000,000 s)
2025-06-04 14:59:29,508 INFO  - Already have ACK (at simulation time 511.000,000,000 s)
2025-06-04 14:59:29,508 INFO  - Already have ACK (at simulation time 511.000,000,000 s)
2025-06-04 14:59:29,508 INFO  - Already have ACK (at simulation time 511.000,000,000 s)
2025-06-04 14:59:29,509 INFO  - Already have ACK (at simulation time 511.000,000,000 s)
2025-06-04 14:59:29,509 INFO  - Already have ACK (at simulation time 511.000,000,000 s)
2025-06-04 14:59:29,509 INFO  - Already have ACK (at simulation time 511.000,000,000 s)
2025-06-04 14:59:29,509 INFO  - Already have ACK (at simulation time 511.000,000,000 s)
2025-06-04 14:59:29,509 INFO  - Already have ACK (at simulation time 511.000,000,000 s)
2025-06-04 14:59:29,509 INFO  - Already have ACK (at simulation time 511.000,000,000 s)
2025-06-04 14:59:29,509 INFO  - Already have ACK (at simulation time 511.000,000,000 s)
2025-06-04 14:59:29,509 INFO  - Already have ACK (at simulation time 511.000,000,000 s)
2025-06-04 14:59:29,509 INFO  - Already have ACK (at simulation time 511.000,000,000 s)
2025-06-04 14:59:29,509 INFO  - Already have ACK (at simulation time 511.000,000,000 s)
2025-06-04 14:59:29,509 INFO  - Already have ACK (at simulation time 511.000,000,000 s)
2025-06-04 14:59:29,509 INFO  - Already have ACK (at simulation time 511.000,000,000 s)
2025-06-04 14:59:29,509 INFO  - Already have ACK (at simulation time 511.000,000,000 s)
2025-06-04 14:59:29,509 INFO  - Already have ACK (at simulation time 511.000,000,000 s)
2025-06-04 14:59:29,509 INFO  - Already have ACK (at simulation time 511.000,000,000 s)
2025-06-04 14:59:29,513 INFO  - Already have ACK (at simulation time 512.000,000,000 s)
2025-06-04 14:59:29,513 INFO  - Already have ACK (at simulation time 512.000,000,000 s)
2025-06-04 14:59:29,513 INFO  - Already have ACK (at simulation time 512.000,000,000 s)
2025-06-04 14:59:29,513 INFO  - Already have ACK (at simulation time 512.000,000,000 s)
2025-06-04 14:59:29,513 INFO  - Already have ACK (at simulation time 512.000,000,000 s)
2025-06-04 14:59:29,513 INFO  - Already have ACK (at simulation time 512.000,000,000 s)
2025-06-04 14:59:29,513 INFO  - Already have ACK (at simulation time 512.000,000,000 s)
2025-06-04 14:59:29,513 INFO  - Already have ACK (at simulation time 512.000,000,000 s)
2025-06-04 14:59:29,513 INFO  - Already have ACK (at simulation time 512.000,000,000 s)
2025-06-04 14:59:29,513 INFO  - Already have ACK (at simulation time 512.000,000,000 s)
2025-06-04 14:59:29,513 INFO  - Already have ACK (at simulation time 512.000,000,000 s)
2025-06-04 14:59:29,514 INFO  - Already have ACK (at simulation time 512.000,000,000 s)
2025-06-04 14:59:29,514 INFO  - Already have ACK (at simulation time 512.000,000,000 s)
2025-06-04 14:59:29,514 INFO  - Already have ACK (at simulation time 512.000,000,000 s)
2025-06-04 14:59:29,514 INFO  - Already have ACK (at simulation time 512.000,000,000 s)
2025-06-04 14:59:29,514 INFO  - Already have ACK (at simulation time 512.000,000,000 s)
2025-06-04 14:59:29,514 INFO  - Already have ACK (at simulation time 512.000,000,000 s)
2025-06-04 14:59:29,514 INFO  - Already have ACK (at simulation time 512.000,000,000 s)
2025-06-04 14:59:29,514 INFO  - Already have ACK (at simulation time 512.000,000,000 s)
2025-06-04 14:59:29,514 INFO  - Already have ACK (at simulation time 512.000,000,000 s)
2025-06-04 14:59:29,514 INFO  - Already have ACK (at simulation time 512.000,000,000 s)
2025-06-04 14:59:29,514 INFO  - Already have ACK (at simulation time 512.000,000,000 s)
2025-06-04 14:59:29,514 INFO  - Already have ACK (at simulation time 512.000,000,000 s)
2025-06-04 14:59:29,518 INFO  - Already have ACK (at simulation time 513.000,000,000 s)
2025-06-04 14:59:29,518 INFO  - Already have ACK (at simulation time 513.000,000,000 s)
2025-06-04 14:59:29,518 INFO  - Already have ACK (at simulation time 513.000,000,000 s)
2025-06-04 14:59:29,518 INFO  - Already have ACK (at simulation time 513.000,000,000 s)
2025-06-04 14:59:29,518 INFO  - Already have ACK (at simulation time 513.000,000,000 s)
2025-06-04 14:59:29,518 INFO  - Already have ACK (at simulation time 513.000,000,000 s)
2025-06-04 14:59:29,518 INFO  - Already have ACK (at simulation time 513.000,000,000 s)
2025-06-04 14:59:29,518 INFO  - Already have ACK (at simulation time 513.000,000,000 s)
2025-06-04 14:59:29,518 INFO  - Already have ACK (at simulation time 513.000,000,000 s)
2025-06-04 14:59:29,518 INFO  - Already have ACK (at simulation time 513.000,000,000 s)
2025-06-04 14:59:29,518 INFO  - Already have ACK (at simulation time 513.000,000,000 s)
2025-06-04 14:59:29,519 INFO  - Already have ACK (at simulation time 513.000,000,000 s)
2025-06-04 14:59:29,519 INFO  - Already have ACK (at simulation time 513.000,000,000 s)
2025-06-04 14:59:29,519 INFO  - Already have ACK (at simulation time 513.000,000,000 s)
2025-06-04 14:59:29,519 INFO  - Already have ACK (at simulation time 513.000,000,000 s)
2025-06-04 14:59:29,519 INFO  - Already have ACK (at simulation time 513.000,000,000 s)
2025-06-04 14:59:29,519 INFO  - Already have ACK (at simulation time 513.000,000,000 s)
2025-06-04 14:59:29,519 INFO  - Already have ACK (at simulation time 513.000,000,000 s)
2025-06-04 14:59:29,519 INFO  - Already have ACK (at simulation time 513.000,000,000 s)
2025-06-04 14:59:29,519 INFO  - Already have ACK (at simulation time 513.000,000,000 s)
2025-06-04 14:59:29,519 INFO  - Already have ACK (at simulation time 513.000,000,000 s)
2025-06-04 14:59:29,519 INFO  - Already have ACK (at simulation time 513.000,000,000 s)
2025-06-04 14:59:29,519 INFO  - Already have ACK (at simulation time 513.000,000,000 s)
2025-06-04 14:59:29,519 INFO  - Already have ACK (at simulation time 513.000,000,000 s)
2025-06-04 14:59:29,522 INFO  - Already have ACK (at simulation time 514.000,000,000 s)
2025-06-04 14:59:29,523 INFO  - Already have ACK (at simulation time 514.000,000,000 s)
2025-06-04 14:59:29,523 INFO  - Already have ACK (at simulation time 514.000,000,000 s)
2025-06-04 14:59:29,523 INFO  - Already have ACK (at simulation time 514.000,000,000 s)
2025-06-04 14:59:29,523 INFO  - Already have ACK (at simulation time 514.000,000,000 s)
2025-06-04 14:59:29,523 INFO  - Already have ACK (at simulation time 514.000,000,000 s)
2025-06-04 14:59:29,523 INFO  - Already have ACK (at simulation time 514.000,000,000 s)
2025-06-04 14:59:29,523 INFO  - Already have ACK (at simulation time 514.000,000,000 s)
2025-06-04 14:59:29,523 INFO  - Already have ACK (at simulation time 514.000,000,000 s)
2025-06-04 14:59:29,523 INFO  - Already have ACK (at simulation time 514.000,000,000 s)
2025-06-04 14:59:29,523 INFO  - Already have ACK (at simulation time 514.000,000,000 s)
2025-06-04 14:59:29,523 INFO  - Already have ACK (at simulation time 514.000,000,000 s)
2025-06-04 14:59:29,523 INFO  - Already have ACK (at simulation time 514.000,000,000 s)
2025-06-04 14:59:29,523 INFO  - Already have ACK (at simulation time 514.000,000,000 s)
2025-06-04 14:59:29,523 INFO  - Already have ACK (at simulation time 514.000,000,000 s)
2025-06-04 14:59:29,524 INFO  - Already have ACK (at simulation time 514.000,000,000 s)
2025-06-04 14:59:29,524 INFO  - Already have ACK (at simulation time 514.000,000,000 s)
2025-06-04 14:59:29,524 INFO  - Already have ACK (at simulation time 514.000,000,000 s)
2025-06-04 14:59:29,524 INFO  - Already have ACK (at simulation time 514.000,000,000 s)
2025-06-04 14:59:29,524 INFO  - Already have ACK (at simulation time 514.000,000,000 s)
2025-06-04 14:59:29,524 INFO  - Already have ACK (at simulation time 514.000,000,000 s)
2025-06-04 14:59:29,524 INFO  - Already have ACK (at simulation time 514.000,000,000 s)
2025-06-04 14:59:29,524 INFO  - Already have ACK (at simulation time 514.000,000,000 s)
2025-06-04 14:59:29,524 INFO  - Already have ACK (at simulation time 514.000,000,000 s)
2025-06-04 14:59:29,524 INFO  - Already have ACK (at simulation time 514.000,000,000 s)
2025-06-04 14:59:29,528 INFO  - Sent periodic GreenWaveMsg: veh_95 on route r_1 (at simulation time 515.000,000,000 s)
2025-06-04 14:59:29,528 INFO  - Already have ACK (at simulation time 515.000,000,000 s)
2025-06-04 14:59:29,528 INFO  - Already have ACK (at simulation time 515.000,000,000 s)
2025-06-04 14:59:29,528 INFO  - Already have ACK (at simulation time 515.000,000,000 s)
2025-06-04 14:59:29,528 INFO  - Already have ACK (at simulation time 515.000,000,000 s)
2025-06-04 14:59:29,528 INFO  - Already have ACK (at simulation time 515.000,000,000 s)
2025-06-04 14:59:29,528 INFO  - Already have ACK (at simulation time 515.000,000,000 s)
2025-06-04 14:59:29,528 INFO  - Already have ACK (at simulation time 515.000,000,000 s)
2025-06-04 14:59:29,528 INFO  - Already have ACK (at simulation time 515.000,000,000 s)
2025-06-04 14:59:29,528 INFO  - Already have ACK (at simulation time 515.000,000,000 s)
2025-06-04 14:59:29,528 INFO  - Already have ACK (at simulation time 515.000,000,000 s)
2025-06-04 14:59:29,529 INFO  - Already have ACK (at simulation time 515.000,000,000 s)
2025-06-04 14:59:29,529 INFO  - Already have ACK (at simulation time 515.000,000,000 s)
2025-06-04 14:59:29,529 INFO  - Already have ACK (at simulation time 515.000,000,000 s)
2025-06-04 14:59:29,529 INFO  - Already have ACK (at simulation time 515.000,000,000 s)
2025-06-04 14:59:29,529 INFO  - Already have ACK (at simulation time 515.000,000,000 s)
2025-06-04 14:59:29,529 INFO  - Already have ACK (at simulation time 515.000,000,000 s)
2025-06-04 14:59:29,529 INFO  - Already have ACK (at simulation time 515.000,000,000 s)
2025-06-04 14:59:29,529 INFO  - Already have ACK (at simulation time 515.000,000,000 s)
2025-06-04 14:59:29,529 INFO  - Already have ACK (at simulation time 515.000,000,000 s)
2025-06-04 14:59:29,529 INFO  - Already have ACK (at simulation time 515.000,000,000 s)
2025-06-04 14:59:29,529 INFO  - Already have ACK (at simulation time 515.000,000,000 s)
2025-06-04 14:59:29,529 INFO  - Already have ACK (at simulation time 515.000,000,000 s)
2025-06-04 14:59:29,529 INFO  - Already have ACK (at simulation time 515.000,000,000 s)
2025-06-04 14:59:29,529 INFO  - Already have ACK (at simulation time 515.000,000,000 s)
2025-06-04 14:59:29,529 INFO  - Already have ACK (at simulation time 515.000,000,000 s)
2025-06-04 14:59:29,529 INFO  - Already have ACK (at simulation time 515.000,000,000 s)
2025-06-04 14:59:29,532 INFO  - Received ACK with origin at RSU from rsu_0 at 515000800000 (at simulation time 515.000,800,000 s)
2025-06-04 14:59:29,532 INFO  - Resent to veh_88 - GreenWaveMsg origin in veh_97 (at simulation time 515.001,400,000 s)
2025-06-04 14:59:29,533 INFO  - Already have ACK (at simulation time 516.000,000,000 s)
2025-06-04 14:59:29,533 INFO  - Already have ACK (at simulation time 516.000,000,000 s)
2025-06-04 14:59:29,533 INFO  - Already have ACK (at simulation time 516.000,000,000 s)
2025-06-04 14:59:29,533 INFO  - Already have ACK (at simulation time 516.000,000,000 s)
2025-06-04 14:59:29,533 INFO  - Already have ACK (at simulation time 516.000,000,000 s)
2025-06-04 14:59:29,533 INFO  - Already have ACK (at simulation time 516.000,000,000 s)
2025-06-04 14:59:29,533 INFO  - Already have ACK (at simulation time 516.000,000,000 s)
2025-06-04 14:59:29,534 INFO  - Already have ACK (at simulation time 516.000,000,000 s)
2025-06-04 14:59:29,534 INFO  - Already have ACK (at simulation time 516.000,000,000 s)
2025-06-04 14:59:29,534 INFO  - Already have ACK (at simulation time 516.000,000,000 s)
2025-06-04 14:59:29,534 INFO  - Already have ACK (at simulation time 516.000,000,000 s)
2025-06-04 14:59:29,534 INFO  - Already have ACK (at simulation time 516.000,000,000 s)
2025-06-04 14:59:29,534 INFO  - Already have ACK (at simulation time 516.000,000,000 s)
2025-06-04 14:59:29,534 INFO  - Already have ACK (at simulation time 516.000,000,000 s)
2025-06-04 14:59:29,534 INFO  - Already have ACK (at simulation time 516.000,000,000 s)
2025-06-04 14:59:29,534 INFO  - Already have ACK (at simulation time 516.000,000,000 s)
2025-06-04 14:59:29,534 INFO  - Already have ACK (at simulation time 516.000,000,000 s)
2025-06-04 14:59:29,534 INFO  - Already have ACK (at simulation time 516.000,000,000 s)
2025-06-04 14:59:29,534 INFO  - Already have ACK (at simulation time 516.000,000,000 s)
2025-06-04 14:59:29,534 INFO  - Already have ACK (at simulation time 516.000,000,000 s)
2025-06-04 14:59:29,534 INFO  - Already have ACK (at simulation time 516.000,000,000 s)
2025-06-04 14:59:29,534 INFO  - Already have ACK (at simulation time 516.000,000,000 s)
2025-06-04 14:59:29,534 INFO  - Already have ACK (at simulation time 516.000,000,000 s)
2025-06-04 14:59:29,535 INFO  - Already have ACK (at simulation time 516.000,000,000 s)
2025-06-04 14:59:29,535 INFO  - Already have ACK (at simulation time 516.000,000,000 s)
2025-06-04 14:59:29,535 INFO  - Already have ACK (at simulation time 516.000,000,000 s)
2025-06-04 14:59:29,535 INFO  - Already have ACK (at simulation time 516.000,000,000 s)
2025-06-04 14:59:29,538 INFO  - Already have ACK (at simulation time 517.000,000,000 s)
2025-06-04 14:59:29,538 INFO  - Already have ACK (at simulation time 517.000,000,000 s)
2025-06-04 14:59:29,538 INFO  - Already have ACK (at simulation time 517.000,000,000 s)
2025-06-04 14:59:29,538 INFO  - Already have ACK (at simulation time 517.000,000,000 s)
2025-06-04 14:59:29,538 INFO  - Already have ACK (at simulation time 517.000,000,000 s)
2025-06-04 14:59:29,539 INFO  - Already have ACK (at simulation time 517.000,000,000 s)
2025-06-04 14:59:29,539 INFO  - Already have ACK (at simulation time 517.000,000,000 s)
2025-06-04 14:59:29,539 INFO  - Already have ACK (at simulation time 517.000,000,000 s)
2025-06-04 14:59:29,539 INFO  - Already have ACK (at simulation time 517.000,000,000 s)
2025-06-04 14:59:29,539 INFO  - Already have ACK (at simulation time 517.000,000,000 s)
2025-06-04 14:59:29,539 INFO  - Already have ACK (at simulation time 517.000,000,000 s)
2025-06-04 14:59:29,539 INFO  - Already have ACK (at simulation time 517.000,000,000 s)
2025-06-04 14:59:29,539 INFO  - Already have ACK (at simulation time 517.000,000,000 s)
2025-06-04 14:59:29,539 INFO  - Already have ACK (at simulation time 517.000,000,000 s)
2025-06-04 14:59:29,539 INFO  - Already have ACK (at simulation time 517.000,000,000 s)
2025-06-04 14:59:29,539 INFO  - Already have ACK (at simulation time 517.000,000,000 s)
2025-06-04 14:59:29,539 INFO  - Already have ACK (at simulation time 517.000,000,000 s)
2025-06-04 14:59:29,539 INFO  - Already have ACK (at simulation time 517.000,000,000 s)
2025-06-04 14:59:29,539 INFO  - Already have ACK (at simulation time 517.000,000,000 s)
2025-06-04 14:59:29,539 INFO  - Already have ACK (at simulation time 517.000,000,000 s)
2025-06-04 14:59:29,539 INFO  - Already have ACK (at simulation time 517.000,000,000 s)
2025-06-04 14:59:29,539 INFO  - Already have ACK (at simulation time 517.000,000,000 s)
2025-06-04 14:59:29,540 INFO  - Already have ACK (at simulation time 517.000,000,000 s)
2025-06-04 14:59:29,540 INFO  - Already have ACK (at simulation time 517.000,000,000 s)
2025-06-04 14:59:29,540 INFO  - Already have ACK (at simulation time 517.000,000,000 s)
2025-06-04 14:59:29,540 INFO  - Already have ACK (at simulation time 517.000,000,000 s)
2025-06-04 14:59:29,540 INFO  - Already have ACK (at simulation time 517.000,000,000 s)
2025-06-04 14:59:29,540 INFO  - Already have ACK (at simulation time 517.000,000,000 s)
2025-06-04 14:59:29,543 INFO  - Already have ACK (at simulation time 518.000,000,000 s)
2025-06-04 14:59:29,543 INFO  - Already have ACK (at simulation time 518.000,000,000 s)
2025-06-04 14:59:29,543 INFO  - Already have ACK (at simulation time 518.000,000,000 s)
2025-06-04 14:59:29,543 INFO  - Already have ACK (at simulation time 518.000,000,000 s)
2025-06-04 14:59:29,543 INFO  - Already have ACK (at simulation time 518.000,000,000 s)
2025-06-04 14:59:29,543 INFO  - Already have ACK (at simulation time 518.000,000,000 s)
2025-06-04 14:59:29,543 INFO  - Already have ACK (at simulation time 518.000,000,000 s)
2025-06-04 14:59:29,543 INFO  - Already have ACK (at simulation time 518.000,000,000 s)
2025-06-04 14:59:29,543 INFO  - Already have ACK (at simulation time 518.000,000,000 s)
2025-06-04 14:59:29,543 INFO  - Already have ACK (at simulation time 518.000,000,000 s)
2025-06-04 14:59:29,543 INFO  - Already have ACK (at simulation time 518.000,000,000 s)
2025-06-04 14:59:29,543 INFO  - Already have ACK (at simulation time 518.000,000,000 s)
2025-06-04 14:59:29,543 INFO  - Already have ACK (at simulation time 518.000,000,000 s)
2025-06-04 14:59:29,543 INFO  - Already have ACK (at simulation time 518.000,000,000 s)
2025-06-04 14:59:29,544 INFO  - Already have ACK (at simulation time 518.000,000,000 s)
2025-06-04 14:59:29,544 INFO  - Already have ACK (at simulation time 518.000,000,000 s)
2025-06-04 14:59:29,544 INFO  - Already have ACK (at simulation time 518.000,000,000 s)
2025-06-04 14:59:29,544 INFO  - Already have ACK (at simulation time 518.000,000,000 s)
2025-06-04 14:59:29,544 INFO  - Already have ACK (at simulation time 518.000,000,000 s)
2025-06-04 14:59:29,544 INFO  - Already have ACK (at simulation time 518.000,000,000 s)
2025-06-04 14:59:29,544 INFO  - Already have ACK (at simulation time 518.000,000,000 s)
2025-06-04 14:59:29,544 INFO  - Already have ACK (at simulation time 518.000,000,000 s)
2025-06-04 14:59:29,544 INFO  - Already have ACK (at simulation time 518.000,000,000 s)
2025-06-04 14:59:29,544 INFO  - Already have ACK (at simulation time 518.000,000,000 s)
2025-06-04 14:59:29,544 INFO  - Already have ACK (at simulation time 518.000,000,000 s)
2025-06-04 14:59:29,544 INFO  - Already have ACK (at simulation time 518.000,000,000 s)
2025-06-04 14:59:29,544 INFO  - Already have ACK (at simulation time 518.000,000,000 s)
2025-06-04 14:59:29,544 INFO  - Already have ACK (at simulation time 518.000,000,000 s)
2025-06-04 14:59:29,544 INFO  - Already have ACK (at simulation time 518.000,000,000 s)
2025-06-04 14:59:29,547 INFO  - Already have ACK (at simulation time 519.000,000,000 s)
2025-06-04 14:59:29,547 INFO  - Already have ACK (at simulation time 519.000,000,000 s)
2025-06-04 14:59:29,547 INFO  - Already have ACK (at simulation time 519.000,000,000 s)
2025-06-04 14:59:29,547 INFO  - Already have ACK (at simulation time 519.000,000,000 s)
2025-06-04 14:59:29,547 INFO  - Already have ACK (at simulation time 519.000,000,000 s)
2025-06-04 14:59:29,548 INFO  - Already have ACK (at simulation time 519.000,000,000 s)
2025-06-04 14:59:29,548 INFO  - Already have ACK (at simulation time 519.000,000,000 s)
2025-06-04 14:59:29,548 INFO  - Already have ACK (at simulation time 519.000,000,000 s)
2025-06-04 14:59:29,548 INFO  - Already have ACK (at simulation time 519.000,000,000 s)
2025-06-04 14:59:29,548 INFO  - Already have ACK (at simulation time 519.000,000,000 s)
2025-06-04 14:59:29,548 INFO  - Already have ACK (at simulation time 519.000,000,000 s)
2025-06-04 14:59:29,548 INFO  - Already have ACK (at simulation time 519.000,000,000 s)
2025-06-04 14:59:29,548 INFO  - Already have ACK (at simulation time 519.000,000,000 s)
2025-06-04 14:59:29,548 INFO  - Already have ACK (at simulation time 519.000,000,000 s)
2025-06-04 14:59:29,548 INFO  - Already have ACK (at simulation time 519.000,000,000 s)
2025-06-04 14:59:29,548 INFO  - Already have ACK (at simulation time 519.000,000,000 s)
2025-06-04 14:59:29,548 INFO  - Already have ACK (at simulation time 519.000,000,000 s)
2025-06-04 14:59:29,548 INFO  - Already have ACK (at simulation time 519.000,000,000 s)
2025-06-04 14:59:29,548 INFO  - Already have ACK (at simulation time 519.000,000,000 s)
2025-06-04 14:59:29,548 INFO  - Already have ACK (at simulation time 519.000,000,000 s)
2025-06-04 14:59:29,548 INFO  - Already have ACK (at simulation time 519.000,000,000 s)
2025-06-04 14:59:29,549 INFO  - Already have ACK (at simulation time 519.000,000,000 s)
2025-06-04 14:59:29,549 INFO  - Already have ACK (at simulation time 519.000,000,000 s)
2025-06-04 14:59:29,549 INFO  - Already have ACK (at simulation time 519.000,000,000 s)
2025-06-04 14:59:29,549 INFO  - Already have ACK (at simulation time 519.000,000,000 s)
2025-06-04 14:59:29,549 INFO  - Already have ACK (at simulation time 519.000,000,000 s)
2025-06-04 14:59:29,549 INFO  - Already have ACK (at simulation time 519.000,000,000 s)
2025-06-04 14:59:29,549 INFO  - Already have ACK (at simulation time 519.000,000,000 s)
2025-06-04 14:59:29,549 INFO  - Already have ACK (at simulation time 519.000,000,000 s)
2025-06-04 14:59:29,549 INFO  - Already have ACK (at simulation time 519.000,000,000 s)
2025-06-04 14:59:29,552 INFO  - Sent periodic GreenWaveMsg: veh_95 on route r_1 (at simulation time 520.000,000,000 s)
2025-06-04 14:59:29,552 INFO  - Already have ACK (at simulation time 520.000,000,000 s)
2025-06-04 14:59:29,552 INFO  - Already have ACK (at simulation time 520.000,000,000 s)
2025-06-04 14:59:29,552 INFO  - Already have ACK (at simulation time 520.000,000,000 s)
2025-06-04 14:59:29,552 INFO  - Already have ACK (at simulation time 520.000,000,000 s)
2025-06-04 14:59:29,553 INFO  - Already have ACK (at simulation time 520.000,000,000 s)
2025-06-04 14:59:29,553 INFO  - Already have ACK (at simulation time 520.000,000,000 s)
2025-06-04 14:59:29,553 INFO  - Already have ACK (at simulation time 520.000,000,000 s)
2025-06-04 14:59:29,553 INFO  - Already have ACK (at simulation time 520.000,000,000 s)
2025-06-04 14:59:29,553 INFO  - Already have ACK (at simulation time 520.000,000,000 s)
2025-06-04 14:59:29,553 INFO  - Already have ACK (at simulation time 520.000,000,000 s)
2025-06-04 14:59:29,553 INFO  - Already have ACK (at simulation time 520.000,000,000 s)
2025-06-04 14:59:29,553 INFO  - Already have ACK (at simulation time 520.000,000,000 s)
2025-06-04 14:59:29,553 INFO  - Already have ACK (at simulation time 520.000,000,000 s)
2025-06-04 14:59:29,553 INFO  - Already have ACK (at simulation time 520.000,000,000 s)
2025-06-04 14:59:29,553 INFO  - Already have ACK (at simulation time 520.000,000,000 s)
2025-06-04 14:59:29,553 INFO  - Already have ACK (at simulation time 520.000,000,000 s)
2025-06-04 14:59:29,553 INFO  - Already have ACK (at simulation time 520.000,000,000 s)
2025-06-04 14:59:29,553 INFO  - Already have ACK (at simulation time 520.000,000,000 s)
2025-06-04 14:59:29,553 INFO  - Already have ACK (at simulation time 520.000,000,000 s)
2025-06-04 14:59:29,553 INFO  - Already have ACK (at simulation time 520.000,000,000 s)
2025-06-04 14:59:29,553 INFO  - Already have ACK (at simulation time 520.000,000,000 s)
2025-06-04 14:59:29,554 INFO  - Already have ACK (at simulation time 520.000,000,000 s)
2025-06-04 14:59:29,554 INFO  - Already have ACK (at simulation time 520.000,000,000 s)
2025-06-04 14:59:29,554 INFO  - Already have ACK (at simulation time 520.000,000,000 s)
2025-06-04 14:59:29,554 INFO  - Already have ACK (at simulation time 520.000,000,000 s)
2025-06-04 14:59:29,554 INFO  - Already have ACK (at simulation time 520.000,000,000 s)
2025-06-04 14:59:29,554 INFO  - Already have ACK (at simulation time 520.000,000,000 s)
2025-06-04 14:59:29,554 INFO  - Already have ACK (at simulation time 520.000,000,000 s)
2025-06-04 14:59:29,554 INFO  - Already have ACK (at simulation time 520.000,000,000 s)
2025-06-04 14:59:29,554 INFO  - Already have ACK (at simulation time 520.000,000,000 s)
2025-06-04 14:59:29,554 INFO  - Already have ACK (at simulation time 520.000,000,000 s)
2025-06-04 14:59:29,556 INFO  - Received ACK with origin at RSU from rsu_0 at 520002300000 (at simulation time 520.002,300,000 s)
2025-06-04 14:59:29,560 INFO  - Already have ACK (at simulation time 521.000,000,000 s)
2025-06-04 14:59:29,561 INFO  - Already have ACK (at simulation time 521.000,000,000 s)
2025-06-04 14:59:29,561 INFO  - Already have ACK (at simulation time 521.000,000,000 s)
2025-06-04 14:59:29,561 INFO  - Already have ACK (at simulation time 521.000,000,000 s)
2025-06-04 14:59:29,561 INFO  - Already have ACK (at simulation time 521.000,000,000 s)
2025-06-04 14:59:29,561 INFO  - Already have ACK (at simulation time 521.000,000,000 s)
2025-06-04 14:59:29,561 INFO  - Already have ACK (at simulation time 521.000,000,000 s)
2025-06-04 14:59:29,561 INFO  - Already have ACK (at simulation time 521.000,000,000 s)
2025-06-04 14:59:29,561 INFO  - Already have ACK (at simulation time 521.000,000,000 s)
2025-06-04 14:59:29,561 INFO  - Already have ACK (at simulation time 521.000,000,000 s)
2025-06-04 14:59:29,561 INFO  - Already have ACK (at simulation time 521.000,000,000 s)
2025-06-04 14:59:29,561 INFO  - Already have ACK (at simulation time 521.000,000,000 s)
2025-06-04 14:59:29,562 INFO  - Already have ACK (at simulation time 521.000,000,000 s)
2025-06-04 14:59:29,562 INFO  - Already have ACK (at simulation time 521.000,000,000 s)
2025-06-04 14:59:29,562 INFO  - Already have ACK (at simulation time 521.000,000,000 s)
2025-06-04 14:59:29,562 INFO  - Already have ACK (at simulation time 521.000,000,000 s)
2025-06-04 14:59:29,562 INFO  - Already have ACK (at simulation time 521.000,000,000 s)
2025-06-04 14:59:29,562 INFO  - Already have ACK (at simulation time 521.000,000,000 s)
2025-06-04 14:59:29,562 INFO  - Already have ACK (at simulation time 521.000,000,000 s)
2025-06-04 14:59:29,562 INFO  - Already have ACK (at simulation time 521.000,000,000 s)
2025-06-04 14:59:29,562 INFO  - Already have ACK (at simulation time 521.000,000,000 s)
2025-06-04 14:59:29,562 INFO  - Already have ACK (at simulation time 521.000,000,000 s)
2025-06-04 14:59:29,562 INFO  - Already have ACK (at simulation time 521.000,000,000 s)
2025-06-04 14:59:29,562 INFO  - Already have ACK (at simulation time 521.000,000,000 s)
2025-06-04 14:59:29,562 INFO  - Already have ACK (at simulation time 521.000,000,000 s)
2025-06-04 14:59:29,562 INFO  - Already have ACK (at simulation time 521.000,000,000 s)
2025-06-04 14:59:29,562 INFO  - Already have ACK (at simulation time 521.000,000,000 s)
2025-06-04 14:59:29,562 INFO  - Already have ACK (at simulation time 521.000,000,000 s)
2025-06-04 14:59:29,562 INFO  - Already have ACK (at simulation time 521.000,000,000 s)
2025-06-04 14:59:29,562 INFO  - Already have ACK (at simulation time 521.000,000,000 s)
2025-06-04 14:59:29,562 INFO  - Already have ACK (at simulation time 521.000,000,000 s)
2025-06-04 14:59:29,562 INFO  - Already have ACK (at simulation time 521.000,000,000 s)
2025-06-04 14:59:29,565 INFO  - Already have ACK (at simulation time 522.000,000,000 s)
2025-06-04 14:59:29,565 INFO  - Already have ACK (at simulation time 522.000,000,000 s)
2025-06-04 14:59:29,565 INFO  - Already have ACK (at simulation time 522.000,000,000 s)
2025-06-04 14:59:29,565 INFO  - Already have ACK (at simulation time 522.000,000,000 s)
2025-06-04 14:59:29,565 INFO  - Already have ACK (at simulation time 522.000,000,000 s)
2025-06-04 14:59:29,565 INFO  - Already have ACK (at simulation time 522.000,000,000 s)
2025-06-04 14:59:29,565 INFO  - Already have ACK (at simulation time 522.000,000,000 s)
2025-06-04 14:59:29,565 INFO  - Already have ACK (at simulation time 522.000,000,000 s)
2025-06-04 14:59:29,565 INFO  - Already have ACK (at simulation time 522.000,000,000 s)
2025-06-04 14:59:29,565 INFO  - Already have ACK (at simulation time 522.000,000,000 s)
2025-06-04 14:59:29,565 INFO  - Already have ACK (at simulation time 522.000,000,000 s)
2025-06-04 14:59:29,565 INFO  - Already have ACK (at simulation time 522.000,000,000 s)
2025-06-04 14:59:29,565 INFO  - Already have ACK (at simulation time 522.000,000,000 s)
2025-06-04 14:59:29,566 INFO  - Already have ACK (at simulation time 522.000,000,000 s)
2025-06-04 14:59:29,566 INFO  - Already have ACK (at simulation time 522.000,000,000 s)
2025-06-04 14:59:29,566 INFO  - Already have ACK (at simulation time 522.000,000,000 s)
2025-06-04 14:59:29,566 INFO  - Already have ACK (at simulation time 522.000,000,000 s)
2025-06-04 14:59:29,566 INFO  - Already have ACK (at simulation time 522.000,000,000 s)
2025-06-04 14:59:29,566 INFO  - Already have ACK (at simulation time 522.000,000,000 s)
2025-06-04 14:59:29,566 INFO  - Already have ACK (at simulation time 522.000,000,000 s)
2025-06-04 14:59:29,566 INFO  - Already have ACK (at simulation time 522.000,000,000 s)
2025-06-04 14:59:29,566 INFO  - Already have ACK (at simulation time 522.000,000,000 s)
2025-06-04 14:59:29,566 INFO  - Already have ACK (at simulation time 522.000,000,000 s)
2025-06-04 14:59:29,566 INFO  - Already have ACK (at simulation time 522.000,000,000 s)
2025-06-04 14:59:29,566 INFO  - Already have ACK (at simulation time 522.000,000,000 s)
2025-06-04 14:59:29,566 INFO  - Already have ACK (at simulation time 522.000,000,000 s)
2025-06-04 14:59:29,566 INFO  - Already have ACK (at simulation time 522.000,000,000 s)
2025-06-04 14:59:29,566 INFO  - Already have ACK (at simulation time 522.000,000,000 s)
2025-06-04 14:59:29,566 INFO  - Already have ACK (at simulation time 522.000,000,000 s)
2025-06-04 14:59:29,566 INFO  - Already have ACK (at simulation time 522.000,000,000 s)
2025-06-04 14:59:29,566 INFO  - Already have ACK (at simulation time 522.000,000,000 s)
2025-06-04 14:59:29,566 INFO  - Already have ACK (at simulation time 522.000,000,000 s)
2025-06-04 14:59:29,566 INFO  - Already have ACK (at simulation time 522.000,000,000 s)
2025-06-04 14:59:29,569 INFO  - Already have ACK (at simulation time 523.000,000,000 s)
2025-06-04 14:59:29,569 INFO  - Already have ACK (at simulation time 523.000,000,000 s)
2025-06-04 14:59:29,569 INFO  - Already have ACK (at simulation time 523.000,000,000 s)
2025-06-04 14:59:29,569 INFO  - Already have ACK (at simulation time 523.000,000,000 s)
2025-06-04 14:59:29,569 INFO  - Already have ACK (at simulation time 523.000,000,000 s)
2025-06-04 14:59:29,569 INFO  - Already have ACK (at simulation time 523.000,000,000 s)
2025-06-04 14:59:29,569 INFO  - Already have ACK (at simulation time 523.000,000,000 s)
2025-06-04 14:59:29,569 INFO  - Already have ACK (at simulation time 523.000,000,000 s)
2025-06-04 14:59:29,569 INFO  - Already have ACK (at simulation time 523.000,000,000 s)
2025-06-04 14:59:29,569 INFO  - Already have ACK (at simulation time 523.000,000,000 s)
2025-06-04 14:59:29,569 INFO  - Already have ACK (at simulation time 523.000,000,000 s)
2025-06-04 14:59:29,569 INFO  - Already have ACK (at simulation time 523.000,000,000 s)
2025-06-04 14:59:29,569 INFO  - Already have ACK (at simulation time 523.000,000,000 s)
2025-06-04 14:59:29,569 INFO  - Already have ACK (at simulation time 523.000,000,000 s)
2025-06-04 14:59:29,569 INFO  - Already have ACK (at simulation time 523.000,000,000 s)
2025-06-04 14:59:29,570 INFO  - Already have ACK (at simulation time 523.000,000,000 s)
2025-06-04 14:59:29,570 INFO  - Already have ACK (at simulation time 523.000,000,000 s)
2025-06-04 14:59:29,570 INFO  - Already have ACK (at simulation time 523.000,000,000 s)
2025-06-04 14:59:29,570 INFO  - Already have ACK (at simulation time 523.000,000,000 s)
2025-06-04 14:59:29,570 INFO  - Already have ACK (at simulation time 523.000,000,000 s)
2025-06-04 14:59:29,570 INFO  - Already have ACK (at simulation time 523.000,000,000 s)
2025-06-04 14:59:29,570 INFO  - Already have ACK (at simulation time 523.000,000,000 s)
2025-06-04 14:59:29,570 INFO  - Already have ACK (at simulation time 523.000,000,000 s)
2025-06-04 14:59:29,570 INFO  - Already have ACK (at simulation time 523.000,000,000 s)
2025-06-04 14:59:29,570 INFO  - Already have ACK (at simulation time 523.000,000,000 s)
2025-06-04 14:59:29,570 INFO  - Already have ACK (at simulation time 523.000,000,000 s)
2025-06-04 14:59:29,570 INFO  - Already have ACK (at simulation time 523.000,000,000 s)
2025-06-04 14:59:29,570 INFO  - Already have ACK (at simulation time 523.000,000,000 s)
2025-06-04 14:59:29,570 INFO  - Already have ACK (at simulation time 523.000,000,000 s)
2025-06-04 14:59:29,570 INFO  - Already have ACK (at simulation time 523.000,000,000 s)
2025-06-04 14:59:29,570 INFO  - Already have ACK (at simulation time 523.000,000,000 s)
2025-06-04 14:59:29,570 INFO  - Already have ACK (at simulation time 523.000,000,000 s)
2025-06-04 14:59:29,570 INFO  - Already have ACK (at simulation time 523.000,000,000 s)
2025-06-04 14:59:29,570 INFO  - Already have ACK (at simulation time 523.000,000,000 s)
2025-06-04 14:59:29,573 INFO  - Already have ACK (at simulation time 524.000,000,000 s)
2025-06-04 14:59:29,573 INFO  - Already have ACK (at simulation time 524.000,000,000 s)
2025-06-04 14:59:29,573 INFO  - Already have ACK (at simulation time 524.000,000,000 s)
2025-06-04 14:59:29,573 INFO  - Already have ACK (at simulation time 524.000,000,000 s)
2025-06-04 14:59:29,573 INFO  - Already have ACK (at simulation time 524.000,000,000 s)
2025-06-04 14:59:29,573 INFO  - Already have ACK (at simulation time 524.000,000,000 s)
2025-06-04 14:59:29,573 INFO  - Already have ACK (at simulation time 524.000,000,000 s)
2025-06-04 14:59:29,573 INFO  - Already have ACK (at simulation time 524.000,000,000 s)
2025-06-04 14:59:29,573 INFO  - Already have ACK (at simulation time 524.000,000,000 s)
2025-06-04 14:59:29,573 INFO  - Already have ACK (at simulation time 524.000,000,000 s)
2025-06-04 14:59:29,573 INFO  - Already have ACK (at simulation time 524.000,000,000 s)
2025-06-04 14:59:29,573 INFO  - Already have ACK (at simulation time 524.000,000,000 s)
2025-06-04 14:59:29,573 INFO  - Already have ACK (at simulation time 524.000,000,000 s)
2025-06-04 14:59:29,574 INFO  - Already have ACK (at simulation time 524.000,000,000 s)
2025-06-04 14:59:29,574 INFO  - Already have ACK (at simulation time 524.000,000,000 s)
2025-06-04 14:59:29,574 INFO  - Already have ACK (at simulation time 524.000,000,000 s)
2025-06-04 14:59:29,574 INFO  - Already have ACK (at simulation time 524.000,000,000 s)
2025-06-04 14:59:29,574 INFO  - Already have ACK (at simulation time 524.000,000,000 s)
2025-06-04 14:59:29,574 INFO  - Already have ACK (at simulation time 524.000,000,000 s)
2025-06-04 14:59:29,574 INFO  - Already have ACK (at simulation time 524.000,000,000 s)
2025-06-04 14:59:29,574 INFO  - Already have ACK (at simulation time 524.000,000,000 s)
2025-06-04 14:59:29,574 INFO  - Already have ACK (at simulation time 524.000,000,000 s)
2025-06-04 14:59:29,574 INFO  - Already have ACK (at simulation time 524.000,000,000 s)
2025-06-04 14:59:29,574 INFO  - Already have ACK (at simulation time 524.000,000,000 s)
2025-06-04 14:59:29,574 INFO  - Already have ACK (at simulation time 524.000,000,000 s)
2025-06-04 14:59:29,574 INFO  - Already have ACK (at simulation time 524.000,000,000 s)
2025-06-04 14:59:29,574 INFO  - Already have ACK (at simulation time 524.000,000,000 s)
2025-06-04 14:59:29,574 INFO  - Already have ACK (at simulation time 524.000,000,000 s)
2025-06-04 14:59:29,574 INFO  - Already have ACK (at simulation time 524.000,000,000 s)
2025-06-04 14:59:29,574 INFO  - Already have ACK (at simulation time 524.000,000,000 s)
2025-06-04 14:59:29,574 INFO  - Already have ACK (at simulation time 524.000,000,000 s)
2025-06-04 14:59:29,574 INFO  - Already have ACK (at simulation time 524.000,000,000 s)
2025-06-04 14:59:29,574 INFO  - Already have ACK (at simulation time 524.000,000,000 s)
2025-06-04 14:59:29,575 INFO  - Already have ACK (at simulation time 524.000,000,000 s)
2025-06-04 14:59:29,575 INFO  - Already have ACK (at simulation time 524.000,000,000 s)
2025-06-04 14:59:29,578 INFO  - Sent periodic GreenWaveMsg: veh_95 on route r_1 (at simulation time 525.000,000,000 s)
2025-06-04 14:59:29,578 INFO  - Already have ACK (at simulation time 525.000,000,000 s)
2025-06-04 14:59:29,578 INFO  - Already have ACK (at simulation time 525.000,000,000 s)
2025-06-04 14:59:29,578 INFO  - Already have ACK (at simulation time 525.000,000,000 s)
2025-06-04 14:59:29,578 INFO  - Already have ACK (at simulation time 525.000,000,000 s)
2025-06-04 14:59:29,578 INFO  - Already have ACK (at simulation time 525.000,000,000 s)
2025-06-04 14:59:29,578 INFO  - Already have ACK (at simulation time 525.000,000,000 s)
2025-06-04 14:59:29,578 INFO  - Already have ACK (at simulation time 525.000,000,000 s)
2025-06-04 14:59:29,579 INFO  - Already have ACK (at simulation time 525.000,000,000 s)
2025-06-04 14:59:29,579 INFO  - Already have ACK (at simulation time 525.000,000,000 s)
2025-06-04 14:59:29,579 INFO  - Already have ACK (at simulation time 525.000,000,000 s)
2025-06-04 14:59:29,579 INFO  - Already have ACK (at simulation time 525.000,000,000 s)
2025-06-04 14:59:29,579 INFO  - Already have ACK (at simulation time 525.000,000,000 s)
2025-06-04 14:59:29,579 INFO  - Already have ACK (at simulation time 525.000,000,000 s)
2025-06-04 14:59:29,579 INFO  - Already have ACK (at simulation time 525.000,000,000 s)
2025-06-04 14:59:29,579 INFO  - Already have ACK (at simulation time 525.000,000,000 s)
2025-06-04 14:59:29,579 INFO  - Already have ACK (at simulation time 525.000,000,000 s)
2025-06-04 14:59:29,579 INFO  - Already have ACK (at simulation time 525.000,000,000 s)
2025-06-04 14:59:29,579 INFO  - Already have ACK (at simulation time 525.000,000,000 s)
2025-06-04 14:59:29,579 INFO  - Already have ACK (at simulation time 525.000,000,000 s)
2025-06-04 14:59:29,579 INFO  - Already have ACK (at simulation time 525.000,000,000 s)
2025-06-04 14:59:29,579 INFO  - Already have ACK (at simulation time 525.000,000,000 s)
2025-06-04 14:59:29,579 INFO  - Already have ACK (at simulation time 525.000,000,000 s)
2025-06-04 14:59:29,579 INFO  - Already have ACK (at simulation time 525.000,000,000 s)
2025-06-04 14:59:29,579 INFO  - Already have ACK (at simulation time 525.000,000,000 s)
2025-06-04 14:59:29,580 INFO  - Already have ACK (at simulation time 525.000,000,000 s)
2025-06-04 14:59:29,580 INFO  - Already have ACK (at simulation time 525.000,000,000 s)
2025-06-04 14:59:29,580 INFO  - Already have ACK (at simulation time 525.000,000,000 s)
2025-06-04 14:59:29,580 INFO  - Already have ACK (at simulation time 525.000,000,000 s)
2025-06-04 14:59:29,580 INFO  - Already have ACK (at simulation time 525.000,000,000 s)
2025-06-04 14:59:29,580 INFO  - Already have ACK (at simulation time 525.000,000,000 s)
2025-06-04 14:59:29,580 INFO  - Already have ACK (at simulation time 525.000,000,000 s)
2025-06-04 14:59:29,580 INFO  - Already have ACK (at simulation time 525.000,000,000 s)
2025-06-04 14:59:29,580 INFO  - Already have ACK (at simulation time 525.000,000,000 s)
2025-06-04 14:59:29,580 INFO  - Already have ACK (at simulation time 525.000,000,000 s)
2025-06-04 14:59:29,580 INFO  - Already have ACK (at simulation time 525.000,000,000 s)
2025-06-04 14:59:29,580 INFO  - Already have ACK (at simulation time 525.000,000,000 s)
2025-06-04 14:59:29,582 INFO  - Received ACK with origin at RSU from rsu_0 at 525001800000 (at simulation time 525.001,800,000 s)
2025-06-04 14:59:29,582 INFO  - Resent to veh_97 - GreenWaveMsg origin in veh_99 (at simulation time 525.001,900,000 s)
2025-06-04 14:59:29,583 INFO  - Already have ACK (at simulation time 526.000,000,000 s)
2025-06-04 14:59:29,583 INFO  - Already have ACK (at simulation time 526.000,000,000 s)
2025-06-04 14:59:29,583 INFO  - Already have ACK (at simulation time 526.000,000,000 s)
2025-06-04 14:59:29,583 INFO  - Already have ACK (at simulation time 526.000,000,000 s)
2025-06-04 14:59:29,583 INFO  - Already have ACK (at simulation time 526.000,000,000 s)
2025-06-04 14:59:29,583 INFO  - Already have ACK (at simulation time 526.000,000,000 s)
2025-06-04 14:59:29,583 INFO  - Already have ACK (at simulation time 526.000,000,000 s)
2025-06-04 14:59:29,583 INFO  - Already have ACK (at simulation time 526.000,000,000 s)
2025-06-04 14:59:29,583 INFO  - Already have ACK (at simulation time 526.000,000,000 s)
2025-06-04 14:59:29,583 INFO  - Already have ACK (at simulation time 526.000,000,000 s)
2025-06-04 14:59:29,583 INFO  - Already have ACK (at simulation time 526.000,000,000 s)
2025-06-04 14:59:29,584 INFO  - Already have ACK (at simulation time 526.000,000,000 s)
2025-06-04 14:59:29,584 INFO  - Already have ACK (at simulation time 526.000,000,000 s)
2025-06-04 14:59:29,584 INFO  - Already have ACK (at simulation time 526.000,000,000 s)
2025-06-04 14:59:29,584 INFO  - Already have ACK (at simulation time 526.000,000,000 s)
2025-06-04 14:59:29,584 INFO  - Already have ACK (at simulation time 526.000,000,000 s)
2025-06-04 14:59:29,584 INFO  - Already have ACK (at simulation time 526.000,000,000 s)
2025-06-04 14:59:29,584 INFO  - Already have ACK (at simulation time 526.000,000,000 s)
2025-06-04 14:59:29,584 INFO  - Already have ACK (at simulation time 526.000,000,000 s)
2025-06-04 14:59:29,584 INFO  - Already have ACK (at simulation time 526.000,000,000 s)
2025-06-04 14:59:29,584 INFO  - Already have ACK (at simulation time 526.000,000,000 s)
2025-06-04 14:59:29,584 INFO  - Already have ACK (at simulation time 526.000,000,000 s)
2025-06-04 14:59:29,584 INFO  - Already have ACK (at simulation time 526.000,000,000 s)
2025-06-04 14:59:29,584 INFO  - Already have ACK (at simulation time 526.000,000,000 s)
2025-06-04 14:59:29,584 INFO  - Already have ACK (at simulation time 526.000,000,000 s)
2025-06-04 14:59:29,584 INFO  - Already have ACK (at simulation time 526.000,000,000 s)
2025-06-04 14:59:29,584 INFO  - Already have ACK (at simulation time 526.000,000,000 s)
2025-06-04 14:59:29,584 INFO  - Already have ACK (at simulation time 526.000,000,000 s)
2025-06-04 14:59:29,584 INFO  - Already have ACK (at simulation time 526.000,000,000 s)
2025-06-04 14:59:29,585 INFO  - Already have ACK (at simulation time 526.000,000,000 s)
2025-06-04 14:59:29,585 INFO  - Already have ACK (at simulation time 526.000,000,000 s)
2025-06-04 14:59:29,585 INFO  - Already have ACK (at simulation time 526.000,000,000 s)
2025-06-04 14:59:29,585 INFO  - Already have ACK (at simulation time 526.000,000,000 s)
2025-06-04 14:59:29,585 INFO  - Already have ACK (at simulation time 526.000,000,000 s)
2025-06-04 14:59:29,585 INFO  - Already have ACK (at simulation time 526.000,000,000 s)
2025-06-04 14:59:29,585 INFO  - Already have ACK (at simulation time 526.000,000,000 s)
2025-06-04 14:59:29,585 INFO  - Already have ACK (at simulation time 526.000,000,000 s)
2025-06-04 14:59:29,587 INFO  - Already have ACK (at simulation time 527.000,000,000 s)
2025-06-04 14:59:29,587 INFO  - Already have ACK (at simulation time 527.000,000,000 s)
2025-06-04 14:59:29,587 INFO  - Already have ACK (at simulation time 527.000,000,000 s)
2025-06-04 14:59:29,588 INFO  - Already have ACK (at simulation time 527.000,000,000 s)
2025-06-04 14:59:29,588 INFO  - Already have ACK (at simulation time 527.000,000,000 s)
2025-06-04 14:59:29,588 INFO  - Already have ACK (at simulation time 527.000,000,000 s)
2025-06-04 14:59:29,588 INFO  - Already have ACK (at simulation time 527.000,000,000 s)
2025-06-04 14:59:29,588 INFO  - Already have ACK (at simulation time 527.000,000,000 s)
2025-06-04 14:59:29,588 INFO  - Already have ACK (at simulation time 527.000,000,000 s)
2025-06-04 14:59:29,588 INFO  - Already have ACK (at simulation time 527.000,000,000 s)
2025-06-04 14:59:29,588 INFO  - Already have ACK (at simulation time 527.000,000,000 s)
2025-06-04 14:59:29,588 INFO  - Already have ACK (at simulation time 527.000,000,000 s)
2025-06-04 14:59:29,588 INFO  - Already have ACK (at simulation time 527.000,000,000 s)
2025-06-04 14:59:29,588 INFO  - Already have ACK (at simulation time 527.000,000,000 s)
2025-06-04 14:59:29,588 INFO  - Already have ACK (at simulation time 527.000,000,000 s)
2025-06-04 14:59:29,588 INFO  - Already have ACK (at simulation time 527.000,000,000 s)
2025-06-04 14:59:29,589 INFO  - Already have ACK (at simulation time 527.000,000,000 s)
2025-06-04 14:59:29,589 INFO  - Already have ACK (at simulation time 527.000,000,000 s)
2025-06-04 14:59:29,589 INFO  - Already have ACK (at simulation time 527.000,000,000 s)
2025-06-04 14:59:29,589 INFO  - Already have ACK (at simulation time 527.000,000,000 s)
2025-06-04 14:59:29,589 INFO  - Already have ACK (at simulation time 527.000,000,000 s)
2025-06-04 14:59:29,589 INFO  - Already have ACK (at simulation time 527.000,000,000 s)
2025-06-04 14:59:29,589 INFO  - Already have ACK (at simulation time 527.000,000,000 s)
2025-06-04 14:59:29,589 INFO  - Already have ACK (at simulation time 527.000,000,000 s)
2025-06-04 14:59:29,589 INFO  - Already have ACK (at simulation time 527.000,000,000 s)
2025-06-04 14:59:29,589 INFO  - Already have ACK (at simulation time 527.000,000,000 s)
2025-06-04 14:59:29,589 INFO  - Already have ACK (at simulation time 527.000,000,000 s)
2025-06-04 14:59:29,589 INFO  - Already have ACK (at simulation time 527.000,000,000 s)
2025-06-04 14:59:29,589 INFO  - Already have ACK (at simulation time 527.000,000,000 s)
2025-06-04 14:59:29,590 INFO  - Already have ACK (at simulation time 527.000,000,000 s)
2025-06-04 14:59:29,590 INFO  - Already have ACK (at simulation time 527.000,000,000 s)
2025-06-04 14:59:29,590 INFO  - Already have ACK (at simulation time 527.000,000,000 s)
2025-06-04 14:59:29,590 INFO  - Already have ACK (at simulation time 527.000,000,000 s)
2025-06-04 14:59:29,590 INFO  - Already have ACK (at simulation time 527.000,000,000 s)
2025-06-04 14:59:29,590 INFO  - Already have ACK (at simulation time 527.000,000,000 s)
2025-06-04 14:59:29,590 INFO  - Already have ACK (at simulation time 527.000,000,000 s)
2025-06-04 14:59:29,590 INFO  - Already have ACK (at simulation time 527.000,000,000 s)
2025-06-04 14:59:29,590 INFO  - Already have ACK (at simulation time 527.000,000,000 s)
2025-06-04 14:59:29,653 INFO  - Already have ACK (at simulation time 528.000,000,000 s)
2025-06-04 14:59:29,653 INFO  - Already have ACK (at simulation time 528.000,000,000 s)
2025-06-04 14:59:29,653 INFO  - Already have ACK (at simulation time 528.000,000,000 s)
2025-06-04 14:59:29,653 INFO  - Already have ACK (at simulation time 528.000,000,000 s)
2025-06-04 14:59:29,653 INFO  - Already have ACK (at simulation time 528.000,000,000 s)
2025-06-04 14:59:29,653 INFO  - Already have ACK (at simulation time 528.000,000,000 s)
2025-06-04 14:59:29,653 INFO  - Already have ACK (at simulation time 528.000,000,000 s)
2025-06-04 14:59:29,653 INFO  - Already have ACK (at simulation time 528.000,000,000 s)
2025-06-04 14:59:29,653 INFO  - Already have ACK (at simulation time 528.000,000,000 s)
2025-06-04 14:59:29,653 INFO  - Already have ACK (at simulation time 528.000,000,000 s)
2025-06-04 14:59:29,653 INFO  - Already have ACK (at simulation time 528.000,000,000 s)
2025-06-04 14:59:29,653 INFO  - Already have ACK (at simulation time 528.000,000,000 s)
2025-06-04 14:59:29,653 INFO  - Already have ACK (at simulation time 528.000,000,000 s)
2025-06-04 14:59:29,653 INFO  - Already have ACK (at simulation time 528.000,000,000 s)
2025-06-04 14:59:29,654 INFO  - Already have ACK (at simulation time 528.000,000,000 s)
2025-06-04 14:59:29,654 INFO  - Already have ACK (at simulation time 528.000,000,000 s)
2025-06-04 14:59:29,654 INFO  - Already have ACK (at simulation time 528.000,000,000 s)
2025-06-04 14:59:29,654 INFO  - Already have ACK (at simulation time 528.000,000,000 s)
2025-06-04 14:59:29,654 INFO  - Already have ACK (at simulation time 528.000,000,000 s)
2025-06-04 14:59:29,654 INFO  - Already have ACK (at simulation time 528.000,000,000 s)
2025-06-04 14:59:29,654 INFO  - Already have ACK (at simulation time 528.000,000,000 s)
2025-06-04 14:59:29,654 INFO  - Already have ACK (at simulation time 528.000,000,000 s)
2025-06-04 14:59:29,654 INFO  - Already have ACK (at simulation time 528.000,000,000 s)
2025-06-04 14:59:29,654 INFO  - Already have ACK (at simulation time 528.000,000,000 s)
2025-06-04 14:59:29,654 INFO  - Already have ACK (at simulation time 528.000,000,000 s)
2025-06-04 14:59:29,654 INFO  - Already have ACK (at simulation time 528.000,000,000 s)
2025-06-04 14:59:29,654 INFO  - Already have ACK (at simulation time 528.000,000,000 s)
2025-06-04 14:59:29,654 INFO  - Already have ACK (at simulation time 528.000,000,000 s)
2025-06-04 14:59:29,654 INFO  - Already have ACK (at simulation time 528.000,000,000 s)
2025-06-04 14:59:29,654 INFO  - Already have ACK (at simulation time 528.000,000,000 s)
2025-06-04 14:59:29,654 INFO  - Already have ACK (at simulation time 528.000,000,000 s)
2025-06-04 14:59:29,654 INFO  - Already have ACK (at simulation time 528.000,000,000 s)
2025-06-04 14:59:29,654 INFO  - Already have ACK (at simulation time 528.000,000,000 s)
2025-06-04 14:59:29,654 INFO  - Already have ACK (at simulation time 528.000,000,000 s)
2025-06-04 14:59:29,654 INFO  - Already have ACK (at simulation time 528.000,000,000 s)
2025-06-04 14:59:29,654 INFO  - Already have ACK (at simulation time 528.000,000,000 s)
2025-06-04 14:59:29,654 INFO  - Already have ACK (at simulation time 528.000,000,000 s)
2025-06-04 14:59:29,655 INFO  - Already have ACK (at simulation time 528.000,000,000 s)
2025-06-04 14:59:29,655 INFO  - Already have ACK (at simulation time 528.000,000,000 s)
2025-06-04 14:59:29,657 INFO  - Already have ACK (at simulation time 529.000,000,000 s)
2025-06-04 14:59:29,657 INFO  - Already have ACK (at simulation time 529.000,000,000 s)
2025-06-04 14:59:29,657 INFO  - Already have ACK (at simulation time 529.000,000,000 s)
2025-06-04 14:59:29,657 INFO  - Already have ACK (at simulation time 529.000,000,000 s)
2025-06-04 14:59:29,657 INFO  - Already have ACK (at simulation time 529.000,000,000 s)
2025-06-04 14:59:29,657 INFO  - Already have ACK (at simulation time 529.000,000,000 s)
2025-06-04 14:59:29,657 INFO  - Already have ACK (at simulation time 529.000,000,000 s)
2025-06-04 14:59:29,657 INFO  - Already have ACK (at simulation time 529.000,000,000 s)
2025-06-04 14:59:29,657 INFO  - Already have ACK (at simulation time 529.000,000,000 s)
2025-06-04 14:59:29,657 INFO  - Already have ACK (at simulation time 529.000,000,000 s)
2025-06-04 14:59:29,657 INFO  - Already have ACK (at simulation time 529.000,000,000 s)
2025-06-04 14:59:29,657 INFO  - Already have ACK (at simulation time 529.000,000,000 s)
2025-06-04 14:59:29,657 INFO  - Already have ACK (at simulation time 529.000,000,000 s)
2025-06-04 14:59:29,658 INFO  - Already have ACK (at simulation time 529.000,000,000 s)
2025-06-04 14:59:29,658 INFO  - Already have ACK (at simulation time 529.000,000,000 s)
2025-06-04 14:59:29,658 INFO  - Already have ACK (at simulation time 529.000,000,000 s)
2025-06-04 14:59:29,658 INFO  - Already have ACK (at simulation time 529.000,000,000 s)
2025-06-04 14:59:29,658 INFO  - Already have ACK (at simulation time 529.000,000,000 s)
2025-06-04 14:59:29,658 INFO  - Already have ACK (at simulation time 529.000,000,000 s)
2025-06-04 14:59:29,658 INFO  - Already have ACK (at simulation time 529.000,000,000 s)
2025-06-04 14:59:29,658 INFO  - Already have ACK (at simulation time 529.000,000,000 s)
2025-06-04 14:59:29,658 INFO  - Already have ACK (at simulation time 529.000,000,000 s)
2025-06-04 14:59:29,658 INFO  - Already have ACK (at simulation time 529.000,000,000 s)
2025-06-04 14:59:29,658 INFO  - Already have ACK (at simulation time 529.000,000,000 s)
2025-06-04 14:59:29,658 INFO  - Already have ACK (at simulation time 529.000,000,000 s)
2025-06-04 14:59:29,658 INFO  - Already have ACK (at simulation time 529.000,000,000 s)
2025-06-04 14:59:29,658 INFO  - Already have ACK (at simulation time 529.000,000,000 s)
2025-06-04 14:59:29,658 INFO  - Already have ACK (at simulation time 529.000,000,000 s)
2025-06-04 14:59:29,658 INFO  - Already have ACK (at simulation time 529.000,000,000 s)
2025-06-04 14:59:29,658 INFO  - Already have ACK (at simulation time 529.000,000,000 s)
2025-06-04 14:59:29,658 INFO  - Already have ACK (at simulation time 529.000,000,000 s)
2025-06-04 14:59:29,658 INFO  - Already have ACK (at simulation time 529.000,000,000 s)
2025-06-04 14:59:29,658 INFO  - Already have ACK (at simulation time 529.000,000,000 s)
2025-06-04 14:59:29,658 INFO  - Already have ACK (at simulation time 529.000,000,000 s)
2025-06-04 14:59:29,658 INFO  - Already have ACK (at simulation time 529.000,000,000 s)
2025-06-04 14:59:29,659 INFO  - Already have ACK (at simulation time 529.000,000,000 s)
2025-06-04 14:59:29,659 INFO  - Already have ACK (at simulation time 529.000,000,000 s)
2025-06-04 14:59:29,659 INFO  - Already have ACK (at simulation time 529.000,000,000 s)
2025-06-04 14:59:29,659 INFO  - Already have ACK (at simulation time 529.000,000,000 s)
2025-06-04 14:59:29,659 INFO  - Already have ACK (at simulation time 529.000,000,000 s)
2025-06-04 14:59:29,661 INFO  - Sent periodic GreenWaveMsg: veh_95 on route r_1 (at simulation time 530.000,000,000 s)
2025-06-04 14:59:29,661 INFO  - Already have ACK (at simulation time 530.000,000,000 s)
2025-06-04 14:59:29,661 INFO  - Already have ACK (at simulation time 530.000,000,000 s)
2025-06-04 14:59:29,662 INFO  - Already have ACK (at simulation time 530.000,000,000 s)
2025-06-04 14:59:29,662 INFO  - Already have ACK (at simulation time 530.000,000,000 s)
2025-06-04 14:59:29,662 INFO  - Already have ACK (at simulation time 530.000,000,000 s)
2025-06-04 14:59:29,662 INFO  - Already have ACK (at simulation time 530.000,000,000 s)
2025-06-04 14:59:29,662 INFO  - Already have ACK (at simulation time 530.000,000,000 s)
2025-06-04 14:59:29,662 INFO  - Already have ACK (at simulation time 530.000,000,000 s)
2025-06-04 14:59:29,662 INFO  - Already have ACK (at simulation time 530.000,000,000 s)
2025-06-04 14:59:29,662 INFO  - Already have ACK (at simulation time 530.000,000,000 s)
2025-06-04 14:59:29,662 INFO  - Already have ACK (at simulation time 530.000,000,000 s)
2025-06-04 14:59:29,662 INFO  - Already have ACK (at simulation time 530.000,000,000 s)
2025-06-04 14:59:29,662 INFO  - Already have ACK (at simulation time 530.000,000,000 s)
2025-06-04 14:59:29,662 INFO  - Already have ACK (at simulation time 530.000,000,000 s)
2025-06-04 14:59:29,662 INFO  - Already have ACK (at simulation time 530.000,000,000 s)
2025-06-04 14:59:29,662 INFO  - Already have ACK (at simulation time 530.000,000,000 s)
2025-06-04 14:59:29,662 INFO  - Already have ACK (at simulation time 530.000,000,000 s)
2025-06-04 14:59:29,662 INFO  - Already have ACK (at simulation time 530.000,000,000 s)
2025-06-04 14:59:29,662 INFO  - Already have ACK (at simulation time 530.000,000,000 s)
2025-06-04 14:59:29,663 INFO  - Already have ACK (at simulation time 530.000,000,000 s)
2025-06-04 14:59:29,663 INFO  - Already have ACK (at simulation time 530.000,000,000 s)
2025-06-04 14:59:29,663 INFO  - Already have ACK (at simulation time 530.000,000,000 s)
2025-06-04 14:59:29,663 INFO  - Already have ACK (at simulation time 530.000,000,000 s)
2025-06-04 14:59:29,663 INFO  - Already have ACK (at simulation time 530.000,000,000 s)
2025-06-04 14:59:29,663 INFO  - Already have ACK (at simulation time 530.000,000,000 s)
2025-06-04 14:59:29,663 INFO  - Already have ACK (at simulation time 530.000,000,000 s)
2025-06-04 14:59:29,663 INFO  - Already have ACK (at simulation time 530.000,000,000 s)
2025-06-04 14:59:29,663 INFO  - Already have ACK (at simulation time 530.000,000,000 s)
2025-06-04 14:59:29,663 INFO  - Already have ACK (at simulation time 530.000,000,000 s)
2025-06-04 14:59:29,663 INFO  - Already have ACK (at simulation time 530.000,000,000 s)
2025-06-04 14:59:29,663 INFO  - Already have ACK (at simulation time 530.000,000,000 s)
2025-06-04 14:59:29,663 INFO  - Already have ACK (at simulation time 530.000,000,000 s)
2025-06-04 14:59:29,663 INFO  - Already have ACK (at simulation time 530.000,000,000 s)
2025-06-04 14:59:29,663 INFO  - Already have ACK (at simulation time 530.000,000,000 s)
2025-06-04 14:59:29,663 INFO  - Already have ACK (at simulation time 530.000,000,000 s)
2025-06-04 14:59:29,663 INFO  - Already have ACK (at simulation time 530.000,000,000 s)
2025-06-04 14:59:29,663 INFO  - Already have ACK (at simulation time 530.000,000,000 s)
2025-06-04 14:59:29,663 INFO  - Already have ACK (at simulation time 530.000,000,000 s)
2025-06-04 14:59:29,663 INFO  - Already have ACK (at simulation time 530.000,000,000 s)
2025-06-04 14:59:29,663 INFO  - Already have ACK (at simulation time 530.000,000,000 s)
2025-06-04 14:59:29,663 INFO  - Already have ACK (at simulation time 530.000,000,000 s)
2025-06-04 14:59:29,665 INFO  - Received ACK with origin at RSU from rsu_0 at 530003300000 (at simulation time 530.003,300,000 s)
2025-06-04 14:59:29,687 INFO  - Already have ACK (at simulation time 531.000,000,000 s)
2025-06-04 14:59:29,688 INFO  - Already have ACK (at simulation time 531.000,000,000 s)
2025-06-04 14:59:29,688 INFO  - Already have ACK (at simulation time 531.000,000,000 s)
2025-06-04 14:59:29,688 INFO  - Already have ACK (at simulation time 531.000,000,000 s)
2025-06-04 14:59:29,688 INFO  - Already have ACK (at simulation time 531.000,000,000 s)
2025-06-04 14:59:29,688 INFO  - Already have ACK (at simulation time 531.000,000,000 s)
2025-06-04 14:59:29,688 INFO  - Already have ACK (at simulation time 531.000,000,000 s)
2025-06-04 14:59:29,688 INFO  - Already have ACK (at simulation time 531.000,000,000 s)
2025-06-04 14:59:29,688 INFO  - Already have ACK (at simulation time 531.000,000,000 s)
2025-06-04 14:59:29,688 INFO  - Already have ACK (at simulation time 531.000,000,000 s)
2025-06-04 14:59:29,688 INFO  - Already have ACK (at simulation time 531.000,000,000 s)
2025-06-04 14:59:29,688 INFO  - Already have ACK (at simulation time 531.000,000,000 s)
2025-06-04 14:59:29,688 INFO  - Already have ACK (at simulation time 531.000,000,000 s)
2025-06-04 14:59:29,688 INFO  - Already have ACK (at simulation time 531.000,000,000 s)
2025-06-04 14:59:29,688 INFO  - Already have ACK (at simulation time 531.000,000,000 s)
2025-06-04 14:59:29,689 INFO  - Already have ACK (at simulation time 531.000,000,000 s)
2025-06-04 14:59:29,689 INFO  - Already have ACK (at simulation time 531.000,000,000 s)
2025-06-04 14:59:29,689 INFO  - Already have ACK (at simulation time 531.000,000,000 s)
2025-06-04 14:59:29,689 INFO  - Already have ACK (at simulation time 531.000,000,000 s)
2025-06-04 14:59:29,689 INFO  - Already have ACK (at simulation time 531.000,000,000 s)
2025-06-04 14:59:29,689 INFO  - Already have ACK (at simulation time 531.000,000,000 s)
2025-06-04 14:59:29,689 INFO  - Already have ACK (at simulation time 531.000,000,000 s)
2025-06-04 14:59:29,689 INFO  - Already have ACK (at simulation time 531.000,000,000 s)
2025-06-04 14:59:29,689 INFO  - Already have ACK (at simulation time 531.000,000,000 s)
2025-06-04 14:59:29,689 INFO  - Already have ACK (at simulation time 531.000,000,000 s)
2025-06-04 14:59:29,689 INFO  - Already have ACK (at simulation time 531.000,000,000 s)
2025-06-04 14:59:29,689 INFO  - Already have ACK (at simulation time 531.000,000,000 s)
2025-06-04 14:59:29,689 INFO  - Already have ACK (at simulation time 531.000,000,000 s)
2025-06-04 14:59:29,689 INFO  - Already have ACK (at simulation time 531.000,000,000 s)
2025-06-04 14:59:29,690 INFO  - Already have ACK (at simulation time 531.000,000,000 s)
2025-06-04 14:59:29,690 INFO  - Already have ACK (at simulation time 531.000,000,000 s)
2025-06-04 14:59:29,690 INFO  - Already have ACK (at simulation time 531.000,000,000 s)
2025-06-04 14:59:29,690 INFO  - Already have ACK (at simulation time 531.000,000,000 s)
2025-06-04 14:59:29,690 INFO  - Already have ACK (at simulation time 531.000,000,000 s)
2025-06-04 14:59:29,690 INFO  - Already have ACK (at simulation time 531.000,000,000 s)
2025-06-04 14:59:29,690 INFO  - Already have ACK (at simulation time 531.000,000,000 s)
2025-06-04 14:59:29,690 INFO  - Already have ACK (at simulation time 531.000,000,000 s)
2025-06-04 14:59:29,690 INFO  - Already have ACK (at simulation time 531.000,000,000 s)
2025-06-04 14:59:29,690 INFO  - Already have ACK (at simulation time 531.000,000,000 s)
2025-06-04 14:59:29,690 INFO  - Already have ACK (at simulation time 531.000,000,000 s)
2025-06-04 14:59:29,690 INFO  - Already have ACK (at simulation time 531.000,000,000 s)
2025-06-04 14:59:29,690 INFO  - Already have ACK (at simulation time 531.000,000,000 s)
2025-06-04 14:59:29,693 INFO  - Already have ACK (at simulation time 532.000,000,000 s)
2025-06-04 14:59:29,693 INFO  - Already have ACK (at simulation time 532.000,000,000 s)
2025-06-04 14:59:29,693 INFO  - Already have ACK (at simulation time 532.000,000,000 s)
2025-06-04 14:59:29,693 INFO  - Already have ACK (at simulation time 532.000,000,000 s)
2025-06-04 14:59:29,694 INFO  - Already have ACK (at simulation time 532.000,000,000 s)
2025-06-04 14:59:29,694 INFO  - Already have ACK (at simulation time 532.000,000,000 s)
2025-06-04 14:59:29,694 INFO  - Already have ACK (at simulation time 532.000,000,000 s)
2025-06-04 14:59:29,694 INFO  - Already have ACK (at simulation time 532.000,000,000 s)
2025-06-04 14:59:29,694 INFO  - Already have ACK (at simulation time 532.000,000,000 s)
2025-06-04 14:59:29,694 INFO  - Already have ACK (at simulation time 532.000,000,000 s)
2025-06-04 14:59:29,694 INFO  - Already have ACK (at simulation time 532.000,000,000 s)
2025-06-04 14:59:29,694 INFO  - Already have ACK (at simulation time 532.000,000,000 s)
2025-06-04 14:59:29,694 INFO  - Already have ACK (at simulation time 532.000,000,000 s)
2025-06-04 14:59:29,694 INFO  - Already have ACK (at simulation time 532.000,000,000 s)
2025-06-04 14:59:29,694 INFO  - Already have ACK (at simulation time 532.000,000,000 s)
2025-06-04 14:59:29,695 INFO  - Already have ACK (at simulation time 532.000,000,000 s)
2025-06-04 14:59:29,695 INFO  - Already have ACK (at simulation time 532.000,000,000 s)
2025-06-04 14:59:29,695 INFO  - Already have ACK (at simulation time 532.000,000,000 s)
2025-06-04 14:59:29,695 INFO  - Already have ACK (at simulation time 532.000,000,000 s)
2025-06-04 14:59:29,695 INFO  - Already have ACK (at simulation time 532.000,000,000 s)
2025-06-04 14:59:29,695 INFO  - Already have ACK (at simulation time 532.000,000,000 s)
2025-06-04 14:59:29,695 INFO  - Already have ACK (at simulation time 532.000,000,000 s)
2025-06-04 14:59:29,695 INFO  - Already have ACK (at simulation time 532.000,000,000 s)
2025-06-04 14:59:29,695 INFO  - Already have ACK (at simulation time 532.000,000,000 s)
2025-06-04 14:59:29,695 INFO  - Already have ACK (at simulation time 532.000,000,000 s)
2025-06-04 14:59:29,695 INFO  - Already have ACK (at simulation time 532.000,000,000 s)
2025-06-04 14:59:29,695 INFO  - Already have ACK (at simulation time 532.000,000,000 s)
2025-06-04 14:59:29,695 INFO  - Already have ACK (at simulation time 532.000,000,000 s)
2025-06-04 14:59:29,695 INFO  - Already have ACK (at simulation time 532.000,000,000 s)
2025-06-04 14:59:29,695 INFO  - Already have ACK (at simulation time 532.000,000,000 s)
2025-06-04 14:59:29,696 INFO  - Already have ACK (at simulation time 532.000,000,000 s)
2025-06-04 14:59:29,696 INFO  - Already have ACK (at simulation time 532.000,000,000 s)
2025-06-04 14:59:29,696 INFO  - Already have ACK (at simulation time 532.000,000,000 s)
2025-06-04 14:59:29,696 INFO  - Already have ACK (at simulation time 532.000,000,000 s)
2025-06-04 14:59:29,696 INFO  - Already have ACK (at simulation time 532.000,000,000 s)
2025-06-04 14:59:29,696 INFO  - Already have ACK (at simulation time 532.000,000,000 s)
2025-06-04 14:59:29,696 INFO  - Already have ACK (at simulation time 532.000,000,000 s)
2025-06-04 14:59:29,696 INFO  - Already have ACK (at simulation time 532.000,000,000 s)
2025-06-04 14:59:29,696 INFO  - Already have ACK (at simulation time 532.000,000,000 s)
2025-06-04 14:59:29,696 INFO  - Already have ACK (at simulation time 532.000,000,000 s)
2025-06-04 14:59:29,696 INFO  - Already have ACK (at simulation time 532.000,000,000 s)
2025-06-04 14:59:29,696 INFO  - Already have ACK (at simulation time 532.000,000,000 s)
2025-06-04 14:59:29,696 INFO  - Already have ACK (at simulation time 532.000,000,000 s)
2025-06-04 14:59:29,699 INFO  - Already have ACK (at simulation time 533.000,000,000 s)
2025-06-04 14:59:29,699 INFO  - Already have ACK (at simulation time 533.000,000,000 s)
2025-06-04 14:59:29,699 INFO  - Already have ACK (at simulation time 533.000,000,000 s)
2025-06-04 14:59:29,699 INFO  - Already have ACK (at simulation time 533.000,000,000 s)
2025-06-04 14:59:29,699 INFO  - Already have ACK (at simulation time 533.000,000,000 s)
2025-06-04 14:59:29,699 INFO  - Already have ACK (at simulation time 533.000,000,000 s)
2025-06-04 14:59:29,700 INFO  - Already have ACK (at simulation time 533.000,000,000 s)
2025-06-04 14:59:29,700 INFO  - Already have ACK (at simulation time 533.000,000,000 s)
2025-06-04 14:59:29,700 INFO  - Already have ACK (at simulation time 533.000,000,000 s)
2025-06-04 14:59:29,700 INFO  - Already have ACK (at simulation time 533.000,000,000 s)
2025-06-04 14:59:29,700 INFO  - Already have ACK (at simulation time 533.000,000,000 s)
2025-06-04 14:59:29,700 INFO  - Already have ACK (at simulation time 533.000,000,000 s)
2025-06-04 14:59:29,700 INFO  - Already have ACK (at simulation time 533.000,000,000 s)
2025-06-04 14:59:29,700 INFO  - Already have ACK (at simulation time 533.000,000,000 s)
2025-06-04 14:59:29,700 INFO  - Already have ACK (at simulation time 533.000,000,000 s)
2025-06-04 14:59:29,700 INFO  - Already have ACK (at simulation time 533.000,000,000 s)
2025-06-04 14:59:29,700 INFO  - Already have ACK (at simulation time 533.000,000,000 s)
2025-06-04 14:59:29,701 INFO  - Already have ACK (at simulation time 533.000,000,000 s)
2025-06-04 14:59:29,701 INFO  - Already have ACK (at simulation time 533.000,000,000 s)
2025-06-04 14:59:29,701 INFO  - Already have ACK (at simulation time 533.000,000,000 s)
2025-06-04 14:59:29,701 INFO  - Already have ACK (at simulation time 533.000,000,000 s)
2025-06-04 14:59:29,701 INFO  - Already have ACK (at simulation time 533.000,000,000 s)
2025-06-04 14:59:29,701 INFO  - Already have ACK (at simulation time 533.000,000,000 s)
2025-06-04 14:59:29,701 INFO  - Already have ACK (at simulation time 533.000,000,000 s)
2025-06-04 14:59:29,701 INFO  - Already have ACK (at simulation time 533.000,000,000 s)
2025-06-04 14:59:29,701 INFO  - Already have ACK (at simulation time 533.000,000,000 s)
2025-06-04 14:59:29,701 INFO  - Already have ACK (at simulation time 533.000,000,000 s)
2025-06-04 14:59:29,701 INFO  - Already have ACK (at simulation time 533.000,000,000 s)
2025-06-04 14:59:29,701 INFO  - Already have ACK (at simulation time 533.000,000,000 s)
2025-06-04 14:59:29,701 INFO  - Already have ACK (at simulation time 533.000,000,000 s)
2025-06-04 14:59:29,702 INFO  - Already have ACK (at simulation time 533.000,000,000 s)
2025-06-04 14:59:29,702 INFO  - Already have ACK (at simulation time 533.000,000,000 s)
2025-06-04 14:59:29,702 INFO  - Already have ACK (at simulation time 533.000,000,000 s)
2025-06-04 14:59:29,702 INFO  - Already have ACK (at simulation time 533.000,000,000 s)
2025-06-04 14:59:29,702 INFO  - Already have ACK (at simulation time 533.000,000,000 s)
2025-06-04 14:59:29,702 INFO  - Already have ACK (at simulation time 533.000,000,000 s)
2025-06-04 14:59:29,702 INFO  - Already have ACK (at simulation time 533.000,000,000 s)
2025-06-04 14:59:29,702 INFO  - Already have ACK (at simulation time 533.000,000,000 s)
2025-06-04 14:59:29,702 INFO  - Already have ACK (at simulation time 533.000,000,000 s)
2025-06-04 14:59:29,702 INFO  - Already have ACK (at simulation time 533.000,000,000 s)
2025-06-04 14:59:29,702 INFO  - Already have ACK (at simulation time 533.000,000,000 s)
2025-06-04 14:59:29,702 INFO  - Already have ACK (at simulation time 533.000,000,000 s)
2025-06-04 14:59:29,702 INFO  - Already have ACK (at simulation time 533.000,000,000 s)
2025-06-04 14:59:29,702 INFO  - Already have ACK (at simulation time 533.000,000,000 s)
2025-06-04 14:59:29,705 INFO  - Already have ACK (at simulation time 534.000,000,000 s)
2025-06-04 14:59:29,705 INFO  - Already have ACK (at simulation time 534.000,000,000 s)
2025-06-04 14:59:29,705 INFO  - Already have ACK (at simulation time 534.000,000,000 s)
2025-06-04 14:59:29,705 INFO  - Already have ACK (at simulation time 534.000,000,000 s)
2025-06-04 14:59:29,706 INFO  - Already have ACK (at simulation time 534.000,000,000 s)
2025-06-04 14:59:29,706 INFO  - Already have ACK (at simulation time 534.000,000,000 s)
2025-06-04 14:59:29,706 INFO  - Already have ACK (at simulation time 534.000,000,000 s)
2025-06-04 14:59:29,706 INFO  - Already have ACK (at simulation time 534.000,000,000 s)
2025-06-04 14:59:29,706 INFO  - Already have ACK (at simulation time 534.000,000,000 s)
2025-06-04 14:59:29,706 INFO  - Already have ACK (at simulation time 534.000,000,000 s)
2025-06-04 14:59:29,706 INFO  - Already have ACK (at simulation time 534.000,000,000 s)
2025-06-04 14:59:29,706 INFO  - Already have ACK (at simulation time 534.000,000,000 s)
2025-06-04 14:59:29,706 INFO  - Already have ACK (at simulation time 534.000,000,000 s)
2025-06-04 14:59:29,706 INFO  - Already have ACK (at simulation time 534.000,000,000 s)
2025-06-04 14:59:29,707 INFO  - Already have ACK (at simulation time 534.000,000,000 s)
2025-06-04 14:59:29,707 INFO  - Already have ACK (at simulation time 534.000,000,000 s)
2025-06-04 14:59:29,707 INFO  - Already have ACK (at simulation time 534.000,000,000 s)
2025-06-04 14:59:29,707 INFO  - Already have ACK (at simulation time 534.000,000,000 s)
2025-06-04 14:59:29,707 INFO  - Already have ACK (at simulation time 534.000,000,000 s)
2025-06-04 14:59:29,707 INFO  - Already have ACK (at simulation time 534.000,000,000 s)
2025-06-04 14:59:29,707 INFO  - Already have ACK (at simulation time 534.000,000,000 s)
2025-06-04 14:59:29,707 INFO  - Already have ACK (at simulation time 534.000,000,000 s)
2025-06-04 14:59:29,707 INFO  - Already have ACK (at simulation time 534.000,000,000 s)
2025-06-04 14:59:29,707 INFO  - Already have ACK (at simulation time 534.000,000,000 s)
2025-06-04 14:59:29,707 INFO  - Already have ACK (at simulation time 534.000,000,000 s)
2025-06-04 14:59:29,708 INFO  - Already have ACK (at simulation time 534.000,000,000 s)
2025-06-04 14:59:29,708 INFO  - Already have ACK (at simulation time 534.000,000,000 s)
2025-06-04 14:59:29,708 INFO  - Already have ACK (at simulation time 534.000,000,000 s)
2025-06-04 14:59:29,708 INFO  - Already have ACK (at simulation time 534.000,000,000 s)
2025-06-04 14:59:29,708 INFO  - Already have ACK (at simulation time 534.000,000,000 s)
2025-06-04 14:59:29,708 INFO  - Already have ACK (at simulation time 534.000,000,000 s)
2025-06-04 14:59:29,708 INFO  - Already have ACK (at simulation time 534.000,000,000 s)
2025-06-04 14:59:29,708 INFO  - Already have ACK (at simulation time 534.000,000,000 s)
2025-06-04 14:59:29,708 INFO  - Already have ACK (at simulation time 534.000,000,000 s)
2025-06-04 14:59:29,708 INFO  - Already have ACK (at simulation time 534.000,000,000 s)
2025-06-04 14:59:29,708 INFO  - Already have ACK (at simulation time 534.000,000,000 s)
2025-06-04 14:59:29,708 INFO  - Already have ACK (at simulation time 534.000,000,000 s)
2025-06-04 14:59:29,708 INFO  - Already have ACK (at simulation time 534.000,000,000 s)
2025-06-04 14:59:29,708 INFO  - Already have ACK (at simulation time 534.000,000,000 s)
2025-06-04 14:59:29,708 INFO  - Already have ACK (at simulation time 534.000,000,000 s)
2025-06-04 14:59:29,708 INFO  - Already have ACK (at simulation time 534.000,000,000 s)
2025-06-04 14:59:29,708 INFO  - Already have ACK (at simulation time 534.000,000,000 s)
2025-06-04 14:59:29,708 INFO  - Already have ACK (at simulation time 534.000,000,000 s)
2025-06-04 14:59:29,708 INFO  - Already have ACK (at simulation time 534.000,000,000 s)
2025-06-04 14:59:29,708 INFO  - Already have ACK (at simulation time 534.000,000,000 s)
2025-06-04 14:59:29,712 INFO  - Sent periodic GreenWaveMsg: veh_95 on route r_1 (at simulation time 535.000,000,000 s)
2025-06-04 14:59:29,712 INFO  - Already have ACK (at simulation time 535.000,000,000 s)
2025-06-04 14:59:29,712 INFO  - Already have ACK (at simulation time 535.000,000,000 s)
2025-06-04 14:59:29,712 INFO  - Already have ACK (at simulation time 535.000,000,000 s)
2025-06-04 14:59:29,712 INFO  - Already have ACK (at simulation time 535.000,000,000 s)
2025-06-04 14:59:29,712 INFO  - Already have ACK (at simulation time 535.000,000,000 s)
2025-06-04 14:59:29,712 INFO  - Already have ACK (at simulation time 535.000,000,000 s)
2025-06-04 14:59:29,712 INFO  - Already have ACK (at simulation time 535.000,000,000 s)
2025-06-04 14:59:29,712 INFO  - Already have ACK (at simulation time 535.000,000,000 s)
2025-06-04 14:59:29,713 INFO  - Already have ACK (at simulation time 535.000,000,000 s)
2025-06-04 14:59:29,713 INFO  - Already have ACK (at simulation time 535.000,000,000 s)
2025-06-04 14:59:29,713 INFO  - Already have ACK (at simulation time 535.000,000,000 s)
2025-06-04 14:59:29,713 INFO  - Already have ACK (at simulation time 535.000,000,000 s)
2025-06-04 14:59:29,713 INFO  - Already have ACK (at simulation time 535.000,000,000 s)
2025-06-04 14:59:29,713 INFO  - Already have ACK (at simulation time 535.000,000,000 s)
2025-06-04 14:59:29,713 INFO  - Already have ACK (at simulation time 535.000,000,000 s)
2025-06-04 14:59:29,713 INFO  - Already have ACK (at simulation time 535.000,000,000 s)
2025-06-04 14:59:29,713 INFO  - Already have ACK (at simulation time 535.000,000,000 s)
2025-06-04 14:59:29,713 INFO  - Already have ACK (at simulation time 535.000,000,000 s)
2025-06-04 14:59:29,713 INFO  - Already have ACK (at simulation time 535.000,000,000 s)
2025-06-04 14:59:29,713 INFO  - Already have ACK (at simulation time 535.000,000,000 s)
2025-06-04 14:59:29,713 INFO  - Already have ACK (at simulation time 535.000,000,000 s)
2025-06-04 14:59:29,713 INFO  - Already have ACK (at simulation time 535.000,000,000 s)
2025-06-04 14:59:29,713 INFO  - Already have ACK (at simulation time 535.000,000,000 s)
2025-06-04 14:59:29,713 INFO  - Already have ACK (at simulation time 535.000,000,000 s)
2025-06-04 14:59:29,713 INFO  - Already have ACK (at simulation time 535.000,000,000 s)
2025-06-04 14:59:29,714 INFO  - Already have ACK (at simulation time 535.000,000,000 s)
2025-06-04 14:59:29,714 INFO  - Already have ACK (at simulation time 535.000,000,000 s)
2025-06-04 14:59:29,714 INFO  - Already have ACK (at simulation time 535.000,000,000 s)
2025-06-04 14:59:29,714 INFO  - Already have ACK (at simulation time 535.000,000,000 s)
2025-06-04 14:59:29,714 INFO  - Already have ACK (at simulation time 535.000,000,000 s)
2025-06-04 14:59:29,714 INFO  - Already have ACK (at simulation time 535.000,000,000 s)
2025-06-04 14:59:29,714 INFO  - Already have ACK (at simulation time 535.000,000,000 s)
2025-06-04 14:59:29,714 INFO  - Already have ACK (at simulation time 535.000,000,000 s)
2025-06-04 14:59:29,714 INFO  - Already have ACK (at simulation time 535.000,000,000 s)
2025-06-04 14:59:29,714 INFO  - Already have ACK (at simulation time 535.000,000,000 s)
2025-06-04 14:59:29,714 INFO  - Already have ACK (at simulation time 535.000,000,000 s)
2025-06-04 14:59:29,714 INFO  - Already have ACK (at simulation time 535.000,000,000 s)
2025-06-04 14:59:29,714 INFO  - Already have ACK (at simulation time 535.000,000,000 s)
2025-06-04 14:59:29,714 INFO  - Already have ACK (at simulation time 535.000,000,000 s)
2025-06-04 14:59:29,714 INFO  - Already have ACK (at simulation time 535.000,000,000 s)
2025-06-04 14:59:29,714 INFO  - Already have ACK (at simulation time 535.000,000,000 s)
2025-06-04 14:59:29,714 INFO  - Already have ACK (at simulation time 535.000,000,000 s)
2025-06-04 14:59:29,714 INFO  - Already have ACK (at simulation time 535.000,000,000 s)
2025-06-04 14:59:29,714 INFO  - Already have ACK (at simulation time 535.000,000,000 s)
2025-06-04 14:59:29,714 INFO  - Already have ACK (at simulation time 535.000,000,000 s)
2025-06-04 14:59:29,714 INFO  - Already have ACK (at simulation time 535.000,000,000 s)
2025-06-04 14:59:29,716 INFO  - Received ACK with origin at RSU from rsu_0 at 535004300000 (at simulation time 535.004,300,000 s)
2025-06-04 14:59:29,716 INFO  - Already have ACK (at simulation time 536.000,000,000 s)
2025-06-04 14:59:29,717 INFO  - Already have ACK (at simulation time 536.000,000,000 s)
2025-06-04 14:59:29,717 INFO  - Already have ACK (at simulation time 536.000,000,000 s)
2025-06-04 14:59:29,717 INFO  - Already have ACK (at simulation time 536.000,000,000 s)
2025-06-04 14:59:29,717 INFO  - Already have ACK (at simulation time 536.000,000,000 s)
2025-06-04 14:59:29,717 INFO  - Already have ACK (at simulation time 536.000,000,000 s)
2025-06-04 14:59:29,717 INFO  - Already have ACK (at simulation time 536.000,000,000 s)
2025-06-04 14:59:29,717 INFO  - Already have ACK (at simulation time 536.000,000,000 s)
2025-06-04 14:59:29,717 INFO  - Already have ACK (at simulation time 536.000,000,000 s)
2025-06-04 14:59:29,717 INFO  - Already have ACK (at simulation time 536.000,000,000 s)
2025-06-04 14:59:29,717 INFO  - Already have ACK (at simulation time 536.000,000,000 s)
2025-06-04 14:59:29,717 INFO  - Already have ACK (at simulation time 536.000,000,000 s)
2025-06-04 14:59:29,717 INFO  - Already have ACK (at simulation time 536.000,000,000 s)
2025-06-04 14:59:29,717 INFO  - Already have ACK (at simulation time 536.000,000,000 s)
2025-06-04 14:59:29,717 INFO  - Already have ACK (at simulation time 536.000,000,000 s)
2025-06-04 14:59:29,717 INFO  - Already have ACK (at simulation time 536.000,000,000 s)
2025-06-04 14:59:29,717 INFO  - Already have ACK (at simulation time 536.000,000,000 s)
2025-06-04 14:59:29,718 INFO  - Already have ACK (at simulation time 536.000,000,000 s)
2025-06-04 14:59:29,718 INFO  - Already have ACK (at simulation time 536.000,000,000 s)
2025-06-04 14:59:29,718 INFO  - Already have ACK (at simulation time 536.000,000,000 s)
2025-06-04 14:59:29,718 INFO  - Already have ACK (at simulation time 536.000,000,000 s)
2025-06-04 14:59:29,718 INFO  - Already have ACK (at simulation time 536.000,000,000 s)
2025-06-04 14:59:29,718 INFO  - Already have ACK (at simulation time 536.000,000,000 s)
2025-06-04 14:59:29,718 INFO  - Already have ACK (at simulation time 536.000,000,000 s)
2025-06-04 14:59:29,718 INFO  - Already have ACK (at simulation time 536.000,000,000 s)
2025-06-04 14:59:29,718 INFO  - Already have ACK (at simulation time 536.000,000,000 s)
2025-06-04 14:59:29,718 INFO  - Already have ACK (at simulation time 536.000,000,000 s)
2025-06-04 14:59:29,718 INFO  - Already have ACK (at simulation time 536.000,000,000 s)
2025-06-04 14:59:29,718 INFO  - Already have ACK (at simulation time 536.000,000,000 s)
2025-06-04 14:59:29,718 INFO  - Already have ACK (at simulation time 536.000,000,000 s)
2025-06-04 14:59:29,718 INFO  - Already have ACK (at simulation time 536.000,000,000 s)
2025-06-04 14:59:29,718 INFO  - Already have ACK (at simulation time 536.000,000,000 s)
2025-06-04 14:59:29,718 INFO  - Already have ACK (at simulation time 536.000,000,000 s)
2025-06-04 14:59:29,718 INFO  - Already have ACK (at simulation time 536.000,000,000 s)
2025-06-04 14:59:29,718 INFO  - Already have ACK (at simulation time 536.000,000,000 s)
2025-06-04 14:59:29,718 INFO  - Already have ACK (at simulation time 536.000,000,000 s)
2025-06-04 14:59:29,719 INFO  - Already have ACK (at simulation time 536.000,000,000 s)
2025-06-04 14:59:29,719 INFO  - Already have ACK (at simulation time 536.000,000,000 s)
2025-06-04 14:59:29,719 INFO  - Already have ACK (at simulation time 536.000,000,000 s)
2025-06-04 14:59:29,719 INFO  - Already have ACK (at simulation time 536.000,000,000 s)
2025-06-04 14:59:29,719 INFO  - Already have ACK (at simulation time 536.000,000,000 s)
2025-06-04 14:59:29,719 INFO  - Already have ACK (at simulation time 536.000,000,000 s)
2025-06-04 14:59:29,719 INFO  - Already have ACK (at simulation time 536.000,000,000 s)
2025-06-04 14:59:29,719 INFO  - Already have ACK (at simulation time 536.000,000,000 s)
2025-06-04 14:59:29,719 INFO  - Already have ACK (at simulation time 536.000,000,000 s)
2025-06-04 14:59:29,719 INFO  - Already have ACK (at simulation time 536.000,000,000 s)
2025-06-04 14:59:29,719 INFO  - Already have ACK (at simulation time 536.000,000,000 s)
2025-06-04 14:59:29,720 INFO  - Resent to veh_86 - GreenWaveMsg origin in veh_101 (at simulation time 536.002,400,000 s)
2025-06-04 14:59:29,721 INFO  - Already have ACK (at simulation time 537.000,000,000 s)
2025-06-04 14:59:29,721 INFO  - Already have ACK (at simulation time 537.000,000,000 s)
2025-06-04 14:59:29,721 INFO  - Already have ACK (at simulation time 537.000,000,000 s)
2025-06-04 14:59:29,721 INFO  - Already have ACK (at simulation time 537.000,000,000 s)
2025-06-04 14:59:29,721 INFO  - Already have ACK (at simulation time 537.000,000,000 s)
2025-06-04 14:59:29,721 INFO  - Already have ACK (at simulation time 537.000,000,000 s)
2025-06-04 14:59:29,721 INFO  - Already have ACK (at simulation time 537.000,000,000 s)
2025-06-04 14:59:29,721 INFO  - Already have ACK (at simulation time 537.000,000,000 s)
2025-06-04 14:59:29,721 INFO  - Already have ACK (at simulation time 537.000,000,000 s)
2025-06-04 14:59:29,722 INFO  - Already have ACK (at simulation time 537.000,000,000 s)
2025-06-04 14:59:29,722 INFO  - Already have ACK (at simulation time 537.000,000,000 s)
2025-06-04 14:59:29,722 INFO  - Already have ACK (at simulation time 537.000,000,000 s)
2025-06-04 14:59:29,722 INFO  - Already have ACK (at simulation time 537.000,000,000 s)
2025-06-04 14:59:29,722 INFO  - Already have ACK (at simulation time 537.000,000,000 s)
2025-06-04 14:59:29,722 INFO  - Already have ACK (at simulation time 537.000,000,000 s)
2025-06-04 14:59:29,722 INFO  - Already have ACK (at simulation time 537.000,000,000 s)
2025-06-04 14:59:29,722 INFO  - Already have ACK (at simulation time 537.000,000,000 s)
2025-06-04 14:59:29,722 INFO  - Already have ACK (at simulation time 537.000,000,000 s)
2025-06-04 14:59:29,722 INFO  - Already have ACK (at simulation time 537.000,000,000 s)
2025-06-04 14:59:29,722 INFO  - Already have ACK (at simulation time 537.000,000,000 s)
2025-06-04 14:59:29,722 INFO  - Already have ACK (at simulation time 537.000,000,000 s)
2025-06-04 14:59:29,722 INFO  - Already have ACK (at simulation time 537.000,000,000 s)
2025-06-04 14:59:29,722 INFO  - Already have ACK (at simulation time 537.000,000,000 s)
2025-06-04 14:59:29,722 INFO  - Already have ACK (at simulation time 537.000,000,000 s)
2025-06-04 14:59:29,722 INFO  - Already have ACK (at simulation time 537.000,000,000 s)
2025-06-04 14:59:29,723 INFO  - Already have ACK (at simulation time 537.000,000,000 s)
2025-06-04 14:59:29,723 INFO  - Already have ACK (at simulation time 537.000,000,000 s)
2025-06-04 14:59:29,723 INFO  - Already have ACK (at simulation time 537.000,000,000 s)
2025-06-04 14:59:29,723 INFO  - Already have ACK (at simulation time 537.000,000,000 s)
2025-06-04 14:59:29,723 INFO  - Already have ACK (at simulation time 537.000,000,000 s)
2025-06-04 14:59:29,723 INFO  - Already have ACK (at simulation time 537.000,000,000 s)
2025-06-04 14:59:29,723 INFO  - Already have ACK (at simulation time 537.000,000,000 s)
2025-06-04 14:59:29,723 INFO  - Already have ACK (at simulation time 537.000,000,000 s)
2025-06-04 14:59:29,723 INFO  - Already have ACK (at simulation time 537.000,000,000 s)
2025-06-04 14:59:29,723 INFO  - Already have ACK (at simulation time 537.000,000,000 s)
2025-06-04 14:59:29,723 INFO  - Already have ACK (at simulation time 537.000,000,000 s)
2025-06-04 14:59:29,723 INFO  - Already have ACK (at simulation time 537.000,000,000 s)
2025-06-04 14:59:29,723 INFO  - Already have ACK (at simulation time 537.000,000,000 s)
2025-06-04 14:59:29,723 INFO  - Already have ACK (at simulation time 537.000,000,000 s)
2025-06-04 14:59:29,723 INFO  - Already have ACK (at simulation time 537.000,000,000 s)
2025-06-04 14:59:29,723 INFO  - Already have ACK (at simulation time 537.000,000,000 s)
2025-06-04 14:59:29,723 INFO  - Already have ACK (at simulation time 537.000,000,000 s)
2025-06-04 14:59:29,723 INFO  - Already have ACK (at simulation time 537.000,000,000 s)
2025-06-04 14:59:29,723 INFO  - Already have ACK (at simulation time 537.000,000,000 s)
2025-06-04 14:59:29,723 INFO  - Already have ACK (at simulation time 537.000,000,000 s)
2025-06-04 14:59:29,723 INFO  - Already have ACK (at simulation time 537.000,000,000 s)
2025-06-04 14:59:29,723 INFO  - Already have ACK (at simulation time 537.000,000,000 s)
2025-06-04 14:59:29,723 INFO  - Already have ACK (at simulation time 537.000,000,000 s)
2025-06-04 14:59:29,725 INFO  - Already have ACK (at simulation time 538.000,000,000 s)
2025-06-04 14:59:29,725 INFO  - Already have ACK (at simulation time 538.000,000,000 s)
2025-06-04 14:59:29,726 INFO  - Already have ACK (at simulation time 538.000,000,000 s)
2025-06-04 14:59:29,726 INFO  - Already have ACK (at simulation time 538.000,000,000 s)
2025-06-04 14:59:29,726 INFO  - Already have ACK (at simulation time 538.000,000,000 s)
2025-06-04 14:59:29,726 INFO  - Already have ACK (at simulation time 538.000,000,000 s)
2025-06-04 14:59:29,726 INFO  - Already have ACK (at simulation time 538.000,000,000 s)
2025-06-04 14:59:29,726 INFO  - Already have ACK (at simulation time 538.000,000,000 s)
2025-06-04 14:59:29,726 INFO  - Already have ACK (at simulation time 538.000,000,000 s)
2025-06-04 14:59:29,726 INFO  - Already have ACK (at simulation time 538.000,000,000 s)
2025-06-04 14:59:29,726 INFO  - Already have ACK (at simulation time 538.000,000,000 s)
2025-06-04 14:59:29,726 INFO  - Already have ACK (at simulation time 538.000,000,000 s)
2025-06-04 14:59:29,726 INFO  - Already have ACK (at simulation time 538.000,000,000 s)
2025-06-04 14:59:29,726 INFO  - Already have ACK (at simulation time 538.000,000,000 s)
2025-06-04 14:59:29,726 INFO  - Already have ACK (at simulation time 538.000,000,000 s)
2025-06-04 14:59:29,726 INFO  - Already have ACK (at simulation time 538.000,000,000 s)
2025-06-04 14:59:29,726 INFO  - Already have ACK (at simulation time 538.000,000,000 s)
2025-06-04 14:59:29,727 INFO  - Already have ACK (at simulation time 538.000,000,000 s)
2025-06-04 14:59:29,727 INFO  - Already have ACK (at simulation time 538.000,000,000 s)
2025-06-04 14:59:29,727 INFO  - Already have ACK (at simulation time 538.000,000,000 s)
2025-06-04 14:59:29,727 INFO  - Already have ACK (at simulation time 538.000,000,000 s)
2025-06-04 14:59:29,727 INFO  - Already have ACK (at simulation time 538.000,000,000 s)
2025-06-04 14:59:29,727 INFO  - Already have ACK (at simulation time 538.000,000,000 s)
2025-06-04 14:59:29,727 INFO  - Already have ACK (at simulation time 538.000,000,000 s)
2025-06-04 14:59:29,727 INFO  - Already have ACK (at simulation time 538.000,000,000 s)
2025-06-04 14:59:29,727 INFO  - Already have ACK (at simulation time 538.000,000,000 s)
2025-06-04 14:59:29,727 INFO  - Already have ACK (at simulation time 538.000,000,000 s)
2025-06-04 14:59:29,727 INFO  - Already have ACK (at simulation time 538.000,000,000 s)
2025-06-04 14:59:29,727 INFO  - Already have ACK (at simulation time 538.000,000,000 s)
2025-06-04 14:59:29,727 INFO  - Already have ACK (at simulation time 538.000,000,000 s)
2025-06-04 14:59:29,727 INFO  - Already have ACK (at simulation time 538.000,000,000 s)
2025-06-04 14:59:29,727 INFO  - Already have ACK (at simulation time 538.000,000,000 s)
2025-06-04 14:59:29,727 INFO  - Already have ACK (at simulation time 538.000,000,000 s)
2025-06-04 14:59:29,727 INFO  - Already have ACK (at simulation time 538.000,000,000 s)
2025-06-04 14:59:29,727 INFO  - Already have ACK (at simulation time 538.000,000,000 s)
2025-06-04 14:59:29,728 INFO  - Already have ACK (at simulation time 538.000,000,000 s)
2025-06-04 14:59:29,728 INFO  - Already have ACK (at simulation time 538.000,000,000 s)
2025-06-04 14:59:29,728 INFO  - Already have ACK (at simulation time 538.000,000,000 s)
2025-06-04 14:59:29,728 INFO  - Already have ACK (at simulation time 538.000,000,000 s)
2025-06-04 14:59:29,728 INFO  - Already have ACK (at simulation time 538.000,000,000 s)
2025-06-04 14:59:29,728 INFO  - Already have ACK (at simulation time 538.000,000,000 s)
2025-06-04 14:59:29,728 INFO  - Already have ACK (at simulation time 538.000,000,000 s)
2025-06-04 14:59:29,728 INFO  - Already have ACK (at simulation time 538.000,000,000 s)
2025-06-04 14:59:29,728 INFO  - Already have ACK (at simulation time 538.000,000,000 s)
2025-06-04 14:59:29,728 INFO  - Already have ACK (at simulation time 538.000,000,000 s)
2025-06-04 14:59:29,728 INFO  - Already have ACK (at simulation time 538.000,000,000 s)
2025-06-04 14:59:29,728 INFO  - Already have ACK (at simulation time 538.000,000,000 s)
2025-06-04 14:59:29,728 INFO  - Already have ACK (at simulation time 538.000,000,000 s)
2025-06-04 14:59:29,728 INFO  - Already have ACK (at simulation time 538.000,000,000 s)
2025-06-04 14:59:29,730 INFO  - Already have ACK (at simulation time 539.000,000,000 s)
2025-06-04 14:59:29,730 INFO  - Already have ACK (at simulation time 539.000,000,000 s)
2025-06-04 14:59:29,730 INFO  - Already have ACK (at simulation time 539.000,000,000 s)
2025-06-04 14:59:29,730 INFO  - Already have ACK (at simulation time 539.000,000,000 s)
2025-06-04 14:59:29,730 INFO  - Already have ACK (at simulation time 539.000,000,000 s)
2025-06-04 14:59:29,730 INFO  - Already have ACK (at simulation time 539.000,000,000 s)
2025-06-04 14:59:29,730 INFO  - Already have ACK (at simulation time 539.000,000,000 s)
2025-06-04 14:59:29,731 INFO  - Already have ACK (at simulation time 539.000,000,000 s)
2025-06-04 14:59:29,731 INFO  - Already have ACK (at simulation time 539.000,000,000 s)
2025-06-04 14:59:29,731 INFO  - Already have ACK (at simulation time 539.000,000,000 s)
2025-06-04 14:59:29,731 INFO  - Already have ACK (at simulation time 539.000,000,000 s)
2025-06-04 14:59:29,731 INFO  - Already have ACK (at simulation time 539.000,000,000 s)
2025-06-04 14:59:29,731 INFO  - Already have ACK (at simulation time 539.000,000,000 s)
2025-06-04 14:59:29,731 INFO  - Already have ACK (at simulation time 539.000,000,000 s)
2025-06-04 14:59:29,731 INFO  - Already have ACK (at simulation time 539.000,000,000 s)
2025-06-04 14:59:29,731 INFO  - Already have ACK (at simulation time 539.000,000,000 s)
2025-06-04 14:59:29,731 INFO  - Already have ACK (at simulation time 539.000,000,000 s)
2025-06-04 14:59:29,731 INFO  - Already have ACK (at simulation time 539.000,000,000 s)
2025-06-04 14:59:29,731 INFO  - Already have ACK (at simulation time 539.000,000,000 s)
2025-06-04 14:59:29,731 INFO  - Already have ACK (at simulation time 539.000,000,000 s)
2025-06-04 14:59:29,731 INFO  - Already have ACK (at simulation time 539.000,000,000 s)
2025-06-04 14:59:29,731 INFO  - Already have ACK (at simulation time 539.000,000,000 s)
2025-06-04 14:59:29,732 INFO  - Already have ACK (at simulation time 539.000,000,000 s)
2025-06-04 14:59:29,732 INFO  - Already have ACK (at simulation time 539.000,000,000 s)
2025-06-04 14:59:29,732 INFO  - Already have ACK (at simulation time 539.000,000,000 s)
2025-06-04 14:59:29,732 INFO  - Already have ACK (at simulation time 539.000,000,000 s)
2025-06-04 14:59:29,732 INFO  - Already have ACK (at simulation time 539.000,000,000 s)
2025-06-04 14:59:29,732 INFO  - Already have ACK (at simulation time 539.000,000,000 s)
2025-06-04 14:59:29,732 INFO  - Already have ACK (at simulation time 539.000,000,000 s)
2025-06-04 14:59:29,732 INFO  - Already have ACK (at simulation time 539.000,000,000 s)
2025-06-04 14:59:29,732 INFO  - Already have ACK (at simulation time 539.000,000,000 s)
2025-06-04 14:59:29,732 INFO  - Already have ACK (at simulation time 539.000,000,000 s)
2025-06-04 14:59:29,732 INFO  - Already have ACK (at simulation time 539.000,000,000 s)
2025-06-04 14:59:29,732 INFO  - Already have ACK (at simulation time 539.000,000,000 s)
2025-06-04 14:59:29,732 INFO  - Already have ACK (at simulation time 539.000,000,000 s)
2025-06-04 14:59:29,732 INFO  - Already have ACK (at simulation time 539.000,000,000 s)
2025-06-04 14:59:29,732 INFO  - Already have ACK (at simulation time 539.000,000,000 s)
2025-06-04 14:59:29,732 INFO  - Already have ACK (at simulation time 539.000,000,000 s)
2025-06-04 14:59:29,732 INFO  - Already have ACK (at simulation time 539.000,000,000 s)
2025-06-04 14:59:29,732 INFO  - Already have ACK (at simulation time 539.000,000,000 s)
2025-06-04 14:59:29,732 INFO  - Already have ACK (at simulation time 539.000,000,000 s)
2025-06-04 14:59:29,732 INFO  - Already have ACK (at simulation time 539.000,000,000 s)
2025-06-04 14:59:29,733 INFO  - Already have ACK (at simulation time 539.000,000,000 s)
2025-06-04 14:59:29,733 INFO  - Already have ACK (at simulation time 539.000,000,000 s)
2025-06-04 14:59:29,733 INFO  - Already have ACK (at simulation time 539.000,000,000 s)
2025-06-04 14:59:29,733 INFO  - Already have ACK (at simulation time 539.000,000,000 s)
2025-06-04 14:59:29,733 INFO  - Already have ACK (at simulation time 539.000,000,000 s)
2025-06-04 14:59:29,733 INFO  - Already have ACK (at simulation time 539.000,000,000 s)
2025-06-04 14:59:29,733 INFO  - Already have ACK (at simulation time 539.000,000,000 s)
2025-06-04 14:59:29,733 INFO  - Already have ACK (at simulation time 539.000,000,000 s)
2025-06-04 14:59:29,735 INFO  - Sent periodic GreenWaveMsg: veh_95 on route r_1 (at simulation time 540.000,000,000 s)
2025-06-04 14:59:29,735 INFO  - Already have ACK (at simulation time 540.000,000,000 s)
2025-06-04 14:59:29,736 INFO  - Already have ACK (at simulation time 540.000,000,000 s)
2025-06-04 14:59:29,736 INFO  - Already have ACK (at simulation time 540.000,000,000 s)
2025-06-04 14:59:29,736 INFO  - Already have ACK (at simulation time 540.000,000,000 s)
2025-06-04 14:59:29,736 INFO  - Already have ACK (at simulation time 540.000,000,000 s)
2025-06-04 14:59:29,736 INFO  - Already have ACK (at simulation time 540.000,000,000 s)
2025-06-04 14:59:29,736 INFO  - Already have ACK (at simulation time 540.000,000,000 s)
2025-06-04 14:59:29,736 INFO  - Already have ACK (at simulation time 540.000,000,000 s)
2025-06-04 14:59:29,736 INFO  - Already have ACK (at simulation time 540.000,000,000 s)
2025-06-04 14:59:29,736 INFO  - Already have ACK (at simulation time 540.000,000,000 s)
2025-06-04 14:59:29,736 INFO  - Already have ACK (at simulation time 540.000,000,000 s)
2025-06-04 14:59:29,736 INFO  - Already have ACK (at simulation time 540.000,000,000 s)
2025-06-04 14:59:29,736 INFO  - Already have ACK (at simulation time 540.000,000,000 s)
2025-06-04 14:59:29,736 INFO  - Already have ACK (at simulation time 540.000,000,000 s)
2025-06-04 14:59:29,737 INFO  - Already have ACK (at simulation time 540.000,000,000 s)
2025-06-04 14:59:29,737 INFO  - Already have ACK (at simulation time 540.000,000,000 s)
2025-06-04 14:59:29,737 INFO  - Already have ACK (at simulation time 540.000,000,000 s)
2025-06-04 14:59:29,737 INFO  - Already have ACK (at simulation time 540.000,000,000 s)
2025-06-04 14:59:29,737 INFO  - Already have ACK (at simulation time 540.000,000,000 s)
2025-06-04 14:59:29,737 INFO  - Already have ACK (at simulation time 540.000,000,000 s)
2025-06-04 14:59:29,737 INFO  - Already have ACK (at simulation time 540.000,000,000 s)
2025-06-04 14:59:29,737 INFO  - Already have ACK (at simulation time 540.000,000,000 s)
2025-06-04 14:59:29,737 INFO  - Already have ACK (at simulation time 540.000,000,000 s)
2025-06-04 14:59:29,737 INFO  - Already have ACK (at simulation time 540.000,000,000 s)
2025-06-04 14:59:29,737 INFO  - Already have ACK (at simulation time 540.000,000,000 s)
2025-06-04 14:59:29,737 INFO  - Already have ACK (at simulation time 540.000,000,000 s)
2025-06-04 14:59:29,737 INFO  - Already have ACK (at simulation time 540.000,000,000 s)
2025-06-04 14:59:29,737 INFO  - Already have ACK (at simulation time 540.000,000,000 s)
2025-06-04 14:59:29,737 INFO  - Already have ACK (at simulation time 540.000,000,000 s)
2025-06-04 14:59:29,737 INFO  - Already have ACK (at simulation time 540.000,000,000 s)
2025-06-04 14:59:29,737 INFO  - Already have ACK (at simulation time 540.000,000,000 s)
2025-06-04 14:59:29,738 INFO  - Already have ACK (at simulation time 540.000,000,000 s)
2025-06-04 14:59:29,738 INFO  - Already have ACK (at simulation time 540.000,000,000 s)
2025-06-04 14:59:29,738 INFO  - Already have ACK (at simulation time 540.000,000,000 s)
2025-06-04 14:59:29,738 INFO  - Already have ACK (at simulation time 540.000,000,000 s)
2025-06-04 14:59:29,738 INFO  - Already have ACK (at simulation time 540.000,000,000 s)
2025-06-04 14:59:29,738 INFO  - Already have ACK (at simulation time 540.000,000,000 s)
2025-06-04 14:59:29,738 INFO  - Already have ACK (at simulation time 540.000,000,000 s)
2025-06-04 14:59:29,738 INFO  - Already have ACK (at simulation time 540.000,000,000 s)
2025-06-04 14:59:29,738 INFO  - Already have ACK (at simulation time 540.000,000,000 s)
2025-06-04 14:59:29,738 INFO  - Already have ACK (at simulation time 540.000,000,000 s)
2025-06-04 14:59:29,738 INFO  - Already have ACK (at simulation time 540.000,000,000 s)
2025-06-04 14:59:29,738 INFO  - Already have ACK (at simulation time 540.000,000,000 s)
2025-06-04 14:59:29,738 INFO  - Already have ACK (at simulation time 540.000,000,000 s)
2025-06-04 14:59:29,738 INFO  - Already have ACK (at simulation time 540.000,000,000 s)
2025-06-04 14:59:29,738 INFO  - Already have ACK (at simulation time 540.000,000,000 s)
2025-06-04 14:59:29,738 INFO  - Already have ACK (at simulation time 540.000,000,000 s)
2025-06-04 14:59:29,738 INFO  - Already have ACK (at simulation time 540.000,000,000 s)
2025-06-04 14:59:29,738 INFO  - Already have ACK (at simulation time 540.000,000,000 s)
2025-06-04 14:59:29,738 INFO  - Already have ACK (at simulation time 540.000,000,000 s)
2025-06-04 14:59:29,738 INFO  - Already have ACK (at simulation time 540.000,000,000 s)
2025-06-04 14:59:29,740 INFO  - Received ACK with origin at RSU from rsu_0 at 540002800000 (at simulation time 540.002,800,000 s)
2025-06-04 14:59:29,745 INFO  - Already have ACK (at simulation time 541.000,000,000 s)
2025-06-04 14:59:29,745 INFO  - Already have ACK (at simulation time 541.000,000,000 s)
2025-06-04 14:59:29,745 INFO  - Already have ACK (at simulation time 541.000,000,000 s)
2025-06-04 14:59:29,745 INFO  - Already have ACK (at simulation time 541.000,000,000 s)
2025-06-04 14:59:29,745 INFO  - Already have ACK (at simulation time 541.000,000,000 s)
2025-06-04 14:59:29,745 INFO  - Already have ACK (at simulation time 541.000,000,000 s)
2025-06-04 14:59:29,745 INFO  - Already have ACK (at simulation time 541.000,000,000 s)
2025-06-04 14:59:29,745 INFO  - Already have ACK (at simulation time 541.000,000,000 s)
2025-06-04 14:59:29,745 INFO  - Already have ACK (at simulation time 541.000,000,000 s)
2025-06-04 14:59:29,745 INFO  - Already have ACK (at simulation time 541.000,000,000 s)
2025-06-04 14:59:29,745 INFO  - Already have ACK (at simulation time 541.000,000,000 s)
2025-06-04 14:59:29,746 INFO  - Already have ACK (at simulation time 541.000,000,000 s)
2025-06-04 14:59:29,746 INFO  - Already have ACK (at simulation time 541.000,000,000 s)
2025-06-04 14:59:29,746 INFO  - Already have ACK (at simulation time 541.000,000,000 s)
2025-06-04 14:59:29,746 INFO  - Already have ACK (at simulation time 541.000,000,000 s)
2025-06-04 14:59:29,746 INFO  - Already have ACK (at simulation time 541.000,000,000 s)
2025-06-04 14:59:29,746 INFO  - Already have ACK (at simulation time 541.000,000,000 s)
2025-06-04 14:59:29,746 INFO  - Already have ACK (at simulation time 541.000,000,000 s)
2025-06-04 14:59:29,746 INFO  - Already have ACK (at simulation time 541.000,000,000 s)
2025-06-04 14:59:29,746 INFO  - Already have ACK (at simulation time 541.000,000,000 s)
2025-06-04 14:59:29,746 INFO  - Already have ACK (at simulation time 541.000,000,000 s)
2025-06-04 14:59:29,746 INFO  - Already have ACK (at simulation time 541.000,000,000 s)
2025-06-04 14:59:29,746 INFO  - Already have ACK (at simulation time 541.000,000,000 s)
2025-06-04 14:59:29,746 INFO  - Already have ACK (at simulation time 541.000,000,000 s)
2025-06-04 14:59:29,746 INFO  - Already have ACK (at simulation time 541.000,000,000 s)
2025-06-04 14:59:29,746 INFO  - Already have ACK (at simulation time 541.000,000,000 s)
2025-06-04 14:59:29,746 INFO  - Already have ACK (at simulation time 541.000,000,000 s)
2025-06-04 14:59:29,747 INFO  - Already have ACK (at simulation time 541.000,000,000 s)
2025-06-04 14:59:29,747 INFO  - Already have ACK (at simulation time 541.000,000,000 s)
2025-06-04 14:59:29,747 INFO  - Already have ACK (at simulation time 541.000,000,000 s)
2025-06-04 14:59:29,747 INFO  - Already have ACK (at simulation time 541.000,000,000 s)
2025-06-04 14:59:29,747 INFO  - Already have ACK (at simulation time 541.000,000,000 s)
2025-06-04 14:59:29,747 INFO  - Already have ACK (at simulation time 541.000,000,000 s)
2025-06-04 14:59:29,747 INFO  - Already have ACK (at simulation time 541.000,000,000 s)
2025-06-04 14:59:29,747 INFO  - Already have ACK (at simulation time 541.000,000,000 s)
2025-06-04 14:59:29,747 INFO  - Already have ACK (at simulation time 541.000,000,000 s)
2025-06-04 14:59:29,747 INFO  - Already have ACK (at simulation time 541.000,000,000 s)
2025-06-04 14:59:29,747 INFO  - Already have ACK (at simulation time 541.000,000,000 s)
2025-06-04 14:59:29,747 INFO  - Already have ACK (at simulation time 541.000,000,000 s)
2025-06-04 14:59:29,747 INFO  - Already have ACK (at simulation time 541.000,000,000 s)
2025-06-04 14:59:29,747 INFO  - Already have ACK (at simulation time 541.000,000,000 s)
2025-06-04 14:59:29,747 INFO  - Already have ACK (at simulation time 541.000,000,000 s)
2025-06-04 14:59:29,747 INFO  - Already have ACK (at simulation time 541.000,000,000 s)
2025-06-04 14:59:29,747 INFO  - Already have ACK (at simulation time 541.000,000,000 s)
2025-06-04 14:59:29,747 INFO  - Already have ACK (at simulation time 541.000,000,000 s)
2025-06-04 14:59:29,747 INFO  - Already have ACK (at simulation time 541.000,000,000 s)
2025-06-04 14:59:29,747 INFO  - Already have ACK (at simulation time 541.000,000,000 s)
2025-06-04 14:59:29,748 INFO  - Already have ACK (at simulation time 541.000,000,000 s)
2025-06-04 14:59:29,748 INFO  - Already have ACK (at simulation time 541.000,000,000 s)
2025-06-04 14:59:29,748 INFO  - Already have ACK (at simulation time 541.000,000,000 s)
2025-06-04 14:59:29,748 INFO  - Already have ACK (at simulation time 541.000,000,000 s)
2025-06-04 14:59:29,748 INFO  - Already have ACK (at simulation time 541.000,000,000 s)
2025-06-04 14:59:29,750 INFO  - Already have ACK (at simulation time 542.000,000,000 s)
2025-06-04 14:59:29,750 INFO  - Already have ACK (at simulation time 542.000,000,000 s)
2025-06-04 14:59:29,750 INFO  - Already have ACK (at simulation time 542.000,000,000 s)
2025-06-04 14:59:29,750 INFO  - Already have ACK (at simulation time 542.000,000,000 s)
2025-06-04 14:59:29,750 INFO  - Already have ACK (at simulation time 542.000,000,000 s)
2025-06-04 14:59:29,750 INFO  - Already have ACK (at simulation time 542.000,000,000 s)
2025-06-04 14:59:29,750 INFO  - Already have ACK (at simulation time 542.000,000,000 s)
2025-06-04 14:59:29,750 INFO  - Already have ACK (at simulation time 542.000,000,000 s)
2025-06-04 14:59:29,750 INFO  - Already have ACK (at simulation time 542.000,000,000 s)
2025-06-04 14:59:29,751 INFO  - Already have ACK (at simulation time 542.000,000,000 s)
2025-06-04 14:59:29,751 INFO  - Already have ACK (at simulation time 542.000,000,000 s)
2025-06-04 14:59:29,751 INFO  - Already have ACK (at simulation time 542.000,000,000 s)
2025-06-04 14:59:29,751 INFO  - Already have ACK (at simulation time 542.000,000,000 s)
2025-06-04 14:59:29,751 INFO  - Already have ACK (at simulation time 542.000,000,000 s)
2025-06-04 14:59:29,751 INFO  - Already have ACK (at simulation time 542.000,000,000 s)
2025-06-04 14:59:29,751 INFO  - Already have ACK (at simulation time 542.000,000,000 s)
2025-06-04 14:59:29,751 INFO  - Already have ACK (at simulation time 542.000,000,000 s)
2025-06-04 14:59:29,751 INFO  - Already have ACK (at simulation time 542.000,000,000 s)
2025-06-04 14:59:29,751 INFO  - Already have ACK (at simulation time 542.000,000,000 s)
2025-06-04 14:59:29,751 INFO  - Already have ACK (at simulation time 542.000,000,000 s)
2025-06-04 14:59:29,751 INFO  - Already have ACK (at simulation time 542.000,000,000 s)
2025-06-04 14:59:29,751 INFO  - Already have ACK (at simulation time 542.000,000,000 s)
2025-06-04 14:59:29,751 INFO  - Already have ACK (at simulation time 542.000,000,000 s)
2025-06-04 14:59:29,751 INFO  - Already have ACK (at simulation time 542.000,000,000 s)
2025-06-04 14:59:29,752 INFO  - Already have ACK (at simulation time 542.000,000,000 s)
2025-06-04 14:59:29,752 INFO  - Already have ACK (at simulation time 542.000,000,000 s)
2025-06-04 14:59:29,752 INFO  - Already have ACK (at simulation time 542.000,000,000 s)
2025-06-04 14:59:29,752 INFO  - Already have ACK (at simulation time 542.000,000,000 s)
2025-06-04 14:59:29,752 INFO  - Already have ACK (at simulation time 542.000,000,000 s)
2025-06-04 14:59:29,752 INFO  - Already have ACK (at simulation time 542.000,000,000 s)
2025-06-04 14:59:29,752 INFO  - Already have ACK (at simulation time 542.000,000,000 s)
2025-06-04 14:59:29,752 INFO  - Already have ACK (at simulation time 542.000,000,000 s)
2025-06-04 14:59:29,752 INFO  - Already have ACK (at simulation time 542.000,000,000 s)
2025-06-04 14:59:29,752 INFO  - Already have ACK (at simulation time 542.000,000,000 s)
2025-06-04 14:59:29,752 INFO  - Already have ACK (at simulation time 542.000,000,000 s)
2025-06-04 14:59:29,752 INFO  - Already have ACK (at simulation time 542.000,000,000 s)
2025-06-04 14:59:29,752 INFO  - Already have ACK (at simulation time 542.000,000,000 s)
2025-06-04 14:59:29,752 INFO  - Already have ACK (at simulation time 542.000,000,000 s)
2025-06-04 14:59:29,752 INFO  - Already have ACK (at simulation time 542.000,000,000 s)
2025-06-04 14:59:29,752 INFO  - Already have ACK (at simulation time 542.000,000,000 s)
2025-06-04 14:59:29,752 INFO  - Already have ACK (at simulation time 542.000,000,000 s)
2025-06-04 14:59:29,752 INFO  - Already have ACK (at simulation time 542.000,000,000 s)
2025-06-04 14:59:29,753 INFO  - Already have ACK (at simulation time 542.000,000,000 s)
2025-06-04 14:59:29,753 INFO  - Already have ACK (at simulation time 542.000,000,000 s)
2025-06-04 14:59:29,753 INFO  - Already have ACK (at simulation time 542.000,000,000 s)
2025-06-04 14:59:29,753 INFO  - Already have ACK (at simulation time 542.000,000,000 s)
2025-06-04 14:59:29,753 INFO  - Already have ACK (at simulation time 542.000,000,000 s)
2025-06-04 14:59:29,753 INFO  - Already have ACK (at simulation time 542.000,000,000 s)
2025-06-04 14:59:29,753 INFO  - Already have ACK (at simulation time 542.000,000,000 s)
2025-06-04 14:59:29,753 INFO  - Already have ACK (at simulation time 542.000,000,000 s)
2025-06-04 14:59:29,753 INFO  - Already have ACK (at simulation time 542.000,000,000 s)
2025-06-04 14:59:29,753 INFO  - Already have ACK (at simulation time 542.000,000,000 s)
2025-06-04 14:59:29,753 INFO  - Already have ACK (at simulation time 542.000,000,000 s)
2025-06-04 14:59:29,755 INFO  - Already have ACK (at simulation time 543.000,000,000 s)
2025-06-04 14:59:29,755 INFO  - Already have ACK (at simulation time 543.000,000,000 s)
2025-06-04 14:59:29,755 INFO  - Already have ACK (at simulation time 543.000,000,000 s)
2025-06-04 14:59:29,755 INFO  - Already have ACK (at simulation time 543.000,000,000 s)
2025-06-04 14:59:29,755 INFO  - Already have ACK (at simulation time 543.000,000,000 s)
2025-06-04 14:59:29,755 INFO  - Already have ACK (at simulation time 543.000,000,000 s)
2025-06-04 14:59:29,755 INFO  - Already have ACK (at simulation time 543.000,000,000 s)
2025-06-04 14:59:29,755 INFO  - Already have ACK (at simulation time 543.000,000,000 s)
2025-06-04 14:59:29,756 INFO  - Already have ACK (at simulation time 543.000,000,000 s)
2025-06-04 14:59:29,756 INFO  - Already have ACK (at simulation time 543.000,000,000 s)
2025-06-04 14:59:29,756 INFO  - Already have ACK (at simulation time 543.000,000,000 s)
2025-06-04 14:59:29,756 INFO  - Already have ACK (at simulation time 543.000,000,000 s)
2025-06-04 14:59:29,756 INFO  - Already have ACK (at simulation time 543.000,000,000 s)
2025-06-04 14:59:29,756 INFO  - Already have ACK (at simulation time 543.000,000,000 s)
2025-06-04 14:59:29,756 INFO  - Already have ACK (at simulation time 543.000,000,000 s)
2025-06-04 14:59:29,756 INFO  - Already have ACK (at simulation time 543.000,000,000 s)
2025-06-04 14:59:29,756 INFO  - Already have ACK (at simulation time 543.000,000,000 s)
2025-06-04 14:59:29,756 INFO  - Already have ACK (at simulation time 543.000,000,000 s)
2025-06-04 14:59:29,756 INFO  - Already have ACK (at simulation time 543.000,000,000 s)
2025-06-04 14:59:29,756 INFO  - Already have ACK (at simulation time 543.000,000,000 s)
2025-06-04 14:59:29,756 INFO  - Already have ACK (at simulation time 543.000,000,000 s)
2025-06-04 14:59:29,756 INFO  - Already have ACK (at simulation time 543.000,000,000 s)
2025-06-04 14:59:29,756 INFO  - Already have ACK (at simulation time 543.000,000,000 s)
2025-06-04 14:59:29,757 INFO  - Already have ACK (at simulation time 543.000,000,000 s)
2025-06-04 14:59:29,757 INFO  - Already have ACK (at simulation time 543.000,000,000 s)
2025-06-04 14:59:29,757 INFO  - Already have ACK (at simulation time 543.000,000,000 s)
2025-06-04 14:59:29,757 INFO  - Already have ACK (at simulation time 543.000,000,000 s)
2025-06-04 14:59:29,757 INFO  - Already have ACK (at simulation time 543.000,000,000 s)
2025-06-04 14:59:29,757 INFO  - Already have ACK (at simulation time 543.000,000,000 s)
2025-06-04 14:59:29,757 INFO  - Already have ACK (at simulation time 543.000,000,000 s)
2025-06-04 14:59:29,757 INFO  - Already have ACK (at simulation time 543.000,000,000 s)
2025-06-04 14:59:29,757 INFO  - Already have ACK (at simulation time 543.000,000,000 s)
2025-06-04 14:59:29,757 INFO  - Already have ACK (at simulation time 543.000,000,000 s)
2025-06-04 14:59:29,757 INFO  - Already have ACK (at simulation time 543.000,000,000 s)
2025-06-04 14:59:29,757 INFO  - Already have ACK (at simulation time 543.000,000,000 s)
2025-06-04 14:59:29,757 INFO  - Already have ACK (at simulation time 543.000,000,000 s)
2025-06-04 14:59:29,757 INFO  - Already have ACK (at simulation time 543.000,000,000 s)
2025-06-04 14:59:29,757 INFO  - Already have ACK (at simulation time 543.000,000,000 s)
2025-06-04 14:59:29,757 INFO  - Already have ACK (at simulation time 543.000,000,000 s)
2025-06-04 14:59:29,757 INFO  - Already have ACK (at simulation time 543.000,000,000 s)
2025-06-04 14:59:29,757 INFO  - Already have ACK (at simulation time 543.000,000,000 s)
2025-06-04 14:59:29,758 INFO  - Already have ACK (at simulation time 543.000,000,000 s)
2025-06-04 14:59:29,758 INFO  - Already have ACK (at simulation time 543.000,000,000 s)
2025-06-04 14:59:29,758 INFO  - Already have ACK (at simulation time 543.000,000,000 s)
2025-06-04 14:59:29,758 INFO  - Already have ACK (at simulation time 543.000,000,000 s)
2025-06-04 14:59:29,758 INFO  - Already have ACK (at simulation time 543.000,000,000 s)
2025-06-04 14:59:29,758 INFO  - Already have ACK (at simulation time 543.000,000,000 s)
2025-06-04 14:59:29,758 INFO  - Already have ACK (at simulation time 543.000,000,000 s)
2025-06-04 14:59:29,758 INFO  - Already have ACK (at simulation time 543.000,000,000 s)
2025-06-04 14:59:29,758 INFO  - Already have ACK (at simulation time 543.000,000,000 s)
2025-06-04 14:59:29,758 INFO  - Already have ACK (at simulation time 543.000,000,000 s)
2025-06-04 14:59:29,758 INFO  - Already have ACK (at simulation time 543.000,000,000 s)
2025-06-04 14:59:29,758 INFO  - Already have ACK (at simulation time 543.000,000,000 s)
2025-06-04 14:59:29,758 INFO  - Already have ACK (at simulation time 543.000,000,000 s)
2025-06-04 14:59:29,760 INFO  - Already have ACK (at simulation time 544.000,000,000 s)
2025-06-04 14:59:29,760 INFO  - Already have ACK (at simulation time 544.000,000,000 s)
2025-06-04 14:59:29,760 INFO  - Already have ACK (at simulation time 544.000,000,000 s)
2025-06-04 14:59:29,760 INFO  - Already have ACK (at simulation time 544.000,000,000 s)
2025-06-04 14:59:29,760 INFO  - Already have ACK (at simulation time 544.000,000,000 s)
2025-06-04 14:59:29,761 INFO  - Already have ACK (at simulation time 544.000,000,000 s)
2025-06-04 14:59:29,761 INFO  - Already have ACK (at simulation time 544.000,000,000 s)
2025-06-04 14:59:29,761 INFO  - Already have ACK (at simulation time 544.000,000,000 s)
2025-06-04 14:59:29,761 INFO  - Already have ACK (at simulation time 544.000,000,000 s)
2025-06-04 14:59:29,761 INFO  - Already have ACK (at simulation time 544.000,000,000 s)
2025-06-04 14:59:29,761 INFO  - Already have ACK (at simulation time 544.000,000,000 s)
2025-06-04 14:59:29,761 INFO  - Already have ACK (at simulation time 544.000,000,000 s)
2025-06-04 14:59:29,761 INFO  - Already have ACK (at simulation time 544.000,000,000 s)
2025-06-04 14:59:29,761 INFO  - Already have ACK (at simulation time 544.000,000,000 s)
2025-06-04 14:59:29,761 INFO  - Already have ACK (at simulation time 544.000,000,000 s)
2025-06-04 14:59:29,761 INFO  - Already have ACK (at simulation time 544.000,000,000 s)
2025-06-04 14:59:29,761 INFO  - Already have ACK (at simulation time 544.000,000,000 s)
2025-06-04 14:59:29,761 INFO  - Already have ACK (at simulation time 544.000,000,000 s)
2025-06-04 14:59:29,762 INFO  - Already have ACK (at simulation time 544.000,000,000 s)
2025-06-04 14:59:29,762 INFO  - Already have ACK (at simulation time 544.000,000,000 s)
2025-06-04 14:59:29,762 INFO  - Already have ACK (at simulation time 544.000,000,000 s)
2025-06-04 14:59:29,762 INFO  - Already have ACK (at simulation time 544.000,000,000 s)
2025-06-04 14:59:29,762 INFO  - Already have ACK (at simulation time 544.000,000,000 s)
2025-06-04 14:59:29,762 INFO  - Already have ACK (at simulation time 544.000,000,000 s)
2025-06-04 14:59:29,762 INFO  - Already have ACK (at simulation time 544.000,000,000 s)
2025-06-04 14:59:29,762 INFO  - Already have ACK (at simulation time 544.000,000,000 s)
2025-06-04 14:59:29,762 INFO  - Already have ACK (at simulation time 544.000,000,000 s)
2025-06-04 14:59:29,762 INFO  - Already have ACK (at simulation time 544.000,000,000 s)
2025-06-04 14:59:29,762 INFO  - Already have ACK (at simulation time 544.000,000,000 s)
2025-06-04 14:59:29,762 INFO  - Already have ACK (at simulation time 544.000,000,000 s)
2025-06-04 14:59:29,762 INFO  - Already have ACK (at simulation time 544.000,000,000 s)
2025-06-04 14:59:29,762 INFO  - Already have ACK (at simulation time 544.000,000,000 s)
2025-06-04 14:59:29,762 INFO  - Already have ACK (at simulation time 544.000,000,000 s)
2025-06-04 14:59:29,762 INFO  - Already have ACK (at simulation time 544.000,000,000 s)
2025-06-04 14:59:29,762 INFO  - Already have ACK (at simulation time 544.000,000,000 s)
2025-06-04 14:59:29,762 INFO  - Already have ACK (at simulation time 544.000,000,000 s)
2025-06-04 14:59:29,763 INFO  - Already have ACK (at simulation time 544.000,000,000 s)
2025-06-04 14:59:29,763 INFO  - Already have ACK (at simulation time 544.000,000,000 s)
2025-06-04 14:59:29,763 INFO  - Already have ACK (at simulation time 544.000,000,000 s)
2025-06-04 14:59:29,763 INFO  - Already have ACK (at simulation time 544.000,000,000 s)
2025-06-04 14:59:29,763 INFO  - Already have ACK (at simulation time 544.000,000,000 s)
2025-06-04 14:59:29,763 INFO  - Already have ACK (at simulation time 544.000,000,000 s)
2025-06-04 14:59:29,763 INFO  - Already have ACK (at simulation time 544.000,000,000 s)
2025-06-04 14:59:29,763 INFO  - Already have ACK (at simulation time 544.000,000,000 s)
2025-06-04 14:59:29,763 INFO  - Already have ACK (at simulation time 544.000,000,000 s)
2025-06-04 14:59:29,763 INFO  - Already have ACK (at simulation time 544.000,000,000 s)
2025-06-04 14:59:29,763 INFO  - Already have ACK (at simulation time 544.000,000,000 s)
2025-06-04 14:59:29,763 INFO  - Already have ACK (at simulation time 544.000,000,000 s)
2025-06-04 14:59:29,763 INFO  - Already have ACK (at simulation time 544.000,000,000 s)
2025-06-04 14:59:29,763 INFO  - Already have ACK (at simulation time 544.000,000,000 s)
2025-06-04 14:59:29,763 INFO  - Already have ACK (at simulation time 544.000,000,000 s)
2025-06-04 14:59:29,763 INFO  - Already have ACK (at simulation time 544.000,000,000 s)
2025-06-04 14:59:29,763 INFO  - Already have ACK (at simulation time 544.000,000,000 s)
2025-06-04 14:59:29,763 INFO  - Already have ACK (at simulation time 544.000,000,000 s)
2025-06-04 14:59:29,763 INFO  - Already have ACK (at simulation time 544.000,000,000 s)
2025-06-04 14:59:29,766 INFO  - Sent periodic GreenWaveMsg: veh_95 on route r_1 (at simulation time 545.000,000,000 s)
2025-06-04 14:59:29,766 INFO  - Already have ACK (at simulation time 545.000,000,000 s)
2025-06-04 14:59:29,767 INFO  - Already have ACK (at simulation time 545.000,000,000 s)
2025-06-04 14:59:29,767 INFO  - Already have ACK (at simulation time 545.000,000,000 s)
2025-06-04 14:59:29,767 INFO  - Already have ACK (at simulation time 545.000,000,000 s)
2025-06-04 14:59:29,767 INFO  - Already have ACK (at simulation time 545.000,000,000 s)
2025-06-04 14:59:29,767 INFO  - Already have ACK (at simulation time 545.000,000,000 s)
2025-06-04 14:59:29,767 INFO  - Already have ACK (at simulation time 545.000,000,000 s)
2025-06-04 14:59:29,767 INFO  - Already have ACK (at simulation time 545.000,000,000 s)
2025-06-04 14:59:29,767 INFO  - Already have ACK (at simulation time 545.000,000,000 s)
2025-06-04 14:59:29,767 INFO  - Already have ACK (at simulation time 545.000,000,000 s)
2025-06-04 14:59:29,767 INFO  - Already have ACK (at simulation time 545.000,000,000 s)
2025-06-04 14:59:29,767 INFO  - Already have ACK (at simulation time 545.000,000,000 s)
2025-06-04 14:59:29,767 INFO  - Already have ACK (at simulation time 545.000,000,000 s)
2025-06-04 14:59:29,767 INFO  - Already have ACK (at simulation time 545.000,000,000 s)
2025-06-04 14:59:29,768 INFO  - Already have ACK (at simulation time 545.000,000,000 s)
2025-06-04 14:59:29,768 INFO  - Already have ACK (at simulation time 545.000,000,000 s)
2025-06-04 14:59:29,768 INFO  - Already have ACK (at simulation time 545.000,000,000 s)
2025-06-04 14:59:29,768 INFO  - Already have ACK (at simulation time 545.000,000,000 s)
2025-06-04 14:59:29,768 INFO  - Already have ACK (at simulation time 545.000,000,000 s)
2025-06-04 14:59:29,768 INFO  - Already have ACK (at simulation time 545.000,000,000 s)
2025-06-04 14:59:29,768 INFO  - Already have ACK (at simulation time 545.000,000,000 s)
2025-06-04 14:59:29,768 INFO  - Already have ACK (at simulation time 545.000,000,000 s)
2025-06-04 14:59:29,768 INFO  - Already have ACK (at simulation time 545.000,000,000 s)
2025-06-04 14:59:29,768 INFO  - Already have ACK (at simulation time 545.000,000,000 s)
2025-06-04 14:59:29,768 INFO  - Already have ACK (at simulation time 545.000,000,000 s)
2025-06-04 14:59:29,768 INFO  - Already have ACK (at simulation time 545.000,000,000 s)
2025-06-04 14:59:29,768 INFO  - Already have ACK (at simulation time 545.000,000,000 s)
2025-06-04 14:59:29,768 INFO  - Already have ACK (at simulation time 545.000,000,000 s)
2025-06-04 14:59:29,768 INFO  - Already have ACK (at simulation time 545.000,000,000 s)
2025-06-04 14:59:29,768 INFO  - Already have ACK (at simulation time 545.000,000,000 s)
2025-06-04 14:59:29,769 INFO  - Already have ACK (at simulation time 545.000,000,000 s)
2025-06-04 14:59:29,769 INFO  - Already have ACK (at simulation time 545.000,000,000 s)
2025-06-04 14:59:29,769 INFO  - Already have ACK (at simulation time 545.000,000,000 s)
2025-06-04 14:59:29,769 INFO  - Already have ACK (at simulation time 545.000,000,000 s)
2025-06-04 14:59:29,769 INFO  - Already have ACK (at simulation time 545.000,000,000 s)
2025-06-04 14:59:29,769 INFO  - Already have ACK (at simulation time 545.000,000,000 s)
2025-06-04 14:59:29,769 INFO  - Already have ACK (at simulation time 545.000,000,000 s)
2025-06-04 14:59:29,769 INFO  - Already have ACK (at simulation time 545.000,000,000 s)
2025-06-04 14:59:29,769 INFO  - Already have ACK (at simulation time 545.000,000,000 s)
2025-06-04 14:59:29,769 INFO  - Already have ACK (at simulation time 545.000,000,000 s)
2025-06-04 14:59:29,769 INFO  - Already have ACK (at simulation time 545.000,000,000 s)
2025-06-04 14:59:29,769 INFO  - Already have ACK (at simulation time 545.000,000,000 s)
2025-06-04 14:59:29,769 INFO  - Already have ACK (at simulation time 545.000,000,000 s)
2025-06-04 14:59:29,769 INFO  - Already have ACK (at simulation time 545.000,000,000 s)
2025-06-04 14:59:29,769 INFO  - Already have ACK (at simulation time 545.000,000,000 s)
2025-06-04 14:59:29,769 INFO  - Already have ACK (at simulation time 545.000,000,000 s)
2025-06-04 14:59:29,769 INFO  - Already have ACK (at simulation time 545.000,000,000 s)
2025-06-04 14:59:29,769 INFO  - Already have ACK (at simulation time 545.000,000,000 s)
2025-06-04 14:59:29,770 INFO  - Already have ACK (at simulation time 545.000,000,000 s)
2025-06-04 14:59:29,770 INFO  - Already have ACK (at simulation time 545.000,000,000 s)
2025-06-04 14:59:29,770 INFO  - Already have ACK (at simulation time 545.000,000,000 s)
2025-06-04 14:59:29,770 INFO  - Already have ACK (at simulation time 545.000,000,000 s)
2025-06-04 14:59:29,770 INFO  - Already have ACK (at simulation time 545.000,000,000 s)
2025-06-04 14:59:29,770 INFO  - Already have ACK (at simulation time 545.000,000,000 s)
2025-06-04 14:59:29,770 INFO  - Already have ACK (at simulation time 545.000,000,000 s)
2025-06-04 14:59:29,770 INFO  - Already have ACK (at simulation time 545.000,000,000 s)
2025-06-04 14:59:29,771 INFO  - Received ACK with origin at RSU from rsu_0 at 545002300000 (at simulation time 545.002,300,000 s)
2025-06-04 14:59:29,772 INFO  - Already have ACK (at simulation time 546.000,000,000 s)
2025-06-04 14:59:29,772 INFO  - Already have ACK (at simulation time 546.000,000,000 s)
2025-06-04 14:59:29,772 INFO  - Already have ACK (at simulation time 546.000,000,000 s)
2025-06-04 14:59:29,772 INFO  - Already have ACK (at simulation time 546.000,000,000 s)
2025-06-04 14:59:29,773 INFO  - Already have ACK (at simulation time 546.000,000,000 s)
2025-06-04 14:59:29,773 INFO  - Already have ACK (at simulation time 546.000,000,000 s)
2025-06-04 14:59:29,773 INFO  - Already have ACK (at simulation time 546.000,000,000 s)
2025-06-04 14:59:29,773 INFO  - Already have ACK (at simulation time 546.000,000,000 s)
2025-06-04 14:59:29,773 INFO  - Already have ACK (at simulation time 546.000,000,000 s)
2025-06-04 14:59:29,773 INFO  - Already have ACK (at simulation time 546.000,000,000 s)
2025-06-04 14:59:29,773 INFO  - Already have ACK (at simulation time 546.000,000,000 s)
2025-06-04 14:59:29,773 INFO  - Already have ACK (at simulation time 546.000,000,000 s)
2025-06-04 14:59:29,773 INFO  - Already have ACK (at simulation time 546.000,000,000 s)
2025-06-04 14:59:29,773 INFO  - Already have ACK (at simulation time 546.000,000,000 s)
2025-06-04 14:59:29,773 INFO  - Already have ACK (at simulation time 546.000,000,000 s)
2025-06-04 14:59:29,773 INFO  - Already have ACK (at simulation time 546.000,000,000 s)
2025-06-04 14:59:29,773 INFO  - Already have ACK (at simulation time 546.000,000,000 s)
2025-06-04 14:59:29,774 INFO  - Already have ACK (at simulation time 546.000,000,000 s)
2025-06-04 14:59:29,774 INFO  - Already have ACK (at simulation time 546.000,000,000 s)
2025-06-04 14:59:29,774 INFO  - Already have ACK (at simulation time 546.000,000,000 s)
2025-06-04 14:59:29,774 INFO  - Already have ACK (at simulation time 546.000,000,000 s)
2025-06-04 14:59:29,774 INFO  - Already have ACK (at simulation time 546.000,000,000 s)
2025-06-04 14:59:29,774 INFO  - Already have ACK (at simulation time 546.000,000,000 s)
2025-06-04 14:59:29,774 INFO  - Already have ACK (at simulation time 546.000,000,000 s)
2025-06-04 14:59:29,774 INFO  - Already have ACK (at simulation time 546.000,000,000 s)
2025-06-04 14:59:29,774 INFO  - Already have ACK (at simulation time 546.000,000,000 s)
2025-06-04 14:59:29,774 INFO  - Already have ACK (at simulation time 546.000,000,000 s)
2025-06-04 14:59:29,774 INFO  - Already have ACK (at simulation time 546.000,000,000 s)
2025-06-04 14:59:29,774 INFO  - Already have ACK (at simulation time 546.000,000,000 s)
2025-06-04 14:59:29,774 INFO  - Already have ACK (at simulation time 546.000,000,000 s)
2025-06-04 14:59:29,774 INFO  - Already have ACK (at simulation time 546.000,000,000 s)
2025-06-04 14:59:29,775 INFO  - Already have ACK (at simulation time 546.000,000,000 s)
2025-06-04 14:59:29,775 INFO  - Already have ACK (at simulation time 546.000,000,000 s)
2025-06-04 14:59:29,775 INFO  - Already have ACK (at simulation time 546.000,000,000 s)
2025-06-04 14:59:29,775 INFO  - Already have ACK (at simulation time 546.000,000,000 s)
2025-06-04 14:59:29,775 INFO  - Already have ACK (at simulation time 546.000,000,000 s)
2025-06-04 14:59:29,775 INFO  - Already have ACK (at simulation time 546.000,000,000 s)
2025-06-04 14:59:29,775 INFO  - Already have ACK (at simulation time 546.000,000,000 s)
2025-06-04 14:59:29,775 INFO  - Already have ACK (at simulation time 546.000,000,000 s)
2025-06-04 14:59:29,775 INFO  - Already have ACK (at simulation time 546.000,000,000 s)
2025-06-04 14:59:29,775 INFO  - Already have ACK (at simulation time 546.000,000,000 s)
2025-06-04 14:59:29,775 INFO  - Already have ACK (at simulation time 546.000,000,000 s)
2025-06-04 14:59:29,775 INFO  - Already have ACK (at simulation time 546.000,000,000 s)
2025-06-04 14:59:29,775 INFO  - Already have ACK (at simulation time 546.000,000,000 s)
2025-06-04 14:59:29,775 INFO  - Already have ACK (at simulation time 546.000,000,000 s)
2025-06-04 14:59:29,775 INFO  - Already have ACK (at simulation time 546.000,000,000 s)
2025-06-04 14:59:29,775 INFO  - Already have ACK (at simulation time 546.000,000,000 s)
2025-06-04 14:59:29,775 INFO  - Already have ACK (at simulation time 546.000,000,000 s)
2025-06-04 14:59:29,775 INFO  - Already have ACK (at simulation time 546.000,000,000 s)
2025-06-04 14:59:29,775 INFO  - Already have ACK (at simulation time 546.000,000,000 s)
2025-06-04 14:59:29,775 INFO  - Already have ACK (at simulation time 546.000,000,000 s)
2025-06-04 14:59:29,776 INFO  - Already have ACK (at simulation time 546.000,000,000 s)
2025-06-04 14:59:29,776 INFO  - Already have ACK (at simulation time 546.000,000,000 s)
2025-06-04 14:59:29,776 INFO  - Already have ACK (at simulation time 546.000,000,000 s)
2025-06-04 14:59:29,776 INFO  - Already have ACK (at simulation time 546.000,000,000 s)
2025-06-04 14:59:29,776 INFO  - Already have ACK (at simulation time 546.000,000,000 s)
2025-06-04 14:59:29,776 INFO  - Already have ACK (at simulation time 546.000,000,000 s)
2025-06-04 14:59:29,778 INFO  - Already have ACK (at simulation time 547.000,000,000 s)
2025-06-04 14:59:29,778 INFO  - Already have ACK (at simulation time 547.000,000,000 s)
2025-06-04 14:59:29,778 INFO  - Already have ACK (at simulation time 547.000,000,000 s)
2025-06-04 14:59:29,779 INFO  - Already have ACK (at simulation time 547.000,000,000 s)
2025-06-04 14:59:29,779 INFO  - Already have ACK (at simulation time 547.000,000,000 s)
2025-06-04 14:59:29,779 INFO  - Already have ACK (at simulation time 547.000,000,000 s)
2025-06-04 14:59:29,779 INFO  - Already have ACK (at simulation time 547.000,000,000 s)
2025-06-04 14:59:29,779 INFO  - Already have ACK (at simulation time 547.000,000,000 s)
2025-06-04 14:59:29,779 INFO  - Already have ACK (at simulation time 547.000,000,000 s)
2025-06-04 14:59:29,779 INFO  - Already have ACK (at simulation time 547.000,000,000 s)
2025-06-04 14:59:29,779 INFO  - Already have ACK (at simulation time 547.000,000,000 s)
2025-06-04 14:59:29,779 INFO  - Already have ACK (at simulation time 547.000,000,000 s)
2025-06-04 14:59:29,780 INFO  - Already have ACK (at simulation time 547.000,000,000 s)
2025-06-04 14:59:29,780 INFO  - Already have ACK (at simulation time 547.000,000,000 s)
2025-06-04 14:59:29,780 INFO  - Already have ACK (at simulation time 547.000,000,000 s)
2025-06-04 14:59:29,780 INFO  - Already have ACK (at simulation time 547.000,000,000 s)
2025-06-04 14:59:29,780 INFO  - Already have ACK (at simulation time 547.000,000,000 s)
2025-06-04 14:59:29,780 INFO  - Already have ACK (at simulation time 547.000,000,000 s)
2025-06-04 14:59:29,780 INFO  - Already have ACK (at simulation time 547.000,000,000 s)
2025-06-04 14:59:29,780 INFO  - Already have ACK (at simulation time 547.000,000,000 s)
2025-06-04 14:59:29,780 INFO  - Already have ACK (at simulation time 547.000,000,000 s)
2025-06-04 14:59:29,780 INFO  - Already have ACK (at simulation time 547.000,000,000 s)
2025-06-04 14:59:29,780 INFO  - Already have ACK (at simulation time 547.000,000,000 s)
2025-06-04 14:59:29,781 INFO  - Already have ACK (at simulation time 547.000,000,000 s)
2025-06-04 14:59:29,781 INFO  - Already have ACK (at simulation time 547.000,000,000 s)
2025-06-04 14:59:29,781 INFO  - Already have ACK (at simulation time 547.000,000,000 s)
2025-06-04 14:59:29,781 INFO  - Already have ACK (at simulation time 547.000,000,000 s)
2025-06-04 14:59:29,781 INFO  - Already have ACK (at simulation time 547.000,000,000 s)
2025-06-04 14:59:29,781 INFO  - Already have ACK (at simulation time 547.000,000,000 s)
2025-06-04 14:59:29,781 INFO  - Already have ACK (at simulation time 547.000,000,000 s)
2025-06-04 14:59:29,781 INFO  - Already have ACK (at simulation time 547.000,000,000 s)
2025-06-04 14:59:29,781 INFO  - Already have ACK (at simulation time 547.000,000,000 s)
2025-06-04 14:59:29,781 INFO  - Already have ACK (at simulation time 547.000,000,000 s)
2025-06-04 14:59:29,781 INFO  - Already have ACK (at simulation time 547.000,000,000 s)
2025-06-04 14:59:29,782 INFO  - Already have ACK (at simulation time 547.000,000,000 s)
2025-06-04 14:59:29,782 INFO  - Already have ACK (at simulation time 547.000,000,000 s)
2025-06-04 14:59:29,782 INFO  - Already have ACK (at simulation time 547.000,000,000 s)
2025-06-04 14:59:29,782 INFO  - Already have ACK (at simulation time 547.000,000,000 s)
2025-06-04 14:59:29,782 INFO  - Already have ACK (at simulation time 547.000,000,000 s)
2025-06-04 14:59:29,782 INFO  - Already have ACK (at simulation time 547.000,000,000 s)
2025-06-04 14:59:29,782 INFO  - Already have ACK (at simulation time 547.000,000,000 s)
2025-06-04 14:59:29,782 INFO  - Already have ACK (at simulation time 547.000,000,000 s)
2025-06-04 14:59:29,782 INFO  - Already have ACK (at simulation time 547.000,000,000 s)
2025-06-04 14:59:29,782 INFO  - Already have ACK (at simulation time 547.000,000,000 s)
2025-06-04 14:59:29,782 INFO  - Already have ACK (at simulation time 547.000,000,000 s)
2025-06-04 14:59:29,782 INFO  - Already have ACK (at simulation time 547.000,000,000 s)
2025-06-04 14:59:29,782 INFO  - Already have ACK (at simulation time 547.000,000,000 s)
2025-06-04 14:59:29,782 INFO  - Already have ACK (at simulation time 547.000,000,000 s)
2025-06-04 14:59:29,782 INFO  - Already have ACK (at simulation time 547.000,000,000 s)
2025-06-04 14:59:29,783 INFO  - Already have ACK (at simulation time 547.000,000,000 s)
2025-06-04 14:59:29,783 INFO  - Already have ACK (at simulation time 547.000,000,000 s)
2025-06-04 14:59:29,783 INFO  - Already have ACK (at simulation time 547.000,000,000 s)
2025-06-04 14:59:29,783 INFO  - Already have ACK (at simulation time 547.000,000,000 s)
2025-06-04 14:59:29,783 INFO  - Already have ACK (at simulation time 547.000,000,000 s)
2025-06-04 14:59:29,783 INFO  - Already have ACK (at simulation time 547.000,000,000 s)
2025-06-04 14:59:29,783 INFO  - Already have ACK (at simulation time 547.000,000,000 s)
2025-06-04 14:59:29,783 INFO  - Already have ACK (at simulation time 547.000,000,000 s)
2025-06-04 14:59:29,783 INFO  - Already have ACK (at simulation time 547.000,000,000 s)
2025-06-04 14:59:29,786 INFO  - Already have ACK (at simulation time 548.000,000,000 s)
2025-06-04 14:59:29,786 INFO  - Already have ACK (at simulation time 548.000,000,000 s)
2025-06-04 14:59:29,787 INFO  - Already have ACK (at simulation time 548.000,000,000 s)
2025-06-04 14:59:29,787 INFO  - Already have ACK (at simulation time 548.000,000,000 s)
2025-06-04 14:59:29,787 INFO  - Already have ACK (at simulation time 548.000,000,000 s)
2025-06-04 14:59:29,787 INFO  - Already have ACK (at simulation time 548.000,000,000 s)
2025-06-04 14:59:29,787 INFO  - Already have ACK (at simulation time 548.000,000,000 s)
2025-06-04 14:59:29,787 INFO  - Already have ACK (at simulation time 548.000,000,000 s)
2025-06-04 14:59:29,787 INFO  - Already have ACK (at simulation time 548.000,000,000 s)
2025-06-04 14:59:29,787 INFO  - Already have ACK (at simulation time 548.000,000,000 s)
2025-06-04 14:59:29,788 INFO  - Already have ACK (at simulation time 548.000,000,000 s)
2025-06-04 14:59:29,788 INFO  - Already have ACK (at simulation time 548.000,000,000 s)
2025-06-04 14:59:29,788 INFO  - Already have ACK (at simulation time 548.000,000,000 s)
2025-06-04 14:59:29,788 INFO  - Already have ACK (at simulation time 548.000,000,000 s)
2025-06-04 14:59:29,788 INFO  - Already have ACK (at simulation time 548.000,000,000 s)
2025-06-04 14:59:29,788 INFO  - Already have ACK (at simulation time 548.000,000,000 s)
2025-06-04 14:59:29,788 INFO  - Already have ACK (at simulation time 548.000,000,000 s)
2025-06-04 14:59:29,788 INFO  - Already have ACK (at simulation time 548.000,000,000 s)
2025-06-04 14:59:29,788 INFO  - Already have ACK (at simulation time 548.000,000,000 s)
2025-06-04 14:59:29,788 INFO  - Already have ACK (at simulation time 548.000,000,000 s)
2025-06-04 14:59:29,789 INFO  - Already have ACK (at simulation time 548.000,000,000 s)
2025-06-04 14:59:29,789 INFO  - Already have ACK (at simulation time 548.000,000,000 s)
2025-06-04 14:59:29,789 INFO  - Already have ACK (at simulation time 548.000,000,000 s)
2025-06-04 14:59:29,789 INFO  - Already have ACK (at simulation time 548.000,000,000 s)
2025-06-04 14:59:29,789 INFO  - Already have ACK (at simulation time 548.000,000,000 s)
2025-06-04 14:59:29,789 INFO  - Already have ACK (at simulation time 548.000,000,000 s)
2025-06-04 14:59:29,789 INFO  - Already have ACK (at simulation time 548.000,000,000 s)
2025-06-04 14:59:29,789 INFO  - Already have ACK (at simulation time 548.000,000,000 s)
2025-06-04 14:59:29,789 INFO  - Already have ACK (at simulation time 548.000,000,000 s)
2025-06-04 14:59:29,789 INFO  - Already have ACK (at simulation time 548.000,000,000 s)
2025-06-04 14:59:29,789 INFO  - Already have ACK (at simulation time 548.000,000,000 s)
2025-06-04 14:59:29,790 INFO  - Already have ACK (at simulation time 548.000,000,000 s)
2025-06-04 14:59:29,790 INFO  - Already have ACK (at simulation time 548.000,000,000 s)
2025-06-04 14:59:29,790 INFO  - Already have ACK (at simulation time 548.000,000,000 s)
2025-06-04 14:59:29,790 INFO  - Already have ACK (at simulation time 548.000,000,000 s)
2025-06-04 14:59:29,790 INFO  - Already have ACK (at simulation time 548.000,000,000 s)
2025-06-04 14:59:29,790 INFO  - Already have ACK (at simulation time 548.000,000,000 s)
2025-06-04 14:59:29,790 INFO  - Already have ACK (at simulation time 548.000,000,000 s)
2025-06-04 14:59:29,790 INFO  - Already have ACK (at simulation time 548.000,000,000 s)
2025-06-04 14:59:29,790 INFO  - Already have ACK (at simulation time 548.000,000,000 s)
2025-06-04 14:59:29,790 INFO  - Already have ACK (at simulation time 548.000,000,000 s)
2025-06-04 14:59:29,790 INFO  - Already have ACK (at simulation time 548.000,000,000 s)
2025-06-04 14:59:29,790 INFO  - Already have ACK (at simulation time 548.000,000,000 s)
2025-06-04 14:59:29,790 INFO  - Already have ACK (at simulation time 548.000,000,000 s)
2025-06-04 14:59:29,791 INFO  - Already have ACK (at simulation time 548.000,000,000 s)
2025-06-04 14:59:29,791 INFO  - Already have ACK (at simulation time 548.000,000,000 s)
2025-06-04 14:59:29,791 INFO  - Already have ACK (at simulation time 548.000,000,000 s)
2025-06-04 14:59:29,791 INFO  - Already have ACK (at simulation time 548.000,000,000 s)
2025-06-04 14:59:29,791 INFO  - Already have ACK (at simulation time 548.000,000,000 s)
2025-06-04 14:59:29,791 INFO  - Already have ACK (at simulation time 548.000,000,000 s)
2025-06-04 14:59:29,791 INFO  - Already have ACK (at simulation time 548.000,000,000 s)
2025-06-04 14:59:29,791 INFO  - Already have ACK (at simulation time 548.000,000,000 s)
2025-06-04 14:59:29,791 INFO  - Already have ACK (at simulation time 548.000,000,000 s)
2025-06-04 14:59:29,791 INFO  - Already have ACK (at simulation time 548.000,000,000 s)
2025-06-04 14:59:29,791 INFO  - Already have ACK (at simulation time 548.000,000,000 s)
2025-06-04 14:59:29,791 INFO  - Already have ACK (at simulation time 548.000,000,000 s)
2025-06-04 14:59:29,791 INFO  - Already have ACK (at simulation time 548.000,000,000 s)
2025-06-04 14:59:29,791 INFO  - Already have ACK (at simulation time 548.000,000,000 s)
2025-06-04 14:59:29,791 INFO  - Already have ACK (at simulation time 548.000,000,000 s)
2025-06-04 14:59:29,794 INFO  - Already have ACK (at simulation time 549.000,000,000 s)
2025-06-04 14:59:29,794 INFO  - Already have ACK (at simulation time 549.000,000,000 s)
2025-06-04 14:59:29,794 INFO  - Already have ACK (at simulation time 549.000,000,000 s)
2025-06-04 14:59:29,795 INFO  - Already have ACK (at simulation time 549.000,000,000 s)
2025-06-04 14:59:29,795 INFO  - Already have ACK (at simulation time 549.000,000,000 s)
2025-06-04 14:59:29,795 INFO  - Already have ACK (at simulation time 549.000,000,000 s)
2025-06-04 14:59:29,795 INFO  - Already have ACK (at simulation time 549.000,000,000 s)
2025-06-04 14:59:29,795 INFO  - Already have ACK (at simulation time 549.000,000,000 s)
2025-06-04 14:59:29,795 INFO  - Already have ACK (at simulation time 549.000,000,000 s)
2025-06-04 14:59:29,795 INFO  - Already have ACK (at simulation time 549.000,000,000 s)
2025-06-04 14:59:29,795 INFO  - Already have ACK (at simulation time 549.000,000,000 s)
2025-06-04 14:59:29,795 INFO  - Already have ACK (at simulation time 549.000,000,000 s)
2025-06-04 14:59:29,795 INFO  - Already have ACK (at simulation time 549.000,000,000 s)
2025-06-04 14:59:29,796 INFO  - Already have ACK (at simulation time 549.000,000,000 s)
2025-06-04 14:59:29,796 INFO  - Already have ACK (at simulation time 549.000,000,000 s)
2025-06-04 14:59:29,796 INFO  - Already have ACK (at simulation time 549.000,000,000 s)
2025-06-04 14:59:29,796 INFO  - Already have ACK (at simulation time 549.000,000,000 s)
2025-06-04 14:59:29,796 INFO  - Already have ACK (at simulation time 549.000,000,000 s)
2025-06-04 14:59:29,796 INFO  - Already have ACK (at simulation time 549.000,000,000 s)
2025-06-04 14:59:29,796 INFO  - Already have ACK (at simulation time 549.000,000,000 s)
2025-06-04 14:59:29,796 INFO  - Already have ACK (at simulation time 549.000,000,000 s)
2025-06-04 14:59:29,796 INFO  - Already have ACK (at simulation time 549.000,000,000 s)
2025-06-04 14:59:29,796 INFO  - Already have ACK (at simulation time 549.000,000,000 s)
2025-06-04 14:59:29,797 INFO  - Already have ACK (at simulation time 549.000,000,000 s)
2025-06-04 14:59:29,797 INFO  - Already have ACK (at simulation time 549.000,000,000 s)
2025-06-04 14:59:29,797 INFO  - Already have ACK (at simulation time 549.000,000,000 s)
2025-06-04 14:59:29,797 INFO  - Already have ACK (at simulation time 549.000,000,000 s)
2025-06-04 14:59:29,797 INFO  - Already have ACK (at simulation time 549.000,000,000 s)
2025-06-04 14:59:29,797 INFO  - Already have ACK (at simulation time 549.000,000,000 s)
2025-06-04 14:59:29,797 INFO  - Already have ACK (at simulation time 549.000,000,000 s)
2025-06-04 14:59:29,797 INFO  - Already have ACK (at simulation time 549.000,000,000 s)
2025-06-04 14:59:29,797 INFO  - Already have ACK (at simulation time 549.000,000,000 s)
2025-06-04 14:59:29,797 INFO  - Already have ACK (at simulation time 549.000,000,000 s)
2025-06-04 14:59:29,797 INFO  - Already have ACK (at simulation time 549.000,000,000 s)
2025-06-04 14:59:29,798 INFO  - Already have ACK (at simulation time 549.000,000,000 s)
2025-06-04 14:59:29,798 INFO  - Already have ACK (at simulation time 549.000,000,000 s)
2025-06-04 14:59:29,798 INFO  - Already have ACK (at simulation time 549.000,000,000 s)
2025-06-04 14:59:29,798 INFO  - Already have ACK (at simulation time 549.000,000,000 s)
2025-06-04 14:59:29,798 INFO  - Already have ACK (at simulation time 549.000,000,000 s)
2025-06-04 14:59:29,798 INFO  - Already have ACK (at simulation time 549.000,000,000 s)
2025-06-04 14:59:29,798 INFO  - Already have ACK (at simulation time 549.000,000,000 s)
2025-06-04 14:59:29,798 INFO  - Already have ACK (at simulation time 549.000,000,000 s)
2025-06-04 14:59:29,798 INFO  - Already have ACK (at simulation time 549.000,000,000 s)
2025-06-04 14:59:29,798 INFO  - Already have ACK (at simulation time 549.000,000,000 s)
2025-06-04 14:59:29,798 INFO  - Already have ACK (at simulation time 549.000,000,000 s)
2025-06-04 14:59:29,798 INFO  - Already have ACK (at simulation time 549.000,000,000 s)
2025-06-04 14:59:29,798 INFO  - Already have ACK (at simulation time 549.000,000,000 s)
2025-06-04 14:59:29,798 INFO  - Already have ACK (at simulation time 549.000,000,000 s)
2025-06-04 14:59:29,798 INFO  - Already have ACK (at simulation time 549.000,000,000 s)
2025-06-04 14:59:29,799 INFO  - Already have ACK (at simulation time 549.000,000,000 s)
2025-06-04 14:59:29,799 INFO  - Already have ACK (at simulation time 549.000,000,000 s)
2025-06-04 14:59:29,799 INFO  - Already have ACK (at simulation time 549.000,000,000 s)
2025-06-04 14:59:29,799 INFO  - Already have ACK (at simulation time 549.000,000,000 s)
2025-06-04 14:59:29,799 INFO  - Already have ACK (at simulation time 549.000,000,000 s)
2025-06-04 14:59:29,799 INFO  - Already have ACK (at simulation time 549.000,000,000 s)
2025-06-04 14:59:29,799 INFO  - Already have ACK (at simulation time 549.000,000,000 s)
2025-06-04 14:59:29,799 INFO  - Already have ACK (at simulation time 549.000,000,000 s)
2025-06-04 14:59:29,799 INFO  - Already have ACK (at simulation time 549.000,000,000 s)
2025-06-04 14:59:29,799 INFO  - Already have ACK (at simulation time 549.000,000,000 s)
2025-06-04 14:59:29,799 INFO  - Already have ACK (at simulation time 549.000,000,000 s)
2025-06-04 14:59:29,863 INFO  - Sent periodic GreenWaveMsg: veh_95 on route r_1 (at simulation time 550.000,000,000 s)
2025-06-04 14:59:29,863 INFO  - Already have ACK (at simulation time 550.000,000,000 s)
2025-06-04 14:59:29,863 INFO  - Already have ACK (at simulation time 550.000,000,000 s)
2025-06-04 14:59:29,863 INFO  - Already have ACK (at simulation time 550.000,000,000 s)
2025-06-04 14:59:29,864 INFO  - Already have ACK (at simulation time 550.000,000,000 s)
2025-06-04 14:59:29,864 INFO  - Already have ACK (at simulation time 550.000,000,000 s)
2025-06-04 14:59:29,864 INFO  - Already have ACK (at simulation time 550.000,000,000 s)
2025-06-04 14:59:29,864 INFO  - Already have ACK (at simulation time 550.000,000,000 s)
2025-06-04 14:59:29,864 INFO  - Already have ACK (at simulation time 550.000,000,000 s)
2025-06-04 14:59:29,864 INFO  - Already have ACK (at simulation time 550.000,000,000 s)
2025-06-04 14:59:29,864 INFO  - Already have ACK (at simulation time 550.000,000,000 s)
2025-06-04 14:59:29,864 INFO  - Already have ACK (at simulation time 550.000,000,000 s)
2025-06-04 14:59:29,864 INFO  - Already have ACK (at simulation time 550.000,000,000 s)
2025-06-04 14:59:29,864 INFO  - Already have ACK (at simulation time 550.000,000,000 s)
2025-06-04 14:59:29,864 INFO  - Already have ACK (at simulation time 550.000,000,000 s)
2025-06-04 14:59:29,865 INFO  - Already have ACK (at simulation time 550.000,000,000 s)
2025-06-04 14:59:29,865 INFO  - Already have ACK (at simulation time 550.000,000,000 s)
2025-06-04 14:59:29,865 INFO  - Already have ACK (at simulation time 550.000,000,000 s)
2025-06-04 14:59:29,865 INFO  - Already have ACK (at simulation time 550.000,000,000 s)
2025-06-04 14:59:29,865 INFO  - Already have ACK (at simulation time 550.000,000,000 s)
2025-06-04 14:59:29,865 INFO  - Already have ACK (at simulation time 550.000,000,000 s)
2025-06-04 14:59:29,865 INFO  - Already have ACK (at simulation time 550.000,000,000 s)
2025-06-04 14:59:29,865 INFO  - Already have ACK (at simulation time 550.000,000,000 s)
2025-06-04 14:59:29,865 INFO  - Already have ACK (at simulation time 550.000,000,000 s)
2025-06-04 14:59:29,865 INFO  - Already have ACK (at simulation time 550.000,000,000 s)
2025-06-04 14:59:29,865 INFO  - Already have ACK (at simulation time 550.000,000,000 s)
2025-06-04 14:59:29,865 INFO  - Already have ACK (at simulation time 550.000,000,000 s)
2025-06-04 14:59:29,865 INFO  - Already have ACK (at simulation time 550.000,000,000 s)
2025-06-04 14:59:29,866 INFO  - Already have ACK (at simulation time 550.000,000,000 s)
2025-06-04 14:59:29,866 INFO  - Already have ACK (at simulation time 550.000,000,000 s)
2025-06-04 14:59:29,866 INFO  - Already have ACK (at simulation time 550.000,000,000 s)
2025-06-04 14:59:29,866 INFO  - Already have ACK (at simulation time 550.000,000,000 s)
2025-06-04 14:59:29,866 INFO  - Already have ACK (at simulation time 550.000,000,000 s)
2025-06-04 14:59:29,866 INFO  - Already have ACK (at simulation time 550.000,000,000 s)
2025-06-04 14:59:29,866 INFO  - Already have ACK (at simulation time 550.000,000,000 s)
2025-06-04 14:59:29,866 INFO  - Already have ACK (at simulation time 550.000,000,000 s)
2025-06-04 14:59:29,866 INFO  - Already have ACK (at simulation time 550.000,000,000 s)
2025-06-04 14:59:29,866 INFO  - Already have ACK (at simulation time 550.000,000,000 s)
2025-06-04 14:59:29,866 INFO  - Already have ACK (at simulation time 550.000,000,000 s)
2025-06-04 14:59:29,866 INFO  - Already have ACK (at simulation time 550.000,000,000 s)
2025-06-04 14:59:29,866 INFO  - Already have ACK (at simulation time 550.000,000,000 s)
2025-06-04 14:59:29,866 INFO  - Already have ACK (at simulation time 550.000,000,000 s)
2025-06-04 14:59:29,866 INFO  - Already have ACK (at simulation time 550.000,000,000 s)
2025-06-04 14:59:29,866 INFO  - Already have ACK (at simulation time 550.000,000,000 s)
2025-06-04 14:59:29,866 INFO  - Already have ACK (at simulation time 550.000,000,000 s)
2025-06-04 14:59:29,867 INFO  - Already have ACK (at simulation time 550.000,000,000 s)
2025-06-04 14:59:29,867 INFO  - Already have ACK (at simulation time 550.000,000,000 s)
2025-06-04 14:59:29,867 INFO  - Already have ACK (at simulation time 550.000,000,000 s)
2025-06-04 14:59:29,867 INFO  - Already have ACK (at simulation time 550.000,000,000 s)
2025-06-04 14:59:29,867 INFO  - Already have ACK (at simulation time 550.000,000,000 s)
2025-06-04 14:59:29,867 INFO  - Already have ACK (at simulation time 550.000,000,000 s)
2025-06-04 14:59:29,867 INFO  - Already have ACK (at simulation time 550.000,000,000 s)
2025-06-04 14:59:29,867 INFO  - Already have ACK (at simulation time 550.000,000,000 s)
2025-06-04 14:59:29,867 INFO  - Already have ACK (at simulation time 550.000,000,000 s)
2025-06-04 14:59:29,867 INFO  - Already have ACK (at simulation time 550.000,000,000 s)
2025-06-04 14:59:29,867 INFO  - Already have ACK (at simulation time 550.000,000,000 s)
2025-06-04 14:59:29,867 INFO  - Already have ACK (at simulation time 550.000,000,000 s)
2025-06-04 14:59:29,867 INFO  - Already have ACK (at simulation time 550.000,000,000 s)
2025-06-04 14:59:29,867 INFO  - Already have ACK (at simulation time 550.000,000,000 s)
2025-06-04 14:59:29,867 INFO  - Already have ACK (at simulation time 550.000,000,000 s)
2025-06-04 14:59:29,867 INFO  - Already have ACK (at simulation time 550.000,000,000 s)
2025-06-04 14:59:29,867 INFO  - Already have ACK (at simulation time 550.000,000,000 s)
2025-06-04 14:59:29,869 INFO  - Received ACK with origin at RSU from rsu_0 at 550002800000 (at simulation time 550.002,800,000 s)
2025-06-04 14:59:29,871 INFO  - Already have ACK (at simulation time 551.000,000,000 s)
2025-06-04 14:59:29,871 INFO  - Already have ACK (at simulation time 551.000,000,000 s)
2025-06-04 14:59:29,871 INFO  - Already have ACK (at simulation time 551.000,000,000 s)
2025-06-04 14:59:29,871 INFO  - Already have ACK (at simulation time 551.000,000,000 s)
2025-06-04 14:59:29,872 INFO  - Already have ACK (at simulation time 551.000,000,000 s)
2025-06-04 14:59:29,872 INFO  - Already have ACK (at simulation time 551.000,000,000 s)
2025-06-04 14:59:29,872 INFO  - Already have ACK (at simulation time 551.000,000,000 s)
2025-06-04 14:59:29,872 INFO  - Already have ACK (at simulation time 551.000,000,000 s)
2025-06-04 14:59:29,872 INFO  - Already have ACK (at simulation time 551.000,000,000 s)
2025-06-04 14:59:29,872 INFO  - Already have ACK (at simulation time 551.000,000,000 s)
2025-06-04 14:59:29,872 INFO  - Already have ACK (at simulation time 551.000,000,000 s)
2025-06-04 14:59:29,872 INFO  - Already have ACK (at simulation time 551.000,000,000 s)
2025-06-04 14:59:29,872 INFO  - Already have ACK (at simulation time 551.000,000,000 s)
2025-06-04 14:59:29,872 INFO  - Already have ACK (at simulation time 551.000,000,000 s)
2025-06-04 14:59:29,872 INFO  - Already have ACK (at simulation time 551.000,000,000 s)
2025-06-04 14:59:29,873 INFO  - Already have ACK (at simulation time 551.000,000,000 s)
2025-06-04 14:59:29,873 INFO  - Already have ACK (at simulation time 551.000,000,000 s)
2025-06-04 14:59:29,873 INFO  - Already have ACK (at simulation time 551.000,000,000 s)
2025-06-04 14:59:29,873 INFO  - Already have ACK (at simulation time 551.000,000,000 s)
2025-06-04 14:59:29,873 INFO  - Already have ACK (at simulation time 551.000,000,000 s)
2025-06-04 14:59:29,873 INFO  - Already have ACK (at simulation time 551.000,000,000 s)
2025-06-04 14:59:29,873 INFO  - Already have ACK (at simulation time 551.000,000,000 s)
2025-06-04 14:59:29,873 INFO  - Already have ACK (at simulation time 551.000,000,000 s)
2025-06-04 14:59:29,873 INFO  - Already have ACK (at simulation time 551.000,000,000 s)
2025-06-04 14:59:29,873 INFO  - Already have ACK (at simulation time 551.000,000,000 s)
2025-06-04 14:59:29,874 INFO  - Already have ACK (at simulation time 551.000,000,000 s)
2025-06-04 14:59:29,874 INFO  - Already have ACK (at simulation time 551.000,000,000 s)
2025-06-04 14:59:29,874 INFO  - Already have ACK (at simulation time 551.000,000,000 s)
2025-06-04 14:59:29,874 INFO  - Already have ACK (at simulation time 551.000,000,000 s)
2025-06-04 14:59:29,874 INFO  - Already have ACK (at simulation time 551.000,000,000 s)
2025-06-04 14:59:29,874 INFO  - Already have ACK (at simulation time 551.000,000,000 s)
2025-06-04 14:59:29,874 INFO  - Already have ACK (at simulation time 551.000,000,000 s)
2025-06-04 14:59:29,874 INFO  - Already have ACK (at simulation time 551.000,000,000 s)
2025-06-04 14:59:29,874 INFO  - Already have ACK (at simulation time 551.000,000,000 s)
2025-06-04 14:59:29,874 INFO  - Already have ACK (at simulation time 551.000,000,000 s)
2025-06-04 14:59:29,874 INFO  - Already have ACK (at simulation time 551.000,000,000 s)
2025-06-04 14:59:29,874 INFO  - Already have ACK (at simulation time 551.000,000,000 s)
2025-06-04 14:59:29,874 INFO  - Already have ACK (at simulation time 551.000,000,000 s)
2025-06-04 14:59:29,874 INFO  - Already have ACK (at simulation time 551.000,000,000 s)
2025-06-04 14:59:29,874 INFO  - Already have ACK (at simulation time 551.000,000,000 s)
2025-06-04 14:59:29,875 INFO  - Already have ACK (at simulation time 551.000,000,000 s)
2025-06-04 14:59:29,875 INFO  - Already have ACK (at simulation time 551.000,000,000 s)
2025-06-04 14:59:29,875 INFO  - Already have ACK (at simulation time 551.000,000,000 s)
2025-06-04 14:59:29,875 INFO  - Already have ACK (at simulation time 551.000,000,000 s)
2025-06-04 14:59:29,875 INFO  - Already have ACK (at simulation time 551.000,000,000 s)
2025-06-04 14:59:29,875 INFO  - Already have ACK (at simulation time 551.000,000,000 s)
2025-06-04 14:59:29,875 INFO  - Already have ACK (at simulation time 551.000,000,000 s)
2025-06-04 14:59:29,875 INFO  - Already have ACK (at simulation time 551.000,000,000 s)
2025-06-04 14:59:29,875 INFO  - Already have ACK (at simulation time 551.000,000,000 s)
2025-06-04 14:59:29,875 INFO  - Already have ACK (at simulation time 551.000,000,000 s)
2025-06-04 14:59:29,875 INFO  - Already have ACK (at simulation time 551.000,000,000 s)
2025-06-04 14:59:29,875 INFO  - Already have ACK (at simulation time 551.000,000,000 s)
2025-06-04 14:59:29,875 INFO  - Already have ACK (at simulation time 551.000,000,000 s)
2025-06-04 14:59:29,875 INFO  - Already have ACK (at simulation time 551.000,000,000 s)
2025-06-04 14:59:29,875 INFO  - Already have ACK (at simulation time 551.000,000,000 s)
2025-06-04 14:59:29,875 INFO  - Already have ACK (at simulation time 551.000,000,000 s)
2025-06-04 14:59:29,875 INFO  - Already have ACK (at simulation time 551.000,000,000 s)
2025-06-04 14:59:29,875 INFO  - Already have ACK (at simulation time 551.000,000,000 s)
2025-06-04 14:59:29,875 INFO  - Already have ACK (at simulation time 551.000,000,000 s)
2025-06-04 14:59:29,875 INFO  - Already have ACK (at simulation time 551.000,000,000 s)
2025-06-04 14:59:29,875 INFO  - Already have ACK (at simulation time 551.000,000,000 s)
2025-06-04 14:59:29,875 INFO  - Already have ACK (at simulation time 551.000,000,000 s)
2025-06-04 14:59:29,877 INFO  - Resent to veh_86 - GreenWaveMsg origin in veh_103 (at simulation time 551.001,400,000 s)
2025-06-04 14:59:29,882 INFO  - Already have ACK (at simulation time 552.000,000,000 s)
2025-06-04 14:59:29,882 INFO  - Already have ACK (at simulation time 552.000,000,000 s)
2025-06-04 14:59:29,883 INFO  - Already have ACK (at simulation time 552.000,000,000 s)
2025-06-04 14:59:29,883 INFO  - Already have ACK (at simulation time 552.000,000,000 s)
2025-06-04 14:59:29,883 INFO  - Already have ACK (at simulation time 552.000,000,000 s)
2025-06-04 14:59:29,883 INFO  - Already have ACK (at simulation time 552.000,000,000 s)
2025-06-04 14:59:29,883 INFO  - Already have ACK (at simulation time 552.000,000,000 s)
2025-06-04 14:59:29,883 INFO  - Already have ACK (at simulation time 552.000,000,000 s)
2025-06-04 14:59:29,883 INFO  - Already have ACK (at simulation time 552.000,000,000 s)
2025-06-04 14:59:29,883 INFO  - Already have ACK (at simulation time 552.000,000,000 s)
2025-06-04 14:59:29,883 INFO  - Already have ACK (at simulation time 552.000,000,000 s)
2025-06-04 14:59:29,883 INFO  - Already have ACK (at simulation time 552.000,000,000 s)
2025-06-04 14:59:29,884 INFO  - Already have ACK (at simulation time 552.000,000,000 s)
2025-06-04 14:59:29,884 INFO  - Already have ACK (at simulation time 552.000,000,000 s)
2025-06-04 14:59:29,884 INFO  - Already have ACK (at simulation time 552.000,000,000 s)
2025-06-04 14:59:29,884 INFO  - Already have ACK (at simulation time 552.000,000,000 s)
2025-06-04 14:59:29,884 INFO  - Already have ACK (at simulation time 552.000,000,000 s)
2025-06-04 14:59:29,884 INFO  - Already have ACK (at simulation time 552.000,000,000 s)
2025-06-04 14:59:29,884 INFO  - Already have ACK (at simulation time 552.000,000,000 s)
2025-06-04 14:59:29,884 INFO  - Already have ACK (at simulation time 552.000,000,000 s)
2025-06-04 14:59:29,884 INFO  - Already have ACK (at simulation time 552.000,000,000 s)
2025-06-04 14:59:29,884 INFO  - Already have ACK (at simulation time 552.000,000,000 s)
2025-06-04 14:59:29,884 INFO  - Already have ACK (at simulation time 552.000,000,000 s)
2025-06-04 14:59:29,884 INFO  - Already have ACK (at simulation time 552.000,000,000 s)
2025-06-04 14:59:29,884 INFO  - Already have ACK (at simulation time 552.000,000,000 s)
2025-06-04 14:59:29,885 INFO  - Already have ACK (at simulation time 552.000,000,000 s)
2025-06-04 14:59:29,885 INFO  - Already have ACK (at simulation time 552.000,000,000 s)
2025-06-04 14:59:29,885 INFO  - Already have ACK (at simulation time 552.000,000,000 s)
2025-06-04 14:59:29,885 INFO  - Already have ACK (at simulation time 552.000,000,000 s)
2025-06-04 14:59:29,885 INFO  - Already have ACK (at simulation time 552.000,000,000 s)
2025-06-04 14:59:29,885 INFO  - Already have ACK (at simulation time 552.000,000,000 s)
2025-06-04 14:59:29,885 INFO  - Already have ACK (at simulation time 552.000,000,000 s)
2025-06-04 14:59:29,885 INFO  - Already have ACK (at simulation time 552.000,000,000 s)
2025-06-04 14:59:29,885 INFO  - Already have ACK (at simulation time 552.000,000,000 s)
2025-06-04 14:59:29,885 INFO  - Already have ACK (at simulation time 552.000,000,000 s)
2025-06-04 14:59:29,885 INFO  - Already have ACK (at simulation time 552.000,000,000 s)
2025-06-04 14:59:29,885 INFO  - Already have ACK (at simulation time 552.000,000,000 s)
2025-06-04 14:59:29,885 INFO  - Already have ACK (at simulation time 552.000,000,000 s)
2025-06-04 14:59:29,886 INFO  - Already have ACK (at simulation time 552.000,000,000 s)
2025-06-04 14:59:29,886 INFO  - Already have ACK (at simulation time 552.000,000,000 s)
2025-06-04 14:59:29,886 INFO  - Already have ACK (at simulation time 552.000,000,000 s)
2025-06-04 14:59:29,886 INFO  - Already have ACK (at simulation time 552.000,000,000 s)
2025-06-04 14:59:29,886 INFO  - Already have ACK (at simulation time 552.000,000,000 s)
2025-06-04 14:59:29,886 INFO  - Already have ACK (at simulation time 552.000,000,000 s)
2025-06-04 14:59:29,886 INFO  - Already have ACK (at simulation time 552.000,000,000 s)
2025-06-04 14:59:29,886 INFO  - Already have ACK (at simulation time 552.000,000,000 s)
2025-06-04 14:59:29,886 INFO  - Already have ACK (at simulation time 552.000,000,000 s)
2025-06-04 14:59:29,886 INFO  - Already have ACK (at simulation time 552.000,000,000 s)
2025-06-04 14:59:29,886 INFO  - Already have ACK (at simulation time 552.000,000,000 s)
2025-06-04 14:59:29,886 INFO  - Already have ACK (at simulation time 552.000,000,000 s)
2025-06-04 14:59:29,886 INFO  - Already have ACK (at simulation time 552.000,000,000 s)
2025-06-04 14:59:29,886 INFO  - Already have ACK (at simulation time 552.000,000,000 s)
2025-06-04 14:59:29,886 INFO  - Already have ACK (at simulation time 552.000,000,000 s)
2025-06-04 14:59:29,886 INFO  - Already have ACK (at simulation time 552.000,000,000 s)
2025-06-04 14:59:29,886 INFO  - Already have ACK (at simulation time 552.000,000,000 s)
2025-06-04 14:59:29,886 INFO  - Already have ACK (at simulation time 552.000,000,000 s)
2025-06-04 14:59:29,887 INFO  - Already have ACK (at simulation time 552.000,000,000 s)
2025-06-04 14:59:29,887 INFO  - Already have ACK (at simulation time 552.000,000,000 s)
2025-06-04 14:59:29,887 INFO  - Already have ACK (at simulation time 552.000,000,000 s)
2025-06-04 14:59:29,887 INFO  - Already have ACK (at simulation time 552.000,000,000 s)
2025-06-04 14:59:29,887 INFO  - Already have ACK (at simulation time 552.000,000,000 s)
2025-06-04 14:59:29,887 INFO  - Already have ACK (at simulation time 552.000,000,000 s)
2025-06-04 14:59:29,887 INFO  - Already have ACK (at simulation time 552.000,000,000 s)
2025-06-04 14:59:29,890 INFO  - Already have ACK (at simulation time 553.000,000,000 s)
2025-06-04 14:59:29,890 INFO  - Already have ACK (at simulation time 553.000,000,000 s)
2025-06-04 14:59:29,890 INFO  - Already have ACK (at simulation time 553.000,000,000 s)
2025-06-04 14:59:29,891 INFO  - Already have ACK (at simulation time 553.000,000,000 s)
2025-06-04 14:59:29,891 INFO  - Already have ACK (at simulation time 553.000,000,000 s)
2025-06-04 14:59:29,891 INFO  - Already have ACK (at simulation time 553.000,000,000 s)
2025-06-04 14:59:29,891 INFO  - Already have ACK (at simulation time 553.000,000,000 s)
2025-06-04 14:59:29,891 INFO  - Already have ACK (at simulation time 553.000,000,000 s)
2025-06-04 14:59:29,891 INFO  - Already have ACK (at simulation time 553.000,000,000 s)
2025-06-04 14:59:29,891 INFO  - Already have ACK (at simulation time 553.000,000,000 s)
2025-06-04 14:59:29,892 INFO  - Already have ACK (at simulation time 553.000,000,000 s)
2025-06-04 14:59:29,892 INFO  - Already have ACK (at simulation time 553.000,000,000 s)
2025-06-04 14:59:29,892 INFO  - Already have ACK (at simulation time 553.000,000,000 s)
2025-06-04 14:59:29,892 INFO  - Already have ACK (at simulation time 553.000,000,000 s)
2025-06-04 14:59:29,892 INFO  - Already have ACK (at simulation time 553.000,000,000 s)
2025-06-04 14:59:29,892 INFO  - Already have ACK (at simulation time 553.000,000,000 s)
2025-06-04 14:59:29,892 INFO  - Already have ACK (at simulation time 553.000,000,000 s)
2025-06-04 14:59:29,892 INFO  - Already have ACK (at simulation time 553.000,000,000 s)
2025-06-04 14:59:29,892 INFO  - Already have ACK (at simulation time 553.000,000,000 s)
2025-06-04 14:59:29,893 INFO  - Already have ACK (at simulation time 553.000,000,000 s)
2025-06-04 14:59:29,893 INFO  - Already have ACK (at simulation time 553.000,000,000 s)
2025-06-04 14:59:29,893 INFO  - Already have ACK (at simulation time 553.000,000,000 s)
2025-06-04 14:59:29,893 INFO  - Already have ACK (at simulation time 553.000,000,000 s)
2025-06-04 14:59:29,893 INFO  - Already have ACK (at simulation time 553.000,000,000 s)
2025-06-04 14:59:29,893 INFO  - Already have ACK (at simulation time 553.000,000,000 s)
2025-06-04 14:59:29,893 INFO  - Already have ACK (at simulation time 553.000,000,000 s)
2025-06-04 14:59:29,893 INFO  - Already have ACK (at simulation time 553.000,000,000 s)
2025-06-04 14:59:29,893 INFO  - Already have ACK (at simulation time 553.000,000,000 s)
2025-06-04 14:59:29,893 INFO  - Already have ACK (at simulation time 553.000,000,000 s)
2025-06-04 14:59:29,894 INFO  - Already have ACK (at simulation time 553.000,000,000 s)
2025-06-04 14:59:29,894 INFO  - Already have ACK (at simulation time 553.000,000,000 s)
2025-06-04 14:59:29,894 INFO  - Already have ACK (at simulation time 553.000,000,000 s)
2025-06-04 14:59:29,894 INFO  - Already have ACK (at simulation time 553.000,000,000 s)
2025-06-04 14:59:29,894 INFO  - Already have ACK (at simulation time 553.000,000,000 s)
2025-06-04 14:59:29,894 INFO  - Already have ACK (at simulation time 553.000,000,000 s)
2025-06-04 14:59:29,894 INFO  - Already have ACK (at simulation time 553.000,000,000 s)
2025-06-04 14:59:29,894 INFO  - Already have ACK (at simulation time 553.000,000,000 s)
2025-06-04 14:59:29,894 INFO  - Already have ACK (at simulation time 553.000,000,000 s)
2025-06-04 14:59:29,894 INFO  - Already have ACK (at simulation time 553.000,000,000 s)
2025-06-04 14:59:29,894 INFO  - Already have ACK (at simulation time 553.000,000,000 s)
2025-06-04 14:59:29,895 INFO  - Already have ACK (at simulation time 553.000,000,000 s)
2025-06-04 14:59:29,895 INFO  - Already have ACK (at simulation time 553.000,000,000 s)
2025-06-04 14:59:29,895 INFO  - Already have ACK (at simulation time 553.000,000,000 s)
2025-06-04 14:59:29,895 INFO  - Already have ACK (at simulation time 553.000,000,000 s)
2025-06-04 14:59:29,895 INFO  - Already have ACK (at simulation time 553.000,000,000 s)
2025-06-04 14:59:29,895 INFO  - Already have ACK (at simulation time 553.000,000,000 s)
2025-06-04 14:59:29,895 INFO  - Already have ACK (at simulation time 553.000,000,000 s)
2025-06-04 14:59:29,895 INFO  - Already have ACK (at simulation time 553.000,000,000 s)
2025-06-04 14:59:29,895 INFO  - Already have ACK (at simulation time 553.000,000,000 s)
2025-06-04 14:59:29,895 INFO  - Already have ACK (at simulation time 553.000,000,000 s)
2025-06-04 14:59:29,895 INFO  - Already have ACK (at simulation time 553.000,000,000 s)
2025-06-04 14:59:29,895 INFO  - Already have ACK (at simulation time 553.000,000,000 s)
2025-06-04 14:59:29,895 INFO  - Already have ACK (at simulation time 553.000,000,000 s)
2025-06-04 14:59:29,895 INFO  - Already have ACK (at simulation time 553.000,000,000 s)
2025-06-04 14:59:29,895 INFO  - Already have ACK (at simulation time 553.000,000,000 s)
2025-06-04 14:59:29,896 INFO  - Already have ACK (at simulation time 553.000,000,000 s)
2025-06-04 14:59:29,896 INFO  - Already have ACK (at simulation time 553.000,000,000 s)
2025-06-04 14:59:29,896 INFO  - Already have ACK (at simulation time 553.000,000,000 s)
2025-06-04 14:59:29,896 INFO  - Already have ACK (at simulation time 553.000,000,000 s)
2025-06-04 14:59:29,896 INFO  - Already have ACK (at simulation time 553.000,000,000 s)
2025-06-04 14:59:29,896 INFO  - Already have ACK (at simulation time 553.000,000,000 s)
2025-06-04 14:59:29,896 INFO  - Already have ACK (at simulation time 553.000,000,000 s)
2025-06-04 14:59:29,896 INFO  - Already have ACK (at simulation time 553.000,000,000 s)
2025-06-04 14:59:29,896 INFO  - Already have ACK (at simulation time 553.000,000,000 s)
2025-06-04 14:59:29,899 INFO  - Already have ACK (at simulation time 554.000,000,000 s)
2025-06-04 14:59:29,900 INFO  - Already have ACK (at simulation time 554.000,000,000 s)
2025-06-04 14:59:29,900 INFO  - Already have ACK (at simulation time 554.000,000,000 s)
2025-06-04 14:59:29,900 INFO  - Already have ACK (at simulation time 554.000,000,000 s)
2025-06-04 14:59:29,900 INFO  - Already have ACK (at simulation time 554.000,000,000 s)
2025-06-04 14:59:29,900 INFO  - Already have ACK (at simulation time 554.000,000,000 s)
2025-06-04 14:59:29,901 INFO  - Already have ACK (at simulation time 554.000,000,000 s)
2025-06-04 14:59:29,901 INFO  - Already have ACK (at simulation time 554.000,000,000 s)
2025-06-04 14:59:29,901 INFO  - Already have ACK (at simulation time 554.000,000,000 s)
2025-06-04 14:59:29,901 INFO  - Already have ACK (at simulation time 554.000,000,000 s)
2025-06-04 14:59:29,901 INFO  - Already have ACK (at simulation time 554.000,000,000 s)
2025-06-04 14:59:29,901 INFO  - Already have ACK (at simulation time 554.000,000,000 s)
2025-06-04 14:59:29,901 INFO  - Already have ACK (at simulation time 554.000,000,000 s)
2025-06-04 14:59:29,901 INFO  - Already have ACK (at simulation time 554.000,000,000 s)
2025-06-04 14:59:29,902 INFO  - Already have ACK (at simulation time 554.000,000,000 s)
2025-06-04 14:59:29,902 INFO  - Already have ACK (at simulation time 554.000,000,000 s)
2025-06-04 14:59:29,902 INFO  - Already have ACK (at simulation time 554.000,000,000 s)
2025-06-04 14:59:29,902 INFO  - Already have ACK (at simulation time 554.000,000,000 s)
2025-06-04 14:59:29,902 INFO  - Already have ACK (at simulation time 554.000,000,000 s)
2025-06-04 14:59:29,902 INFO  - Already have ACK (at simulation time 554.000,000,000 s)
2025-06-04 14:59:29,902 INFO  - Already have ACK (at simulation time 554.000,000,000 s)
2025-06-04 14:59:29,902 INFO  - Already have ACK (at simulation time 554.000,000,000 s)
2025-06-04 14:59:29,902 INFO  - Already have ACK (at simulation time 554.000,000,000 s)
2025-06-04 14:59:29,903 INFO  - Already have ACK (at simulation time 554.000,000,000 s)
2025-06-04 14:59:29,903 INFO  - Already have ACK (at simulation time 554.000,000,000 s)
2025-06-04 14:59:29,903 INFO  - Already have ACK (at simulation time 554.000,000,000 s)
2025-06-04 14:59:29,903 INFO  - Already have ACK (at simulation time 554.000,000,000 s)
2025-06-04 14:59:29,903 INFO  - Already have ACK (at simulation time 554.000,000,000 s)
2025-06-04 14:59:29,903 INFO  - Already have ACK (at simulation time 554.000,000,000 s)
2025-06-04 14:59:29,903 INFO  - Already have ACK (at simulation time 554.000,000,000 s)
2025-06-04 14:59:29,903 INFO  - Already have ACK (at simulation time 554.000,000,000 s)
2025-06-04 14:59:29,903 INFO  - Already have ACK (at simulation time 554.000,000,000 s)
2025-06-04 14:59:29,903 INFO  - Already have ACK (at simulation time 554.000,000,000 s)
2025-06-04 14:59:29,904 INFO  - Already have ACK (at simulation time 554.000,000,000 s)
2025-06-04 14:59:29,904 INFO  - Already have ACK (at simulation time 554.000,000,000 s)
2025-06-04 14:59:29,904 INFO  - Already have ACK (at simulation time 554.000,000,000 s)
2025-06-04 14:59:29,904 INFO  - Already have ACK (at simulation time 554.000,000,000 s)
2025-06-04 14:59:29,904 INFO  - Already have ACK (at simulation time 554.000,000,000 s)
2025-06-04 14:59:29,904 INFO  - Already have ACK (at simulation time 554.000,000,000 s)
2025-06-04 14:59:29,904 INFO  - Already have ACK (at simulation time 554.000,000,000 s)
2025-06-04 14:59:29,904 INFO  - Already have ACK (at simulation time 554.000,000,000 s)
2025-06-04 14:59:29,904 INFO  - Already have ACK (at simulation time 554.000,000,000 s)
2025-06-04 14:59:29,904 INFO  - Already have ACK (at simulation time 554.000,000,000 s)
2025-06-04 14:59:29,904 INFO  - Already have ACK (at simulation time 554.000,000,000 s)
2025-06-04 14:59:29,905 INFO  - Already have ACK (at simulation time 554.000,000,000 s)
2025-06-04 14:59:29,905 INFO  - Already have ACK (at simulation time 554.000,000,000 s)
2025-06-04 14:59:29,905 INFO  - Already have ACK (at simulation time 554.000,000,000 s)
2025-06-04 14:59:29,905 INFO  - Already have ACK (at simulation time 554.000,000,000 s)
2025-06-04 14:59:29,905 INFO  - Already have ACK (at simulation time 554.000,000,000 s)
2025-06-04 14:59:29,905 INFO  - Already have ACK (at simulation time 554.000,000,000 s)
2025-06-04 14:59:29,905 INFO  - Already have ACK (at simulation time 554.000,000,000 s)
2025-06-04 14:59:29,905 INFO  - Already have ACK (at simulation time 554.000,000,000 s)
2025-06-04 14:59:29,905 INFO  - Already have ACK (at simulation time 554.000,000,000 s)
2025-06-04 14:59:29,905 INFO  - Already have ACK (at simulation time 554.000,000,000 s)
2025-06-04 14:59:29,905 INFO  - Already have ACK (at simulation time 554.000,000,000 s)
2025-06-04 14:59:29,905 INFO  - Already have ACK (at simulation time 554.000,000,000 s)
2025-06-04 14:59:29,906 INFO  - Already have ACK (at simulation time 554.000,000,000 s)
2025-06-04 14:59:29,906 INFO  - Already have ACK (at simulation time 554.000,000,000 s)
2025-06-04 14:59:29,906 INFO  - Already have ACK (at simulation time 554.000,000,000 s)
2025-06-04 14:59:29,906 INFO  - Already have ACK (at simulation time 554.000,000,000 s)
2025-06-04 14:59:29,906 INFO  - Already have ACK (at simulation time 554.000,000,000 s)
2025-06-04 14:59:29,906 INFO  - Already have ACK (at simulation time 554.000,000,000 s)
2025-06-04 14:59:29,906 INFO  - Already have ACK (at simulation time 554.000,000,000 s)
2025-06-04 14:59:29,906 INFO  - Already have ACK (at simulation time 554.000,000,000 s)
2025-06-04 14:59:29,906 INFO  - Already have ACK (at simulation time 554.000,000,000 s)
2025-06-04 14:59:29,911 INFO  - Sent periodic GreenWaveMsg: veh_95 on route r_1 (at simulation time 555.000,000,000 s)
2025-06-04 14:59:29,911 INFO  - Already have ACK (at simulation time 555.000,000,000 s)
2025-06-04 14:59:29,911 INFO  - Already have ACK (at simulation time 555.000,000,000 s)
2025-06-04 14:59:29,911 INFO  - Already have ACK (at simulation time 555.000,000,000 s)
2025-06-04 14:59:29,911 INFO  - Already have ACK (at simulation time 555.000,000,000 s)
2025-06-04 14:59:29,912 INFO  - Already have ACK (at simulation time 555.000,000,000 s)
2025-06-04 14:59:29,912 INFO  - Already have ACK (at simulation time 555.000,000,000 s)
2025-06-04 14:59:29,912 INFO  - Already have ACK (at simulation time 555.000,000,000 s)
2025-06-04 14:59:29,912 INFO  - Already have ACK (at simulation time 555.000,000,000 s)
2025-06-04 14:59:29,912 INFO  - Already have ACK (at simulation time 555.000,000,000 s)
2025-06-04 14:59:29,912 INFO  - Already have ACK (at simulation time 555.000,000,000 s)
2025-06-04 14:59:29,912 INFO  - Already have ACK (at simulation time 555.000,000,000 s)
2025-06-04 14:59:29,912 INFO  - Already have ACK (at simulation time 555.000,000,000 s)
2025-06-04 14:59:29,912 INFO  - Already have ACK (at simulation time 555.000,000,000 s)
2025-06-04 14:59:29,913 INFO  - Already have ACK (at simulation time 555.000,000,000 s)
2025-06-04 14:59:29,913 INFO  - Already have ACK (at simulation time 555.000,000,000 s)
2025-06-04 14:59:29,913 INFO  - Already have ACK (at simulation time 555.000,000,000 s)
2025-06-04 14:59:29,913 INFO  - Already have ACK (at simulation time 555.000,000,000 s)
2025-06-04 14:59:29,913 INFO  - Already have ACK (at simulation time 555.000,000,000 s)
2025-06-04 14:59:29,913 INFO  - Already have ACK (at simulation time 555.000,000,000 s)
2025-06-04 14:59:29,913 INFO  - Already have ACK (at simulation time 555.000,000,000 s)
2025-06-04 14:59:29,913 INFO  - Already have ACK (at simulation time 555.000,000,000 s)
2025-06-04 14:59:29,913 INFO  - Already have ACK (at simulation time 555.000,000,000 s)
2025-06-04 14:59:29,914 INFO  - Already have ACK (at simulation time 555.000,000,000 s)
2025-06-04 14:59:29,914 INFO  - Already have ACK (at simulation time 555.000,000,000 s)
2025-06-04 14:59:29,914 INFO  - Already have ACK (at simulation time 555.000,000,000 s)
2025-06-04 14:59:29,914 INFO  - Already have ACK (at simulation time 555.000,000,000 s)
2025-06-04 14:59:29,914 INFO  - Already have ACK (at simulation time 555.000,000,000 s)
2025-06-04 14:59:29,914 INFO  - Already have ACK (at simulation time 555.000,000,000 s)
2025-06-04 14:59:29,914 INFO  - Already have ACK (at simulation time 555.000,000,000 s)
2025-06-04 14:59:29,914 INFO  - Already have ACK (at simulation time 555.000,000,000 s)
2025-06-04 14:59:29,914 INFO  - Already have ACK (at simulation time 555.000,000,000 s)
2025-06-04 14:59:29,914 INFO  - Already have ACK (at simulation time 555.000,000,000 s)
2025-06-04 14:59:29,915 INFO  - Already have ACK (at simulation time 555.000,000,000 s)
2025-06-04 14:59:29,915 INFO  - Already have ACK (at simulation time 555.000,000,000 s)
2025-06-04 14:59:29,915 INFO  - Already have ACK (at simulation time 555.000,000,000 s)
2025-06-04 14:59:29,915 INFO  - Already have ACK (at simulation time 555.000,000,000 s)
2025-06-04 14:59:29,915 INFO  - Already have ACK (at simulation time 555.000,000,000 s)
2025-06-04 14:59:29,915 INFO  - Already have ACK (at simulation time 555.000,000,000 s)
2025-06-04 14:59:29,915 INFO  - Already have ACK (at simulation time 555.000,000,000 s)
2025-06-04 14:59:29,915 INFO  - Already have ACK (at simulation time 555.000,000,000 s)
2025-06-04 14:59:29,915 INFO  - Already have ACK (at simulation time 555.000,000,000 s)
2025-06-04 14:59:29,915 INFO  - Already have ACK (at simulation time 555.000,000,000 s)
2025-06-04 14:59:29,915 INFO  - Already have ACK (at simulation time 555.000,000,000 s)
2025-06-04 14:59:29,915 INFO  - Already have ACK (at simulation time 555.000,000,000 s)
2025-06-04 14:59:29,916 INFO  - Already have ACK (at simulation time 555.000,000,000 s)
2025-06-04 14:59:29,916 INFO  - Already have ACK (at simulation time 555.000,000,000 s)
2025-06-04 14:59:29,916 INFO  - Already have ACK (at simulation time 555.000,000,000 s)
2025-06-04 14:59:29,916 INFO  - Already have ACK (at simulation time 555.000,000,000 s)
2025-06-04 14:59:29,916 INFO  - Already have ACK (at simulation time 555.000,000,000 s)
2025-06-04 14:59:29,916 INFO  - Already have ACK (at simulation time 555.000,000,000 s)
2025-06-04 14:59:29,916 INFO  - Already have ACK (at simulation time 555.000,000,000 s)
2025-06-04 14:59:29,916 INFO  - Already have ACK (at simulation time 555.000,000,000 s)
2025-06-04 14:59:29,916 INFO  - Already have ACK (at simulation time 555.000,000,000 s)
2025-06-04 14:59:29,916 INFO  - Already have ACK (at simulation time 555.000,000,000 s)
2025-06-04 14:59:29,916 INFO  - Already have ACK (at simulation time 555.000,000,000 s)
2025-06-04 14:59:29,916 INFO  - Already have ACK (at simulation time 555.000,000,000 s)
2025-06-04 14:59:29,916 INFO  - Already have ACK (at simulation time 555.000,000,000 s)
2025-06-04 14:59:29,916 INFO  - Already have ACK (at simulation time 555.000,000,000 s)
2025-06-04 14:59:29,916 INFO  - Already have ACK (at simulation time 555.000,000,000 s)
2025-06-04 14:59:29,917 INFO  - Already have ACK (at simulation time 555.000,000,000 s)
2025-06-04 14:59:29,917 INFO  - Already have ACK (at simulation time 555.000,000,000 s)
2025-06-04 14:59:29,917 INFO  - Already have ACK (at simulation time 555.000,000,000 s)
2025-06-04 14:59:29,917 INFO  - Already have ACK (at simulation time 555.000,000,000 s)
2025-06-04 14:59:29,917 INFO  - Already have ACK (at simulation time 555.000,000,000 s)
2025-06-04 14:59:29,917 INFO  - Already have ACK (at simulation time 555.000,000,000 s)
2025-06-04 14:59:29,917 INFO  - Already have ACK (at simulation time 555.000,000,000 s)
2025-06-04 14:59:29,919 INFO  - Received ACK with origin at RSU from rsu_0 at 555002300000 (at simulation time 555.002,300,000 s)
2025-06-04 14:59:29,921 INFO  - Already have ACK (at simulation time 556.000,000,000 s)
2025-06-04 14:59:29,922 INFO  - Already have ACK (at simulation time 556.000,000,000 s)
2025-06-04 14:59:29,922 INFO  - Already have ACK (at simulation time 556.000,000,000 s)
2025-06-04 14:59:29,922 INFO  - Already have ACK (at simulation time 556.000,000,000 s)
2025-06-04 14:59:29,922 INFO  - Already have ACK (at simulation time 556.000,000,000 s)
2025-06-04 14:59:29,922 INFO  - Already have ACK (at simulation time 556.000,000,000 s)
2025-06-04 14:59:29,922 INFO  - Already have ACK (at simulation time 556.000,000,000 s)
2025-06-04 14:59:29,923 INFO  - Already have ACK (at simulation time 556.000,000,000 s)
2025-06-04 14:59:29,923 INFO  - Already have ACK (at simulation time 556.000,000,000 s)
2025-06-04 14:59:29,923 INFO  - Already have ACK (at simulation time 556.000,000,000 s)
2025-06-04 14:59:29,923 INFO  - Already have ACK (at simulation time 556.000,000,000 s)
2025-06-04 14:59:29,923 INFO  - Already have ACK (at simulation time 556.000,000,000 s)
2025-06-04 14:59:29,923 INFO  - Already have ACK (at simulation time 556.000,000,000 s)
2025-06-04 14:59:29,923 INFO  - Already have ACK (at simulation time 556.000,000,000 s)
2025-06-04 14:59:29,924 INFO  - Already have ACK (at simulation time 556.000,000,000 s)
2025-06-04 14:59:29,924 INFO  - Already have ACK (at simulation time 556.000,000,000 s)
2025-06-04 14:59:29,924 INFO  - Already have ACK (at simulation time 556.000,000,000 s)
2025-06-04 14:59:29,924 INFO  - Already have ACK (at simulation time 556.000,000,000 s)
2025-06-04 14:59:29,924 INFO  - Already have ACK (at simulation time 556.000,000,000 s)
2025-06-04 14:59:29,924 INFO  - Already have ACK (at simulation time 556.000,000,000 s)
2025-06-04 14:59:29,924 INFO  - Already have ACK (at simulation time 556.000,000,000 s)
2025-06-04 14:59:29,924 INFO  - Already have ACK (at simulation time 556.000,000,000 s)
2025-06-04 14:59:29,924 INFO  - Already have ACK (at simulation time 556.000,000,000 s)
2025-06-04 14:59:29,925 INFO  - Already have ACK (at simulation time 556.000,000,000 s)
2025-06-04 14:59:29,925 INFO  - Already have ACK (at simulation time 556.000,000,000 s)
2025-06-04 14:59:29,925 INFO  - Already have ACK (at simulation time 556.000,000,000 s)
2025-06-04 14:59:29,925 INFO  - Already have ACK (at simulation time 556.000,000,000 s)
2025-06-04 14:59:29,925 INFO  - Already have ACK (at simulation time 556.000,000,000 s)
2025-06-04 14:59:29,925 INFO  - Already have ACK (at simulation time 556.000,000,000 s)
2025-06-04 14:59:29,925 INFO  - Already have ACK (at simulation time 556.000,000,000 s)
2025-06-04 14:59:29,925 INFO  - Already have ACK (at simulation time 556.000,000,000 s)
2025-06-04 14:59:29,925 INFO  - Already have ACK (at simulation time 556.000,000,000 s)
2025-06-04 14:59:29,926 INFO  - Already have ACK (at simulation time 556.000,000,000 s)
2025-06-04 14:59:29,926 INFO  - Already have ACK (at simulation time 556.000,000,000 s)
2025-06-04 14:59:29,926 INFO  - Already have ACK (at simulation time 556.000,000,000 s)
2025-06-04 14:59:29,926 INFO  - Already have ACK (at simulation time 556.000,000,000 s)
2025-06-04 14:59:29,926 INFO  - Already have ACK (at simulation time 556.000,000,000 s)
2025-06-04 14:59:29,926 INFO  - Already have ACK (at simulation time 556.000,000,000 s)
2025-06-04 14:59:29,926 INFO  - Already have ACK (at simulation time 556.000,000,000 s)
2025-06-04 14:59:29,926 INFO  - Already have ACK (at simulation time 556.000,000,000 s)
2025-06-04 14:59:29,926 INFO  - Already have ACK (at simulation time 556.000,000,000 s)
2025-06-04 14:59:29,926 INFO  - Already have ACK (at simulation time 556.000,000,000 s)
2025-06-04 14:59:29,931 INFO  - Already have ACK (at simulation time 556.000,000,000 s)
2025-06-04 14:59:29,931 INFO  - Already have ACK (at simulation time 556.000,000,000 s)
2025-06-04 14:59:29,931 INFO  - Already have ACK (at simulation time 556.000,000,000 s)
2025-06-04 14:59:29,931 INFO  - Already have ACK (at simulation time 556.000,000,000 s)
2025-06-04 14:59:29,931 INFO  - Already have ACK (at simulation time 556.000,000,000 s)
2025-06-04 14:59:29,931 INFO  - Already have ACK (at simulation time 556.000,000,000 s)
2025-06-04 14:59:29,931 INFO  - Already have ACK (at simulation time 556.000,000,000 s)
2025-06-04 14:59:29,931 INFO  - Already have ACK (at simulation time 556.000,000,000 s)
2025-06-04 14:59:29,931 INFO  - Already have ACK (at simulation time 556.000,000,000 s)
2025-06-04 14:59:29,931 INFO  - Already have ACK (at simulation time 556.000,000,000 s)
2025-06-04 14:59:29,931 INFO  - Already have ACK (at simulation time 556.000,000,000 s)
2025-06-04 14:59:29,931 INFO  - Already have ACK (at simulation time 556.000,000,000 s)
2025-06-04 14:59:29,931 INFO  - Already have ACK (at simulation time 556.000,000,000 s)
2025-06-04 14:59:29,931 INFO  - Already have ACK (at simulation time 556.000,000,000 s)
2025-06-04 14:59:29,931 INFO  - Already have ACK (at simulation time 556.000,000,000 s)
2025-06-04 14:59:29,931 INFO  - Already have ACK (at simulation time 556.000,000,000 s)
2025-06-04 14:59:29,931 INFO  - Already have ACK (at simulation time 556.000,000,000 s)
2025-06-04 14:59:29,931 INFO  - Already have ACK (at simulation time 556.000,000,000 s)
2025-06-04 14:59:29,932 INFO  - Already have ACK (at simulation time 556.000,000,000 s)
2025-06-04 14:59:29,932 INFO  - Already have ACK (at simulation time 556.000,000,000 s)
2025-06-04 14:59:29,932 INFO  - Already have ACK (at simulation time 556.000,000,000 s)
2025-06-04 14:59:29,932 INFO  - Already have ACK (at simulation time 556.000,000,000 s)
2025-06-04 14:59:29,932 INFO  - Already have ACK (at simulation time 556.000,000,000 s)
2025-06-04 14:59:29,932 INFO  - Already have ACK (at simulation time 556.000,000,000 s)
2025-06-04 14:59:29,932 INFO  - Already have ACK (at simulation time 556.000,000,000 s)
2025-06-04 14:59:29,936 INFO  - Already have ACK (at simulation time 557.000,000,000 s)
2025-06-04 14:59:29,936 INFO  - Already have ACK (at simulation time 557.000,000,000 s)
2025-06-04 14:59:29,936 INFO  - Already have ACK (at simulation time 557.000,000,000 s)
2025-06-04 14:59:29,936 INFO  - Already have ACK (at simulation time 557.000,000,000 s)
2025-06-04 14:59:29,937 INFO  - Already have ACK (at simulation time 557.000,000,000 s)
2025-06-04 14:59:29,937 INFO  - Already have ACK (at simulation time 557.000,000,000 s)
2025-06-04 14:59:29,937 INFO  - Already have ACK (at simulation time 557.000,000,000 s)
2025-06-04 14:59:29,937 INFO  - Already have ACK (at simulation time 557.000,000,000 s)
2025-06-04 14:59:29,937 INFO  - Already have ACK (at simulation time 557.000,000,000 s)
2025-06-04 14:59:29,937 INFO  - Already have ACK (at simulation time 557.000,000,000 s)
2025-06-04 14:59:29,937 INFO  - Already have ACK (at simulation time 557.000,000,000 s)
2025-06-04 14:59:29,938 INFO  - Already have ACK (at simulation time 557.000,000,000 s)
2025-06-04 14:59:29,938 INFO  - Already have ACK (at simulation time 557.000,000,000 s)
2025-06-04 14:59:29,938 INFO  - Already have ACK (at simulation time 557.000,000,000 s)
2025-06-04 14:59:29,938 INFO  - Already have ACK (at simulation time 557.000,000,000 s)
2025-06-04 14:59:29,938 INFO  - Already have ACK (at simulation time 557.000,000,000 s)
2025-06-04 14:59:29,938 INFO  - Already have ACK (at simulation time 557.000,000,000 s)
2025-06-04 14:59:29,938 INFO  - Already have ACK (at simulation time 557.000,000,000 s)
2025-06-04 14:59:29,938 INFO  - Already have ACK (at simulation time 557.000,000,000 s)
2025-06-04 14:59:29,938 INFO  - Already have ACK (at simulation time 557.000,000,000 s)
2025-06-04 14:59:29,939 INFO  - Already have ACK (at simulation time 557.000,000,000 s)
2025-06-04 14:59:29,939 INFO  - Already have ACK (at simulation time 557.000,000,000 s)
2025-06-04 14:59:29,939 INFO  - Already have ACK (at simulation time 557.000,000,000 s)
2025-06-04 14:59:29,939 INFO  - Already have ACK (at simulation time 557.000,000,000 s)
2025-06-04 14:59:29,939 INFO  - Already have ACK (at simulation time 557.000,000,000 s)
2025-06-04 14:59:29,939 INFO  - Already have ACK (at simulation time 557.000,000,000 s)
2025-06-04 14:59:29,939 INFO  - Already have ACK (at simulation time 557.000,000,000 s)
2025-06-04 14:59:29,939 INFO  - Already have ACK (at simulation time 557.000,000,000 s)
2025-06-04 14:59:29,939 INFO  - Already have ACK (at simulation time 557.000,000,000 s)
2025-06-04 14:59:29,939 INFO  - Already have ACK (at simulation time 557.000,000,000 s)
2025-06-04 14:59:29,939 INFO  - Already have ACK (at simulation time 557.000,000,000 s)
2025-06-04 14:59:29,939 INFO  - Already have ACK (at simulation time 557.000,000,000 s)
2025-06-04 14:59:29,939 INFO  - Already have ACK (at simulation time 557.000,000,000 s)
2025-06-04 14:59:29,940 INFO  - Already have ACK (at simulation time 557.000,000,000 s)
2025-06-04 14:59:29,940 INFO  - Already have ACK (at simulation time 557.000,000,000 s)
2025-06-04 14:59:29,940 INFO  - Already have ACK (at simulation time 557.000,000,000 s)
2025-06-04 14:59:29,940 INFO  - Already have ACK (at simulation time 557.000,000,000 s)
2025-06-04 14:59:29,940 INFO  - Already have ACK (at simulation time 557.000,000,000 s)
2025-06-04 14:59:29,940 INFO  - Already have ACK (at simulation time 557.000,000,000 s)
2025-06-04 14:59:29,940 INFO  - Already have ACK (at simulation time 557.000,000,000 s)
2025-06-04 14:59:29,940 INFO  - Already have ACK (at simulation time 557.000,000,000 s)
2025-06-04 14:59:29,940 INFO  - Already have ACK (at simulation time 557.000,000,000 s)
2025-06-04 14:59:29,940 INFO  - Already have ACK (at simulation time 557.000,000,000 s)
2025-06-04 14:59:29,940 INFO  - Already have ACK (at simulation time 557.000,000,000 s)
2025-06-04 14:59:29,940 INFO  - Already have ACK (at simulation time 557.000,000,000 s)
2025-06-04 14:59:29,940 INFO  - Already have ACK (at simulation time 557.000,000,000 s)
2025-06-04 14:59:29,940 INFO  - Already have ACK (at simulation time 557.000,000,000 s)
2025-06-04 14:59:29,940 INFO  - Already have ACK (at simulation time 557.000,000,000 s)
2025-06-04 14:59:29,940 INFO  - Already have ACK (at simulation time 557.000,000,000 s)
2025-06-04 14:59:29,941 INFO  - Already have ACK (at simulation time 557.000,000,000 s)
2025-06-04 14:59:29,941 INFO  - Already have ACK (at simulation time 557.000,000,000 s)
2025-06-04 14:59:29,941 INFO  - Already have ACK (at simulation time 557.000,000,000 s)
2025-06-04 14:59:29,941 INFO  - Already have ACK (at simulation time 557.000,000,000 s)
2025-06-04 14:59:29,941 INFO  - Already have ACK (at simulation time 557.000,000,000 s)
2025-06-04 14:59:29,941 INFO  - Already have ACK (at simulation time 557.000,000,000 s)
2025-06-04 14:59:29,941 INFO  - Already have ACK (at simulation time 557.000,000,000 s)
2025-06-04 14:59:29,941 INFO  - Already have ACK (at simulation time 557.000,000,000 s)
2025-06-04 14:59:29,941 INFO  - Already have ACK (at simulation time 557.000,000,000 s)
2025-06-04 14:59:29,941 INFO  - Already have ACK (at simulation time 557.000,000,000 s)
2025-06-04 14:59:29,941 INFO  - Already have ACK (at simulation time 557.000,000,000 s)
2025-06-04 14:59:29,941 INFO  - Already have ACK (at simulation time 557.000,000,000 s)
2025-06-04 14:59:29,941 INFO  - Already have ACK (at simulation time 557.000,000,000 s)
2025-06-04 14:59:29,941 INFO  - Already have ACK (at simulation time 557.000,000,000 s)
2025-06-04 14:59:29,941 INFO  - Already have ACK (at simulation time 557.000,000,000 s)
2025-06-04 14:59:29,942 INFO  - Already have ACK (at simulation time 557.000,000,000 s)
2025-06-04 14:59:29,942 INFO  - Already have ACK (at simulation time 557.000,000,000 s)
2025-06-04 14:59:29,942 INFO  - Already have ACK (at simulation time 557.000,000,000 s)
2025-06-04 14:59:29,942 INFO  - Already have ACK (at simulation time 557.000,000,000 s)
2025-06-04 14:59:29,944 INFO  - Already have ACK (at simulation time 558.000,000,000 s)
2025-06-04 14:59:29,945 INFO  - Already have ACK (at simulation time 558.000,000,000 s)
2025-06-04 14:59:29,945 INFO  - Already have ACK (at simulation time 558.000,000,000 s)
2025-06-04 14:59:29,945 INFO  - Already have ACK (at simulation time 558.000,000,000 s)
2025-06-04 14:59:29,945 INFO  - Already have ACK (at simulation time 558.000,000,000 s)
2025-06-04 14:59:29,945 INFO  - Already have ACK (at simulation time 558.000,000,000 s)
2025-06-04 14:59:29,945 INFO  - Already have ACK (at simulation time 558.000,000,000 s)
2025-06-04 14:59:29,945 INFO  - Already have ACK (at simulation time 558.000,000,000 s)
2025-06-04 14:59:29,945 INFO  - Already have ACK (at simulation time 558.000,000,000 s)
2025-06-04 14:59:29,945 INFO  - Already have ACK (at simulation time 558.000,000,000 s)
2025-06-04 14:59:29,946 INFO  - Already have ACK (at simulation time 558.000,000,000 s)
2025-06-04 14:59:29,946 INFO  - Already have ACK (at simulation time 558.000,000,000 s)
2025-06-04 14:59:29,946 INFO  - Already have ACK (at simulation time 558.000,000,000 s)
2025-06-04 14:59:29,946 INFO  - Already have ACK (at simulation time 558.000,000,000 s)
2025-06-04 14:59:29,946 INFO  - Already have ACK (at simulation time 558.000,000,000 s)
2025-06-04 14:59:29,946 INFO  - Already have ACK (at simulation time 558.000,000,000 s)
2025-06-04 14:59:29,946 INFO  - Already have ACK (at simulation time 558.000,000,000 s)
2025-06-04 14:59:29,946 INFO  - Already have ACK (at simulation time 558.000,000,000 s)
2025-06-04 14:59:29,946 INFO  - Already have ACK (at simulation time 558.000,000,000 s)
2025-06-04 14:59:29,946 INFO  - Already have ACK (at simulation time 558.000,000,000 s)
2025-06-04 14:59:29,946 INFO  - Already have ACK (at simulation time 558.000,000,000 s)
2025-06-04 14:59:29,946 INFO  - Already have ACK (at simulation time 558.000,000,000 s)
2025-06-04 14:59:29,947 INFO  - Already have ACK (at simulation time 558.000,000,000 s)
2025-06-04 14:59:29,947 INFO  - Already have ACK (at simulation time 558.000,000,000 s)
2025-06-04 14:59:29,947 INFO  - Already have ACK (at simulation time 558.000,000,000 s)
2025-06-04 14:59:29,947 INFO  - Already have ACK (at simulation time 558.000,000,000 s)
2025-06-04 14:59:29,947 INFO  - Already have ACK (at simulation time 558.000,000,000 s)
2025-06-04 14:59:29,947 INFO  - Already have ACK (at simulation time 558.000,000,000 s)
2025-06-04 14:59:29,947 INFO  - Already have ACK (at simulation time 558.000,000,000 s)
2025-06-04 14:59:29,947 INFO  - Already have ACK (at simulation time 558.000,000,000 s)
2025-06-04 14:59:29,947 INFO  - Already have ACK (at simulation time 558.000,000,000 s)
2025-06-04 14:59:29,947 INFO  - Already have ACK (at simulation time 558.000,000,000 s)
2025-06-04 14:59:29,947 INFO  - Already have ACK (at simulation time 558.000,000,000 s)
2025-06-04 14:59:29,947 INFO  - Already have ACK (at simulation time 558.000,000,000 s)
2025-06-04 14:59:29,947 INFO  - Already have ACK (at simulation time 558.000,000,000 s)
2025-06-04 14:59:29,947 INFO  - Already have ACK (at simulation time 558.000,000,000 s)
2025-06-04 14:59:29,948 INFO  - Already have ACK (at simulation time 558.000,000,000 s)
2025-06-04 14:59:29,948 INFO  - Already have ACK (at simulation time 558.000,000,000 s)
2025-06-04 14:59:29,948 INFO  - Already have ACK (at simulation time 558.000,000,000 s)
2025-06-04 14:59:29,948 INFO  - Already have ACK (at simulation time 558.000,000,000 s)
2025-06-04 14:59:29,948 INFO  - Already have ACK (at simulation time 558.000,000,000 s)
2025-06-04 14:59:29,948 INFO  - Already have ACK (at simulation time 558.000,000,000 s)
2025-06-04 14:59:29,948 INFO  - Already have ACK (at simulation time 558.000,000,000 s)
2025-06-04 14:59:29,948 INFO  - Already have ACK (at simulation time 558.000,000,000 s)
2025-06-04 14:59:29,948 INFO  - Already have ACK (at simulation time 558.000,000,000 s)
2025-06-04 14:59:29,948 INFO  - Already have ACK (at simulation time 558.000,000,000 s)
2025-06-04 14:59:29,948 INFO  - Already have ACK (at simulation time 558.000,000,000 s)
2025-06-04 14:59:29,948 INFO  - Already have ACK (at simulation time 558.000,000,000 s)
2025-06-04 14:59:29,948 INFO  - Already have ACK (at simulation time 558.000,000,000 s)
2025-06-04 14:59:29,948 INFO  - Already have ACK (at simulation time 558.000,000,000 s)
2025-06-04 14:59:29,948 INFO  - Already have ACK (at simulation time 558.000,000,000 s)
2025-06-04 14:59:29,948 INFO  - Already have ACK (at simulation time 558.000,000,000 s)
2025-06-04 14:59:29,948 INFO  - Already have ACK (at simulation time 558.000,000,000 s)
2025-06-04 14:59:29,948 INFO  - Already have ACK (at simulation time 558.000,000,000 s)
2025-06-04 14:59:29,949 INFO  - Already have ACK (at simulation time 558.000,000,000 s)
2025-06-04 14:59:29,949 INFO  - Already have ACK (at simulation time 558.000,000,000 s)
2025-06-04 14:59:29,949 INFO  - Already have ACK (at simulation time 558.000,000,000 s)
2025-06-04 14:59:29,949 INFO  - Already have ACK (at simulation time 558.000,000,000 s)
2025-06-04 14:59:29,949 INFO  - Already have ACK (at simulation time 558.000,000,000 s)
2025-06-04 14:59:29,949 INFO  - Already have ACK (at simulation time 558.000,000,000 s)
2025-06-04 14:59:29,949 INFO  - Already have ACK (at simulation time 558.000,000,000 s)
2025-06-04 14:59:29,949 INFO  - Already have ACK (at simulation time 558.000,000,000 s)
2025-06-04 14:59:29,949 INFO  - Already have ACK (at simulation time 558.000,000,000 s)
2025-06-04 14:59:29,949 INFO  - Already have ACK (at simulation time 558.000,000,000 s)
2025-06-04 14:59:29,949 INFO  - Already have ACK (at simulation time 558.000,000,000 s)
2025-06-04 14:59:29,949 INFO  - Already have ACK (at simulation time 558.000,000,000 s)
2025-06-04 14:59:29,949 INFO  - Already have ACK (at simulation time 558.000,000,000 s)
2025-06-04 14:59:29,949 INFO  - Already have ACK (at simulation time 558.000,000,000 s)
2025-06-04 14:59:29,949 INFO  - Already have ACK (at simulation time 558.000,000,000 s)
2025-06-04 14:59:29,953 INFO  - Already have ACK (at simulation time 559.000,000,000 s)
2025-06-04 14:59:29,953 INFO  - Already have ACK (at simulation time 559.000,000,000 s)
2025-06-04 14:59:29,953 INFO  - Already have ACK (at simulation time 559.000,000,000 s)
2025-06-04 14:59:29,954 INFO  - Already have ACK (at simulation time 559.000,000,000 s)
2025-06-04 14:59:29,954 INFO  - Already have ACK (at simulation time 559.000,000,000 s)
2025-06-04 14:59:29,954 INFO  - Already have ACK (at simulation time 559.000,000,000 s)
2025-06-04 14:59:29,954 INFO  - Already have ACK (at simulation time 559.000,000,000 s)
2025-06-04 14:59:29,954 INFO  - Already have ACK (at simulation time 559.000,000,000 s)
2025-06-04 14:59:29,954 INFO  - Already have ACK (at simulation time 559.000,000,000 s)
2025-06-04 14:59:29,954 INFO  - Already have ACK (at simulation time 559.000,000,000 s)
2025-06-04 14:59:29,955 INFO  - Already have ACK (at simulation time 559.000,000,000 s)
2025-06-04 14:59:29,955 INFO  - Already have ACK (at simulation time 559.000,000,000 s)
2025-06-04 14:59:29,955 INFO  - Already have ACK (at simulation time 559.000,000,000 s)
2025-06-04 14:59:29,955 INFO  - Already have ACK (at simulation time 559.000,000,000 s)
2025-06-04 14:59:29,955 INFO  - Already have ACK (at simulation time 559.000,000,000 s)
2025-06-04 14:59:29,955 INFO  - Already have ACK (at simulation time 559.000,000,000 s)
2025-06-04 14:59:29,955 INFO  - Already have ACK (at simulation time 559.000,000,000 s)
2025-06-04 14:59:29,955 INFO  - Already have ACK (at simulation time 559.000,000,000 s)
2025-06-04 14:59:29,955 INFO  - Already have ACK (at simulation time 559.000,000,000 s)
2025-06-04 14:59:29,956 INFO  - Already have ACK (at simulation time 559.000,000,000 s)
2025-06-04 14:59:29,956 INFO  - Already have ACK (at simulation time 559.000,000,000 s)
2025-06-04 14:59:29,956 INFO  - Already have ACK (at simulation time 559.000,000,000 s)
2025-06-04 14:59:29,956 INFO  - Already have ACK (at simulation time 559.000,000,000 s)
2025-06-04 14:59:29,956 INFO  - Already have ACK (at simulation time 559.000,000,000 s)
2025-06-04 14:59:29,956 INFO  - Already have ACK (at simulation time 559.000,000,000 s)
2025-06-04 14:59:29,956 INFO  - Already have ACK (at simulation time 559.000,000,000 s)
2025-06-04 14:59:29,956 INFO  - Already have ACK (at simulation time 559.000,000,000 s)
2025-06-04 14:59:29,956 INFO  - Already have ACK (at simulation time 559.000,000,000 s)
2025-06-04 14:59:29,956 INFO  - Already have ACK (at simulation time 559.000,000,000 s)
2025-06-04 14:59:29,957 INFO  - Already have ACK (at simulation time 559.000,000,000 s)
2025-06-04 14:59:29,957 INFO  - Already have ACK (at simulation time 559.000,000,000 s)
2025-06-04 14:59:29,957 INFO  - Already have ACK (at simulation time 559.000,000,000 s)
2025-06-04 14:59:29,957 INFO  - Already have ACK (at simulation time 559.000,000,000 s)
2025-06-04 14:59:29,957 INFO  - Already have ACK (at simulation time 559.000,000,000 s)
2025-06-04 14:59:29,957 INFO  - Already have ACK (at simulation time 559.000,000,000 s)
2025-06-04 14:59:29,957 INFO  - Already have ACK (at simulation time 559.000,000,000 s)
2025-06-04 14:59:29,957 INFO  - Already have ACK (at simulation time 559.000,000,000 s)
2025-06-04 14:59:29,957 INFO  - Already have ACK (at simulation time 559.000,000,000 s)
2025-06-04 14:59:29,957 INFO  - Already have ACK (at simulation time 559.000,000,000 s)
2025-06-04 14:59:29,957 INFO  - Already have ACK (at simulation time 559.000,000,000 s)
2025-06-04 14:59:29,957 INFO  - Already have ACK (at simulation time 559.000,000,000 s)
2025-06-04 14:59:29,957 INFO  - Already have ACK (at simulation time 559.000,000,000 s)
2025-06-04 14:59:29,958 INFO  - Already have ACK (at simulation time 559.000,000,000 s)
2025-06-04 14:59:29,958 INFO  - Already have ACK (at simulation time 559.000,000,000 s)
2025-06-04 14:59:29,958 INFO  - Already have ACK (at simulation time 559.000,000,000 s)
2025-06-04 14:59:29,958 INFO  - Already have ACK (at simulation time 559.000,000,000 s)
2025-06-04 14:59:29,958 INFO  - Already have ACK (at simulation time 559.000,000,000 s)
2025-06-04 14:59:29,958 INFO  - Already have ACK (at simulation time 559.000,000,000 s)
2025-06-04 14:59:29,958 INFO  - Already have ACK (at simulation time 559.000,000,000 s)
2025-06-04 14:59:29,958 INFO  - Already have ACK (at simulation time 559.000,000,000 s)
2025-06-04 14:59:29,958 INFO  - Already have ACK (at simulation time 559.000,000,000 s)
2025-06-04 14:59:29,958 INFO  - Already have ACK (at simulation time 559.000,000,000 s)
2025-06-04 14:59:29,958 INFO  - Already have ACK (at simulation time 559.000,000,000 s)
2025-06-04 14:59:29,958 INFO  - Already have ACK (at simulation time 559.000,000,000 s)
2025-06-04 14:59:29,958 INFO  - Already have ACK (at simulation time 559.000,000,000 s)
2025-06-04 14:59:29,958 INFO  - Already have ACK (at simulation time 559.000,000,000 s)
2025-06-04 14:59:29,958 INFO  - Already have ACK (at simulation time 559.000,000,000 s)
2025-06-04 14:59:29,959 INFO  - Already have ACK (at simulation time 559.000,000,000 s)
2025-06-04 14:59:29,959 INFO  - Already have ACK (at simulation time 559.000,000,000 s)
2025-06-04 14:59:29,959 INFO  - Already have ACK (at simulation time 559.000,000,000 s)
2025-06-04 14:59:29,959 INFO  - Already have ACK (at simulation time 559.000,000,000 s)
2025-06-04 14:59:29,959 INFO  - Already have ACK (at simulation time 559.000,000,000 s)
2025-06-04 14:59:29,959 INFO  - Already have ACK (at simulation time 559.000,000,000 s)
2025-06-04 14:59:29,959 INFO  - Already have ACK (at simulation time 559.000,000,000 s)
2025-06-04 14:59:29,959 INFO  - Already have ACK (at simulation time 559.000,000,000 s)
2025-06-04 14:59:29,959 INFO  - Already have ACK (at simulation time 559.000,000,000 s)
2025-06-04 14:59:29,959 INFO  - Already have ACK (at simulation time 559.000,000,000 s)
2025-06-04 14:59:29,959 INFO  - Already have ACK (at simulation time 559.000,000,000 s)
2025-06-04 14:59:29,959 INFO  - Already have ACK (at simulation time 559.000,000,000 s)
2025-06-04 14:59:29,959 INFO  - Already have ACK (at simulation time 559.000,000,000 s)
2025-06-04 14:59:29,963 INFO  - Sent periodic GreenWaveMsg: veh_95 on route r_1 (at simulation time 560.000,000,000 s)
2025-06-04 14:59:29,963 INFO  - Already have ACK (at simulation time 560.000,000,000 s)
2025-06-04 14:59:29,963 INFO  - Already have ACK (at simulation time 560.000,000,000 s)
2025-06-04 14:59:29,963 INFO  - Already have ACK (at simulation time 560.000,000,000 s)
2025-06-04 14:59:29,963 INFO  - Already have ACK (at simulation time 560.000,000,000 s)
2025-06-04 14:59:29,963 INFO  - Already have ACK (at simulation time 560.000,000,000 s)
2025-06-04 14:59:29,963 INFO  - Already have ACK (at simulation time 560.000,000,000 s)
2025-06-04 14:59:29,964 INFO  - Already have ACK (at simulation time 560.000,000,000 s)
2025-06-04 14:59:29,964 INFO  - Already have ACK (at simulation time 560.000,000,000 s)
2025-06-04 14:59:29,964 INFO  - Already have ACK (at simulation time 560.000,000,000 s)
2025-06-04 14:59:29,964 INFO  - Already have ACK (at simulation time 560.000,000,000 s)
2025-06-04 14:59:29,964 INFO  - Already have ACK (at simulation time 560.000,000,000 s)
2025-06-04 14:59:29,964 INFO  - Already have ACK (at simulation time 560.000,000,000 s)
2025-06-04 14:59:29,964 INFO  - Already have ACK (at simulation time 560.000,000,000 s)
2025-06-04 14:59:29,964 INFO  - Already have ACK (at simulation time 560.000,000,000 s)
2025-06-04 14:59:29,964 INFO  - Already have ACK (at simulation time 560.000,000,000 s)
2025-06-04 14:59:29,964 INFO  - Already have ACK (at simulation time 560.000,000,000 s)
2025-06-04 14:59:29,964 INFO  - Already have ACK (at simulation time 560.000,000,000 s)
2025-06-04 14:59:29,965 INFO  - Already have ACK (at simulation time 560.000,000,000 s)
2025-06-04 14:59:29,965 INFO  - Already have ACK (at simulation time 560.000,000,000 s)
2025-06-04 14:59:29,965 INFO  - Already have ACK (at simulation time 560.000,000,000 s)
2025-06-04 14:59:29,965 INFO  - Already have ACK (at simulation time 560.000,000,000 s)
2025-06-04 14:59:29,965 INFO  - Already have ACK (at simulation time 560.000,000,000 s)
2025-06-04 14:59:29,965 INFO  - Already have ACK (at simulation time 560.000,000,000 s)
2025-06-04 14:59:29,965 INFO  - Already have ACK (at simulation time 560.000,000,000 s)
2025-06-04 14:59:29,965 INFO  - Already have ACK (at simulation time 560.000,000,000 s)
2025-06-04 14:59:29,965 INFO  - Already have ACK (at simulation time 560.000,000,000 s)
2025-06-04 14:59:29,965 INFO  - Already have ACK (at simulation time 560.000,000,000 s)
2025-06-04 14:59:29,965 INFO  - Already have ACK (at simulation time 560.000,000,000 s)
2025-06-04 14:59:29,965 INFO  - Already have ACK (at simulation time 560.000,000,000 s)
2025-06-04 14:59:29,966 INFO  - Already have ACK (at simulation time 560.000,000,000 s)
2025-06-04 14:59:29,966 INFO  - Already have ACK (at simulation time 560.000,000,000 s)
2025-06-04 14:59:29,966 INFO  - Already have ACK (at simulation time 560.000,000,000 s)
2025-06-04 14:59:29,966 INFO  - Already have ACK (at simulation time 560.000,000,000 s)
2025-06-04 14:59:29,966 INFO  - Already have ACK (at simulation time 560.000,000,000 s)
2025-06-04 14:59:29,966 INFO  - Already have ACK (at simulation time 560.000,000,000 s)
2025-06-04 14:59:29,966 INFO  - Already have ACK (at simulation time 560.000,000,000 s)
2025-06-04 14:59:29,966 INFO  - Already have ACK (at simulation time 560.000,000,000 s)
2025-06-04 14:59:29,966 INFO  - Already have ACK (at simulation time 560.000,000,000 s)
2025-06-04 14:59:29,966 INFO  - Already have ACK (at simulation time 560.000,000,000 s)
2025-06-04 14:59:29,966 INFO  - Already have ACK (at simulation time 560.000,000,000 s)
2025-06-04 14:59:29,966 INFO  - Already have ACK (at simulation time 560.000,000,000 s)
2025-06-04 14:59:29,966 INFO  - Already have ACK (at simulation time 560.000,000,000 s)
2025-06-04 14:59:29,966 INFO  - Already have ACK (at simulation time 560.000,000,000 s)
2025-06-04 14:59:29,966 INFO  - Already have ACK (at simulation time 560.000,000,000 s)
2025-06-04 14:59:29,966 INFO  - Already have ACK (at simulation time 560.000,000,000 s)
2025-06-04 14:59:29,967 INFO  - Already have ACK (at simulation time 560.000,000,000 s)
2025-06-04 14:59:29,967 INFO  - Already have ACK (at simulation time 560.000,000,000 s)
2025-06-04 14:59:29,967 INFO  - Already have ACK (at simulation time 560.000,000,000 s)
2025-06-04 14:59:29,967 INFO  - Already have ACK (at simulation time 560.000,000,000 s)
2025-06-04 14:59:29,967 INFO  - Already have ACK (at simulation time 560.000,000,000 s)
2025-06-04 14:59:29,967 INFO  - Already have ACK (at simulation time 560.000,000,000 s)
2025-06-04 14:59:29,967 INFO  - Already have ACK (at simulation time 560.000,000,000 s)
2025-06-04 14:59:29,967 INFO  - Already have ACK (at simulation time 560.000,000,000 s)
2025-06-04 14:59:29,967 INFO  - Already have ACK (at simulation time 560.000,000,000 s)
2025-06-04 14:59:29,967 INFO  - Already have ACK (at simulation time 560.000,000,000 s)
2025-06-04 14:59:29,967 INFO  - Already have ACK (at simulation time 560.000,000,000 s)
2025-06-04 14:59:29,967 INFO  - Already have ACK (at simulation time 560.000,000,000 s)
2025-06-04 14:59:29,967 INFO  - Already have ACK (at simulation time 560.000,000,000 s)
2025-06-04 14:59:29,967 INFO  - Already have ACK (at simulation time 560.000,000,000 s)
2025-06-04 14:59:29,967 INFO  - Already have ACK (at simulation time 560.000,000,000 s)
2025-06-04 14:59:29,967 INFO  - Already have ACK (at simulation time 560.000,000,000 s)
2025-06-04 14:59:29,967 INFO  - Already have ACK (at simulation time 560.000,000,000 s)
2025-06-04 14:59:29,967 INFO  - Already have ACK (at simulation time 560.000,000,000 s)
2025-06-04 14:59:29,968 INFO  - Already have ACK (at simulation time 560.000,000,000 s)
2025-06-04 14:59:29,968 INFO  - Already have ACK (at simulation time 560.000,000,000 s)
2025-06-04 14:59:29,968 INFO  - Already have ACK (at simulation time 560.000,000,000 s)
2025-06-04 14:59:29,968 INFO  - Already have ACK (at simulation time 560.000,000,000 s)
2025-06-04 14:59:29,968 INFO  - Already have ACK (at simulation time 560.000,000,000 s)
2025-06-04 14:59:29,968 INFO  - Already have ACK (at simulation time 560.000,000,000 s)
2025-06-04 14:59:29,968 INFO  - Already have ACK (at simulation time 560.000,000,000 s)
2025-06-04 14:59:29,968 INFO  - Already have ACK (at simulation time 560.000,000,000 s)
2025-06-04 14:59:29,972 INFO  - Already have ACK (at simulation time 561.000,000,000 s)
2025-06-04 14:59:29,972 INFO  - Already have ACK (at simulation time 561.000,000,000 s)
2025-06-04 14:59:29,972 INFO  - Already have ACK (at simulation time 561.000,000,000 s)
2025-06-04 14:59:29,972 INFO  - Already have ACK (at simulation time 561.000,000,000 s)
2025-06-04 14:59:29,973 INFO  - Already have ACK (at simulation time 561.000,000,000 s)
2025-06-04 14:59:29,973 INFO  - Already have ACK (at simulation time 561.000,000,000 s)
2025-06-04 14:59:29,973 INFO  - Already have ACK (at simulation time 561.000,000,000 s)
2025-06-04 14:59:29,973 INFO  - Already have ACK (at simulation time 561.000,000,000 s)
2025-06-04 14:59:29,973 INFO  - Already have ACK (at simulation time 561.000,000,000 s)
2025-06-04 14:59:29,973 INFO  - Already have ACK (at simulation time 561.000,000,000 s)
2025-06-04 14:59:29,973 INFO  - Already have ACK (at simulation time 561.000,000,000 s)
2025-06-04 14:59:29,973 INFO  - Already have ACK (at simulation time 561.000,000,000 s)
2025-06-04 14:59:29,973 INFO  - Already have ACK (at simulation time 561.000,000,000 s)
2025-06-04 14:59:29,973 INFO  - Already have ACK (at simulation time 561.000,000,000 s)
2025-06-04 14:59:29,974 INFO  - Already have ACK (at simulation time 561.000,000,000 s)
2025-06-04 14:59:29,974 INFO  - Already have ACK (at simulation time 561.000,000,000 s)
2025-06-04 14:59:29,974 INFO  - Already have ACK (at simulation time 561.000,000,000 s)
2025-06-04 14:59:29,974 INFO  - Already have ACK (at simulation time 561.000,000,000 s)
2025-06-04 14:59:29,974 INFO  - Already have ACK (at simulation time 561.000,000,000 s)
2025-06-04 14:59:29,974 INFO  - Already have ACK (at simulation time 561.000,000,000 s)
2025-06-04 14:59:29,974 INFO  - Already have ACK (at simulation time 561.000,000,000 s)
2025-06-04 14:59:29,974 INFO  - Already have ACK (at simulation time 561.000,000,000 s)
2025-06-04 14:59:29,974 INFO  - Already have ACK (at simulation time 561.000,000,000 s)
2025-06-04 14:59:29,974 INFO  - Already have ACK (at simulation time 561.000,000,000 s)
2025-06-04 14:59:29,974 INFO  - Already have ACK (at simulation time 561.000,000,000 s)
2025-06-04 14:59:29,974 INFO  - Already have ACK (at simulation time 561.000,000,000 s)
2025-06-04 14:59:29,974 INFO  - Already have ACK (at simulation time 561.000,000,000 s)
2025-06-04 14:59:29,975 INFO  - Already have ACK (at simulation time 561.000,000,000 s)
2025-06-04 14:59:29,975 INFO  - Already have ACK (at simulation time 561.000,000,000 s)
2025-06-04 14:59:29,975 INFO  - Already have ACK (at simulation time 561.000,000,000 s)
2025-06-04 14:59:29,975 INFO  - Already have ACK (at simulation time 561.000,000,000 s)
2025-06-04 14:59:29,975 INFO  - Already have ACK (at simulation time 561.000,000,000 s)
2025-06-04 14:59:29,975 INFO  - Already have ACK (at simulation time 561.000,000,000 s)
2025-06-04 14:59:29,975 INFO  - Already have ACK (at simulation time 561.000,000,000 s)
2025-06-04 14:59:29,975 INFO  - Already have ACK (at simulation time 561.000,000,000 s)
2025-06-04 14:59:29,975 INFO  - Already have ACK (at simulation time 561.000,000,000 s)
2025-06-04 14:59:29,975 INFO  - Already have ACK (at simulation time 561.000,000,000 s)
2025-06-04 14:59:29,975 INFO  - Already have ACK (at simulation time 561.000,000,000 s)
2025-06-04 14:59:29,975 INFO  - Already have ACK (at simulation time 561.000,000,000 s)
2025-06-04 14:59:29,975 INFO  - Already have ACK (at simulation time 561.000,000,000 s)
2025-06-04 14:59:29,975 INFO  - Already have ACK (at simulation time 561.000,000,000 s)
2025-06-04 14:59:29,976 INFO  - Already have ACK (at simulation time 561.000,000,000 s)
2025-06-04 14:59:29,976 INFO  - Already have ACK (at simulation time 561.000,000,000 s)
2025-06-04 14:59:29,976 INFO  - Already have ACK (at simulation time 561.000,000,000 s)
2025-06-04 14:59:29,976 INFO  - Already have ACK (at simulation time 561.000,000,000 s)
2025-06-04 14:59:29,976 INFO  - Already have ACK (at simulation time 561.000,000,000 s)
2025-06-04 14:59:29,976 INFO  - Already have ACK (at simulation time 561.000,000,000 s)
2025-06-04 14:59:29,976 INFO  - Already have ACK (at simulation time 561.000,000,000 s)
2025-06-04 14:59:29,976 INFO  - Already have ACK (at simulation time 561.000,000,000 s)
2025-06-04 14:59:29,976 INFO  - Already have ACK (at simulation time 561.000,000,000 s)
2025-06-04 14:59:29,976 INFO  - Already have ACK (at simulation time 561.000,000,000 s)
2025-06-04 14:59:29,976 INFO  - Already have ACK (at simulation time 561.000,000,000 s)
2025-06-04 14:59:29,976 INFO  - Already have ACK (at simulation time 561.000,000,000 s)
2025-06-04 14:59:29,976 INFO  - Already have ACK (at simulation time 561.000,000,000 s)
2025-06-04 14:59:29,976 INFO  - Already have ACK (at simulation time 561.000,000,000 s)
2025-06-04 14:59:29,976 INFO  - Already have ACK (at simulation time 561.000,000,000 s)
2025-06-04 14:59:29,976 INFO  - Already have ACK (at simulation time 561.000,000,000 s)
2025-06-04 14:59:29,976 INFO  - Already have ACK (at simulation time 561.000,000,000 s)
2025-06-04 14:59:29,977 INFO  - Already have ACK (at simulation time 561.000,000,000 s)
2025-06-04 14:59:29,977 INFO  - Already have ACK (at simulation time 561.000,000,000 s)
2025-06-04 14:59:29,977 INFO  - Already have ACK (at simulation time 561.000,000,000 s)
2025-06-04 14:59:29,977 INFO  - Already have ACK (at simulation time 561.000,000,000 s)
2025-06-04 14:59:29,977 INFO  - Already have ACK (at simulation time 561.000,000,000 s)
2025-06-04 14:59:29,977 INFO  - Already have ACK (at simulation time 561.000,000,000 s)
2025-06-04 14:59:29,977 INFO  - Already have ACK (at simulation time 561.000,000,000 s)
2025-06-04 14:59:29,977 INFO  - Already have ACK (at simulation time 561.000,000,000 s)
2025-06-04 14:59:29,977 INFO  - Already have ACK (at simulation time 561.000,000,000 s)
2025-06-04 14:59:29,977 INFO  - Already have ACK (at simulation time 561.000,000,000 s)
2025-06-04 14:59:29,977 INFO  - Already have ACK (at simulation time 561.000,000,000 s)
2025-06-04 14:59:29,977 INFO  - Already have ACK (at simulation time 561.000,000,000 s)
2025-06-04 14:59:29,977 INFO  - Already have ACK (at simulation time 561.000,000,000 s)
2025-06-04 14:59:29,977 INFO  - Already have ACK (at simulation time 561.000,000,000 s)
2025-06-04 14:59:29,984 INFO  - Already have ACK (at simulation time 562.000,000,000 s)
2025-06-04 14:59:29,984 INFO  - Already have ACK (at simulation time 562.000,000,000 s)
2025-06-04 14:59:29,984 INFO  - Already have ACK (at simulation time 562.000,000,000 s)
2025-06-04 14:59:29,985 INFO  - Already have ACK (at simulation time 562.000,000,000 s)
2025-06-04 14:59:29,985 INFO  - Already have ACK (at simulation time 562.000,000,000 s)
2025-06-04 14:59:29,985 INFO  - Already have ACK (at simulation time 562.000,000,000 s)
2025-06-04 14:59:29,985 INFO  - Already have ACK (at simulation time 562.000,000,000 s)
2025-06-04 14:59:29,985 INFO  - Already have ACK (at simulation time 562.000,000,000 s)
2025-06-04 14:59:29,985 INFO  - Already have ACK (at simulation time 562.000,000,000 s)
2025-06-04 14:59:29,985 INFO  - Already have ACK (at simulation time 562.000,000,000 s)
2025-06-04 14:59:29,985 INFO  - Already have ACK (at simulation time 562.000,000,000 s)
2025-06-04 14:59:29,985 INFO  - Already have ACK (at simulation time 562.000,000,000 s)
2025-06-04 14:59:29,985 INFO  - Already have ACK (at simulation time 562.000,000,000 s)
2025-06-04 14:59:29,986 INFO  - Already have ACK (at simulation time 562.000,000,000 s)
2025-06-04 14:59:29,986 INFO  - Already have ACK (at simulation time 562.000,000,000 s)
2025-06-04 14:59:29,986 INFO  - Already have ACK (at simulation time 562.000,000,000 s)
2025-06-04 14:59:29,986 INFO  - Already have ACK (at simulation time 562.000,000,000 s)
2025-06-04 14:59:29,986 INFO  - Already have ACK (at simulation time 562.000,000,000 s)
2025-06-04 14:59:29,986 INFO  - Already have ACK (at simulation time 562.000,000,000 s)
2025-06-04 14:59:29,986 INFO  - Already have ACK (at simulation time 562.000,000,000 s)
2025-06-04 14:59:29,986 INFO  - Already have ACK (at simulation time 562.000,000,000 s)
2025-06-04 14:59:29,986 INFO  - Already have ACK (at simulation time 562.000,000,000 s)
2025-06-04 14:59:29,986 INFO  - Already have ACK (at simulation time 562.000,000,000 s)
2025-06-04 14:59:29,986 INFO  - Already have ACK (at simulation time 562.000,000,000 s)
2025-06-04 14:59:29,986 INFO  - Already have ACK (at simulation time 562.000,000,000 s)
2025-06-04 14:59:29,987 INFO  - Already have ACK (at simulation time 562.000,000,000 s)
2025-06-04 14:59:29,987 INFO  - Already have ACK (at simulation time 562.000,000,000 s)
2025-06-04 14:59:29,987 INFO  - Already have ACK (at simulation time 562.000,000,000 s)
2025-06-04 14:59:29,987 INFO  - Already have ACK (at simulation time 562.000,000,000 s)
2025-06-04 14:59:29,987 INFO  - Already have ACK (at simulation time 562.000,000,000 s)
2025-06-04 14:59:29,987 INFO  - Already have ACK (at simulation time 562.000,000,000 s)
2025-06-04 14:59:29,987 INFO  - Already have ACK (at simulation time 562.000,000,000 s)
2025-06-04 14:59:29,987 INFO  - Already have ACK (at simulation time 562.000,000,000 s)
2025-06-04 14:59:29,987 INFO  - Already have ACK (at simulation time 562.000,000,000 s)
2025-06-04 14:59:29,987 INFO  - Already have ACK (at simulation time 562.000,000,000 s)
2025-06-04 14:59:29,987 INFO  - Already have ACK (at simulation time 562.000,000,000 s)
2025-06-04 14:59:29,987 INFO  - Already have ACK (at simulation time 562.000,000,000 s)
2025-06-04 14:59:29,987 INFO  - Already have ACK (at simulation time 562.000,000,000 s)
2025-06-04 14:59:29,988 INFO  - Already have ACK (at simulation time 562.000,000,000 s)
2025-06-04 14:59:29,988 INFO  - Already have ACK (at simulation time 562.000,000,000 s)
2025-06-04 14:59:29,988 INFO  - Already have ACK (at simulation time 562.000,000,000 s)
2025-06-04 14:59:29,988 INFO  - Already have ACK (at simulation time 562.000,000,000 s)
2025-06-04 14:59:29,988 INFO  - Already have ACK (at simulation time 562.000,000,000 s)
2025-06-04 14:59:29,988 INFO  - Already have ACK (at simulation time 562.000,000,000 s)
2025-06-04 14:59:29,988 INFO  - Already have ACK (at simulation time 562.000,000,000 s)
2025-06-04 14:59:29,988 INFO  - Already have ACK (at simulation time 562.000,000,000 s)
2025-06-04 14:59:29,988 INFO  - Already have ACK (at simulation time 562.000,000,000 s)
2025-06-04 14:59:29,988 INFO  - Already have ACK (at simulation time 562.000,000,000 s)
2025-06-04 14:59:29,988 INFO  - Already have ACK (at simulation time 562.000,000,000 s)
2025-06-04 14:59:29,988 INFO  - Already have ACK (at simulation time 562.000,000,000 s)
2025-06-04 14:59:29,988 INFO  - Already have ACK (at simulation time 562.000,000,000 s)
2025-06-04 14:59:29,988 INFO  - Already have ACK (at simulation time 562.000,000,000 s)
2025-06-04 14:59:29,988 INFO  - Already have ACK (at simulation time 562.000,000,000 s)
2025-06-04 14:59:29,988 INFO  - Already have ACK (at simulation time 562.000,000,000 s)
2025-06-04 14:59:29,989 INFO  - Already have ACK (at simulation time 562.000,000,000 s)
2025-06-04 14:59:29,989 INFO  - Already have ACK (at simulation time 562.000,000,000 s)
2025-06-04 14:59:29,989 INFO  - Already have ACK (at simulation time 562.000,000,000 s)
2025-06-04 14:59:29,989 INFO  - Already have ACK (at simulation time 562.000,000,000 s)
2025-06-04 14:59:29,989 INFO  - Already have ACK (at simulation time 562.000,000,000 s)
2025-06-04 14:59:29,989 INFO  - Already have ACK (at simulation time 562.000,000,000 s)
2025-06-04 14:59:29,989 INFO  - Already have ACK (at simulation time 562.000,000,000 s)
2025-06-04 14:59:29,989 INFO  - Already have ACK (at simulation time 562.000,000,000 s)
2025-06-04 14:59:29,989 INFO  - Already have ACK (at simulation time 562.000,000,000 s)
2025-06-04 14:59:29,989 INFO  - Already have ACK (at simulation time 562.000,000,000 s)
2025-06-04 14:59:29,989 INFO  - Already have ACK (at simulation time 562.000,000,000 s)
2025-06-04 14:59:29,989 INFO  - Already have ACK (at simulation time 562.000,000,000 s)
2025-06-04 14:59:29,989 INFO  - Already have ACK (at simulation time 562.000,000,000 s)
2025-06-04 14:59:29,989 INFO  - Already have ACK (at simulation time 562.000,000,000 s)
2025-06-04 14:59:29,989 INFO  - Already have ACK (at simulation time 562.000,000,000 s)
2025-06-04 14:59:29,989 INFO  - Already have ACK (at simulation time 562.000,000,000 s)
2025-06-04 14:59:29,989 INFO  - Already have ACK (at simulation time 562.000,000,000 s)
2025-06-04 14:59:29,989 INFO  - Already have ACK (at simulation time 562.000,000,000 s)
2025-06-04 14:59:29,989 INFO  - Already have ACK (at simulation time 562.000,000,000 s)
2025-06-04 14:59:30,050 INFO  - Already have ACK (at simulation time 563.000,000,000 s)
2025-06-04 14:59:30,050 INFO  - Already have ACK (at simulation time 563.000,000,000 s)
2025-06-04 14:59:30,050 INFO  - Already have ACK (at simulation time 563.000,000,000 s)
2025-06-04 14:59:30,050 INFO  - Already have ACK (at simulation time 563.000,000,000 s)
2025-06-04 14:59:30,050 INFO  - Already have ACK (at simulation time 563.000,000,000 s)
2025-06-04 14:59:30,050 INFO  - Already have ACK (at simulation time 563.000,000,000 s)
2025-06-04 14:59:30,051 INFO  - Already have ACK (at simulation time 563.000,000,000 s)
2025-06-04 14:59:30,051 INFO  - Already have ACK (at simulation time 563.000,000,000 s)
2025-06-04 14:59:30,051 INFO  - Already have ACK (at simulation time 563.000,000,000 s)
2025-06-04 14:59:30,051 INFO  - Already have ACK (at simulation time 563.000,000,000 s)
2025-06-04 14:59:30,051 INFO  - Already have ACK (at simulation time 563.000,000,000 s)
2025-06-04 14:59:30,051 INFO  - Already have ACK (at simulation time 563.000,000,000 s)
2025-06-04 14:59:30,051 INFO  - Already have ACK (at simulation time 563.000,000,000 s)
2025-06-04 14:59:30,051 INFO  - Already have ACK (at simulation time 563.000,000,000 s)
2025-06-04 14:59:30,051 INFO  - Already have ACK (at simulation time 563.000,000,000 s)
2025-06-04 14:59:30,051 INFO  - Already have ACK (at simulation time 563.000,000,000 s)
2025-06-04 14:59:30,051 INFO  - Already have ACK (at simulation time 563.000,000,000 s)
2025-06-04 14:59:30,051 INFO  - Already have ACK (at simulation time 563.000,000,000 s)
2025-06-04 14:59:30,052 INFO  - Already have ACK (at simulation time 563.000,000,000 s)
2025-06-04 14:59:30,052 INFO  - Already have ACK (at simulation time 563.000,000,000 s)
2025-06-04 14:59:30,052 INFO  - Already have ACK (at simulation time 563.000,000,000 s)
2025-06-04 14:59:30,052 INFO  - Already have ACK (at simulation time 563.000,000,000 s)
2025-06-04 14:59:30,052 INFO  - Already have ACK (at simulation time 563.000,000,000 s)
2025-06-04 14:59:30,052 INFO  - Already have ACK (at simulation time 563.000,000,000 s)
2025-06-04 14:59:30,052 INFO  - Already have ACK (at simulation time 563.000,000,000 s)
2025-06-04 14:59:30,052 INFO  - Already have ACK (at simulation time 563.000,000,000 s)
2025-06-04 14:59:30,052 INFO  - Already have ACK (at simulation time 563.000,000,000 s)
2025-06-04 14:59:30,052 INFO  - Already have ACK (at simulation time 563.000,000,000 s)
2025-06-04 14:59:30,052 INFO  - Already have ACK (at simulation time 563.000,000,000 s)
2025-06-04 14:59:30,052 INFO  - Already have ACK (at simulation time 563.000,000,000 s)
2025-06-04 14:59:30,052 INFO  - Already have ACK (at simulation time 563.000,000,000 s)
2025-06-04 14:59:30,052 INFO  - Already have ACK (at simulation time 563.000,000,000 s)
2025-06-04 14:59:30,053 INFO  - Already have ACK (at simulation time 563.000,000,000 s)
2025-06-04 14:59:30,053 INFO  - Already have ACK (at simulation time 563.000,000,000 s)
2025-06-04 14:59:30,053 INFO  - Already have ACK (at simulation time 563.000,000,000 s)
2025-06-04 14:59:30,053 INFO  - Already have ACK (at simulation time 563.000,000,000 s)
2025-06-04 14:59:30,053 INFO  - Already have ACK (at simulation time 563.000,000,000 s)
2025-06-04 14:59:30,053 INFO  - Already have ACK (at simulation time 563.000,000,000 s)
2025-06-04 14:59:30,053 INFO  - Already have ACK (at simulation time 563.000,000,000 s)
2025-06-04 14:59:30,053 INFO  - Already have ACK (at simulation time 563.000,000,000 s)
2025-06-04 14:59:30,053 INFO  - Already have ACK (at simulation time 563.000,000,000 s)
2025-06-04 14:59:30,053 INFO  - Already have ACK (at simulation time 563.000,000,000 s)
2025-06-04 14:59:30,053 INFO  - Already have ACK (at simulation time 563.000,000,000 s)
2025-06-04 14:59:30,053 INFO  - Already have ACK (at simulation time 563.000,000,000 s)
2025-06-04 14:59:30,053 INFO  - Already have ACK (at simulation time 563.000,000,000 s)
2025-06-04 14:59:30,053 INFO  - Already have ACK (at simulation time 563.000,000,000 s)
2025-06-04 14:59:30,053 INFO  - Already have ACK (at simulation time 563.000,000,000 s)
2025-06-04 14:59:30,053 INFO  - Already have ACK (at simulation time 563.000,000,000 s)
2025-06-04 14:59:30,053 INFO  - Already have ACK (at simulation time 563.000,000,000 s)
2025-06-04 14:59:30,054 INFO  - Already have ACK (at simulation time 563.000,000,000 s)
2025-06-04 14:59:30,054 INFO  - Already have ACK (at simulation time 563.000,000,000 s)
2025-06-04 14:59:30,054 INFO  - Already have ACK (at simulation time 563.000,000,000 s)
2025-06-04 14:59:30,054 INFO  - Already have ACK (at simulation time 563.000,000,000 s)
2025-06-04 14:59:30,054 INFO  - Already have ACK (at simulation time 563.000,000,000 s)
2025-06-04 14:59:30,054 INFO  - Already have ACK (at simulation time 563.000,000,000 s)
2025-06-04 14:59:30,054 INFO  - Already have ACK (at simulation time 563.000,000,000 s)
2025-06-04 14:59:30,054 INFO  - Already have ACK (at simulation time 563.000,000,000 s)
2025-06-04 14:59:30,054 INFO  - Already have ACK (at simulation time 563.000,000,000 s)
2025-06-04 14:59:30,054 INFO  - Already have ACK (at simulation time 563.000,000,000 s)
2025-06-04 14:59:30,054 INFO  - Already have ACK (at simulation time 563.000,000,000 s)
2025-06-04 14:59:30,054 INFO  - Already have ACK (at simulation time 563.000,000,000 s)
2025-06-04 14:59:30,054 INFO  - Already have ACK (at simulation time 563.000,000,000 s)
2025-06-04 14:59:30,054 INFO  - Already have ACK (at simulation time 563.000,000,000 s)
2025-06-04 14:59:30,054 INFO  - Already have ACK (at simulation time 563.000,000,000 s)
2025-06-04 14:59:30,054 INFO  - Already have ACK (at simulation time 563.000,000,000 s)
2025-06-04 14:59:30,054 INFO  - Already have ACK (at simulation time 563.000,000,000 s)
2025-06-04 14:59:30,054 INFO  - Already have ACK (at simulation time 563.000,000,000 s)
2025-06-04 14:59:30,054 INFO  - Already have ACK (at simulation time 563.000,000,000 s)
2025-06-04 14:59:30,054 INFO  - Already have ACK (at simulation time 563.000,000,000 s)
2025-06-04 14:59:30,054 INFO  - Already have ACK (at simulation time 563.000,000,000 s)
2025-06-04 14:59:30,054 INFO  - Already have ACK (at simulation time 563.000,000,000 s)
2025-06-04 14:59:30,055 INFO  - Already have ACK (at simulation time 563.000,000,000 s)
2025-06-04 14:59:30,055 INFO  - Already have ACK (at simulation time 563.000,000,000 s)
2025-06-04 14:59:30,055 INFO  - Already have ACK (at simulation time 563.000,000,000 s)
2025-06-04 14:59:30,057 INFO  - Already have ACK (at simulation time 564.000,000,000 s)
2025-06-04 14:59:30,057 INFO  - Already have ACK (at simulation time 564.000,000,000 s)
2025-06-04 14:59:30,057 INFO  - Already have ACK (at simulation time 564.000,000,000 s)
2025-06-04 14:59:30,057 INFO  - Already have ACK (at simulation time 564.000,000,000 s)
2025-06-04 14:59:30,058 INFO  - Already have ACK (at simulation time 564.000,000,000 s)
2025-06-04 14:59:30,058 INFO  - Already have ACK (at simulation time 564.000,000,000 s)
2025-06-04 14:59:30,058 INFO  - Already have ACK (at simulation time 564.000,000,000 s)
2025-06-04 14:59:30,058 INFO  - Already have ACK (at simulation time 564.000,000,000 s)
2025-06-04 14:59:30,058 INFO  - Already have ACK (at simulation time 564.000,000,000 s)
2025-06-04 14:59:30,058 INFO  - Already have ACK (at simulation time 564.000,000,000 s)
2025-06-04 14:59:30,058 INFO  - Already have ACK (at simulation time 564.000,000,000 s)
2025-06-04 14:59:30,058 INFO  - Already have ACK (at simulation time 564.000,000,000 s)
2025-06-04 14:59:30,058 INFO  - Already have ACK (at simulation time 564.000,000,000 s)
2025-06-04 14:59:30,058 INFO  - Already have ACK (at simulation time 564.000,000,000 s)
2025-06-04 14:59:30,058 INFO  - Already have ACK (at simulation time 564.000,000,000 s)
2025-06-04 14:59:30,059 INFO  - Already have ACK (at simulation time 564.000,000,000 s)
2025-06-04 14:59:30,059 INFO  - Already have ACK (at simulation time 564.000,000,000 s)
2025-06-04 14:59:30,059 INFO  - Already have ACK (at simulation time 564.000,000,000 s)
2025-06-04 14:59:30,059 INFO  - Already have ACK (at simulation time 564.000,000,000 s)
2025-06-04 14:59:30,059 INFO  - Already have ACK (at simulation time 564.000,000,000 s)
2025-06-04 14:59:30,059 INFO  - Already have ACK (at simulation time 564.000,000,000 s)
2025-06-04 14:59:30,059 INFO  - Already have ACK (at simulation time 564.000,000,000 s)
2025-06-04 14:59:30,059 INFO  - Already have ACK (at simulation time 564.000,000,000 s)
2025-06-04 14:59:30,059 INFO  - Already have ACK (at simulation time 564.000,000,000 s)
2025-06-04 14:59:30,059 INFO  - Already have ACK (at simulation time 564.000,000,000 s)
2025-06-04 14:59:30,059 INFO  - Already have ACK (at simulation time 564.000,000,000 s)
2025-06-04 14:59:30,059 INFO  - Already have ACK (at simulation time 564.000,000,000 s)
2025-06-04 14:59:30,059 INFO  - Already have ACK (at simulation time 564.000,000,000 s)
2025-06-04 14:59:30,059 INFO  - Already have ACK (at simulation time 564.000,000,000 s)
2025-06-04 14:59:30,060 INFO  - Already have ACK (at simulation time 564.000,000,000 s)
2025-06-04 14:59:30,060 INFO  - Already have ACK (at simulation time 564.000,000,000 s)
2025-06-04 14:59:30,060 INFO  - Already have ACK (at simulation time 564.000,000,000 s)
2025-06-04 14:59:30,060 INFO  - Already have ACK (at simulation time 564.000,000,000 s)
2025-06-04 14:59:30,060 INFO  - Already have ACK (at simulation time 564.000,000,000 s)
2025-06-04 14:59:30,060 INFO  - Already have ACK (at simulation time 564.000,000,000 s)
2025-06-04 14:59:30,060 INFO  - Already have ACK (at simulation time 564.000,000,000 s)
2025-06-04 14:59:30,060 INFO  - Already have ACK (at simulation time 564.000,000,000 s)
2025-06-04 14:59:30,060 INFO  - Already have ACK (at simulation time 564.000,000,000 s)
2025-06-04 14:59:30,060 INFO  - Already have ACK (at simulation time 564.000,000,000 s)
2025-06-04 14:59:30,060 INFO  - Already have ACK (at simulation time 564.000,000,000 s)
2025-06-04 14:59:30,060 INFO  - Already have ACK (at simulation time 564.000,000,000 s)
2025-06-04 14:59:30,060 INFO  - Already have ACK (at simulation time 564.000,000,000 s)
2025-06-04 14:59:30,060 INFO  - Already have ACK (at simulation time 564.000,000,000 s)
2025-06-04 14:59:30,061 INFO  - Already have ACK (at simulation time 564.000,000,000 s)
2025-06-04 14:59:30,061 INFO  - Already have ACK (at simulation time 564.000,000,000 s)
2025-06-04 14:59:30,061 INFO  - Already have ACK (at simulation time 564.000,000,000 s)
2025-06-04 14:59:30,061 INFO  - Already have ACK (at simulation time 564.000,000,000 s)
2025-06-04 14:59:30,061 INFO  - Already have ACK (at simulation time 564.000,000,000 s)
2025-06-04 14:59:30,061 INFO  - Already have ACK (at simulation time 564.000,000,000 s)
2025-06-04 14:59:30,061 INFO  - Already have ACK (at simulation time 564.000,000,000 s)
2025-06-04 14:59:30,061 INFO  - Already have ACK (at simulation time 564.000,000,000 s)
2025-06-04 14:59:30,061 INFO  - Already have ACK (at simulation time 564.000,000,000 s)
2025-06-04 14:59:30,061 INFO  - Already have ACK (at simulation time 564.000,000,000 s)
2025-06-04 14:59:30,061 INFO  - Already have ACK (at simulation time 564.000,000,000 s)
2025-06-04 14:59:30,061 INFO  - Already have ACK (at simulation time 564.000,000,000 s)
2025-06-04 14:59:30,061 INFO  - Already have ACK (at simulation time 564.000,000,000 s)
2025-06-04 14:59:30,061 INFO  - Already have ACK (at simulation time 564.000,000,000 s)
2025-06-04 14:59:30,061 INFO  - Already have ACK (at simulation time 564.000,000,000 s)
2025-06-04 14:59:30,061 INFO  - Already have ACK (at simulation time 564.000,000,000 s)
2025-06-04 14:59:30,061 INFO  - Already have ACK (at simulation time 564.000,000,000 s)
2025-06-04 14:59:30,061 INFO  - Already have ACK (at simulation time 564.000,000,000 s)
2025-06-04 14:59:30,061 INFO  - Already have ACK (at simulation time 564.000,000,000 s)
2025-06-04 14:59:30,062 INFO  - Already have ACK (at simulation time 564.000,000,000 s)
2025-06-04 14:59:30,062 INFO  - Already have ACK (at simulation time 564.000,000,000 s)
2025-06-04 14:59:30,062 INFO  - Already have ACK (at simulation time 564.000,000,000 s)
2025-06-04 14:59:30,062 INFO  - Already have ACK (at simulation time 564.000,000,000 s)
2025-06-04 14:59:30,062 INFO  - Already have ACK (at simulation time 564.000,000,000 s)
2025-06-04 14:59:30,062 INFO  - Already have ACK (at simulation time 564.000,000,000 s)
2025-06-04 14:59:30,062 INFO  - Already have ACK (at simulation time 564.000,000,000 s)
2025-06-04 14:59:30,062 INFO  - Already have ACK (at simulation time 564.000,000,000 s)
2025-06-04 14:59:30,062 INFO  - Already have ACK (at simulation time 564.000,000,000 s)
2025-06-04 14:59:30,062 INFO  - Already have ACK (at simulation time 564.000,000,000 s)
2025-06-04 14:59:30,062 INFO  - Already have ACK (at simulation time 564.000,000,000 s)
2025-06-04 14:59:30,062 INFO  - Already have ACK (at simulation time 564.000,000,000 s)
2025-06-04 14:59:30,062 INFO  - Already have ACK (at simulation time 564.000,000,000 s)
2025-06-04 14:59:30,065 INFO  - Sent periodic GreenWaveMsg: veh_95 on route r_1 (at simulation time 565.000,000,000 s)
2025-06-04 14:59:30,065 INFO  - Already have ACK (at simulation time 565.000,000,000 s)
2025-06-04 14:59:30,065 INFO  - Already have ACK (at simulation time 565.000,000,000 s)
2025-06-04 14:59:30,065 INFO  - Already have ACK (at simulation time 565.000,000,000 s)
2025-06-04 14:59:30,065 INFO  - Already have ACK (at simulation time 565.000,000,000 s)
2025-06-04 14:59:30,065 INFO  - Already have ACK (at simulation time 565.000,000,000 s)
2025-06-04 14:59:30,065 INFO  - Already have ACK (at simulation time 565.000,000,000 s)
2025-06-04 14:59:30,065 INFO  - Already have ACK (at simulation time 565.000,000,000 s)
2025-06-04 14:59:30,065 INFO  - Already have ACK (at simulation time 565.000,000,000 s)
2025-06-04 14:59:30,065 INFO  - Already have ACK (at simulation time 565.000,000,000 s)
2025-06-04 14:59:30,066 INFO  - Already have ACK (at simulation time 565.000,000,000 s)
2025-06-04 14:59:30,066 INFO  - Already have ACK (at simulation time 565.000,000,000 s)
2025-06-04 14:59:30,066 INFO  - Already have ACK (at simulation time 565.000,000,000 s)
2025-06-04 14:59:30,066 INFO  - Already have ACK (at simulation time 565.000,000,000 s)
2025-06-04 14:59:30,066 INFO  - Already have ACK (at simulation time 565.000,000,000 s)
2025-06-04 14:59:30,066 INFO  - Already have ACK (at simulation time 565.000,000,000 s)
2025-06-04 14:59:30,066 INFO  - Already have ACK (at simulation time 565.000,000,000 s)
2025-06-04 14:59:30,066 INFO  - Already have ACK (at simulation time 565.000,000,000 s)
2025-06-04 14:59:30,066 INFO  - Already have ACK (at simulation time 565.000,000,000 s)
2025-06-04 14:59:30,066 INFO  - Already have ACK (at simulation time 565.000,000,000 s)
2025-06-04 14:59:30,066 INFO  - Already have ACK (at simulation time 565.000,000,000 s)
2025-06-04 14:59:30,066 INFO  - Already have ACK (at simulation time 565.000,000,000 s)
2025-06-04 14:59:30,067 INFO  - Already have ACK (at simulation time 565.000,000,000 s)
2025-06-04 14:59:30,067 INFO  - Already have ACK (at simulation time 565.000,000,000 s)
2025-06-04 14:59:30,067 INFO  - Already have ACK (at simulation time 565.000,000,000 s)
2025-06-04 14:59:30,067 INFO  - Already have ACK (at simulation time 565.000,000,000 s)
2025-06-04 14:59:30,067 INFO  - Already have ACK (at simulation time 565.000,000,000 s)
2025-06-04 14:59:30,067 INFO  - Already have ACK (at simulation time 565.000,000,000 s)
2025-06-04 14:59:30,067 INFO  - Already have ACK (at simulation time 565.000,000,000 s)
2025-06-04 14:59:30,067 INFO  - Already have ACK (at simulation time 565.000,000,000 s)
2025-06-04 14:59:30,067 INFO  - Already have ACK (at simulation time 565.000,000,000 s)
2025-06-04 14:59:30,067 INFO  - Already have ACK (at simulation time 565.000,000,000 s)
2025-06-04 14:59:30,067 INFO  - Already have ACK (at simulation time 565.000,000,000 s)
2025-06-04 14:59:30,067 INFO  - Already have ACK (at simulation time 565.000,000,000 s)
2025-06-04 14:59:30,067 INFO  - Already have ACK (at simulation time 565.000,000,000 s)
2025-06-04 14:59:30,068 INFO  - Already have ACK (at simulation time 565.000,000,000 s)
2025-06-04 14:59:30,068 INFO  - Already have ACK (at simulation time 565.000,000,000 s)
2025-06-04 14:59:30,068 INFO  - Already have ACK (at simulation time 565.000,000,000 s)
2025-06-04 14:59:30,068 INFO  - Already have ACK (at simulation time 565.000,000,000 s)
2025-06-04 14:59:30,068 INFO  - Already have ACK (at simulation time 565.000,000,000 s)
2025-06-04 14:59:30,068 INFO  - Already have ACK (at simulation time 565.000,000,000 s)
2025-06-04 14:59:30,068 INFO  - Already have ACK (at simulation time 565.000,000,000 s)
2025-06-04 14:59:30,068 INFO  - Already have ACK (at simulation time 565.000,000,000 s)
2025-06-04 14:59:30,068 INFO  - Already have ACK (at simulation time 565.000,000,000 s)
2025-06-04 14:59:30,068 INFO  - Already have ACK (at simulation time 565.000,000,000 s)
2025-06-04 14:59:30,068 INFO  - Already have ACK (at simulation time 565.000,000,000 s)
2025-06-04 14:59:30,068 INFO  - Already have ACK (at simulation time 565.000,000,000 s)
2025-06-04 14:59:30,068 INFO  - Already have ACK (at simulation time 565.000,000,000 s)
2025-06-04 14:59:30,068 INFO  - Already have ACK (at simulation time 565.000,000,000 s)
2025-06-04 14:59:30,068 INFO  - Already have ACK (at simulation time 565.000,000,000 s)
2025-06-04 14:59:30,068 INFO  - Already have ACK (at simulation time 565.000,000,000 s)
2025-06-04 14:59:30,068 INFO  - Already have ACK (at simulation time 565.000,000,000 s)
2025-06-04 14:59:30,069 INFO  - Already have ACK (at simulation time 565.000,000,000 s)
2025-06-04 14:59:30,069 INFO  - Already have ACK (at simulation time 565.000,000,000 s)
2025-06-04 14:59:30,069 INFO  - Already have ACK (at simulation time 565.000,000,000 s)
2025-06-04 14:59:30,069 INFO  - Already have ACK (at simulation time 565.000,000,000 s)
2025-06-04 14:59:30,069 INFO  - Already have ACK (at simulation time 565.000,000,000 s)
2025-06-04 14:59:30,069 INFO  - Already have ACK (at simulation time 565.000,000,000 s)
2025-06-04 14:59:30,069 INFO  - Already have ACK (at simulation time 565.000,000,000 s)
2025-06-04 14:59:30,069 INFO  - Already have ACK (at simulation time 565.000,000,000 s)
2025-06-04 14:59:30,069 INFO  - Already have ACK (at simulation time 565.000,000,000 s)
2025-06-04 14:59:30,069 INFO  - Already have ACK (at simulation time 565.000,000,000 s)
2025-06-04 14:59:30,069 INFO  - Already have ACK (at simulation time 565.000,000,000 s)
2025-06-04 14:59:30,069 INFO  - Already have ACK (at simulation time 565.000,000,000 s)
2025-06-04 14:59:30,069 INFO  - Already have ACK (at simulation time 565.000,000,000 s)
2025-06-04 14:59:30,069 INFO  - Already have ACK (at simulation time 565.000,000,000 s)
2025-06-04 14:59:30,069 INFO  - Already have ACK (at simulation time 565.000,000,000 s)
2025-06-04 14:59:30,069 INFO  - Already have ACK (at simulation time 565.000,000,000 s)
2025-06-04 14:59:30,069 INFO  - Already have ACK (at simulation time 565.000,000,000 s)
2025-06-04 14:59:30,069 INFO  - Already have ACK (at simulation time 565.000,000,000 s)
2025-06-04 14:59:30,069 INFO  - Already have ACK (at simulation time 565.000,000,000 s)
2025-06-04 14:59:30,069 INFO  - Already have ACK (at simulation time 565.000,000,000 s)
2025-06-04 14:59:30,070 INFO  - Already have ACK (at simulation time 565.000,000,000 s)
2025-06-04 14:59:30,070 INFO  - Already have ACK (at simulation time 565.000,000,000 s)
2025-06-04 14:59:30,070 INFO  - Already have ACK (at simulation time 565.000,000,000 s)
2025-06-04 14:59:30,070 INFO  - Already have ACK (at simulation time 565.000,000,000 s)
2025-06-04 14:59:30,070 INFO  - Already have ACK (at simulation time 565.000,000,000 s)
2025-06-04 14:59:30,072 INFO  - Already have ACK (at simulation time 566.000,000,000 s)
2025-06-04 14:59:30,072 INFO  - Already have ACK (at simulation time 566.000,000,000 s)
2025-06-04 14:59:30,072 INFO  - Already have ACK (at simulation time 566.000,000,000 s)
2025-06-04 14:59:30,073 INFO  - Already have ACK (at simulation time 566.000,000,000 s)
2025-06-04 14:59:30,073 INFO  - Already have ACK (at simulation time 566.000,000,000 s)
2025-06-04 14:59:30,073 INFO  - Already have ACK (at simulation time 566.000,000,000 s)
2025-06-04 14:59:30,073 INFO  - Already have ACK (at simulation time 566.000,000,000 s)
2025-06-04 14:59:30,073 INFO  - Already have ACK (at simulation time 566.000,000,000 s)
2025-06-04 14:59:30,073 INFO  - Already have ACK (at simulation time 566.000,000,000 s)
2025-06-04 14:59:30,073 INFO  - Already have ACK (at simulation time 566.000,000,000 s)
2025-06-04 14:59:30,073 INFO  - Already have ACK (at simulation time 566.000,000,000 s)
2025-06-04 14:59:30,073 INFO  - Already have ACK (at simulation time 566.000,000,000 s)
2025-06-04 14:59:30,073 INFO  - Already have ACK (at simulation time 566.000,000,000 s)
2025-06-04 14:59:30,073 INFO  - Already have ACK (at simulation time 566.000,000,000 s)
2025-06-04 14:59:30,074 INFO  - Already have ACK (at simulation time 566.000,000,000 s)
2025-06-04 14:59:30,074 INFO  - Already have ACK (at simulation time 566.000,000,000 s)
2025-06-04 14:59:30,074 INFO  - Already have ACK (at simulation time 566.000,000,000 s)
2025-06-04 14:59:30,074 INFO  - Already have ACK (at simulation time 566.000,000,000 s)
2025-06-04 14:59:30,074 INFO  - Already have ACK (at simulation time 566.000,000,000 s)
2025-06-04 14:59:30,074 INFO  - Already have ACK (at simulation time 566.000,000,000 s)
2025-06-04 14:59:30,074 INFO  - Already have ACK (at simulation time 566.000,000,000 s)
2025-06-04 14:59:30,074 INFO  - Already have ACK (at simulation time 566.000,000,000 s)
2025-06-04 14:59:30,074 INFO  - Already have ACK (at simulation time 566.000,000,000 s)
2025-06-04 14:59:30,074 INFO  - Already have ACK (at simulation time 566.000,000,000 s)
2025-06-04 14:59:30,074 INFO  - Already have ACK (at simulation time 566.000,000,000 s)
2025-06-04 14:59:30,074 INFO  - Already have ACK (at simulation time 566.000,000,000 s)
2025-06-04 14:59:30,074 INFO  - Already have ACK (at simulation time 566.000,000,000 s)
2025-06-04 14:59:30,075 INFO  - Already have ACK (at simulation time 566.000,000,000 s)
2025-06-04 14:59:30,075 INFO  - Already have ACK (at simulation time 566.000,000,000 s)
2025-06-04 14:59:30,075 INFO  - Already have ACK (at simulation time 566.000,000,000 s)
2025-06-04 14:59:30,075 INFO  - Already have ACK (at simulation time 566.000,000,000 s)
2025-06-04 14:59:30,075 INFO  - Already have ACK (at simulation time 566.000,000,000 s)
2025-06-04 14:59:30,075 INFO  - Already have ACK (at simulation time 566.000,000,000 s)
2025-06-04 14:59:30,075 INFO  - Already have ACK (at simulation time 566.000,000,000 s)
2025-06-04 14:59:30,075 INFO  - Already have ACK (at simulation time 566.000,000,000 s)
2025-06-04 14:59:30,075 INFO  - Already have ACK (at simulation time 566.000,000,000 s)
2025-06-04 14:59:30,075 INFO  - Already have ACK (at simulation time 566.000,000,000 s)
2025-06-04 14:59:30,075 INFO  - Already have ACK (at simulation time 566.000,000,000 s)
2025-06-04 14:59:30,075 INFO  - Already have ACK (at simulation time 566.000,000,000 s)
2025-06-04 14:59:30,075 INFO  - Already have ACK (at simulation time 566.000,000,000 s)
2025-06-04 14:59:30,075 INFO  - Already have ACK (at simulation time 566.000,000,000 s)
2025-06-04 14:59:30,076 INFO  - Already have ACK (at simulation time 566.000,000,000 s)
2025-06-04 14:59:30,076 INFO  - Already have ACK (at simulation time 566.000,000,000 s)
2025-06-04 14:59:30,076 INFO  - Already have ACK (at simulation time 566.000,000,000 s)
2025-06-04 14:59:30,076 INFO  - Already have ACK (at simulation time 566.000,000,000 s)
2025-06-04 14:59:30,076 INFO  - Already have ACK (at simulation time 566.000,000,000 s)
2025-06-04 14:59:30,076 INFO  - Already have ACK (at simulation time 566.000,000,000 s)
2025-06-04 14:59:30,076 INFO  - Already have ACK (at simulation time 566.000,000,000 s)
2025-06-04 14:59:30,076 INFO  - Already have ACK (at simulation time 566.000,000,000 s)
2025-06-04 14:59:30,076 INFO  - Already have ACK (at simulation time 566.000,000,000 s)
2025-06-04 14:59:30,076 INFO  - Already have ACK (at simulation time 566.000,000,000 s)
2025-06-04 14:59:30,076 INFO  - Already have ACK (at simulation time 566.000,000,000 s)
2025-06-04 14:59:30,076 INFO  - Already have ACK (at simulation time 566.000,000,000 s)
2025-06-04 14:59:30,076 INFO  - Already have ACK (at simulation time 566.000,000,000 s)
2025-06-04 14:59:30,076 INFO  - Already have ACK (at simulation time 566.000,000,000 s)
2025-06-04 14:59:30,076 INFO  - Already have ACK (at simulation time 566.000,000,000 s)
2025-06-04 14:59:30,076 INFO  - Already have ACK (at simulation time 566.000,000,000 s)
2025-06-04 14:59:30,076 INFO  - Already have ACK (at simulation time 566.000,000,000 s)
2025-06-04 14:59:30,077 INFO  - Already have ACK (at simulation time 566.000,000,000 s)
2025-06-04 14:59:30,077 INFO  - Already have ACK (at simulation time 566.000,000,000 s)
2025-06-04 14:59:30,077 INFO  - Already have ACK (at simulation time 566.000,000,000 s)
2025-06-04 14:59:30,077 INFO  - Already have ACK (at simulation time 566.000,000,000 s)
2025-06-04 14:59:30,077 INFO  - Already have ACK (at simulation time 566.000,000,000 s)
2025-06-04 14:59:30,077 INFO  - Already have ACK (at simulation time 566.000,000,000 s)
2025-06-04 14:59:30,077 INFO  - Already have ACK (at simulation time 566.000,000,000 s)
2025-06-04 14:59:30,077 INFO  - Already have ACK (at simulation time 566.000,000,000 s)
2025-06-04 14:59:30,077 INFO  - Already have ACK (at simulation time 566.000,000,000 s)
2025-06-04 14:59:30,077 INFO  - Already have ACK (at simulation time 566.000,000,000 s)
2025-06-04 14:59:30,077 INFO  - Already have ACK (at simulation time 566.000,000,000 s)
2025-06-04 14:59:30,077 INFO  - Already have ACK (at simulation time 566.000,000,000 s)
2025-06-04 14:59:30,077 INFO  - Already have ACK (at simulation time 566.000,000,000 s)
2025-06-04 14:59:30,077 INFO  - Already have ACK (at simulation time 566.000,000,000 s)
2025-06-04 14:59:30,077 INFO  - Already have ACK (at simulation time 566.000,000,000 s)
2025-06-04 14:59:30,077 INFO  - Already have ACK (at simulation time 566.000,000,000 s)
2025-06-04 14:59:30,077 INFO  - Already have ACK (at simulation time 566.000,000,000 s)
2025-06-04 14:59:30,077 INFO  - Already have ACK (at simulation time 566.000,000,000 s)
2025-06-04 14:59:30,077 INFO  - Already have ACK (at simulation time 566.000,000,000 s)
2025-06-04 14:59:30,080 INFO  - Already have ACK (at simulation time 567.000,000,000 s)
2025-06-04 14:59:30,080 INFO  - Already have ACK (at simulation time 567.000,000,000 s)
2025-06-04 14:59:30,080 INFO  - Already have ACK (at simulation time 567.000,000,000 s)
2025-06-04 14:59:30,080 INFO  - Already have ACK (at simulation time 567.000,000,000 s)
2025-06-04 14:59:30,080 INFO  - Already have ACK (at simulation time 567.000,000,000 s)
2025-06-04 14:59:30,080 INFO  - Already have ACK (at simulation time 567.000,000,000 s)
2025-06-04 14:59:30,080 INFO  - Already have ACK (at simulation time 567.000,000,000 s)
2025-06-04 14:59:30,081 INFO  - Already have ACK (at simulation time 567.000,000,000 s)
2025-06-04 14:59:30,081 INFO  - Already have ACK (at simulation time 567.000,000,000 s)
2025-06-04 14:59:30,081 INFO  - Already have ACK (at simulation time 567.000,000,000 s)
2025-06-04 14:59:30,081 INFO  - Already have ACK (at simulation time 567.000,000,000 s)
2025-06-04 14:59:30,081 INFO  - Already have ACK (at simulation time 567.000,000,000 s)
2025-06-04 14:59:30,081 INFO  - Already have ACK (at simulation time 567.000,000,000 s)
2025-06-04 14:59:30,081 INFO  - Already have ACK (at simulation time 567.000,000,000 s)
2025-06-04 14:59:30,081 INFO  - Already have ACK (at simulation time 567.000,000,000 s)
2025-06-04 14:59:30,081 INFO  - Already have ACK (at simulation time 567.000,000,000 s)
2025-06-04 14:59:30,081 INFO  - Already have ACK (at simulation time 567.000,000,000 s)
2025-06-04 14:59:30,081 INFO  - Already have ACK (at simulation time 567.000,000,000 s)
2025-06-04 14:59:30,082 INFO  - Already have ACK (at simulation time 567.000,000,000 s)
2025-06-04 14:59:30,082 INFO  - Already have ACK (at simulation time 567.000,000,000 s)
2025-06-04 14:59:30,082 INFO  - Already have ACK (at simulation time 567.000,000,000 s)
2025-06-04 14:59:30,082 INFO  - Already have ACK (at simulation time 567.000,000,000 s)
2025-06-04 14:59:30,082 INFO  - Already have ACK (at simulation time 567.000,000,000 s)
2025-06-04 14:59:30,082 INFO  - Already have ACK (at simulation time 567.000,000,000 s)
2025-06-04 14:59:30,082 INFO  - Already have ACK (at simulation time 567.000,000,000 s)
2025-06-04 14:59:30,082 INFO  - Already have ACK (at simulation time 567.000,000,000 s)
2025-06-04 14:59:30,082 INFO  - Already have ACK (at simulation time 567.000,000,000 s)
2025-06-04 14:59:30,082 INFO  - Already have ACK (at simulation time 567.000,000,000 s)
2025-06-04 14:59:30,082 INFO  - Already have ACK (at simulation time 567.000,000,000 s)
2025-06-04 14:59:30,082 INFO  - Already have ACK (at simulation time 567.000,000,000 s)
2025-06-04 14:59:30,083 INFO  - Already have ACK (at simulation time 567.000,000,000 s)
2025-06-04 14:59:30,083 INFO  - Already have ACK (at simulation time 567.000,000,000 s)
2025-06-04 14:59:30,083 INFO  - Already have ACK (at simulation time 567.000,000,000 s)
2025-06-04 14:59:30,083 INFO  - Already have ACK (at simulation time 567.000,000,000 s)
2025-06-04 14:59:30,083 INFO  - Already have ACK (at simulation time 567.000,000,000 s)
2025-06-04 14:59:30,083 INFO  - Already have ACK (at simulation time 567.000,000,000 s)
2025-06-04 14:59:30,083 INFO  - Already have ACK (at simulation time 567.000,000,000 s)
2025-06-04 14:59:30,083 INFO  - Already have ACK (at simulation time 567.000,000,000 s)
2025-06-04 14:59:30,083 INFO  - Already have ACK (at simulation time 567.000,000,000 s)
2025-06-04 14:59:30,083 INFO  - Already have ACK (at simulation time 567.000,000,000 s)
2025-06-04 14:59:30,083 INFO  - Already have ACK (at simulation time 567.000,000,000 s)
2025-06-04 14:59:30,083 INFO  - Already have ACK (at simulation time 567.000,000,000 s)
2025-06-04 14:59:30,083 INFO  - Already have ACK (at simulation time 567.000,000,000 s)
2025-06-04 14:59:30,083 INFO  - Already have ACK (at simulation time 567.000,000,000 s)
2025-06-04 14:59:30,084 INFO  - Already have ACK (at simulation time 567.000,000,000 s)
2025-06-04 14:59:30,084 INFO  - Already have ACK (at simulation time 567.000,000,000 s)
2025-06-04 14:59:30,084 INFO  - Already have ACK (at simulation time 567.000,000,000 s)
2025-06-04 14:59:30,084 INFO  - Already have ACK (at simulation time 567.000,000,000 s)
2025-06-04 14:59:30,084 INFO  - Already have ACK (at simulation time 567.000,000,000 s)
2025-06-04 14:59:30,084 INFO  - Already have ACK (at simulation time 567.000,000,000 s)
2025-06-04 14:59:30,084 INFO  - Already have ACK (at simulation time 567.000,000,000 s)
2025-06-04 14:59:30,084 INFO  - Already have ACK (at simulation time 567.000,000,000 s)
2025-06-04 14:59:30,084 INFO  - Already have ACK (at simulation time 567.000,000,000 s)
2025-06-04 14:59:30,084 INFO  - Already have ACK (at simulation time 567.000,000,000 s)
2025-06-04 14:59:30,084 INFO  - Already have ACK (at simulation time 567.000,000,000 s)
2025-06-04 14:59:30,084 INFO  - Already have ACK (at simulation time 567.000,000,000 s)
2025-06-04 14:59:30,084 INFO  - Already have ACK (at simulation time 567.000,000,000 s)
2025-06-04 14:59:30,084 INFO  - Already have ACK (at simulation time 567.000,000,000 s)
2025-06-04 14:59:30,084 INFO  - Already have ACK (at simulation time 567.000,000,000 s)
2025-06-04 14:59:30,084 INFO  - Already have ACK (at simulation time 567.000,000,000 s)
2025-06-04 14:59:30,085 INFO  - Already have ACK (at simulation time 567.000,000,000 s)
2025-06-04 14:59:30,085 INFO  - Already have ACK (at simulation time 567.000,000,000 s)
2025-06-04 14:59:30,085 INFO  - Already have ACK (at simulation time 567.000,000,000 s)
2025-06-04 14:59:30,085 INFO  - Already have ACK (at simulation time 567.000,000,000 s)
2025-06-04 14:59:30,085 INFO  - Already have ACK (at simulation time 567.000,000,000 s)
2025-06-04 14:59:30,085 INFO  - Already have ACK (at simulation time 567.000,000,000 s)
2025-06-04 14:59:30,085 INFO  - Already have ACK (at simulation time 567.000,000,000 s)
2025-06-04 14:59:30,085 INFO  - Already have ACK (at simulation time 567.000,000,000 s)
2025-06-04 14:59:30,085 INFO  - Already have ACK (at simulation time 567.000,000,000 s)
2025-06-04 14:59:30,085 INFO  - Already have ACK (at simulation time 567.000,000,000 s)
2025-06-04 14:59:30,085 INFO  - Already have ACK (at simulation time 567.000,000,000 s)
2025-06-04 14:59:30,085 INFO  - Already have ACK (at simulation time 567.000,000,000 s)
2025-06-04 14:59:30,085 INFO  - Already have ACK (at simulation time 567.000,000,000 s)
2025-06-04 14:59:30,085 INFO  - Already have ACK (at simulation time 567.000,000,000 s)
2025-06-04 14:59:30,085 INFO  - Already have ACK (at simulation time 567.000,000,000 s)
2025-06-04 14:59:30,085 INFO  - Already have ACK (at simulation time 567.000,000,000 s)
2025-06-04 14:59:30,085 INFO  - Already have ACK (at simulation time 567.000,000,000 s)
2025-06-04 14:59:30,085 INFO  - Already have ACK (at simulation time 567.000,000,000 s)
2025-06-04 14:59:30,088 INFO  - Already have ACK (at simulation time 568.000,000,000 s)
2025-06-04 14:59:30,088 INFO  - Already have ACK (at simulation time 568.000,000,000 s)
2025-06-04 14:59:30,088 INFO  - Already have ACK (at simulation time 568.000,000,000 s)
2025-06-04 14:59:30,088 INFO  - Already have ACK (at simulation time 568.000,000,000 s)
2025-06-04 14:59:30,088 INFO  - Already have ACK (at simulation time 568.000,000,000 s)
2025-06-04 14:59:30,088 INFO  - Already have ACK (at simulation time 568.000,000,000 s)
2025-06-04 14:59:30,089 INFO  - Already have ACK (at simulation time 568.000,000,000 s)
2025-06-04 14:59:30,089 INFO  - Already have ACK (at simulation time 568.000,000,000 s)
2025-06-04 14:59:30,089 INFO  - Already have ACK (at simulation time 568.000,000,000 s)
2025-06-04 14:59:30,089 INFO  - Already have ACK (at simulation time 568.000,000,000 s)
2025-06-04 14:59:30,089 INFO  - Already have ACK (at simulation time 568.000,000,000 s)
2025-06-04 14:59:30,089 INFO  - Already have ACK (at simulation time 568.000,000,000 s)
2025-06-04 14:59:30,089 INFO  - Already have ACK (at simulation time 568.000,000,000 s)
2025-06-04 14:59:30,090 INFO  - Already have ACK (at simulation time 568.000,000,000 s)
2025-06-04 14:59:30,090 INFO  - Already have ACK (at simulation time 568.000,000,000 s)
2025-06-04 14:59:30,090 INFO  - Already have ACK (at simulation time 568.000,000,000 s)
2025-06-04 14:59:30,090 INFO  - Already have ACK (at simulation time 568.000,000,000 s)
2025-06-04 14:59:30,090 INFO  - Already have ACK (at simulation time 568.000,000,000 s)
2025-06-04 14:59:30,090 INFO  - Already have ACK (at simulation time 568.000,000,000 s)
2025-06-04 14:59:30,090 INFO  - Already have ACK (at simulation time 568.000,000,000 s)
2025-06-04 14:59:30,090 INFO  - Already have ACK (at simulation time 568.000,000,000 s)
2025-06-04 14:59:30,091 INFO  - Already have ACK (at simulation time 568.000,000,000 s)
2025-06-04 14:59:30,091 INFO  - Already have ACK (at simulation time 568.000,000,000 s)
2025-06-04 14:59:30,091 INFO  - Already have ACK (at simulation time 568.000,000,000 s)
2025-06-04 14:59:30,091 INFO  - Already have ACK (at simulation time 568.000,000,000 s)
2025-06-04 14:59:30,091 INFO  - Already have ACK (at simulation time 568.000,000,000 s)
2025-06-04 14:59:30,091 INFO  - Already have ACK (at simulation time 568.000,000,000 s)
2025-06-04 14:59:30,091 INFO  - Already have ACK (at simulation time 568.000,000,000 s)
2025-06-04 14:59:30,091 INFO  - Already have ACK (at simulation time 568.000,000,000 s)
2025-06-04 14:59:30,091 INFO  - Already have ACK (at simulation time 568.000,000,000 s)
2025-06-04 14:59:30,092 INFO  - Already have ACK (at simulation time 568.000,000,000 s)
2025-06-04 14:59:30,092 INFO  - Already have ACK (at simulation time 568.000,000,000 s)
2025-06-04 14:59:30,092 INFO  - Already have ACK (at simulation time 568.000,000,000 s)
2025-06-04 14:59:30,092 INFO  - Already have ACK (at simulation time 568.000,000,000 s)
2025-06-04 14:59:30,092 INFO  - Already have ACK (at simulation time 568.000,000,000 s)
2025-06-04 14:59:30,092 INFO  - Already have ACK (at simulation time 568.000,000,000 s)
2025-06-04 14:59:30,092 INFO  - Already have ACK (at simulation time 568.000,000,000 s)
2025-06-04 14:59:30,092 INFO  - Already have ACK (at simulation time 568.000,000,000 s)
2025-06-04 14:59:30,092 INFO  - Already have ACK (at simulation time 568.000,000,000 s)
2025-06-04 14:59:30,092 INFO  - Already have ACK (at simulation time 568.000,000,000 s)
2025-06-04 14:59:30,093 INFO  - Already have ACK (at simulation time 568.000,000,000 s)
2025-06-04 14:59:30,093 INFO  - Already have ACK (at simulation time 568.000,000,000 s)
2025-06-04 14:59:30,093 INFO  - Already have ACK (at simulation time 568.000,000,000 s)
2025-06-04 14:59:30,093 INFO  - Already have ACK (at simulation time 568.000,000,000 s)
2025-06-04 14:59:30,093 INFO  - Already have ACK (at simulation time 568.000,000,000 s)
2025-06-04 14:59:30,093 INFO  - Already have ACK (at simulation time 568.000,000,000 s)
2025-06-04 14:59:30,093 INFO  - Already have ACK (at simulation time 568.000,000,000 s)
2025-06-04 14:59:30,093 INFO  - Already have ACK (at simulation time 568.000,000,000 s)
2025-06-04 14:59:30,093 INFO  - Already have ACK (at simulation time 568.000,000,000 s)
2025-06-04 14:59:30,093 INFO  - Already have ACK (at simulation time 568.000,000,000 s)
2025-06-04 14:59:30,093 INFO  - Already have ACK (at simulation time 568.000,000,000 s)
2025-06-04 14:59:30,094 INFO  - Already have ACK (at simulation time 568.000,000,000 s)
2025-06-04 14:59:30,094 INFO  - Already have ACK (at simulation time 568.000,000,000 s)
2025-06-04 14:59:30,094 INFO  - Already have ACK (at simulation time 568.000,000,000 s)
2025-06-04 14:59:30,094 INFO  - Already have ACK (at simulation time 568.000,000,000 s)
2025-06-04 14:59:30,094 INFO  - Already have ACK (at simulation time 568.000,000,000 s)
2025-06-04 14:59:30,094 INFO  - Already have ACK (at simulation time 568.000,000,000 s)
2025-06-04 14:59:30,094 INFO  - Already have ACK (at simulation time 568.000,000,000 s)
2025-06-04 14:59:30,094 INFO  - Already have ACK (at simulation time 568.000,000,000 s)
2025-06-04 14:59:30,094 INFO  - Already have ACK (at simulation time 568.000,000,000 s)
2025-06-04 14:59:30,094 INFO  - Already have ACK (at simulation time 568.000,000,000 s)
2025-06-04 14:59:30,094 INFO  - Already have ACK (at simulation time 568.000,000,000 s)
2025-06-04 14:59:30,094 INFO  - Already have ACK (at simulation time 568.000,000,000 s)
2025-06-04 14:59:30,094 INFO  - Already have ACK (at simulation time 568.000,000,000 s)
2025-06-04 14:59:30,095 INFO  - Already have ACK (at simulation time 568.000,000,000 s)
2025-06-04 14:59:30,095 INFO  - Already have ACK (at simulation time 568.000,000,000 s)
2025-06-04 14:59:30,095 INFO  - Already have ACK (at simulation time 568.000,000,000 s)
2025-06-04 14:59:30,095 INFO  - Already have ACK (at simulation time 568.000,000,000 s)
2025-06-04 14:59:30,095 INFO  - Already have ACK (at simulation time 568.000,000,000 s)
2025-06-04 14:59:30,095 INFO  - Already have ACK (at simulation time 568.000,000,000 s)
2025-06-04 14:59:30,095 INFO  - Already have ACK (at simulation time 568.000,000,000 s)
2025-06-04 14:59:30,095 INFO  - Already have ACK (at simulation time 568.000,000,000 s)
2025-06-04 14:59:30,095 INFO  - Already have ACK (at simulation time 568.000,000,000 s)
2025-06-04 14:59:30,095 INFO  - Already have ACK (at simulation time 568.000,000,000 s)
2025-06-04 14:59:30,095 INFO  - Already have ACK (at simulation time 568.000,000,000 s)
2025-06-04 14:59:30,095 INFO  - Already have ACK (at simulation time 568.000,000,000 s)
2025-06-04 14:59:30,095 INFO  - Already have ACK (at simulation time 568.000,000,000 s)
2025-06-04 14:59:30,095 INFO  - Already have ACK (at simulation time 568.000,000,000 s)
2025-06-04 14:59:30,095 INFO  - Already have ACK (at simulation time 568.000,000,000 s)
2025-06-04 14:59:30,099 INFO  - Already have ACK (at simulation time 569.000,000,000 s)
2025-06-04 14:59:30,099 INFO  - Already have ACK (at simulation time 569.000,000,000 s)
2025-06-04 14:59:30,099 INFO  - Already have ACK (at simulation time 569.000,000,000 s)
2025-06-04 14:59:30,099 INFO  - Already have ACK (at simulation time 569.000,000,000 s)
2025-06-04 14:59:30,099 INFO  - Already have ACK (at simulation time 569.000,000,000 s)
2025-06-04 14:59:30,100 INFO  - Already have ACK (at simulation time 569.000,000,000 s)
2025-06-04 14:59:30,100 INFO  - Already have ACK (at simulation time 569.000,000,000 s)
2025-06-04 14:59:30,100 INFO  - Already have ACK (at simulation time 569.000,000,000 s)
2025-06-04 14:59:30,100 INFO  - Already have ACK (at simulation time 569.000,000,000 s)
2025-06-04 14:59:30,100 INFO  - Already have ACK (at simulation time 569.000,000,000 s)
2025-06-04 14:59:30,100 INFO  - Already have ACK (at simulation time 569.000,000,000 s)
2025-06-04 14:59:30,100 INFO  - Already have ACK (at simulation time 569.000,000,000 s)
2025-06-04 14:59:30,101 INFO  - Already have ACK (at simulation time 569.000,000,000 s)
2025-06-04 14:59:30,101 INFO  - Already have ACK (at simulation time 569.000,000,000 s)
2025-06-04 14:59:30,101 INFO  - Already have ACK (at simulation time 569.000,000,000 s)
2025-06-04 14:59:30,101 INFO  - Already have ACK (at simulation time 569.000,000,000 s)
2025-06-04 14:59:30,101 INFO  - Already have ACK (at simulation time 569.000,000,000 s)
2025-06-04 14:59:30,101 INFO  - Already have ACK (at simulation time 569.000,000,000 s)
2025-06-04 14:59:30,101 INFO  - Already have ACK (at simulation time 569.000,000,000 s)
2025-06-04 14:59:30,101 INFO  - Already have ACK (at simulation time 569.000,000,000 s)
2025-06-04 14:59:30,101 INFO  - Already have ACK (at simulation time 569.000,000,000 s)
2025-06-04 14:59:30,101 INFO  - Already have ACK (at simulation time 569.000,000,000 s)
2025-06-04 14:59:30,101 INFO  - Already have ACK (at simulation time 569.000,000,000 s)
2025-06-04 14:59:30,102 INFO  - Already have ACK (at simulation time 569.000,000,000 s)
2025-06-04 14:59:30,102 INFO  - Already have ACK (at simulation time 569.000,000,000 s)
2025-06-04 14:59:30,102 INFO  - Already have ACK (at simulation time 569.000,000,000 s)
2025-06-04 14:59:30,102 INFO  - Already have ACK (at simulation time 569.000,000,000 s)
2025-06-04 14:59:30,102 INFO  - Already have ACK (at simulation time 569.000,000,000 s)
2025-06-04 14:59:30,102 INFO  - Already have ACK (at simulation time 569.000,000,000 s)
2025-06-04 14:59:30,102 INFO  - Already have ACK (at simulation time 569.000,000,000 s)
2025-06-04 14:59:30,102 INFO  - Already have ACK (at simulation time 569.000,000,000 s)
2025-06-04 14:59:30,102 INFO  - Already have ACK (at simulation time 569.000,000,000 s)
2025-06-04 14:59:30,102 INFO  - Already have ACK (at simulation time 569.000,000,000 s)
2025-06-04 14:59:30,102 INFO  - Already have ACK (at simulation time 569.000,000,000 s)
2025-06-04 14:59:30,102 INFO  - Already have ACK (at simulation time 569.000,000,000 s)
2025-06-04 14:59:30,102 INFO  - Already have ACK (at simulation time 569.000,000,000 s)
2025-06-04 14:59:30,103 INFO  - Already have ACK (at simulation time 569.000,000,000 s)
2025-06-04 14:59:30,103 INFO  - Already have ACK (at simulation time 569.000,000,000 s)
2025-06-04 14:59:30,103 INFO  - Already have ACK (at simulation time 569.000,000,000 s)
2025-06-04 14:59:30,103 INFO  - Already have ACK (at simulation time 569.000,000,000 s)
2025-06-04 14:59:30,103 INFO  - Already have ACK (at simulation time 569.000,000,000 s)
2025-06-04 14:59:30,103 INFO  - Already have ACK (at simulation time 569.000,000,000 s)
2025-06-04 14:59:30,103 INFO  - Already have ACK (at simulation time 569.000,000,000 s)
2025-06-04 14:59:30,103 INFO  - Already have ACK (at simulation time 569.000,000,000 s)
2025-06-04 14:59:30,103 INFO  - Already have ACK (at simulation time 569.000,000,000 s)
2025-06-04 14:59:30,103 INFO  - Already have ACK (at simulation time 569.000,000,000 s)
2025-06-04 14:59:30,103 INFO  - Already have ACK (at simulation time 569.000,000,000 s)
2025-06-04 14:59:30,103 INFO  - Already have ACK (at simulation time 569.000,000,000 s)
2025-06-04 14:59:30,103 INFO  - Already have ACK (at simulation time 569.000,000,000 s)
2025-06-04 14:59:30,103 INFO  - Already have ACK (at simulation time 569.000,000,000 s)
2025-06-04 14:59:30,103 INFO  - Already have ACK (at simulation time 569.000,000,000 s)
2025-06-04 14:59:30,103 INFO  - Already have ACK (at simulation time 569.000,000,000 s)
2025-06-04 14:59:30,104 INFO  - Already have ACK (at simulation time 569.000,000,000 s)
2025-06-04 14:59:30,104 INFO  - Already have ACK (at simulation time 569.000,000,000 s)
2025-06-04 14:59:30,104 INFO  - Already have ACK (at simulation time 569.000,000,000 s)
2025-06-04 14:59:30,104 INFO  - Already have ACK (at simulation time 569.000,000,000 s)
2025-06-04 14:59:30,104 INFO  - Already have ACK (at simulation time 569.000,000,000 s)
2025-06-04 14:59:30,104 INFO  - Already have ACK (at simulation time 569.000,000,000 s)
2025-06-04 14:59:30,104 INFO  - Already have ACK (at simulation time 569.000,000,000 s)
2025-06-04 14:59:30,104 INFO  - Already have ACK (at simulation time 569.000,000,000 s)
2025-06-04 14:59:30,104 INFO  - Already have ACK (at simulation time 569.000,000,000 s)
2025-06-04 14:59:30,104 INFO  - Already have ACK (at simulation time 569.000,000,000 s)
2025-06-04 14:59:30,104 INFO  - Already have ACK (at simulation time 569.000,000,000 s)
2025-06-04 14:59:30,104 INFO  - Already have ACK (at simulation time 569.000,000,000 s)
2025-06-04 14:59:30,104 INFO  - Already have ACK (at simulation time 569.000,000,000 s)
2025-06-04 14:59:30,104 INFO  - Already have ACK (at simulation time 569.000,000,000 s)
2025-06-04 14:59:30,104 INFO  - Already have ACK (at simulation time 569.000,000,000 s)
2025-06-04 14:59:30,104 INFO  - Already have ACK (at simulation time 569.000,000,000 s)
2025-06-04 14:59:30,104 INFO  - Already have ACK (at simulation time 569.000,000,000 s)
2025-06-04 14:59:30,104 INFO  - Already have ACK (at simulation time 569.000,000,000 s)
2025-06-04 14:59:30,104 INFO  - Already have ACK (at simulation time 569.000,000,000 s)
2025-06-04 14:59:30,104 INFO  - Already have ACK (at simulation time 569.000,000,000 s)
2025-06-04 14:59:30,105 INFO  - Already have ACK (at simulation time 569.000,000,000 s)
2025-06-04 14:59:30,105 INFO  - Already have ACK (at simulation time 569.000,000,000 s)
2025-06-04 14:59:30,105 INFO  - Already have ACK (at simulation time 569.000,000,000 s)
2025-06-04 14:59:30,105 INFO  - Already have ACK (at simulation time 569.000,000,000 s)
2025-06-04 14:59:30,105 INFO  - Already have ACK (at simulation time 569.000,000,000 s)
2025-06-04 14:59:30,105 INFO  - Already have ACK (at simulation time 569.000,000,000 s)
2025-06-04 14:59:30,105 INFO  - Already have ACK (at simulation time 569.000,000,000 s)
2025-06-04 14:59:30,105 INFO  - Already have ACK (at simulation time 569.000,000,000 s)
2025-06-04 14:59:30,107 INFO  - Sent periodic GreenWaveMsg: veh_95 on route r_1 (at simulation time 570.000,000,000 s)
2025-06-04 14:59:30,107 INFO  - Already have ACK (at simulation time 570.000,000,000 s)
2025-06-04 14:59:30,108 INFO  - Already have ACK (at simulation time 570.000,000,000 s)
2025-06-04 14:59:30,108 INFO  - Already have ACK (at simulation time 570.000,000,000 s)
2025-06-04 14:59:30,108 INFO  - Already have ACK (at simulation time 570.000,000,000 s)
2025-06-04 14:59:30,108 INFO  - Already have ACK (at simulation time 570.000,000,000 s)
2025-06-04 14:59:30,108 INFO  - Already have ACK (at simulation time 570.000,000,000 s)
2025-06-04 14:59:30,108 INFO  - Already have ACK (at simulation time 570.000,000,000 s)
2025-06-04 14:59:30,108 INFO  - Already have ACK (at simulation time 570.000,000,000 s)
2025-06-04 14:59:30,108 INFO  - Already have ACK (at simulation time 570.000,000,000 s)
2025-06-04 14:59:30,108 INFO  - Already have ACK (at simulation time 570.000,000,000 s)
2025-06-04 14:59:30,109 INFO  - Already have ACK (at simulation time 570.000,000,000 s)
2025-06-04 14:59:30,109 INFO  - Already have ACK (at simulation time 570.000,000,000 s)
2025-06-04 14:59:30,109 INFO  - Already have ACK (at simulation time 570.000,000,000 s)
2025-06-04 14:59:30,109 INFO  - Already have ACK (at simulation time 570.000,000,000 s)
2025-06-04 14:59:30,109 INFO  - Already have ACK (at simulation time 570.000,000,000 s)
2025-06-04 14:59:30,109 INFO  - Already have ACK (at simulation time 570.000,000,000 s)
2025-06-04 14:59:30,109 INFO  - Already have ACK (at simulation time 570.000,000,000 s)
2025-06-04 14:59:30,109 INFO  - Already have ACK (at simulation time 570.000,000,000 s)
2025-06-04 14:59:30,109 INFO  - Already have ACK (at simulation time 570.000,000,000 s)
2025-06-04 14:59:30,109 INFO  - Already have ACK (at simulation time 570.000,000,000 s)
2025-06-04 14:59:30,109 INFO  - Already have ACK (at simulation time 570.000,000,000 s)
2025-06-04 14:59:30,109 INFO  - Already have ACK (at simulation time 570.000,000,000 s)
2025-06-04 14:59:30,110 INFO  - Already have ACK (at simulation time 570.000,000,000 s)
2025-06-04 14:59:30,110 INFO  - Already have ACK (at simulation time 570.000,000,000 s)
2025-06-04 14:59:30,110 INFO  - Already have ACK (at simulation time 570.000,000,000 s)
2025-06-04 14:59:30,110 INFO  - Already have ACK (at simulation time 570.000,000,000 s)
2025-06-04 14:59:30,110 INFO  - Already have ACK (at simulation time 570.000,000,000 s)
2025-06-04 14:59:30,110 INFO  - Already have ACK (at simulation time 570.000,000,000 s)
2025-06-04 14:59:30,110 INFO  - Already have ACK (at simulation time 570.000,000,000 s)
2025-06-04 14:59:30,110 INFO  - Already have ACK (at simulation time 570.000,000,000 s)
2025-06-04 14:59:30,110 INFO  - Already have ACK (at simulation time 570.000,000,000 s)
2025-06-04 14:59:30,110 INFO  - Already have ACK (at simulation time 570.000,000,000 s)
2025-06-04 14:59:30,110 INFO  - Already have ACK (at simulation time 570.000,000,000 s)
2025-06-04 14:59:30,110 INFO  - Already have ACK (at simulation time 570.000,000,000 s)
2025-06-04 14:59:30,111 INFO  - Already have ACK (at simulation time 570.000,000,000 s)
2025-06-04 14:59:30,111 INFO  - Already have ACK (at simulation time 570.000,000,000 s)
2025-06-04 14:59:30,111 INFO  - Already have ACK (at simulation time 570.000,000,000 s)
2025-06-04 14:59:30,111 INFO  - Already have ACK (at simulation time 570.000,000,000 s)
2025-06-04 14:59:30,111 INFO  - Already have ACK (at simulation time 570.000,000,000 s)
2025-06-04 14:59:30,111 INFO  - Already have ACK (at simulation time 570.000,000,000 s)
2025-06-04 14:59:30,111 INFO  - Already have ACK (at simulation time 570.000,000,000 s)
2025-06-04 14:59:30,111 INFO  - Already have ACK (at simulation time 570.000,000,000 s)
2025-06-04 14:59:30,111 INFO  - Already have ACK (at simulation time 570.000,000,000 s)
2025-06-04 14:59:30,111 INFO  - Already have ACK (at simulation time 570.000,000,000 s)
2025-06-04 14:59:30,111 INFO  - Already have ACK (at simulation time 570.000,000,000 s)
2025-06-04 14:59:30,111 INFO  - Already have ACK (at simulation time 570.000,000,000 s)
2025-06-04 14:59:30,111 INFO  - Already have ACK (at simulation time 570.000,000,000 s)
2025-06-04 14:59:30,112 INFO  - Already have ACK (at simulation time 570.000,000,000 s)
2025-06-04 14:59:30,112 INFO  - Already have ACK (at simulation time 570.000,000,000 s)
2025-06-04 14:59:30,112 INFO  - Already have ACK (at simulation time 570.000,000,000 s)
2025-06-04 14:59:30,112 INFO  - Already have ACK (at simulation time 570.000,000,000 s)
2025-06-04 14:59:30,112 INFO  - Already have ACK (at simulation time 570.000,000,000 s)
2025-06-04 14:59:30,112 INFO  - Already have ACK (at simulation time 570.000,000,000 s)
2025-06-04 14:59:30,112 INFO  - Already have ACK (at simulation time 570.000,000,000 s)
2025-06-04 14:59:30,112 INFO  - Already have ACK (at simulation time 570.000,000,000 s)
2025-06-04 14:59:30,112 INFO  - Already have ACK (at simulation time 570.000,000,000 s)
2025-06-04 14:59:30,112 INFO  - Already have ACK (at simulation time 570.000,000,000 s)
2025-06-04 14:59:30,112 INFO  - Already have ACK (at simulation time 570.000,000,000 s)
2025-06-04 14:59:30,112 INFO  - Already have ACK (at simulation time 570.000,000,000 s)
2025-06-04 14:59:30,112 INFO  - Already have ACK (at simulation time 570.000,000,000 s)
2025-06-04 14:59:30,112 INFO  - Already have ACK (at simulation time 570.000,000,000 s)
2025-06-04 14:59:30,112 INFO  - Already have ACK (at simulation time 570.000,000,000 s)
2025-06-04 14:59:30,113 INFO  - Already have ACK (at simulation time 570.000,000,000 s)
2025-06-04 14:59:30,113 INFO  - Already have ACK (at simulation time 570.000,000,000 s)
2025-06-04 14:59:30,113 INFO  - Already have ACK (at simulation time 570.000,000,000 s)
2025-06-04 14:59:30,113 INFO  - Already have ACK (at simulation time 570.000,000,000 s)
2025-06-04 14:59:30,113 INFO  - Already have ACK (at simulation time 570.000,000,000 s)
2025-06-04 14:59:30,113 INFO  - Already have ACK (at simulation time 570.000,000,000 s)
2025-06-04 14:59:30,113 INFO  - Already have ACK (at simulation time 570.000,000,000 s)
2025-06-04 14:59:30,113 INFO  - Already have ACK (at simulation time 570.000,000,000 s)
2025-06-04 14:59:30,113 INFO  - Already have ACK (at simulation time 570.000,000,000 s)
2025-06-04 14:59:30,113 INFO  - Already have ACK (at simulation time 570.000,000,000 s)
2025-06-04 14:59:30,113 INFO  - Already have ACK (at simulation time 570.000,000,000 s)
2025-06-04 14:59:30,113 INFO  - Already have ACK (at simulation time 570.000,000,000 s)
2025-06-04 14:59:30,113 INFO  - Already have ACK (at simulation time 570.000,000,000 s)
2025-06-04 14:59:30,113 INFO  - Already have ACK (at simulation time 570.000,000,000 s)
2025-06-04 14:59:30,113 INFO  - Already have ACK (at simulation time 570.000,000,000 s)
2025-06-04 14:59:30,113 INFO  - Already have ACK (at simulation time 570.000,000,000 s)
2025-06-04 14:59:30,113 INFO  - Already have ACK (at simulation time 570.000,000,000 s)
2025-06-04 14:59:30,113 INFO  - Already have ACK (at simulation time 570.000,000,000 s)
2025-06-04 14:59:30,113 INFO  - Already have ACK (at simulation time 570.000,000,000 s)
2025-06-04 14:59:30,116 INFO  - Already have ACK (at simulation time 571.000,000,000 s)
2025-06-04 14:59:30,117 INFO  - Already have ACK (at simulation time 571.000,000,000 s)
2025-06-04 14:59:30,117 INFO  - Already have ACK (at simulation time 571.000,000,000 s)
2025-06-04 14:59:30,117 INFO  - Already have ACK (at simulation time 571.000,000,000 s)
2025-06-04 14:59:30,117 INFO  - Already have ACK (at simulation time 571.000,000,000 s)
2025-06-04 14:59:30,117 INFO  - Already have ACK (at simulation time 571.000,000,000 s)
2025-06-04 14:59:30,117 INFO  - Already have ACK (at simulation time 571.000,000,000 s)
2025-06-04 14:59:30,117 INFO  - Already have ACK (at simulation time 571.000,000,000 s)
2025-06-04 14:59:30,118 INFO  - Already have ACK (at simulation time 571.000,000,000 s)
2025-06-04 14:59:30,118 INFO  - Already have ACK (at simulation time 571.000,000,000 s)
2025-06-04 14:59:30,118 INFO  - Already have ACK (at simulation time 571.000,000,000 s)
2025-06-04 14:59:30,118 INFO  - Already have ACK (at simulation time 571.000,000,000 s)
2025-06-04 14:59:30,118 INFO  - Already have ACK (at simulation time 571.000,000,000 s)
2025-06-04 14:59:30,118 INFO  - Already have ACK (at simulation time 571.000,000,000 s)
2025-06-04 14:59:30,118 INFO  - Already have ACK (at simulation time 571.000,000,000 s)
2025-06-04 14:59:30,118 INFO  - Already have ACK (at simulation time 571.000,000,000 s)
2025-06-04 14:59:30,118 INFO  - Already have ACK (at simulation time 571.000,000,000 s)
2025-06-04 14:59:30,118 INFO  - Already have ACK (at simulation time 571.000,000,000 s)
2025-06-04 14:59:30,119 INFO  - Already have ACK (at simulation time 571.000,000,000 s)
2025-06-04 14:59:30,119 INFO  - Already have ACK (at simulation time 571.000,000,000 s)
2025-06-04 14:59:30,119 INFO  - Already have ACK (at simulation time 571.000,000,000 s)
2025-06-04 14:59:30,119 INFO  - Already have ACK (at simulation time 571.000,000,000 s)
2025-06-04 14:59:30,119 INFO  - Already have ACK (at simulation time 571.000,000,000 s)
2025-06-04 14:59:30,119 INFO  - Already have ACK (at simulation time 571.000,000,000 s)
2025-06-04 14:59:30,119 INFO  - Already have ACK (at simulation time 571.000,000,000 s)
2025-06-04 14:59:30,119 INFO  - Already have ACK (at simulation time 571.000,000,000 s)
2025-06-04 14:59:30,119 INFO  - Already have ACK (at simulation time 571.000,000,000 s)
2025-06-04 14:59:30,119 INFO  - Already have ACK (at simulation time 571.000,000,000 s)
2025-06-04 14:59:30,119 INFO  - Already have ACK (at simulation time 571.000,000,000 s)
2025-06-04 14:59:30,120 INFO  - Already have ACK (at simulation time 571.000,000,000 s)
2025-06-04 14:59:30,120 INFO  - Already have ACK (at simulation time 571.000,000,000 s)
2025-06-04 14:59:30,120 INFO  - Already have ACK (at simulation time 571.000,000,000 s)
2025-06-04 14:59:30,120 INFO  - Already have ACK (at simulation time 571.000,000,000 s)
2025-06-04 14:59:30,120 INFO  - Already have ACK (at simulation time 571.000,000,000 s)
2025-06-04 14:59:30,120 INFO  - Already have ACK (at simulation time 571.000,000,000 s)
2025-06-04 14:59:30,120 INFO  - Already have ACK (at simulation time 571.000,000,000 s)
2025-06-04 14:59:30,120 INFO  - Already have ACK (at simulation time 571.000,000,000 s)
2025-06-04 14:59:30,120 INFO  - Already have ACK (at simulation time 571.000,000,000 s)
2025-06-04 14:59:30,120 INFO  - Already have ACK (at simulation time 571.000,000,000 s)
2025-06-04 14:59:30,120 INFO  - Already have ACK (at simulation time 571.000,000,000 s)
2025-06-04 14:59:30,120 INFO  - Already have ACK (at simulation time 571.000,000,000 s)
2025-06-04 14:59:30,121 INFO  - Already have ACK (at simulation time 571.000,000,000 s)
2025-06-04 14:59:30,121 INFO  - Already have ACK (at simulation time 571.000,000,000 s)
2025-06-04 14:59:30,121 INFO  - Already have ACK (at simulation time 571.000,000,000 s)
2025-06-04 14:59:30,121 INFO  - Already have ACK (at simulation time 571.000,000,000 s)
2025-06-04 14:59:30,121 INFO  - Already have ACK (at simulation time 571.000,000,000 s)
2025-06-04 14:59:30,121 INFO  - Already have ACK (at simulation time 571.000,000,000 s)
2025-06-04 14:59:30,121 INFO  - Already have ACK (at simulation time 571.000,000,000 s)
2025-06-04 14:59:30,121 INFO  - Already have ACK (at simulation time 571.000,000,000 s)
2025-06-04 14:59:30,121 INFO  - Already have ACK (at simulation time 571.000,000,000 s)
2025-06-04 14:59:30,121 INFO  - Already have ACK (at simulation time 571.000,000,000 s)
2025-06-04 14:59:30,121 INFO  - Already have ACK (at simulation time 571.000,000,000 s)
2025-06-04 14:59:30,121 INFO  - Already have ACK (at simulation time 571.000,000,000 s)
2025-06-04 14:59:30,121 INFO  - Already have ACK (at simulation time 571.000,000,000 s)
2025-06-04 14:59:30,121 INFO  - Already have ACK (at simulation time 571.000,000,000 s)
2025-06-04 14:59:30,121 INFO  - Already have ACK (at simulation time 571.000,000,000 s)
2025-06-04 14:59:30,122 INFO  - Already have ACK (at simulation time 571.000,000,000 s)
2025-06-04 14:59:30,122 INFO  - Already have ACK (at simulation time 571.000,000,000 s)
2025-06-04 14:59:30,122 INFO  - Already have ACK (at simulation time 571.000,000,000 s)
2025-06-04 14:59:30,122 INFO  - Already have ACK (at simulation time 571.000,000,000 s)
2025-06-04 14:59:30,122 INFO  - Already have ACK (at simulation time 571.000,000,000 s)
2025-06-04 14:59:30,122 INFO  - Already have ACK (at simulation time 571.000,000,000 s)
2025-06-04 14:59:30,122 INFO  - Already have ACK (at simulation time 571.000,000,000 s)
2025-06-04 14:59:30,122 INFO  - Already have ACK (at simulation time 571.000,000,000 s)
2025-06-04 14:59:30,122 INFO  - Already have ACK (at simulation time 571.000,000,000 s)
2025-06-04 14:59:30,122 INFO  - Already have ACK (at simulation time 571.000,000,000 s)
2025-06-04 14:59:30,122 INFO  - Already have ACK (at simulation time 571.000,000,000 s)
2025-06-04 14:59:30,122 INFO  - Already have ACK (at simulation time 571.000,000,000 s)
2025-06-04 14:59:30,122 INFO  - Already have ACK (at simulation time 571.000,000,000 s)
2025-06-04 14:59:30,122 INFO  - Already have ACK (at simulation time 571.000,000,000 s)
2025-06-04 14:59:30,122 INFO  - Already have ACK (at simulation time 571.000,000,000 s)
2025-06-04 14:59:30,122 INFO  - Already have ACK (at simulation time 571.000,000,000 s)
2025-06-04 14:59:30,122 INFO  - Already have ACK (at simulation time 571.000,000,000 s)
2025-06-04 14:59:30,122 INFO  - Already have ACK (at simulation time 571.000,000,000 s)
2025-06-04 14:59:30,122 INFO  - Already have ACK (at simulation time 571.000,000,000 s)
2025-06-04 14:59:30,123 INFO  - Already have ACK (at simulation time 571.000,000,000 s)
2025-06-04 14:59:30,123 INFO  - Already have ACK (at simulation time 571.000,000,000 s)
2025-06-04 14:59:30,123 INFO  - Already have ACK (at simulation time 571.000,000,000 s)
2025-06-04 14:59:30,123 INFO  - Already have ACK (at simulation time 571.000,000,000 s)
2025-06-04 14:59:30,123 INFO  - Already have ACK (at simulation time 571.000,000,000 s)
2025-06-04 14:59:30,123 INFO  - Already have ACK (at simulation time 571.000,000,000 s)
2025-06-04 14:59:30,123 INFO  - Already have ACK (at simulation time 571.000,000,000 s)
2025-06-04 14:59:30,130 INFO  - Already have ACK (at simulation time 572.000,000,000 s)
2025-06-04 14:59:30,130 INFO  - Already have ACK (at simulation time 572.000,000,000 s)
2025-06-04 14:59:30,130 INFO  - Already have ACK (at simulation time 572.000,000,000 s)
2025-06-04 14:59:30,130 INFO  - Already have ACK (at simulation time 572.000,000,000 s)
2025-06-04 14:59:30,131 INFO  - Already have ACK (at simulation time 572.000,000,000 s)
2025-06-04 14:59:30,131 INFO  - Already have ACK (at simulation time 572.000,000,000 s)
2025-06-04 14:59:30,131 INFO  - Already have ACK (at simulation time 572.000,000,000 s)
2025-06-04 14:59:30,131 INFO  - Already have ACK (at simulation time 572.000,000,000 s)
2025-06-04 14:59:30,131 INFO  - Already have ACK (at simulation time 572.000,000,000 s)
2025-06-04 14:59:30,131 INFO  - Already have ACK (at simulation time 572.000,000,000 s)
2025-06-04 14:59:30,131 INFO  - Already have ACK (at simulation time 572.000,000,000 s)
2025-06-04 14:59:30,131 INFO  - Already have ACK (at simulation time 572.000,000,000 s)
2025-06-04 14:59:30,131 INFO  - Already have ACK (at simulation time 572.000,000,000 s)
2025-06-04 14:59:30,131 INFO  - Already have ACK (at simulation time 572.000,000,000 s)
2025-06-04 14:59:30,132 INFO  - Already have ACK (at simulation time 572.000,000,000 s)
2025-06-04 14:59:30,132 INFO  - Already have ACK (at simulation time 572.000,000,000 s)
2025-06-04 14:59:30,132 INFO  - Already have ACK (at simulation time 572.000,000,000 s)
2025-06-04 14:59:30,132 INFO  - Already have ACK (at simulation time 572.000,000,000 s)
2025-06-04 14:59:30,132 INFO  - Already have ACK (at simulation time 572.000,000,000 s)
2025-06-04 14:59:30,132 INFO  - Already have ACK (at simulation time 572.000,000,000 s)
2025-06-04 14:59:30,132 INFO  - Already have ACK (at simulation time 572.000,000,000 s)
2025-06-04 14:59:30,132 INFO  - Already have ACK (at simulation time 572.000,000,000 s)
2025-06-04 14:59:30,132 INFO  - Already have ACK (at simulation time 572.000,000,000 s)
2025-06-04 14:59:30,132 INFO  - Already have ACK (at simulation time 572.000,000,000 s)
2025-06-04 14:59:30,133 INFO  - Already have ACK (at simulation time 572.000,000,000 s)
2025-06-04 14:59:30,133 INFO  - Already have ACK (at simulation time 572.000,000,000 s)
2025-06-04 14:59:30,133 INFO  - Already have ACK (at simulation time 572.000,000,000 s)
2025-06-04 14:59:30,133 INFO  - Already have ACK (at simulation time 572.000,000,000 s)
2025-06-04 14:59:30,133 INFO  - Already have ACK (at simulation time 572.000,000,000 s)
2025-06-04 14:59:30,133 INFO  - Already have ACK (at simulation time 572.000,000,000 s)
2025-06-04 14:59:30,133 INFO  - Already have ACK (at simulation time 572.000,000,000 s)
2025-06-04 14:59:30,133 INFO  - Already have ACK (at simulation time 572.000,000,000 s)
2025-06-04 14:59:30,133 INFO  - Already have ACK (at simulation time 572.000,000,000 s)
2025-06-04 14:59:30,133 INFO  - Already have ACK (at simulation time 572.000,000,000 s)
2025-06-04 14:59:30,133 INFO  - Already have ACK (at simulation time 572.000,000,000 s)
2025-06-04 14:59:30,133 INFO  - Already have ACK (at simulation time 572.000,000,000 s)
2025-06-04 14:59:30,133 INFO  - Already have ACK (at simulation time 572.000,000,000 s)
2025-06-04 14:59:30,134 INFO  - Already have ACK (at simulation time 572.000,000,000 s)
2025-06-04 14:59:30,134 INFO  - Already have ACK (at simulation time 572.000,000,000 s)
2025-06-04 14:59:30,134 INFO  - Already have ACK (at simulation time 572.000,000,000 s)
2025-06-04 14:59:30,134 INFO  - Already have ACK (at simulation time 572.000,000,000 s)
2025-06-04 14:59:30,134 INFO  - Already have ACK (at simulation time 572.000,000,000 s)
2025-06-04 14:59:30,134 INFO  - Already have ACK (at simulation time 572.000,000,000 s)
2025-06-04 14:59:30,134 INFO  - Already have ACK (at simulation time 572.000,000,000 s)
2025-06-04 14:59:30,134 INFO  - Already have ACK (at simulation time 572.000,000,000 s)
2025-06-04 14:59:30,134 INFO  - Already have ACK (at simulation time 572.000,000,000 s)
2025-06-04 14:59:30,134 INFO  - Already have ACK (at simulation time 572.000,000,000 s)
2025-06-04 14:59:30,134 INFO  - Already have ACK (at simulation time 572.000,000,000 s)
2025-06-04 14:59:30,134 INFO  - Already have ACK (at simulation time 572.000,000,000 s)
2025-06-04 14:59:30,134 INFO  - Already have ACK (at simulation time 572.000,000,000 s)
2025-06-04 14:59:30,135 INFO  - Already have ACK (at simulation time 572.000,000,000 s)
2025-06-04 14:59:30,135 INFO  - Already have ACK (at simulation time 572.000,000,000 s)
2025-06-04 14:59:30,135 INFO  - Already have ACK (at simulation time 572.000,000,000 s)
2025-06-04 14:59:30,135 INFO  - Already have ACK (at simulation time 572.000,000,000 s)
2025-06-04 14:59:30,135 INFO  - Already have ACK (at simulation time 572.000,000,000 s)
2025-06-04 14:59:30,135 INFO  - Already have ACK (at simulation time 572.000,000,000 s)
2025-06-04 14:59:30,135 INFO  - Already have ACK (at simulation time 572.000,000,000 s)
2025-06-04 14:59:30,135 INFO  - Already have ACK (at simulation time 572.000,000,000 s)
2025-06-04 14:59:30,135 INFO  - Already have ACK (at simulation time 572.000,000,000 s)
2025-06-04 14:59:30,135 INFO  - Already have ACK (at simulation time 572.000,000,000 s)
2025-06-04 14:59:30,135 INFO  - Already have ACK (at simulation time 572.000,000,000 s)
2025-06-04 14:59:30,135 INFO  - Already have ACK (at simulation time 572.000,000,000 s)
2025-06-04 14:59:30,135 INFO  - Already have ACK (at simulation time 572.000,000,000 s)
2025-06-04 14:59:30,135 INFO  - Already have ACK (at simulation time 572.000,000,000 s)
2025-06-04 14:59:30,135 INFO  - Already have ACK (at simulation time 572.000,000,000 s)
2025-06-04 14:59:30,135 INFO  - Already have ACK (at simulation time 572.000,000,000 s)
2025-06-04 14:59:30,135 INFO  - Already have ACK (at simulation time 572.000,000,000 s)
2025-06-04 14:59:30,136 INFO  - Already have ACK (at simulation time 572.000,000,000 s)
2025-06-04 14:59:30,136 INFO  - Already have ACK (at simulation time 572.000,000,000 s)
2025-06-04 14:59:30,136 INFO  - Already have ACK (at simulation time 572.000,000,000 s)
2025-06-04 14:59:30,136 INFO  - Already have ACK (at simulation time 572.000,000,000 s)
2025-06-04 14:59:30,136 INFO  - Already have ACK (at simulation time 572.000,000,000 s)
2025-06-04 14:59:30,136 INFO  - Already have ACK (at simulation time 572.000,000,000 s)
2025-06-04 14:59:30,136 INFO  - Already have ACK (at simulation time 572.000,000,000 s)
2025-06-04 14:59:30,136 INFO  - Already have ACK (at simulation time 572.000,000,000 s)
2025-06-04 14:59:30,136 INFO  - Already have ACK (at simulation time 572.000,000,000 s)
2025-06-04 14:59:30,136 INFO  - Already have ACK (at simulation time 572.000,000,000 s)
2025-06-04 14:59:30,136 INFO  - Already have ACK (at simulation time 572.000,000,000 s)
2025-06-04 14:59:30,136 INFO  - Already have ACK (at simulation time 572.000,000,000 s)
2025-06-04 14:59:30,136 INFO  - Already have ACK (at simulation time 572.000,000,000 s)
2025-06-04 14:59:30,136 INFO  - Already have ACK (at simulation time 572.000,000,000 s)
2025-06-04 14:59:30,136 INFO  - Already have ACK (at simulation time 572.000,000,000 s)
2025-06-04 14:59:30,136 INFO  - Already have ACK (at simulation time 572.000,000,000 s)
2025-06-04 14:59:30,139 INFO  - Already have ACK (at simulation time 573.000,000,000 s)
2025-06-04 14:59:30,139 INFO  - Already have ACK (at simulation time 573.000,000,000 s)
2025-06-04 14:59:30,139 INFO  - Already have ACK (at simulation time 573.000,000,000 s)
2025-06-04 14:59:30,139 INFO  - Already have ACK (at simulation time 573.000,000,000 s)
2025-06-04 14:59:30,139 INFO  - Already have ACK (at simulation time 573.000,000,000 s)
2025-06-04 14:59:30,140 INFO  - Already have ACK (at simulation time 573.000,000,000 s)
2025-06-04 14:59:30,140 INFO  - Already have ACK (at simulation time 573.000,000,000 s)
2025-06-04 14:59:30,140 INFO  - Already have ACK (at simulation time 573.000,000,000 s)
2025-06-04 14:59:30,140 INFO  - Already have ACK (at simulation time 573.000,000,000 s)
2025-06-04 14:59:30,140 INFO  - Already have ACK (at simulation time 573.000,000,000 s)
2025-06-04 14:59:30,140 INFO  - Already have ACK (at simulation time 573.000,000,000 s)
2025-06-04 14:59:30,140 INFO  - Already have ACK (at simulation time 573.000,000,000 s)
2025-06-04 14:59:30,140 INFO  - Already have ACK (at simulation time 573.000,000,000 s)
2025-06-04 14:59:30,140 INFO  - Already have ACK (at simulation time 573.000,000,000 s)
2025-06-04 14:59:30,140 INFO  - Already have ACK (at simulation time 573.000,000,000 s)
2025-06-04 14:59:30,141 INFO  - Already have ACK (at simulation time 573.000,000,000 s)
2025-06-04 14:59:30,141 INFO  - Already have ACK (at simulation time 573.000,000,000 s)
2025-06-04 14:59:30,141 INFO  - Already have ACK (at simulation time 573.000,000,000 s)
2025-06-04 14:59:30,141 INFO  - Already have ACK (at simulation time 573.000,000,000 s)
2025-06-04 14:59:30,141 INFO  - Already have ACK (at simulation time 573.000,000,000 s)
2025-06-04 14:59:30,141 INFO  - Already have ACK (at simulation time 573.000,000,000 s)
2025-06-04 14:59:30,141 INFO  - Already have ACK (at simulation time 573.000,000,000 s)
2025-06-04 14:59:30,141 INFO  - Already have ACK (at simulation time 573.000,000,000 s)
2025-06-04 14:59:30,141 INFO  - Already have ACK (at simulation time 573.000,000,000 s)
2025-06-04 14:59:30,141 INFO  - Already have ACK (at simulation time 573.000,000,000 s)
2025-06-04 14:59:30,141 INFO  - Already have ACK (at simulation time 573.000,000,000 s)
2025-06-04 14:59:30,141 INFO  - Already have ACK (at simulation time 573.000,000,000 s)
2025-06-04 14:59:30,142 INFO  - Already have ACK (at simulation time 573.000,000,000 s)
2025-06-04 14:59:30,142 INFO  - Already have ACK (at simulation time 573.000,000,000 s)
2025-06-04 14:59:30,142 INFO  - Already have ACK (at simulation time 573.000,000,000 s)
2025-06-04 14:59:30,142 INFO  - Already have ACK (at simulation time 573.000,000,000 s)
2025-06-04 14:59:30,142 INFO  - Already have ACK (at simulation time 573.000,000,000 s)
2025-06-04 14:59:30,142 INFO  - Already have ACK (at simulation time 573.000,000,000 s)
2025-06-04 14:59:30,142 INFO  - Already have ACK (at simulation time 573.000,000,000 s)
2025-06-04 14:59:30,142 INFO  - Already have ACK (at simulation time 573.000,000,000 s)
2025-06-04 14:59:30,142 INFO  - Already have ACK (at simulation time 573.000,000,000 s)
2025-06-04 14:59:30,142 INFO  - Already have ACK (at simulation time 573.000,000,000 s)
2025-06-04 14:59:30,142 INFO  - Already have ACK (at simulation time 573.000,000,000 s)
2025-06-04 14:59:30,142 INFO  - Already have ACK (at simulation time 573.000,000,000 s)
2025-06-04 14:59:30,143 INFO  - Already have ACK (at simulation time 573.000,000,000 s)
2025-06-04 14:59:30,143 INFO  - Already have ACK (at simulation time 573.000,000,000 s)
2025-06-04 14:59:30,143 INFO  - Already have ACK (at simulation time 573.000,000,000 s)
2025-06-04 14:59:30,143 INFO  - Already have ACK (at simulation time 573.000,000,000 s)
2025-06-04 14:59:30,143 INFO  - Already have ACK (at simulation time 573.000,000,000 s)
2025-06-04 14:59:30,143 INFO  - Already have ACK (at simulation time 573.000,000,000 s)
2025-06-04 14:59:30,143 INFO  - Already have ACK (at simulation time 573.000,000,000 s)
2025-06-04 14:59:30,143 INFO  - Already have ACK (at simulation time 573.000,000,000 s)
2025-06-04 14:59:30,143 INFO  - Already have ACK (at simulation time 573.000,000,000 s)
2025-06-04 14:59:30,143 INFO  - Already have ACK (at simulation time 573.000,000,000 s)
2025-06-04 14:59:30,143 INFO  - Already have ACK (at simulation time 573.000,000,000 s)
2025-06-04 14:59:30,143 INFO  - Already have ACK (at simulation time 573.000,000,000 s)
2025-06-04 14:59:30,143 INFO  - Already have ACK (at simulation time 573.000,000,000 s)
2025-06-04 14:59:30,144 INFO  - Already have ACK (at simulation time 573.000,000,000 s)
2025-06-04 14:59:30,144 INFO  - Already have ACK (at simulation time 573.000,000,000 s)
2025-06-04 14:59:30,144 INFO  - Already have ACK (at simulation time 573.000,000,000 s)
2025-06-04 14:59:30,144 INFO  - Already have ACK (at simulation time 573.000,000,000 s)
2025-06-04 14:59:30,144 INFO  - Already have ACK (at simulation time 573.000,000,000 s)
2025-06-04 14:59:30,144 INFO  - Already have ACK (at simulation time 573.000,000,000 s)
2025-06-04 14:59:30,144 INFO  - Already have ACK (at simulation time 573.000,000,000 s)
2025-06-04 14:59:30,144 INFO  - Already have ACK (at simulation time 573.000,000,000 s)
2025-06-04 14:59:30,144 INFO  - Already have ACK (at simulation time 573.000,000,000 s)
2025-06-04 14:59:30,144 INFO  - Already have ACK (at simulation time 573.000,000,000 s)
2025-06-04 14:59:30,144 INFO  - Already have ACK (at simulation time 573.000,000,000 s)
2025-06-04 14:59:30,144 INFO  - Already have ACK (at simulation time 573.000,000,000 s)
2025-06-04 14:59:30,144 INFO  - Already have ACK (at simulation time 573.000,000,000 s)
2025-06-04 14:59:30,144 INFO  - Already have ACK (at simulation time 573.000,000,000 s)
2025-06-04 14:59:30,144 INFO  - Already have ACK (at simulation time 573.000,000,000 s)
2025-06-04 14:59:30,144 INFO  - Already have ACK (at simulation time 573.000,000,000 s)
2025-06-04 14:59:30,144 INFO  - Already have ACK (at simulation time 573.000,000,000 s)
2025-06-04 14:59:30,144 INFO  - Already have ACK (at simulation time 573.000,000,000 s)
2025-06-04 14:59:30,145 INFO  - Already have ACK (at simulation time 573.000,000,000 s)
2025-06-04 14:59:30,145 INFO  - Already have ACK (at simulation time 573.000,000,000 s)
2025-06-04 14:59:30,145 INFO  - Already have ACK (at simulation time 573.000,000,000 s)
2025-06-04 14:59:30,145 INFO  - Already have ACK (at simulation time 573.000,000,000 s)
2025-06-04 14:59:30,145 INFO  - Already have ACK (at simulation time 573.000,000,000 s)
2025-06-04 14:59:30,145 INFO  - Already have ACK (at simulation time 573.000,000,000 s)
2025-06-04 14:59:30,145 INFO  - Already have ACK (at simulation time 573.000,000,000 s)
2025-06-04 14:59:30,145 INFO  - Already have ACK (at simulation time 573.000,000,000 s)
2025-06-04 14:59:30,145 INFO  - Already have ACK (at simulation time 573.000,000,000 s)
2025-06-04 14:59:30,145 INFO  - Already have ACK (at simulation time 573.000,000,000 s)
2025-06-04 14:59:30,145 INFO  - Already have ACK (at simulation time 573.000,000,000 s)
2025-06-04 14:59:30,145 INFO  - Already have ACK (at simulation time 573.000,000,000 s)
2025-06-04 14:59:30,145 INFO  - Already have ACK (at simulation time 573.000,000,000 s)
2025-06-04 14:59:30,145 INFO  - Already have ACK (at simulation time 573.000,000,000 s)
2025-06-04 14:59:30,147 INFO  - Already have ACK (at simulation time 574.000,000,000 s)
2025-06-04 14:59:30,148 INFO  - Already have ACK (at simulation time 574.000,000,000 s)
2025-06-04 14:59:30,148 INFO  - Already have ACK (at simulation time 574.000,000,000 s)
2025-06-04 14:59:30,148 INFO  - Already have ACK (at simulation time 574.000,000,000 s)
2025-06-04 14:59:30,148 INFO  - Already have ACK (at simulation time 574.000,000,000 s)
2025-06-04 14:59:30,148 INFO  - Already have ACK (at simulation time 574.000,000,000 s)
2025-06-04 14:59:30,148 INFO  - Already have ACK (at simulation time 574.000,000,000 s)
2025-06-04 14:59:30,148 INFO  - Already have ACK (at simulation time 574.000,000,000 s)
2025-06-04 14:59:30,149 INFO  - Already have ACK (at simulation time 574.000,000,000 s)
2025-06-04 14:59:30,149 INFO  - Already have ACK (at simulation time 574.000,000,000 s)
2025-06-04 14:59:30,149 INFO  - Already have ACK (at simulation time 574.000,000,000 s)
2025-06-04 14:59:30,149 INFO  - Already have ACK (at simulation time 574.000,000,000 s)
2025-06-04 14:59:30,149 INFO  - Already have ACK (at simulation time 574.000,000,000 s)
2025-06-04 14:59:30,149 INFO  - Already have ACK (at simulation time 574.000,000,000 s)
2025-06-04 14:59:30,149 INFO  - Already have ACK (at simulation time 574.000,000,000 s)
2025-06-04 14:59:30,149 INFO  - Already have ACK (at simulation time 574.000,000,000 s)
2025-06-04 14:59:30,149 INFO  - Already have ACK (at simulation time 574.000,000,000 s)
2025-06-04 14:59:30,149 INFO  - Already have ACK (at simulation time 574.000,000,000 s)
2025-06-04 14:59:30,149 INFO  - Already have ACK (at simulation time 574.000,000,000 s)
2025-06-04 14:59:30,150 INFO  - Already have ACK (at simulation time 574.000,000,000 s)
2025-06-04 14:59:30,150 INFO  - Already have ACK (at simulation time 574.000,000,000 s)
2025-06-04 14:59:30,150 INFO  - Already have ACK (at simulation time 574.000,000,000 s)
2025-06-04 14:59:30,150 INFO  - Already have ACK (at simulation time 574.000,000,000 s)
2025-06-04 14:59:30,150 INFO  - Already have ACK (at simulation time 574.000,000,000 s)
2025-06-04 14:59:30,150 INFO  - Already have ACK (at simulation time 574.000,000,000 s)
2025-06-04 14:59:30,150 INFO  - Already have ACK (at simulation time 574.000,000,000 s)
2025-06-04 14:59:30,150 INFO  - Already have ACK (at simulation time 574.000,000,000 s)
2025-06-04 14:59:30,150 INFO  - Already have ACK (at simulation time 574.000,000,000 s)
2025-06-04 14:59:30,150 INFO  - Already have ACK (at simulation time 574.000,000,000 s)
2025-06-04 14:59:30,150 INFO  - Already have ACK (at simulation time 574.000,000,000 s)
2025-06-04 14:59:30,151 INFO  - Already have ACK (at simulation time 574.000,000,000 s)
2025-06-04 14:59:30,151 INFO  - Already have ACK (at simulation time 574.000,000,000 s)
2025-06-04 14:59:30,151 INFO  - Already have ACK (at simulation time 574.000,000,000 s)
2025-06-04 14:59:30,151 INFO  - Already have ACK (at simulation time 574.000,000,000 s)
2025-06-04 14:59:30,151 INFO  - Already have ACK (at simulation time 574.000,000,000 s)
2025-06-04 14:59:30,151 INFO  - Already have ACK (at simulation time 574.000,000,000 s)
2025-06-04 14:59:30,151 INFO  - Already have ACK (at simulation time 574.000,000,000 s)
2025-06-04 14:59:30,151 INFO  - Already have ACK (at simulation time 574.000,000,000 s)
2025-06-04 14:59:30,151 INFO  - Already have ACK (at simulation time 574.000,000,000 s)
2025-06-04 14:59:30,151 INFO  - Already have ACK (at simulation time 574.000,000,000 s)
2025-06-04 14:59:30,151 INFO  - Already have ACK (at simulation time 574.000,000,000 s)
2025-06-04 14:59:30,151 INFO  - Already have ACK (at simulation time 574.000,000,000 s)
2025-06-04 14:59:30,152 INFO  - Already have ACK (at simulation time 574.000,000,000 s)
2025-06-04 14:59:30,152 INFO  - Already have ACK (at simulation time 574.000,000,000 s)
2025-06-04 14:59:30,152 INFO  - Already have ACK (at simulation time 574.000,000,000 s)
2025-06-04 14:59:30,152 INFO  - Already have ACK (at simulation time 574.000,000,000 s)
2025-06-04 14:59:30,152 INFO  - Already have ACK (at simulation time 574.000,000,000 s)
2025-06-04 14:59:30,152 INFO  - Already have ACK (at simulation time 574.000,000,000 s)
2025-06-04 14:59:30,152 INFO  - Already have ACK (at simulation time 574.000,000,000 s)
2025-06-04 14:59:30,152 INFO  - Already have ACK (at simulation time 574.000,000,000 s)
2025-06-04 14:59:30,152 INFO  - Already have ACK (at simulation time 574.000,000,000 s)
2025-06-04 14:59:30,152 INFO  - Already have ACK (at simulation time 574.000,000,000 s)
2025-06-04 14:59:30,152 INFO  - Already have ACK (at simulation time 574.000,000,000 s)
2025-06-04 14:59:30,152 INFO  - Already have ACK (at simulation time 574.000,000,000 s)
2025-06-04 14:59:30,152 INFO  - Already have ACK (at simulation time 574.000,000,000 s)
2025-06-04 14:59:30,152 INFO  - Already have ACK (at simulation time 574.000,000,000 s)
2025-06-04 14:59:30,153 INFO  - Already have ACK (at simulation time 574.000,000,000 s)
2025-06-04 14:59:30,153 INFO  - Already have ACK (at simulation time 574.000,000,000 s)
2025-06-04 14:59:30,153 INFO  - Already have ACK (at simulation time 574.000,000,000 s)
2025-06-04 14:59:30,153 INFO  - Already have ACK (at simulation time 574.000,000,000 s)
2025-06-04 14:59:30,153 INFO  - Already have ACK (at simulation time 574.000,000,000 s)
2025-06-04 14:59:30,153 INFO  - Already have ACK (at simulation time 574.000,000,000 s)
2025-06-04 14:59:30,153 INFO  - Already have ACK (at simulation time 574.000,000,000 s)
2025-06-04 14:59:30,153 INFO  - Already have ACK (at simulation time 574.000,000,000 s)
2025-06-04 14:59:30,153 INFO  - Already have ACK (at simulation time 574.000,000,000 s)
2025-06-04 14:59:30,153 INFO  - Already have ACK (at simulation time 574.000,000,000 s)
2025-06-04 14:59:30,153 INFO  - Already have ACK (at simulation time 574.000,000,000 s)
2025-06-04 14:59:30,153 INFO  - Already have ACK (at simulation time 574.000,000,000 s)
2025-06-04 14:59:30,153 INFO  - Already have ACK (at simulation time 574.000,000,000 s)
2025-06-04 14:59:30,153 INFO  - Already have ACK (at simulation time 574.000,000,000 s)
2025-06-04 14:59:30,153 INFO  - Already have ACK (at simulation time 574.000,000,000 s)
2025-06-04 14:59:30,153 INFO  - Already have ACK (at simulation time 574.000,000,000 s)
2025-06-04 14:59:30,153 INFO  - Already have ACK (at simulation time 574.000,000,000 s)
2025-06-04 14:59:30,154 INFO  - Already have ACK (at simulation time 574.000,000,000 s)
2025-06-04 14:59:30,154 INFO  - Already have ACK (at simulation time 574.000,000,000 s)
2025-06-04 14:59:30,154 INFO  - Already have ACK (at simulation time 574.000,000,000 s)
2025-06-04 14:59:30,154 INFO  - Already have ACK (at simulation time 574.000,000,000 s)
2025-06-04 14:59:30,154 INFO  - Already have ACK (at simulation time 574.000,000,000 s)
2025-06-04 14:59:30,154 INFO  - Already have ACK (at simulation time 574.000,000,000 s)
2025-06-04 14:59:30,154 INFO  - Already have ACK (at simulation time 574.000,000,000 s)
2025-06-04 14:59:30,154 INFO  - Already have ACK (at simulation time 574.000,000,000 s)
2025-06-04 14:59:30,154 INFO  - Already have ACK (at simulation time 574.000,000,000 s)
2025-06-04 14:59:30,154 INFO  - Already have ACK (at simulation time 574.000,000,000 s)
2025-06-04 14:59:30,154 INFO  - Already have ACK (at simulation time 574.000,000,000 s)
2025-06-04 14:59:30,154 INFO  - Already have ACK (at simulation time 574.000,000,000 s)
2025-06-04 14:59:30,157 INFO  - Sent periodic GreenWaveMsg: veh_95 on route r_1 (at simulation time 575.000,000,000 s)
2025-06-04 14:59:30,157 INFO  - Already have ACK (at simulation time 575.000,000,000 s)
2025-06-04 14:59:30,157 INFO  - Already have ACK (at simulation time 575.000,000,000 s)
2025-06-04 14:59:30,157 INFO  - Already have ACK (at simulation time 575.000,000,000 s)
2025-06-04 14:59:30,157 INFO  - Already have ACK (at simulation time 575.000,000,000 s)
2025-06-04 14:59:30,158 INFO  - Already have ACK (at simulation time 575.000,000,000 s)
2025-06-04 14:59:30,158 INFO  - Already have ACK (at simulation time 575.000,000,000 s)
2025-06-04 14:59:30,158 INFO  - Already have ACK (at simulation time 575.000,000,000 s)
2025-06-04 14:59:30,158 INFO  - Already have ACK (at simulation time 575.000,000,000 s)
2025-06-04 14:59:30,158 INFO  - Already have ACK (at simulation time 575.000,000,000 s)
2025-06-04 14:59:30,158 INFO  - Already have ACK (at simulation time 575.000,000,000 s)
2025-06-04 14:59:30,158 INFO  - Already have ACK (at simulation time 575.000,000,000 s)
2025-06-04 14:59:30,158 INFO  - Already have ACK (at simulation time 575.000,000,000 s)
2025-06-04 14:59:30,161 INFO  - Already have ACK (at simulation time 575.000,000,000 s)
2025-06-04 14:59:30,161 INFO  - Already have ACK (at simulation time 575.000,000,000 s)
2025-06-04 14:59:30,161 INFO  - Already have ACK (at simulation time 575.000,000,000 s)
2025-06-04 14:59:30,161 INFO  - Already have ACK (at simulation time 575.000,000,000 s)
2025-06-04 14:59:30,161 INFO  - Already have ACK (at simulation time 575.000,000,000 s)
2025-06-04 14:59:30,161 INFO  - Already have ACK (at simulation time 575.000,000,000 s)
2025-06-04 14:59:30,161 INFO  - Already have ACK (at simulation time 575.000,000,000 s)
2025-06-04 14:59:30,161 INFO  - Already have ACK (at simulation time 575.000,000,000 s)
2025-06-04 14:59:30,161 INFO  - Already have ACK (at simulation time 575.000,000,000 s)
2025-06-04 14:59:30,161 INFO  - Already have ACK (at simulation time 575.000,000,000 s)
2025-06-04 14:59:30,161 INFO  - Already have ACK (at simulation time 575.000,000,000 s)
2025-06-04 14:59:30,162 INFO  - Already have ACK (at simulation time 575.000,000,000 s)
2025-06-04 14:59:30,162 INFO  - Already have ACK (at simulation time 575.000,000,000 s)
2025-06-04 14:59:30,162 INFO  - Already have ACK (at simulation time 575.000,000,000 s)
2025-06-04 14:59:30,162 INFO  - Already have ACK (at simulation time 575.000,000,000 s)
2025-06-04 14:59:30,162 INFO  - Already have ACK (at simulation time 575.000,000,000 s)
2025-06-04 14:59:30,162 INFO  - Already have ACK (at simulation time 575.000,000,000 s)
2025-06-04 14:59:30,162 INFO  - Already have ACK (at simulation time 575.000,000,000 s)
2025-06-04 14:59:30,162 INFO  - Already have ACK (at simulation time 575.000,000,000 s)
2025-06-04 14:59:30,162 INFO  - Already have ACK (at simulation time 575.000,000,000 s)
2025-06-04 14:59:30,162 INFO  - Already have ACK (at simulation time 575.000,000,000 s)
2025-06-04 14:59:30,162 INFO  - Already have ACK (at simulation time 575.000,000,000 s)
2025-06-04 14:59:30,162 INFO  - Already have ACK (at simulation time 575.000,000,000 s)
2025-06-04 14:59:30,162 INFO  - Already have ACK (at simulation time 575.000,000,000 s)
2025-06-04 14:59:30,163 INFO  - Already have ACK (at simulation time 575.000,000,000 s)
2025-06-04 14:59:30,163 INFO  - Already have ACK (at simulation time 575.000,000,000 s)
2025-06-04 14:59:30,163 INFO  - Already have ACK (at simulation time 575.000,000,000 s)
2025-06-04 14:59:30,163 INFO  - Already have ACK (at simulation time 575.000,000,000 s)
2025-06-04 14:59:30,163 INFO  - Already have ACK (at simulation time 575.000,000,000 s)
2025-06-04 14:59:30,163 INFO  - Already have ACK (at simulation time 575.000,000,000 s)
2025-06-04 14:59:30,163 INFO  - Already have ACK (at simulation time 575.000,000,000 s)
2025-06-04 14:59:30,163 INFO  - Already have ACK (at simulation time 575.000,000,000 s)
2025-06-04 14:59:30,163 INFO  - Already have ACK (at simulation time 575.000,000,000 s)
2025-06-04 14:59:30,163 INFO  - Already have ACK (at simulation time 575.000,000,000 s)
2025-06-04 14:59:30,163 INFO  - Already have ACK (at simulation time 575.000,000,000 s)
2025-06-04 14:59:30,163 INFO  - Already have ACK (at simulation time 575.000,000,000 s)
2025-06-04 14:59:30,163 INFO  - Already have ACK (at simulation time 575.000,000,000 s)
2025-06-04 14:59:30,163 INFO  - Already have ACK (at simulation time 575.000,000,000 s)
2025-06-04 14:59:30,164 INFO  - Already have ACK (at simulation time 575.000,000,000 s)
2025-06-04 14:59:30,164 INFO  - Already have ACK (at simulation time 575.000,000,000 s)
2025-06-04 14:59:30,164 INFO  - Already have ACK (at simulation time 575.000,000,000 s)
2025-06-04 14:59:30,164 INFO  - Already have ACK (at simulation time 575.000,000,000 s)
2025-06-04 14:59:30,164 INFO  - Already have ACK (at simulation time 575.000,000,000 s)
2025-06-04 14:59:30,164 INFO  - Already have ACK (at simulation time 575.000,000,000 s)
2025-06-04 14:59:30,164 INFO  - Already have ACK (at simulation time 575.000,000,000 s)
2025-06-04 14:59:30,164 INFO  - Already have ACK (at simulation time 575.000,000,000 s)
2025-06-04 14:59:30,164 INFO  - Already have ACK (at simulation time 575.000,000,000 s)
2025-06-04 14:59:30,164 INFO  - Already have ACK (at simulation time 575.000,000,000 s)
2025-06-04 14:59:30,164 INFO  - Already have ACK (at simulation time 575.000,000,000 s)
2025-06-04 14:59:30,164 INFO  - Already have ACK (at simulation time 575.000,000,000 s)
2025-06-04 14:59:30,164 INFO  - Already have ACK (at simulation time 575.000,000,000 s)
2025-06-04 14:59:30,164 INFO  - Already have ACK (at simulation time 575.000,000,000 s)
2025-06-04 14:59:30,164 INFO  - Already have ACK (at simulation time 575.000,000,000 s)
2025-06-04 14:59:30,164 INFO  - Already have ACK (at simulation time 575.000,000,000 s)
2025-06-04 14:59:30,164 INFO  - Already have ACK (at simulation time 575.000,000,000 s)
2025-06-04 14:59:30,164 INFO  - Already have ACK (at simulation time 575.000,000,000 s)
2025-06-04 14:59:30,165 INFO  - Already have ACK (at simulation time 575.000,000,000 s)
2025-06-04 14:59:30,165 INFO  - Already have ACK (at simulation time 575.000,000,000 s)
2025-06-04 14:59:30,165 INFO  - Already have ACK (at simulation time 575.000,000,000 s)
2025-06-04 14:59:30,165 INFO  - Already have ACK (at simulation time 575.000,000,000 s)
2025-06-04 14:59:30,165 INFO  - Already have ACK (at simulation time 575.000,000,000 s)
2025-06-04 14:59:30,165 INFO  - Already have ACK (at simulation time 575.000,000,000 s)
2025-06-04 14:59:30,165 INFO  - Already have ACK (at simulation time 575.000,000,000 s)
2025-06-04 14:59:30,165 INFO  - Already have ACK (at simulation time 575.000,000,000 s)
2025-06-04 14:59:30,165 INFO  - Already have ACK (at simulation time 575.000,000,000 s)
2025-06-04 14:59:30,165 INFO  - Already have ACK (at simulation time 575.000,000,000 s)
2025-06-04 14:59:30,165 INFO  - Already have ACK (at simulation time 575.000,000,000 s)
2025-06-04 14:59:30,165 INFO  - Already have ACK (at simulation time 575.000,000,000 s)
2025-06-04 14:59:30,165 INFO  - Already have ACK (at simulation time 575.000,000,000 s)
2025-06-04 14:59:30,165 INFO  - Already have ACK (at simulation time 575.000,000,000 s)
2025-06-04 14:59:30,165 INFO  - Already have ACK (at simulation time 575.000,000,000 s)
2025-06-04 14:59:30,165 INFO  - Already have ACK (at simulation time 575.000,000,000 s)
2025-06-04 14:59:30,165 INFO  - Already have ACK (at simulation time 575.000,000,000 s)
2025-06-04 14:59:30,165 INFO  - Already have ACK (at simulation time 575.000,000,000 s)
2025-06-04 14:59:30,168 INFO  - Already have ACK (at simulation time 576.000,000,000 s)
2025-06-04 14:59:30,168 INFO  - Already have ACK (at simulation time 576.000,000,000 s)
2025-06-04 14:59:30,168 INFO  - Already have ACK (at simulation time 576.000,000,000 s)
2025-06-04 14:59:30,168 INFO  - Already have ACK (at simulation time 576.000,000,000 s)
2025-06-04 14:59:30,168 INFO  - Already have ACK (at simulation time 576.000,000,000 s)
2025-06-04 14:59:30,169 INFO  - Already have ACK (at simulation time 576.000,000,000 s)
2025-06-04 14:59:30,169 INFO  - Already have ACK (at simulation time 576.000,000,000 s)
2025-06-04 14:59:30,169 INFO  - Already have ACK (at simulation time 576.000,000,000 s)
2025-06-04 14:59:30,169 INFO  - Already have ACK (at simulation time 576.000,000,000 s)
2025-06-04 14:59:30,169 INFO  - Already have ACK (at simulation time 576.000,000,000 s)
2025-06-04 14:59:30,169 INFO  - Already have ACK (at simulation time 576.000,000,000 s)
2025-06-04 14:59:30,169 INFO  - Already have ACK (at simulation time 576.000,000,000 s)
2025-06-04 14:59:30,169 INFO  - Already have ACK (at simulation time 576.000,000,000 s)
2025-06-04 14:59:30,169 INFO  - Already have ACK (at simulation time 576.000,000,000 s)
2025-06-04 14:59:30,169 INFO  - Already have ACK (at simulation time 576.000,000,000 s)
2025-06-04 14:59:30,169 INFO  - Already have ACK (at simulation time 576.000,000,000 s)
2025-06-04 14:59:30,170 INFO  - Already have ACK (at simulation time 576.000,000,000 s)
2025-06-04 14:59:30,170 INFO  - Already have ACK (at simulation time 576.000,000,000 s)
2025-06-04 14:59:30,170 INFO  - Already have ACK (at simulation time 576.000,000,000 s)
2025-06-04 14:59:30,170 INFO  - Already have ACK (at simulation time 576.000,000,000 s)
2025-06-04 14:59:30,170 INFO  - Already have ACK (at simulation time 576.000,000,000 s)
2025-06-04 14:59:30,170 INFO  - Already have ACK (at simulation time 576.000,000,000 s)
2025-06-04 14:59:30,170 INFO  - Already have ACK (at simulation time 576.000,000,000 s)
2025-06-04 14:59:30,170 INFO  - Already have ACK (at simulation time 576.000,000,000 s)
2025-06-04 14:59:30,170 INFO  - Already have ACK (at simulation time 576.000,000,000 s)
2025-06-04 14:59:30,170 INFO  - Already have ACK (at simulation time 576.000,000,000 s)
2025-06-04 14:59:30,170 INFO  - Already have ACK (at simulation time 576.000,000,000 s)
2025-06-04 14:59:30,170 INFO  - Already have ACK (at simulation time 576.000,000,000 s)
2025-06-04 14:59:30,171 INFO  - Already have ACK (at simulation time 576.000,000,000 s)
2025-06-04 14:59:30,171 INFO  - Already have ACK (at simulation time 576.000,000,000 s)
2025-06-04 14:59:30,171 INFO  - Already have ACK (at simulation time 576.000,000,000 s)
2025-06-04 14:59:30,171 INFO  - Already have ACK (at simulation time 576.000,000,000 s)
2025-06-04 14:59:30,171 INFO  - Already have ACK (at simulation time 576.000,000,000 s)
2025-06-04 14:59:30,171 INFO  - Already have ACK (at simulation time 576.000,000,000 s)
2025-06-04 14:59:30,171 INFO  - Already have ACK (at simulation time 576.000,000,000 s)
2025-06-04 14:59:30,171 INFO  - Already have ACK (at simulation time 576.000,000,000 s)
2025-06-04 14:59:30,171 INFO  - Already have ACK (at simulation time 576.000,000,000 s)
2025-06-04 14:59:30,171 INFO  - Already have ACK (at simulation time 576.000,000,000 s)
2025-06-04 14:59:30,171 INFO  - Already have ACK (at simulation time 576.000,000,000 s)
2025-06-04 14:59:30,171 INFO  - Already have ACK (at simulation time 576.000,000,000 s)
2025-06-04 14:59:30,171 INFO  - Already have ACK (at simulation time 576.000,000,000 s)
2025-06-04 14:59:30,172 INFO  - Already have ACK (at simulation time 576.000,000,000 s)
2025-06-04 14:59:30,172 INFO  - Already have ACK (at simulation time 576.000,000,000 s)
2025-06-04 14:59:30,172 INFO  - Already have ACK (at simulation time 576.000,000,000 s)
2025-06-04 14:59:30,172 INFO  - Already have ACK (at simulation time 576.000,000,000 s)
2025-06-04 14:59:30,172 INFO  - Already have ACK (at simulation time 576.000,000,000 s)
2025-06-04 14:59:30,172 INFO  - Already have ACK (at simulation time 576.000,000,000 s)
2025-06-04 14:59:30,172 INFO  - Already have ACK (at simulation time 576.000,000,000 s)
2025-06-04 14:59:30,172 INFO  - Already have ACK (at simulation time 576.000,000,000 s)
2025-06-04 14:59:30,172 INFO  - Already have ACK (at simulation time 576.000,000,000 s)
2025-06-04 14:59:30,172 INFO  - Already have ACK (at simulation time 576.000,000,000 s)
2025-06-04 14:59:30,172 INFO  - Already have ACK (at simulation time 576.000,000,000 s)
2025-06-04 14:59:30,172 INFO  - Already have ACK (at simulation time 576.000,000,000 s)
2025-06-04 14:59:30,172 INFO  - Already have ACK (at simulation time 576.000,000,000 s)
2025-06-04 14:59:30,172 INFO  - Already have ACK (at simulation time 576.000,000,000 s)
2025-06-04 14:59:30,172 INFO  - Already have ACK (at simulation time 576.000,000,000 s)
2025-06-04 14:59:30,172 INFO  - Already have ACK (at simulation time 576.000,000,000 s)
2025-06-04 14:59:30,173 INFO  - Already have ACK (at simulation time 576.000,000,000 s)
2025-06-04 14:59:30,173 INFO  - Already have ACK (at simulation time 576.000,000,000 s)
2025-06-04 14:59:30,173 INFO  - Already have ACK (at simulation time 576.000,000,000 s)
2025-06-04 14:59:30,173 INFO  - Already have ACK (at simulation time 576.000,000,000 s)
2025-06-04 14:59:30,173 INFO  - Already have ACK (at simulation time 576.000,000,000 s)
2025-06-04 14:59:30,173 INFO  - Already have ACK (at simulation time 576.000,000,000 s)
2025-06-04 14:59:30,173 INFO  - Already have ACK (at simulation time 576.000,000,000 s)
2025-06-04 14:59:30,173 INFO  - Already have ACK (at simulation time 576.000,000,000 s)
2025-06-04 14:59:30,173 INFO  - Already have ACK (at simulation time 576.000,000,000 s)
2025-06-04 14:59:30,173 INFO  - Already have ACK (at simulation time 576.000,000,000 s)
2025-06-04 14:59:30,173 INFO  - Already have ACK (at simulation time 576.000,000,000 s)
2025-06-04 14:59:30,173 INFO  - Already have ACK (at simulation time 576.000,000,000 s)
2025-06-04 14:59:30,173 INFO  - Already have ACK (at simulation time 576.000,000,000 s)
2025-06-04 14:59:30,173 INFO  - Already have ACK (at simulation time 576.000,000,000 s)
2025-06-04 14:59:30,173 INFO  - Already have ACK (at simulation time 576.000,000,000 s)
2025-06-04 14:59:30,173 INFO  - Already have ACK (at simulation time 576.000,000,000 s)
2025-06-04 14:59:30,173 INFO  - Already have ACK (at simulation time 576.000,000,000 s)
2025-06-04 14:59:30,173 INFO  - Already have ACK (at simulation time 576.000,000,000 s)
2025-06-04 14:59:30,173 INFO  - Already have ACK (at simulation time 576.000,000,000 s)
2025-06-04 14:59:30,174 INFO  - Already have ACK (at simulation time 576.000,000,000 s)
2025-06-04 14:59:30,174 INFO  - Already have ACK (at simulation time 576.000,000,000 s)
2025-06-04 14:59:30,174 INFO  - Already have ACK (at simulation time 576.000,000,000 s)
2025-06-04 14:59:30,174 INFO  - Already have ACK (at simulation time 576.000,000,000 s)
2025-06-04 14:59:30,174 INFO  - Already have ACK (at simulation time 576.000,000,000 s)
2025-06-04 14:59:30,174 INFO  - Already have ACK (at simulation time 576.000,000,000 s)
2025-06-04 14:59:30,174 INFO  - Already have ACK (at simulation time 576.000,000,000 s)
2025-06-04 14:59:30,174 INFO  - Already have ACK (at simulation time 576.000,000,000 s)
2025-06-04 14:59:30,174 INFO  - Already have ACK (at simulation time 576.000,000,000 s)
2025-06-04 14:59:30,174 INFO  - Already have ACK (at simulation time 576.000,000,000 s)
2025-06-04 14:59:30,174 INFO  - Already have ACK (at simulation time 576.000,000,000 s)
2025-06-04 14:59:30,177 INFO  - Already have ACK (at simulation time 577.000,000,000 s)
2025-06-04 14:59:30,177 INFO  - Already have ACK (at simulation time 577.000,000,000 s)
2025-06-04 14:59:30,177 INFO  - Already have ACK (at simulation time 577.000,000,000 s)
2025-06-04 14:59:30,177 INFO  - Already have ACK (at simulation time 577.000,000,000 s)
2025-06-04 14:59:30,177 INFO  - Already have ACK (at simulation time 577.000,000,000 s)
2025-06-04 14:59:30,177 INFO  - Already have ACK (at simulation time 577.000,000,000 s)
2025-06-04 14:59:30,177 INFO  - Already have ACK (at simulation time 577.000,000,000 s)
2025-06-04 14:59:30,177 INFO  - Already have ACK (at simulation time 577.000,000,000 s)
2025-06-04 14:59:30,178 INFO  - Already have ACK (at simulation time 577.000,000,000 s)
2025-06-04 14:59:30,178 INFO  - Already have ACK (at simulation time 577.000,000,000 s)
2025-06-04 14:59:30,178 INFO  - Already have ACK (at simulation time 577.000,000,000 s)
2025-06-04 14:59:30,178 INFO  - Already have ACK (at simulation time 577.000,000,000 s)
2025-06-04 14:59:30,178 INFO  - Already have ACK (at simulation time 577.000,000,000 s)
2025-06-04 14:59:30,178 INFO  - Already have ACK (at simulation time 577.000,000,000 s)
2025-06-04 14:59:30,178 INFO  - Already have ACK (at simulation time 577.000,000,000 s)
2025-06-04 14:59:30,178 INFO  - Already have ACK (at simulation time 577.000,000,000 s)
2025-06-04 14:59:30,178 INFO  - Already have ACK (at simulation time 577.000,000,000 s)
2025-06-04 14:59:30,178 INFO  - Already have ACK (at simulation time 577.000,000,000 s)
2025-06-04 14:59:30,179 INFO  - Already have ACK (at simulation time 577.000,000,000 s)
2025-06-04 14:59:30,179 INFO  - Already have ACK (at simulation time 577.000,000,000 s)
2025-06-04 14:59:30,179 INFO  - Already have ACK (at simulation time 577.000,000,000 s)
2025-06-04 14:59:30,179 INFO  - Already have ACK (at simulation time 577.000,000,000 s)
2025-06-04 14:59:30,179 INFO  - Already have ACK (at simulation time 577.000,000,000 s)
2025-06-04 14:59:30,179 INFO  - Already have ACK (at simulation time 577.000,000,000 s)
2025-06-04 14:59:30,179 INFO  - Already have ACK (at simulation time 577.000,000,000 s)
2025-06-04 14:59:30,179 INFO  - Already have ACK (at simulation time 577.000,000,000 s)
2025-06-04 14:59:30,179 INFO  - Already have ACK (at simulation time 577.000,000,000 s)
2025-06-04 14:59:30,179 INFO  - Already have ACK (at simulation time 577.000,000,000 s)
2025-06-04 14:59:30,179 INFO  - Already have ACK (at simulation time 577.000,000,000 s)
2025-06-04 14:59:30,179 INFO  - Already have ACK (at simulation time 577.000,000,000 s)
2025-06-04 14:59:30,180 INFO  - Already have ACK (at simulation time 577.000,000,000 s)
2025-06-04 14:59:30,180 INFO  - Already have ACK (at simulation time 577.000,000,000 s)
2025-06-04 14:59:30,180 INFO  - Already have ACK (at simulation time 577.000,000,000 s)
2025-06-04 14:59:30,180 INFO  - Already have ACK (at simulation time 577.000,000,000 s)
2025-06-04 14:59:30,180 INFO  - Already have ACK (at simulation time 577.000,000,000 s)
2025-06-04 14:59:30,180 INFO  - Already have ACK (at simulation time 577.000,000,000 s)
2025-06-04 14:59:30,180 INFO  - Already have ACK (at simulation time 577.000,000,000 s)
2025-06-04 14:59:30,180 INFO  - Already have ACK (at simulation time 577.000,000,000 s)
2025-06-04 14:59:30,180 INFO  - Already have ACK (at simulation time 577.000,000,000 s)
2025-06-04 14:59:30,180 INFO  - Already have ACK (at simulation time 577.000,000,000 s)
2025-06-04 14:59:30,180 INFO  - Already have ACK (at simulation time 577.000,000,000 s)
2025-06-04 14:59:30,180 INFO  - Already have ACK (at simulation time 577.000,000,000 s)
2025-06-04 14:59:30,180 INFO  - Already have ACK (at simulation time 577.000,000,000 s)
2025-06-04 14:59:30,180 INFO  - Already have ACK (at simulation time 577.000,000,000 s)
2025-06-04 14:59:30,181 INFO  - Already have ACK (at simulation time 577.000,000,000 s)
2025-06-04 14:59:30,181 INFO  - Already have ACK (at simulation time 577.000,000,000 s)
2025-06-04 14:59:30,181 INFO  - Already have ACK (at simulation time 577.000,000,000 s)
2025-06-04 14:59:30,181 INFO  - Already have ACK (at simulation time 577.000,000,000 s)
2025-06-04 14:59:30,181 INFO  - Already have ACK (at simulation time 577.000,000,000 s)
2025-06-04 14:59:30,181 INFO  - Already have ACK (at simulation time 577.000,000,000 s)
2025-06-04 14:59:30,181 INFO  - Already have ACK (at simulation time 577.000,000,000 s)
2025-06-04 14:59:30,181 INFO  - Already have ACK (at simulation time 577.000,000,000 s)
2025-06-04 14:59:30,181 INFO  - Already have ACK (at simulation time 577.000,000,000 s)
2025-06-04 14:59:30,181 INFO  - Already have ACK (at simulation time 577.000,000,000 s)
2025-06-04 14:59:30,181 INFO  - Already have ACK (at simulation time 577.000,000,000 s)
2025-06-04 14:59:30,181 INFO  - Already have ACK (at simulation time 577.000,000,000 s)
2025-06-04 14:59:30,181 INFO  - Already have ACK (at simulation time 577.000,000,000 s)
2025-06-04 14:59:30,181 INFO  - Already have ACK (at simulation time 577.000,000,000 s)
2025-06-04 14:59:30,181 INFO  - Already have ACK (at simulation time 577.000,000,000 s)
2025-06-04 14:59:30,181 INFO  - Already have ACK (at simulation time 577.000,000,000 s)
2025-06-04 14:59:30,181 INFO  - Already have ACK (at simulation time 577.000,000,000 s)
2025-06-04 14:59:30,182 INFO  - Already have ACK (at simulation time 577.000,000,000 s)
2025-06-04 14:59:30,182 INFO  - Already have ACK (at simulation time 577.000,000,000 s)
2025-06-04 14:59:30,182 INFO  - Already have ACK (at simulation time 577.000,000,000 s)
2025-06-04 14:59:30,182 INFO  - Already have ACK (at simulation time 577.000,000,000 s)
2025-06-04 14:59:30,182 INFO  - Already have ACK (at simulation time 577.000,000,000 s)
2025-06-04 14:59:30,182 INFO  - Already have ACK (at simulation time 577.000,000,000 s)
2025-06-04 14:59:30,182 INFO  - Already have ACK (at simulation time 577.000,000,000 s)
2025-06-04 14:59:30,182 INFO  - Already have ACK (at simulation time 577.000,000,000 s)
2025-06-04 14:59:30,182 INFO  - Already have ACK (at simulation time 577.000,000,000 s)
2025-06-04 14:59:30,182 INFO  - Already have ACK (at simulation time 577.000,000,000 s)
2025-06-04 14:59:30,182 INFO  - Already have ACK (at simulation time 577.000,000,000 s)
2025-06-04 14:59:30,182 INFO  - Already have ACK (at simulation time 577.000,000,000 s)
2025-06-04 14:59:30,182 INFO  - Already have ACK (at simulation time 577.000,000,000 s)
2025-06-04 14:59:30,182 INFO  - Already have ACK (at simulation time 577.000,000,000 s)
2025-06-04 14:59:30,182 INFO  - Already have ACK (at simulation time 577.000,000,000 s)
2025-06-04 14:59:30,182 INFO  - Already have ACK (at simulation time 577.000,000,000 s)
2025-06-04 14:59:30,182 INFO  - Already have ACK (at simulation time 577.000,000,000 s)
2025-06-04 14:59:30,182 INFO  - Already have ACK (at simulation time 577.000,000,000 s)
2025-06-04 14:59:30,182 INFO  - Already have ACK (at simulation time 577.000,000,000 s)
2025-06-04 14:59:30,183 INFO  - Already have ACK (at simulation time 577.000,000,000 s)
2025-06-04 14:59:30,183 INFO  - Already have ACK (at simulation time 577.000,000,000 s)
2025-06-04 14:59:30,183 INFO  - Already have ACK (at simulation time 577.000,000,000 s)
2025-06-04 14:59:30,183 INFO  - Already have ACK (at simulation time 577.000,000,000 s)
2025-06-04 14:59:30,183 INFO  - Already have ACK (at simulation time 577.000,000,000 s)
2025-06-04 14:59:30,183 INFO  - Already have ACK (at simulation time 577.000,000,000 s)
2025-06-04 14:59:30,183 INFO  - Already have ACK (at simulation time 577.000,000,000 s)
2025-06-04 14:59:30,183 INFO  - Already have ACK (at simulation time 577.000,000,000 s)
2025-06-04 14:59:30,185 INFO  - Already have ACK (at simulation time 578.000,000,000 s)
2025-06-04 14:59:30,186 INFO  - Already have ACK (at simulation time 578.000,000,000 s)
2025-06-04 14:59:30,186 INFO  - Already have ACK (at simulation time 578.000,000,000 s)
2025-06-04 14:59:30,186 INFO  - Already have ACK (at simulation time 578.000,000,000 s)
2025-06-04 14:59:30,186 INFO  - Already have ACK (at simulation time 578.000,000,000 s)
2025-06-04 14:59:30,186 INFO  - Already have ACK (at simulation time 578.000,000,000 s)
2025-06-04 14:59:30,186 INFO  - Already have ACK (at simulation time 578.000,000,000 s)
2025-06-04 14:59:30,186 INFO  - Already have ACK (at simulation time 578.000,000,000 s)
2025-06-04 14:59:30,186 INFO  - Already have ACK (at simulation time 578.000,000,000 s)
2025-06-04 14:59:30,186 INFO  - Already have ACK (at simulation time 578.000,000,000 s)
2025-06-04 14:59:30,187 INFO  - Already have ACK (at simulation time 578.000,000,000 s)
2025-06-04 14:59:30,187 INFO  - Already have ACK (at simulation time 578.000,000,000 s)
2025-06-04 14:59:30,187 INFO  - Already have ACK (at simulation time 578.000,000,000 s)
2025-06-04 14:59:30,187 INFO  - Already have ACK (at simulation time 578.000,000,000 s)
2025-06-04 14:59:30,187 INFO  - Already have ACK (at simulation time 578.000,000,000 s)
2025-06-04 14:59:30,187 INFO  - Already have ACK (at simulation time 578.000,000,000 s)
2025-06-04 14:59:30,187 INFO  - Already have ACK (at simulation time 578.000,000,000 s)
2025-06-04 14:59:30,187 INFO  - Already have ACK (at simulation time 578.000,000,000 s)
2025-06-04 14:59:30,187 INFO  - Already have ACK (at simulation time 578.000,000,000 s)
2025-06-04 14:59:30,187 INFO  - Already have ACK (at simulation time 578.000,000,000 s)
2025-06-04 14:59:30,187 INFO  - Already have ACK (at simulation time 578.000,000,000 s)
2025-06-04 14:59:30,188 INFO  - Already have ACK (at simulation time 578.000,000,000 s)
2025-06-04 14:59:30,188 INFO  - Already have ACK (at simulation time 578.000,000,000 s)
2025-06-04 14:59:30,188 INFO  - Already have ACK (at simulation time 578.000,000,000 s)
2025-06-04 14:59:30,188 INFO  - Already have ACK (at simulation time 578.000,000,000 s)
2025-06-04 14:59:30,188 INFO  - Already have ACK (at simulation time 578.000,000,000 s)
2025-06-04 14:59:30,188 INFO  - Already have ACK (at simulation time 578.000,000,000 s)
2025-06-04 14:59:30,188 INFO  - Already have ACK (at simulation time 578.000,000,000 s)
2025-06-04 14:59:30,188 INFO  - Already have ACK (at simulation time 578.000,000,000 s)
2025-06-04 14:59:30,188 INFO  - Already have ACK (at simulation time 578.000,000,000 s)
2025-06-04 14:59:30,188 INFO  - Already have ACK (at simulation time 578.000,000,000 s)
2025-06-04 14:59:30,188 INFO  - Already have ACK (at simulation time 578.000,000,000 s)
2025-06-04 14:59:30,189 INFO  - Already have ACK (at simulation time 578.000,000,000 s)
2025-06-04 14:59:30,189 INFO  - Already have ACK (at simulation time 578.000,000,000 s)
2025-06-04 14:59:30,189 INFO  - Already have ACK (at simulation time 578.000,000,000 s)
2025-06-04 14:59:30,189 INFO  - Already have ACK (at simulation time 578.000,000,000 s)
2025-06-04 14:59:30,189 INFO  - Already have ACK (at simulation time 578.000,000,000 s)
2025-06-04 14:59:30,189 INFO  - Already have ACK (at simulation time 578.000,000,000 s)
2025-06-04 14:59:30,189 INFO  - Already have ACK (at simulation time 578.000,000,000 s)
2025-06-04 14:59:30,189 INFO  - Already have ACK (at simulation time 578.000,000,000 s)
2025-06-04 14:59:30,189 INFO  - Already have ACK (at simulation time 578.000,000,000 s)
2025-06-04 14:59:30,189 INFO  - Already have ACK (at simulation time 578.000,000,000 s)
2025-06-04 14:59:30,189 INFO  - Already have ACK (at simulation time 578.000,000,000 s)
2025-06-04 14:59:30,189 INFO  - Already have ACK (at simulation time 578.000,000,000 s)
2025-06-04 14:59:30,190 INFO  - Already have ACK (at simulation time 578.000,000,000 s)
2025-06-04 14:59:30,190 INFO  - Already have ACK (at simulation time 578.000,000,000 s)
2025-06-04 14:59:30,190 INFO  - Already have ACK (at simulation time 578.000,000,000 s)
2025-06-04 14:59:30,190 INFO  - Already have ACK (at simulation time 578.000,000,000 s)
2025-06-04 14:59:30,190 INFO  - Already have ACK (at simulation time 578.000,000,000 s)
2025-06-04 14:59:30,190 INFO  - Already have ACK (at simulation time 578.000,000,000 s)
2025-06-04 14:59:30,190 INFO  - Already have ACK (at simulation time 578.000,000,000 s)
2025-06-04 14:59:30,190 INFO  - Already have ACK (at simulation time 578.000,000,000 s)
2025-06-04 14:59:30,190 INFO  - Already have ACK (at simulation time 578.000,000,000 s)
2025-06-04 14:59:30,190 INFO  - Already have ACK (at simulation time 578.000,000,000 s)
2025-06-04 14:59:30,191 INFO  - Already have ACK (at simulation time 578.000,000,000 s)
2025-06-04 14:59:30,191 INFO  - Already have ACK (at simulation time 578.000,000,000 s)
2025-06-04 14:59:30,191 INFO  - Already have ACK (at simulation time 578.000,000,000 s)
2025-06-04 14:59:30,191 INFO  - Already have ACK (at simulation time 578.000,000,000 s)
2025-06-04 14:59:30,191 INFO  - Already have ACK (at simulation time 578.000,000,000 s)
2025-06-04 14:59:30,191 INFO  - Already have ACK (at simulation time 578.000,000,000 s)
2025-06-04 14:59:30,191 INFO  - Already have ACK (at simulation time 578.000,000,000 s)
2025-06-04 14:59:30,191 INFO  - Already have ACK (at simulation time 578.000,000,000 s)
2025-06-04 14:59:30,191 INFO  - Already have ACK (at simulation time 578.000,000,000 s)
2025-06-04 14:59:30,191 INFO  - Already have ACK (at simulation time 578.000,000,000 s)
2025-06-04 14:59:30,191 INFO  - Already have ACK (at simulation time 578.000,000,000 s)
2025-06-04 14:59:30,191 INFO  - Already have ACK (at simulation time 578.000,000,000 s)
2025-06-04 14:59:30,191 INFO  - Already have ACK (at simulation time 578.000,000,000 s)
2025-06-04 14:59:30,191 INFO  - Already have ACK (at simulation time 578.000,000,000 s)
2025-06-04 14:59:30,191 INFO  - Already have ACK (at simulation time 578.000,000,000 s)
2025-06-04 14:59:30,191 INFO  - Already have ACK (at simulation time 578.000,000,000 s)
2025-06-04 14:59:30,191 INFO  - Already have ACK (at simulation time 578.000,000,000 s)
2025-06-04 14:59:30,192 INFO  - Already have ACK (at simulation time 578.000,000,000 s)
2025-06-04 14:59:30,192 INFO  - Already have ACK (at simulation time 578.000,000,000 s)
2025-06-04 14:59:30,192 INFO  - Already have ACK (at simulation time 578.000,000,000 s)
2025-06-04 14:59:30,192 INFO  - Already have ACK (at simulation time 578.000,000,000 s)
2025-06-04 14:59:30,192 INFO  - Already have ACK (at simulation time 578.000,000,000 s)
2025-06-04 14:59:30,192 INFO  - Already have ACK (at simulation time 578.000,000,000 s)
2025-06-04 14:59:30,192 INFO  - Already have ACK (at simulation time 578.000,000,000 s)
2025-06-04 14:59:30,192 INFO  - Already have ACK (at simulation time 578.000,000,000 s)
2025-06-04 14:59:30,192 INFO  - Already have ACK (at simulation time 578.000,000,000 s)
2025-06-04 14:59:30,192 INFO  - Already have ACK (at simulation time 578.000,000,000 s)
2025-06-04 14:59:30,192 INFO  - Already have ACK (at simulation time 578.000,000,000 s)
2025-06-04 14:59:30,192 INFO  - Already have ACK (at simulation time 578.000,000,000 s)
2025-06-04 14:59:30,192 INFO  - Already have ACK (at simulation time 578.000,000,000 s)
2025-06-04 14:59:30,192 INFO  - Already have ACK (at simulation time 578.000,000,000 s)
2025-06-04 14:59:30,192 INFO  - Already have ACK (at simulation time 578.000,000,000 s)
2025-06-04 14:59:30,192 INFO  - Already have ACK (at simulation time 578.000,000,000 s)
2025-06-04 14:59:30,192 INFO  - Already have ACK (at simulation time 578.000,000,000 s)
2025-06-04 14:59:30,192 INFO  - Already have ACK (at simulation time 578.000,000,000 s)
2025-06-04 14:59:30,232 INFO  - Shutdown application (at simulation time 579.000,000,000 s)
