2025-06-06 17:30:50,591 INFO  - Initialize veh_67 application (at simulation time 346.000,000,000 s)
2025-06-06 17:30:50,591 INFO  - Sent periodic GreenWaveMsg: veh_67 on route r_1 (at simulation time 346.000,000,000 s)
2025-06-06 17:30:50,591 INFO  - I have no neighbours to send! (at simulation time 346.000,000,000 s)
2025-06-06 17:30:50,594 INFO  - I have no neighbours to send! (at simulation time 347.000,000,000 s)
2025-06-06 17:30:50,594 INFO  - I have no neighbours to send! (at simulation time 347.000,000,000 s)
2025-06-06 17:30:50,598 INFO  - I have no neighbours to send! (at simulation time 348.000,000,000 s)
2025-06-06 17:30:50,598 INFO  - I have no neighbours to send! (at simulation time 348.000,000,000 s)
2025-06-06 17:30:50,598 INFO  - I have no neighbours to send! (at simulation time 348.000,000,000 s)
2025-06-06 17:30:50,601 INFO  - I have no neighbours to send! (at simulation time 349.000,000,000 s)
2025-06-06 17:30:50,601 INFO  - I have no neighbours to send! (at simulation time 349.000,000,000 s)
2025-06-06 17:30:50,601 INFO  - I have no neighbours to send! (at simulation time 349.000,000,000 s)
2025-06-06 17:30:50,601 INFO  - I have no neighbours to send! (at simulation time 349.000,000,000 s)
2025-06-06 17:30:50,605 INFO  - I have no neighbours to send! (at simulation time 350.000,000,000 s)
2025-06-06 17:30:50,605 INFO  - I have no neighbours to send! (at simulation time 350.000,000,000 s)
2025-06-06 17:30:50,605 INFO  - I have no neighbours to send! (at simulation time 350.000,000,000 s)
2025-06-06 17:30:50,605 INFO  - I have no neighbours to send! (at simulation time 350.000,000,000 s)
2025-06-06 17:30:50,605 INFO  - I have no neighbours to send! (at simulation time 350.000,000,000 s)
2025-06-06 17:30:50,608 INFO  - Received metrics from FogNode: avgR0=1.3142857142857143, avgR1=2.057142857142857 (at simulation time 350.003,300,000 s)
2025-06-06 17:30:50,609 INFO  - Sent periodic GreenWaveMsg: veh_67 on route r_1 (at simulation time 351.000,000,000 s)
2025-06-06 17:30:50,609 INFO  - I have no neighbours to send! (at simulation time 351.000,000,000 s)
2025-06-06 17:30:50,609 INFO  - I have no neighbours to send! (at simulation time 351.000,000,000 s)
2025-06-06 17:30:50,609 INFO  - I have no neighbours to send! (at simulation time 351.000,000,000 s)
2025-06-06 17:30:50,609 INFO  - I have no neighbours to send! (at simulation time 351.000,000,000 s)
2025-06-06 17:30:50,609 INFO  - I have no neighbours to send! (at simulation time 351.000,000,000 s)
2025-06-06 17:30:50,609 INFO  - I have no neighbours to send! (at simulation time 351.000,000,000 s)
2025-06-06 17:30:50,612 INFO  - I have no neighbours to send! (at simulation time 352.000,000,000 s)
2025-06-06 17:30:50,612 INFO  - I have no neighbours to send! (at simulation time 352.000,000,000 s)
2025-06-06 17:30:50,612 INFO  - I have no neighbours to send! (at simulation time 352.000,000,000 s)
2025-06-06 17:30:50,612 INFO  - I have no neighbours to send! (at simulation time 352.000,000,000 s)
2025-06-06 17:30:50,613 INFO  - I have no neighbours to send! (at simulation time 352.000,000,000 s)
2025-06-06 17:30:50,613 INFO  - I have no neighbours to send! (at simulation time 352.000,000,000 s)
2025-06-06 17:30:50,613 INFO  - I have no neighbours to send! (at simulation time 352.000,000,000 s)
2025-06-06 17:30:50,616 INFO  - I have no neighbours to send! (at simulation time 353.000,000,000 s)
2025-06-06 17:30:50,616 INFO  - I have no neighbours to send! (at simulation time 353.000,000,000 s)
2025-06-06 17:30:50,616 INFO  - I have no neighbours to send! (at simulation time 353.000,000,000 s)
2025-06-06 17:30:50,616 INFO  - I have no neighbours to send! (at simulation time 353.000,000,000 s)
2025-06-06 17:30:50,616 INFO  - I have no neighbours to send! (at simulation time 353.000,000,000 s)
2025-06-06 17:30:50,616 INFO  - I have no neighbours to send! (at simulation time 353.000,000,000 s)
2025-06-06 17:30:50,616 INFO  - I have no neighbours to send! (at simulation time 353.000,000,000 s)
2025-06-06 17:30:50,616 INFO  - I have no neighbours to send! (at simulation time 353.000,000,000 s)
2025-06-06 17:30:50,619 INFO  - I have no neighbours to send! (at simulation time 354.000,000,000 s)
2025-06-06 17:30:50,619 INFO  - I have no neighbours to send! (at simulation time 354.000,000,000 s)
2025-06-06 17:30:50,619 INFO  - I have no neighbours to send! (at simulation time 354.000,000,000 s)
2025-06-06 17:30:50,619 INFO  - I have no neighbours to send! (at simulation time 354.000,000,000 s)
2025-06-06 17:30:50,619 INFO  - I have no neighbours to send! (at simulation time 354.000,000,000 s)
2025-06-06 17:30:50,619 INFO  - I have no neighbours to send! (at simulation time 354.000,000,000 s)
2025-06-06 17:30:50,619 INFO  - I have no neighbours to send! (at simulation time 354.000,000,000 s)
2025-06-06 17:30:50,619 INFO  - I have no neighbours to send! (at simulation time 354.000,000,000 s)
2025-06-06 17:30:50,619 INFO  - I have no neighbours to send! (at simulation time 354.000,000,000 s)
2025-06-06 17:30:50,623 INFO  - I have no neighbours to send! (at simulation time 355.000,000,000 s)
2025-06-06 17:30:50,623 INFO  - I have no neighbours to send! (at simulation time 355.000,000,000 s)
2025-06-06 17:30:50,623 INFO  - I have no neighbours to send! (at simulation time 355.000,000,000 s)
2025-06-06 17:30:50,623 INFO  - I have no neighbours to send! (at simulation time 355.000,000,000 s)
2025-06-06 17:30:50,623 INFO  - I have no neighbours to send! (at simulation time 355.000,000,000 s)
2025-06-06 17:30:50,624 INFO  - I have no neighbours to send! (at simulation time 355.000,000,000 s)
2025-06-06 17:30:50,624 INFO  - I have no neighbours to send! (at simulation time 355.000,000,000 s)
2025-06-06 17:30:50,624 INFO  - I have no neighbours to send! (at simulation time 355.000,000,000 s)
2025-06-06 17:30:50,624 INFO  - I have no neighbours to send! (at simulation time 355.000,000,000 s)
2025-06-06 17:30:50,624 INFO  - I have no neighbours to send! (at simulation time 355.000,000,000 s)
2025-06-06 17:30:50,631 INFO  - Sent periodic GreenWaveMsg: veh_67 on route r_1 (at simulation time 356.000,000,000 s)
2025-06-06 17:30:50,631 INFO  - I have no neighbours to send! (at simulation time 356.000,000,000 s)
2025-06-06 17:30:50,631 INFO  - I have no neighbours to send! (at simulation time 356.000,000,000 s)
2025-06-06 17:30:50,631 INFO  - I have no neighbours to send! (at simulation time 356.000,000,000 s)
2025-06-06 17:30:50,631 INFO  - I have no neighbours to send! (at simulation time 356.000,000,000 s)
2025-06-06 17:30:50,631 INFO  - I have no neighbours to send! (at simulation time 356.000,000,000 s)
2025-06-06 17:30:50,631 INFO  - I have no neighbours to send! (at simulation time 356.000,000,000 s)
2025-06-06 17:30:50,631 INFO  - I have no neighbours to send! (at simulation time 356.000,000,000 s)
2025-06-06 17:30:50,631 INFO  - I have no neighbours to send! (at simulation time 356.000,000,000 s)
2025-06-06 17:30:50,631 INFO  - I have no neighbours to send! (at simulation time 356.000,000,000 s)
2025-06-06 17:30:50,631 INFO  - I have no neighbours to send! (at simulation time 356.000,000,000 s)
2025-06-06 17:30:50,631 INFO  - I have no neighbours to send! (at simulation time 356.000,000,000 s)
2025-06-06 17:30:50,635 INFO  - I have no neighbours to send! (at simulation time 357.000,000,000 s)
2025-06-06 17:30:50,635 INFO  - I have no neighbours to send! (at simulation time 357.000,000,000 s)
2025-06-06 17:30:50,635 INFO  - I have no neighbours to send! (at simulation time 357.000,000,000 s)
2025-06-06 17:30:50,635 INFO  - I have no neighbours to send! (at simulation time 357.000,000,000 s)
2025-06-06 17:30:50,635 INFO  - I have no neighbours to send! (at simulation time 357.000,000,000 s)
2025-06-06 17:30:50,635 INFO  - I have no neighbours to send! (at simulation time 357.000,000,000 s)
2025-06-06 17:30:50,635 INFO  - I have no neighbours to send! (at simulation time 357.000,000,000 s)
2025-06-06 17:30:50,635 INFO  - I have no neighbours to send! (at simulation time 357.000,000,000 s)
2025-06-06 17:30:50,635 INFO  - I have no neighbours to send! (at simulation time 357.000,000,000 s)
2025-06-06 17:30:50,635 INFO  - I have no neighbours to send! (at simulation time 357.000,000,000 s)
2025-06-06 17:30:50,635 INFO  - I have no neighbours to send! (at simulation time 357.000,000,000 s)
2025-06-06 17:30:50,635 INFO  - I have no neighbours to send! (at simulation time 357.000,000,000 s)
2025-06-06 17:30:50,638 INFO  - I have no neighbours to send! (at simulation time 358.000,000,000 s)
2025-06-06 17:30:50,639 INFO  - I have no neighbours to send! (at simulation time 358.000,000,000 s)
2025-06-06 17:30:50,639 INFO  - I have no neighbours to send! (at simulation time 358.000,000,000 s)
2025-06-06 17:30:50,639 INFO  - I have no neighbours to send! (at simulation time 358.000,000,000 s)
2025-06-06 17:30:50,639 INFO  - I have no neighbours to send! (at simulation time 358.000,000,000 s)
2025-06-06 17:30:50,639 INFO  - I have no neighbours to send! (at simulation time 358.000,000,000 s)
2025-06-06 17:30:50,639 INFO  - I have no neighbours to send! (at simulation time 358.000,000,000 s)
2025-06-06 17:30:50,639 INFO  - I have no neighbours to send! (at simulation time 358.000,000,000 s)
2025-06-06 17:30:50,639 INFO  - I have no neighbours to send! (at simulation time 358.000,000,000 s)
2025-06-06 17:30:50,639 INFO  - I have no neighbours to send! (at simulation time 358.000,000,000 s)
2025-06-06 17:30:50,639 INFO  - I have no neighbours to send! (at simulation time 358.000,000,000 s)
2025-06-06 17:30:50,639 INFO  - I have no neighbours to send! (at simulation time 358.000,000,000 s)
2025-06-06 17:30:50,639 INFO  - I have no neighbours to send! (at simulation time 358.000,000,000 s)
2025-06-06 17:30:50,642 INFO  - I have no neighbours to send! (at simulation time 359.000,000,000 s)
2025-06-06 17:30:50,642 INFO  - I have no neighbours to send! (at simulation time 359.000,000,000 s)
2025-06-06 17:30:50,642 INFO  - I have no neighbours to send! (at simulation time 359.000,000,000 s)
2025-06-06 17:30:50,642 INFO  - I have no neighbours to send! (at simulation time 359.000,000,000 s)
2025-06-06 17:30:50,642 INFO  - I have no neighbours to send! (at simulation time 359.000,000,000 s)
2025-06-06 17:30:50,642 INFO  - I have no neighbours to send! (at simulation time 359.000,000,000 s)
2025-06-06 17:30:50,642 INFO  - I have no neighbours to send! (at simulation time 359.000,000,000 s)
2025-06-06 17:30:50,642 INFO  - I have no neighbours to send! (at simulation time 359.000,000,000 s)
2025-06-06 17:30:50,642 INFO  - I have no neighbours to send! (at simulation time 359.000,000,000 s)
2025-06-06 17:30:50,642 INFO  - I have no neighbours to send! (at simulation time 359.000,000,000 s)
2025-06-06 17:30:50,642 INFO  - I have no neighbours to send! (at simulation time 359.000,000,000 s)
2025-06-06 17:30:50,643 INFO  - I have no neighbours to send! (at simulation time 359.000,000,000 s)
2025-06-06 17:30:50,643 INFO  - I have no neighbours to send! (at simulation time 359.000,000,000 s)
2025-06-06 17:30:50,643 INFO  - I have no neighbours to send! (at simulation time 359.000,000,000 s)
2025-06-06 17:30:50,647 INFO  - I have no neighbours to send! (at simulation time 360.000,000,000 s)
2025-06-06 17:30:50,647 INFO  - I have no neighbours to send! (at simulation time 360.000,000,000 s)
2025-06-06 17:30:50,647 INFO  - I have no neighbours to send! (at simulation time 360.000,000,000 s)
2025-06-06 17:30:50,647 INFO  - I have no neighbours to send! (at simulation time 360.000,000,000 s)
2025-06-06 17:30:50,647 INFO  - I have no neighbours to send! (at simulation time 360.000,000,000 s)
2025-06-06 17:30:50,647 INFO  - I have no neighbours to send! (at simulation time 360.000,000,000 s)
2025-06-06 17:30:50,647 INFO  - I have no neighbours to send! (at simulation time 360.000,000,000 s)
2025-06-06 17:30:50,647 INFO  - I have no neighbours to send! (at simulation time 360.000,000,000 s)
2025-06-06 17:30:50,647 INFO  - I have no neighbours to send! (at simulation time 360.000,000,000 s)
2025-06-06 17:30:50,647 INFO  - I have no neighbours to send! (at simulation time 360.000,000,000 s)
2025-06-06 17:30:50,647 INFO  - I have no neighbours to send! (at simulation time 360.000,000,000 s)
2025-06-06 17:30:50,647 INFO  - I have no neighbours to send! (at simulation time 360.000,000,000 s)
2025-06-06 17:30:50,647 INFO  - I have no neighbours to send! (at simulation time 360.000,000,000 s)
2025-06-06 17:30:50,647 INFO  - I have no neighbours to send! (at simulation time 360.000,000,000 s)
2025-06-06 17:30:50,647 INFO  - I have no neighbours to send! (at simulation time 360.000,000,000 s)
2025-06-06 17:30:50,650 INFO  - Received metrics from FogNode: avgR0=1.3055555555555556, avgR1=2.111111111111111 (at simulation time 360.001,800,000 s)
2025-06-06 17:30:50,651 INFO  - Sent periodic GreenWaveMsg: veh_67 on route r_1 (at simulation time 361.000,000,000 s)
2025-06-06 17:30:50,651 INFO  - I have no neighbours to send! (at simulation time 361.000,000,000 s)
2025-06-06 17:30:50,652 INFO  - I have no neighbours to send! (at simulation time 361.000,000,000 s)
2025-06-06 17:30:50,652 INFO  - I have no neighbours to send! (at simulation time 361.000,000,000 s)
2025-06-06 17:30:50,652 INFO  - I have no neighbours to send! (at simulation time 361.000,000,000 s)
2025-06-06 17:30:50,652 INFO  - I have no neighbours to send! (at simulation time 361.000,000,000 s)
2025-06-06 17:30:50,652 INFO  - I have no neighbours to send! (at simulation time 361.000,000,000 s)
2025-06-06 17:30:50,652 INFO  - I have no neighbours to send! (at simulation time 361.000,000,000 s)
2025-06-06 17:30:50,652 INFO  - I have no neighbours to send! (at simulation time 361.000,000,000 s)
2025-06-06 17:30:50,652 INFO  - I have no neighbours to send! (at simulation time 361.000,000,000 s)
2025-06-06 17:30:50,652 INFO  - I have no neighbours to send! (at simulation time 361.000,000,000 s)
2025-06-06 17:30:50,652 INFO  - I have no neighbours to send! (at simulation time 361.000,000,000 s)
2025-06-06 17:30:50,652 INFO  - I have no neighbours to send! (at simulation time 361.000,000,000 s)
2025-06-06 17:30:50,652 INFO  - I have no neighbours to send! (at simulation time 361.000,000,000 s)
2025-06-06 17:30:50,652 INFO  - I have no neighbours to send! (at simulation time 361.000,000,000 s)
2025-06-06 17:30:50,652 INFO  - I have no neighbours to send! (at simulation time 361.000,000,000 s)
2025-06-06 17:30:50,652 INFO  - I have no neighbours to send! (at simulation time 361.000,000,000 s)
2025-06-06 17:30:50,654 INFO  - I have no neighbours to send! (at simulation time 361.001,900,000 s)
2025-06-06 17:30:50,655 INFO  - I have no neighbours to send! (at simulation time 362.000,000,000 s)
2025-06-06 17:30:50,655 INFO  - I have no neighbours to send! (at simulation time 362.000,000,000 s)
2025-06-06 17:30:50,655 INFO  - I have no neighbours to send! (at simulation time 362.000,000,000 s)
2025-06-06 17:30:50,655 INFO  - I have no neighbours to send! (at simulation time 362.000,000,000 s)
2025-06-06 17:30:50,655 INFO  - I have no neighbours to send! (at simulation time 362.000,000,000 s)
2025-06-06 17:30:50,655 INFO  - I have no neighbours to send! (at simulation time 362.000,000,000 s)
2025-06-06 17:30:50,656 INFO  - I have no neighbours to send! (at simulation time 362.000,000,000 s)
2025-06-06 17:30:50,656 INFO  - I have no neighbours to send! (at simulation time 362.000,000,000 s)
2025-06-06 17:30:50,656 INFO  - I have no neighbours to send! (at simulation time 362.000,000,000 s)
2025-06-06 17:30:50,656 INFO  - I have no neighbours to send! (at simulation time 362.000,000,000 s)
2025-06-06 17:30:50,656 INFO  - I have no neighbours to send! (at simulation time 362.000,000,000 s)
2025-06-06 17:30:50,656 INFO  - I have no neighbours to send! (at simulation time 362.000,000,000 s)
2025-06-06 17:30:50,656 INFO  - I have no neighbours to send! (at simulation time 362.000,000,000 s)
2025-06-06 17:30:50,656 INFO  - I have no neighbours to send! (at simulation time 362.000,000,000 s)
2025-06-06 17:30:50,656 INFO  - I have no neighbours to send! (at simulation time 362.000,000,000 s)
2025-06-06 17:30:50,656 INFO  - I have no neighbours to send! (at simulation time 362.000,000,000 s)
2025-06-06 17:30:50,656 INFO  - I have no neighbours to send! (at simulation time 362.000,000,000 s)
2025-06-06 17:30:50,659 INFO  - I have no neighbours to send! (at simulation time 363.000,000,000 s)
2025-06-06 17:30:50,659 INFO  - I have no neighbours to send! (at simulation time 363.000,000,000 s)
2025-06-06 17:30:50,659 INFO  - I have no neighbours to send! (at simulation time 363.000,000,000 s)
2025-06-06 17:30:50,659 INFO  - I have no neighbours to send! (at simulation time 363.000,000,000 s)
2025-06-06 17:30:50,659 INFO  - I have no neighbours to send! (at simulation time 363.000,000,000 s)
2025-06-06 17:30:50,659 INFO  - I have no neighbours to send! (at simulation time 363.000,000,000 s)
2025-06-06 17:30:50,659 INFO  - I have no neighbours to send! (at simulation time 363.000,000,000 s)
2025-06-06 17:30:50,659 INFO  - I have no neighbours to send! (at simulation time 363.000,000,000 s)
2025-06-06 17:30:50,659 INFO  - I have no neighbours to send! (at simulation time 363.000,000,000 s)
2025-06-06 17:30:50,659 INFO  - I have no neighbours to send! (at simulation time 363.000,000,000 s)
2025-06-06 17:30:50,660 INFO  - I have no neighbours to send! (at simulation time 363.000,000,000 s)
2025-06-06 17:30:50,660 INFO  - I have no neighbours to send! (at simulation time 363.000,000,000 s)
2025-06-06 17:30:50,660 INFO  - I have no neighbours to send! (at simulation time 363.000,000,000 s)
2025-06-06 17:30:50,660 INFO  - I have no neighbours to send! (at simulation time 363.000,000,000 s)
2025-06-06 17:30:50,660 INFO  - I have no neighbours to send! (at simulation time 363.000,000,000 s)
2025-06-06 17:30:50,660 INFO  - I have no neighbours to send! (at simulation time 363.000,000,000 s)
2025-06-06 17:30:50,660 INFO  - I have no neighbours to send! (at simulation time 363.000,000,000 s)
2025-06-06 17:30:50,660 INFO  - I have no neighbours to send! (at simulation time 363.000,000,000 s)
2025-06-06 17:30:50,663 INFO  - I have no neighbours to send! (at simulation time 364.000,000,000 s)
2025-06-06 17:30:50,663 INFO  - I have no neighbours to send! (at simulation time 364.000,000,000 s)
2025-06-06 17:30:50,663 INFO  - I have no neighbours to send! (at simulation time 364.000,000,000 s)
2025-06-06 17:30:50,663 INFO  - I have no neighbours to send! (at simulation time 364.000,000,000 s)
2025-06-06 17:30:50,663 INFO  - I have no neighbours to send! (at simulation time 364.000,000,000 s)
2025-06-06 17:30:50,663 INFO  - I have no neighbours to send! (at simulation time 364.000,000,000 s)
2025-06-06 17:30:50,663 INFO  - I have no neighbours to send! (at simulation time 364.000,000,000 s)
2025-06-06 17:30:50,663 INFO  - I have no neighbours to send! (at simulation time 364.000,000,000 s)
2025-06-06 17:30:50,663 INFO  - I have no neighbours to send! (at simulation time 364.000,000,000 s)
2025-06-06 17:30:50,663 INFO  - I have no neighbours to send! (at simulation time 364.000,000,000 s)
2025-06-06 17:30:50,663 INFO  - I have no neighbours to send! (at simulation time 364.000,000,000 s)
2025-06-06 17:30:50,663 INFO  - I have no neighbours to send! (at simulation time 364.000,000,000 s)
2025-06-06 17:30:50,663 INFO  - I have no neighbours to send! (at simulation time 364.000,000,000 s)
2025-06-06 17:30:50,663 INFO  - I have no neighbours to send! (at simulation time 364.000,000,000 s)
2025-06-06 17:30:50,664 INFO  - I have no neighbours to send! (at simulation time 364.000,000,000 s)
2025-06-06 17:30:50,664 INFO  - I have no neighbours to send! (at simulation time 364.000,000,000 s)
2025-06-06 17:30:50,664 INFO  - I have no neighbours to send! (at simulation time 364.000,000,000 s)
2025-06-06 17:30:50,664 INFO  - I have no neighbours to send! (at simulation time 364.000,000,000 s)
2025-06-06 17:30:50,664 INFO  - I have no neighbours to send! (at simulation time 364.000,000,000 s)
2025-06-06 17:30:50,666 INFO  - I have no neighbours to send! (at simulation time 364.001,400,000 s)
2025-06-06 17:30:50,667 INFO  - I have no neighbours to send! (at simulation time 365.000,000,000 s)
2025-06-06 17:30:50,667 INFO  - I have no neighbours to send! (at simulation time 365.000,000,000 s)
2025-06-06 17:30:50,667 INFO  - I have no neighbours to send! (at simulation time 365.000,000,000 s)
2025-06-06 17:30:50,667 INFO  - I have no neighbours to send! (at simulation time 365.000,000,000 s)
2025-06-06 17:30:50,667 INFO  - I have no neighbours to send! (at simulation time 365.000,000,000 s)
2025-06-06 17:30:50,667 INFO  - I have no neighbours to send! (at simulation time 365.000,000,000 s)
2025-06-06 17:30:50,667 INFO  - I have no neighbours to send! (at simulation time 365.000,000,000 s)
2025-06-06 17:30:50,668 INFO  - I have no neighbours to send! (at simulation time 365.000,000,000 s)
2025-06-06 17:30:50,668 INFO  - I have no neighbours to send! (at simulation time 365.000,000,000 s)
2025-06-06 17:30:50,668 INFO  - I have no neighbours to send! (at simulation time 365.000,000,000 s)
2025-06-06 17:30:50,668 INFO  - I have no neighbours to send! (at simulation time 365.000,000,000 s)
2025-06-06 17:30:50,668 INFO  - I have no neighbours to send! (at simulation time 365.000,000,000 s)
2025-06-06 17:30:50,668 INFO  - I have no neighbours to send! (at simulation time 365.000,000,000 s)
2025-06-06 17:30:50,668 INFO  - I have no neighbours to send! (at simulation time 365.000,000,000 s)
2025-06-06 17:30:50,668 INFO  - I have no neighbours to send! (at simulation time 365.000,000,000 s)
2025-06-06 17:30:50,668 INFO  - I have no neighbours to send! (at simulation time 365.000,000,000 s)
2025-06-06 17:30:50,668 INFO  - I have no neighbours to send! (at simulation time 365.000,000,000 s)
2025-06-06 17:30:50,668 INFO  - I have no neighbours to send! (at simulation time 365.000,000,000 s)
2025-06-06 17:30:50,668 INFO  - I have no neighbours to send! (at simulation time 365.000,000,000 s)
2025-06-06 17:30:50,668 INFO  - I have no neighbours to send! (at simulation time 365.000,000,000 s)
2025-06-06 17:30:50,670 INFO  - I have no neighbours to send! (at simulation time 365.000,900,000 s)
2025-06-06 17:30:50,670 INFO  - I have no neighbours to send! (at simulation time 365.001,900,000 s)
2025-06-06 17:30:50,670 INFO  - I have no neighbours to send! (at simulation time 365.001,900,000 s)
2025-06-06 17:30:50,675 INFO  - Sent periodic GreenWaveMsg: veh_67 on route r_1 (at simulation time 366.000,000,000 s)
2025-06-06 17:30:50,675 INFO  - I have no neighbours to send! (at simulation time 366.000,000,000 s)
2025-06-06 17:30:50,675 INFO  - I have no neighbours to send! (at simulation time 366.000,000,000 s)
2025-06-06 17:30:50,675 INFO  - I have no neighbours to send! (at simulation time 366.000,000,000 s)
2025-06-06 17:30:50,675 INFO  - I have no neighbours to send! (at simulation time 366.000,000,000 s)
2025-06-06 17:30:50,675 INFO  - I have no neighbours to send! (at simulation time 366.000,000,000 s)
2025-06-06 17:30:50,675 INFO  - I have no neighbours to send! (at simulation time 366.000,000,000 s)
2025-06-06 17:30:50,675 INFO  - I have no neighbours to send! (at simulation time 366.000,000,000 s)
2025-06-06 17:30:50,675 INFO  - I have no neighbours to send! (at simulation time 366.000,000,000 s)
2025-06-06 17:30:50,675 INFO  - I have no neighbours to send! (at simulation time 366.000,000,000 s)
2025-06-06 17:30:50,676 INFO  - I have no neighbours to send! (at simulation time 366.000,000,000 s)
2025-06-06 17:30:50,676 INFO  - I have no neighbours to send! (at simulation time 366.000,000,000 s)
2025-06-06 17:30:50,676 INFO  - I have no neighbours to send! (at simulation time 366.000,000,000 s)
2025-06-06 17:30:50,676 INFO  - I have no neighbours to send! (at simulation time 366.000,000,000 s)
2025-06-06 17:30:50,676 INFO  - I have no neighbours to send! (at simulation time 366.000,000,000 s)
2025-06-06 17:30:50,676 INFO  - I have no neighbours to send! (at simulation time 366.000,000,000 s)
2025-06-06 17:30:50,676 INFO  - I have no neighbours to send! (at simulation time 366.000,000,000 s)
2025-06-06 17:30:50,676 INFO  - I have no neighbours to send! (at simulation time 366.000,000,000 s)
2025-06-06 17:30:50,676 INFO  - I have no neighbours to send! (at simulation time 366.000,000,000 s)
2025-06-06 17:30:50,676 INFO  - I have no neighbours to send! (at simulation time 366.000,000,000 s)
2025-06-06 17:30:50,676 INFO  - I have no neighbours to send! (at simulation time 366.000,000,000 s)
2025-06-06 17:30:50,676 INFO  - I have no neighbours to send! (at simulation time 366.000,000,000 s)
2025-06-06 17:30:50,679 INFO  - I have no neighbours to send! (at simulation time 367.000,000,000 s)
2025-06-06 17:30:50,679 INFO  - I have no neighbours to send! (at simulation time 367.000,000,000 s)
2025-06-06 17:30:50,679 INFO  - I have no neighbours to send! (at simulation time 367.000,000,000 s)
2025-06-06 17:30:50,679 INFO  - I have no neighbours to send! (at simulation time 367.000,000,000 s)
2025-06-06 17:30:50,679 INFO  - I have no neighbours to send! (at simulation time 367.000,000,000 s)
2025-06-06 17:30:50,679 INFO  - I have no neighbours to send! (at simulation time 367.000,000,000 s)
2025-06-06 17:30:50,680 INFO  - I have no neighbours to send! (at simulation time 367.000,000,000 s)
2025-06-06 17:30:50,680 INFO  - I have no neighbours to send! (at simulation time 367.000,000,000 s)
2025-06-06 17:30:50,680 INFO  - I have no neighbours to send! (at simulation time 367.000,000,000 s)
2025-06-06 17:30:50,680 INFO  - I have no neighbours to send! (at simulation time 367.000,000,000 s)
2025-06-06 17:30:50,680 INFO  - I have no neighbours to send! (at simulation time 367.000,000,000 s)
2025-06-06 17:30:50,680 INFO  - I have no neighbours to send! (at simulation time 367.000,000,000 s)
2025-06-06 17:30:50,680 INFO  - I have no neighbours to send! (at simulation time 367.000,000,000 s)
2025-06-06 17:30:50,680 INFO  - I have no neighbours to send! (at simulation time 367.000,000,000 s)
2025-06-06 17:30:50,680 INFO  - I have no neighbours to send! (at simulation time 367.000,000,000 s)
2025-06-06 17:30:50,680 INFO  - I have no neighbours to send! (at simulation time 367.000,000,000 s)
2025-06-06 17:30:50,680 INFO  - I have no neighbours to send! (at simulation time 367.000,000,000 s)
2025-06-06 17:30:50,680 INFO  - I have no neighbours to send! (at simulation time 367.000,000,000 s)
2025-06-06 17:30:50,680 INFO  - I have no neighbours to send! (at simulation time 367.000,000,000 s)
2025-06-06 17:30:50,680 INFO  - I have no neighbours to send! (at simulation time 367.000,000,000 s)
2025-06-06 17:30:50,680 INFO  - I have no neighbours to send! (at simulation time 367.000,000,000 s)
2025-06-06 17:30:50,680 INFO  - I have no neighbours to send! (at simulation time 367.000,000,000 s)
2025-06-06 17:30:50,683 INFO  - I have no neighbours to send! (at simulation time 368.000,000,000 s)
2025-06-06 17:30:50,684 INFO  - I have no neighbours to send! (at simulation time 368.000,000,000 s)
2025-06-06 17:30:50,684 INFO  - I have no neighbours to send! (at simulation time 368.000,000,000 s)
2025-06-06 17:30:50,684 INFO  - I have no neighbours to send! (at simulation time 368.000,000,000 s)
2025-06-06 17:30:50,684 INFO  - I have no neighbours to send! (at simulation time 368.000,000,000 s)
2025-06-06 17:30:50,684 INFO  - I have no neighbours to send! (at simulation time 368.000,000,000 s)
2025-06-06 17:30:50,684 INFO  - I have no neighbours to send! (at simulation time 368.000,000,000 s)
2025-06-06 17:30:50,684 INFO  - I have no neighbours to send! (at simulation time 368.000,000,000 s)
2025-06-06 17:30:50,684 INFO  - I have no neighbours to send! (at simulation time 368.000,000,000 s)
2025-06-06 17:30:50,684 INFO  - I have no neighbours to send! (at simulation time 368.000,000,000 s)
2025-06-06 17:30:50,684 INFO  - I have no neighbours to send! (at simulation time 368.000,000,000 s)
2025-06-06 17:30:50,684 INFO  - I have no neighbours to send! (at simulation time 368.000,000,000 s)
2025-06-06 17:30:50,684 INFO  - I have no neighbours to send! (at simulation time 368.000,000,000 s)
2025-06-06 17:30:50,684 INFO  - I have no neighbours to send! (at simulation time 368.000,000,000 s)
2025-06-06 17:30:50,684 INFO  - I have no neighbours to send! (at simulation time 368.000,000,000 s)
2025-06-06 17:30:50,684 INFO  - I have no neighbours to send! (at simulation time 368.000,000,000 s)
2025-06-06 17:30:50,684 INFO  - I have no neighbours to send! (at simulation time 368.000,000,000 s)
2025-06-06 17:30:50,685 INFO  - I have no neighbours to send! (at simulation time 368.000,000,000 s)
2025-06-06 17:30:50,685 INFO  - I have no neighbours to send! (at simulation time 368.000,000,000 s)
2025-06-06 17:30:50,685 INFO  - I have no neighbours to send! (at simulation time 368.000,000,000 s)
2025-06-06 17:30:50,685 INFO  - I have no neighbours to send! (at simulation time 368.000,000,000 s)
2025-06-06 17:30:50,685 INFO  - I have no neighbours to send! (at simulation time 368.000,000,000 s)
2025-06-06 17:30:50,685 INFO  - I have no neighbours to send! (at simulation time 368.000,000,000 s)
2025-06-06 17:30:50,696 INFO  - Received metrics from FogNode: avgR0=1.2702702702702702, avgR1=2.1621621621621623 (at simulation time 370.002,300,000 s)
2025-06-06 17:30:50,698 INFO  - Sent periodic GreenWaveMsg: veh_67 on route r_1 (at simulation time 371.000,000,000 s)
2025-06-06 17:30:50,723 INFO  - Sent periodic GreenWaveMsg: veh_67 on route r_1 (at simulation time 376.000,000,000 s)
2025-06-06 17:30:50,752 INFO  - Received metrics from FogNode: avgR0=1.2894736842105263, avgR1=2.210526315789474 (at simulation time 380.001,300,000 s)
2025-06-06 17:30:50,754 INFO  - Sent periodic GreenWaveMsg: veh_67 on route r_1 (at simulation time 381.000,000,000 s)
2025-06-06 17:30:50,781 INFO  - Sent periodic GreenWaveMsg: veh_67 on route r_1 (at simulation time 386.000,000,000 s)
2025-06-06 17:30:50,786 INFO  - Received ACK with origin at RSU from rsu_0 at 386004800000 (at simulation time 386.004,800,000 s)
2025-06-06 17:30:50,792 INFO  - Already have ACK (at simulation time 387.000,000,000 s)
2025-06-06 17:30:50,792 INFO  - Already have ACK (at simulation time 387.000,000,000 s)
2025-06-06 17:30:50,792 INFO  - Already have ACK (at simulation time 387.000,000,000 s)
2025-06-06 17:30:50,792 INFO  - Already have ACK (at simulation time 387.000,000,000 s)
2025-06-06 17:30:50,792 INFO  - Already have ACK (at simulation time 387.000,000,000 s)
2025-06-06 17:30:50,792 INFO  - Already have ACK (at simulation time 387.000,000,000 s)
2025-06-06 17:30:50,792 INFO  - Already have ACK (at simulation time 387.000,000,000 s)
2025-06-06 17:30:50,792 INFO  - Already have ACK (at simulation time 387.000,000,000 s)
2025-06-06 17:30:50,793 INFO  - Already have ACK (at simulation time 387.000,000,000 s)
2025-06-06 17:30:50,793 INFO  - Already have ACK (at simulation time 387.000,000,000 s)
2025-06-06 17:30:50,793 INFO  - Already have ACK (at simulation time 387.000,000,000 s)
2025-06-06 17:30:50,793 INFO  - Already have ACK (at simulation time 387.000,000,000 s)
2025-06-06 17:30:50,793 INFO  - Already have ACK (at simulation time 387.000,000,000 s)
2025-06-06 17:30:50,793 INFO  - Already have ACK (at simulation time 387.000,000,000 s)
2025-06-06 17:30:50,793 INFO  - Already have ACK (at simulation time 387.000,000,000 s)
2025-06-06 17:30:50,793 INFO  - Already have ACK (at simulation time 387.000,000,000 s)
2025-06-06 17:30:50,793 INFO  - Already have ACK (at simulation time 387.000,000,000 s)
2025-06-06 17:30:50,793 INFO  - Already have ACK (at simulation time 387.000,000,000 s)
2025-06-06 17:30:50,793 INFO  - Already have ACK (at simulation time 387.000,000,000 s)
2025-06-06 17:30:50,793 INFO  - Already have ACK (at simulation time 387.000,000,000 s)
2025-06-06 17:30:50,794 INFO  - Already have ACK (at simulation time 387.000,000,000 s)
2025-06-06 17:30:50,794 INFO  - Already have ACK (at simulation time 387.000,000,000 s)
2025-06-06 17:30:50,794 INFO  - Already have ACK (at simulation time 387.000,000,000 s)
2025-06-06 17:30:50,794 INFO  - Already have ACK (at simulation time 387.000,000,000 s)
2025-06-06 17:30:50,794 INFO  - Already have ACK (at simulation time 387.000,000,000 s)
2025-06-06 17:30:50,794 INFO  - Already have ACK (at simulation time 387.000,000,000 s)
2025-06-06 17:30:50,794 INFO  - Already have ACK (at simulation time 387.000,000,000 s)
2025-06-06 17:30:50,794 INFO  - Already have ACK (at simulation time 387.000,000,000 s)
2025-06-06 17:30:50,794 INFO  - Already have ACK (at simulation time 387.000,000,000 s)
2025-06-06 17:30:50,794 INFO  - Already have ACK (at simulation time 387.000,000,000 s)
2025-06-06 17:30:50,794 INFO  - Already have ACK (at simulation time 387.000,000,000 s)
2025-06-06 17:30:50,794 INFO  - Already have ACK (at simulation time 387.000,000,000 s)
2025-06-06 17:30:50,794 INFO  - Already have ACK (at simulation time 387.000,000,000 s)
2025-06-06 17:30:50,794 INFO  - Already have ACK (at simulation time 387.000,000,000 s)
2025-06-06 17:30:50,795 INFO  - Already have ACK (at simulation time 387.000,000,000 s)
2025-06-06 17:30:50,795 INFO  - Already have ACK (at simulation time 387.000,000,000 s)
2025-06-06 17:30:50,795 INFO  - Already have ACK (at simulation time 387.000,000,000 s)
2025-06-06 17:30:50,795 INFO  - Already have ACK (at simulation time 387.000,000,000 s)
2025-06-06 17:30:50,795 INFO  - Already have ACK (at simulation time 387.000,000,000 s)
2025-06-06 17:30:50,795 INFO  - Already have ACK (at simulation time 387.000,000,000 s)
2025-06-06 17:30:50,795 INFO  - Already have ACK (at simulation time 387.000,000,000 s)
2025-06-06 17:30:50,795 INFO  - Already have ACK (at simulation time 387.000,000,000 s)
2025-06-06 17:30:50,798 INFO  - Already have ACK (at simulation time 388.000,000,000 s)
2025-06-06 17:30:50,798 INFO  - Already have ACK (at simulation time 388.000,000,000 s)
2025-06-06 17:30:50,798 INFO  - Already have ACK (at simulation time 388.000,000,000 s)
2025-06-06 17:30:50,798 INFO  - Already have ACK (at simulation time 388.000,000,000 s)
2025-06-06 17:30:50,799 INFO  - Already have ACK (at simulation time 388.000,000,000 s)
2025-06-06 17:30:50,799 INFO  - Already have ACK (at simulation time 388.000,000,000 s)
2025-06-06 17:30:50,799 INFO  - Already have ACK (at simulation time 388.000,000,000 s)
2025-06-06 17:30:50,799 INFO  - Already have ACK (at simulation time 388.000,000,000 s)
2025-06-06 17:30:50,799 INFO  - Already have ACK (at simulation time 388.000,000,000 s)
2025-06-06 17:30:50,799 INFO  - Already have ACK (at simulation time 388.000,000,000 s)
2025-06-06 17:30:50,799 INFO  - Already have ACK (at simulation time 388.000,000,000 s)
2025-06-06 17:30:50,799 INFO  - Already have ACK (at simulation time 388.000,000,000 s)
2025-06-06 17:30:50,799 INFO  - Already have ACK (at simulation time 388.000,000,000 s)
2025-06-06 17:30:50,799 INFO  - Already have ACK (at simulation time 388.000,000,000 s)
2025-06-06 17:30:50,799 INFO  - Already have ACK (at simulation time 388.000,000,000 s)
2025-06-06 17:30:50,799 INFO  - Already have ACK (at simulation time 388.000,000,000 s)
2025-06-06 17:30:50,799 INFO  - Already have ACK (at simulation time 388.000,000,000 s)
2025-06-06 17:30:50,800 INFO  - Already have ACK (at simulation time 388.000,000,000 s)
2025-06-06 17:30:50,800 INFO  - Already have ACK (at simulation time 388.000,000,000 s)
2025-06-06 17:30:50,800 INFO  - Already have ACK (at simulation time 388.000,000,000 s)
2025-06-06 17:30:50,800 INFO  - Already have ACK (at simulation time 388.000,000,000 s)
2025-06-06 17:30:50,800 INFO  - Already have ACK (at simulation time 388.000,000,000 s)
2025-06-06 17:30:50,800 INFO  - Already have ACK (at simulation time 388.000,000,000 s)
2025-06-06 17:30:50,800 INFO  - Already have ACK (at simulation time 388.000,000,000 s)
2025-06-06 17:30:50,800 INFO  - Already have ACK (at simulation time 388.000,000,000 s)
2025-06-06 17:30:50,800 INFO  - Already have ACK (at simulation time 388.000,000,000 s)
2025-06-06 17:30:50,800 INFO  - Already have ACK (at simulation time 388.000,000,000 s)
2025-06-06 17:30:50,800 INFO  - Already have ACK (at simulation time 388.000,000,000 s)
2025-06-06 17:30:50,800 INFO  - Already have ACK (at simulation time 388.000,000,000 s)
2025-06-06 17:30:50,800 INFO  - Already have ACK (at simulation time 388.000,000,000 s)
2025-06-06 17:30:50,800 INFO  - Already have ACK (at simulation time 388.000,000,000 s)
2025-06-06 17:30:50,800 INFO  - Already have ACK (at simulation time 388.000,000,000 s)
2025-06-06 17:30:50,801 INFO  - Already have ACK (at simulation time 388.000,000,000 s)
2025-06-06 17:30:50,801 INFO  - Already have ACK (at simulation time 388.000,000,000 s)
2025-06-06 17:30:50,801 INFO  - Already have ACK (at simulation time 388.000,000,000 s)
2025-06-06 17:30:50,801 INFO  - Already have ACK (at simulation time 388.000,000,000 s)
2025-06-06 17:30:50,801 INFO  - Already have ACK (at simulation time 388.000,000,000 s)
2025-06-06 17:30:50,801 INFO  - Already have ACK (at simulation time 388.000,000,000 s)
2025-06-06 17:30:50,801 INFO  - Already have ACK (at simulation time 388.000,000,000 s)
2025-06-06 17:30:50,801 INFO  - Already have ACK (at simulation time 388.000,000,000 s)
2025-06-06 17:30:50,801 INFO  - Already have ACK (at simulation time 388.000,000,000 s)
2025-06-06 17:30:50,801 INFO  - Already have ACK (at simulation time 388.000,000,000 s)
2025-06-06 17:30:50,801 INFO  - Already have ACK (at simulation time 388.000,000,000 s)
2025-06-06 17:30:50,804 INFO  - Already have ACK (at simulation time 389.000,000,000 s)
2025-06-06 17:30:50,807 INFO  - Already have ACK (at simulation time 389.000,000,000 s)
2025-06-06 17:30:50,807 INFO  - Already have ACK (at simulation time 389.000,000,000 s)
2025-06-06 17:30:50,807 INFO  - Already have ACK (at simulation time 389.000,000,000 s)
2025-06-06 17:30:50,807 INFO  - Already have ACK (at simulation time 389.000,000,000 s)
2025-06-06 17:30:50,807 INFO  - Already have ACK (at simulation time 389.000,000,000 s)
2025-06-06 17:30:50,807 INFO  - Already have ACK (at simulation time 389.000,000,000 s)
2025-06-06 17:30:50,807 INFO  - Already have ACK (at simulation time 389.000,000,000 s)
2025-06-06 17:30:50,808 INFO  - Already have ACK (at simulation time 389.000,000,000 s)
2025-06-06 17:30:50,808 INFO  - Already have ACK (at simulation time 389.000,000,000 s)
2025-06-06 17:30:50,808 INFO  - Already have ACK (at simulation time 389.000,000,000 s)
2025-06-06 17:30:50,808 INFO  - Already have ACK (at simulation time 389.000,000,000 s)
2025-06-06 17:30:50,808 INFO  - Already have ACK (at simulation time 389.000,000,000 s)
2025-06-06 17:30:50,808 INFO  - Already have ACK (at simulation time 389.000,000,000 s)
2025-06-06 17:30:50,808 INFO  - Already have ACK (at simulation time 389.000,000,000 s)
2025-06-06 17:30:50,808 INFO  - Already have ACK (at simulation time 389.000,000,000 s)
2025-06-06 17:30:50,808 INFO  - Already have ACK (at simulation time 389.000,000,000 s)
2025-06-06 17:30:50,808 INFO  - Already have ACK (at simulation time 389.000,000,000 s)
2025-06-06 17:30:50,808 INFO  - Already have ACK (at simulation time 389.000,000,000 s)
2025-06-06 17:30:50,808 INFO  - Already have ACK (at simulation time 389.000,000,000 s)
2025-06-06 17:30:50,808 INFO  - Already have ACK (at simulation time 389.000,000,000 s)
2025-06-06 17:30:50,808 INFO  - Already have ACK (at simulation time 389.000,000,000 s)
2025-06-06 17:30:50,809 INFO  - Already have ACK (at simulation time 389.000,000,000 s)
2025-06-06 17:30:50,809 INFO  - Already have ACK (at simulation time 389.000,000,000 s)
2025-06-06 17:30:50,809 INFO  - Already have ACK (at simulation time 389.000,000,000 s)
2025-06-06 17:30:50,809 INFO  - Already have ACK (at simulation time 389.000,000,000 s)
2025-06-06 17:30:50,809 INFO  - Already have ACK (at simulation time 389.000,000,000 s)
2025-06-06 17:30:50,809 INFO  - Already have ACK (at simulation time 389.000,000,000 s)
2025-06-06 17:30:50,809 INFO  - Already have ACK (at simulation time 389.000,000,000 s)
2025-06-06 17:30:50,809 INFO  - Already have ACK (at simulation time 389.000,000,000 s)
2025-06-06 17:30:50,809 INFO  - Already have ACK (at simulation time 389.000,000,000 s)
2025-06-06 17:30:50,809 INFO  - Already have ACK (at simulation time 389.000,000,000 s)
2025-06-06 17:30:50,809 INFO  - Already have ACK (at simulation time 389.000,000,000 s)
2025-06-06 17:30:50,809 INFO  - Already have ACK (at simulation time 389.000,000,000 s)
2025-06-06 17:30:50,809 INFO  - Already have ACK (at simulation time 389.000,000,000 s)
2025-06-06 17:30:50,809 INFO  - Already have ACK (at simulation time 389.000,000,000 s)
2025-06-06 17:30:50,809 INFO  - Already have ACK (at simulation time 389.000,000,000 s)
2025-06-06 17:30:50,809 INFO  - Already have ACK (at simulation time 389.000,000,000 s)
2025-06-06 17:30:50,809 INFO  - Already have ACK (at simulation time 389.000,000,000 s)
2025-06-06 17:30:50,809 INFO  - Already have ACK (at simulation time 389.000,000,000 s)
2025-06-06 17:30:50,810 INFO  - Already have ACK (at simulation time 389.000,000,000 s)
2025-06-06 17:30:50,810 INFO  - Already have ACK (at simulation time 389.000,000,000 s)
2025-06-06 17:30:50,810 INFO  - Already have ACK (at simulation time 389.000,000,000 s)
2025-06-06 17:30:50,810 INFO  - Already have ACK (at simulation time 389.000,000,000 s)
2025-06-06 17:30:50,813 INFO  - Already have ACK (at simulation time 390.000,000,000 s)
2025-06-06 17:30:50,813 INFO  - Already have ACK (at simulation time 390.000,000,000 s)
2025-06-06 17:30:50,813 INFO  - Already have ACK (at simulation time 390.000,000,000 s)
2025-06-06 17:30:50,813 INFO  - Already have ACK (at simulation time 390.000,000,000 s)
2025-06-06 17:30:50,813 INFO  - Already have ACK (at simulation time 390.000,000,000 s)
2025-06-06 17:30:50,813 INFO  - Already have ACK (at simulation time 390.000,000,000 s)
2025-06-06 17:30:50,813 INFO  - Already have ACK (at simulation time 390.000,000,000 s)
2025-06-06 17:30:50,813 INFO  - Already have ACK (at simulation time 390.000,000,000 s)
2025-06-06 17:30:50,813 INFO  - Already have ACK (at simulation time 390.000,000,000 s)
2025-06-06 17:30:50,814 INFO  - Already have ACK (at simulation time 390.000,000,000 s)
2025-06-06 17:30:50,814 INFO  - Already have ACK (at simulation time 390.000,000,000 s)
2025-06-06 17:30:50,814 INFO  - Already have ACK (at simulation time 390.000,000,000 s)
2025-06-06 17:30:50,814 INFO  - Already have ACK (at simulation time 390.000,000,000 s)
2025-06-06 17:30:50,814 INFO  - Already have ACK (at simulation time 390.000,000,000 s)
2025-06-06 17:30:50,814 INFO  - Already have ACK (at simulation time 390.000,000,000 s)
2025-06-06 17:30:50,814 INFO  - Already have ACK (at simulation time 390.000,000,000 s)
2025-06-06 17:30:50,814 INFO  - Already have ACK (at simulation time 390.000,000,000 s)
2025-06-06 17:30:50,814 INFO  - Already have ACK (at simulation time 390.000,000,000 s)
2025-06-06 17:30:50,814 INFO  - Already have ACK (at simulation time 390.000,000,000 s)
2025-06-06 17:30:50,814 INFO  - Already have ACK (at simulation time 390.000,000,000 s)
2025-06-06 17:30:50,814 INFO  - Already have ACK (at simulation time 390.000,000,000 s)
2025-06-06 17:30:50,814 INFO  - Already have ACK (at simulation time 390.000,000,000 s)
2025-06-06 17:30:50,814 INFO  - Already have ACK (at simulation time 390.000,000,000 s)
2025-06-06 17:30:50,814 INFO  - Already have ACK (at simulation time 390.000,000,000 s)
2025-06-06 17:30:50,815 INFO  - Already have ACK (at simulation time 390.000,000,000 s)
2025-06-06 17:30:50,815 INFO  - Already have ACK (at simulation time 390.000,000,000 s)
2025-06-06 17:30:50,815 INFO  - Already have ACK (at simulation time 390.000,000,000 s)
2025-06-06 17:30:50,815 INFO  - Already have ACK (at simulation time 390.000,000,000 s)
2025-06-06 17:30:50,815 INFO  - Already have ACK (at simulation time 390.000,000,000 s)
2025-06-06 17:30:50,815 INFO  - Already have ACK (at simulation time 390.000,000,000 s)
2025-06-06 17:30:50,815 INFO  - Already have ACK (at simulation time 390.000,000,000 s)
2025-06-06 17:30:50,815 INFO  - Already have ACK (at simulation time 390.000,000,000 s)
2025-06-06 17:30:50,815 INFO  - Already have ACK (at simulation time 390.000,000,000 s)
2025-06-06 17:30:50,815 INFO  - Already have ACK (at simulation time 390.000,000,000 s)
2025-06-06 17:30:50,815 INFO  - Already have ACK (at simulation time 390.000,000,000 s)
2025-06-06 17:30:50,815 INFO  - Already have ACK (at simulation time 390.000,000,000 s)
2025-06-06 17:30:50,815 INFO  - Already have ACK (at simulation time 390.000,000,000 s)
2025-06-06 17:30:50,815 INFO  - Already have ACK (at simulation time 390.000,000,000 s)
2025-06-06 17:30:50,815 INFO  - Already have ACK (at simulation time 390.000,000,000 s)
2025-06-06 17:30:50,815 INFO  - Already have ACK (at simulation time 390.000,000,000 s)
2025-06-06 17:30:50,815 INFO  - Already have ACK (at simulation time 390.000,000,000 s)
2025-06-06 17:30:50,816 INFO  - Already have ACK (at simulation time 390.000,000,000 s)
2025-06-06 17:30:50,816 INFO  - Already have ACK (at simulation time 390.000,000,000 s)
2025-06-06 17:30:50,816 INFO  - Already have ACK (at simulation time 390.000,000,000 s)
2025-06-06 17:30:50,816 INFO  - Already have ACK (at simulation time 390.000,000,000 s)
2025-06-06 17:30:50,818 INFO  - Received metrics from FogNode: avgR0=1.3076923076923077, avgR1=2.2051282051282053 (at simulation time 390.002,800,000 s)
2025-06-06 17:30:50,819 INFO  - Sent periodic GreenWaveMsg: veh_67 on route r_1 (at simulation time 391.000,000,000 s)
2025-06-06 17:30:50,819 INFO  - Already have ACK (at simulation time 391.000,000,000 s)
2025-06-06 17:30:50,819 INFO  - Already have ACK (at simulation time 391.000,000,000 s)
2025-06-06 17:30:50,819 INFO  - Already have ACK (at simulation time 391.000,000,000 s)
2025-06-06 17:30:50,819 INFO  - Already have ACK (at simulation time 391.000,000,000 s)
2025-06-06 17:30:50,819 INFO  - Already have ACK (at simulation time 391.000,000,000 s)
2025-06-06 17:30:50,820 INFO  - Already have ACK (at simulation time 391.000,000,000 s)
2025-06-06 17:30:50,820 INFO  - Already have ACK (at simulation time 391.000,000,000 s)
2025-06-06 17:30:50,820 INFO  - Already have ACK (at simulation time 391.000,000,000 s)
2025-06-06 17:30:50,820 INFO  - Already have ACK (at simulation time 391.000,000,000 s)
2025-06-06 17:30:50,820 INFO  - Already have ACK (at simulation time 391.000,000,000 s)
2025-06-06 17:30:50,820 INFO  - Already have ACK (at simulation time 391.000,000,000 s)
2025-06-06 17:30:50,820 INFO  - Already have ACK (at simulation time 391.000,000,000 s)
2025-06-06 17:30:50,820 INFO  - Already have ACK (at simulation time 391.000,000,000 s)
2025-06-06 17:30:50,820 INFO  - Already have ACK (at simulation time 391.000,000,000 s)
2025-06-06 17:30:50,820 INFO  - Already have ACK (at simulation time 391.000,000,000 s)
2025-06-06 17:30:50,820 INFO  - Already have ACK (at simulation time 391.000,000,000 s)
2025-06-06 17:30:50,820 INFO  - Already have ACK (at simulation time 391.000,000,000 s)
2025-06-06 17:30:50,820 INFO  - Already have ACK (at simulation time 391.000,000,000 s)
2025-06-06 17:30:50,820 INFO  - Already have ACK (at simulation time 391.000,000,000 s)
2025-06-06 17:30:50,820 INFO  - Already have ACK (at simulation time 391.000,000,000 s)
2025-06-06 17:30:50,820 INFO  - Already have ACK (at simulation time 391.000,000,000 s)
2025-06-06 17:30:50,821 INFO  - Already have ACK (at simulation time 391.000,000,000 s)
2025-06-06 17:30:50,821 INFO  - Already have ACK (at simulation time 391.000,000,000 s)
2025-06-06 17:30:50,821 INFO  - Already have ACK (at simulation time 391.000,000,000 s)
2025-06-06 17:30:50,821 INFO  - Already have ACK (at simulation time 391.000,000,000 s)
2025-06-06 17:30:50,821 INFO  - Already have ACK (at simulation time 391.000,000,000 s)
2025-06-06 17:30:50,821 INFO  - Already have ACK (at simulation time 391.000,000,000 s)
2025-06-06 17:30:50,821 INFO  - Already have ACK (at simulation time 391.000,000,000 s)
2025-06-06 17:30:50,821 INFO  - Already have ACK (at simulation time 391.000,000,000 s)
2025-06-06 17:30:50,821 INFO  - Already have ACK (at simulation time 391.000,000,000 s)
2025-06-06 17:30:50,821 INFO  - Already have ACK (at simulation time 391.000,000,000 s)
2025-06-06 17:30:50,821 INFO  - Already have ACK (at simulation time 391.000,000,000 s)
2025-06-06 17:30:50,821 INFO  - Already have ACK (at simulation time 391.000,000,000 s)
2025-06-06 17:30:50,821 INFO  - Already have ACK (at simulation time 391.000,000,000 s)
2025-06-06 17:30:50,821 INFO  - Already have ACK (at simulation time 391.000,000,000 s)
2025-06-06 17:30:50,821 INFO  - Already have ACK (at simulation time 391.000,000,000 s)
2025-06-06 17:30:50,821 INFO  - Already have ACK (at simulation time 391.000,000,000 s)
2025-06-06 17:30:50,821 INFO  - Already have ACK (at simulation time 391.000,000,000 s)
2025-06-06 17:30:50,822 INFO  - Already have ACK (at simulation time 391.000,000,000 s)
2025-06-06 17:30:50,822 INFO  - Already have ACK (at simulation time 391.000,000,000 s)
2025-06-06 17:30:50,822 INFO  - Already have ACK (at simulation time 391.000,000,000 s)
2025-06-06 17:30:50,822 INFO  - Already have ACK (at simulation time 391.000,000,000 s)
2025-06-06 17:30:50,822 INFO  - Already have ACK (at simulation time 391.000,000,000 s)
2025-06-06 17:30:50,822 INFO  - Already have ACK (at simulation time 391.000,000,000 s)
2025-06-06 17:30:50,822 INFO  - Already have ACK (at simulation time 391.000,000,000 s)
2025-06-06 17:30:50,822 INFO  - Already have ACK (at simulation time 391.000,000,000 s)
2025-06-06 17:30:50,825 INFO  - Already have ACK (at simulation time 392.000,000,000 s)
2025-06-06 17:30:50,825 INFO  - Already have ACK (at simulation time 392.000,000,000 s)
2025-06-06 17:30:50,825 INFO  - Already have ACK (at simulation time 392.000,000,000 s)
2025-06-06 17:30:50,825 INFO  - Already have ACK (at simulation time 392.000,000,000 s)
2025-06-06 17:30:50,825 INFO  - Already have ACK (at simulation time 392.000,000,000 s)
2025-06-06 17:30:50,825 INFO  - Already have ACK (at simulation time 392.000,000,000 s)
2025-06-06 17:30:50,825 INFO  - Already have ACK (at simulation time 392.000,000,000 s)
2025-06-06 17:30:50,826 INFO  - Already have ACK (at simulation time 392.000,000,000 s)
2025-06-06 17:30:50,826 INFO  - Already have ACK (at simulation time 392.000,000,000 s)
2025-06-06 17:30:50,826 INFO  - Already have ACK (at simulation time 392.000,000,000 s)
2025-06-06 17:30:50,826 INFO  - Already have ACK (at simulation time 392.000,000,000 s)
2025-06-06 17:30:50,826 INFO  - Already have ACK (at simulation time 392.000,000,000 s)
2025-06-06 17:30:50,826 INFO  - Already have ACK (at simulation time 392.000,000,000 s)
2025-06-06 17:30:50,826 INFO  - Already have ACK (at simulation time 392.000,000,000 s)
2025-06-06 17:30:50,826 INFO  - Already have ACK (at simulation time 392.000,000,000 s)
2025-06-06 17:30:50,826 INFO  - Already have ACK (at simulation time 392.000,000,000 s)
2025-06-06 17:30:50,826 INFO  - Already have ACK (at simulation time 392.000,000,000 s)
2025-06-06 17:30:50,826 INFO  - Already have ACK (at simulation time 392.000,000,000 s)
2025-06-06 17:30:50,826 INFO  - Already have ACK (at simulation time 392.000,000,000 s)
2025-06-06 17:30:50,826 INFO  - Already have ACK (at simulation time 392.000,000,000 s)
2025-06-06 17:30:50,826 INFO  - Already have ACK (at simulation time 392.000,000,000 s)
2025-06-06 17:30:50,826 INFO  - Already have ACK (at simulation time 392.000,000,000 s)
2025-06-06 17:30:50,827 INFO  - Already have ACK (at simulation time 392.000,000,000 s)
2025-06-06 17:30:50,827 INFO  - Already have ACK (at simulation time 392.000,000,000 s)
2025-06-06 17:30:50,827 INFO  - Already have ACK (at simulation time 392.000,000,000 s)
2025-06-06 17:30:50,827 INFO  - Already have ACK (at simulation time 392.000,000,000 s)
2025-06-06 17:30:50,827 INFO  - Already have ACK (at simulation time 392.000,000,000 s)
2025-06-06 17:30:50,827 INFO  - Already have ACK (at simulation time 392.000,000,000 s)
2025-06-06 17:30:50,827 INFO  - Already have ACK (at simulation time 392.000,000,000 s)
2025-06-06 17:30:50,827 INFO  - Already have ACK (at simulation time 392.000,000,000 s)
2025-06-06 17:30:50,827 INFO  - Already have ACK (at simulation time 392.000,000,000 s)
2025-06-06 17:30:50,827 INFO  - Already have ACK (at simulation time 392.000,000,000 s)
2025-06-06 17:30:50,827 INFO  - Already have ACK (at simulation time 392.000,000,000 s)
2025-06-06 17:30:50,827 INFO  - Already have ACK (at simulation time 392.000,000,000 s)
2025-06-06 17:30:50,827 INFO  - Already have ACK (at simulation time 392.000,000,000 s)
2025-06-06 17:30:50,827 INFO  - Already have ACK (at simulation time 392.000,000,000 s)
2025-06-06 17:30:50,827 INFO  - Already have ACK (at simulation time 392.000,000,000 s)
2025-06-06 17:30:50,827 INFO  - Already have ACK (at simulation time 392.000,000,000 s)
2025-06-06 17:30:50,828 INFO  - Already have ACK (at simulation time 392.000,000,000 s)
2025-06-06 17:30:50,828 INFO  - Already have ACK (at simulation time 392.000,000,000 s)
2025-06-06 17:30:50,828 INFO  - Already have ACK (at simulation time 392.000,000,000 s)
2025-06-06 17:30:50,828 INFO  - Already have ACK (at simulation time 392.000,000,000 s)
2025-06-06 17:30:50,828 INFO  - Already have ACK (at simulation time 392.000,000,000 s)
2025-06-06 17:30:50,828 INFO  - Already have ACK (at simulation time 392.000,000,000 s)
2025-06-06 17:30:50,828 INFO  - Already have ACK (at simulation time 392.000,000,000 s)
2025-06-06 17:30:50,828 INFO  - Already have ACK (at simulation time 392.000,000,000 s)
2025-06-06 17:30:50,828 INFO  - Already have ACK (at simulation time 392.000,000,000 s)
2025-06-06 17:30:50,830 INFO  - Already have ACK (at simulation time 393.000,000,000 s)
2025-06-06 17:30:50,831 INFO  - Already have ACK (at simulation time 393.000,000,000 s)
2025-06-06 17:30:50,831 INFO  - Already have ACK (at simulation time 393.000,000,000 s)
2025-06-06 17:30:50,831 INFO  - Already have ACK (at simulation time 393.000,000,000 s)
2025-06-06 17:30:50,831 INFO  - Already have ACK (at simulation time 393.000,000,000 s)
2025-06-06 17:30:50,831 INFO  - Already have ACK (at simulation time 393.000,000,000 s)
2025-06-06 17:30:50,831 INFO  - Already have ACK (at simulation time 393.000,000,000 s)
2025-06-06 17:30:50,831 INFO  - Already have ACK (at simulation time 393.000,000,000 s)
2025-06-06 17:30:50,831 INFO  - Already have ACK (at simulation time 393.000,000,000 s)
2025-06-06 17:30:50,832 INFO  - Already have ACK (at simulation time 393.000,000,000 s)
2025-06-06 17:30:50,832 INFO  - Already have ACK (at simulation time 393.000,000,000 s)
2025-06-06 17:30:50,832 INFO  - Already have ACK (at simulation time 393.000,000,000 s)
2025-06-06 17:30:50,832 INFO  - Already have ACK (at simulation time 393.000,000,000 s)
2025-06-06 17:30:50,832 INFO  - Already have ACK (at simulation time 393.000,000,000 s)
2025-06-06 17:30:50,832 INFO  - Already have ACK (at simulation time 393.000,000,000 s)
2025-06-06 17:30:50,832 INFO  - Already have ACK (at simulation time 393.000,000,000 s)
2025-06-06 17:30:50,832 INFO  - Already have ACK (at simulation time 393.000,000,000 s)
2025-06-06 17:30:50,832 INFO  - Already have ACK (at simulation time 393.000,000,000 s)
2025-06-06 17:30:50,832 INFO  - Already have ACK (at simulation time 393.000,000,000 s)
2025-06-06 17:30:50,833 INFO  - Already have ACK (at simulation time 393.000,000,000 s)
2025-06-06 17:30:50,833 INFO  - Already have ACK (at simulation time 393.000,000,000 s)
2025-06-06 17:30:50,833 INFO  - Already have ACK (at simulation time 393.000,000,000 s)
2025-06-06 17:30:50,833 INFO  - Already have ACK (at simulation time 393.000,000,000 s)
2025-06-06 17:30:50,833 INFO  - Already have ACK (at simulation time 393.000,000,000 s)
2025-06-06 17:30:50,833 INFO  - Already have ACK (at simulation time 393.000,000,000 s)
2025-06-06 17:30:50,833 INFO  - Already have ACK (at simulation time 393.000,000,000 s)
2025-06-06 17:30:50,833 INFO  - Already have ACK (at simulation time 393.000,000,000 s)
2025-06-06 17:30:50,833 INFO  - Already have ACK (at simulation time 393.000,000,000 s)
2025-06-06 17:30:50,833 INFO  - Already have ACK (at simulation time 393.000,000,000 s)
2025-06-06 17:30:50,833 INFO  - Already have ACK (at simulation time 393.000,000,000 s)
2025-06-06 17:30:50,833 INFO  - Already have ACK (at simulation time 393.000,000,000 s)
2025-06-06 17:30:50,833 INFO  - Already have ACK (at simulation time 393.000,000,000 s)
2025-06-06 17:30:50,834 INFO  - Already have ACK (at simulation time 393.000,000,000 s)
2025-06-06 17:30:50,834 INFO  - Already have ACK (at simulation time 393.000,000,000 s)
2025-06-06 17:30:50,834 INFO  - Already have ACK (at simulation time 393.000,000,000 s)
2025-06-06 17:30:50,834 INFO  - Already have ACK (at simulation time 393.000,000,000 s)
2025-06-06 17:30:50,834 INFO  - Already have ACK (at simulation time 393.000,000,000 s)
2025-06-06 17:30:50,834 INFO  - Already have ACK (at simulation time 393.000,000,000 s)
2025-06-06 17:30:50,834 INFO  - Already have ACK (at simulation time 393.000,000,000 s)
2025-06-06 17:30:50,834 INFO  - Already have ACK (at simulation time 393.000,000,000 s)
2025-06-06 17:30:50,834 INFO  - Already have ACK (at simulation time 393.000,000,000 s)
2025-06-06 17:30:50,834 INFO  - Already have ACK (at simulation time 393.000,000,000 s)
2025-06-06 17:30:50,834 INFO  - Already have ACK (at simulation time 393.000,000,000 s)
2025-06-06 17:30:50,834 INFO  - Already have ACK (at simulation time 393.000,000,000 s)
2025-06-06 17:30:50,834 INFO  - Already have ACK (at simulation time 393.000,000,000 s)
2025-06-06 17:30:50,835 INFO  - Already have ACK (at simulation time 393.000,000,000 s)
2025-06-06 17:30:50,835 INFO  - Already have ACK (at simulation time 393.000,000,000 s)
2025-06-06 17:30:50,835 INFO  - Already have ACK (at simulation time 393.000,000,000 s)
2025-06-06 17:30:50,838 INFO  - Already have ACK (at simulation time 394.000,000,000 s)
2025-06-06 17:30:50,838 INFO  - Already have ACK (at simulation time 394.000,000,000 s)
2025-06-06 17:30:50,838 INFO  - Already have ACK (at simulation time 394.000,000,000 s)
2025-06-06 17:30:50,838 INFO  - Already have ACK (at simulation time 394.000,000,000 s)
2025-06-06 17:30:50,838 INFO  - Already have ACK (at simulation time 394.000,000,000 s)
2025-06-06 17:30:50,838 INFO  - Already have ACK (at simulation time 394.000,000,000 s)
2025-06-06 17:30:50,838 INFO  - Already have ACK (at simulation time 394.000,000,000 s)
2025-06-06 17:30:50,839 INFO  - Already have ACK (at simulation time 394.000,000,000 s)
2025-06-06 17:30:50,839 INFO  - Already have ACK (at simulation time 394.000,000,000 s)
2025-06-06 17:30:50,839 INFO  - Already have ACK (at simulation time 394.000,000,000 s)
2025-06-06 17:30:50,839 INFO  - Already have ACK (at simulation time 394.000,000,000 s)
2025-06-06 17:30:50,839 INFO  - Already have ACK (at simulation time 394.000,000,000 s)
2025-06-06 17:30:50,839 INFO  - Already have ACK (at simulation time 394.000,000,000 s)
2025-06-06 17:30:50,839 INFO  - Already have ACK (at simulation time 394.000,000,000 s)
2025-06-06 17:30:50,839 INFO  - Already have ACK (at simulation time 394.000,000,000 s)
2025-06-06 17:30:50,839 INFO  - Already have ACK (at simulation time 394.000,000,000 s)
2025-06-06 17:30:50,839 INFO  - Already have ACK (at simulation time 394.000,000,000 s)
2025-06-06 17:30:50,840 INFO  - Already have ACK (at simulation time 394.000,000,000 s)
2025-06-06 17:30:50,840 INFO  - Already have ACK (at simulation time 394.000,000,000 s)
2025-06-06 17:30:50,840 INFO  - Already have ACK (at simulation time 394.000,000,000 s)
2025-06-06 17:30:50,840 INFO  - Already have ACK (at simulation time 394.000,000,000 s)
2025-06-06 17:30:50,840 INFO  - Already have ACK (at simulation time 394.000,000,000 s)
2025-06-06 17:30:50,840 INFO  - Already have ACK (at simulation time 394.000,000,000 s)
2025-06-06 17:30:50,840 INFO  - Already have ACK (at simulation time 394.000,000,000 s)
2025-06-06 17:30:50,840 INFO  - Already have ACK (at simulation time 394.000,000,000 s)
2025-06-06 17:30:50,840 INFO  - Already have ACK (at simulation time 394.000,000,000 s)
2025-06-06 17:30:50,840 INFO  - Already have ACK (at simulation time 394.000,000,000 s)
2025-06-06 17:30:50,840 INFO  - Already have ACK (at simulation time 394.000,000,000 s)
2025-06-06 17:30:50,840 INFO  - Already have ACK (at simulation time 394.000,000,000 s)
2025-06-06 17:30:50,841 INFO  - Already have ACK (at simulation time 394.000,000,000 s)
2025-06-06 17:30:50,841 INFO  - Already have ACK (at simulation time 394.000,000,000 s)
2025-06-06 17:30:50,841 INFO  - Already have ACK (at simulation time 394.000,000,000 s)
2025-06-06 17:30:50,841 INFO  - Already have ACK (at simulation time 394.000,000,000 s)
2025-06-06 17:30:50,841 INFO  - Already have ACK (at simulation time 394.000,000,000 s)
2025-06-06 17:30:50,841 INFO  - Already have ACK (at simulation time 394.000,000,000 s)
2025-06-06 17:30:50,841 INFO  - Already have ACK (at simulation time 394.000,000,000 s)
2025-06-06 17:30:50,841 INFO  - Already have ACK (at simulation time 394.000,000,000 s)
2025-06-06 17:30:50,841 INFO  - Already have ACK (at simulation time 394.000,000,000 s)
2025-06-06 17:30:50,841 INFO  - Already have ACK (at simulation time 394.000,000,000 s)
2025-06-06 17:30:50,841 INFO  - Already have ACK (at simulation time 394.000,000,000 s)
2025-06-06 17:30:50,841 INFO  - Already have ACK (at simulation time 394.000,000,000 s)
2025-06-06 17:30:50,841 INFO  - Already have ACK (at simulation time 394.000,000,000 s)
2025-06-06 17:30:50,842 INFO  - Already have ACK (at simulation time 394.000,000,000 s)
2025-06-06 17:30:50,842 INFO  - Already have ACK (at simulation time 394.000,000,000 s)
2025-06-06 17:30:50,842 INFO  - Already have ACK (at simulation time 394.000,000,000 s)
2025-06-06 17:30:50,842 INFO  - Already have ACK (at simulation time 394.000,000,000 s)
2025-06-06 17:30:50,842 INFO  - Already have ACK (at simulation time 394.000,000,000 s)
2025-06-06 17:30:50,842 INFO  - Already have ACK (at simulation time 394.000,000,000 s)
2025-06-06 17:30:50,842 INFO  - Already have ACK (at simulation time 394.000,000,000 s)
2025-06-06 17:30:50,845 INFO  - Already have ACK (at simulation time 395.000,000,000 s)
2025-06-06 17:30:50,846 INFO  - Already have ACK (at simulation time 395.000,000,000 s)
2025-06-06 17:30:50,846 INFO  - Already have ACK (at simulation time 395.000,000,000 s)
2025-06-06 17:30:50,846 INFO  - Already have ACK (at simulation time 395.000,000,000 s)
2025-06-06 17:30:50,846 INFO  - Already have ACK (at simulation time 395.000,000,000 s)
2025-06-06 17:30:50,846 INFO  - Already have ACK (at simulation time 395.000,000,000 s)
2025-06-06 17:30:50,846 INFO  - Already have ACK (at simulation time 395.000,000,000 s)
2025-06-06 17:30:50,846 INFO  - Already have ACK (at simulation time 395.000,000,000 s)
2025-06-06 17:30:50,846 INFO  - Already have ACK (at simulation time 395.000,000,000 s)
2025-06-06 17:30:50,847 INFO  - Already have ACK (at simulation time 395.000,000,000 s)
2025-06-06 17:30:50,847 INFO  - Already have ACK (at simulation time 395.000,000,000 s)
2025-06-06 17:30:50,847 INFO  - Already have ACK (at simulation time 395.000,000,000 s)
2025-06-06 17:30:50,847 INFO  - Already have ACK (at simulation time 395.000,000,000 s)
2025-06-06 17:30:50,847 INFO  - Already have ACK (at simulation time 395.000,000,000 s)
2025-06-06 17:30:50,847 INFO  - Already have ACK (at simulation time 395.000,000,000 s)
2025-06-06 17:30:50,847 INFO  - Already have ACK (at simulation time 395.000,000,000 s)
2025-06-06 17:30:50,847 INFO  - Already have ACK (at simulation time 395.000,000,000 s)
2025-06-06 17:30:50,847 INFO  - Already have ACK (at simulation time 395.000,000,000 s)
2025-06-06 17:30:50,847 INFO  - Already have ACK (at simulation time 395.000,000,000 s)
2025-06-06 17:30:50,848 INFO  - Already have ACK (at simulation time 395.000,000,000 s)
2025-06-06 17:30:50,848 INFO  - Already have ACK (at simulation time 395.000,000,000 s)
2025-06-06 17:30:50,848 INFO  - Already have ACK (at simulation time 395.000,000,000 s)
2025-06-06 17:30:50,848 INFO  - Already have ACK (at simulation time 395.000,000,000 s)
2025-06-06 17:30:50,848 INFO  - Already have ACK (at simulation time 395.000,000,000 s)
2025-06-06 17:30:50,848 INFO  - Already have ACK (at simulation time 395.000,000,000 s)
2025-06-06 17:30:50,848 INFO  - Already have ACK (at simulation time 395.000,000,000 s)
2025-06-06 17:30:50,848 INFO  - Already have ACK (at simulation time 395.000,000,000 s)
2025-06-06 17:30:50,848 INFO  - Already have ACK (at simulation time 395.000,000,000 s)
2025-06-06 17:30:50,848 INFO  - Already have ACK (at simulation time 395.000,000,000 s)
2025-06-06 17:30:50,848 INFO  - Already have ACK (at simulation time 395.000,000,000 s)
2025-06-06 17:30:50,849 INFO  - Already have ACK (at simulation time 395.000,000,000 s)
2025-06-06 17:30:50,849 INFO  - Already have ACK (at simulation time 395.000,000,000 s)
2025-06-06 17:30:50,849 INFO  - Already have ACK (at simulation time 395.000,000,000 s)
2025-06-06 17:30:50,849 INFO  - Already have ACK (at simulation time 395.000,000,000 s)
2025-06-06 17:30:50,849 INFO  - Already have ACK (at simulation time 395.000,000,000 s)
2025-06-06 17:30:50,849 INFO  - Already have ACK (at simulation time 395.000,000,000 s)
2025-06-06 17:30:50,849 INFO  - Already have ACK (at simulation time 395.000,000,000 s)
2025-06-06 17:30:50,849 INFO  - Already have ACK (at simulation time 395.000,000,000 s)
2025-06-06 17:30:50,849 INFO  - Already have ACK (at simulation time 395.000,000,000 s)
2025-06-06 17:30:50,849 INFO  - Already have ACK (at simulation time 395.000,000,000 s)
2025-06-06 17:30:50,849 INFO  - Already have ACK (at simulation time 395.000,000,000 s)
2025-06-06 17:30:50,849 INFO  - Already have ACK (at simulation time 395.000,000,000 s)
2025-06-06 17:30:50,849 INFO  - Already have ACK (at simulation time 395.000,000,000 s)
2025-06-06 17:30:50,849 INFO  - Already have ACK (at simulation time 395.000,000,000 s)
2025-06-06 17:30:50,849 INFO  - Already have ACK (at simulation time 395.000,000,000 s)
2025-06-06 17:30:50,850 INFO  - Already have ACK (at simulation time 395.000,000,000 s)
2025-06-06 17:30:50,850 INFO  - Already have ACK (at simulation time 395.000,000,000 s)
2025-06-06 17:30:50,850 INFO  - Already have ACK (at simulation time 395.000,000,000 s)
2025-06-06 17:30:50,850 INFO  - Already have ACK (at simulation time 395.000,000,000 s)
2025-06-06 17:30:50,850 INFO  - Already have ACK (at simulation time 395.000,000,000 s)
2025-06-06 17:30:50,853 INFO  - Sent periodic GreenWaveMsg: veh_67 on route r_1 (at simulation time 396.000,000,000 s)
2025-06-06 17:30:50,853 INFO  - Already have ACK (at simulation time 396.000,000,000 s)
2025-06-06 17:30:50,853 INFO  - Already have ACK (at simulation time 396.000,000,000 s)
2025-06-06 17:30:50,853 INFO  - Already have ACK (at simulation time 396.000,000,000 s)
2025-06-06 17:30:50,853 INFO  - Already have ACK (at simulation time 396.000,000,000 s)
2025-06-06 17:30:50,853 INFO  - Already have ACK (at simulation time 396.000,000,000 s)
2025-06-06 17:30:50,854 INFO  - Already have ACK (at simulation time 396.000,000,000 s)
2025-06-06 17:30:50,854 INFO  - Already have ACK (at simulation time 396.000,000,000 s)
2025-06-06 17:30:50,854 INFO  - Already have ACK (at simulation time 396.000,000,000 s)
2025-06-06 17:30:50,854 INFO  - Already have ACK (at simulation time 396.000,000,000 s)
2025-06-06 17:30:50,854 INFO  - Already have ACK (at simulation time 396.000,000,000 s)
2025-06-06 17:30:50,854 INFO  - Already have ACK (at simulation time 396.000,000,000 s)
2025-06-06 17:30:50,854 INFO  - Already have ACK (at simulation time 396.000,000,000 s)
2025-06-06 17:30:50,854 INFO  - Already have ACK (at simulation time 396.000,000,000 s)
2025-06-06 17:30:50,854 INFO  - Already have ACK (at simulation time 396.000,000,000 s)
2025-06-06 17:30:50,854 INFO  - Already have ACK (at simulation time 396.000,000,000 s)
2025-06-06 17:30:50,854 INFO  - Already have ACK (at simulation time 396.000,000,000 s)
2025-06-06 17:30:50,855 INFO  - Already have ACK (at simulation time 396.000,000,000 s)
2025-06-06 17:30:50,855 INFO  - Already have ACK (at simulation time 396.000,000,000 s)
2025-06-06 17:30:50,855 INFO  - Already have ACK (at simulation time 396.000,000,000 s)
2025-06-06 17:30:50,855 INFO  - Already have ACK (at simulation time 396.000,000,000 s)
2025-06-06 17:30:50,855 INFO  - Already have ACK (at simulation time 396.000,000,000 s)
2025-06-06 17:30:50,855 INFO  - Already have ACK (at simulation time 396.000,000,000 s)
2025-06-06 17:30:50,855 INFO  - Already have ACK (at simulation time 396.000,000,000 s)
2025-06-06 17:30:50,855 INFO  - Already have ACK (at simulation time 396.000,000,000 s)
2025-06-06 17:30:50,855 INFO  - Already have ACK (at simulation time 396.000,000,000 s)
2025-06-06 17:30:50,855 INFO  - Already have ACK (at simulation time 396.000,000,000 s)
2025-06-06 17:30:50,855 INFO  - Already have ACK (at simulation time 396.000,000,000 s)
2025-06-06 17:30:50,855 INFO  - Already have ACK (at simulation time 396.000,000,000 s)
2025-06-06 17:30:50,855 INFO  - Already have ACK (at simulation time 396.000,000,000 s)
2025-06-06 17:30:50,855 INFO  - Already have ACK (at simulation time 396.000,000,000 s)
2025-06-06 17:30:50,855 INFO  - Already have ACK (at simulation time 396.000,000,000 s)
2025-06-06 17:30:50,855 INFO  - Already have ACK (at simulation time 396.000,000,000 s)
2025-06-06 17:30:50,856 INFO  - Already have ACK (at simulation time 396.000,000,000 s)
2025-06-06 17:30:50,856 INFO  - Already have ACK (at simulation time 396.000,000,000 s)
2025-06-06 17:30:50,856 INFO  - Already have ACK (at simulation time 396.000,000,000 s)
2025-06-06 17:30:50,856 INFO  - Already have ACK (at simulation time 396.000,000,000 s)
2025-06-06 17:30:50,856 INFO  - Already have ACK (at simulation time 396.000,000,000 s)
2025-06-06 17:30:50,856 INFO  - Already have ACK (at simulation time 396.000,000,000 s)
2025-06-06 17:30:50,856 INFO  - Already have ACK (at simulation time 396.000,000,000 s)
2025-06-06 17:30:50,856 INFO  - Already have ACK (at simulation time 396.000,000,000 s)
2025-06-06 17:30:50,856 INFO  - Already have ACK (at simulation time 396.000,000,000 s)
2025-06-06 17:30:50,856 INFO  - Already have ACK (at simulation time 396.000,000,000 s)
2025-06-06 17:30:50,856 INFO  - Already have ACK (at simulation time 396.000,000,000 s)
2025-06-06 17:30:50,856 INFO  - Already have ACK (at simulation time 396.000,000,000 s)
2025-06-06 17:30:50,856 INFO  - Already have ACK (at simulation time 396.000,000,000 s)
2025-06-06 17:30:50,856 INFO  - Already have ACK (at simulation time 396.000,000,000 s)
2025-06-06 17:30:50,856 INFO  - Already have ACK (at simulation time 396.000,000,000 s)
2025-06-06 17:30:50,856 INFO  - Already have ACK (at simulation time 396.000,000,000 s)
2025-06-06 17:30:50,856 INFO  - Already have ACK (at simulation time 396.000,000,000 s)
2025-06-06 17:30:50,856 INFO  - Already have ACK (at simulation time 396.000,000,000 s)
2025-06-06 17:30:50,857 INFO  - Already have ACK (at simulation time 396.000,000,000 s)
2025-06-06 17:30:50,864 INFO  - Already have ACK (at simulation time 397.000,000,000 s)
2025-06-06 17:30:50,864 INFO  - Already have ACK (at simulation time 397.000,000,000 s)
2025-06-06 17:30:50,864 INFO  - Already have ACK (at simulation time 397.000,000,000 s)
2025-06-06 17:30:50,864 INFO  - Already have ACK (at simulation time 397.000,000,000 s)
2025-06-06 17:30:50,864 INFO  - Already have ACK (at simulation time 397.000,000,000 s)
2025-06-06 17:30:50,865 INFO  - Already have ACK (at simulation time 397.000,000,000 s)
2025-06-06 17:30:50,865 INFO  - Already have ACK (at simulation time 397.000,000,000 s)
2025-06-06 17:30:50,865 INFO  - Already have ACK (at simulation time 397.000,000,000 s)
2025-06-06 17:30:50,865 INFO  - Already have ACK (at simulation time 397.000,000,000 s)
2025-06-06 17:30:50,865 INFO  - Already have ACK (at simulation time 397.000,000,000 s)
2025-06-06 17:30:50,865 INFO  - Already have ACK (at simulation time 397.000,000,000 s)
2025-06-06 17:30:50,865 INFO  - Already have ACK (at simulation time 397.000,000,000 s)
2025-06-06 17:30:50,865 INFO  - Already have ACK (at simulation time 397.000,000,000 s)
2025-06-06 17:30:50,865 INFO  - Already have ACK (at simulation time 397.000,000,000 s)
2025-06-06 17:30:50,865 INFO  - Already have ACK (at simulation time 397.000,000,000 s)
2025-06-06 17:30:50,865 INFO  - Already have ACK (at simulation time 397.000,000,000 s)
2025-06-06 17:30:50,865 INFO  - Already have ACK (at simulation time 397.000,000,000 s)
2025-06-06 17:30:50,866 INFO  - Already have ACK (at simulation time 397.000,000,000 s)
2025-06-06 17:30:50,866 INFO  - Already have ACK (at simulation time 397.000,000,000 s)
2025-06-06 17:30:50,866 INFO  - Already have ACK (at simulation time 397.000,000,000 s)
2025-06-06 17:30:50,866 INFO  - Already have ACK (at simulation time 397.000,000,000 s)
2025-06-06 17:30:50,866 INFO  - Already have ACK (at simulation time 397.000,000,000 s)
2025-06-06 17:30:50,866 INFO  - Already have ACK (at simulation time 397.000,000,000 s)
2025-06-06 17:30:50,866 INFO  - Already have ACK (at simulation time 397.000,000,000 s)
2025-06-06 17:30:50,866 INFO  - Already have ACK (at simulation time 397.000,000,000 s)
2025-06-06 17:30:50,866 INFO  - Already have ACK (at simulation time 397.000,000,000 s)
2025-06-06 17:30:50,866 INFO  - Already have ACK (at simulation time 397.000,000,000 s)
2025-06-06 17:30:50,866 INFO  - Already have ACK (at simulation time 397.000,000,000 s)
2025-06-06 17:30:50,866 INFO  - Already have ACK (at simulation time 397.000,000,000 s)
2025-06-06 17:30:50,866 INFO  - Already have ACK (at simulation time 397.000,000,000 s)
2025-06-06 17:30:50,866 INFO  - Already have ACK (at simulation time 397.000,000,000 s)
2025-06-06 17:30:50,866 INFO  - Already have ACK (at simulation time 397.000,000,000 s)
2025-06-06 17:30:50,867 INFO  - Already have ACK (at simulation time 397.000,000,000 s)
2025-06-06 17:30:50,867 INFO  - Already have ACK (at simulation time 397.000,000,000 s)
2025-06-06 17:30:50,867 INFO  - Already have ACK (at simulation time 397.000,000,000 s)
2025-06-06 17:30:50,867 INFO  - Already have ACK (at simulation time 397.000,000,000 s)
2025-06-06 17:30:50,867 INFO  - Already have ACK (at simulation time 397.000,000,000 s)
2025-06-06 17:30:50,867 INFO  - Already have ACK (at simulation time 397.000,000,000 s)
2025-06-06 17:30:50,867 INFO  - Already have ACK (at simulation time 397.000,000,000 s)
2025-06-06 17:30:50,867 INFO  - Already have ACK (at simulation time 397.000,000,000 s)
2025-06-06 17:30:50,867 INFO  - Already have ACK (at simulation time 397.000,000,000 s)
2025-06-06 17:30:50,867 INFO  - Already have ACK (at simulation time 397.000,000,000 s)
2025-06-06 17:30:50,867 INFO  - Already have ACK (at simulation time 397.000,000,000 s)
2025-06-06 17:30:50,867 INFO  - Already have ACK (at simulation time 397.000,000,000 s)
2025-06-06 17:30:50,867 INFO  - Already have ACK (at simulation time 397.000,000,000 s)
2025-06-06 17:30:50,867 INFO  - Already have ACK (at simulation time 397.000,000,000 s)
2025-06-06 17:30:50,867 INFO  - Already have ACK (at simulation time 397.000,000,000 s)
2025-06-06 17:30:50,867 INFO  - Already have ACK (at simulation time 397.000,000,000 s)
2025-06-06 17:30:50,867 INFO  - Already have ACK (at simulation time 397.000,000,000 s)
2025-06-06 17:30:50,868 INFO  - Already have ACK (at simulation time 397.000,000,000 s)
2025-06-06 17:30:50,868 INFO  - Already have ACK (at simulation time 397.000,000,000 s)
2025-06-06 17:30:50,868 INFO  - Already have ACK (at simulation time 397.000,000,000 s)
2025-06-06 17:30:50,870 INFO  - Already have ACK (at simulation time 398.000,000,000 s)
2025-06-06 17:30:50,870 INFO  - Already have ACK (at simulation time 398.000,000,000 s)
2025-06-06 17:30:50,871 INFO  - Already have ACK (at simulation time 398.000,000,000 s)
2025-06-06 17:30:50,871 INFO  - Already have ACK (at simulation time 398.000,000,000 s)
2025-06-06 17:30:50,871 INFO  - Already have ACK (at simulation time 398.000,000,000 s)
2025-06-06 17:30:50,871 INFO  - Already have ACK (at simulation time 398.000,000,000 s)
2025-06-06 17:30:50,871 INFO  - Already have ACK (at simulation time 398.000,000,000 s)
2025-06-06 17:30:50,871 INFO  - Already have ACK (at simulation time 398.000,000,000 s)
2025-06-06 17:30:50,871 INFO  - Already have ACK (at simulation time 398.000,000,000 s)
2025-06-06 17:30:50,871 INFO  - Already have ACK (at simulation time 398.000,000,000 s)
2025-06-06 17:30:50,871 INFO  - Already have ACK (at simulation time 398.000,000,000 s)
2025-06-06 17:30:50,871 INFO  - Already have ACK (at simulation time 398.000,000,000 s)
2025-06-06 17:30:50,871 INFO  - Already have ACK (at simulation time 398.000,000,000 s)
2025-06-06 17:30:50,871 INFO  - Already have ACK (at simulation time 398.000,000,000 s)
2025-06-06 17:30:50,872 INFO  - Already have ACK (at simulation time 398.000,000,000 s)
2025-06-06 17:30:50,872 INFO  - Already have ACK (at simulation time 398.000,000,000 s)
2025-06-06 17:30:50,872 INFO  - Already have ACK (at simulation time 398.000,000,000 s)
2025-06-06 17:30:50,872 INFO  - Already have ACK (at simulation time 398.000,000,000 s)
2025-06-06 17:30:50,872 INFO  - Already have ACK (at simulation time 398.000,000,000 s)
2025-06-06 17:30:50,872 INFO  - Already have ACK (at simulation time 398.000,000,000 s)
2025-06-06 17:30:50,872 INFO  - Already have ACK (at simulation time 398.000,000,000 s)
2025-06-06 17:30:50,872 INFO  - Already have ACK (at simulation time 398.000,000,000 s)
2025-06-06 17:30:50,872 INFO  - Already have ACK (at simulation time 398.000,000,000 s)
2025-06-06 17:30:50,872 INFO  - Already have ACK (at simulation time 398.000,000,000 s)
2025-06-06 17:30:50,872 INFO  - Already have ACK (at simulation time 398.000,000,000 s)
2025-06-06 17:30:50,872 INFO  - Already have ACK (at simulation time 398.000,000,000 s)
2025-06-06 17:30:50,872 INFO  - Already have ACK (at simulation time 398.000,000,000 s)
2025-06-06 17:30:50,872 INFO  - Already have ACK (at simulation time 398.000,000,000 s)
2025-06-06 17:30:50,873 INFO  - Already have ACK (at simulation time 398.000,000,000 s)
2025-06-06 17:30:50,873 INFO  - Already have ACK (at simulation time 398.000,000,000 s)
2025-06-06 17:30:50,873 INFO  - Already have ACK (at simulation time 398.000,000,000 s)
2025-06-06 17:30:50,873 INFO  - Already have ACK (at simulation time 398.000,000,000 s)
2025-06-06 17:30:50,873 INFO  - Already have ACK (at simulation time 398.000,000,000 s)
2025-06-06 17:30:50,873 INFO  - Already have ACK (at simulation time 398.000,000,000 s)
2025-06-06 17:30:50,873 INFO  - Already have ACK (at simulation time 398.000,000,000 s)
2025-06-06 17:30:50,873 INFO  - Already have ACK (at simulation time 398.000,000,000 s)
2025-06-06 17:30:50,873 INFO  - Already have ACK (at simulation time 398.000,000,000 s)
2025-06-06 17:30:50,873 INFO  - Already have ACK (at simulation time 398.000,000,000 s)
2025-06-06 17:30:50,873 INFO  - Already have ACK (at simulation time 398.000,000,000 s)
2025-06-06 17:30:50,873 INFO  - Already have ACK (at simulation time 398.000,000,000 s)
2025-06-06 17:30:50,873 INFO  - Already have ACK (at simulation time 398.000,000,000 s)
2025-06-06 17:30:50,873 INFO  - Already have ACK (at simulation time 398.000,000,000 s)
2025-06-06 17:30:50,873 INFO  - Already have ACK (at simulation time 398.000,000,000 s)
2025-06-06 17:30:50,873 INFO  - Already have ACK (at simulation time 398.000,000,000 s)
2025-06-06 17:30:50,874 INFO  - Already have ACK (at simulation time 398.000,000,000 s)
2025-06-06 17:30:50,874 INFO  - Already have ACK (at simulation time 398.000,000,000 s)
2025-06-06 17:30:50,874 INFO  - Already have ACK (at simulation time 398.000,000,000 s)
2025-06-06 17:30:50,874 INFO  - Already have ACK (at simulation time 398.000,000,000 s)
2025-06-06 17:30:50,874 INFO  - Already have ACK (at simulation time 398.000,000,000 s)
2025-06-06 17:30:50,874 INFO  - Already have ACK (at simulation time 398.000,000,000 s)
2025-06-06 17:30:50,874 INFO  - Already have ACK (at simulation time 398.000,000,000 s)
2025-06-06 17:30:50,874 INFO  - Already have ACK (at simulation time 398.000,000,000 s)
2025-06-06 17:30:50,874 INFO  - Already have ACK (at simulation time 398.000,000,000 s)
2025-06-06 17:30:50,876 INFO  - Already have ACK (at simulation time 399.000,000,000 s)
2025-06-06 17:30:50,877 INFO  - Already have ACK (at simulation time 399.000,000,000 s)
2025-06-06 17:30:50,877 INFO  - Already have ACK (at simulation time 399.000,000,000 s)
2025-06-06 17:30:50,877 INFO  - Already have ACK (at simulation time 399.000,000,000 s)
2025-06-06 17:30:50,877 INFO  - Already have ACK (at simulation time 399.000,000,000 s)
2025-06-06 17:30:50,877 INFO  - Already have ACK (at simulation time 399.000,000,000 s)
2025-06-06 17:30:50,877 INFO  - Already have ACK (at simulation time 399.000,000,000 s)
2025-06-06 17:30:50,877 INFO  - Already have ACK (at simulation time 399.000,000,000 s)
2025-06-06 17:30:50,877 INFO  - Already have ACK (at simulation time 399.000,000,000 s)
2025-06-06 17:30:50,877 INFO  - Already have ACK (at simulation time 399.000,000,000 s)
2025-06-06 17:30:50,877 INFO  - Already have ACK (at simulation time 399.000,000,000 s)
2025-06-06 17:30:50,878 INFO  - Already have ACK (at simulation time 399.000,000,000 s)
2025-06-06 17:30:50,878 INFO  - Already have ACK (at simulation time 399.000,000,000 s)
2025-06-06 17:30:50,878 INFO  - Already have ACK (at simulation time 399.000,000,000 s)
2025-06-06 17:30:50,878 INFO  - Already have ACK (at simulation time 399.000,000,000 s)
2025-06-06 17:30:50,878 INFO  - Already have ACK (at simulation time 399.000,000,000 s)
2025-06-06 17:30:50,878 INFO  - Already have ACK (at simulation time 399.000,000,000 s)
2025-06-06 17:30:50,878 INFO  - Already have ACK (at simulation time 399.000,000,000 s)
2025-06-06 17:30:50,878 INFO  - Already have ACK (at simulation time 399.000,000,000 s)
2025-06-06 17:30:50,878 INFO  - Already have ACK (at simulation time 399.000,000,000 s)
2025-06-06 17:30:50,878 INFO  - Already have ACK (at simulation time 399.000,000,000 s)
2025-06-06 17:30:50,878 INFO  - Already have ACK (at simulation time 399.000,000,000 s)
2025-06-06 17:30:50,878 INFO  - Already have ACK (at simulation time 399.000,000,000 s)
2025-06-06 17:30:50,878 INFO  - Already have ACK (at simulation time 399.000,000,000 s)
2025-06-06 17:30:50,879 INFO  - Already have ACK (at simulation time 399.000,000,000 s)
2025-06-06 17:30:50,879 INFO  - Already have ACK (at simulation time 399.000,000,000 s)
2025-06-06 17:30:50,879 INFO  - Already have ACK (at simulation time 399.000,000,000 s)
2025-06-06 17:30:50,879 INFO  - Already have ACK (at simulation time 399.000,000,000 s)
2025-06-06 17:30:50,879 INFO  - Already have ACK (at simulation time 399.000,000,000 s)
2025-06-06 17:30:50,879 INFO  - Already have ACK (at simulation time 399.000,000,000 s)
2025-06-06 17:30:50,879 INFO  - Already have ACK (at simulation time 399.000,000,000 s)
2025-06-06 17:30:50,879 INFO  - Already have ACK (at simulation time 399.000,000,000 s)
2025-06-06 17:30:50,879 INFO  - Already have ACK (at simulation time 399.000,000,000 s)
2025-06-06 17:30:50,879 INFO  - Already have ACK (at simulation time 399.000,000,000 s)
2025-06-06 17:30:50,879 INFO  - Already have ACK (at simulation time 399.000,000,000 s)
2025-06-06 17:30:50,879 INFO  - Already have ACK (at simulation time 399.000,000,000 s)
2025-06-06 17:30:50,879 INFO  - Already have ACK (at simulation time 399.000,000,000 s)
2025-06-06 17:30:50,879 INFO  - Already have ACK (at simulation time 399.000,000,000 s)
2025-06-06 17:30:50,879 INFO  - Already have ACK (at simulation time 399.000,000,000 s)
2025-06-06 17:30:50,879 INFO  - Already have ACK (at simulation time 399.000,000,000 s)
2025-06-06 17:30:50,880 INFO  - Already have ACK (at simulation time 399.000,000,000 s)
2025-06-06 17:30:50,880 INFO  - Already have ACK (at simulation time 399.000,000,000 s)
2025-06-06 17:30:50,880 INFO  - Already have ACK (at simulation time 399.000,000,000 s)
2025-06-06 17:30:50,880 INFO  - Already have ACK (at simulation time 399.000,000,000 s)
2025-06-06 17:30:50,880 INFO  - Already have ACK (at simulation time 399.000,000,000 s)
2025-06-06 17:30:50,880 INFO  - Already have ACK (at simulation time 399.000,000,000 s)
2025-06-06 17:30:50,880 INFO  - Already have ACK (at simulation time 399.000,000,000 s)
2025-06-06 17:30:50,880 INFO  - Already have ACK (at simulation time 399.000,000,000 s)
2025-06-06 17:30:50,880 INFO  - Already have ACK (at simulation time 399.000,000,000 s)
2025-06-06 17:30:50,880 INFO  - Already have ACK (at simulation time 399.000,000,000 s)
2025-06-06 17:30:50,880 INFO  - Already have ACK (at simulation time 399.000,000,000 s)
2025-06-06 17:30:50,880 INFO  - Already have ACK (at simulation time 399.000,000,000 s)
2025-06-06 17:30:50,880 INFO  - Already have ACK (at simulation time 399.000,000,000 s)
2025-06-06 17:30:50,880 INFO  - Already have ACK (at simulation time 399.000,000,000 s)
2025-06-06 17:30:50,883 INFO  - Already have ACK (at simulation time 400.000,000,000 s)
2025-06-06 17:30:50,883 INFO  - Already have ACK (at simulation time 400.000,000,000 s)
2025-06-06 17:30:50,884 INFO  - Already have ACK (at simulation time 400.000,000,000 s)
2025-06-06 17:30:50,884 INFO  - Already have ACK (at simulation time 400.000,000,000 s)
2025-06-06 17:30:50,884 INFO  - Already have ACK (at simulation time 400.000,000,000 s)
2025-06-06 17:30:50,884 INFO  - Already have ACK (at simulation time 400.000,000,000 s)
2025-06-06 17:30:50,884 INFO  - Already have ACK (at simulation time 400.000,000,000 s)
2025-06-06 17:30:50,884 INFO  - Already have ACK (at simulation time 400.000,000,000 s)
2025-06-06 17:30:50,884 INFO  - Already have ACK (at simulation time 400.000,000,000 s)
2025-06-06 17:30:50,884 INFO  - Already have ACK (at simulation time 400.000,000,000 s)
2025-06-06 17:30:50,884 INFO  - Already have ACK (at simulation time 400.000,000,000 s)
2025-06-06 17:30:50,884 INFO  - Already have ACK (at simulation time 400.000,000,000 s)
2025-06-06 17:30:50,884 INFO  - Already have ACK (at simulation time 400.000,000,000 s)
2025-06-06 17:30:50,884 INFO  - Already have ACK (at simulation time 400.000,000,000 s)
2025-06-06 17:30:50,885 INFO  - Already have ACK (at simulation time 400.000,000,000 s)
2025-06-06 17:30:50,885 INFO  - Already have ACK (at simulation time 400.000,000,000 s)
2025-06-06 17:30:50,885 INFO  - Already have ACK (at simulation time 400.000,000,000 s)
2025-06-06 17:30:50,885 INFO  - Already have ACK (at simulation time 400.000,000,000 s)
2025-06-06 17:30:50,885 INFO  - Already have ACK (at simulation time 400.000,000,000 s)
2025-06-06 17:30:50,885 INFO  - Already have ACK (at simulation time 400.000,000,000 s)
2025-06-06 17:30:50,885 INFO  - Already have ACK (at simulation time 400.000,000,000 s)
2025-06-06 17:30:50,885 INFO  - Already have ACK (at simulation time 400.000,000,000 s)
2025-06-06 17:30:50,885 INFO  - Already have ACK (at simulation time 400.000,000,000 s)
2025-06-06 17:30:50,885 INFO  - Already have ACK (at simulation time 400.000,000,000 s)
2025-06-06 17:30:50,885 INFO  - Already have ACK (at simulation time 400.000,000,000 s)
2025-06-06 17:30:50,885 INFO  - Already have ACK (at simulation time 400.000,000,000 s)
2025-06-06 17:30:50,885 INFO  - Already have ACK (at simulation time 400.000,000,000 s)
2025-06-06 17:30:50,886 INFO  - Already have ACK (at simulation time 400.000,000,000 s)
2025-06-06 17:30:50,886 INFO  - Already have ACK (at simulation time 400.000,000,000 s)
2025-06-06 17:30:50,886 INFO  - Already have ACK (at simulation time 400.000,000,000 s)
2025-06-06 17:30:50,886 INFO  - Already have ACK (at simulation time 400.000,000,000 s)
2025-06-06 17:30:50,886 INFO  - Already have ACK (at simulation time 400.000,000,000 s)
2025-06-06 17:30:50,886 INFO  - Already have ACK (at simulation time 400.000,000,000 s)
2025-06-06 17:30:50,886 INFO  - Already have ACK (at simulation time 400.000,000,000 s)
2025-06-06 17:30:50,886 INFO  - Already have ACK (at simulation time 400.000,000,000 s)
2025-06-06 17:30:50,886 INFO  - Already have ACK (at simulation time 400.000,000,000 s)
2025-06-06 17:30:50,886 INFO  - Already have ACK (at simulation time 400.000,000,000 s)
2025-06-06 17:30:50,886 INFO  - Already have ACK (at simulation time 400.000,000,000 s)
2025-06-06 17:30:50,886 INFO  - Already have ACK (at simulation time 400.000,000,000 s)
2025-06-06 17:30:50,886 INFO  - Already have ACK (at simulation time 400.000,000,000 s)
2025-06-06 17:30:50,886 INFO  - Already have ACK (at simulation time 400.000,000,000 s)
2025-06-06 17:30:50,886 INFO  - Already have ACK (at simulation time 400.000,000,000 s)
2025-06-06 17:30:50,886 INFO  - Already have ACK (at simulation time 400.000,000,000 s)
2025-06-06 17:30:50,887 INFO  - Already have ACK (at simulation time 400.000,000,000 s)
2025-06-06 17:30:50,887 INFO  - Already have ACK (at simulation time 400.000,000,000 s)
2025-06-06 17:30:50,887 INFO  - Already have ACK (at simulation time 400.000,000,000 s)
2025-06-06 17:30:50,887 INFO  - Already have ACK (at simulation time 400.000,000,000 s)
2025-06-06 17:30:50,887 INFO  - Already have ACK (at simulation time 400.000,000,000 s)
2025-06-06 17:30:50,887 INFO  - Already have ACK (at simulation time 400.000,000,000 s)
2025-06-06 17:30:50,887 INFO  - Already have ACK (at simulation time 400.000,000,000 s)
2025-06-06 17:30:50,887 INFO  - Already have ACK (at simulation time 400.000,000,000 s)
2025-06-06 17:30:50,887 INFO  - Already have ACK (at simulation time 400.000,000,000 s)
2025-06-06 17:30:50,887 INFO  - Already have ACK (at simulation time 400.000,000,000 s)
2025-06-06 17:30:50,887 INFO  - Already have ACK (at simulation time 400.000,000,000 s)
2025-06-06 17:30:50,887 INFO  - Already have ACK (at simulation time 400.000,000,000 s)
2025-06-06 17:30:50,889 INFO  - Received metrics from FogNode: avgR0=1.375, avgR1=2.15 (at simulation time 400.002,800,000 s)
2025-06-06 17:30:50,890 INFO  - Sent periodic GreenWaveMsg: veh_67 on route r_1 (at simulation time 401.000,000,000 s)
2025-06-06 17:30:50,890 INFO  - Already have ACK (at simulation time 401.000,000,000 s)
2025-06-06 17:30:50,891 INFO  - Already have ACK (at simulation time 401.000,000,000 s)
2025-06-06 17:30:50,891 INFO  - Already have ACK (at simulation time 401.000,000,000 s)
2025-06-06 17:30:50,891 INFO  - Already have ACK (at simulation time 401.000,000,000 s)
2025-06-06 17:30:50,891 INFO  - Already have ACK (at simulation time 401.000,000,000 s)
2025-06-06 17:30:50,891 INFO  - Already have ACK (at simulation time 401.000,000,000 s)
2025-06-06 17:30:50,891 INFO  - Already have ACK (at simulation time 401.000,000,000 s)
2025-06-06 17:30:50,891 INFO  - Already have ACK (at simulation time 401.000,000,000 s)
2025-06-06 17:30:50,891 INFO  - Already have ACK (at simulation time 401.000,000,000 s)
2025-06-06 17:30:50,891 INFO  - Already have ACK (at simulation time 401.000,000,000 s)
2025-06-06 17:30:50,891 INFO  - Already have ACK (at simulation time 401.000,000,000 s)
2025-06-06 17:30:50,891 INFO  - Already have ACK (at simulation time 401.000,000,000 s)
2025-06-06 17:30:50,891 INFO  - Already have ACK (at simulation time 401.000,000,000 s)
2025-06-06 17:30:50,892 INFO  - Already have ACK (at simulation time 401.000,000,000 s)
2025-06-06 17:30:50,892 INFO  - Already have ACK (at simulation time 401.000,000,000 s)
2025-06-06 17:30:50,892 INFO  - Already have ACK (at simulation time 401.000,000,000 s)
2025-06-06 17:30:50,892 INFO  - Already have ACK (at simulation time 401.000,000,000 s)
2025-06-06 17:30:50,892 INFO  - Already have ACK (at simulation time 401.000,000,000 s)
2025-06-06 17:30:50,892 INFO  - Already have ACK (at simulation time 401.000,000,000 s)
2025-06-06 17:30:50,892 INFO  - Already have ACK (at simulation time 401.000,000,000 s)
2025-06-06 17:30:50,892 INFO  - Already have ACK (at simulation time 401.000,000,000 s)
2025-06-06 17:30:50,892 INFO  - Already have ACK (at simulation time 401.000,000,000 s)
2025-06-06 17:30:50,892 INFO  - Already have ACK (at simulation time 401.000,000,000 s)
2025-06-06 17:30:50,892 INFO  - Already have ACK (at simulation time 401.000,000,000 s)
2025-06-06 17:30:50,892 INFO  - Already have ACK (at simulation time 401.000,000,000 s)
2025-06-06 17:30:50,892 INFO  - Already have ACK (at simulation time 401.000,000,000 s)
2025-06-06 17:30:50,893 INFO  - Already have ACK (at simulation time 401.000,000,000 s)
2025-06-06 17:30:50,893 INFO  - Already have ACK (at simulation time 401.000,000,000 s)
2025-06-06 17:30:50,893 INFO  - Already have ACK (at simulation time 401.000,000,000 s)
2025-06-06 17:30:50,893 INFO  - Already have ACK (at simulation time 401.000,000,000 s)
2025-06-06 17:30:50,893 INFO  - Already have ACK (at simulation time 401.000,000,000 s)
2025-06-06 17:30:50,893 INFO  - Already have ACK (at simulation time 401.000,000,000 s)
2025-06-06 17:30:50,893 INFO  - Already have ACK (at simulation time 401.000,000,000 s)
2025-06-06 17:30:50,893 INFO  - Already have ACK (at simulation time 401.000,000,000 s)
2025-06-06 17:30:50,893 INFO  - Already have ACK (at simulation time 401.000,000,000 s)
2025-06-06 17:30:50,893 INFO  - Already have ACK (at simulation time 401.000,000,000 s)
2025-06-06 17:30:50,893 INFO  - Already have ACK (at simulation time 401.000,000,000 s)
2025-06-06 17:30:50,893 INFO  - Already have ACK (at simulation time 401.000,000,000 s)
2025-06-06 17:30:50,893 INFO  - Already have ACK (at simulation time 401.000,000,000 s)
2025-06-06 17:30:50,893 INFO  - Already have ACK (at simulation time 401.000,000,000 s)
2025-06-06 17:30:50,893 INFO  - Already have ACK (at simulation time 401.000,000,000 s)
2025-06-06 17:30:50,893 INFO  - Already have ACK (at simulation time 401.000,000,000 s)
2025-06-06 17:30:50,894 INFO  - Already have ACK (at simulation time 401.000,000,000 s)
2025-06-06 17:30:50,894 INFO  - Already have ACK (at simulation time 401.000,000,000 s)
2025-06-06 17:30:50,894 INFO  - Already have ACK (at simulation time 401.000,000,000 s)
2025-06-06 17:30:50,894 INFO  - Already have ACK (at simulation time 401.000,000,000 s)
2025-06-06 17:30:50,894 INFO  - Already have ACK (at simulation time 401.000,000,000 s)
2025-06-06 17:30:50,894 INFO  - Already have ACK (at simulation time 401.000,000,000 s)
2025-06-06 17:30:50,894 INFO  - Already have ACK (at simulation time 401.000,000,000 s)
2025-06-06 17:30:50,894 INFO  - Already have ACK (at simulation time 401.000,000,000 s)
2025-06-06 17:30:50,894 INFO  - Already have ACK (at simulation time 401.000,000,000 s)
2025-06-06 17:30:50,894 INFO  - Already have ACK (at simulation time 401.000,000,000 s)
2025-06-06 17:30:50,894 INFO  - Already have ACK (at simulation time 401.000,000,000 s)
2025-06-06 17:30:50,894 INFO  - Already have ACK (at simulation time 401.000,000,000 s)
2025-06-06 17:30:50,894 INFO  - Already have ACK (at simulation time 401.000,000,000 s)
2025-06-06 17:30:50,894 INFO  - Already have ACK (at simulation time 401.000,000,000 s)
2025-06-06 17:30:50,898 INFO  - Already have ACK (at simulation time 402.000,000,000 s)
2025-06-06 17:30:50,898 INFO  - Already have ACK (at simulation time 402.000,000,000 s)
2025-06-06 17:30:50,898 INFO  - Already have ACK (at simulation time 402.000,000,000 s)
2025-06-06 17:30:50,898 INFO  - Already have ACK (at simulation time 402.000,000,000 s)
2025-06-06 17:30:50,898 INFO  - Already have ACK (at simulation time 402.000,000,000 s)
2025-06-06 17:30:50,898 INFO  - Already have ACK (at simulation time 402.000,000,000 s)
2025-06-06 17:30:50,899 INFO  - Already have ACK (at simulation time 402.000,000,000 s)
2025-06-06 17:30:50,899 INFO  - Already have ACK (at simulation time 402.000,000,000 s)
2025-06-06 17:30:50,899 INFO  - Already have ACK (at simulation time 402.000,000,000 s)
2025-06-06 17:30:50,899 INFO  - Already have ACK (at simulation time 402.000,000,000 s)
2025-06-06 17:30:50,899 INFO  - Already have ACK (at simulation time 402.000,000,000 s)
2025-06-06 17:30:50,899 INFO  - Already have ACK (at simulation time 402.000,000,000 s)
2025-06-06 17:30:50,899 INFO  - Already have ACK (at simulation time 402.000,000,000 s)
2025-06-06 17:30:50,899 INFO  - Already have ACK (at simulation time 402.000,000,000 s)
2025-06-06 17:30:50,899 INFO  - Already have ACK (at simulation time 402.000,000,000 s)
2025-06-06 17:30:50,899 INFO  - Already have ACK (at simulation time 402.000,000,000 s)
2025-06-06 17:30:50,899 INFO  - Already have ACK (at simulation time 402.000,000,000 s)
2025-06-06 17:30:50,899 INFO  - Already have ACK (at simulation time 402.000,000,000 s)
2025-06-06 17:30:50,900 INFO  - Already have ACK (at simulation time 402.000,000,000 s)
2025-06-06 17:30:50,900 INFO  - Already have ACK (at simulation time 402.000,000,000 s)
2025-06-06 17:30:50,900 INFO  - Already have ACK (at simulation time 402.000,000,000 s)
2025-06-06 17:30:50,900 INFO  - Already have ACK (at simulation time 402.000,000,000 s)
2025-06-06 17:30:50,900 INFO  - Already have ACK (at simulation time 402.000,000,000 s)
2025-06-06 17:30:50,900 INFO  - Already have ACK (at simulation time 402.000,000,000 s)
2025-06-06 17:30:50,900 INFO  - Already have ACK (at simulation time 402.000,000,000 s)
2025-06-06 17:30:50,900 INFO  - Already have ACK (at simulation time 402.000,000,000 s)
2025-06-06 17:30:50,900 INFO  - Already have ACK (at simulation time 402.000,000,000 s)
2025-06-06 17:30:50,900 INFO  - Already have ACK (at simulation time 402.000,000,000 s)
2025-06-06 17:30:50,900 INFO  - Already have ACK (at simulation time 402.000,000,000 s)
2025-06-06 17:30:50,900 INFO  - Already have ACK (at simulation time 402.000,000,000 s)
2025-06-06 17:30:50,900 INFO  - Already have ACK (at simulation time 402.000,000,000 s)
2025-06-06 17:30:50,900 INFO  - Already have ACK (at simulation time 402.000,000,000 s)
2025-06-06 17:30:50,901 INFO  - Already have ACK (at simulation time 402.000,000,000 s)
2025-06-06 17:30:50,901 INFO  - Already have ACK (at simulation time 402.000,000,000 s)
2025-06-06 17:30:50,901 INFO  - Already have ACK (at simulation time 402.000,000,000 s)
2025-06-06 17:30:50,901 INFO  - Already have ACK (at simulation time 402.000,000,000 s)
2025-06-06 17:30:50,901 INFO  - Already have ACK (at simulation time 402.000,000,000 s)
2025-06-06 17:30:50,901 INFO  - Already have ACK (at simulation time 402.000,000,000 s)
2025-06-06 17:30:50,901 INFO  - Already have ACK (at simulation time 402.000,000,000 s)
2025-06-06 17:30:50,901 INFO  - Already have ACK (at simulation time 402.000,000,000 s)
2025-06-06 17:30:50,901 INFO  - Already have ACK (at simulation time 402.000,000,000 s)
2025-06-06 17:30:50,901 INFO  - Already have ACK (at simulation time 402.000,000,000 s)
2025-06-06 17:30:50,901 INFO  - Already have ACK (at simulation time 402.000,000,000 s)
2025-06-06 17:30:50,901 INFO  - Already have ACK (at simulation time 402.000,000,000 s)
2025-06-06 17:30:50,901 INFO  - Already have ACK (at simulation time 402.000,000,000 s)
2025-06-06 17:30:50,901 INFO  - Already have ACK (at simulation time 402.000,000,000 s)
2025-06-06 17:30:50,901 INFO  - Already have ACK (at simulation time 402.000,000,000 s)
2025-06-06 17:30:50,901 INFO  - Already have ACK (at simulation time 402.000,000,000 s)
2025-06-06 17:30:50,902 INFO  - Already have ACK (at simulation time 402.000,000,000 s)
2025-06-06 17:30:50,902 INFO  - Already have ACK (at simulation time 402.000,000,000 s)
2025-06-06 17:30:50,902 INFO  - Already have ACK (at simulation time 402.000,000,000 s)
2025-06-06 17:30:50,902 INFO  - Already have ACK (at simulation time 402.000,000,000 s)
2025-06-06 17:30:50,902 INFO  - Already have ACK (at simulation time 402.000,000,000 s)
2025-06-06 17:30:50,902 INFO  - Already have ACK (at simulation time 402.000,000,000 s)
2025-06-06 17:30:50,902 INFO  - Already have ACK (at simulation time 402.000,000,000 s)
2025-06-06 17:30:50,902 INFO  - Already have ACK (at simulation time 402.000,000,000 s)
2025-06-06 17:30:50,902 INFO  - Already have ACK (at simulation time 402.000,000,000 s)
2025-06-06 17:30:50,904 INFO  - Already have ACK (at simulation time 403.000,000,000 s)
2025-06-06 17:30:50,905 INFO  - Already have ACK (at simulation time 403.000,000,000 s)
2025-06-06 17:30:50,905 INFO  - Already have ACK (at simulation time 403.000,000,000 s)
2025-06-06 17:30:50,905 INFO  - Already have ACK (at simulation time 403.000,000,000 s)
2025-06-06 17:30:50,905 INFO  - Already have ACK (at simulation time 403.000,000,000 s)
2025-06-06 17:30:50,905 INFO  - Already have ACK (at simulation time 403.000,000,000 s)
2025-06-06 17:30:50,905 INFO  - Already have ACK (at simulation time 403.000,000,000 s)
2025-06-06 17:30:50,905 INFO  - Already have ACK (at simulation time 403.000,000,000 s)
2025-06-06 17:30:50,905 INFO  - Already have ACK (at simulation time 403.000,000,000 s)
2025-06-06 17:30:50,905 INFO  - Already have ACK (at simulation time 403.000,000,000 s)
2025-06-06 17:30:50,905 INFO  - Already have ACK (at simulation time 403.000,000,000 s)
2025-06-06 17:30:50,906 INFO  - Already have ACK (at simulation time 403.000,000,000 s)
2025-06-06 17:30:50,906 INFO  - Already have ACK (at simulation time 403.000,000,000 s)
2025-06-06 17:30:50,906 INFO  - Already have ACK (at simulation time 403.000,000,000 s)
2025-06-06 17:30:50,906 INFO  - Already have ACK (at simulation time 403.000,000,000 s)
2025-06-06 17:30:50,906 INFO  - Already have ACK (at simulation time 403.000,000,000 s)
2025-06-06 17:30:50,906 INFO  - Already have ACK (at simulation time 403.000,000,000 s)
2025-06-06 17:30:50,906 INFO  - Already have ACK (at simulation time 403.000,000,000 s)
2025-06-06 17:30:50,906 INFO  - Already have ACK (at simulation time 403.000,000,000 s)
2025-06-06 17:30:50,906 INFO  - Already have ACK (at simulation time 403.000,000,000 s)
2025-06-06 17:30:50,906 INFO  - Already have ACK (at simulation time 403.000,000,000 s)
2025-06-06 17:30:50,906 INFO  - Already have ACK (at simulation time 403.000,000,000 s)
2025-06-06 17:30:50,906 INFO  - Already have ACK (at simulation time 403.000,000,000 s)
2025-06-06 17:30:50,906 INFO  - Already have ACK (at simulation time 403.000,000,000 s)
2025-06-06 17:30:50,907 INFO  - Already have ACK (at simulation time 403.000,000,000 s)
2025-06-06 17:30:50,907 INFO  - Already have ACK (at simulation time 403.000,000,000 s)
2025-06-06 17:30:50,907 INFO  - Already have ACK (at simulation time 403.000,000,000 s)
2025-06-06 17:30:50,907 INFO  - Already have ACK (at simulation time 403.000,000,000 s)
2025-06-06 17:30:50,907 INFO  - Already have ACK (at simulation time 403.000,000,000 s)
2025-06-06 17:30:50,907 INFO  - Already have ACK (at simulation time 403.000,000,000 s)
2025-06-06 17:30:50,907 INFO  - Already have ACK (at simulation time 403.000,000,000 s)
2025-06-06 17:30:50,907 INFO  - Already have ACK (at simulation time 403.000,000,000 s)
2025-06-06 17:30:50,907 INFO  - Already have ACK (at simulation time 403.000,000,000 s)
2025-06-06 17:30:50,907 INFO  - Already have ACK (at simulation time 403.000,000,000 s)
2025-06-06 17:30:50,907 INFO  - Already have ACK (at simulation time 403.000,000,000 s)
2025-06-06 17:30:50,907 INFO  - Already have ACK (at simulation time 403.000,000,000 s)
2025-06-06 17:30:50,907 INFO  - Already have ACK (at simulation time 403.000,000,000 s)
2025-06-06 17:30:50,907 INFO  - Already have ACK (at simulation time 403.000,000,000 s)
2025-06-06 17:30:50,907 INFO  - Already have ACK (at simulation time 403.000,000,000 s)
2025-06-06 17:30:50,908 INFO  - Already have ACK (at simulation time 403.000,000,000 s)
2025-06-06 17:30:50,908 INFO  - Already have ACK (at simulation time 403.000,000,000 s)
2025-06-06 17:30:50,908 INFO  - Already have ACK (at simulation time 403.000,000,000 s)
2025-06-06 17:30:50,908 INFO  - Already have ACK (at simulation time 403.000,000,000 s)
2025-06-06 17:30:50,908 INFO  - Already have ACK (at simulation time 403.000,000,000 s)
2025-06-06 17:30:50,908 INFO  - Already have ACK (at simulation time 403.000,000,000 s)
2025-06-06 17:30:50,908 INFO  - Already have ACK (at simulation time 403.000,000,000 s)
2025-06-06 17:30:50,908 INFO  - Already have ACK (at simulation time 403.000,000,000 s)
2025-06-06 17:30:50,908 INFO  - Already have ACK (at simulation time 403.000,000,000 s)
2025-06-06 17:30:50,908 INFO  - Already have ACK (at simulation time 403.000,000,000 s)
2025-06-06 17:30:50,908 INFO  - Already have ACK (at simulation time 403.000,000,000 s)
2025-06-06 17:30:50,908 INFO  - Already have ACK (at simulation time 403.000,000,000 s)
2025-06-06 17:30:50,908 INFO  - Already have ACK (at simulation time 403.000,000,000 s)
2025-06-06 17:30:50,908 INFO  - Already have ACK (at simulation time 403.000,000,000 s)
2025-06-06 17:30:50,908 INFO  - Already have ACK (at simulation time 403.000,000,000 s)
2025-06-06 17:30:50,908 INFO  - Already have ACK (at simulation time 403.000,000,000 s)
2025-06-06 17:30:50,908 INFO  - Already have ACK (at simulation time 403.000,000,000 s)
2025-06-06 17:30:50,909 INFO  - Already have ACK (at simulation time 403.000,000,000 s)
2025-06-06 17:30:50,909 INFO  - Already have ACK (at simulation time 403.000,000,000 s)
2025-06-06 17:30:50,911 INFO  - Already have ACK (at simulation time 404.000,000,000 s)
2025-06-06 17:30:50,911 INFO  - Already have ACK (at simulation time 404.000,000,000 s)
2025-06-06 17:30:50,911 INFO  - Already have ACK (at simulation time 404.000,000,000 s)
2025-06-06 17:30:50,911 INFO  - Already have ACK (at simulation time 404.000,000,000 s)
2025-06-06 17:30:50,912 INFO  - Already have ACK (at simulation time 404.000,000,000 s)
2025-06-06 17:30:50,912 INFO  - Already have ACK (at simulation time 404.000,000,000 s)
2025-06-06 17:30:50,912 INFO  - Already have ACK (at simulation time 404.000,000,000 s)
2025-06-06 17:30:50,912 INFO  - Already have ACK (at simulation time 404.000,000,000 s)
2025-06-06 17:30:50,912 INFO  - Already have ACK (at simulation time 404.000,000,000 s)
2025-06-06 17:30:50,912 INFO  - Already have ACK (at simulation time 404.000,000,000 s)
2025-06-06 17:30:50,912 INFO  - Already have ACK (at simulation time 404.000,000,000 s)
2025-06-06 17:30:50,912 INFO  - Already have ACK (at simulation time 404.000,000,000 s)
2025-06-06 17:30:50,912 INFO  - Already have ACK (at simulation time 404.000,000,000 s)
2025-06-06 17:30:50,912 INFO  - Already have ACK (at simulation time 404.000,000,000 s)
2025-06-06 17:30:50,912 INFO  - Already have ACK (at simulation time 404.000,000,000 s)
2025-06-06 17:30:50,912 INFO  - Already have ACK (at simulation time 404.000,000,000 s)
2025-06-06 17:30:50,913 INFO  - Already have ACK (at simulation time 404.000,000,000 s)
2025-06-06 17:30:50,913 INFO  - Already have ACK (at simulation time 404.000,000,000 s)
2025-06-06 17:30:50,913 INFO  - Already have ACK (at simulation time 404.000,000,000 s)
2025-06-06 17:30:50,913 INFO  - Already have ACK (at simulation time 404.000,000,000 s)
2025-06-06 17:30:50,913 INFO  - Already have ACK (at simulation time 404.000,000,000 s)
2025-06-06 17:30:50,913 INFO  - Already have ACK (at simulation time 404.000,000,000 s)
2025-06-06 17:30:50,913 INFO  - Already have ACK (at simulation time 404.000,000,000 s)
2025-06-06 17:30:50,913 INFO  - Already have ACK (at simulation time 404.000,000,000 s)
2025-06-06 17:30:50,913 INFO  - Already have ACK (at simulation time 404.000,000,000 s)
2025-06-06 17:30:50,913 INFO  - Already have ACK (at simulation time 404.000,000,000 s)
2025-06-06 17:30:50,913 INFO  - Already have ACK (at simulation time 404.000,000,000 s)
2025-06-06 17:30:50,913 INFO  - Already have ACK (at simulation time 404.000,000,000 s)
2025-06-06 17:30:50,913 INFO  - Already have ACK (at simulation time 404.000,000,000 s)
2025-06-06 17:30:50,913 INFO  - Already have ACK (at simulation time 404.000,000,000 s)
2025-06-06 17:30:50,914 INFO  - Already have ACK (at simulation time 404.000,000,000 s)
2025-06-06 17:30:50,914 INFO  - Already have ACK (at simulation time 404.000,000,000 s)
2025-06-06 17:30:50,914 INFO  - Already have ACK (at simulation time 404.000,000,000 s)
2025-06-06 17:30:50,914 INFO  - Already have ACK (at simulation time 404.000,000,000 s)
2025-06-06 17:30:50,914 INFO  - Already have ACK (at simulation time 404.000,000,000 s)
2025-06-06 17:30:50,914 INFO  - Already have ACK (at simulation time 404.000,000,000 s)
2025-06-06 17:30:50,914 INFO  - Already have ACK (at simulation time 404.000,000,000 s)
2025-06-06 17:30:50,914 INFO  - Already have ACK (at simulation time 404.000,000,000 s)
2025-06-06 17:30:50,914 INFO  - Already have ACK (at simulation time 404.000,000,000 s)
2025-06-06 17:30:50,914 INFO  - Already have ACK (at simulation time 404.000,000,000 s)
2025-06-06 17:30:50,914 INFO  - Already have ACK (at simulation time 404.000,000,000 s)
2025-06-06 17:30:50,914 INFO  - Already have ACK (at simulation time 404.000,000,000 s)
2025-06-06 17:30:50,914 INFO  - Already have ACK (at simulation time 404.000,000,000 s)
2025-06-06 17:30:50,914 INFO  - Already have ACK (at simulation time 404.000,000,000 s)
2025-06-06 17:30:50,914 INFO  - Already have ACK (at simulation time 404.000,000,000 s)
2025-06-06 17:30:50,914 INFO  - Already have ACK (at simulation time 404.000,000,000 s)
2025-06-06 17:30:50,915 INFO  - Already have ACK (at simulation time 404.000,000,000 s)
2025-06-06 17:30:50,915 INFO  - Already have ACK (at simulation time 404.000,000,000 s)
2025-06-06 17:30:50,915 INFO  - Already have ACK (at simulation time 404.000,000,000 s)
2025-06-06 17:30:50,915 INFO  - Already have ACK (at simulation time 404.000,000,000 s)
2025-06-06 17:30:50,915 INFO  - Already have ACK (at simulation time 404.000,000,000 s)
2025-06-06 17:30:50,915 INFO  - Already have ACK (at simulation time 404.000,000,000 s)
2025-06-06 17:30:50,915 INFO  - Already have ACK (at simulation time 404.000,000,000 s)
2025-06-06 17:30:50,915 INFO  - Already have ACK (at simulation time 404.000,000,000 s)
2025-06-06 17:30:50,915 INFO  - Already have ACK (at simulation time 404.000,000,000 s)
2025-06-06 17:30:50,915 INFO  - Already have ACK (at simulation time 404.000,000,000 s)
2025-06-06 17:30:50,915 INFO  - Already have ACK (at simulation time 404.000,000,000 s)
2025-06-06 17:30:50,915 INFO  - Already have ACK (at simulation time 404.000,000,000 s)
2025-06-06 17:30:50,915 INFO  - Already have ACK (at simulation time 404.000,000,000 s)
2025-06-06 17:30:50,918 INFO  - Already have ACK (at simulation time 405.000,000,000 s)
2025-06-06 17:30:50,918 INFO  - Already have ACK (at simulation time 405.000,000,000 s)
2025-06-06 17:30:50,918 INFO  - Already have ACK (at simulation time 405.000,000,000 s)
2025-06-06 17:30:50,918 INFO  - Already have ACK (at simulation time 405.000,000,000 s)
2025-06-06 17:30:50,919 INFO  - Already have ACK (at simulation time 405.000,000,000 s)
2025-06-06 17:30:50,919 INFO  - Already have ACK (at simulation time 405.000,000,000 s)
2025-06-06 17:30:50,919 INFO  - Already have ACK (at simulation time 405.000,000,000 s)
2025-06-06 17:30:50,919 INFO  - Already have ACK (at simulation time 405.000,000,000 s)
2025-06-06 17:30:50,919 INFO  - Already have ACK (at simulation time 405.000,000,000 s)
2025-06-06 17:30:50,919 INFO  - Already have ACK (at simulation time 405.000,000,000 s)
2025-06-06 17:30:50,919 INFO  - Already have ACK (at simulation time 405.000,000,000 s)
2025-06-06 17:30:50,919 INFO  - Already have ACK (at simulation time 405.000,000,000 s)
2025-06-06 17:30:50,919 INFO  - Already have ACK (at simulation time 405.000,000,000 s)
2025-06-06 17:30:50,919 INFO  - Already have ACK (at simulation time 405.000,000,000 s)
2025-06-06 17:30:50,919 INFO  - Already have ACK (at simulation time 405.000,000,000 s)
2025-06-06 17:30:50,919 INFO  - Already have ACK (at simulation time 405.000,000,000 s)
2025-06-06 17:30:50,919 INFO  - Already have ACK (at simulation time 405.000,000,000 s)
2025-06-06 17:30:50,920 INFO  - Already have ACK (at simulation time 405.000,000,000 s)
2025-06-06 17:30:50,920 INFO  - Already have ACK (at simulation time 405.000,000,000 s)
2025-06-06 17:30:50,920 INFO  - Already have ACK (at simulation time 405.000,000,000 s)
2025-06-06 17:30:50,920 INFO  - Already have ACK (at simulation time 405.000,000,000 s)
2025-06-06 17:30:50,920 INFO  - Already have ACK (at simulation time 405.000,000,000 s)
2025-06-06 17:30:50,920 INFO  - Already have ACK (at simulation time 405.000,000,000 s)
2025-06-06 17:30:50,920 INFO  - Already have ACK (at simulation time 405.000,000,000 s)
2025-06-06 17:30:50,920 INFO  - Already have ACK (at simulation time 405.000,000,000 s)
2025-06-06 17:30:50,920 INFO  - Already have ACK (at simulation time 405.000,000,000 s)
2025-06-06 17:30:50,920 INFO  - Already have ACK (at simulation time 405.000,000,000 s)
2025-06-06 17:30:50,920 INFO  - Already have ACK (at simulation time 405.000,000,000 s)
2025-06-06 17:30:50,920 INFO  - Already have ACK (at simulation time 405.000,000,000 s)
2025-06-06 17:30:50,920 INFO  - Already have ACK (at simulation time 405.000,000,000 s)
2025-06-06 17:30:50,920 INFO  - Already have ACK (at simulation time 405.000,000,000 s)
2025-06-06 17:30:50,921 INFO  - Already have ACK (at simulation time 405.000,000,000 s)
2025-06-06 17:30:50,921 INFO  - Already have ACK (at simulation time 405.000,000,000 s)
2025-06-06 17:30:50,921 INFO  - Already have ACK (at simulation time 405.000,000,000 s)
2025-06-06 17:30:50,921 INFO  - Already have ACK (at simulation time 405.000,000,000 s)
2025-06-06 17:30:50,921 INFO  - Already have ACK (at simulation time 405.000,000,000 s)
2025-06-06 17:30:50,921 INFO  - Already have ACK (at simulation time 405.000,000,000 s)
2025-06-06 17:30:50,921 INFO  - Already have ACK (at simulation time 405.000,000,000 s)
2025-06-06 17:30:50,921 INFO  - Already have ACK (at simulation time 405.000,000,000 s)
2025-06-06 17:30:50,921 INFO  - Already have ACK (at simulation time 405.000,000,000 s)
2025-06-06 17:30:50,921 INFO  - Already have ACK (at simulation time 405.000,000,000 s)
2025-06-06 17:30:50,921 INFO  - Already have ACK (at simulation time 405.000,000,000 s)
2025-06-06 17:30:50,921 INFO  - Already have ACK (at simulation time 405.000,000,000 s)
2025-06-06 17:30:50,921 INFO  - Already have ACK (at simulation time 405.000,000,000 s)
2025-06-06 17:30:50,921 INFO  - Already have ACK (at simulation time 405.000,000,000 s)
2025-06-06 17:30:50,921 INFO  - Already have ACK (at simulation time 405.000,000,000 s)
2025-06-06 17:30:50,922 INFO  - Already have ACK (at simulation time 405.000,000,000 s)
2025-06-06 17:30:50,922 INFO  - Already have ACK (at simulation time 405.000,000,000 s)
2025-06-06 17:30:50,922 INFO  - Already have ACK (at simulation time 405.000,000,000 s)
2025-06-06 17:30:50,922 INFO  - Already have ACK (at simulation time 405.000,000,000 s)
2025-06-06 17:30:50,922 INFO  - Already have ACK (at simulation time 405.000,000,000 s)
2025-06-06 17:30:50,922 INFO  - Already have ACK (at simulation time 405.000,000,000 s)
2025-06-06 17:30:50,922 INFO  - Already have ACK (at simulation time 405.000,000,000 s)
2025-06-06 17:30:50,922 INFO  - Already have ACK (at simulation time 405.000,000,000 s)
2025-06-06 17:30:50,922 INFO  - Already have ACK (at simulation time 405.000,000,000 s)
2025-06-06 17:30:50,922 INFO  - Already have ACK (at simulation time 405.000,000,000 s)
2025-06-06 17:30:50,922 INFO  - Already have ACK (at simulation time 405.000,000,000 s)
2025-06-06 17:30:50,922 INFO  - Already have ACK (at simulation time 405.000,000,000 s)
2025-06-06 17:30:50,922 INFO  - Already have ACK (at simulation time 405.000,000,000 s)
2025-06-06 17:30:50,922 INFO  - Already have ACK (at simulation time 405.000,000,000 s)
2025-06-06 17:30:50,925 INFO  - Sent periodic GreenWaveMsg: veh_67 on route r_1 (at simulation time 406.000,000,000 s)
2025-06-06 17:30:50,925 INFO  - Already have ACK (at simulation time 406.000,000,000 s)
2025-06-06 17:30:50,925 INFO  - Already have ACK (at simulation time 406.000,000,000 s)
2025-06-06 17:30:50,925 INFO  - Already have ACK (at simulation time 406.000,000,000 s)
2025-06-06 17:30:50,925 INFO  - Already have ACK (at simulation time 406.000,000,000 s)
2025-06-06 17:30:50,925 INFO  - Already have ACK (at simulation time 406.000,000,000 s)
2025-06-06 17:30:50,925 INFO  - Already have ACK (at simulation time 406.000,000,000 s)
2025-06-06 17:30:50,925 INFO  - Already have ACK (at simulation time 406.000,000,000 s)
2025-06-06 17:30:50,926 INFO  - Already have ACK (at simulation time 406.000,000,000 s)
2025-06-06 17:30:50,926 INFO  - Already have ACK (at simulation time 406.000,000,000 s)
2025-06-06 17:30:50,926 INFO  - Already have ACK (at simulation time 406.000,000,000 s)
2025-06-06 17:30:50,926 INFO  - Already have ACK (at simulation time 406.000,000,000 s)
2025-06-06 17:30:50,926 INFO  - Already have ACK (at simulation time 406.000,000,000 s)
2025-06-06 17:30:50,926 INFO  - Already have ACK (at simulation time 406.000,000,000 s)
2025-06-06 17:30:50,926 INFO  - Already have ACK (at simulation time 406.000,000,000 s)
2025-06-06 17:30:50,926 INFO  - Already have ACK (at simulation time 406.000,000,000 s)
2025-06-06 17:30:50,926 INFO  - Already have ACK (at simulation time 406.000,000,000 s)
2025-06-06 17:30:50,926 INFO  - Already have ACK (at simulation time 406.000,000,000 s)
2025-06-06 17:30:50,926 INFO  - Already have ACK (at simulation time 406.000,000,000 s)
2025-06-06 17:30:50,926 INFO  - Already have ACK (at simulation time 406.000,000,000 s)
2025-06-06 17:30:50,926 INFO  - Already have ACK (at simulation time 406.000,000,000 s)
2025-06-06 17:30:50,926 INFO  - Already have ACK (at simulation time 406.000,000,000 s)
2025-06-06 17:30:50,927 INFO  - Already have ACK (at simulation time 406.000,000,000 s)
2025-06-06 17:30:50,927 INFO  - Already have ACK (at simulation time 406.000,000,000 s)
2025-06-06 17:30:50,927 INFO  - Already have ACK (at simulation time 406.000,000,000 s)
2025-06-06 17:30:50,927 INFO  - Already have ACK (at simulation time 406.000,000,000 s)
2025-06-06 17:30:50,927 INFO  - Already have ACK (at simulation time 406.000,000,000 s)
2025-06-06 17:30:50,927 INFO  - Already have ACK (at simulation time 406.000,000,000 s)
2025-06-06 17:30:50,927 INFO  - Already have ACK (at simulation time 406.000,000,000 s)
2025-06-06 17:30:50,927 INFO  - Already have ACK (at simulation time 406.000,000,000 s)
2025-06-06 17:30:50,927 INFO  - Already have ACK (at simulation time 406.000,000,000 s)
2025-06-06 17:30:50,927 INFO  - Already have ACK (at simulation time 406.000,000,000 s)
2025-06-06 17:30:50,927 INFO  - Already have ACK (at simulation time 406.000,000,000 s)
2025-06-06 17:30:50,927 INFO  - Already have ACK (at simulation time 406.000,000,000 s)
2025-06-06 17:30:50,927 INFO  - Already have ACK (at simulation time 406.000,000,000 s)
2025-06-06 17:30:50,927 INFO  - Already have ACK (at simulation time 406.000,000,000 s)
2025-06-06 17:30:50,927 INFO  - Already have ACK (at simulation time 406.000,000,000 s)
2025-06-06 17:30:50,927 INFO  - Already have ACK (at simulation time 406.000,000,000 s)
2025-06-06 17:30:50,928 INFO  - Already have ACK (at simulation time 406.000,000,000 s)
2025-06-06 17:30:50,928 INFO  - Already have ACK (at simulation time 406.000,000,000 s)
2025-06-06 17:30:50,928 INFO  - Already have ACK (at simulation time 406.000,000,000 s)
2025-06-06 17:30:50,928 INFO  - Already have ACK (at simulation time 406.000,000,000 s)
2025-06-06 17:30:50,928 INFO  - Already have ACK (at simulation time 406.000,000,000 s)
2025-06-06 17:30:50,928 INFO  - Already have ACK (at simulation time 406.000,000,000 s)
2025-06-06 17:30:50,928 INFO  - Already have ACK (at simulation time 406.000,000,000 s)
2025-06-06 17:30:50,928 INFO  - Already have ACK (at simulation time 406.000,000,000 s)
2025-06-06 17:30:50,928 INFO  - Already have ACK (at simulation time 406.000,000,000 s)
2025-06-06 17:30:50,928 INFO  - Already have ACK (at simulation time 406.000,000,000 s)
2025-06-06 17:30:50,928 INFO  - Already have ACK (at simulation time 406.000,000,000 s)
2025-06-06 17:30:50,928 INFO  - Already have ACK (at simulation time 406.000,000,000 s)
2025-06-06 17:30:50,928 INFO  - Already have ACK (at simulation time 406.000,000,000 s)
2025-06-06 17:30:50,928 INFO  - Already have ACK (at simulation time 406.000,000,000 s)
2025-06-06 17:30:50,928 INFO  - Already have ACK (at simulation time 406.000,000,000 s)
2025-06-06 17:30:50,928 INFO  - Already have ACK (at simulation time 406.000,000,000 s)
2025-06-06 17:30:50,928 INFO  - Already have ACK (at simulation time 406.000,000,000 s)
2025-06-06 17:30:50,929 INFO  - Already have ACK (at simulation time 406.000,000,000 s)
2025-06-06 17:30:50,929 INFO  - Already have ACK (at simulation time 406.000,000,000 s)
2025-06-06 17:30:50,929 INFO  - Already have ACK (at simulation time 406.000,000,000 s)
2025-06-06 17:30:50,929 INFO  - Already have ACK (at simulation time 406.000,000,000 s)
2025-06-06 17:30:50,929 INFO  - Already have ACK (at simulation time 406.000,000,000 s)
2025-06-06 17:30:50,929 INFO  - Already have ACK (at simulation time 406.000,000,000 s)
2025-06-06 17:30:50,929 INFO  - Already have ACK (at simulation time 406.000,000,000 s)
2025-06-06 17:30:50,931 INFO  - Already have ACK (at simulation time 407.000,000,000 s)
2025-06-06 17:30:50,932 INFO  - Already have ACK (at simulation time 407.000,000,000 s)
2025-06-06 17:30:50,932 INFO  - Already have ACK (at simulation time 407.000,000,000 s)
2025-06-06 17:30:50,932 INFO  - Already have ACK (at simulation time 407.000,000,000 s)
2025-06-06 17:30:50,932 INFO  - Already have ACK (at simulation time 407.000,000,000 s)
2025-06-06 17:30:50,932 INFO  - Already have ACK (at simulation time 407.000,000,000 s)
2025-06-06 17:30:50,932 INFO  - Already have ACK (at simulation time 407.000,000,000 s)
2025-06-06 17:30:50,932 INFO  - Already have ACK (at simulation time 407.000,000,000 s)
2025-06-06 17:30:50,932 INFO  - Already have ACK (at simulation time 407.000,000,000 s)
2025-06-06 17:30:50,932 INFO  - Already have ACK (at simulation time 407.000,000,000 s)
2025-06-06 17:30:50,932 INFO  - Already have ACK (at simulation time 407.000,000,000 s)
2025-06-06 17:30:50,932 INFO  - Already have ACK (at simulation time 407.000,000,000 s)
2025-06-06 17:30:50,933 INFO  - Already have ACK (at simulation time 407.000,000,000 s)
2025-06-06 17:30:50,933 INFO  - Already have ACK (at simulation time 407.000,000,000 s)
2025-06-06 17:30:50,933 INFO  - Already have ACK (at simulation time 407.000,000,000 s)
2025-06-06 17:30:50,933 INFO  - Already have ACK (at simulation time 407.000,000,000 s)
2025-06-06 17:30:50,933 INFO  - Already have ACK (at simulation time 407.000,000,000 s)
2025-06-06 17:30:50,933 INFO  - Already have ACK (at simulation time 407.000,000,000 s)
2025-06-06 17:30:50,933 INFO  - Already have ACK (at simulation time 407.000,000,000 s)
2025-06-06 17:30:50,933 INFO  - Already have ACK (at simulation time 407.000,000,000 s)
2025-06-06 17:30:50,933 INFO  - Already have ACK (at simulation time 407.000,000,000 s)
2025-06-06 17:30:50,933 INFO  - Already have ACK (at simulation time 407.000,000,000 s)
2025-06-06 17:30:50,933 INFO  - Already have ACK (at simulation time 407.000,000,000 s)
2025-06-06 17:30:50,933 INFO  - Already have ACK (at simulation time 407.000,000,000 s)
2025-06-06 17:30:50,933 INFO  - Already have ACK (at simulation time 407.000,000,000 s)
2025-06-06 17:30:50,933 INFO  - Already have ACK (at simulation time 407.000,000,000 s)
2025-06-06 17:30:50,934 INFO  - Already have ACK (at simulation time 407.000,000,000 s)
2025-06-06 17:30:50,934 INFO  - Already have ACK (at simulation time 407.000,000,000 s)
2025-06-06 17:30:50,934 INFO  - Already have ACK (at simulation time 407.000,000,000 s)
2025-06-06 17:30:50,934 INFO  - Already have ACK (at simulation time 407.000,000,000 s)
2025-06-06 17:30:50,934 INFO  - Already have ACK (at simulation time 407.000,000,000 s)
2025-06-06 17:30:50,934 INFO  - Already have ACK (at simulation time 407.000,000,000 s)
2025-06-06 17:30:50,934 INFO  - Already have ACK (at simulation time 407.000,000,000 s)
2025-06-06 17:30:50,934 INFO  - Already have ACK (at simulation time 407.000,000,000 s)
2025-06-06 17:30:50,934 INFO  - Already have ACK (at simulation time 407.000,000,000 s)
2025-06-06 17:30:50,934 INFO  - Already have ACK (at simulation time 407.000,000,000 s)
2025-06-06 17:30:50,934 INFO  - Already have ACK (at simulation time 407.000,000,000 s)
2025-06-06 17:30:50,934 INFO  - Already have ACK (at simulation time 407.000,000,000 s)
2025-06-06 17:30:50,934 INFO  - Already have ACK (at simulation time 407.000,000,000 s)
2025-06-06 17:30:50,934 INFO  - Already have ACK (at simulation time 407.000,000,000 s)
2025-06-06 17:30:50,934 INFO  - Already have ACK (at simulation time 407.000,000,000 s)
2025-06-06 17:30:50,934 INFO  - Already have ACK (at simulation time 407.000,000,000 s)
2025-06-06 17:30:50,935 INFO  - Already have ACK (at simulation time 407.000,000,000 s)
2025-06-06 17:30:50,935 INFO  - Already have ACK (at simulation time 407.000,000,000 s)
2025-06-06 17:30:50,935 INFO  - Already have ACK (at simulation time 407.000,000,000 s)
2025-06-06 17:30:50,935 INFO  - Already have ACK (at simulation time 407.000,000,000 s)
2025-06-06 17:30:50,935 INFO  - Already have ACK (at simulation time 407.000,000,000 s)
2025-06-06 17:30:50,935 INFO  - Already have ACK (at simulation time 407.000,000,000 s)
2025-06-06 17:30:50,935 INFO  - Already have ACK (at simulation time 407.000,000,000 s)
2025-06-06 17:30:50,935 INFO  - Already have ACK (at simulation time 407.000,000,000 s)
2025-06-06 17:30:50,935 INFO  - Already have ACK (at simulation time 407.000,000,000 s)
2025-06-06 17:30:50,935 INFO  - Already have ACK (at simulation time 407.000,000,000 s)
2025-06-06 17:30:50,935 INFO  - Already have ACK (at simulation time 407.000,000,000 s)
2025-06-06 17:30:50,935 INFO  - Already have ACK (at simulation time 407.000,000,000 s)
2025-06-06 17:30:50,935 INFO  - Already have ACK (at simulation time 407.000,000,000 s)
2025-06-06 17:30:50,935 INFO  - Already have ACK (at simulation time 407.000,000,000 s)
2025-06-06 17:30:50,935 INFO  - Already have ACK (at simulation time 407.000,000,000 s)
2025-06-06 17:30:50,935 INFO  - Already have ACK (at simulation time 407.000,000,000 s)
2025-06-06 17:30:50,935 INFO  - Already have ACK (at simulation time 407.000,000,000 s)
2025-06-06 17:30:50,935 INFO  - Already have ACK (at simulation time 407.000,000,000 s)
2025-06-06 17:30:50,935 INFO  - Already have ACK (at simulation time 407.000,000,000 s)
2025-06-06 17:30:50,935 INFO  - Already have ACK (at simulation time 407.000,000,000 s)
2025-06-06 17:30:50,942 INFO  - Already have ACK (at simulation time 408.000,000,000 s)
2025-06-06 17:30:50,942 INFO  - Already have ACK (at simulation time 408.000,000,000 s)
2025-06-06 17:30:50,942 INFO  - Already have ACK (at simulation time 408.000,000,000 s)
2025-06-06 17:30:50,942 INFO  - Already have ACK (at simulation time 408.000,000,000 s)
2025-06-06 17:30:50,942 INFO  - Already have ACK (at simulation time 408.000,000,000 s)
2025-06-06 17:30:50,942 INFO  - Already have ACK (at simulation time 408.000,000,000 s)
2025-06-06 17:30:50,942 INFO  - Already have ACK (at simulation time 408.000,000,000 s)
2025-06-06 17:30:50,943 INFO  - Already have ACK (at simulation time 408.000,000,000 s)
2025-06-06 17:30:50,943 INFO  - Already have ACK (at simulation time 408.000,000,000 s)
2025-06-06 17:30:50,943 INFO  - Already have ACK (at simulation time 408.000,000,000 s)
2025-06-06 17:30:50,943 INFO  - Already have ACK (at simulation time 408.000,000,000 s)
2025-06-06 17:30:50,943 INFO  - Already have ACK (at simulation time 408.000,000,000 s)
2025-06-06 17:30:50,943 INFO  - Already have ACK (at simulation time 408.000,000,000 s)
2025-06-06 17:30:50,943 INFO  - Already have ACK (at simulation time 408.000,000,000 s)
2025-06-06 17:30:50,943 INFO  - Already have ACK (at simulation time 408.000,000,000 s)
2025-06-06 17:30:50,943 INFO  - Already have ACK (at simulation time 408.000,000,000 s)
2025-06-06 17:30:50,943 INFO  - Already have ACK (at simulation time 408.000,000,000 s)
2025-06-06 17:30:50,943 INFO  - Already have ACK (at simulation time 408.000,000,000 s)
2025-06-06 17:30:50,943 INFO  - Already have ACK (at simulation time 408.000,000,000 s)
2025-06-06 17:30:50,944 INFO  - Already have ACK (at simulation time 408.000,000,000 s)
2025-06-06 17:30:50,944 INFO  - Already have ACK (at simulation time 408.000,000,000 s)
2025-06-06 17:30:50,944 INFO  - Already have ACK (at simulation time 408.000,000,000 s)
2025-06-06 17:30:50,944 INFO  - Already have ACK (at simulation time 408.000,000,000 s)
2025-06-06 17:30:50,944 INFO  - Already have ACK (at simulation time 408.000,000,000 s)
2025-06-06 17:30:50,944 INFO  - Already have ACK (at simulation time 408.000,000,000 s)
2025-06-06 17:30:50,944 INFO  - Already have ACK (at simulation time 408.000,000,000 s)
2025-06-06 17:30:50,944 INFO  - Already have ACK (at simulation time 408.000,000,000 s)
2025-06-06 17:30:50,944 INFO  - Already have ACK (at simulation time 408.000,000,000 s)
2025-06-06 17:30:50,944 INFO  - Already have ACK (at simulation time 408.000,000,000 s)
2025-06-06 17:30:50,944 INFO  - Already have ACK (at simulation time 408.000,000,000 s)
2025-06-06 17:30:50,944 INFO  - Already have ACK (at simulation time 408.000,000,000 s)
2025-06-06 17:30:50,944 INFO  - Already have ACK (at simulation time 408.000,000,000 s)
2025-06-06 17:30:50,944 INFO  - Already have ACK (at simulation time 408.000,000,000 s)
2025-06-06 17:30:50,944 INFO  - Already have ACK (at simulation time 408.000,000,000 s)
2025-06-06 17:30:50,945 INFO  - Already have ACK (at simulation time 408.000,000,000 s)
2025-06-06 17:30:50,945 INFO  - Already have ACK (at simulation time 408.000,000,000 s)
2025-06-06 17:30:50,945 INFO  - Already have ACK (at simulation time 408.000,000,000 s)
2025-06-06 17:30:50,945 INFO  - Already have ACK (at simulation time 408.000,000,000 s)
2025-06-06 17:30:50,945 INFO  - Already have ACK (at simulation time 408.000,000,000 s)
2025-06-06 17:30:50,945 INFO  - Already have ACK (at simulation time 408.000,000,000 s)
2025-06-06 17:30:50,945 INFO  - Already have ACK (at simulation time 408.000,000,000 s)
2025-06-06 17:30:50,945 INFO  - Already have ACK (at simulation time 408.000,000,000 s)
2025-06-06 17:30:50,945 INFO  - Already have ACK (at simulation time 408.000,000,000 s)
2025-06-06 17:30:50,945 INFO  - Already have ACK (at simulation time 408.000,000,000 s)
2025-06-06 17:30:50,945 INFO  - Already have ACK (at simulation time 408.000,000,000 s)
2025-06-06 17:30:50,945 INFO  - Already have ACK (at simulation time 408.000,000,000 s)
2025-06-06 17:30:50,945 INFO  - Already have ACK (at simulation time 408.000,000,000 s)
2025-06-06 17:30:50,945 INFO  - Already have ACK (at simulation time 408.000,000,000 s)
2025-06-06 17:30:50,945 INFO  - Already have ACK (at simulation time 408.000,000,000 s)
2025-06-06 17:30:50,945 INFO  - Already have ACK (at simulation time 408.000,000,000 s)
2025-06-06 17:30:50,945 INFO  - Already have ACK (at simulation time 408.000,000,000 s)
2025-06-06 17:30:50,946 INFO  - Already have ACK (at simulation time 408.000,000,000 s)
2025-06-06 17:30:50,946 INFO  - Already have ACK (at simulation time 408.000,000,000 s)
2025-06-06 17:30:50,946 INFO  - Already have ACK (at simulation time 408.000,000,000 s)
2025-06-06 17:30:50,946 INFO  - Already have ACK (at simulation time 408.000,000,000 s)
2025-06-06 17:30:50,946 INFO  - Already have ACK (at simulation time 408.000,000,000 s)
2025-06-06 17:30:50,946 INFO  - Already have ACK (at simulation time 408.000,000,000 s)
2025-06-06 17:30:50,946 INFO  - Already have ACK (at simulation time 408.000,000,000 s)
2025-06-06 17:30:50,946 INFO  - Already have ACK (at simulation time 408.000,000,000 s)
2025-06-06 17:30:50,946 INFO  - Already have ACK (at simulation time 408.000,000,000 s)
2025-06-06 17:30:50,946 INFO  - Already have ACK (at simulation time 408.000,000,000 s)
2025-06-06 17:30:50,946 INFO  - Already have ACK (at simulation time 408.000,000,000 s)
2025-06-06 17:30:50,946 INFO  - Already have ACK (at simulation time 408.000,000,000 s)
2025-06-06 17:30:50,948 INFO  - Already have ACK (at simulation time 409.000,000,000 s)
2025-06-06 17:30:50,949 INFO  - Already have ACK (at simulation time 409.000,000,000 s)
2025-06-06 17:30:50,949 INFO  - Already have ACK (at simulation time 409.000,000,000 s)
2025-06-06 17:30:50,949 INFO  - Already have ACK (at simulation time 409.000,000,000 s)
2025-06-06 17:30:50,949 INFO  - Already have ACK (at simulation time 409.000,000,000 s)
2025-06-06 17:30:50,949 INFO  - Already have ACK (at simulation time 409.000,000,000 s)
2025-06-06 17:30:50,949 INFO  - Already have ACK (at simulation time 409.000,000,000 s)
2025-06-06 17:30:50,949 INFO  - Already have ACK (at simulation time 409.000,000,000 s)
2025-06-06 17:30:50,949 INFO  - Already have ACK (at simulation time 409.000,000,000 s)
2025-06-06 17:30:50,949 INFO  - Already have ACK (at simulation time 409.000,000,000 s)
2025-06-06 17:30:50,949 INFO  - Already have ACK (at simulation time 409.000,000,000 s)
2025-06-06 17:30:50,950 INFO  - Already have ACK (at simulation time 409.000,000,000 s)
2025-06-06 17:30:50,950 INFO  - Already have ACK (at simulation time 409.000,000,000 s)
2025-06-06 17:30:50,950 INFO  - Already have ACK (at simulation time 409.000,000,000 s)
2025-06-06 17:30:50,950 INFO  - Already have ACK (at simulation time 409.000,000,000 s)
2025-06-06 17:30:50,950 INFO  - Already have ACK (at simulation time 409.000,000,000 s)
2025-06-06 17:30:50,950 INFO  - Already have ACK (at simulation time 409.000,000,000 s)
2025-06-06 17:30:50,950 INFO  - Already have ACK (at simulation time 409.000,000,000 s)
2025-06-06 17:30:50,950 INFO  - Already have ACK (at simulation time 409.000,000,000 s)
2025-06-06 17:30:50,950 INFO  - Already have ACK (at simulation time 409.000,000,000 s)
2025-06-06 17:30:50,950 INFO  - Already have ACK (at simulation time 409.000,000,000 s)
2025-06-06 17:30:50,950 INFO  - Already have ACK (at simulation time 409.000,000,000 s)
2025-06-06 17:30:50,950 INFO  - Already have ACK (at simulation time 409.000,000,000 s)
2025-06-06 17:30:50,950 INFO  - Already have ACK (at simulation time 409.000,000,000 s)
2025-06-06 17:30:50,951 INFO  - Already have ACK (at simulation time 409.000,000,000 s)
2025-06-06 17:30:50,951 INFO  - Already have ACK (at simulation time 409.000,000,000 s)
2025-06-06 17:30:50,951 INFO  - Already have ACK (at simulation time 409.000,000,000 s)
2025-06-06 17:30:50,951 INFO  - Already have ACK (at simulation time 409.000,000,000 s)
2025-06-06 17:30:50,951 INFO  - Already have ACK (at simulation time 409.000,000,000 s)
2025-06-06 17:30:50,951 INFO  - Already have ACK (at simulation time 409.000,000,000 s)
2025-06-06 17:30:50,951 INFO  - Already have ACK (at simulation time 409.000,000,000 s)
2025-06-06 17:30:50,951 INFO  - Already have ACK (at simulation time 409.000,000,000 s)
2025-06-06 17:30:50,951 INFO  - Already have ACK (at simulation time 409.000,000,000 s)
2025-06-06 17:30:50,951 INFO  - Already have ACK (at simulation time 409.000,000,000 s)
2025-06-06 17:30:50,951 INFO  - Already have ACK (at simulation time 409.000,000,000 s)
2025-06-06 17:30:50,951 INFO  - Already have ACK (at simulation time 409.000,000,000 s)
2025-06-06 17:30:50,951 INFO  - Already have ACK (at simulation time 409.000,000,000 s)
2025-06-06 17:30:50,951 INFO  - Already have ACK (at simulation time 409.000,000,000 s)
2025-06-06 17:30:50,951 INFO  - Already have ACK (at simulation time 409.000,000,000 s)
2025-06-06 17:30:50,951 INFO  - Already have ACK (at simulation time 409.000,000,000 s)
2025-06-06 17:30:50,951 INFO  - Already have ACK (at simulation time 409.000,000,000 s)
2025-06-06 17:30:50,952 INFO  - Already have ACK (at simulation time 409.000,000,000 s)
2025-06-06 17:30:50,952 INFO  - Already have ACK (at simulation time 409.000,000,000 s)
2025-06-06 17:30:50,952 INFO  - Already have ACK (at simulation time 409.000,000,000 s)
2025-06-06 17:30:50,952 INFO  - Already have ACK (at simulation time 409.000,000,000 s)
2025-06-06 17:30:50,952 INFO  - Already have ACK (at simulation time 409.000,000,000 s)
2025-06-06 17:30:50,952 INFO  - Already have ACK (at simulation time 409.000,000,000 s)
2025-06-06 17:30:50,952 INFO  - Already have ACK (at simulation time 409.000,000,000 s)
2025-06-06 17:30:50,952 INFO  - Already have ACK (at simulation time 409.000,000,000 s)
2025-06-06 17:30:50,952 INFO  - Already have ACK (at simulation time 409.000,000,000 s)
2025-06-06 17:30:50,952 INFO  - Already have ACK (at simulation time 409.000,000,000 s)
2025-06-06 17:30:50,952 INFO  - Already have ACK (at simulation time 409.000,000,000 s)
2025-06-06 17:30:50,952 INFO  - Already have ACK (at simulation time 409.000,000,000 s)
2025-06-06 17:30:50,952 INFO  - Already have ACK (at simulation time 409.000,000,000 s)
2025-06-06 17:30:50,952 INFO  - Already have ACK (at simulation time 409.000,000,000 s)
2025-06-06 17:30:50,952 INFO  - Already have ACK (at simulation time 409.000,000,000 s)
2025-06-06 17:30:50,952 INFO  - Already have ACK (at simulation time 409.000,000,000 s)
2025-06-06 17:30:50,952 INFO  - Already have ACK (at simulation time 409.000,000,000 s)
2025-06-06 17:30:50,952 INFO  - Already have ACK (at simulation time 409.000,000,000 s)
2025-06-06 17:30:50,952 INFO  - Already have ACK (at simulation time 409.000,000,000 s)
2025-06-06 17:30:50,952 INFO  - Already have ACK (at simulation time 409.000,000,000 s)
2025-06-06 17:30:50,953 INFO  - Already have ACK (at simulation time 409.000,000,000 s)
2025-06-06 17:30:50,953 INFO  - Already have ACK (at simulation time 409.000,000,000 s)
2025-06-06 17:30:50,953 INFO  - Already have ACK (at simulation time 409.000,000,000 s)
2025-06-06 17:30:50,955 INFO  - Already have ACK (at simulation time 410.000,000,000 s)
2025-06-06 17:30:50,956 INFO  - Already have ACK (at simulation time 410.000,000,000 s)
2025-06-06 17:30:50,956 INFO  - Already have ACK (at simulation time 410.000,000,000 s)
2025-06-06 17:30:50,956 INFO  - Already have ACK (at simulation time 410.000,000,000 s)
2025-06-06 17:30:50,956 INFO  - Already have ACK (at simulation time 410.000,000,000 s)
2025-06-06 17:30:50,956 INFO  - Already have ACK (at simulation time 410.000,000,000 s)
2025-06-06 17:30:50,956 INFO  - Already have ACK (at simulation time 410.000,000,000 s)
2025-06-06 17:30:50,956 INFO  - Already have ACK (at simulation time 410.000,000,000 s)
2025-06-06 17:30:50,956 INFO  - Already have ACK (at simulation time 410.000,000,000 s)
2025-06-06 17:30:50,956 INFO  - Already have ACK (at simulation time 410.000,000,000 s)
2025-06-06 17:30:50,956 INFO  - Already have ACK (at simulation time 410.000,000,000 s)
2025-06-06 17:30:50,957 INFO  - Already have ACK (at simulation time 410.000,000,000 s)
2025-06-06 17:30:50,957 INFO  - Already have ACK (at simulation time 410.000,000,000 s)
2025-06-06 17:30:50,957 INFO  - Already have ACK (at simulation time 410.000,000,000 s)
2025-06-06 17:30:50,957 INFO  - Already have ACK (at simulation time 410.000,000,000 s)
2025-06-06 17:30:50,957 INFO  - Already have ACK (at simulation time 410.000,000,000 s)
2025-06-06 17:30:50,957 INFO  - Already have ACK (at simulation time 410.000,000,000 s)
2025-06-06 17:30:50,957 INFO  - Already have ACK (at simulation time 410.000,000,000 s)
2025-06-06 17:30:50,957 INFO  - Already have ACK (at simulation time 410.000,000,000 s)
2025-06-06 17:30:50,957 INFO  - Already have ACK (at simulation time 410.000,000,000 s)
2025-06-06 17:30:50,957 INFO  - Already have ACK (at simulation time 410.000,000,000 s)
2025-06-06 17:30:50,957 INFO  - Already have ACK (at simulation time 410.000,000,000 s)
2025-06-06 17:30:50,957 INFO  - Already have ACK (at simulation time 410.000,000,000 s)
2025-06-06 17:30:50,957 INFO  - Already have ACK (at simulation time 410.000,000,000 s)
2025-06-06 17:30:50,958 INFO  - Already have ACK (at simulation time 410.000,000,000 s)
2025-06-06 17:30:50,958 INFO  - Already have ACK (at simulation time 410.000,000,000 s)
2025-06-06 17:30:50,958 INFO  - Already have ACK (at simulation time 410.000,000,000 s)
2025-06-06 17:30:50,958 INFO  - Already have ACK (at simulation time 410.000,000,000 s)
2025-06-06 17:30:50,958 INFO  - Already have ACK (at simulation time 410.000,000,000 s)
2025-06-06 17:30:50,958 INFO  - Already have ACK (at simulation time 410.000,000,000 s)
2025-06-06 17:30:50,958 INFO  - Already have ACK (at simulation time 410.000,000,000 s)
2025-06-06 17:30:50,958 INFO  - Already have ACK (at simulation time 410.000,000,000 s)
2025-06-06 17:30:50,958 INFO  - Already have ACK (at simulation time 410.000,000,000 s)
2025-06-06 17:30:50,958 INFO  - Already have ACK (at simulation time 410.000,000,000 s)
2025-06-06 17:30:50,958 INFO  - Already have ACK (at simulation time 410.000,000,000 s)
2025-06-06 17:30:50,958 INFO  - Already have ACK (at simulation time 410.000,000,000 s)
2025-06-06 17:30:50,958 INFO  - Already have ACK (at simulation time 410.000,000,000 s)
2025-06-06 17:30:50,958 INFO  - Already have ACK (at simulation time 410.000,000,000 s)
2025-06-06 17:30:50,958 INFO  - Already have ACK (at simulation time 410.000,000,000 s)
2025-06-06 17:30:50,958 INFO  - Already have ACK (at simulation time 410.000,000,000 s)
2025-06-06 17:30:50,959 INFO  - Already have ACK (at simulation time 410.000,000,000 s)
2025-06-06 17:30:50,959 INFO  - Already have ACK (at simulation time 410.000,000,000 s)
2025-06-06 17:30:50,959 INFO  - Already have ACK (at simulation time 410.000,000,000 s)
2025-06-06 17:30:50,959 INFO  - Already have ACK (at simulation time 410.000,000,000 s)
2025-06-06 17:30:50,959 INFO  - Already have ACK (at simulation time 410.000,000,000 s)
2025-06-06 17:30:50,959 INFO  - Already have ACK (at simulation time 410.000,000,000 s)
2025-06-06 17:30:50,959 INFO  - Already have ACK (at simulation time 410.000,000,000 s)
2025-06-06 17:30:50,959 INFO  - Already have ACK (at simulation time 410.000,000,000 s)
2025-06-06 17:30:50,959 INFO  - Already have ACK (at simulation time 410.000,000,000 s)
2025-06-06 17:30:50,959 INFO  - Already have ACK (at simulation time 410.000,000,000 s)
2025-06-06 17:30:50,959 INFO  - Already have ACK (at simulation time 410.000,000,000 s)
2025-06-06 17:30:50,959 INFO  - Already have ACK (at simulation time 410.000,000,000 s)
2025-06-06 17:30:50,959 INFO  - Already have ACK (at simulation time 410.000,000,000 s)
2025-06-06 17:30:50,959 INFO  - Already have ACK (at simulation time 410.000,000,000 s)
2025-06-06 17:30:50,959 INFO  - Already have ACK (at simulation time 410.000,000,000 s)
2025-06-06 17:30:50,959 INFO  - Already have ACK (at simulation time 410.000,000,000 s)
2025-06-06 17:30:50,959 INFO  - Already have ACK (at simulation time 410.000,000,000 s)
2025-06-06 17:30:50,959 INFO  - Already have ACK (at simulation time 410.000,000,000 s)
2025-06-06 17:30:50,959 INFO  - Already have ACK (at simulation time 410.000,000,000 s)
2025-06-06 17:30:50,959 INFO  - Already have ACK (at simulation time 410.000,000,000 s)
2025-06-06 17:30:50,960 INFO  - Already have ACK (at simulation time 410.000,000,000 s)
2025-06-06 17:30:50,960 INFO  - Already have ACK (at simulation time 410.000,000,000 s)
2025-06-06 17:30:50,960 INFO  - Already have ACK (at simulation time 410.000,000,000 s)
2025-06-06 17:30:50,960 INFO  - Already have ACK (at simulation time 410.000,000,000 s)
2025-06-06 17:30:50,960 INFO  - Already have ACK (at simulation time 410.000,000,000 s)
2025-06-06 17:30:50,961 INFO  - Received metrics from FogNode: avgR0=1.4390243902439024, avgR1=2.1219512195121952 (at simulation time 410.003,800,000 s)
2025-06-06 17:30:50,962 INFO  - Sent periodic GreenWaveMsg: veh_67 on route r_1 (at simulation time 411.000,000,000 s)
2025-06-06 17:30:50,962 INFO  - Already have ACK (at simulation time 411.000,000,000 s)
2025-06-06 17:30:50,963 INFO  - Already have ACK (at simulation time 411.000,000,000 s)
2025-06-06 17:30:50,963 INFO  - Already have ACK (at simulation time 411.000,000,000 s)
2025-06-06 17:30:50,963 INFO  - Already have ACK (at simulation time 411.000,000,000 s)
2025-06-06 17:30:50,963 INFO  - Already have ACK (at simulation time 411.000,000,000 s)
2025-06-06 17:30:50,963 INFO  - Already have ACK (at simulation time 411.000,000,000 s)
2025-06-06 17:30:50,963 INFO  - Already have ACK (at simulation time 411.000,000,000 s)
2025-06-06 17:30:50,963 INFO  - Already have ACK (at simulation time 411.000,000,000 s)
2025-06-06 17:30:50,963 INFO  - Already have ACK (at simulation time 411.000,000,000 s)
2025-06-06 17:30:50,963 INFO  - Already have ACK (at simulation time 411.000,000,000 s)
2025-06-06 17:30:50,963 INFO  - Already have ACK (at simulation time 411.000,000,000 s)
2025-06-06 17:30:50,964 INFO  - Already have ACK (at simulation time 411.000,000,000 s)
2025-06-06 17:30:50,964 INFO  - Already have ACK (at simulation time 411.000,000,000 s)
2025-06-06 17:30:50,964 INFO  - Already have ACK (at simulation time 411.000,000,000 s)
2025-06-06 17:30:50,964 INFO  - Already have ACK (at simulation time 411.000,000,000 s)
2025-06-06 17:30:50,964 INFO  - Already have ACK (at simulation time 411.000,000,000 s)
2025-06-06 17:30:50,964 INFO  - Already have ACK (at simulation time 411.000,000,000 s)
2025-06-06 17:30:50,964 INFO  - Already have ACK (at simulation time 411.000,000,000 s)
2025-06-06 17:30:50,964 INFO  - Already have ACK (at simulation time 411.000,000,000 s)
2025-06-06 17:30:50,964 INFO  - Already have ACK (at simulation time 411.000,000,000 s)
2025-06-06 17:30:50,964 INFO  - Already have ACK (at simulation time 411.000,000,000 s)
2025-06-06 17:30:50,964 INFO  - Already have ACK (at simulation time 411.000,000,000 s)
2025-06-06 17:30:50,964 INFO  - Already have ACK (at simulation time 411.000,000,000 s)
2025-06-06 17:30:50,964 INFO  - Already have ACK (at simulation time 411.000,000,000 s)
2025-06-06 17:30:50,965 INFO  - Already have ACK (at simulation time 411.000,000,000 s)
2025-06-06 17:30:50,965 INFO  - Already have ACK (at simulation time 411.000,000,000 s)
2025-06-06 17:30:50,965 INFO  - Already have ACK (at simulation time 411.000,000,000 s)
2025-06-06 17:30:50,965 INFO  - Already have ACK (at simulation time 411.000,000,000 s)
2025-06-06 17:30:50,965 INFO  - Already have ACK (at simulation time 411.000,000,000 s)
2025-06-06 17:30:50,965 INFO  - Already have ACK (at simulation time 411.000,000,000 s)
2025-06-06 17:30:50,965 INFO  - Already have ACK (at simulation time 411.000,000,000 s)
2025-06-06 17:30:50,965 INFO  - Already have ACK (at simulation time 411.000,000,000 s)
2025-06-06 17:30:50,965 INFO  - Already have ACK (at simulation time 411.000,000,000 s)
2025-06-06 17:30:50,965 INFO  - Already have ACK (at simulation time 411.000,000,000 s)
2025-06-06 17:30:50,965 INFO  - Already have ACK (at simulation time 411.000,000,000 s)
2025-06-06 17:30:50,965 INFO  - Already have ACK (at simulation time 411.000,000,000 s)
2025-06-06 17:30:50,965 INFO  - Already have ACK (at simulation time 411.000,000,000 s)
2025-06-06 17:30:50,965 INFO  - Already have ACK (at simulation time 411.000,000,000 s)
2025-06-06 17:30:50,965 INFO  - Already have ACK (at simulation time 411.000,000,000 s)
2025-06-06 17:30:50,965 INFO  - Already have ACK (at simulation time 411.000,000,000 s)
2025-06-06 17:30:50,966 INFO  - Already have ACK (at simulation time 411.000,000,000 s)
2025-06-06 17:30:50,966 INFO  - Already have ACK (at simulation time 411.000,000,000 s)
2025-06-06 17:30:50,966 INFO  - Already have ACK (at simulation time 411.000,000,000 s)
2025-06-06 17:30:50,966 INFO  - Already have ACK (at simulation time 411.000,000,000 s)
2025-06-06 17:30:50,966 INFO  - Already have ACK (at simulation time 411.000,000,000 s)
2025-06-06 17:30:50,966 INFO  - Already have ACK (at simulation time 411.000,000,000 s)
2025-06-06 17:30:50,966 INFO  - Already have ACK (at simulation time 411.000,000,000 s)
2025-06-06 17:30:50,966 INFO  - Already have ACK (at simulation time 411.000,000,000 s)
2025-06-06 17:30:50,966 INFO  - Already have ACK (at simulation time 411.000,000,000 s)
2025-06-06 17:30:50,966 INFO  - Already have ACK (at simulation time 411.000,000,000 s)
2025-06-06 17:30:50,966 INFO  - Already have ACK (at simulation time 411.000,000,000 s)
2025-06-06 17:30:50,966 INFO  - Already have ACK (at simulation time 411.000,000,000 s)
2025-06-06 17:30:50,966 INFO  - Already have ACK (at simulation time 411.000,000,000 s)
2025-06-06 17:30:50,966 INFO  - Already have ACK (at simulation time 411.000,000,000 s)
2025-06-06 17:30:50,966 INFO  - Already have ACK (at simulation time 411.000,000,000 s)
2025-06-06 17:30:50,966 INFO  - Already have ACK (at simulation time 411.000,000,000 s)
2025-06-06 17:30:50,966 INFO  - Already have ACK (at simulation time 411.000,000,000 s)
2025-06-06 17:30:50,966 INFO  - Already have ACK (at simulation time 411.000,000,000 s)
2025-06-06 17:30:50,966 INFO  - Already have ACK (at simulation time 411.000,000,000 s)
2025-06-06 17:30:50,966 INFO  - Already have ACK (at simulation time 411.000,000,000 s)
2025-06-06 17:30:50,967 INFO  - Already have ACK (at simulation time 411.000,000,000 s)
2025-06-06 17:30:50,967 INFO  - Already have ACK (at simulation time 411.000,000,000 s)
2025-06-06 17:30:50,967 INFO  - Already have ACK (at simulation time 411.000,000,000 s)
2025-06-06 17:30:50,967 INFO  - Already have ACK (at simulation time 411.000,000,000 s)
2025-06-06 17:30:50,967 INFO  - Already have ACK (at simulation time 411.000,000,000 s)
2025-06-06 17:30:50,967 INFO  - Already have ACK (at simulation time 411.000,000,000 s)
2025-06-06 17:30:50,969 INFO  - Already have ACK (at simulation time 412.000,000,000 s)
2025-06-06 17:30:50,970 INFO  - Already have ACK (at simulation time 412.000,000,000 s)
2025-06-06 17:30:50,970 INFO  - Already have ACK (at simulation time 412.000,000,000 s)
2025-06-06 17:30:50,970 INFO  - Already have ACK (at simulation time 412.000,000,000 s)
2025-06-06 17:30:50,970 INFO  - Already have ACK (at simulation time 412.000,000,000 s)
2025-06-06 17:30:50,970 INFO  - Already have ACK (at simulation time 412.000,000,000 s)
2025-06-06 17:30:50,970 INFO  - Already have ACK (at simulation time 412.000,000,000 s)
2025-06-06 17:30:50,970 INFO  - Already have ACK (at simulation time 412.000,000,000 s)
2025-06-06 17:30:50,970 INFO  - Already have ACK (at simulation time 412.000,000,000 s)
2025-06-06 17:30:50,970 INFO  - Already have ACK (at simulation time 412.000,000,000 s)
2025-06-06 17:30:50,970 INFO  - Already have ACK (at simulation time 412.000,000,000 s)
2025-06-06 17:30:50,970 INFO  - Already have ACK (at simulation time 412.000,000,000 s)
2025-06-06 17:30:50,971 INFO  - Already have ACK (at simulation time 412.000,000,000 s)
2025-06-06 17:30:50,971 INFO  - Already have ACK (at simulation time 412.000,000,000 s)
2025-06-06 17:30:50,971 INFO  - Already have ACK (at simulation time 412.000,000,000 s)
2025-06-06 17:30:50,971 INFO  - Already have ACK (at simulation time 412.000,000,000 s)
2025-06-06 17:30:50,971 INFO  - Already have ACK (at simulation time 412.000,000,000 s)
2025-06-06 17:30:50,971 INFO  - Already have ACK (at simulation time 412.000,000,000 s)
2025-06-06 17:30:50,971 INFO  - Already have ACK (at simulation time 412.000,000,000 s)
2025-06-06 17:30:50,971 INFO  - Already have ACK (at simulation time 412.000,000,000 s)
2025-06-06 17:30:50,971 INFO  - Already have ACK (at simulation time 412.000,000,000 s)
2025-06-06 17:30:50,971 INFO  - Already have ACK (at simulation time 412.000,000,000 s)
2025-06-06 17:30:50,971 INFO  - Already have ACK (at simulation time 412.000,000,000 s)
2025-06-06 17:30:50,971 INFO  - Already have ACK (at simulation time 412.000,000,000 s)
2025-06-06 17:30:50,971 INFO  - Already have ACK (at simulation time 412.000,000,000 s)
2025-06-06 17:30:50,971 INFO  - Already have ACK (at simulation time 412.000,000,000 s)
2025-06-06 17:30:50,972 INFO  - Already have ACK (at simulation time 412.000,000,000 s)
2025-06-06 17:30:50,972 INFO  - Already have ACK (at simulation time 412.000,000,000 s)
2025-06-06 17:30:50,972 INFO  - Already have ACK (at simulation time 412.000,000,000 s)
2025-06-06 17:30:50,972 INFO  - Already have ACK (at simulation time 412.000,000,000 s)
2025-06-06 17:30:50,972 INFO  - Already have ACK (at simulation time 412.000,000,000 s)
2025-06-06 17:30:50,972 INFO  - Already have ACK (at simulation time 412.000,000,000 s)
2025-06-06 17:30:50,972 INFO  - Already have ACK (at simulation time 412.000,000,000 s)
2025-06-06 17:30:50,972 INFO  - Already have ACK (at simulation time 412.000,000,000 s)
2025-06-06 17:30:50,972 INFO  - Already have ACK (at simulation time 412.000,000,000 s)
2025-06-06 17:30:50,972 INFO  - Already have ACK (at simulation time 412.000,000,000 s)
2025-06-06 17:30:50,972 INFO  - Already have ACK (at simulation time 412.000,000,000 s)
2025-06-06 17:30:50,972 INFO  - Already have ACK (at simulation time 412.000,000,000 s)
2025-06-06 17:30:50,972 INFO  - Already have ACK (at simulation time 412.000,000,000 s)
2025-06-06 17:30:50,972 INFO  - Already have ACK (at simulation time 412.000,000,000 s)
2025-06-06 17:30:50,972 INFO  - Already have ACK (at simulation time 412.000,000,000 s)
2025-06-06 17:30:50,972 INFO  - Already have ACK (at simulation time 412.000,000,000 s)
2025-06-06 17:30:50,973 INFO  - Already have ACK (at simulation time 412.000,000,000 s)
2025-06-06 17:30:50,973 INFO  - Already have ACK (at simulation time 412.000,000,000 s)
2025-06-06 17:30:50,973 INFO  - Already have ACK (at simulation time 412.000,000,000 s)
2025-06-06 17:30:50,973 INFO  - Already have ACK (at simulation time 412.000,000,000 s)
2025-06-06 17:30:50,973 INFO  - Already have ACK (at simulation time 412.000,000,000 s)
2025-06-06 17:30:50,973 INFO  - Already have ACK (at simulation time 412.000,000,000 s)
2025-06-06 17:30:50,973 INFO  - Already have ACK (at simulation time 412.000,000,000 s)
2025-06-06 17:30:50,973 INFO  - Already have ACK (at simulation time 412.000,000,000 s)
2025-06-06 17:30:50,973 INFO  - Already have ACK (at simulation time 412.000,000,000 s)
2025-06-06 17:30:50,973 INFO  - Already have ACK (at simulation time 412.000,000,000 s)
2025-06-06 17:30:50,973 INFO  - Already have ACK (at simulation time 412.000,000,000 s)
2025-06-06 17:30:50,973 INFO  - Already have ACK (at simulation time 412.000,000,000 s)
2025-06-06 17:30:50,973 INFO  - Already have ACK (at simulation time 412.000,000,000 s)
2025-06-06 17:30:50,973 INFO  - Already have ACK (at simulation time 412.000,000,000 s)
2025-06-06 17:30:50,973 INFO  - Already have ACK (at simulation time 412.000,000,000 s)
2025-06-06 17:30:50,973 INFO  - Already have ACK (at simulation time 412.000,000,000 s)
2025-06-06 17:30:50,973 INFO  - Already have ACK (at simulation time 412.000,000,000 s)
2025-06-06 17:30:50,973 INFO  - Already have ACK (at simulation time 412.000,000,000 s)
2025-06-06 17:30:50,973 INFO  - Already have ACK (at simulation time 412.000,000,000 s)
2025-06-06 17:30:50,973 INFO  - Already have ACK (at simulation time 412.000,000,000 s)
2025-06-06 17:30:50,974 INFO  - Already have ACK (at simulation time 412.000,000,000 s)
2025-06-06 17:30:50,974 INFO  - Already have ACK (at simulation time 412.000,000,000 s)
2025-06-06 17:30:50,974 INFO  - Already have ACK (at simulation time 412.000,000,000 s)
2025-06-06 17:30:50,974 INFO  - Already have ACK (at simulation time 412.000,000,000 s)
2025-06-06 17:30:50,974 INFO  - Already have ACK (at simulation time 412.000,000,000 s)
2025-06-06 17:30:50,976 INFO  - Already have ACK (at simulation time 413.000,000,000 s)
2025-06-06 17:30:50,976 INFO  - Already have ACK (at simulation time 413.000,000,000 s)
2025-06-06 17:30:50,976 INFO  - Already have ACK (at simulation time 413.000,000,000 s)
2025-06-06 17:30:50,976 INFO  - Already have ACK (at simulation time 413.000,000,000 s)
2025-06-06 17:30:50,977 INFO  - Already have ACK (at simulation time 413.000,000,000 s)
2025-06-06 17:30:50,977 INFO  - Already have ACK (at simulation time 413.000,000,000 s)
2025-06-06 17:30:50,977 INFO  - Already have ACK (at simulation time 413.000,000,000 s)
2025-06-06 17:30:50,977 INFO  - Already have ACK (at simulation time 413.000,000,000 s)
2025-06-06 17:30:50,977 INFO  - Already have ACK (at simulation time 413.000,000,000 s)
2025-06-06 17:30:50,977 INFO  - Already have ACK (at simulation time 413.000,000,000 s)
2025-06-06 17:30:50,977 INFO  - Already have ACK (at simulation time 413.000,000,000 s)
2025-06-06 17:30:50,977 INFO  - Already have ACK (at simulation time 413.000,000,000 s)
2025-06-06 17:30:50,977 INFO  - Already have ACK (at simulation time 413.000,000,000 s)
2025-06-06 17:30:50,977 INFO  - Already have ACK (at simulation time 413.000,000,000 s)
2025-06-06 17:30:50,977 INFO  - Already have ACK (at simulation time 413.000,000,000 s)
2025-06-06 17:30:50,977 INFO  - Already have ACK (at simulation time 413.000,000,000 s)
2025-06-06 17:30:50,977 INFO  - Already have ACK (at simulation time 413.000,000,000 s)
2025-06-06 17:30:50,977 INFO  - Already have ACK (at simulation time 413.000,000,000 s)
2025-06-06 17:30:50,977 INFO  - Already have ACK (at simulation time 413.000,000,000 s)
2025-06-06 17:30:50,978 INFO  - Already have ACK (at simulation time 413.000,000,000 s)
2025-06-06 17:30:50,978 INFO  - Already have ACK (at simulation time 413.000,000,000 s)
2025-06-06 17:30:50,978 INFO  - Already have ACK (at simulation time 413.000,000,000 s)
2025-06-06 17:30:50,978 INFO  - Already have ACK (at simulation time 413.000,000,000 s)
2025-06-06 17:30:50,978 INFO  - Already have ACK (at simulation time 413.000,000,000 s)
2025-06-06 17:30:50,978 INFO  - Already have ACK (at simulation time 413.000,000,000 s)
2025-06-06 17:30:50,978 INFO  - Already have ACK (at simulation time 413.000,000,000 s)
2025-06-06 17:30:50,978 INFO  - Already have ACK (at simulation time 413.000,000,000 s)
2025-06-06 17:30:50,978 INFO  - Already have ACK (at simulation time 413.000,000,000 s)
2025-06-06 17:30:50,978 INFO  - Already have ACK (at simulation time 413.000,000,000 s)
2025-06-06 17:30:50,978 INFO  - Already have ACK (at simulation time 413.000,000,000 s)
2025-06-06 17:30:50,978 INFO  - Already have ACK (at simulation time 413.000,000,000 s)
2025-06-06 17:30:50,978 INFO  - Already have ACK (at simulation time 413.000,000,000 s)
2025-06-06 17:30:50,978 INFO  - Already have ACK (at simulation time 413.000,000,000 s)
2025-06-06 17:30:50,978 INFO  - Already have ACK (at simulation time 413.000,000,000 s)
2025-06-06 17:30:50,978 INFO  - Already have ACK (at simulation time 413.000,000,000 s)
2025-06-06 17:30:50,978 INFO  - Already have ACK (at simulation time 413.000,000,000 s)
2025-06-06 17:30:50,978 INFO  - Already have ACK (at simulation time 413.000,000,000 s)
2025-06-06 17:30:50,979 INFO  - Already have ACK (at simulation time 413.000,000,000 s)
2025-06-06 17:30:50,979 INFO  - Already have ACK (at simulation time 413.000,000,000 s)
2025-06-06 17:30:50,979 INFO  - Already have ACK (at simulation time 413.000,000,000 s)
2025-06-06 17:30:50,979 INFO  - Already have ACK (at simulation time 413.000,000,000 s)
2025-06-06 17:30:50,979 INFO  - Already have ACK (at simulation time 413.000,000,000 s)
2025-06-06 17:30:50,979 INFO  - Already have ACK (at simulation time 413.000,000,000 s)
2025-06-06 17:30:50,979 INFO  - Already have ACK (at simulation time 413.000,000,000 s)
2025-06-06 17:30:50,979 INFO  - Already have ACK (at simulation time 413.000,000,000 s)
2025-06-06 17:30:50,979 INFO  - Already have ACK (at simulation time 413.000,000,000 s)
2025-06-06 17:30:50,979 INFO  - Already have ACK (at simulation time 413.000,000,000 s)
2025-06-06 17:30:50,979 INFO  - Already have ACK (at simulation time 413.000,000,000 s)
2025-06-06 17:30:50,979 INFO  - Already have ACK (at simulation time 413.000,000,000 s)
2025-06-06 17:30:50,979 INFO  - Already have ACK (at simulation time 413.000,000,000 s)
2025-06-06 17:30:50,979 INFO  - Already have ACK (at simulation time 413.000,000,000 s)
2025-06-06 17:30:50,979 INFO  - Already have ACK (at simulation time 413.000,000,000 s)
2025-06-06 17:30:50,979 INFO  - Already have ACK (at simulation time 413.000,000,000 s)
2025-06-06 17:30:50,979 INFO  - Already have ACK (at simulation time 413.000,000,000 s)
2025-06-06 17:30:50,979 INFO  - Already have ACK (at simulation time 413.000,000,000 s)
2025-06-06 17:30:50,979 INFO  - Already have ACK (at simulation time 413.000,000,000 s)
2025-06-06 17:30:50,979 INFO  - Already have ACK (at simulation time 413.000,000,000 s)
2025-06-06 17:30:50,979 INFO  - Already have ACK (at simulation time 413.000,000,000 s)
2025-06-06 17:30:50,979 INFO  - Already have ACK (at simulation time 413.000,000,000 s)
2025-06-06 17:30:50,979 INFO  - Already have ACK (at simulation time 413.000,000,000 s)
2025-06-06 17:30:50,979 INFO  - Already have ACK (at simulation time 413.000,000,000 s)
2025-06-06 17:30:50,979 INFO  - Already have ACK (at simulation time 413.000,000,000 s)
2025-06-06 17:30:50,979 INFO  - Already have ACK (at simulation time 413.000,000,000 s)
2025-06-06 17:30:50,980 INFO  - Already have ACK (at simulation time 413.000,000,000 s)
2025-06-06 17:30:50,980 INFO  - Already have ACK (at simulation time 413.000,000,000 s)
2025-06-06 17:30:50,980 INFO  - Already have ACK (at simulation time 413.000,000,000 s)
2025-06-06 17:30:50,980 INFO  - Already have ACK (at simulation time 413.000,000,000 s)
2025-06-06 17:30:50,980 INFO  - Already have ACK (at simulation time 413.000,000,000 s)
2025-06-06 17:30:50,981 INFO  - Already have ACK (at simulation time 414.000,000,000 s)
2025-06-06 17:30:50,981 INFO  - Already have ACK (at simulation time 414.000,000,000 s)
2025-06-06 17:30:50,981 INFO  - Already have ACK (at simulation time 414.000,000,000 s)
2025-06-06 17:30:50,981 INFO  - Already have ACK (at simulation time 414.000,000,000 s)
2025-06-06 17:30:50,981 INFO  - Already have ACK (at simulation time 414.000,000,000 s)
2025-06-06 17:30:50,981 INFO  - Already have ACK (at simulation time 414.000,000,000 s)
2025-06-06 17:30:50,982 INFO  - Already have ACK (at simulation time 414.000,000,000 s)
2025-06-06 17:30:50,982 INFO  - Already have ACK (at simulation time 414.000,000,000 s)
2025-06-06 17:30:50,982 INFO  - Already have ACK (at simulation time 414.000,000,000 s)
2025-06-06 17:30:50,982 INFO  - Already have ACK (at simulation time 414.000,000,000 s)
2025-06-06 17:30:50,982 INFO  - Already have ACK (at simulation time 414.000,000,000 s)
2025-06-06 17:30:50,982 INFO  - Already have ACK (at simulation time 414.000,000,000 s)
2025-06-06 17:30:50,982 INFO  - Already have ACK (at simulation time 414.000,000,000 s)
2025-06-06 17:30:50,982 INFO  - Already have ACK (at simulation time 414.000,000,000 s)
2025-06-06 17:30:50,982 INFO  - Already have ACK (at simulation time 414.000,000,000 s)
2025-06-06 17:30:50,982 INFO  - Already have ACK (at simulation time 414.000,000,000 s)
2025-06-06 17:30:50,982 INFO  - Already have ACK (at simulation time 414.000,000,000 s)
2025-06-06 17:30:50,982 INFO  - Already have ACK (at simulation time 414.000,000,000 s)
2025-06-06 17:30:50,982 INFO  - Already have ACK (at simulation time 414.000,000,000 s)
2025-06-06 17:30:50,982 INFO  - Already have ACK (at simulation time 414.000,000,000 s)
2025-06-06 17:30:50,982 INFO  - Already have ACK (at simulation time 414.000,000,000 s)
2025-06-06 17:30:50,983 INFO  - Already have ACK (at simulation time 414.000,000,000 s)
2025-06-06 17:30:50,983 INFO  - Already have ACK (at simulation time 414.000,000,000 s)
2025-06-06 17:30:50,983 INFO  - Already have ACK (at simulation time 414.000,000,000 s)
2025-06-06 17:30:50,983 INFO  - Already have ACK (at simulation time 414.000,000,000 s)
2025-06-06 17:30:50,983 INFO  - Already have ACK (at simulation time 414.000,000,000 s)
2025-06-06 17:30:50,983 INFO  - Already have ACK (at simulation time 414.000,000,000 s)
2025-06-06 17:30:50,983 INFO  - Already have ACK (at simulation time 414.000,000,000 s)
2025-06-06 17:30:50,983 INFO  - Already have ACK (at simulation time 414.000,000,000 s)
2025-06-06 17:30:50,983 INFO  - Already have ACK (at simulation time 414.000,000,000 s)
2025-06-06 17:30:50,983 INFO  - Already have ACK (at simulation time 414.000,000,000 s)
2025-06-06 17:30:50,983 INFO  - Already have ACK (at simulation time 414.000,000,000 s)
2025-06-06 17:30:50,983 INFO  - Already have ACK (at simulation time 414.000,000,000 s)
2025-06-06 17:30:50,983 INFO  - Already have ACK (at simulation time 414.000,000,000 s)
2025-06-06 17:30:50,983 INFO  - Already have ACK (at simulation time 414.000,000,000 s)
2025-06-06 17:30:50,983 INFO  - Already have ACK (at simulation time 414.000,000,000 s)
2025-06-06 17:30:50,983 INFO  - Already have ACK (at simulation time 414.000,000,000 s)
2025-06-06 17:30:50,983 INFO  - Already have ACK (at simulation time 414.000,000,000 s)
2025-06-06 17:30:50,983 INFO  - Already have ACK (at simulation time 414.000,000,000 s)
2025-06-06 17:30:50,983 INFO  - Already have ACK (at simulation time 414.000,000,000 s)
2025-06-06 17:30:50,984 INFO  - Already have ACK (at simulation time 414.000,000,000 s)
2025-06-06 17:30:50,984 INFO  - Already have ACK (at simulation time 414.000,000,000 s)
2025-06-06 17:30:50,984 INFO  - Already have ACK (at simulation time 414.000,000,000 s)
2025-06-06 17:30:50,984 INFO  - Already have ACK (at simulation time 414.000,000,000 s)
2025-06-06 17:30:50,984 INFO  - Already have ACK (at simulation time 414.000,000,000 s)
2025-06-06 17:30:50,984 INFO  - Already have ACK (at simulation time 414.000,000,000 s)
2025-06-06 17:30:50,984 INFO  - Already have ACK (at simulation time 414.000,000,000 s)
2025-06-06 17:30:50,984 INFO  - Already have ACK (at simulation time 414.000,000,000 s)
2025-06-06 17:30:50,984 INFO  - Already have ACK (at simulation time 414.000,000,000 s)
2025-06-06 17:30:50,984 INFO  - Already have ACK (at simulation time 414.000,000,000 s)
2025-06-06 17:30:50,984 INFO  - Already have ACK (at simulation time 414.000,000,000 s)
2025-06-06 17:30:50,984 INFO  - Already have ACK (at simulation time 414.000,000,000 s)
2025-06-06 17:30:50,984 INFO  - Already have ACK (at simulation time 414.000,000,000 s)
2025-06-06 17:30:50,984 INFO  - Already have ACK (at simulation time 414.000,000,000 s)
2025-06-06 17:30:50,984 INFO  - Already have ACK (at simulation time 414.000,000,000 s)
2025-06-06 17:30:50,984 INFO  - Already have ACK (at simulation time 414.000,000,000 s)
2025-06-06 17:30:50,984 INFO  - Already have ACK (at simulation time 414.000,000,000 s)
2025-06-06 17:30:50,984 INFO  - Already have ACK (at simulation time 414.000,000,000 s)
2025-06-06 17:30:50,984 INFO  - Already have ACK (at simulation time 414.000,000,000 s)
2025-06-06 17:30:50,984 INFO  - Already have ACK (at simulation time 414.000,000,000 s)
2025-06-06 17:30:50,984 INFO  - Already have ACK (at simulation time 414.000,000,000 s)
2025-06-06 17:30:50,984 INFO  - Already have ACK (at simulation time 414.000,000,000 s)
2025-06-06 17:30:50,984 INFO  - Already have ACK (at simulation time 414.000,000,000 s)
2025-06-06 17:30:50,984 INFO  - Already have ACK (at simulation time 414.000,000,000 s)
2025-06-06 17:30:50,984 INFO  - Already have ACK (at simulation time 414.000,000,000 s)
2025-06-06 17:30:50,984 INFO  - Already have ACK (at simulation time 414.000,000,000 s)
2025-06-06 17:30:50,984 INFO  - Already have ACK (at simulation time 414.000,000,000 s)
2025-06-06 17:30:50,985 INFO  - Already have ACK (at simulation time 414.000,000,000 s)
2025-06-06 17:30:50,985 INFO  - Already have ACK (at simulation time 414.000,000,000 s)
2025-06-06 17:30:50,986 INFO  - Already have ACK (at simulation time 415.000,000,000 s)
2025-06-06 17:30:50,987 INFO  - Already have ACK (at simulation time 415.000,000,000 s)
2025-06-06 17:30:50,987 INFO  - Already have ACK (at simulation time 415.000,000,000 s)
2025-06-06 17:30:50,987 INFO  - Already have ACK (at simulation time 415.000,000,000 s)
2025-06-06 17:30:50,987 INFO  - Already have ACK (at simulation time 415.000,000,000 s)
2025-06-06 17:30:50,987 INFO  - Already have ACK (at simulation time 415.000,000,000 s)
2025-06-06 17:30:50,987 INFO  - Already have ACK (at simulation time 415.000,000,000 s)
2025-06-06 17:30:50,987 INFO  - Already have ACK (at simulation time 415.000,000,000 s)
2025-06-06 17:30:50,987 INFO  - Already have ACK (at simulation time 415.000,000,000 s)
2025-06-06 17:30:50,987 INFO  - Already have ACK (at simulation time 415.000,000,000 s)
2025-06-06 17:30:50,987 INFO  - Already have ACK (at simulation time 415.000,000,000 s)
2025-06-06 17:30:50,987 INFO  - Already have ACK (at simulation time 415.000,000,000 s)
2025-06-06 17:30:50,987 INFO  - Already have ACK (at simulation time 415.000,000,000 s)
2025-06-06 17:30:50,987 INFO  - Already have ACK (at simulation time 415.000,000,000 s)
2025-06-06 17:30:50,987 INFO  - Already have ACK (at simulation time 415.000,000,000 s)
2025-06-06 17:30:50,987 INFO  - Already have ACK (at simulation time 415.000,000,000 s)
2025-06-06 17:30:50,987 INFO  - Already have ACK (at simulation time 415.000,000,000 s)
2025-06-06 17:30:50,987 INFO  - Already have ACK (at simulation time 415.000,000,000 s)
2025-06-06 17:30:50,988 INFO  - Already have ACK (at simulation time 415.000,000,000 s)
2025-06-06 17:30:50,988 INFO  - Already have ACK (at simulation time 415.000,000,000 s)
2025-06-06 17:30:50,988 INFO  - Already have ACK (at simulation time 415.000,000,000 s)
2025-06-06 17:30:50,988 INFO  - Already have ACK (at simulation time 415.000,000,000 s)
2025-06-06 17:30:50,988 INFO  - Already have ACK (at simulation time 415.000,000,000 s)
2025-06-06 17:30:50,988 INFO  - Already have ACK (at simulation time 415.000,000,000 s)
2025-06-06 17:30:50,988 INFO  - Already have ACK (at simulation time 415.000,000,000 s)
2025-06-06 17:30:50,988 INFO  - Already have ACK (at simulation time 415.000,000,000 s)
2025-06-06 17:30:50,988 INFO  - Already have ACK (at simulation time 415.000,000,000 s)
2025-06-06 17:30:50,988 INFO  - Already have ACK (at simulation time 415.000,000,000 s)
2025-06-06 17:30:50,988 INFO  - Already have ACK (at simulation time 415.000,000,000 s)
2025-06-06 17:30:50,988 INFO  - Already have ACK (at simulation time 415.000,000,000 s)
2025-06-06 17:30:50,988 INFO  - Already have ACK (at simulation time 415.000,000,000 s)
2025-06-06 17:30:50,988 INFO  - Already have ACK (at simulation time 415.000,000,000 s)
2025-06-06 17:30:50,988 INFO  - Already have ACK (at simulation time 415.000,000,000 s)
2025-06-06 17:30:50,988 INFO  - Already have ACK (at simulation time 415.000,000,000 s)
2025-06-06 17:30:50,988 INFO  - Already have ACK (at simulation time 415.000,000,000 s)
2025-06-06 17:30:50,988 INFO  - Already have ACK (at simulation time 415.000,000,000 s)
2025-06-06 17:30:50,988 INFO  - Already have ACK (at simulation time 415.000,000,000 s)
2025-06-06 17:30:50,988 INFO  - Already have ACK (at simulation time 415.000,000,000 s)
2025-06-06 17:30:50,988 INFO  - Already have ACK (at simulation time 415.000,000,000 s)
2025-06-06 17:30:50,988 INFO  - Already have ACK (at simulation time 415.000,000,000 s)
2025-06-06 17:30:50,988 INFO  - Already have ACK (at simulation time 415.000,000,000 s)
2025-06-06 17:30:50,989 INFO  - Already have ACK (at simulation time 415.000,000,000 s)
2025-06-06 17:30:50,989 INFO  - Already have ACK (at simulation time 415.000,000,000 s)
2025-06-06 17:30:50,989 INFO  - Already have ACK (at simulation time 415.000,000,000 s)
2025-06-06 17:30:50,989 INFO  - Already have ACK (at simulation time 415.000,000,000 s)
2025-06-06 17:30:50,989 INFO  - Already have ACK (at simulation time 415.000,000,000 s)
2025-06-06 17:30:50,989 INFO  - Already have ACK (at simulation time 415.000,000,000 s)
2025-06-06 17:30:50,989 INFO  - Already have ACK (at simulation time 415.000,000,000 s)
2025-06-06 17:30:50,989 INFO  - Already have ACK (at simulation time 415.000,000,000 s)
2025-06-06 17:30:50,989 INFO  - Already have ACK (at simulation time 415.000,000,000 s)
2025-06-06 17:30:50,989 INFO  - Already have ACK (at simulation time 415.000,000,000 s)
2025-06-06 17:30:50,989 INFO  - Already have ACK (at simulation time 415.000,000,000 s)
2025-06-06 17:30:50,989 INFO  - Already have ACK (at simulation time 415.000,000,000 s)
2025-06-06 17:30:50,989 INFO  - Already have ACK (at simulation time 415.000,000,000 s)
2025-06-06 17:30:50,989 INFO  - Already have ACK (at simulation time 415.000,000,000 s)
2025-06-06 17:30:50,989 INFO  - Already have ACK (at simulation time 415.000,000,000 s)
2025-06-06 17:30:50,989 INFO  - Already have ACK (at simulation time 415.000,000,000 s)
2025-06-06 17:30:50,989 INFO  - Already have ACK (at simulation time 415.000,000,000 s)
2025-06-06 17:30:50,989 INFO  - Already have ACK (at simulation time 415.000,000,000 s)
2025-06-06 17:30:50,989 INFO  - Already have ACK (at simulation time 415.000,000,000 s)
2025-06-06 17:30:50,989 INFO  - Already have ACK (at simulation time 415.000,000,000 s)
2025-06-06 17:30:50,989 INFO  - Already have ACK (at simulation time 415.000,000,000 s)
2025-06-06 17:30:50,989 INFO  - Already have ACK (at simulation time 415.000,000,000 s)
2025-06-06 17:30:50,989 INFO  - Already have ACK (at simulation time 415.000,000,000 s)
2025-06-06 17:30:50,989 INFO  - Already have ACK (at simulation time 415.000,000,000 s)
2025-06-06 17:30:50,989 INFO  - Already have ACK (at simulation time 415.000,000,000 s)
2025-06-06 17:30:50,989 INFO  - Already have ACK (at simulation time 415.000,000,000 s)
2025-06-06 17:30:50,989 INFO  - Already have ACK (at simulation time 415.000,000,000 s)
2025-06-06 17:30:50,989 INFO  - Already have ACK (at simulation time 415.000,000,000 s)
2025-06-06 17:30:50,989 INFO  - Already have ACK (at simulation time 415.000,000,000 s)
2025-06-06 17:30:50,990 INFO  - Sent periodic GreenWaveMsg: veh_67 on route r_1 (at simulation time 416.000,000,000 s)
2025-06-06 17:30:50,990 INFO  - Already have ACK (at simulation time 416.000,000,000 s)
2025-06-06 17:30:50,991 INFO  - Already have ACK (at simulation time 416.000,000,000 s)
2025-06-06 17:30:50,991 INFO  - Already have ACK (at simulation time 416.000,000,000 s)
2025-06-06 17:30:50,991 INFO  - Already have ACK (at simulation time 416.000,000,000 s)
2025-06-06 17:30:50,991 INFO  - Already have ACK (at simulation time 416.000,000,000 s)
2025-06-06 17:30:50,991 INFO  - Already have ACK (at simulation time 416.000,000,000 s)
2025-06-06 17:30:50,991 INFO  - Already have ACK (at simulation time 416.000,000,000 s)
2025-06-06 17:30:50,991 INFO  - Already have ACK (at simulation time 416.000,000,000 s)
2025-06-06 17:30:50,991 INFO  - Already have ACK (at simulation time 416.000,000,000 s)
2025-06-06 17:30:50,991 INFO  - Already have ACK (at simulation time 416.000,000,000 s)
2025-06-06 17:30:50,991 INFO  - Already have ACK (at simulation time 416.000,000,000 s)
2025-06-06 17:30:50,991 INFO  - Already have ACK (at simulation time 416.000,000,000 s)
2025-06-06 17:30:50,991 INFO  - Already have ACK (at simulation time 416.000,000,000 s)
2025-06-06 17:30:50,991 INFO  - Already have ACK (at simulation time 416.000,000,000 s)
2025-06-06 17:30:50,991 INFO  - Already have ACK (at simulation time 416.000,000,000 s)
2025-06-06 17:30:50,991 INFO  - Already have ACK (at simulation time 416.000,000,000 s)
2025-06-06 17:30:50,991 INFO  - Already have ACK (at simulation time 416.000,000,000 s)
2025-06-06 17:30:50,991 INFO  - Already have ACK (at simulation time 416.000,000,000 s)
2025-06-06 17:30:50,992 INFO  - Already have ACK (at simulation time 416.000,000,000 s)
2025-06-06 17:30:50,992 INFO  - Already have ACK (at simulation time 416.000,000,000 s)
2025-06-06 17:30:50,992 INFO  - Already have ACK (at simulation time 416.000,000,000 s)
2025-06-06 17:30:50,992 INFO  - Already have ACK (at simulation time 416.000,000,000 s)
2025-06-06 17:30:50,992 INFO  - Already have ACK (at simulation time 416.000,000,000 s)
2025-06-06 17:30:50,992 INFO  - Already have ACK (at simulation time 416.000,000,000 s)
2025-06-06 17:30:50,992 INFO  - Already have ACK (at simulation time 416.000,000,000 s)
2025-06-06 17:30:50,992 INFO  - Already have ACK (at simulation time 416.000,000,000 s)
2025-06-06 17:30:50,992 INFO  - Already have ACK (at simulation time 416.000,000,000 s)
2025-06-06 17:30:50,992 INFO  - Already have ACK (at simulation time 416.000,000,000 s)
2025-06-06 17:30:50,992 INFO  - Already have ACK (at simulation time 416.000,000,000 s)
2025-06-06 17:30:50,992 INFO  - Already have ACK (at simulation time 416.000,000,000 s)
2025-06-06 17:30:50,992 INFO  - Already have ACK (at simulation time 416.000,000,000 s)
2025-06-06 17:30:50,992 INFO  - Already have ACK (at simulation time 416.000,000,000 s)
2025-06-06 17:30:50,992 INFO  - Already have ACK (at simulation time 416.000,000,000 s)
2025-06-06 17:30:50,992 INFO  - Already have ACK (at simulation time 416.000,000,000 s)
2025-06-06 17:30:50,992 INFO  - Already have ACK (at simulation time 416.000,000,000 s)
2025-06-06 17:30:50,992 INFO  - Already have ACK (at simulation time 416.000,000,000 s)
2025-06-06 17:30:50,992 INFO  - Already have ACK (at simulation time 416.000,000,000 s)
2025-06-06 17:30:50,992 INFO  - Already have ACK (at simulation time 416.000,000,000 s)
2025-06-06 17:30:50,992 INFO  - Already have ACK (at simulation time 416.000,000,000 s)
2025-06-06 17:30:50,992 INFO  - Already have ACK (at simulation time 416.000,000,000 s)
2025-06-06 17:30:50,992 INFO  - Already have ACK (at simulation time 416.000,000,000 s)
2025-06-06 17:30:50,992 INFO  - Already have ACK (at simulation time 416.000,000,000 s)
2025-06-06 17:30:50,993 INFO  - Already have ACK (at simulation time 416.000,000,000 s)
2025-06-06 17:30:50,993 INFO  - Already have ACK (at simulation time 416.000,000,000 s)
2025-06-06 17:30:50,993 INFO  - Already have ACK (at simulation time 416.000,000,000 s)
2025-06-06 17:30:50,993 INFO  - Already have ACK (at simulation time 416.000,000,000 s)
2025-06-06 17:30:50,993 INFO  - Already have ACK (at simulation time 416.000,000,000 s)
2025-06-06 17:30:50,993 INFO  - Already have ACK (at simulation time 416.000,000,000 s)
2025-06-06 17:30:50,993 INFO  - Already have ACK (at simulation time 416.000,000,000 s)
2025-06-06 17:30:50,993 INFO  - Already have ACK (at simulation time 416.000,000,000 s)
2025-06-06 17:30:50,993 INFO  - Already have ACK (at simulation time 416.000,000,000 s)
2025-06-06 17:30:50,993 INFO  - Already have ACK (at simulation time 416.000,000,000 s)
2025-06-06 17:30:50,993 INFO  - Already have ACK (at simulation time 416.000,000,000 s)
2025-06-06 17:30:50,993 INFO  - Already have ACK (at simulation time 416.000,000,000 s)
2025-06-06 17:30:50,993 INFO  - Already have ACK (at simulation time 416.000,000,000 s)
2025-06-06 17:30:50,993 INFO  - Already have ACK (at simulation time 416.000,000,000 s)
2025-06-06 17:30:50,993 INFO  - Already have ACK (at simulation time 416.000,000,000 s)
2025-06-06 17:30:50,993 INFO  - Already have ACK (at simulation time 416.000,000,000 s)
2025-06-06 17:30:50,993 INFO  - Already have ACK (at simulation time 416.000,000,000 s)
2025-06-06 17:30:50,993 INFO  - Already have ACK (at simulation time 416.000,000,000 s)
2025-06-06 17:30:50,993 INFO  - Already have ACK (at simulation time 416.000,000,000 s)
2025-06-06 17:30:50,993 INFO  - Already have ACK (at simulation time 416.000,000,000 s)
2025-06-06 17:30:50,993 INFO  - Already have ACK (at simulation time 416.000,000,000 s)
2025-06-06 17:30:50,993 INFO  - Already have ACK (at simulation time 416.000,000,000 s)
2025-06-06 17:30:50,993 INFO  - Already have ACK (at simulation time 416.000,000,000 s)
2025-06-06 17:30:50,993 INFO  - Already have ACK (at simulation time 416.000,000,000 s)
2025-06-06 17:30:50,993 INFO  - Already have ACK (at simulation time 416.000,000,000 s)
2025-06-06 17:30:50,993 INFO  - Already have ACK (at simulation time 416.000,000,000 s)
2025-06-06 17:30:50,993 INFO  - Already have ACK (at simulation time 416.000,000,000 s)
2025-06-06 17:30:50,993 INFO  - Already have ACK (at simulation time 416.000,000,000 s)
2025-06-06 17:30:50,993 INFO  - Already have ACK (at simulation time 416.000,000,000 s)
2025-06-06 17:30:50,995 INFO  - Shutdown application (at simulation time 417.000,000,000 s)
