2025-05-28 00:19:06,139 INFO  - ------------------------------------------------------------------------------------- (at simulation time 665.000,000,000 s)
2025-05-28 00:19:06,140 INFO  - Initialize veh_129 application (at simulation time 665.000,000,000 s)
2025-05-28 00:19:06,140 INFO  - Activated WLAN Module (at simulation time 665.000,000,000 s)
2025-05-28 00:19:06,140 INFO  - ACK = false (at simulation time 665.000,000,000 s)
2025-05-28 00:19:06,140 INFO  - ------------------------------------------------------------------------------------- (at simulation time 665.000,000,000 s)
2025-05-28 00:19:06,140 INFO  - ------------------------------------------------------------------------------------- (at simulation time 665.000,000,000 s)
2025-05-28 00:19:06,140 INFO  - My Route = r_1 (at simulation time 665.000,000,000 s)
2025-05-28 00:19:06,140 INFO  - distance to RSU = 135.08460204537914 (at simulation time 665.000,000,000 s)
2025-05-28 00:19:06,140 INFO  - ------------------------------------------------------------------------------------- (at simulation time 665.000,000,000 s)
2025-05-28 00:19:06,140 INFO  - I have no neighbours to send! (at simulation time 665.000,000,000 s)
2025-05-28 00:19:06,140 INFO  - ------------------------------------------------------------------------------------- (at simulation time 665.000,000,000 s)
2025-05-28 00:19:06,140 INFO  - Tried sending message to other car (at simulation time 665.000,000,000 s)
2025-05-28 00:19:06,140 INFO  - ACK = false (at simulation time 665.000,000,000 s)
2025-05-28 00:19:06,140 INFO  - ------------------------------------------------------------------------------------- (at simulation time 665.000,000,000 s)
2025-05-28 00:19:06,227 INFO  - ------------------------------------------------------------------------------------- (at simulation time 665.000,000,010 s)
2025-05-28 00:19:06,227 INFO  - Processing event (at simulation time 665.000,000,010 s)
2025-05-28 00:19:06,227 INFO  - ------------------------------------------------------------------------------------- (at simulation time 665.000,000,010 s)
2025-05-28 00:19:06,227 INFO  - My Route = r_1 (at simulation time 665.000,000,010 s)
2025-05-28 00:19:06,227 INFO  - distance to RSU = 135.08460204537914 (at simulation time 665.000,000,010 s)
2025-05-28 00:19:06,227 INFO  - ------------------------------------------------------------------------------------- (at simulation time 665.000,000,010 s)
2025-05-28 00:19:06,227 INFO  - I have no neighbours to send! (at simulation time 665.000,000,010 s)
2025-05-28 00:19:06,227 INFO  - ------------------------------------------------------------------------------------- (at simulation time 665.000,000,010 s)
2025-05-28 00:19:06,227 INFO  - Tried sending message to other car (at simulation time 665.000,000,010 s)
2025-05-28 00:19:06,227 INFO  - ACK = false (at simulation time 665.000,000,010 s)
2025-05-28 00:19:06,227 INFO  - ------------------------------------------------------------------------------------- (at simulation time 665.000,000,010 s)
2025-05-28 00:19:06,227 INFO  - ------------------------------------------------------------------------------------- (at simulation time 665.000,000,010 s)
2025-05-28 00:19:06,237 INFO  - ------------------------------------------------------------------------------------- (at simulation time 666.000,000,000 s)
2025-05-28 00:19:06,237 INFO  - My Route = r_1 (at simulation time 666.000,000,000 s)
2025-05-28 00:19:06,237 INFO  - distance to RSU = 127.64052188046121 (at simulation time 666.000,000,000 s)
2025-05-28 00:19:06,237 INFO  - ------------------------------------------------------------------------------------- (at simulation time 666.000,000,000 s)
2025-05-28 00:19:06,237 INFO  - I have no neighbours to send! (at simulation time 666.000,000,000 s)
2025-05-28 00:19:06,237 INFO  - ------------------------------------------------------------------------------------- (at simulation time 666.000,000,000 s)
2025-05-28 00:19:06,237 INFO  - Tried sending message to other car (at simulation time 666.000,000,000 s)
2025-05-28 00:19:06,237 INFO  - ACK = false (at simulation time 666.000,000,000 s)
2025-05-28 00:19:06,237 INFO  - ------------------------------------------------------------------------------------- (at simulation time 666.000,000,000 s)
2025-05-28 00:19:06,237 INFO  - ------------------------------------------------------------------------------------- (at simulation time 666.000,000,000 s)
2025-05-28 00:19:06,237 INFO  - Processing event (at simulation time 666.000,000,000 s)
2025-05-28 00:19:06,237 INFO  - ------------------------------------------------------------------------------------- (at simulation time 666.000,000,000 s)
2025-05-28 00:19:06,237 INFO  - My Route = r_1 (at simulation time 666.000,000,000 s)
2025-05-28 00:19:06,237 INFO  - distance to RSU = 127.64052188046121 (at simulation time 666.000,000,000 s)
2025-05-28 00:19:06,237 INFO  - ------------------------------------------------------------------------------------- (at simulation time 666.000,000,000 s)
2025-05-28 00:19:06,237 INFO  - I have no neighbours to send! (at simulation time 666.000,000,000 s)
2025-05-28 00:19:06,237 INFO  - ------------------------------------------------------------------------------------- (at simulation time 666.000,000,000 s)
2025-05-28 00:19:06,237 INFO  - Tried sending message to other car (at simulation time 666.000,000,000 s)
2025-05-28 00:19:06,237 INFO  - ACK = false (at simulation time 666.000,000,000 s)
2025-05-28 00:19:06,237 INFO  - ------------------------------------------------------------------------------------- (at simulation time 666.000,000,000 s)
2025-05-28 00:19:06,237 INFO  - ------------------------------------------------------------------------------------- (at simulation time 666.000,000,000 s)
2025-05-28 00:19:06,325 INFO  - ------------------------------------------------------------------------------------- (at simulation time 666.000,000,010 s)
2025-05-28 00:19:06,325 INFO  - Processing event (at simulation time 666.000,000,010 s)
2025-05-28 00:19:06,325 INFO  - ------------------------------------------------------------------------------------- (at simulation time 666.000,000,010 s)
2025-05-28 00:19:06,325 INFO  - My Route = r_1 (at simulation time 666.000,000,010 s)
2025-05-28 00:19:06,325 INFO  - distance to RSU = 127.64052188046121 (at simulation time 666.000,000,010 s)
2025-05-28 00:19:06,325 INFO  - ------------------------------------------------------------------------------------- (at simulation time 666.000,000,010 s)
2025-05-28 00:19:06,325 INFO  - I have no neighbours to send! (at simulation time 666.000,000,010 s)
2025-05-28 00:19:06,325 INFO  - ------------------------------------------------------------------------------------- (at simulation time 666.000,000,010 s)
2025-05-28 00:19:06,325 INFO  - Tried sending message to other car (at simulation time 666.000,000,010 s)
2025-05-28 00:19:06,325 INFO  - ACK = false (at simulation time 666.000,000,010 s)
2025-05-28 00:19:06,325 INFO  - ------------------------------------------------------------------------------------- (at simulation time 666.000,000,010 s)
2025-05-28 00:19:06,325 INFO  - ------------------------------------------------------------------------------------- (at simulation time 666.000,000,010 s)
2025-05-28 00:19:06,327 INFO  - ------------------------------------------------------------------------------------- (at simulation time 666.000,000,010 s)
2025-05-28 00:19:06,327 INFO  - Processing event (at simulation time 666.000,000,010 s)
2025-05-28 00:19:06,327 INFO  - ------------------------------------------------------------------------------------- (at simulation time 666.000,000,010 s)
2025-05-28 00:19:06,327 INFO  - My Route = r_1 (at simulation time 666.000,000,010 s)
2025-05-28 00:19:06,327 INFO  - distance to RSU = 127.64052188046121 (at simulation time 666.000,000,010 s)
2025-05-28 00:19:06,327 INFO  - ------------------------------------------------------------------------------------- (at simulation time 666.000,000,010 s)
2025-05-28 00:19:06,327 INFO  - I have no neighbours to send! (at simulation time 666.000,000,010 s)
2025-05-28 00:19:06,327 INFO  - ------------------------------------------------------------------------------------- (at simulation time 666.000,000,010 s)
2025-05-28 00:19:06,327 INFO  - Tried sending message to other car (at simulation time 666.000,000,010 s)
2025-05-28 00:19:06,327 INFO  - ACK = false (at simulation time 666.000,000,010 s)
2025-05-28 00:19:06,327 INFO  - ------------------------------------------------------------------------------------- (at simulation time 666.000,000,010 s)
2025-05-28 00:19:06,327 INFO  - ------------------------------------------------------------------------------------- (at simulation time 666.000,000,010 s)
2025-05-28 00:19:06,330 INFO  - ------------------------------------------------------------------------------------- (at simulation time 667.000,000,000 s)
2025-05-28 00:19:06,330 INFO  - My Route = r_1 (at simulation time 667.000,000,000 s)
2025-05-28 00:19:06,330 INFO  - distance to RSU = 120.33463742782939 (at simulation time 667.000,000,000 s)
2025-05-28 00:19:06,330 INFO  - ------------------------------------------------------------------------------------- (at simulation time 667.000,000,000 s)
2025-05-28 00:19:06,330 INFO  - I have no neighbours to send! (at simulation time 667.000,000,000 s)
2025-05-28 00:19:06,330 INFO  - ------------------------------------------------------------------------------------- (at simulation time 667.000,000,000 s)
2025-05-28 00:19:06,330 INFO  - Tried sending message to other car (at simulation time 667.000,000,000 s)
2025-05-28 00:19:06,330 INFO  - ACK = false (at simulation time 667.000,000,000 s)
2025-05-28 00:19:06,330 INFO  - ------------------------------------------------------------------------------------- (at simulation time 667.000,000,000 s)
2025-05-28 00:19:06,331 INFO  - ------------------------------------------------------------------------------------- (at simulation time 667.000,000,000 s)
2025-05-28 00:19:06,331 INFO  - Processing event (at simulation time 667.000,000,000 s)
2025-05-28 00:19:06,331 INFO  - ------------------------------------------------------------------------------------- (at simulation time 667.000,000,000 s)
2025-05-28 00:19:06,331 INFO  - My Route = r_1 (at simulation time 667.000,000,000 s)
2025-05-28 00:19:06,331 INFO  - distance to RSU = 120.33463742782939 (at simulation time 667.000,000,000 s)
2025-05-28 00:19:06,331 INFO  - ------------------------------------------------------------------------------------- (at simulation time 667.000,000,000 s)
2025-05-28 00:19:06,331 INFO  - I have no neighbours to send! (at simulation time 667.000,000,000 s)
2025-05-28 00:19:06,331 INFO  - ------------------------------------------------------------------------------------- (at simulation time 667.000,000,000 s)
2025-05-28 00:19:06,331 INFO  - Tried sending message to other car (at simulation time 667.000,000,000 s)
2025-05-28 00:19:06,331 INFO  - ACK = false (at simulation time 667.000,000,000 s)
2025-05-28 00:19:06,331 INFO  - ------------------------------------------------------------------------------------- (at simulation time 667.000,000,000 s)
2025-05-28 00:19:06,331 INFO  - ------------------------------------------------------------------------------------- (at simulation time 667.000,000,000 s)
2025-05-28 00:19:06,331 INFO  - ------------------------------------------------------------------------------------- (at simulation time 667.000,000,000 s)
2025-05-28 00:19:06,331 INFO  - Processing event (at simulation time 667.000,000,000 s)
2025-05-28 00:19:06,331 INFO  - ------------------------------------------------------------------------------------- (at simulation time 667.000,000,000 s)
2025-05-28 00:19:06,331 INFO  - My Route = r_1 (at simulation time 667.000,000,000 s)
2025-05-28 00:19:06,331 INFO  - distance to RSU = 120.33463742782939 (at simulation time 667.000,000,000 s)
2025-05-28 00:19:06,331 INFO  - ------------------------------------------------------------------------------------- (at simulation time 667.000,000,000 s)
2025-05-28 00:19:06,331 INFO  - I have no neighbours to send! (at simulation time 667.000,000,000 s)
2025-05-28 00:19:06,331 INFO  - ------------------------------------------------------------------------------------- (at simulation time 667.000,000,000 s)
2025-05-28 00:19:06,331 INFO  - Tried sending message to other car (at simulation time 667.000,000,000 s)
2025-05-28 00:19:06,331 INFO  - ACK = false (at simulation time 667.000,000,000 s)
2025-05-28 00:19:06,331 INFO  - ------------------------------------------------------------------------------------- (at simulation time 667.000,000,000 s)
2025-05-28 00:19:06,331 INFO  - ------------------------------------------------------------------------------------- (at simulation time 667.000,000,000 s)
2025-05-28 00:19:06,416 INFO  - ------------------------------------------------------------------------------------- (at simulation time 667.000,000,010 s)
2025-05-28 00:19:06,416 INFO  - Processing event (at simulation time 667.000,000,010 s)
2025-05-28 00:19:06,416 INFO  - ------------------------------------------------------------------------------------- (at simulation time 667.000,000,010 s)
2025-05-28 00:19:06,416 INFO  - My Route = r_1 (at simulation time 667.000,000,010 s)
2025-05-28 00:19:06,416 INFO  - distance to RSU = 120.33463742782939 (at simulation time 667.000,000,010 s)
2025-05-28 00:19:06,416 INFO  - ------------------------------------------------------------------------------------- (at simulation time 667.000,000,010 s)
2025-05-28 00:19:06,416 INFO  - I have no neighbours to send! (at simulation time 667.000,000,010 s)
2025-05-28 00:19:06,416 INFO  - ------------------------------------------------------------------------------------- (at simulation time 667.000,000,010 s)
2025-05-28 00:19:06,416 INFO  - Tried sending message to other car (at simulation time 667.000,000,010 s)
2025-05-28 00:19:06,416 INFO  - ACK = false (at simulation time 667.000,000,010 s)
2025-05-28 00:19:06,416 INFO  - ------------------------------------------------------------------------------------- (at simulation time 667.000,000,010 s)
2025-05-28 00:19:06,416 INFO  - ------------------------------------------------------------------------------------- (at simulation time 667.000,000,010 s)
2025-05-28 00:19:06,417 INFO  - ------------------------------------------------------------------------------------- (at simulation time 667.000,000,010 s)
2025-05-28 00:19:06,417 INFO  - Processing event (at simulation time 667.000,000,010 s)
2025-05-28 00:19:06,417 INFO  - ------------------------------------------------------------------------------------- (at simulation time 667.000,000,010 s)
2025-05-28 00:19:06,417 INFO  - My Route = r_1 (at simulation time 667.000,000,010 s)
2025-05-28 00:19:06,417 INFO  - distance to RSU = 120.33463742782939 (at simulation time 667.000,000,010 s)
2025-05-28 00:19:06,417 INFO  - ------------------------------------------------------------------------------------- (at simulation time 667.000,000,010 s)
2025-05-28 00:19:06,417 INFO  - I have no neighbours to send! (at simulation time 667.000,000,010 s)
2025-05-28 00:19:06,417 INFO  - ------------------------------------------------------------------------------------- (at simulation time 667.000,000,010 s)
2025-05-28 00:19:06,417 INFO  - Tried sending message to other car (at simulation time 667.000,000,010 s)
2025-05-28 00:19:06,417 INFO  - ACK = false (at simulation time 667.000,000,010 s)
2025-05-28 00:19:06,417 INFO  - ------------------------------------------------------------------------------------- (at simulation time 667.000,000,010 s)
2025-05-28 00:19:06,417 INFO  - ------------------------------------------------------------------------------------- (at simulation time 667.000,000,010 s)
2025-05-28 00:19:06,419 INFO  - ------------------------------------------------------------------------------------- (at simulation time 667.000,000,010 s)
2025-05-28 00:19:06,419 INFO  - Processing event (at simulation time 667.000,000,010 s)
2025-05-28 00:19:06,419 INFO  - ------------------------------------------------------------------------------------- (at simulation time 667.000,000,010 s)
2025-05-28 00:19:06,419 INFO  - My Route = r_1 (at simulation time 667.000,000,010 s)
2025-05-28 00:19:06,419 INFO  - distance to RSU = 120.33463742782939 (at simulation time 667.000,000,010 s)
2025-05-28 00:19:06,419 INFO  - ------------------------------------------------------------------------------------- (at simulation time 667.000,000,010 s)
2025-05-28 00:19:06,419 INFO  - I have no neighbours to send! (at simulation time 667.000,000,010 s)
2025-05-28 00:19:06,419 INFO  - ------------------------------------------------------------------------------------- (at simulation time 667.000,000,010 s)
2025-05-28 00:19:06,419 INFO  - Tried sending message to other car (at simulation time 667.000,000,010 s)
2025-05-28 00:19:06,419 INFO  - ACK = false (at simulation time 667.000,000,010 s)
2025-05-28 00:19:06,419 INFO  - ------------------------------------------------------------------------------------- (at simulation time 667.000,000,010 s)
2025-05-28 00:19:06,419 INFO  - ------------------------------------------------------------------------------------- (at simulation time 667.000,000,010 s)
2025-05-28 00:19:06,422 INFO  - ------------------------------------------------------------------------------------- (at simulation time 668.000,000,000 s)
2025-05-28 00:19:06,422 INFO  - My Route = r_1 (at simulation time 668.000,000,000 s)
2025-05-28 00:19:06,422 INFO  - distance to RSU = 112.57761614125079 (at simulation time 668.000,000,000 s)
2025-05-28 00:19:06,422 INFO  - ------------------------------------------------------------------------------------- (at simulation time 668.000,000,000 s)
2025-05-28 00:19:06,422 INFO  - I have no neighbours to send! (at simulation time 668.000,000,000 s)
2025-05-28 00:19:06,422 INFO  - ------------------------------------------------------------------------------------- (at simulation time 668.000,000,000 s)
2025-05-28 00:19:06,422 INFO  - Tried sending message to other car (at simulation time 668.000,000,000 s)
2025-05-28 00:19:06,422 INFO  - ACK = false (at simulation time 668.000,000,000 s)
2025-05-28 00:19:06,422 INFO  - ------------------------------------------------------------------------------------- (at simulation time 668.000,000,000 s)
2025-05-28 00:19:06,422 INFO  - ------------------------------------------------------------------------------------- (at simulation time 668.000,000,000 s)
2025-05-28 00:19:06,422 INFO  - Processing event (at simulation time 668.000,000,000 s)
2025-05-28 00:19:06,422 INFO  - ------------------------------------------------------------------------------------- (at simulation time 668.000,000,000 s)
2025-05-28 00:19:06,422 INFO  - My Route = r_1 (at simulation time 668.000,000,000 s)
2025-05-28 00:19:06,422 INFO  - distance to RSU = 112.57761614125079 (at simulation time 668.000,000,000 s)
2025-05-28 00:19:06,422 INFO  - ------------------------------------------------------------------------------------- (at simulation time 668.000,000,000 s)
2025-05-28 00:19:06,422 INFO  - I have no neighbours to send! (at simulation time 668.000,000,000 s)
2025-05-28 00:19:06,422 INFO  - ------------------------------------------------------------------------------------- (at simulation time 668.000,000,000 s)
2025-05-28 00:19:06,422 INFO  - Tried sending message to other car (at simulation time 668.000,000,000 s)
2025-05-28 00:19:06,422 INFO  - ACK = false (at simulation time 668.000,000,000 s)
2025-05-28 00:19:06,422 INFO  - ------------------------------------------------------------------------------------- (at simulation time 668.000,000,000 s)
2025-05-28 00:19:06,422 INFO  - ------------------------------------------------------------------------------------- (at simulation time 668.000,000,000 s)
2025-05-28 00:19:06,423 INFO  - ------------------------------------------------------------------------------------- (at simulation time 668.000,000,000 s)
2025-05-28 00:19:06,423 INFO  - Processing event (at simulation time 668.000,000,000 s)
2025-05-28 00:19:06,423 INFO  - ------------------------------------------------------------------------------------- (at simulation time 668.000,000,000 s)
2025-05-28 00:19:06,423 INFO  - My Route = r_1 (at simulation time 668.000,000,000 s)
2025-05-28 00:19:06,423 INFO  - distance to RSU = 112.57761614125079 (at simulation time 668.000,000,000 s)
2025-05-28 00:19:06,423 INFO  - ------------------------------------------------------------------------------------- (at simulation time 668.000,000,000 s)
2025-05-28 00:19:06,423 INFO  - I have no neighbours to send! (at simulation time 668.000,000,000 s)
2025-05-28 00:19:06,423 INFO  - ------------------------------------------------------------------------------------- (at simulation time 668.000,000,000 s)
2025-05-28 00:19:06,423 INFO  - Tried sending message to other car (at simulation time 668.000,000,000 s)
2025-05-28 00:19:06,423 INFO  - ACK = false (at simulation time 668.000,000,000 s)
2025-05-28 00:19:06,423 INFO  - ------------------------------------------------------------------------------------- (at simulation time 668.000,000,000 s)
2025-05-28 00:19:06,423 INFO  - ------------------------------------------------------------------------------------- (at simulation time 668.000,000,000 s)
2025-05-28 00:19:06,423 INFO  - ------------------------------------------------------------------------------------- (at simulation time 668.000,000,000 s)
2025-05-28 00:19:06,423 INFO  - Processing event (at simulation time 668.000,000,000 s)
2025-05-28 00:19:06,423 INFO  - ------------------------------------------------------------------------------------- (at simulation time 668.000,000,000 s)
2025-05-28 00:19:06,423 INFO  - My Route = r_1 (at simulation time 668.000,000,000 s)
2025-05-28 00:19:06,423 INFO  - distance to RSU = 112.57761614125079 (at simulation time 668.000,000,000 s)
2025-05-28 00:19:06,423 INFO  - ------------------------------------------------------------------------------------- (at simulation time 668.000,000,000 s)
2025-05-28 00:19:06,423 INFO  - I have no neighbours to send! (at simulation time 668.000,000,000 s)
2025-05-28 00:19:06,423 INFO  - ------------------------------------------------------------------------------------- (at simulation time 668.000,000,000 s)
2025-05-28 00:19:06,423 INFO  - Tried sending message to other car (at simulation time 668.000,000,000 s)
2025-05-28 00:19:06,423 INFO  - ACK = false (at simulation time 668.000,000,000 s)
2025-05-28 00:19:06,423 INFO  - ------------------------------------------------------------------------------------- (at simulation time 668.000,000,000 s)
2025-05-28 00:19:06,423 INFO  - ------------------------------------------------------------------------------------- (at simulation time 668.000,000,000 s)
2025-05-28 00:19:06,510 INFO  - ------------------------------------------------------------------------------------- (at simulation time 668.000,000,010 s)
2025-05-28 00:19:06,510 INFO  - Processing event (at simulation time 668.000,000,010 s)
2025-05-28 00:19:06,510 INFO  - ------------------------------------------------------------------------------------- (at simulation time 668.000,000,010 s)
2025-05-28 00:19:06,510 INFO  - My Route = r_1 (at simulation time 668.000,000,010 s)
2025-05-28 00:19:06,510 INFO  - distance to RSU = 112.57761614125079 (at simulation time 668.000,000,010 s)
2025-05-28 00:19:06,510 INFO  - ------------------------------------------------------------------------------------- (at simulation time 668.000,000,010 s)
2025-05-28 00:19:06,510 INFO  - I have no neighbours to send! (at simulation time 668.000,000,010 s)
2025-05-28 00:19:06,510 INFO  - ------------------------------------------------------------------------------------- (at simulation time 668.000,000,010 s)
2025-05-28 00:19:06,510 INFO  - Tried sending message to other car (at simulation time 668.000,000,010 s)
2025-05-28 00:19:06,510 INFO  - ACK = false (at simulation time 668.000,000,010 s)
2025-05-28 00:19:06,510 INFO  - ------------------------------------------------------------------------------------- (at simulation time 668.000,000,010 s)
2025-05-28 00:19:06,510 INFO  - ------------------------------------------------------------------------------------- (at simulation time 668.000,000,010 s)
2025-05-28 00:19:06,511 INFO  - ------------------------------------------------------------------------------------- (at simulation time 668.000,000,010 s)
2025-05-28 00:19:06,511 INFO  - Processing event (at simulation time 668.000,000,010 s)
2025-05-28 00:19:06,511 INFO  - ------------------------------------------------------------------------------------- (at simulation time 668.000,000,010 s)
2025-05-28 00:19:06,511 INFO  - My Route = r_1 (at simulation time 668.000,000,010 s)
2025-05-28 00:19:06,511 INFO  - distance to RSU = 112.57761614125079 (at simulation time 668.000,000,010 s)
2025-05-28 00:19:06,511 INFO  - ------------------------------------------------------------------------------------- (at simulation time 668.000,000,010 s)
2025-05-28 00:19:06,511 INFO  - I have no neighbours to send! (at simulation time 668.000,000,010 s)
2025-05-28 00:19:06,511 INFO  - ------------------------------------------------------------------------------------- (at simulation time 668.000,000,010 s)
2025-05-28 00:19:06,511 INFO  - Tried sending message to other car (at simulation time 668.000,000,010 s)
2025-05-28 00:19:06,511 INFO  - ACK = false (at simulation time 668.000,000,010 s)
2025-05-28 00:19:06,511 INFO  - ------------------------------------------------------------------------------------- (at simulation time 668.000,000,010 s)
2025-05-28 00:19:06,511 INFO  - ------------------------------------------------------------------------------------- (at simulation time 668.000,000,010 s)
2025-05-28 00:19:06,512 INFO  - ------------------------------------------------------------------------------------- (at simulation time 668.000,000,010 s)
2025-05-28 00:19:06,512 INFO  - Processing event (at simulation time 668.000,000,010 s)
2025-05-28 00:19:06,512 INFO  - ------------------------------------------------------------------------------------- (at simulation time 668.000,000,010 s)
2025-05-28 00:19:06,512 INFO  - My Route = r_1 (at simulation time 668.000,000,010 s)
2025-05-28 00:19:06,512 INFO  - distance to RSU = 112.57761614125079 (at simulation time 668.000,000,010 s)
2025-05-28 00:19:06,512 INFO  - ------------------------------------------------------------------------------------- (at simulation time 668.000,000,010 s)
2025-05-28 00:19:06,512 INFO  - I have no neighbours to send! (at simulation time 668.000,000,010 s)
2025-05-28 00:19:06,512 INFO  - ------------------------------------------------------------------------------------- (at simulation time 668.000,000,010 s)
2025-05-28 00:19:06,512 INFO  - Tried sending message to other car (at simulation time 668.000,000,010 s)
2025-05-28 00:19:06,512 INFO  - ACK = false (at simulation time 668.000,000,010 s)
2025-05-28 00:19:06,512 INFO  - ------------------------------------------------------------------------------------- (at simulation time 668.000,000,010 s)
2025-05-28 00:19:06,512 INFO  - ------------------------------------------------------------------------------------- (at simulation time 668.000,000,010 s)
2025-05-28 00:19:06,513 INFO  - ------------------------------------------------------------------------------------- (at simulation time 668.000,000,010 s)
2025-05-28 00:19:06,513 INFO  - Processing event (at simulation time 668.000,000,010 s)
2025-05-28 00:19:06,513 INFO  - ------------------------------------------------------------------------------------- (at simulation time 668.000,000,010 s)
2025-05-28 00:19:06,513 INFO  - My Route = r_1 (at simulation time 668.000,000,010 s)
2025-05-28 00:19:06,513 INFO  - distance to RSU = 112.57761614125079 (at simulation time 668.000,000,010 s)
2025-05-28 00:19:06,513 INFO  - ------------------------------------------------------------------------------------- (at simulation time 668.000,000,010 s)
2025-05-28 00:19:06,513 INFO  - I have no neighbours to send! (at simulation time 668.000,000,010 s)
2025-05-28 00:19:06,513 INFO  - ------------------------------------------------------------------------------------- (at simulation time 668.000,000,010 s)
2025-05-28 00:19:06,513 INFO  - Tried sending message to other car (at simulation time 668.000,000,010 s)
2025-05-28 00:19:06,513 INFO  - ACK = false (at simulation time 668.000,000,010 s)
2025-05-28 00:19:06,513 INFO  - ------------------------------------------------------------------------------------- (at simulation time 668.000,000,010 s)
2025-05-28 00:19:06,513 INFO  - ------------------------------------------------------------------------------------- (at simulation time 668.000,000,010 s)
2025-05-28 00:19:06,516 INFO  - ------------------------------------------------------------------------------------- (at simulation time 669.000,000,000 s)
2025-05-28 00:19:06,516 INFO  - My Route = r_1 (at simulation time 669.000,000,000 s)
2025-05-28 00:19:06,516 INFO  - distance to RSU = 105.01595650259522 (at simulation time 669.000,000,000 s)
2025-05-28 00:19:06,516 INFO  - ------------------------------------------------------------------------------------- (at simulation time 669.000,000,000 s)
2025-05-28 00:19:06,516 INFO  - I have no neighbours to send! (at simulation time 669.000,000,000 s)
2025-05-28 00:19:06,516 INFO  - ------------------------------------------------------------------------------------- (at simulation time 669.000,000,000 s)
2025-05-28 00:19:06,516 INFO  - Tried sending message to other car (at simulation time 669.000,000,000 s)
2025-05-28 00:19:06,516 INFO  - ACK = false (at simulation time 669.000,000,000 s)
2025-05-28 00:19:06,516 INFO  - ------------------------------------------------------------------------------------- (at simulation time 669.000,000,000 s)
2025-05-28 00:19:06,516 INFO  - ------------------------------------------------------------------------------------- (at simulation time 669.000,000,000 s)
2025-05-28 00:19:06,516 INFO  - Processing event (at simulation time 669.000,000,000 s)
2025-05-28 00:19:06,516 INFO  - ------------------------------------------------------------------------------------- (at simulation time 669.000,000,000 s)
2025-05-28 00:19:06,516 INFO  - My Route = r_1 (at simulation time 669.000,000,000 s)
2025-05-28 00:19:06,516 INFO  - distance to RSU = 105.01595650259522 (at simulation time 669.000,000,000 s)
2025-05-28 00:19:06,516 INFO  - ------------------------------------------------------------------------------------- (at simulation time 669.000,000,000 s)
2025-05-28 00:19:06,516 INFO  - I have no neighbours to send! (at simulation time 669.000,000,000 s)
2025-05-28 00:19:06,516 INFO  - ------------------------------------------------------------------------------------- (at simulation time 669.000,000,000 s)
2025-05-28 00:19:06,516 INFO  - Tried sending message to other car (at simulation time 669.000,000,000 s)
2025-05-28 00:19:06,516 INFO  - ACK = false (at simulation time 669.000,000,000 s)
2025-05-28 00:19:06,516 INFO  - ------------------------------------------------------------------------------------- (at simulation time 669.000,000,000 s)
2025-05-28 00:19:06,516 INFO  - ------------------------------------------------------------------------------------- (at simulation time 669.000,000,000 s)
2025-05-28 00:19:06,517 INFO  - ------------------------------------------------------------------------------------- (at simulation time 669.000,000,000 s)
2025-05-28 00:19:06,517 INFO  - Processing event (at simulation time 669.000,000,000 s)
2025-05-28 00:19:06,517 INFO  - ------------------------------------------------------------------------------------- (at simulation time 669.000,000,000 s)
2025-05-28 00:19:06,517 INFO  - My Route = r_1 (at simulation time 669.000,000,000 s)
2025-05-28 00:19:06,517 INFO  - distance to RSU = 105.01595650259522 (at simulation time 669.000,000,000 s)
2025-05-28 00:19:06,517 INFO  - ------------------------------------------------------------------------------------- (at simulation time 669.000,000,000 s)
2025-05-28 00:19:06,517 INFO  - I have no neighbours to send! (at simulation time 669.000,000,000 s)
2025-05-28 00:19:06,517 INFO  - ------------------------------------------------------------------------------------- (at simulation time 669.000,000,000 s)
2025-05-28 00:19:06,517 INFO  - Tried sending message to other car (at simulation time 669.000,000,000 s)
2025-05-28 00:19:06,517 INFO  - ACK = false (at simulation time 669.000,000,000 s)
2025-05-28 00:19:06,517 INFO  - ------------------------------------------------------------------------------------- (at simulation time 669.000,000,000 s)
2025-05-28 00:19:06,517 INFO  - ------------------------------------------------------------------------------------- (at simulation time 669.000,000,000 s)
2025-05-28 00:19:06,518 INFO  - ------------------------------------------------------------------------------------- (at simulation time 669.000,000,000 s)
2025-05-28 00:19:06,518 INFO  - Processing event (at simulation time 669.000,000,000 s)
2025-05-28 00:19:06,518 INFO  - ------------------------------------------------------------------------------------- (at simulation time 669.000,000,000 s)
2025-05-28 00:19:06,518 INFO  - My Route = r_1 (at simulation time 669.000,000,000 s)
2025-05-28 00:19:06,518 INFO  - distance to RSU = 105.01595650259522 (at simulation time 669.000,000,000 s)
2025-05-28 00:19:06,518 INFO  - ------------------------------------------------------------------------------------- (at simulation time 669.000,000,000 s)
2025-05-28 00:19:06,518 INFO  - I have no neighbours to send! (at simulation time 669.000,000,000 s)
2025-05-28 00:19:06,518 INFO  - ------------------------------------------------------------------------------------- (at simulation time 669.000,000,000 s)
2025-05-28 00:19:06,518 INFO  - Tried sending message to other car (at simulation time 669.000,000,000 s)
2025-05-28 00:19:06,518 INFO  - ACK = false (at simulation time 669.000,000,000 s)
2025-05-28 00:19:06,518 INFO  - ------------------------------------------------------------------------------------- (at simulation time 669.000,000,000 s)
2025-05-28 00:19:06,518 INFO  - ------------------------------------------------------------------------------------- (at simulation time 669.000,000,000 s)
2025-05-28 00:19:06,518 INFO  - ------------------------------------------------------------------------------------- (at simulation time 669.000,000,000 s)
2025-05-28 00:19:06,518 INFO  - Processing event (at simulation time 669.000,000,000 s)
2025-05-28 00:19:06,518 INFO  - ------------------------------------------------------------------------------------- (at simulation time 669.000,000,000 s)
2025-05-28 00:19:06,518 INFO  - My Route = r_1 (at simulation time 669.000,000,000 s)
2025-05-28 00:19:06,518 INFO  - distance to RSU = 105.01595650259522 (at simulation time 669.000,000,000 s)
2025-05-28 00:19:06,518 INFO  - ------------------------------------------------------------------------------------- (at simulation time 669.000,000,000 s)
2025-05-28 00:19:06,518 INFO  - I have no neighbours to send! (at simulation time 669.000,000,000 s)
2025-05-28 00:19:06,518 INFO  - ------------------------------------------------------------------------------------- (at simulation time 669.000,000,000 s)
2025-05-28 00:19:06,518 INFO  - Tried sending message to other car (at simulation time 669.000,000,000 s)
2025-05-28 00:19:06,518 INFO  - ACK = false (at simulation time 669.000,000,000 s)
2025-05-28 00:19:06,518 INFO  - ------------------------------------------------------------------------------------- (at simulation time 669.000,000,000 s)
2025-05-28 00:19:06,518 INFO  - ------------------------------------------------------------------------------------- (at simulation time 669.000,000,000 s)
2025-05-28 00:19:06,604 INFO  - ------------------------------------------------------------------------------------- (at simulation time 669.000,000,010 s)
2025-05-28 00:19:06,604 INFO  - Processing event (at simulation time 669.000,000,010 s)
2025-05-28 00:19:06,604 INFO  - ------------------------------------------------------------------------------------- (at simulation time 669.000,000,010 s)
2025-05-28 00:19:06,604 INFO  - My Route = r_1 (at simulation time 669.000,000,010 s)
2025-05-28 00:19:06,604 INFO  - distance to RSU = 105.01595650259522 (at simulation time 669.000,000,010 s)
2025-05-28 00:19:06,604 INFO  - ------------------------------------------------------------------------------------- (at simulation time 669.000,000,010 s)
2025-05-28 00:19:06,604 INFO  - I have no neighbours to send! (at simulation time 669.000,000,010 s)
2025-05-28 00:19:06,604 INFO  - ------------------------------------------------------------------------------------- (at simulation time 669.000,000,010 s)
2025-05-28 00:19:06,604 INFO  - Tried sending message to other car (at simulation time 669.000,000,010 s)
2025-05-28 00:19:06,604 INFO  - ACK = false (at simulation time 669.000,000,010 s)
2025-05-28 00:19:06,604 INFO  - ------------------------------------------------------------------------------------- (at simulation time 669.000,000,010 s)
2025-05-28 00:19:06,604 INFO  - ------------------------------------------------------------------------------------- (at simulation time 669.000,000,010 s)
2025-05-28 00:19:06,605 INFO  - ------------------------------------------------------------------------------------- (at simulation time 669.000,000,010 s)
2025-05-28 00:19:06,605 INFO  - Processing event (at simulation time 669.000,000,010 s)
2025-05-28 00:19:06,605 INFO  - ------------------------------------------------------------------------------------- (at simulation time 669.000,000,010 s)
2025-05-28 00:19:06,605 INFO  - My Route = r_1 (at simulation time 669.000,000,010 s)
2025-05-28 00:19:06,605 INFO  - distance to RSU = 105.01595650259522 (at simulation time 669.000,000,010 s)
2025-05-28 00:19:06,605 INFO  - ------------------------------------------------------------------------------------- (at simulation time 669.000,000,010 s)
2025-05-28 00:19:06,605 INFO  - I have no neighbours to send! (at simulation time 669.000,000,010 s)
2025-05-28 00:19:06,605 INFO  - ------------------------------------------------------------------------------------- (at simulation time 669.000,000,010 s)
2025-05-28 00:19:06,605 INFO  - Tried sending message to other car (at simulation time 669.000,000,010 s)
2025-05-28 00:19:06,605 INFO  - ACK = false (at simulation time 669.000,000,010 s)
2025-05-28 00:19:06,605 INFO  - ------------------------------------------------------------------------------------- (at simulation time 669.000,000,010 s)
2025-05-28 00:19:06,605 INFO  - ------------------------------------------------------------------------------------- (at simulation time 669.000,000,010 s)
2025-05-28 00:19:06,605 INFO  - ------------------------------------------------------------------------------------- (at simulation time 669.000,000,010 s)
2025-05-28 00:19:06,605 INFO  - Processing event (at simulation time 669.000,000,010 s)
2025-05-28 00:19:06,605 INFO  - ------------------------------------------------------------------------------------- (at simulation time 669.000,000,010 s)
2025-05-28 00:19:06,605 INFO  - My Route = r_1 (at simulation time 669.000,000,010 s)
2025-05-28 00:19:06,605 INFO  - distance to RSU = 105.01595650259522 (at simulation time 669.000,000,010 s)
2025-05-28 00:19:06,605 INFO  - ------------------------------------------------------------------------------------- (at simulation time 669.000,000,010 s)
2025-05-28 00:19:06,605 INFO  - I have no neighbours to send! (at simulation time 669.000,000,010 s)
2025-05-28 00:19:06,605 INFO  - ------------------------------------------------------------------------------------- (at simulation time 669.000,000,010 s)
2025-05-28 00:19:06,605 INFO  - Tried sending message to other car (at simulation time 669.000,000,010 s)
2025-05-28 00:19:06,605 INFO  - ACK = false (at simulation time 669.000,000,010 s)
2025-05-28 00:19:06,605 INFO  - ------------------------------------------------------------------------------------- (at simulation time 669.000,000,010 s)
2025-05-28 00:19:06,605 INFO  - ------------------------------------------------------------------------------------- (at simulation time 669.000,000,010 s)
2025-05-28 00:19:06,606 INFO  - ------------------------------------------------------------------------------------- (at simulation time 669.000,000,010 s)
2025-05-28 00:19:06,606 INFO  - Processing event (at simulation time 669.000,000,010 s)
2025-05-28 00:19:06,606 INFO  - ------------------------------------------------------------------------------------- (at simulation time 669.000,000,010 s)
2025-05-28 00:19:06,606 INFO  - My Route = r_1 (at simulation time 669.000,000,010 s)
2025-05-28 00:19:06,606 INFO  - distance to RSU = 105.01595650259522 (at simulation time 669.000,000,010 s)
2025-05-28 00:19:06,606 INFO  - ------------------------------------------------------------------------------------- (at simulation time 669.000,000,010 s)
2025-05-28 00:19:06,606 INFO  - I have no neighbours to send! (at simulation time 669.000,000,010 s)
2025-05-28 00:19:06,606 INFO  - ------------------------------------------------------------------------------------- (at simulation time 669.000,000,010 s)
2025-05-28 00:19:06,606 INFO  - Tried sending message to other car (at simulation time 669.000,000,010 s)
2025-05-28 00:19:06,606 INFO  - ACK = false (at simulation time 669.000,000,010 s)
2025-05-28 00:19:06,606 INFO  - ------------------------------------------------------------------------------------- (at simulation time 669.000,000,010 s)
2025-05-28 00:19:06,606 INFO  - ------------------------------------------------------------------------------------- (at simulation time 669.000,000,010 s)
2025-05-28 00:19:06,607 INFO  - ------------------------------------------------------------------------------------- (at simulation time 669.000,000,010 s)
2025-05-28 00:19:06,607 INFO  - Processing event (at simulation time 669.000,000,010 s)
2025-05-28 00:19:06,607 INFO  - ------------------------------------------------------------------------------------- (at simulation time 669.000,000,010 s)
2025-05-28 00:19:06,607 INFO  - My Route = r_1 (at simulation time 669.000,000,010 s)
2025-05-28 00:19:06,607 INFO  - distance to RSU = 105.01595650259522 (at simulation time 669.000,000,010 s)
2025-05-28 00:19:06,607 INFO  - ------------------------------------------------------------------------------------- (at simulation time 669.000,000,010 s)
2025-05-28 00:19:06,607 INFO  - I have no neighbours to send! (at simulation time 669.000,000,010 s)
2025-05-28 00:19:06,607 INFO  - ------------------------------------------------------------------------------------- (at simulation time 669.000,000,010 s)
2025-05-28 00:19:06,607 INFO  - Tried sending message to other car (at simulation time 669.000,000,010 s)
2025-05-28 00:19:06,607 INFO  - ACK = false (at simulation time 669.000,000,010 s)
2025-05-28 00:19:06,607 INFO  - ------------------------------------------------------------------------------------- (at simulation time 669.000,000,010 s)
2025-05-28 00:19:06,607 INFO  - ------------------------------------------------------------------------------------- (at simulation time 669.000,000,010 s)
2025-05-28 00:19:06,611 INFO  - ------------------------------------------------------------------------------------- (at simulation time 670.000,000,000 s)
2025-05-28 00:19:06,611 INFO  - My Route = r_1 (at simulation time 670.000,000,000 s)
2025-05-28 00:19:06,611 INFO  - distance to RSU = 96.77316623838433 (at simulation time 670.000,000,000 s)
2025-05-28 00:19:06,611 INFO  - ------------------------------------------------------------------------------------- (at simulation time 670.000,000,000 s)
2025-05-28 00:19:06,611 INFO  - I have no neighbours to send! (at simulation time 670.000,000,000 s)
2025-05-28 00:19:06,611 INFO  - ------------------------------------------------------------------------------------- (at simulation time 670.000,000,000 s)
2025-05-28 00:19:06,611 INFO  - Tried sending message to other car (at simulation time 670.000,000,000 s)
2025-05-28 00:19:06,611 INFO  - ACK = false (at simulation time 670.000,000,000 s)
2025-05-28 00:19:06,611 INFO  - ------------------------------------------------------------------------------------- (at simulation time 670.000,000,000 s)
2025-05-28 00:19:06,611 INFO  - ------------------------------------------------------------------------------------- (at simulation time 670.000,000,000 s)
2025-05-28 00:19:06,611 INFO  - Processing event (at simulation time 670.000,000,000 s)
2025-05-28 00:19:06,611 INFO  - ------------------------------------------------------------------------------------- (at simulation time 670.000,000,000 s)
2025-05-28 00:19:06,611 INFO  - My Route = r_1 (at simulation time 670.000,000,000 s)
2025-05-28 00:19:06,611 INFO  - distance to RSU = 96.77316623838433 (at simulation time 670.000,000,000 s)
2025-05-28 00:19:06,611 INFO  - ------------------------------------------------------------------------------------- (at simulation time 670.000,000,000 s)
2025-05-28 00:19:06,611 INFO  - I have no neighbours to send! (at simulation time 670.000,000,000 s)
2025-05-28 00:19:06,611 INFO  - ------------------------------------------------------------------------------------- (at simulation time 670.000,000,000 s)
2025-05-28 00:19:06,611 INFO  - Tried sending message to other car (at simulation time 670.000,000,000 s)
2025-05-28 00:19:06,611 INFO  - ACK = false (at simulation time 670.000,000,000 s)
2025-05-28 00:19:06,611 INFO  - ------------------------------------------------------------------------------------- (at simulation time 670.000,000,000 s)
2025-05-28 00:19:06,611 INFO  - ------------------------------------------------------------------------------------- (at simulation time 670.000,000,000 s)
2025-05-28 00:19:06,612 INFO  - ------------------------------------------------------------------------------------- (at simulation time 670.000,000,000 s)
2025-05-28 00:19:06,612 INFO  - Processing event (at simulation time 670.000,000,000 s)
2025-05-28 00:19:06,612 INFO  - ------------------------------------------------------------------------------------- (at simulation time 670.000,000,000 s)
2025-05-28 00:19:06,612 INFO  - My Route = r_1 (at simulation time 670.000,000,000 s)
2025-05-28 00:19:06,612 INFO  - distance to RSU = 96.77316623838433 (at simulation time 670.000,000,000 s)
2025-05-28 00:19:06,612 INFO  - ------------------------------------------------------------------------------------- (at simulation time 670.000,000,000 s)
2025-05-28 00:19:06,612 INFO  - I have no neighbours to send! (at simulation time 670.000,000,000 s)
2025-05-28 00:19:06,612 INFO  - ------------------------------------------------------------------------------------- (at simulation time 670.000,000,000 s)
2025-05-28 00:19:06,612 INFO  - Tried sending message to other car (at simulation time 670.000,000,000 s)
2025-05-28 00:19:06,612 INFO  - ACK = false (at simulation time 670.000,000,000 s)
2025-05-28 00:19:06,612 INFO  - ------------------------------------------------------------------------------------- (at simulation time 670.000,000,000 s)
2025-05-28 00:19:06,612 INFO  - ------------------------------------------------------------------------------------- (at simulation time 670.000,000,000 s)
2025-05-28 00:19:06,613 INFO  - ------------------------------------------------------------------------------------- (at simulation time 670.000,000,000 s)
2025-05-28 00:19:06,613 INFO  - Processing event (at simulation time 670.000,000,000 s)
2025-05-28 00:19:06,613 INFO  - ------------------------------------------------------------------------------------- (at simulation time 670.000,000,000 s)
2025-05-28 00:19:06,613 INFO  - My Route = r_1 (at simulation time 670.000,000,000 s)
2025-05-28 00:19:06,613 INFO  - distance to RSU = 96.77316623838433 (at simulation time 670.000,000,000 s)
2025-05-28 00:19:06,613 INFO  - ------------------------------------------------------------------------------------- (at simulation time 670.000,000,000 s)
2025-05-28 00:19:06,613 INFO  - I have no neighbours to send! (at simulation time 670.000,000,000 s)
2025-05-28 00:19:06,613 INFO  - ------------------------------------------------------------------------------------- (at simulation time 670.000,000,000 s)
2025-05-28 00:19:06,613 INFO  - Tried sending message to other car (at simulation time 670.000,000,000 s)
2025-05-28 00:19:06,613 INFO  - ACK = false (at simulation time 670.000,000,000 s)
2025-05-28 00:19:06,613 INFO  - ------------------------------------------------------------------------------------- (at simulation time 670.000,000,000 s)
2025-05-28 00:19:06,613 INFO  - ------------------------------------------------------------------------------------- (at simulation time 670.000,000,000 s)
2025-05-28 00:19:06,613 INFO  - ------------------------------------------------------------------------------------- (at simulation time 670.000,000,000 s)
2025-05-28 00:19:06,613 INFO  - Processing event (at simulation time 670.000,000,000 s)
2025-05-28 00:19:06,613 INFO  - ------------------------------------------------------------------------------------- (at simulation time 670.000,000,000 s)
2025-05-28 00:19:06,613 INFO  - My Route = r_1 (at simulation time 670.000,000,000 s)
2025-05-28 00:19:06,613 INFO  - distance to RSU = 96.77316623838433 (at simulation time 670.000,000,000 s)
2025-05-28 00:19:06,613 INFO  - ------------------------------------------------------------------------------------- (at simulation time 670.000,000,000 s)
2025-05-28 00:19:06,613 INFO  - I have no neighbours to send! (at simulation time 670.000,000,000 s)
2025-05-28 00:19:06,613 INFO  - ------------------------------------------------------------------------------------- (at simulation time 670.000,000,000 s)
2025-05-28 00:19:06,613 INFO  - Tried sending message to other car (at simulation time 670.000,000,000 s)
2025-05-28 00:19:06,613 INFO  - ACK = false (at simulation time 670.000,000,000 s)
2025-05-28 00:19:06,613 INFO  - ------------------------------------------------------------------------------------- (at simulation time 670.000,000,000 s)
2025-05-28 00:19:06,613 INFO  - ------------------------------------------------------------------------------------- (at simulation time 670.000,000,000 s)
2025-05-28 00:19:06,613 INFO  - ------------------------------------------------------------------------------------- (at simulation time 670.000,000,000 s)
2025-05-28 00:19:06,613 INFO  - Processing event (at simulation time 670.000,000,000 s)
2025-05-28 00:19:06,613 INFO  - ------------------------------------------------------------------------------------- (at simulation time 670.000,000,000 s)
2025-05-28 00:19:06,613 INFO  - My Route = r_1 (at simulation time 670.000,000,000 s)
2025-05-28 00:19:06,613 INFO  - distance to RSU = 96.77316623838433 (at simulation time 670.000,000,000 s)
2025-05-28 00:19:06,613 INFO  - ------------------------------------------------------------------------------------- (at simulation time 670.000,000,000 s)
2025-05-28 00:19:06,613 INFO  - I have no neighbours to send! (at simulation time 670.000,000,000 s)
2025-05-28 00:19:06,613 INFO  - ------------------------------------------------------------------------------------- (at simulation time 670.000,000,000 s)
2025-05-28 00:19:06,613 INFO  - Tried sending message to other car (at simulation time 670.000,000,000 s)
2025-05-28 00:19:06,613 INFO  - ACK = false (at simulation time 670.000,000,000 s)
2025-05-28 00:19:06,613 INFO  - ------------------------------------------------------------------------------------- (at simulation time 670.000,000,000 s)
2025-05-28 00:19:06,613 INFO  - ------------------------------------------------------------------------------------- (at simulation time 670.000,000,000 s)
2025-05-28 00:19:06,701 INFO  - ------------------------------------------------------------------------------------- (at simulation time 670.000,000,010 s)
2025-05-28 00:19:06,701 INFO  - Processing event (at simulation time 670.000,000,010 s)
2025-05-28 00:19:06,701 INFO  - ------------------------------------------------------------------------------------- (at simulation time 670.000,000,010 s)
2025-05-28 00:19:06,701 INFO  - My Route = r_1 (at simulation time 670.000,000,010 s)
2025-05-28 00:19:06,701 INFO  - distance to RSU = 96.77316623838433 (at simulation time 670.000,000,010 s)
2025-05-28 00:19:06,701 INFO  - ------------------------------------------------------------------------------------- (at simulation time 670.000,000,010 s)
2025-05-28 00:19:06,701 INFO  - I have no neighbours to send! (at simulation time 670.000,000,010 s)
2025-05-28 00:19:06,701 INFO  - ------------------------------------------------------------------------------------- (at simulation time 670.000,000,010 s)
2025-05-28 00:19:06,701 INFO  - Tried sending message to other car (at simulation time 670.000,000,010 s)
2025-05-28 00:19:06,701 INFO  - ACK = false (at simulation time 670.000,000,010 s)
2025-05-28 00:19:06,701 INFO  - ------------------------------------------------------------------------------------- (at simulation time 670.000,000,010 s)
2025-05-28 00:19:06,701 INFO  - ------------------------------------------------------------------------------------- (at simulation time 670.000,000,010 s)
2025-05-28 00:19:06,703 INFO  - ------------------------------------------------------------------------------------- (at simulation time 670.000,000,010 s)
2025-05-28 00:19:06,703 INFO  - Processing event (at simulation time 670.000,000,010 s)
2025-05-28 00:19:06,703 INFO  - ------------------------------------------------------------------------------------- (at simulation time 670.000,000,010 s)
2025-05-28 00:19:06,703 INFO  - My Route = r_1 (at simulation time 670.000,000,010 s)
2025-05-28 00:19:06,703 INFO  - distance to RSU = 96.77316623838433 (at simulation time 670.000,000,010 s)
2025-05-28 00:19:06,703 INFO  - ------------------------------------------------------------------------------------- (at simulation time 670.000,000,010 s)
2025-05-28 00:19:06,703 INFO  - I have no neighbours to send! (at simulation time 670.000,000,010 s)
2025-05-28 00:19:06,703 INFO  - ------------------------------------------------------------------------------------- (at simulation time 670.000,000,010 s)
2025-05-28 00:19:06,703 INFO  - Tried sending message to other car (at simulation time 670.000,000,010 s)
2025-05-28 00:19:06,703 INFO  - ACK = false (at simulation time 670.000,000,010 s)
2025-05-28 00:19:06,703 INFO  - ------------------------------------------------------------------------------------- (at simulation time 670.000,000,010 s)
2025-05-28 00:19:06,703 INFO  - ------------------------------------------------------------------------------------- (at simulation time 670.000,000,010 s)
2025-05-28 00:19:06,703 INFO  - ------------------------------------------------------------------------------------- (at simulation time 670.000,000,010 s)
2025-05-28 00:19:06,703 INFO  - Processing event (at simulation time 670.000,000,010 s)
2025-05-28 00:19:06,703 INFO  - ------------------------------------------------------------------------------------- (at simulation time 670.000,000,010 s)
2025-05-28 00:19:06,703 INFO  - My Route = r_1 (at simulation time 670.000,000,010 s)
2025-05-28 00:19:06,703 INFO  - distance to RSU = 96.77316623838433 (at simulation time 670.000,000,010 s)
2025-05-28 00:19:06,703 INFO  - ------------------------------------------------------------------------------------- (at simulation time 670.000,000,010 s)
2025-05-28 00:19:06,703 INFO  - I have no neighbours to send! (at simulation time 670.000,000,010 s)
2025-05-28 00:19:06,703 INFO  - ------------------------------------------------------------------------------------- (at simulation time 670.000,000,010 s)
2025-05-28 00:19:06,703 INFO  - Tried sending message to other car (at simulation time 670.000,000,010 s)
2025-05-28 00:19:06,703 INFO  - ACK = false (at simulation time 670.000,000,010 s)
2025-05-28 00:19:06,703 INFO  - ------------------------------------------------------------------------------------- (at simulation time 670.000,000,010 s)
2025-05-28 00:19:06,703 INFO  - ------------------------------------------------------------------------------------- (at simulation time 670.000,000,010 s)
2025-05-28 00:19:06,704 INFO  - ------------------------------------------------------------------------------------- (at simulation time 670.000,000,010 s)
2025-05-28 00:19:06,704 INFO  - Processing event (at simulation time 670.000,000,010 s)
2025-05-28 00:19:06,704 INFO  - ------------------------------------------------------------------------------------- (at simulation time 670.000,000,010 s)
2025-05-28 00:19:06,704 INFO  - My Route = r_1 (at simulation time 670.000,000,010 s)
2025-05-28 00:19:06,704 INFO  - distance to RSU = 96.77316623838433 (at simulation time 670.000,000,010 s)
2025-05-28 00:19:06,704 INFO  - ------------------------------------------------------------------------------------- (at simulation time 670.000,000,010 s)
2025-05-28 00:19:06,704 INFO  - I have no neighbours to send! (at simulation time 670.000,000,010 s)
2025-05-28 00:19:06,704 INFO  - ------------------------------------------------------------------------------------- (at simulation time 670.000,000,010 s)
2025-05-28 00:19:06,704 INFO  - Tried sending message to other car (at simulation time 670.000,000,010 s)
2025-05-28 00:19:06,704 INFO  - ACK = false (at simulation time 670.000,000,010 s)
2025-05-28 00:19:06,704 INFO  - ------------------------------------------------------------------------------------- (at simulation time 670.000,000,010 s)
2025-05-28 00:19:06,704 INFO  - ------------------------------------------------------------------------------------- (at simulation time 670.000,000,010 s)
2025-05-28 00:19:06,704 INFO  - ------------------------------------------------------------------------------------- (at simulation time 670.000,000,010 s)
2025-05-28 00:19:06,704 INFO  - Processing event (at simulation time 670.000,000,010 s)
2025-05-28 00:19:06,704 INFO  - ------------------------------------------------------------------------------------- (at simulation time 670.000,000,010 s)
2025-05-28 00:19:06,704 INFO  - My Route = r_1 (at simulation time 670.000,000,010 s)
2025-05-28 00:19:06,704 INFO  - distance to RSU = 96.77316623838433 (at simulation time 670.000,000,010 s)
2025-05-28 00:19:06,704 INFO  - ------------------------------------------------------------------------------------- (at simulation time 670.000,000,010 s)
2025-05-28 00:19:06,704 INFO  - I have no neighbours to send! (at simulation time 670.000,000,010 s)
2025-05-28 00:19:06,704 INFO  - ------------------------------------------------------------------------------------- (at simulation time 670.000,000,010 s)
2025-05-28 00:19:06,704 INFO  - Tried sending message to other car (at simulation time 670.000,000,010 s)
2025-05-28 00:19:06,704 INFO  - ACK = false (at simulation time 670.000,000,010 s)
2025-05-28 00:19:06,704 INFO  - ------------------------------------------------------------------------------------- (at simulation time 670.000,000,010 s)
2025-05-28 00:19:06,704 INFO  - ------------------------------------------------------------------------------------- (at simulation time 670.000,000,010 s)
2025-05-28 00:19:06,706 INFO  - ------------------------------------------------------------------------------------- (at simulation time 670.000,000,010 s)
2025-05-28 00:19:06,706 INFO  - Processing event (at simulation time 670.000,000,010 s)
2025-05-28 00:19:06,706 INFO  - ------------------------------------------------------------------------------------- (at simulation time 670.000,000,010 s)
2025-05-28 00:19:06,706 INFO  - My Route = r_1 (at simulation time 670.000,000,010 s)
2025-05-28 00:19:06,706 INFO  - distance to RSU = 96.77316623838433 (at simulation time 670.000,000,010 s)
2025-05-28 00:19:06,706 INFO  - ------------------------------------------------------------------------------------- (at simulation time 670.000,000,010 s)
2025-05-28 00:19:06,706 INFO  - I have no neighbours to send! (at simulation time 670.000,000,010 s)
2025-05-28 00:19:06,706 INFO  - ------------------------------------------------------------------------------------- (at simulation time 670.000,000,010 s)
2025-05-28 00:19:06,706 INFO  - Tried sending message to other car (at simulation time 670.000,000,010 s)
2025-05-28 00:19:06,706 INFO  - ACK = false (at simulation time 670.000,000,010 s)
2025-05-28 00:19:06,706 INFO  - ------------------------------------------------------------------------------------- (at simulation time 670.000,000,010 s)
2025-05-28 00:19:06,706 INFO  - ------------------------------------------------------------------------------------- (at simulation time 670.000,000,010 s)
2025-05-28 00:19:06,708 INFO  - ------------------------------------------------------------------------------------- (at simulation time 671.000,000,000 s)
2025-05-28 00:19:06,708 INFO  - My Route = r_1 (at simulation time 671.000,000,000 s)
2025-05-28 00:19:06,708 INFO  - distance to RSU = 89.37117331084973 (at simulation time 671.000,000,000 s)
2025-05-28 00:19:06,708 INFO  - ------------------------------------------------------------------------------------- (at simulation time 671.000,000,000 s)
2025-05-28 00:19:06,708 INFO  - I have no neighbours to send! (at simulation time 671.000,000,000 s)
2025-05-28 00:19:06,708 INFO  - ------------------------------------------------------------------------------------- (at simulation time 671.000,000,000 s)
2025-05-28 00:19:06,708 INFO  - Tried sending message to other car (at simulation time 671.000,000,000 s)
2025-05-28 00:19:06,708 INFO  - ACK = false (at simulation time 671.000,000,000 s)
2025-05-28 00:19:06,708 INFO  - ------------------------------------------------------------------------------------- (at simulation time 671.000,000,000 s)
2025-05-28 00:19:06,709 INFO  - ------------------------------------------------------------------------------------- (at simulation time 671.000,000,000 s)
2025-05-28 00:19:06,709 INFO  - Processing event (at simulation time 671.000,000,000 s)
2025-05-28 00:19:06,709 INFO  - ------------------------------------------------------------------------------------- (at simulation time 671.000,000,000 s)
2025-05-28 00:19:06,709 INFO  - My Route = r_1 (at simulation time 671.000,000,000 s)
2025-05-28 00:19:06,709 INFO  - distance to RSU = 89.37117331084973 (at simulation time 671.000,000,000 s)
2025-05-28 00:19:06,709 INFO  - ------------------------------------------------------------------------------------- (at simulation time 671.000,000,000 s)
2025-05-28 00:19:06,709 INFO  - I have no neighbours to send! (at simulation time 671.000,000,000 s)
2025-05-28 00:19:06,709 INFO  - ------------------------------------------------------------------------------------- (at simulation time 671.000,000,000 s)
2025-05-28 00:19:06,709 INFO  - Tried sending message to other car (at simulation time 671.000,000,000 s)
2025-05-28 00:19:06,709 INFO  - ACK = false (at simulation time 671.000,000,000 s)
2025-05-28 00:19:06,709 INFO  - ------------------------------------------------------------------------------------- (at simulation time 671.000,000,000 s)
2025-05-28 00:19:06,709 INFO  - ------------------------------------------------------------------------------------- (at simulation time 671.000,000,000 s)
2025-05-28 00:19:06,710 INFO  - ------------------------------------------------------------------------------------- (at simulation time 671.000,000,000 s)
2025-05-28 00:19:06,710 INFO  - Processing event (at simulation time 671.000,000,000 s)
2025-05-28 00:19:06,710 INFO  - ------------------------------------------------------------------------------------- (at simulation time 671.000,000,000 s)
2025-05-28 00:19:06,710 INFO  - My Route = r_1 (at simulation time 671.000,000,000 s)
2025-05-28 00:19:06,710 INFO  - distance to RSU = 89.37117331084973 (at simulation time 671.000,000,000 s)
2025-05-28 00:19:06,710 INFO  - ------------------------------------------------------------------------------------- (at simulation time 671.000,000,000 s)
2025-05-28 00:19:06,710 INFO  - I have no neighbours to send! (at simulation time 671.000,000,000 s)
2025-05-28 00:19:06,710 INFO  - ------------------------------------------------------------------------------------- (at simulation time 671.000,000,000 s)
2025-05-28 00:19:06,710 INFO  - Tried sending message to other car (at simulation time 671.000,000,000 s)
2025-05-28 00:19:06,710 INFO  - ACK = false (at simulation time 671.000,000,000 s)
2025-05-28 00:19:06,710 INFO  - ------------------------------------------------------------------------------------- (at simulation time 671.000,000,000 s)
2025-05-28 00:19:06,710 INFO  - ------------------------------------------------------------------------------------- (at simulation time 671.000,000,000 s)
2025-05-28 00:19:06,710 INFO  - ------------------------------------------------------------------------------------- (at simulation time 671.000,000,000 s)
2025-05-28 00:19:06,710 INFO  - Processing event (at simulation time 671.000,000,000 s)
2025-05-28 00:19:06,710 INFO  - ------------------------------------------------------------------------------------- (at simulation time 671.000,000,000 s)
2025-05-28 00:19:06,710 INFO  - My Route = r_1 (at simulation time 671.000,000,000 s)
2025-05-28 00:19:06,710 INFO  - distance to RSU = 89.37117331084973 (at simulation time 671.000,000,000 s)
2025-05-28 00:19:06,710 INFO  - ------------------------------------------------------------------------------------- (at simulation time 671.000,000,000 s)
2025-05-28 00:19:06,710 INFO  - I have no neighbours to send! (at simulation time 671.000,000,000 s)
2025-05-28 00:19:06,710 INFO  - ------------------------------------------------------------------------------------- (at simulation time 671.000,000,000 s)
2025-05-28 00:19:06,710 INFO  - Tried sending message to other car (at simulation time 671.000,000,000 s)
2025-05-28 00:19:06,710 INFO  - ACK = false (at simulation time 671.000,000,000 s)
2025-05-28 00:19:06,710 INFO  - ------------------------------------------------------------------------------------- (at simulation time 671.000,000,000 s)
2025-05-28 00:19:06,710 INFO  - ------------------------------------------------------------------------------------- (at simulation time 671.000,000,000 s)
2025-05-28 00:19:06,711 INFO  - ------------------------------------------------------------------------------------- (at simulation time 671.000,000,000 s)
2025-05-28 00:19:06,711 INFO  - Processing event (at simulation time 671.000,000,000 s)
2025-05-28 00:19:06,711 INFO  - ------------------------------------------------------------------------------------- (at simulation time 671.000,000,000 s)
2025-05-28 00:19:06,711 INFO  - My Route = r_1 (at simulation time 671.000,000,000 s)
2025-05-28 00:19:06,711 INFO  - distance to RSU = 89.37117331084973 (at simulation time 671.000,000,000 s)
2025-05-28 00:19:06,711 INFO  - ------------------------------------------------------------------------------------- (at simulation time 671.000,000,000 s)
2025-05-28 00:19:06,711 INFO  - I have no neighbours to send! (at simulation time 671.000,000,000 s)
2025-05-28 00:19:06,711 INFO  - ------------------------------------------------------------------------------------- (at simulation time 671.000,000,000 s)
2025-05-28 00:19:06,711 INFO  - Tried sending message to other car (at simulation time 671.000,000,000 s)
2025-05-28 00:19:06,711 INFO  - ACK = false (at simulation time 671.000,000,000 s)
2025-05-28 00:19:06,711 INFO  - ------------------------------------------------------------------------------------- (at simulation time 671.000,000,000 s)
2025-05-28 00:19:06,711 INFO  - ------------------------------------------------------------------------------------- (at simulation time 671.000,000,000 s)
2025-05-28 00:19:06,711 INFO  - ------------------------------------------------------------------------------------- (at simulation time 671.000,000,000 s)
2025-05-28 00:19:06,711 INFO  - Processing event (at simulation time 671.000,000,000 s)
2025-05-28 00:19:06,711 INFO  - ------------------------------------------------------------------------------------- (at simulation time 671.000,000,000 s)
2025-05-28 00:19:06,711 INFO  - My Route = r_1 (at simulation time 671.000,000,000 s)
2025-05-28 00:19:06,711 INFO  - distance to RSU = 89.37117331084973 (at simulation time 671.000,000,000 s)
2025-05-28 00:19:06,711 INFO  - ------------------------------------------------------------------------------------- (at simulation time 671.000,000,000 s)
2025-05-28 00:19:06,711 INFO  - I have no neighbours to send! (at simulation time 671.000,000,000 s)
2025-05-28 00:19:06,711 INFO  - ------------------------------------------------------------------------------------- (at simulation time 671.000,000,000 s)
2025-05-28 00:19:06,711 INFO  - Tried sending message to other car (at simulation time 671.000,000,000 s)
2025-05-28 00:19:06,711 INFO  - ACK = false (at simulation time 671.000,000,000 s)
2025-05-28 00:19:06,711 INFO  - ------------------------------------------------------------------------------------- (at simulation time 671.000,000,000 s)
2025-05-28 00:19:06,711 INFO  - ------------------------------------------------------------------------------------- (at simulation time 671.000,000,000 s)
2025-05-28 00:19:06,711 INFO  - ------------------------------------------------------------------------------------- (at simulation time 671.000,000,000 s)
2025-05-28 00:19:06,711 INFO  - Processing event (at simulation time 671.000,000,000 s)
2025-05-28 00:19:06,711 INFO  - ------------------------------------------------------------------------------------- (at simulation time 671.000,000,000 s)
2025-05-28 00:19:06,711 INFO  - My Route = r_1 (at simulation time 671.000,000,000 s)
2025-05-28 00:19:06,711 INFO  - distance to RSU = 89.37117331084973 (at simulation time 671.000,000,000 s)
2025-05-28 00:19:06,711 INFO  - ------------------------------------------------------------------------------------- (at simulation time 671.000,000,000 s)
2025-05-28 00:19:06,711 INFO  - I have no neighbours to send! (at simulation time 671.000,000,000 s)
2025-05-28 00:19:06,711 INFO  - ------------------------------------------------------------------------------------- (at simulation time 671.000,000,000 s)
2025-05-28 00:19:06,711 INFO  - Tried sending message to other car (at simulation time 671.000,000,000 s)
2025-05-28 00:19:06,711 INFO  - ACK = false (at simulation time 671.000,000,000 s)
2025-05-28 00:19:06,711 INFO  - ------------------------------------------------------------------------------------- (at simulation time 671.000,000,000 s)
2025-05-28 00:19:06,711 INFO  - ------------------------------------------------------------------------------------- (at simulation time 671.000,000,000 s)
2025-05-28 00:19:06,791 INFO  - ------------------------------------------------------------------------------------- (at simulation time 671.000,000,010 s)
2025-05-28 00:19:06,791 INFO  - Processing event (at simulation time 671.000,000,010 s)
2025-05-28 00:19:06,791 INFO  - ------------------------------------------------------------------------------------- (at simulation time 671.000,000,010 s)
2025-05-28 00:19:06,791 INFO  - My Route = r_1 (at simulation time 671.000,000,010 s)
2025-05-28 00:19:06,791 INFO  - distance to RSU = 89.37117331084973 (at simulation time 671.000,000,010 s)
2025-05-28 00:19:06,791 INFO  - ------------------------------------------------------------------------------------- (at simulation time 671.000,000,010 s)
2025-05-28 00:19:06,791 INFO  - I have no neighbours to send! (at simulation time 671.000,000,010 s)
2025-05-28 00:19:06,791 INFO  - ------------------------------------------------------------------------------------- (at simulation time 671.000,000,010 s)
2025-05-28 00:19:06,791 INFO  - Tried sending message to other car (at simulation time 671.000,000,010 s)
2025-05-28 00:19:06,791 INFO  - ACK = false (at simulation time 671.000,000,010 s)
2025-05-28 00:19:06,791 INFO  - ------------------------------------------------------------------------------------- (at simulation time 671.000,000,010 s)
2025-05-28 00:19:06,791 INFO  - ------------------------------------------------------------------------------------- (at simulation time 671.000,000,010 s)
2025-05-28 00:19:06,793 INFO  - ------------------------------------------------------------------------------------- (at simulation time 671.000,000,010 s)
2025-05-28 00:19:06,793 INFO  - Processing event (at simulation time 671.000,000,010 s)
2025-05-28 00:19:06,793 INFO  - ------------------------------------------------------------------------------------- (at simulation time 671.000,000,010 s)
2025-05-28 00:19:06,793 INFO  - My Route = r_1 (at simulation time 671.000,000,010 s)
2025-05-28 00:19:06,793 INFO  - distance to RSU = 89.37117331084973 (at simulation time 671.000,000,010 s)
2025-05-28 00:19:06,793 INFO  - ------------------------------------------------------------------------------------- (at simulation time 671.000,000,010 s)
2025-05-28 00:19:06,793 INFO  - I have no neighbours to send! (at simulation time 671.000,000,010 s)
2025-05-28 00:19:06,793 INFO  - ------------------------------------------------------------------------------------- (at simulation time 671.000,000,010 s)
2025-05-28 00:19:06,793 INFO  - Tried sending message to other car (at simulation time 671.000,000,010 s)
2025-05-28 00:19:06,793 INFO  - ACK = false (at simulation time 671.000,000,010 s)
2025-05-28 00:19:06,793 INFO  - ------------------------------------------------------------------------------------- (at simulation time 671.000,000,010 s)
2025-05-28 00:19:06,793 INFO  - ------------------------------------------------------------------------------------- (at simulation time 671.000,000,010 s)
2025-05-28 00:19:06,793 INFO  - ------------------------------------------------------------------------------------- (at simulation time 671.000,000,010 s)
2025-05-28 00:19:06,793 INFO  - Processing event (at simulation time 671.000,000,010 s)
2025-05-28 00:19:06,793 INFO  - ------------------------------------------------------------------------------------- (at simulation time 671.000,000,010 s)
2025-05-28 00:19:06,793 INFO  - My Route = r_1 (at simulation time 671.000,000,010 s)
2025-05-28 00:19:06,793 INFO  - distance to RSU = 89.37117331084973 (at simulation time 671.000,000,010 s)
2025-05-28 00:19:06,793 INFO  - ------------------------------------------------------------------------------------- (at simulation time 671.000,000,010 s)
2025-05-28 00:19:06,793 INFO  - I have no neighbours to send! (at simulation time 671.000,000,010 s)
2025-05-28 00:19:06,793 INFO  - ------------------------------------------------------------------------------------- (at simulation time 671.000,000,010 s)
2025-05-28 00:19:06,793 INFO  - Tried sending message to other car (at simulation time 671.000,000,010 s)
2025-05-28 00:19:06,793 INFO  - ACK = false (at simulation time 671.000,000,010 s)
2025-05-28 00:19:06,793 INFO  - ------------------------------------------------------------------------------------- (at simulation time 671.000,000,010 s)
2025-05-28 00:19:06,793 INFO  - ------------------------------------------------------------------------------------- (at simulation time 671.000,000,010 s)
2025-05-28 00:19:06,794 INFO  - ------------------------------------------------------------------------------------- (at simulation time 671.000,000,010 s)
2025-05-28 00:19:06,794 INFO  - Processing event (at simulation time 671.000,000,010 s)
2025-05-28 00:19:06,794 INFO  - ------------------------------------------------------------------------------------- (at simulation time 671.000,000,010 s)
2025-05-28 00:19:06,794 INFO  - My Route = r_1 (at simulation time 671.000,000,010 s)
2025-05-28 00:19:06,794 INFO  - distance to RSU = 89.37117331084973 (at simulation time 671.000,000,010 s)
2025-05-28 00:19:06,794 INFO  - ------------------------------------------------------------------------------------- (at simulation time 671.000,000,010 s)
2025-05-28 00:19:06,794 INFO  - I have no neighbours to send! (at simulation time 671.000,000,010 s)
2025-05-28 00:19:06,794 INFO  - ------------------------------------------------------------------------------------- (at simulation time 671.000,000,010 s)
2025-05-28 00:19:06,794 INFO  - Tried sending message to other car (at simulation time 671.000,000,010 s)
2025-05-28 00:19:06,794 INFO  - ACK = false (at simulation time 671.000,000,010 s)
2025-05-28 00:19:06,794 INFO  - ------------------------------------------------------------------------------------- (at simulation time 671.000,000,010 s)
2025-05-28 00:19:06,794 INFO  - ------------------------------------------------------------------------------------- (at simulation time 671.000,000,010 s)
2025-05-28 00:19:06,794 INFO  - ------------------------------------------------------------------------------------- (at simulation time 671.000,000,010 s)
2025-05-28 00:19:06,794 INFO  - Processing event (at simulation time 671.000,000,010 s)
2025-05-28 00:19:06,794 INFO  - ------------------------------------------------------------------------------------- (at simulation time 671.000,000,010 s)
2025-05-28 00:19:06,794 INFO  - My Route = r_1 (at simulation time 671.000,000,010 s)
2025-05-28 00:19:06,794 INFO  - distance to RSU = 89.37117331084973 (at simulation time 671.000,000,010 s)
2025-05-28 00:19:06,794 INFO  - ------------------------------------------------------------------------------------- (at simulation time 671.000,000,010 s)
2025-05-28 00:19:06,794 INFO  - I have no neighbours to send! (at simulation time 671.000,000,010 s)
2025-05-28 00:19:06,794 INFO  - ------------------------------------------------------------------------------------- (at simulation time 671.000,000,010 s)
2025-05-28 00:19:06,794 INFO  - Tried sending message to other car (at simulation time 671.000,000,010 s)
2025-05-28 00:19:06,794 INFO  - ACK = false (at simulation time 671.000,000,010 s)
2025-05-28 00:19:06,794 INFO  - ------------------------------------------------------------------------------------- (at simulation time 671.000,000,010 s)
2025-05-28 00:19:06,794 INFO  - ------------------------------------------------------------------------------------- (at simulation time 671.000,000,010 s)
2025-05-28 00:19:06,795 INFO  - ------------------------------------------------------------------------------------- (at simulation time 671.000,000,010 s)
2025-05-28 00:19:06,795 INFO  - Processing event (at simulation time 671.000,000,010 s)
2025-05-28 00:19:06,795 INFO  - ------------------------------------------------------------------------------------- (at simulation time 671.000,000,010 s)
2025-05-28 00:19:06,795 INFO  - My Route = r_1 (at simulation time 671.000,000,010 s)
2025-05-28 00:19:06,795 INFO  - distance to RSU = 89.37117331084973 (at simulation time 671.000,000,010 s)
2025-05-28 00:19:06,795 INFO  - ------------------------------------------------------------------------------------- (at simulation time 671.000,000,010 s)
2025-05-28 00:19:06,795 INFO  - I have no neighbours to send! (at simulation time 671.000,000,010 s)
2025-05-28 00:19:06,795 INFO  - ------------------------------------------------------------------------------------- (at simulation time 671.000,000,010 s)
2025-05-28 00:19:06,795 INFO  - Tried sending message to other car (at simulation time 671.000,000,010 s)
2025-05-28 00:19:06,795 INFO  - ACK = false (at simulation time 671.000,000,010 s)
2025-05-28 00:19:06,795 INFO  - ------------------------------------------------------------------------------------- (at simulation time 671.000,000,010 s)
2025-05-28 00:19:06,795 INFO  - ------------------------------------------------------------------------------------- (at simulation time 671.000,000,010 s)
2025-05-28 00:19:06,796 INFO  - ------------------------------------------------------------------------------------- (at simulation time 671.000,000,010 s)
2025-05-28 00:19:06,796 INFO  - Processing event (at simulation time 671.000,000,010 s)
2025-05-28 00:19:06,796 INFO  - ------------------------------------------------------------------------------------- (at simulation time 671.000,000,010 s)
2025-05-28 00:19:06,796 INFO  - My Route = r_1 (at simulation time 671.000,000,010 s)
2025-05-28 00:19:06,796 INFO  - distance to RSU = 89.37117331084973 (at simulation time 671.000,000,010 s)
2025-05-28 00:19:06,796 INFO  - ------------------------------------------------------------------------------------- (at simulation time 671.000,000,010 s)
2025-05-28 00:19:06,796 INFO  - I have no neighbours to send! (at simulation time 671.000,000,010 s)
2025-05-28 00:19:06,796 INFO  - ------------------------------------------------------------------------------------- (at simulation time 671.000,000,010 s)
2025-05-28 00:19:06,796 INFO  - Tried sending message to other car (at simulation time 671.000,000,010 s)
2025-05-28 00:19:06,796 INFO  - ACK = false (at simulation time 671.000,000,010 s)
2025-05-28 00:19:06,796 INFO  - ------------------------------------------------------------------------------------- (at simulation time 671.000,000,010 s)
2025-05-28 00:19:06,796 INFO  - ------------------------------------------------------------------------------------- (at simulation time 671.000,000,010 s)
2025-05-28 00:19:06,799 INFO  - ------------------------------------------------------------------------------------- (at simulation time 672.000,000,000 s)
2025-05-28 00:19:06,799 INFO  - My Route = r_1 (at simulation time 672.000,000,000 s)
2025-05-28 00:19:06,799 INFO  - distance to RSU = 81.61349276854814 (at simulation time 672.000,000,000 s)
2025-05-28 00:19:06,799 INFO  - ------------------------------------------------------------------------------------- (at simulation time 672.000,000,000 s)
2025-05-28 00:19:06,799 INFO  - I have no neighbours to send! (at simulation time 672.000,000,000 s)
2025-05-28 00:19:06,799 INFO  - ------------------------------------------------------------------------------------- (at simulation time 672.000,000,000 s)
2025-05-28 00:19:06,799 INFO  - Tried sending message to other car (at simulation time 672.000,000,000 s)
2025-05-28 00:19:06,799 INFO  - ACK = false (at simulation time 672.000,000,000 s)
2025-05-28 00:19:06,799 INFO  - ------------------------------------------------------------------------------------- (at simulation time 672.000,000,000 s)
2025-05-28 00:19:06,800 INFO  - ------------------------------------------------------------------------------------- (at simulation time 672.000,000,000 s)
2025-05-28 00:19:06,800 INFO  - Processing event (at simulation time 672.000,000,000 s)
2025-05-28 00:19:06,800 INFO  - ------------------------------------------------------------------------------------- (at simulation time 672.000,000,000 s)
2025-05-28 00:19:06,800 INFO  - My Route = r_1 (at simulation time 672.000,000,000 s)
2025-05-28 00:19:06,800 INFO  - distance to RSU = 81.61349276854814 (at simulation time 672.000,000,000 s)
2025-05-28 00:19:06,800 INFO  - ------------------------------------------------------------------------------------- (at simulation time 672.000,000,000 s)
2025-05-28 00:19:06,800 INFO  - I have no neighbours to send! (at simulation time 672.000,000,000 s)
2025-05-28 00:19:06,800 INFO  - ------------------------------------------------------------------------------------- (at simulation time 672.000,000,000 s)
2025-05-28 00:19:06,800 INFO  - Tried sending message to other car (at simulation time 672.000,000,000 s)
2025-05-28 00:19:06,800 INFO  - ACK = false (at simulation time 672.000,000,000 s)
2025-05-28 00:19:06,800 INFO  - ------------------------------------------------------------------------------------- (at simulation time 672.000,000,000 s)
2025-05-28 00:19:06,800 INFO  - ------------------------------------------------------------------------------------- (at simulation time 672.000,000,000 s)
2025-05-28 00:19:06,801 INFO  - ------------------------------------------------------------------------------------- (at simulation time 672.000,000,000 s)
2025-05-28 00:19:06,801 INFO  - Processing event (at simulation time 672.000,000,000 s)
2025-05-28 00:19:06,801 INFO  - ------------------------------------------------------------------------------------- (at simulation time 672.000,000,000 s)
2025-05-28 00:19:06,801 INFO  - My Route = r_1 (at simulation time 672.000,000,000 s)
2025-05-28 00:19:06,801 INFO  - distance to RSU = 81.61349276854814 (at simulation time 672.000,000,000 s)
2025-05-28 00:19:06,801 INFO  - ------------------------------------------------------------------------------------- (at simulation time 672.000,000,000 s)
2025-05-28 00:19:06,801 INFO  - I have no neighbours to send! (at simulation time 672.000,000,000 s)
2025-05-28 00:19:06,801 INFO  - ------------------------------------------------------------------------------------- (at simulation time 672.000,000,000 s)
2025-05-28 00:19:06,801 INFO  - Tried sending message to other car (at simulation time 672.000,000,000 s)
2025-05-28 00:19:06,801 INFO  - ACK = false (at simulation time 672.000,000,000 s)
2025-05-28 00:19:06,801 INFO  - ------------------------------------------------------------------------------------- (at simulation time 672.000,000,000 s)
2025-05-28 00:19:06,801 INFO  - ------------------------------------------------------------------------------------- (at simulation time 672.000,000,000 s)
2025-05-28 00:19:06,801 INFO  - ------------------------------------------------------------------------------------- (at simulation time 672.000,000,000 s)
2025-05-28 00:19:06,801 INFO  - Processing event (at simulation time 672.000,000,000 s)
2025-05-28 00:19:06,801 INFO  - ------------------------------------------------------------------------------------- (at simulation time 672.000,000,000 s)
2025-05-28 00:19:06,801 INFO  - My Route = r_1 (at simulation time 672.000,000,000 s)
2025-05-28 00:19:06,801 INFO  - distance to RSU = 81.61349276854814 (at simulation time 672.000,000,000 s)
2025-05-28 00:19:06,801 INFO  - ------------------------------------------------------------------------------------- (at simulation time 672.000,000,000 s)
2025-05-28 00:19:06,801 INFO  - I have no neighbours to send! (at simulation time 672.000,000,000 s)
2025-05-28 00:19:06,801 INFO  - ------------------------------------------------------------------------------------- (at simulation time 672.000,000,000 s)
2025-05-28 00:19:06,801 INFO  - Tried sending message to other car (at simulation time 672.000,000,000 s)
2025-05-28 00:19:06,801 INFO  - ACK = false (at simulation time 672.000,000,000 s)
2025-05-28 00:19:06,801 INFO  - ------------------------------------------------------------------------------------- (at simulation time 672.000,000,000 s)
2025-05-28 00:19:06,801 INFO  - ------------------------------------------------------------------------------------- (at simulation time 672.000,000,000 s)
2025-05-28 00:19:06,802 INFO  - ------------------------------------------------------------------------------------- (at simulation time 672.000,000,000 s)
2025-05-28 00:19:06,802 INFO  - Processing event (at simulation time 672.000,000,000 s)
2025-05-28 00:19:06,802 INFO  - ------------------------------------------------------------------------------------- (at simulation time 672.000,000,000 s)
2025-05-28 00:19:06,802 INFO  - My Route = r_1 (at simulation time 672.000,000,000 s)
2025-05-28 00:19:06,802 INFO  - distance to RSU = 81.61349276854814 (at simulation time 672.000,000,000 s)
2025-05-28 00:19:06,802 INFO  - ------------------------------------------------------------------------------------- (at simulation time 672.000,000,000 s)
2025-05-28 00:19:06,802 INFO  - I have no neighbours to send! (at simulation time 672.000,000,000 s)
2025-05-28 00:19:06,802 INFO  - ------------------------------------------------------------------------------------- (at simulation time 672.000,000,000 s)
2025-05-28 00:19:06,802 INFO  - Tried sending message to other car (at simulation time 672.000,000,000 s)
2025-05-28 00:19:06,802 INFO  - ACK = false (at simulation time 672.000,000,000 s)
2025-05-28 00:19:06,802 INFO  - ------------------------------------------------------------------------------------- (at simulation time 672.000,000,000 s)
2025-05-28 00:19:06,802 INFO  - ------------------------------------------------------------------------------------- (at simulation time 672.000,000,000 s)
2025-05-28 00:19:06,802 INFO  - ------------------------------------------------------------------------------------- (at simulation time 672.000,000,000 s)
2025-05-28 00:19:06,802 INFO  - Processing event (at simulation time 672.000,000,000 s)
2025-05-28 00:19:06,802 INFO  - ------------------------------------------------------------------------------------- (at simulation time 672.000,000,000 s)
2025-05-28 00:19:06,802 INFO  - My Route = r_1 (at simulation time 672.000,000,000 s)
2025-05-28 00:19:06,802 INFO  - distance to RSU = 81.61349276854814 (at simulation time 672.000,000,000 s)
2025-05-28 00:19:06,802 INFO  - ------------------------------------------------------------------------------------- (at simulation time 672.000,000,000 s)
2025-05-28 00:19:06,802 INFO  - I have no neighbours to send! (at simulation time 672.000,000,000 s)
2025-05-28 00:19:06,802 INFO  - ------------------------------------------------------------------------------------- (at simulation time 672.000,000,000 s)
2025-05-28 00:19:06,802 INFO  - Tried sending message to other car (at simulation time 672.000,000,000 s)
2025-05-28 00:19:06,802 INFO  - ACK = false (at simulation time 672.000,000,000 s)
2025-05-28 00:19:06,802 INFO  - ------------------------------------------------------------------------------------- (at simulation time 672.000,000,000 s)
2025-05-28 00:19:06,802 INFO  - ------------------------------------------------------------------------------------- (at simulation time 672.000,000,000 s)
2025-05-28 00:19:06,803 INFO  - ------------------------------------------------------------------------------------- (at simulation time 672.000,000,000 s)
2025-05-28 00:19:06,803 INFO  - Processing event (at simulation time 672.000,000,000 s)
2025-05-28 00:19:06,803 INFO  - ------------------------------------------------------------------------------------- (at simulation time 672.000,000,000 s)
2025-05-28 00:19:06,803 INFO  - My Route = r_1 (at simulation time 672.000,000,000 s)
2025-05-28 00:19:06,803 INFO  - distance to RSU = 81.61349276854814 (at simulation time 672.000,000,000 s)
2025-05-28 00:19:06,803 INFO  - ------------------------------------------------------------------------------------- (at simulation time 672.000,000,000 s)
2025-05-28 00:19:06,803 INFO  - I have no neighbours to send! (at simulation time 672.000,000,000 s)
2025-05-28 00:19:06,803 INFO  - ------------------------------------------------------------------------------------- (at simulation time 672.000,000,000 s)
2025-05-28 00:19:06,803 INFO  - Tried sending message to other car (at simulation time 672.000,000,000 s)
2025-05-28 00:19:06,803 INFO  - ACK = false (at simulation time 672.000,000,000 s)
2025-05-28 00:19:06,803 INFO  - ------------------------------------------------------------------------------------- (at simulation time 672.000,000,000 s)
2025-05-28 00:19:06,803 INFO  - ------------------------------------------------------------------------------------- (at simulation time 672.000,000,000 s)
2025-05-28 00:19:06,803 INFO  - ------------------------------------------------------------------------------------- (at simulation time 672.000,000,000 s)
2025-05-28 00:19:06,803 INFO  - Processing event (at simulation time 672.000,000,000 s)
2025-05-28 00:19:06,803 INFO  - ------------------------------------------------------------------------------------- (at simulation time 672.000,000,000 s)
2025-05-28 00:19:06,803 INFO  - My Route = r_1 (at simulation time 672.000,000,000 s)
2025-05-28 00:19:06,803 INFO  - distance to RSU = 81.61349276854814 (at simulation time 672.000,000,000 s)
2025-05-28 00:19:06,803 INFO  - ------------------------------------------------------------------------------------- (at simulation time 672.000,000,000 s)
2025-05-28 00:19:06,803 INFO  - I have no neighbours to send! (at simulation time 672.000,000,000 s)
2025-05-28 00:19:06,803 INFO  - ------------------------------------------------------------------------------------- (at simulation time 672.000,000,000 s)
2025-05-28 00:19:06,803 INFO  - Tried sending message to other car (at simulation time 672.000,000,000 s)
2025-05-28 00:19:06,803 INFO  - ACK = false (at simulation time 672.000,000,000 s)
2025-05-28 00:19:06,803 INFO  - ------------------------------------------------------------------------------------- (at simulation time 672.000,000,000 s)
2025-05-28 00:19:06,803 INFO  - ------------------------------------------------------------------------------------- (at simulation time 672.000,000,000 s)
2025-05-28 00:19:06,886 INFO  - ------------------------------------------------------------------------------------- (at simulation time 672.000,000,010 s)
2025-05-28 00:19:06,886 INFO  - Processing event (at simulation time 672.000,000,010 s)
2025-05-28 00:19:06,886 INFO  - ------------------------------------------------------------------------------------- (at simulation time 672.000,000,010 s)
2025-05-28 00:19:06,886 INFO  - My Route = r_1 (at simulation time 672.000,000,010 s)
2025-05-28 00:19:06,886 INFO  - distance to RSU = 81.61349276854814 (at simulation time 672.000,000,010 s)
2025-05-28 00:19:06,886 INFO  - ------------------------------------------------------------------------------------- (at simulation time 672.000,000,010 s)
2025-05-28 00:19:06,886 INFO  - I have no neighbours to send! (at simulation time 672.000,000,010 s)
2025-05-28 00:19:06,886 INFO  - ------------------------------------------------------------------------------------- (at simulation time 672.000,000,010 s)
2025-05-28 00:19:06,886 INFO  - Tried sending message to other car (at simulation time 672.000,000,010 s)
2025-05-28 00:19:06,886 INFO  - ACK = false (at simulation time 672.000,000,010 s)
2025-05-28 00:19:06,886 INFO  - ------------------------------------------------------------------------------------- (at simulation time 672.000,000,010 s)
2025-05-28 00:19:06,886 INFO  - ------------------------------------------------------------------------------------- (at simulation time 672.000,000,010 s)
2025-05-28 00:19:06,887 INFO  - ------------------------------------------------------------------------------------- (at simulation time 672.000,000,010 s)
2025-05-28 00:19:06,887 INFO  - Processing event (at simulation time 672.000,000,010 s)
2025-05-28 00:19:06,887 INFO  - ------------------------------------------------------------------------------------- (at simulation time 672.000,000,010 s)
2025-05-28 00:19:06,887 INFO  - My Route = r_1 (at simulation time 672.000,000,010 s)
2025-05-28 00:19:06,887 INFO  - distance to RSU = 81.61349276854814 (at simulation time 672.000,000,010 s)
2025-05-28 00:19:06,887 INFO  - ------------------------------------------------------------------------------------- (at simulation time 672.000,000,010 s)
2025-05-28 00:19:06,887 INFO  - I have no neighbours to send! (at simulation time 672.000,000,010 s)
2025-05-28 00:19:06,887 INFO  - ------------------------------------------------------------------------------------- (at simulation time 672.000,000,010 s)
2025-05-28 00:19:06,887 INFO  - Tried sending message to other car (at simulation time 672.000,000,010 s)
2025-05-28 00:19:06,887 INFO  - ACK = false (at simulation time 672.000,000,010 s)
2025-05-28 00:19:06,887 INFO  - ------------------------------------------------------------------------------------- (at simulation time 672.000,000,010 s)
2025-05-28 00:19:06,887 INFO  - ------------------------------------------------------------------------------------- (at simulation time 672.000,000,010 s)
2025-05-28 00:19:06,887 INFO  - ------------------------------------------------------------------------------------- (at simulation time 672.000,000,010 s)
2025-05-28 00:19:06,887 INFO  - Processing event (at simulation time 672.000,000,010 s)
2025-05-28 00:19:06,887 INFO  - ------------------------------------------------------------------------------------- (at simulation time 672.000,000,010 s)
2025-05-28 00:19:06,887 INFO  - My Route = r_1 (at simulation time 672.000,000,010 s)
2025-05-28 00:19:06,887 INFO  - distance to RSU = 81.61349276854814 (at simulation time 672.000,000,010 s)
2025-05-28 00:19:06,887 INFO  - ------------------------------------------------------------------------------------- (at simulation time 672.000,000,010 s)
2025-05-28 00:19:06,887 INFO  - I have no neighbours to send! (at simulation time 672.000,000,010 s)
2025-05-28 00:19:06,887 INFO  - ------------------------------------------------------------------------------------- (at simulation time 672.000,000,010 s)
2025-05-28 00:19:06,887 INFO  - Tried sending message to other car (at simulation time 672.000,000,010 s)
2025-05-28 00:19:06,887 INFO  - ACK = false (at simulation time 672.000,000,010 s)
2025-05-28 00:19:06,887 INFO  - ------------------------------------------------------------------------------------- (at simulation time 672.000,000,010 s)
2025-05-28 00:19:06,887 INFO  - ------------------------------------------------------------------------------------- (at simulation time 672.000,000,010 s)
2025-05-28 00:19:06,888 INFO  - ------------------------------------------------------------------------------------- (at simulation time 672.000,000,010 s)
2025-05-28 00:19:06,888 INFO  - Processing event (at simulation time 672.000,000,010 s)
2025-05-28 00:19:06,888 INFO  - ------------------------------------------------------------------------------------- (at simulation time 672.000,000,010 s)
2025-05-28 00:19:06,888 INFO  - My Route = r_1 (at simulation time 672.000,000,010 s)
2025-05-28 00:19:06,888 INFO  - distance to RSU = 81.61349276854814 (at simulation time 672.000,000,010 s)
2025-05-28 00:19:06,888 INFO  - ------------------------------------------------------------------------------------- (at simulation time 672.000,000,010 s)
2025-05-28 00:19:06,888 INFO  - I have no neighbours to send! (at simulation time 672.000,000,010 s)
2025-05-28 00:19:06,888 INFO  - ------------------------------------------------------------------------------------- (at simulation time 672.000,000,010 s)
2025-05-28 00:19:06,888 INFO  - Tried sending message to other car (at simulation time 672.000,000,010 s)
2025-05-28 00:19:06,888 INFO  - ACK = false (at simulation time 672.000,000,010 s)
2025-05-28 00:19:06,888 INFO  - ------------------------------------------------------------------------------------- (at simulation time 672.000,000,010 s)
2025-05-28 00:19:06,888 INFO  - ------------------------------------------------------------------------------------- (at simulation time 672.000,000,010 s)
2025-05-28 00:19:06,888 INFO  - ------------------------------------------------------------------------------------- (at simulation time 672.000,000,010 s)
2025-05-28 00:19:06,888 INFO  - Processing event (at simulation time 672.000,000,010 s)
2025-05-28 00:19:06,888 INFO  - ------------------------------------------------------------------------------------- (at simulation time 672.000,000,010 s)
2025-05-28 00:19:06,888 INFO  - My Route = r_1 (at simulation time 672.000,000,010 s)
2025-05-28 00:19:06,888 INFO  - distance to RSU = 81.61349276854814 (at simulation time 672.000,000,010 s)
2025-05-28 00:19:06,888 INFO  - ------------------------------------------------------------------------------------- (at simulation time 672.000,000,010 s)
2025-05-28 00:19:06,888 INFO  - I have no neighbours to send! (at simulation time 672.000,000,010 s)
2025-05-28 00:19:06,888 INFO  - ------------------------------------------------------------------------------------- (at simulation time 672.000,000,010 s)
2025-05-28 00:19:06,888 INFO  - Tried sending message to other car (at simulation time 672.000,000,010 s)
2025-05-28 00:19:06,888 INFO  - ACK = false (at simulation time 672.000,000,010 s)
2025-05-28 00:19:06,889 INFO  - ------------------------------------------------------------------------------------- (at simulation time 672.000,000,010 s)
2025-05-28 00:19:06,889 INFO  - ------------------------------------------------------------------------------------- (at simulation time 672.000,000,010 s)
2025-05-28 00:19:06,889 INFO  - ------------------------------------------------------------------------------------- (at simulation time 672.000,000,010 s)
2025-05-28 00:19:06,889 INFO  - Processing event (at simulation time 672.000,000,010 s)
2025-05-28 00:19:06,889 INFO  - ------------------------------------------------------------------------------------- (at simulation time 672.000,000,010 s)
2025-05-28 00:19:06,889 INFO  - My Route = r_1 (at simulation time 672.000,000,010 s)
2025-05-28 00:19:06,889 INFO  - distance to RSU = 81.61349276854814 (at simulation time 672.000,000,010 s)
2025-05-28 00:19:06,889 INFO  - ------------------------------------------------------------------------------------- (at simulation time 672.000,000,010 s)
2025-05-28 00:19:06,889 INFO  - I have no neighbours to send! (at simulation time 672.000,000,010 s)
2025-05-28 00:19:06,889 INFO  - ------------------------------------------------------------------------------------- (at simulation time 672.000,000,010 s)
2025-05-28 00:19:06,889 INFO  - Tried sending message to other car (at simulation time 672.000,000,010 s)
2025-05-28 00:19:06,889 INFO  - ACK = false (at simulation time 672.000,000,010 s)
2025-05-28 00:19:06,889 INFO  - ------------------------------------------------------------------------------------- (at simulation time 672.000,000,010 s)
2025-05-28 00:19:06,889 INFO  - ------------------------------------------------------------------------------------- (at simulation time 672.000,000,010 s)
2025-05-28 00:19:06,890 INFO  - ------------------------------------------------------------------------------------- (at simulation time 672.000,000,010 s)
2025-05-28 00:19:06,890 INFO  - Processing event (at simulation time 672.000,000,010 s)
2025-05-28 00:19:06,890 INFO  - ------------------------------------------------------------------------------------- (at simulation time 672.000,000,010 s)
2025-05-28 00:19:06,890 INFO  - My Route = r_1 (at simulation time 672.000,000,010 s)
2025-05-28 00:19:06,890 INFO  - distance to RSU = 81.61349276854814 (at simulation time 672.000,000,010 s)
2025-05-28 00:19:06,890 INFO  - ------------------------------------------------------------------------------------- (at simulation time 672.000,000,010 s)
2025-05-28 00:19:06,890 INFO  - I have no neighbours to send! (at simulation time 672.000,000,010 s)
2025-05-28 00:19:06,890 INFO  - ------------------------------------------------------------------------------------- (at simulation time 672.000,000,010 s)
2025-05-28 00:19:06,890 INFO  - Tried sending message to other car (at simulation time 672.000,000,010 s)
2025-05-28 00:19:06,890 INFO  - ACK = false (at simulation time 672.000,000,010 s)
2025-05-28 00:19:06,890 INFO  - ------------------------------------------------------------------------------------- (at simulation time 672.000,000,010 s)
2025-05-28 00:19:06,890 INFO  - ------------------------------------------------------------------------------------- (at simulation time 672.000,000,010 s)
2025-05-28 00:19:06,891 INFO  - ------------------------------------------------------------------------------------- (at simulation time 672.000,000,010 s)
2025-05-28 00:19:06,891 INFO  - Processing event (at simulation time 672.000,000,010 s)
2025-05-28 00:19:06,891 INFO  - ------------------------------------------------------------------------------------- (at simulation time 672.000,000,010 s)
2025-05-28 00:19:06,891 INFO  - My Route = r_1 (at simulation time 672.000,000,010 s)
2025-05-28 00:19:06,891 INFO  - distance to RSU = 81.61349276854814 (at simulation time 672.000,000,010 s)
2025-05-28 00:19:06,891 INFO  - ------------------------------------------------------------------------------------- (at simulation time 672.000,000,010 s)
2025-05-28 00:19:06,891 INFO  - I have no neighbours to send! (at simulation time 672.000,000,010 s)
2025-05-28 00:19:06,891 INFO  - ------------------------------------------------------------------------------------- (at simulation time 672.000,000,010 s)
2025-05-28 00:19:06,891 INFO  - Tried sending message to other car (at simulation time 672.000,000,010 s)
2025-05-28 00:19:06,891 INFO  - ACK = false (at simulation time 672.000,000,010 s)
2025-05-28 00:19:06,891 INFO  - ------------------------------------------------------------------------------------- (at simulation time 672.000,000,010 s)
2025-05-28 00:19:06,891 INFO  - ------------------------------------------------------------------------------------- (at simulation time 672.000,000,010 s)
2025-05-28 00:19:06,896 INFO  - ------------------------------------------------------------------------------------- (at simulation time 673.000,000,000 s)
2025-05-28 00:19:06,896 INFO  - My Route = r_1 (at simulation time 673.000,000,000 s)
2025-05-28 00:19:06,896 INFO  - distance to RSU = 74.1459353729 (at simulation time 673.000,000,000 s)
2025-05-28 00:19:06,896 INFO  - ------------------------------------------------------------------------------------- (at simulation time 673.000,000,000 s)
2025-05-28 00:19:06,896 INFO  - I have no neighbours to send! (at simulation time 673.000,000,000 s)
2025-05-28 00:19:06,896 INFO  - ------------------------------------------------------------------------------------- (at simulation time 673.000,000,000 s)
2025-05-28 00:19:06,896 INFO  - Tried sending message to other car (at simulation time 673.000,000,000 s)
2025-05-28 00:19:06,896 INFO  - ACK = false (at simulation time 673.000,000,000 s)
2025-05-28 00:19:06,896 INFO  - ------------------------------------------------------------------------------------- (at simulation time 673.000,000,000 s)
2025-05-28 00:19:06,896 INFO  - ------------------------------------------------------------------------------------- (at simulation time 673.000,000,000 s)
2025-05-28 00:19:06,896 INFO  - Processing event (at simulation time 673.000,000,000 s)
2025-05-28 00:19:06,896 INFO  - ------------------------------------------------------------------------------------- (at simulation time 673.000,000,000 s)
2025-05-28 00:19:06,896 INFO  - My Route = r_1 (at simulation time 673.000,000,000 s)
2025-05-28 00:19:06,896 INFO  - distance to RSU = 74.1459353729 (at simulation time 673.000,000,000 s)
2025-05-28 00:19:06,896 INFO  - ------------------------------------------------------------------------------------- (at simulation time 673.000,000,000 s)
2025-05-28 00:19:06,896 INFO  - I have no neighbours to send! (at simulation time 673.000,000,000 s)
2025-05-28 00:19:06,896 INFO  - ------------------------------------------------------------------------------------- (at simulation time 673.000,000,000 s)
2025-05-28 00:19:06,896 INFO  - Tried sending message to other car (at simulation time 673.000,000,000 s)
2025-05-28 00:19:06,896 INFO  - ACK = false (at simulation time 673.000,000,000 s)
2025-05-28 00:19:06,896 INFO  - ------------------------------------------------------------------------------------- (at simulation time 673.000,000,000 s)
2025-05-28 00:19:06,896 INFO  - ------------------------------------------------------------------------------------- (at simulation time 673.000,000,000 s)
2025-05-28 00:19:06,897 INFO  - ------------------------------------------------------------------------------------- (at simulation time 673.000,000,000 s)
2025-05-28 00:19:06,897 INFO  - Processing event (at simulation time 673.000,000,000 s)
2025-05-28 00:19:06,897 INFO  - ------------------------------------------------------------------------------------- (at simulation time 673.000,000,000 s)
2025-05-28 00:19:06,897 INFO  - My Route = r_1 (at simulation time 673.000,000,000 s)
2025-05-28 00:19:06,897 INFO  - distance to RSU = 74.1459353729 (at simulation time 673.000,000,000 s)
2025-05-28 00:19:06,897 INFO  - ------------------------------------------------------------------------------------- (at simulation time 673.000,000,000 s)
2025-05-28 00:19:06,897 INFO  - I have no neighbours to send! (at simulation time 673.000,000,000 s)
2025-05-28 00:19:06,897 INFO  - ------------------------------------------------------------------------------------- (at simulation time 673.000,000,000 s)
2025-05-28 00:19:06,897 INFO  - Tried sending message to other car (at simulation time 673.000,000,000 s)
2025-05-28 00:19:06,897 INFO  - ACK = false (at simulation time 673.000,000,000 s)
2025-05-28 00:19:06,897 INFO  - ------------------------------------------------------------------------------------- (at simulation time 673.000,000,000 s)
2025-05-28 00:19:06,897 INFO  - ------------------------------------------------------------------------------------- (at simulation time 673.000,000,000 s)
2025-05-28 00:19:06,897 INFO  - ------------------------------------------------------------------------------------- (at simulation time 673.000,000,000 s)
2025-05-28 00:19:06,897 INFO  - Processing event (at simulation time 673.000,000,000 s)
2025-05-28 00:19:06,897 INFO  - ------------------------------------------------------------------------------------- (at simulation time 673.000,000,000 s)
2025-05-28 00:19:06,897 INFO  - My Route = r_1 (at simulation time 673.000,000,000 s)
2025-05-28 00:19:06,897 INFO  - distance to RSU = 74.1459353729 (at simulation time 673.000,000,000 s)
2025-05-28 00:19:06,897 INFO  - ------------------------------------------------------------------------------------- (at simulation time 673.000,000,000 s)
2025-05-28 00:19:06,897 INFO  - I have no neighbours to send! (at simulation time 673.000,000,000 s)
2025-05-28 00:19:06,897 INFO  - ------------------------------------------------------------------------------------- (at simulation time 673.000,000,000 s)
2025-05-28 00:19:06,897 INFO  - Tried sending message to other car (at simulation time 673.000,000,000 s)
2025-05-28 00:19:06,897 INFO  - ACK = false (at simulation time 673.000,000,000 s)
2025-05-28 00:19:06,897 INFO  - ------------------------------------------------------------------------------------- (at simulation time 673.000,000,000 s)
2025-05-28 00:19:06,897 INFO  - ------------------------------------------------------------------------------------- (at simulation time 673.000,000,000 s)
2025-05-28 00:19:06,898 INFO  - ------------------------------------------------------------------------------------- (at simulation time 673.000,000,000 s)
2025-05-28 00:19:06,898 INFO  - Processing event (at simulation time 673.000,000,000 s)
2025-05-28 00:19:06,898 INFO  - ------------------------------------------------------------------------------------- (at simulation time 673.000,000,000 s)
2025-05-28 00:19:06,898 INFO  - My Route = r_1 (at simulation time 673.000,000,000 s)
2025-05-28 00:19:06,898 INFO  - distance to RSU = 74.1459353729 (at simulation time 673.000,000,000 s)
2025-05-28 00:19:06,898 INFO  - ------------------------------------------------------------------------------------- (at simulation time 673.000,000,000 s)
2025-05-28 00:19:06,898 INFO  - I have no neighbours to send! (at simulation time 673.000,000,000 s)
2025-05-28 00:19:06,898 INFO  - ------------------------------------------------------------------------------------- (at simulation time 673.000,000,000 s)
2025-05-28 00:19:06,898 INFO  - Tried sending message to other car (at simulation time 673.000,000,000 s)
2025-05-28 00:19:06,898 INFO  - ACK = false (at simulation time 673.000,000,000 s)
2025-05-28 00:19:06,898 INFO  - ------------------------------------------------------------------------------------- (at simulation time 673.000,000,000 s)
2025-05-28 00:19:06,898 INFO  - ------------------------------------------------------------------------------------- (at simulation time 673.000,000,000 s)
2025-05-28 00:19:06,899 INFO  - ------------------------------------------------------------------------------------- (at simulation time 673.000,000,000 s)
2025-05-28 00:19:06,899 INFO  - Processing event (at simulation time 673.000,000,000 s)
2025-05-28 00:19:06,899 INFO  - ------------------------------------------------------------------------------------- (at simulation time 673.000,000,000 s)
2025-05-28 00:19:06,899 INFO  - My Route = r_1 (at simulation time 673.000,000,000 s)
2025-05-28 00:19:06,899 INFO  - distance to RSU = 74.1459353729 (at simulation time 673.000,000,000 s)
2025-05-28 00:19:06,899 INFO  - ------------------------------------------------------------------------------------- (at simulation time 673.000,000,000 s)
2025-05-28 00:19:06,899 INFO  - I have no neighbours to send! (at simulation time 673.000,000,000 s)
2025-05-28 00:19:06,899 INFO  - ------------------------------------------------------------------------------------- (at simulation time 673.000,000,000 s)
2025-05-28 00:19:06,899 INFO  - Tried sending message to other car (at simulation time 673.000,000,000 s)
2025-05-28 00:19:06,899 INFO  - ACK = false (at simulation time 673.000,000,000 s)
2025-05-28 00:19:06,899 INFO  - ------------------------------------------------------------------------------------- (at simulation time 673.000,000,000 s)
2025-05-28 00:19:06,899 INFO  - ------------------------------------------------------------------------------------- (at simulation time 673.000,000,000 s)
2025-05-28 00:19:06,899 INFO  - ------------------------------------------------------------------------------------- (at simulation time 673.000,000,000 s)
2025-05-28 00:19:06,899 INFO  - Processing event (at simulation time 673.000,000,000 s)
2025-05-28 00:19:06,899 INFO  - ------------------------------------------------------------------------------------- (at simulation time 673.000,000,000 s)
2025-05-28 00:19:06,899 INFO  - My Route = r_1 (at simulation time 673.000,000,000 s)
2025-05-28 00:19:06,899 INFO  - distance to RSU = 74.1459353729 (at simulation time 673.000,000,000 s)
2025-05-28 00:19:06,899 INFO  - ------------------------------------------------------------------------------------- (at simulation time 673.000,000,000 s)
2025-05-28 00:19:06,899 INFO  - I have no neighbours to send! (at simulation time 673.000,000,000 s)
2025-05-28 00:19:06,899 INFO  - ------------------------------------------------------------------------------------- (at simulation time 673.000,000,000 s)
2025-05-28 00:19:06,899 INFO  - Tried sending message to other car (at simulation time 673.000,000,000 s)
2025-05-28 00:19:06,899 INFO  - ACK = false (at simulation time 673.000,000,000 s)
2025-05-28 00:19:06,899 INFO  - ------------------------------------------------------------------------------------- (at simulation time 673.000,000,000 s)
2025-05-28 00:19:06,899 INFO  - ------------------------------------------------------------------------------------- (at simulation time 673.000,000,000 s)
2025-05-28 00:19:06,900 INFO  - ------------------------------------------------------------------------------------- (at simulation time 673.000,000,000 s)
2025-05-28 00:19:06,900 INFO  - Processing event (at simulation time 673.000,000,000 s)
2025-05-28 00:19:06,900 INFO  - ------------------------------------------------------------------------------------- (at simulation time 673.000,000,000 s)
2025-05-28 00:19:06,900 INFO  - My Route = r_1 (at simulation time 673.000,000,000 s)
2025-05-28 00:19:06,900 INFO  - distance to RSU = 74.1459353729 (at simulation time 673.000,000,000 s)
2025-05-28 00:19:06,900 INFO  - ------------------------------------------------------------------------------------- (at simulation time 673.000,000,000 s)
2025-05-28 00:19:06,900 INFO  - I have no neighbours to send! (at simulation time 673.000,000,000 s)
2025-05-28 00:19:06,900 INFO  - ------------------------------------------------------------------------------------- (at simulation time 673.000,000,000 s)
2025-05-28 00:19:06,900 INFO  - Tried sending message to other car (at simulation time 673.000,000,000 s)
2025-05-28 00:19:06,900 INFO  - ACK = false (at simulation time 673.000,000,000 s)
2025-05-28 00:19:06,900 INFO  - ------------------------------------------------------------------------------------- (at simulation time 673.000,000,000 s)
2025-05-28 00:19:06,900 INFO  - ------------------------------------------------------------------------------------- (at simulation time 673.000,000,000 s)
2025-05-28 00:19:06,900 INFO  - ------------------------------------------------------------------------------------- (at simulation time 673.000,000,000 s)
2025-05-28 00:19:06,900 INFO  - Processing event (at simulation time 673.000,000,000 s)
2025-05-28 00:19:06,900 INFO  - ------------------------------------------------------------------------------------- (at simulation time 673.000,000,000 s)
2025-05-28 00:19:06,900 INFO  - My Route = r_1 (at simulation time 673.000,000,000 s)
2025-05-28 00:19:06,900 INFO  - distance to RSU = 74.1459353729 (at simulation time 673.000,000,000 s)
2025-05-28 00:19:06,900 INFO  - ------------------------------------------------------------------------------------- (at simulation time 673.000,000,000 s)
2025-05-28 00:19:06,900 INFO  - I have no neighbours to send! (at simulation time 673.000,000,000 s)
2025-05-28 00:19:06,900 INFO  - ------------------------------------------------------------------------------------- (at simulation time 673.000,000,000 s)
2025-05-28 00:19:06,900 INFO  - Tried sending message to other car (at simulation time 673.000,000,000 s)
2025-05-28 00:19:06,900 INFO  - ACK = false (at simulation time 673.000,000,000 s)
2025-05-28 00:19:06,900 INFO  - ------------------------------------------------------------------------------------- (at simulation time 673.000,000,000 s)
2025-05-28 00:19:06,900 INFO  - ------------------------------------------------------------------------------------- (at simulation time 673.000,000,000 s)
2025-05-28 00:19:06,979 INFO  - ------------------------------------------------------------------------------------- (at simulation time 673.000,000,010 s)
2025-05-28 00:19:06,979 INFO  - Processing event (at simulation time 673.000,000,010 s)
2025-05-28 00:19:06,979 INFO  - ------------------------------------------------------------------------------------- (at simulation time 673.000,000,010 s)
2025-05-28 00:19:06,979 INFO  - My Route = r_1 (at simulation time 673.000,000,010 s)
2025-05-28 00:19:06,979 INFO  - distance to RSU = 74.1459353729 (at simulation time 673.000,000,010 s)
2025-05-28 00:19:06,979 INFO  - ------------------------------------------------------------------------------------- (at simulation time 673.000,000,010 s)
2025-05-28 00:19:06,979 INFO  - I have no neighbours to send! (at simulation time 673.000,000,010 s)
2025-05-28 00:19:06,979 INFO  - ------------------------------------------------------------------------------------- (at simulation time 673.000,000,010 s)
2025-05-28 00:19:06,979 INFO  - Tried sending message to other car (at simulation time 673.000,000,010 s)
2025-05-28 00:19:06,979 INFO  - ACK = false (at simulation time 673.000,000,010 s)
2025-05-28 00:19:06,979 INFO  - ------------------------------------------------------------------------------------- (at simulation time 673.000,000,010 s)
2025-05-28 00:19:06,979 INFO  - ------------------------------------------------------------------------------------- (at simulation time 673.000,000,010 s)
2025-05-28 00:19:06,981 INFO  - ------------------------------------------------------------------------------------- (at simulation time 673.000,000,010 s)
2025-05-28 00:19:06,981 INFO  - Processing event (at simulation time 673.000,000,010 s)
2025-05-28 00:19:06,981 INFO  - ------------------------------------------------------------------------------------- (at simulation time 673.000,000,010 s)
2025-05-28 00:19:06,981 INFO  - My Route = r_1 (at simulation time 673.000,000,010 s)
2025-05-28 00:19:06,981 INFO  - distance to RSU = 74.1459353729 (at simulation time 673.000,000,010 s)
2025-05-28 00:19:06,981 INFO  - ------------------------------------------------------------------------------------- (at simulation time 673.000,000,010 s)
2025-05-28 00:19:06,981 INFO  - I have no neighbours to send! (at simulation time 673.000,000,010 s)
2025-05-28 00:19:06,981 INFO  - ------------------------------------------------------------------------------------- (at simulation time 673.000,000,010 s)
2025-05-28 00:19:06,981 INFO  - Tried sending message to other car (at simulation time 673.000,000,010 s)
2025-05-28 00:19:06,981 INFO  - ACK = false (at simulation time 673.000,000,010 s)
2025-05-28 00:19:06,981 INFO  - ------------------------------------------------------------------------------------- (at simulation time 673.000,000,010 s)
2025-05-28 00:19:06,981 INFO  - ------------------------------------------------------------------------------------- (at simulation time 673.000,000,010 s)
2025-05-28 00:19:06,981 INFO  - ------------------------------------------------------------------------------------- (at simulation time 673.000,000,010 s)
2025-05-28 00:19:06,981 INFO  - Processing event (at simulation time 673.000,000,010 s)
2025-05-28 00:19:06,981 INFO  - ------------------------------------------------------------------------------------- (at simulation time 673.000,000,010 s)
2025-05-28 00:19:06,981 INFO  - My Route = r_1 (at simulation time 673.000,000,010 s)
2025-05-28 00:19:06,981 INFO  - distance to RSU = 74.1459353729 (at simulation time 673.000,000,010 s)
2025-05-28 00:19:06,981 INFO  - ------------------------------------------------------------------------------------- (at simulation time 673.000,000,010 s)
2025-05-28 00:19:06,981 INFO  - I have no neighbours to send! (at simulation time 673.000,000,010 s)
2025-05-28 00:19:06,981 INFO  - ------------------------------------------------------------------------------------- (at simulation time 673.000,000,010 s)
2025-05-28 00:19:06,981 INFO  - Tried sending message to other car (at simulation time 673.000,000,010 s)
2025-05-28 00:19:06,981 INFO  - ACK = false (at simulation time 673.000,000,010 s)
2025-05-28 00:19:06,981 INFO  - ------------------------------------------------------------------------------------- (at simulation time 673.000,000,010 s)
2025-05-28 00:19:06,981 INFO  - ------------------------------------------------------------------------------------- (at simulation time 673.000,000,010 s)
2025-05-28 00:19:06,982 INFO  - ------------------------------------------------------------------------------------- (at simulation time 673.000,000,010 s)
2025-05-28 00:19:06,982 INFO  - Processing event (at simulation time 673.000,000,010 s)
2025-05-28 00:19:06,982 INFO  - ------------------------------------------------------------------------------------- (at simulation time 673.000,000,010 s)
2025-05-28 00:19:06,982 INFO  - My Route = r_1 (at simulation time 673.000,000,010 s)
2025-05-28 00:19:06,982 INFO  - distance to RSU = 74.1459353729 (at simulation time 673.000,000,010 s)
2025-05-28 00:19:06,982 INFO  - ------------------------------------------------------------------------------------- (at simulation time 673.000,000,010 s)
2025-05-28 00:19:06,982 INFO  - I have no neighbours to send! (at simulation time 673.000,000,010 s)
2025-05-28 00:19:06,982 INFO  - ------------------------------------------------------------------------------------- (at simulation time 673.000,000,010 s)
2025-05-28 00:19:06,982 INFO  - Tried sending message to other car (at simulation time 673.000,000,010 s)
2025-05-28 00:19:06,982 INFO  - ACK = false (at simulation time 673.000,000,010 s)
2025-05-28 00:19:06,982 INFO  - ------------------------------------------------------------------------------------- (at simulation time 673.000,000,010 s)
2025-05-28 00:19:06,982 INFO  - ------------------------------------------------------------------------------------- (at simulation time 673.000,000,010 s)
2025-05-28 00:19:06,982 INFO  - ------------------------------------------------------------------------------------- (at simulation time 673.000,000,010 s)
2025-05-28 00:19:06,982 INFO  - Processing event (at simulation time 673.000,000,010 s)
2025-05-28 00:19:06,982 INFO  - ------------------------------------------------------------------------------------- (at simulation time 673.000,000,010 s)
2025-05-28 00:19:06,982 INFO  - My Route = r_1 (at simulation time 673.000,000,010 s)
2025-05-28 00:19:06,982 INFO  - distance to RSU = 74.1459353729 (at simulation time 673.000,000,010 s)
2025-05-28 00:19:06,982 INFO  - ------------------------------------------------------------------------------------- (at simulation time 673.000,000,010 s)
2025-05-28 00:19:06,982 INFO  - I have no neighbours to send! (at simulation time 673.000,000,010 s)
2025-05-28 00:19:06,982 INFO  - ------------------------------------------------------------------------------------- (at simulation time 673.000,000,010 s)
2025-05-28 00:19:06,982 INFO  - Tried sending message to other car (at simulation time 673.000,000,010 s)
2025-05-28 00:19:06,982 INFO  - ACK = false (at simulation time 673.000,000,010 s)
2025-05-28 00:19:06,982 INFO  - ------------------------------------------------------------------------------------- (at simulation time 673.000,000,010 s)
2025-05-28 00:19:06,982 INFO  - ------------------------------------------------------------------------------------- (at simulation time 673.000,000,010 s)
2025-05-28 00:19:06,983 INFO  - ------------------------------------------------------------------------------------- (at simulation time 673.000,000,010 s)
2025-05-28 00:19:06,983 INFO  - Processing event (at simulation time 673.000,000,010 s)
2025-05-28 00:19:06,983 INFO  - ------------------------------------------------------------------------------------- (at simulation time 673.000,000,010 s)
2025-05-28 00:19:06,983 INFO  - My Route = r_1 (at simulation time 673.000,000,010 s)
2025-05-28 00:19:06,983 INFO  - distance to RSU = 74.1459353729 (at simulation time 673.000,000,010 s)
2025-05-28 00:19:06,983 INFO  - ------------------------------------------------------------------------------------- (at simulation time 673.000,000,010 s)
2025-05-28 00:19:06,983 INFO  - I have no neighbours to send! (at simulation time 673.000,000,010 s)
2025-05-28 00:19:06,983 INFO  - ------------------------------------------------------------------------------------- (at simulation time 673.000,000,010 s)
2025-05-28 00:19:06,983 INFO  - Tried sending message to other car (at simulation time 673.000,000,010 s)
2025-05-28 00:19:06,983 INFO  - ACK = false (at simulation time 673.000,000,010 s)
2025-05-28 00:19:06,983 INFO  - ------------------------------------------------------------------------------------- (at simulation time 673.000,000,010 s)
2025-05-28 00:19:06,983 INFO  - ------------------------------------------------------------------------------------- (at simulation time 673.000,000,010 s)
2025-05-28 00:19:06,984 INFO  - ------------------------------------------------------------------------------------- (at simulation time 673.000,000,010 s)
2025-05-28 00:19:06,984 INFO  - Processing event (at simulation time 673.000,000,010 s)
2025-05-28 00:19:06,984 INFO  - ------------------------------------------------------------------------------------- (at simulation time 673.000,000,010 s)
2025-05-28 00:19:06,984 INFO  - My Route = r_1 (at simulation time 673.000,000,010 s)
2025-05-28 00:19:06,984 INFO  - distance to RSU = 74.1459353729 (at simulation time 673.000,000,010 s)
2025-05-28 00:19:06,984 INFO  - ------------------------------------------------------------------------------------- (at simulation time 673.000,000,010 s)
2025-05-28 00:19:06,984 INFO  - I have no neighbours to send! (at simulation time 673.000,000,010 s)
2025-05-28 00:19:06,984 INFO  - ------------------------------------------------------------------------------------- (at simulation time 673.000,000,010 s)
2025-05-28 00:19:06,984 INFO  - Tried sending message to other car (at simulation time 673.000,000,010 s)
2025-05-28 00:19:06,984 INFO  - ACK = false (at simulation time 673.000,000,010 s)
2025-05-28 00:19:06,984 INFO  - ------------------------------------------------------------------------------------- (at simulation time 673.000,000,010 s)
2025-05-28 00:19:06,984 INFO  - ------------------------------------------------------------------------------------- (at simulation time 673.000,000,010 s)
2025-05-28 00:19:06,984 INFO  - ------------------------------------------------------------------------------------- (at simulation time 673.000,000,010 s)
2025-05-28 00:19:06,984 INFO  - Processing event (at simulation time 673.000,000,010 s)
2025-05-28 00:19:06,984 INFO  - ------------------------------------------------------------------------------------- (at simulation time 673.000,000,010 s)
2025-05-28 00:19:06,984 INFO  - My Route = r_1 (at simulation time 673.000,000,010 s)
2025-05-28 00:19:06,984 INFO  - distance to RSU = 74.1459353729 (at simulation time 673.000,000,010 s)
2025-05-28 00:19:06,984 INFO  - ------------------------------------------------------------------------------------- (at simulation time 673.000,000,010 s)
2025-05-28 00:19:06,984 INFO  - I have no neighbours to send! (at simulation time 673.000,000,010 s)
2025-05-28 00:19:06,984 INFO  - ------------------------------------------------------------------------------------- (at simulation time 673.000,000,010 s)
2025-05-28 00:19:06,984 INFO  - Tried sending message to other car (at simulation time 673.000,000,010 s)
2025-05-28 00:19:06,984 INFO  - ACK = false (at simulation time 673.000,000,010 s)
2025-05-28 00:19:06,984 INFO  - ------------------------------------------------------------------------------------- (at simulation time 673.000,000,010 s)
2025-05-28 00:19:06,984 INFO  - ------------------------------------------------------------------------------------- (at simulation time 673.000,000,010 s)
2025-05-28 00:19:06,985 INFO  - ------------------------------------------------------------------------------------- (at simulation time 673.000,000,010 s)
2025-05-28 00:19:06,985 INFO  - Processing event (at simulation time 673.000,000,010 s)
2025-05-28 00:19:06,985 INFO  - ------------------------------------------------------------------------------------- (at simulation time 673.000,000,010 s)
2025-05-28 00:19:06,985 INFO  - My Route = r_1 (at simulation time 673.000,000,010 s)
2025-05-28 00:19:06,985 INFO  - distance to RSU = 74.1459353729 (at simulation time 673.000,000,010 s)
2025-05-28 00:19:06,985 INFO  - ------------------------------------------------------------------------------------- (at simulation time 673.000,000,010 s)
2025-05-28 00:19:06,985 INFO  - I have no neighbours to send! (at simulation time 673.000,000,010 s)
2025-05-28 00:19:06,985 INFO  - ------------------------------------------------------------------------------------- (at simulation time 673.000,000,010 s)
2025-05-28 00:19:06,985 INFO  - Tried sending message to other car (at simulation time 673.000,000,010 s)
2025-05-28 00:19:06,985 INFO  - ACK = false (at simulation time 673.000,000,010 s)
2025-05-28 00:19:06,985 INFO  - ------------------------------------------------------------------------------------- (at simulation time 673.000,000,010 s)
2025-05-28 00:19:06,985 INFO  - ------------------------------------------------------------------------------------- (at simulation time 673.000,000,010 s)
2025-05-28 00:19:06,988 INFO  - ------------------------------------------------------------------------------------- (at simulation time 674.000,000,000 s)
2025-05-28 00:19:06,988 INFO  - My Route = r_1 (at simulation time 674.000,000,000 s)
2025-05-28 00:19:06,988 INFO  - distance to RSU = 66.17856501420816 (at simulation time 674.000,000,000 s)
2025-05-28 00:19:06,988 INFO  - ------------------------------------------------------------------------------------- (at simulation time 674.000,000,000 s)
2025-05-28 00:19:06,988 INFO  - I have no neighbours to send! (at simulation time 674.000,000,000 s)
2025-05-28 00:19:06,988 INFO  - ------------------------------------------------------------------------------------- (at simulation time 674.000,000,000 s)
2025-05-28 00:19:06,988 INFO  - Tried sending message to other car (at simulation time 674.000,000,000 s)
2025-05-28 00:19:06,988 INFO  - ACK = false (at simulation time 674.000,000,000 s)
2025-05-28 00:19:06,988 INFO  - ------------------------------------------------------------------------------------- (at simulation time 674.000,000,000 s)
2025-05-28 00:19:06,989 INFO  - ------------------------------------------------------------------------------------- (at simulation time 674.000,000,000 s)
2025-05-28 00:19:06,989 INFO  - Processing event (at simulation time 674.000,000,000 s)
2025-05-28 00:19:06,989 INFO  - ------------------------------------------------------------------------------------- (at simulation time 674.000,000,000 s)
2025-05-28 00:19:06,989 INFO  - My Route = r_1 (at simulation time 674.000,000,000 s)
2025-05-28 00:19:06,989 INFO  - distance to RSU = 66.17856501420816 (at simulation time 674.000,000,000 s)
2025-05-28 00:19:06,989 INFO  - ------------------------------------------------------------------------------------- (at simulation time 674.000,000,000 s)
2025-05-28 00:19:06,989 INFO  - I have no neighbours to send! (at simulation time 674.000,000,000 s)
2025-05-28 00:19:06,989 INFO  - ------------------------------------------------------------------------------------- (at simulation time 674.000,000,000 s)
2025-05-28 00:19:06,989 INFO  - Tried sending message to other car (at simulation time 674.000,000,000 s)
2025-05-28 00:19:06,989 INFO  - ACK = false (at simulation time 674.000,000,000 s)
2025-05-28 00:19:06,989 INFO  - ------------------------------------------------------------------------------------- (at simulation time 674.000,000,000 s)
2025-05-28 00:19:06,989 INFO  - ------------------------------------------------------------------------------------- (at simulation time 674.000,000,000 s)
2025-05-28 00:19:06,989 INFO  - ------------------------------------------------------------------------------------- (at simulation time 674.000,000,000 s)
2025-05-28 00:19:06,989 INFO  - Processing event (at simulation time 674.000,000,000 s)
2025-05-28 00:19:06,989 INFO  - ------------------------------------------------------------------------------------- (at simulation time 674.000,000,000 s)
2025-05-28 00:19:06,989 INFO  - My Route = r_1 (at simulation time 674.000,000,000 s)
2025-05-28 00:19:06,989 INFO  - distance to RSU = 66.17856501420816 (at simulation time 674.000,000,000 s)
2025-05-28 00:19:06,989 INFO  - ------------------------------------------------------------------------------------- (at simulation time 674.000,000,000 s)
2025-05-28 00:19:06,989 INFO  - I have no neighbours to send! (at simulation time 674.000,000,000 s)
2025-05-28 00:19:06,989 INFO  - ------------------------------------------------------------------------------------- (at simulation time 674.000,000,000 s)
2025-05-28 00:19:06,989 INFO  - Tried sending message to other car (at simulation time 674.000,000,000 s)
2025-05-28 00:19:06,989 INFO  - ACK = false (at simulation time 674.000,000,000 s)
2025-05-28 00:19:06,989 INFO  - ------------------------------------------------------------------------------------- (at simulation time 674.000,000,000 s)
2025-05-28 00:19:06,989 INFO  - ------------------------------------------------------------------------------------- (at simulation time 674.000,000,000 s)
2025-05-28 00:19:06,990 INFO  - ------------------------------------------------------------------------------------- (at simulation time 674.000,000,000 s)
2025-05-28 00:19:06,990 INFO  - Processing event (at simulation time 674.000,000,000 s)
2025-05-28 00:19:06,990 INFO  - ------------------------------------------------------------------------------------- (at simulation time 674.000,000,000 s)
2025-05-28 00:19:06,990 INFO  - My Route = r_1 (at simulation time 674.000,000,000 s)
2025-05-28 00:19:06,990 INFO  - distance to RSU = 66.17856501420816 (at simulation time 674.000,000,000 s)
2025-05-28 00:19:06,990 INFO  - ------------------------------------------------------------------------------------- (at simulation time 674.000,000,000 s)
2025-05-28 00:19:06,990 INFO  - I have no neighbours to send! (at simulation time 674.000,000,000 s)
2025-05-28 00:19:06,990 INFO  - ------------------------------------------------------------------------------------- (at simulation time 674.000,000,000 s)
2025-05-28 00:19:06,990 INFO  - Tried sending message to other car (at simulation time 674.000,000,000 s)
2025-05-28 00:19:06,990 INFO  - ACK = false (at simulation time 674.000,000,000 s)
2025-05-28 00:19:06,990 INFO  - ------------------------------------------------------------------------------------- (at simulation time 674.000,000,000 s)
2025-05-28 00:19:06,990 INFO  - ------------------------------------------------------------------------------------- (at simulation time 674.000,000,000 s)
2025-05-28 00:19:06,991 INFO  - ------------------------------------------------------------------------------------- (at simulation time 674.000,000,000 s)
2025-05-28 00:19:06,991 INFO  - Processing event (at simulation time 674.000,000,000 s)
2025-05-28 00:19:06,991 INFO  - ------------------------------------------------------------------------------------- (at simulation time 674.000,000,000 s)
2025-05-28 00:19:06,991 INFO  - My Route = r_1 (at simulation time 674.000,000,000 s)
2025-05-28 00:19:06,991 INFO  - distance to RSU = 66.17856501420816 (at simulation time 674.000,000,000 s)
2025-05-28 00:19:06,991 INFO  - ------------------------------------------------------------------------------------- (at simulation time 674.000,000,000 s)
2025-05-28 00:19:06,991 INFO  - I have no neighbours to send! (at simulation time 674.000,000,000 s)
2025-05-28 00:19:06,991 INFO  - ------------------------------------------------------------------------------------- (at simulation time 674.000,000,000 s)
2025-05-28 00:19:06,991 INFO  - Tried sending message to other car (at simulation time 674.000,000,000 s)
2025-05-28 00:19:06,991 INFO  - ACK = false (at simulation time 674.000,000,000 s)
2025-05-28 00:19:06,991 INFO  - ------------------------------------------------------------------------------------- (at simulation time 674.000,000,000 s)
2025-05-28 00:19:06,991 INFO  - ------------------------------------------------------------------------------------- (at simulation time 674.000,000,000 s)
2025-05-28 00:19:06,992 INFO  - ------------------------------------------------------------------------------------- (at simulation time 674.000,000,000 s)
2025-05-28 00:19:06,992 INFO  - Processing event (at simulation time 674.000,000,000 s)
2025-05-28 00:19:06,992 INFO  - ------------------------------------------------------------------------------------- (at simulation time 674.000,000,000 s)
2025-05-28 00:19:06,992 INFO  - My Route = r_1 (at simulation time 674.000,000,000 s)
2025-05-28 00:19:06,992 INFO  - distance to RSU = 66.17856501420816 (at simulation time 674.000,000,000 s)
2025-05-28 00:19:06,992 INFO  - ------------------------------------------------------------------------------------- (at simulation time 674.000,000,000 s)
2025-05-28 00:19:06,992 INFO  - I have no neighbours to send! (at simulation time 674.000,000,000 s)
2025-05-28 00:19:06,992 INFO  - ------------------------------------------------------------------------------------- (at simulation time 674.000,000,000 s)
2025-05-28 00:19:06,992 INFO  - Tried sending message to other car (at simulation time 674.000,000,000 s)
2025-05-28 00:19:06,992 INFO  - ACK = false (at simulation time 674.000,000,000 s)
2025-05-28 00:19:06,992 INFO  - ------------------------------------------------------------------------------------- (at simulation time 674.000,000,000 s)
2025-05-28 00:19:06,992 INFO  - ------------------------------------------------------------------------------------- (at simulation time 674.000,000,000 s)
2025-05-28 00:19:06,993 INFO  - ------------------------------------------------------------------------------------- (at simulation time 674.000,000,000 s)
2025-05-28 00:19:06,993 INFO  - Processing event (at simulation time 674.000,000,000 s)
2025-05-28 00:19:06,993 INFO  - ------------------------------------------------------------------------------------- (at simulation time 674.000,000,000 s)
2025-05-28 00:19:06,993 INFO  - My Route = r_1 (at simulation time 674.000,000,000 s)
2025-05-28 00:19:06,993 INFO  - distance to RSU = 66.17856501420816 (at simulation time 674.000,000,000 s)
2025-05-28 00:19:06,993 INFO  - ------------------------------------------------------------------------------------- (at simulation time 674.000,000,000 s)
2025-05-28 00:19:06,993 INFO  - I have no neighbours to send! (at simulation time 674.000,000,000 s)
2025-05-28 00:19:06,993 INFO  - ------------------------------------------------------------------------------------- (at simulation time 674.000,000,000 s)
2025-05-28 00:19:06,993 INFO  - Tried sending message to other car (at simulation time 674.000,000,000 s)
2025-05-28 00:19:06,993 INFO  - ACK = false (at simulation time 674.000,000,000 s)
2025-05-28 00:19:06,993 INFO  - ------------------------------------------------------------------------------------- (at simulation time 674.000,000,000 s)
2025-05-28 00:19:06,993 INFO  - ------------------------------------------------------------------------------------- (at simulation time 674.000,000,000 s)
2025-05-28 00:19:06,993 INFO  - ------------------------------------------------------------------------------------- (at simulation time 674.000,000,000 s)
2025-05-28 00:19:06,993 INFO  - Processing event (at simulation time 674.000,000,000 s)
2025-05-28 00:19:06,993 INFO  - ------------------------------------------------------------------------------------- (at simulation time 674.000,000,000 s)
2025-05-28 00:19:06,993 INFO  - My Route = r_1 (at simulation time 674.000,000,000 s)
2025-05-28 00:19:06,993 INFO  - distance to RSU = 66.17856501420816 (at simulation time 674.000,000,000 s)
2025-05-28 00:19:06,993 INFO  - ------------------------------------------------------------------------------------- (at simulation time 674.000,000,000 s)
2025-05-28 00:19:06,993 INFO  - I have no neighbours to send! (at simulation time 674.000,000,000 s)
2025-05-28 00:19:06,993 INFO  - ------------------------------------------------------------------------------------- (at simulation time 674.000,000,000 s)
2025-05-28 00:19:06,993 INFO  - Tried sending message to other car (at simulation time 674.000,000,000 s)
2025-05-28 00:19:06,993 INFO  - ACK = false (at simulation time 674.000,000,000 s)
2025-05-28 00:19:06,993 INFO  - ------------------------------------------------------------------------------------- (at simulation time 674.000,000,000 s)
2025-05-28 00:19:06,993 INFO  - ------------------------------------------------------------------------------------- (at simulation time 674.000,000,000 s)
2025-05-28 00:19:06,994 INFO  - ------------------------------------------------------------------------------------- (at simulation time 674.000,000,000 s)
2025-05-28 00:19:06,994 INFO  - Processing event (at simulation time 674.000,000,000 s)
2025-05-28 00:19:06,994 INFO  - ------------------------------------------------------------------------------------- (at simulation time 674.000,000,000 s)
2025-05-28 00:19:06,994 INFO  - My Route = r_1 (at simulation time 674.000,000,000 s)
2025-05-28 00:19:06,994 INFO  - distance to RSU = 66.17856501420816 (at simulation time 674.000,000,000 s)
2025-05-28 00:19:06,994 INFO  - ------------------------------------------------------------------------------------- (at simulation time 674.000,000,000 s)
2025-05-28 00:19:06,994 INFO  - I have no neighbours to send! (at simulation time 674.000,000,000 s)
2025-05-28 00:19:06,994 INFO  - ------------------------------------------------------------------------------------- (at simulation time 674.000,000,000 s)
2025-05-28 00:19:06,994 INFO  - Tried sending message to other car (at simulation time 674.000,000,000 s)
2025-05-28 00:19:06,994 INFO  - ACK = false (at simulation time 674.000,000,000 s)
2025-05-28 00:19:06,994 INFO  - ------------------------------------------------------------------------------------- (at simulation time 674.000,000,000 s)
2025-05-28 00:19:06,994 INFO  - ------------------------------------------------------------------------------------- (at simulation time 674.000,000,000 s)
2025-05-28 00:19:06,994 INFO  - ------------------------------------------------------------------------------------- (at simulation time 674.000,000,000 s)
2025-05-28 00:19:06,994 INFO  - Processing event (at simulation time 674.000,000,000 s)
2025-05-28 00:19:06,994 INFO  - ------------------------------------------------------------------------------------- (at simulation time 674.000,000,000 s)
2025-05-28 00:19:06,994 INFO  - My Route = r_1 (at simulation time 674.000,000,000 s)
2025-05-28 00:19:06,994 INFO  - distance to RSU = 66.17856501420816 (at simulation time 674.000,000,000 s)
2025-05-28 00:19:06,994 INFO  - ------------------------------------------------------------------------------------- (at simulation time 674.000,000,000 s)
2025-05-28 00:19:06,994 INFO  - I have no neighbours to send! (at simulation time 674.000,000,000 s)
2025-05-28 00:19:06,994 INFO  - ------------------------------------------------------------------------------------- (at simulation time 674.000,000,000 s)
2025-05-28 00:19:06,994 INFO  - Tried sending message to other car (at simulation time 674.000,000,000 s)
2025-05-28 00:19:06,994 INFO  - ACK = false (at simulation time 674.000,000,000 s)
2025-05-28 00:19:06,994 INFO  - ------------------------------------------------------------------------------------- (at simulation time 674.000,000,000 s)
2025-05-28 00:19:06,994 INFO  - ------------------------------------------------------------------------------------- (at simulation time 674.000,000,000 s)
2025-05-28 00:19:07,080 INFO  - ------------------------------------------------------------------------------------- (at simulation time 674.000,000,010 s)
2025-05-28 00:19:07,080 INFO  - Processing event (at simulation time 674.000,000,010 s)
2025-05-28 00:19:07,080 INFO  - ------------------------------------------------------------------------------------- (at simulation time 674.000,000,010 s)
2025-05-28 00:19:07,080 INFO  - My Route = r_1 (at simulation time 674.000,000,010 s)
2025-05-28 00:19:07,080 INFO  - distance to RSU = 66.17856501420816 (at simulation time 674.000,000,010 s)
2025-05-28 00:19:07,080 INFO  - ------------------------------------------------------------------------------------- (at simulation time 674.000,000,010 s)
2025-05-28 00:19:07,080 INFO  - I have no neighbours to send! (at simulation time 674.000,000,010 s)
2025-05-28 00:19:07,080 INFO  - ------------------------------------------------------------------------------------- (at simulation time 674.000,000,010 s)
2025-05-28 00:19:07,080 INFO  - Tried sending message to other car (at simulation time 674.000,000,010 s)
2025-05-28 00:19:07,080 INFO  - ACK = false (at simulation time 674.000,000,010 s)
2025-05-28 00:19:07,080 INFO  - ------------------------------------------------------------------------------------- (at simulation time 674.000,000,010 s)
2025-05-28 00:19:07,080 INFO  - ------------------------------------------------------------------------------------- (at simulation time 674.000,000,010 s)
2025-05-28 00:19:07,081 INFO  - ------------------------------------------------------------------------------------- (at simulation time 674.000,000,010 s)
2025-05-28 00:19:07,081 INFO  - Processing event (at simulation time 674.000,000,010 s)
2025-05-28 00:19:07,081 INFO  - ------------------------------------------------------------------------------------- (at simulation time 674.000,000,010 s)
2025-05-28 00:19:07,081 INFO  - My Route = r_1 (at simulation time 674.000,000,010 s)
2025-05-28 00:19:07,081 INFO  - distance to RSU = 66.17856501420816 (at simulation time 674.000,000,010 s)
2025-05-28 00:19:07,081 INFO  - ------------------------------------------------------------------------------------- (at simulation time 674.000,000,010 s)
2025-05-28 00:19:07,081 INFO  - I have no neighbours to send! (at simulation time 674.000,000,010 s)
2025-05-28 00:19:07,081 INFO  - ------------------------------------------------------------------------------------- (at simulation time 674.000,000,010 s)
2025-05-28 00:19:07,081 INFO  - Tried sending message to other car (at simulation time 674.000,000,010 s)
2025-05-28 00:19:07,081 INFO  - ACK = false (at simulation time 674.000,000,010 s)
2025-05-28 00:19:07,081 INFO  - ------------------------------------------------------------------------------------- (at simulation time 674.000,000,010 s)
2025-05-28 00:19:07,081 INFO  - ------------------------------------------------------------------------------------- (at simulation time 674.000,000,010 s)
2025-05-28 00:19:07,081 INFO  - ------------------------------------------------------------------------------------- (at simulation time 674.000,000,010 s)
2025-05-28 00:19:07,081 INFO  - Processing event (at simulation time 674.000,000,010 s)
2025-05-28 00:19:07,081 INFO  - ------------------------------------------------------------------------------------- (at simulation time 674.000,000,010 s)
2025-05-28 00:19:07,081 INFO  - My Route = r_1 (at simulation time 674.000,000,010 s)
2025-05-28 00:19:07,081 INFO  - distance to RSU = 66.17856501420816 (at simulation time 674.000,000,010 s)
2025-05-28 00:19:07,081 INFO  - ------------------------------------------------------------------------------------- (at simulation time 674.000,000,010 s)
2025-05-28 00:19:07,081 INFO  - I have no neighbours to send! (at simulation time 674.000,000,010 s)
2025-05-28 00:19:07,081 INFO  - ------------------------------------------------------------------------------------- (at simulation time 674.000,000,010 s)
2025-05-28 00:19:07,081 INFO  - Tried sending message to other car (at simulation time 674.000,000,010 s)
2025-05-28 00:19:07,081 INFO  - ACK = false (at simulation time 674.000,000,010 s)
2025-05-28 00:19:07,081 INFO  - ------------------------------------------------------------------------------------- (at simulation time 674.000,000,010 s)
2025-05-28 00:19:07,081 INFO  - ------------------------------------------------------------------------------------- (at simulation time 674.000,000,010 s)
2025-05-28 00:19:07,082 INFO  - ------------------------------------------------------------------------------------- (at simulation time 674.000,000,010 s)
2025-05-28 00:19:07,082 INFO  - Processing event (at simulation time 674.000,000,010 s)
2025-05-28 00:19:07,082 INFO  - ------------------------------------------------------------------------------------- (at simulation time 674.000,000,010 s)
2025-05-28 00:19:07,082 INFO  - My Route = r_1 (at simulation time 674.000,000,010 s)
2025-05-28 00:19:07,082 INFO  - distance to RSU = 66.17856501420816 (at simulation time 674.000,000,010 s)
2025-05-28 00:19:07,082 INFO  - ------------------------------------------------------------------------------------- (at simulation time 674.000,000,010 s)
2025-05-28 00:19:07,082 INFO  - I have no neighbours to send! (at simulation time 674.000,000,010 s)
2025-05-28 00:19:07,082 INFO  - ------------------------------------------------------------------------------------- (at simulation time 674.000,000,010 s)
2025-05-28 00:19:07,082 INFO  - Tried sending message to other car (at simulation time 674.000,000,010 s)
2025-05-28 00:19:07,082 INFO  - ACK = false (at simulation time 674.000,000,010 s)
2025-05-28 00:19:07,082 INFO  - ------------------------------------------------------------------------------------- (at simulation time 674.000,000,010 s)
2025-05-28 00:19:07,082 INFO  - ------------------------------------------------------------------------------------- (at simulation time 674.000,000,010 s)
2025-05-28 00:19:07,083 INFO  - ------------------------------------------------------------------------------------- (at simulation time 674.000,000,010 s)
2025-05-28 00:19:07,083 INFO  - Processing event (at simulation time 674.000,000,010 s)
2025-05-28 00:19:07,083 INFO  - ------------------------------------------------------------------------------------- (at simulation time 674.000,000,010 s)
2025-05-28 00:19:07,083 INFO  - My Route = r_1 (at simulation time 674.000,000,010 s)
2025-05-28 00:19:07,083 INFO  - distance to RSU = 66.17856501420816 (at simulation time 674.000,000,010 s)
2025-05-28 00:19:07,083 INFO  - ------------------------------------------------------------------------------------- (at simulation time 674.000,000,010 s)
2025-05-28 00:19:07,083 INFO  - I have no neighbours to send! (at simulation time 674.000,000,010 s)
2025-05-28 00:19:07,083 INFO  - ------------------------------------------------------------------------------------- (at simulation time 674.000,000,010 s)
2025-05-28 00:19:07,083 INFO  - Tried sending message to other car (at simulation time 674.000,000,010 s)
2025-05-28 00:19:07,083 INFO  - ACK = false (at simulation time 674.000,000,010 s)
2025-05-28 00:19:07,083 INFO  - ------------------------------------------------------------------------------------- (at simulation time 674.000,000,010 s)
2025-05-28 00:19:07,083 INFO  - ------------------------------------------------------------------------------------- (at simulation time 674.000,000,010 s)
2025-05-28 00:19:07,083 INFO  - ------------------------------------------------------------------------------------- (at simulation time 674.000,000,010 s)
2025-05-28 00:19:07,083 INFO  - Processing event (at simulation time 674.000,000,010 s)
2025-05-28 00:19:07,083 INFO  - ------------------------------------------------------------------------------------- (at simulation time 674.000,000,010 s)
2025-05-28 00:19:07,083 INFO  - My Route = r_1 (at simulation time 674.000,000,010 s)
2025-05-28 00:19:07,083 INFO  - distance to RSU = 66.17856501420816 (at simulation time 674.000,000,010 s)
2025-05-28 00:19:07,083 INFO  - ------------------------------------------------------------------------------------- (at simulation time 674.000,000,010 s)
2025-05-28 00:19:07,083 INFO  - I have no neighbours to send! (at simulation time 674.000,000,010 s)
2025-05-28 00:19:07,083 INFO  - ------------------------------------------------------------------------------------- (at simulation time 674.000,000,010 s)
2025-05-28 00:19:07,083 INFO  - Tried sending message to other car (at simulation time 674.000,000,010 s)
2025-05-28 00:19:07,083 INFO  - ACK = false (at simulation time 674.000,000,010 s)
2025-05-28 00:19:07,083 INFO  - ------------------------------------------------------------------------------------- (at simulation time 674.000,000,010 s)
2025-05-28 00:19:07,083 INFO  - ------------------------------------------------------------------------------------- (at simulation time 674.000,000,010 s)
2025-05-28 00:19:07,084 INFO  - ------------------------------------------------------------------------------------- (at simulation time 674.000,000,010 s)
2025-05-28 00:19:07,084 INFO  - Processing event (at simulation time 674.000,000,010 s)
2025-05-28 00:19:07,084 INFO  - ------------------------------------------------------------------------------------- (at simulation time 674.000,000,010 s)
2025-05-28 00:19:07,084 INFO  - My Route = r_1 (at simulation time 674.000,000,010 s)
2025-05-28 00:19:07,084 INFO  - distance to RSU = 66.17856501420816 (at simulation time 674.000,000,010 s)
2025-05-28 00:19:07,084 INFO  - ------------------------------------------------------------------------------------- (at simulation time 674.000,000,010 s)
2025-05-28 00:19:07,084 INFO  - I have no neighbours to send! (at simulation time 674.000,000,010 s)
2025-05-28 00:19:07,084 INFO  - ------------------------------------------------------------------------------------- (at simulation time 674.000,000,010 s)
2025-05-28 00:19:07,084 INFO  - Tried sending message to other car (at simulation time 674.000,000,010 s)
2025-05-28 00:19:07,084 INFO  - ACK = false (at simulation time 674.000,000,010 s)
2025-05-28 00:19:07,084 INFO  - ------------------------------------------------------------------------------------- (at simulation time 674.000,000,010 s)
2025-05-28 00:19:07,084 INFO  - ------------------------------------------------------------------------------------- (at simulation time 674.000,000,010 s)
2025-05-28 00:19:07,084 INFO  - ------------------------------------------------------------------------------------- (at simulation time 674.000,000,010 s)
2025-05-28 00:19:07,084 INFO  - Processing event (at simulation time 674.000,000,010 s)
2025-05-28 00:19:07,084 INFO  - ------------------------------------------------------------------------------------- (at simulation time 674.000,000,010 s)
2025-05-28 00:19:07,084 INFO  - My Route = r_1 (at simulation time 674.000,000,010 s)
2025-05-28 00:19:07,084 INFO  - distance to RSU = 66.17856501420816 (at simulation time 674.000,000,010 s)
2025-05-28 00:19:07,084 INFO  - ------------------------------------------------------------------------------------- (at simulation time 674.000,000,010 s)
2025-05-28 00:19:07,085 INFO  - I have no neighbours to send! (at simulation time 674.000,000,010 s)
2025-05-28 00:19:07,085 INFO  - ------------------------------------------------------------------------------------- (at simulation time 674.000,000,010 s)
2025-05-28 00:19:07,085 INFO  - Tried sending message to other car (at simulation time 674.000,000,010 s)
2025-05-28 00:19:07,085 INFO  - ACK = false (at simulation time 674.000,000,010 s)
2025-05-28 00:19:07,085 INFO  - ------------------------------------------------------------------------------------- (at simulation time 674.000,000,010 s)
2025-05-28 00:19:07,085 INFO  - ------------------------------------------------------------------------------------- (at simulation time 674.000,000,010 s)
2025-05-28 00:19:07,085 INFO  - ------------------------------------------------------------------------------------- (at simulation time 674.000,000,010 s)
2025-05-28 00:19:07,085 INFO  - Processing event (at simulation time 674.000,000,010 s)
2025-05-28 00:19:07,085 INFO  - ------------------------------------------------------------------------------------- (at simulation time 674.000,000,010 s)
2025-05-28 00:19:07,085 INFO  - My Route = r_1 (at simulation time 674.000,000,010 s)
2025-05-28 00:19:07,085 INFO  - distance to RSU = 66.17856501420816 (at simulation time 674.000,000,010 s)
2025-05-28 00:19:07,085 INFO  - ------------------------------------------------------------------------------------- (at simulation time 674.000,000,010 s)
2025-05-28 00:19:07,085 INFO  - I have no neighbours to send! (at simulation time 674.000,000,010 s)
2025-05-28 00:19:07,085 INFO  - ------------------------------------------------------------------------------------- (at simulation time 674.000,000,010 s)
2025-05-28 00:19:07,085 INFO  - Tried sending message to other car (at simulation time 674.000,000,010 s)
2025-05-28 00:19:07,085 INFO  - ACK = false (at simulation time 674.000,000,010 s)
2025-05-28 00:19:07,085 INFO  - ------------------------------------------------------------------------------------- (at simulation time 674.000,000,010 s)
2025-05-28 00:19:07,085 INFO  - ------------------------------------------------------------------------------------- (at simulation time 674.000,000,010 s)
2025-05-28 00:19:07,086 INFO  - ------------------------------------------------------------------------------------- (at simulation time 674.000,000,010 s)
2025-05-28 00:19:07,086 INFO  - Processing event (at simulation time 674.000,000,010 s)
2025-05-28 00:19:07,086 INFO  - ------------------------------------------------------------------------------------- (at simulation time 674.000,000,010 s)
2025-05-28 00:19:07,086 INFO  - My Route = r_1 (at simulation time 674.000,000,010 s)
2025-05-28 00:19:07,086 INFO  - distance to RSU = 66.17856501420816 (at simulation time 674.000,000,010 s)
2025-05-28 00:19:07,086 INFO  - ------------------------------------------------------------------------------------- (at simulation time 674.000,000,010 s)
2025-05-28 00:19:07,086 INFO  - I have no neighbours to send! (at simulation time 674.000,000,010 s)
2025-05-28 00:19:07,086 INFO  - ------------------------------------------------------------------------------------- (at simulation time 674.000,000,010 s)
2025-05-28 00:19:07,086 INFO  - Tried sending message to other car (at simulation time 674.000,000,010 s)
2025-05-28 00:19:07,086 INFO  - ACK = false (at simulation time 674.000,000,010 s)
2025-05-28 00:19:07,086 INFO  - ------------------------------------------------------------------------------------- (at simulation time 674.000,000,010 s)
2025-05-28 00:19:07,086 INFO  - ------------------------------------------------------------------------------------- (at simulation time 674.000,000,010 s)
2025-05-28 00:19:07,093 INFO  - ------------------------------------------------------------------------------------- (at simulation time 675.000,000,000 s)
2025-05-28 00:19:07,093 INFO  - My Route = r_1 (at simulation time 675.000,000,000 s)
2025-05-28 00:19:07,093 INFO  - distance to RSU = 59.07582175570305 (at simulation time 675.000,000,000 s)
2025-05-28 00:19:07,093 INFO  - ------------------------------------------------------------------------------------- (at simulation time 675.000,000,000 s)
2025-05-28 00:19:07,093 INFO  - I have no neighbours to send! (at simulation time 675.000,000,000 s)
2025-05-28 00:19:07,093 INFO  - ------------------------------------------------------------------------------------- (at simulation time 675.000,000,000 s)
2025-05-28 00:19:07,093 INFO  - Tried sending message to other car (at simulation time 675.000,000,000 s)
2025-05-28 00:19:07,093 INFO  - ACK = false (at simulation time 675.000,000,000 s)
2025-05-28 00:19:07,093 INFO  - ------------------------------------------------------------------------------------- (at simulation time 675.000,000,000 s)
2025-05-28 00:19:07,094 INFO  - ------------------------------------------------------------------------------------- (at simulation time 675.000,000,000 s)
2025-05-28 00:19:07,094 INFO  - Processing event (at simulation time 675.000,000,000 s)
2025-05-28 00:19:07,094 INFO  - ------------------------------------------------------------------------------------- (at simulation time 675.000,000,000 s)
2025-05-28 00:19:07,094 INFO  - My Route = r_1 (at simulation time 675.000,000,000 s)
2025-05-28 00:19:07,094 INFO  - distance to RSU = 59.07582175570305 (at simulation time 675.000,000,000 s)
2025-05-28 00:19:07,094 INFO  - ------------------------------------------------------------------------------------- (at simulation time 675.000,000,000 s)
2025-05-28 00:19:07,094 INFO  - I have no neighbours to send! (at simulation time 675.000,000,000 s)
2025-05-28 00:19:07,094 INFO  - ------------------------------------------------------------------------------------- (at simulation time 675.000,000,000 s)
2025-05-28 00:19:07,094 INFO  - Tried sending message to other car (at simulation time 675.000,000,000 s)
2025-05-28 00:19:07,094 INFO  - ACK = false (at simulation time 675.000,000,000 s)
2025-05-28 00:19:07,094 INFO  - ------------------------------------------------------------------------------------- (at simulation time 675.000,000,000 s)
2025-05-28 00:19:07,094 INFO  - ------------------------------------------------------------------------------------- (at simulation time 675.000,000,000 s)
2025-05-28 00:19:07,095 INFO  - ------------------------------------------------------------------------------------- (at simulation time 675.000,000,000 s)
2025-05-28 00:19:07,095 INFO  - Processing event (at simulation time 675.000,000,000 s)
2025-05-28 00:19:07,095 INFO  - ------------------------------------------------------------------------------------- (at simulation time 675.000,000,000 s)
2025-05-28 00:19:07,095 INFO  - My Route = r_1 (at simulation time 675.000,000,000 s)
2025-05-28 00:19:07,095 INFO  - distance to RSU = 59.07582175570305 (at simulation time 675.000,000,000 s)
2025-05-28 00:19:07,095 INFO  - ------------------------------------------------------------------------------------- (at simulation time 675.000,000,000 s)
2025-05-28 00:19:07,095 INFO  - I have no neighbours to send! (at simulation time 675.000,000,000 s)
2025-05-28 00:19:07,095 INFO  - ------------------------------------------------------------------------------------- (at simulation time 675.000,000,000 s)
2025-05-28 00:19:07,095 INFO  - Tried sending message to other car (at simulation time 675.000,000,000 s)
2025-05-28 00:19:07,095 INFO  - ACK = false (at simulation time 675.000,000,000 s)
2025-05-28 00:19:07,095 INFO  - ------------------------------------------------------------------------------------- (at simulation time 675.000,000,000 s)
2025-05-28 00:19:07,095 INFO  - ------------------------------------------------------------------------------------- (at simulation time 675.000,000,000 s)
2025-05-28 00:19:07,095 INFO  - ------------------------------------------------------------------------------------- (at simulation time 675.000,000,000 s)
2025-05-28 00:19:07,095 INFO  - Processing event (at simulation time 675.000,000,000 s)
2025-05-28 00:19:07,095 INFO  - ------------------------------------------------------------------------------------- (at simulation time 675.000,000,000 s)
2025-05-28 00:19:07,095 INFO  - My Route = r_1 (at simulation time 675.000,000,000 s)
2025-05-28 00:19:07,095 INFO  - distance to RSU = 59.07582175570305 (at simulation time 675.000,000,000 s)
2025-05-28 00:19:07,095 INFO  - ------------------------------------------------------------------------------------- (at simulation time 675.000,000,000 s)
2025-05-28 00:19:07,095 INFO  - I have no neighbours to send! (at simulation time 675.000,000,000 s)
2025-05-28 00:19:07,095 INFO  - ------------------------------------------------------------------------------------- (at simulation time 675.000,000,000 s)
2025-05-28 00:19:07,095 INFO  - Tried sending message to other car (at simulation time 675.000,000,000 s)
2025-05-28 00:19:07,095 INFO  - ACK = false (at simulation time 675.000,000,000 s)
2025-05-28 00:19:07,095 INFO  - ------------------------------------------------------------------------------------- (at simulation time 675.000,000,000 s)
2025-05-28 00:19:07,095 INFO  - ------------------------------------------------------------------------------------- (at simulation time 675.000,000,000 s)
2025-05-28 00:19:07,096 INFO  - ------------------------------------------------------------------------------------- (at simulation time 675.000,000,000 s)
2025-05-28 00:19:07,096 INFO  - Processing event (at simulation time 675.000,000,000 s)
2025-05-28 00:19:07,096 INFO  - ------------------------------------------------------------------------------------- (at simulation time 675.000,000,000 s)
2025-05-28 00:19:07,096 INFO  - My Route = r_1 (at simulation time 675.000,000,000 s)
2025-05-28 00:19:07,096 INFO  - distance to RSU = 59.07582175570305 (at simulation time 675.000,000,000 s)
2025-05-28 00:19:07,096 INFO  - ------------------------------------------------------------------------------------- (at simulation time 675.000,000,000 s)
2025-05-28 00:19:07,096 INFO  - I have no neighbours to send! (at simulation time 675.000,000,000 s)
2025-05-28 00:19:07,096 INFO  - ------------------------------------------------------------------------------------- (at simulation time 675.000,000,000 s)
2025-05-28 00:19:07,096 INFO  - Tried sending message to other car (at simulation time 675.000,000,000 s)
2025-05-28 00:19:07,096 INFO  - ACK = false (at simulation time 675.000,000,000 s)
2025-05-28 00:19:07,096 INFO  - ------------------------------------------------------------------------------------- (at simulation time 675.000,000,000 s)
2025-05-28 00:19:07,096 INFO  - ------------------------------------------------------------------------------------- (at simulation time 675.000,000,000 s)
2025-05-28 00:19:07,097 INFO  - ------------------------------------------------------------------------------------- (at simulation time 675.000,000,000 s)
2025-05-28 00:19:07,097 INFO  - Processing event (at simulation time 675.000,000,000 s)
2025-05-28 00:19:07,097 INFO  - ------------------------------------------------------------------------------------- (at simulation time 675.000,000,000 s)
2025-05-28 00:19:07,097 INFO  - My Route = r_1 (at simulation time 675.000,000,000 s)
2025-05-28 00:19:07,097 INFO  - distance to RSU = 59.07582175570305 (at simulation time 675.000,000,000 s)
2025-05-28 00:19:07,097 INFO  - ------------------------------------------------------------------------------------- (at simulation time 675.000,000,000 s)
2025-05-28 00:19:07,097 INFO  - I have no neighbours to send! (at simulation time 675.000,000,000 s)
2025-05-28 00:19:07,097 INFO  - ------------------------------------------------------------------------------------- (at simulation time 675.000,000,000 s)
2025-05-28 00:19:07,097 INFO  - Tried sending message to other car (at simulation time 675.000,000,000 s)
2025-05-28 00:19:07,097 INFO  - ACK = false (at simulation time 675.000,000,000 s)
2025-05-28 00:19:07,097 INFO  - ------------------------------------------------------------------------------------- (at simulation time 675.000,000,000 s)
2025-05-28 00:19:07,097 INFO  - ------------------------------------------------------------------------------------- (at simulation time 675.000,000,000 s)
2025-05-28 00:19:07,097 INFO  - ------------------------------------------------------------------------------------- (at simulation time 675.000,000,000 s)
2025-05-28 00:19:07,097 INFO  - Processing event (at simulation time 675.000,000,000 s)
2025-05-28 00:19:07,097 INFO  - ------------------------------------------------------------------------------------- (at simulation time 675.000,000,000 s)
2025-05-28 00:19:07,097 INFO  - My Route = r_1 (at simulation time 675.000,000,000 s)
2025-05-28 00:19:07,097 INFO  - distance to RSU = 59.07582175570305 (at simulation time 675.000,000,000 s)
2025-05-28 00:19:07,097 INFO  - ------------------------------------------------------------------------------------- (at simulation time 675.000,000,000 s)
2025-05-28 00:19:07,097 INFO  - I have no neighbours to send! (at simulation time 675.000,000,000 s)
2025-05-28 00:19:07,097 INFO  - ------------------------------------------------------------------------------------- (at simulation time 675.000,000,000 s)
2025-05-28 00:19:07,097 INFO  - Tried sending message to other car (at simulation time 675.000,000,000 s)
2025-05-28 00:19:07,097 INFO  - ACK = false (at simulation time 675.000,000,000 s)
2025-05-28 00:19:07,097 INFO  - ------------------------------------------------------------------------------------- (at simulation time 675.000,000,000 s)
2025-05-28 00:19:07,097 INFO  - ------------------------------------------------------------------------------------- (at simulation time 675.000,000,000 s)
2025-05-28 00:19:07,098 INFO  - ------------------------------------------------------------------------------------- (at simulation time 675.000,000,000 s)
2025-05-28 00:19:07,098 INFO  - Processing event (at simulation time 675.000,000,000 s)
2025-05-28 00:19:07,098 INFO  - ------------------------------------------------------------------------------------- (at simulation time 675.000,000,000 s)
2025-05-28 00:19:07,098 INFO  - My Route = r_1 (at simulation time 675.000,000,000 s)
2025-05-28 00:19:07,098 INFO  - distance to RSU = 59.07582175570305 (at simulation time 675.000,000,000 s)
2025-05-28 00:19:07,098 INFO  - ------------------------------------------------------------------------------------- (at simulation time 675.000,000,000 s)
2025-05-28 00:19:07,098 INFO  - I have no neighbours to send! (at simulation time 675.000,000,000 s)
2025-05-28 00:19:07,098 INFO  - ------------------------------------------------------------------------------------- (at simulation time 675.000,000,000 s)
2025-05-28 00:19:07,098 INFO  - Tried sending message to other car (at simulation time 675.000,000,000 s)
2025-05-28 00:19:07,098 INFO  - ACK = false (at simulation time 675.000,000,000 s)
2025-05-28 00:19:07,098 INFO  - ------------------------------------------------------------------------------------- (at simulation time 675.000,000,000 s)
2025-05-28 00:19:07,098 INFO  - ------------------------------------------------------------------------------------- (at simulation time 675.000,000,000 s)
2025-05-28 00:19:07,098 INFO  - ------------------------------------------------------------------------------------- (at simulation time 675.000,000,000 s)
2025-05-28 00:19:07,098 INFO  - Processing event (at simulation time 675.000,000,000 s)
2025-05-28 00:19:07,098 INFO  - ------------------------------------------------------------------------------------- (at simulation time 675.000,000,000 s)
2025-05-28 00:19:07,098 INFO  - My Route = r_1 (at simulation time 675.000,000,000 s)
2025-05-28 00:19:07,098 INFO  - distance to RSU = 59.07582175570305 (at simulation time 675.000,000,000 s)
2025-05-28 00:19:07,098 INFO  - ------------------------------------------------------------------------------------- (at simulation time 675.000,000,000 s)
2025-05-28 00:19:07,098 INFO  - I have no neighbours to send! (at simulation time 675.000,000,000 s)
2025-05-28 00:19:07,098 INFO  - ------------------------------------------------------------------------------------- (at simulation time 675.000,000,000 s)
2025-05-28 00:19:07,098 INFO  - Tried sending message to other car (at simulation time 675.000,000,000 s)
2025-05-28 00:19:07,098 INFO  - ACK = false (at simulation time 675.000,000,000 s)
2025-05-28 00:19:07,098 INFO  - ------------------------------------------------------------------------------------- (at simulation time 675.000,000,000 s)
2025-05-28 00:19:07,098 INFO  - ------------------------------------------------------------------------------------- (at simulation time 675.000,000,000 s)
2025-05-28 00:19:07,099 INFO  - ------------------------------------------------------------------------------------- (at simulation time 675.000,000,000 s)
2025-05-28 00:19:07,099 INFO  - Processing event (at simulation time 675.000,000,000 s)
2025-05-28 00:19:07,099 INFO  - ------------------------------------------------------------------------------------- (at simulation time 675.000,000,000 s)
2025-05-28 00:19:07,099 INFO  - My Route = r_1 (at simulation time 675.000,000,000 s)
2025-05-28 00:19:07,099 INFO  - distance to RSU = 59.07582175570305 (at simulation time 675.000,000,000 s)
2025-05-28 00:19:07,099 INFO  - ------------------------------------------------------------------------------------- (at simulation time 675.000,000,000 s)
2025-05-28 00:19:07,099 INFO  - I have no neighbours to send! (at simulation time 675.000,000,000 s)
2025-05-28 00:19:07,099 INFO  - ------------------------------------------------------------------------------------- (at simulation time 675.000,000,000 s)
2025-05-28 00:19:07,099 INFO  - Tried sending message to other car (at simulation time 675.000,000,000 s)
2025-05-28 00:19:07,099 INFO  - ACK = false (at simulation time 675.000,000,000 s)
2025-05-28 00:19:07,099 INFO  - ------------------------------------------------------------------------------------- (at simulation time 675.000,000,000 s)
2025-05-28 00:19:07,099 INFO  - ------------------------------------------------------------------------------------- (at simulation time 675.000,000,000 s)
2025-05-28 00:19:07,099 INFO  - ------------------------------------------------------------------------------------- (at simulation time 675.000,000,000 s)
2025-05-28 00:19:07,099 INFO  - Processing event (at simulation time 675.000,000,000 s)
2025-05-28 00:19:07,099 INFO  - ------------------------------------------------------------------------------------- (at simulation time 675.000,000,000 s)
2025-05-28 00:19:07,099 INFO  - My Route = r_1 (at simulation time 675.000,000,000 s)
2025-05-28 00:19:07,099 INFO  - distance to RSU = 59.07582175570305 (at simulation time 675.000,000,000 s)
2025-05-28 00:19:07,099 INFO  - ------------------------------------------------------------------------------------- (at simulation time 675.000,000,000 s)
2025-05-28 00:19:07,099 INFO  - I have no neighbours to send! (at simulation time 675.000,000,000 s)
2025-05-28 00:19:07,099 INFO  - ------------------------------------------------------------------------------------- (at simulation time 675.000,000,000 s)
2025-05-28 00:19:07,099 INFO  - Tried sending message to other car (at simulation time 675.000,000,000 s)
2025-05-28 00:19:07,099 INFO  - ACK = false (at simulation time 675.000,000,000 s)
2025-05-28 00:19:07,099 INFO  - ------------------------------------------------------------------------------------- (at simulation time 675.000,000,000 s)
2025-05-28 00:19:07,099 INFO  - ------------------------------------------------------------------------------------- (at simulation time 675.000,000,000 s)
2025-05-28 00:19:07,185 INFO  - ------------------------------------------------------------------------------------- (at simulation time 675.000,000,010 s)
2025-05-28 00:19:07,185 INFO  - Processing event (at simulation time 675.000,000,010 s)
2025-05-28 00:19:07,185 INFO  - ------------------------------------------------------------------------------------- (at simulation time 675.000,000,010 s)
2025-05-28 00:19:07,185 INFO  - My Route = r_1 (at simulation time 675.000,000,010 s)
2025-05-28 00:19:07,185 INFO  - distance to RSU = 59.07582175570305 (at simulation time 675.000,000,010 s)
2025-05-28 00:19:07,185 INFO  - ------------------------------------------------------------------------------------- (at simulation time 675.000,000,010 s)
2025-05-28 00:19:07,185 INFO  - I have no neighbours to send! (at simulation time 675.000,000,010 s)
2025-05-28 00:19:07,185 INFO  - ------------------------------------------------------------------------------------- (at simulation time 675.000,000,010 s)
2025-05-28 00:19:07,185 INFO  - Tried sending message to other car (at simulation time 675.000,000,010 s)
2025-05-28 00:19:07,185 INFO  - ACK = false (at simulation time 675.000,000,010 s)
2025-05-28 00:19:07,185 INFO  - ------------------------------------------------------------------------------------- (at simulation time 675.000,000,010 s)
2025-05-28 00:19:07,185 INFO  - ------------------------------------------------------------------------------------- (at simulation time 675.000,000,010 s)
2025-05-28 00:19:07,186 INFO  - ------------------------------------------------------------------------------------- (at simulation time 675.000,000,010 s)
2025-05-28 00:19:07,186 INFO  - Processing event (at simulation time 675.000,000,010 s)
2025-05-28 00:19:07,186 INFO  - ------------------------------------------------------------------------------------- (at simulation time 675.000,000,010 s)
2025-05-28 00:19:07,186 INFO  - My Route = r_1 (at simulation time 675.000,000,010 s)
2025-05-28 00:19:07,186 INFO  - distance to RSU = 59.07582175570305 (at simulation time 675.000,000,010 s)
2025-05-28 00:19:07,186 INFO  - ------------------------------------------------------------------------------------- (at simulation time 675.000,000,010 s)
2025-05-28 00:19:07,186 INFO  - I have no neighbours to send! (at simulation time 675.000,000,010 s)
2025-05-28 00:19:07,186 INFO  - ------------------------------------------------------------------------------------- (at simulation time 675.000,000,010 s)
2025-05-28 00:19:07,186 INFO  - Tried sending message to other car (at simulation time 675.000,000,010 s)
2025-05-28 00:19:07,186 INFO  - ACK = false (at simulation time 675.000,000,010 s)
2025-05-28 00:19:07,186 INFO  - ------------------------------------------------------------------------------------- (at simulation time 675.000,000,010 s)
2025-05-28 00:19:07,186 INFO  - ------------------------------------------------------------------------------------- (at simulation time 675.000,000,010 s)
2025-05-28 00:19:07,187 INFO  - ------------------------------------------------------------------------------------- (at simulation time 675.000,000,010 s)
2025-05-28 00:19:07,187 INFO  - Processing event (at simulation time 675.000,000,010 s)
2025-05-28 00:19:07,187 INFO  - ------------------------------------------------------------------------------------- (at simulation time 675.000,000,010 s)
2025-05-28 00:19:07,187 INFO  - My Route = r_1 (at simulation time 675.000,000,010 s)
2025-05-28 00:19:07,187 INFO  - distance to RSU = 59.07582175570305 (at simulation time 675.000,000,010 s)
2025-05-28 00:19:07,187 INFO  - ------------------------------------------------------------------------------------- (at simulation time 675.000,000,010 s)
2025-05-28 00:19:07,187 INFO  - I have no neighbours to send! (at simulation time 675.000,000,010 s)
2025-05-28 00:19:07,187 INFO  - ------------------------------------------------------------------------------------- (at simulation time 675.000,000,010 s)
2025-05-28 00:19:07,187 INFO  - Tried sending message to other car (at simulation time 675.000,000,010 s)
2025-05-28 00:19:07,187 INFO  - ACK = false (at simulation time 675.000,000,010 s)
2025-05-28 00:19:07,187 INFO  - ------------------------------------------------------------------------------------- (at simulation time 675.000,000,010 s)
2025-05-28 00:19:07,187 INFO  - ------------------------------------------------------------------------------------- (at simulation time 675.000,000,010 s)
2025-05-28 00:19:07,187 INFO  - ------------------------------------------------------------------------------------- (at simulation time 675.000,000,010 s)
2025-05-28 00:19:07,187 INFO  - Processing event (at simulation time 675.000,000,010 s)
2025-05-28 00:19:07,187 INFO  - ------------------------------------------------------------------------------------- (at simulation time 675.000,000,010 s)
2025-05-28 00:19:07,187 INFO  - My Route = r_1 (at simulation time 675.000,000,010 s)
2025-05-28 00:19:07,187 INFO  - distance to RSU = 59.07582175570305 (at simulation time 675.000,000,010 s)
2025-05-28 00:19:07,187 INFO  - ------------------------------------------------------------------------------------- (at simulation time 675.000,000,010 s)
2025-05-28 00:19:07,187 INFO  - I have no neighbours to send! (at simulation time 675.000,000,010 s)
2025-05-28 00:19:07,187 INFO  - ------------------------------------------------------------------------------------- (at simulation time 675.000,000,010 s)
2025-05-28 00:19:07,187 INFO  - Tried sending message to other car (at simulation time 675.000,000,010 s)
2025-05-28 00:19:07,187 INFO  - ACK = false (at simulation time 675.000,000,010 s)
2025-05-28 00:19:07,187 INFO  - ------------------------------------------------------------------------------------- (at simulation time 675.000,000,010 s)
2025-05-28 00:19:07,187 INFO  - ------------------------------------------------------------------------------------- (at simulation time 675.000,000,010 s)
2025-05-28 00:19:07,188 INFO  - ------------------------------------------------------------------------------------- (at simulation time 675.000,000,010 s)
2025-05-28 00:19:07,188 INFO  - Processing event (at simulation time 675.000,000,010 s)
2025-05-28 00:19:07,188 INFO  - ------------------------------------------------------------------------------------- (at simulation time 675.000,000,010 s)
2025-05-28 00:19:07,188 INFO  - My Route = r_1 (at simulation time 675.000,000,010 s)
2025-05-28 00:19:07,188 INFO  - distance to RSU = 59.07582175570305 (at simulation time 675.000,000,010 s)
2025-05-28 00:19:07,188 INFO  - ------------------------------------------------------------------------------------- (at simulation time 675.000,000,010 s)
2025-05-28 00:19:07,188 INFO  - I have no neighbours to send! (at simulation time 675.000,000,010 s)
2025-05-28 00:19:07,188 INFO  - ------------------------------------------------------------------------------------- (at simulation time 675.000,000,010 s)
2025-05-28 00:19:07,188 INFO  - Tried sending message to other car (at simulation time 675.000,000,010 s)
2025-05-28 00:19:07,188 INFO  - ACK = false (at simulation time 675.000,000,010 s)
2025-05-28 00:19:07,188 INFO  - ------------------------------------------------------------------------------------- (at simulation time 675.000,000,010 s)
2025-05-28 00:19:07,188 INFO  - ------------------------------------------------------------------------------------- (at simulation time 675.000,000,010 s)
2025-05-28 00:19:07,189 INFO  - ------------------------------------------------------------------------------------- (at simulation time 675.000,000,010 s)
2025-05-28 00:19:07,189 INFO  - Processing event (at simulation time 675.000,000,010 s)
2025-05-28 00:19:07,189 INFO  - ------------------------------------------------------------------------------------- (at simulation time 675.000,000,010 s)
2025-05-28 00:19:07,189 INFO  - My Route = r_1 (at simulation time 675.000,000,010 s)
2025-05-28 00:19:07,189 INFO  - distance to RSU = 59.07582175570305 (at simulation time 675.000,000,010 s)
2025-05-28 00:19:07,189 INFO  - ------------------------------------------------------------------------------------- (at simulation time 675.000,000,010 s)
2025-05-28 00:19:07,189 INFO  - I have no neighbours to send! (at simulation time 675.000,000,010 s)
2025-05-28 00:19:07,189 INFO  - ------------------------------------------------------------------------------------- (at simulation time 675.000,000,010 s)
2025-05-28 00:19:07,189 INFO  - Tried sending message to other car (at simulation time 675.000,000,010 s)
2025-05-28 00:19:07,189 INFO  - ACK = false (at simulation time 675.000,000,010 s)
2025-05-28 00:19:07,189 INFO  - ------------------------------------------------------------------------------------- (at simulation time 675.000,000,010 s)
2025-05-28 00:19:07,189 INFO  - ------------------------------------------------------------------------------------- (at simulation time 675.000,000,010 s)
2025-05-28 00:19:07,189 INFO  - ------------------------------------------------------------------------------------- (at simulation time 675.000,000,010 s)
2025-05-28 00:19:07,189 INFO  - Processing event (at simulation time 675.000,000,010 s)
2025-05-28 00:19:07,189 INFO  - ------------------------------------------------------------------------------------- (at simulation time 675.000,000,010 s)
2025-05-28 00:19:07,189 INFO  - My Route = r_1 (at simulation time 675.000,000,010 s)
2025-05-28 00:19:07,189 INFO  - distance to RSU = 59.07582175570305 (at simulation time 675.000,000,010 s)
2025-05-28 00:19:07,189 INFO  - ------------------------------------------------------------------------------------- (at simulation time 675.000,000,010 s)
2025-05-28 00:19:07,189 INFO  - I have no neighbours to send! (at simulation time 675.000,000,010 s)
2025-05-28 00:19:07,189 INFO  - ------------------------------------------------------------------------------------- (at simulation time 675.000,000,010 s)
2025-05-28 00:19:07,189 INFO  - Tried sending message to other car (at simulation time 675.000,000,010 s)
2025-05-28 00:19:07,189 INFO  - ACK = false (at simulation time 675.000,000,010 s)
2025-05-28 00:19:07,189 INFO  - ------------------------------------------------------------------------------------- (at simulation time 675.000,000,010 s)
2025-05-28 00:19:07,189 INFO  - ------------------------------------------------------------------------------------- (at simulation time 675.000,000,010 s)
2025-05-28 00:19:07,190 INFO  - ------------------------------------------------------------------------------------- (at simulation time 675.000,000,010 s)
2025-05-28 00:19:07,190 INFO  - Processing event (at simulation time 675.000,000,010 s)
2025-05-28 00:19:07,190 INFO  - ------------------------------------------------------------------------------------- (at simulation time 675.000,000,010 s)
2025-05-28 00:19:07,190 INFO  - My Route = r_1 (at simulation time 675.000,000,010 s)
2025-05-28 00:19:07,190 INFO  - distance to RSU = 59.07582175570305 (at simulation time 675.000,000,010 s)
2025-05-28 00:19:07,190 INFO  - ------------------------------------------------------------------------------------- (at simulation time 675.000,000,010 s)
2025-05-28 00:19:07,190 INFO  - I have no neighbours to send! (at simulation time 675.000,000,010 s)
2025-05-28 00:19:07,190 INFO  - ------------------------------------------------------------------------------------- (at simulation time 675.000,000,010 s)
2025-05-28 00:19:07,190 INFO  - Tried sending message to other car (at simulation time 675.000,000,010 s)
2025-05-28 00:19:07,190 INFO  - ACK = false (at simulation time 675.000,000,010 s)
2025-05-28 00:19:07,190 INFO  - ------------------------------------------------------------------------------------- (at simulation time 675.000,000,010 s)
2025-05-28 00:19:07,190 INFO  - ------------------------------------------------------------------------------------- (at simulation time 675.000,000,010 s)
2025-05-28 00:19:07,190 INFO  - ------------------------------------------------------------------------------------- (at simulation time 675.000,000,010 s)
2025-05-28 00:19:07,190 INFO  - Processing event (at simulation time 675.000,000,010 s)
2025-05-28 00:19:07,190 INFO  - ------------------------------------------------------------------------------------- (at simulation time 675.000,000,010 s)
2025-05-28 00:19:07,190 INFO  - My Route = r_1 (at simulation time 675.000,000,010 s)
2025-05-28 00:19:07,190 INFO  - distance to RSU = 59.07582175570305 (at simulation time 675.000,000,010 s)
2025-05-28 00:19:07,190 INFO  - ------------------------------------------------------------------------------------- (at simulation time 675.000,000,010 s)
2025-05-28 00:19:07,190 INFO  - I have no neighbours to send! (at simulation time 675.000,000,010 s)
2025-05-28 00:19:07,190 INFO  - ------------------------------------------------------------------------------------- (at simulation time 675.000,000,010 s)
2025-05-28 00:19:07,190 INFO  - Tried sending message to other car (at simulation time 675.000,000,010 s)
2025-05-28 00:19:07,190 INFO  - ACK = false (at simulation time 675.000,000,010 s)
2025-05-28 00:19:07,190 INFO  - ------------------------------------------------------------------------------------- (at simulation time 675.000,000,010 s)
2025-05-28 00:19:07,190 INFO  - ------------------------------------------------------------------------------------- (at simulation time 675.000,000,010 s)
2025-05-28 00:19:07,191 INFO  - ------------------------------------------------------------------------------------- (at simulation time 675.000,000,010 s)
2025-05-28 00:19:07,191 INFO  - Processing event (at simulation time 675.000,000,010 s)
2025-05-28 00:19:07,191 INFO  - ------------------------------------------------------------------------------------- (at simulation time 675.000,000,010 s)
2025-05-28 00:19:07,191 INFO  - My Route = r_1 (at simulation time 675.000,000,010 s)
2025-05-28 00:19:07,191 INFO  - distance to RSU = 59.07582175570305 (at simulation time 675.000,000,010 s)
2025-05-28 00:19:07,191 INFO  - ------------------------------------------------------------------------------------- (at simulation time 675.000,000,010 s)
2025-05-28 00:19:07,191 INFO  - I have no neighbours to send! (at simulation time 675.000,000,010 s)
2025-05-28 00:19:07,191 INFO  - ------------------------------------------------------------------------------------- (at simulation time 675.000,000,010 s)
2025-05-28 00:19:07,191 INFO  - Tried sending message to other car (at simulation time 675.000,000,010 s)
2025-05-28 00:19:07,191 INFO  - ACK = false (at simulation time 675.000,000,010 s)
2025-05-28 00:19:07,191 INFO  - ------------------------------------------------------------------------------------- (at simulation time 675.000,000,010 s)
2025-05-28 00:19:07,191 INFO  - ------------------------------------------------------------------------------------- (at simulation time 675.000,000,010 s)
2025-05-28 00:19:07,192 INFO  - ------------------------------------------------------------------------------------- (at simulation time 675.000,000,010 s)
2025-05-28 00:19:07,192 INFO  - Processing event (at simulation time 675.000,000,010 s)
2025-05-28 00:19:07,192 INFO  - ------------------------------------------------------------------------------------- (at simulation time 675.000,000,010 s)
2025-05-28 00:19:07,192 INFO  - My Route = r_1 (at simulation time 675.000,000,010 s)
2025-05-28 00:19:07,192 INFO  - distance to RSU = 59.07582175570305 (at simulation time 675.000,000,010 s)
2025-05-28 00:19:07,192 INFO  - ------------------------------------------------------------------------------------- (at simulation time 675.000,000,010 s)
2025-05-28 00:19:07,192 INFO  - I have no neighbours to send! (at simulation time 675.000,000,010 s)
2025-05-28 00:19:07,192 INFO  - ------------------------------------------------------------------------------------- (at simulation time 675.000,000,010 s)
2025-05-28 00:19:07,192 INFO  - Tried sending message to other car (at simulation time 675.000,000,010 s)
2025-05-28 00:19:07,192 INFO  - ACK = false (at simulation time 675.000,000,010 s)
2025-05-28 00:19:07,192 INFO  - ------------------------------------------------------------------------------------- (at simulation time 675.000,000,010 s)
2025-05-28 00:19:07,192 INFO  - ------------------------------------------------------------------------------------- (at simulation time 675.000,000,010 s)
2025-05-28 00:19:07,195 INFO  - ------------------------------------------------------------------------------------- (at simulation time 676.000,000,000 s)
2025-05-28 00:19:07,195 INFO  - My Route = r_1 (at simulation time 676.000,000,000 s)
2025-05-28 00:19:07,195 INFO  - distance to RSU = 51.57738750383967 (at simulation time 676.000,000,000 s)
2025-05-28 00:19:07,195 INFO  - ------------------------------------------------------------------------------------- (at simulation time 676.000,000,000 s)
2025-05-28 00:19:07,195 INFO  - I have no neighbours to send! (at simulation time 676.000,000,000 s)
2025-05-28 00:19:07,195 INFO  - ------------------------------------------------------------------------------------- (at simulation time 676.000,000,000 s)
2025-05-28 00:19:07,195 INFO  - Tried sending message to other car (at simulation time 676.000,000,000 s)
2025-05-28 00:19:07,195 INFO  - ACK = false (at simulation time 676.000,000,000 s)
2025-05-28 00:19:07,195 INFO  - ------------------------------------------------------------------------------------- (at simulation time 676.000,000,000 s)
2025-05-28 00:19:07,196 INFO  - ------------------------------------------------------------------------------------- (at simulation time 676.000,000,000 s)
2025-05-28 00:19:07,196 INFO  - Processing event (at simulation time 676.000,000,000 s)
2025-05-28 00:19:07,196 INFO  - ------------------------------------------------------------------------------------- (at simulation time 676.000,000,000 s)
2025-05-28 00:19:07,196 INFO  - My Route = r_1 (at simulation time 676.000,000,000 s)
2025-05-28 00:19:07,196 INFO  - distance to RSU = 51.57738750383967 (at simulation time 676.000,000,000 s)
2025-05-28 00:19:07,196 INFO  - ------------------------------------------------------------------------------------- (at simulation time 676.000,000,000 s)
2025-05-28 00:19:07,196 INFO  - I have no neighbours to send! (at simulation time 676.000,000,000 s)
2025-05-28 00:19:07,196 INFO  - ------------------------------------------------------------------------------------- (at simulation time 676.000,000,000 s)
2025-05-28 00:19:07,196 INFO  - Tried sending message to other car (at simulation time 676.000,000,000 s)
2025-05-28 00:19:07,196 INFO  - ACK = false (at simulation time 676.000,000,000 s)
2025-05-28 00:19:07,196 INFO  - ------------------------------------------------------------------------------------- (at simulation time 676.000,000,000 s)
2025-05-28 00:19:07,196 INFO  - ------------------------------------------------------------------------------------- (at simulation time 676.000,000,000 s)
2025-05-28 00:19:07,196 INFO  - ------------------------------------------------------------------------------------- (at simulation time 676.000,000,000 s)
2025-05-28 00:19:07,196 INFO  - Processing event (at simulation time 676.000,000,000 s)
2025-05-28 00:19:07,196 INFO  - ------------------------------------------------------------------------------------- (at simulation time 676.000,000,000 s)
2025-05-28 00:19:07,196 INFO  - My Route = r_1 (at simulation time 676.000,000,000 s)
2025-05-28 00:19:07,196 INFO  - distance to RSU = 51.57738750383967 (at simulation time 676.000,000,000 s)
2025-05-28 00:19:07,196 INFO  - ------------------------------------------------------------------------------------- (at simulation time 676.000,000,000 s)
2025-05-28 00:19:07,196 INFO  - I have no neighbours to send! (at simulation time 676.000,000,000 s)
2025-05-28 00:19:07,196 INFO  - ------------------------------------------------------------------------------------- (at simulation time 676.000,000,000 s)
2025-05-28 00:19:07,196 INFO  - Tried sending message to other car (at simulation time 676.000,000,000 s)
2025-05-28 00:19:07,196 INFO  - ACK = false (at simulation time 676.000,000,000 s)
2025-05-28 00:19:07,196 INFO  - ------------------------------------------------------------------------------------- (at simulation time 676.000,000,000 s)
2025-05-28 00:19:07,196 INFO  - ------------------------------------------------------------------------------------- (at simulation time 676.000,000,000 s)
2025-05-28 00:19:07,197 INFO  - ------------------------------------------------------------------------------------- (at simulation time 676.000,000,000 s)
2025-05-28 00:19:07,197 INFO  - Processing event (at simulation time 676.000,000,000 s)
2025-05-28 00:19:07,197 INFO  - ------------------------------------------------------------------------------------- (at simulation time 676.000,000,000 s)
2025-05-28 00:19:07,197 INFO  - My Route = r_1 (at simulation time 676.000,000,000 s)
2025-05-28 00:19:07,197 INFO  - distance to RSU = 51.57738750383967 (at simulation time 676.000,000,000 s)
2025-05-28 00:19:07,197 INFO  - ------------------------------------------------------------------------------------- (at simulation time 676.000,000,000 s)
2025-05-28 00:19:07,197 INFO  - I have no neighbours to send! (at simulation time 676.000,000,000 s)
2025-05-28 00:19:07,197 INFO  - ------------------------------------------------------------------------------------- (at simulation time 676.000,000,000 s)
2025-05-28 00:19:07,197 INFO  - Tried sending message to other car (at simulation time 676.000,000,000 s)
2025-05-28 00:19:07,197 INFO  - ACK = false (at simulation time 676.000,000,000 s)
2025-05-28 00:19:07,197 INFO  - ------------------------------------------------------------------------------------- (at simulation time 676.000,000,000 s)
2025-05-28 00:19:07,197 INFO  - ------------------------------------------------------------------------------------- (at simulation time 676.000,000,000 s)
2025-05-28 00:19:07,198 INFO  - ------------------------------------------------------------------------------------- (at simulation time 676.000,000,000 s)
2025-05-28 00:19:07,198 INFO  - Processing event (at simulation time 676.000,000,000 s)
2025-05-28 00:19:07,198 INFO  - ------------------------------------------------------------------------------------- (at simulation time 676.000,000,000 s)
2025-05-28 00:19:07,198 INFO  - My Route = r_1 (at simulation time 676.000,000,000 s)
2025-05-28 00:19:07,198 INFO  - distance to RSU = 51.57738750383967 (at simulation time 676.000,000,000 s)
2025-05-28 00:19:07,198 INFO  - ------------------------------------------------------------------------------------- (at simulation time 676.000,000,000 s)
2025-05-28 00:19:07,198 INFO  - I have no neighbours to send! (at simulation time 676.000,000,000 s)
2025-05-28 00:19:07,198 INFO  - ------------------------------------------------------------------------------------- (at simulation time 676.000,000,000 s)
2025-05-28 00:19:07,198 INFO  - Tried sending message to other car (at simulation time 676.000,000,000 s)
2025-05-28 00:19:07,198 INFO  - ACK = false (at simulation time 676.000,000,000 s)
2025-05-28 00:19:07,198 INFO  - ------------------------------------------------------------------------------------- (at simulation time 676.000,000,000 s)
2025-05-28 00:19:07,198 INFO  - ------------------------------------------------------------------------------------- (at simulation time 676.000,000,000 s)
2025-05-28 00:19:07,198 INFO  - ------------------------------------------------------------------------------------- (at simulation time 676.000,000,000 s)
2025-05-28 00:19:07,198 INFO  - Processing event (at simulation time 676.000,000,000 s)
2025-05-28 00:19:07,198 INFO  - ------------------------------------------------------------------------------------- (at simulation time 676.000,000,000 s)
2025-05-28 00:19:07,198 INFO  - My Route = r_1 (at simulation time 676.000,000,000 s)
2025-05-28 00:19:07,198 INFO  - distance to RSU = 51.57738750383967 (at simulation time 676.000,000,000 s)
2025-05-28 00:19:07,198 INFO  - ------------------------------------------------------------------------------------- (at simulation time 676.000,000,000 s)
2025-05-28 00:19:07,198 INFO  - I have no neighbours to send! (at simulation time 676.000,000,000 s)
2025-05-28 00:19:07,198 INFO  - ------------------------------------------------------------------------------------- (at simulation time 676.000,000,000 s)
2025-05-28 00:19:07,198 INFO  - Tried sending message to other car (at simulation time 676.000,000,000 s)
2025-05-28 00:19:07,198 INFO  - ACK = false (at simulation time 676.000,000,000 s)
2025-05-28 00:19:07,198 INFO  - ------------------------------------------------------------------------------------- (at simulation time 676.000,000,000 s)
2025-05-28 00:19:07,198 INFO  - ------------------------------------------------------------------------------------- (at simulation time 676.000,000,000 s)
2025-05-28 00:19:07,199 INFO  - ------------------------------------------------------------------------------------- (at simulation time 676.000,000,000 s)
2025-05-28 00:19:07,199 INFO  - Processing event (at simulation time 676.000,000,000 s)
2025-05-28 00:19:07,199 INFO  - ------------------------------------------------------------------------------------- (at simulation time 676.000,000,000 s)
2025-05-28 00:19:07,199 INFO  - My Route = r_1 (at simulation time 676.000,000,000 s)
2025-05-28 00:19:07,199 INFO  - distance to RSU = 51.57738750383967 (at simulation time 676.000,000,000 s)
2025-05-28 00:19:07,199 INFO  - ------------------------------------------------------------------------------------- (at simulation time 676.000,000,000 s)
2025-05-28 00:19:07,199 INFO  - I have no neighbours to send! (at simulation time 676.000,000,000 s)
2025-05-28 00:19:07,199 INFO  - ------------------------------------------------------------------------------------- (at simulation time 676.000,000,000 s)
2025-05-28 00:19:07,199 INFO  - Tried sending message to other car (at simulation time 676.000,000,000 s)
2025-05-28 00:19:07,199 INFO  - ACK = false (at simulation time 676.000,000,000 s)
2025-05-28 00:19:07,199 INFO  - ------------------------------------------------------------------------------------- (at simulation time 676.000,000,000 s)
2025-05-28 00:19:07,199 INFO  - ------------------------------------------------------------------------------------- (at simulation time 676.000,000,000 s)
2025-05-28 00:19:07,199 INFO  - ------------------------------------------------------------------------------------- (at simulation time 676.000,000,000 s)
2025-05-28 00:19:07,199 INFO  - Processing event (at simulation time 676.000,000,000 s)
2025-05-28 00:19:07,199 INFO  - ------------------------------------------------------------------------------------- (at simulation time 676.000,000,000 s)
2025-05-28 00:19:07,199 INFO  - My Route = r_1 (at simulation time 676.000,000,000 s)
2025-05-28 00:19:07,199 INFO  - distance to RSU = 51.57738750383967 (at simulation time 676.000,000,000 s)
2025-05-28 00:19:07,199 INFO  - ------------------------------------------------------------------------------------- (at simulation time 676.000,000,000 s)
2025-05-28 00:19:07,199 INFO  - I have no neighbours to send! (at simulation time 676.000,000,000 s)
2025-05-28 00:19:07,199 INFO  - ------------------------------------------------------------------------------------- (at simulation time 676.000,000,000 s)
2025-05-28 00:19:07,199 INFO  - Tried sending message to other car (at simulation time 676.000,000,000 s)
2025-05-28 00:19:07,199 INFO  - ACK = false (at simulation time 676.000,000,000 s)
2025-05-28 00:19:07,199 INFO  - ------------------------------------------------------------------------------------- (at simulation time 676.000,000,000 s)
2025-05-28 00:19:07,199 INFO  - ------------------------------------------------------------------------------------- (at simulation time 676.000,000,000 s)
2025-05-28 00:19:07,200 INFO  - ------------------------------------------------------------------------------------- (at simulation time 676.000,000,000 s)
2025-05-28 00:19:07,200 INFO  - Processing event (at simulation time 676.000,000,000 s)
2025-05-28 00:19:07,200 INFO  - ------------------------------------------------------------------------------------- (at simulation time 676.000,000,000 s)
2025-05-28 00:19:07,200 INFO  - My Route = r_1 (at simulation time 676.000,000,000 s)
2025-05-28 00:19:07,200 INFO  - distance to RSU = 51.57738750383967 (at simulation time 676.000,000,000 s)
2025-05-28 00:19:07,200 INFO  - ------------------------------------------------------------------------------------- (at simulation time 676.000,000,000 s)
2025-05-28 00:19:07,200 INFO  - I have no neighbours to send! (at simulation time 676.000,000,000 s)
2025-05-28 00:19:07,200 INFO  - ------------------------------------------------------------------------------------- (at simulation time 676.000,000,000 s)
2025-05-28 00:19:07,200 INFO  - Tried sending message to other car (at simulation time 676.000,000,000 s)
2025-05-28 00:19:07,200 INFO  - ACK = false (at simulation time 676.000,000,000 s)
2025-05-28 00:19:07,200 INFO  - ------------------------------------------------------------------------------------- (at simulation time 676.000,000,000 s)
2025-05-28 00:19:07,200 INFO  - ------------------------------------------------------------------------------------- (at simulation time 676.000,000,000 s)
2025-05-28 00:19:07,201 INFO  - ------------------------------------------------------------------------------------- (at simulation time 676.000,000,000 s)
2025-05-28 00:19:07,201 INFO  - Processing event (at simulation time 676.000,000,000 s)
2025-05-28 00:19:07,201 INFO  - ------------------------------------------------------------------------------------- (at simulation time 676.000,000,000 s)
2025-05-28 00:19:07,201 INFO  - My Route = r_1 (at simulation time 676.000,000,000 s)
2025-05-28 00:19:07,201 INFO  - distance to RSU = 51.57738750383967 (at simulation time 676.000,000,000 s)
2025-05-28 00:19:07,201 INFO  - ------------------------------------------------------------------------------------- (at simulation time 676.000,000,000 s)
2025-05-28 00:19:07,201 INFO  - I have no neighbours to send! (at simulation time 676.000,000,000 s)
2025-05-28 00:19:07,201 INFO  - ------------------------------------------------------------------------------------- (at simulation time 676.000,000,000 s)
2025-05-28 00:19:07,201 INFO  - Tried sending message to other car (at simulation time 676.000,000,000 s)
2025-05-28 00:19:07,201 INFO  - ACK = false (at simulation time 676.000,000,000 s)
2025-05-28 00:19:07,201 INFO  - ------------------------------------------------------------------------------------- (at simulation time 676.000,000,000 s)
2025-05-28 00:19:07,201 INFO  - ------------------------------------------------------------------------------------- (at simulation time 676.000,000,000 s)
2025-05-28 00:19:07,201 INFO  - ------------------------------------------------------------------------------------- (at simulation time 676.000,000,000 s)
2025-05-28 00:19:07,201 INFO  - Processing event (at simulation time 676.000,000,000 s)
2025-05-28 00:19:07,201 INFO  - ------------------------------------------------------------------------------------- (at simulation time 676.000,000,000 s)
2025-05-28 00:19:07,201 INFO  - My Route = r_1 (at simulation time 676.000,000,000 s)
2025-05-28 00:19:07,201 INFO  - distance to RSU = 51.57738750383967 (at simulation time 676.000,000,000 s)
2025-05-28 00:19:07,201 INFO  - ------------------------------------------------------------------------------------- (at simulation time 676.000,000,000 s)
2025-05-28 00:19:07,201 INFO  - I have no neighbours to send! (at simulation time 676.000,000,000 s)
2025-05-28 00:19:07,201 INFO  - ------------------------------------------------------------------------------------- (at simulation time 676.000,000,000 s)
2025-05-28 00:19:07,201 INFO  - Tried sending message to other car (at simulation time 676.000,000,000 s)
2025-05-28 00:19:07,201 INFO  - ACK = false (at simulation time 676.000,000,000 s)
2025-05-28 00:19:07,201 INFO  - ------------------------------------------------------------------------------------- (at simulation time 676.000,000,000 s)
2025-05-28 00:19:07,201 INFO  - ------------------------------------------------------------------------------------- (at simulation time 676.000,000,000 s)
2025-05-28 00:19:07,201 INFO  - ------------------------------------------------------------------------------------- (at simulation time 676.000,000,000 s)
2025-05-28 00:19:07,201 INFO  - Processing event (at simulation time 676.000,000,000 s)
2025-05-28 00:19:07,201 INFO  - ------------------------------------------------------------------------------------- (at simulation time 676.000,000,000 s)
2025-05-28 00:19:07,201 INFO  - My Route = r_1 (at simulation time 676.000,000,000 s)
2025-05-28 00:19:07,201 INFO  - distance to RSU = 51.57738750383967 (at simulation time 676.000,000,000 s)
2025-05-28 00:19:07,201 INFO  - ------------------------------------------------------------------------------------- (at simulation time 676.000,000,000 s)
2025-05-28 00:19:07,201 INFO  - I have no neighbours to send! (at simulation time 676.000,000,000 s)
2025-05-28 00:19:07,201 INFO  - ------------------------------------------------------------------------------------- (at simulation time 676.000,000,000 s)
2025-05-28 00:19:07,201 INFO  - Tried sending message to other car (at simulation time 676.000,000,000 s)
2025-05-28 00:19:07,201 INFO  - ACK = false (at simulation time 676.000,000,000 s)
2025-05-28 00:19:07,201 INFO  - ------------------------------------------------------------------------------------- (at simulation time 676.000,000,000 s)
2025-05-28 00:19:07,201 INFO  - ------------------------------------------------------------------------------------- (at simulation time 676.000,000,000 s)
2025-05-28 00:19:07,285 INFO  - ------------------------------------------------------------------------------------- (at simulation time 676.000,000,010 s)
2025-05-28 00:19:07,285 INFO  - Processing event (at simulation time 676.000,000,010 s)
2025-05-28 00:19:07,285 INFO  - ------------------------------------------------------------------------------------- (at simulation time 676.000,000,010 s)
2025-05-28 00:19:07,285 INFO  - My Route = r_1 (at simulation time 676.000,000,010 s)
2025-05-28 00:19:07,285 INFO  - distance to RSU = 51.57738750383967 (at simulation time 676.000,000,010 s)
2025-05-28 00:19:07,285 INFO  - ------------------------------------------------------------------------------------- (at simulation time 676.000,000,010 s)
2025-05-28 00:19:07,285 INFO  - I have no neighbours to send! (at simulation time 676.000,000,010 s)
2025-05-28 00:19:07,285 INFO  - ------------------------------------------------------------------------------------- (at simulation time 676.000,000,010 s)
2025-05-28 00:19:07,285 INFO  - Tried sending message to other car (at simulation time 676.000,000,010 s)
2025-05-28 00:19:07,285 INFO  - ACK = false (at simulation time 676.000,000,010 s)
2025-05-28 00:19:07,285 INFO  - ------------------------------------------------------------------------------------- (at simulation time 676.000,000,010 s)
2025-05-28 00:19:07,285 INFO  - ------------------------------------------------------------------------------------- (at simulation time 676.000,000,010 s)
2025-05-28 00:19:07,286 INFO  - ------------------------------------------------------------------------------------- (at simulation time 676.000,000,010 s)
2025-05-28 00:19:07,286 INFO  - Processing event (at simulation time 676.000,000,010 s)
2025-05-28 00:19:07,286 INFO  - ------------------------------------------------------------------------------------- (at simulation time 676.000,000,010 s)
2025-05-28 00:19:07,286 INFO  - My Route = r_1 (at simulation time 676.000,000,010 s)
2025-05-28 00:19:07,286 INFO  - distance to RSU = 51.57738750383967 (at simulation time 676.000,000,010 s)
2025-05-28 00:19:07,286 INFO  - ------------------------------------------------------------------------------------- (at simulation time 676.000,000,010 s)
2025-05-28 00:19:07,286 INFO  - I have no neighbours to send! (at simulation time 676.000,000,010 s)
2025-05-28 00:19:07,286 INFO  - ------------------------------------------------------------------------------------- (at simulation time 676.000,000,010 s)
2025-05-28 00:19:07,286 INFO  - Tried sending message to other car (at simulation time 676.000,000,010 s)
2025-05-28 00:19:07,286 INFO  - ACK = false (at simulation time 676.000,000,010 s)
2025-05-28 00:19:07,286 INFO  - ------------------------------------------------------------------------------------- (at simulation time 676.000,000,010 s)
2025-05-28 00:19:07,286 INFO  - ------------------------------------------------------------------------------------- (at simulation time 676.000,000,010 s)
2025-05-28 00:19:07,287 INFO  - ------------------------------------------------------------------------------------- (at simulation time 676.000,000,010 s)
2025-05-28 00:19:07,287 INFO  - Processing event (at simulation time 676.000,000,010 s)
2025-05-28 00:19:07,287 INFO  - ------------------------------------------------------------------------------------- (at simulation time 676.000,000,010 s)
2025-05-28 00:19:07,287 INFO  - My Route = r_1 (at simulation time 676.000,000,010 s)
2025-05-28 00:19:07,287 INFO  - distance to RSU = 51.57738750383967 (at simulation time 676.000,000,010 s)
2025-05-28 00:19:07,287 INFO  - ------------------------------------------------------------------------------------- (at simulation time 676.000,000,010 s)
2025-05-28 00:19:07,287 INFO  - I have no neighbours to send! (at simulation time 676.000,000,010 s)
2025-05-28 00:19:07,287 INFO  - ------------------------------------------------------------------------------------- (at simulation time 676.000,000,010 s)
2025-05-28 00:19:07,287 INFO  - Tried sending message to other car (at simulation time 676.000,000,010 s)
2025-05-28 00:19:07,287 INFO  - ACK = false (at simulation time 676.000,000,010 s)
2025-05-28 00:19:07,287 INFO  - ------------------------------------------------------------------------------------- (at simulation time 676.000,000,010 s)
2025-05-28 00:19:07,287 INFO  - ------------------------------------------------------------------------------------- (at simulation time 676.000,000,010 s)
2025-05-28 00:19:07,287 INFO  - ------------------------------------------------------------------------------------- (at simulation time 676.000,000,010 s)
2025-05-28 00:19:07,287 INFO  - Processing event (at simulation time 676.000,000,010 s)
2025-05-28 00:19:07,287 INFO  - ------------------------------------------------------------------------------------- (at simulation time 676.000,000,010 s)
2025-05-28 00:19:07,287 INFO  - My Route = r_1 (at simulation time 676.000,000,010 s)
2025-05-28 00:19:07,287 INFO  - distance to RSU = 51.57738750383967 (at simulation time 676.000,000,010 s)
2025-05-28 00:19:07,287 INFO  - ------------------------------------------------------------------------------------- (at simulation time 676.000,000,010 s)
2025-05-28 00:19:07,287 INFO  - I have no neighbours to send! (at simulation time 676.000,000,010 s)
2025-05-28 00:19:07,287 INFO  - ------------------------------------------------------------------------------------- (at simulation time 676.000,000,010 s)
2025-05-28 00:19:07,287 INFO  - Tried sending message to other car (at simulation time 676.000,000,010 s)
2025-05-28 00:19:07,287 INFO  - ACK = false (at simulation time 676.000,000,010 s)
2025-05-28 00:19:07,287 INFO  - ------------------------------------------------------------------------------------- (at simulation time 676.000,000,010 s)
2025-05-28 00:19:07,287 INFO  - ------------------------------------------------------------------------------------- (at simulation time 676.000,000,010 s)
2025-05-28 00:19:07,288 INFO  - ------------------------------------------------------------------------------------- (at simulation time 676.000,000,010 s)
2025-05-28 00:19:07,288 INFO  - Processing event (at simulation time 676.000,000,010 s)
2025-05-28 00:19:07,288 INFO  - ------------------------------------------------------------------------------------- (at simulation time 676.000,000,010 s)
2025-05-28 00:19:07,288 INFO  - My Route = r_1 (at simulation time 676.000,000,010 s)
2025-05-28 00:19:07,288 INFO  - distance to RSU = 51.57738750383967 (at simulation time 676.000,000,010 s)
2025-05-28 00:19:07,288 INFO  - ------------------------------------------------------------------------------------- (at simulation time 676.000,000,010 s)
2025-05-28 00:19:07,288 INFO  - I have no neighbours to send! (at simulation time 676.000,000,010 s)
2025-05-28 00:19:07,288 INFO  - ------------------------------------------------------------------------------------- (at simulation time 676.000,000,010 s)
2025-05-28 00:19:07,288 INFO  - Tried sending message to other car (at simulation time 676.000,000,010 s)
2025-05-28 00:19:07,288 INFO  - ACK = false (at simulation time 676.000,000,010 s)
2025-05-28 00:19:07,288 INFO  - ------------------------------------------------------------------------------------- (at simulation time 676.000,000,010 s)
2025-05-28 00:19:07,288 INFO  - ------------------------------------------------------------------------------------- (at simulation time 676.000,000,010 s)
2025-05-28 00:19:07,288 INFO  - ------------------------------------------------------------------------------------- (at simulation time 676.000,000,010 s)
2025-05-28 00:19:07,288 INFO  - Processing event (at simulation time 676.000,000,010 s)
2025-05-28 00:19:07,288 INFO  - ------------------------------------------------------------------------------------- (at simulation time 676.000,000,010 s)
2025-05-28 00:19:07,288 INFO  - My Route = r_1 (at simulation time 676.000,000,010 s)
2025-05-28 00:19:07,288 INFO  - distance to RSU = 51.57738750383967 (at simulation time 676.000,000,010 s)
2025-05-28 00:19:07,288 INFO  - ------------------------------------------------------------------------------------- (at simulation time 676.000,000,010 s)
2025-05-28 00:19:07,288 INFO  - I have no neighbours to send! (at simulation time 676.000,000,010 s)
2025-05-28 00:19:07,288 INFO  - ------------------------------------------------------------------------------------- (at simulation time 676.000,000,010 s)
2025-05-28 00:19:07,288 INFO  - Tried sending message to other car (at simulation time 676.000,000,010 s)
2025-05-28 00:19:07,288 INFO  - ACK = false (at simulation time 676.000,000,010 s)
2025-05-28 00:19:07,288 INFO  - ------------------------------------------------------------------------------------- (at simulation time 676.000,000,010 s)
2025-05-28 00:19:07,288 INFO  - ------------------------------------------------------------------------------------- (at simulation time 676.000,000,010 s)
2025-05-28 00:19:07,289 INFO  - ------------------------------------------------------------------------------------- (at simulation time 676.000,000,010 s)
2025-05-28 00:19:07,289 INFO  - Processing event (at simulation time 676.000,000,010 s)
2025-05-28 00:19:07,289 INFO  - ------------------------------------------------------------------------------------- (at simulation time 676.000,000,010 s)
2025-05-28 00:19:07,289 INFO  - My Route = r_1 (at simulation time 676.000,000,010 s)
2025-05-28 00:19:07,289 INFO  - distance to RSU = 51.57738750383967 (at simulation time 676.000,000,010 s)
2025-05-28 00:19:07,289 INFO  - ------------------------------------------------------------------------------------- (at simulation time 676.000,000,010 s)
2025-05-28 00:19:07,289 INFO  - I have no neighbours to send! (at simulation time 676.000,000,010 s)
2025-05-28 00:19:07,289 INFO  - ------------------------------------------------------------------------------------- (at simulation time 676.000,000,010 s)
2025-05-28 00:19:07,289 INFO  - Tried sending message to other car (at simulation time 676.000,000,010 s)
2025-05-28 00:19:07,289 INFO  - ACK = false (at simulation time 676.000,000,010 s)
2025-05-28 00:19:07,289 INFO  - ------------------------------------------------------------------------------------- (at simulation time 676.000,000,010 s)
2025-05-28 00:19:07,289 INFO  - ------------------------------------------------------------------------------------- (at simulation time 676.000,000,010 s)
2025-05-28 00:19:07,290 INFO  - ------------------------------------------------------------------------------------- (at simulation time 676.000,000,010 s)
2025-05-28 00:19:07,290 INFO  - Processing event (at simulation time 676.000,000,010 s)
2025-05-28 00:19:07,290 INFO  - ------------------------------------------------------------------------------------- (at simulation time 676.000,000,010 s)
2025-05-28 00:19:07,290 INFO  - My Route = r_1 (at simulation time 676.000,000,010 s)
2025-05-28 00:19:07,290 INFO  - distance to RSU = 51.57738750383967 (at simulation time 676.000,000,010 s)
2025-05-28 00:19:07,290 INFO  - ------------------------------------------------------------------------------------- (at simulation time 676.000,000,010 s)
2025-05-28 00:19:07,290 INFO  - I have no neighbours to send! (at simulation time 676.000,000,010 s)
2025-05-28 00:19:07,290 INFO  - ------------------------------------------------------------------------------------- (at simulation time 676.000,000,010 s)
2025-05-28 00:19:07,290 INFO  - Tried sending message to other car (at simulation time 676.000,000,010 s)
2025-05-28 00:19:07,290 INFO  - ACK = false (at simulation time 676.000,000,010 s)
2025-05-28 00:19:07,290 INFO  - ------------------------------------------------------------------------------------- (at simulation time 676.000,000,010 s)
2025-05-28 00:19:07,290 INFO  - ------------------------------------------------------------------------------------- (at simulation time 676.000,000,010 s)
2025-05-28 00:19:07,290 INFO  - ------------------------------------------------------------------------------------- (at simulation time 676.000,000,010 s)
2025-05-28 00:19:07,290 INFO  - Processing event (at simulation time 676.000,000,010 s)
2025-05-28 00:19:07,290 INFO  - ------------------------------------------------------------------------------------- (at simulation time 676.000,000,010 s)
2025-05-28 00:19:07,290 INFO  - My Route = r_1 (at simulation time 676.000,000,010 s)
2025-05-28 00:19:07,290 INFO  - distance to RSU = 51.57738750383967 (at simulation time 676.000,000,010 s)
2025-05-28 00:19:07,290 INFO  - ------------------------------------------------------------------------------------- (at simulation time 676.000,000,010 s)
2025-05-28 00:19:07,290 INFO  - I have no neighbours to send! (at simulation time 676.000,000,010 s)
2025-05-28 00:19:07,290 INFO  - ------------------------------------------------------------------------------------- (at simulation time 676.000,000,010 s)
2025-05-28 00:19:07,290 INFO  - Tried sending message to other car (at simulation time 676.000,000,010 s)
2025-05-28 00:19:07,290 INFO  - ACK = false (at simulation time 676.000,000,010 s)
2025-05-28 00:19:07,290 INFO  - ------------------------------------------------------------------------------------- (at simulation time 676.000,000,010 s)
2025-05-28 00:19:07,290 INFO  - ------------------------------------------------------------------------------------- (at simulation time 676.000,000,010 s)
2025-05-28 00:19:07,291 INFO  - ------------------------------------------------------------------------------------- (at simulation time 676.000,000,010 s)
2025-05-28 00:19:07,291 INFO  - Processing event (at simulation time 676.000,000,010 s)
2025-05-28 00:19:07,291 INFO  - ------------------------------------------------------------------------------------- (at simulation time 676.000,000,010 s)
2025-05-28 00:19:07,291 INFO  - My Route = r_1 (at simulation time 676.000,000,010 s)
2025-05-28 00:19:07,291 INFO  - distance to RSU = 51.57738750383967 (at simulation time 676.000,000,010 s)
2025-05-28 00:19:07,291 INFO  - ------------------------------------------------------------------------------------- (at simulation time 676.000,000,010 s)
2025-05-28 00:19:07,291 INFO  - I have no neighbours to send! (at simulation time 676.000,000,010 s)
2025-05-28 00:19:07,291 INFO  - ------------------------------------------------------------------------------------- (at simulation time 676.000,000,010 s)
2025-05-28 00:19:07,291 INFO  - Tried sending message to other car (at simulation time 676.000,000,010 s)
2025-05-28 00:19:07,291 INFO  - ACK = false (at simulation time 676.000,000,010 s)
2025-05-28 00:19:07,291 INFO  - ------------------------------------------------------------------------------------- (at simulation time 676.000,000,010 s)
2025-05-28 00:19:07,291 INFO  - ------------------------------------------------------------------------------------- (at simulation time 676.000,000,010 s)
2025-05-28 00:19:07,292 INFO  - ------------------------------------------------------------------------------------- (at simulation time 676.000,000,010 s)
2025-05-28 00:19:07,292 INFO  - Processing event (at simulation time 676.000,000,010 s)
2025-05-28 00:19:07,292 INFO  - ------------------------------------------------------------------------------------- (at simulation time 676.000,000,010 s)
2025-05-28 00:19:07,292 INFO  - My Route = r_1 (at simulation time 676.000,000,010 s)
2025-05-28 00:19:07,292 INFO  - distance to RSU = 51.57738750383967 (at simulation time 676.000,000,010 s)
2025-05-28 00:19:07,292 INFO  - ------------------------------------------------------------------------------------- (at simulation time 676.000,000,010 s)
2025-05-28 00:19:07,292 INFO  - I have no neighbours to send! (at simulation time 676.000,000,010 s)
2025-05-28 00:19:07,292 INFO  - ------------------------------------------------------------------------------------- (at simulation time 676.000,000,010 s)
2025-05-28 00:19:07,292 INFO  - Tried sending message to other car (at simulation time 676.000,000,010 s)
2025-05-28 00:19:07,292 INFO  - ACK = false (at simulation time 676.000,000,010 s)
2025-05-28 00:19:07,292 INFO  - ------------------------------------------------------------------------------------- (at simulation time 676.000,000,010 s)
2025-05-28 00:19:07,292 INFO  - ------------------------------------------------------------------------------------- (at simulation time 676.000,000,010 s)
2025-05-28 00:19:07,293 INFO  - ------------------------------------------------------------------------------------- (at simulation time 676.000,000,010 s)
2025-05-28 00:19:07,293 INFO  - Processing event (at simulation time 676.000,000,010 s)
2025-05-28 00:19:07,293 INFO  - ------------------------------------------------------------------------------------- (at simulation time 676.000,000,010 s)
2025-05-28 00:19:07,293 INFO  - My Route = r_1 (at simulation time 676.000,000,010 s)
2025-05-28 00:19:07,293 INFO  - distance to RSU = 51.57738750383967 (at simulation time 676.000,000,010 s)
2025-05-28 00:19:07,293 INFO  - ------------------------------------------------------------------------------------- (at simulation time 676.000,000,010 s)
2025-05-28 00:19:07,293 INFO  - I have no neighbours to send! (at simulation time 676.000,000,010 s)
2025-05-28 00:19:07,293 INFO  - ------------------------------------------------------------------------------------- (at simulation time 676.000,000,010 s)
2025-05-28 00:19:07,293 INFO  - Tried sending message to other car (at simulation time 676.000,000,010 s)
2025-05-28 00:19:07,293 INFO  - ACK = false (at simulation time 676.000,000,010 s)
2025-05-28 00:19:07,293 INFO  - ------------------------------------------------------------------------------------- (at simulation time 676.000,000,010 s)
2025-05-28 00:19:07,293 INFO  - ------------------------------------------------------------------------------------- (at simulation time 676.000,000,010 s)
2025-05-28 00:19:07,296 INFO  - ------------------------------------------------------------------------------------- (at simulation time 677.000,000,000 s)
2025-05-28 00:19:07,296 INFO  - My Route = r_1 (at simulation time 677.000,000,000 s)
2025-05-28 00:19:07,296 INFO  - distance to RSU = 43.45248099282537 (at simulation time 677.000,000,000 s)
2025-05-28 00:19:07,296 INFO  - ------------------------------------------------------------------------------------- (at simulation time 677.000,000,000 s)
2025-05-28 00:19:07,296 INFO  - I have no neighbours to send! (at simulation time 677.000,000,000 s)
2025-05-28 00:19:07,296 INFO  - ------------------------------------------------------------------------------------- (at simulation time 677.000,000,000 s)
2025-05-28 00:19:07,296 INFO  - Tried sending message to other car (at simulation time 677.000,000,000 s)
2025-05-28 00:19:07,296 INFO  - ACK = false (at simulation time 677.000,000,000 s)
2025-05-28 00:19:07,296 INFO  - ------------------------------------------------------------------------------------- (at simulation time 677.000,000,000 s)
2025-05-28 00:19:07,296 INFO  - ------------------------------------------------------------------------------------- (at simulation time 677.000,000,000 s)
2025-05-28 00:19:07,296 INFO  - Processing event (at simulation time 677.000,000,000 s)
2025-05-28 00:19:07,296 INFO  - ------------------------------------------------------------------------------------- (at simulation time 677.000,000,000 s)
2025-05-28 00:19:07,296 INFO  - My Route = r_1 (at simulation time 677.000,000,000 s)
2025-05-28 00:19:07,296 INFO  - distance to RSU = 43.45248099282537 (at simulation time 677.000,000,000 s)
2025-05-28 00:19:07,296 INFO  - ------------------------------------------------------------------------------------- (at simulation time 677.000,000,000 s)
2025-05-28 00:19:07,296 INFO  - I have no neighbours to send! (at simulation time 677.000,000,000 s)
2025-05-28 00:19:07,296 INFO  - ------------------------------------------------------------------------------------- (at simulation time 677.000,000,000 s)
2025-05-28 00:19:07,296 INFO  - Tried sending message to other car (at simulation time 677.000,000,000 s)
2025-05-28 00:19:07,296 INFO  - ACK = false (at simulation time 677.000,000,000 s)
2025-05-28 00:19:07,296 INFO  - ------------------------------------------------------------------------------------- (at simulation time 677.000,000,000 s)
2025-05-28 00:19:07,296 INFO  - ------------------------------------------------------------------------------------- (at simulation time 677.000,000,000 s)
2025-05-28 00:19:07,297 INFO  - ------------------------------------------------------------------------------------- (at simulation time 677.000,000,000 s)
2025-05-28 00:19:07,297 INFO  - Processing event (at simulation time 677.000,000,000 s)
2025-05-28 00:19:07,297 INFO  - ------------------------------------------------------------------------------------- (at simulation time 677.000,000,000 s)
2025-05-28 00:19:07,297 INFO  - My Route = r_1 (at simulation time 677.000,000,000 s)
2025-05-28 00:19:07,297 INFO  - distance to RSU = 43.45248099282537 (at simulation time 677.000,000,000 s)
2025-05-28 00:19:07,297 INFO  - ------------------------------------------------------------------------------------- (at simulation time 677.000,000,000 s)
2025-05-28 00:19:07,297 INFO  - I have no neighbours to send! (at simulation time 677.000,000,000 s)
2025-05-28 00:19:07,297 INFO  - ------------------------------------------------------------------------------------- (at simulation time 677.000,000,000 s)
2025-05-28 00:19:07,297 INFO  - Tried sending message to other car (at simulation time 677.000,000,000 s)
2025-05-28 00:19:07,297 INFO  - ACK = false (at simulation time 677.000,000,000 s)
2025-05-28 00:19:07,297 INFO  - ------------------------------------------------------------------------------------- (at simulation time 677.000,000,000 s)
2025-05-28 00:19:07,297 INFO  - ------------------------------------------------------------------------------------- (at simulation time 677.000,000,000 s)
2025-05-28 00:19:07,298 INFO  - ------------------------------------------------------------------------------------- (at simulation time 677.000,000,000 s)
2025-05-28 00:19:07,298 INFO  - Processing event (at simulation time 677.000,000,000 s)
2025-05-28 00:19:07,298 INFO  - ------------------------------------------------------------------------------------- (at simulation time 677.000,000,000 s)
2025-05-28 00:19:07,298 INFO  - My Route = r_1 (at simulation time 677.000,000,000 s)
2025-05-28 00:19:07,298 INFO  - distance to RSU = 43.45248099282537 (at simulation time 677.000,000,000 s)
2025-05-28 00:19:07,298 INFO  - ------------------------------------------------------------------------------------- (at simulation time 677.000,000,000 s)
2025-05-28 00:19:07,298 INFO  - I have no neighbours to send! (at simulation time 677.000,000,000 s)
2025-05-28 00:19:07,298 INFO  - ------------------------------------------------------------------------------------- (at simulation time 677.000,000,000 s)
2025-05-28 00:19:07,298 INFO  - Tried sending message to other car (at simulation time 677.000,000,000 s)
2025-05-28 00:19:07,298 INFO  - ACK = false (at simulation time 677.000,000,000 s)
2025-05-28 00:19:07,298 INFO  - ------------------------------------------------------------------------------------- (at simulation time 677.000,000,000 s)
2025-05-28 00:19:07,298 INFO  - ------------------------------------------------------------------------------------- (at simulation time 677.000,000,000 s)
2025-05-28 00:19:07,298 INFO  - ------------------------------------------------------------------------------------- (at simulation time 677.000,000,000 s)
2025-05-28 00:19:07,298 INFO  - Processing event (at simulation time 677.000,000,000 s)
2025-05-28 00:19:07,298 INFO  - ------------------------------------------------------------------------------------- (at simulation time 677.000,000,000 s)
2025-05-28 00:19:07,298 INFO  - My Route = r_1 (at simulation time 677.000,000,000 s)
2025-05-28 00:19:07,298 INFO  - distance to RSU = 43.45248099282537 (at simulation time 677.000,000,000 s)
2025-05-28 00:19:07,298 INFO  - ------------------------------------------------------------------------------------- (at simulation time 677.000,000,000 s)
2025-05-28 00:19:07,298 INFO  - I have no neighbours to send! (at simulation time 677.000,000,000 s)
2025-05-28 00:19:07,298 INFO  - ------------------------------------------------------------------------------------- (at simulation time 677.000,000,000 s)
2025-05-28 00:19:07,298 INFO  - Tried sending message to other car (at simulation time 677.000,000,000 s)
2025-05-28 00:19:07,298 INFO  - ACK = false (at simulation time 677.000,000,000 s)
2025-05-28 00:19:07,298 INFO  - ------------------------------------------------------------------------------------- (at simulation time 677.000,000,000 s)
2025-05-28 00:19:07,298 INFO  - ------------------------------------------------------------------------------------- (at simulation time 677.000,000,000 s)
2025-05-28 00:19:07,299 INFO  - ------------------------------------------------------------------------------------- (at simulation time 677.000,000,000 s)
2025-05-28 00:19:07,299 INFO  - Processing event (at simulation time 677.000,000,000 s)
2025-05-28 00:19:07,299 INFO  - ------------------------------------------------------------------------------------- (at simulation time 677.000,000,000 s)
2025-05-28 00:19:07,299 INFO  - My Route = r_1 (at simulation time 677.000,000,000 s)
2025-05-28 00:19:07,299 INFO  - distance to RSU = 43.45248099282537 (at simulation time 677.000,000,000 s)
2025-05-28 00:19:07,299 INFO  - ------------------------------------------------------------------------------------- (at simulation time 677.000,000,000 s)
2025-05-28 00:19:07,299 INFO  - I have no neighbours to send! (at simulation time 677.000,000,000 s)
2025-05-28 00:19:07,299 INFO  - ------------------------------------------------------------------------------------- (at simulation time 677.000,000,000 s)
2025-05-28 00:19:07,299 INFO  - Tried sending message to other car (at simulation time 677.000,000,000 s)
2025-05-28 00:19:07,299 INFO  - ACK = false (at simulation time 677.000,000,000 s)
2025-05-28 00:19:07,299 INFO  - ------------------------------------------------------------------------------------- (at simulation time 677.000,000,000 s)
2025-05-28 00:19:07,299 INFO  - ------------------------------------------------------------------------------------- (at simulation time 677.000,000,000 s)
2025-05-28 00:19:07,300 INFO  - ------------------------------------------------------------------------------------- (at simulation time 677.000,000,000 s)
2025-05-28 00:19:07,300 INFO  - Processing event (at simulation time 677.000,000,000 s)
2025-05-28 00:19:07,300 INFO  - ------------------------------------------------------------------------------------- (at simulation time 677.000,000,000 s)
2025-05-28 00:19:07,300 INFO  - My Route = r_1 (at simulation time 677.000,000,000 s)
2025-05-28 00:19:07,300 INFO  - distance to RSU = 43.45248099282537 (at simulation time 677.000,000,000 s)
2025-05-28 00:19:07,300 INFO  - ------------------------------------------------------------------------------------- (at simulation time 677.000,000,000 s)
2025-05-28 00:19:07,300 INFO  - I have no neighbours to send! (at simulation time 677.000,000,000 s)
2025-05-28 00:19:07,300 INFO  - ------------------------------------------------------------------------------------- (at simulation time 677.000,000,000 s)
2025-05-28 00:19:07,300 INFO  - Tried sending message to other car (at simulation time 677.000,000,000 s)
2025-05-28 00:19:07,300 INFO  - ACK = false (at simulation time 677.000,000,000 s)
2025-05-28 00:19:07,300 INFO  - ------------------------------------------------------------------------------------- (at simulation time 677.000,000,000 s)
2025-05-28 00:19:07,300 INFO  - ------------------------------------------------------------------------------------- (at simulation time 677.000,000,000 s)
2025-05-28 00:19:07,300 INFO  - ------------------------------------------------------------------------------------- (at simulation time 677.000,000,000 s)
2025-05-28 00:19:07,300 INFO  - Processing event (at simulation time 677.000,000,000 s)
2025-05-28 00:19:07,300 INFO  - ------------------------------------------------------------------------------------- (at simulation time 677.000,000,000 s)
2025-05-28 00:19:07,300 INFO  - My Route = r_1 (at simulation time 677.000,000,000 s)
2025-05-28 00:19:07,300 INFO  - distance to RSU = 43.45248099282537 (at simulation time 677.000,000,000 s)
2025-05-28 00:19:07,300 INFO  - ------------------------------------------------------------------------------------- (at simulation time 677.000,000,000 s)
2025-05-28 00:19:07,300 INFO  - I have no neighbours to send! (at simulation time 677.000,000,000 s)
2025-05-28 00:19:07,300 INFO  - ------------------------------------------------------------------------------------- (at simulation time 677.000,000,000 s)
2025-05-28 00:19:07,300 INFO  - Tried sending message to other car (at simulation time 677.000,000,000 s)
2025-05-28 00:19:07,300 INFO  - ACK = false (at simulation time 677.000,000,000 s)
2025-05-28 00:19:07,300 INFO  - ------------------------------------------------------------------------------------- (at simulation time 677.000,000,000 s)
2025-05-28 00:19:07,300 INFO  - ------------------------------------------------------------------------------------- (at simulation time 677.000,000,000 s)
2025-05-28 00:19:07,301 INFO  - ------------------------------------------------------------------------------------- (at simulation time 677.000,000,000 s)
2025-05-28 00:19:07,301 INFO  - Processing event (at simulation time 677.000,000,000 s)
2025-05-28 00:19:07,301 INFO  - ------------------------------------------------------------------------------------- (at simulation time 677.000,000,000 s)
2025-05-28 00:19:07,301 INFO  - My Route = r_1 (at simulation time 677.000,000,000 s)
2025-05-28 00:19:07,301 INFO  - distance to RSU = 43.45248099282537 (at simulation time 677.000,000,000 s)
2025-05-28 00:19:07,301 INFO  - ------------------------------------------------------------------------------------- (at simulation time 677.000,000,000 s)
2025-05-28 00:19:07,301 INFO  - I have no neighbours to send! (at simulation time 677.000,000,000 s)
2025-05-28 00:19:07,301 INFO  - ------------------------------------------------------------------------------------- (at simulation time 677.000,000,000 s)
2025-05-28 00:19:07,301 INFO  - Tried sending message to other car (at simulation time 677.000,000,000 s)
2025-05-28 00:19:07,301 INFO  - ACK = false (at simulation time 677.000,000,000 s)
2025-05-28 00:19:07,301 INFO  - ------------------------------------------------------------------------------------- (at simulation time 677.000,000,000 s)
2025-05-28 00:19:07,301 INFO  - ------------------------------------------------------------------------------------- (at simulation time 677.000,000,000 s)
2025-05-28 00:19:07,301 INFO  - ------------------------------------------------------------------------------------- (at simulation time 677.000,000,000 s)
2025-05-28 00:19:07,301 INFO  - Processing event (at simulation time 677.000,000,000 s)
2025-05-28 00:19:07,301 INFO  - ------------------------------------------------------------------------------------- (at simulation time 677.000,000,000 s)
2025-05-28 00:19:07,301 INFO  - My Route = r_1 (at simulation time 677.000,000,000 s)
2025-05-28 00:19:07,301 INFO  - distance to RSU = 43.45248099282537 (at simulation time 677.000,000,000 s)
2025-05-28 00:19:07,301 INFO  - ------------------------------------------------------------------------------------- (at simulation time 677.000,000,000 s)
2025-05-28 00:19:07,301 INFO  - I have no neighbours to send! (at simulation time 677.000,000,000 s)
2025-05-28 00:19:07,301 INFO  - ------------------------------------------------------------------------------------- (at simulation time 677.000,000,000 s)
2025-05-28 00:19:07,301 INFO  - Tried sending message to other car (at simulation time 677.000,000,000 s)
2025-05-28 00:19:07,301 INFO  - ACK = false (at simulation time 677.000,000,000 s)
2025-05-28 00:19:07,301 INFO  - ------------------------------------------------------------------------------------- (at simulation time 677.000,000,000 s)
2025-05-28 00:19:07,301 INFO  - ------------------------------------------------------------------------------------- (at simulation time 677.000,000,000 s)
2025-05-28 00:19:07,302 INFO  - ------------------------------------------------------------------------------------- (at simulation time 677.000,000,000 s)
2025-05-28 00:19:07,302 INFO  - Processing event (at simulation time 677.000,000,000 s)
2025-05-28 00:19:07,302 INFO  - ------------------------------------------------------------------------------------- (at simulation time 677.000,000,000 s)
2025-05-28 00:19:07,302 INFO  - My Route = r_1 (at simulation time 677.000,000,000 s)
2025-05-28 00:19:07,302 INFO  - distance to RSU = 43.45248099282537 (at simulation time 677.000,000,000 s)
2025-05-28 00:19:07,302 INFO  - ------------------------------------------------------------------------------------- (at simulation time 677.000,000,000 s)
2025-05-28 00:19:07,302 INFO  - I have no neighbours to send! (at simulation time 677.000,000,000 s)
2025-05-28 00:19:07,302 INFO  - ------------------------------------------------------------------------------------- (at simulation time 677.000,000,000 s)
2025-05-28 00:19:07,302 INFO  - Tried sending message to other car (at simulation time 677.000,000,000 s)
2025-05-28 00:19:07,302 INFO  - ACK = false (at simulation time 677.000,000,000 s)
2025-05-28 00:19:07,302 INFO  - ------------------------------------------------------------------------------------- (at simulation time 677.000,000,000 s)
2025-05-28 00:19:07,302 INFO  - ------------------------------------------------------------------------------------- (at simulation time 677.000,000,000 s)
2025-05-28 00:19:07,303 INFO  - ------------------------------------------------------------------------------------- (at simulation time 677.000,000,000 s)
2025-05-28 00:19:07,303 INFO  - Processing event (at simulation time 677.000,000,000 s)
2025-05-28 00:19:07,303 INFO  - ------------------------------------------------------------------------------------- (at simulation time 677.000,000,000 s)
2025-05-28 00:19:07,303 INFO  - My Route = r_1 (at simulation time 677.000,000,000 s)
2025-05-28 00:19:07,303 INFO  - distance to RSU = 43.45248099282537 (at simulation time 677.000,000,000 s)
2025-05-28 00:19:07,303 INFO  - ------------------------------------------------------------------------------------- (at simulation time 677.000,000,000 s)
2025-05-28 00:19:07,303 INFO  - I have no neighbours to send! (at simulation time 677.000,000,000 s)
2025-05-28 00:19:07,303 INFO  - ------------------------------------------------------------------------------------- (at simulation time 677.000,000,000 s)
2025-05-28 00:19:07,303 INFO  - Tried sending message to other car (at simulation time 677.000,000,000 s)
2025-05-28 00:19:07,303 INFO  - ACK = false (at simulation time 677.000,000,000 s)
2025-05-28 00:19:07,303 INFO  - ------------------------------------------------------------------------------------- (at simulation time 677.000,000,000 s)
2025-05-28 00:19:07,303 INFO  - ------------------------------------------------------------------------------------- (at simulation time 677.000,000,000 s)
2025-05-28 00:19:07,303 INFO  - ------------------------------------------------------------------------------------- (at simulation time 677.000,000,000 s)
2025-05-28 00:19:07,303 INFO  - Processing event (at simulation time 677.000,000,000 s)
2025-05-28 00:19:07,303 INFO  - ------------------------------------------------------------------------------------- (at simulation time 677.000,000,000 s)
2025-05-28 00:19:07,303 INFO  - My Route = r_1 (at simulation time 677.000,000,000 s)
2025-05-28 00:19:07,303 INFO  - distance to RSU = 43.45248099282537 (at simulation time 677.000,000,000 s)
2025-05-28 00:19:07,303 INFO  - ------------------------------------------------------------------------------------- (at simulation time 677.000,000,000 s)
2025-05-28 00:19:07,303 INFO  - I have no neighbours to send! (at simulation time 677.000,000,000 s)
2025-05-28 00:19:07,303 INFO  - ------------------------------------------------------------------------------------- (at simulation time 677.000,000,000 s)
2025-05-28 00:19:07,303 INFO  - Tried sending message to other car (at simulation time 677.000,000,000 s)
2025-05-28 00:19:07,303 INFO  - ACK = false (at simulation time 677.000,000,000 s)
2025-05-28 00:19:07,303 INFO  - ------------------------------------------------------------------------------------- (at simulation time 677.000,000,000 s)
2025-05-28 00:19:07,303 INFO  - ------------------------------------------------------------------------------------- (at simulation time 677.000,000,000 s)
2025-05-28 00:19:07,389 INFO  - ------------------------------------------------------------------------------------- (at simulation time 677.000,000,010 s)
2025-05-28 00:19:07,389 INFO  - Processing event (at simulation time 677.000,000,010 s)
2025-05-28 00:19:07,389 INFO  - ------------------------------------------------------------------------------------- (at simulation time 677.000,000,010 s)
2025-05-28 00:19:07,389 INFO  - My Route = r_1 (at simulation time 677.000,000,010 s)
2025-05-28 00:19:07,389 INFO  - distance to RSU = 43.45248099282537 (at simulation time 677.000,000,010 s)
2025-05-28 00:19:07,389 INFO  - ------------------------------------------------------------------------------------- (at simulation time 677.000,000,010 s)
2025-05-28 00:19:07,389 INFO  - I have no neighbours to send! (at simulation time 677.000,000,010 s)
2025-05-28 00:19:07,389 INFO  - ------------------------------------------------------------------------------------- (at simulation time 677.000,000,010 s)
2025-05-28 00:19:07,389 INFO  - Tried sending message to other car (at simulation time 677.000,000,010 s)
2025-05-28 00:19:07,389 INFO  - ACK = false (at simulation time 677.000,000,010 s)
2025-05-28 00:19:07,389 INFO  - ------------------------------------------------------------------------------------- (at simulation time 677.000,000,010 s)
2025-05-28 00:19:07,389 INFO  - ------------------------------------------------------------------------------------- (at simulation time 677.000,000,010 s)
2025-05-28 00:19:07,390 INFO  - ------------------------------------------------------------------------------------- (at simulation time 677.000,000,010 s)
2025-05-28 00:19:07,390 INFO  - Processing event (at simulation time 677.000,000,010 s)
2025-05-28 00:19:07,390 INFO  - ------------------------------------------------------------------------------------- (at simulation time 677.000,000,010 s)
2025-05-28 00:19:07,390 INFO  - My Route = r_1 (at simulation time 677.000,000,010 s)
2025-05-28 00:19:07,390 INFO  - distance to RSU = 43.45248099282537 (at simulation time 677.000,000,010 s)
2025-05-28 00:19:07,390 INFO  - ------------------------------------------------------------------------------------- (at simulation time 677.000,000,010 s)
2025-05-28 00:19:07,390 INFO  - I have no neighbours to send! (at simulation time 677.000,000,010 s)
2025-05-28 00:19:07,390 INFO  - ------------------------------------------------------------------------------------- (at simulation time 677.000,000,010 s)
2025-05-28 00:19:07,390 INFO  - Tried sending message to other car (at simulation time 677.000,000,010 s)
2025-05-28 00:19:07,390 INFO  - ACK = false (at simulation time 677.000,000,010 s)
2025-05-28 00:19:07,390 INFO  - ------------------------------------------------------------------------------------- (at simulation time 677.000,000,010 s)
2025-05-28 00:19:07,390 INFO  - ------------------------------------------------------------------------------------- (at simulation time 677.000,000,010 s)
2025-05-28 00:19:07,390 INFO  - ------------------------------------------------------------------------------------- (at simulation time 677.000,000,010 s)
2025-05-28 00:19:07,390 INFO  - Processing event (at simulation time 677.000,000,010 s)
2025-05-28 00:19:07,390 INFO  - ------------------------------------------------------------------------------------- (at simulation time 677.000,000,010 s)
2025-05-28 00:19:07,390 INFO  - My Route = r_1 (at simulation time 677.000,000,010 s)
2025-05-28 00:19:07,390 INFO  - distance to RSU = 43.45248099282537 (at simulation time 677.000,000,010 s)
2025-05-28 00:19:07,390 INFO  - ------------------------------------------------------------------------------------- (at simulation time 677.000,000,010 s)
2025-05-28 00:19:07,390 INFO  - I have no neighbours to send! (at simulation time 677.000,000,010 s)
2025-05-28 00:19:07,390 INFO  - ------------------------------------------------------------------------------------- (at simulation time 677.000,000,010 s)
2025-05-28 00:19:07,390 INFO  - Tried sending message to other car (at simulation time 677.000,000,010 s)
2025-05-28 00:19:07,390 INFO  - ACK = false (at simulation time 677.000,000,010 s)
2025-05-28 00:19:07,390 INFO  - ------------------------------------------------------------------------------------- (at simulation time 677.000,000,010 s)
2025-05-28 00:19:07,390 INFO  - ------------------------------------------------------------------------------------- (at simulation time 677.000,000,010 s)
2025-05-28 00:19:07,391 INFO  - ------------------------------------------------------------------------------------- (at simulation time 677.000,000,010 s)
2025-05-28 00:19:07,391 INFO  - Processing event (at simulation time 677.000,000,010 s)
2025-05-28 00:19:07,391 INFO  - ------------------------------------------------------------------------------------- (at simulation time 677.000,000,010 s)
2025-05-28 00:19:07,391 INFO  - My Route = r_1 (at simulation time 677.000,000,010 s)
2025-05-28 00:19:07,391 INFO  - distance to RSU = 43.45248099282537 (at simulation time 677.000,000,010 s)
2025-05-28 00:19:07,391 INFO  - ------------------------------------------------------------------------------------- (at simulation time 677.000,000,010 s)
2025-05-28 00:19:07,391 INFO  - I have no neighbours to send! (at simulation time 677.000,000,010 s)
2025-05-28 00:19:07,391 INFO  - ------------------------------------------------------------------------------------- (at simulation time 677.000,000,010 s)
2025-05-28 00:19:07,391 INFO  - Tried sending message to other car (at simulation time 677.000,000,010 s)
2025-05-28 00:19:07,391 INFO  - ACK = false (at simulation time 677.000,000,010 s)
2025-05-28 00:19:07,391 INFO  - ------------------------------------------------------------------------------------- (at simulation time 677.000,000,010 s)
2025-05-28 00:19:07,391 INFO  - ------------------------------------------------------------------------------------- (at simulation time 677.000,000,010 s)
2025-05-28 00:19:07,392 INFO  - ------------------------------------------------------------------------------------- (at simulation time 677.000,000,010 s)
2025-05-28 00:19:07,392 INFO  - Processing event (at simulation time 677.000,000,010 s)
2025-05-28 00:19:07,392 INFO  - ------------------------------------------------------------------------------------- (at simulation time 677.000,000,010 s)
2025-05-28 00:19:07,392 INFO  - My Route = r_1 (at simulation time 677.000,000,010 s)
2025-05-28 00:19:07,392 INFO  - distance to RSU = 43.45248099282537 (at simulation time 677.000,000,010 s)
2025-05-28 00:19:07,392 INFO  - ------------------------------------------------------------------------------------- (at simulation time 677.000,000,010 s)
2025-05-28 00:19:07,392 INFO  - I have no neighbours to send! (at simulation time 677.000,000,010 s)
2025-05-28 00:19:07,392 INFO  - ------------------------------------------------------------------------------------- (at simulation time 677.000,000,010 s)
2025-05-28 00:19:07,392 INFO  - Tried sending message to other car (at simulation time 677.000,000,010 s)
2025-05-28 00:19:07,392 INFO  - ACK = false (at simulation time 677.000,000,010 s)
2025-05-28 00:19:07,392 INFO  - ------------------------------------------------------------------------------------- (at simulation time 677.000,000,010 s)
2025-05-28 00:19:07,392 INFO  - ------------------------------------------------------------------------------------- (at simulation time 677.000,000,010 s)
2025-05-28 00:19:07,392 INFO  - ------------------------------------------------------------------------------------- (at simulation time 677.000,000,010 s)
2025-05-28 00:19:07,392 INFO  - Processing event (at simulation time 677.000,000,010 s)
2025-05-28 00:19:07,392 INFO  - ------------------------------------------------------------------------------------- (at simulation time 677.000,000,010 s)
2025-05-28 00:19:07,392 INFO  - My Route = r_1 (at simulation time 677.000,000,010 s)
2025-05-28 00:19:07,392 INFO  - distance to RSU = 43.45248099282537 (at simulation time 677.000,000,010 s)
2025-05-28 00:19:07,392 INFO  - ------------------------------------------------------------------------------------- (at simulation time 677.000,000,010 s)
2025-05-28 00:19:07,392 INFO  - I have no neighbours to send! (at simulation time 677.000,000,010 s)
2025-05-28 00:19:07,392 INFO  - ------------------------------------------------------------------------------------- (at simulation time 677.000,000,010 s)
2025-05-28 00:19:07,392 INFO  - Tried sending message to other car (at simulation time 677.000,000,010 s)
2025-05-28 00:19:07,392 INFO  - ACK = false (at simulation time 677.000,000,010 s)
2025-05-28 00:19:07,392 INFO  - ------------------------------------------------------------------------------------- (at simulation time 677.000,000,010 s)
2025-05-28 00:19:07,392 INFO  - ------------------------------------------------------------------------------------- (at simulation time 677.000,000,010 s)
2025-05-28 00:19:07,393 INFO  - ------------------------------------------------------------------------------------- (at simulation time 677.000,000,010 s)
2025-05-28 00:19:07,393 INFO  - Processing event (at simulation time 677.000,000,010 s)
2025-05-28 00:19:07,393 INFO  - ------------------------------------------------------------------------------------- (at simulation time 677.000,000,010 s)
2025-05-28 00:19:07,393 INFO  - My Route = r_1 (at simulation time 677.000,000,010 s)
2025-05-28 00:19:07,393 INFO  - distance to RSU = 43.45248099282537 (at simulation time 677.000,000,010 s)
2025-05-28 00:19:07,393 INFO  - ------------------------------------------------------------------------------------- (at simulation time 677.000,000,010 s)
2025-05-28 00:19:07,393 INFO  - I have no neighbours to send! (at simulation time 677.000,000,010 s)
2025-05-28 00:19:07,393 INFO  - ------------------------------------------------------------------------------------- (at simulation time 677.000,000,010 s)
2025-05-28 00:19:07,393 INFO  - Tried sending message to other car (at simulation time 677.000,000,010 s)
2025-05-28 00:19:07,393 INFO  - ACK = false (at simulation time 677.000,000,010 s)
2025-05-28 00:19:07,393 INFO  - ------------------------------------------------------------------------------------- (at simulation time 677.000,000,010 s)
2025-05-28 00:19:07,393 INFO  - ------------------------------------------------------------------------------------- (at simulation time 677.000,000,010 s)
2025-05-28 00:19:07,393 INFO  - ------------------------------------------------------------------------------------- (at simulation time 677.000,000,010 s)
2025-05-28 00:19:07,393 INFO  - Processing event (at simulation time 677.000,000,010 s)
2025-05-28 00:19:07,393 INFO  - ------------------------------------------------------------------------------------- (at simulation time 677.000,000,010 s)
2025-05-28 00:19:07,393 INFO  - My Route = r_1 (at simulation time 677.000,000,010 s)
2025-05-28 00:19:07,393 INFO  - distance to RSU = 43.45248099282537 (at simulation time 677.000,000,010 s)
2025-05-28 00:19:07,393 INFO  - ------------------------------------------------------------------------------------- (at simulation time 677.000,000,010 s)
2025-05-28 00:19:07,393 INFO  - I have no neighbours to send! (at simulation time 677.000,000,010 s)
2025-05-28 00:19:07,393 INFO  - ------------------------------------------------------------------------------------- (at simulation time 677.000,000,010 s)
2025-05-28 00:19:07,393 INFO  - Tried sending message to other car (at simulation time 677.000,000,010 s)
2025-05-28 00:19:07,393 INFO  - ACK = false (at simulation time 677.000,000,010 s)
2025-05-28 00:19:07,393 INFO  - ------------------------------------------------------------------------------------- (at simulation time 677.000,000,010 s)
2025-05-28 00:19:07,393 INFO  - ------------------------------------------------------------------------------------- (at simulation time 677.000,000,010 s)
2025-05-28 00:19:07,394 INFO  - ------------------------------------------------------------------------------------- (at simulation time 677.000,000,010 s)
2025-05-28 00:19:07,394 INFO  - Processing event (at simulation time 677.000,000,010 s)
2025-05-28 00:19:07,394 INFO  - ------------------------------------------------------------------------------------- (at simulation time 677.000,000,010 s)
2025-05-28 00:19:07,394 INFO  - My Route = r_1 (at simulation time 677.000,000,010 s)
2025-05-28 00:19:07,394 INFO  - distance to RSU = 43.45248099282537 (at simulation time 677.000,000,010 s)
2025-05-28 00:19:07,394 INFO  - ------------------------------------------------------------------------------------- (at simulation time 677.000,000,010 s)
2025-05-28 00:19:07,394 INFO  - I have no neighbours to send! (at simulation time 677.000,000,010 s)
2025-05-28 00:19:07,394 INFO  - ------------------------------------------------------------------------------------- (at simulation time 677.000,000,010 s)
2025-05-28 00:19:07,394 INFO  - Tried sending message to other car (at simulation time 677.000,000,010 s)
2025-05-28 00:19:07,394 INFO  - ACK = false (at simulation time 677.000,000,010 s)
2025-05-28 00:19:07,394 INFO  - ------------------------------------------------------------------------------------- (at simulation time 677.000,000,010 s)
2025-05-28 00:19:07,394 INFO  - ------------------------------------------------------------------------------------- (at simulation time 677.000,000,010 s)
2025-05-28 00:19:07,394 INFO  - ------------------------------------------------------------------------------------- (at simulation time 677.000,000,010 s)
2025-05-28 00:19:07,394 INFO  - Processing event (at simulation time 677.000,000,010 s)
2025-05-28 00:19:07,394 INFO  - ------------------------------------------------------------------------------------- (at simulation time 677.000,000,010 s)
2025-05-28 00:19:07,394 INFO  - My Route = r_1 (at simulation time 677.000,000,010 s)
2025-05-28 00:19:07,394 INFO  - distance to RSU = 43.45248099282537 (at simulation time 677.000,000,010 s)
2025-05-28 00:19:07,394 INFO  - ------------------------------------------------------------------------------------- (at simulation time 677.000,000,010 s)
2025-05-28 00:19:07,394 INFO  - I have no neighbours to send! (at simulation time 677.000,000,010 s)
2025-05-28 00:19:07,394 INFO  - ------------------------------------------------------------------------------------- (at simulation time 677.000,000,010 s)
2025-05-28 00:19:07,394 INFO  - Tried sending message to other car (at simulation time 677.000,000,010 s)
2025-05-28 00:19:07,394 INFO  - ACK = false (at simulation time 677.000,000,010 s)
2025-05-28 00:19:07,394 INFO  - ------------------------------------------------------------------------------------- (at simulation time 677.000,000,010 s)
2025-05-28 00:19:07,394 INFO  - ------------------------------------------------------------------------------------- (at simulation time 677.000,000,010 s)
2025-05-28 00:19:07,395 INFO  - ------------------------------------------------------------------------------------- (at simulation time 677.000,000,010 s)
2025-05-28 00:19:07,395 INFO  - Processing event (at simulation time 677.000,000,010 s)
2025-05-28 00:19:07,395 INFO  - ------------------------------------------------------------------------------------- (at simulation time 677.000,000,010 s)
2025-05-28 00:19:07,395 INFO  - My Route = r_1 (at simulation time 677.000,000,010 s)
2025-05-28 00:19:07,395 INFO  - distance to RSU = 43.45248099282537 (at simulation time 677.000,000,010 s)
2025-05-28 00:19:07,395 INFO  - ------------------------------------------------------------------------------------- (at simulation time 677.000,000,010 s)
2025-05-28 00:19:07,395 INFO  - I have no neighbours to send! (at simulation time 677.000,000,010 s)
2025-05-28 00:19:07,395 INFO  - ------------------------------------------------------------------------------------- (at simulation time 677.000,000,010 s)
2025-05-28 00:19:07,395 INFO  - Tried sending message to other car (at simulation time 677.000,000,010 s)
2025-05-28 00:19:07,395 INFO  - ACK = false (at simulation time 677.000,000,010 s)
2025-05-28 00:19:07,395 INFO  - ------------------------------------------------------------------------------------- (at simulation time 677.000,000,010 s)
2025-05-28 00:19:07,395 INFO  - ------------------------------------------------------------------------------------- (at simulation time 677.000,000,010 s)
2025-05-28 00:19:07,395 INFO  - ------------------------------------------------------------------------------------- (at simulation time 677.000,000,010 s)
2025-05-28 00:19:07,395 INFO  - Processing event (at simulation time 677.000,000,010 s)
2025-05-28 00:19:07,395 INFO  - ------------------------------------------------------------------------------------- (at simulation time 677.000,000,010 s)
2025-05-28 00:19:07,395 INFO  - My Route = r_1 (at simulation time 677.000,000,010 s)
2025-05-28 00:19:07,395 INFO  - distance to RSU = 43.45248099282537 (at simulation time 677.000,000,010 s)
2025-05-28 00:19:07,395 INFO  - ------------------------------------------------------------------------------------- (at simulation time 677.000,000,010 s)
2025-05-28 00:19:07,395 INFO  - I have no neighbours to send! (at simulation time 677.000,000,010 s)
2025-05-28 00:19:07,395 INFO  - ------------------------------------------------------------------------------------- (at simulation time 677.000,000,010 s)
2025-05-28 00:19:07,395 INFO  - Tried sending message to other car (at simulation time 677.000,000,010 s)
2025-05-28 00:19:07,395 INFO  - ACK = false (at simulation time 677.000,000,010 s)
2025-05-28 00:19:07,395 INFO  - ------------------------------------------------------------------------------------- (at simulation time 677.000,000,010 s)
2025-05-28 00:19:07,395 INFO  - ------------------------------------------------------------------------------------- (at simulation time 677.000,000,010 s)
2025-05-28 00:19:07,397 INFO  - ------------------------------------------------------------------------------------- (at simulation time 677.000,000,010 s)
2025-05-28 00:19:07,397 INFO  - Processing event (at simulation time 677.000,000,010 s)
2025-05-28 00:19:07,397 INFO  - ------------------------------------------------------------------------------------- (at simulation time 677.000,000,010 s)
2025-05-28 00:19:07,397 INFO  - My Route = r_1 (at simulation time 677.000,000,010 s)
2025-05-28 00:19:07,397 INFO  - distance to RSU = 43.45248099282537 (at simulation time 677.000,000,010 s)
2025-05-28 00:19:07,397 INFO  - ------------------------------------------------------------------------------------- (at simulation time 677.000,000,010 s)
2025-05-28 00:19:07,397 INFO  - I have no neighbours to send! (at simulation time 677.000,000,010 s)
2025-05-28 00:19:07,397 INFO  - ------------------------------------------------------------------------------------- (at simulation time 677.000,000,010 s)
2025-05-28 00:19:07,397 INFO  - Tried sending message to other car (at simulation time 677.000,000,010 s)
2025-05-28 00:19:07,397 INFO  - ACK = false (at simulation time 677.000,000,010 s)
2025-05-28 00:19:07,397 INFO  - ------------------------------------------------------------------------------------- (at simulation time 677.000,000,010 s)
2025-05-28 00:19:07,397 INFO  - ------------------------------------------------------------------------------------- (at simulation time 677.000,000,010 s)
2025-05-28 00:19:07,399 INFO  - ------------------------------------------------------------------------------------- (at simulation time 678.000,000,000 s)
2025-05-28 00:19:07,399 INFO  - My Route = r_1 (at simulation time 678.000,000,000 s)
2025-05-28 00:19:07,399 INFO  - distance to RSU = 36.13771031139837 (at simulation time 678.000,000,000 s)
2025-05-28 00:19:07,399 INFO  - ------------------------------------------------------------------------------------- (at simulation time 678.000,000,000 s)
2025-05-28 00:19:07,400 INFO  - I have no neighbours to send! (at simulation time 678.000,000,000 s)
2025-05-28 00:19:07,400 INFO  - ------------------------------------------------------------------------------------- (at simulation time 678.000,000,000 s)
2025-05-28 00:19:07,400 INFO  - Tried sending message to other car (at simulation time 678.000,000,000 s)
2025-05-28 00:19:07,400 INFO  - ACK = false (at simulation time 678.000,000,000 s)
2025-05-28 00:19:07,400 INFO  - ------------------------------------------------------------------------------------- (at simulation time 678.000,000,000 s)
2025-05-28 00:19:07,400 INFO  - ------------------------------------------------------------------------------------- (at simulation time 678.000,000,000 s)
2025-05-28 00:19:07,400 INFO  - Processing event (at simulation time 678.000,000,000 s)
2025-05-28 00:19:07,400 INFO  - ------------------------------------------------------------------------------------- (at simulation time 678.000,000,000 s)
2025-05-28 00:19:07,400 INFO  - My Route = r_1 (at simulation time 678.000,000,000 s)
2025-05-28 00:19:07,400 INFO  - distance to RSU = 36.13771031139837 (at simulation time 678.000,000,000 s)
2025-05-28 00:19:07,400 INFO  - ------------------------------------------------------------------------------------- (at simulation time 678.000,000,000 s)
2025-05-28 00:19:07,400 INFO  - I have no neighbours to send! (at simulation time 678.000,000,000 s)
2025-05-28 00:19:07,400 INFO  - ------------------------------------------------------------------------------------- (at simulation time 678.000,000,000 s)
2025-05-28 00:19:07,400 INFO  - Tried sending message to other car (at simulation time 678.000,000,000 s)
2025-05-28 00:19:07,400 INFO  - ACK = false (at simulation time 678.000,000,000 s)
2025-05-28 00:19:07,400 INFO  - ------------------------------------------------------------------------------------- (at simulation time 678.000,000,000 s)
2025-05-28 00:19:07,400 INFO  - ------------------------------------------------------------------------------------- (at simulation time 678.000,000,000 s)
2025-05-28 00:19:07,401 INFO  - ------------------------------------------------------------------------------------- (at simulation time 678.000,000,000 s)
2025-05-28 00:19:07,401 INFO  - Processing event (at simulation time 678.000,000,000 s)
2025-05-28 00:19:07,401 INFO  - ------------------------------------------------------------------------------------- (at simulation time 678.000,000,000 s)
2025-05-28 00:19:07,401 INFO  - My Route = r_1 (at simulation time 678.000,000,000 s)
2025-05-28 00:19:07,401 INFO  - distance to RSU = 36.13771031139837 (at simulation time 678.000,000,000 s)
2025-05-28 00:19:07,401 INFO  - ------------------------------------------------------------------------------------- (at simulation time 678.000,000,000 s)
2025-05-28 00:19:07,401 INFO  - I have no neighbours to send! (at simulation time 678.000,000,000 s)
2025-05-28 00:19:07,401 INFO  - ------------------------------------------------------------------------------------- (at simulation time 678.000,000,000 s)
2025-05-28 00:19:07,401 INFO  - Tried sending message to other car (at simulation time 678.000,000,000 s)
2025-05-28 00:19:07,401 INFO  - ACK = false (at simulation time 678.000,000,000 s)
2025-05-28 00:19:07,401 INFO  - ------------------------------------------------------------------------------------- (at simulation time 678.000,000,000 s)
2025-05-28 00:19:07,401 INFO  - ------------------------------------------------------------------------------------- (at simulation time 678.000,000,000 s)
2025-05-28 00:19:07,402 INFO  - ------------------------------------------------------------------------------------- (at simulation time 678.000,000,000 s)
2025-05-28 00:19:07,402 INFO  - Processing event (at simulation time 678.000,000,000 s)
2025-05-28 00:19:07,402 INFO  - ------------------------------------------------------------------------------------- (at simulation time 678.000,000,000 s)
2025-05-28 00:19:07,402 INFO  - My Route = r_1 (at simulation time 678.000,000,000 s)
2025-05-28 00:19:07,402 INFO  - distance to RSU = 36.13771031139837 (at simulation time 678.000,000,000 s)
2025-05-28 00:19:07,402 INFO  - ------------------------------------------------------------------------------------- (at simulation time 678.000,000,000 s)
2025-05-28 00:19:07,402 INFO  - I have no neighbours to send! (at simulation time 678.000,000,000 s)
2025-05-28 00:19:07,402 INFO  - ------------------------------------------------------------------------------------- (at simulation time 678.000,000,000 s)
2025-05-28 00:19:07,402 INFO  - Tried sending message to other car (at simulation time 678.000,000,000 s)
2025-05-28 00:19:07,402 INFO  - ACK = false (at simulation time 678.000,000,000 s)
2025-05-28 00:19:07,402 INFO  - ------------------------------------------------------------------------------------- (at simulation time 678.000,000,000 s)
2025-05-28 00:19:07,402 INFO  - ------------------------------------------------------------------------------------- (at simulation time 678.000,000,000 s)
2025-05-28 00:19:07,402 INFO  - ------------------------------------------------------------------------------------- (at simulation time 678.000,000,000 s)
2025-05-28 00:19:07,402 INFO  - Processing event (at simulation time 678.000,000,000 s)
2025-05-28 00:19:07,402 INFO  - ------------------------------------------------------------------------------------- (at simulation time 678.000,000,000 s)
2025-05-28 00:19:07,402 INFO  - My Route = r_1 (at simulation time 678.000,000,000 s)
2025-05-28 00:19:07,402 INFO  - distance to RSU = 36.13771031139837 (at simulation time 678.000,000,000 s)
2025-05-28 00:19:07,402 INFO  - ------------------------------------------------------------------------------------- (at simulation time 678.000,000,000 s)
2025-05-28 00:19:07,402 INFO  - I have no neighbours to send! (at simulation time 678.000,000,000 s)
2025-05-28 00:19:07,402 INFO  - ------------------------------------------------------------------------------------- (at simulation time 678.000,000,000 s)
2025-05-28 00:19:07,402 INFO  - Tried sending message to other car (at simulation time 678.000,000,000 s)
2025-05-28 00:19:07,402 INFO  - ACK = false (at simulation time 678.000,000,000 s)
2025-05-28 00:19:07,402 INFO  - ------------------------------------------------------------------------------------- (at simulation time 678.000,000,000 s)
2025-05-28 00:19:07,402 INFO  - ------------------------------------------------------------------------------------- (at simulation time 678.000,000,000 s)
2025-05-28 00:19:07,403 INFO  - ------------------------------------------------------------------------------------- (at simulation time 678.000,000,000 s)
2025-05-28 00:19:07,403 INFO  - Processing event (at simulation time 678.000,000,000 s)
2025-05-28 00:19:07,403 INFO  - ------------------------------------------------------------------------------------- (at simulation time 678.000,000,000 s)
2025-05-28 00:19:07,403 INFO  - My Route = r_1 (at simulation time 678.000,000,000 s)
2025-05-28 00:19:07,403 INFO  - distance to RSU = 36.13771031139837 (at simulation time 678.000,000,000 s)
2025-05-28 00:19:07,403 INFO  - ------------------------------------------------------------------------------------- (at simulation time 678.000,000,000 s)
2025-05-28 00:19:07,403 INFO  - I have no neighbours to send! (at simulation time 678.000,000,000 s)
2025-05-28 00:19:07,403 INFO  - ------------------------------------------------------------------------------------- (at simulation time 678.000,000,000 s)
2025-05-28 00:19:07,403 INFO  - Tried sending message to other car (at simulation time 678.000,000,000 s)
2025-05-28 00:19:07,403 INFO  - ACK = false (at simulation time 678.000,000,000 s)
2025-05-28 00:19:07,403 INFO  - ------------------------------------------------------------------------------------- (at simulation time 678.000,000,000 s)
2025-05-28 00:19:07,403 INFO  - ------------------------------------------------------------------------------------- (at simulation time 678.000,000,000 s)
2025-05-28 00:19:07,404 INFO  - ------------------------------------------------------------------------------------- (at simulation time 678.000,000,000 s)
2025-05-28 00:19:07,404 INFO  - Processing event (at simulation time 678.000,000,000 s)
2025-05-28 00:19:07,404 INFO  - ------------------------------------------------------------------------------------- (at simulation time 678.000,000,000 s)
2025-05-28 00:19:07,404 INFO  - My Route = r_1 (at simulation time 678.000,000,000 s)
2025-05-28 00:19:07,404 INFO  - distance to RSU = 36.13771031139837 (at simulation time 678.000,000,000 s)
2025-05-28 00:19:07,404 INFO  - ------------------------------------------------------------------------------------- (at simulation time 678.000,000,000 s)
2025-05-28 00:19:07,404 INFO  - I have no neighbours to send! (at simulation time 678.000,000,000 s)
2025-05-28 00:19:07,404 INFO  - ------------------------------------------------------------------------------------- (at simulation time 678.000,000,000 s)
2025-05-28 00:19:07,404 INFO  - Tried sending message to other car (at simulation time 678.000,000,000 s)
2025-05-28 00:19:07,404 INFO  - ACK = false (at simulation time 678.000,000,000 s)
2025-05-28 00:19:07,404 INFO  - ------------------------------------------------------------------------------------- (at simulation time 678.000,000,000 s)
2025-05-28 00:19:07,404 INFO  - ------------------------------------------------------------------------------------- (at simulation time 678.000,000,000 s)
2025-05-28 00:19:07,404 INFO  - ------------------------------------------------------------------------------------- (at simulation time 678.000,000,000 s)
2025-05-28 00:19:07,404 INFO  - Processing event (at simulation time 678.000,000,000 s)
2025-05-28 00:19:07,404 INFO  - ------------------------------------------------------------------------------------- (at simulation time 678.000,000,000 s)
2025-05-28 00:19:07,404 INFO  - My Route = r_1 (at simulation time 678.000,000,000 s)
2025-05-28 00:19:07,404 INFO  - distance to RSU = 36.13771031139837 (at simulation time 678.000,000,000 s)
2025-05-28 00:19:07,404 INFO  - ------------------------------------------------------------------------------------- (at simulation time 678.000,000,000 s)
2025-05-28 00:19:07,404 INFO  - I have no neighbours to send! (at simulation time 678.000,000,000 s)
2025-05-28 00:19:07,404 INFO  - ------------------------------------------------------------------------------------- (at simulation time 678.000,000,000 s)
2025-05-28 00:19:07,404 INFO  - Tried sending message to other car (at simulation time 678.000,000,000 s)
2025-05-28 00:19:07,404 INFO  - ACK = false (at simulation time 678.000,000,000 s)
2025-05-28 00:19:07,404 INFO  - ------------------------------------------------------------------------------------- (at simulation time 678.000,000,000 s)
2025-05-28 00:19:07,404 INFO  - ------------------------------------------------------------------------------------- (at simulation time 678.000,000,000 s)
2025-05-28 00:19:07,405 INFO  - ------------------------------------------------------------------------------------- (at simulation time 678.000,000,000 s)
2025-05-28 00:19:07,405 INFO  - Processing event (at simulation time 678.000,000,000 s)
2025-05-28 00:19:07,405 INFO  - ------------------------------------------------------------------------------------- (at simulation time 678.000,000,000 s)
2025-05-28 00:19:07,405 INFO  - My Route = r_1 (at simulation time 678.000,000,000 s)
2025-05-28 00:19:07,405 INFO  - distance to RSU = 36.13771031139837 (at simulation time 678.000,000,000 s)
2025-05-28 00:19:07,405 INFO  - ------------------------------------------------------------------------------------- (at simulation time 678.000,000,000 s)
2025-05-28 00:19:07,405 INFO  - I have no neighbours to send! (at simulation time 678.000,000,000 s)
2025-05-28 00:19:07,405 INFO  - ------------------------------------------------------------------------------------- (at simulation time 678.000,000,000 s)
2025-05-28 00:19:07,405 INFO  - Tried sending message to other car (at simulation time 678.000,000,000 s)
2025-05-28 00:19:07,405 INFO  - ACK = false (at simulation time 678.000,000,000 s)
2025-05-28 00:19:07,405 INFO  - ------------------------------------------------------------------------------------- (at simulation time 678.000,000,000 s)
2025-05-28 00:19:07,405 INFO  - ------------------------------------------------------------------------------------- (at simulation time 678.000,000,000 s)
2025-05-28 00:19:07,405 INFO  - ------------------------------------------------------------------------------------- (at simulation time 678.000,000,000 s)
2025-05-28 00:19:07,405 INFO  - Processing event (at simulation time 678.000,000,000 s)
2025-05-28 00:19:07,405 INFO  - ------------------------------------------------------------------------------------- (at simulation time 678.000,000,000 s)
2025-05-28 00:19:07,405 INFO  - My Route = r_1 (at simulation time 678.000,000,000 s)
2025-05-28 00:19:07,405 INFO  - distance to RSU = 36.13771031139837 (at simulation time 678.000,000,000 s)
2025-05-28 00:19:07,405 INFO  - ------------------------------------------------------------------------------------- (at simulation time 678.000,000,000 s)
2025-05-28 00:19:07,405 INFO  - I have no neighbours to send! (at simulation time 678.000,000,000 s)
2025-05-28 00:19:07,405 INFO  - ------------------------------------------------------------------------------------- (at simulation time 678.000,000,000 s)
2025-05-28 00:19:07,405 INFO  - Tried sending message to other car (at simulation time 678.000,000,000 s)
2025-05-28 00:19:07,405 INFO  - ACK = false (at simulation time 678.000,000,000 s)
2025-05-28 00:19:07,405 INFO  - ------------------------------------------------------------------------------------- (at simulation time 678.000,000,000 s)
2025-05-28 00:19:07,405 INFO  - ------------------------------------------------------------------------------------- (at simulation time 678.000,000,000 s)
2025-05-28 00:19:07,406 INFO  - ------------------------------------------------------------------------------------- (at simulation time 678.000,000,000 s)
2025-05-28 00:19:07,406 INFO  - Processing event (at simulation time 678.000,000,000 s)
2025-05-28 00:19:07,406 INFO  - ------------------------------------------------------------------------------------- (at simulation time 678.000,000,000 s)
2025-05-28 00:19:07,406 INFO  - My Route = r_1 (at simulation time 678.000,000,000 s)
2025-05-28 00:19:07,406 INFO  - distance to RSU = 36.13771031139837 (at simulation time 678.000,000,000 s)
2025-05-28 00:19:07,406 INFO  - ------------------------------------------------------------------------------------- (at simulation time 678.000,000,000 s)
2025-05-28 00:19:07,406 INFO  - I have no neighbours to send! (at simulation time 678.000,000,000 s)
2025-05-28 00:19:07,406 INFO  - ------------------------------------------------------------------------------------- (at simulation time 678.000,000,000 s)
2025-05-28 00:19:07,406 INFO  - Tried sending message to other car (at simulation time 678.000,000,000 s)
2025-05-28 00:19:07,406 INFO  - ACK = false (at simulation time 678.000,000,000 s)
2025-05-28 00:19:07,406 INFO  - ------------------------------------------------------------------------------------- (at simulation time 678.000,000,000 s)
2025-05-28 00:19:07,406 INFO  - ------------------------------------------------------------------------------------- (at simulation time 678.000,000,000 s)
2025-05-28 00:19:07,407 INFO  - ------------------------------------------------------------------------------------- (at simulation time 678.000,000,000 s)
2025-05-28 00:19:07,407 INFO  - Processing event (at simulation time 678.000,000,000 s)
2025-05-28 00:19:07,407 INFO  - ------------------------------------------------------------------------------------- (at simulation time 678.000,000,000 s)
2025-05-28 00:19:07,407 INFO  - My Route = r_1 (at simulation time 678.000,000,000 s)
2025-05-28 00:19:07,407 INFO  - distance to RSU = 36.13771031139837 (at simulation time 678.000,000,000 s)
2025-05-28 00:19:07,407 INFO  - ------------------------------------------------------------------------------------- (at simulation time 678.000,000,000 s)
2025-05-28 00:19:07,407 INFO  - I have no neighbours to send! (at simulation time 678.000,000,000 s)
2025-05-28 00:19:07,407 INFO  - ------------------------------------------------------------------------------------- (at simulation time 678.000,000,000 s)
2025-05-28 00:19:07,407 INFO  - Tried sending message to other car (at simulation time 678.000,000,000 s)
2025-05-28 00:19:07,407 INFO  - ACK = false (at simulation time 678.000,000,000 s)
2025-05-28 00:19:07,407 INFO  - ------------------------------------------------------------------------------------- (at simulation time 678.000,000,000 s)
2025-05-28 00:19:07,407 INFO  - ------------------------------------------------------------------------------------- (at simulation time 678.000,000,000 s)
2025-05-28 00:19:07,407 INFO  - ------------------------------------------------------------------------------------- (at simulation time 678.000,000,000 s)
2025-05-28 00:19:07,407 INFO  - Processing event (at simulation time 678.000,000,000 s)
2025-05-28 00:19:07,407 INFO  - ------------------------------------------------------------------------------------- (at simulation time 678.000,000,000 s)
2025-05-28 00:19:07,407 INFO  - My Route = r_1 (at simulation time 678.000,000,000 s)
2025-05-28 00:19:07,407 INFO  - distance to RSU = 36.13771031139837 (at simulation time 678.000,000,000 s)
2025-05-28 00:19:07,407 INFO  - ------------------------------------------------------------------------------------- (at simulation time 678.000,000,000 s)
2025-05-28 00:19:07,407 INFO  - I have no neighbours to send! (at simulation time 678.000,000,000 s)
2025-05-28 00:19:07,407 INFO  - ------------------------------------------------------------------------------------- (at simulation time 678.000,000,000 s)
2025-05-28 00:19:07,407 INFO  - Tried sending message to other car (at simulation time 678.000,000,000 s)
2025-05-28 00:19:07,407 INFO  - ACK = false (at simulation time 678.000,000,000 s)
2025-05-28 00:19:07,407 INFO  - ------------------------------------------------------------------------------------- (at simulation time 678.000,000,000 s)
2025-05-28 00:19:07,407 INFO  - ------------------------------------------------------------------------------------- (at simulation time 678.000,000,000 s)
2025-05-28 00:19:07,407 INFO  - ------------------------------------------------------------------------------------- (at simulation time 678.000,000,000 s)
2025-05-28 00:19:07,407 INFO  - Processing event (at simulation time 678.000,000,000 s)
2025-05-28 00:19:07,407 INFO  - ------------------------------------------------------------------------------------- (at simulation time 678.000,000,000 s)
2025-05-28 00:19:07,407 INFO  - My Route = r_1 (at simulation time 678.000,000,000 s)
2025-05-28 00:19:07,407 INFO  - distance to RSU = 36.13771031139837 (at simulation time 678.000,000,000 s)
2025-05-28 00:19:07,407 INFO  - ------------------------------------------------------------------------------------- (at simulation time 678.000,000,000 s)
2025-05-28 00:19:07,407 INFO  - I have no neighbours to send! (at simulation time 678.000,000,000 s)
2025-05-28 00:19:07,407 INFO  - ------------------------------------------------------------------------------------- (at simulation time 678.000,000,000 s)
2025-05-28 00:19:07,407 INFO  - Tried sending message to other car (at simulation time 678.000,000,000 s)
2025-05-28 00:19:07,407 INFO  - ACK = false (at simulation time 678.000,000,000 s)
2025-05-28 00:19:07,407 INFO  - ------------------------------------------------------------------------------------- (at simulation time 678.000,000,000 s)
2025-05-28 00:19:07,407 INFO  - ------------------------------------------------------------------------------------- (at simulation time 678.000,000,000 s)
2025-05-28 00:19:07,492 INFO  - ------------------------------------------------------------------------------------- (at simulation time 678.000,000,010 s)
2025-05-28 00:19:07,492 INFO  - Processing event (at simulation time 678.000,000,010 s)
2025-05-28 00:19:07,492 INFO  - ------------------------------------------------------------------------------------- (at simulation time 678.000,000,010 s)
2025-05-28 00:19:07,492 INFO  - My Route = r_1 (at simulation time 678.000,000,010 s)
2025-05-28 00:19:07,492 INFO  - distance to RSU = 36.13771031139837 (at simulation time 678.000,000,010 s)
2025-05-28 00:19:07,492 INFO  - ------------------------------------------------------------------------------------- (at simulation time 678.000,000,010 s)
2025-05-28 00:19:07,492 INFO  - I have no neighbours to send! (at simulation time 678.000,000,010 s)
2025-05-28 00:19:07,492 INFO  - ------------------------------------------------------------------------------------- (at simulation time 678.000,000,010 s)
2025-05-28 00:19:07,492 INFO  - Tried sending message to other car (at simulation time 678.000,000,010 s)
2025-05-28 00:19:07,492 INFO  - ACK = false (at simulation time 678.000,000,010 s)
2025-05-28 00:19:07,492 INFO  - ------------------------------------------------------------------------------------- (at simulation time 678.000,000,010 s)
2025-05-28 00:19:07,492 INFO  - ------------------------------------------------------------------------------------- (at simulation time 678.000,000,010 s)
2025-05-28 00:19:07,493 INFO  - ------------------------------------------------------------------------------------- (at simulation time 678.000,000,010 s)
2025-05-28 00:19:07,493 INFO  - Processing event (at simulation time 678.000,000,010 s)
2025-05-28 00:19:07,493 INFO  - ------------------------------------------------------------------------------------- (at simulation time 678.000,000,010 s)
2025-05-28 00:19:07,493 INFO  - My Route = r_1 (at simulation time 678.000,000,010 s)
2025-05-28 00:19:07,493 INFO  - distance to RSU = 36.13771031139837 (at simulation time 678.000,000,010 s)
2025-05-28 00:19:07,493 INFO  - ------------------------------------------------------------------------------------- (at simulation time 678.000,000,010 s)
2025-05-28 00:19:07,493 INFO  - I have no neighbours to send! (at simulation time 678.000,000,010 s)
2025-05-28 00:19:07,493 INFO  - ------------------------------------------------------------------------------------- (at simulation time 678.000,000,010 s)
2025-05-28 00:19:07,493 INFO  - Tried sending message to other car (at simulation time 678.000,000,010 s)
2025-05-28 00:19:07,493 INFO  - ACK = false (at simulation time 678.000,000,010 s)
2025-05-28 00:19:07,493 INFO  - ------------------------------------------------------------------------------------- (at simulation time 678.000,000,010 s)
2025-05-28 00:19:07,493 INFO  - ------------------------------------------------------------------------------------- (at simulation time 678.000,000,010 s)
2025-05-28 00:19:07,493 INFO  - ------------------------------------------------------------------------------------- (at simulation time 678.000,000,010 s)
2025-05-28 00:19:07,493 INFO  - Processing event (at simulation time 678.000,000,010 s)
2025-05-28 00:19:07,493 INFO  - ------------------------------------------------------------------------------------- (at simulation time 678.000,000,010 s)
2025-05-28 00:19:07,493 INFO  - My Route = r_1 (at simulation time 678.000,000,010 s)
2025-05-28 00:19:07,493 INFO  - distance to RSU = 36.13771031139837 (at simulation time 678.000,000,010 s)
2025-05-28 00:19:07,493 INFO  - ------------------------------------------------------------------------------------- (at simulation time 678.000,000,010 s)
2025-05-28 00:19:07,493 INFO  - I have no neighbours to send! (at simulation time 678.000,000,010 s)
2025-05-28 00:19:07,493 INFO  - ------------------------------------------------------------------------------------- (at simulation time 678.000,000,010 s)
2025-05-28 00:19:07,493 INFO  - Tried sending message to other car (at simulation time 678.000,000,010 s)
2025-05-28 00:19:07,493 INFO  - ACK = false (at simulation time 678.000,000,010 s)
2025-05-28 00:19:07,493 INFO  - ------------------------------------------------------------------------------------- (at simulation time 678.000,000,010 s)
2025-05-28 00:19:07,493 INFO  - ------------------------------------------------------------------------------------- (at simulation time 678.000,000,010 s)
2025-05-28 00:19:07,494 INFO  - ------------------------------------------------------------------------------------- (at simulation time 678.000,000,010 s)
2025-05-28 00:19:07,494 INFO  - Processing event (at simulation time 678.000,000,010 s)
2025-05-28 00:19:07,494 INFO  - ------------------------------------------------------------------------------------- (at simulation time 678.000,000,010 s)
2025-05-28 00:19:07,494 INFO  - My Route = r_1 (at simulation time 678.000,000,010 s)
2025-05-28 00:19:07,494 INFO  - distance to RSU = 36.13771031139837 (at simulation time 678.000,000,010 s)
2025-05-28 00:19:07,494 INFO  - ------------------------------------------------------------------------------------- (at simulation time 678.000,000,010 s)
2025-05-28 00:19:07,494 INFO  - I have no neighbours to send! (at simulation time 678.000,000,010 s)
2025-05-28 00:19:07,494 INFO  - ------------------------------------------------------------------------------------- (at simulation time 678.000,000,010 s)
2025-05-28 00:19:07,494 INFO  - Tried sending message to other car (at simulation time 678.000,000,010 s)
2025-05-28 00:19:07,494 INFO  - ACK = false (at simulation time 678.000,000,010 s)
2025-05-28 00:19:07,494 INFO  - ------------------------------------------------------------------------------------- (at simulation time 678.000,000,010 s)
2025-05-28 00:19:07,494 INFO  - ------------------------------------------------------------------------------------- (at simulation time 678.000,000,010 s)
2025-05-28 00:19:07,495 INFO  - ------------------------------------------------------------------------------------- (at simulation time 678.000,000,010 s)
2025-05-28 00:19:07,495 INFO  - Processing event (at simulation time 678.000,000,010 s)
2025-05-28 00:19:07,495 INFO  - ------------------------------------------------------------------------------------- (at simulation time 678.000,000,010 s)
2025-05-28 00:19:07,495 INFO  - My Route = r_1 (at simulation time 678.000,000,010 s)
2025-05-28 00:19:07,495 INFO  - distance to RSU = 36.13771031139837 (at simulation time 678.000,000,010 s)
2025-05-28 00:19:07,495 INFO  - ------------------------------------------------------------------------------------- (at simulation time 678.000,000,010 s)
2025-05-28 00:19:07,495 INFO  - I have no neighbours to send! (at simulation time 678.000,000,010 s)
2025-05-28 00:19:07,495 INFO  - ------------------------------------------------------------------------------------- (at simulation time 678.000,000,010 s)
2025-05-28 00:19:07,495 INFO  - Tried sending message to other car (at simulation time 678.000,000,010 s)
2025-05-28 00:19:07,495 INFO  - ACK = false (at simulation time 678.000,000,010 s)
2025-05-28 00:19:07,495 INFO  - ------------------------------------------------------------------------------------- (at simulation time 678.000,000,010 s)
2025-05-28 00:19:07,495 INFO  - ------------------------------------------------------------------------------------- (at simulation time 678.000,000,010 s)
2025-05-28 00:19:07,495 INFO  - ------------------------------------------------------------------------------------- (at simulation time 678.000,000,010 s)
2025-05-28 00:19:07,495 INFO  - Processing event (at simulation time 678.000,000,010 s)
2025-05-28 00:19:07,495 INFO  - ------------------------------------------------------------------------------------- (at simulation time 678.000,000,010 s)
2025-05-28 00:19:07,495 INFO  - My Route = r_1 (at simulation time 678.000,000,010 s)
2025-05-28 00:19:07,495 INFO  - distance to RSU = 36.13771031139837 (at simulation time 678.000,000,010 s)
2025-05-28 00:19:07,495 INFO  - ------------------------------------------------------------------------------------- (at simulation time 678.000,000,010 s)
2025-05-28 00:19:07,495 INFO  - I have no neighbours to send! (at simulation time 678.000,000,010 s)
2025-05-28 00:19:07,495 INFO  - ------------------------------------------------------------------------------------- (at simulation time 678.000,000,010 s)
2025-05-28 00:19:07,495 INFO  - Tried sending message to other car (at simulation time 678.000,000,010 s)
2025-05-28 00:19:07,495 INFO  - ACK = false (at simulation time 678.000,000,010 s)
2025-05-28 00:19:07,495 INFO  - ------------------------------------------------------------------------------------- (at simulation time 678.000,000,010 s)
2025-05-28 00:19:07,495 INFO  - ------------------------------------------------------------------------------------- (at simulation time 678.000,000,010 s)
2025-05-28 00:19:07,496 INFO  - ------------------------------------------------------------------------------------- (at simulation time 678.000,000,010 s)
2025-05-28 00:19:07,496 INFO  - Processing event (at simulation time 678.000,000,010 s)
2025-05-28 00:19:07,496 INFO  - ------------------------------------------------------------------------------------- (at simulation time 678.000,000,010 s)
2025-05-28 00:19:07,496 INFO  - My Route = r_1 (at simulation time 678.000,000,010 s)
2025-05-28 00:19:07,496 INFO  - distance to RSU = 36.13771031139837 (at simulation time 678.000,000,010 s)
2025-05-28 00:19:07,496 INFO  - ------------------------------------------------------------------------------------- (at simulation time 678.000,000,010 s)
2025-05-28 00:19:07,496 INFO  - I have no neighbours to send! (at simulation time 678.000,000,010 s)
2025-05-28 00:19:07,496 INFO  - ------------------------------------------------------------------------------------- (at simulation time 678.000,000,010 s)
2025-05-28 00:19:07,496 INFO  - Tried sending message to other car (at simulation time 678.000,000,010 s)
2025-05-28 00:19:07,496 INFO  - ACK = false (at simulation time 678.000,000,010 s)
2025-05-28 00:19:07,496 INFO  - ------------------------------------------------------------------------------------- (at simulation time 678.000,000,010 s)
2025-05-28 00:19:07,496 INFO  - ------------------------------------------------------------------------------------- (at simulation time 678.000,000,010 s)
2025-05-28 00:19:07,497 INFO  - ------------------------------------------------------------------------------------- (at simulation time 678.000,000,010 s)
2025-05-28 00:19:07,497 INFO  - Processing event (at simulation time 678.000,000,010 s)
2025-05-28 00:19:07,497 INFO  - ------------------------------------------------------------------------------------- (at simulation time 678.000,000,010 s)
2025-05-28 00:19:07,497 INFO  - My Route = r_1 (at simulation time 678.000,000,010 s)
2025-05-28 00:19:07,497 INFO  - distance to RSU = 36.13771031139837 (at simulation time 678.000,000,010 s)
2025-05-28 00:19:07,497 INFO  - ------------------------------------------------------------------------------------- (at simulation time 678.000,000,010 s)
2025-05-28 00:19:07,497 INFO  - I have no neighbours to send! (at simulation time 678.000,000,010 s)
2025-05-28 00:19:07,497 INFO  - ------------------------------------------------------------------------------------- (at simulation time 678.000,000,010 s)
2025-05-28 00:19:07,497 INFO  - Tried sending message to other car (at simulation time 678.000,000,010 s)
2025-05-28 00:19:07,497 INFO  - ACK = false (at simulation time 678.000,000,010 s)
2025-05-28 00:19:07,497 INFO  - ------------------------------------------------------------------------------------- (at simulation time 678.000,000,010 s)
2025-05-28 00:19:07,497 INFO  - ------------------------------------------------------------------------------------- (at simulation time 678.000,000,010 s)
2025-05-28 00:19:07,497 INFO  - ------------------------------------------------------------------------------------- (at simulation time 678.000,000,010 s)
2025-05-28 00:19:07,497 INFO  - Processing event (at simulation time 678.000,000,010 s)
2025-05-28 00:19:07,497 INFO  - ------------------------------------------------------------------------------------- (at simulation time 678.000,000,010 s)
2025-05-28 00:19:07,497 INFO  - My Route = r_1 (at simulation time 678.000,000,010 s)
2025-05-28 00:19:07,497 INFO  - distance to RSU = 36.13771031139837 (at simulation time 678.000,000,010 s)
2025-05-28 00:19:07,497 INFO  - ------------------------------------------------------------------------------------- (at simulation time 678.000,000,010 s)
2025-05-28 00:19:07,497 INFO  - I have no neighbours to send! (at simulation time 678.000,000,010 s)
2025-05-28 00:19:07,497 INFO  - ------------------------------------------------------------------------------------- (at simulation time 678.000,000,010 s)
2025-05-28 00:19:07,497 INFO  - Tried sending message to other car (at simulation time 678.000,000,010 s)
2025-05-28 00:19:07,497 INFO  - ACK = false (at simulation time 678.000,000,010 s)
2025-05-28 00:19:07,497 INFO  - ------------------------------------------------------------------------------------- (at simulation time 678.000,000,010 s)
2025-05-28 00:19:07,497 INFO  - ------------------------------------------------------------------------------------- (at simulation time 678.000,000,010 s)
2025-05-28 00:19:07,498 INFO  - ------------------------------------------------------------------------------------- (at simulation time 678.000,000,010 s)
2025-05-28 00:19:07,498 INFO  - Processing event (at simulation time 678.000,000,010 s)
2025-05-28 00:19:07,498 INFO  - ------------------------------------------------------------------------------------- (at simulation time 678.000,000,010 s)
2025-05-28 00:19:07,498 INFO  - My Route = r_1 (at simulation time 678.000,000,010 s)
2025-05-28 00:19:07,498 INFO  - distance to RSU = 36.13771031139837 (at simulation time 678.000,000,010 s)
2025-05-28 00:19:07,498 INFO  - ------------------------------------------------------------------------------------- (at simulation time 678.000,000,010 s)
2025-05-28 00:19:07,498 INFO  - I have no neighbours to send! (at simulation time 678.000,000,010 s)
2025-05-28 00:19:07,498 INFO  - ------------------------------------------------------------------------------------- (at simulation time 678.000,000,010 s)
2025-05-28 00:19:07,498 INFO  - Tried sending message to other car (at simulation time 678.000,000,010 s)
2025-05-28 00:19:07,498 INFO  - ACK = false (at simulation time 678.000,000,010 s)
2025-05-28 00:19:07,498 INFO  - ------------------------------------------------------------------------------------- (at simulation time 678.000,000,010 s)
2025-05-28 00:19:07,498 INFO  - ------------------------------------------------------------------------------------- (at simulation time 678.000,000,010 s)
2025-05-28 00:19:07,498 INFO  - ------------------------------------------------------------------------------------- (at simulation time 678.000,000,010 s)
2025-05-28 00:19:07,498 INFO  - Processing event (at simulation time 678.000,000,010 s)
2025-05-28 00:19:07,498 INFO  - ------------------------------------------------------------------------------------- (at simulation time 678.000,000,010 s)
2025-05-28 00:19:07,498 INFO  - My Route = r_1 (at simulation time 678.000,000,010 s)
2025-05-28 00:19:07,498 INFO  - distance to RSU = 36.13771031139837 (at simulation time 678.000,000,010 s)
2025-05-28 00:19:07,498 INFO  - ------------------------------------------------------------------------------------- (at simulation time 678.000,000,010 s)
2025-05-28 00:19:07,498 INFO  - I have no neighbours to send! (at simulation time 678.000,000,010 s)
2025-05-28 00:19:07,498 INFO  - ------------------------------------------------------------------------------------- (at simulation time 678.000,000,010 s)
2025-05-28 00:19:07,498 INFO  - Tried sending message to other car (at simulation time 678.000,000,010 s)
2025-05-28 00:19:07,498 INFO  - ACK = false (at simulation time 678.000,000,010 s)
2025-05-28 00:19:07,498 INFO  - ------------------------------------------------------------------------------------- (at simulation time 678.000,000,010 s)
2025-05-28 00:19:07,499 INFO  - ------------------------------------------------------------------------------------- (at simulation time 678.000,000,010 s)
2025-05-28 00:19:07,499 INFO  - ------------------------------------------------------------------------------------- (at simulation time 678.000,000,010 s)
2025-05-28 00:19:07,499 INFO  - Processing event (at simulation time 678.000,000,010 s)
2025-05-28 00:19:07,499 INFO  - ------------------------------------------------------------------------------------- (at simulation time 678.000,000,010 s)
2025-05-28 00:19:07,499 INFO  - My Route = r_1 (at simulation time 678.000,000,010 s)
2025-05-28 00:19:07,499 INFO  - distance to RSU = 36.13771031139837 (at simulation time 678.000,000,010 s)
2025-05-28 00:19:07,499 INFO  - ------------------------------------------------------------------------------------- (at simulation time 678.000,000,010 s)
2025-05-28 00:19:07,499 INFO  - I have no neighbours to send! (at simulation time 678.000,000,010 s)
2025-05-28 00:19:07,499 INFO  - ------------------------------------------------------------------------------------- (at simulation time 678.000,000,010 s)
2025-05-28 00:19:07,499 INFO  - Tried sending message to other car (at simulation time 678.000,000,010 s)
2025-05-28 00:19:07,499 INFO  - ACK = false (at simulation time 678.000,000,010 s)
2025-05-28 00:19:07,499 INFO  - ------------------------------------------------------------------------------------- (at simulation time 678.000,000,010 s)
2025-05-28 00:19:07,499 INFO  - ------------------------------------------------------------------------------------- (at simulation time 678.000,000,010 s)
2025-05-28 00:19:07,500 INFO  - ------------------------------------------------------------------------------------- (at simulation time 678.000,000,010 s)
2025-05-28 00:19:07,500 INFO  - Processing event (at simulation time 678.000,000,010 s)
2025-05-28 00:19:07,500 INFO  - ------------------------------------------------------------------------------------- (at simulation time 678.000,000,010 s)
2025-05-28 00:19:07,500 INFO  - My Route = r_1 (at simulation time 678.000,000,010 s)
2025-05-28 00:19:07,500 INFO  - distance to RSU = 36.13771031139837 (at simulation time 678.000,000,010 s)
2025-05-28 00:19:07,500 INFO  - ------------------------------------------------------------------------------------- (at simulation time 678.000,000,010 s)
2025-05-28 00:19:07,500 INFO  - I have no neighbours to send! (at simulation time 678.000,000,010 s)
2025-05-28 00:19:07,500 INFO  - ------------------------------------------------------------------------------------- (at simulation time 678.000,000,010 s)
2025-05-28 00:19:07,500 INFO  - Tried sending message to other car (at simulation time 678.000,000,010 s)
2025-05-28 00:19:07,500 INFO  - ACK = false (at simulation time 678.000,000,010 s)
2025-05-28 00:19:07,500 INFO  - ------------------------------------------------------------------------------------- (at simulation time 678.000,000,010 s)
2025-05-28 00:19:07,500 INFO  - ------------------------------------------------------------------------------------- (at simulation time 678.000,000,010 s)
2025-05-28 00:19:07,501 INFO  - ------------------------------------------------------------------------------------- (at simulation time 678.000,000,010 s)
2025-05-28 00:19:07,501 INFO  - Processing event (at simulation time 678.000,000,010 s)
2025-05-28 00:19:07,501 INFO  - ------------------------------------------------------------------------------------- (at simulation time 678.000,000,010 s)
2025-05-28 00:19:07,501 INFO  - My Route = r_1 (at simulation time 678.000,000,010 s)
2025-05-28 00:19:07,501 INFO  - distance to RSU = 36.13771031139837 (at simulation time 678.000,000,010 s)
2025-05-28 00:19:07,501 INFO  - ------------------------------------------------------------------------------------- (at simulation time 678.000,000,010 s)
2025-05-28 00:19:07,501 INFO  - I have no neighbours to send! (at simulation time 678.000,000,010 s)
2025-05-28 00:19:07,501 INFO  - ------------------------------------------------------------------------------------- (at simulation time 678.000,000,010 s)
2025-05-28 00:19:07,501 INFO  - Tried sending message to other car (at simulation time 678.000,000,010 s)
2025-05-28 00:19:07,501 INFO  - ACK = false (at simulation time 678.000,000,010 s)
2025-05-28 00:19:07,501 INFO  - ------------------------------------------------------------------------------------- (at simulation time 678.000,000,010 s)
2025-05-28 00:19:07,501 INFO  - ------------------------------------------------------------------------------------- (at simulation time 678.000,000,010 s)
2025-05-28 00:19:07,504 INFO  - ------------------------------------------------------------------------------------- (at simulation time 679.000,000,000 s)
2025-05-28 00:19:07,504 INFO  - My Route = r_1 (at simulation time 679.000,000,000 s)
2025-05-28 00:19:07,504 INFO  - distance to RSU = 28.889068868487374 (at simulation time 679.000,000,000 s)
2025-05-28 00:19:07,504 INFO  - ------------------------------------------------------------------------------------- (at simulation time 679.000,000,000 s)
2025-05-28 00:19:07,504 INFO  - I have no neighbours to send! (at simulation time 679.000,000,000 s)
2025-05-28 00:19:07,504 INFO  - ------------------------------------------------------------------------------------- (at simulation time 679.000,000,000 s)
2025-05-28 00:19:07,504 INFO  - Tried sending message to other car (at simulation time 679.000,000,000 s)
2025-05-28 00:19:07,504 INFO  - ACK = false (at simulation time 679.000,000,000 s)
2025-05-28 00:19:07,504 INFO  - ------------------------------------------------------------------------------------- (at simulation time 679.000,000,000 s)
2025-05-28 00:19:07,505 INFO  - ------------------------------------------------------------------------------------- (at simulation time 679.000,000,000 s)
2025-05-28 00:19:07,505 INFO  - Processing event (at simulation time 679.000,000,000 s)
2025-05-28 00:19:07,505 INFO  - ------------------------------------------------------------------------------------- (at simulation time 679.000,000,000 s)
2025-05-28 00:19:07,505 INFO  - My Route = r_1 (at simulation time 679.000,000,000 s)
2025-05-28 00:19:07,505 INFO  - distance to RSU = 28.889068868487374 (at simulation time 679.000,000,000 s)
2025-05-28 00:19:07,505 INFO  - ------------------------------------------------------------------------------------- (at simulation time 679.000,000,000 s)
2025-05-28 00:19:07,505 INFO  - I have no neighbours to send! (at simulation time 679.000,000,000 s)
2025-05-28 00:19:07,505 INFO  - ------------------------------------------------------------------------------------- (at simulation time 679.000,000,000 s)
2025-05-28 00:19:07,505 INFO  - Tried sending message to other car (at simulation time 679.000,000,000 s)
2025-05-28 00:19:07,505 INFO  - ACK = false (at simulation time 679.000,000,000 s)
2025-05-28 00:19:07,505 INFO  - ------------------------------------------------------------------------------------- (at simulation time 679.000,000,000 s)
2025-05-28 00:19:07,505 INFO  - ------------------------------------------------------------------------------------- (at simulation time 679.000,000,000 s)
2025-05-28 00:19:07,505 INFO  - ------------------------------------------------------------------------------------- (at simulation time 679.000,000,000 s)
2025-05-28 00:19:07,505 INFO  - Processing event (at simulation time 679.000,000,000 s)
2025-05-28 00:19:07,505 INFO  - ------------------------------------------------------------------------------------- (at simulation time 679.000,000,000 s)
2025-05-28 00:19:07,505 INFO  - My Route = r_1 (at simulation time 679.000,000,000 s)
2025-05-28 00:19:07,505 INFO  - distance to RSU = 28.889068868487374 (at simulation time 679.000,000,000 s)
2025-05-28 00:19:07,505 INFO  - ------------------------------------------------------------------------------------- (at simulation time 679.000,000,000 s)
2025-05-28 00:19:07,505 INFO  - I have no neighbours to send! (at simulation time 679.000,000,000 s)
2025-05-28 00:19:07,505 INFO  - ------------------------------------------------------------------------------------- (at simulation time 679.000,000,000 s)
2025-05-28 00:19:07,505 INFO  - Tried sending message to other car (at simulation time 679.000,000,000 s)
2025-05-28 00:19:07,505 INFO  - ACK = false (at simulation time 679.000,000,000 s)
2025-05-28 00:19:07,505 INFO  - ------------------------------------------------------------------------------------- (at simulation time 679.000,000,000 s)
2025-05-28 00:19:07,505 INFO  - ------------------------------------------------------------------------------------- (at simulation time 679.000,000,000 s)
2025-05-28 00:19:07,506 INFO  - ------------------------------------------------------------------------------------- (at simulation time 679.000,000,000 s)
2025-05-28 00:19:07,506 INFO  - Processing event (at simulation time 679.000,000,000 s)
2025-05-28 00:19:07,506 INFO  - ------------------------------------------------------------------------------------- (at simulation time 679.000,000,000 s)
2025-05-28 00:19:07,506 INFO  - My Route = r_1 (at simulation time 679.000,000,000 s)
2025-05-28 00:19:07,506 INFO  - distance to RSU = 28.889068868487374 (at simulation time 679.000,000,000 s)
2025-05-28 00:19:07,506 INFO  - ------------------------------------------------------------------------------------- (at simulation time 679.000,000,000 s)
2025-05-28 00:19:07,506 INFO  - I have no neighbours to send! (at simulation time 679.000,000,000 s)
2025-05-28 00:19:07,506 INFO  - ------------------------------------------------------------------------------------- (at simulation time 679.000,000,000 s)
2025-05-28 00:19:07,506 INFO  - Tried sending message to other car (at simulation time 679.000,000,000 s)
2025-05-28 00:19:07,506 INFO  - ACK = false (at simulation time 679.000,000,000 s)
2025-05-28 00:19:07,506 INFO  - ------------------------------------------------------------------------------------- (at simulation time 679.000,000,000 s)
2025-05-28 00:19:07,506 INFO  - ------------------------------------------------------------------------------------- (at simulation time 679.000,000,000 s)
2025-05-28 00:19:07,507 INFO  - ------------------------------------------------------------------------------------- (at simulation time 679.000,000,000 s)
2025-05-28 00:19:07,507 INFO  - Processing event (at simulation time 679.000,000,000 s)
2025-05-28 00:19:07,507 INFO  - ------------------------------------------------------------------------------------- (at simulation time 679.000,000,000 s)
2025-05-28 00:19:07,507 INFO  - My Route = r_1 (at simulation time 679.000,000,000 s)
2025-05-28 00:19:07,507 INFO  - distance to RSU = 28.889068868487374 (at simulation time 679.000,000,000 s)
2025-05-28 00:19:07,507 INFO  - ------------------------------------------------------------------------------------- (at simulation time 679.000,000,000 s)
2025-05-28 00:19:07,507 INFO  - I have no neighbours to send! (at simulation time 679.000,000,000 s)
2025-05-28 00:19:07,507 INFO  - ------------------------------------------------------------------------------------- (at simulation time 679.000,000,000 s)
2025-05-28 00:19:07,507 INFO  - Tried sending message to other car (at simulation time 679.000,000,000 s)
2025-05-28 00:19:07,507 INFO  - ACK = false (at simulation time 679.000,000,000 s)
2025-05-28 00:19:07,507 INFO  - ------------------------------------------------------------------------------------- (at simulation time 679.000,000,000 s)
2025-05-28 00:19:07,507 INFO  - ------------------------------------------------------------------------------------- (at simulation time 679.000,000,000 s)
2025-05-28 00:19:07,507 INFO  - ------------------------------------------------------------------------------------- (at simulation time 679.000,000,000 s)
2025-05-28 00:19:07,507 INFO  - Processing event (at simulation time 679.000,000,000 s)
2025-05-28 00:19:07,507 INFO  - ------------------------------------------------------------------------------------- (at simulation time 679.000,000,000 s)
2025-05-28 00:19:07,507 INFO  - My Route = r_1 (at simulation time 679.000,000,000 s)
2025-05-28 00:19:07,507 INFO  - distance to RSU = 28.889068868487374 (at simulation time 679.000,000,000 s)
2025-05-28 00:19:07,507 INFO  - ------------------------------------------------------------------------------------- (at simulation time 679.000,000,000 s)
2025-05-28 00:19:07,507 INFO  - I have no neighbours to send! (at simulation time 679.000,000,000 s)
2025-05-28 00:19:07,507 INFO  - ------------------------------------------------------------------------------------- (at simulation time 679.000,000,000 s)
2025-05-28 00:19:07,507 INFO  - Tried sending message to other car (at simulation time 679.000,000,000 s)
2025-05-28 00:19:07,507 INFO  - ACK = false (at simulation time 679.000,000,000 s)
2025-05-28 00:19:07,507 INFO  - ------------------------------------------------------------------------------------- (at simulation time 679.000,000,000 s)
2025-05-28 00:19:07,507 INFO  - ------------------------------------------------------------------------------------- (at simulation time 679.000,000,000 s)
2025-05-28 00:19:07,508 INFO  - ------------------------------------------------------------------------------------- (at simulation time 679.000,000,000 s)
2025-05-28 00:19:07,508 INFO  - Processing event (at simulation time 679.000,000,000 s)
2025-05-28 00:19:07,508 INFO  - ------------------------------------------------------------------------------------- (at simulation time 679.000,000,000 s)
2025-05-28 00:19:07,508 INFO  - My Route = r_1 (at simulation time 679.000,000,000 s)
2025-05-28 00:19:07,508 INFO  - distance to RSU = 28.889068868487374 (at simulation time 679.000,000,000 s)
2025-05-28 00:19:07,508 INFO  - ------------------------------------------------------------------------------------- (at simulation time 679.000,000,000 s)
2025-05-28 00:19:07,508 INFO  - I have no neighbours to send! (at simulation time 679.000,000,000 s)
2025-05-28 00:19:07,508 INFO  - ------------------------------------------------------------------------------------- (at simulation time 679.000,000,000 s)
2025-05-28 00:19:07,508 INFO  - Tried sending message to other car (at simulation time 679.000,000,000 s)
2025-05-28 00:19:07,508 INFO  - ACK = false (at simulation time 679.000,000,000 s)
2025-05-28 00:19:07,508 INFO  - ------------------------------------------------------------------------------------- (at simulation time 679.000,000,000 s)
2025-05-28 00:19:07,508 INFO  - ------------------------------------------------------------------------------------- (at simulation time 679.000,000,000 s)
2025-05-28 00:19:07,509 INFO  - ------------------------------------------------------------------------------------- (at simulation time 679.000,000,000 s)
2025-05-28 00:19:07,509 INFO  - Processing event (at simulation time 679.000,000,000 s)
2025-05-28 00:19:07,509 INFO  - ------------------------------------------------------------------------------------- (at simulation time 679.000,000,000 s)
2025-05-28 00:19:07,509 INFO  - My Route = r_1 (at simulation time 679.000,000,000 s)
2025-05-28 00:19:07,509 INFO  - distance to RSU = 28.889068868487374 (at simulation time 679.000,000,000 s)
2025-05-28 00:19:07,509 INFO  - ------------------------------------------------------------------------------------- (at simulation time 679.000,000,000 s)
2025-05-28 00:19:07,509 INFO  - I have no neighbours to send! (at simulation time 679.000,000,000 s)
2025-05-28 00:19:07,509 INFO  - ------------------------------------------------------------------------------------- (at simulation time 679.000,000,000 s)
2025-05-28 00:19:07,509 INFO  - Tried sending message to other car (at simulation time 679.000,000,000 s)
2025-05-28 00:19:07,509 INFO  - ACK = false (at simulation time 679.000,000,000 s)
2025-05-28 00:19:07,509 INFO  - ------------------------------------------------------------------------------------- (at simulation time 679.000,000,000 s)
2025-05-28 00:19:07,509 INFO  - ------------------------------------------------------------------------------------- (at simulation time 679.000,000,000 s)
2025-05-28 00:19:07,509 INFO  - ------------------------------------------------------------------------------------- (at simulation time 679.000,000,000 s)
2025-05-28 00:19:07,509 INFO  - Processing event (at simulation time 679.000,000,000 s)
2025-05-28 00:19:07,509 INFO  - ------------------------------------------------------------------------------------- (at simulation time 679.000,000,000 s)
2025-05-28 00:19:07,509 INFO  - My Route = r_1 (at simulation time 679.000,000,000 s)
2025-05-28 00:19:07,509 INFO  - distance to RSU = 28.889068868487374 (at simulation time 679.000,000,000 s)
2025-05-28 00:19:07,509 INFO  - ------------------------------------------------------------------------------------- (at simulation time 679.000,000,000 s)
2025-05-28 00:19:07,509 INFO  - I have no neighbours to send! (at simulation time 679.000,000,000 s)
2025-05-28 00:19:07,509 INFO  - ------------------------------------------------------------------------------------- (at simulation time 679.000,000,000 s)
2025-05-28 00:19:07,509 INFO  - Tried sending message to other car (at simulation time 679.000,000,000 s)
2025-05-28 00:19:07,509 INFO  - ACK = false (at simulation time 679.000,000,000 s)
2025-05-28 00:19:07,509 INFO  - ------------------------------------------------------------------------------------- (at simulation time 679.000,000,000 s)
2025-05-28 00:19:07,509 INFO  - ------------------------------------------------------------------------------------- (at simulation time 679.000,000,000 s)
2025-05-28 00:19:07,510 INFO  - ------------------------------------------------------------------------------------- (at simulation time 679.000,000,000 s)
2025-05-28 00:19:07,510 INFO  - Processing event (at simulation time 679.000,000,000 s)
2025-05-28 00:19:07,510 INFO  - ------------------------------------------------------------------------------------- (at simulation time 679.000,000,000 s)
2025-05-28 00:19:07,510 INFO  - My Route = r_1 (at simulation time 679.000,000,000 s)
2025-05-28 00:19:07,510 INFO  - distance to RSU = 28.889068868487374 (at simulation time 679.000,000,000 s)
2025-05-28 00:19:07,510 INFO  - ------------------------------------------------------------------------------------- (at simulation time 679.000,000,000 s)
2025-05-28 00:19:07,510 INFO  - I have no neighbours to send! (at simulation time 679.000,000,000 s)
2025-05-28 00:19:07,510 INFO  - ------------------------------------------------------------------------------------- (at simulation time 679.000,000,000 s)
2025-05-28 00:19:07,510 INFO  - Tried sending message to other car (at simulation time 679.000,000,000 s)
2025-05-28 00:19:07,510 INFO  - ACK = false (at simulation time 679.000,000,000 s)
2025-05-28 00:19:07,510 INFO  - ------------------------------------------------------------------------------------- (at simulation time 679.000,000,000 s)
2025-05-28 00:19:07,510 INFO  - ------------------------------------------------------------------------------------- (at simulation time 679.000,000,000 s)
2025-05-28 00:19:07,510 INFO  - ------------------------------------------------------------------------------------- (at simulation time 679.000,000,000 s)
2025-05-28 00:19:07,510 INFO  - Processing event (at simulation time 679.000,000,000 s)
2025-05-28 00:19:07,510 INFO  - ------------------------------------------------------------------------------------- (at simulation time 679.000,000,000 s)
2025-05-28 00:19:07,510 INFO  - My Route = r_1 (at simulation time 679.000,000,000 s)
2025-05-28 00:19:07,510 INFO  - distance to RSU = 28.889068868487374 (at simulation time 679.000,000,000 s)
2025-05-28 00:19:07,510 INFO  - ------------------------------------------------------------------------------------- (at simulation time 679.000,000,000 s)
2025-05-28 00:19:07,510 INFO  - I have no neighbours to send! (at simulation time 679.000,000,000 s)
2025-05-28 00:19:07,510 INFO  - ------------------------------------------------------------------------------------- (at simulation time 679.000,000,000 s)
2025-05-28 00:19:07,510 INFO  - Tried sending message to other car (at simulation time 679.000,000,000 s)
2025-05-28 00:19:07,510 INFO  - ACK = false (at simulation time 679.000,000,000 s)
2025-05-28 00:19:07,510 INFO  - ------------------------------------------------------------------------------------- (at simulation time 679.000,000,000 s)
2025-05-28 00:19:07,510 INFO  - ------------------------------------------------------------------------------------- (at simulation time 679.000,000,000 s)
2025-05-28 00:19:07,511 INFO  - ------------------------------------------------------------------------------------- (at simulation time 679.000,000,000 s)
2025-05-28 00:19:07,511 INFO  - Processing event (at simulation time 679.000,000,000 s)
2025-05-28 00:19:07,511 INFO  - ------------------------------------------------------------------------------------- (at simulation time 679.000,000,000 s)
2025-05-28 00:19:07,511 INFO  - My Route = r_1 (at simulation time 679.000,000,000 s)
2025-05-28 00:19:07,511 INFO  - distance to RSU = 28.889068868487374 (at simulation time 679.000,000,000 s)
2025-05-28 00:19:07,511 INFO  - ------------------------------------------------------------------------------------- (at simulation time 679.000,000,000 s)
2025-05-28 00:19:07,511 INFO  - I have no neighbours to send! (at simulation time 679.000,000,000 s)
2025-05-28 00:19:07,511 INFO  - ------------------------------------------------------------------------------------- (at simulation time 679.000,000,000 s)
2025-05-28 00:19:07,511 INFO  - Tried sending message to other car (at simulation time 679.000,000,000 s)
2025-05-28 00:19:07,511 INFO  - ACK = false (at simulation time 679.000,000,000 s)
2025-05-28 00:19:07,511 INFO  - ------------------------------------------------------------------------------------- (at simulation time 679.000,000,000 s)
2025-05-28 00:19:07,511 INFO  - ------------------------------------------------------------------------------------- (at simulation time 679.000,000,000 s)
2025-05-28 00:19:07,511 INFO  - ------------------------------------------------------------------------------------- (at simulation time 679.000,000,000 s)
2025-05-28 00:19:07,511 INFO  - Processing event (at simulation time 679.000,000,000 s)
2025-05-28 00:19:07,511 INFO  - ------------------------------------------------------------------------------------- (at simulation time 679.000,000,000 s)
2025-05-28 00:19:07,511 INFO  - My Route = r_1 (at simulation time 679.000,000,000 s)
2025-05-28 00:19:07,511 INFO  - distance to RSU = 28.889068868487374 (at simulation time 679.000,000,000 s)
2025-05-28 00:19:07,511 INFO  - ------------------------------------------------------------------------------------- (at simulation time 679.000,000,000 s)
2025-05-28 00:19:07,511 INFO  - I have no neighbours to send! (at simulation time 679.000,000,000 s)
2025-05-28 00:19:07,511 INFO  - ------------------------------------------------------------------------------------- (at simulation time 679.000,000,000 s)
2025-05-28 00:19:07,511 INFO  - Tried sending message to other car (at simulation time 679.000,000,000 s)
2025-05-28 00:19:07,512 INFO  - ACK = false (at simulation time 679.000,000,000 s)
2025-05-28 00:19:07,512 INFO  - ------------------------------------------------------------------------------------- (at simulation time 679.000,000,000 s)
2025-05-28 00:19:07,512 INFO  - ------------------------------------------------------------------------------------- (at simulation time 679.000,000,000 s)
2025-05-28 00:19:07,512 INFO  - ------------------------------------------------------------------------------------- (at simulation time 679.000,000,000 s)
2025-05-28 00:19:07,512 INFO  - Processing event (at simulation time 679.000,000,000 s)
2025-05-28 00:19:07,512 INFO  - ------------------------------------------------------------------------------------- (at simulation time 679.000,000,000 s)
2025-05-28 00:19:07,512 INFO  - My Route = r_1 (at simulation time 679.000,000,000 s)
2025-05-28 00:19:07,512 INFO  - distance to RSU = 28.889068868487374 (at simulation time 679.000,000,000 s)
2025-05-28 00:19:07,512 INFO  - ------------------------------------------------------------------------------------- (at simulation time 679.000,000,000 s)
2025-05-28 00:19:07,512 INFO  - I have no neighbours to send! (at simulation time 679.000,000,000 s)
2025-05-28 00:19:07,512 INFO  - ------------------------------------------------------------------------------------- (at simulation time 679.000,000,000 s)
2025-05-28 00:19:07,512 INFO  - Tried sending message to other car (at simulation time 679.000,000,000 s)
2025-05-28 00:19:07,512 INFO  - ACK = false (at simulation time 679.000,000,000 s)
2025-05-28 00:19:07,512 INFO  - ------------------------------------------------------------------------------------- (at simulation time 679.000,000,000 s)
2025-05-28 00:19:07,512 INFO  - ------------------------------------------------------------------------------------- (at simulation time 679.000,000,000 s)
2025-05-28 00:19:07,512 INFO  - ------------------------------------------------------------------------------------- (at simulation time 679.000,000,000 s)
2025-05-28 00:19:07,512 INFO  - Processing event (at simulation time 679.000,000,000 s)
2025-05-28 00:19:07,512 INFO  - ------------------------------------------------------------------------------------- (at simulation time 679.000,000,000 s)
2025-05-28 00:19:07,512 INFO  - My Route = r_1 (at simulation time 679.000,000,000 s)
2025-05-28 00:19:07,512 INFO  - distance to RSU = 28.889068868487374 (at simulation time 679.000,000,000 s)
2025-05-28 00:19:07,512 INFO  - ------------------------------------------------------------------------------------- (at simulation time 679.000,000,000 s)
2025-05-28 00:19:07,512 INFO  - I have no neighbours to send! (at simulation time 679.000,000,000 s)
2025-05-28 00:19:07,512 INFO  - ------------------------------------------------------------------------------------- (at simulation time 679.000,000,000 s)
2025-05-28 00:19:07,512 INFO  - Tried sending message to other car (at simulation time 679.000,000,000 s)
2025-05-28 00:19:07,512 INFO  - ACK = false (at simulation time 679.000,000,000 s)
2025-05-28 00:19:07,512 INFO  - ------------------------------------------------------------------------------------- (at simulation time 679.000,000,000 s)
2025-05-28 00:19:07,512 INFO  - ------------------------------------------------------------------------------------- (at simulation time 679.000,000,000 s)
2025-05-28 00:19:07,592 INFO  - ------------------------------------------------------------------------------------- (at simulation time 679.000,000,010 s)
2025-05-28 00:19:07,592 INFO  - Processing event (at simulation time 679.000,000,010 s)
2025-05-28 00:19:07,592 INFO  - ------------------------------------------------------------------------------------- (at simulation time 679.000,000,010 s)
2025-05-28 00:19:07,592 INFO  - My Route = r_1 (at simulation time 679.000,000,010 s)
2025-05-28 00:19:07,592 INFO  - distance to RSU = 28.889068868487374 (at simulation time 679.000,000,010 s)
2025-05-28 00:19:07,592 INFO  - ------------------------------------------------------------------------------------- (at simulation time 679.000,000,010 s)
2025-05-28 00:19:07,592 INFO  - I have no neighbours to send! (at simulation time 679.000,000,010 s)
2025-05-28 00:19:07,592 INFO  - ------------------------------------------------------------------------------------- (at simulation time 679.000,000,010 s)
2025-05-28 00:19:07,592 INFO  - Tried sending message to other car (at simulation time 679.000,000,010 s)
2025-05-28 00:19:07,592 INFO  - ACK = false (at simulation time 679.000,000,010 s)
2025-05-28 00:19:07,592 INFO  - ------------------------------------------------------------------------------------- (at simulation time 679.000,000,010 s)
2025-05-28 00:19:07,592 INFO  - ------------------------------------------------------------------------------------- (at simulation time 679.000,000,010 s)
2025-05-28 00:19:07,593 INFO  - ------------------------------------------------------------------------------------- (at simulation time 679.000,000,010 s)
2025-05-28 00:19:07,593 INFO  - Processing event (at simulation time 679.000,000,010 s)
2025-05-28 00:19:07,593 INFO  - ------------------------------------------------------------------------------------- (at simulation time 679.000,000,010 s)
2025-05-28 00:19:07,593 INFO  - My Route = r_1 (at simulation time 679.000,000,010 s)
2025-05-28 00:19:07,593 INFO  - distance to RSU = 28.889068868487374 (at simulation time 679.000,000,010 s)
2025-05-28 00:19:07,593 INFO  - ------------------------------------------------------------------------------------- (at simulation time 679.000,000,010 s)
2025-05-28 00:19:07,593 INFO  - I have no neighbours to send! (at simulation time 679.000,000,010 s)
2025-05-28 00:19:07,593 INFO  - ------------------------------------------------------------------------------------- (at simulation time 679.000,000,010 s)
2025-05-28 00:19:07,593 INFO  - Tried sending message to other car (at simulation time 679.000,000,010 s)
2025-05-28 00:19:07,593 INFO  - ACK = false (at simulation time 679.000,000,010 s)
2025-05-28 00:19:07,593 INFO  - ------------------------------------------------------------------------------------- (at simulation time 679.000,000,010 s)
2025-05-28 00:19:07,593 INFO  - ------------------------------------------------------------------------------------- (at simulation time 679.000,000,010 s)
2025-05-28 00:19:07,593 INFO  - ------------------------------------------------------------------------------------- (at simulation time 679.000,000,010 s)
2025-05-28 00:19:07,593 INFO  - Processing event (at simulation time 679.000,000,010 s)
2025-05-28 00:19:07,593 INFO  - ------------------------------------------------------------------------------------- (at simulation time 679.000,000,010 s)
2025-05-28 00:19:07,593 INFO  - My Route = r_1 (at simulation time 679.000,000,010 s)
2025-05-28 00:19:07,593 INFO  - distance to RSU = 28.889068868487374 (at simulation time 679.000,000,010 s)
2025-05-28 00:19:07,593 INFO  - ------------------------------------------------------------------------------------- (at simulation time 679.000,000,010 s)
2025-05-28 00:19:07,593 INFO  - I have no neighbours to send! (at simulation time 679.000,000,010 s)
2025-05-28 00:19:07,593 INFO  - ------------------------------------------------------------------------------------- (at simulation time 679.000,000,010 s)
2025-05-28 00:19:07,593 INFO  - Tried sending message to other car (at simulation time 679.000,000,010 s)
2025-05-28 00:19:07,593 INFO  - ACK = false (at simulation time 679.000,000,010 s)
2025-05-28 00:19:07,593 INFO  - ------------------------------------------------------------------------------------- (at simulation time 679.000,000,010 s)
2025-05-28 00:19:07,593 INFO  - ------------------------------------------------------------------------------------- (at simulation time 679.000,000,010 s)
2025-05-28 00:19:07,594 INFO  - ------------------------------------------------------------------------------------- (at simulation time 679.000,000,010 s)
2025-05-28 00:19:07,594 INFO  - Processing event (at simulation time 679.000,000,010 s)
2025-05-28 00:19:07,594 INFO  - ------------------------------------------------------------------------------------- (at simulation time 679.000,000,010 s)
2025-05-28 00:19:07,594 INFO  - My Route = r_1 (at simulation time 679.000,000,010 s)
2025-05-28 00:19:07,594 INFO  - distance to RSU = 28.889068868487374 (at simulation time 679.000,000,010 s)
2025-05-28 00:19:07,594 INFO  - ------------------------------------------------------------------------------------- (at simulation time 679.000,000,010 s)
2025-05-28 00:19:07,594 INFO  - I have no neighbours to send! (at simulation time 679.000,000,010 s)
2025-05-28 00:19:07,594 INFO  - ------------------------------------------------------------------------------------- (at simulation time 679.000,000,010 s)
2025-05-28 00:19:07,594 INFO  - Tried sending message to other car (at simulation time 679.000,000,010 s)
2025-05-28 00:19:07,594 INFO  - ACK = false (at simulation time 679.000,000,010 s)
2025-05-28 00:19:07,594 INFO  - ------------------------------------------------------------------------------------- (at simulation time 679.000,000,010 s)
2025-05-28 00:19:07,594 INFO  - ------------------------------------------------------------------------------------- (at simulation time 679.000,000,010 s)
2025-05-28 00:19:07,594 INFO  - ------------------------------------------------------------------------------------- (at simulation time 679.000,000,010 s)
2025-05-28 00:19:07,594 INFO  - Processing event (at simulation time 679.000,000,010 s)
2025-05-28 00:19:07,594 INFO  - ------------------------------------------------------------------------------------- (at simulation time 679.000,000,010 s)
2025-05-28 00:19:07,594 INFO  - My Route = r_1 (at simulation time 679.000,000,010 s)
2025-05-28 00:19:07,594 INFO  - distance to RSU = 28.889068868487374 (at simulation time 679.000,000,010 s)
2025-05-28 00:19:07,594 INFO  - ------------------------------------------------------------------------------------- (at simulation time 679.000,000,010 s)
2025-05-28 00:19:07,594 INFO  - I have no neighbours to send! (at simulation time 679.000,000,010 s)
2025-05-28 00:19:07,594 INFO  - ------------------------------------------------------------------------------------- (at simulation time 679.000,000,010 s)
2025-05-28 00:19:07,594 INFO  - Tried sending message to other car (at simulation time 679.000,000,010 s)
2025-05-28 00:19:07,594 INFO  - ACK = false (at simulation time 679.000,000,010 s)
2025-05-28 00:19:07,594 INFO  - ------------------------------------------------------------------------------------- (at simulation time 679.000,000,010 s)
2025-05-28 00:19:07,594 INFO  - ------------------------------------------------------------------------------------- (at simulation time 679.000,000,010 s)
2025-05-28 00:19:07,595 INFO  - ------------------------------------------------------------------------------------- (at simulation time 679.000,000,010 s)
2025-05-28 00:19:07,595 INFO  - Processing event (at simulation time 679.000,000,010 s)
2025-05-28 00:19:07,595 INFO  - ------------------------------------------------------------------------------------- (at simulation time 679.000,000,010 s)
2025-05-28 00:19:07,595 INFO  - My Route = r_1 (at simulation time 679.000,000,010 s)
2025-05-28 00:19:07,595 INFO  - distance to RSU = 28.889068868487374 (at simulation time 679.000,000,010 s)
2025-05-28 00:19:07,595 INFO  - ------------------------------------------------------------------------------------- (at simulation time 679.000,000,010 s)
2025-05-28 00:19:07,595 INFO  - I have no neighbours to send! (at simulation time 679.000,000,010 s)
2025-05-28 00:19:07,595 INFO  - ------------------------------------------------------------------------------------- (at simulation time 679.000,000,010 s)
2025-05-28 00:19:07,595 INFO  - Tried sending message to other car (at simulation time 679.000,000,010 s)
2025-05-28 00:19:07,595 INFO  - ACK = false (at simulation time 679.000,000,010 s)
2025-05-28 00:19:07,595 INFO  - ------------------------------------------------------------------------------------- (at simulation time 679.000,000,010 s)
2025-05-28 00:19:07,595 INFO  - ------------------------------------------------------------------------------------- (at simulation time 679.000,000,010 s)
2025-05-28 00:19:07,595 INFO  - ------------------------------------------------------------------------------------- (at simulation time 679.000,000,010 s)
2025-05-28 00:19:07,595 INFO  - Processing event (at simulation time 679.000,000,010 s)
2025-05-28 00:19:07,595 INFO  - ------------------------------------------------------------------------------------- (at simulation time 679.000,000,010 s)
2025-05-28 00:19:07,595 INFO  - My Route = r_1 (at simulation time 679.000,000,010 s)
2025-05-28 00:19:07,595 INFO  - distance to RSU = 28.889068868487374 (at simulation time 679.000,000,010 s)
2025-05-28 00:19:07,595 INFO  - ------------------------------------------------------------------------------------- (at simulation time 679.000,000,010 s)
2025-05-28 00:19:07,595 INFO  - I have no neighbours to send! (at simulation time 679.000,000,010 s)
2025-05-28 00:19:07,595 INFO  - ------------------------------------------------------------------------------------- (at simulation time 679.000,000,010 s)
2025-05-28 00:19:07,595 INFO  - Tried sending message to other car (at simulation time 679.000,000,010 s)
2025-05-28 00:19:07,595 INFO  - ACK = false (at simulation time 679.000,000,010 s)
2025-05-28 00:19:07,595 INFO  - ------------------------------------------------------------------------------------- (at simulation time 679.000,000,010 s)
2025-05-28 00:19:07,595 INFO  - ------------------------------------------------------------------------------------- (at simulation time 679.000,000,010 s)
2025-05-28 00:19:07,596 INFO  - ------------------------------------------------------------------------------------- (at simulation time 679.000,000,010 s)
2025-05-28 00:19:07,596 INFO  - Processing event (at simulation time 679.000,000,010 s)
2025-05-28 00:19:07,596 INFO  - ------------------------------------------------------------------------------------- (at simulation time 679.000,000,010 s)
2025-05-28 00:19:07,596 INFO  - My Route = r_1 (at simulation time 679.000,000,010 s)
2025-05-28 00:19:07,596 INFO  - distance to RSU = 28.889068868487374 (at simulation time 679.000,000,010 s)
2025-05-28 00:19:07,596 INFO  - ------------------------------------------------------------------------------------- (at simulation time 679.000,000,010 s)
2025-05-28 00:19:07,596 INFO  - I have no neighbours to send! (at simulation time 679.000,000,010 s)
2025-05-28 00:19:07,596 INFO  - ------------------------------------------------------------------------------------- (at simulation time 679.000,000,010 s)
2025-05-28 00:19:07,596 INFO  - Tried sending message to other car (at simulation time 679.000,000,010 s)
2025-05-28 00:19:07,596 INFO  - ACK = false (at simulation time 679.000,000,010 s)
2025-05-28 00:19:07,596 INFO  - ------------------------------------------------------------------------------------- (at simulation time 679.000,000,010 s)
2025-05-28 00:19:07,596 INFO  - ------------------------------------------------------------------------------------- (at simulation time 679.000,000,010 s)
2025-05-28 00:19:07,596 INFO  - ------------------------------------------------------------------------------------- (at simulation time 679.000,000,010 s)
2025-05-28 00:19:07,596 INFO  - Processing event (at simulation time 679.000,000,010 s)
2025-05-28 00:19:07,596 INFO  - ------------------------------------------------------------------------------------- (at simulation time 679.000,000,010 s)
2025-05-28 00:19:07,596 INFO  - My Route = r_1 (at simulation time 679.000,000,010 s)
2025-05-28 00:19:07,596 INFO  - distance to RSU = 28.889068868487374 (at simulation time 679.000,000,010 s)
2025-05-28 00:19:07,596 INFO  - ------------------------------------------------------------------------------------- (at simulation time 679.000,000,010 s)
2025-05-28 00:19:07,596 INFO  - I have no neighbours to send! (at simulation time 679.000,000,010 s)
2025-05-28 00:19:07,596 INFO  - ------------------------------------------------------------------------------------- (at simulation time 679.000,000,010 s)
2025-05-28 00:19:07,596 INFO  - Tried sending message to other car (at simulation time 679.000,000,010 s)
2025-05-28 00:19:07,596 INFO  - ACK = false (at simulation time 679.000,000,010 s)
2025-05-28 00:19:07,596 INFO  - ------------------------------------------------------------------------------------- (at simulation time 679.000,000,010 s)
2025-05-28 00:19:07,596 INFO  - ------------------------------------------------------------------------------------- (at simulation time 679.000,000,010 s)
2025-05-28 00:19:07,597 INFO  - ------------------------------------------------------------------------------------- (at simulation time 679.000,000,010 s)
2025-05-28 00:19:07,597 INFO  - Processing event (at simulation time 679.000,000,010 s)
2025-05-28 00:19:07,597 INFO  - ------------------------------------------------------------------------------------- (at simulation time 679.000,000,010 s)
2025-05-28 00:19:07,597 INFO  - My Route = r_1 (at simulation time 679.000,000,010 s)
2025-05-28 00:19:07,597 INFO  - distance to RSU = 28.889068868487374 (at simulation time 679.000,000,010 s)
2025-05-28 00:19:07,597 INFO  - ------------------------------------------------------------------------------------- (at simulation time 679.000,000,010 s)
2025-05-28 00:19:07,597 INFO  - I have no neighbours to send! (at simulation time 679.000,000,010 s)
2025-05-28 00:19:07,597 INFO  - ------------------------------------------------------------------------------------- (at simulation time 679.000,000,010 s)
2025-05-28 00:19:07,597 INFO  - Tried sending message to other car (at simulation time 679.000,000,010 s)
2025-05-28 00:19:07,597 INFO  - ACK = false (at simulation time 679.000,000,010 s)
2025-05-28 00:19:07,597 INFO  - ------------------------------------------------------------------------------------- (at simulation time 679.000,000,010 s)
2025-05-28 00:19:07,597 INFO  - ------------------------------------------------------------------------------------- (at simulation time 679.000,000,010 s)
2025-05-28 00:19:07,598 INFO  - ------------------------------------------------------------------------------------- (at simulation time 679.000,000,010 s)
2025-05-28 00:19:07,598 INFO  - Processing event (at simulation time 679.000,000,010 s)
2025-05-28 00:19:07,598 INFO  - ------------------------------------------------------------------------------------- (at simulation time 679.000,000,010 s)
2025-05-28 00:19:07,598 INFO  - My Route = r_1 (at simulation time 679.000,000,010 s)
2025-05-28 00:19:07,598 INFO  - distance to RSU = 28.889068868487374 (at simulation time 679.000,000,010 s)
2025-05-28 00:19:07,598 INFO  - ------------------------------------------------------------------------------------- (at simulation time 679.000,000,010 s)
2025-05-28 00:19:07,598 INFO  - I have no neighbours to send! (at simulation time 679.000,000,010 s)
2025-05-28 00:19:07,598 INFO  - ------------------------------------------------------------------------------------- (at simulation time 679.000,000,010 s)
2025-05-28 00:19:07,598 INFO  - Tried sending message to other car (at simulation time 679.000,000,010 s)
2025-05-28 00:19:07,598 INFO  - ACK = false (at simulation time 679.000,000,010 s)
2025-05-28 00:19:07,598 INFO  - ------------------------------------------------------------------------------------- (at simulation time 679.000,000,010 s)
2025-05-28 00:19:07,598 INFO  - ------------------------------------------------------------------------------------- (at simulation time 679.000,000,010 s)
2025-05-28 00:19:07,598 INFO  - ------------------------------------------------------------------------------------- (at simulation time 679.000,000,010 s)
2025-05-28 00:19:07,598 INFO  - Processing event (at simulation time 679.000,000,010 s)
2025-05-28 00:19:07,598 INFO  - ------------------------------------------------------------------------------------- (at simulation time 679.000,000,010 s)
2025-05-28 00:19:07,598 INFO  - My Route = r_1 (at simulation time 679.000,000,010 s)
2025-05-28 00:19:07,598 INFO  - distance to RSU = 28.889068868487374 (at simulation time 679.000,000,010 s)
2025-05-28 00:19:07,598 INFO  - ------------------------------------------------------------------------------------- (at simulation time 679.000,000,010 s)
2025-05-28 00:19:07,598 INFO  - I have no neighbours to send! (at simulation time 679.000,000,010 s)
2025-05-28 00:19:07,598 INFO  - ------------------------------------------------------------------------------------- (at simulation time 679.000,000,010 s)
2025-05-28 00:19:07,598 INFO  - Tried sending message to other car (at simulation time 679.000,000,010 s)
2025-05-28 00:19:07,598 INFO  - ACK = false (at simulation time 679.000,000,010 s)
2025-05-28 00:19:07,598 INFO  - ------------------------------------------------------------------------------------- (at simulation time 679.000,000,010 s)
2025-05-28 00:19:07,598 INFO  - ------------------------------------------------------------------------------------- (at simulation time 679.000,000,010 s)
2025-05-28 00:19:07,599 INFO  - ------------------------------------------------------------------------------------- (at simulation time 679.000,000,010 s)
2025-05-28 00:19:07,599 INFO  - Processing event (at simulation time 679.000,000,010 s)
2025-05-28 00:19:07,599 INFO  - ------------------------------------------------------------------------------------- (at simulation time 679.000,000,010 s)
2025-05-28 00:19:07,599 INFO  - My Route = r_1 (at simulation time 679.000,000,010 s)
2025-05-28 00:19:07,599 INFO  - distance to RSU = 28.889068868487374 (at simulation time 679.000,000,010 s)
2025-05-28 00:19:07,599 INFO  - ------------------------------------------------------------------------------------- (at simulation time 679.000,000,010 s)
2025-05-28 00:19:07,599 INFO  - I have no neighbours to send! (at simulation time 679.000,000,010 s)
2025-05-28 00:19:07,599 INFO  - ------------------------------------------------------------------------------------- (at simulation time 679.000,000,010 s)
2025-05-28 00:19:07,599 INFO  - Tried sending message to other car (at simulation time 679.000,000,010 s)
2025-05-28 00:19:07,599 INFO  - ACK = false (at simulation time 679.000,000,010 s)
2025-05-28 00:19:07,599 INFO  - ------------------------------------------------------------------------------------- (at simulation time 679.000,000,010 s)
2025-05-28 00:19:07,599 INFO  - ------------------------------------------------------------------------------------- (at simulation time 679.000,000,010 s)
2025-05-28 00:19:07,599 INFO  - ------------------------------------------------------------------------------------- (at simulation time 679.000,000,010 s)
2025-05-28 00:19:07,599 INFO  - Processing event (at simulation time 679.000,000,010 s)
2025-05-28 00:19:07,599 INFO  - ------------------------------------------------------------------------------------- (at simulation time 679.000,000,010 s)
2025-05-28 00:19:07,599 INFO  - My Route = r_1 (at simulation time 679.000,000,010 s)
2025-05-28 00:19:07,599 INFO  - distance to RSU = 28.889068868487374 (at simulation time 679.000,000,010 s)
2025-05-28 00:19:07,599 INFO  - ------------------------------------------------------------------------------------- (at simulation time 679.000,000,010 s)
2025-05-28 00:19:07,599 INFO  - I have no neighbours to send! (at simulation time 679.000,000,010 s)
2025-05-28 00:19:07,599 INFO  - ------------------------------------------------------------------------------------- (at simulation time 679.000,000,010 s)
2025-05-28 00:19:07,599 INFO  - Tried sending message to other car (at simulation time 679.000,000,010 s)
2025-05-28 00:19:07,599 INFO  - ACK = false (at simulation time 679.000,000,010 s)
2025-05-28 00:19:07,599 INFO  - ------------------------------------------------------------------------------------- (at simulation time 679.000,000,010 s)
2025-05-28 00:19:07,599 INFO  - ------------------------------------------------------------------------------------- (at simulation time 679.000,000,010 s)
2025-05-28 00:19:07,601 INFO  - ------------------------------------------------------------------------------------- (at simulation time 679.000,000,010 s)
2025-05-28 00:19:07,601 INFO  - Processing event (at simulation time 679.000,000,010 s)
2025-05-28 00:19:07,601 INFO  - ------------------------------------------------------------------------------------- (at simulation time 679.000,000,010 s)
2025-05-28 00:19:07,601 INFO  - My Route = r_1 (at simulation time 679.000,000,010 s)
2025-05-28 00:19:07,601 INFO  - distance to RSU = 28.889068868487374 (at simulation time 679.000,000,010 s)
2025-05-28 00:19:07,601 INFO  - ------------------------------------------------------------------------------------- (at simulation time 679.000,000,010 s)
2025-05-28 00:19:07,601 INFO  - I have no neighbours to send! (at simulation time 679.000,000,010 s)
2025-05-28 00:19:07,601 INFO  - ------------------------------------------------------------------------------------- (at simulation time 679.000,000,010 s)
2025-05-28 00:19:07,601 INFO  - Tried sending message to other car (at simulation time 679.000,000,010 s)
2025-05-28 00:19:07,601 INFO  - ACK = false (at simulation time 679.000,000,010 s)
2025-05-28 00:19:07,601 INFO  - ------------------------------------------------------------------------------------- (at simulation time 679.000,000,010 s)
2025-05-28 00:19:07,601 INFO  - ------------------------------------------------------------------------------------- (at simulation time 679.000,000,010 s)
2025-05-28 00:19:07,604 INFO  - ------------------------------------------------------------------------------------- (at simulation time 680.000,000,000 s)
2025-05-28 00:19:07,604 INFO  - My Route = r_1 (at simulation time 680.000,000,000 s)
2025-05-28 00:19:07,604 INFO  - distance to RSU = 20.94635032493794 (at simulation time 680.000,000,000 s)
2025-05-28 00:19:07,604 INFO  - ------------------------------------------------------------------------------------- (at simulation time 680.000,000,000 s)
2025-05-28 00:19:07,604 INFO  - I have no neighbours to send! (at simulation time 680.000,000,000 s)
2025-05-28 00:19:07,604 INFO  - ------------------------------------------------------------------------------------- (at simulation time 680.000,000,000 s)
2025-05-28 00:19:07,604 INFO  - Tried sending message to other car (at simulation time 680.000,000,000 s)
2025-05-28 00:19:07,604 INFO  - ACK = false (at simulation time 680.000,000,000 s)
2025-05-28 00:19:07,604 INFO  - ------------------------------------------------------------------------------------- (at simulation time 680.000,000,000 s)
2025-05-28 00:19:07,604 INFO  - ------------------------------------------------------------------------------------- (at simulation time 680.000,000,000 s)
2025-05-28 00:19:07,604 INFO  - Processing event (at simulation time 680.000,000,000 s)
2025-05-28 00:19:07,604 INFO  - ------------------------------------------------------------------------------------- (at simulation time 680.000,000,000 s)
2025-05-28 00:19:07,604 INFO  - My Route = r_1 (at simulation time 680.000,000,000 s)
2025-05-28 00:19:07,604 INFO  - distance to RSU = 20.94635032493794 (at simulation time 680.000,000,000 s)
2025-05-28 00:19:07,604 INFO  - ------------------------------------------------------------------------------------- (at simulation time 680.000,000,000 s)
2025-05-28 00:19:07,604 INFO  - I have no neighbours to send! (at simulation time 680.000,000,000 s)
2025-05-28 00:19:07,604 INFO  - ------------------------------------------------------------------------------------- (at simulation time 680.000,000,000 s)
2025-05-28 00:19:07,604 INFO  - Tried sending message to other car (at simulation time 680.000,000,000 s)
2025-05-28 00:19:07,604 INFO  - ACK = false (at simulation time 680.000,000,000 s)
2025-05-28 00:19:07,604 INFO  - ------------------------------------------------------------------------------------- (at simulation time 680.000,000,000 s)
2025-05-28 00:19:07,604 INFO  - ------------------------------------------------------------------------------------- (at simulation time 680.000,000,000 s)
2025-05-28 00:19:07,605 INFO  - ------------------------------------------------------------------------------------- (at simulation time 680.000,000,000 s)
2025-05-28 00:19:07,605 INFO  - Processing event (at simulation time 680.000,000,000 s)
2025-05-28 00:19:07,605 INFO  - ------------------------------------------------------------------------------------- (at simulation time 680.000,000,000 s)
2025-05-28 00:19:07,605 INFO  - My Route = r_1 (at simulation time 680.000,000,000 s)
2025-05-28 00:19:07,605 INFO  - distance to RSU = 20.94635032493794 (at simulation time 680.000,000,000 s)
2025-05-28 00:19:07,605 INFO  - ------------------------------------------------------------------------------------- (at simulation time 680.000,000,000 s)
2025-05-28 00:19:07,605 INFO  - I have no neighbours to send! (at simulation time 680.000,000,000 s)
2025-05-28 00:19:07,605 INFO  - ------------------------------------------------------------------------------------- (at simulation time 680.000,000,000 s)
2025-05-28 00:19:07,605 INFO  - Tried sending message to other car (at simulation time 680.000,000,000 s)
2025-05-28 00:19:07,605 INFO  - ACK = false (at simulation time 680.000,000,000 s)
2025-05-28 00:19:07,605 INFO  - ------------------------------------------------------------------------------------- (at simulation time 680.000,000,000 s)
2025-05-28 00:19:07,605 INFO  - ------------------------------------------------------------------------------------- (at simulation time 680.000,000,000 s)
2025-05-28 00:19:07,605 INFO  - ------------------------------------------------------------------------------------- (at simulation time 680.000,000,000 s)
2025-05-28 00:19:07,605 INFO  - Processing event (at simulation time 680.000,000,000 s)
2025-05-28 00:19:07,605 INFO  - ------------------------------------------------------------------------------------- (at simulation time 680.000,000,000 s)
2025-05-28 00:19:07,605 INFO  - My Route = r_1 (at simulation time 680.000,000,000 s)
2025-05-28 00:19:07,605 INFO  - distance to RSU = 20.94635032493794 (at simulation time 680.000,000,000 s)
2025-05-28 00:19:07,605 INFO  - ------------------------------------------------------------------------------------- (at simulation time 680.000,000,000 s)
2025-05-28 00:19:07,605 INFO  - I have no neighbours to send! (at simulation time 680.000,000,000 s)
2025-05-28 00:19:07,605 INFO  - ------------------------------------------------------------------------------------- (at simulation time 680.000,000,000 s)
2025-05-28 00:19:07,605 INFO  - Tried sending message to other car (at simulation time 680.000,000,000 s)
2025-05-28 00:19:07,605 INFO  - ACK = false (at simulation time 680.000,000,000 s)
2025-05-28 00:19:07,605 INFO  - ------------------------------------------------------------------------------------- (at simulation time 680.000,000,000 s)
2025-05-28 00:19:07,605 INFO  - ------------------------------------------------------------------------------------- (at simulation time 680.000,000,000 s)
2025-05-28 00:19:07,606 INFO  - ------------------------------------------------------------------------------------- (at simulation time 680.000,000,000 s)
2025-05-28 00:19:07,606 INFO  - Processing event (at simulation time 680.000,000,000 s)
2025-05-28 00:19:07,606 INFO  - ------------------------------------------------------------------------------------- (at simulation time 680.000,000,000 s)
2025-05-28 00:19:07,606 INFO  - My Route = r_1 (at simulation time 680.000,000,000 s)
2025-05-28 00:19:07,606 INFO  - distance to RSU = 20.94635032493794 (at simulation time 680.000,000,000 s)
2025-05-28 00:19:07,606 INFO  - ------------------------------------------------------------------------------------- (at simulation time 680.000,000,000 s)
2025-05-28 00:19:07,606 INFO  - I have no neighbours to send! (at simulation time 680.000,000,000 s)
2025-05-28 00:19:07,606 INFO  - ------------------------------------------------------------------------------------- (at simulation time 680.000,000,000 s)
2025-05-28 00:19:07,606 INFO  - Tried sending message to other car (at simulation time 680.000,000,000 s)
2025-05-28 00:19:07,606 INFO  - ACK = false (at simulation time 680.000,000,000 s)
2025-05-28 00:19:07,606 INFO  - ------------------------------------------------------------------------------------- (at simulation time 680.000,000,000 s)
2025-05-28 00:19:07,606 INFO  - ------------------------------------------------------------------------------------- (at simulation time 680.000,000,000 s)
2025-05-28 00:19:07,607 INFO  - ------------------------------------------------------------------------------------- (at simulation time 680.000,000,000 s)
2025-05-28 00:19:07,607 INFO  - Processing event (at simulation time 680.000,000,000 s)
2025-05-28 00:19:07,607 INFO  - ------------------------------------------------------------------------------------- (at simulation time 680.000,000,000 s)
2025-05-28 00:19:07,607 INFO  - My Route = r_1 (at simulation time 680.000,000,000 s)
2025-05-28 00:19:07,607 INFO  - distance to RSU = 20.94635032493794 (at simulation time 680.000,000,000 s)
2025-05-28 00:19:07,607 INFO  - ------------------------------------------------------------------------------------- (at simulation time 680.000,000,000 s)
2025-05-28 00:19:07,607 INFO  - I have no neighbours to send! (at simulation time 680.000,000,000 s)
2025-05-28 00:19:07,607 INFO  - ------------------------------------------------------------------------------------- (at simulation time 680.000,000,000 s)
2025-05-28 00:19:07,607 INFO  - Tried sending message to other car (at simulation time 680.000,000,000 s)
2025-05-28 00:19:07,607 INFO  - ACK = false (at simulation time 680.000,000,000 s)
2025-05-28 00:19:07,607 INFO  - ------------------------------------------------------------------------------------- (at simulation time 680.000,000,000 s)
2025-05-28 00:19:07,607 INFO  - ------------------------------------------------------------------------------------- (at simulation time 680.000,000,000 s)
2025-05-28 00:19:07,607 INFO  - ------------------------------------------------------------------------------------- (at simulation time 680.000,000,000 s)
2025-05-28 00:19:07,607 INFO  - Processing event (at simulation time 680.000,000,000 s)
2025-05-28 00:19:07,607 INFO  - ------------------------------------------------------------------------------------- (at simulation time 680.000,000,000 s)
2025-05-28 00:19:07,607 INFO  - My Route = r_1 (at simulation time 680.000,000,000 s)
2025-05-28 00:19:07,607 INFO  - distance to RSU = 20.94635032493794 (at simulation time 680.000,000,000 s)
2025-05-28 00:19:07,607 INFO  - ------------------------------------------------------------------------------------- (at simulation time 680.000,000,000 s)
2025-05-28 00:19:07,607 INFO  - I have no neighbours to send! (at simulation time 680.000,000,000 s)
2025-05-28 00:19:07,607 INFO  - ------------------------------------------------------------------------------------- (at simulation time 680.000,000,000 s)
2025-05-28 00:19:07,607 INFO  - Tried sending message to other car (at simulation time 680.000,000,000 s)
2025-05-28 00:19:07,607 INFO  - ACK = false (at simulation time 680.000,000,000 s)
2025-05-28 00:19:07,607 INFO  - ------------------------------------------------------------------------------------- (at simulation time 680.000,000,000 s)
2025-05-28 00:19:07,607 INFO  - ------------------------------------------------------------------------------------- (at simulation time 680.000,000,000 s)
2025-05-28 00:19:07,608 INFO  - ------------------------------------------------------------------------------------- (at simulation time 680.000,000,000 s)
2025-05-28 00:19:07,608 INFO  - Processing event (at simulation time 680.000,000,000 s)
2025-05-28 00:19:07,608 INFO  - ------------------------------------------------------------------------------------- (at simulation time 680.000,000,000 s)
2025-05-28 00:19:07,608 INFO  - My Route = r_1 (at simulation time 680.000,000,000 s)
2025-05-28 00:19:07,608 INFO  - distance to RSU = 20.94635032493794 (at simulation time 680.000,000,000 s)
2025-05-28 00:19:07,608 INFO  - ------------------------------------------------------------------------------------- (at simulation time 680.000,000,000 s)
2025-05-28 00:19:07,608 INFO  - I have no neighbours to send! (at simulation time 680.000,000,000 s)
2025-05-28 00:19:07,608 INFO  - ------------------------------------------------------------------------------------- (at simulation time 680.000,000,000 s)
2025-05-28 00:19:07,608 INFO  - Tried sending message to other car (at simulation time 680.000,000,000 s)
2025-05-28 00:19:07,608 INFO  - ACK = false (at simulation time 680.000,000,000 s)
2025-05-28 00:19:07,608 INFO  - ------------------------------------------------------------------------------------- (at simulation time 680.000,000,000 s)
2025-05-28 00:19:07,608 INFO  - ------------------------------------------------------------------------------------- (at simulation time 680.000,000,000 s)
2025-05-28 00:19:07,608 INFO  - ------------------------------------------------------------------------------------- (at simulation time 680.000,000,000 s)
2025-05-28 00:19:07,608 INFO  - Processing event (at simulation time 680.000,000,000 s)
2025-05-28 00:19:07,608 INFO  - ------------------------------------------------------------------------------------- (at simulation time 680.000,000,000 s)
2025-05-28 00:19:07,608 INFO  - My Route = r_1 (at simulation time 680.000,000,000 s)
2025-05-28 00:19:07,608 INFO  - distance to RSU = 20.94635032493794 (at simulation time 680.000,000,000 s)
2025-05-28 00:19:07,608 INFO  - ------------------------------------------------------------------------------------- (at simulation time 680.000,000,000 s)
2025-05-28 00:19:07,608 INFO  - I have no neighbours to send! (at simulation time 680.000,000,000 s)
2025-05-28 00:19:07,608 INFO  - ------------------------------------------------------------------------------------- (at simulation time 680.000,000,000 s)
2025-05-28 00:19:07,608 INFO  - Tried sending message to other car (at simulation time 680.000,000,000 s)
2025-05-28 00:19:07,608 INFO  - ACK = false (at simulation time 680.000,000,000 s)
2025-05-28 00:19:07,608 INFO  - ------------------------------------------------------------------------------------- (at simulation time 680.000,000,000 s)
2025-05-28 00:19:07,608 INFO  - ------------------------------------------------------------------------------------- (at simulation time 680.000,000,000 s)
2025-05-28 00:19:07,609 INFO  - ------------------------------------------------------------------------------------- (at simulation time 680.000,000,000 s)
2025-05-28 00:19:07,609 INFO  - Processing event (at simulation time 680.000,000,000 s)
2025-05-28 00:19:07,609 INFO  - ------------------------------------------------------------------------------------- (at simulation time 680.000,000,000 s)
2025-05-28 00:19:07,609 INFO  - My Route = r_1 (at simulation time 680.000,000,000 s)
2025-05-28 00:19:07,609 INFO  - distance to RSU = 20.94635032493794 (at simulation time 680.000,000,000 s)
2025-05-28 00:19:07,609 INFO  - ------------------------------------------------------------------------------------- (at simulation time 680.000,000,000 s)
2025-05-28 00:19:07,609 INFO  - I have no neighbours to send! (at simulation time 680.000,000,000 s)
2025-05-28 00:19:07,609 INFO  - ------------------------------------------------------------------------------------- (at simulation time 680.000,000,000 s)
2025-05-28 00:19:07,609 INFO  - Tried sending message to other car (at simulation time 680.000,000,000 s)
2025-05-28 00:19:07,609 INFO  - ACK = false (at simulation time 680.000,000,000 s)
2025-05-28 00:19:07,609 INFO  - ------------------------------------------------------------------------------------- (at simulation time 680.000,000,000 s)
2025-05-28 00:19:07,609 INFO  - ------------------------------------------------------------------------------------- (at simulation time 680.000,000,000 s)
2025-05-28 00:19:07,609 INFO  - ------------------------------------------------------------------------------------- (at simulation time 680.000,000,000 s)
2025-05-28 00:19:07,609 INFO  - Processing event (at simulation time 680.000,000,000 s)
2025-05-28 00:19:07,609 INFO  - ------------------------------------------------------------------------------------- (at simulation time 680.000,000,000 s)
2025-05-28 00:19:07,609 INFO  - My Route = r_1 (at simulation time 680.000,000,000 s)
2025-05-28 00:19:07,609 INFO  - distance to RSU = 20.94635032493794 (at simulation time 680.000,000,000 s)
2025-05-28 00:19:07,609 INFO  - ------------------------------------------------------------------------------------- (at simulation time 680.000,000,000 s)
2025-05-28 00:19:07,609 INFO  - I have no neighbours to send! (at simulation time 680.000,000,000 s)
2025-05-28 00:19:07,609 INFO  - ------------------------------------------------------------------------------------- (at simulation time 680.000,000,000 s)
2025-05-28 00:19:07,609 INFO  - Tried sending message to other car (at simulation time 680.000,000,000 s)
2025-05-28 00:19:07,609 INFO  - ACK = false (at simulation time 680.000,000,000 s)
2025-05-28 00:19:07,609 INFO  - ------------------------------------------------------------------------------------- (at simulation time 680.000,000,000 s)
2025-05-28 00:19:07,609 INFO  - ------------------------------------------------------------------------------------- (at simulation time 680.000,000,000 s)
2025-05-28 00:19:07,610 INFO  - ------------------------------------------------------------------------------------- (at simulation time 680.000,000,000 s)
2025-05-28 00:19:07,610 INFO  - Processing event (at simulation time 680.000,000,000 s)
2025-05-28 00:19:07,610 INFO  - ------------------------------------------------------------------------------------- (at simulation time 680.000,000,000 s)
2025-05-28 00:19:07,610 INFO  - My Route = r_1 (at simulation time 680.000,000,000 s)
2025-05-28 00:19:07,610 INFO  - distance to RSU = 20.94635032493794 (at simulation time 680.000,000,000 s)
2025-05-28 00:19:07,610 INFO  - ------------------------------------------------------------------------------------- (at simulation time 680.000,000,000 s)
2025-05-28 00:19:07,610 INFO  - I have no neighbours to send! (at simulation time 680.000,000,000 s)
2025-05-28 00:19:07,610 INFO  - ------------------------------------------------------------------------------------- (at simulation time 680.000,000,000 s)
2025-05-28 00:19:07,610 INFO  - Tried sending message to other car (at simulation time 680.000,000,000 s)
2025-05-28 00:19:07,610 INFO  - ACK = false (at simulation time 680.000,000,000 s)
2025-05-28 00:19:07,610 INFO  - ------------------------------------------------------------------------------------- (at simulation time 680.000,000,000 s)
2025-05-28 00:19:07,610 INFO  - ------------------------------------------------------------------------------------- (at simulation time 680.000,000,000 s)
2025-05-28 00:19:07,610 INFO  - ------------------------------------------------------------------------------------- (at simulation time 680.000,000,000 s)
2025-05-28 00:19:07,610 INFO  - Processing event (at simulation time 680.000,000,000 s)
2025-05-28 00:19:07,610 INFO  - ------------------------------------------------------------------------------------- (at simulation time 680.000,000,000 s)
2025-05-28 00:19:07,610 INFO  - My Route = r_1 (at simulation time 680.000,000,000 s)
2025-05-28 00:19:07,610 INFO  - distance to RSU = 20.94635032493794 (at simulation time 680.000,000,000 s)
2025-05-28 00:19:07,610 INFO  - ------------------------------------------------------------------------------------- (at simulation time 680.000,000,000 s)
2025-05-28 00:19:07,610 INFO  - I have no neighbours to send! (at simulation time 680.000,000,000 s)
2025-05-28 00:19:07,610 INFO  - ------------------------------------------------------------------------------------- (at simulation time 680.000,000,000 s)
2025-05-28 00:19:07,610 INFO  - Tried sending message to other car (at simulation time 680.000,000,000 s)
2025-05-28 00:19:07,610 INFO  - ACK = false (at simulation time 680.000,000,000 s)
2025-05-28 00:19:07,610 INFO  - ------------------------------------------------------------------------------------- (at simulation time 680.000,000,000 s)
2025-05-28 00:19:07,610 INFO  - ------------------------------------------------------------------------------------- (at simulation time 680.000,000,000 s)
2025-05-28 00:19:07,611 INFO  - ------------------------------------------------------------------------------------- (at simulation time 680.000,000,000 s)
2025-05-28 00:19:07,611 INFO  - Processing event (at simulation time 680.000,000,000 s)
2025-05-28 00:19:07,611 INFO  - ------------------------------------------------------------------------------------- (at simulation time 680.000,000,000 s)
2025-05-28 00:19:07,611 INFO  - My Route = r_1 (at simulation time 680.000,000,000 s)
2025-05-28 00:19:07,611 INFO  - distance to RSU = 20.94635032493794 (at simulation time 680.000,000,000 s)
2025-05-28 00:19:07,611 INFO  - ------------------------------------------------------------------------------------- (at simulation time 680.000,000,000 s)
2025-05-28 00:19:07,611 INFO  - I have no neighbours to send! (at simulation time 680.000,000,000 s)
2025-05-28 00:19:07,611 INFO  - ------------------------------------------------------------------------------------- (at simulation time 680.000,000,000 s)
2025-05-28 00:19:07,611 INFO  - Tried sending message to other car (at simulation time 680.000,000,000 s)
2025-05-28 00:19:07,611 INFO  - ACK = false (at simulation time 680.000,000,000 s)
2025-05-28 00:19:07,611 INFO  - ------------------------------------------------------------------------------------- (at simulation time 680.000,000,000 s)
2025-05-28 00:19:07,611 INFO  - ------------------------------------------------------------------------------------- (at simulation time 680.000,000,000 s)
2025-05-28 00:19:07,612 INFO  - ------------------------------------------------------------------------------------- (at simulation time 680.000,000,000 s)
2025-05-28 00:19:07,612 INFO  - Processing event (at simulation time 680.000,000,000 s)
2025-05-28 00:19:07,612 INFO  - ------------------------------------------------------------------------------------- (at simulation time 680.000,000,000 s)
2025-05-28 00:19:07,612 INFO  - My Route = r_1 (at simulation time 680.000,000,000 s)
2025-05-28 00:19:07,612 INFO  - distance to RSU = 20.94635032493794 (at simulation time 680.000,000,000 s)
2025-05-28 00:19:07,612 INFO  - ------------------------------------------------------------------------------------- (at simulation time 680.000,000,000 s)
2025-05-28 00:19:07,612 INFO  - I have no neighbours to send! (at simulation time 680.000,000,000 s)
2025-05-28 00:19:07,612 INFO  - ------------------------------------------------------------------------------------- (at simulation time 680.000,000,000 s)
2025-05-28 00:19:07,612 INFO  - Tried sending message to other car (at simulation time 680.000,000,000 s)
2025-05-28 00:19:07,612 INFO  - ACK = false (at simulation time 680.000,000,000 s)
2025-05-28 00:19:07,612 INFO  - ------------------------------------------------------------------------------------- (at simulation time 680.000,000,000 s)
2025-05-28 00:19:07,612 INFO  - ------------------------------------------------------------------------------------- (at simulation time 680.000,000,000 s)
2025-05-28 00:19:07,612 INFO  - ------------------------------------------------------------------------------------- (at simulation time 680.000,000,000 s)
2025-05-28 00:19:07,612 INFO  - Processing event (at simulation time 680.000,000,000 s)
2025-05-28 00:19:07,612 INFO  - ------------------------------------------------------------------------------------- (at simulation time 680.000,000,000 s)
2025-05-28 00:19:07,612 INFO  - My Route = r_1 (at simulation time 680.000,000,000 s)
2025-05-28 00:19:07,612 INFO  - distance to RSU = 20.94635032493794 (at simulation time 680.000,000,000 s)
2025-05-28 00:19:07,612 INFO  - ------------------------------------------------------------------------------------- (at simulation time 680.000,000,000 s)
2025-05-28 00:19:07,612 INFO  - I have no neighbours to send! (at simulation time 680.000,000,000 s)
2025-05-28 00:19:07,612 INFO  - ------------------------------------------------------------------------------------- (at simulation time 680.000,000,000 s)
2025-05-28 00:19:07,612 INFO  - Tried sending message to other car (at simulation time 680.000,000,000 s)
2025-05-28 00:19:07,612 INFO  - ACK = false (at simulation time 680.000,000,000 s)
2025-05-28 00:19:07,612 INFO  - ------------------------------------------------------------------------------------- (at simulation time 680.000,000,000 s)
2025-05-28 00:19:07,612 INFO  - ------------------------------------------------------------------------------------- (at simulation time 680.000,000,000 s)
2025-05-28 00:19:07,689 INFO  - ------------------------------------------------------------------------------------- (at simulation time 680.000,000,010 s)
2025-05-28 00:19:07,689 INFO  - Processing event (at simulation time 680.000,000,010 s)
2025-05-28 00:19:07,689 INFO  - ------------------------------------------------------------------------------------- (at simulation time 680.000,000,010 s)
2025-05-28 00:19:07,689 INFO  - My Route = r_1 (at simulation time 680.000,000,010 s)
2025-05-28 00:19:07,689 INFO  - distance to RSU = 20.94635032493794 (at simulation time 680.000,000,010 s)
2025-05-28 00:19:07,689 INFO  - ------------------------------------------------------------------------------------- (at simulation time 680.000,000,010 s)
2025-05-28 00:19:07,689 INFO  - I have no neighbours to send! (at simulation time 680.000,000,010 s)
2025-05-28 00:19:07,689 INFO  - ------------------------------------------------------------------------------------- (at simulation time 680.000,000,010 s)
2025-05-28 00:19:07,689 INFO  - Tried sending message to other car (at simulation time 680.000,000,010 s)
2025-05-28 00:19:07,689 INFO  - ACK = false (at simulation time 680.000,000,010 s)
2025-05-28 00:19:07,689 INFO  - ------------------------------------------------------------------------------------- (at simulation time 680.000,000,010 s)
2025-05-28 00:19:07,689 INFO  - ------------------------------------------------------------------------------------- (at simulation time 680.000,000,010 s)
2025-05-28 00:19:07,690 INFO  - ------------------------------------------------------------------------------------- (at simulation time 680.000,000,010 s)
2025-05-28 00:19:07,690 INFO  - Processing event (at simulation time 680.000,000,010 s)
2025-05-28 00:19:07,690 INFO  - ------------------------------------------------------------------------------------- (at simulation time 680.000,000,010 s)
2025-05-28 00:19:07,690 INFO  - My Route = r_1 (at simulation time 680.000,000,010 s)
2025-05-28 00:19:07,690 INFO  - distance to RSU = 20.94635032493794 (at simulation time 680.000,000,010 s)
2025-05-28 00:19:07,690 INFO  - ------------------------------------------------------------------------------------- (at simulation time 680.000,000,010 s)
2025-05-28 00:19:07,690 INFO  - I have no neighbours to send! (at simulation time 680.000,000,010 s)
2025-05-28 00:19:07,690 INFO  - ------------------------------------------------------------------------------------- (at simulation time 680.000,000,010 s)
2025-05-28 00:19:07,690 INFO  - Tried sending message to other car (at simulation time 680.000,000,010 s)
2025-05-28 00:19:07,690 INFO  - ACK = false (at simulation time 680.000,000,010 s)
2025-05-28 00:19:07,690 INFO  - ------------------------------------------------------------------------------------- (at simulation time 680.000,000,010 s)
2025-05-28 00:19:07,690 INFO  - ------------------------------------------------------------------------------------- (at simulation time 680.000,000,010 s)
2025-05-28 00:19:07,691 INFO  - ------------------------------------------------------------------------------------- (at simulation time 680.000,000,010 s)
2025-05-28 00:19:07,691 INFO  - Processing event (at simulation time 680.000,000,010 s)
2025-05-28 00:19:07,691 INFO  - ------------------------------------------------------------------------------------- (at simulation time 680.000,000,010 s)
2025-05-28 00:19:07,691 INFO  - My Route = r_1 (at simulation time 680.000,000,010 s)
2025-05-28 00:19:07,691 INFO  - distance to RSU = 20.94635032493794 (at simulation time 680.000,000,010 s)
2025-05-28 00:19:07,691 INFO  - ------------------------------------------------------------------------------------- (at simulation time 680.000,000,010 s)
2025-05-28 00:19:07,691 INFO  - I have no neighbours to send! (at simulation time 680.000,000,010 s)
2025-05-28 00:19:07,691 INFO  - ------------------------------------------------------------------------------------- (at simulation time 680.000,000,010 s)
2025-05-28 00:19:07,691 INFO  - Tried sending message to other car (at simulation time 680.000,000,010 s)
2025-05-28 00:19:07,691 INFO  - ACK = false (at simulation time 680.000,000,010 s)
2025-05-28 00:19:07,691 INFO  - ------------------------------------------------------------------------------------- (at simulation time 680.000,000,010 s)
2025-05-28 00:19:07,691 INFO  - ------------------------------------------------------------------------------------- (at simulation time 680.000,000,010 s)
2025-05-28 00:19:07,691 INFO  - ------------------------------------------------------------------------------------- (at simulation time 680.000,000,010 s)
2025-05-28 00:19:07,691 INFO  - Processing event (at simulation time 680.000,000,010 s)
2025-05-28 00:19:07,691 INFO  - ------------------------------------------------------------------------------------- (at simulation time 680.000,000,010 s)
2025-05-28 00:19:07,691 INFO  - My Route = r_1 (at simulation time 680.000,000,010 s)
2025-05-28 00:19:07,691 INFO  - distance to RSU = 20.94635032493794 (at simulation time 680.000,000,010 s)
2025-05-28 00:19:07,691 INFO  - ------------------------------------------------------------------------------------- (at simulation time 680.000,000,010 s)
2025-05-28 00:19:07,691 INFO  - I have no neighbours to send! (at simulation time 680.000,000,010 s)
2025-05-28 00:19:07,691 INFO  - ------------------------------------------------------------------------------------- (at simulation time 680.000,000,010 s)
2025-05-28 00:19:07,691 INFO  - Tried sending message to other car (at simulation time 680.000,000,010 s)
2025-05-28 00:19:07,691 INFO  - ACK = false (at simulation time 680.000,000,010 s)
2025-05-28 00:19:07,691 INFO  - ------------------------------------------------------------------------------------- (at simulation time 680.000,000,010 s)
2025-05-28 00:19:07,691 INFO  - ------------------------------------------------------------------------------------- (at simulation time 680.000,000,010 s)
2025-05-28 00:19:07,692 INFO  - ------------------------------------------------------------------------------------- (at simulation time 680.000,000,010 s)
2025-05-28 00:19:07,692 INFO  - Processing event (at simulation time 680.000,000,010 s)
2025-05-28 00:19:07,692 INFO  - ------------------------------------------------------------------------------------- (at simulation time 680.000,000,010 s)
2025-05-28 00:19:07,692 INFO  - My Route = r_1 (at simulation time 680.000,000,010 s)
2025-05-28 00:19:07,692 INFO  - distance to RSU = 20.94635032493794 (at simulation time 680.000,000,010 s)
2025-05-28 00:19:07,692 INFO  - ------------------------------------------------------------------------------------- (at simulation time 680.000,000,010 s)
2025-05-28 00:19:07,692 INFO  - I have no neighbours to send! (at simulation time 680.000,000,010 s)
2025-05-28 00:19:07,692 INFO  - ------------------------------------------------------------------------------------- (at simulation time 680.000,000,010 s)
2025-05-28 00:19:07,692 INFO  - Tried sending message to other car (at simulation time 680.000,000,010 s)
2025-05-28 00:19:07,692 INFO  - ACK = false (at simulation time 680.000,000,010 s)
2025-05-28 00:19:07,692 INFO  - ------------------------------------------------------------------------------------- (at simulation time 680.000,000,010 s)
2025-05-28 00:19:07,692 INFO  - ------------------------------------------------------------------------------------- (at simulation time 680.000,000,010 s)
2025-05-28 00:19:07,693 INFO  - ------------------------------------------------------------------------------------- (at simulation time 680.000,000,010 s)
2025-05-28 00:19:07,693 INFO  - Processing event (at simulation time 680.000,000,010 s)
2025-05-28 00:19:07,693 INFO  - ------------------------------------------------------------------------------------- (at simulation time 680.000,000,010 s)
2025-05-28 00:19:07,693 INFO  - My Route = r_1 (at simulation time 680.000,000,010 s)
2025-05-28 00:19:07,693 INFO  - distance to RSU = 20.94635032493794 (at simulation time 680.000,000,010 s)
2025-05-28 00:19:07,693 INFO  - ------------------------------------------------------------------------------------- (at simulation time 680.000,000,010 s)
2025-05-28 00:19:07,693 INFO  - I have no neighbours to send! (at simulation time 680.000,000,010 s)
2025-05-28 00:19:07,693 INFO  - ------------------------------------------------------------------------------------- (at simulation time 680.000,000,010 s)
2025-05-28 00:19:07,693 INFO  - Tried sending message to other car (at simulation time 680.000,000,010 s)
2025-05-28 00:19:07,693 INFO  - ACK = false (at simulation time 680.000,000,010 s)
2025-05-28 00:19:07,693 INFO  - ------------------------------------------------------------------------------------- (at simulation time 680.000,000,010 s)
2025-05-28 00:19:07,693 INFO  - ------------------------------------------------------------------------------------- (at simulation time 680.000,000,010 s)
2025-05-28 00:19:07,693 INFO  - ------------------------------------------------------------------------------------- (at simulation time 680.000,000,010 s)
2025-05-28 00:19:07,693 INFO  - Processing event (at simulation time 680.000,000,010 s)
2025-05-28 00:19:07,693 INFO  - ------------------------------------------------------------------------------------- (at simulation time 680.000,000,010 s)
2025-05-28 00:19:07,693 INFO  - My Route = r_1 (at simulation time 680.000,000,010 s)
2025-05-28 00:19:07,693 INFO  - distance to RSU = 20.94635032493794 (at simulation time 680.000,000,010 s)
2025-05-28 00:19:07,693 INFO  - ------------------------------------------------------------------------------------- (at simulation time 680.000,000,010 s)
2025-05-28 00:19:07,693 INFO  - I have no neighbours to send! (at simulation time 680.000,000,010 s)
2025-05-28 00:19:07,693 INFO  - ------------------------------------------------------------------------------------- (at simulation time 680.000,000,010 s)
2025-05-28 00:19:07,693 INFO  - Tried sending message to other car (at simulation time 680.000,000,010 s)
2025-05-28 00:19:07,693 INFO  - ACK = false (at simulation time 680.000,000,010 s)
2025-05-28 00:19:07,693 INFO  - ------------------------------------------------------------------------------------- (at simulation time 680.000,000,010 s)
2025-05-28 00:19:07,693 INFO  - ------------------------------------------------------------------------------------- (at simulation time 680.000,000,010 s)
2025-05-28 00:19:07,694 INFO  - ------------------------------------------------------------------------------------- (at simulation time 680.000,000,010 s)
2025-05-28 00:19:07,694 INFO  - Processing event (at simulation time 680.000,000,010 s)
2025-05-28 00:19:07,694 INFO  - ------------------------------------------------------------------------------------- (at simulation time 680.000,000,010 s)
2025-05-28 00:19:07,694 INFO  - My Route = r_1 (at simulation time 680.000,000,010 s)
2025-05-28 00:19:07,694 INFO  - distance to RSU = 20.94635032493794 (at simulation time 680.000,000,010 s)
2025-05-28 00:19:07,694 INFO  - ------------------------------------------------------------------------------------- (at simulation time 680.000,000,010 s)
2025-05-28 00:19:07,694 INFO  - I have no neighbours to send! (at simulation time 680.000,000,010 s)
2025-05-28 00:19:07,694 INFO  - ------------------------------------------------------------------------------------- (at simulation time 680.000,000,010 s)
2025-05-28 00:19:07,694 INFO  - Tried sending message to other car (at simulation time 680.000,000,010 s)
2025-05-28 00:19:07,694 INFO  - ACK = false (at simulation time 680.000,000,010 s)
2025-05-28 00:19:07,694 INFO  - ------------------------------------------------------------------------------------- (at simulation time 680.000,000,010 s)
2025-05-28 00:19:07,694 INFO  - ------------------------------------------------------------------------------------- (at simulation time 680.000,000,010 s)
2025-05-28 00:19:07,694 INFO  - ------------------------------------------------------------------------------------- (at simulation time 680.000,000,010 s)
2025-05-28 00:19:07,694 INFO  - Processing event (at simulation time 680.000,000,010 s)
2025-05-28 00:19:07,694 INFO  - ------------------------------------------------------------------------------------- (at simulation time 680.000,000,010 s)
2025-05-28 00:19:07,694 INFO  - My Route = r_1 (at simulation time 680.000,000,010 s)
2025-05-28 00:19:07,694 INFO  - distance to RSU = 20.94635032493794 (at simulation time 680.000,000,010 s)
2025-05-28 00:19:07,694 INFO  - ------------------------------------------------------------------------------------- (at simulation time 680.000,000,010 s)
2025-05-28 00:19:07,694 INFO  - I have no neighbours to send! (at simulation time 680.000,000,010 s)
2025-05-28 00:19:07,694 INFO  - ------------------------------------------------------------------------------------- (at simulation time 680.000,000,010 s)
2025-05-28 00:19:07,694 INFO  - Tried sending message to other car (at simulation time 680.000,000,010 s)
2025-05-28 00:19:07,694 INFO  - ACK = false (at simulation time 680.000,000,010 s)
2025-05-28 00:19:07,694 INFO  - ------------------------------------------------------------------------------------- (at simulation time 680.000,000,010 s)
2025-05-28 00:19:07,694 INFO  - ------------------------------------------------------------------------------------- (at simulation time 680.000,000,010 s)
2025-05-28 00:19:07,695 INFO  - ------------------------------------------------------------------------------------- (at simulation time 680.000,000,010 s)
2025-05-28 00:19:07,695 INFO  - Processing event (at simulation time 680.000,000,010 s)
2025-05-28 00:19:07,695 INFO  - ------------------------------------------------------------------------------------- (at simulation time 680.000,000,010 s)
2025-05-28 00:19:07,695 INFO  - My Route = r_1 (at simulation time 680.000,000,010 s)
2025-05-28 00:19:07,695 INFO  - distance to RSU = 20.94635032493794 (at simulation time 680.000,000,010 s)
2025-05-28 00:19:07,695 INFO  - ------------------------------------------------------------------------------------- (at simulation time 680.000,000,010 s)
2025-05-28 00:19:07,695 INFO  - I have no neighbours to send! (at simulation time 680.000,000,010 s)
2025-05-28 00:19:07,695 INFO  - ------------------------------------------------------------------------------------- (at simulation time 680.000,000,010 s)
2025-05-28 00:19:07,695 INFO  - Tried sending message to other car (at simulation time 680.000,000,010 s)
2025-05-28 00:19:07,695 INFO  - ACK = false (at simulation time 680.000,000,010 s)
2025-05-28 00:19:07,695 INFO  - ------------------------------------------------------------------------------------- (at simulation time 680.000,000,010 s)
2025-05-28 00:19:07,695 INFO  - ------------------------------------------------------------------------------------- (at simulation time 680.000,000,010 s)
2025-05-28 00:19:07,695 INFO  - ------------------------------------------------------------------------------------- (at simulation time 680.000,000,010 s)
2025-05-28 00:19:07,695 INFO  - Processing event (at simulation time 680.000,000,010 s)
2025-05-28 00:19:07,695 INFO  - ------------------------------------------------------------------------------------- (at simulation time 680.000,000,010 s)
2025-05-28 00:19:07,695 INFO  - My Route = r_1 (at simulation time 680.000,000,010 s)
2025-05-28 00:19:07,695 INFO  - distance to RSU = 20.94635032493794 (at simulation time 680.000,000,010 s)
2025-05-28 00:19:07,695 INFO  - ------------------------------------------------------------------------------------- (at simulation time 680.000,000,010 s)
2025-05-28 00:19:07,695 INFO  - I have no neighbours to send! (at simulation time 680.000,000,010 s)
2025-05-28 00:19:07,695 INFO  - ------------------------------------------------------------------------------------- (at simulation time 680.000,000,010 s)
2025-05-28 00:19:07,695 INFO  - Tried sending message to other car (at simulation time 680.000,000,010 s)
2025-05-28 00:19:07,695 INFO  - ACK = false (at simulation time 680.000,000,010 s)
2025-05-28 00:19:07,695 INFO  - ------------------------------------------------------------------------------------- (at simulation time 680.000,000,010 s)
2025-05-28 00:19:07,695 INFO  - ------------------------------------------------------------------------------------- (at simulation time 680.000,000,010 s)
2025-05-28 00:19:07,696 INFO  - ------------------------------------------------------------------------------------- (at simulation time 680.000,000,010 s)
2025-05-28 00:19:07,696 INFO  - Processing event (at simulation time 680.000,000,010 s)
2025-05-28 00:19:07,696 INFO  - ------------------------------------------------------------------------------------- (at simulation time 680.000,000,010 s)
2025-05-28 00:19:07,696 INFO  - My Route = r_1 (at simulation time 680.000,000,010 s)
2025-05-28 00:19:07,696 INFO  - distance to RSU = 20.94635032493794 (at simulation time 680.000,000,010 s)
2025-05-28 00:19:07,696 INFO  - ------------------------------------------------------------------------------------- (at simulation time 680.000,000,010 s)
2025-05-28 00:19:07,696 INFO  - I have no neighbours to send! (at simulation time 680.000,000,010 s)
2025-05-28 00:19:07,696 INFO  - ------------------------------------------------------------------------------------- (at simulation time 680.000,000,010 s)
2025-05-28 00:19:07,696 INFO  - Tried sending message to other car (at simulation time 680.000,000,010 s)
2025-05-28 00:19:07,696 INFO  - ACK = false (at simulation time 680.000,000,010 s)
2025-05-28 00:19:07,696 INFO  - ------------------------------------------------------------------------------------- (at simulation time 680.000,000,010 s)
2025-05-28 00:19:07,696 INFO  - ------------------------------------------------------------------------------------- (at simulation time 680.000,000,010 s)
2025-05-28 00:19:07,696 INFO  - ------------------------------------------------------------------------------------- (at simulation time 680.000,000,010 s)
2025-05-28 00:19:07,696 INFO  - Processing event (at simulation time 680.000,000,010 s)
2025-05-28 00:19:07,696 INFO  - ------------------------------------------------------------------------------------- (at simulation time 680.000,000,010 s)
2025-05-28 00:19:07,696 INFO  - My Route = r_1 (at simulation time 680.000,000,010 s)
2025-05-28 00:19:07,696 INFO  - distance to RSU = 20.94635032493794 (at simulation time 680.000,000,010 s)
2025-05-28 00:19:07,696 INFO  - ------------------------------------------------------------------------------------- (at simulation time 680.000,000,010 s)
2025-05-28 00:19:07,696 INFO  - I have no neighbours to send! (at simulation time 680.000,000,010 s)
2025-05-28 00:19:07,696 INFO  - ------------------------------------------------------------------------------------- (at simulation time 680.000,000,010 s)
2025-05-28 00:19:07,696 INFO  - Tried sending message to other car (at simulation time 680.000,000,010 s)
2025-05-28 00:19:07,697 INFO  - ACK = false (at simulation time 680.000,000,010 s)
2025-05-28 00:19:07,697 INFO  - ------------------------------------------------------------------------------------- (at simulation time 680.000,000,010 s)
2025-05-28 00:19:07,697 INFO  - ------------------------------------------------------------------------------------- (at simulation time 680.000,000,010 s)
2025-05-28 00:19:07,697 INFO  - ------------------------------------------------------------------------------------- (at simulation time 680.000,000,010 s)
2025-05-28 00:19:07,697 INFO  - Processing event (at simulation time 680.000,000,010 s)
2025-05-28 00:19:07,697 INFO  - ------------------------------------------------------------------------------------- (at simulation time 680.000,000,010 s)
2025-05-28 00:19:07,697 INFO  - My Route = r_1 (at simulation time 680.000,000,010 s)
2025-05-28 00:19:07,697 INFO  - distance to RSU = 20.94635032493794 (at simulation time 680.000,000,010 s)
2025-05-28 00:19:07,697 INFO  - ------------------------------------------------------------------------------------- (at simulation time 680.000,000,010 s)
2025-05-28 00:19:07,697 INFO  - I have no neighbours to send! (at simulation time 680.000,000,010 s)
2025-05-28 00:19:07,697 INFO  - ------------------------------------------------------------------------------------- (at simulation time 680.000,000,010 s)
2025-05-28 00:19:07,697 INFO  - Tried sending message to other car (at simulation time 680.000,000,010 s)
2025-05-28 00:19:07,697 INFO  - ACK = false (at simulation time 680.000,000,010 s)
2025-05-28 00:19:07,697 INFO  - ------------------------------------------------------------------------------------- (at simulation time 680.000,000,010 s)
2025-05-28 00:19:07,697 INFO  - ------------------------------------------------------------------------------------- (at simulation time 680.000,000,010 s)
2025-05-28 00:19:07,698 INFO  - ------------------------------------------------------------------------------------- (at simulation time 680.000,000,010 s)
2025-05-28 00:19:07,698 INFO  - Processing event (at simulation time 680.000,000,010 s)
2025-05-28 00:19:07,698 INFO  - ------------------------------------------------------------------------------------- (at simulation time 680.000,000,010 s)
2025-05-28 00:19:07,698 INFO  - My Route = r_1 (at simulation time 680.000,000,010 s)
2025-05-28 00:19:07,698 INFO  - distance to RSU = 20.94635032493794 (at simulation time 680.000,000,010 s)
2025-05-28 00:19:07,698 INFO  - ------------------------------------------------------------------------------------- (at simulation time 680.000,000,010 s)
2025-05-28 00:19:07,698 INFO  - I have no neighbours to send! (at simulation time 680.000,000,010 s)
2025-05-28 00:19:07,698 INFO  - ------------------------------------------------------------------------------------- (at simulation time 680.000,000,010 s)
2025-05-28 00:19:07,698 INFO  - Tried sending message to other car (at simulation time 680.000,000,010 s)
2025-05-28 00:19:07,698 INFO  - ACK = false (at simulation time 680.000,000,010 s)
2025-05-28 00:19:07,698 INFO  - ------------------------------------------------------------------------------------- (at simulation time 680.000,000,010 s)
2025-05-28 00:19:07,698 INFO  - ------------------------------------------------------------------------------------- (at simulation time 680.000,000,010 s)
2025-05-28 00:19:07,699 INFO  - ------------------------------------------------------------------------------------- (at simulation time 680.000,000,010 s)
2025-05-28 00:19:07,699 INFO  - Processing event (at simulation time 680.000,000,010 s)
2025-05-28 00:19:07,699 INFO  - ------------------------------------------------------------------------------------- (at simulation time 680.000,000,010 s)
2025-05-28 00:19:07,699 INFO  - My Route = r_1 (at simulation time 680.000,000,010 s)
2025-05-28 00:19:07,699 INFO  - distance to RSU = 20.94635032493794 (at simulation time 680.000,000,010 s)
2025-05-28 00:19:07,699 INFO  - ------------------------------------------------------------------------------------- (at simulation time 680.000,000,010 s)
2025-05-28 00:19:07,699 INFO  - I have no neighbours to send! (at simulation time 680.000,000,010 s)
2025-05-28 00:19:07,699 INFO  - ------------------------------------------------------------------------------------- (at simulation time 680.000,000,010 s)
2025-05-28 00:19:07,699 INFO  - Tried sending message to other car (at simulation time 680.000,000,010 s)
2025-05-28 00:19:07,699 INFO  - ACK = false (at simulation time 680.000,000,010 s)
2025-05-28 00:19:07,699 INFO  - ------------------------------------------------------------------------------------- (at simulation time 680.000,000,010 s)
2025-05-28 00:19:07,699 INFO  - ------------------------------------------------------------------------------------- (at simulation time 680.000,000,010 s)
2025-05-28 00:19:07,700 INFO  - ------------------------------------------------------------------------------------- (at simulation time 680.000,900,000 s)
2025-05-28 00:19:07,700 INFO  - New neighbour is veh_127 (at simulation time 680.000,900,000 s)
2025-05-28 00:19:07,700 INFO  - ------------------------------------------------------------------------------------- (at simulation time 680.000,900,000 s)
2025-05-28 00:19:07,702 INFO  - ------------------------------------------------------------------------------------- (at simulation time 680.002,400,000 s)
2025-05-28 00:19:07,702 INFO  - New neighbour is veh_125 (at simulation time 680.002,400,000 s)
2025-05-28 00:19:07,702 INFO  - ------------------------------------------------------------------------------------- (at simulation time 680.002,400,000 s)
2025-05-28 00:19:07,704 INFO  - ------------------------------------------------------------------------------------- (at simulation time 681.000,000,000 s)
2025-05-28 00:19:07,704 INFO  - My Route = r_1 (at simulation time 681.000,000,000 s)
2025-05-28 00:19:07,704 INFO  - distance to RSU = 13.77868697800525 (at simulation time 681.000,000,000 s)
2025-05-28 00:19:07,704 INFO  - ------------------------------------------------------------------------------------- (at simulation time 681.000,000,000 s)
2025-05-28 00:19:07,704 INFO  - Sent to RSU = 'ABRE! | r_1 | veh_129' (at simulation time 681.000,000,000 s)
2025-05-28 00:19:07,704 INFO  - ------------------------------------------------------------------------------------- (at simulation time 681.000,000,000 s)
2025-05-28 00:19:07,704 INFO  - Tried sending message to RSU (at simulation time 681.000,000,000 s)
2025-05-28 00:19:07,704 INFO  - ACK = false (at simulation time 681.000,000,000 s)
2025-05-28 00:19:07,704 INFO  - ------------------------------------------------------------------------------------- (at simulation time 681.000,000,000 s)
2025-05-28 00:19:07,705 INFO  - ------------------------------------------------------------------------------------- (at simulation time 681.000,000,000 s)
2025-05-28 00:19:07,705 INFO  - Processing event (at simulation time 681.000,000,000 s)
2025-05-28 00:19:07,705 INFO  - ------------------------------------------------------------------------------------- (at simulation time 681.000,000,000 s)
2025-05-28 00:19:07,705 INFO  - My Route = r_1 (at simulation time 681.000,000,000 s)
2025-05-28 00:19:07,705 INFO  - distance to RSU = 13.77868697800525 (at simulation time 681.000,000,000 s)
2025-05-28 00:19:07,705 INFO  - ------------------------------------------------------------------------------------- (at simulation time 681.000,000,000 s)
2025-05-28 00:19:07,705 INFO  - Sent to RSU = 'ABRE! | r_1 | veh_129' (at simulation time 681.000,000,000 s)
2025-05-28 00:19:07,705 INFO  - ------------------------------------------------------------------------------------- (at simulation time 681.000,000,000 s)
2025-05-28 00:19:07,705 INFO  - Tried sending message to RSU (at simulation time 681.000,000,000 s)
2025-05-28 00:19:07,705 INFO  - ACK = false (at simulation time 681.000,000,000 s)
2025-05-28 00:19:07,705 INFO  - ------------------------------------------------------------------------------------- (at simulation time 681.000,000,000 s)
2025-05-28 00:19:07,705 INFO  - ------------------------------------------------------------------------------------- (at simulation time 681.000,000,000 s)
2025-05-28 00:19:07,705 INFO  - ------------------------------------------------------------------------------------- (at simulation time 681.000,000,000 s)
2025-05-28 00:19:07,705 INFO  - Processing event (at simulation time 681.000,000,000 s)
2025-05-28 00:19:07,705 INFO  - ------------------------------------------------------------------------------------- (at simulation time 681.000,000,000 s)
2025-05-28 00:19:07,705 INFO  - My Route = r_1 (at simulation time 681.000,000,000 s)
2025-05-28 00:19:07,705 INFO  - distance to RSU = 13.77868697800525 (at simulation time 681.000,000,000 s)
2025-05-28 00:19:07,705 INFO  - ------------------------------------------------------------------------------------- (at simulation time 681.000,000,000 s)
2025-05-28 00:19:07,705 INFO  - Sent to RSU = 'ABRE! | r_1 | veh_129' (at simulation time 681.000,000,000 s)
2025-05-28 00:19:07,705 INFO  - ------------------------------------------------------------------------------------- (at simulation time 681.000,000,000 s)
2025-05-28 00:19:07,705 INFO  - Tried sending message to RSU (at simulation time 681.000,000,000 s)
2025-05-28 00:19:07,705 INFO  - ACK = false (at simulation time 681.000,000,000 s)
2025-05-28 00:19:07,706 INFO  - ------------------------------------------------------------------------------------- (at simulation time 681.000,000,000 s)
2025-05-28 00:19:07,706 INFO  - ------------------------------------------------------------------------------------- (at simulation time 681.000,000,000 s)
2025-05-28 00:19:07,706 INFO  - ------------------------------------------------------------------------------------- (at simulation time 681.000,000,000 s)
2025-05-28 00:19:07,706 INFO  - Processing event (at simulation time 681.000,000,000 s)
2025-05-28 00:19:07,706 INFO  - ------------------------------------------------------------------------------------- (at simulation time 681.000,000,000 s)
2025-05-28 00:19:07,706 INFO  - My Route = r_1 (at simulation time 681.000,000,000 s)
2025-05-28 00:19:07,706 INFO  - distance to RSU = 13.77868697800525 (at simulation time 681.000,000,000 s)
2025-05-28 00:19:07,706 INFO  - ------------------------------------------------------------------------------------- (at simulation time 681.000,000,000 s)
2025-05-28 00:19:07,706 INFO  - Sent to RSU = 'ABRE! | r_1 | veh_129' (at simulation time 681.000,000,000 s)
2025-05-28 00:19:07,706 INFO  - ------------------------------------------------------------------------------------- (at simulation time 681.000,000,000 s)
2025-05-28 00:19:07,706 INFO  - Tried sending message to RSU (at simulation time 681.000,000,000 s)
2025-05-28 00:19:07,706 INFO  - ACK = false (at simulation time 681.000,000,000 s)
2025-05-28 00:19:07,706 INFO  - ------------------------------------------------------------------------------------- (at simulation time 681.000,000,000 s)
2025-05-28 00:19:07,706 INFO  - ------------------------------------------------------------------------------------- (at simulation time 681.000,000,000 s)
2025-05-28 00:19:07,707 INFO  - ------------------------------------------------------------------------------------- (at simulation time 681.000,000,000 s)
2025-05-28 00:19:07,707 INFO  - Processing event (at simulation time 681.000,000,000 s)
2025-05-28 00:19:07,707 INFO  - ------------------------------------------------------------------------------------- (at simulation time 681.000,000,000 s)
2025-05-28 00:19:07,707 INFO  - My Route = r_1 (at simulation time 681.000,000,000 s)
2025-05-28 00:19:07,707 INFO  - distance to RSU = 13.77868697800525 (at simulation time 681.000,000,000 s)
2025-05-28 00:19:07,707 INFO  - ------------------------------------------------------------------------------------- (at simulation time 681.000,000,000 s)
2025-05-28 00:19:07,707 INFO  - Sent to RSU = 'ABRE! | r_1 | veh_129' (at simulation time 681.000,000,000 s)
2025-05-28 00:19:07,707 INFO  - ------------------------------------------------------------------------------------- (at simulation time 681.000,000,000 s)
2025-05-28 00:19:07,707 INFO  - Tried sending message to RSU (at simulation time 681.000,000,000 s)
2025-05-28 00:19:07,707 INFO  - ACK = false (at simulation time 681.000,000,000 s)
2025-05-28 00:19:07,707 INFO  - ------------------------------------------------------------------------------------- (at simulation time 681.000,000,000 s)
2025-05-28 00:19:07,707 INFO  - ------------------------------------------------------------------------------------- (at simulation time 681.000,000,000 s)
2025-05-28 00:19:07,707 INFO  - ------------------------------------------------------------------------------------- (at simulation time 681.000,000,000 s)
2025-05-28 00:19:07,707 INFO  - Processing event (at simulation time 681.000,000,000 s)
2025-05-28 00:19:07,707 INFO  - ------------------------------------------------------------------------------------- (at simulation time 681.000,000,000 s)
2025-05-28 00:19:07,707 INFO  - My Route = r_1 (at simulation time 681.000,000,000 s)
2025-05-28 00:19:07,707 INFO  - distance to RSU = 13.77868697800525 (at simulation time 681.000,000,000 s)
2025-05-28 00:19:07,707 INFO  - ------------------------------------------------------------------------------------- (at simulation time 681.000,000,000 s)
2025-05-28 00:19:07,707 INFO  - Sent to RSU = 'ABRE! | r_1 | veh_129' (at simulation time 681.000,000,000 s)
2025-05-28 00:19:07,707 INFO  - ------------------------------------------------------------------------------------- (at simulation time 681.000,000,000 s)
2025-05-28 00:19:07,707 INFO  - Tried sending message to RSU (at simulation time 681.000,000,000 s)
2025-05-28 00:19:07,707 INFO  - ACK = false (at simulation time 681.000,000,000 s)
2025-05-28 00:19:07,707 INFO  - ------------------------------------------------------------------------------------- (at simulation time 681.000,000,000 s)
2025-05-28 00:19:07,707 INFO  - ------------------------------------------------------------------------------------- (at simulation time 681.000,000,000 s)
2025-05-28 00:19:07,708 INFO  - ------------------------------------------------------------------------------------- (at simulation time 681.000,000,000 s)
2025-05-28 00:19:07,708 INFO  - Processing event (at simulation time 681.000,000,000 s)
2025-05-28 00:19:07,708 INFO  - ------------------------------------------------------------------------------------- (at simulation time 681.000,000,000 s)
2025-05-28 00:19:07,708 INFO  - My Route = r_1 (at simulation time 681.000,000,000 s)
2025-05-28 00:19:07,708 INFO  - distance to RSU = 13.77868697800525 (at simulation time 681.000,000,000 s)
2025-05-28 00:19:07,708 INFO  - ------------------------------------------------------------------------------------- (at simulation time 681.000,000,000 s)
2025-05-28 00:19:07,708 INFO  - Sent to RSU = 'ABRE! | r_1 | veh_129' (at simulation time 681.000,000,000 s)
2025-05-28 00:19:07,708 INFO  - ------------------------------------------------------------------------------------- (at simulation time 681.000,000,000 s)
2025-05-28 00:19:07,708 INFO  - Tried sending message to RSU (at simulation time 681.000,000,000 s)
2025-05-28 00:19:07,708 INFO  - ACK = false (at simulation time 681.000,000,000 s)
2025-05-28 00:19:07,708 INFO  - ------------------------------------------------------------------------------------- (at simulation time 681.000,000,000 s)
2025-05-28 00:19:07,708 INFO  - ------------------------------------------------------------------------------------- (at simulation time 681.000,000,000 s)
2025-05-28 00:19:07,708 INFO  - ------------------------------------------------------------------------------------- (at simulation time 681.000,000,000 s)
2025-05-28 00:19:07,708 INFO  - Processing event (at simulation time 681.000,000,000 s)
2025-05-28 00:19:07,708 INFO  - ------------------------------------------------------------------------------------- (at simulation time 681.000,000,000 s)
2025-05-28 00:19:07,708 INFO  - My Route = r_1 (at simulation time 681.000,000,000 s)
2025-05-28 00:19:07,708 INFO  - distance to RSU = 13.77868697800525 (at simulation time 681.000,000,000 s)
2025-05-28 00:19:07,708 INFO  - ------------------------------------------------------------------------------------- (at simulation time 681.000,000,000 s)
2025-05-28 00:19:07,708 INFO  - Sent to RSU = 'ABRE! | r_1 | veh_129' (at simulation time 681.000,000,000 s)
2025-05-28 00:19:07,708 INFO  - ------------------------------------------------------------------------------------- (at simulation time 681.000,000,000 s)
2025-05-28 00:19:07,708 INFO  - Tried sending message to RSU (at simulation time 681.000,000,000 s)
2025-05-28 00:19:07,708 INFO  - ACK = false (at simulation time 681.000,000,000 s)
2025-05-28 00:19:07,708 INFO  - ------------------------------------------------------------------------------------- (at simulation time 681.000,000,000 s)
2025-05-28 00:19:07,708 INFO  - ------------------------------------------------------------------------------------- (at simulation time 681.000,000,000 s)
2025-05-28 00:19:07,709 INFO  - ------------------------------------------------------------------------------------- (at simulation time 681.000,000,000 s)
2025-05-28 00:19:07,709 INFO  - Processing event (at simulation time 681.000,000,000 s)
2025-05-28 00:19:07,709 INFO  - ------------------------------------------------------------------------------------- (at simulation time 681.000,000,000 s)
2025-05-28 00:19:07,709 INFO  - My Route = r_1 (at simulation time 681.000,000,000 s)
2025-05-28 00:19:07,709 INFO  - distance to RSU = 13.77868697800525 (at simulation time 681.000,000,000 s)
2025-05-28 00:19:07,709 INFO  - ------------------------------------------------------------------------------------- (at simulation time 681.000,000,000 s)
2025-05-28 00:19:07,709 INFO  - Sent to RSU = 'ABRE! | r_1 | veh_129' (at simulation time 681.000,000,000 s)
2025-05-28 00:19:07,709 INFO  - ------------------------------------------------------------------------------------- (at simulation time 681.000,000,000 s)
2025-05-28 00:19:07,709 INFO  - Tried sending message to RSU (at simulation time 681.000,000,000 s)
2025-05-28 00:19:07,709 INFO  - ACK = false (at simulation time 681.000,000,000 s)
2025-05-28 00:19:07,709 INFO  - ------------------------------------------------------------------------------------- (at simulation time 681.000,000,000 s)
2025-05-28 00:19:07,709 INFO  - ------------------------------------------------------------------------------------- (at simulation time 681.000,000,000 s)
2025-05-28 00:19:07,709 INFO  - ------------------------------------------------------------------------------------- (at simulation time 681.000,000,000 s)
2025-05-28 00:19:07,709 INFO  - Processing event (at simulation time 681.000,000,000 s)
2025-05-28 00:19:07,710 INFO  - ------------------------------------------------------------------------------------- (at simulation time 681.000,000,000 s)
2025-05-28 00:19:07,710 INFO  - My Route = r_1 (at simulation time 681.000,000,000 s)
2025-05-28 00:19:07,710 INFO  - distance to RSU = 13.77868697800525 (at simulation time 681.000,000,000 s)
2025-05-28 00:19:07,710 INFO  - ------------------------------------------------------------------------------------- (at simulation time 681.000,000,000 s)
2025-05-28 00:19:07,710 INFO  - Sent to RSU = 'ABRE! | r_1 | veh_129' (at simulation time 681.000,000,000 s)
2025-05-28 00:19:07,710 INFO  - ------------------------------------------------------------------------------------- (at simulation time 681.000,000,000 s)
2025-05-28 00:19:07,710 INFO  - Tried sending message to RSU (at simulation time 681.000,000,000 s)
2025-05-28 00:19:07,710 INFO  - ACK = false (at simulation time 681.000,000,000 s)
2025-05-28 00:19:07,710 INFO  - ------------------------------------------------------------------------------------- (at simulation time 681.000,000,000 s)
2025-05-28 00:19:07,710 INFO  - ------------------------------------------------------------------------------------- (at simulation time 681.000,000,000 s)
2025-05-28 00:19:07,710 INFO  - ------------------------------------------------------------------------------------- (at simulation time 681.000,000,000 s)
2025-05-28 00:19:07,710 INFO  - Processing event (at simulation time 681.000,000,000 s)
2025-05-28 00:19:07,710 INFO  - ------------------------------------------------------------------------------------- (at simulation time 681.000,000,000 s)
2025-05-28 00:19:07,710 INFO  - My Route = r_1 (at simulation time 681.000,000,000 s)
2025-05-28 00:19:07,710 INFO  - distance to RSU = 13.77868697800525 (at simulation time 681.000,000,000 s)
2025-05-28 00:19:07,710 INFO  - ------------------------------------------------------------------------------------- (at simulation time 681.000,000,000 s)
2025-05-28 00:19:07,710 INFO  - Sent to RSU = 'ABRE! | r_1 | veh_129' (at simulation time 681.000,000,000 s)
2025-05-28 00:19:07,710 INFO  - ------------------------------------------------------------------------------------- (at simulation time 681.000,000,000 s)
2025-05-28 00:19:07,710 INFO  - Tried sending message to RSU (at simulation time 681.000,000,000 s)
2025-05-28 00:19:07,710 INFO  - ACK = false (at simulation time 681.000,000,000 s)
2025-05-28 00:19:07,710 INFO  - ------------------------------------------------------------------------------------- (at simulation time 681.000,000,000 s)
2025-05-28 00:19:07,710 INFO  - ------------------------------------------------------------------------------------- (at simulation time 681.000,000,000 s)
2025-05-28 00:19:07,711 INFO  - ------------------------------------------------------------------------------------- (at simulation time 681.000,000,000 s)
2025-05-28 00:19:07,711 INFO  - Processing event (at simulation time 681.000,000,000 s)
2025-05-28 00:19:07,711 INFO  - ------------------------------------------------------------------------------------- (at simulation time 681.000,000,000 s)
2025-05-28 00:19:07,711 INFO  - My Route = r_1 (at simulation time 681.000,000,000 s)
2025-05-28 00:19:07,711 INFO  - distance to RSU = 13.77868697800525 (at simulation time 681.000,000,000 s)
2025-05-28 00:19:07,711 INFO  - ------------------------------------------------------------------------------------- (at simulation time 681.000,000,000 s)
2025-05-28 00:19:07,711 INFO  - Sent to RSU = 'ABRE! | r_1 | veh_129' (at simulation time 681.000,000,000 s)
2025-05-28 00:19:07,711 INFO  - ------------------------------------------------------------------------------------- (at simulation time 681.000,000,000 s)
2025-05-28 00:19:07,711 INFO  - Tried sending message to RSU (at simulation time 681.000,000,000 s)
2025-05-28 00:19:07,711 INFO  - ACK = false (at simulation time 681.000,000,000 s)
2025-05-28 00:19:07,711 INFO  - ------------------------------------------------------------------------------------- (at simulation time 681.000,000,000 s)
2025-05-28 00:19:07,711 INFO  - ------------------------------------------------------------------------------------- (at simulation time 681.000,000,000 s)
2025-05-28 00:19:07,711 INFO  - ------------------------------------------------------------------------------------- (at simulation time 681.000,000,000 s)
2025-05-28 00:19:07,711 INFO  - Processing event (at simulation time 681.000,000,000 s)
2025-05-28 00:19:07,711 INFO  - ------------------------------------------------------------------------------------- (at simulation time 681.000,000,000 s)
2025-05-28 00:19:07,711 INFO  - My Route = r_1 (at simulation time 681.000,000,000 s)
2025-05-28 00:19:07,711 INFO  - distance to RSU = 13.77868697800525 (at simulation time 681.000,000,000 s)
2025-05-28 00:19:07,711 INFO  - ------------------------------------------------------------------------------------- (at simulation time 681.000,000,000 s)
2025-05-28 00:19:07,711 INFO  - Sent to RSU = 'ABRE! | r_1 | veh_129' (at simulation time 681.000,000,000 s)
2025-05-28 00:19:07,711 INFO  - ------------------------------------------------------------------------------------- (at simulation time 681.000,000,000 s)
2025-05-28 00:19:07,711 INFO  - Tried sending message to RSU (at simulation time 681.000,000,000 s)
2025-05-28 00:19:07,711 INFO  - ACK = false (at simulation time 681.000,000,000 s)
2025-05-28 00:19:07,711 INFO  - ------------------------------------------------------------------------------------- (at simulation time 681.000,000,000 s)
2025-05-28 00:19:07,711 INFO  - ------------------------------------------------------------------------------------- (at simulation time 681.000,000,000 s)
2025-05-28 00:19:07,712 INFO  - ------------------------------------------------------------------------------------- (at simulation time 681.000,000,000 s)
2025-05-28 00:19:07,712 INFO  - Processing event (at simulation time 681.000,000,000 s)
2025-05-28 00:19:07,712 INFO  - ------------------------------------------------------------------------------------- (at simulation time 681.000,000,000 s)
2025-05-28 00:19:07,712 INFO  - My Route = r_1 (at simulation time 681.000,000,000 s)
2025-05-28 00:19:07,712 INFO  - distance to RSU = 13.77868697800525 (at simulation time 681.000,000,000 s)
2025-05-28 00:19:07,712 INFO  - ------------------------------------------------------------------------------------- (at simulation time 681.000,000,000 s)
2025-05-28 00:19:07,712 INFO  - Sent to RSU = 'ABRE! | r_1 | veh_129' (at simulation time 681.000,000,000 s)
2025-05-28 00:19:07,712 INFO  - ------------------------------------------------------------------------------------- (at simulation time 681.000,000,000 s)
2025-05-28 00:19:07,712 INFO  - Tried sending message to RSU (at simulation time 681.000,000,000 s)
2025-05-28 00:19:07,712 INFO  - ACK = false (at simulation time 681.000,000,000 s)
2025-05-28 00:19:07,712 INFO  - ------------------------------------------------------------------------------------- (at simulation time 681.000,000,000 s)
2025-05-28 00:19:07,712 INFO  - ------------------------------------------------------------------------------------- (at simulation time 681.000,000,000 s)
2025-05-28 00:19:07,712 INFO  - ------------------------------------------------------------------------------------- (at simulation time 681.000,000,000 s)
2025-05-28 00:19:07,712 INFO  - Processing event (at simulation time 681.000,000,000 s)
2025-05-28 00:19:07,712 INFO  - ------------------------------------------------------------------------------------- (at simulation time 681.000,000,000 s)
2025-05-28 00:19:07,712 INFO  - My Route = r_1 (at simulation time 681.000,000,000 s)
2025-05-28 00:19:07,712 INFO  - distance to RSU = 13.77868697800525 (at simulation time 681.000,000,000 s)
2025-05-28 00:19:07,712 INFO  - ------------------------------------------------------------------------------------- (at simulation time 681.000,000,000 s)
2025-05-28 00:19:07,712 INFO  - Sent to RSU = 'ABRE! | r_1 | veh_129' (at simulation time 681.000,000,000 s)
2025-05-28 00:19:07,712 INFO  - ------------------------------------------------------------------------------------- (at simulation time 681.000,000,000 s)
2025-05-28 00:19:07,712 INFO  - Tried sending message to RSU (at simulation time 681.000,000,000 s)
2025-05-28 00:19:07,712 INFO  - ACK = false (at simulation time 681.000,000,000 s)
2025-05-28 00:19:07,712 INFO  - ------------------------------------------------------------------------------------- (at simulation time 681.000,000,000 s)
2025-05-28 00:19:07,712 INFO  - ------------------------------------------------------------------------------------- (at simulation time 681.000,000,000 s)
2025-05-28 00:19:07,713 INFO  - ------------------------------------------------------------------------------------- (at simulation time 681.000,000,000 s)
2025-05-28 00:19:07,713 INFO  - Processing event (at simulation time 681.000,000,000 s)
2025-05-28 00:19:07,713 INFO  - ------------------------------------------------------------------------------------- (at simulation time 681.000,000,000 s)
2025-05-28 00:19:07,713 INFO  - My Route = r_1 (at simulation time 681.000,000,000 s)
2025-05-28 00:19:07,713 INFO  - distance to RSU = 13.77868697800525 (at simulation time 681.000,000,000 s)
2025-05-28 00:19:07,713 INFO  - ------------------------------------------------------------------------------------- (at simulation time 681.000,000,000 s)
2025-05-28 00:19:07,713 INFO  - Sent to RSU = 'ABRE! | r_1 | veh_129' (at simulation time 681.000,000,000 s)
2025-05-28 00:19:07,713 INFO  - ------------------------------------------------------------------------------------- (at simulation time 681.000,000,000 s)
2025-05-28 00:19:07,713 INFO  - Tried sending message to RSU (at simulation time 681.000,000,000 s)
2025-05-28 00:19:07,713 INFO  - ACK = false (at simulation time 681.000,000,000 s)
2025-05-28 00:19:07,713 INFO  - ------------------------------------------------------------------------------------- (at simulation time 681.000,000,000 s)
2025-05-28 00:19:07,713 INFO  - ------------------------------------------------------------------------------------- (at simulation time 681.000,000,000 s)
2025-05-28 00:19:07,713 INFO  - ------------------------------------------------------------------------------------- (at simulation time 681.000,000,000 s)
2025-05-28 00:19:07,713 INFO  - Processing event (at simulation time 681.000,000,000 s)
2025-05-28 00:19:07,713 INFO  - ------------------------------------------------------------------------------------- (at simulation time 681.000,000,000 s)
2025-05-28 00:19:07,713 INFO  - My Route = r_1 (at simulation time 681.000,000,000 s)
2025-05-28 00:19:07,713 INFO  - distance to RSU = 13.77868697800525 (at simulation time 681.000,000,000 s)
2025-05-28 00:19:07,713 INFO  - ------------------------------------------------------------------------------------- (at simulation time 681.000,000,000 s)
2025-05-28 00:19:07,713 INFO  - Sent to RSU = 'ABRE! | r_1 | veh_129' (at simulation time 681.000,000,000 s)
2025-05-28 00:19:07,713 INFO  - ------------------------------------------------------------------------------------- (at simulation time 681.000,000,000 s)
2025-05-28 00:19:07,713 INFO  - Tried sending message to RSU (at simulation time 681.000,000,000 s)
2025-05-28 00:19:07,713 INFO  - ACK = false (at simulation time 681.000,000,000 s)
2025-05-28 00:19:07,713 INFO  - ------------------------------------------------------------------------------------- (at simulation time 681.000,000,000 s)
2025-05-28 00:19:07,713 INFO  - ------------------------------------------------------------------------------------- (at simulation time 681.000,000,000 s)
2025-05-28 00:19:07,787 INFO  - ------------------------------------------------------------------------------------- (at simulation time 681.000,000,010 s)
2025-05-28 00:19:07,787 INFO  - Processing event (at simulation time 681.000,000,010 s)
2025-05-28 00:19:07,787 INFO  - ------------------------------------------------------------------------------------- (at simulation time 681.000,000,010 s)
2025-05-28 00:19:07,787 INFO  - My Route = r_1 (at simulation time 681.000,000,010 s)
2025-05-28 00:19:07,787 INFO  - distance to RSU = 13.77868697800525 (at simulation time 681.000,000,010 s)
2025-05-28 00:19:07,787 INFO  - ------------------------------------------------------------------------------------- (at simulation time 681.000,000,010 s)
2025-05-28 00:19:07,787 INFO  - Sent to RSU = 'ABRE! | r_1 | veh_129' (at simulation time 681.000,000,010 s)
2025-05-28 00:19:07,787 INFO  - ------------------------------------------------------------------------------------- (at simulation time 681.000,000,010 s)
2025-05-28 00:19:07,787 INFO  - Tried sending message to RSU (at simulation time 681.000,000,010 s)
2025-05-28 00:19:07,787 INFO  - ACK = false (at simulation time 681.000,000,010 s)
2025-05-28 00:19:07,787 INFO  - ------------------------------------------------------------------------------------- (at simulation time 681.000,000,010 s)
2025-05-28 00:19:07,787 INFO  - ------------------------------------------------------------------------------------- (at simulation time 681.000,000,010 s)
2025-05-28 00:19:07,788 INFO  - ------------------------------------------------------------------------------------- (at simulation time 681.000,000,010 s)
2025-05-28 00:19:07,788 INFO  - Processing event (at simulation time 681.000,000,010 s)
2025-05-28 00:19:07,788 INFO  - ------------------------------------------------------------------------------------- (at simulation time 681.000,000,010 s)
2025-05-28 00:19:07,788 INFO  - My Route = r_1 (at simulation time 681.000,000,010 s)
2025-05-28 00:19:07,788 INFO  - distance to RSU = 13.77868697800525 (at simulation time 681.000,000,010 s)
2025-05-28 00:19:07,788 INFO  - ------------------------------------------------------------------------------------- (at simulation time 681.000,000,010 s)
2025-05-28 00:19:07,788 INFO  - Sent to RSU = 'ABRE! | r_1 | veh_129' (at simulation time 681.000,000,010 s)
2025-05-28 00:19:07,788 INFO  - ------------------------------------------------------------------------------------- (at simulation time 681.000,000,010 s)
2025-05-28 00:19:07,788 INFO  - Tried sending message to RSU (at simulation time 681.000,000,010 s)
2025-05-28 00:19:07,788 INFO  - ACK = false (at simulation time 681.000,000,010 s)
2025-05-28 00:19:07,788 INFO  - ------------------------------------------------------------------------------------- (at simulation time 681.000,000,010 s)
2025-05-28 00:19:07,788 INFO  - ------------------------------------------------------------------------------------- (at simulation time 681.000,000,010 s)
2025-05-28 00:19:07,789 INFO  - ------------------------------------------------------------------------------------- (at simulation time 681.000,000,010 s)
2025-05-28 00:19:07,789 INFO  - Processing event (at simulation time 681.000,000,010 s)
2025-05-28 00:19:07,789 INFO  - ------------------------------------------------------------------------------------- (at simulation time 681.000,000,010 s)
2025-05-28 00:19:07,789 INFO  - My Route = r_1 (at simulation time 681.000,000,010 s)
2025-05-28 00:19:07,789 INFO  - distance to RSU = 13.77868697800525 (at simulation time 681.000,000,010 s)
2025-05-28 00:19:07,789 INFO  - ------------------------------------------------------------------------------------- (at simulation time 681.000,000,010 s)
2025-05-28 00:19:07,789 INFO  - Sent to RSU = 'ABRE! | r_1 | veh_129' (at simulation time 681.000,000,010 s)
2025-05-28 00:19:07,789 INFO  - ------------------------------------------------------------------------------------- (at simulation time 681.000,000,010 s)
2025-05-28 00:19:07,789 INFO  - Tried sending message to RSU (at simulation time 681.000,000,010 s)
2025-05-28 00:19:07,789 INFO  - ACK = false (at simulation time 681.000,000,010 s)
2025-05-28 00:19:07,789 INFO  - ------------------------------------------------------------------------------------- (at simulation time 681.000,000,010 s)
2025-05-28 00:19:07,789 INFO  - ------------------------------------------------------------------------------------- (at simulation time 681.000,000,010 s)
2025-05-28 00:19:07,789 INFO  - ------------------------------------------------------------------------------------- (at simulation time 681.000,000,010 s)
2025-05-28 00:19:07,789 INFO  - Processing event (at simulation time 681.000,000,010 s)
2025-05-28 00:19:07,789 INFO  - ------------------------------------------------------------------------------------- (at simulation time 681.000,000,010 s)
2025-05-28 00:19:07,789 INFO  - My Route = r_1 (at simulation time 681.000,000,010 s)
2025-05-28 00:19:07,789 INFO  - distance to RSU = 13.77868697800525 (at simulation time 681.000,000,010 s)
2025-05-28 00:19:07,789 INFO  - ------------------------------------------------------------------------------------- (at simulation time 681.000,000,010 s)
2025-05-28 00:19:07,789 INFO  - Sent to RSU = 'ABRE! | r_1 | veh_129' (at simulation time 681.000,000,010 s)
2025-05-28 00:19:07,789 INFO  - ------------------------------------------------------------------------------------- (at simulation time 681.000,000,010 s)
2025-05-28 00:19:07,789 INFO  - Tried sending message to RSU (at simulation time 681.000,000,010 s)
2025-05-28 00:19:07,789 INFO  - ACK = false (at simulation time 681.000,000,010 s)
2025-05-28 00:19:07,789 INFO  - ------------------------------------------------------------------------------------- (at simulation time 681.000,000,010 s)
2025-05-28 00:19:07,789 INFO  - ------------------------------------------------------------------------------------- (at simulation time 681.000,000,010 s)
2025-05-28 00:19:07,790 INFO  - ------------------------------------------------------------------------------------- (at simulation time 681.000,000,010 s)
2025-05-28 00:19:07,790 INFO  - Processing event (at simulation time 681.000,000,010 s)
2025-05-28 00:19:07,790 INFO  - ------------------------------------------------------------------------------------- (at simulation time 681.000,000,010 s)
2025-05-28 00:19:07,790 INFO  - My Route = r_1 (at simulation time 681.000,000,010 s)
2025-05-28 00:19:07,790 INFO  - distance to RSU = 13.77868697800525 (at simulation time 681.000,000,010 s)
2025-05-28 00:19:07,790 INFO  - ------------------------------------------------------------------------------------- (at simulation time 681.000,000,010 s)
2025-05-28 00:19:07,790 INFO  - Sent to RSU = 'ABRE! | r_1 | veh_129' (at simulation time 681.000,000,010 s)
2025-05-28 00:19:07,790 INFO  - ------------------------------------------------------------------------------------- (at simulation time 681.000,000,010 s)
2025-05-28 00:19:07,790 INFO  - Tried sending message to RSU (at simulation time 681.000,000,010 s)
2025-05-28 00:19:07,790 INFO  - ACK = false (at simulation time 681.000,000,010 s)
2025-05-28 00:19:07,790 INFO  - ------------------------------------------------------------------------------------- (at simulation time 681.000,000,010 s)
2025-05-28 00:19:07,790 INFO  - ------------------------------------------------------------------------------------- (at simulation time 681.000,000,010 s)
2025-05-28 00:19:07,790 INFO  - ------------------------------------------------------------------------------------- (at simulation time 681.000,000,010 s)
2025-05-28 00:19:07,790 INFO  - Processing event (at simulation time 681.000,000,010 s)
2025-05-28 00:19:07,790 INFO  - ------------------------------------------------------------------------------------- (at simulation time 681.000,000,010 s)
2025-05-28 00:19:07,790 INFO  - My Route = r_1 (at simulation time 681.000,000,010 s)
2025-05-28 00:19:07,790 INFO  - distance to RSU = 13.77868697800525 (at simulation time 681.000,000,010 s)
2025-05-28 00:19:07,790 INFO  - ------------------------------------------------------------------------------------- (at simulation time 681.000,000,010 s)
2025-05-28 00:19:07,790 INFO  - Sent to RSU = 'ABRE! | r_1 | veh_129' (at simulation time 681.000,000,010 s)
2025-05-28 00:19:07,790 INFO  - ------------------------------------------------------------------------------------- (at simulation time 681.000,000,010 s)
2025-05-28 00:19:07,790 INFO  - Tried sending message to RSU (at simulation time 681.000,000,010 s)
2025-05-28 00:19:07,790 INFO  - ACK = false (at simulation time 681.000,000,010 s)
2025-05-28 00:19:07,790 INFO  - ------------------------------------------------------------------------------------- (at simulation time 681.000,000,010 s)
2025-05-28 00:19:07,790 INFO  - ------------------------------------------------------------------------------------- (at simulation time 681.000,000,010 s)
2025-05-28 00:19:07,791 INFO  - ------------------------------------------------------------------------------------- (at simulation time 681.000,000,010 s)
2025-05-28 00:19:07,791 INFO  - Processing event (at simulation time 681.000,000,010 s)
2025-05-28 00:19:07,791 INFO  - ------------------------------------------------------------------------------------- (at simulation time 681.000,000,010 s)
2025-05-28 00:19:07,791 INFO  - My Route = r_1 (at simulation time 681.000,000,010 s)
2025-05-28 00:19:07,791 INFO  - distance to RSU = 13.77868697800525 (at simulation time 681.000,000,010 s)
2025-05-28 00:19:07,791 INFO  - ------------------------------------------------------------------------------------- (at simulation time 681.000,000,010 s)
2025-05-28 00:19:07,791 INFO  - Sent to RSU = 'ABRE! | r_1 | veh_129' (at simulation time 681.000,000,010 s)
2025-05-28 00:19:07,791 INFO  - ------------------------------------------------------------------------------------- (at simulation time 681.000,000,010 s)
2025-05-28 00:19:07,791 INFO  - Tried sending message to RSU (at simulation time 681.000,000,010 s)
2025-05-28 00:19:07,791 INFO  - ACK = false (at simulation time 681.000,000,010 s)
2025-05-28 00:19:07,791 INFO  - ------------------------------------------------------------------------------------- (at simulation time 681.000,000,010 s)
2025-05-28 00:19:07,791 INFO  - ------------------------------------------------------------------------------------- (at simulation time 681.000,000,010 s)
2025-05-28 00:19:07,791 INFO  - ------------------------------------------------------------------------------------- (at simulation time 681.000,000,010 s)
2025-05-28 00:19:07,791 INFO  - Processing event (at simulation time 681.000,000,010 s)
2025-05-28 00:19:07,791 INFO  - ------------------------------------------------------------------------------------- (at simulation time 681.000,000,010 s)
2025-05-28 00:19:07,791 INFO  - My Route = r_1 (at simulation time 681.000,000,010 s)
2025-05-28 00:19:07,791 INFO  - distance to RSU = 13.77868697800525 (at simulation time 681.000,000,010 s)
2025-05-28 00:19:07,791 INFO  - ------------------------------------------------------------------------------------- (at simulation time 681.000,000,010 s)
2025-05-28 00:19:07,791 INFO  - Sent to RSU = 'ABRE! | r_1 | veh_129' (at simulation time 681.000,000,010 s)
2025-05-28 00:19:07,791 INFO  - ------------------------------------------------------------------------------------- (at simulation time 681.000,000,010 s)
2025-05-28 00:19:07,791 INFO  - Tried sending message to RSU (at simulation time 681.000,000,010 s)
2025-05-28 00:19:07,791 INFO  - ACK = false (at simulation time 681.000,000,010 s)
2025-05-28 00:19:07,791 INFO  - ------------------------------------------------------------------------------------- (at simulation time 681.000,000,010 s)
2025-05-28 00:19:07,791 INFO  - ------------------------------------------------------------------------------------- (at simulation time 681.000,000,010 s)
2025-05-28 00:19:07,792 INFO  - ------------------------------------------------------------------------------------- (at simulation time 681.000,000,010 s)
2025-05-28 00:19:07,792 INFO  - Processing event (at simulation time 681.000,000,010 s)
2025-05-28 00:19:07,792 INFO  - ------------------------------------------------------------------------------------- (at simulation time 681.000,000,010 s)
2025-05-28 00:19:07,792 INFO  - My Route = r_1 (at simulation time 681.000,000,010 s)
2025-05-28 00:19:07,792 INFO  - distance to RSU = 13.77868697800525 (at simulation time 681.000,000,010 s)
2025-05-28 00:19:07,792 INFO  - ------------------------------------------------------------------------------------- (at simulation time 681.000,000,010 s)
2025-05-28 00:19:07,792 INFO  - Sent to RSU = 'ABRE! | r_1 | veh_129' (at simulation time 681.000,000,010 s)
2025-05-28 00:19:07,792 INFO  - ------------------------------------------------------------------------------------- (at simulation time 681.000,000,010 s)
2025-05-28 00:19:07,792 INFO  - Tried sending message to RSU (at simulation time 681.000,000,010 s)
2025-05-28 00:19:07,792 INFO  - ACK = false (at simulation time 681.000,000,010 s)
2025-05-28 00:19:07,792 INFO  - ------------------------------------------------------------------------------------- (at simulation time 681.000,000,010 s)
2025-05-28 00:19:07,792 INFO  - ------------------------------------------------------------------------------------- (at simulation time 681.000,000,010 s)
2025-05-28 00:19:07,792 INFO  - ------------------------------------------------------------------------------------- (at simulation time 681.000,000,010 s)
2025-05-28 00:19:07,792 INFO  - Processing event (at simulation time 681.000,000,010 s)
2025-05-28 00:19:07,792 INFO  - ------------------------------------------------------------------------------------- (at simulation time 681.000,000,010 s)
2025-05-28 00:19:07,792 INFO  - My Route = r_1 (at simulation time 681.000,000,010 s)
2025-05-28 00:19:07,792 INFO  - distance to RSU = 13.77868697800525 (at simulation time 681.000,000,010 s)
2025-05-28 00:19:07,792 INFO  - ------------------------------------------------------------------------------------- (at simulation time 681.000,000,010 s)
2025-05-28 00:19:07,792 INFO  - Sent to RSU = 'ABRE! | r_1 | veh_129' (at simulation time 681.000,000,010 s)
2025-05-28 00:19:07,792 INFO  - ------------------------------------------------------------------------------------- (at simulation time 681.000,000,010 s)
2025-05-28 00:19:07,792 INFO  - Tried sending message to RSU (at simulation time 681.000,000,010 s)
2025-05-28 00:19:07,792 INFO  - ACK = false (at simulation time 681.000,000,010 s)
2025-05-28 00:19:07,792 INFO  - ------------------------------------------------------------------------------------- (at simulation time 681.000,000,010 s)
2025-05-28 00:19:07,792 INFO  - ------------------------------------------------------------------------------------- (at simulation time 681.000,000,010 s)
2025-05-28 00:19:07,793 INFO  - ------------------------------------------------------------------------------------- (at simulation time 681.000,000,010 s)
2025-05-28 00:19:07,793 INFO  - Processing event (at simulation time 681.000,000,010 s)
2025-05-28 00:19:07,793 INFO  - ------------------------------------------------------------------------------------- (at simulation time 681.000,000,010 s)
2025-05-28 00:19:07,793 INFO  - My Route = r_1 (at simulation time 681.000,000,010 s)
2025-05-28 00:19:07,793 INFO  - distance to RSU = 13.77868697800525 (at simulation time 681.000,000,010 s)
2025-05-28 00:19:07,793 INFO  - ------------------------------------------------------------------------------------- (at simulation time 681.000,000,010 s)
2025-05-28 00:19:07,793 INFO  - Sent to RSU = 'ABRE! | r_1 | veh_129' (at simulation time 681.000,000,010 s)
2025-05-28 00:19:07,793 INFO  - ------------------------------------------------------------------------------------- (at simulation time 681.000,000,010 s)
2025-05-28 00:19:07,793 INFO  - Tried sending message to RSU (at simulation time 681.000,000,010 s)
2025-05-28 00:19:07,793 INFO  - ACK = false (at simulation time 681.000,000,010 s)
2025-05-28 00:19:07,793 INFO  - ------------------------------------------------------------------------------------- (at simulation time 681.000,000,010 s)
2025-05-28 00:19:07,793 INFO  - ------------------------------------------------------------------------------------- (at simulation time 681.000,000,010 s)
2025-05-28 00:19:07,793 INFO  - ------------------------------------------------------------------------------------- (at simulation time 681.000,000,010 s)
2025-05-28 00:19:07,793 INFO  - Processing event (at simulation time 681.000,000,010 s)
2025-05-28 00:19:07,793 INFO  - ------------------------------------------------------------------------------------- (at simulation time 681.000,000,010 s)
2025-05-28 00:19:07,793 INFO  - My Route = r_1 (at simulation time 681.000,000,010 s)
2025-05-28 00:19:07,793 INFO  - distance to RSU = 13.77868697800525 (at simulation time 681.000,000,010 s)
2025-05-28 00:19:07,794 INFO  - ------------------------------------------------------------------------------------- (at simulation time 681.000,000,010 s)
2025-05-28 00:19:07,794 INFO  - Sent to RSU = 'ABRE! | r_1 | veh_129' (at simulation time 681.000,000,010 s)
2025-05-28 00:19:07,794 INFO  - ------------------------------------------------------------------------------------- (at simulation time 681.000,000,010 s)
2025-05-28 00:19:07,794 INFO  - Tried sending message to RSU (at simulation time 681.000,000,010 s)
2025-05-28 00:19:07,794 INFO  - ACK = false (at simulation time 681.000,000,010 s)
2025-05-28 00:19:07,794 INFO  - ------------------------------------------------------------------------------------- (at simulation time 681.000,000,010 s)
2025-05-28 00:19:07,794 INFO  - ------------------------------------------------------------------------------------- (at simulation time 681.000,000,010 s)
2025-05-28 00:19:07,794 INFO  - ------------------------------------------------------------------------------------- (at simulation time 681.000,000,010 s)
2025-05-28 00:19:07,794 INFO  - Processing event (at simulation time 681.000,000,010 s)
2025-05-28 00:19:07,794 INFO  - ------------------------------------------------------------------------------------- (at simulation time 681.000,000,010 s)
2025-05-28 00:19:07,794 INFO  - My Route = r_1 (at simulation time 681.000,000,010 s)
2025-05-28 00:19:07,794 INFO  - distance to RSU = 13.77868697800525 (at simulation time 681.000,000,010 s)
2025-05-28 00:19:07,794 INFO  - ------------------------------------------------------------------------------------- (at simulation time 681.000,000,010 s)
2025-05-28 00:19:07,794 INFO  - Sent to RSU = 'ABRE! | r_1 | veh_129' (at simulation time 681.000,000,010 s)
2025-05-28 00:19:07,794 INFO  - ------------------------------------------------------------------------------------- (at simulation time 681.000,000,010 s)
2025-05-28 00:19:07,794 INFO  - Tried sending message to RSU (at simulation time 681.000,000,010 s)
2025-05-28 00:19:07,794 INFO  - ACK = false (at simulation time 681.000,000,010 s)
2025-05-28 00:19:07,794 INFO  - ------------------------------------------------------------------------------------- (at simulation time 681.000,000,010 s)
2025-05-28 00:19:07,794 INFO  - ------------------------------------------------------------------------------------- (at simulation time 681.000,000,010 s)
2025-05-28 00:19:07,795 INFO  - ------------------------------------------------------------------------------------- (at simulation time 681.000,000,010 s)
2025-05-28 00:19:07,795 INFO  - Processing event (at simulation time 681.000,000,010 s)
2025-05-28 00:19:07,795 INFO  - ------------------------------------------------------------------------------------- (at simulation time 681.000,000,010 s)
2025-05-28 00:19:07,795 INFO  - My Route = r_1 (at simulation time 681.000,000,010 s)
2025-05-28 00:19:07,795 INFO  - distance to RSU = 13.77868697800525 (at simulation time 681.000,000,010 s)
2025-05-28 00:19:07,795 INFO  - ------------------------------------------------------------------------------------- (at simulation time 681.000,000,010 s)
2025-05-28 00:19:07,795 INFO  - Sent to RSU = 'ABRE! | r_1 | veh_129' (at simulation time 681.000,000,010 s)
2025-05-28 00:19:07,795 INFO  - ------------------------------------------------------------------------------------- (at simulation time 681.000,000,010 s)
2025-05-28 00:19:07,795 INFO  - Tried sending message to RSU (at simulation time 681.000,000,010 s)
2025-05-28 00:19:07,795 INFO  - ACK = false (at simulation time 681.000,000,010 s)
2025-05-28 00:19:07,795 INFO  - ------------------------------------------------------------------------------------- (at simulation time 681.000,000,010 s)
2025-05-28 00:19:07,795 INFO  - ------------------------------------------------------------------------------------- (at simulation time 681.000,000,010 s)
2025-05-28 00:19:07,795 INFO  - ------------------------------------------------------------------------------------- (at simulation time 681.000,000,010 s)
2025-05-28 00:19:07,795 INFO  - Processing event (at simulation time 681.000,000,010 s)
2025-05-28 00:19:07,795 INFO  - ------------------------------------------------------------------------------------- (at simulation time 681.000,000,010 s)
2025-05-28 00:19:07,795 INFO  - My Route = r_1 (at simulation time 681.000,000,010 s)
2025-05-28 00:19:07,795 INFO  - distance to RSU = 13.77868697800525 (at simulation time 681.000,000,010 s)
2025-05-28 00:19:07,795 INFO  - ------------------------------------------------------------------------------------- (at simulation time 681.000,000,010 s)
2025-05-28 00:19:07,795 INFO  - Sent to RSU = 'ABRE! | r_1 | veh_129' (at simulation time 681.000,000,010 s)
2025-05-28 00:19:07,795 INFO  - ------------------------------------------------------------------------------------- (at simulation time 681.000,000,010 s)
2025-05-28 00:19:07,795 INFO  - Tried sending message to RSU (at simulation time 681.000,000,010 s)
2025-05-28 00:19:07,795 INFO  - ACK = false (at simulation time 681.000,000,010 s)
2025-05-28 00:19:07,795 INFO  - ------------------------------------------------------------------------------------- (at simulation time 681.000,000,010 s)
2025-05-28 00:19:07,795 INFO  - ------------------------------------------------------------------------------------- (at simulation time 681.000,000,010 s)
2025-05-28 00:19:07,796 INFO  - ------------------------------------------------------------------------------------- (at simulation time 681.000,000,010 s)
2025-05-28 00:19:07,796 INFO  - Processing event (at simulation time 681.000,000,010 s)
2025-05-28 00:19:07,796 INFO  - ------------------------------------------------------------------------------------- (at simulation time 681.000,000,010 s)
2025-05-28 00:19:07,796 INFO  - My Route = r_1 (at simulation time 681.000,000,010 s)
2025-05-28 00:19:07,796 INFO  - distance to RSU = 13.77868697800525 (at simulation time 681.000,000,010 s)
2025-05-28 00:19:07,796 INFO  - ------------------------------------------------------------------------------------- (at simulation time 681.000,000,010 s)
2025-05-28 00:19:07,796 INFO  - Sent to RSU = 'ABRE! | r_1 | veh_129' (at simulation time 681.000,000,010 s)
2025-05-28 00:19:07,796 INFO  - ------------------------------------------------------------------------------------- (at simulation time 681.000,000,010 s)
2025-05-28 00:19:07,796 INFO  - Tried sending message to RSU (at simulation time 681.000,000,010 s)
2025-05-28 00:19:07,796 INFO  - ACK = false (at simulation time 681.000,000,010 s)
2025-05-28 00:19:07,796 INFO  - ------------------------------------------------------------------------------------- (at simulation time 681.000,000,010 s)
2025-05-28 00:19:07,796 INFO  - ------------------------------------------------------------------------------------- (at simulation time 681.000,000,010 s)
2025-05-28 00:19:07,797 INFO  - ------------------------------------------------------------------------------------- (at simulation time 681.000,000,010 s)
2025-05-28 00:19:07,797 INFO  - Processing event (at simulation time 681.000,000,010 s)
2025-05-28 00:19:07,797 INFO  - ------------------------------------------------------------------------------------- (at simulation time 681.000,000,010 s)
2025-05-28 00:19:07,797 INFO  - My Route = r_1 (at simulation time 681.000,000,010 s)
2025-05-28 00:19:07,797 INFO  - distance to RSU = 13.77868697800525 (at simulation time 681.000,000,010 s)
2025-05-28 00:19:07,797 INFO  - ------------------------------------------------------------------------------------- (at simulation time 681.000,000,010 s)
2025-05-28 00:19:07,797 INFO  - Sent to RSU = 'ABRE! | r_1 | veh_129' (at simulation time 681.000,000,010 s)
2025-05-28 00:19:07,797 INFO  - ------------------------------------------------------------------------------------- (at simulation time 681.000,000,010 s)
2025-05-28 00:19:07,797 INFO  - Tried sending message to RSU (at simulation time 681.000,000,010 s)
2025-05-28 00:19:07,797 INFO  - ACK = false (at simulation time 681.000,000,010 s)
2025-05-28 00:19:07,797 INFO  - ------------------------------------------------------------------------------------- (at simulation time 681.000,000,010 s)
2025-05-28 00:19:07,797 INFO  - ------------------------------------------------------------------------------------- (at simulation time 681.000,000,010 s)
2025-05-28 00:19:07,797 INFO  - ------------------------------------------------------------------------------------- (at simulation time 681.000,400,000 s)
2025-05-28 00:19:07,797 INFO  - New neighbour is veh_124 (at simulation time 681.000,400,000 s)
2025-05-28 00:19:07,797 INFO  - ------------------------------------------------------------------------------------- (at simulation time 681.000,400,000 s)
2025-05-28 00:19:07,798 INFO  - ------------------------------------------------------------------------------------- (at simulation time 681.000,800,000 s)
2025-05-28 00:19:07,798 INFO  - Received ACK with origin at RSU from rsu_0 at 681000800000 (at simulation time 681.000,800,000 s)
2025-05-28 00:19:07,798 INFO  - ------------------------------------------------------------------------------------- (at simulation time 681.000,800,000 s)
2025-05-28 00:19:07,798 INFO  - ------------------------------------------------------------------------------------- (at simulation time 681.000,900,000 s)
2025-05-28 00:19:07,798 INFO  - New neighbour is veh_127 (at simulation time 681.000,900,000 s)
2025-05-28 00:19:07,798 INFO  - ------------------------------------------------------------------------------------- (at simulation time 681.000,900,000 s)
2025-05-28 00:19:07,798 INFO  - ------------------------------------------------------------------------------------- (at simulation time 681.001,300,000 s)
2025-05-28 00:19:07,798 INFO  - Received ACK with origin at RSU from rsu_0 at 681001300000 (at simulation time 681.001,300,000 s)
2025-05-28 00:19:07,798 INFO  - ------------------------------------------------------------------------------------- (at simulation time 681.001,300,000 s)
2025-05-28 00:19:07,798 INFO  - ------------------------------------------------------------------------------------- (at simulation time 681.001,300,000 s)
2025-05-28 00:19:07,798 INFO  - Received ACK with origin at RSU from rsu_0 at 681001300000 (at simulation time 681.001,300,000 s)
2025-05-28 00:19:07,798 INFO  - ------------------------------------------------------------------------------------- (at simulation time 681.001,300,000 s)
2025-05-28 00:19:07,798 INFO  - ------------------------------------------------------------------------------------- (at simulation time 681.001,300,000 s)
2025-05-28 00:19:07,798 INFO  - Received ACK with origin at RSU from rsu_0 at 681001300000 (at simulation time 681.001,300,000 s)
2025-05-28 00:19:07,798 INFO  - ------------------------------------------------------------------------------------- (at simulation time 681.001,300,000 s)
2025-05-28 00:19:07,798 INFO  - ------------------------------------------------------------------------------------- (at simulation time 681.001,300,010 s)
2025-05-28 00:19:07,798 INFO  - Received ACK with origin at RSU from rsu_0 at 681001300010 (at simulation time 681.001,300,010 s)
2025-05-28 00:19:07,798 INFO  - ------------------------------------------------------------------------------------- (at simulation time 681.001,300,010 s)
2025-05-28 00:19:07,798 INFO  - ------------------------------------------------------------------------------------- (at simulation time 681.001,300,010 s)
2025-05-28 00:19:07,798 INFO  - Received ACK with origin at RSU from rsu_0 at 681001300010 (at simulation time 681.001,300,010 s)
2025-05-28 00:19:07,798 INFO  - ------------------------------------------------------------------------------------- (at simulation time 681.001,300,010 s)
2025-05-28 00:19:07,799 INFO  - ------------------------------------------------------------------------------------- (at simulation time 681.001,800,000 s)
2025-05-28 00:19:07,799 INFO  - Received ACK with origin at RSU from rsu_0 at 681001800000 (at simulation time 681.001,800,000 s)
2025-05-28 00:19:07,799 INFO  - ------------------------------------------------------------------------------------- (at simulation time 681.001,800,000 s)
2025-05-28 00:19:07,799 INFO  - ------------------------------------------------------------------------------------- (at simulation time 681.001,800,000 s)
2025-05-28 00:19:07,799 INFO  - Received ACK with origin at RSU from rsu_0 at 681001800000 (at simulation time 681.001,800,000 s)
2025-05-28 00:19:07,799 INFO  - ------------------------------------------------------------------------------------- (at simulation time 681.001,800,000 s)
2025-05-28 00:19:07,799 INFO  - ------------------------------------------------------------------------------------- (at simulation time 681.001,800,000 s)
2025-05-28 00:19:07,799 INFO  - Received ACK with origin at RSU from rsu_0 at 681001800000 (at simulation time 681.001,800,000 s)
2025-05-28 00:19:07,799 INFO  - ------------------------------------------------------------------------------------- (at simulation time 681.001,800,000 s)
2025-05-28 00:19:07,799 INFO  - ------------------------------------------------------------------------------------- (at simulation time 681.001,800,010 s)
2025-05-28 00:19:07,799 INFO  - Received ACK with origin at RSU from rsu_0 at 681001800010 (at simulation time 681.001,800,010 s)
2025-05-28 00:19:07,799 INFO  - ------------------------------------------------------------------------------------- (at simulation time 681.001,800,010 s)
2025-05-28 00:19:07,799 INFO  - ------------------------------------------------------------------------------------- (at simulation time 681.001,900,000 s)
2025-05-28 00:19:07,799 INFO  - New neighbour is veh_125 (at simulation time 681.001,900,000 s)
2025-05-28 00:19:07,799 INFO  - ------------------------------------------------------------------------------------- (at simulation time 681.001,900,000 s)
2025-05-28 00:19:07,800 INFO  - ------------------------------------------------------------------------------------- (at simulation time 681.002,300,000 s)
2025-05-28 00:19:07,800 INFO  - Received ACK with origin at RSU from rsu_0 at 681002300000 (at simulation time 681.002,300,000 s)
2025-05-28 00:19:07,800 INFO  - ------------------------------------------------------------------------------------- (at simulation time 681.002,300,000 s)
2025-05-28 00:19:07,800 INFO  - ------------------------------------------------------------------------------------- (at simulation time 681.002,300,000 s)
2025-05-28 00:19:07,800 INFO  - Received ACK with origin at RSU from rsu_0 at 681002300000 (at simulation time 681.002,300,000 s)
2025-05-28 00:19:07,800 INFO  - ------------------------------------------------------------------------------------- (at simulation time 681.002,300,000 s)
2025-05-28 00:19:07,800 INFO  - ------------------------------------------------------------------------------------- (at simulation time 681.002,300,000 s)
2025-05-28 00:19:07,800 INFO  - Received ACK with origin at RSU from rsu_0 at 681002300000 (at simulation time 681.002,300,000 s)
2025-05-28 00:19:07,800 INFO  - ------------------------------------------------------------------------------------- (at simulation time 681.002,300,000 s)
2025-05-28 00:19:07,800 INFO  - ------------------------------------------------------------------------------------- (at simulation time 681.002,300,010 s)
2025-05-28 00:19:07,800 INFO  - Received ACK with origin at RSU from rsu_0 at 681002300010 (at simulation time 681.002,300,010 s)
2025-05-28 00:19:07,800 INFO  - ------------------------------------------------------------------------------------- (at simulation time 681.002,300,010 s)
2025-05-28 00:19:07,800 INFO  - ------------------------------------------------------------------------------------- (at simulation time 681.002,300,010 s)
2025-05-28 00:19:07,800 INFO  - Received ACK with origin at RSU from rsu_0 at 681002300010 (at simulation time 681.002,300,010 s)
2025-05-28 00:19:07,800 INFO  - ------------------------------------------------------------------------------------- (at simulation time 681.002,300,010 s)
2025-05-28 00:19:07,800 INFO  - ------------------------------------------------------------------------------------- (at simulation time 681.002,800,000 s)
2025-05-28 00:19:07,800 INFO  - Received ACK with origin at RSU from rsu_0 at 681002800000 (at simulation time 681.002,800,000 s)
2025-05-28 00:19:07,800 INFO  - ------------------------------------------------------------------------------------- (at simulation time 681.002,800,000 s)
2025-05-28 00:19:07,800 INFO  - ------------------------------------------------------------------------------------- (at simulation time 681.002,800,000 s)
2025-05-28 00:19:07,800 INFO  - Received ACK with origin at RSU from rsu_0 at 681002800000 (at simulation time 681.002,800,000 s)
2025-05-28 00:19:07,800 INFO  - ------------------------------------------------------------------------------------- (at simulation time 681.002,800,000 s)
2025-05-28 00:19:07,800 INFO  - ------------------------------------------------------------------------------------- (at simulation time 681.002,800,000 s)
2025-05-28 00:19:07,800 INFO  - Received ACK with origin at RSU from rsu_0 at 681002800000 (at simulation time 681.002,800,000 s)
2025-05-28 00:19:07,800 INFO  - ------------------------------------------------------------------------------------- (at simulation time 681.002,800,000 s)
2025-05-28 00:19:07,800 INFO  - ------------------------------------------------------------------------------------- (at simulation time 681.002,800,010 s)
2025-05-28 00:19:07,800 INFO  - Received ACK with origin at RSU from rsu_0 at 681002800010 (at simulation time 681.002,800,010 s)
2025-05-28 00:19:07,800 INFO  - ------------------------------------------------------------------------------------- (at simulation time 681.002,800,010 s)
2025-05-28 00:19:07,800 INFO  - ------------------------------------------------------------------------------------- (at simulation time 681.002,800,010 s)
2025-05-28 00:19:07,800 INFO  - Received ACK with origin at RSU from rsu_0 at 681002800010 (at simulation time 681.002,800,010 s)
2025-05-28 00:19:07,800 INFO  - ------------------------------------------------------------------------------------- (at simulation time 681.002,800,010 s)
2025-05-28 00:19:07,800 INFO  - ------------------------------------------------------------------------------------- (at simulation time 681.003,300,000 s)
2025-05-28 00:19:07,800 INFO  - Received ACK with origin at RSU from rsu_0 at 681003300000 (at simulation time 681.003,300,000 s)
2025-05-28 00:19:07,800 INFO  - ------------------------------------------------------------------------------------- (at simulation time 681.003,300,000 s)
2025-05-28 00:19:07,800 INFO  - ------------------------------------------------------------------------------------- (at simulation time 681.003,300,000 s)
2025-05-28 00:19:07,800 INFO  - Received ACK with origin at RSU from rsu_0 at 681003300000 (at simulation time 681.003,300,000 s)
2025-05-28 00:19:07,800 INFO  - ------------------------------------------------------------------------------------- (at simulation time 681.003,300,000 s)
2025-05-28 00:19:07,800 INFO  - ------------------------------------------------------------------------------------- (at simulation time 681.003,300,010 s)
2025-05-28 00:19:07,800 INFO  - Received ACK with origin at RSU from rsu_0 at 681003300010 (at simulation time 681.003,300,010 s)
2025-05-28 00:19:07,800 INFO  - ------------------------------------------------------------------------------------- (at simulation time 681.003,300,010 s)
2025-05-28 00:19:07,800 INFO  - ------------------------------------------------------------------------------------- (at simulation time 681.003,300,010 s)
2025-05-28 00:19:07,800 INFO  - Received ACK with origin at RSU from rsu_0 at 681003300010 (at simulation time 681.003,300,010 s)
2025-05-28 00:19:07,800 INFO  - ------------------------------------------------------------------------------------- (at simulation time 681.003,300,010 s)
2025-05-28 00:19:07,800 INFO  - ------------------------------------------------------------------------------------- (at simulation time 681.003,300,010 s)
2025-05-28 00:19:07,800 INFO  - Received ACK with origin at RSU from rsu_0 at 681003300010 (at simulation time 681.003,300,010 s)
2025-05-28 00:19:07,800 INFO  - ------------------------------------------------------------------------------------- (at simulation time 681.003,300,010 s)
2025-05-28 00:19:07,800 INFO  - ------------------------------------------------------------------------------------- (at simulation time 681.003,300,010 s)
2025-05-28 00:19:07,800 INFO  - Received ACK with origin at RSU from rsu_0 at 681003300010 (at simulation time 681.003,300,010 s)
2025-05-28 00:19:07,800 INFO  - ------------------------------------------------------------------------------------- (at simulation time 681.003,300,010 s)
2025-05-28 00:19:07,800 INFO  - ------------------------------------------------------------------------------------- (at simulation time 681.003,800,000 s)
2025-05-28 00:19:07,800 INFO  - Received ACK with origin at RSU from rsu_0 at 681003800000 (at simulation time 681.003,800,000 s)
2025-05-28 00:19:07,800 INFO  - ------------------------------------------------------------------------------------- (at simulation time 681.003,800,000 s)
2025-05-28 00:19:07,800 INFO  - ------------------------------------------------------------------------------------- (at simulation time 681.003,800,000 s)
2025-05-28 00:19:07,800 INFO  - Received ACK with origin at RSU from rsu_0 at 681003800000 (at simulation time 681.003,800,000 s)
2025-05-28 00:19:07,800 INFO  - ------------------------------------------------------------------------------------- (at simulation time 681.003,800,000 s)
2025-05-28 00:19:07,800 INFO  - ------------------------------------------------------------------------------------- (at simulation time 681.003,800,010 s)
2025-05-28 00:19:07,800 INFO  - Received ACK with origin at RSU from rsu_0 at 681003800010 (at simulation time 681.003,800,010 s)
2025-05-28 00:19:07,800 INFO  - ------------------------------------------------------------------------------------- (at simulation time 681.003,800,010 s)
2025-05-28 00:19:07,800 INFO  - ------------------------------------------------------------------------------------- (at simulation time 681.003,800,010 s)
2025-05-28 00:19:07,800 INFO  - Received ACK with origin at RSU from rsu_0 at 681003800010 (at simulation time 681.003,800,010 s)
2025-05-28 00:19:07,800 INFO  - ------------------------------------------------------------------------------------- (at simulation time 681.003,800,010 s)
2025-05-28 00:19:07,800 INFO  - ------------------------------------------------------------------------------------- (at simulation time 681.003,800,010 s)
2025-05-28 00:19:07,800 INFO  - Received ACK with origin at RSU from rsu_0 at 681003800010 (at simulation time 681.003,800,010 s)
2025-05-28 00:19:07,800 INFO  - ------------------------------------------------------------------------------------- (at simulation time 681.003,800,010 s)
2025-05-28 00:19:07,800 INFO  - ------------------------------------------------------------------------------------- (at simulation time 681.003,800,010 s)
2025-05-28 00:19:07,800 INFO  - Received ACK with origin at RSU from rsu_0 at 681003800010 (at simulation time 681.003,800,010 s)
2025-05-28 00:19:07,800 INFO  - ------------------------------------------------------------------------------------- (at simulation time 681.003,800,010 s)
2025-05-28 00:19:07,800 INFO  - ------------------------------------------------------------------------------------- (at simulation time 681.003,800,010 s)
2025-05-28 00:19:07,800 INFO  - Received ACK with origin at RSU from rsu_0 at 681003800010 (at simulation time 681.003,800,010 s)
2025-05-28 00:19:07,800 INFO  - ------------------------------------------------------------------------------------- (at simulation time 681.003,800,010 s)
2025-05-28 00:19:07,800 INFO  - ------------------------------------------------------------------------------------- (at simulation time 681.004,800,010 s)
2025-05-28 00:19:07,800 INFO  - Received ACK with origin at RSU from rsu_0 at 681004800010 (at simulation time 681.004,800,010 s)
2025-05-28 00:19:07,800 INFO  - ------------------------------------------------------------------------------------- (at simulation time 681.004,800,010 s)
2025-05-28 00:19:07,802 INFO  - ------------------------------------------------------------------------------------- (at simulation time 682.000,000,000 s)
2025-05-28 00:19:07,802 INFO  - Already have ACK (at simulation time 682.000,000,000 s)
2025-05-28 00:19:07,802 INFO  - ------------------------------------------------------------------------------------- (at simulation time 682.000,000,000 s)
2025-05-28 00:19:07,802 INFO  - ------------------------------------------------------------------------------------- (at simulation time 682.000,000,000 s)
2025-05-28 00:19:07,802 INFO  - Processing event (at simulation time 682.000,000,000 s)
2025-05-28 00:19:07,802 INFO  - ------------------------------------------------------------------------------------- (at simulation time 682.000,000,000 s)
2025-05-28 00:19:07,802 INFO  - Already have ACK (at simulation time 682.000,000,000 s)
2025-05-28 00:19:07,802 INFO  - ------------------------------------------------------------------------------------- (at simulation time 682.000,000,000 s)
2025-05-28 00:19:07,802 INFO  - ------------------------------------------------------------------------------------- (at simulation time 682.000,000,000 s)
2025-05-28 00:19:07,803 INFO  - ------------------------------------------------------------------------------------- (at simulation time 682.000,000,000 s)
2025-05-28 00:19:07,803 INFO  - Processing event (at simulation time 682.000,000,000 s)
2025-05-28 00:19:07,803 INFO  - ------------------------------------------------------------------------------------- (at simulation time 682.000,000,000 s)
2025-05-28 00:19:07,803 INFO  - Already have ACK (at simulation time 682.000,000,000 s)
2025-05-28 00:19:07,803 INFO  - ------------------------------------------------------------------------------------- (at simulation time 682.000,000,000 s)
2025-05-28 00:19:07,803 INFO  - ------------------------------------------------------------------------------------- (at simulation time 682.000,000,000 s)
2025-05-28 00:19:07,803 INFO  - ------------------------------------------------------------------------------------- (at simulation time 682.000,000,000 s)
2025-05-28 00:19:07,803 INFO  - Processing event (at simulation time 682.000,000,000 s)
2025-05-28 00:19:07,803 INFO  - ------------------------------------------------------------------------------------- (at simulation time 682.000,000,000 s)
2025-05-28 00:19:07,803 INFO  - Already have ACK (at simulation time 682.000,000,000 s)
2025-05-28 00:19:07,803 INFO  - ------------------------------------------------------------------------------------- (at simulation time 682.000,000,000 s)
2025-05-28 00:19:07,803 INFO  - ------------------------------------------------------------------------------------- (at simulation time 682.000,000,000 s)
2025-05-28 00:19:07,804 INFO  - ------------------------------------------------------------------------------------- (at simulation time 682.000,000,000 s)
2025-05-28 00:19:07,804 INFO  - Processing event (at simulation time 682.000,000,000 s)
2025-05-28 00:19:07,804 INFO  - ------------------------------------------------------------------------------------- (at simulation time 682.000,000,000 s)
2025-05-28 00:19:07,804 INFO  - Already have ACK (at simulation time 682.000,000,000 s)
2025-05-28 00:19:07,804 INFO  - ------------------------------------------------------------------------------------- (at simulation time 682.000,000,000 s)
2025-05-28 00:19:07,804 INFO  - ------------------------------------------------------------------------------------- (at simulation time 682.000,000,000 s)
2025-05-28 00:19:07,804 INFO  - ------------------------------------------------------------------------------------- (at simulation time 682.000,000,000 s)
2025-05-28 00:19:07,804 INFO  - Processing event (at simulation time 682.000,000,000 s)
2025-05-28 00:19:07,804 INFO  - ------------------------------------------------------------------------------------- (at simulation time 682.000,000,000 s)
2025-05-28 00:19:07,804 INFO  - Already have ACK (at simulation time 682.000,000,000 s)
2025-05-28 00:19:07,804 INFO  - ------------------------------------------------------------------------------------- (at simulation time 682.000,000,000 s)
2025-05-28 00:19:07,804 INFO  - ------------------------------------------------------------------------------------- (at simulation time 682.000,000,000 s)
2025-05-28 00:19:07,805 INFO  - ------------------------------------------------------------------------------------- (at simulation time 682.000,000,000 s)
2025-05-28 00:19:07,805 INFO  - Processing event (at simulation time 682.000,000,000 s)
2025-05-28 00:19:07,805 INFO  - ------------------------------------------------------------------------------------- (at simulation time 682.000,000,000 s)
2025-05-28 00:19:07,805 INFO  - Already have ACK (at simulation time 682.000,000,000 s)
2025-05-28 00:19:07,805 INFO  - ------------------------------------------------------------------------------------- (at simulation time 682.000,000,000 s)
2025-05-28 00:19:07,805 INFO  - ------------------------------------------------------------------------------------- (at simulation time 682.000,000,000 s)
2025-05-28 00:19:07,806 INFO  - ------------------------------------------------------------------------------------- (at simulation time 682.000,000,000 s)
2025-05-28 00:19:07,806 INFO  - Processing event (at simulation time 682.000,000,000 s)
2025-05-28 00:19:07,806 INFO  - ------------------------------------------------------------------------------------- (at simulation time 682.000,000,000 s)
2025-05-28 00:19:07,806 INFO  - Already have ACK (at simulation time 682.000,000,000 s)
2025-05-28 00:19:07,806 INFO  - ------------------------------------------------------------------------------------- (at simulation time 682.000,000,000 s)
2025-05-28 00:19:07,806 INFO  - ------------------------------------------------------------------------------------- (at simulation time 682.000,000,000 s)
2025-05-28 00:19:07,806 INFO  - ------------------------------------------------------------------------------------- (at simulation time 682.000,000,000 s)
2025-05-28 00:19:07,806 INFO  - Processing event (at simulation time 682.000,000,000 s)
2025-05-28 00:19:07,806 INFO  - ------------------------------------------------------------------------------------- (at simulation time 682.000,000,000 s)
2025-05-28 00:19:07,806 INFO  - Already have ACK (at simulation time 682.000,000,000 s)
2025-05-28 00:19:07,806 INFO  - ------------------------------------------------------------------------------------- (at simulation time 682.000,000,000 s)
2025-05-28 00:19:07,806 INFO  - ------------------------------------------------------------------------------------- (at simulation time 682.000,000,000 s)
2025-05-28 00:19:07,807 INFO  - ------------------------------------------------------------------------------------- (at simulation time 682.000,000,000 s)
2025-05-28 00:19:07,807 INFO  - Processing event (at simulation time 682.000,000,000 s)
2025-05-28 00:19:07,807 INFO  - ------------------------------------------------------------------------------------- (at simulation time 682.000,000,000 s)
2025-05-28 00:19:07,807 INFO  - Already have ACK (at simulation time 682.000,000,000 s)
2025-05-28 00:19:07,807 INFO  - ------------------------------------------------------------------------------------- (at simulation time 682.000,000,000 s)
2025-05-28 00:19:07,807 INFO  - ------------------------------------------------------------------------------------- (at simulation time 682.000,000,000 s)
2025-05-28 00:19:07,807 INFO  - ------------------------------------------------------------------------------------- (at simulation time 682.000,000,000 s)
2025-05-28 00:19:07,807 INFO  - Processing event (at simulation time 682.000,000,000 s)
2025-05-28 00:19:07,807 INFO  - ------------------------------------------------------------------------------------- (at simulation time 682.000,000,000 s)
2025-05-28 00:19:07,807 INFO  - Already have ACK (at simulation time 682.000,000,000 s)
2025-05-28 00:19:07,807 INFO  - ------------------------------------------------------------------------------------- (at simulation time 682.000,000,000 s)
2025-05-28 00:19:07,807 INFO  - ------------------------------------------------------------------------------------- (at simulation time 682.000,000,000 s)
2025-05-28 00:19:07,807 INFO  - ------------------------------------------------------------------------------------- (at simulation time 682.000,000,000 s)
2025-05-28 00:19:07,807 INFO  - Processing event (at simulation time 682.000,000,000 s)
2025-05-28 00:19:07,807 INFO  - ------------------------------------------------------------------------------------- (at simulation time 682.000,000,000 s)
2025-05-28 00:19:07,807 INFO  - Already have ACK (at simulation time 682.000,000,000 s)
2025-05-28 00:19:07,807 INFO  - ------------------------------------------------------------------------------------- (at simulation time 682.000,000,000 s)
2025-05-28 00:19:07,807 INFO  - ------------------------------------------------------------------------------------- (at simulation time 682.000,000,000 s)
2025-05-28 00:19:07,808 INFO  - ------------------------------------------------------------------------------------- (at simulation time 682.000,000,000 s)
2025-05-28 00:19:07,808 INFO  - Processing event (at simulation time 682.000,000,000 s)
2025-05-28 00:19:07,808 INFO  - ------------------------------------------------------------------------------------- (at simulation time 682.000,000,000 s)
2025-05-28 00:19:07,808 INFO  - Already have ACK (at simulation time 682.000,000,000 s)
2025-05-28 00:19:07,808 INFO  - ------------------------------------------------------------------------------------- (at simulation time 682.000,000,000 s)
2025-05-28 00:19:07,808 INFO  - ------------------------------------------------------------------------------------- (at simulation time 682.000,000,000 s)
2025-05-28 00:19:07,808 INFO  - ------------------------------------------------------------------------------------- (at simulation time 682.000,000,000 s)
2025-05-28 00:19:07,808 INFO  - Processing event (at simulation time 682.000,000,000 s)
2025-05-28 00:19:07,808 INFO  - ------------------------------------------------------------------------------------- (at simulation time 682.000,000,000 s)
2025-05-28 00:19:07,808 INFO  - Already have ACK (at simulation time 682.000,000,000 s)
2025-05-28 00:19:07,808 INFO  - ------------------------------------------------------------------------------------- (at simulation time 682.000,000,000 s)
2025-05-28 00:19:07,808 INFO  - ------------------------------------------------------------------------------------- (at simulation time 682.000,000,000 s)
2025-05-28 00:19:07,809 INFO  - ------------------------------------------------------------------------------------- (at simulation time 682.000,000,000 s)
2025-05-28 00:19:07,809 INFO  - Processing event (at simulation time 682.000,000,000 s)
2025-05-28 00:19:07,809 INFO  - ------------------------------------------------------------------------------------- (at simulation time 682.000,000,000 s)
2025-05-28 00:19:07,809 INFO  - Already have ACK (at simulation time 682.000,000,000 s)
2025-05-28 00:19:07,809 INFO  - ------------------------------------------------------------------------------------- (at simulation time 682.000,000,000 s)
2025-05-28 00:19:07,809 INFO  - ------------------------------------------------------------------------------------- (at simulation time 682.000,000,000 s)
2025-05-28 00:19:07,809 INFO  - ------------------------------------------------------------------------------------- (at simulation time 682.000,000,000 s)
2025-05-28 00:19:07,809 INFO  - Processing event (at simulation time 682.000,000,000 s)
2025-05-28 00:19:07,809 INFO  - ------------------------------------------------------------------------------------- (at simulation time 682.000,000,000 s)
2025-05-28 00:19:07,809 INFO  - Already have ACK (at simulation time 682.000,000,000 s)
2025-05-28 00:19:07,809 INFO  - ------------------------------------------------------------------------------------- (at simulation time 682.000,000,000 s)
2025-05-28 00:19:07,809 INFO  - ------------------------------------------------------------------------------------- (at simulation time 682.000,000,000 s)
2025-05-28 00:19:07,810 INFO  - ------------------------------------------------------------------------------------- (at simulation time 682.000,000,000 s)
2025-05-28 00:19:07,810 INFO  - Processing event (at simulation time 682.000,000,000 s)
2025-05-28 00:19:07,810 INFO  - ------------------------------------------------------------------------------------- (at simulation time 682.000,000,000 s)
2025-05-28 00:19:07,810 INFO  - Already have ACK (at simulation time 682.000,000,000 s)
2025-05-28 00:19:07,810 INFO  - ------------------------------------------------------------------------------------- (at simulation time 682.000,000,000 s)
2025-05-28 00:19:07,810 INFO  - ------------------------------------------------------------------------------------- (at simulation time 682.000,000,000 s)
2025-05-28 00:19:07,810 INFO  - ------------------------------------------------------------------------------------- (at simulation time 682.000,000,000 s)
2025-05-28 00:19:07,810 INFO  - Processing event (at simulation time 682.000,000,000 s)
2025-05-28 00:19:07,810 INFO  - ------------------------------------------------------------------------------------- (at simulation time 682.000,000,000 s)
2025-05-28 00:19:07,810 INFO  - Already have ACK (at simulation time 682.000,000,000 s)
2025-05-28 00:19:07,810 INFO  - ------------------------------------------------------------------------------------- (at simulation time 682.000,000,000 s)
2025-05-28 00:19:07,810 INFO  - ------------------------------------------------------------------------------------- (at simulation time 682.000,000,000 s)
2025-05-28 00:19:07,887 INFO  - ------------------------------------------------------------------------------------- (at simulation time 682.000,000,010 s)
2025-05-28 00:19:07,887 INFO  - Processing event (at simulation time 682.000,000,010 s)
2025-05-28 00:19:07,887 INFO  - ------------------------------------------------------------------------------------- (at simulation time 682.000,000,010 s)
2025-05-28 00:19:07,887 INFO  - Already have ACK (at simulation time 682.000,000,010 s)
2025-05-28 00:19:07,887 INFO  - ------------------------------------------------------------------------------------- (at simulation time 682.000,000,010 s)
2025-05-28 00:19:07,887 INFO  - ------------------------------------------------------------------------------------- (at simulation time 682.000,000,010 s)
2025-05-28 00:19:07,888 INFO  - ------------------------------------------------------------------------------------- (at simulation time 682.000,000,010 s)
2025-05-28 00:19:07,888 INFO  - Processing event (at simulation time 682.000,000,010 s)
2025-05-28 00:19:07,888 INFO  - ------------------------------------------------------------------------------------- (at simulation time 682.000,000,010 s)
2025-05-28 00:19:07,888 INFO  - Already have ACK (at simulation time 682.000,000,010 s)
2025-05-28 00:19:07,888 INFO  - ------------------------------------------------------------------------------------- (at simulation time 682.000,000,010 s)
2025-05-28 00:19:07,888 INFO  - ------------------------------------------------------------------------------------- (at simulation time 682.000,000,010 s)
2025-05-28 00:19:07,888 INFO  - ------------------------------------------------------------------------------------- (at simulation time 682.000,000,010 s)
2025-05-28 00:19:07,888 INFO  - Processing event (at simulation time 682.000,000,010 s)
2025-05-28 00:19:07,888 INFO  - ------------------------------------------------------------------------------------- (at simulation time 682.000,000,010 s)
2025-05-28 00:19:07,888 INFO  - Already have ACK (at simulation time 682.000,000,010 s)
2025-05-28 00:19:07,888 INFO  - ------------------------------------------------------------------------------------- (at simulation time 682.000,000,010 s)
2025-05-28 00:19:07,888 INFO  - ------------------------------------------------------------------------------------- (at simulation time 682.000,000,010 s)
2025-05-28 00:19:07,889 INFO  - ------------------------------------------------------------------------------------- (at simulation time 682.000,000,010 s)
2025-05-28 00:19:07,889 INFO  - Processing event (at simulation time 682.000,000,010 s)
2025-05-28 00:19:07,889 INFO  - ------------------------------------------------------------------------------------- (at simulation time 682.000,000,010 s)
2025-05-28 00:19:07,889 INFO  - Already have ACK (at simulation time 682.000,000,010 s)
2025-05-28 00:19:07,889 INFO  - ------------------------------------------------------------------------------------- (at simulation time 682.000,000,010 s)
2025-05-28 00:19:07,889 INFO  - ------------------------------------------------------------------------------------- (at simulation time 682.000,000,010 s)
2025-05-28 00:19:07,889 INFO  - ------------------------------------------------------------------------------------- (at simulation time 682.000,000,010 s)
2025-05-28 00:19:07,889 INFO  - Processing event (at simulation time 682.000,000,010 s)
2025-05-28 00:19:07,889 INFO  - ------------------------------------------------------------------------------------- (at simulation time 682.000,000,010 s)
2025-05-28 00:19:07,889 INFO  - Already have ACK (at simulation time 682.000,000,010 s)
2025-05-28 00:19:07,889 INFO  - ------------------------------------------------------------------------------------- (at simulation time 682.000,000,010 s)
2025-05-28 00:19:07,889 INFO  - ------------------------------------------------------------------------------------- (at simulation time 682.000,000,010 s)
2025-05-28 00:19:07,890 INFO  - ------------------------------------------------------------------------------------- (at simulation time 682.000,000,010 s)
2025-05-28 00:19:07,890 INFO  - Processing event (at simulation time 682.000,000,010 s)
2025-05-28 00:19:07,890 INFO  - ------------------------------------------------------------------------------------- (at simulation time 682.000,000,010 s)
2025-05-28 00:19:07,890 INFO  - Already have ACK (at simulation time 682.000,000,010 s)
2025-05-28 00:19:07,890 INFO  - ------------------------------------------------------------------------------------- (at simulation time 682.000,000,010 s)
2025-05-28 00:19:07,890 INFO  - ------------------------------------------------------------------------------------- (at simulation time 682.000,000,010 s)
2025-05-28 00:19:07,890 INFO  - ------------------------------------------------------------------------------------- (at simulation time 682.000,000,010 s)
2025-05-28 00:19:07,890 INFO  - Processing event (at simulation time 682.000,000,010 s)
2025-05-28 00:19:07,890 INFO  - ------------------------------------------------------------------------------------- (at simulation time 682.000,000,010 s)
2025-05-28 00:19:07,890 INFO  - Already have ACK (at simulation time 682.000,000,010 s)
2025-05-28 00:19:07,890 INFO  - ------------------------------------------------------------------------------------- (at simulation time 682.000,000,010 s)
2025-05-28 00:19:07,890 INFO  - ------------------------------------------------------------------------------------- (at simulation time 682.000,000,010 s)
2025-05-28 00:19:07,891 INFO  - ------------------------------------------------------------------------------------- (at simulation time 682.000,000,010 s)
2025-05-28 00:19:07,891 INFO  - Processing event (at simulation time 682.000,000,010 s)
2025-05-28 00:19:07,891 INFO  - ------------------------------------------------------------------------------------- (at simulation time 682.000,000,010 s)
2025-05-28 00:19:07,891 INFO  - Already have ACK (at simulation time 682.000,000,010 s)
2025-05-28 00:19:07,891 INFO  - ------------------------------------------------------------------------------------- (at simulation time 682.000,000,010 s)
2025-05-28 00:19:07,891 INFO  - ------------------------------------------------------------------------------------- (at simulation time 682.000,000,010 s)
2025-05-28 00:19:07,891 INFO  - ------------------------------------------------------------------------------------- (at simulation time 682.000,000,010 s)
2025-05-28 00:19:07,891 INFO  - Processing event (at simulation time 682.000,000,010 s)
2025-05-28 00:19:07,891 INFO  - ------------------------------------------------------------------------------------- (at simulation time 682.000,000,010 s)
2025-05-28 00:19:07,891 INFO  - Already have ACK (at simulation time 682.000,000,010 s)
2025-05-28 00:19:07,891 INFO  - ------------------------------------------------------------------------------------- (at simulation time 682.000,000,010 s)
2025-05-28 00:19:07,891 INFO  - ------------------------------------------------------------------------------------- (at simulation time 682.000,000,010 s)
2025-05-28 00:19:07,892 INFO  - ------------------------------------------------------------------------------------- (at simulation time 682.000,000,010 s)
2025-05-28 00:19:07,892 INFO  - Processing event (at simulation time 682.000,000,010 s)
2025-05-28 00:19:07,892 INFO  - ------------------------------------------------------------------------------------- (at simulation time 682.000,000,010 s)
2025-05-28 00:19:07,892 INFO  - Already have ACK (at simulation time 682.000,000,010 s)
2025-05-28 00:19:07,892 INFO  - ------------------------------------------------------------------------------------- (at simulation time 682.000,000,010 s)
2025-05-28 00:19:07,892 INFO  - ------------------------------------------------------------------------------------- (at simulation time 682.000,000,010 s)
2025-05-28 00:19:07,892 INFO  - ------------------------------------------------------------------------------------- (at simulation time 682.000,000,010 s)
2025-05-28 00:19:07,892 INFO  - Processing event (at simulation time 682.000,000,010 s)
2025-05-28 00:19:07,892 INFO  - ------------------------------------------------------------------------------------- (at simulation time 682.000,000,010 s)
2025-05-28 00:19:07,892 INFO  - Already have ACK (at simulation time 682.000,000,010 s)
2025-05-28 00:19:07,892 INFO  - ------------------------------------------------------------------------------------- (at simulation time 682.000,000,010 s)
2025-05-28 00:19:07,892 INFO  - ------------------------------------------------------------------------------------- (at simulation time 682.000,000,010 s)
2025-05-28 00:19:07,893 INFO  - ------------------------------------------------------------------------------------- (at simulation time 682.000,000,010 s)
2025-05-28 00:19:07,893 INFO  - Processing event (at simulation time 682.000,000,010 s)
2025-05-28 00:19:07,893 INFO  - ------------------------------------------------------------------------------------- (at simulation time 682.000,000,010 s)
2025-05-28 00:19:07,893 INFO  - Already have ACK (at simulation time 682.000,000,010 s)
2025-05-28 00:19:07,893 INFO  - ------------------------------------------------------------------------------------- (at simulation time 682.000,000,010 s)
2025-05-28 00:19:07,893 INFO  - ------------------------------------------------------------------------------------- (at simulation time 682.000,000,010 s)
2025-05-28 00:19:07,893 INFO  - ------------------------------------------------------------------------------------- (at simulation time 682.000,000,010 s)
2025-05-28 00:19:07,893 INFO  - Processing event (at simulation time 682.000,000,010 s)
2025-05-28 00:19:07,893 INFO  - ------------------------------------------------------------------------------------- (at simulation time 682.000,000,010 s)
2025-05-28 00:19:07,893 INFO  - Already have ACK (at simulation time 682.000,000,010 s)
2025-05-28 00:19:07,893 INFO  - ------------------------------------------------------------------------------------- (at simulation time 682.000,000,010 s)
2025-05-28 00:19:07,893 INFO  - ------------------------------------------------------------------------------------- (at simulation time 682.000,000,010 s)
2025-05-28 00:19:07,894 INFO  - ------------------------------------------------------------------------------------- (at simulation time 682.000,000,010 s)
2025-05-28 00:19:07,894 INFO  - Processing event (at simulation time 682.000,000,010 s)
2025-05-28 00:19:07,894 INFO  - ------------------------------------------------------------------------------------- (at simulation time 682.000,000,010 s)
2025-05-28 00:19:07,894 INFO  - Already have ACK (at simulation time 682.000,000,010 s)
2025-05-28 00:19:07,894 INFO  - ------------------------------------------------------------------------------------- (at simulation time 682.000,000,010 s)
2025-05-28 00:19:07,894 INFO  - ------------------------------------------------------------------------------------- (at simulation time 682.000,000,010 s)
2025-05-28 00:19:07,894 INFO  - ------------------------------------------------------------------------------------- (at simulation time 682.000,000,010 s)
2025-05-28 00:19:07,894 INFO  - Processing event (at simulation time 682.000,000,010 s)
2025-05-28 00:19:07,894 INFO  - ------------------------------------------------------------------------------------- (at simulation time 682.000,000,010 s)
2025-05-28 00:19:07,894 INFO  - Already have ACK (at simulation time 682.000,000,010 s)
2025-05-28 00:19:07,894 INFO  - ------------------------------------------------------------------------------------- (at simulation time 682.000,000,010 s)
2025-05-28 00:19:07,894 INFO  - ------------------------------------------------------------------------------------- (at simulation time 682.000,000,010 s)
2025-05-28 00:19:07,895 INFO  - ------------------------------------------------------------------------------------- (at simulation time 682.000,000,010 s)
2025-05-28 00:19:07,895 INFO  - Processing event (at simulation time 682.000,000,010 s)
2025-05-28 00:19:07,895 INFO  - ------------------------------------------------------------------------------------- (at simulation time 682.000,000,010 s)
2025-05-28 00:19:07,895 INFO  - Already have ACK (at simulation time 682.000,000,010 s)
2025-05-28 00:19:07,895 INFO  - ------------------------------------------------------------------------------------- (at simulation time 682.000,000,010 s)
2025-05-28 00:19:07,895 INFO  - ------------------------------------------------------------------------------------- (at simulation time 682.000,000,010 s)
2025-05-28 00:19:07,895 INFO  - ------------------------------------------------------------------------------------- (at simulation time 682.000,000,010 s)
2025-05-28 00:19:07,895 INFO  - Processing event (at simulation time 682.000,000,010 s)
2025-05-28 00:19:07,896 INFO  - ------------------------------------------------------------------------------------- (at simulation time 682.000,000,010 s)
2025-05-28 00:19:07,896 INFO  - Already have ACK (at simulation time 682.000,000,010 s)
2025-05-28 00:19:07,896 INFO  - ------------------------------------------------------------------------------------- (at simulation time 682.000,000,010 s)
2025-05-28 00:19:07,896 INFO  - ------------------------------------------------------------------------------------- (at simulation time 682.000,000,010 s)
2025-05-28 00:19:07,896 INFO  - ------------------------------------------------------------------------------------- (at simulation time 682.000,000,010 s)
2025-05-28 00:19:07,897 INFO  - Processing event (at simulation time 682.000,000,010 s)
2025-05-28 00:19:07,897 INFO  - ------------------------------------------------------------------------------------- (at simulation time 682.000,000,010 s)
2025-05-28 00:19:07,897 INFO  - Already have ACK (at simulation time 682.000,000,010 s)
2025-05-28 00:19:07,897 INFO  - ------------------------------------------------------------------------------------- (at simulation time 682.000,000,010 s)
2025-05-28 00:19:07,897 INFO  - ------------------------------------------------------------------------------------- (at simulation time 682.000,000,010 s)
2025-05-28 00:19:07,897 INFO  - ------------------------------------------------------------------------------------- (at simulation time 682.000,400,000 s)
2025-05-28 00:19:07,897 INFO  - New neighbour is veh_126 (at simulation time 682.000,400,000 s)
2025-05-28 00:19:07,897 INFO  - ------------------------------------------------------------------------------------- (at simulation time 682.000,400,000 s)
2025-05-28 00:19:07,897 INFO  - ------------------------------------------------------------------------------------- (at simulation time 682.000,900,000 s)
2025-05-28 00:19:07,897 INFO  - New neighbour is veh_125 (at simulation time 682.000,900,000 s)
2025-05-28 00:19:07,897 INFO  - ------------------------------------------------------------------------------------- (at simulation time 682.000,900,000 s)
2025-05-28 00:19:07,897 INFO  - ------------------------------------------------------------------------------------- (at simulation time 682.001,400,000 s)
2025-05-28 00:19:07,897 INFO  - New neighbour is veh_124 (at simulation time 682.001,400,000 s)
2025-05-28 00:19:07,897 INFO  - ------------------------------------------------------------------------------------- (at simulation time 682.001,400,000 s)
2025-05-28 00:19:07,897 INFO  - ------------------------------------------------------------------------------------- (at simulation time 682.002,400,000 s)
2025-05-28 00:19:07,897 INFO  - New neighbour is veh_127 (at simulation time 682.002,400,000 s)
2025-05-28 00:19:07,897 INFO  - ------------------------------------------------------------------------------------- (at simulation time 682.002,400,000 s)
2025-05-28 00:19:07,899 INFO  - ------------------------------------------------------------------------------------- (at simulation time 683.000,000,000 s)
2025-05-28 00:19:07,899 INFO  - Already have ACK (at simulation time 683.000,000,000 s)
2025-05-28 00:19:07,899 INFO  - ------------------------------------------------------------------------------------- (at simulation time 683.000,000,000 s)
2025-05-28 00:19:07,899 INFO  - ------------------------------------------------------------------------------------- (at simulation time 683.000,000,000 s)
2025-05-28 00:19:07,899 INFO  - Processing event (at simulation time 683.000,000,000 s)
2025-05-28 00:19:07,899 INFO  - ------------------------------------------------------------------------------------- (at simulation time 683.000,000,000 s)
2025-05-28 00:19:07,899 INFO  - Already have ACK (at simulation time 683.000,000,000 s)
2025-05-28 00:19:07,899 INFO  - ------------------------------------------------------------------------------------- (at simulation time 683.000,000,000 s)
2025-05-28 00:19:07,899 INFO  - ------------------------------------------------------------------------------------- (at simulation time 683.000,000,000 s)
2025-05-28 00:19:07,900 INFO  - ------------------------------------------------------------------------------------- (at simulation time 683.000,000,000 s)
2025-05-28 00:19:07,900 INFO  - Processing event (at simulation time 683.000,000,000 s)
2025-05-28 00:19:07,900 INFO  - ------------------------------------------------------------------------------------- (at simulation time 683.000,000,000 s)
2025-05-28 00:19:07,900 INFO  - Already have ACK (at simulation time 683.000,000,000 s)
2025-05-28 00:19:07,900 INFO  - ------------------------------------------------------------------------------------- (at simulation time 683.000,000,000 s)
2025-05-28 00:19:07,900 INFO  - ------------------------------------------------------------------------------------- (at simulation time 683.000,000,000 s)
2025-05-28 00:19:07,901 INFO  - ------------------------------------------------------------------------------------- (at simulation time 683.000,000,000 s)
2025-05-28 00:19:07,901 INFO  - Processing event (at simulation time 683.000,000,000 s)
2025-05-28 00:19:07,901 INFO  - ------------------------------------------------------------------------------------- (at simulation time 683.000,000,000 s)
2025-05-28 00:19:07,901 INFO  - Already have ACK (at simulation time 683.000,000,000 s)
2025-05-28 00:19:07,901 INFO  - ------------------------------------------------------------------------------------- (at simulation time 683.000,000,000 s)
2025-05-28 00:19:07,901 INFO  - ------------------------------------------------------------------------------------- (at simulation time 683.000,000,000 s)
2025-05-28 00:19:07,901 INFO  - ------------------------------------------------------------------------------------- (at simulation time 683.000,000,000 s)
2025-05-28 00:19:07,901 INFO  - Processing event (at simulation time 683.000,000,000 s)
2025-05-28 00:19:07,901 INFO  - ------------------------------------------------------------------------------------- (at simulation time 683.000,000,000 s)
2025-05-28 00:19:07,901 INFO  - Already have ACK (at simulation time 683.000,000,000 s)
2025-05-28 00:19:07,901 INFO  - ------------------------------------------------------------------------------------- (at simulation time 683.000,000,000 s)
2025-05-28 00:19:07,901 INFO  - ------------------------------------------------------------------------------------- (at simulation time 683.000,000,000 s)
2025-05-28 00:19:07,902 INFO  - ------------------------------------------------------------------------------------- (at simulation time 683.000,000,000 s)
2025-05-28 00:19:07,902 INFO  - Processing event (at simulation time 683.000,000,000 s)
2025-05-28 00:19:07,902 INFO  - ------------------------------------------------------------------------------------- (at simulation time 683.000,000,000 s)
2025-05-28 00:19:07,902 INFO  - Already have ACK (at simulation time 683.000,000,000 s)
2025-05-28 00:19:07,902 INFO  - ------------------------------------------------------------------------------------- (at simulation time 683.000,000,000 s)
2025-05-28 00:19:07,902 INFO  - ------------------------------------------------------------------------------------- (at simulation time 683.000,000,000 s)
2025-05-28 00:19:07,902 INFO  - ------------------------------------------------------------------------------------- (at simulation time 683.000,000,000 s)
2025-05-28 00:19:07,902 INFO  - Processing event (at simulation time 683.000,000,000 s)
2025-05-28 00:19:07,902 INFO  - ------------------------------------------------------------------------------------- (at simulation time 683.000,000,000 s)
2025-05-28 00:19:07,902 INFO  - Already have ACK (at simulation time 683.000,000,000 s)
2025-05-28 00:19:07,902 INFO  - ------------------------------------------------------------------------------------- (at simulation time 683.000,000,000 s)
2025-05-28 00:19:07,902 INFO  - ------------------------------------------------------------------------------------- (at simulation time 683.000,000,000 s)
2025-05-28 00:19:07,903 INFO  - ------------------------------------------------------------------------------------- (at simulation time 683.000,000,000 s)
2025-05-28 00:19:07,903 INFO  - Processing event (at simulation time 683.000,000,000 s)
2025-05-28 00:19:07,903 INFO  - ------------------------------------------------------------------------------------- (at simulation time 683.000,000,000 s)
2025-05-28 00:19:07,903 INFO  - Already have ACK (at simulation time 683.000,000,000 s)
2025-05-28 00:19:07,903 INFO  - ------------------------------------------------------------------------------------- (at simulation time 683.000,000,000 s)
2025-05-28 00:19:07,903 INFO  - ------------------------------------------------------------------------------------- (at simulation time 683.000,000,000 s)
2025-05-28 00:19:07,904 INFO  - ------------------------------------------------------------------------------------- (at simulation time 683.000,000,000 s)
2025-05-28 00:19:07,904 INFO  - Processing event (at simulation time 683.000,000,000 s)
2025-05-28 00:19:07,904 INFO  - ------------------------------------------------------------------------------------- (at simulation time 683.000,000,000 s)
2025-05-28 00:19:07,904 INFO  - Already have ACK (at simulation time 683.000,000,000 s)
2025-05-28 00:19:07,904 INFO  - ------------------------------------------------------------------------------------- (at simulation time 683.000,000,000 s)
2025-05-28 00:19:07,904 INFO  - ------------------------------------------------------------------------------------- (at simulation time 683.000,000,000 s)
2025-05-28 00:19:07,904 INFO  - ------------------------------------------------------------------------------------- (at simulation time 683.000,000,000 s)
2025-05-28 00:19:07,904 INFO  - Processing event (at simulation time 683.000,000,000 s)
2025-05-28 00:19:07,904 INFO  - ------------------------------------------------------------------------------------- (at simulation time 683.000,000,000 s)
2025-05-28 00:19:07,904 INFO  - Already have ACK (at simulation time 683.000,000,000 s)
2025-05-28 00:19:07,904 INFO  - ------------------------------------------------------------------------------------- (at simulation time 683.000,000,000 s)
2025-05-28 00:19:07,904 INFO  - ------------------------------------------------------------------------------------- (at simulation time 683.000,000,000 s)
2025-05-28 00:19:07,905 INFO  - ------------------------------------------------------------------------------------- (at simulation time 683.000,000,000 s)
2025-05-28 00:19:07,905 INFO  - Processing event (at simulation time 683.000,000,000 s)
2025-05-28 00:19:07,905 INFO  - ------------------------------------------------------------------------------------- (at simulation time 683.000,000,000 s)
2025-05-28 00:19:07,905 INFO  - Already have ACK (at simulation time 683.000,000,000 s)
2025-05-28 00:19:07,905 INFO  - ------------------------------------------------------------------------------------- (at simulation time 683.000,000,000 s)
2025-05-28 00:19:07,905 INFO  - ------------------------------------------------------------------------------------- (at simulation time 683.000,000,000 s)
2025-05-28 00:19:07,905 INFO  - ------------------------------------------------------------------------------------- (at simulation time 683.000,000,000 s)
2025-05-28 00:19:07,905 INFO  - Processing event (at simulation time 683.000,000,000 s)
2025-05-28 00:19:07,905 INFO  - ------------------------------------------------------------------------------------- (at simulation time 683.000,000,000 s)
2025-05-28 00:19:07,905 INFO  - Already have ACK (at simulation time 683.000,000,000 s)
2025-05-28 00:19:07,905 INFO  - ------------------------------------------------------------------------------------- (at simulation time 683.000,000,000 s)
2025-05-28 00:19:07,905 INFO  - ------------------------------------------------------------------------------------- (at simulation time 683.000,000,000 s)
2025-05-28 00:19:07,906 INFO  - ------------------------------------------------------------------------------------- (at simulation time 683.000,000,000 s)
2025-05-28 00:19:07,906 INFO  - Processing event (at simulation time 683.000,000,000 s)
2025-05-28 00:19:07,906 INFO  - ------------------------------------------------------------------------------------- (at simulation time 683.000,000,000 s)
2025-05-28 00:19:07,906 INFO  - Already have ACK (at simulation time 683.000,000,000 s)
2025-05-28 00:19:07,906 INFO  - ------------------------------------------------------------------------------------- (at simulation time 683.000,000,000 s)
2025-05-28 00:19:07,906 INFO  - ------------------------------------------------------------------------------------- (at simulation time 683.000,000,000 s)
2025-05-28 00:19:07,906 INFO  - ------------------------------------------------------------------------------------- (at simulation time 683.000,000,000 s)
2025-05-28 00:19:07,906 INFO  - Processing event (at simulation time 683.000,000,000 s)
2025-05-28 00:19:07,906 INFO  - ------------------------------------------------------------------------------------- (at simulation time 683.000,000,000 s)
2025-05-28 00:19:07,906 INFO  - Already have ACK (at simulation time 683.000,000,000 s)
2025-05-28 00:19:07,906 INFO  - ------------------------------------------------------------------------------------- (at simulation time 683.000,000,000 s)
2025-05-28 00:19:07,906 INFO  - ------------------------------------------------------------------------------------- (at simulation time 683.000,000,000 s)
2025-05-28 00:19:07,907 INFO  - ------------------------------------------------------------------------------------- (at simulation time 683.000,000,000 s)
2025-05-28 00:19:07,907 INFO  - Processing event (at simulation time 683.000,000,000 s)
2025-05-28 00:19:07,907 INFO  - ------------------------------------------------------------------------------------- (at simulation time 683.000,000,000 s)
2025-05-28 00:19:07,907 INFO  - Already have ACK (at simulation time 683.000,000,000 s)
2025-05-28 00:19:07,907 INFO  - ------------------------------------------------------------------------------------- (at simulation time 683.000,000,000 s)
2025-05-28 00:19:07,907 INFO  - ------------------------------------------------------------------------------------- (at simulation time 683.000,000,000 s)
2025-05-28 00:19:07,907 INFO  - ------------------------------------------------------------------------------------- (at simulation time 683.000,000,000 s)
2025-05-28 00:19:07,907 INFO  - Processing event (at simulation time 683.000,000,000 s)
2025-05-28 00:19:07,907 INFO  - ------------------------------------------------------------------------------------- (at simulation time 683.000,000,000 s)
2025-05-28 00:19:07,907 INFO  - Already have ACK (at simulation time 683.000,000,000 s)
2025-05-28 00:19:07,907 INFO  - ------------------------------------------------------------------------------------- (at simulation time 683.000,000,000 s)
2025-05-28 00:19:07,907 INFO  - ------------------------------------------------------------------------------------- (at simulation time 683.000,000,000 s)
2025-05-28 00:19:07,908 INFO  - ------------------------------------------------------------------------------------- (at simulation time 683.000,000,000 s)
2025-05-28 00:19:07,908 INFO  - Processing event (at simulation time 683.000,000,000 s)
2025-05-28 00:19:07,908 INFO  - ------------------------------------------------------------------------------------- (at simulation time 683.000,000,000 s)
2025-05-28 00:19:07,908 INFO  - Already have ACK (at simulation time 683.000,000,000 s)
2025-05-28 00:19:07,908 INFO  - ------------------------------------------------------------------------------------- (at simulation time 683.000,000,000 s)
2025-05-28 00:19:07,908 INFO  - ------------------------------------------------------------------------------------- (at simulation time 683.000,000,000 s)
2025-05-28 00:19:07,908 INFO  - ------------------------------------------------------------------------------------- (at simulation time 683.000,000,000 s)
2025-05-28 00:19:07,908 INFO  - Processing event (at simulation time 683.000,000,000 s)
2025-05-28 00:19:07,908 INFO  - ------------------------------------------------------------------------------------- (at simulation time 683.000,000,000 s)
2025-05-28 00:19:07,908 INFO  - Already have ACK (at simulation time 683.000,000,000 s)
2025-05-28 00:19:07,908 INFO  - ------------------------------------------------------------------------------------- (at simulation time 683.000,000,000 s)
2025-05-28 00:19:07,908 INFO  - ------------------------------------------------------------------------------------- (at simulation time 683.000,000,000 s)
2025-05-28 00:19:07,908 INFO  - ------------------------------------------------------------------------------------- (at simulation time 683.000,000,000 s)
2025-05-28 00:19:07,908 INFO  - Processing event (at simulation time 683.000,000,000 s)
2025-05-28 00:19:07,908 INFO  - ------------------------------------------------------------------------------------- (at simulation time 683.000,000,000 s)
2025-05-28 00:19:07,908 INFO  - Already have ACK (at simulation time 683.000,000,000 s)
2025-05-28 00:19:07,908 INFO  - ------------------------------------------------------------------------------------- (at simulation time 683.000,000,000 s)
2025-05-28 00:19:07,908 INFO  - ------------------------------------------------------------------------------------- (at simulation time 683.000,000,000 s)
2025-05-28 00:19:07,986 INFO  - ------------------------------------------------------------------------------------- (at simulation time 683.000,000,010 s)
2025-05-28 00:19:07,986 INFO  - Processing event (at simulation time 683.000,000,010 s)
2025-05-28 00:19:07,986 INFO  - ------------------------------------------------------------------------------------- (at simulation time 683.000,000,010 s)
2025-05-28 00:19:07,986 INFO  - Already have ACK (at simulation time 683.000,000,010 s)
2025-05-28 00:19:07,986 INFO  - ------------------------------------------------------------------------------------- (at simulation time 683.000,000,010 s)
2025-05-28 00:19:07,986 INFO  - ------------------------------------------------------------------------------------- (at simulation time 683.000,000,010 s)
2025-05-28 00:19:07,987 INFO  - ------------------------------------------------------------------------------------- (at simulation time 683.000,000,010 s)
2025-05-28 00:19:07,987 INFO  - Processing event (at simulation time 683.000,000,010 s)
2025-05-28 00:19:07,987 INFO  - ------------------------------------------------------------------------------------- (at simulation time 683.000,000,010 s)
2025-05-28 00:19:07,987 INFO  - Already have ACK (at simulation time 683.000,000,010 s)
2025-05-28 00:19:07,987 INFO  - ------------------------------------------------------------------------------------- (at simulation time 683.000,000,010 s)
2025-05-28 00:19:07,987 INFO  - ------------------------------------------------------------------------------------- (at simulation time 683.000,000,010 s)
2025-05-28 00:19:07,988 INFO  - ------------------------------------------------------------------------------------- (at simulation time 683.000,000,010 s)
2025-05-28 00:19:07,988 INFO  - Processing event (at simulation time 683.000,000,010 s)
2025-05-28 00:19:07,988 INFO  - ------------------------------------------------------------------------------------- (at simulation time 683.000,000,010 s)
2025-05-28 00:19:07,988 INFO  - Already have ACK (at simulation time 683.000,000,010 s)
2025-05-28 00:19:07,988 INFO  - ------------------------------------------------------------------------------------- (at simulation time 683.000,000,010 s)
2025-05-28 00:19:07,988 INFO  - ------------------------------------------------------------------------------------- (at simulation time 683.000,000,010 s)
2025-05-28 00:19:07,988 INFO  - ------------------------------------------------------------------------------------- (at simulation time 683.000,000,010 s)
2025-05-28 00:19:07,988 INFO  - Processing event (at simulation time 683.000,000,010 s)
2025-05-28 00:19:07,988 INFO  - ------------------------------------------------------------------------------------- (at simulation time 683.000,000,010 s)
2025-05-28 00:19:07,988 INFO  - Already have ACK (at simulation time 683.000,000,010 s)
2025-05-28 00:19:07,988 INFO  - ------------------------------------------------------------------------------------- (at simulation time 683.000,000,010 s)
2025-05-28 00:19:07,988 INFO  - ------------------------------------------------------------------------------------- (at simulation time 683.000,000,010 s)
2025-05-28 00:19:07,989 INFO  - ------------------------------------------------------------------------------------- (at simulation time 683.000,000,010 s)
2025-05-28 00:19:07,989 INFO  - Processing event (at simulation time 683.000,000,010 s)
2025-05-28 00:19:07,989 INFO  - ------------------------------------------------------------------------------------- (at simulation time 683.000,000,010 s)
2025-05-28 00:19:07,989 INFO  - Already have ACK (at simulation time 683.000,000,010 s)
2025-05-28 00:19:07,989 INFO  - ------------------------------------------------------------------------------------- (at simulation time 683.000,000,010 s)
2025-05-28 00:19:07,989 INFO  - ------------------------------------------------------------------------------------- (at simulation time 683.000,000,010 s)
2025-05-28 00:19:07,989 INFO  - ------------------------------------------------------------------------------------- (at simulation time 683.000,000,010 s)
2025-05-28 00:19:07,989 INFO  - Processing event (at simulation time 683.000,000,010 s)
2025-05-28 00:19:07,989 INFO  - ------------------------------------------------------------------------------------- (at simulation time 683.000,000,010 s)
2025-05-28 00:19:07,989 INFO  - Already have ACK (at simulation time 683.000,000,010 s)
2025-05-28 00:19:07,989 INFO  - ------------------------------------------------------------------------------------- (at simulation time 683.000,000,010 s)
2025-05-28 00:19:07,989 INFO  - ------------------------------------------------------------------------------------- (at simulation time 683.000,000,010 s)
2025-05-28 00:19:07,989 INFO  - ------------------------------------------------------------------------------------- (at simulation time 683.000,000,010 s)
2025-05-28 00:19:07,989 INFO  - Processing event (at simulation time 683.000,000,010 s)
2025-05-28 00:19:07,989 INFO  - ------------------------------------------------------------------------------------- (at simulation time 683.000,000,010 s)
2025-05-28 00:19:07,989 INFO  - Already have ACK (at simulation time 683.000,000,010 s)
2025-05-28 00:19:07,989 INFO  - ------------------------------------------------------------------------------------- (at simulation time 683.000,000,010 s)
2025-05-28 00:19:07,990 INFO  - ------------------------------------------------------------------------------------- (at simulation time 683.000,000,010 s)
2025-05-28 00:19:07,990 INFO  - ------------------------------------------------------------------------------------- (at simulation time 683.000,000,010 s)
2025-05-28 00:19:07,990 INFO  - Processing event (at simulation time 683.000,000,010 s)
2025-05-28 00:19:07,990 INFO  - ------------------------------------------------------------------------------------- (at simulation time 683.000,000,010 s)
2025-05-28 00:19:07,990 INFO  - Already have ACK (at simulation time 683.000,000,010 s)
2025-05-28 00:19:07,990 INFO  - ------------------------------------------------------------------------------------- (at simulation time 683.000,000,010 s)
2025-05-28 00:19:07,990 INFO  - ------------------------------------------------------------------------------------- (at simulation time 683.000,000,010 s)
2025-05-28 00:19:07,990 INFO  - ------------------------------------------------------------------------------------- (at simulation time 683.000,000,010 s)
2025-05-28 00:19:07,990 INFO  - Processing event (at simulation time 683.000,000,010 s)
2025-05-28 00:19:07,990 INFO  - ------------------------------------------------------------------------------------- (at simulation time 683.000,000,010 s)
2025-05-28 00:19:07,990 INFO  - Already have ACK (at simulation time 683.000,000,010 s)
2025-05-28 00:19:07,991 INFO  - ------------------------------------------------------------------------------------- (at simulation time 683.000,000,010 s)
2025-05-28 00:19:07,991 INFO  - ------------------------------------------------------------------------------------- (at simulation time 683.000,000,010 s)
2025-05-28 00:19:07,991 INFO  - ------------------------------------------------------------------------------------- (at simulation time 683.000,000,010 s)
2025-05-28 00:19:07,991 INFO  - Processing event (at simulation time 683.000,000,010 s)
2025-05-28 00:19:07,991 INFO  - ------------------------------------------------------------------------------------- (at simulation time 683.000,000,010 s)
2025-05-28 00:19:07,991 INFO  - Already have ACK (at simulation time 683.000,000,010 s)
2025-05-28 00:19:07,991 INFO  - ------------------------------------------------------------------------------------- (at simulation time 683.000,000,010 s)
2025-05-28 00:19:07,991 INFO  - ------------------------------------------------------------------------------------- (at simulation time 683.000,000,010 s)
2025-05-28 00:19:07,992 INFO  - ------------------------------------------------------------------------------------- (at simulation time 683.000,000,010 s)
2025-05-28 00:19:07,992 INFO  - Processing event (at simulation time 683.000,000,010 s)
2025-05-28 00:19:07,992 INFO  - ------------------------------------------------------------------------------------- (at simulation time 683.000,000,010 s)
2025-05-28 00:19:07,992 INFO  - Already have ACK (at simulation time 683.000,000,010 s)
2025-05-28 00:19:07,992 INFO  - ------------------------------------------------------------------------------------- (at simulation time 683.000,000,010 s)
2025-05-28 00:19:07,992 INFO  - ------------------------------------------------------------------------------------- (at simulation time 683.000,000,010 s)
2025-05-28 00:19:07,992 INFO  - ------------------------------------------------------------------------------------- (at simulation time 683.000,000,010 s)
2025-05-28 00:19:07,992 INFO  - Processing event (at simulation time 683.000,000,010 s)
2025-05-28 00:19:07,992 INFO  - ------------------------------------------------------------------------------------- (at simulation time 683.000,000,010 s)
2025-05-28 00:19:07,992 INFO  - Already have ACK (at simulation time 683.000,000,010 s)
2025-05-28 00:19:07,992 INFO  - ------------------------------------------------------------------------------------- (at simulation time 683.000,000,010 s)
2025-05-28 00:19:07,992 INFO  - ------------------------------------------------------------------------------------- (at simulation time 683.000,000,010 s)
2025-05-28 00:19:07,993 INFO  - ------------------------------------------------------------------------------------- (at simulation time 683.000,000,010 s)
2025-05-28 00:19:07,993 INFO  - Processing event (at simulation time 683.000,000,010 s)
2025-05-28 00:19:07,993 INFO  - ------------------------------------------------------------------------------------- (at simulation time 683.000,000,010 s)
2025-05-28 00:19:07,993 INFO  - Already have ACK (at simulation time 683.000,000,010 s)
2025-05-28 00:19:07,993 INFO  - ------------------------------------------------------------------------------------- (at simulation time 683.000,000,010 s)
2025-05-28 00:19:07,993 INFO  - ------------------------------------------------------------------------------------- (at simulation time 683.000,000,010 s)
2025-05-28 00:19:07,993 INFO  - ------------------------------------------------------------------------------------- (at simulation time 683.000,000,010 s)
2025-05-28 00:19:07,993 INFO  - Processing event (at simulation time 683.000,000,010 s)
2025-05-28 00:19:07,993 INFO  - ------------------------------------------------------------------------------------- (at simulation time 683.000,000,010 s)
2025-05-28 00:19:07,993 INFO  - Already have ACK (at simulation time 683.000,000,010 s)
2025-05-28 00:19:07,993 INFO  - ------------------------------------------------------------------------------------- (at simulation time 683.000,000,010 s)
2025-05-28 00:19:07,993 INFO  - ------------------------------------------------------------------------------------- (at simulation time 683.000,000,010 s)
2025-05-28 00:19:07,994 INFO  - ------------------------------------------------------------------------------------- (at simulation time 683.000,000,010 s)
2025-05-28 00:19:07,994 INFO  - Processing event (at simulation time 683.000,000,010 s)
2025-05-28 00:19:07,994 INFO  - ------------------------------------------------------------------------------------- (at simulation time 683.000,000,010 s)
2025-05-28 00:19:07,994 INFO  - Already have ACK (at simulation time 683.000,000,010 s)
2025-05-28 00:19:07,994 INFO  - ------------------------------------------------------------------------------------- (at simulation time 683.000,000,010 s)
2025-05-28 00:19:07,994 INFO  - ------------------------------------------------------------------------------------- (at simulation time 683.000,000,010 s)
2025-05-28 00:19:07,995 INFO  - ------------------------------------------------------------------------------------- (at simulation time 683.000,000,010 s)
2025-05-28 00:19:07,995 INFO  - Processing event (at simulation time 683.000,000,010 s)
2025-05-28 00:19:07,995 INFO  - ------------------------------------------------------------------------------------- (at simulation time 683.000,000,010 s)
2025-05-28 00:19:07,995 INFO  - Already have ACK (at simulation time 683.000,000,010 s)
2025-05-28 00:19:07,995 INFO  - ------------------------------------------------------------------------------------- (at simulation time 683.000,000,010 s)
2025-05-28 00:19:07,995 INFO  - ------------------------------------------------------------------------------------- (at simulation time 683.000,000,010 s)
2025-05-28 00:19:07,995 INFO  - ------------------------------------------------------------------------------------- (at simulation time 683.000,000,010 s)
2025-05-28 00:19:07,995 INFO  - Processing event (at simulation time 683.000,000,010 s)
2025-05-28 00:19:07,995 INFO  - ------------------------------------------------------------------------------------- (at simulation time 683.000,000,010 s)
2025-05-28 00:19:07,995 INFO  - Already have ACK (at simulation time 683.000,000,010 s)
2025-05-28 00:19:07,995 INFO  - ------------------------------------------------------------------------------------- (at simulation time 683.000,000,010 s)
2025-05-28 00:19:07,995 INFO  - ------------------------------------------------------------------------------------- (at simulation time 683.000,000,010 s)
2025-05-28 00:19:07,996 INFO  - ------------------------------------------------------------------------------------- (at simulation time 683.000,000,010 s)
2025-05-28 00:19:07,996 INFO  - Processing event (at simulation time 683.000,000,010 s)
2025-05-28 00:19:07,996 INFO  - ------------------------------------------------------------------------------------- (at simulation time 683.000,000,010 s)
2025-05-28 00:19:07,996 INFO  - Already have ACK (at simulation time 683.000,000,010 s)
2025-05-28 00:19:07,996 INFO  - ------------------------------------------------------------------------------------- (at simulation time 683.000,000,010 s)
2025-05-28 00:19:07,996 INFO  - ------------------------------------------------------------------------------------- (at simulation time 683.000,000,010 s)
2025-05-28 00:19:07,997 INFO  - ------------------------------------------------------------------------------------- (at simulation time 683.000,000,010 s)
2025-05-28 00:19:07,997 INFO  - Processing event (at simulation time 683.000,000,010 s)
2025-05-28 00:19:07,997 INFO  - ------------------------------------------------------------------------------------- (at simulation time 683.000,000,010 s)
2025-05-28 00:19:07,997 INFO  - Already have ACK (at simulation time 683.000,000,010 s)
2025-05-28 00:19:07,997 INFO  - ------------------------------------------------------------------------------------- (at simulation time 683.000,000,010 s)
2025-05-28 00:19:07,997 INFO  - ------------------------------------------------------------------------------------- (at simulation time 683.000,000,010 s)
2025-05-28 00:19:07,997 INFO  - ------------------------------------------------------------------------------------- (at simulation time 683.001,400,000 s)
2025-05-28 00:19:07,997 INFO  - New neighbour is veh_126 (at simulation time 683.001,400,000 s)
2025-05-28 00:19:07,997 INFO  - ------------------------------------------------------------------------------------- (at simulation time 683.001,400,000 s)
2025-05-28 00:19:07,997 INFO  - ------------------------------------------------------------------------------------- (at simulation time 683.001,400,000 s)
2025-05-28 00:19:07,997 INFO  - New neighbour is veh_127 (at simulation time 683.001,400,000 s)
2025-05-28 00:19:07,997 INFO  - ------------------------------------------------------------------------------------- (at simulation time 683.001,400,000 s)
2025-05-28 00:19:07,998 INFO  - ------------------------------------------------------------------------------------- (at simulation time 683.001,900,000 s)
2025-05-28 00:19:07,998 INFO  - New neighbour is veh_125 (at simulation time 683.001,900,000 s)
2025-05-28 00:19:07,998 INFO  - ------------------------------------------------------------------------------------- (at simulation time 683.001,900,000 s)
2025-05-28 00:19:07,999 INFO  - ------------------------------------------------------------------------------------- (at simulation time 684.000,000,000 s)
2025-05-28 00:19:07,999 INFO  - Already have ACK (at simulation time 684.000,000,000 s)
2025-05-28 00:19:07,999 INFO  - ------------------------------------------------------------------------------------- (at simulation time 684.000,000,000 s)
2025-05-28 00:19:08,000 INFO  - ------------------------------------------------------------------------------------- (at simulation time 684.000,000,000 s)
2025-05-28 00:19:08,000 INFO  - Processing event (at simulation time 684.000,000,000 s)
2025-05-28 00:19:08,000 INFO  - ------------------------------------------------------------------------------------- (at simulation time 684.000,000,000 s)
2025-05-28 00:19:08,000 INFO  - Already have ACK (at simulation time 684.000,000,000 s)
2025-05-28 00:19:08,000 INFO  - ------------------------------------------------------------------------------------- (at simulation time 684.000,000,000 s)
2025-05-28 00:19:08,000 INFO  - ------------------------------------------------------------------------------------- (at simulation time 684.000,000,000 s)
2025-05-28 00:19:08,001 INFO  - ------------------------------------------------------------------------------------- (at simulation time 684.000,000,000 s)
2025-05-28 00:19:08,001 INFO  - Processing event (at simulation time 684.000,000,000 s)
2025-05-28 00:19:08,001 INFO  - ------------------------------------------------------------------------------------- (at simulation time 684.000,000,000 s)
2025-05-28 00:19:08,001 INFO  - Already have ACK (at simulation time 684.000,000,000 s)
2025-05-28 00:19:08,001 INFO  - ------------------------------------------------------------------------------------- (at simulation time 684.000,000,000 s)
2025-05-28 00:19:08,001 INFO  - ------------------------------------------------------------------------------------- (at simulation time 684.000,000,000 s)
2025-05-28 00:19:08,001 INFO  - ------------------------------------------------------------------------------------- (at simulation time 684.000,000,000 s)
2025-05-28 00:19:08,001 INFO  - Processing event (at simulation time 684.000,000,000 s)
2025-05-28 00:19:08,001 INFO  - ------------------------------------------------------------------------------------- (at simulation time 684.000,000,000 s)
2025-05-28 00:19:08,001 INFO  - Already have ACK (at simulation time 684.000,000,000 s)
2025-05-28 00:19:08,001 INFO  - ------------------------------------------------------------------------------------- (at simulation time 684.000,000,000 s)
2025-05-28 00:19:08,001 INFO  - ------------------------------------------------------------------------------------- (at simulation time 684.000,000,000 s)
2025-05-28 00:19:08,002 INFO  - ------------------------------------------------------------------------------------- (at simulation time 684.000,000,000 s)
2025-05-28 00:19:08,002 INFO  - Processing event (at simulation time 684.000,000,000 s)
2025-05-28 00:19:08,002 INFO  - ------------------------------------------------------------------------------------- (at simulation time 684.000,000,000 s)
2025-05-28 00:19:08,002 INFO  - Already have ACK (at simulation time 684.000,000,000 s)
2025-05-28 00:19:08,002 INFO  - ------------------------------------------------------------------------------------- (at simulation time 684.000,000,000 s)
2025-05-28 00:19:08,002 INFO  - ------------------------------------------------------------------------------------- (at simulation time 684.000,000,000 s)
2025-05-28 00:19:08,002 INFO  - ------------------------------------------------------------------------------------- (at simulation time 684.000,000,000 s)
2025-05-28 00:19:08,002 INFO  - Processing event (at simulation time 684.000,000,000 s)
2025-05-28 00:19:08,002 INFO  - ------------------------------------------------------------------------------------- (at simulation time 684.000,000,000 s)
2025-05-28 00:19:08,002 INFO  - Already have ACK (at simulation time 684.000,000,000 s)
2025-05-28 00:19:08,002 INFO  - ------------------------------------------------------------------------------------- (at simulation time 684.000,000,000 s)
2025-05-28 00:19:08,002 INFO  - ------------------------------------------------------------------------------------- (at simulation time 684.000,000,000 s)
2025-05-28 00:19:08,003 INFO  - ------------------------------------------------------------------------------------- (at simulation time 684.000,000,000 s)
2025-05-28 00:19:08,003 INFO  - Processing event (at simulation time 684.000,000,000 s)
2025-05-28 00:19:08,003 INFO  - ------------------------------------------------------------------------------------- (at simulation time 684.000,000,000 s)
2025-05-28 00:19:08,003 INFO  - Already have ACK (at simulation time 684.000,000,000 s)
2025-05-28 00:19:08,003 INFO  - ------------------------------------------------------------------------------------- (at simulation time 684.000,000,000 s)
2025-05-28 00:19:08,003 INFO  - ------------------------------------------------------------------------------------- (at simulation time 684.000,000,000 s)
2025-05-28 00:19:08,004 INFO  - ------------------------------------------------------------------------------------- (at simulation time 684.000,000,000 s)
2025-05-28 00:19:08,004 INFO  - Processing event (at simulation time 684.000,000,000 s)
2025-05-28 00:19:08,004 INFO  - ------------------------------------------------------------------------------------- (at simulation time 684.000,000,000 s)
2025-05-28 00:19:08,004 INFO  - Already have ACK (at simulation time 684.000,000,000 s)
2025-05-28 00:19:08,004 INFO  - ------------------------------------------------------------------------------------- (at simulation time 684.000,000,000 s)
2025-05-28 00:19:08,004 INFO  - ------------------------------------------------------------------------------------- (at simulation time 684.000,000,000 s)
2025-05-28 00:19:08,004 INFO  - ------------------------------------------------------------------------------------- (at simulation time 684.000,000,000 s)
2025-05-28 00:19:08,004 INFO  - Processing event (at simulation time 684.000,000,000 s)
2025-05-28 00:19:08,004 INFO  - ------------------------------------------------------------------------------------- (at simulation time 684.000,000,000 s)
2025-05-28 00:19:08,004 INFO  - Already have ACK (at simulation time 684.000,000,000 s)
2025-05-28 00:19:08,004 INFO  - ------------------------------------------------------------------------------------- (at simulation time 684.000,000,000 s)
2025-05-28 00:19:08,004 INFO  - ------------------------------------------------------------------------------------- (at simulation time 684.000,000,000 s)
2025-05-28 00:19:08,005 INFO  - ------------------------------------------------------------------------------------- (at simulation time 684.000,000,000 s)
2025-05-28 00:19:08,005 INFO  - Processing event (at simulation time 684.000,000,000 s)
2025-05-28 00:19:08,005 INFO  - ------------------------------------------------------------------------------------- (at simulation time 684.000,000,000 s)
2025-05-28 00:19:08,005 INFO  - Already have ACK (at simulation time 684.000,000,000 s)
2025-05-28 00:19:08,005 INFO  - ------------------------------------------------------------------------------------- (at simulation time 684.000,000,000 s)
2025-05-28 00:19:08,005 INFO  - ------------------------------------------------------------------------------------- (at simulation time 684.000,000,000 s)
2025-05-28 00:19:08,005 INFO  - ------------------------------------------------------------------------------------- (at simulation time 684.000,000,000 s)
2025-05-28 00:19:08,005 INFO  - Processing event (at simulation time 684.000,000,000 s)
2025-05-28 00:19:08,005 INFO  - ------------------------------------------------------------------------------------- (at simulation time 684.000,000,000 s)
2025-05-28 00:19:08,005 INFO  - Already have ACK (at simulation time 684.000,000,000 s)
2025-05-28 00:19:08,005 INFO  - ------------------------------------------------------------------------------------- (at simulation time 684.000,000,000 s)
2025-05-28 00:19:08,005 INFO  - ------------------------------------------------------------------------------------- (at simulation time 684.000,000,000 s)
2025-05-28 00:19:08,006 INFO  - ------------------------------------------------------------------------------------- (at simulation time 684.000,000,000 s)
2025-05-28 00:19:08,006 INFO  - Processing event (at simulation time 684.000,000,000 s)
2025-05-28 00:19:08,006 INFO  - ------------------------------------------------------------------------------------- (at simulation time 684.000,000,000 s)
2025-05-28 00:19:08,006 INFO  - Already have ACK (at simulation time 684.000,000,000 s)
2025-05-28 00:19:08,006 INFO  - ------------------------------------------------------------------------------------- (at simulation time 684.000,000,000 s)
2025-05-28 00:19:08,006 INFO  - ------------------------------------------------------------------------------------- (at simulation time 684.000,000,000 s)
2025-05-28 00:19:08,006 INFO  - ------------------------------------------------------------------------------------- (at simulation time 684.000,000,000 s)
2025-05-28 00:19:08,006 INFO  - Processing event (at simulation time 684.000,000,000 s)
2025-05-28 00:19:08,006 INFO  - ------------------------------------------------------------------------------------- (at simulation time 684.000,000,000 s)
2025-05-28 00:19:08,006 INFO  - Already have ACK (at simulation time 684.000,000,000 s)
2025-05-28 00:19:08,006 INFO  - ------------------------------------------------------------------------------------- (at simulation time 684.000,000,000 s)
2025-05-28 00:19:08,006 INFO  - ------------------------------------------------------------------------------------- (at simulation time 684.000,000,000 s)
2025-05-28 00:19:08,007 INFO  - ------------------------------------------------------------------------------------- (at simulation time 684.000,000,000 s)
2025-05-28 00:19:08,007 INFO  - Processing event (at simulation time 684.000,000,000 s)
2025-05-28 00:19:08,007 INFO  - ------------------------------------------------------------------------------------- (at simulation time 684.000,000,000 s)
2025-05-28 00:19:08,007 INFO  - Already have ACK (at simulation time 684.000,000,000 s)
2025-05-28 00:19:08,007 INFO  - ------------------------------------------------------------------------------------- (at simulation time 684.000,000,000 s)
2025-05-28 00:19:08,007 INFO  - ------------------------------------------------------------------------------------- (at simulation time 684.000,000,000 s)
2025-05-28 00:19:08,007 INFO  - ------------------------------------------------------------------------------------- (at simulation time 684.000,000,000 s)
2025-05-28 00:19:08,007 INFO  - Processing event (at simulation time 684.000,000,000 s)
2025-05-28 00:19:08,007 INFO  - ------------------------------------------------------------------------------------- (at simulation time 684.000,000,000 s)
2025-05-28 00:19:08,007 INFO  - Already have ACK (at simulation time 684.000,000,000 s)
2025-05-28 00:19:08,007 INFO  - ------------------------------------------------------------------------------------- (at simulation time 684.000,000,000 s)
2025-05-28 00:19:08,007 INFO  - ------------------------------------------------------------------------------------- (at simulation time 684.000,000,000 s)
2025-05-28 00:19:08,008 INFO  - ------------------------------------------------------------------------------------- (at simulation time 684.000,000,000 s)
2025-05-28 00:19:08,008 INFO  - Processing event (at simulation time 684.000,000,000 s)
2025-05-28 00:19:08,008 INFO  - ------------------------------------------------------------------------------------- (at simulation time 684.000,000,000 s)
2025-05-28 00:19:08,008 INFO  - Already have ACK (at simulation time 684.000,000,000 s)
2025-05-28 00:19:08,008 INFO  - ------------------------------------------------------------------------------------- (at simulation time 684.000,000,000 s)
2025-05-28 00:19:08,008 INFO  - ------------------------------------------------------------------------------------- (at simulation time 684.000,000,000 s)
2025-05-28 00:19:08,008 INFO  - ------------------------------------------------------------------------------------- (at simulation time 684.000,000,000 s)
2025-05-28 00:19:08,008 INFO  - Processing event (at simulation time 684.000,000,000 s)
2025-05-28 00:19:08,008 INFO  - ------------------------------------------------------------------------------------- (at simulation time 684.000,000,000 s)
2025-05-28 00:19:08,008 INFO  - Already have ACK (at simulation time 684.000,000,000 s)
2025-05-28 00:19:08,008 INFO  - ------------------------------------------------------------------------------------- (at simulation time 684.000,000,000 s)
2025-05-28 00:19:08,008 INFO  - ------------------------------------------------------------------------------------- (at simulation time 684.000,000,000 s)
2025-05-28 00:19:08,009 INFO  - ------------------------------------------------------------------------------------- (at simulation time 684.000,000,000 s)
2025-05-28 00:19:08,009 INFO  - Processing event (at simulation time 684.000,000,000 s)
2025-05-28 00:19:08,009 INFO  - ------------------------------------------------------------------------------------- (at simulation time 684.000,000,000 s)
2025-05-28 00:19:08,009 INFO  - Already have ACK (at simulation time 684.000,000,000 s)
2025-05-28 00:19:08,009 INFO  - ------------------------------------------------------------------------------------- (at simulation time 684.000,000,000 s)
2025-05-28 00:19:08,009 INFO  - ------------------------------------------------------------------------------------- (at simulation time 684.000,000,000 s)
2025-05-28 00:19:08,009 INFO  - ------------------------------------------------------------------------------------- (at simulation time 684.000,000,000 s)
2025-05-28 00:19:08,009 INFO  - Processing event (at simulation time 684.000,000,000 s)
2025-05-28 00:19:08,009 INFO  - ------------------------------------------------------------------------------------- (at simulation time 684.000,000,000 s)
2025-05-28 00:19:08,009 INFO  - Already have ACK (at simulation time 684.000,000,000 s)
2025-05-28 00:19:08,009 INFO  - ------------------------------------------------------------------------------------- (at simulation time 684.000,000,000 s)
2025-05-28 00:19:08,009 INFO  - ------------------------------------------------------------------------------------- (at simulation time 684.000,000,000 s)
2025-05-28 00:19:08,009 INFO  - ------------------------------------------------------------------------------------- (at simulation time 684.000,000,000 s)
2025-05-28 00:19:08,009 INFO  - Processing event (at simulation time 684.000,000,000 s)
2025-05-28 00:19:08,009 INFO  - ------------------------------------------------------------------------------------- (at simulation time 684.000,000,000 s)
2025-05-28 00:19:08,009 INFO  - Already have ACK (at simulation time 684.000,000,000 s)
2025-05-28 00:19:08,009 INFO  - ------------------------------------------------------------------------------------- (at simulation time 684.000,000,000 s)
2025-05-28 00:19:08,009 INFO  - ------------------------------------------------------------------------------------- (at simulation time 684.000,000,000 s)
2025-05-28 00:19:08,087 INFO  - ------------------------------------------------------------------------------------- (at simulation time 684.000,000,010 s)
2025-05-28 00:19:08,087 INFO  - Processing event (at simulation time 684.000,000,010 s)
2025-05-28 00:19:08,087 INFO  - ------------------------------------------------------------------------------------- (at simulation time 684.000,000,010 s)
2025-05-28 00:19:08,087 INFO  - Already have ACK (at simulation time 684.000,000,010 s)
2025-05-28 00:19:08,087 INFO  - ------------------------------------------------------------------------------------- (at simulation time 684.000,000,010 s)
2025-05-28 00:19:08,087 INFO  - ------------------------------------------------------------------------------------- (at simulation time 684.000,000,010 s)
2025-05-28 00:19:08,088 INFO  - ------------------------------------------------------------------------------------- (at simulation time 684.000,000,010 s)
2025-05-28 00:19:08,088 INFO  - Processing event (at simulation time 684.000,000,010 s)
2025-05-28 00:19:08,088 INFO  - ------------------------------------------------------------------------------------- (at simulation time 684.000,000,010 s)
2025-05-28 00:19:08,088 INFO  - Already have ACK (at simulation time 684.000,000,010 s)
2025-05-28 00:19:08,088 INFO  - ------------------------------------------------------------------------------------- (at simulation time 684.000,000,010 s)
2025-05-28 00:19:08,088 INFO  - ------------------------------------------------------------------------------------- (at simulation time 684.000,000,010 s)
2025-05-28 00:19:08,089 INFO  - ------------------------------------------------------------------------------------- (at simulation time 684.000,000,010 s)
2025-05-28 00:19:08,089 INFO  - Processing event (at simulation time 684.000,000,010 s)
2025-05-28 00:19:08,089 INFO  - ------------------------------------------------------------------------------------- (at simulation time 684.000,000,010 s)
2025-05-28 00:19:08,089 INFO  - Already have ACK (at simulation time 684.000,000,010 s)
2025-05-28 00:19:08,089 INFO  - ------------------------------------------------------------------------------------- (at simulation time 684.000,000,010 s)
2025-05-28 00:19:08,089 INFO  - ------------------------------------------------------------------------------------- (at simulation time 684.000,000,010 s)
2025-05-28 00:19:08,089 INFO  - ------------------------------------------------------------------------------------- (at simulation time 684.000,000,010 s)
2025-05-28 00:19:08,089 INFO  - Processing event (at simulation time 684.000,000,010 s)
2025-05-28 00:19:08,089 INFO  - ------------------------------------------------------------------------------------- (at simulation time 684.000,000,010 s)
2025-05-28 00:19:08,089 INFO  - Already have ACK (at simulation time 684.000,000,010 s)
2025-05-28 00:19:08,089 INFO  - ------------------------------------------------------------------------------------- (at simulation time 684.000,000,010 s)
2025-05-28 00:19:08,089 INFO  - ------------------------------------------------------------------------------------- (at simulation time 684.000,000,010 s)
2025-05-28 00:19:08,090 INFO  - ------------------------------------------------------------------------------------- (at simulation time 684.000,000,010 s)
2025-05-28 00:19:08,090 INFO  - Processing event (at simulation time 684.000,000,010 s)
2025-05-28 00:19:08,090 INFO  - ------------------------------------------------------------------------------------- (at simulation time 684.000,000,010 s)
2025-05-28 00:19:08,090 INFO  - Already have ACK (at simulation time 684.000,000,010 s)
2025-05-28 00:19:08,090 INFO  - ------------------------------------------------------------------------------------- (at simulation time 684.000,000,010 s)
2025-05-28 00:19:08,090 INFO  - ------------------------------------------------------------------------------------- (at simulation time 684.000,000,010 s)
2025-05-28 00:19:08,090 INFO  - ------------------------------------------------------------------------------------- (at simulation time 684.000,000,010 s)
2025-05-28 00:19:08,090 INFO  - Processing event (at simulation time 684.000,000,010 s)
2025-05-28 00:19:08,090 INFO  - ------------------------------------------------------------------------------------- (at simulation time 684.000,000,010 s)
2025-05-28 00:19:08,090 INFO  - Already have ACK (at simulation time 684.000,000,010 s)
2025-05-28 00:19:08,090 INFO  - ------------------------------------------------------------------------------------- (at simulation time 684.000,000,010 s)
2025-05-28 00:19:08,090 INFO  - ------------------------------------------------------------------------------------- (at simulation time 684.000,000,010 s)
2025-05-28 00:19:08,090 INFO  - ------------------------------------------------------------------------------------- (at simulation time 684.000,000,010 s)
2025-05-28 00:19:08,090 INFO  - Processing event (at simulation time 684.000,000,010 s)
2025-05-28 00:19:08,090 INFO  - ------------------------------------------------------------------------------------- (at simulation time 684.000,000,010 s)
2025-05-28 00:19:08,090 INFO  - Already have ACK (at simulation time 684.000,000,010 s)
2025-05-28 00:19:08,090 INFO  - ------------------------------------------------------------------------------------- (at simulation time 684.000,000,010 s)
2025-05-28 00:19:08,090 INFO  - ------------------------------------------------------------------------------------- (at simulation time 684.000,000,010 s)
2025-05-28 00:19:08,091 INFO  - ------------------------------------------------------------------------------------- (at simulation time 684.000,000,010 s)
2025-05-28 00:19:08,091 INFO  - Processing event (at simulation time 684.000,000,010 s)
2025-05-28 00:19:08,091 INFO  - ------------------------------------------------------------------------------------- (at simulation time 684.000,000,010 s)
2025-05-28 00:19:08,091 INFO  - Already have ACK (at simulation time 684.000,000,010 s)
2025-05-28 00:19:08,091 INFO  - ------------------------------------------------------------------------------------- (at simulation time 684.000,000,010 s)
2025-05-28 00:19:08,091 INFO  - ------------------------------------------------------------------------------------- (at simulation time 684.000,000,010 s)
2025-05-28 00:19:08,091 INFO  - ------------------------------------------------------------------------------------- (at simulation time 684.000,000,010 s)
2025-05-28 00:19:08,091 INFO  - Processing event (at simulation time 684.000,000,010 s)
2025-05-28 00:19:08,091 INFO  - ------------------------------------------------------------------------------------- (at simulation time 684.000,000,010 s)
2025-05-28 00:19:08,091 INFO  - Already have ACK (at simulation time 684.000,000,010 s)
2025-05-28 00:19:08,091 INFO  - ------------------------------------------------------------------------------------- (at simulation time 684.000,000,010 s)
2025-05-28 00:19:08,091 INFO  - ------------------------------------------------------------------------------------- (at simulation time 684.000,000,010 s)
2025-05-28 00:19:08,092 INFO  - ------------------------------------------------------------------------------------- (at simulation time 684.000,000,010 s)
2025-05-28 00:19:08,092 INFO  - Processing event (at simulation time 684.000,000,010 s)
2025-05-28 00:19:08,092 INFO  - ------------------------------------------------------------------------------------- (at simulation time 684.000,000,010 s)
2025-05-28 00:19:08,092 INFO  - Already have ACK (at simulation time 684.000,000,010 s)
2025-05-28 00:19:08,092 INFO  - ------------------------------------------------------------------------------------- (at simulation time 684.000,000,010 s)
2025-05-28 00:19:08,092 INFO  - ------------------------------------------------------------------------------------- (at simulation time 684.000,000,010 s)
2025-05-28 00:19:08,092 INFO  - ------------------------------------------------------------------------------------- (at simulation time 684.000,000,010 s)
2025-05-28 00:19:08,092 INFO  - Processing event (at simulation time 684.000,000,010 s)
2025-05-28 00:19:08,092 INFO  - ------------------------------------------------------------------------------------- (at simulation time 684.000,000,010 s)
2025-05-28 00:19:08,092 INFO  - Already have ACK (at simulation time 684.000,000,010 s)
2025-05-28 00:19:08,092 INFO  - ------------------------------------------------------------------------------------- (at simulation time 684.000,000,010 s)
2025-05-28 00:19:08,092 INFO  - ------------------------------------------------------------------------------------- (at simulation time 684.000,000,010 s)
2025-05-28 00:19:08,093 INFO  - ------------------------------------------------------------------------------------- (at simulation time 684.000,000,010 s)
2025-05-28 00:19:08,093 INFO  - Processing event (at simulation time 684.000,000,010 s)
2025-05-28 00:19:08,093 INFO  - ------------------------------------------------------------------------------------- (at simulation time 684.000,000,010 s)
2025-05-28 00:19:08,093 INFO  - Already have ACK (at simulation time 684.000,000,010 s)
2025-05-28 00:19:08,093 INFO  - ------------------------------------------------------------------------------------- (at simulation time 684.000,000,010 s)
2025-05-28 00:19:08,093 INFO  - ------------------------------------------------------------------------------------- (at simulation time 684.000,000,010 s)
2025-05-28 00:19:08,093 INFO  - ------------------------------------------------------------------------------------- (at simulation time 684.000,000,010 s)
2025-05-28 00:19:08,093 INFO  - Processing event (at simulation time 684.000,000,010 s)
2025-05-28 00:19:08,093 INFO  - ------------------------------------------------------------------------------------- (at simulation time 684.000,000,010 s)
2025-05-28 00:19:08,093 INFO  - Already have ACK (at simulation time 684.000,000,010 s)
2025-05-28 00:19:08,093 INFO  - ------------------------------------------------------------------------------------- (at simulation time 684.000,000,010 s)
2025-05-28 00:19:08,093 INFO  - ------------------------------------------------------------------------------------- (at simulation time 684.000,000,010 s)
2025-05-28 00:19:08,094 INFO  - ------------------------------------------------------------------------------------- (at simulation time 684.000,000,010 s)
2025-05-28 00:19:08,094 INFO  - Processing event (at simulation time 684.000,000,010 s)
2025-05-28 00:19:08,094 INFO  - ------------------------------------------------------------------------------------- (at simulation time 684.000,000,010 s)
2025-05-28 00:19:08,094 INFO  - Already have ACK (at simulation time 684.000,000,010 s)
2025-05-28 00:19:08,094 INFO  - ------------------------------------------------------------------------------------- (at simulation time 684.000,000,010 s)
2025-05-28 00:19:08,094 INFO  - ------------------------------------------------------------------------------------- (at simulation time 684.000,000,010 s)
2025-05-28 00:19:08,094 INFO  - ------------------------------------------------------------------------------------- (at simulation time 684.000,000,010 s)
2025-05-28 00:19:08,094 INFO  - Processing event (at simulation time 684.000,000,010 s)
2025-05-28 00:19:08,094 INFO  - ------------------------------------------------------------------------------------- (at simulation time 684.000,000,010 s)
2025-05-28 00:19:08,094 INFO  - Already have ACK (at simulation time 684.000,000,010 s)
2025-05-28 00:19:08,094 INFO  - ------------------------------------------------------------------------------------- (at simulation time 684.000,000,010 s)
2025-05-28 00:19:08,094 INFO  - ------------------------------------------------------------------------------------- (at simulation time 684.000,000,010 s)
2025-05-28 00:19:08,095 INFO  - ------------------------------------------------------------------------------------- (at simulation time 684.000,000,010 s)
2025-05-28 00:19:08,095 INFO  - Processing event (at simulation time 684.000,000,010 s)
2025-05-28 00:19:08,095 INFO  - ------------------------------------------------------------------------------------- (at simulation time 684.000,000,010 s)
2025-05-28 00:19:08,095 INFO  - Already have ACK (at simulation time 684.000,000,010 s)
2025-05-28 00:19:08,095 INFO  - ------------------------------------------------------------------------------------- (at simulation time 684.000,000,010 s)
2025-05-28 00:19:08,095 INFO  - ------------------------------------------------------------------------------------- (at simulation time 684.000,000,010 s)
2025-05-28 00:19:08,095 INFO  - ------------------------------------------------------------------------------------- (at simulation time 684.000,000,010 s)
2025-05-28 00:19:08,095 INFO  - Processing event (at simulation time 684.000,000,010 s)
2025-05-28 00:19:08,095 INFO  - ------------------------------------------------------------------------------------- (at simulation time 684.000,000,010 s)
2025-05-28 00:19:08,095 INFO  - Already have ACK (at simulation time 684.000,000,010 s)
2025-05-28 00:19:08,095 INFO  - ------------------------------------------------------------------------------------- (at simulation time 684.000,000,010 s)
2025-05-28 00:19:08,095 INFO  - ------------------------------------------------------------------------------------- (at simulation time 684.000,000,010 s)
2025-05-28 00:19:08,096 INFO  - ------------------------------------------------------------------------------------- (at simulation time 684.000,000,010 s)
2025-05-28 00:19:08,096 INFO  - Processing event (at simulation time 684.000,000,010 s)
2025-05-28 00:19:08,096 INFO  - ------------------------------------------------------------------------------------- (at simulation time 684.000,000,010 s)
2025-05-28 00:19:08,096 INFO  - Already have ACK (at simulation time 684.000,000,010 s)
2025-05-28 00:19:08,096 INFO  - ------------------------------------------------------------------------------------- (at simulation time 684.000,000,010 s)
2025-05-28 00:19:08,096 INFO  - ------------------------------------------------------------------------------------- (at simulation time 684.000,000,010 s)
2025-05-28 00:19:08,096 INFO  - ------------------------------------------------------------------------------------- (at simulation time 684.000,000,010 s)
2025-05-28 00:19:08,096 INFO  - Processing event (at simulation time 684.000,000,010 s)
2025-05-28 00:19:08,096 INFO  - ------------------------------------------------------------------------------------- (at simulation time 684.000,000,010 s)
2025-05-28 00:19:08,096 INFO  - Already have ACK (at simulation time 684.000,000,010 s)
2025-05-28 00:19:08,096 INFO  - ------------------------------------------------------------------------------------- (at simulation time 684.000,000,010 s)
2025-05-28 00:19:08,096 INFO  - ------------------------------------------------------------------------------------- (at simulation time 684.000,000,010 s)
2025-05-28 00:19:08,097 INFO  - ------------------------------------------------------------------------------------- (at simulation time 684.000,000,010 s)
2025-05-28 00:19:08,097 INFO  - Processing event (at simulation time 684.000,000,010 s)
2025-05-28 00:19:08,097 INFO  - ------------------------------------------------------------------------------------- (at simulation time 684.000,000,010 s)
2025-05-28 00:19:08,097 INFO  - Already have ACK (at simulation time 684.000,000,010 s)
2025-05-28 00:19:08,097 INFO  - ------------------------------------------------------------------------------------- (at simulation time 684.000,000,010 s)
2025-05-28 00:19:08,097 INFO  - ------------------------------------------------------------------------------------- (at simulation time 684.000,000,010 s)
2025-05-28 00:19:08,098 INFO  - ------------------------------------------------------------------------------------- (at simulation time 684.000,400,000 s)
2025-05-28 00:19:08,098 INFO  - New neighbour is veh_127 (at simulation time 684.000,400,000 s)
2025-05-28 00:19:08,098 INFO  - ------------------------------------------------------------------------------------- (at simulation time 684.000,400,000 s)
2025-05-28 00:19:08,098 INFO  - ------------------------------------------------------------------------------------- (at simulation time 684.000,900,000 s)
2025-05-28 00:19:08,098 INFO  - New neighbour is veh_126 (at simulation time 684.000,900,000 s)
2025-05-28 00:19:08,098 INFO  - ------------------------------------------------------------------------------------- (at simulation time 684.000,900,000 s)
2025-05-28 00:19:08,098 INFO  - ------------------------------------------------------------------------------------- (at simulation time 684.001,400,000 s)
2025-05-28 00:19:08,098 INFO  - New neighbour is veh_125 (at simulation time 684.001,400,000 s)
2025-05-28 00:19:08,098 INFO  - ------------------------------------------------------------------------------------- (at simulation time 684.001,400,000 s)
2025-05-28 00:19:08,104 INFO  - ------------------------------------------------------------------------------------- (at simulation time 685.000,000,000 s)
2025-05-28 00:19:08,104 INFO  - Already have ACK (at simulation time 685.000,000,000 s)
2025-05-28 00:19:08,104 INFO  - ------------------------------------------------------------------------------------- (at simulation time 685.000,000,000 s)
2025-05-28 00:19:08,104 INFO  - ------------------------------------------------------------------------------------- (at simulation time 685.000,000,000 s)
2025-05-28 00:19:08,104 INFO  - Processing event (at simulation time 685.000,000,000 s)
2025-05-28 00:19:08,104 INFO  - ------------------------------------------------------------------------------------- (at simulation time 685.000,000,000 s)
2025-05-28 00:19:08,104 INFO  - Already have ACK (at simulation time 685.000,000,000 s)
2025-05-28 00:19:08,104 INFO  - ------------------------------------------------------------------------------------- (at simulation time 685.000,000,000 s)
2025-05-28 00:19:08,104 INFO  - ------------------------------------------------------------------------------------- (at simulation time 685.000,000,000 s)
2025-05-28 00:19:08,105 INFO  - ------------------------------------------------------------------------------------- (at simulation time 685.000,000,000 s)
2025-05-28 00:19:08,105 INFO  - Processing event (at simulation time 685.000,000,000 s)
2025-05-28 00:19:08,105 INFO  - ------------------------------------------------------------------------------------- (at simulation time 685.000,000,000 s)
2025-05-28 00:19:08,105 INFO  - Already have ACK (at simulation time 685.000,000,000 s)
2025-05-28 00:19:08,105 INFO  - ------------------------------------------------------------------------------------- (at simulation time 685.000,000,000 s)
2025-05-28 00:19:08,105 INFO  - ------------------------------------------------------------------------------------- (at simulation time 685.000,000,000 s)
2025-05-28 00:19:08,106 INFO  - ------------------------------------------------------------------------------------- (at simulation time 685.000,000,000 s)
2025-05-28 00:19:08,106 INFO  - Processing event (at simulation time 685.000,000,000 s)
2025-05-28 00:19:08,106 INFO  - ------------------------------------------------------------------------------------- (at simulation time 685.000,000,000 s)
2025-05-28 00:19:08,106 INFO  - Already have ACK (at simulation time 685.000,000,000 s)
2025-05-28 00:19:08,106 INFO  - ------------------------------------------------------------------------------------- (at simulation time 685.000,000,000 s)
2025-05-28 00:19:08,106 INFO  - ------------------------------------------------------------------------------------- (at simulation time 685.000,000,000 s)
2025-05-28 00:19:08,106 INFO  - ------------------------------------------------------------------------------------- (at simulation time 685.000,000,000 s)
2025-05-28 00:19:08,106 INFO  - Processing event (at simulation time 685.000,000,000 s)
2025-05-28 00:19:08,106 INFO  - ------------------------------------------------------------------------------------- (at simulation time 685.000,000,000 s)
2025-05-28 00:19:08,106 INFO  - Already have ACK (at simulation time 685.000,000,000 s)
2025-05-28 00:19:08,106 INFO  - ------------------------------------------------------------------------------------- (at simulation time 685.000,000,000 s)
2025-05-28 00:19:08,106 INFO  - ------------------------------------------------------------------------------------- (at simulation time 685.000,000,000 s)
2025-05-28 00:19:08,107 INFO  - ------------------------------------------------------------------------------------- (at simulation time 685.000,000,000 s)
2025-05-28 00:19:08,107 INFO  - Processing event (at simulation time 685.000,000,000 s)
2025-05-28 00:19:08,107 INFO  - ------------------------------------------------------------------------------------- (at simulation time 685.000,000,000 s)
2025-05-28 00:19:08,107 INFO  - Already have ACK (at simulation time 685.000,000,000 s)
2025-05-28 00:19:08,107 INFO  - ------------------------------------------------------------------------------------- (at simulation time 685.000,000,000 s)
2025-05-28 00:19:08,107 INFO  - ------------------------------------------------------------------------------------- (at simulation time 685.000,000,000 s)
2025-05-28 00:19:08,107 INFO  - ------------------------------------------------------------------------------------- (at simulation time 685.000,000,000 s)
2025-05-28 00:19:08,107 INFO  - Processing event (at simulation time 685.000,000,000 s)
2025-05-28 00:19:08,107 INFO  - ------------------------------------------------------------------------------------- (at simulation time 685.000,000,000 s)
2025-05-28 00:19:08,107 INFO  - Already have ACK (at simulation time 685.000,000,000 s)
2025-05-28 00:19:08,107 INFO  - ------------------------------------------------------------------------------------- (at simulation time 685.000,000,000 s)
2025-05-28 00:19:08,107 INFO  - ------------------------------------------------------------------------------------- (at simulation time 685.000,000,000 s)
2025-05-28 00:19:08,108 INFO  - ------------------------------------------------------------------------------------- (at simulation time 685.000,000,000 s)
2025-05-28 00:19:08,108 INFO  - Processing event (at simulation time 685.000,000,000 s)
2025-05-28 00:19:08,108 INFO  - ------------------------------------------------------------------------------------- (at simulation time 685.000,000,000 s)
2025-05-28 00:19:08,108 INFO  - Already have ACK (at simulation time 685.000,000,000 s)
2025-05-28 00:19:08,108 INFO  - ------------------------------------------------------------------------------------- (at simulation time 685.000,000,000 s)
2025-05-28 00:19:08,108 INFO  - ------------------------------------------------------------------------------------- (at simulation time 685.000,000,000 s)
2025-05-28 00:19:08,108 INFO  - ------------------------------------------------------------------------------------- (at simulation time 685.000,000,000 s)
2025-05-28 00:19:08,108 INFO  - Processing event (at simulation time 685.000,000,000 s)
2025-05-28 00:19:08,108 INFO  - ------------------------------------------------------------------------------------- (at simulation time 685.000,000,000 s)
2025-05-28 00:19:08,108 INFO  - Already have ACK (at simulation time 685.000,000,000 s)
2025-05-28 00:19:08,108 INFO  - ------------------------------------------------------------------------------------- (at simulation time 685.000,000,000 s)
2025-05-28 00:19:08,108 INFO  - ------------------------------------------------------------------------------------- (at simulation time 685.000,000,000 s)
2025-05-28 00:19:08,109 INFO  - ------------------------------------------------------------------------------------- (at simulation time 685.000,000,000 s)
2025-05-28 00:19:08,109 INFO  - Processing event (at simulation time 685.000,000,000 s)
2025-05-28 00:19:08,109 INFO  - ------------------------------------------------------------------------------------- (at simulation time 685.000,000,000 s)
2025-05-28 00:19:08,109 INFO  - Already have ACK (at simulation time 685.000,000,000 s)
2025-05-28 00:19:08,109 INFO  - ------------------------------------------------------------------------------------- (at simulation time 685.000,000,000 s)
2025-05-28 00:19:08,109 INFO  - ------------------------------------------------------------------------------------- (at simulation time 685.000,000,000 s)
2025-05-28 00:19:08,110 INFO  - ------------------------------------------------------------------------------------- (at simulation time 685.000,000,000 s)
2025-05-28 00:19:08,110 INFO  - Processing event (at simulation time 685.000,000,000 s)
2025-05-28 00:19:08,110 INFO  - ------------------------------------------------------------------------------------- (at simulation time 685.000,000,000 s)
2025-05-28 00:19:08,110 INFO  - Already have ACK (at simulation time 685.000,000,000 s)
2025-05-28 00:19:08,110 INFO  - ------------------------------------------------------------------------------------- (at simulation time 685.000,000,000 s)
2025-05-28 00:19:08,110 INFO  - ------------------------------------------------------------------------------------- (at simulation time 685.000,000,000 s)
2025-05-28 00:19:08,110 INFO  - ------------------------------------------------------------------------------------- (at simulation time 685.000,000,000 s)
2025-05-28 00:19:08,110 INFO  - Processing event (at simulation time 685.000,000,000 s)
2025-05-28 00:19:08,110 INFO  - ------------------------------------------------------------------------------------- (at simulation time 685.000,000,000 s)
2025-05-28 00:19:08,110 INFO  - Already have ACK (at simulation time 685.000,000,000 s)
2025-05-28 00:19:08,110 INFO  - ------------------------------------------------------------------------------------- (at simulation time 685.000,000,000 s)
2025-05-28 00:19:08,110 INFO  - ------------------------------------------------------------------------------------- (at simulation time 685.000,000,000 s)
2025-05-28 00:19:08,111 INFO  - ------------------------------------------------------------------------------------- (at simulation time 685.000,000,000 s)
2025-05-28 00:19:08,111 INFO  - Processing event (at simulation time 685.000,000,000 s)
2025-05-28 00:19:08,111 INFO  - ------------------------------------------------------------------------------------- (at simulation time 685.000,000,000 s)
2025-05-28 00:19:08,111 INFO  - Already have ACK (at simulation time 685.000,000,000 s)
2025-05-28 00:19:08,111 INFO  - ------------------------------------------------------------------------------------- (at simulation time 685.000,000,000 s)
2025-05-28 00:19:08,111 INFO  - ------------------------------------------------------------------------------------- (at simulation time 685.000,000,000 s)
2025-05-28 00:19:08,111 INFO  - ------------------------------------------------------------------------------------- (at simulation time 685.000,000,000 s)
2025-05-28 00:19:08,111 INFO  - Processing event (at simulation time 685.000,000,000 s)
2025-05-28 00:19:08,111 INFO  - ------------------------------------------------------------------------------------- (at simulation time 685.000,000,000 s)
2025-05-28 00:19:08,111 INFO  - Already have ACK (at simulation time 685.000,000,000 s)
2025-05-28 00:19:08,111 INFO  - ------------------------------------------------------------------------------------- (at simulation time 685.000,000,000 s)
2025-05-28 00:19:08,111 INFO  - ------------------------------------------------------------------------------------- (at simulation time 685.000,000,000 s)
2025-05-28 00:19:08,112 INFO  - ------------------------------------------------------------------------------------- (at simulation time 685.000,000,000 s)
2025-05-28 00:19:08,112 INFO  - Processing event (at simulation time 685.000,000,000 s)
2025-05-28 00:19:08,112 INFO  - ------------------------------------------------------------------------------------- (at simulation time 685.000,000,000 s)
2025-05-28 00:19:08,112 INFO  - Already have ACK (at simulation time 685.000,000,000 s)
2025-05-28 00:19:08,112 INFO  - ------------------------------------------------------------------------------------- (at simulation time 685.000,000,000 s)
2025-05-28 00:19:08,112 INFO  - ------------------------------------------------------------------------------------- (at simulation time 685.000,000,000 s)
2025-05-28 00:19:08,112 INFO  - ------------------------------------------------------------------------------------- (at simulation time 685.000,000,000 s)
2025-05-28 00:19:08,112 INFO  - Processing event (at simulation time 685.000,000,000 s)
2025-05-28 00:19:08,112 INFO  - ------------------------------------------------------------------------------------- (at simulation time 685.000,000,000 s)
2025-05-28 00:19:08,112 INFO  - Already have ACK (at simulation time 685.000,000,000 s)
2025-05-28 00:19:08,112 INFO  - ------------------------------------------------------------------------------------- (at simulation time 685.000,000,000 s)
2025-05-28 00:19:08,112 INFO  - ------------------------------------------------------------------------------------- (at simulation time 685.000,000,000 s)
2025-05-28 00:19:08,113 INFO  - ------------------------------------------------------------------------------------- (at simulation time 685.000,000,000 s)
2025-05-28 00:19:08,113 INFO  - Processing event (at simulation time 685.000,000,000 s)
2025-05-28 00:19:08,113 INFO  - ------------------------------------------------------------------------------------- (at simulation time 685.000,000,000 s)
2025-05-28 00:19:08,113 INFO  - Already have ACK (at simulation time 685.000,000,000 s)
2025-05-28 00:19:08,113 INFO  - ------------------------------------------------------------------------------------- (at simulation time 685.000,000,000 s)
2025-05-28 00:19:08,113 INFO  - ------------------------------------------------------------------------------------- (at simulation time 685.000,000,000 s)
2025-05-28 00:19:08,113 INFO  - ------------------------------------------------------------------------------------- (at simulation time 685.000,000,000 s)
2025-05-28 00:19:08,113 INFO  - Processing event (at simulation time 685.000,000,000 s)
2025-05-28 00:19:08,113 INFO  - ------------------------------------------------------------------------------------- (at simulation time 685.000,000,000 s)
2025-05-28 00:19:08,113 INFO  - Already have ACK (at simulation time 685.000,000,000 s)
2025-05-28 00:19:08,113 INFO  - ------------------------------------------------------------------------------------- (at simulation time 685.000,000,000 s)
2025-05-28 00:19:08,113 INFO  - ------------------------------------------------------------------------------------- (at simulation time 685.000,000,000 s)
2025-05-28 00:19:08,114 INFO  - ------------------------------------------------------------------------------------- (at simulation time 685.000,000,000 s)
2025-05-28 00:19:08,114 INFO  - Processing event (at simulation time 685.000,000,000 s)
2025-05-28 00:19:08,114 INFO  - ------------------------------------------------------------------------------------- (at simulation time 685.000,000,000 s)
2025-05-28 00:19:08,114 INFO  - Already have ACK (at simulation time 685.000,000,000 s)
2025-05-28 00:19:08,114 INFO  - ------------------------------------------------------------------------------------- (at simulation time 685.000,000,000 s)
2025-05-28 00:19:08,114 INFO  - ------------------------------------------------------------------------------------- (at simulation time 685.000,000,000 s)
2025-05-28 00:19:08,114 INFO  - ------------------------------------------------------------------------------------- (at simulation time 685.000,000,000 s)
2025-05-28 00:19:08,114 INFO  - Processing event (at simulation time 685.000,000,000 s)
2025-05-28 00:19:08,114 INFO  - ------------------------------------------------------------------------------------- (at simulation time 685.000,000,000 s)
2025-05-28 00:19:08,114 INFO  - Already have ACK (at simulation time 685.000,000,000 s)
2025-05-28 00:19:08,114 INFO  - ------------------------------------------------------------------------------------- (at simulation time 685.000,000,000 s)
2025-05-28 00:19:08,114 INFO  - ------------------------------------------------------------------------------------- (at simulation time 685.000,000,000 s)
2025-05-28 00:19:08,114 INFO  - ------------------------------------------------------------------------------------- (at simulation time 685.000,000,000 s)
2025-05-28 00:19:08,114 INFO  - Processing event (at simulation time 685.000,000,000 s)
2025-05-28 00:19:08,114 INFO  - ------------------------------------------------------------------------------------- (at simulation time 685.000,000,000 s)
2025-05-28 00:19:08,114 INFO  - Already have ACK (at simulation time 685.000,000,000 s)
2025-05-28 00:19:08,114 INFO  - ------------------------------------------------------------------------------------- (at simulation time 685.000,000,000 s)
2025-05-28 00:19:08,114 INFO  - ------------------------------------------------------------------------------------- (at simulation time 685.000,000,000 s)
2025-05-28 00:19:08,191 INFO  - ------------------------------------------------------------------------------------- (at simulation time 685.000,000,010 s)
2025-05-28 00:19:08,191 INFO  - Processing event (at simulation time 685.000,000,010 s)
2025-05-28 00:19:08,191 INFO  - ------------------------------------------------------------------------------------- (at simulation time 685.000,000,010 s)
2025-05-28 00:19:08,191 INFO  - Already have ACK (at simulation time 685.000,000,010 s)
2025-05-28 00:19:08,191 INFO  - ------------------------------------------------------------------------------------- (at simulation time 685.000,000,010 s)
2025-05-28 00:19:08,191 INFO  - ------------------------------------------------------------------------------------- (at simulation time 685.000,000,010 s)
2025-05-28 00:19:08,192 INFO  - ------------------------------------------------------------------------------------- (at simulation time 685.000,000,010 s)
2025-05-28 00:19:08,192 INFO  - Processing event (at simulation time 685.000,000,010 s)
2025-05-28 00:19:08,192 INFO  - ------------------------------------------------------------------------------------- (at simulation time 685.000,000,010 s)
2025-05-28 00:19:08,192 INFO  - Already have ACK (at simulation time 685.000,000,010 s)
2025-05-28 00:19:08,192 INFO  - ------------------------------------------------------------------------------------- (at simulation time 685.000,000,010 s)
2025-05-28 00:19:08,192 INFO  - ------------------------------------------------------------------------------------- (at simulation time 685.000,000,010 s)
2025-05-28 00:19:08,192 INFO  - ------------------------------------------------------------------------------------- (at simulation time 685.000,000,010 s)
2025-05-28 00:19:08,192 INFO  - Processing event (at simulation time 685.000,000,010 s)
2025-05-28 00:19:08,192 INFO  - ------------------------------------------------------------------------------------- (at simulation time 685.000,000,010 s)
2025-05-28 00:19:08,192 INFO  - Already have ACK (at simulation time 685.000,000,010 s)
2025-05-28 00:19:08,192 INFO  - ------------------------------------------------------------------------------------- (at simulation time 685.000,000,010 s)
2025-05-28 00:19:08,192 INFO  - ------------------------------------------------------------------------------------- (at simulation time 685.000,000,010 s)
2025-05-28 00:19:08,193 INFO  - ------------------------------------------------------------------------------------- (at simulation time 685.000,000,010 s)
2025-05-28 00:19:08,193 INFO  - Processing event (at simulation time 685.000,000,010 s)
2025-05-28 00:19:08,193 INFO  - ------------------------------------------------------------------------------------- (at simulation time 685.000,000,010 s)
2025-05-28 00:19:08,193 INFO  - Already have ACK (at simulation time 685.000,000,010 s)
2025-05-28 00:19:08,193 INFO  - ------------------------------------------------------------------------------------- (at simulation time 685.000,000,010 s)
2025-05-28 00:19:08,193 INFO  - ------------------------------------------------------------------------------------- (at simulation time 685.000,000,010 s)
2025-05-28 00:19:08,193 INFO  - ------------------------------------------------------------------------------------- (at simulation time 685.000,000,010 s)
2025-05-28 00:19:08,193 INFO  - Processing event (at simulation time 685.000,000,010 s)
2025-05-28 00:19:08,193 INFO  - ------------------------------------------------------------------------------------- (at simulation time 685.000,000,010 s)
2025-05-28 00:19:08,193 INFO  - Already have ACK (at simulation time 685.000,000,010 s)
2025-05-28 00:19:08,193 INFO  - ------------------------------------------------------------------------------------- (at simulation time 685.000,000,010 s)
2025-05-28 00:19:08,193 INFO  - ------------------------------------------------------------------------------------- (at simulation time 685.000,000,010 s)
2025-05-28 00:19:08,194 INFO  - ------------------------------------------------------------------------------------- (at simulation time 685.000,000,010 s)
2025-05-28 00:19:08,194 INFO  - Processing event (at simulation time 685.000,000,010 s)
2025-05-28 00:19:08,194 INFO  - ------------------------------------------------------------------------------------- (at simulation time 685.000,000,010 s)
2025-05-28 00:19:08,194 INFO  - Already have ACK (at simulation time 685.000,000,010 s)
2025-05-28 00:19:08,194 INFO  - ------------------------------------------------------------------------------------- (at simulation time 685.000,000,010 s)
2025-05-28 00:19:08,194 INFO  - ------------------------------------------------------------------------------------- (at simulation time 685.000,000,010 s)
2025-05-28 00:19:08,194 INFO  - ------------------------------------------------------------------------------------- (at simulation time 685.000,000,010 s)
2025-05-28 00:19:08,194 INFO  - Processing event (at simulation time 685.000,000,010 s)
2025-05-28 00:19:08,194 INFO  - ------------------------------------------------------------------------------------- (at simulation time 685.000,000,010 s)
2025-05-28 00:19:08,194 INFO  - Already have ACK (at simulation time 685.000,000,010 s)
2025-05-28 00:19:08,194 INFO  - ------------------------------------------------------------------------------------- (at simulation time 685.000,000,010 s)
2025-05-28 00:19:08,194 INFO  - ------------------------------------------------------------------------------------- (at simulation time 685.000,000,010 s)
2025-05-28 00:19:08,195 INFO  - ------------------------------------------------------------------------------------- (at simulation time 685.000,000,010 s)
2025-05-28 00:19:08,195 INFO  - Processing event (at simulation time 685.000,000,010 s)
2025-05-28 00:19:08,195 INFO  - ------------------------------------------------------------------------------------- (at simulation time 685.000,000,010 s)
2025-05-28 00:19:08,195 INFO  - Already have ACK (at simulation time 685.000,000,010 s)
2025-05-28 00:19:08,195 INFO  - ------------------------------------------------------------------------------------- (at simulation time 685.000,000,010 s)
2025-05-28 00:19:08,195 INFO  - ------------------------------------------------------------------------------------- (at simulation time 685.000,000,010 s)
2025-05-28 00:19:08,195 INFO  - ------------------------------------------------------------------------------------- (at simulation time 685.000,000,010 s)
2025-05-28 00:19:08,195 INFO  - Processing event (at simulation time 685.000,000,010 s)
2025-05-28 00:19:08,195 INFO  - ------------------------------------------------------------------------------------- (at simulation time 685.000,000,010 s)
2025-05-28 00:19:08,195 INFO  - Already have ACK (at simulation time 685.000,000,010 s)
2025-05-28 00:19:08,195 INFO  - ------------------------------------------------------------------------------------- (at simulation time 685.000,000,010 s)
2025-05-28 00:19:08,195 INFO  - ------------------------------------------------------------------------------------- (at simulation time 685.000,000,010 s)
2025-05-28 00:19:08,196 INFO  - ------------------------------------------------------------------------------------- (at simulation time 685.000,000,010 s)
2025-05-28 00:19:08,196 INFO  - Processing event (at simulation time 685.000,000,010 s)
2025-05-28 00:19:08,196 INFO  - ------------------------------------------------------------------------------------- (at simulation time 685.000,000,010 s)
2025-05-28 00:19:08,196 INFO  - Already have ACK (at simulation time 685.000,000,010 s)
2025-05-28 00:19:08,196 INFO  - ------------------------------------------------------------------------------------- (at simulation time 685.000,000,010 s)
2025-05-28 00:19:08,196 INFO  - ------------------------------------------------------------------------------------- (at simulation time 685.000,000,010 s)
2025-05-28 00:19:08,196 INFO  - ------------------------------------------------------------------------------------- (at simulation time 685.000,000,010 s)
2025-05-28 00:19:08,196 INFO  - Processing event (at simulation time 685.000,000,010 s)
2025-05-28 00:19:08,196 INFO  - ------------------------------------------------------------------------------------- (at simulation time 685.000,000,010 s)
2025-05-28 00:19:08,196 INFO  - Already have ACK (at simulation time 685.000,000,010 s)
2025-05-28 00:19:08,196 INFO  - ------------------------------------------------------------------------------------- (at simulation time 685.000,000,010 s)
2025-05-28 00:19:08,196 INFO  - ------------------------------------------------------------------------------------- (at simulation time 685.000,000,010 s)
2025-05-28 00:19:08,197 INFO  - ------------------------------------------------------------------------------------- (at simulation time 685.000,000,010 s)
2025-05-28 00:19:08,197 INFO  - Processing event (at simulation time 685.000,000,010 s)
2025-05-28 00:19:08,197 INFO  - ------------------------------------------------------------------------------------- (at simulation time 685.000,000,010 s)
2025-05-28 00:19:08,197 INFO  - Already have ACK (at simulation time 685.000,000,010 s)
2025-05-28 00:19:08,197 INFO  - ------------------------------------------------------------------------------------- (at simulation time 685.000,000,010 s)
2025-05-28 00:19:08,197 INFO  - ------------------------------------------------------------------------------------- (at simulation time 685.000,000,010 s)
2025-05-28 00:19:08,197 INFO  - ------------------------------------------------------------------------------------- (at simulation time 685.000,000,010 s)
2025-05-28 00:19:08,197 INFO  - Processing event (at simulation time 685.000,000,010 s)
2025-05-28 00:19:08,197 INFO  - ------------------------------------------------------------------------------------- (at simulation time 685.000,000,010 s)
2025-05-28 00:19:08,197 INFO  - Already have ACK (at simulation time 685.000,000,010 s)
2025-05-28 00:19:08,197 INFO  - ------------------------------------------------------------------------------------- (at simulation time 685.000,000,010 s)
2025-05-28 00:19:08,197 INFO  - ------------------------------------------------------------------------------------- (at simulation time 685.000,000,010 s)
2025-05-28 00:19:08,198 INFO  - ------------------------------------------------------------------------------------- (at simulation time 685.000,000,010 s)
2025-05-28 00:19:08,198 INFO  - Processing event (at simulation time 685.000,000,010 s)
2025-05-28 00:19:08,198 INFO  - ------------------------------------------------------------------------------------- (at simulation time 685.000,000,010 s)
2025-05-28 00:19:08,198 INFO  - Already have ACK (at simulation time 685.000,000,010 s)
2025-05-28 00:19:08,198 INFO  - ------------------------------------------------------------------------------------- (at simulation time 685.000,000,010 s)
2025-05-28 00:19:08,198 INFO  - ------------------------------------------------------------------------------------- (at simulation time 685.000,000,010 s)
2025-05-28 00:19:08,198 INFO  - ------------------------------------------------------------------------------------- (at simulation time 685.000,000,010 s)
2025-05-28 00:19:08,198 INFO  - Processing event (at simulation time 685.000,000,010 s)
2025-05-28 00:19:08,198 INFO  - ------------------------------------------------------------------------------------- (at simulation time 685.000,000,010 s)
2025-05-28 00:19:08,198 INFO  - Already have ACK (at simulation time 685.000,000,010 s)
2025-05-28 00:19:08,198 INFO  - ------------------------------------------------------------------------------------- (at simulation time 685.000,000,010 s)
2025-05-28 00:19:08,198 INFO  - ------------------------------------------------------------------------------------- (at simulation time 685.000,000,010 s)
2025-05-28 00:19:08,199 INFO  - ------------------------------------------------------------------------------------- (at simulation time 685.000,000,010 s)
2025-05-28 00:19:08,199 INFO  - Processing event (at simulation time 685.000,000,010 s)
2025-05-28 00:19:08,199 INFO  - ------------------------------------------------------------------------------------- (at simulation time 685.000,000,010 s)
2025-05-28 00:19:08,199 INFO  - Already have ACK (at simulation time 685.000,000,010 s)
2025-05-28 00:19:08,199 INFO  - ------------------------------------------------------------------------------------- (at simulation time 685.000,000,010 s)
2025-05-28 00:19:08,199 INFO  - ------------------------------------------------------------------------------------- (at simulation time 685.000,000,010 s)
2025-05-28 00:19:08,199 INFO  - ------------------------------------------------------------------------------------- (at simulation time 685.000,000,010 s)
2025-05-28 00:19:08,199 INFO  - Processing event (at simulation time 685.000,000,010 s)
2025-05-28 00:19:08,199 INFO  - ------------------------------------------------------------------------------------- (at simulation time 685.000,000,010 s)
2025-05-28 00:19:08,199 INFO  - Already have ACK (at simulation time 685.000,000,010 s)
2025-05-28 00:19:08,199 INFO  - ------------------------------------------------------------------------------------- (at simulation time 685.000,000,010 s)
2025-05-28 00:19:08,199 INFO  - ------------------------------------------------------------------------------------- (at simulation time 685.000,000,010 s)
2025-05-28 00:19:08,200 INFO  - ------------------------------------------------------------------------------------- (at simulation time 685.000,000,010 s)
2025-05-28 00:19:08,200 INFO  - Processing event (at simulation time 685.000,000,010 s)
2025-05-28 00:19:08,200 INFO  - ------------------------------------------------------------------------------------- (at simulation time 685.000,000,010 s)
2025-05-28 00:19:08,200 INFO  - Already have ACK (at simulation time 685.000,000,010 s)
2025-05-28 00:19:08,200 INFO  - ------------------------------------------------------------------------------------- (at simulation time 685.000,000,010 s)
2025-05-28 00:19:08,200 INFO  - ------------------------------------------------------------------------------------- (at simulation time 685.000,000,010 s)
2025-05-28 00:19:08,201 INFO  - ------------------------------------------------------------------------------------- (at simulation time 685.000,000,010 s)
2025-05-28 00:19:08,201 INFO  - Processing event (at simulation time 685.000,000,010 s)
2025-05-28 00:19:08,201 INFO  - ------------------------------------------------------------------------------------- (at simulation time 685.000,000,010 s)
2025-05-28 00:19:08,201 INFO  - Already have ACK (at simulation time 685.000,000,010 s)
2025-05-28 00:19:08,201 INFO  - ------------------------------------------------------------------------------------- (at simulation time 685.000,000,010 s)
2025-05-28 00:19:08,201 INFO  - ------------------------------------------------------------------------------------- (at simulation time 685.000,000,010 s)
2025-05-28 00:19:08,201 INFO  - ------------------------------------------------------------------------------------- (at simulation time 685.000,000,010 s)
2025-05-28 00:19:08,201 INFO  - Processing event (at simulation time 685.000,000,010 s)
2025-05-28 00:19:08,201 INFO  - ------------------------------------------------------------------------------------- (at simulation time 685.000,000,010 s)
2025-05-28 00:19:08,201 INFO  - Already have ACK (at simulation time 685.000,000,010 s)
2025-05-28 00:19:08,201 INFO  - ------------------------------------------------------------------------------------- (at simulation time 685.000,000,010 s)
2025-05-28 00:19:08,201 INFO  - ------------------------------------------------------------------------------------- (at simulation time 685.000,000,010 s)
2025-05-28 00:19:08,202 INFO  - ------------------------------------------------------------------------------------- (at simulation time 685.000,000,010 s)
2025-05-28 00:19:08,202 INFO  - Processing event (at simulation time 685.000,000,010 s)
2025-05-28 00:19:08,202 INFO  - ------------------------------------------------------------------------------------- (at simulation time 685.000,000,010 s)
2025-05-28 00:19:08,202 INFO  - Already have ACK (at simulation time 685.000,000,010 s)
2025-05-28 00:19:08,202 INFO  - ------------------------------------------------------------------------------------- (at simulation time 685.000,000,010 s)
2025-05-28 00:19:08,202 INFO  - ------------------------------------------------------------------------------------- (at simulation time 685.000,000,010 s)
2025-05-28 00:19:08,203 INFO  - ------------------------------------------------------------------------------------- (at simulation time 685.001,400,000 s)
2025-05-28 00:19:08,203 INFO  - New neighbour is veh_125 (at simulation time 685.001,400,000 s)
2025-05-28 00:19:08,203 INFO  - ------------------------------------------------------------------------------------- (at simulation time 685.001,400,000 s)
2025-05-28 00:19:08,203 INFO  - ------------------------------------------------------------------------------------- (at simulation time 685.001,400,000 s)
2025-05-28 00:19:08,203 INFO  - New neighbour is veh_127 (at simulation time 685.001,400,000 s)
2025-05-28 00:19:08,203 INFO  - ------------------------------------------------------------------------------------- (at simulation time 685.001,400,000 s)
2025-05-28 00:19:08,203 INFO  - ------------------------------------------------------------------------------------- (at simulation time 685.002,400,000 s)
2025-05-28 00:19:08,203 INFO  - New neighbour is veh_126 (at simulation time 685.002,400,000 s)
2025-05-28 00:19:08,203 INFO  - ------------------------------------------------------------------------------------- (at simulation time 685.002,400,000 s)
2025-05-28 00:19:08,205 INFO  - ------------------------------------------------------------------------------------- (at simulation time 686.000,000,000 s)
2025-05-28 00:19:08,205 INFO  - Already have ACK (at simulation time 686.000,000,000 s)
2025-05-28 00:19:08,205 INFO  - ------------------------------------------------------------------------------------- (at simulation time 686.000,000,000 s)
2025-05-28 00:19:08,205 INFO  - ------------------------------------------------------------------------------------- (at simulation time 686.000,000,000 s)
2025-05-28 00:19:08,205 INFO  - Processing event (at simulation time 686.000,000,000 s)
2025-05-28 00:19:08,205 INFO  - ------------------------------------------------------------------------------------- (at simulation time 686.000,000,000 s)
2025-05-28 00:19:08,205 INFO  - Already have ACK (at simulation time 686.000,000,000 s)
2025-05-28 00:19:08,205 INFO  - ------------------------------------------------------------------------------------- (at simulation time 686.000,000,000 s)
2025-05-28 00:19:08,205 INFO  - ------------------------------------------------------------------------------------- (at simulation time 686.000,000,000 s)
2025-05-28 00:19:08,206 INFO  - ------------------------------------------------------------------------------------- (at simulation time 686.000,000,000 s)
2025-05-28 00:19:08,206 INFO  - Processing event (at simulation time 686.000,000,000 s)
2025-05-28 00:19:08,206 INFO  - ------------------------------------------------------------------------------------- (at simulation time 686.000,000,000 s)
2025-05-28 00:19:08,206 INFO  - Already have ACK (at simulation time 686.000,000,000 s)
2025-05-28 00:19:08,206 INFO  - ------------------------------------------------------------------------------------- (at simulation time 686.000,000,000 s)
2025-05-28 00:19:08,206 INFO  - ------------------------------------------------------------------------------------- (at simulation time 686.000,000,000 s)
2025-05-28 00:19:08,207 INFO  - ------------------------------------------------------------------------------------- (at simulation time 686.000,000,000 s)
2025-05-28 00:19:08,207 INFO  - Processing event (at simulation time 686.000,000,000 s)
2025-05-28 00:19:08,207 INFO  - ------------------------------------------------------------------------------------- (at simulation time 686.000,000,000 s)
2025-05-28 00:19:08,207 INFO  - Already have ACK (at simulation time 686.000,000,000 s)
2025-05-28 00:19:08,207 INFO  - ------------------------------------------------------------------------------------- (at simulation time 686.000,000,000 s)
2025-05-28 00:19:08,207 INFO  - ------------------------------------------------------------------------------------- (at simulation time 686.000,000,000 s)
2025-05-28 00:19:08,207 INFO  - ------------------------------------------------------------------------------------- (at simulation time 686.000,000,000 s)
2025-05-28 00:19:08,207 INFO  - Processing event (at simulation time 686.000,000,000 s)
2025-05-28 00:19:08,207 INFO  - ------------------------------------------------------------------------------------- (at simulation time 686.000,000,000 s)
2025-05-28 00:19:08,207 INFO  - Already have ACK (at simulation time 686.000,000,000 s)
2025-05-28 00:19:08,207 INFO  - ------------------------------------------------------------------------------------- (at simulation time 686.000,000,000 s)
2025-05-28 00:19:08,207 INFO  - ------------------------------------------------------------------------------------- (at simulation time 686.000,000,000 s)
2025-05-28 00:19:08,208 INFO  - ------------------------------------------------------------------------------------- (at simulation time 686.000,000,000 s)
2025-05-28 00:19:08,208 INFO  - Processing event (at simulation time 686.000,000,000 s)
2025-05-28 00:19:08,208 INFO  - ------------------------------------------------------------------------------------- (at simulation time 686.000,000,000 s)
2025-05-28 00:19:08,208 INFO  - Already have ACK (at simulation time 686.000,000,000 s)
2025-05-28 00:19:08,208 INFO  - ------------------------------------------------------------------------------------- (at simulation time 686.000,000,000 s)
2025-05-28 00:19:08,208 INFO  - ------------------------------------------------------------------------------------- (at simulation time 686.000,000,000 s)
2025-05-28 00:19:08,208 INFO  - ------------------------------------------------------------------------------------- (at simulation time 686.000,000,000 s)
2025-05-28 00:19:08,208 INFO  - Processing event (at simulation time 686.000,000,000 s)
2025-05-28 00:19:08,208 INFO  - ------------------------------------------------------------------------------------- (at simulation time 686.000,000,000 s)
2025-05-28 00:19:08,208 INFO  - Already have ACK (at simulation time 686.000,000,000 s)
2025-05-28 00:19:08,208 INFO  - ------------------------------------------------------------------------------------- (at simulation time 686.000,000,000 s)
2025-05-28 00:19:08,208 INFO  - ------------------------------------------------------------------------------------- (at simulation time 686.000,000,000 s)
2025-05-28 00:19:08,209 INFO  - ------------------------------------------------------------------------------------- (at simulation time 686.000,000,000 s)
2025-05-28 00:19:08,209 INFO  - Processing event (at simulation time 686.000,000,000 s)
2025-05-28 00:19:08,209 INFO  - ------------------------------------------------------------------------------------- (at simulation time 686.000,000,000 s)
2025-05-28 00:19:08,209 INFO  - Already have ACK (at simulation time 686.000,000,000 s)
2025-05-28 00:19:08,209 INFO  - ------------------------------------------------------------------------------------- (at simulation time 686.000,000,000 s)
2025-05-28 00:19:08,209 INFO  - ------------------------------------------------------------------------------------- (at simulation time 686.000,000,000 s)
2025-05-28 00:19:08,209 INFO  - ------------------------------------------------------------------------------------- (at simulation time 686.000,000,000 s)
2025-05-28 00:19:08,209 INFO  - Processing event (at simulation time 686.000,000,000 s)
2025-05-28 00:19:08,209 INFO  - ------------------------------------------------------------------------------------- (at simulation time 686.000,000,000 s)
2025-05-28 00:19:08,209 INFO  - Already have ACK (at simulation time 686.000,000,000 s)
2025-05-28 00:19:08,209 INFO  - ------------------------------------------------------------------------------------- (at simulation time 686.000,000,000 s)
2025-05-28 00:19:08,209 INFO  - ------------------------------------------------------------------------------------- (at simulation time 686.000,000,000 s)
2025-05-28 00:19:08,210 INFO  - ------------------------------------------------------------------------------------- (at simulation time 686.000,000,000 s)
2025-05-28 00:19:08,210 INFO  - Processing event (at simulation time 686.000,000,000 s)
2025-05-28 00:19:08,210 INFO  - ------------------------------------------------------------------------------------- (at simulation time 686.000,000,000 s)
2025-05-28 00:19:08,210 INFO  - Already have ACK (at simulation time 686.000,000,000 s)
2025-05-28 00:19:08,210 INFO  - ------------------------------------------------------------------------------------- (at simulation time 686.000,000,000 s)
2025-05-28 00:19:08,210 INFO  - ------------------------------------------------------------------------------------- (at simulation time 686.000,000,000 s)
2025-05-28 00:19:08,211 INFO  - ------------------------------------------------------------------------------------- (at simulation time 686.000,000,000 s)
2025-05-28 00:19:08,211 INFO  - Processing event (at simulation time 686.000,000,000 s)
2025-05-28 00:19:08,211 INFO  - ------------------------------------------------------------------------------------- (at simulation time 686.000,000,000 s)
2025-05-28 00:19:08,211 INFO  - Already have ACK (at simulation time 686.000,000,000 s)
2025-05-28 00:19:08,211 INFO  - ------------------------------------------------------------------------------------- (at simulation time 686.000,000,000 s)
2025-05-28 00:19:08,211 INFO  - ------------------------------------------------------------------------------------- (at simulation time 686.000,000,000 s)
2025-05-28 00:19:08,211 INFO  - ------------------------------------------------------------------------------------- (at simulation time 686.000,000,000 s)
2025-05-28 00:19:08,211 INFO  - Processing event (at simulation time 686.000,000,000 s)
2025-05-28 00:19:08,211 INFO  - ------------------------------------------------------------------------------------- (at simulation time 686.000,000,000 s)
2025-05-28 00:19:08,211 INFO  - Already have ACK (at simulation time 686.000,000,000 s)
2025-05-28 00:19:08,211 INFO  - ------------------------------------------------------------------------------------- (at simulation time 686.000,000,000 s)
2025-05-28 00:19:08,211 INFO  - ------------------------------------------------------------------------------------- (at simulation time 686.000,000,000 s)
2025-05-28 00:19:08,212 INFO  - ------------------------------------------------------------------------------------- (at simulation time 686.000,000,000 s)
2025-05-28 00:19:08,212 INFO  - Processing event (at simulation time 686.000,000,000 s)
2025-05-28 00:19:08,212 INFO  - ------------------------------------------------------------------------------------- (at simulation time 686.000,000,000 s)
2025-05-28 00:19:08,212 INFO  - Already have ACK (at simulation time 686.000,000,000 s)
2025-05-28 00:19:08,212 INFO  - ------------------------------------------------------------------------------------- (at simulation time 686.000,000,000 s)
2025-05-28 00:19:08,212 INFO  - ------------------------------------------------------------------------------------- (at simulation time 686.000,000,000 s)
2025-05-28 00:19:08,212 INFO  - ------------------------------------------------------------------------------------- (at simulation time 686.000,000,000 s)
2025-05-28 00:19:08,212 INFO  - Processing event (at simulation time 686.000,000,000 s)
2025-05-28 00:19:08,212 INFO  - ------------------------------------------------------------------------------------- (at simulation time 686.000,000,000 s)
2025-05-28 00:19:08,212 INFO  - Already have ACK (at simulation time 686.000,000,000 s)
2025-05-28 00:19:08,212 INFO  - ------------------------------------------------------------------------------------- (at simulation time 686.000,000,000 s)
2025-05-28 00:19:08,212 INFO  - ------------------------------------------------------------------------------------- (at simulation time 686.000,000,000 s)
2025-05-28 00:19:08,213 INFO  - ------------------------------------------------------------------------------------- (at simulation time 686.000,000,000 s)
2025-05-28 00:19:08,213 INFO  - Processing event (at simulation time 686.000,000,000 s)
2025-05-28 00:19:08,213 INFO  - ------------------------------------------------------------------------------------- (at simulation time 686.000,000,000 s)
2025-05-28 00:19:08,213 INFO  - Already have ACK (at simulation time 686.000,000,000 s)
2025-05-28 00:19:08,213 INFO  - ------------------------------------------------------------------------------------- (at simulation time 686.000,000,000 s)
2025-05-28 00:19:08,213 INFO  - ------------------------------------------------------------------------------------- (at simulation time 686.000,000,000 s)
2025-05-28 00:19:08,213 INFO  - ------------------------------------------------------------------------------------- (at simulation time 686.000,000,000 s)
2025-05-28 00:19:08,213 INFO  - Processing event (at simulation time 686.000,000,000 s)
2025-05-28 00:19:08,213 INFO  - ------------------------------------------------------------------------------------- (at simulation time 686.000,000,000 s)
2025-05-28 00:19:08,213 INFO  - Already have ACK (at simulation time 686.000,000,000 s)
2025-05-28 00:19:08,213 INFO  - ------------------------------------------------------------------------------------- (at simulation time 686.000,000,000 s)
2025-05-28 00:19:08,213 INFO  - ------------------------------------------------------------------------------------- (at simulation time 686.000,000,000 s)
2025-05-28 00:19:08,214 INFO  - ------------------------------------------------------------------------------------- (at simulation time 686.000,000,000 s)
2025-05-28 00:19:08,214 INFO  - Processing event (at simulation time 686.000,000,000 s)
2025-05-28 00:19:08,214 INFO  - ------------------------------------------------------------------------------------- (at simulation time 686.000,000,000 s)
2025-05-28 00:19:08,214 INFO  - Already have ACK (at simulation time 686.000,000,000 s)
2025-05-28 00:19:08,214 INFO  - ------------------------------------------------------------------------------------- (at simulation time 686.000,000,000 s)
2025-05-28 00:19:08,214 INFO  - ------------------------------------------------------------------------------------- (at simulation time 686.000,000,000 s)
2025-05-28 00:19:08,214 INFO  - ------------------------------------------------------------------------------------- (at simulation time 686.000,000,000 s)
2025-05-28 00:19:08,214 INFO  - Processing event (at simulation time 686.000,000,000 s)
2025-05-28 00:19:08,214 INFO  - ------------------------------------------------------------------------------------- (at simulation time 686.000,000,000 s)
2025-05-28 00:19:08,214 INFO  - Already have ACK (at simulation time 686.000,000,000 s)
2025-05-28 00:19:08,214 INFO  - ------------------------------------------------------------------------------------- (at simulation time 686.000,000,000 s)
2025-05-28 00:19:08,214 INFO  - ------------------------------------------------------------------------------------- (at simulation time 686.000,000,000 s)
2025-05-28 00:19:08,215 INFO  - ------------------------------------------------------------------------------------- (at simulation time 686.000,000,000 s)
2025-05-28 00:19:08,215 INFO  - Processing event (at simulation time 686.000,000,000 s)
2025-05-28 00:19:08,215 INFO  - ------------------------------------------------------------------------------------- (at simulation time 686.000,000,000 s)
2025-05-28 00:19:08,215 INFO  - Already have ACK (at simulation time 686.000,000,000 s)
2025-05-28 00:19:08,215 INFO  - ------------------------------------------------------------------------------------- (at simulation time 686.000,000,000 s)
2025-05-28 00:19:08,215 INFO  - ------------------------------------------------------------------------------------- (at simulation time 686.000,000,000 s)
2025-05-28 00:19:08,215 INFO  - ------------------------------------------------------------------------------------- (at simulation time 686.000,000,000 s)
2025-05-28 00:19:08,215 INFO  - Processing event (at simulation time 686.000,000,000 s)
2025-05-28 00:19:08,215 INFO  - ------------------------------------------------------------------------------------- (at simulation time 686.000,000,000 s)
2025-05-28 00:19:08,215 INFO  - Already have ACK (at simulation time 686.000,000,000 s)
2025-05-28 00:19:08,215 INFO  - ------------------------------------------------------------------------------------- (at simulation time 686.000,000,000 s)
2025-05-28 00:19:08,215 INFO  - ------------------------------------------------------------------------------------- (at simulation time 686.000,000,000 s)
2025-05-28 00:19:08,216 INFO  - ------------------------------------------------------------------------------------- (at simulation time 686.000,000,000 s)
2025-05-28 00:19:08,216 INFO  - Processing event (at simulation time 686.000,000,000 s)
2025-05-28 00:19:08,216 INFO  - ------------------------------------------------------------------------------------- (at simulation time 686.000,000,000 s)
2025-05-28 00:19:08,216 INFO  - Already have ACK (at simulation time 686.000,000,000 s)
2025-05-28 00:19:08,216 INFO  - ------------------------------------------------------------------------------------- (at simulation time 686.000,000,000 s)
2025-05-28 00:19:08,216 INFO  - ------------------------------------------------------------------------------------- (at simulation time 686.000,000,000 s)
2025-05-28 00:19:08,216 INFO  - ------------------------------------------------------------------------------------- (at simulation time 686.000,000,000 s)
2025-05-28 00:19:08,216 INFO  - Processing event (at simulation time 686.000,000,000 s)
2025-05-28 00:19:08,216 INFO  - ------------------------------------------------------------------------------------- (at simulation time 686.000,000,000 s)
2025-05-28 00:19:08,216 INFO  - Already have ACK (at simulation time 686.000,000,000 s)
2025-05-28 00:19:08,216 INFO  - ------------------------------------------------------------------------------------- (at simulation time 686.000,000,000 s)
2025-05-28 00:19:08,216 INFO  - ------------------------------------------------------------------------------------- (at simulation time 686.000,000,000 s)
2025-05-28 00:19:08,291 INFO  - ------------------------------------------------------------------------------------- (at simulation time 686.000,000,010 s)
2025-05-28 00:19:08,291 INFO  - Processing event (at simulation time 686.000,000,010 s)
2025-05-28 00:19:08,291 INFO  - ------------------------------------------------------------------------------------- (at simulation time 686.000,000,010 s)
2025-05-28 00:19:08,291 INFO  - Already have ACK (at simulation time 686.000,000,010 s)
2025-05-28 00:19:08,291 INFO  - ------------------------------------------------------------------------------------- (at simulation time 686.000,000,010 s)
2025-05-28 00:19:08,291 INFO  - ------------------------------------------------------------------------------------- (at simulation time 686.000,000,010 s)
2025-05-28 00:19:08,291 INFO  - ------------------------------------------------------------------------------------- (at simulation time 686.000,000,010 s)
2025-05-28 00:19:08,291 INFO  - Processing event (at simulation time 686.000,000,010 s)
2025-05-28 00:19:08,291 INFO  - ------------------------------------------------------------------------------------- (at simulation time 686.000,000,010 s)
2025-05-28 00:19:08,292 INFO  - Already have ACK (at simulation time 686.000,000,010 s)
2025-05-28 00:19:08,292 INFO  - ------------------------------------------------------------------------------------- (at simulation time 686.000,000,010 s)
2025-05-28 00:19:08,292 INFO  - ------------------------------------------------------------------------------------- (at simulation time 686.000,000,010 s)
2025-05-28 00:19:08,292 INFO  - ------------------------------------------------------------------------------------- (at simulation time 686.000,000,010 s)
2025-05-28 00:19:08,292 INFO  - Processing event (at simulation time 686.000,000,010 s)
2025-05-28 00:19:08,292 INFO  - ------------------------------------------------------------------------------------- (at simulation time 686.000,000,010 s)
2025-05-28 00:19:08,292 INFO  - Already have ACK (at simulation time 686.000,000,010 s)
2025-05-28 00:19:08,292 INFO  - ------------------------------------------------------------------------------------- (at simulation time 686.000,000,010 s)
2025-05-28 00:19:08,292 INFO  - ------------------------------------------------------------------------------------- (at simulation time 686.000,000,010 s)
2025-05-28 00:19:08,292 INFO  - ------------------------------------------------------------------------------------- (at simulation time 686.000,000,010 s)
2025-05-28 00:19:08,292 INFO  - Processing event (at simulation time 686.000,000,010 s)
2025-05-28 00:19:08,292 INFO  - ------------------------------------------------------------------------------------- (at simulation time 686.000,000,010 s)
2025-05-28 00:19:08,292 INFO  - Already have ACK (at simulation time 686.000,000,010 s)
2025-05-28 00:19:08,292 INFO  - ------------------------------------------------------------------------------------- (at simulation time 686.000,000,010 s)
2025-05-28 00:19:08,292 INFO  - ------------------------------------------------------------------------------------- (at simulation time 686.000,000,010 s)
2025-05-28 00:19:08,293 INFO  - ------------------------------------------------------------------------------------- (at simulation time 686.000,000,010 s)
2025-05-28 00:19:08,293 INFO  - Processing event (at simulation time 686.000,000,010 s)
2025-05-28 00:19:08,293 INFO  - ------------------------------------------------------------------------------------- (at simulation time 686.000,000,010 s)
2025-05-28 00:19:08,293 INFO  - Already have ACK (at simulation time 686.000,000,010 s)
2025-05-28 00:19:08,293 INFO  - ------------------------------------------------------------------------------------- (at simulation time 686.000,000,010 s)
2025-05-28 00:19:08,293 INFO  - ------------------------------------------------------------------------------------- (at simulation time 686.000,000,010 s)
2025-05-28 00:19:08,293 INFO  - ------------------------------------------------------------------------------------- (at simulation time 686.000,000,010 s)
2025-05-28 00:19:08,293 INFO  - Processing event (at simulation time 686.000,000,010 s)
2025-05-28 00:19:08,293 INFO  - ------------------------------------------------------------------------------------- (at simulation time 686.000,000,010 s)
2025-05-28 00:19:08,293 INFO  - Already have ACK (at simulation time 686.000,000,010 s)
2025-05-28 00:19:08,293 INFO  - ------------------------------------------------------------------------------------- (at simulation time 686.000,000,010 s)
2025-05-28 00:19:08,293 INFO  - ------------------------------------------------------------------------------------- (at simulation time 686.000,000,010 s)
2025-05-28 00:19:08,294 INFO  - ------------------------------------------------------------------------------------- (at simulation time 686.000,000,010 s)
2025-05-28 00:19:08,294 INFO  - Processing event (at simulation time 686.000,000,010 s)
2025-05-28 00:19:08,294 INFO  - ------------------------------------------------------------------------------------- (at simulation time 686.000,000,010 s)
2025-05-28 00:19:08,294 INFO  - Already have ACK (at simulation time 686.000,000,010 s)
2025-05-28 00:19:08,294 INFO  - ------------------------------------------------------------------------------------- (at simulation time 686.000,000,010 s)
2025-05-28 00:19:08,294 INFO  - ------------------------------------------------------------------------------------- (at simulation time 686.000,000,010 s)
2025-05-28 00:19:08,294 INFO  - ------------------------------------------------------------------------------------- (at simulation time 686.000,000,010 s)
2025-05-28 00:19:08,294 INFO  - Processing event (at simulation time 686.000,000,010 s)
2025-05-28 00:19:08,294 INFO  - ------------------------------------------------------------------------------------- (at simulation time 686.000,000,010 s)
2025-05-28 00:19:08,294 INFO  - Already have ACK (at simulation time 686.000,000,010 s)
2025-05-28 00:19:08,294 INFO  - ------------------------------------------------------------------------------------- (at simulation time 686.000,000,010 s)
2025-05-28 00:19:08,294 INFO  - ------------------------------------------------------------------------------------- (at simulation time 686.000,000,010 s)
2025-05-28 00:19:08,295 INFO  - ------------------------------------------------------------------------------------- (at simulation time 686.000,000,010 s)
2025-05-28 00:19:08,295 INFO  - Processing event (at simulation time 686.000,000,010 s)
2025-05-28 00:19:08,295 INFO  - ------------------------------------------------------------------------------------- (at simulation time 686.000,000,010 s)
2025-05-28 00:19:08,295 INFO  - Already have ACK (at simulation time 686.000,000,010 s)
2025-05-28 00:19:08,295 INFO  - ------------------------------------------------------------------------------------- (at simulation time 686.000,000,010 s)
2025-05-28 00:19:08,295 INFO  - ------------------------------------------------------------------------------------- (at simulation time 686.000,000,010 s)
2025-05-28 00:19:08,295 INFO  - ------------------------------------------------------------------------------------- (at simulation time 686.000,000,010 s)
2025-05-28 00:19:08,295 INFO  - Processing event (at simulation time 686.000,000,010 s)
2025-05-28 00:19:08,295 INFO  - ------------------------------------------------------------------------------------- (at simulation time 686.000,000,010 s)
2025-05-28 00:19:08,295 INFO  - Already have ACK (at simulation time 686.000,000,010 s)
2025-05-28 00:19:08,295 INFO  - ------------------------------------------------------------------------------------- (at simulation time 686.000,000,010 s)
2025-05-28 00:19:08,295 INFO  - ------------------------------------------------------------------------------------- (at simulation time 686.000,000,010 s)
2025-05-28 00:19:08,296 INFO  - ------------------------------------------------------------------------------------- (at simulation time 686.000,000,010 s)
2025-05-28 00:19:08,296 INFO  - Processing event (at simulation time 686.000,000,010 s)
2025-05-28 00:19:08,296 INFO  - ------------------------------------------------------------------------------------- (at simulation time 686.000,000,010 s)
2025-05-28 00:19:08,296 INFO  - Already have ACK (at simulation time 686.000,000,010 s)
2025-05-28 00:19:08,296 INFO  - ------------------------------------------------------------------------------------- (at simulation time 686.000,000,010 s)
2025-05-28 00:19:08,296 INFO  - ------------------------------------------------------------------------------------- (at simulation time 686.000,000,010 s)
2025-05-28 00:19:08,296 INFO  - ------------------------------------------------------------------------------------- (at simulation time 686.000,000,010 s)
2025-05-28 00:19:08,296 INFO  - Processing event (at simulation time 686.000,000,010 s)
2025-05-28 00:19:08,296 INFO  - ------------------------------------------------------------------------------------- (at simulation time 686.000,000,010 s)
2025-05-28 00:19:08,296 INFO  - Already have ACK (at simulation time 686.000,000,010 s)
2025-05-28 00:19:08,296 INFO  - ------------------------------------------------------------------------------------- (at simulation time 686.000,000,010 s)
2025-05-28 00:19:08,296 INFO  - ------------------------------------------------------------------------------------- (at simulation time 686.000,000,010 s)
2025-05-28 00:19:08,297 INFO  - ------------------------------------------------------------------------------------- (at simulation time 686.000,000,010 s)
2025-05-28 00:19:08,297 INFO  - Processing event (at simulation time 686.000,000,010 s)
2025-05-28 00:19:08,297 INFO  - ------------------------------------------------------------------------------------- (at simulation time 686.000,000,010 s)
2025-05-28 00:19:08,297 INFO  - Already have ACK (at simulation time 686.000,000,010 s)
2025-05-28 00:19:08,297 INFO  - ------------------------------------------------------------------------------------- (at simulation time 686.000,000,010 s)
2025-05-28 00:19:08,297 INFO  - ------------------------------------------------------------------------------------- (at simulation time 686.000,000,010 s)
2025-05-28 00:19:08,297 INFO  - ------------------------------------------------------------------------------------- (at simulation time 686.000,000,010 s)
2025-05-28 00:19:08,297 INFO  - Processing event (at simulation time 686.000,000,010 s)
2025-05-28 00:19:08,297 INFO  - ------------------------------------------------------------------------------------- (at simulation time 686.000,000,010 s)
2025-05-28 00:19:08,297 INFO  - Already have ACK (at simulation time 686.000,000,010 s)
2025-05-28 00:19:08,297 INFO  - ------------------------------------------------------------------------------------- (at simulation time 686.000,000,010 s)
2025-05-28 00:19:08,297 INFO  - ------------------------------------------------------------------------------------- (at simulation time 686.000,000,010 s)
2025-05-28 00:19:08,298 INFO  - ------------------------------------------------------------------------------------- (at simulation time 686.000,000,010 s)
2025-05-28 00:19:08,298 INFO  - Processing event (at simulation time 686.000,000,010 s)
2025-05-28 00:19:08,298 INFO  - ------------------------------------------------------------------------------------- (at simulation time 686.000,000,010 s)
2025-05-28 00:19:08,298 INFO  - Already have ACK (at simulation time 686.000,000,010 s)
2025-05-28 00:19:08,298 INFO  - ------------------------------------------------------------------------------------- (at simulation time 686.000,000,010 s)
2025-05-28 00:19:08,298 INFO  - ------------------------------------------------------------------------------------- (at simulation time 686.000,000,010 s)
2025-05-28 00:19:08,298 INFO  - ------------------------------------------------------------------------------------- (at simulation time 686.000,000,010 s)
2025-05-28 00:19:08,298 INFO  - Processing event (at simulation time 686.000,000,010 s)
2025-05-28 00:19:08,298 INFO  - ------------------------------------------------------------------------------------- (at simulation time 686.000,000,010 s)
2025-05-28 00:19:08,298 INFO  - Already have ACK (at simulation time 686.000,000,010 s)
2025-05-28 00:19:08,298 INFO  - ------------------------------------------------------------------------------------- (at simulation time 686.000,000,010 s)
2025-05-28 00:19:08,298 INFO  - ------------------------------------------------------------------------------------- (at simulation time 686.000,000,010 s)
2025-05-28 00:19:08,299 INFO  - ------------------------------------------------------------------------------------- (at simulation time 686.000,000,010 s)
2025-05-28 00:19:08,299 INFO  - Processing event (at simulation time 686.000,000,010 s)
2025-05-28 00:19:08,299 INFO  - ------------------------------------------------------------------------------------- (at simulation time 686.000,000,010 s)
2025-05-28 00:19:08,299 INFO  - Already have ACK (at simulation time 686.000,000,010 s)
2025-05-28 00:19:08,299 INFO  - ------------------------------------------------------------------------------------- (at simulation time 686.000,000,010 s)
2025-05-28 00:19:08,299 INFO  - ------------------------------------------------------------------------------------- (at simulation time 686.000,000,010 s)
2025-05-28 00:19:08,300 INFO  - ------------------------------------------------------------------------------------- (at simulation time 686.000,000,010 s)
2025-05-28 00:19:08,300 INFO  - Processing event (at simulation time 686.000,000,010 s)
2025-05-28 00:19:08,300 INFO  - ------------------------------------------------------------------------------------- (at simulation time 686.000,000,010 s)
2025-05-28 00:19:08,300 INFO  - Already have ACK (at simulation time 686.000,000,010 s)
2025-05-28 00:19:08,300 INFO  - ------------------------------------------------------------------------------------- (at simulation time 686.000,000,010 s)
2025-05-28 00:19:08,300 INFO  - ------------------------------------------------------------------------------------- (at simulation time 686.000,000,010 s)
2025-05-28 00:19:08,300 INFO  - ------------------------------------------------------------------------------------- (at simulation time 686.000,000,010 s)
2025-05-28 00:19:08,300 INFO  - Processing event (at simulation time 686.000,000,010 s)
2025-05-28 00:19:08,300 INFO  - ------------------------------------------------------------------------------------- (at simulation time 686.000,000,010 s)
2025-05-28 00:19:08,300 INFO  - Already have ACK (at simulation time 686.000,000,010 s)
2025-05-28 00:19:08,300 INFO  - ------------------------------------------------------------------------------------- (at simulation time 686.000,000,010 s)
2025-05-28 00:19:08,300 INFO  - ------------------------------------------------------------------------------------- (at simulation time 686.000,000,010 s)
2025-05-28 00:19:08,301 INFO  - ------------------------------------------------------------------------------------- (at simulation time 686.000,000,010 s)
2025-05-28 00:19:08,301 INFO  - Processing event (at simulation time 686.000,000,010 s)
2025-05-28 00:19:08,301 INFO  - ------------------------------------------------------------------------------------- (at simulation time 686.000,000,010 s)
2025-05-28 00:19:08,301 INFO  - Already have ACK (at simulation time 686.000,000,010 s)
2025-05-28 00:19:08,301 INFO  - ------------------------------------------------------------------------------------- (at simulation time 686.000,000,010 s)
2025-05-28 00:19:08,301 INFO  - ------------------------------------------------------------------------------------- (at simulation time 686.000,000,010 s)
2025-05-28 00:19:08,301 INFO  - ------------------------------------------------------------------------------------- (at simulation time 686.000,000,010 s)
2025-05-28 00:19:08,301 INFO  - Processing event (at simulation time 686.000,000,010 s)
2025-05-28 00:19:08,301 INFO  - ------------------------------------------------------------------------------------- (at simulation time 686.000,000,010 s)
2025-05-28 00:19:08,301 INFO  - Already have ACK (at simulation time 686.000,000,010 s)
2025-05-28 00:19:08,301 INFO  - ------------------------------------------------------------------------------------- (at simulation time 686.000,000,010 s)
2025-05-28 00:19:08,301 INFO  - ------------------------------------------------------------------------------------- (at simulation time 686.000,000,010 s)
2025-05-28 00:19:08,302 INFO  - ------------------------------------------------------------------------------------- (at simulation time 686.000,000,010 s)
2025-05-28 00:19:08,302 INFO  - Processing event (at simulation time 686.000,000,010 s)
2025-05-28 00:19:08,302 INFO  - ------------------------------------------------------------------------------------- (at simulation time 686.000,000,010 s)
2025-05-28 00:19:08,302 INFO  - Already have ACK (at simulation time 686.000,000,010 s)
2025-05-28 00:19:08,302 INFO  - ------------------------------------------------------------------------------------- (at simulation time 686.000,000,010 s)
2025-05-28 00:19:08,302 INFO  - ------------------------------------------------------------------------------------- (at simulation time 686.000,000,010 s)
2025-05-28 00:19:08,303 INFO  - ------------------------------------------------------------------------------------- (at simulation time 686.000,900,000 s)
2025-05-28 00:19:08,303 INFO  - New neighbour is veh_125 (at simulation time 686.000,900,000 s)
2025-05-28 00:19:08,303 INFO  - ------------------------------------------------------------------------------------- (at simulation time 686.000,900,000 s)
2025-05-28 00:19:08,303 INFO  - ------------------------------------------------------------------------------------- (at simulation time 686.000,900,000 s)
2025-05-28 00:19:08,303 INFO  - New neighbour is veh_127 (at simulation time 686.000,900,000 s)
2025-05-28 00:19:08,303 INFO  - ------------------------------------------------------------------------------------- (at simulation time 686.000,900,000 s)
2025-05-28 00:19:08,303 INFO  - ------------------------------------------------------------------------------------- (at simulation time 686.001,400,000 s)
2025-05-28 00:19:08,303 INFO  - New neighbour is veh_126 (at simulation time 686.001,400,000 s)
2025-05-28 00:19:08,303 INFO  - ------------------------------------------------------------------------------------- (at simulation time 686.001,400,000 s)
2025-05-28 00:19:08,305 INFO  - ------------------------------------------------------------------------------------- (at simulation time 687.000,000,000 s)
2025-05-28 00:19:08,305 INFO  - Already have ACK (at simulation time 687.000,000,000 s)
2025-05-28 00:19:08,305 INFO  - ------------------------------------------------------------------------------------- (at simulation time 687.000,000,000 s)
2025-05-28 00:19:08,306 INFO  - ------------------------------------------------------------------------------------- (at simulation time 687.000,000,000 s)
2025-05-28 00:19:08,306 INFO  - Processing event (at simulation time 687.000,000,000 s)
2025-05-28 00:19:08,306 INFO  - ------------------------------------------------------------------------------------- (at simulation time 687.000,000,000 s)
2025-05-28 00:19:08,306 INFO  - Already have ACK (at simulation time 687.000,000,000 s)
2025-05-28 00:19:08,306 INFO  - ------------------------------------------------------------------------------------- (at simulation time 687.000,000,000 s)
2025-05-28 00:19:08,306 INFO  - ------------------------------------------------------------------------------------- (at simulation time 687.000,000,000 s)
2025-05-28 00:19:08,306 INFO  - ------------------------------------------------------------------------------------- (at simulation time 687.000,000,000 s)
2025-05-28 00:19:08,306 INFO  - Processing event (at simulation time 687.000,000,000 s)
2025-05-28 00:19:08,306 INFO  - ------------------------------------------------------------------------------------- (at simulation time 687.000,000,000 s)
2025-05-28 00:19:08,306 INFO  - Already have ACK (at simulation time 687.000,000,000 s)
2025-05-28 00:19:08,306 INFO  - ------------------------------------------------------------------------------------- (at simulation time 687.000,000,000 s)
2025-05-28 00:19:08,306 INFO  - ------------------------------------------------------------------------------------- (at simulation time 687.000,000,000 s)
2025-05-28 00:19:08,307 INFO  - ------------------------------------------------------------------------------------- (at simulation time 687.000,000,000 s)
2025-05-28 00:19:08,307 INFO  - Processing event (at simulation time 687.000,000,000 s)
2025-05-28 00:19:08,307 INFO  - ------------------------------------------------------------------------------------- (at simulation time 687.000,000,000 s)
2025-05-28 00:19:08,307 INFO  - Already have ACK (at simulation time 687.000,000,000 s)
2025-05-28 00:19:08,307 INFO  - ------------------------------------------------------------------------------------- (at simulation time 687.000,000,000 s)
2025-05-28 00:19:08,307 INFO  - ------------------------------------------------------------------------------------- (at simulation time 687.000,000,000 s)
2025-05-28 00:19:08,308 INFO  - ------------------------------------------------------------------------------------- (at simulation time 687.000,000,000 s)
2025-05-28 00:19:08,308 INFO  - Processing event (at simulation time 687.000,000,000 s)
2025-05-28 00:19:08,308 INFO  - ------------------------------------------------------------------------------------- (at simulation time 687.000,000,000 s)
2025-05-28 00:19:08,308 INFO  - Already have ACK (at simulation time 687.000,000,000 s)
2025-05-28 00:19:08,308 INFO  - ------------------------------------------------------------------------------------- (at simulation time 687.000,000,000 s)
2025-05-28 00:19:08,308 INFO  - ------------------------------------------------------------------------------------- (at simulation time 687.000,000,000 s)
2025-05-28 00:19:08,308 INFO  - ------------------------------------------------------------------------------------- (at simulation time 687.000,000,000 s)
2025-05-28 00:19:08,308 INFO  - Processing event (at simulation time 687.000,000,000 s)
2025-05-28 00:19:08,308 INFO  - ------------------------------------------------------------------------------------- (at simulation time 687.000,000,000 s)
2025-05-28 00:19:08,308 INFO  - Already have ACK (at simulation time 687.000,000,000 s)
2025-05-28 00:19:08,308 INFO  - ------------------------------------------------------------------------------------- (at simulation time 687.000,000,000 s)
2025-05-28 00:19:08,308 INFO  - ------------------------------------------------------------------------------------- (at simulation time 687.000,000,000 s)
2025-05-28 00:19:08,309 INFO  - ------------------------------------------------------------------------------------- (at simulation time 687.000,000,000 s)
2025-05-28 00:19:08,309 INFO  - Processing event (at simulation time 687.000,000,000 s)
2025-05-28 00:19:08,309 INFO  - ------------------------------------------------------------------------------------- (at simulation time 687.000,000,000 s)
2025-05-28 00:19:08,309 INFO  - Already have ACK (at simulation time 687.000,000,000 s)
2025-05-28 00:19:08,309 INFO  - ------------------------------------------------------------------------------------- (at simulation time 687.000,000,000 s)
2025-05-28 00:19:08,309 INFO  - ------------------------------------------------------------------------------------- (at simulation time 687.000,000,000 s)
2025-05-28 00:19:08,309 INFO  - ------------------------------------------------------------------------------------- (at simulation time 687.000,000,000 s)
2025-05-28 00:19:08,309 INFO  - Processing event (at simulation time 687.000,000,000 s)
2025-05-28 00:19:08,309 INFO  - ------------------------------------------------------------------------------------- (at simulation time 687.000,000,000 s)
2025-05-28 00:19:08,309 INFO  - Already have ACK (at simulation time 687.000,000,000 s)
2025-05-28 00:19:08,309 INFO  - ------------------------------------------------------------------------------------- (at simulation time 687.000,000,000 s)
2025-05-28 00:19:08,309 INFO  - ------------------------------------------------------------------------------------- (at simulation time 687.000,000,000 s)
2025-05-28 00:19:08,310 INFO  - ------------------------------------------------------------------------------------- (at simulation time 687.000,000,000 s)
2025-05-28 00:19:08,310 INFO  - Processing event (at simulation time 687.000,000,000 s)
2025-05-28 00:19:08,310 INFO  - ------------------------------------------------------------------------------------- (at simulation time 687.000,000,000 s)
2025-05-28 00:19:08,310 INFO  - Already have ACK (at simulation time 687.000,000,000 s)
2025-05-28 00:19:08,310 INFO  - ------------------------------------------------------------------------------------- (at simulation time 687.000,000,000 s)
2025-05-28 00:19:08,310 INFO  - ------------------------------------------------------------------------------------- (at simulation time 687.000,000,000 s)
2025-05-28 00:19:08,310 INFO  - ------------------------------------------------------------------------------------- (at simulation time 687.000,000,000 s)
2025-05-28 00:19:08,310 INFO  - Processing event (at simulation time 687.000,000,000 s)
2025-05-28 00:19:08,310 INFO  - ------------------------------------------------------------------------------------- (at simulation time 687.000,000,000 s)
2025-05-28 00:19:08,310 INFO  - Already have ACK (at simulation time 687.000,000,000 s)
2025-05-28 00:19:08,310 INFO  - ------------------------------------------------------------------------------------- (at simulation time 687.000,000,000 s)
2025-05-28 00:19:08,310 INFO  - ------------------------------------------------------------------------------------- (at simulation time 687.000,000,000 s)
2025-05-28 00:19:08,311 INFO  - ------------------------------------------------------------------------------------- (at simulation time 687.000,000,000 s)
2025-05-28 00:19:08,311 INFO  - Processing event (at simulation time 687.000,000,000 s)
2025-05-28 00:19:08,311 INFO  - ------------------------------------------------------------------------------------- (at simulation time 687.000,000,000 s)
2025-05-28 00:19:08,311 INFO  - Already have ACK (at simulation time 687.000,000,000 s)
2025-05-28 00:19:08,311 INFO  - ------------------------------------------------------------------------------------- (at simulation time 687.000,000,000 s)
2025-05-28 00:19:08,311 INFO  - ------------------------------------------------------------------------------------- (at simulation time 687.000,000,000 s)
2025-05-28 00:19:08,312 INFO  - ------------------------------------------------------------------------------------- (at simulation time 687.000,000,000 s)
2025-05-28 00:19:08,312 INFO  - Processing event (at simulation time 687.000,000,000 s)
2025-05-28 00:19:08,312 INFO  - ------------------------------------------------------------------------------------- (at simulation time 687.000,000,000 s)
2025-05-28 00:19:08,312 INFO  - Already have ACK (at simulation time 687.000,000,000 s)
2025-05-28 00:19:08,312 INFO  - ------------------------------------------------------------------------------------- (at simulation time 687.000,000,000 s)
2025-05-28 00:19:08,312 INFO  - ------------------------------------------------------------------------------------- (at simulation time 687.000,000,000 s)
2025-05-28 00:19:08,312 INFO  - ------------------------------------------------------------------------------------- (at simulation time 687.000,000,000 s)
2025-05-28 00:19:08,312 INFO  - Processing event (at simulation time 687.000,000,000 s)
2025-05-28 00:19:08,312 INFO  - ------------------------------------------------------------------------------------- (at simulation time 687.000,000,000 s)
2025-05-28 00:19:08,312 INFO  - Already have ACK (at simulation time 687.000,000,000 s)
2025-05-28 00:19:08,312 INFO  - ------------------------------------------------------------------------------------- (at simulation time 687.000,000,000 s)
2025-05-28 00:19:08,312 INFO  - ------------------------------------------------------------------------------------- (at simulation time 687.000,000,000 s)
2025-05-28 00:19:08,313 INFO  - ------------------------------------------------------------------------------------- (at simulation time 687.000,000,000 s)
2025-05-28 00:19:08,313 INFO  - Processing event (at simulation time 687.000,000,000 s)
2025-05-28 00:19:08,313 INFO  - ------------------------------------------------------------------------------------- (at simulation time 687.000,000,000 s)
2025-05-28 00:19:08,313 INFO  - Already have ACK (at simulation time 687.000,000,000 s)
2025-05-28 00:19:08,313 INFO  - ------------------------------------------------------------------------------------- (at simulation time 687.000,000,000 s)
2025-05-28 00:19:08,313 INFO  - ------------------------------------------------------------------------------------- (at simulation time 687.000,000,000 s)
2025-05-28 00:19:08,313 INFO  - ------------------------------------------------------------------------------------- (at simulation time 687.000,000,000 s)
2025-05-28 00:19:08,313 INFO  - Processing event (at simulation time 687.000,000,000 s)
2025-05-28 00:19:08,313 INFO  - ------------------------------------------------------------------------------------- (at simulation time 687.000,000,000 s)
2025-05-28 00:19:08,313 INFO  - Already have ACK (at simulation time 687.000,000,000 s)
2025-05-28 00:19:08,313 INFO  - ------------------------------------------------------------------------------------- (at simulation time 687.000,000,000 s)
2025-05-28 00:19:08,313 INFO  - ------------------------------------------------------------------------------------- (at simulation time 687.000,000,000 s)
2025-05-28 00:19:08,314 INFO  - ------------------------------------------------------------------------------------- (at simulation time 687.000,000,000 s)
2025-05-28 00:19:08,314 INFO  - Processing event (at simulation time 687.000,000,000 s)
2025-05-28 00:19:08,314 INFO  - ------------------------------------------------------------------------------------- (at simulation time 687.000,000,000 s)
2025-05-28 00:19:08,314 INFO  - Already have ACK (at simulation time 687.000,000,000 s)
2025-05-28 00:19:08,314 INFO  - ------------------------------------------------------------------------------------- (at simulation time 687.000,000,000 s)
2025-05-28 00:19:08,314 INFO  - ------------------------------------------------------------------------------------- (at simulation time 687.000,000,000 s)
2025-05-28 00:19:08,314 INFO  - ------------------------------------------------------------------------------------- (at simulation time 687.000,000,000 s)
2025-05-28 00:19:08,314 INFO  - Processing event (at simulation time 687.000,000,000 s)
2025-05-28 00:19:08,314 INFO  - ------------------------------------------------------------------------------------- (at simulation time 687.000,000,000 s)
2025-05-28 00:19:08,314 INFO  - Already have ACK (at simulation time 687.000,000,000 s)
2025-05-28 00:19:08,314 INFO  - ------------------------------------------------------------------------------------- (at simulation time 687.000,000,000 s)
2025-05-28 00:19:08,314 INFO  - ------------------------------------------------------------------------------------- (at simulation time 687.000,000,000 s)
2025-05-28 00:19:08,315 INFO  - ------------------------------------------------------------------------------------- (at simulation time 687.000,000,000 s)
2025-05-28 00:19:08,315 INFO  - Processing event (at simulation time 687.000,000,000 s)
2025-05-28 00:19:08,315 INFO  - ------------------------------------------------------------------------------------- (at simulation time 687.000,000,000 s)
2025-05-28 00:19:08,315 INFO  - Already have ACK (at simulation time 687.000,000,000 s)
2025-05-28 00:19:08,315 INFO  - ------------------------------------------------------------------------------------- (at simulation time 687.000,000,000 s)
2025-05-28 00:19:08,315 INFO  - ------------------------------------------------------------------------------------- (at simulation time 687.000,000,000 s)
2025-05-28 00:19:08,315 INFO  - ------------------------------------------------------------------------------------- (at simulation time 687.000,000,000 s)
2025-05-28 00:19:08,315 INFO  - Processing event (at simulation time 687.000,000,000 s)
2025-05-28 00:19:08,315 INFO  - ------------------------------------------------------------------------------------- (at simulation time 687.000,000,000 s)
2025-05-28 00:19:08,315 INFO  - Already have ACK (at simulation time 687.000,000,000 s)
2025-05-28 00:19:08,315 INFO  - ------------------------------------------------------------------------------------- (at simulation time 687.000,000,000 s)
2025-05-28 00:19:08,315 INFO  - ------------------------------------------------------------------------------------- (at simulation time 687.000,000,000 s)
2025-05-28 00:19:08,316 INFO  - ------------------------------------------------------------------------------------- (at simulation time 687.000,000,000 s)
2025-05-28 00:19:08,316 INFO  - Processing event (at simulation time 687.000,000,000 s)
2025-05-28 00:19:08,316 INFO  - ------------------------------------------------------------------------------------- (at simulation time 687.000,000,000 s)
2025-05-28 00:19:08,316 INFO  - Already have ACK (at simulation time 687.000,000,000 s)
2025-05-28 00:19:08,316 INFO  - ------------------------------------------------------------------------------------- (at simulation time 687.000,000,000 s)
2025-05-28 00:19:08,316 INFO  - ------------------------------------------------------------------------------------- (at simulation time 687.000,000,000 s)
2025-05-28 00:19:08,316 INFO  - ------------------------------------------------------------------------------------- (at simulation time 687.000,000,000 s)
2025-05-28 00:19:08,316 INFO  - Processing event (at simulation time 687.000,000,000 s)
2025-05-28 00:19:08,316 INFO  - ------------------------------------------------------------------------------------- (at simulation time 687.000,000,000 s)
2025-05-28 00:19:08,316 INFO  - Already have ACK (at simulation time 687.000,000,000 s)
2025-05-28 00:19:08,316 INFO  - ------------------------------------------------------------------------------------- (at simulation time 687.000,000,000 s)
2025-05-28 00:19:08,316 INFO  - ------------------------------------------------------------------------------------- (at simulation time 687.000,000,000 s)
2025-05-28 00:19:08,317 INFO  - ------------------------------------------------------------------------------------- (at simulation time 687.000,000,000 s)
2025-05-28 00:19:08,317 INFO  - Processing event (at simulation time 687.000,000,000 s)
2025-05-28 00:19:08,317 INFO  - ------------------------------------------------------------------------------------- (at simulation time 687.000,000,000 s)
2025-05-28 00:19:08,317 INFO  - Already have ACK (at simulation time 687.000,000,000 s)
2025-05-28 00:19:08,317 INFO  - ------------------------------------------------------------------------------------- (at simulation time 687.000,000,000 s)
2025-05-28 00:19:08,317 INFO  - ------------------------------------------------------------------------------------- (at simulation time 687.000,000,000 s)
2025-05-28 00:19:08,317 INFO  - ------------------------------------------------------------------------------------- (at simulation time 687.000,000,000 s)
2025-05-28 00:19:08,317 INFO  - Processing event (at simulation time 687.000,000,000 s)
2025-05-28 00:19:08,317 INFO  - ------------------------------------------------------------------------------------- (at simulation time 687.000,000,000 s)
2025-05-28 00:19:08,317 INFO  - Already have ACK (at simulation time 687.000,000,000 s)
2025-05-28 00:19:08,317 INFO  - ------------------------------------------------------------------------------------- (at simulation time 687.000,000,000 s)
2025-05-28 00:19:08,317 INFO  - ------------------------------------------------------------------------------------- (at simulation time 687.000,000,000 s)
2025-05-28 00:19:08,393 INFO  - ------------------------------------------------------------------------------------- (at simulation time 687.000,000,010 s)
2025-05-28 00:19:08,393 INFO  - Processing event (at simulation time 687.000,000,010 s)
2025-05-28 00:19:08,393 INFO  - ------------------------------------------------------------------------------------- (at simulation time 687.000,000,010 s)
2025-05-28 00:19:08,393 INFO  - Already have ACK (at simulation time 687.000,000,010 s)
2025-05-28 00:19:08,393 INFO  - ------------------------------------------------------------------------------------- (at simulation time 687.000,000,010 s)
2025-05-28 00:19:08,393 INFO  - ------------------------------------------------------------------------------------- (at simulation time 687.000,000,010 s)
2025-05-28 00:19:08,393 INFO  - ------------------------------------------------------------------------------------- (at simulation time 687.000,000,010 s)
2025-05-28 00:19:08,393 INFO  - Processing event (at simulation time 687.000,000,010 s)
2025-05-28 00:19:08,393 INFO  - ------------------------------------------------------------------------------------- (at simulation time 687.000,000,010 s)
2025-05-28 00:19:08,393 INFO  - Already have ACK (at simulation time 687.000,000,010 s)
2025-05-28 00:19:08,393 INFO  - ------------------------------------------------------------------------------------- (at simulation time 687.000,000,010 s)
2025-05-28 00:19:08,393 INFO  - ------------------------------------------------------------------------------------- (at simulation time 687.000,000,010 s)
2025-05-28 00:19:08,394 INFO  - ------------------------------------------------------------------------------------- (at simulation time 687.000,000,010 s)
2025-05-28 00:19:08,394 INFO  - Processing event (at simulation time 687.000,000,010 s)
2025-05-28 00:19:08,394 INFO  - ------------------------------------------------------------------------------------- (at simulation time 687.000,000,010 s)
2025-05-28 00:19:08,394 INFO  - Already have ACK (at simulation time 687.000,000,010 s)
2025-05-28 00:19:08,394 INFO  - ------------------------------------------------------------------------------------- (at simulation time 687.000,000,010 s)
2025-05-28 00:19:08,394 INFO  - ------------------------------------------------------------------------------------- (at simulation time 687.000,000,010 s)
2025-05-28 00:19:08,394 INFO  - ------------------------------------------------------------------------------------- (at simulation time 687.000,000,010 s)
2025-05-28 00:19:08,394 INFO  - Processing event (at simulation time 687.000,000,010 s)
2025-05-28 00:19:08,394 INFO  - ------------------------------------------------------------------------------------- (at simulation time 687.000,000,010 s)
2025-05-28 00:19:08,394 INFO  - Already have ACK (at simulation time 687.000,000,010 s)
2025-05-28 00:19:08,394 INFO  - ------------------------------------------------------------------------------------- (at simulation time 687.000,000,010 s)
2025-05-28 00:19:08,394 INFO  - ------------------------------------------------------------------------------------- (at simulation time 687.000,000,010 s)
2025-05-28 00:19:08,395 INFO  - ------------------------------------------------------------------------------------- (at simulation time 687.000,000,010 s)
2025-05-28 00:19:08,395 INFO  - Processing event (at simulation time 687.000,000,010 s)
2025-05-28 00:19:08,395 INFO  - ------------------------------------------------------------------------------------- (at simulation time 687.000,000,010 s)
2025-05-28 00:19:08,395 INFO  - Already have ACK (at simulation time 687.000,000,010 s)
2025-05-28 00:19:08,395 INFO  - ------------------------------------------------------------------------------------- (at simulation time 687.000,000,010 s)
2025-05-28 00:19:08,395 INFO  - ------------------------------------------------------------------------------------- (at simulation time 687.000,000,010 s)
2025-05-28 00:19:08,395 INFO  - ------------------------------------------------------------------------------------- (at simulation time 687.000,000,010 s)
2025-05-28 00:19:08,395 INFO  - Processing event (at simulation time 687.000,000,010 s)
2025-05-28 00:19:08,395 INFO  - ------------------------------------------------------------------------------------- (at simulation time 687.000,000,010 s)
2025-05-28 00:19:08,395 INFO  - Already have ACK (at simulation time 687.000,000,010 s)
2025-05-28 00:19:08,395 INFO  - ------------------------------------------------------------------------------------- (at simulation time 687.000,000,010 s)
2025-05-28 00:19:08,395 INFO  - ------------------------------------------------------------------------------------- (at simulation time 687.000,000,010 s)
2025-05-28 00:19:08,396 INFO  - ------------------------------------------------------------------------------------- (at simulation time 687.000,000,010 s)
2025-05-28 00:19:08,396 INFO  - Processing event (at simulation time 687.000,000,010 s)
2025-05-28 00:19:08,396 INFO  - ------------------------------------------------------------------------------------- (at simulation time 687.000,000,010 s)
2025-05-28 00:19:08,396 INFO  - Already have ACK (at simulation time 687.000,000,010 s)
2025-05-28 00:19:08,396 INFO  - ------------------------------------------------------------------------------------- (at simulation time 687.000,000,010 s)
2025-05-28 00:19:08,396 INFO  - ------------------------------------------------------------------------------------- (at simulation time 687.000,000,010 s)
2025-05-28 00:19:08,396 INFO  - ------------------------------------------------------------------------------------- (at simulation time 687.000,000,010 s)
2025-05-28 00:19:08,396 INFO  - Processing event (at simulation time 687.000,000,010 s)
2025-05-28 00:19:08,396 INFO  - ------------------------------------------------------------------------------------- (at simulation time 687.000,000,010 s)
2025-05-28 00:19:08,396 INFO  - Already have ACK (at simulation time 687.000,000,010 s)
2025-05-28 00:19:08,396 INFO  - ------------------------------------------------------------------------------------- (at simulation time 687.000,000,010 s)
2025-05-28 00:19:08,396 INFO  - ------------------------------------------------------------------------------------- (at simulation time 687.000,000,010 s)
2025-05-28 00:19:08,397 INFO  - ------------------------------------------------------------------------------------- (at simulation time 687.000,000,010 s)
2025-05-28 00:19:08,397 INFO  - Processing event (at simulation time 687.000,000,010 s)
2025-05-28 00:19:08,397 INFO  - ------------------------------------------------------------------------------------- (at simulation time 687.000,000,010 s)
2025-05-28 00:19:08,397 INFO  - Already have ACK (at simulation time 687.000,000,010 s)
2025-05-28 00:19:08,397 INFO  - ------------------------------------------------------------------------------------- (at simulation time 687.000,000,010 s)
2025-05-28 00:19:08,397 INFO  - ------------------------------------------------------------------------------------- (at simulation time 687.000,000,010 s)
2025-05-28 00:19:08,397 INFO  - ------------------------------------------------------------------------------------- (at simulation time 687.000,000,010 s)
2025-05-28 00:19:08,397 INFO  - Processing event (at simulation time 687.000,000,010 s)
2025-05-28 00:19:08,397 INFO  - ------------------------------------------------------------------------------------- (at simulation time 687.000,000,010 s)
2025-05-28 00:19:08,397 INFO  - Already have ACK (at simulation time 687.000,000,010 s)
2025-05-28 00:19:08,397 INFO  - ------------------------------------------------------------------------------------- (at simulation time 687.000,000,010 s)
2025-05-28 00:19:08,397 INFO  - ------------------------------------------------------------------------------------- (at simulation time 687.000,000,010 s)
2025-05-28 00:19:08,398 INFO  - ------------------------------------------------------------------------------------- (at simulation time 687.000,000,010 s)
2025-05-28 00:19:08,398 INFO  - Processing event (at simulation time 687.000,000,010 s)
2025-05-28 00:19:08,398 INFO  - ------------------------------------------------------------------------------------- (at simulation time 687.000,000,010 s)
2025-05-28 00:19:08,398 INFO  - Already have ACK (at simulation time 687.000,000,010 s)
2025-05-28 00:19:08,398 INFO  - ------------------------------------------------------------------------------------- (at simulation time 687.000,000,010 s)
2025-05-28 00:19:08,398 INFO  - ------------------------------------------------------------------------------------- (at simulation time 687.000,000,010 s)
2025-05-28 00:19:08,398 INFO  - ------------------------------------------------------------------------------------- (at simulation time 687.000,000,010 s)
2025-05-28 00:19:08,398 INFO  - Processing event (at simulation time 687.000,000,010 s)
2025-05-28 00:19:08,398 INFO  - ------------------------------------------------------------------------------------- (at simulation time 687.000,000,010 s)
2025-05-28 00:19:08,398 INFO  - Already have ACK (at simulation time 687.000,000,010 s)
2025-05-28 00:19:08,398 INFO  - ------------------------------------------------------------------------------------- (at simulation time 687.000,000,010 s)
2025-05-28 00:19:08,398 INFO  - ------------------------------------------------------------------------------------- (at simulation time 687.000,000,010 s)
2025-05-28 00:19:08,399 INFO  - ------------------------------------------------------------------------------------- (at simulation time 687.000,000,010 s)
2025-05-28 00:19:08,399 INFO  - Processing event (at simulation time 687.000,000,010 s)
2025-05-28 00:19:08,399 INFO  - ------------------------------------------------------------------------------------- (at simulation time 687.000,000,010 s)
2025-05-28 00:19:08,399 INFO  - Already have ACK (at simulation time 687.000,000,010 s)
2025-05-28 00:19:08,399 INFO  - ------------------------------------------------------------------------------------- (at simulation time 687.000,000,010 s)
2025-05-28 00:19:08,399 INFO  - ------------------------------------------------------------------------------------- (at simulation time 687.000,000,010 s)
2025-05-28 00:19:08,399 INFO  - ------------------------------------------------------------------------------------- (at simulation time 687.000,000,010 s)
2025-05-28 00:19:08,399 INFO  - Processing event (at simulation time 687.000,000,010 s)
2025-05-28 00:19:08,399 INFO  - ------------------------------------------------------------------------------------- (at simulation time 687.000,000,010 s)
2025-05-28 00:19:08,399 INFO  - Already have ACK (at simulation time 687.000,000,010 s)
2025-05-28 00:19:08,399 INFO  - ------------------------------------------------------------------------------------- (at simulation time 687.000,000,010 s)
2025-05-28 00:19:08,399 INFO  - ------------------------------------------------------------------------------------- (at simulation time 687.000,000,010 s)
2025-05-28 00:19:08,400 INFO  - ------------------------------------------------------------------------------------- (at simulation time 687.000,000,010 s)
2025-05-28 00:19:08,400 INFO  - Processing event (at simulation time 687.000,000,010 s)
2025-05-28 00:19:08,400 INFO  - ------------------------------------------------------------------------------------- (at simulation time 687.000,000,010 s)
2025-05-28 00:19:08,400 INFO  - Already have ACK (at simulation time 687.000,000,010 s)
2025-05-28 00:19:08,400 INFO  - ------------------------------------------------------------------------------------- (at simulation time 687.000,000,010 s)
2025-05-28 00:19:08,400 INFO  - ------------------------------------------------------------------------------------- (at simulation time 687.000,000,010 s)
2025-05-28 00:19:08,400 INFO  - ------------------------------------------------------------------------------------- (at simulation time 687.000,000,010 s)
2025-05-28 00:19:08,400 INFO  - Processing event (at simulation time 687.000,000,010 s)
2025-05-28 00:19:08,401 INFO  - ------------------------------------------------------------------------------------- (at simulation time 687.000,000,010 s)
2025-05-28 00:19:08,401 INFO  - Already have ACK (at simulation time 687.000,000,010 s)
2025-05-28 00:19:08,401 INFO  - ------------------------------------------------------------------------------------- (at simulation time 687.000,000,010 s)
2025-05-28 00:19:08,401 INFO  - ------------------------------------------------------------------------------------- (at simulation time 687.000,000,010 s)
2025-05-28 00:19:08,401 INFO  - ------------------------------------------------------------------------------------- (at simulation time 687.000,000,010 s)
2025-05-28 00:19:08,401 INFO  - Processing event (at simulation time 687.000,000,010 s)
2025-05-28 00:19:08,401 INFO  - ------------------------------------------------------------------------------------- (at simulation time 687.000,000,010 s)
2025-05-28 00:19:08,401 INFO  - Already have ACK (at simulation time 687.000,000,010 s)
2025-05-28 00:19:08,401 INFO  - ------------------------------------------------------------------------------------- (at simulation time 687.000,000,010 s)
2025-05-28 00:19:08,401 INFO  - ------------------------------------------------------------------------------------- (at simulation time 687.000,000,010 s)
2025-05-28 00:19:08,402 INFO  - ------------------------------------------------------------------------------------- (at simulation time 687.000,000,010 s)
2025-05-28 00:19:08,402 INFO  - Processing event (at simulation time 687.000,000,010 s)
2025-05-28 00:19:08,402 INFO  - ------------------------------------------------------------------------------------- (at simulation time 687.000,000,010 s)
2025-05-28 00:19:08,402 INFO  - Already have ACK (at simulation time 687.000,000,010 s)
2025-05-28 00:19:08,402 INFO  - ------------------------------------------------------------------------------------- (at simulation time 687.000,000,010 s)
2025-05-28 00:19:08,402 INFO  - ------------------------------------------------------------------------------------- (at simulation time 687.000,000,010 s)
2025-05-28 00:19:08,402 INFO  - ------------------------------------------------------------------------------------- (at simulation time 687.000,000,010 s)
2025-05-28 00:19:08,402 INFO  - Processing event (at simulation time 687.000,000,010 s)
2025-05-28 00:19:08,402 INFO  - ------------------------------------------------------------------------------------- (at simulation time 687.000,000,010 s)
2025-05-28 00:19:08,402 INFO  - Already have ACK (at simulation time 687.000,000,010 s)
2025-05-28 00:19:08,402 INFO  - ------------------------------------------------------------------------------------- (at simulation time 687.000,000,010 s)
2025-05-28 00:19:08,402 INFO  - ------------------------------------------------------------------------------------- (at simulation time 687.000,000,010 s)
2025-05-28 00:19:08,403 INFO  - ------------------------------------------------------------------------------------- (at simulation time 687.000,000,010 s)
2025-05-28 00:19:08,403 INFO  - Processing event (at simulation time 687.000,000,010 s)
2025-05-28 00:19:08,403 INFO  - ------------------------------------------------------------------------------------- (at simulation time 687.000,000,010 s)
2025-05-28 00:19:08,403 INFO  - Already have ACK (at simulation time 687.000,000,010 s)
2025-05-28 00:19:08,403 INFO  - ------------------------------------------------------------------------------------- (at simulation time 687.000,000,010 s)
2025-05-28 00:19:08,403 INFO  - ------------------------------------------------------------------------------------- (at simulation time 687.000,000,010 s)
2025-05-28 00:19:08,403 INFO  - ------------------------------------------------------------------------------------- (at simulation time 687.000,000,010 s)
2025-05-28 00:19:08,403 INFO  - Processing event (at simulation time 687.000,000,010 s)
2025-05-28 00:19:08,403 INFO  - ------------------------------------------------------------------------------------- (at simulation time 687.000,000,010 s)
2025-05-28 00:19:08,403 INFO  - Already have ACK (at simulation time 687.000,000,010 s)
2025-05-28 00:19:08,403 INFO  - ------------------------------------------------------------------------------------- (at simulation time 687.000,000,010 s)
2025-05-28 00:19:08,403 INFO  - ------------------------------------------------------------------------------------- (at simulation time 687.000,000,010 s)
2025-05-28 00:19:08,404 INFO  - ------------------------------------------------------------------------------------- (at simulation time 687.000,000,010 s)
2025-05-28 00:19:08,404 INFO  - Processing event (at simulation time 687.000,000,010 s)
2025-05-28 00:19:08,404 INFO  - ------------------------------------------------------------------------------------- (at simulation time 687.000,000,010 s)
2025-05-28 00:19:08,404 INFO  - Already have ACK (at simulation time 687.000,000,010 s)
2025-05-28 00:19:08,404 INFO  - ------------------------------------------------------------------------------------- (at simulation time 687.000,000,010 s)
2025-05-28 00:19:08,404 INFO  - ------------------------------------------------------------------------------------- (at simulation time 687.000,000,010 s)
2025-05-28 00:19:08,405 INFO  - ------------------------------------------------------------------------------------- (at simulation time 687.000,000,010 s)
2025-05-28 00:19:08,405 INFO  - Processing event (at simulation time 687.000,000,010 s)
2025-05-28 00:19:08,405 INFO  - ------------------------------------------------------------------------------------- (at simulation time 687.000,000,010 s)
2025-05-28 00:19:08,405 INFO  - Already have ACK (at simulation time 687.000,000,010 s)
2025-05-28 00:19:08,405 INFO  - ------------------------------------------------------------------------------------- (at simulation time 687.000,000,010 s)
2025-05-28 00:19:08,405 INFO  - ------------------------------------------------------------------------------------- (at simulation time 687.000,000,010 s)
2025-05-28 00:19:08,406 INFO  - ------------------------------------------------------------------------------------- (at simulation time 687.001,900,000 s)
2025-05-28 00:19:08,406 INFO  - New neighbour is veh_126 (at simulation time 687.001,900,000 s)
2025-05-28 00:19:08,406 INFO  - ------------------------------------------------------------------------------------- (at simulation time 687.001,900,000 s)
2025-05-28 00:19:08,406 INFO  - ------------------------------------------------------------------------------------- (at simulation time 687.002,400,000 s)
2025-05-28 00:19:08,406 INFO  - New neighbour is veh_125 (at simulation time 687.002,400,000 s)
2025-05-28 00:19:08,406 INFO  - ------------------------------------------------------------------------------------- (at simulation time 687.002,400,000 s)
2025-05-28 00:19:08,406 INFO  - ------------------------------------------------------------------------------------- (at simulation time 687.002,400,000 s)
2025-05-28 00:19:08,406 INFO  - New neighbour is veh_127 (at simulation time 687.002,400,000 s)
2025-05-28 00:19:08,406 INFO  - ------------------------------------------------------------------------------------- (at simulation time 687.002,400,000 s)
2025-05-28 00:19:08,408 INFO  - ------------------------------------------------------------------------------------- (at simulation time 688.000,000,000 s)
2025-05-28 00:19:08,408 INFO  - Already have ACK (at simulation time 688.000,000,000 s)
2025-05-28 00:19:08,408 INFO  - ------------------------------------------------------------------------------------- (at simulation time 688.000,000,000 s)
2025-05-28 00:19:08,408 INFO  - ------------------------------------------------------------------------------------- (at simulation time 688.000,000,000 s)
2025-05-28 00:19:08,408 INFO  - Processing event (at simulation time 688.000,000,000 s)
2025-05-28 00:19:08,408 INFO  - ------------------------------------------------------------------------------------- (at simulation time 688.000,000,000 s)
2025-05-28 00:19:08,408 INFO  - Already have ACK (at simulation time 688.000,000,000 s)
2025-05-28 00:19:08,408 INFO  - ------------------------------------------------------------------------------------- (at simulation time 688.000,000,000 s)
2025-05-28 00:19:08,408 INFO  - ------------------------------------------------------------------------------------- (at simulation time 688.000,000,000 s)
2025-05-28 00:19:08,409 INFO  - ------------------------------------------------------------------------------------- (at simulation time 688.000,000,000 s)
2025-05-28 00:19:08,409 INFO  - Processing event (at simulation time 688.000,000,000 s)
2025-05-28 00:19:08,409 INFO  - ------------------------------------------------------------------------------------- (at simulation time 688.000,000,000 s)
2025-05-28 00:19:08,409 INFO  - Already have ACK (at simulation time 688.000,000,000 s)
2025-05-28 00:19:08,409 INFO  - ------------------------------------------------------------------------------------- (at simulation time 688.000,000,000 s)
2025-05-28 00:19:08,409 INFO  - ------------------------------------------------------------------------------------- (at simulation time 688.000,000,000 s)
2025-05-28 00:19:08,410 INFO  - ------------------------------------------------------------------------------------- (at simulation time 688.000,000,000 s)
2025-05-28 00:19:08,410 INFO  - Processing event (at simulation time 688.000,000,000 s)
2025-05-28 00:19:08,410 INFO  - ------------------------------------------------------------------------------------- (at simulation time 688.000,000,000 s)
2025-05-28 00:19:08,410 INFO  - Already have ACK (at simulation time 688.000,000,000 s)
2025-05-28 00:19:08,410 INFO  - ------------------------------------------------------------------------------------- (at simulation time 688.000,000,000 s)
2025-05-28 00:19:08,410 INFO  - ------------------------------------------------------------------------------------- (at simulation time 688.000,000,000 s)
2025-05-28 00:19:08,410 INFO  - ------------------------------------------------------------------------------------- (at simulation time 688.000,000,000 s)
2025-05-28 00:19:08,410 INFO  - Processing event (at simulation time 688.000,000,000 s)
2025-05-28 00:19:08,410 INFO  - ------------------------------------------------------------------------------------- (at simulation time 688.000,000,000 s)
2025-05-28 00:19:08,410 INFO  - Already have ACK (at simulation time 688.000,000,000 s)
2025-05-28 00:19:08,410 INFO  - ------------------------------------------------------------------------------------- (at simulation time 688.000,000,000 s)
2025-05-28 00:19:08,410 INFO  - ------------------------------------------------------------------------------------- (at simulation time 688.000,000,000 s)
2025-05-28 00:19:08,411 INFO  - ------------------------------------------------------------------------------------- (at simulation time 688.000,000,000 s)
2025-05-28 00:19:08,411 INFO  - Processing event (at simulation time 688.000,000,000 s)
2025-05-28 00:19:08,411 INFO  - ------------------------------------------------------------------------------------- (at simulation time 688.000,000,000 s)
2025-05-28 00:19:08,411 INFO  - Already have ACK (at simulation time 688.000,000,000 s)
2025-05-28 00:19:08,411 INFO  - ------------------------------------------------------------------------------------- (at simulation time 688.000,000,000 s)
2025-05-28 00:19:08,411 INFO  - ------------------------------------------------------------------------------------- (at simulation time 688.000,000,000 s)
2025-05-28 00:19:08,411 INFO  - ------------------------------------------------------------------------------------- (at simulation time 688.000,000,000 s)
2025-05-28 00:19:08,411 INFO  - Processing event (at simulation time 688.000,000,000 s)
2025-05-28 00:19:08,411 INFO  - ------------------------------------------------------------------------------------- (at simulation time 688.000,000,000 s)
2025-05-28 00:19:08,411 INFO  - Already have ACK (at simulation time 688.000,000,000 s)
2025-05-28 00:19:08,411 INFO  - ------------------------------------------------------------------------------------- (at simulation time 688.000,000,000 s)
2025-05-28 00:19:08,411 INFO  - ------------------------------------------------------------------------------------- (at simulation time 688.000,000,000 s)
2025-05-28 00:19:08,412 INFO  - ------------------------------------------------------------------------------------- (at simulation time 688.000,000,000 s)
2025-05-28 00:19:08,412 INFO  - Processing event (at simulation time 688.000,000,000 s)
2025-05-28 00:19:08,412 INFO  - ------------------------------------------------------------------------------------- (at simulation time 688.000,000,000 s)
2025-05-28 00:19:08,412 INFO  - Already have ACK (at simulation time 688.000,000,000 s)
2025-05-28 00:19:08,412 INFO  - ------------------------------------------------------------------------------------- (at simulation time 688.000,000,000 s)
2025-05-28 00:19:08,412 INFO  - ------------------------------------------------------------------------------------- (at simulation time 688.000,000,000 s)
2025-05-28 00:19:08,413 INFO  - ------------------------------------------------------------------------------------- (at simulation time 688.000,000,000 s)
2025-05-28 00:19:08,413 INFO  - Processing event (at simulation time 688.000,000,000 s)
2025-05-28 00:19:08,413 INFO  - ------------------------------------------------------------------------------------- (at simulation time 688.000,000,000 s)
2025-05-28 00:19:08,413 INFO  - Already have ACK (at simulation time 688.000,000,000 s)
2025-05-28 00:19:08,413 INFO  - ------------------------------------------------------------------------------------- (at simulation time 688.000,000,000 s)
2025-05-28 00:19:08,413 INFO  - ------------------------------------------------------------------------------------- (at simulation time 688.000,000,000 s)
2025-05-28 00:19:08,413 INFO  - ------------------------------------------------------------------------------------- (at simulation time 688.000,000,000 s)
2025-05-28 00:19:08,413 INFO  - Processing event (at simulation time 688.000,000,000 s)
2025-05-28 00:19:08,413 INFO  - ------------------------------------------------------------------------------------- (at simulation time 688.000,000,000 s)
2025-05-28 00:19:08,413 INFO  - Already have ACK (at simulation time 688.000,000,000 s)
2025-05-28 00:19:08,413 INFO  - ------------------------------------------------------------------------------------- (at simulation time 688.000,000,000 s)
2025-05-28 00:19:08,413 INFO  - ------------------------------------------------------------------------------------- (at simulation time 688.000,000,000 s)
2025-05-28 00:19:08,414 INFO  - ------------------------------------------------------------------------------------- (at simulation time 688.000,000,000 s)
2025-05-28 00:19:08,414 INFO  - Processing event (at simulation time 688.000,000,000 s)
2025-05-28 00:19:08,414 INFO  - ------------------------------------------------------------------------------------- (at simulation time 688.000,000,000 s)
2025-05-28 00:19:08,414 INFO  - Already have ACK (at simulation time 688.000,000,000 s)
2025-05-28 00:19:08,414 INFO  - ------------------------------------------------------------------------------------- (at simulation time 688.000,000,000 s)
2025-05-28 00:19:08,414 INFO  - ------------------------------------------------------------------------------------- (at simulation time 688.000,000,000 s)
2025-05-28 00:19:08,414 INFO  - ------------------------------------------------------------------------------------- (at simulation time 688.000,000,000 s)
2025-05-28 00:19:08,414 INFO  - Processing event (at simulation time 688.000,000,000 s)
2025-05-28 00:19:08,414 INFO  - ------------------------------------------------------------------------------------- (at simulation time 688.000,000,000 s)
2025-05-28 00:19:08,414 INFO  - Already have ACK (at simulation time 688.000,000,000 s)
2025-05-28 00:19:08,414 INFO  - ------------------------------------------------------------------------------------- (at simulation time 688.000,000,000 s)
2025-05-28 00:19:08,414 INFO  - ------------------------------------------------------------------------------------- (at simulation time 688.000,000,000 s)
2025-05-28 00:19:08,415 INFO  - ------------------------------------------------------------------------------------- (at simulation time 688.000,000,000 s)
2025-05-28 00:19:08,415 INFO  - Processing event (at simulation time 688.000,000,000 s)
2025-05-28 00:19:08,415 INFO  - ------------------------------------------------------------------------------------- (at simulation time 688.000,000,000 s)
2025-05-28 00:19:08,415 INFO  - Already have ACK (at simulation time 688.000,000,000 s)
2025-05-28 00:19:08,415 INFO  - ------------------------------------------------------------------------------------- (at simulation time 688.000,000,000 s)
2025-05-28 00:19:08,415 INFO  - ------------------------------------------------------------------------------------- (at simulation time 688.000,000,000 s)
2025-05-28 00:19:08,415 INFO  - ------------------------------------------------------------------------------------- (at simulation time 688.000,000,000 s)
2025-05-28 00:19:08,415 INFO  - Processing event (at simulation time 688.000,000,000 s)
2025-05-28 00:19:08,415 INFO  - ------------------------------------------------------------------------------------- (at simulation time 688.000,000,000 s)
2025-05-28 00:19:08,415 INFO  - Already have ACK (at simulation time 688.000,000,000 s)
2025-05-28 00:19:08,415 INFO  - ------------------------------------------------------------------------------------- (at simulation time 688.000,000,000 s)
2025-05-28 00:19:08,415 INFO  - ------------------------------------------------------------------------------------- (at simulation time 688.000,000,000 s)
2025-05-28 00:19:08,416 INFO  - ------------------------------------------------------------------------------------- (at simulation time 688.000,000,000 s)
2025-05-28 00:19:08,416 INFO  - Processing event (at simulation time 688.000,000,000 s)
2025-05-28 00:19:08,416 INFO  - ------------------------------------------------------------------------------------- (at simulation time 688.000,000,000 s)
2025-05-28 00:19:08,416 INFO  - Already have ACK (at simulation time 688.000,000,000 s)
2025-05-28 00:19:08,416 INFO  - ------------------------------------------------------------------------------------- (at simulation time 688.000,000,000 s)
2025-05-28 00:19:08,416 INFO  - ------------------------------------------------------------------------------------- (at simulation time 688.000,000,000 s)
2025-05-28 00:19:08,416 INFO  - ------------------------------------------------------------------------------------- (at simulation time 688.000,000,000 s)
2025-05-28 00:19:08,416 INFO  - Processing event (at simulation time 688.000,000,000 s)
2025-05-28 00:19:08,416 INFO  - ------------------------------------------------------------------------------------- (at simulation time 688.000,000,000 s)
2025-05-28 00:19:08,416 INFO  - Already have ACK (at simulation time 688.000,000,000 s)
2025-05-28 00:19:08,416 INFO  - ------------------------------------------------------------------------------------- (at simulation time 688.000,000,000 s)
2025-05-28 00:19:08,416 INFO  - ------------------------------------------------------------------------------------- (at simulation time 688.000,000,000 s)
2025-05-28 00:19:08,417 INFO  - ------------------------------------------------------------------------------------- (at simulation time 688.000,000,000 s)
2025-05-28 00:19:08,417 INFO  - Processing event (at simulation time 688.000,000,000 s)
2025-05-28 00:19:08,417 INFO  - ------------------------------------------------------------------------------------- (at simulation time 688.000,000,000 s)
2025-05-28 00:19:08,417 INFO  - Already have ACK (at simulation time 688.000,000,000 s)
2025-05-28 00:19:08,417 INFO  - ------------------------------------------------------------------------------------- (at simulation time 688.000,000,000 s)
2025-05-28 00:19:08,417 INFO  - ------------------------------------------------------------------------------------- (at simulation time 688.000,000,000 s)
2025-05-28 00:19:08,417 INFO  - ------------------------------------------------------------------------------------- (at simulation time 688.000,000,000 s)
2025-05-28 00:19:08,417 INFO  - Processing event (at simulation time 688.000,000,000 s)
2025-05-28 00:19:08,417 INFO  - ------------------------------------------------------------------------------------- (at simulation time 688.000,000,000 s)
2025-05-28 00:19:08,417 INFO  - Already have ACK (at simulation time 688.000,000,000 s)
2025-05-28 00:19:08,417 INFO  - ------------------------------------------------------------------------------------- (at simulation time 688.000,000,000 s)
2025-05-28 00:19:08,417 INFO  - ------------------------------------------------------------------------------------- (at simulation time 688.000,000,000 s)
2025-05-28 00:19:08,418 INFO  - ------------------------------------------------------------------------------------- (at simulation time 688.000,000,000 s)
2025-05-28 00:19:08,418 INFO  - Processing event (at simulation time 688.000,000,000 s)
2025-05-28 00:19:08,418 INFO  - ------------------------------------------------------------------------------------- (at simulation time 688.000,000,000 s)
2025-05-28 00:19:08,418 INFO  - Already have ACK (at simulation time 688.000,000,000 s)
2025-05-28 00:19:08,418 INFO  - ------------------------------------------------------------------------------------- (at simulation time 688.000,000,000 s)
2025-05-28 00:19:08,418 INFO  - ------------------------------------------------------------------------------------- (at simulation time 688.000,000,000 s)
2025-05-28 00:19:08,418 INFO  - ------------------------------------------------------------------------------------- (at simulation time 688.000,000,000 s)
2025-05-28 00:19:08,418 INFO  - Processing event (at simulation time 688.000,000,000 s)
2025-05-28 00:19:08,418 INFO  - ------------------------------------------------------------------------------------- (at simulation time 688.000,000,000 s)
2025-05-28 00:19:08,418 INFO  - Already have ACK (at simulation time 688.000,000,000 s)
2025-05-28 00:19:08,418 INFO  - ------------------------------------------------------------------------------------- (at simulation time 688.000,000,000 s)
2025-05-28 00:19:08,418 INFO  - ------------------------------------------------------------------------------------- (at simulation time 688.000,000,000 s)
2025-05-28 00:19:08,418 INFO  - ------------------------------------------------------------------------------------- (at simulation time 688.000,000,000 s)
2025-05-28 00:19:08,418 INFO  - Processing event (at simulation time 688.000,000,000 s)
2025-05-28 00:19:08,418 INFO  - ------------------------------------------------------------------------------------- (at simulation time 688.000,000,000 s)
2025-05-28 00:19:08,418 INFO  - Already have ACK (at simulation time 688.000,000,000 s)
2025-05-28 00:19:08,418 INFO  - ------------------------------------------------------------------------------------- (at simulation time 688.000,000,000 s)
2025-05-28 00:19:08,418 INFO  - ------------------------------------------------------------------------------------- (at simulation time 688.000,000,000 s)
2025-05-28 00:19:08,419 INFO  - ------------------------------------------------------------------------------------- (at simulation time 688.000,000,000 s)
2025-05-28 00:19:08,419 INFO  - Processing event (at simulation time 688.000,000,000 s)
2025-05-28 00:19:08,419 INFO  - ------------------------------------------------------------------------------------- (at simulation time 688.000,000,000 s)
2025-05-28 00:19:08,419 INFO  - Already have ACK (at simulation time 688.000,000,000 s)
2025-05-28 00:19:08,419 INFO  - ------------------------------------------------------------------------------------- (at simulation time 688.000,000,000 s)
2025-05-28 00:19:08,419 INFO  - ------------------------------------------------------------------------------------- (at simulation time 688.000,000,000 s)
2025-05-28 00:19:08,419 INFO  - ------------------------------------------------------------------------------------- (at simulation time 688.000,000,000 s)
2025-05-28 00:19:08,419 INFO  - Processing event (at simulation time 688.000,000,000 s)
2025-05-28 00:19:08,419 INFO  - ------------------------------------------------------------------------------------- (at simulation time 688.000,000,000 s)
2025-05-28 00:19:08,419 INFO  - Already have ACK (at simulation time 688.000,000,000 s)
2025-05-28 00:19:08,419 INFO  - ------------------------------------------------------------------------------------- (at simulation time 688.000,000,000 s)
2025-05-28 00:19:08,419 INFO  - ------------------------------------------------------------------------------------- (at simulation time 688.000,000,000 s)
2025-05-28 00:19:08,419 INFO  - ------------------------------------------------------------------------------------- (at simulation time 688.000,000,000 s)
2025-05-28 00:19:08,419 INFO  - Processing event (at simulation time 688.000,000,000 s)
2025-05-28 00:19:08,419 INFO  - ------------------------------------------------------------------------------------- (at simulation time 688.000,000,000 s)
2025-05-28 00:19:08,419 INFO  - Already have ACK (at simulation time 688.000,000,000 s)
2025-05-28 00:19:08,419 INFO  - ------------------------------------------------------------------------------------- (at simulation time 688.000,000,000 s)
2025-05-28 00:19:08,419 INFO  - ------------------------------------------------------------------------------------- (at simulation time 688.000,000,000 s)
2025-05-28 00:19:08,494 INFO  - ------------------------------------------------------------------------------------- (at simulation time 688.000,000,010 s)
2025-05-28 00:19:08,494 INFO  - Processing event (at simulation time 688.000,000,010 s)
2025-05-28 00:19:08,494 INFO  - ------------------------------------------------------------------------------------- (at simulation time 688.000,000,010 s)
2025-05-28 00:19:08,494 INFO  - Already have ACK (at simulation time 688.000,000,010 s)
2025-05-28 00:19:08,494 INFO  - ------------------------------------------------------------------------------------- (at simulation time 688.000,000,010 s)
2025-05-28 00:19:08,494 INFO  - ------------------------------------------------------------------------------------- (at simulation time 688.000,000,010 s)
2025-05-28 00:19:08,495 INFO  - ------------------------------------------------------------------------------------- (at simulation time 688.000,000,010 s)
2025-05-28 00:19:08,495 INFO  - Processing event (at simulation time 688.000,000,010 s)
2025-05-28 00:19:08,495 INFO  - ------------------------------------------------------------------------------------- (at simulation time 688.000,000,010 s)
2025-05-28 00:19:08,495 INFO  - Already have ACK (at simulation time 688.000,000,010 s)
2025-05-28 00:19:08,495 INFO  - ------------------------------------------------------------------------------------- (at simulation time 688.000,000,010 s)
2025-05-28 00:19:08,495 INFO  - ------------------------------------------------------------------------------------- (at simulation time 688.000,000,010 s)
2025-05-28 00:19:08,495 INFO  - ------------------------------------------------------------------------------------- (at simulation time 688.000,000,010 s)
2025-05-28 00:19:08,495 INFO  - Processing event (at simulation time 688.000,000,010 s)
2025-05-28 00:19:08,495 INFO  - ------------------------------------------------------------------------------------- (at simulation time 688.000,000,010 s)
2025-05-28 00:19:08,495 INFO  - Already have ACK (at simulation time 688.000,000,010 s)
2025-05-28 00:19:08,495 INFO  - ------------------------------------------------------------------------------------- (at simulation time 688.000,000,010 s)
2025-05-28 00:19:08,495 INFO  - ------------------------------------------------------------------------------------- (at simulation time 688.000,000,010 s)
2025-05-28 00:19:08,496 INFO  - ------------------------------------------------------------------------------------- (at simulation time 688.000,000,010 s)
2025-05-28 00:19:08,496 INFO  - Processing event (at simulation time 688.000,000,010 s)
2025-05-28 00:19:08,496 INFO  - ------------------------------------------------------------------------------------- (at simulation time 688.000,000,010 s)
2025-05-28 00:19:08,496 INFO  - Already have ACK (at simulation time 688.000,000,010 s)
2025-05-28 00:19:08,496 INFO  - ------------------------------------------------------------------------------------- (at simulation time 688.000,000,010 s)
2025-05-28 00:19:08,496 INFO  - ------------------------------------------------------------------------------------- (at simulation time 688.000,000,010 s)
2025-05-28 00:19:08,496 INFO  - ------------------------------------------------------------------------------------- (at simulation time 688.000,000,010 s)
2025-05-28 00:19:08,496 INFO  - Processing event (at simulation time 688.000,000,010 s)
2025-05-28 00:19:08,496 INFO  - ------------------------------------------------------------------------------------- (at simulation time 688.000,000,010 s)
2025-05-28 00:19:08,496 INFO  - Already have ACK (at simulation time 688.000,000,010 s)
2025-05-28 00:19:08,496 INFO  - ------------------------------------------------------------------------------------- (at simulation time 688.000,000,010 s)
2025-05-28 00:19:08,496 INFO  - ------------------------------------------------------------------------------------- (at simulation time 688.000,000,010 s)
2025-05-28 00:19:08,497 INFO  - ------------------------------------------------------------------------------------- (at simulation time 688.000,000,010 s)
2025-05-28 00:19:08,497 INFO  - Processing event (at simulation time 688.000,000,010 s)
2025-05-28 00:19:08,497 INFO  - ------------------------------------------------------------------------------------- (at simulation time 688.000,000,010 s)
2025-05-28 00:19:08,497 INFO  - Already have ACK (at simulation time 688.000,000,010 s)
2025-05-28 00:19:08,497 INFO  - ------------------------------------------------------------------------------------- (at simulation time 688.000,000,010 s)
2025-05-28 00:19:08,497 INFO  - ------------------------------------------------------------------------------------- (at simulation time 688.000,000,010 s)
2025-05-28 00:19:08,497 INFO  - ------------------------------------------------------------------------------------- (at simulation time 688.000,000,010 s)
2025-05-28 00:19:08,497 INFO  - Processing event (at simulation time 688.000,000,010 s)
2025-05-28 00:19:08,497 INFO  - ------------------------------------------------------------------------------------- (at simulation time 688.000,000,010 s)
2025-05-28 00:19:08,497 INFO  - Already have ACK (at simulation time 688.000,000,010 s)
2025-05-28 00:19:08,497 INFO  - ------------------------------------------------------------------------------------- (at simulation time 688.000,000,010 s)
2025-05-28 00:19:08,497 INFO  - ------------------------------------------------------------------------------------- (at simulation time 688.000,000,010 s)
2025-05-28 00:19:08,498 INFO  - ------------------------------------------------------------------------------------- (at simulation time 688.000,000,010 s)
2025-05-28 00:19:08,498 INFO  - Processing event (at simulation time 688.000,000,010 s)
2025-05-28 00:19:08,498 INFO  - ------------------------------------------------------------------------------------- (at simulation time 688.000,000,010 s)
2025-05-28 00:19:08,498 INFO  - Already have ACK (at simulation time 688.000,000,010 s)
2025-05-28 00:19:08,498 INFO  - ------------------------------------------------------------------------------------- (at simulation time 688.000,000,010 s)
2025-05-28 00:19:08,498 INFO  - ------------------------------------------------------------------------------------- (at simulation time 688.000,000,010 s)
2025-05-28 00:19:08,498 INFO  - ------------------------------------------------------------------------------------- (at simulation time 688.000,000,010 s)
2025-05-28 00:19:08,498 INFO  - Processing event (at simulation time 688.000,000,010 s)
2025-05-28 00:19:08,498 INFO  - ------------------------------------------------------------------------------------- (at simulation time 688.000,000,010 s)
2025-05-28 00:19:08,498 INFO  - Already have ACK (at simulation time 688.000,000,010 s)
2025-05-28 00:19:08,498 INFO  - ------------------------------------------------------------------------------------- (at simulation time 688.000,000,010 s)
2025-05-28 00:19:08,498 INFO  - ------------------------------------------------------------------------------------- (at simulation time 688.000,000,010 s)
2025-05-28 00:19:08,498 INFO  - ------------------------------------------------------------------------------------- (at simulation time 688.000,000,010 s)
2025-05-28 00:19:08,498 INFO  - Processing event (at simulation time 688.000,000,010 s)
2025-05-28 00:19:08,498 INFO  - ------------------------------------------------------------------------------------- (at simulation time 688.000,000,010 s)
2025-05-28 00:19:08,499 INFO  - Already have ACK (at simulation time 688.000,000,010 s)
2025-05-28 00:19:08,499 INFO  - ------------------------------------------------------------------------------------- (at simulation time 688.000,000,010 s)
2025-05-28 00:19:08,499 INFO  - ------------------------------------------------------------------------------------- (at simulation time 688.000,000,010 s)
2025-05-28 00:19:08,499 INFO  - ------------------------------------------------------------------------------------- (at simulation time 688.000,000,010 s)
2025-05-28 00:19:08,499 INFO  - Processing event (at simulation time 688.000,000,010 s)
2025-05-28 00:19:08,499 INFO  - ------------------------------------------------------------------------------------- (at simulation time 688.000,000,010 s)
2025-05-28 00:19:08,499 INFO  - Already have ACK (at simulation time 688.000,000,010 s)
2025-05-28 00:19:08,499 INFO  - ------------------------------------------------------------------------------------- (at simulation time 688.000,000,010 s)
2025-05-28 00:19:08,499 INFO  - ------------------------------------------------------------------------------------- (at simulation time 688.000,000,010 s)
2025-05-28 00:19:08,500 INFO  - ------------------------------------------------------------------------------------- (at simulation time 688.000,000,010 s)
2025-05-28 00:19:08,500 INFO  - Processing event (at simulation time 688.000,000,010 s)
2025-05-28 00:19:08,500 INFO  - ------------------------------------------------------------------------------------- (at simulation time 688.000,000,010 s)
2025-05-28 00:19:08,500 INFO  - Already have ACK (at simulation time 688.000,000,010 s)
2025-05-28 00:19:08,500 INFO  - ------------------------------------------------------------------------------------- (at simulation time 688.000,000,010 s)
2025-05-28 00:19:08,500 INFO  - ------------------------------------------------------------------------------------- (at simulation time 688.000,000,010 s)
2025-05-28 00:19:08,500 INFO  - ------------------------------------------------------------------------------------- (at simulation time 688.000,000,010 s)
2025-05-28 00:19:08,500 INFO  - Processing event (at simulation time 688.000,000,010 s)
2025-05-28 00:19:08,500 INFO  - ------------------------------------------------------------------------------------- (at simulation time 688.000,000,010 s)
2025-05-28 00:19:08,500 INFO  - Already have ACK (at simulation time 688.000,000,010 s)
2025-05-28 00:19:08,500 INFO  - ------------------------------------------------------------------------------------- (at simulation time 688.000,000,010 s)
2025-05-28 00:19:08,500 INFO  - ------------------------------------------------------------------------------------- (at simulation time 688.000,000,010 s)
2025-05-28 00:19:08,501 INFO  - ------------------------------------------------------------------------------------- (at simulation time 688.000,000,010 s)
2025-05-28 00:19:08,501 INFO  - Processing event (at simulation time 688.000,000,010 s)
2025-05-28 00:19:08,501 INFO  - ------------------------------------------------------------------------------------- (at simulation time 688.000,000,010 s)
2025-05-28 00:19:08,501 INFO  - Already have ACK (at simulation time 688.000,000,010 s)
2025-05-28 00:19:08,501 INFO  - ------------------------------------------------------------------------------------- (at simulation time 688.000,000,010 s)
2025-05-28 00:19:08,501 INFO  - ------------------------------------------------------------------------------------- (at simulation time 688.000,000,010 s)
2025-05-28 00:19:08,501 INFO  - ------------------------------------------------------------------------------------- (at simulation time 688.000,000,010 s)
2025-05-28 00:19:08,501 INFO  - Processing event (at simulation time 688.000,000,010 s)
2025-05-28 00:19:08,501 INFO  - ------------------------------------------------------------------------------------- (at simulation time 688.000,000,010 s)
2025-05-28 00:19:08,501 INFO  - Already have ACK (at simulation time 688.000,000,010 s)
2025-05-28 00:19:08,501 INFO  - ------------------------------------------------------------------------------------- (at simulation time 688.000,000,010 s)
2025-05-28 00:19:08,501 INFO  - ------------------------------------------------------------------------------------- (at simulation time 688.000,000,010 s)
2025-05-28 00:19:08,502 INFO  - ------------------------------------------------------------------------------------- (at simulation time 688.000,000,010 s)
2025-05-28 00:19:08,502 INFO  - Processing event (at simulation time 688.000,000,010 s)
2025-05-28 00:19:08,502 INFO  - ------------------------------------------------------------------------------------- (at simulation time 688.000,000,010 s)
2025-05-28 00:19:08,502 INFO  - Already have ACK (at simulation time 688.000,000,010 s)
2025-05-28 00:19:08,502 INFO  - ------------------------------------------------------------------------------------- (at simulation time 688.000,000,010 s)
2025-05-28 00:19:08,502 INFO  - ------------------------------------------------------------------------------------- (at simulation time 688.000,000,010 s)
2025-05-28 00:19:08,502 INFO  - ------------------------------------------------------------------------------------- (at simulation time 688.000,000,010 s)
2025-05-28 00:19:08,502 INFO  - Processing event (at simulation time 688.000,000,010 s)
2025-05-28 00:19:08,502 INFO  - ------------------------------------------------------------------------------------- (at simulation time 688.000,000,010 s)
2025-05-28 00:19:08,502 INFO  - Already have ACK (at simulation time 688.000,000,010 s)
2025-05-28 00:19:08,503 INFO  - ------------------------------------------------------------------------------------- (at simulation time 688.000,000,010 s)
2025-05-28 00:19:08,503 INFO  - ------------------------------------------------------------------------------------- (at simulation time 688.000,000,010 s)
2025-05-28 00:19:08,503 INFO  - ------------------------------------------------------------------------------------- (at simulation time 688.000,000,010 s)
2025-05-28 00:19:08,503 INFO  - Processing event (at simulation time 688.000,000,010 s)
2025-05-28 00:19:08,503 INFO  - ------------------------------------------------------------------------------------- (at simulation time 688.000,000,010 s)
2025-05-28 00:19:08,503 INFO  - Already have ACK (at simulation time 688.000,000,010 s)
2025-05-28 00:19:08,503 INFO  - ------------------------------------------------------------------------------------- (at simulation time 688.000,000,010 s)
2025-05-28 00:19:08,503 INFO  - ------------------------------------------------------------------------------------- (at simulation time 688.000,000,010 s)
2025-05-28 00:19:08,504 INFO  - ------------------------------------------------------------------------------------- (at simulation time 688.000,000,010 s)
2025-05-28 00:19:08,504 INFO  - Processing event (at simulation time 688.000,000,010 s)
2025-05-28 00:19:08,504 INFO  - ------------------------------------------------------------------------------------- (at simulation time 688.000,000,010 s)
2025-05-28 00:19:08,504 INFO  - Already have ACK (at simulation time 688.000,000,010 s)
2025-05-28 00:19:08,504 INFO  - ------------------------------------------------------------------------------------- (at simulation time 688.000,000,010 s)
2025-05-28 00:19:08,504 INFO  - ------------------------------------------------------------------------------------- (at simulation time 688.000,000,010 s)
2025-05-28 00:19:08,504 INFO  - ------------------------------------------------------------------------------------- (at simulation time 688.000,000,010 s)
2025-05-28 00:19:08,504 INFO  - Processing event (at simulation time 688.000,000,010 s)
2025-05-28 00:19:08,504 INFO  - ------------------------------------------------------------------------------------- (at simulation time 688.000,000,010 s)
2025-05-28 00:19:08,504 INFO  - Already have ACK (at simulation time 688.000,000,010 s)
2025-05-28 00:19:08,504 INFO  - ------------------------------------------------------------------------------------- (at simulation time 688.000,000,010 s)
2025-05-28 00:19:08,504 INFO  - ------------------------------------------------------------------------------------- (at simulation time 688.000,000,010 s)
2025-05-28 00:19:08,505 INFO  - ------------------------------------------------------------------------------------- (at simulation time 688.000,000,010 s)
2025-05-28 00:19:08,505 INFO  - Processing event (at simulation time 688.000,000,010 s)
2025-05-28 00:19:08,505 INFO  - ------------------------------------------------------------------------------------- (at simulation time 688.000,000,010 s)
2025-05-28 00:19:08,505 INFO  - Already have ACK (at simulation time 688.000,000,010 s)
2025-05-28 00:19:08,505 INFO  - ------------------------------------------------------------------------------------- (at simulation time 688.000,000,010 s)
2025-05-28 00:19:08,505 INFO  - ------------------------------------------------------------------------------------- (at simulation time 688.000,000,010 s)
2025-05-28 00:19:08,505 INFO  - ------------------------------------------------------------------------------------- (at simulation time 688.000,000,010 s)
2025-05-28 00:19:08,505 INFO  - Processing event (at simulation time 688.000,000,010 s)
2025-05-28 00:19:08,505 INFO  - ------------------------------------------------------------------------------------- (at simulation time 688.000,000,010 s)
2025-05-28 00:19:08,505 INFO  - Already have ACK (at simulation time 688.000,000,010 s)
2025-05-28 00:19:08,505 INFO  - ------------------------------------------------------------------------------------- (at simulation time 688.000,000,010 s)
2025-05-28 00:19:08,505 INFO  - ------------------------------------------------------------------------------------- (at simulation time 688.000,000,010 s)
2025-05-28 00:19:08,506 INFO  - ------------------------------------------------------------------------------------- (at simulation time 688.000,000,010 s)
2025-05-28 00:19:08,506 INFO  - Processing event (at simulation time 688.000,000,010 s)
2025-05-28 00:19:08,506 INFO  - ------------------------------------------------------------------------------------- (at simulation time 688.000,000,010 s)
2025-05-28 00:19:08,506 INFO  - Already have ACK (at simulation time 688.000,000,010 s)
2025-05-28 00:19:08,506 INFO  - ------------------------------------------------------------------------------------- (at simulation time 688.000,000,010 s)
2025-05-28 00:19:08,506 INFO  - ------------------------------------------------------------------------------------- (at simulation time 688.000,000,010 s)
2025-05-28 00:19:08,507 INFO  - ------------------------------------------------------------------------------------- (at simulation time 688.000,000,010 s)
2025-05-28 00:19:08,507 INFO  - Processing event (at simulation time 688.000,000,010 s)
2025-05-28 00:19:08,507 INFO  - ------------------------------------------------------------------------------------- (at simulation time 688.000,000,010 s)
2025-05-28 00:19:08,507 INFO  - Already have ACK (at simulation time 688.000,000,010 s)
2025-05-28 00:19:08,507 INFO  - ------------------------------------------------------------------------------------- (at simulation time 688.000,000,010 s)
2025-05-28 00:19:08,507 INFO  - ------------------------------------------------------------------------------------- (at simulation time 688.000,000,010 s)
2025-05-28 00:19:08,508 INFO  - ------------------------------------------------------------------------------------- (at simulation time 688.000,400,000 s)
2025-05-28 00:19:08,508 INFO  - New neighbour is veh_127 (at simulation time 688.000,400,000 s)
2025-05-28 00:19:08,508 INFO  - ------------------------------------------------------------------------------------- (at simulation time 688.000,400,000 s)
2025-05-28 00:19:08,508 INFO  - ------------------------------------------------------------------------------------- (at simulation time 688.000,900,000 s)
2025-05-28 00:19:08,508 INFO  - New neighbour is veh_126 (at simulation time 688.000,900,000 s)
2025-05-28 00:19:08,508 INFO  - ------------------------------------------------------------------------------------- (at simulation time 688.000,900,000 s)
2025-05-28 00:19:08,508 INFO  - ------------------------------------------------------------------------------------- (at simulation time 688.001,900,000 s)
2025-05-28 00:19:08,508 INFO  - New neighbour is veh_125 (at simulation time 688.001,900,000 s)
2025-05-28 00:19:08,508 INFO  - ------------------------------------------------------------------------------------- (at simulation time 688.001,900,000 s)
2025-05-28 00:19:08,510 INFO  - ------------------------------------------------------------------------------------- (at simulation time 689.000,000,000 s)
2025-05-28 00:19:08,510 INFO  - Already have ACK (at simulation time 689.000,000,000 s)
2025-05-28 00:19:08,510 INFO  - ------------------------------------------------------------------------------------- (at simulation time 689.000,000,000 s)
2025-05-28 00:19:08,510 INFO  - ------------------------------------------------------------------------------------- (at simulation time 689.000,000,000 s)
2025-05-28 00:19:08,510 INFO  - Processing event (at simulation time 689.000,000,000 s)
2025-05-28 00:19:08,510 INFO  - ------------------------------------------------------------------------------------- (at simulation time 689.000,000,000 s)
2025-05-28 00:19:08,510 INFO  - Already have ACK (at simulation time 689.000,000,000 s)
2025-05-28 00:19:08,510 INFO  - ------------------------------------------------------------------------------------- (at simulation time 689.000,000,000 s)
2025-05-28 00:19:08,510 INFO  - ------------------------------------------------------------------------------------- (at simulation time 689.000,000,000 s)
2025-05-28 00:19:08,511 INFO  - ------------------------------------------------------------------------------------- (at simulation time 689.000,000,000 s)
2025-05-28 00:19:08,511 INFO  - Processing event (at simulation time 689.000,000,000 s)
2025-05-28 00:19:08,511 INFO  - ------------------------------------------------------------------------------------- (at simulation time 689.000,000,000 s)
2025-05-28 00:19:08,511 INFO  - Already have ACK (at simulation time 689.000,000,000 s)
2025-05-28 00:19:08,511 INFO  - ------------------------------------------------------------------------------------- (at simulation time 689.000,000,000 s)
2025-05-28 00:19:08,511 INFO  - ------------------------------------------------------------------------------------- (at simulation time 689.000,000,000 s)
2025-05-28 00:19:08,512 INFO  - ------------------------------------------------------------------------------------- (at simulation time 689.000,000,000 s)
2025-05-28 00:19:08,512 INFO  - Processing event (at simulation time 689.000,000,000 s)
2025-05-28 00:19:08,512 INFO  - ------------------------------------------------------------------------------------- (at simulation time 689.000,000,000 s)
2025-05-28 00:19:08,512 INFO  - Already have ACK (at simulation time 689.000,000,000 s)
2025-05-28 00:19:08,512 INFO  - ------------------------------------------------------------------------------------- (at simulation time 689.000,000,000 s)
2025-05-28 00:19:08,512 INFO  - ------------------------------------------------------------------------------------- (at simulation time 689.000,000,000 s)
2025-05-28 00:19:08,513 INFO  - ------------------------------------------------------------------------------------- (at simulation time 689.000,000,000 s)
2025-05-28 00:19:08,513 INFO  - Processing event (at simulation time 689.000,000,000 s)
2025-05-28 00:19:08,513 INFO  - ------------------------------------------------------------------------------------- (at simulation time 689.000,000,000 s)
2025-05-28 00:19:08,513 INFO  - Already have ACK (at simulation time 689.000,000,000 s)
2025-05-28 00:19:08,513 INFO  - ------------------------------------------------------------------------------------- (at simulation time 689.000,000,000 s)
2025-05-28 00:19:08,513 INFO  - ------------------------------------------------------------------------------------- (at simulation time 689.000,000,000 s)
2025-05-28 00:19:08,513 INFO  - ------------------------------------------------------------------------------------- (at simulation time 689.000,000,000 s)
2025-05-28 00:19:08,513 INFO  - Processing event (at simulation time 689.000,000,000 s)
2025-05-28 00:19:08,513 INFO  - ------------------------------------------------------------------------------------- (at simulation time 689.000,000,000 s)
2025-05-28 00:19:08,513 INFO  - Already have ACK (at simulation time 689.000,000,000 s)
2025-05-28 00:19:08,513 INFO  - ------------------------------------------------------------------------------------- (at simulation time 689.000,000,000 s)
2025-05-28 00:19:08,513 INFO  - ------------------------------------------------------------------------------------- (at simulation time 689.000,000,000 s)
2025-05-28 00:19:08,514 INFO  - ------------------------------------------------------------------------------------- (at simulation time 689.000,000,000 s)
2025-05-28 00:19:08,514 INFO  - Processing event (at simulation time 689.000,000,000 s)
2025-05-28 00:19:08,514 INFO  - ------------------------------------------------------------------------------------- (at simulation time 689.000,000,000 s)
2025-05-28 00:19:08,514 INFO  - Already have ACK (at simulation time 689.000,000,000 s)
2025-05-28 00:19:08,514 INFO  - ------------------------------------------------------------------------------------- (at simulation time 689.000,000,000 s)
2025-05-28 00:19:08,514 INFO  - ------------------------------------------------------------------------------------- (at simulation time 689.000,000,000 s)
2025-05-28 00:19:08,514 INFO  - ------------------------------------------------------------------------------------- (at simulation time 689.000,000,000 s)
2025-05-28 00:19:08,514 INFO  - Processing event (at simulation time 689.000,000,000 s)
2025-05-28 00:19:08,514 INFO  - ------------------------------------------------------------------------------------- (at simulation time 689.000,000,000 s)
2025-05-28 00:19:08,514 INFO  - Already have ACK (at simulation time 689.000,000,000 s)
2025-05-28 00:19:08,514 INFO  - ------------------------------------------------------------------------------------- (at simulation time 689.000,000,000 s)
2025-05-28 00:19:08,514 INFO  - ------------------------------------------------------------------------------------- (at simulation time 689.000,000,000 s)
2025-05-28 00:19:08,515 INFO  - ------------------------------------------------------------------------------------- (at simulation time 689.000,000,000 s)
2025-05-28 00:19:08,515 INFO  - Processing event (at simulation time 689.000,000,000 s)
2025-05-28 00:19:08,515 INFO  - ------------------------------------------------------------------------------------- (at simulation time 689.000,000,000 s)
2025-05-28 00:19:08,515 INFO  - Already have ACK (at simulation time 689.000,000,000 s)
2025-05-28 00:19:08,515 INFO  - ------------------------------------------------------------------------------------- (at simulation time 689.000,000,000 s)
2025-05-28 00:19:08,515 INFO  - ------------------------------------------------------------------------------------- (at simulation time 689.000,000,000 s)
2025-05-28 00:19:08,515 INFO  - ------------------------------------------------------------------------------------- (at simulation time 689.000,000,000 s)
2025-05-28 00:19:08,515 INFO  - Processing event (at simulation time 689.000,000,000 s)
2025-05-28 00:19:08,515 INFO  - ------------------------------------------------------------------------------------- (at simulation time 689.000,000,000 s)
2025-05-28 00:19:08,515 INFO  - Already have ACK (at simulation time 689.000,000,000 s)
2025-05-28 00:19:08,515 INFO  - ------------------------------------------------------------------------------------- (at simulation time 689.000,000,000 s)
2025-05-28 00:19:08,515 INFO  - ------------------------------------------------------------------------------------- (at simulation time 689.000,000,000 s)
2025-05-28 00:19:08,516 INFO  - ------------------------------------------------------------------------------------- (at simulation time 689.000,000,000 s)
2025-05-28 00:19:08,516 INFO  - Processing event (at simulation time 689.000,000,000 s)
2025-05-28 00:19:08,516 INFO  - ------------------------------------------------------------------------------------- (at simulation time 689.000,000,000 s)
2025-05-28 00:19:08,516 INFO  - Already have ACK (at simulation time 689.000,000,000 s)
2025-05-28 00:19:08,516 INFO  - ------------------------------------------------------------------------------------- (at simulation time 689.000,000,000 s)
2025-05-28 00:19:08,516 INFO  - ------------------------------------------------------------------------------------- (at simulation time 689.000,000,000 s)
2025-05-28 00:19:08,517 INFO  - ------------------------------------------------------------------------------------- (at simulation time 689.000,000,000 s)
2025-05-28 00:19:08,517 INFO  - Processing event (at simulation time 689.000,000,000 s)
2025-05-28 00:19:08,517 INFO  - ------------------------------------------------------------------------------------- (at simulation time 689.000,000,000 s)
2025-05-28 00:19:08,517 INFO  - Already have ACK (at simulation time 689.000,000,000 s)
2025-05-28 00:19:08,517 INFO  - ------------------------------------------------------------------------------------- (at simulation time 689.000,000,000 s)
2025-05-28 00:19:08,517 INFO  - ------------------------------------------------------------------------------------- (at simulation time 689.000,000,000 s)
2025-05-28 00:19:08,517 INFO  - ------------------------------------------------------------------------------------- (at simulation time 689.000,000,000 s)
2025-05-28 00:19:08,517 INFO  - Processing event (at simulation time 689.000,000,000 s)
2025-05-28 00:19:08,517 INFO  - ------------------------------------------------------------------------------------- (at simulation time 689.000,000,000 s)
2025-05-28 00:19:08,517 INFO  - Already have ACK (at simulation time 689.000,000,000 s)
2025-05-28 00:19:08,517 INFO  - ------------------------------------------------------------------------------------- (at simulation time 689.000,000,000 s)
2025-05-28 00:19:08,517 INFO  - ------------------------------------------------------------------------------------- (at simulation time 689.000,000,000 s)
2025-05-28 00:19:08,518 INFO  - ------------------------------------------------------------------------------------- (at simulation time 689.000,000,000 s)
2025-05-28 00:19:08,518 INFO  - Processing event (at simulation time 689.000,000,000 s)
2025-05-28 00:19:08,518 INFO  - ------------------------------------------------------------------------------------- (at simulation time 689.000,000,000 s)
2025-05-28 00:19:08,518 INFO  - Already have ACK (at simulation time 689.000,000,000 s)
2025-05-28 00:19:08,518 INFO  - ------------------------------------------------------------------------------------- (at simulation time 689.000,000,000 s)
2025-05-28 00:19:08,518 INFO  - ------------------------------------------------------------------------------------- (at simulation time 689.000,000,000 s)
2025-05-28 00:19:08,518 INFO  - ------------------------------------------------------------------------------------- (at simulation time 689.000,000,000 s)
2025-05-28 00:19:08,518 INFO  - Processing event (at simulation time 689.000,000,000 s)
2025-05-28 00:19:08,518 INFO  - ------------------------------------------------------------------------------------- (at simulation time 689.000,000,000 s)
2025-05-28 00:19:08,518 INFO  - Already have ACK (at simulation time 689.000,000,000 s)
2025-05-28 00:19:08,518 INFO  - ------------------------------------------------------------------------------------- (at simulation time 689.000,000,000 s)
2025-05-28 00:19:08,518 INFO  - ------------------------------------------------------------------------------------- (at simulation time 689.000,000,000 s)
2025-05-28 00:19:08,519 INFO  - ------------------------------------------------------------------------------------- (at simulation time 689.000,000,000 s)
2025-05-28 00:19:08,519 INFO  - Processing event (at simulation time 689.000,000,000 s)
2025-05-28 00:19:08,519 INFO  - ------------------------------------------------------------------------------------- (at simulation time 689.000,000,000 s)
2025-05-28 00:19:08,519 INFO  - Already have ACK (at simulation time 689.000,000,000 s)
2025-05-28 00:19:08,519 INFO  - ------------------------------------------------------------------------------------- (at simulation time 689.000,000,000 s)
2025-05-28 00:19:08,519 INFO  - ------------------------------------------------------------------------------------- (at simulation time 689.000,000,000 s)
2025-05-28 00:19:08,519 INFO  - ------------------------------------------------------------------------------------- (at simulation time 689.000,000,000 s)
2025-05-28 00:19:08,519 INFO  - Processing event (at simulation time 689.000,000,000 s)
2025-05-28 00:19:08,519 INFO  - ------------------------------------------------------------------------------------- (at simulation time 689.000,000,000 s)
2025-05-28 00:19:08,519 INFO  - Already have ACK (at simulation time 689.000,000,000 s)
2025-05-28 00:19:08,519 INFO  - ------------------------------------------------------------------------------------- (at simulation time 689.000,000,000 s)
2025-05-28 00:19:08,519 INFO  - ------------------------------------------------------------------------------------- (at simulation time 689.000,000,000 s)
2025-05-28 00:19:08,520 INFO  - ------------------------------------------------------------------------------------- (at simulation time 689.000,000,000 s)
2025-05-28 00:19:08,520 INFO  - Processing event (at simulation time 689.000,000,000 s)
2025-05-28 00:19:08,520 INFO  - ------------------------------------------------------------------------------------- (at simulation time 689.000,000,000 s)
2025-05-28 00:19:08,520 INFO  - Already have ACK (at simulation time 689.000,000,000 s)
2025-05-28 00:19:08,520 INFO  - ------------------------------------------------------------------------------------- (at simulation time 689.000,000,000 s)
2025-05-28 00:19:08,520 INFO  - ------------------------------------------------------------------------------------- (at simulation time 689.000,000,000 s)
2025-05-28 00:19:08,520 INFO  - ------------------------------------------------------------------------------------- (at simulation time 689.000,000,000 s)
2025-05-28 00:19:08,520 INFO  - Processing event (at simulation time 689.000,000,000 s)
2025-05-28 00:19:08,520 INFO  - ------------------------------------------------------------------------------------- (at simulation time 689.000,000,000 s)
2025-05-28 00:19:08,520 INFO  - Already have ACK (at simulation time 689.000,000,000 s)
2025-05-28 00:19:08,520 INFO  - ------------------------------------------------------------------------------------- (at simulation time 689.000,000,000 s)
2025-05-28 00:19:08,520 INFO  - ------------------------------------------------------------------------------------- (at simulation time 689.000,000,000 s)
2025-05-28 00:19:08,521 INFO  - ------------------------------------------------------------------------------------- (at simulation time 689.000,000,000 s)
2025-05-28 00:19:08,521 INFO  - Processing event (at simulation time 689.000,000,000 s)
2025-05-28 00:19:08,521 INFO  - ------------------------------------------------------------------------------------- (at simulation time 689.000,000,000 s)
2025-05-28 00:19:08,521 INFO  - Already have ACK (at simulation time 689.000,000,000 s)
2025-05-28 00:19:08,521 INFO  - ------------------------------------------------------------------------------------- (at simulation time 689.000,000,000 s)
2025-05-28 00:19:08,521 INFO  - ------------------------------------------------------------------------------------- (at simulation time 689.000,000,000 s)
2025-05-28 00:19:08,521 INFO  - ------------------------------------------------------------------------------------- (at simulation time 689.000,000,000 s)
2025-05-28 00:19:08,521 INFO  - Processing event (at simulation time 689.000,000,000 s)
2025-05-28 00:19:08,521 INFO  - ------------------------------------------------------------------------------------- (at simulation time 689.000,000,000 s)
2025-05-28 00:19:08,521 INFO  - Already have ACK (at simulation time 689.000,000,000 s)
2025-05-28 00:19:08,521 INFO  - ------------------------------------------------------------------------------------- (at simulation time 689.000,000,000 s)
2025-05-28 00:19:08,521 INFO  - ------------------------------------------------------------------------------------- (at simulation time 689.000,000,000 s)
2025-05-28 00:19:08,522 INFO  - ------------------------------------------------------------------------------------- (at simulation time 689.000,000,000 s)
2025-05-28 00:19:08,522 INFO  - Processing event (at simulation time 689.000,000,000 s)
2025-05-28 00:19:08,522 INFO  - ------------------------------------------------------------------------------------- (at simulation time 689.000,000,000 s)
2025-05-28 00:19:08,522 INFO  - Already have ACK (at simulation time 689.000,000,000 s)
2025-05-28 00:19:08,522 INFO  - ------------------------------------------------------------------------------------- (at simulation time 689.000,000,000 s)
2025-05-28 00:19:08,522 INFO  - ------------------------------------------------------------------------------------- (at simulation time 689.000,000,000 s)
2025-05-28 00:19:08,522 INFO  - ------------------------------------------------------------------------------------- (at simulation time 689.000,000,000 s)
2025-05-28 00:19:08,522 INFO  - Processing event (at simulation time 689.000,000,000 s)
2025-05-28 00:19:08,522 INFO  - ------------------------------------------------------------------------------------- (at simulation time 689.000,000,000 s)
2025-05-28 00:19:08,522 INFO  - Already have ACK (at simulation time 689.000,000,000 s)
2025-05-28 00:19:08,522 INFO  - ------------------------------------------------------------------------------------- (at simulation time 689.000,000,000 s)
2025-05-28 00:19:08,522 INFO  - ------------------------------------------------------------------------------------- (at simulation time 689.000,000,000 s)
2025-05-28 00:19:08,523 INFO  - ------------------------------------------------------------------------------------- (at simulation time 689.000,000,000 s)
2025-05-28 00:19:08,523 INFO  - Processing event (at simulation time 689.000,000,000 s)
2025-05-28 00:19:08,523 INFO  - ------------------------------------------------------------------------------------- (at simulation time 689.000,000,000 s)
2025-05-28 00:19:08,523 INFO  - Already have ACK (at simulation time 689.000,000,000 s)
2025-05-28 00:19:08,523 INFO  - ------------------------------------------------------------------------------------- (at simulation time 689.000,000,000 s)
2025-05-28 00:19:08,523 INFO  - ------------------------------------------------------------------------------------- (at simulation time 689.000,000,000 s)
2025-05-28 00:19:08,523 INFO  - ------------------------------------------------------------------------------------- (at simulation time 689.000,000,000 s)
2025-05-28 00:19:08,523 INFO  - Processing event (at simulation time 689.000,000,000 s)
2025-05-28 00:19:08,523 INFO  - ------------------------------------------------------------------------------------- (at simulation time 689.000,000,000 s)
2025-05-28 00:19:08,523 INFO  - Already have ACK (at simulation time 689.000,000,000 s)
2025-05-28 00:19:08,523 INFO  - ------------------------------------------------------------------------------------- (at simulation time 689.000,000,000 s)
2025-05-28 00:19:08,523 INFO  - ------------------------------------------------------------------------------------- (at simulation time 689.000,000,000 s)
