2025-06-06 16:07:51,300 INFO  - Initialize veh_34 application (at simulation time 181.000,000,000 s)
2025-06-06 16:07:51,301 INFO  - Sent periodic GreenWaveMsg: veh_34 on route r_0 (at simulation time 181.000,000,000 s)
2025-06-06 16:07:51,301 INFO  - I have no neighbours to send! (at simulation time 181.000,000,000 s)
2025-06-06 16:07:51,307 INFO  - I have no neighbours to send! (at simulation time 182.000,000,000 s)
2025-06-06 16:07:51,307 INFO  - I have no neighbours to send! (at simulation time 182.000,000,000 s)
2025-06-06 16:07:51,312 INFO  - I have no neighbours to send! (at simulation time 183.000,000,000 s)
2025-06-06 16:07:51,312 INFO  - I have no neighbours to send! (at simulation time 183.000,000,000 s)
2025-06-06 16:07:51,312 INFO  - I have no neighbours to send! (at simulation time 183.000,000,000 s)
2025-06-06 16:07:51,317 INFO  - I have no neighbours to send! (at simulation time 184.000,000,000 s)
2025-06-06 16:07:51,317 INFO  - I have no neighbours to send! (at simulation time 184.000,000,000 s)
2025-06-06 16:07:51,317 INFO  - I have no neighbours to send! (at simulation time 184.000,000,000 s)
2025-06-06 16:07:51,317 INFO  - I have no neighbours to send! (at simulation time 184.000,000,000 s)
2025-06-06 16:07:51,323 INFO  - I have no neighbours to send! (at simulation time 185.000,000,000 s)
2025-06-06 16:07:51,323 INFO  - I have no neighbours to send! (at simulation time 185.000,000,000 s)
2025-06-06 16:07:51,323 INFO  - I have no neighbours to send! (at simulation time 185.000,000,000 s)
2025-06-06 16:07:51,323 INFO  - I have no neighbours to send! (at simulation time 185.000,000,000 s)
2025-06-06 16:07:51,323 INFO  - I have no neighbours to send! (at simulation time 185.000,000,000 s)
2025-06-06 16:07:51,328 INFO  - Sent periodic GreenWaveMsg: veh_34 on route r_0 (at simulation time 186.000,000,000 s)
2025-06-06 16:07:51,328 INFO  - I have no neighbours to send! (at simulation time 186.000,000,000 s)
2025-06-06 16:07:51,328 INFO  - I have no neighbours to send! (at simulation time 186.000,000,000 s)
2025-06-06 16:07:51,328 INFO  - I have no neighbours to send! (at simulation time 186.000,000,000 s)
2025-06-06 16:07:51,328 INFO  - I have no neighbours to send! (at simulation time 186.000,000,000 s)
2025-06-06 16:07:51,328 INFO  - I have no neighbours to send! (at simulation time 186.000,000,000 s)
2025-06-06 16:07:51,328 INFO  - I have no neighbours to send! (at simulation time 186.000,000,000 s)
2025-06-06 16:07:51,333 INFO  - I have no neighbours to send! (at simulation time 187.000,000,000 s)
2025-06-06 16:07:51,333 INFO  - I have no neighbours to send! (at simulation time 187.000,000,000 s)
2025-06-06 16:07:51,333 INFO  - I have no neighbours to send! (at simulation time 187.000,000,000 s)
2025-06-06 16:07:51,333 INFO  - I have no neighbours to send! (at simulation time 187.000,000,000 s)
2025-06-06 16:07:51,334 INFO  - I have no neighbours to send! (at simulation time 187.000,000,000 s)
2025-06-06 16:07:51,334 INFO  - I have no neighbours to send! (at simulation time 187.000,000,000 s)
2025-06-06 16:07:51,334 INFO  - I have no neighbours to send! (at simulation time 187.000,000,000 s)
2025-06-06 16:07:51,338 INFO  - I have no neighbours to send! (at simulation time 188.000,000,000 s)
2025-06-06 16:07:51,338 INFO  - I have no neighbours to send! (at simulation time 188.000,000,000 s)
2025-06-06 16:07:51,338 INFO  - I have no neighbours to send! (at simulation time 188.000,000,000 s)
2025-06-06 16:07:51,338 INFO  - I have no neighbours to send! (at simulation time 188.000,000,000 s)
2025-06-06 16:07:51,338 INFO  - I have no neighbours to send! (at simulation time 188.000,000,000 s)
2025-06-06 16:07:51,338 INFO  - I have no neighbours to send! (at simulation time 188.000,000,000 s)
2025-06-06 16:07:51,339 INFO  - I have no neighbours to send! (at simulation time 188.000,000,000 s)
2025-06-06 16:07:51,339 INFO  - I have no neighbours to send! (at simulation time 188.000,000,000 s)
2025-06-06 16:07:51,343 INFO  - I have no neighbours to send! (at simulation time 189.000,000,000 s)
2025-06-06 16:07:51,344 INFO  - I have no neighbours to send! (at simulation time 189.000,000,000 s)
2025-06-06 16:07:51,344 INFO  - I have no neighbours to send! (at simulation time 189.000,000,000 s)
2025-06-06 16:07:51,344 INFO  - I have no neighbours to send! (at simulation time 189.000,000,000 s)
2025-06-06 16:07:51,344 INFO  - I have no neighbours to send! (at simulation time 189.000,000,000 s)
2025-06-06 16:07:51,344 INFO  - I have no neighbours to send! (at simulation time 189.000,000,000 s)
2025-06-06 16:07:51,344 INFO  - I have no neighbours to send! (at simulation time 189.000,000,000 s)
2025-06-06 16:07:51,344 INFO  - I have no neighbours to send! (at simulation time 189.000,000,000 s)
2025-06-06 16:07:51,344 INFO  - I have no neighbours to send! (at simulation time 189.000,000,000 s)
2025-06-06 16:07:51,349 INFO  - I have no neighbours to send! (at simulation time 190.000,000,000 s)
2025-06-06 16:07:51,349 INFO  - I have no neighbours to send! (at simulation time 190.000,000,000 s)
2025-06-06 16:07:51,349 INFO  - I have no neighbours to send! (at simulation time 190.000,000,000 s)
2025-06-06 16:07:51,349 INFO  - I have no neighbours to send! (at simulation time 190.000,000,000 s)
2025-06-06 16:07:51,349 INFO  - I have no neighbours to send! (at simulation time 190.000,000,000 s)
2025-06-06 16:07:51,349 INFO  - I have no neighbours to send! (at simulation time 190.000,000,000 s)
2025-06-06 16:07:51,350 INFO  - I have no neighbours to send! (at simulation time 190.000,000,000 s)
2025-06-06 16:07:51,350 INFO  - I have no neighbours to send! (at simulation time 190.000,000,000 s)
2025-06-06 16:07:51,350 INFO  - I have no neighbours to send! (at simulation time 190.000,000,000 s)
2025-06-06 16:07:51,350 INFO  - I have no neighbours to send! (at simulation time 190.000,000,000 s)
2025-06-06 16:07:51,354 INFO  - Received metrics from FogNode: avgR0=1.4210526315789473, avgR1=1.736842105263158 (at simulation time 190.002,800,000 s)
2025-06-06 16:07:51,356 INFO  - Sent periodic GreenWaveMsg: veh_34 on route r_0 (at simulation time 191.000,000,000 s)
2025-06-06 16:07:51,356 INFO  - I have no neighbours to send! (at simulation time 191.000,000,000 s)
2025-06-06 16:07:51,356 INFO  - I have no neighbours to send! (at simulation time 191.000,000,000 s)
2025-06-06 16:07:51,356 INFO  - I have no neighbours to send! (at simulation time 191.000,000,000 s)
2025-06-06 16:07:51,356 INFO  - I have no neighbours to send! (at simulation time 191.000,000,000 s)
2025-06-06 16:07:51,356 INFO  - I have no neighbours to send! (at simulation time 191.000,000,000 s)
2025-06-06 16:07:51,356 INFO  - I have no neighbours to send! (at simulation time 191.000,000,000 s)
2025-06-06 16:07:51,356 INFO  - I have no neighbours to send! (at simulation time 191.000,000,000 s)
2025-06-06 16:07:51,356 INFO  - I have no neighbours to send! (at simulation time 191.000,000,000 s)
2025-06-06 16:07:51,356 INFO  - I have no neighbours to send! (at simulation time 191.000,000,000 s)
2025-06-06 16:07:51,357 INFO  - I have no neighbours to send! (at simulation time 191.000,000,000 s)
2025-06-06 16:07:51,357 INFO  - I have no neighbours to send! (at simulation time 191.000,000,000 s)
2025-06-06 16:07:51,367 INFO  - I have no neighbours to send! (at simulation time 192.000,000,000 s)
2025-06-06 16:07:51,367 INFO  - I have no neighbours to send! (at simulation time 192.000,000,000 s)
2025-06-06 16:07:51,367 INFO  - I have no neighbours to send! (at simulation time 192.000,000,000 s)
2025-06-06 16:07:51,367 INFO  - I have no neighbours to send! (at simulation time 192.000,000,000 s)
2025-06-06 16:07:51,367 INFO  - I have no neighbours to send! (at simulation time 192.000,000,000 s)
2025-06-06 16:07:51,367 INFO  - I have no neighbours to send! (at simulation time 192.000,000,000 s)
2025-06-06 16:07:51,367 INFO  - I have no neighbours to send! (at simulation time 192.000,000,000 s)
2025-06-06 16:07:51,367 INFO  - I have no neighbours to send! (at simulation time 192.000,000,000 s)
2025-06-06 16:07:51,367 INFO  - I have no neighbours to send! (at simulation time 192.000,000,000 s)
2025-06-06 16:07:51,367 INFO  - I have no neighbours to send! (at simulation time 192.000,000,000 s)
2025-06-06 16:07:51,367 INFO  - I have no neighbours to send! (at simulation time 192.000,000,000 s)
2025-06-06 16:07:51,367 INFO  - I have no neighbours to send! (at simulation time 192.000,000,000 s)
2025-06-06 16:07:51,372 INFO  - I have no neighbours to send! (at simulation time 193.000,000,000 s)
2025-06-06 16:07:51,372 INFO  - I have no neighbours to send! (at simulation time 193.000,000,000 s)
2025-06-06 16:07:51,373 INFO  - I have no neighbours to send! (at simulation time 193.000,000,000 s)
2025-06-06 16:07:51,373 INFO  - I have no neighbours to send! (at simulation time 193.000,000,000 s)
2025-06-06 16:07:51,373 INFO  - I have no neighbours to send! (at simulation time 193.000,000,000 s)
2025-06-06 16:07:51,373 INFO  - I have no neighbours to send! (at simulation time 193.000,000,000 s)
2025-06-06 16:07:51,373 INFO  - I have no neighbours to send! (at simulation time 193.000,000,000 s)
2025-06-06 16:07:51,373 INFO  - I have no neighbours to send! (at simulation time 193.000,000,000 s)
2025-06-06 16:07:51,373 INFO  - I have no neighbours to send! (at simulation time 193.000,000,000 s)
2025-06-06 16:07:51,373 INFO  - I have no neighbours to send! (at simulation time 193.000,000,000 s)
2025-06-06 16:07:51,373 INFO  - I have no neighbours to send! (at simulation time 193.000,000,000 s)
2025-06-06 16:07:51,373 INFO  - I have no neighbours to send! (at simulation time 193.000,000,000 s)
2025-06-06 16:07:51,373 INFO  - I have no neighbours to send! (at simulation time 193.000,000,000 s)
2025-06-06 16:07:51,378 INFO  - I have no neighbours to send! (at simulation time 194.000,000,000 s)
2025-06-06 16:07:51,378 INFO  - I have no neighbours to send! (at simulation time 194.000,000,000 s)
2025-06-06 16:07:51,378 INFO  - I have no neighbours to send! (at simulation time 194.000,000,000 s)
2025-06-06 16:07:51,378 INFO  - I have no neighbours to send! (at simulation time 194.000,000,000 s)
2025-06-06 16:07:51,378 INFO  - I have no neighbours to send! (at simulation time 194.000,000,000 s)
2025-06-06 16:07:51,378 INFO  - I have no neighbours to send! (at simulation time 194.000,000,000 s)
2025-06-06 16:07:51,378 INFO  - I have no neighbours to send! (at simulation time 194.000,000,000 s)
2025-06-06 16:07:51,378 INFO  - I have no neighbours to send! (at simulation time 194.000,000,000 s)
2025-06-06 16:07:51,378 INFO  - I have no neighbours to send! (at simulation time 194.000,000,000 s)
2025-06-06 16:07:51,378 INFO  - I have no neighbours to send! (at simulation time 194.000,000,000 s)
2025-06-06 16:07:51,378 INFO  - I have no neighbours to send! (at simulation time 194.000,000,000 s)
2025-06-06 16:07:51,378 INFO  - I have no neighbours to send! (at simulation time 194.000,000,000 s)
2025-06-06 16:07:51,379 INFO  - I have no neighbours to send! (at simulation time 194.000,000,000 s)
2025-06-06 16:07:51,379 INFO  - I have no neighbours to send! (at simulation time 194.000,000,000 s)
2025-06-06 16:07:51,384 INFO  - I have no neighbours to send! (at simulation time 195.000,000,000 s)
2025-06-06 16:07:51,384 INFO  - I have no neighbours to send! (at simulation time 195.000,000,000 s)
2025-06-06 16:07:51,384 INFO  - I have no neighbours to send! (at simulation time 195.000,000,000 s)
2025-06-06 16:07:51,384 INFO  - I have no neighbours to send! (at simulation time 195.000,000,000 s)
2025-06-06 16:07:51,384 INFO  - I have no neighbours to send! (at simulation time 195.000,000,000 s)
2025-06-06 16:07:51,384 INFO  - I have no neighbours to send! (at simulation time 195.000,000,000 s)
2025-06-06 16:07:51,384 INFO  - I have no neighbours to send! (at simulation time 195.000,000,000 s)
2025-06-06 16:07:51,384 INFO  - I have no neighbours to send! (at simulation time 195.000,000,000 s)
2025-06-06 16:07:51,384 INFO  - I have no neighbours to send! (at simulation time 195.000,000,000 s)
2025-06-06 16:07:51,384 INFO  - I have no neighbours to send! (at simulation time 195.000,000,000 s)
2025-06-06 16:07:51,384 INFO  - I have no neighbours to send! (at simulation time 195.000,000,000 s)
2025-06-06 16:07:51,385 INFO  - I have no neighbours to send! (at simulation time 195.000,000,000 s)
2025-06-06 16:07:51,385 INFO  - I have no neighbours to send! (at simulation time 195.000,000,000 s)
2025-06-06 16:07:51,385 INFO  - I have no neighbours to send! (at simulation time 195.000,000,000 s)
2025-06-06 16:07:51,385 INFO  - I have no neighbours to send! (at simulation time 195.000,000,000 s)
2025-06-06 16:07:51,390 INFO  - Sent periodic GreenWaveMsg: veh_34 on route r_0 (at simulation time 196.000,000,000 s)
2025-06-06 16:07:51,390 INFO  - I have no neighbours to send! (at simulation time 196.000,000,000 s)
2025-06-06 16:07:51,390 INFO  - I have no neighbours to send! (at simulation time 196.000,000,000 s)
2025-06-06 16:07:51,390 INFO  - I have no neighbours to send! (at simulation time 196.000,000,000 s)
2025-06-06 16:07:51,390 INFO  - I have no neighbours to send! (at simulation time 196.000,000,000 s)
2025-06-06 16:07:51,390 INFO  - I have no neighbours to send! (at simulation time 196.000,000,000 s)
2025-06-06 16:07:51,390 INFO  - I have no neighbours to send! (at simulation time 196.000,000,000 s)
2025-06-06 16:07:51,390 INFO  - I have no neighbours to send! (at simulation time 196.000,000,000 s)
2025-06-06 16:07:51,390 INFO  - I have no neighbours to send! (at simulation time 196.000,000,000 s)
2025-06-06 16:07:51,390 INFO  - I have no neighbours to send! (at simulation time 196.000,000,000 s)
2025-06-06 16:07:51,390 INFO  - I have no neighbours to send! (at simulation time 196.000,000,000 s)
2025-06-06 16:07:51,390 INFO  - I have no neighbours to send! (at simulation time 196.000,000,000 s)
2025-06-06 16:07:51,391 INFO  - I have no neighbours to send! (at simulation time 196.000,000,000 s)
2025-06-06 16:07:51,391 INFO  - I have no neighbours to send! (at simulation time 196.000,000,000 s)
2025-06-06 16:07:51,391 INFO  - I have no neighbours to send! (at simulation time 196.000,000,000 s)
2025-06-06 16:07:51,391 INFO  - I have no neighbours to send! (at simulation time 196.000,000,000 s)
2025-06-06 16:07:51,391 INFO  - I have no neighbours to send! (at simulation time 196.000,000,000 s)
2025-06-06 16:07:51,395 INFO  - I have no neighbours to send! (at simulation time 197.000,000,000 s)
2025-06-06 16:07:51,396 INFO  - I have no neighbours to send! (at simulation time 197.000,000,000 s)
2025-06-06 16:07:51,396 INFO  - I have no neighbours to send! (at simulation time 197.000,000,000 s)
2025-06-06 16:07:51,396 INFO  - I have no neighbours to send! (at simulation time 197.000,000,000 s)
2025-06-06 16:07:51,396 INFO  - I have no neighbours to send! (at simulation time 197.000,000,000 s)
2025-06-06 16:07:51,396 INFO  - I have no neighbours to send! (at simulation time 197.000,000,000 s)
2025-06-06 16:07:51,396 INFO  - I have no neighbours to send! (at simulation time 197.000,000,000 s)
2025-06-06 16:07:51,396 INFO  - I have no neighbours to send! (at simulation time 197.000,000,000 s)
2025-06-06 16:07:51,396 INFO  - I have no neighbours to send! (at simulation time 197.000,000,000 s)
2025-06-06 16:07:51,396 INFO  - I have no neighbours to send! (at simulation time 197.000,000,000 s)
2025-06-06 16:07:51,396 INFO  - I have no neighbours to send! (at simulation time 197.000,000,000 s)
2025-06-06 16:07:51,396 INFO  - I have no neighbours to send! (at simulation time 197.000,000,000 s)
2025-06-06 16:07:51,396 INFO  - I have no neighbours to send! (at simulation time 197.000,000,000 s)
2025-06-06 16:07:51,396 INFO  - I have no neighbours to send! (at simulation time 197.000,000,000 s)
2025-06-06 16:07:51,396 INFO  - I have no neighbours to send! (at simulation time 197.000,000,000 s)
2025-06-06 16:07:51,397 INFO  - I have no neighbours to send! (at simulation time 197.000,000,000 s)
2025-06-06 16:07:51,397 INFO  - I have no neighbours to send! (at simulation time 197.000,000,000 s)
2025-06-06 16:07:51,400 INFO  - I have no neighbours to send! (at simulation time 198.000,000,000 s)
2025-06-06 16:07:51,401 INFO  - I have no neighbours to send! (at simulation time 198.000,000,000 s)
2025-06-06 16:07:51,401 INFO  - I have no neighbours to send! (at simulation time 198.000,000,000 s)
2025-06-06 16:07:51,401 INFO  - I have no neighbours to send! (at simulation time 198.000,000,000 s)
2025-06-06 16:07:51,401 INFO  - I have no neighbours to send! (at simulation time 198.000,000,000 s)
2025-06-06 16:07:51,401 INFO  - I have no neighbours to send! (at simulation time 198.000,000,000 s)
2025-06-06 16:07:51,401 INFO  - I have no neighbours to send! (at simulation time 198.000,000,000 s)
2025-06-06 16:07:51,401 INFO  - I have no neighbours to send! (at simulation time 198.000,000,000 s)
2025-06-06 16:07:51,401 INFO  - I have no neighbours to send! (at simulation time 198.000,000,000 s)
2025-06-06 16:07:51,401 INFO  - I have no neighbours to send! (at simulation time 198.000,000,000 s)
2025-06-06 16:07:51,401 INFO  - I have no neighbours to send! (at simulation time 198.000,000,000 s)
2025-06-06 16:07:51,401 INFO  - I have no neighbours to send! (at simulation time 198.000,000,000 s)
2025-06-06 16:07:51,401 INFO  - I have no neighbours to send! (at simulation time 198.000,000,000 s)
2025-06-06 16:07:51,401 INFO  - I have no neighbours to send! (at simulation time 198.000,000,000 s)
2025-06-06 16:07:51,401 INFO  - I have no neighbours to send! (at simulation time 198.000,000,000 s)
2025-06-06 16:07:51,402 INFO  - I have no neighbours to send! (at simulation time 198.000,000,000 s)
2025-06-06 16:07:51,402 INFO  - I have no neighbours to send! (at simulation time 198.000,000,000 s)
2025-06-06 16:07:51,402 INFO  - I have no neighbours to send! (at simulation time 198.000,000,000 s)
2025-06-06 16:07:51,406 INFO  - I have no neighbours to send! (at simulation time 199.000,000,000 s)
2025-06-06 16:07:51,406 INFO  - I have no neighbours to send! (at simulation time 199.000,000,000 s)
2025-06-06 16:07:51,406 INFO  - I have no neighbours to send! (at simulation time 199.000,000,000 s)
2025-06-06 16:07:51,406 INFO  - I have no neighbours to send! (at simulation time 199.000,000,000 s)
2025-06-06 16:07:51,406 INFO  - I have no neighbours to send! (at simulation time 199.000,000,000 s)
2025-06-06 16:07:51,406 INFO  - I have no neighbours to send! (at simulation time 199.000,000,000 s)
2025-06-06 16:07:51,406 INFO  - I have no neighbours to send! (at simulation time 199.000,000,000 s)
2025-06-06 16:07:51,406 INFO  - I have no neighbours to send! (at simulation time 199.000,000,000 s)
2025-06-06 16:07:51,406 INFO  - I have no neighbours to send! (at simulation time 199.000,000,000 s)
2025-06-06 16:07:51,406 INFO  - I have no neighbours to send! (at simulation time 199.000,000,000 s)
2025-06-06 16:07:51,406 INFO  - I have no neighbours to send! (at simulation time 199.000,000,000 s)
2025-06-06 16:07:51,406 INFO  - I have no neighbours to send! (at simulation time 199.000,000,000 s)
2025-06-06 16:07:51,406 INFO  - I have no neighbours to send! (at simulation time 199.000,000,000 s)
2025-06-06 16:07:51,407 INFO  - I have no neighbours to send! (at simulation time 199.000,000,000 s)
2025-06-06 16:07:51,407 INFO  - I have no neighbours to send! (at simulation time 199.000,000,000 s)
2025-06-06 16:07:51,407 INFO  - I have no neighbours to send! (at simulation time 199.000,000,000 s)
2025-06-06 16:07:51,407 INFO  - I have no neighbours to send! (at simulation time 199.000,000,000 s)
2025-06-06 16:07:51,407 INFO  - I have no neighbours to send! (at simulation time 199.000,000,000 s)
2025-06-06 16:07:51,407 INFO  - I have no neighbours to send! (at simulation time 199.000,000,000 s)
2025-06-06 16:07:51,411 INFO  - I have no neighbours to send! (at simulation time 200.000,000,000 s)
2025-06-06 16:07:51,411 INFO  - I have no neighbours to send! (at simulation time 200.000,000,000 s)
2025-06-06 16:07:51,411 INFO  - I have no neighbours to send! (at simulation time 200.000,000,000 s)
2025-06-06 16:07:51,411 INFO  - I have no neighbours to send! (at simulation time 200.000,000,000 s)
2025-06-06 16:07:51,411 INFO  - I have no neighbours to send! (at simulation time 200.000,000,000 s)
2025-06-06 16:07:51,411 INFO  - I have no neighbours to send! (at simulation time 200.000,000,000 s)
2025-06-06 16:07:51,411 INFO  - I have no neighbours to send! (at simulation time 200.000,000,000 s)
2025-06-06 16:07:51,411 INFO  - I have no neighbours to send! (at simulation time 200.000,000,000 s)
2025-06-06 16:07:51,411 INFO  - I have no neighbours to send! (at simulation time 200.000,000,000 s)
2025-06-06 16:07:51,411 INFO  - I have no neighbours to send! (at simulation time 200.000,000,000 s)
2025-06-06 16:07:51,411 INFO  - I have no neighbours to send! (at simulation time 200.000,000,000 s)
2025-06-06 16:07:51,412 INFO  - I have no neighbours to send! (at simulation time 200.000,000,000 s)
2025-06-06 16:07:51,412 INFO  - I have no neighbours to send! (at simulation time 200.000,000,000 s)
2025-06-06 16:07:51,412 INFO  - I have no neighbours to send! (at simulation time 200.000,000,000 s)
2025-06-06 16:07:51,412 INFO  - I have no neighbours to send! (at simulation time 200.000,000,000 s)
2025-06-06 16:07:51,412 INFO  - I have no neighbours to send! (at simulation time 200.000,000,000 s)
2025-06-06 16:07:51,412 INFO  - I have no neighbours to send! (at simulation time 200.000,000,000 s)
2025-06-06 16:07:51,412 INFO  - I have no neighbours to send! (at simulation time 200.000,000,000 s)
2025-06-06 16:07:51,412 INFO  - I have no neighbours to send! (at simulation time 200.000,000,000 s)
2025-06-06 16:07:51,412 INFO  - I have no neighbours to send! (at simulation time 200.000,000,000 s)
2025-06-06 16:07:51,415 INFO  - Received metrics from FogNode: avgR0=1.4, avgR1=1.85 (at simulation time 200.003,300,000 s)
2025-06-06 16:07:51,417 INFO  - Sent periodic GreenWaveMsg: veh_34 on route r_0 (at simulation time 201.000,000,000 s)
2025-06-06 16:07:51,417 INFO  - I have no neighbours to send! (at simulation time 201.000,000,000 s)
2025-06-06 16:07:51,417 INFO  - I have no neighbours to send! (at simulation time 201.000,000,000 s)
2025-06-06 16:07:51,417 INFO  - I have no neighbours to send! (at simulation time 201.000,000,000 s)
2025-06-06 16:07:51,417 INFO  - I have no neighbours to send! (at simulation time 201.000,000,000 s)
2025-06-06 16:07:51,418 INFO  - I have no neighbours to send! (at simulation time 201.000,000,000 s)
2025-06-06 16:07:51,418 INFO  - I have no neighbours to send! (at simulation time 201.000,000,000 s)
2025-06-06 16:07:51,418 INFO  - I have no neighbours to send! (at simulation time 201.000,000,000 s)
2025-06-06 16:07:51,418 INFO  - I have no neighbours to send! (at simulation time 201.000,000,000 s)
2025-06-06 16:07:51,418 INFO  - I have no neighbours to send! (at simulation time 201.000,000,000 s)
2025-06-06 16:07:51,418 INFO  - I have no neighbours to send! (at simulation time 201.000,000,000 s)
2025-06-06 16:07:51,418 INFO  - I have no neighbours to send! (at simulation time 201.000,000,000 s)
2025-06-06 16:07:51,418 INFO  - I have no neighbours to send! (at simulation time 201.000,000,000 s)
2025-06-06 16:07:51,418 INFO  - I have no neighbours to send! (at simulation time 201.000,000,000 s)
2025-06-06 16:07:51,418 INFO  - I have no neighbours to send! (at simulation time 201.000,000,000 s)
2025-06-06 16:07:51,418 INFO  - I have no neighbours to send! (at simulation time 201.000,000,000 s)
2025-06-06 16:07:51,418 INFO  - I have no neighbours to send! (at simulation time 201.000,000,000 s)
2025-06-06 16:07:51,418 INFO  - I have no neighbours to send! (at simulation time 201.000,000,000 s)
2025-06-06 16:07:51,418 INFO  - I have no neighbours to send! (at simulation time 201.000,000,000 s)
2025-06-06 16:07:51,418 INFO  - I have no neighbours to send! (at simulation time 201.000,000,000 s)
2025-06-06 16:07:51,418 INFO  - I have no neighbours to send! (at simulation time 201.000,000,000 s)
2025-06-06 16:07:51,418 INFO  - I have no neighbours to send! (at simulation time 201.000,000,000 s)
2025-06-06 16:07:51,428 INFO  - I have no neighbours to send! (at simulation time 202.000,000,000 s)
2025-06-06 16:07:51,428 INFO  - I have no neighbours to send! (at simulation time 202.000,000,000 s)
2025-06-06 16:07:51,428 INFO  - I have no neighbours to send! (at simulation time 202.000,000,000 s)
2025-06-06 16:07:51,428 INFO  - I have no neighbours to send! (at simulation time 202.000,000,000 s)
2025-06-06 16:07:51,428 INFO  - I have no neighbours to send! (at simulation time 202.000,000,000 s)
2025-06-06 16:07:51,428 INFO  - I have no neighbours to send! (at simulation time 202.000,000,000 s)
2025-06-06 16:07:51,428 INFO  - I have no neighbours to send! (at simulation time 202.000,000,000 s)
2025-06-06 16:07:51,428 INFO  - I have no neighbours to send! (at simulation time 202.000,000,000 s)
2025-06-06 16:07:51,428 INFO  - I have no neighbours to send! (at simulation time 202.000,000,000 s)
2025-06-06 16:07:51,428 INFO  - I have no neighbours to send! (at simulation time 202.000,000,000 s)
2025-06-06 16:07:51,428 INFO  - I have no neighbours to send! (at simulation time 202.000,000,000 s)
2025-06-06 16:07:51,428 INFO  - I have no neighbours to send! (at simulation time 202.000,000,000 s)
2025-06-06 16:07:51,428 INFO  - I have no neighbours to send! (at simulation time 202.000,000,000 s)
2025-06-06 16:07:51,428 INFO  - I have no neighbours to send! (at simulation time 202.000,000,000 s)
2025-06-06 16:07:51,429 INFO  - I have no neighbours to send! (at simulation time 202.000,000,000 s)
2025-06-06 16:07:51,429 INFO  - I have no neighbours to send! (at simulation time 202.000,000,000 s)
2025-06-06 16:07:51,429 INFO  - I have no neighbours to send! (at simulation time 202.000,000,000 s)
2025-06-06 16:07:51,429 INFO  - I have no neighbours to send! (at simulation time 202.000,000,000 s)
2025-06-06 16:07:51,429 INFO  - I have no neighbours to send! (at simulation time 202.000,000,000 s)
2025-06-06 16:07:51,429 INFO  - I have no neighbours to send! (at simulation time 202.000,000,000 s)
2025-06-06 16:07:51,429 INFO  - I have no neighbours to send! (at simulation time 202.000,000,000 s)
2025-06-06 16:07:51,429 INFO  - I have no neighbours to send! (at simulation time 202.000,000,000 s)
2025-06-06 16:07:51,433 INFO  - I have no neighbours to send! (at simulation time 203.000,000,000 s)
2025-06-06 16:07:51,433 INFO  - I have no neighbours to send! (at simulation time 203.000,000,000 s)
2025-06-06 16:07:51,433 INFO  - I have no neighbours to send! (at simulation time 203.000,000,000 s)
2025-06-06 16:07:51,433 INFO  - I have no neighbours to send! (at simulation time 203.000,000,000 s)
2025-06-06 16:07:51,433 INFO  - I have no neighbours to send! (at simulation time 203.000,000,000 s)
2025-06-06 16:07:51,433 INFO  - I have no neighbours to send! (at simulation time 203.000,000,000 s)
2025-06-06 16:07:51,433 INFO  - I have no neighbours to send! (at simulation time 203.000,000,000 s)
2025-06-06 16:07:51,433 INFO  - I have no neighbours to send! (at simulation time 203.000,000,000 s)
2025-06-06 16:07:51,433 INFO  - I have no neighbours to send! (at simulation time 203.000,000,000 s)
2025-06-06 16:07:51,433 INFO  - I have no neighbours to send! (at simulation time 203.000,000,000 s)
2025-06-06 16:07:51,433 INFO  - I have no neighbours to send! (at simulation time 203.000,000,000 s)
2025-06-06 16:07:51,434 INFO  - I have no neighbours to send! (at simulation time 203.000,000,000 s)
2025-06-06 16:07:51,434 INFO  - I have no neighbours to send! (at simulation time 203.000,000,000 s)
2025-06-06 16:07:51,434 INFO  - I have no neighbours to send! (at simulation time 203.000,000,000 s)
2025-06-06 16:07:51,434 INFO  - I have no neighbours to send! (at simulation time 203.000,000,000 s)
2025-06-06 16:07:51,434 INFO  - I have no neighbours to send! (at simulation time 203.000,000,000 s)
2025-06-06 16:07:51,434 INFO  - I have no neighbours to send! (at simulation time 203.000,000,000 s)
2025-06-06 16:07:51,434 INFO  - I have no neighbours to send! (at simulation time 203.000,000,000 s)
2025-06-06 16:07:51,434 INFO  - I have no neighbours to send! (at simulation time 203.000,000,000 s)
2025-06-06 16:07:51,434 INFO  - I have no neighbours to send! (at simulation time 203.000,000,000 s)
2025-06-06 16:07:51,434 INFO  - I have no neighbours to send! (at simulation time 203.000,000,000 s)
2025-06-06 16:07:51,434 INFO  - I have no neighbours to send! (at simulation time 203.000,000,000 s)
2025-06-06 16:07:51,434 INFO  - I have no neighbours to send! (at simulation time 203.000,000,000 s)
2025-06-06 16:07:51,438 INFO  - I have no neighbours to send! (at simulation time 204.000,000,000 s)
2025-06-06 16:07:51,438 INFO  - I have no neighbours to send! (at simulation time 204.000,000,000 s)
2025-06-06 16:07:51,438 INFO  - I have no neighbours to send! (at simulation time 204.000,000,000 s)
2025-06-06 16:07:51,438 INFO  - I have no neighbours to send! (at simulation time 204.000,000,000 s)
2025-06-06 16:07:51,438 INFO  - I have no neighbours to send! (at simulation time 204.000,000,000 s)
2025-06-06 16:07:51,438 INFO  - I have no neighbours to send! (at simulation time 204.000,000,000 s)
2025-06-06 16:07:51,438 INFO  - I have no neighbours to send! (at simulation time 204.000,000,000 s)
2025-06-06 16:07:51,438 INFO  - I have no neighbours to send! (at simulation time 204.000,000,000 s)
2025-06-06 16:07:51,438 INFO  - I have no neighbours to send! (at simulation time 204.000,000,000 s)
2025-06-06 16:07:51,438 INFO  - I have no neighbours to send! (at simulation time 204.000,000,000 s)
2025-06-06 16:07:51,438 INFO  - I have no neighbours to send! (at simulation time 204.000,000,000 s)
2025-06-06 16:07:51,439 INFO  - I have no neighbours to send! (at simulation time 204.000,000,000 s)
2025-06-06 16:07:51,439 INFO  - I have no neighbours to send! (at simulation time 204.000,000,000 s)
2025-06-06 16:07:51,439 INFO  - I have no neighbours to send! (at simulation time 204.000,000,000 s)
2025-06-06 16:07:51,439 INFO  - I have no neighbours to send! (at simulation time 204.000,000,000 s)
2025-06-06 16:07:51,439 INFO  - I have no neighbours to send! (at simulation time 204.000,000,000 s)
2025-06-06 16:07:51,439 INFO  - I have no neighbours to send! (at simulation time 204.000,000,000 s)
2025-06-06 16:07:51,439 INFO  - I have no neighbours to send! (at simulation time 204.000,000,000 s)
2025-06-06 16:07:51,439 INFO  - I have no neighbours to send! (at simulation time 204.000,000,000 s)
2025-06-06 16:07:51,439 INFO  - I have no neighbours to send! (at simulation time 204.000,000,000 s)
2025-06-06 16:07:51,439 INFO  - I have no neighbours to send! (at simulation time 204.000,000,000 s)
2025-06-06 16:07:51,439 INFO  - I have no neighbours to send! (at simulation time 204.000,000,000 s)
2025-06-06 16:07:51,439 INFO  - I have no neighbours to send! (at simulation time 204.000,000,000 s)
2025-06-06 16:07:51,439 INFO  - I have no neighbours to send! (at simulation time 204.000,000,000 s)
2025-06-06 16:07:51,449 INFO  - Sent periodic GreenWaveMsg: veh_34 on route r_0 (at simulation time 206.000,000,000 s)
2025-06-06 16:07:51,453 INFO  - Received ACK with origin at RSU from rsu_0 at 206002800000 (at simulation time 206.002,800,000 s)
2025-06-06 16:07:51,454 INFO  - Already have ACK (at simulation time 207.000,000,000 s)
2025-06-06 16:07:51,454 INFO  - Already have ACK (at simulation time 207.000,000,000 s)
2025-06-06 16:07:51,454 INFO  - Already have ACK (at simulation time 207.000,000,000 s)
2025-06-06 16:07:51,454 INFO  - Already have ACK (at simulation time 207.000,000,000 s)
2025-06-06 16:07:51,454 INFO  - Already have ACK (at simulation time 207.000,000,000 s)
2025-06-06 16:07:51,454 INFO  - Already have ACK (at simulation time 207.000,000,000 s)
2025-06-06 16:07:51,454 INFO  - Already have ACK (at simulation time 207.000,000,000 s)
2025-06-06 16:07:51,454 INFO  - Already have ACK (at simulation time 207.000,000,000 s)
2025-06-06 16:07:51,455 INFO  - Already have ACK (at simulation time 207.000,000,000 s)
2025-06-06 16:07:51,455 INFO  - Already have ACK (at simulation time 207.000,000,000 s)
2025-06-06 16:07:51,455 INFO  - Already have ACK (at simulation time 207.000,000,000 s)
2025-06-06 16:07:51,455 INFO  - Already have ACK (at simulation time 207.000,000,000 s)
2025-06-06 16:07:51,455 INFO  - Already have ACK (at simulation time 207.000,000,000 s)
2025-06-06 16:07:51,455 INFO  - Already have ACK (at simulation time 207.000,000,000 s)
2025-06-06 16:07:51,455 INFO  - Already have ACK (at simulation time 207.000,000,000 s)
2025-06-06 16:07:51,455 INFO  - Already have ACK (at simulation time 207.000,000,000 s)
2025-06-06 16:07:51,455 INFO  - Already have ACK (at simulation time 207.000,000,000 s)
2025-06-06 16:07:51,455 INFO  - Already have ACK (at simulation time 207.000,000,000 s)
2025-06-06 16:07:51,455 INFO  - Already have ACK (at simulation time 207.000,000,000 s)
2025-06-06 16:07:51,455 INFO  - Already have ACK (at simulation time 207.000,000,000 s)
2025-06-06 16:07:51,455 INFO  - Already have ACK (at simulation time 207.000,000,000 s)
2025-06-06 16:07:51,455 INFO  - Already have ACK (at simulation time 207.000,000,000 s)
2025-06-06 16:07:51,455 INFO  - Already have ACK (at simulation time 207.000,000,000 s)
2025-06-06 16:07:51,455 INFO  - Already have ACK (at simulation time 207.000,000,000 s)
2025-06-06 16:07:51,456 INFO  - Already have ACK (at simulation time 207.000,000,000 s)
2025-06-06 16:07:51,456 INFO  - Already have ACK (at simulation time 207.000,000,000 s)
2025-06-06 16:07:51,456 INFO  - Already have ACK (at simulation time 207.000,000,000 s)
2025-06-06 16:07:51,459 INFO  - Already have ACK (at simulation time 208.000,000,000 s)
2025-06-06 16:07:51,459 INFO  - Already have ACK (at simulation time 208.000,000,000 s)
2025-06-06 16:07:51,459 INFO  - Already have ACK (at simulation time 208.000,000,000 s)
2025-06-06 16:07:51,459 INFO  - Already have ACK (at simulation time 208.000,000,000 s)
2025-06-06 16:07:51,459 INFO  - Already have ACK (at simulation time 208.000,000,000 s)
2025-06-06 16:07:51,459 INFO  - Already have ACK (at simulation time 208.000,000,000 s)
2025-06-06 16:07:51,459 INFO  - Already have ACK (at simulation time 208.000,000,000 s)
2025-06-06 16:07:51,460 INFO  - Already have ACK (at simulation time 208.000,000,000 s)
2025-06-06 16:07:51,460 INFO  - Already have ACK (at simulation time 208.000,000,000 s)
2025-06-06 16:07:51,460 INFO  - Already have ACK (at simulation time 208.000,000,000 s)
2025-06-06 16:07:51,460 INFO  - Already have ACK (at simulation time 208.000,000,000 s)
2025-06-06 16:07:51,460 INFO  - Already have ACK (at simulation time 208.000,000,000 s)
2025-06-06 16:07:51,460 INFO  - Already have ACK (at simulation time 208.000,000,000 s)
2025-06-06 16:07:51,460 INFO  - Already have ACK (at simulation time 208.000,000,000 s)
2025-06-06 16:07:51,460 INFO  - Already have ACK (at simulation time 208.000,000,000 s)
2025-06-06 16:07:51,460 INFO  - Already have ACK (at simulation time 208.000,000,000 s)
2025-06-06 16:07:51,460 INFO  - Already have ACK (at simulation time 208.000,000,000 s)
2025-06-06 16:07:51,460 INFO  - Already have ACK (at simulation time 208.000,000,000 s)
2025-06-06 16:07:51,460 INFO  - Already have ACK (at simulation time 208.000,000,000 s)
2025-06-06 16:07:51,460 INFO  - Already have ACK (at simulation time 208.000,000,000 s)
2025-06-06 16:07:51,460 INFO  - Already have ACK (at simulation time 208.000,000,000 s)
2025-06-06 16:07:51,460 INFO  - Already have ACK (at simulation time 208.000,000,000 s)
2025-06-06 16:07:51,460 INFO  - Already have ACK (at simulation time 208.000,000,000 s)
2025-06-06 16:07:51,460 INFO  - Already have ACK (at simulation time 208.000,000,000 s)
2025-06-06 16:07:51,461 INFO  - Already have ACK (at simulation time 208.000,000,000 s)
2025-06-06 16:07:51,461 INFO  - Already have ACK (at simulation time 208.000,000,000 s)
2025-06-06 16:07:51,461 INFO  - Already have ACK (at simulation time 208.000,000,000 s)
2025-06-06 16:07:51,461 INFO  - Already have ACK (at simulation time 208.000,000,000 s)
2025-06-06 16:07:51,464 INFO  - Already have ACK (at simulation time 209.000,000,000 s)
2025-06-06 16:07:51,464 INFO  - Already have ACK (at simulation time 209.000,000,000 s)
2025-06-06 16:07:51,464 INFO  - Already have ACK (at simulation time 209.000,000,000 s)
2025-06-06 16:07:51,464 INFO  - Already have ACK (at simulation time 209.000,000,000 s)
2025-06-06 16:07:51,464 INFO  - Already have ACK (at simulation time 209.000,000,000 s)
2025-06-06 16:07:51,464 INFO  - Already have ACK (at simulation time 209.000,000,000 s)
2025-06-06 16:07:51,464 INFO  - Already have ACK (at simulation time 209.000,000,000 s)
2025-06-06 16:07:51,465 INFO  - Already have ACK (at simulation time 209.000,000,000 s)
2025-06-06 16:07:51,465 INFO  - Already have ACK (at simulation time 209.000,000,000 s)
2025-06-06 16:07:51,465 INFO  - Already have ACK (at simulation time 209.000,000,000 s)
2025-06-06 16:07:51,465 INFO  - Already have ACK (at simulation time 209.000,000,000 s)
2025-06-06 16:07:51,465 INFO  - Already have ACK (at simulation time 209.000,000,000 s)
2025-06-06 16:07:51,465 INFO  - Already have ACK (at simulation time 209.000,000,000 s)
2025-06-06 16:07:51,465 INFO  - Already have ACK (at simulation time 209.000,000,000 s)
2025-06-06 16:07:51,465 INFO  - Already have ACK (at simulation time 209.000,000,000 s)
2025-06-06 16:07:51,465 INFO  - Already have ACK (at simulation time 209.000,000,000 s)
2025-06-06 16:07:51,465 INFO  - Already have ACK (at simulation time 209.000,000,000 s)
2025-06-06 16:07:51,465 INFO  - Already have ACK (at simulation time 209.000,000,000 s)
2025-06-06 16:07:51,465 INFO  - Already have ACK (at simulation time 209.000,000,000 s)
2025-06-06 16:07:51,465 INFO  - Already have ACK (at simulation time 209.000,000,000 s)
2025-06-06 16:07:51,465 INFO  - Already have ACK (at simulation time 209.000,000,000 s)
2025-06-06 16:07:51,465 INFO  - Already have ACK (at simulation time 209.000,000,000 s)
2025-06-06 16:07:51,465 INFO  - Already have ACK (at simulation time 209.000,000,000 s)
2025-06-06 16:07:51,465 INFO  - Already have ACK (at simulation time 209.000,000,000 s)
2025-06-06 16:07:51,465 INFO  - Already have ACK (at simulation time 209.000,000,000 s)
2025-06-06 16:07:51,465 INFO  - Already have ACK (at simulation time 209.000,000,000 s)
2025-06-06 16:07:51,466 INFO  - Already have ACK (at simulation time 209.000,000,000 s)
2025-06-06 16:07:51,466 INFO  - Already have ACK (at simulation time 209.000,000,000 s)
2025-06-06 16:07:51,466 INFO  - Already have ACK (at simulation time 209.000,000,000 s)
2025-06-06 16:07:51,469 INFO  - Already have ACK (at simulation time 210.000,000,000 s)
2025-06-06 16:07:51,469 INFO  - Already have ACK (at simulation time 210.000,000,000 s)
2025-06-06 16:07:51,469 INFO  - Already have ACK (at simulation time 210.000,000,000 s)
2025-06-06 16:07:51,469 INFO  - Already have ACK (at simulation time 210.000,000,000 s)
2025-06-06 16:07:51,470 INFO  - Already have ACK (at simulation time 210.000,000,000 s)
2025-06-06 16:07:51,470 INFO  - Already have ACK (at simulation time 210.000,000,000 s)
2025-06-06 16:07:51,470 INFO  - Already have ACK (at simulation time 210.000,000,000 s)
2025-06-06 16:07:51,470 INFO  - Already have ACK (at simulation time 210.000,000,000 s)
2025-06-06 16:07:51,470 INFO  - Already have ACK (at simulation time 210.000,000,000 s)
2025-06-06 16:07:51,470 INFO  - Already have ACK (at simulation time 210.000,000,000 s)
2025-06-06 16:07:51,470 INFO  - Already have ACK (at simulation time 210.000,000,000 s)
2025-06-06 16:07:51,470 INFO  - Already have ACK (at simulation time 210.000,000,000 s)
2025-06-06 16:07:51,470 INFO  - Already have ACK (at simulation time 210.000,000,000 s)
2025-06-06 16:07:51,470 INFO  - Already have ACK (at simulation time 210.000,000,000 s)
2025-06-06 16:07:51,470 INFO  - Already have ACK (at simulation time 210.000,000,000 s)
2025-06-06 16:07:51,470 INFO  - Already have ACK (at simulation time 210.000,000,000 s)
2025-06-06 16:07:51,470 INFO  - Already have ACK (at simulation time 210.000,000,000 s)
2025-06-06 16:07:51,470 INFO  - Already have ACK (at simulation time 210.000,000,000 s)
2025-06-06 16:07:51,470 INFO  - Already have ACK (at simulation time 210.000,000,000 s)
2025-06-06 16:07:51,470 INFO  - Already have ACK (at simulation time 210.000,000,000 s)
2025-06-06 16:07:51,471 INFO  - Already have ACK (at simulation time 210.000,000,000 s)
2025-06-06 16:07:51,471 INFO  - Already have ACK (at simulation time 210.000,000,000 s)
2025-06-06 16:07:51,471 INFO  - Already have ACK (at simulation time 210.000,000,000 s)
2025-06-06 16:07:51,471 INFO  - Already have ACK (at simulation time 210.000,000,000 s)
2025-06-06 16:07:51,471 INFO  - Already have ACK (at simulation time 210.000,000,000 s)
2025-06-06 16:07:51,471 INFO  - Already have ACK (at simulation time 210.000,000,000 s)
2025-06-06 16:07:51,471 INFO  - Already have ACK (at simulation time 210.000,000,000 s)
2025-06-06 16:07:51,471 INFO  - Already have ACK (at simulation time 210.000,000,000 s)
2025-06-06 16:07:51,471 INFO  - Already have ACK (at simulation time 210.000,000,000 s)
2025-06-06 16:07:51,471 INFO  - Already have ACK (at simulation time 210.000,000,000 s)
2025-06-06 16:07:51,474 INFO  - Received metrics from FogNode: avgR0=1.4285714285714286, avgR1=1.9523809523809523 (at simulation time 210.002,300,000 s)
2025-06-06 16:07:51,476 INFO  - Sent periodic GreenWaveMsg: veh_34 on route r_0 (at simulation time 211.000,000,000 s)
2025-06-06 16:07:51,476 INFO  - Already have ACK (at simulation time 211.000,000,000 s)
2025-06-06 16:07:51,476 INFO  - Already have ACK (at simulation time 211.000,000,000 s)
2025-06-06 16:07:51,476 INFO  - Already have ACK (at simulation time 211.000,000,000 s)
2025-06-06 16:07:51,476 INFO  - Already have ACK (at simulation time 211.000,000,000 s)
2025-06-06 16:07:51,476 INFO  - Already have ACK (at simulation time 211.000,000,000 s)
2025-06-06 16:07:51,476 INFO  - Already have ACK (at simulation time 211.000,000,000 s)
2025-06-06 16:07:51,476 INFO  - Already have ACK (at simulation time 211.000,000,000 s)
2025-06-06 16:07:51,476 INFO  - Already have ACK (at simulation time 211.000,000,000 s)
2025-06-06 16:07:51,476 INFO  - Already have ACK (at simulation time 211.000,000,000 s)
2025-06-06 16:07:51,476 INFO  - Already have ACK (at simulation time 211.000,000,000 s)
2025-06-06 16:07:51,476 INFO  - Already have ACK (at simulation time 211.000,000,000 s)
2025-06-06 16:07:51,477 INFO  - Already have ACK (at simulation time 211.000,000,000 s)
2025-06-06 16:07:51,477 INFO  - Already have ACK (at simulation time 211.000,000,000 s)
2025-06-06 16:07:51,477 INFO  - Already have ACK (at simulation time 211.000,000,000 s)
2025-06-06 16:07:51,477 INFO  - Already have ACK (at simulation time 211.000,000,000 s)
2025-06-06 16:07:51,477 INFO  - Already have ACK (at simulation time 211.000,000,000 s)
2025-06-06 16:07:51,477 INFO  - Already have ACK (at simulation time 211.000,000,000 s)
2025-06-06 16:07:51,477 INFO  - Already have ACK (at simulation time 211.000,000,000 s)
2025-06-06 16:07:51,477 INFO  - Already have ACK (at simulation time 211.000,000,000 s)
2025-06-06 16:07:51,477 INFO  - Already have ACK (at simulation time 211.000,000,000 s)
2025-06-06 16:07:51,477 INFO  - Already have ACK (at simulation time 211.000,000,000 s)
2025-06-06 16:07:51,477 INFO  - Already have ACK (at simulation time 211.000,000,000 s)
2025-06-06 16:07:51,477 INFO  - Already have ACK (at simulation time 211.000,000,000 s)
2025-06-06 16:07:51,477 INFO  - Already have ACK (at simulation time 211.000,000,000 s)
2025-06-06 16:07:51,477 INFO  - Already have ACK (at simulation time 211.000,000,000 s)
2025-06-06 16:07:51,477 INFO  - Already have ACK (at simulation time 211.000,000,000 s)
2025-06-06 16:07:51,477 INFO  - Already have ACK (at simulation time 211.000,000,000 s)
2025-06-06 16:07:51,477 INFO  - Already have ACK (at simulation time 211.000,000,000 s)
2025-06-06 16:07:51,478 INFO  - Already have ACK (at simulation time 211.000,000,000 s)
2025-06-06 16:07:51,478 INFO  - Already have ACK (at simulation time 211.000,000,000 s)
2025-06-06 16:07:51,478 INFO  - Already have ACK (at simulation time 211.000,000,000 s)
2025-06-06 16:07:51,480 INFO  - Received ACK with origin at RSU from rsu_0 at 211002800000 (at simulation time 211.002,800,000 s)
2025-06-06 16:07:51,493 INFO  - Already have ACK (at simulation time 212.000,000,000 s)
2025-06-06 16:07:51,493 INFO  - Already have ACK (at simulation time 212.000,000,000 s)
2025-06-06 16:07:51,493 INFO  - Already have ACK (at simulation time 212.000,000,000 s)
2025-06-06 16:07:51,493 INFO  - Already have ACK (at simulation time 212.000,000,000 s)
2025-06-06 16:07:51,493 INFO  - Already have ACK (at simulation time 212.000,000,000 s)
2025-06-06 16:07:51,493 INFO  - Already have ACK (at simulation time 212.000,000,000 s)
2025-06-06 16:07:51,494 INFO  - Already have ACK (at simulation time 212.000,000,000 s)
2025-06-06 16:07:51,494 INFO  - Already have ACK (at simulation time 212.000,000,000 s)
2025-06-06 16:07:51,494 INFO  - Already have ACK (at simulation time 212.000,000,000 s)
2025-06-06 16:07:51,494 INFO  - Already have ACK (at simulation time 212.000,000,000 s)
2025-06-06 16:07:51,494 INFO  - Already have ACK (at simulation time 212.000,000,000 s)
2025-06-06 16:07:51,494 INFO  - Already have ACK (at simulation time 212.000,000,000 s)
2025-06-06 16:07:51,494 INFO  - Already have ACK (at simulation time 212.000,000,000 s)
2025-06-06 16:07:51,494 INFO  - Already have ACK (at simulation time 212.000,000,000 s)
2025-06-06 16:07:51,494 INFO  - Already have ACK (at simulation time 212.000,000,000 s)
2025-06-06 16:07:51,494 INFO  - Already have ACK (at simulation time 212.000,000,000 s)
2025-06-06 16:07:51,494 INFO  - Already have ACK (at simulation time 212.000,000,000 s)
2025-06-06 16:07:51,494 INFO  - Already have ACK (at simulation time 212.000,000,000 s)
2025-06-06 16:07:51,494 INFO  - Already have ACK (at simulation time 212.000,000,000 s)
2025-06-06 16:07:51,494 INFO  - Already have ACK (at simulation time 212.000,000,000 s)
2025-06-06 16:07:51,494 INFO  - Already have ACK (at simulation time 212.000,000,000 s)
2025-06-06 16:07:51,494 INFO  - Already have ACK (at simulation time 212.000,000,000 s)
2025-06-06 16:07:51,495 INFO  - Already have ACK (at simulation time 212.000,000,000 s)
2025-06-06 16:07:51,495 INFO  - Already have ACK (at simulation time 212.000,000,000 s)
2025-06-06 16:07:51,495 INFO  - Already have ACK (at simulation time 212.000,000,000 s)
2025-06-06 16:07:51,495 INFO  - Already have ACK (at simulation time 212.000,000,000 s)
2025-06-06 16:07:51,495 INFO  - Already have ACK (at simulation time 212.000,000,000 s)
2025-06-06 16:07:51,495 INFO  - Already have ACK (at simulation time 212.000,000,000 s)
2025-06-06 16:07:51,495 INFO  - Already have ACK (at simulation time 212.000,000,000 s)
2025-06-06 16:07:51,495 INFO  - Already have ACK (at simulation time 212.000,000,000 s)
2025-06-06 16:07:51,495 INFO  - Already have ACK (at simulation time 212.000,000,000 s)
2025-06-06 16:07:51,495 INFO  - Already have ACK (at simulation time 212.000,000,000 s)
2025-06-06 16:07:51,499 INFO  - Already have ACK (at simulation time 213.000,000,000 s)
2025-06-06 16:07:51,499 INFO  - Already have ACK (at simulation time 213.000,000,000 s)
2025-06-06 16:07:51,499 INFO  - Already have ACK (at simulation time 213.000,000,000 s)
2025-06-06 16:07:51,500 INFO  - Already have ACK (at simulation time 213.000,000,000 s)
2025-06-06 16:07:51,500 INFO  - Already have ACK (at simulation time 213.000,000,000 s)
2025-06-06 16:07:51,500 INFO  - Already have ACK (at simulation time 213.000,000,000 s)
2025-06-06 16:07:51,500 INFO  - Already have ACK (at simulation time 213.000,000,000 s)
2025-06-06 16:07:51,500 INFO  - Already have ACK (at simulation time 213.000,000,000 s)
2025-06-06 16:07:51,500 INFO  - Already have ACK (at simulation time 213.000,000,000 s)
2025-06-06 16:07:51,500 INFO  - Already have ACK (at simulation time 213.000,000,000 s)
2025-06-06 16:07:51,500 INFO  - Already have ACK (at simulation time 213.000,000,000 s)
2025-06-06 16:07:51,500 INFO  - Already have ACK (at simulation time 213.000,000,000 s)
2025-06-06 16:07:51,500 INFO  - Already have ACK (at simulation time 213.000,000,000 s)
2025-06-06 16:07:51,500 INFO  - Already have ACK (at simulation time 213.000,000,000 s)
2025-06-06 16:07:51,500 INFO  - Already have ACK (at simulation time 213.000,000,000 s)
2025-06-06 16:07:51,500 INFO  - Already have ACK (at simulation time 213.000,000,000 s)
2025-06-06 16:07:51,500 INFO  - Already have ACK (at simulation time 213.000,000,000 s)
2025-06-06 16:07:51,500 INFO  - Already have ACK (at simulation time 213.000,000,000 s)
2025-06-06 16:07:51,500 INFO  - Already have ACK (at simulation time 213.000,000,000 s)
2025-06-06 16:07:51,501 INFO  - Already have ACK (at simulation time 213.000,000,000 s)
2025-06-06 16:07:51,501 INFO  - Already have ACK (at simulation time 213.000,000,000 s)
2025-06-06 16:07:51,501 INFO  - Already have ACK (at simulation time 213.000,000,000 s)
2025-06-06 16:07:51,501 INFO  - Already have ACK (at simulation time 213.000,000,000 s)
2025-06-06 16:07:51,501 INFO  - Already have ACK (at simulation time 213.000,000,000 s)
2025-06-06 16:07:51,501 INFO  - Already have ACK (at simulation time 213.000,000,000 s)
2025-06-06 16:07:51,501 INFO  - Already have ACK (at simulation time 213.000,000,000 s)
2025-06-06 16:07:51,501 INFO  - Already have ACK (at simulation time 213.000,000,000 s)
2025-06-06 16:07:51,501 INFO  - Already have ACK (at simulation time 213.000,000,000 s)
2025-06-06 16:07:51,501 INFO  - Already have ACK (at simulation time 213.000,000,000 s)
2025-06-06 16:07:51,501 INFO  - Already have ACK (at simulation time 213.000,000,000 s)
2025-06-06 16:07:51,501 INFO  - Already have ACK (at simulation time 213.000,000,000 s)
2025-06-06 16:07:51,501 INFO  - Already have ACK (at simulation time 213.000,000,000 s)
2025-06-06 16:07:51,501 INFO  - Already have ACK (at simulation time 213.000,000,000 s)
2025-06-06 16:07:51,505 INFO  - Already have ACK (at simulation time 214.000,000,000 s)
2025-06-06 16:07:51,505 INFO  - Already have ACK (at simulation time 214.000,000,000 s)
2025-06-06 16:07:51,505 INFO  - Already have ACK (at simulation time 214.000,000,000 s)
2025-06-06 16:07:51,505 INFO  - Already have ACK (at simulation time 214.000,000,000 s)
2025-06-06 16:07:51,505 INFO  - Already have ACK (at simulation time 214.000,000,000 s)
2025-06-06 16:07:51,506 INFO  - Already have ACK (at simulation time 214.000,000,000 s)
2025-06-06 16:07:51,506 INFO  - Already have ACK (at simulation time 214.000,000,000 s)
2025-06-06 16:07:51,506 INFO  - Already have ACK (at simulation time 214.000,000,000 s)
2025-06-06 16:07:51,506 INFO  - Already have ACK (at simulation time 214.000,000,000 s)
2025-06-06 16:07:51,506 INFO  - Already have ACK (at simulation time 214.000,000,000 s)
2025-06-06 16:07:51,506 INFO  - Already have ACK (at simulation time 214.000,000,000 s)
2025-06-06 16:07:51,506 INFO  - Already have ACK (at simulation time 214.000,000,000 s)
2025-06-06 16:07:51,506 INFO  - Already have ACK (at simulation time 214.000,000,000 s)
2025-06-06 16:07:51,506 INFO  - Already have ACK (at simulation time 214.000,000,000 s)
2025-06-06 16:07:51,506 INFO  - Already have ACK (at simulation time 214.000,000,000 s)
2025-06-06 16:07:51,506 INFO  - Already have ACK (at simulation time 214.000,000,000 s)
2025-06-06 16:07:51,506 INFO  - Already have ACK (at simulation time 214.000,000,000 s)
2025-06-06 16:07:51,506 INFO  - Already have ACK (at simulation time 214.000,000,000 s)
2025-06-06 16:07:51,506 INFO  - Already have ACK (at simulation time 214.000,000,000 s)
2025-06-06 16:07:51,506 INFO  - Already have ACK (at simulation time 214.000,000,000 s)
2025-06-06 16:07:51,506 INFO  - Already have ACK (at simulation time 214.000,000,000 s)
2025-06-06 16:07:51,506 INFO  - Already have ACK (at simulation time 214.000,000,000 s)
2025-06-06 16:07:51,506 INFO  - Already have ACK (at simulation time 214.000,000,000 s)
2025-06-06 16:07:51,507 INFO  - Already have ACK (at simulation time 214.000,000,000 s)
2025-06-06 16:07:51,507 INFO  - Already have ACK (at simulation time 214.000,000,000 s)
2025-06-06 16:07:51,507 INFO  - Already have ACK (at simulation time 214.000,000,000 s)
2025-06-06 16:07:51,507 INFO  - Already have ACK (at simulation time 214.000,000,000 s)
2025-06-06 16:07:51,507 INFO  - Already have ACK (at simulation time 214.000,000,000 s)
2025-06-06 16:07:51,507 INFO  - Already have ACK (at simulation time 214.000,000,000 s)
2025-06-06 16:07:51,507 INFO  - Already have ACK (at simulation time 214.000,000,000 s)
2025-06-06 16:07:51,507 INFO  - Already have ACK (at simulation time 214.000,000,000 s)
2025-06-06 16:07:51,507 INFO  - Already have ACK (at simulation time 214.000,000,000 s)
2025-06-06 16:07:51,507 INFO  - Already have ACK (at simulation time 214.000,000,000 s)
2025-06-06 16:07:51,507 INFO  - Already have ACK (at simulation time 214.000,000,000 s)
2025-06-06 16:07:51,511 INFO  - Already have ACK (at simulation time 215.000,000,000 s)
2025-06-06 16:07:51,512 INFO  - Already have ACK (at simulation time 215.000,000,000 s)
2025-06-06 16:07:51,512 INFO  - Already have ACK (at simulation time 215.000,000,000 s)
2025-06-06 16:07:51,512 INFO  - Already have ACK (at simulation time 215.000,000,000 s)
2025-06-06 16:07:51,512 INFO  - Already have ACK (at simulation time 215.000,000,000 s)
2025-06-06 16:07:51,512 INFO  - Already have ACK (at simulation time 215.000,000,000 s)
2025-06-06 16:07:51,512 INFO  - Already have ACK (at simulation time 215.000,000,000 s)
2025-06-06 16:07:51,512 INFO  - Already have ACK (at simulation time 215.000,000,000 s)
2025-06-06 16:07:51,512 INFO  - Already have ACK (at simulation time 215.000,000,000 s)
2025-06-06 16:07:51,512 INFO  - Already have ACK (at simulation time 215.000,000,000 s)
2025-06-06 16:07:51,512 INFO  - Already have ACK (at simulation time 215.000,000,000 s)
2025-06-06 16:07:51,512 INFO  - Already have ACK (at simulation time 215.000,000,000 s)
2025-06-06 16:07:51,512 INFO  - Already have ACK (at simulation time 215.000,000,000 s)
2025-06-06 16:07:51,512 INFO  - Already have ACK (at simulation time 215.000,000,000 s)
2025-06-06 16:07:51,512 INFO  - Already have ACK (at simulation time 215.000,000,000 s)
2025-06-06 16:07:51,513 INFO  - Already have ACK (at simulation time 215.000,000,000 s)
2025-06-06 16:07:51,513 INFO  - Already have ACK (at simulation time 215.000,000,000 s)
2025-06-06 16:07:51,513 INFO  - Already have ACK (at simulation time 215.000,000,000 s)
2025-06-06 16:07:51,513 INFO  - Already have ACK (at simulation time 215.000,000,000 s)
2025-06-06 16:07:51,513 INFO  - Already have ACK (at simulation time 215.000,000,000 s)
2025-06-06 16:07:51,513 INFO  - Already have ACK (at simulation time 215.000,000,000 s)
2025-06-06 16:07:51,513 INFO  - Already have ACK (at simulation time 215.000,000,000 s)
2025-06-06 16:07:51,513 INFO  - Already have ACK (at simulation time 215.000,000,000 s)
2025-06-06 16:07:51,513 INFO  - Already have ACK (at simulation time 215.000,000,000 s)
2025-06-06 16:07:51,513 INFO  - Already have ACK (at simulation time 215.000,000,000 s)
2025-06-06 16:07:51,513 INFO  - Already have ACK (at simulation time 215.000,000,000 s)
2025-06-06 16:07:51,513 INFO  - Already have ACK (at simulation time 215.000,000,000 s)
2025-06-06 16:07:51,513 INFO  - Already have ACK (at simulation time 215.000,000,000 s)
2025-06-06 16:07:51,513 INFO  - Already have ACK (at simulation time 215.000,000,000 s)
2025-06-06 16:07:51,513 INFO  - Already have ACK (at simulation time 215.000,000,000 s)
2025-06-06 16:07:51,513 INFO  - Already have ACK (at simulation time 215.000,000,000 s)
2025-06-06 16:07:51,513 INFO  - Already have ACK (at simulation time 215.000,000,000 s)
2025-06-06 16:07:51,513 INFO  - Already have ACK (at simulation time 215.000,000,000 s)
2025-06-06 16:07:51,514 INFO  - Already have ACK (at simulation time 215.000,000,000 s)
2025-06-06 16:07:51,514 INFO  - Already have ACK (at simulation time 215.000,000,000 s)
2025-06-06 16:07:51,518 INFO  - Sent periodic GreenWaveMsg: veh_34 on route r_0 (at simulation time 216.000,000,000 s)
2025-06-06 16:07:51,518 INFO  - Already have ACK (at simulation time 216.000,000,000 s)
2025-06-06 16:07:51,518 INFO  - Already have ACK (at simulation time 216.000,000,000 s)
2025-06-06 16:07:51,519 INFO  - Already have ACK (at simulation time 216.000,000,000 s)
2025-06-06 16:07:51,519 INFO  - Already have ACK (at simulation time 216.000,000,000 s)
2025-06-06 16:07:51,519 INFO  - Already have ACK (at simulation time 216.000,000,000 s)
2025-06-06 16:07:51,519 INFO  - Already have ACK (at simulation time 216.000,000,000 s)
2025-06-06 16:07:51,519 INFO  - Already have ACK (at simulation time 216.000,000,000 s)
2025-06-06 16:07:51,519 INFO  - Already have ACK (at simulation time 216.000,000,000 s)
2025-06-06 16:07:51,519 INFO  - Already have ACK (at simulation time 216.000,000,000 s)
2025-06-06 16:07:51,519 INFO  - Already have ACK (at simulation time 216.000,000,000 s)
2025-06-06 16:07:51,519 INFO  - Already have ACK (at simulation time 216.000,000,000 s)
2025-06-06 16:07:51,519 INFO  - Already have ACK (at simulation time 216.000,000,000 s)
2025-06-06 16:07:51,519 INFO  - Already have ACK (at simulation time 216.000,000,000 s)
2025-06-06 16:07:51,519 INFO  - Already have ACK (at simulation time 216.000,000,000 s)
2025-06-06 16:07:51,519 INFO  - Already have ACK (at simulation time 216.000,000,000 s)
2025-06-06 16:07:51,519 INFO  - Already have ACK (at simulation time 216.000,000,000 s)
2025-06-06 16:07:51,519 INFO  - Already have ACK (at simulation time 216.000,000,000 s)
2025-06-06 16:07:51,520 INFO  - Already have ACK (at simulation time 216.000,000,000 s)
2025-06-06 16:07:51,520 INFO  - Already have ACK (at simulation time 216.000,000,000 s)
2025-06-06 16:07:51,520 INFO  - Already have ACK (at simulation time 216.000,000,000 s)
2025-06-06 16:07:51,520 INFO  - Already have ACK (at simulation time 216.000,000,000 s)
2025-06-06 16:07:51,520 INFO  - Already have ACK (at simulation time 216.000,000,000 s)
2025-06-06 16:07:51,520 INFO  - Already have ACK (at simulation time 216.000,000,000 s)
2025-06-06 16:07:51,520 INFO  - Already have ACK (at simulation time 216.000,000,000 s)
2025-06-06 16:07:51,520 INFO  - Already have ACK (at simulation time 216.000,000,000 s)
2025-06-06 16:07:51,520 INFO  - Already have ACK (at simulation time 216.000,000,000 s)
2025-06-06 16:07:51,520 INFO  - Already have ACK (at simulation time 216.000,000,000 s)
2025-06-06 16:07:51,520 INFO  - Already have ACK (at simulation time 216.000,000,000 s)
2025-06-06 16:07:51,520 INFO  - Already have ACK (at simulation time 216.000,000,000 s)
2025-06-06 16:07:51,520 INFO  - Already have ACK (at simulation time 216.000,000,000 s)
2025-06-06 16:07:51,520 INFO  - Already have ACK (at simulation time 216.000,000,000 s)
2025-06-06 16:07:51,520 INFO  - Already have ACK (at simulation time 216.000,000,000 s)
2025-06-06 16:07:51,520 INFO  - Already have ACK (at simulation time 216.000,000,000 s)
2025-06-06 16:07:51,520 INFO  - Already have ACK (at simulation time 216.000,000,000 s)
2025-06-06 16:07:51,520 INFO  - Already have ACK (at simulation time 216.000,000,000 s)
2025-06-06 16:07:51,520 INFO  - Already have ACK (at simulation time 216.000,000,000 s)
2025-06-06 16:07:51,523 INFO  - Received ACK with origin at RSU from rsu_0 at 216003800000 (at simulation time 216.003,800,000 s)
2025-06-06 16:07:51,525 INFO  - Already have ACK (at simulation time 217.000,000,000 s)
2025-06-06 16:07:51,525 INFO  - Already have ACK (at simulation time 217.000,000,000 s)
2025-06-06 16:07:51,525 INFO  - Already have ACK (at simulation time 217.000,000,000 s)
2025-06-06 16:07:51,525 INFO  - Already have ACK (at simulation time 217.000,000,000 s)
2025-06-06 16:07:51,525 INFO  - Already have ACK (at simulation time 217.000,000,000 s)
2025-06-06 16:07:51,525 INFO  - Already have ACK (at simulation time 217.000,000,000 s)
2025-06-06 16:07:51,525 INFO  - Already have ACK (at simulation time 217.000,000,000 s)
2025-06-06 16:07:51,525 INFO  - Already have ACK (at simulation time 217.000,000,000 s)
2025-06-06 16:07:51,526 INFO  - Already have ACK (at simulation time 217.000,000,000 s)
2025-06-06 16:07:51,526 INFO  - Already have ACK (at simulation time 217.000,000,000 s)
2025-06-06 16:07:51,526 INFO  - Already have ACK (at simulation time 217.000,000,000 s)
2025-06-06 16:07:51,526 INFO  - Already have ACK (at simulation time 217.000,000,000 s)
2025-06-06 16:07:51,526 INFO  - Already have ACK (at simulation time 217.000,000,000 s)
2025-06-06 16:07:51,526 INFO  - Already have ACK (at simulation time 217.000,000,000 s)
2025-06-06 16:07:51,526 INFO  - Already have ACK (at simulation time 217.000,000,000 s)
2025-06-06 16:07:51,526 INFO  - Already have ACK (at simulation time 217.000,000,000 s)
2025-06-06 16:07:51,526 INFO  - Already have ACK (at simulation time 217.000,000,000 s)
2025-06-06 16:07:51,526 INFO  - Already have ACK (at simulation time 217.000,000,000 s)
2025-06-06 16:07:51,526 INFO  - Already have ACK (at simulation time 217.000,000,000 s)
2025-06-06 16:07:51,526 INFO  - Already have ACK (at simulation time 217.000,000,000 s)
2025-06-06 16:07:51,526 INFO  - Already have ACK (at simulation time 217.000,000,000 s)
2025-06-06 16:07:51,526 INFO  - Already have ACK (at simulation time 217.000,000,000 s)
2025-06-06 16:07:51,526 INFO  - Already have ACK (at simulation time 217.000,000,000 s)
2025-06-06 16:07:51,527 INFO  - Already have ACK (at simulation time 217.000,000,000 s)
2025-06-06 16:07:51,527 INFO  - Already have ACK (at simulation time 217.000,000,000 s)
2025-06-06 16:07:51,527 INFO  - Already have ACK (at simulation time 217.000,000,000 s)
2025-06-06 16:07:51,527 INFO  - Already have ACK (at simulation time 217.000,000,000 s)
2025-06-06 16:07:51,527 INFO  - Already have ACK (at simulation time 217.000,000,000 s)
2025-06-06 16:07:51,527 INFO  - Already have ACK (at simulation time 217.000,000,000 s)
2025-06-06 16:07:51,527 INFO  - Already have ACK (at simulation time 217.000,000,000 s)
2025-06-06 16:07:51,527 INFO  - Already have ACK (at simulation time 217.000,000,000 s)
2025-06-06 16:07:51,527 INFO  - Already have ACK (at simulation time 217.000,000,000 s)
2025-06-06 16:07:51,527 INFO  - Already have ACK (at simulation time 217.000,000,000 s)
2025-06-06 16:07:51,527 INFO  - Already have ACK (at simulation time 217.000,000,000 s)
2025-06-06 16:07:51,527 INFO  - Already have ACK (at simulation time 217.000,000,000 s)
2025-06-06 16:07:51,527 INFO  - Already have ACK (at simulation time 217.000,000,000 s)
2025-06-06 16:07:51,527 INFO  - Already have ACK (at simulation time 217.000,000,000 s)
2025-06-06 16:07:51,531 INFO  - Already have ACK (at simulation time 218.000,000,000 s)
2025-06-06 16:07:51,532 INFO  - Already have ACK (at simulation time 218.000,000,000 s)
2025-06-06 16:07:51,532 INFO  - Already have ACK (at simulation time 218.000,000,000 s)
2025-06-06 16:07:51,532 INFO  - Already have ACK (at simulation time 218.000,000,000 s)
2025-06-06 16:07:51,532 INFO  - Already have ACK (at simulation time 218.000,000,000 s)
2025-06-06 16:07:51,532 INFO  - Already have ACK (at simulation time 218.000,000,000 s)
2025-06-06 16:07:51,532 INFO  - Already have ACK (at simulation time 218.000,000,000 s)
2025-06-06 16:07:51,532 INFO  - Already have ACK (at simulation time 218.000,000,000 s)
2025-06-06 16:07:51,532 INFO  - Already have ACK (at simulation time 218.000,000,000 s)
2025-06-06 16:07:51,532 INFO  - Already have ACK (at simulation time 218.000,000,000 s)
2025-06-06 16:07:51,532 INFO  - Already have ACK (at simulation time 218.000,000,000 s)
2025-06-06 16:07:51,532 INFO  - Already have ACK (at simulation time 218.000,000,000 s)
2025-06-06 16:07:51,532 INFO  - Already have ACK (at simulation time 218.000,000,000 s)
2025-06-06 16:07:51,532 INFO  - Already have ACK (at simulation time 218.000,000,000 s)
2025-06-06 16:07:51,533 INFO  - Already have ACK (at simulation time 218.000,000,000 s)
2025-06-06 16:07:51,533 INFO  - Already have ACK (at simulation time 218.000,000,000 s)
2025-06-06 16:07:51,533 INFO  - Already have ACK (at simulation time 218.000,000,000 s)
2025-06-06 16:07:51,533 INFO  - Already have ACK (at simulation time 218.000,000,000 s)
2025-06-06 16:07:51,533 INFO  - Already have ACK (at simulation time 218.000,000,000 s)
2025-06-06 16:07:51,533 INFO  - Already have ACK (at simulation time 218.000,000,000 s)
2025-06-06 16:07:51,533 INFO  - Already have ACK (at simulation time 218.000,000,000 s)
2025-06-06 16:07:51,533 INFO  - Already have ACK (at simulation time 218.000,000,000 s)
2025-06-06 16:07:51,533 INFO  - Already have ACK (at simulation time 218.000,000,000 s)
2025-06-06 16:07:51,533 INFO  - Already have ACK (at simulation time 218.000,000,000 s)
2025-06-06 16:07:51,536 INFO  - Already have ACK (at simulation time 218.000,000,000 s)
2025-06-06 16:07:51,536 INFO  - Already have ACK (at simulation time 218.000,000,000 s)
2025-06-06 16:07:51,536 INFO  - Already have ACK (at simulation time 218.000,000,000 s)
2025-06-06 16:07:51,536 INFO  - Already have ACK (at simulation time 218.000,000,000 s)
2025-06-06 16:07:51,536 INFO  - Already have ACK (at simulation time 218.000,000,000 s)
2025-06-06 16:07:51,536 INFO  - Already have ACK (at simulation time 218.000,000,000 s)
2025-06-06 16:07:51,536 INFO  - Already have ACK (at simulation time 218.000,000,000 s)
2025-06-06 16:07:51,536 INFO  - Already have ACK (at simulation time 218.000,000,000 s)
2025-06-06 16:07:51,536 INFO  - Already have ACK (at simulation time 218.000,000,000 s)
2025-06-06 16:07:51,536 INFO  - Already have ACK (at simulation time 218.000,000,000 s)
2025-06-06 16:07:51,536 INFO  - Already have ACK (at simulation time 218.000,000,000 s)
2025-06-06 16:07:51,536 INFO  - Already have ACK (at simulation time 218.000,000,000 s)
2025-06-06 16:07:51,536 INFO  - Already have ACK (at simulation time 218.000,000,000 s)
2025-06-06 16:07:51,536 INFO  - Already have ACK (at simulation time 218.000,000,000 s)
2025-06-06 16:07:51,541 INFO  - Already have ACK (at simulation time 219.000,000,000 s)
2025-06-06 16:07:51,541 INFO  - Already have ACK (at simulation time 219.000,000,000 s)
2025-06-06 16:07:51,541 INFO  - Already have ACK (at simulation time 219.000,000,000 s)
2025-06-06 16:07:51,541 INFO  - Already have ACK (at simulation time 219.000,000,000 s)
2025-06-06 16:07:51,541 INFO  - Already have ACK (at simulation time 219.000,000,000 s)
2025-06-06 16:07:51,541 INFO  - Already have ACK (at simulation time 219.000,000,000 s)
2025-06-06 16:07:51,541 INFO  - Already have ACK (at simulation time 219.000,000,000 s)
2025-06-06 16:07:51,542 INFO  - Already have ACK (at simulation time 219.000,000,000 s)
2025-06-06 16:07:51,542 INFO  - Already have ACK (at simulation time 219.000,000,000 s)
2025-06-06 16:07:51,542 INFO  - Already have ACK (at simulation time 219.000,000,000 s)
2025-06-06 16:07:51,542 INFO  - Already have ACK (at simulation time 219.000,000,000 s)
2025-06-06 16:07:51,542 INFO  - Already have ACK (at simulation time 219.000,000,000 s)
2025-06-06 16:07:51,542 INFO  - Already have ACK (at simulation time 219.000,000,000 s)
2025-06-06 16:07:51,542 INFO  - Already have ACK (at simulation time 219.000,000,000 s)
2025-06-06 16:07:51,542 INFO  - Already have ACK (at simulation time 219.000,000,000 s)
2025-06-06 16:07:51,542 INFO  - Already have ACK (at simulation time 219.000,000,000 s)
2025-06-06 16:07:51,542 INFO  - Already have ACK (at simulation time 219.000,000,000 s)
2025-06-06 16:07:51,542 INFO  - Already have ACK (at simulation time 219.000,000,000 s)
2025-06-06 16:07:51,542 INFO  - Already have ACK (at simulation time 219.000,000,000 s)
2025-06-06 16:07:51,542 INFO  - Already have ACK (at simulation time 219.000,000,000 s)
2025-06-06 16:07:51,542 INFO  - Already have ACK (at simulation time 219.000,000,000 s)
2025-06-06 16:07:51,543 INFO  - Already have ACK (at simulation time 219.000,000,000 s)
2025-06-06 16:07:51,543 INFO  - Already have ACK (at simulation time 219.000,000,000 s)
2025-06-06 16:07:51,543 INFO  - Already have ACK (at simulation time 219.000,000,000 s)
2025-06-06 16:07:51,543 INFO  - Already have ACK (at simulation time 219.000,000,000 s)
2025-06-06 16:07:51,543 INFO  - Already have ACK (at simulation time 219.000,000,000 s)
2025-06-06 16:07:51,543 INFO  - Already have ACK (at simulation time 219.000,000,000 s)
2025-06-06 16:07:51,543 INFO  - Already have ACK (at simulation time 219.000,000,000 s)
2025-06-06 16:07:51,543 INFO  - Already have ACK (at simulation time 219.000,000,000 s)
2025-06-06 16:07:51,543 INFO  - Already have ACK (at simulation time 219.000,000,000 s)
2025-06-06 16:07:51,543 INFO  - Already have ACK (at simulation time 219.000,000,000 s)
2025-06-06 16:07:51,543 INFO  - Already have ACK (at simulation time 219.000,000,000 s)
2025-06-06 16:07:51,543 INFO  - Already have ACK (at simulation time 219.000,000,000 s)
2025-06-06 16:07:51,543 INFO  - Already have ACK (at simulation time 219.000,000,000 s)
2025-06-06 16:07:51,543 INFO  - Already have ACK (at simulation time 219.000,000,000 s)
2025-06-06 16:07:51,543 INFO  - Already have ACK (at simulation time 219.000,000,000 s)
2025-06-06 16:07:51,543 INFO  - Already have ACK (at simulation time 219.000,000,000 s)
2025-06-06 16:07:51,543 INFO  - Already have ACK (at simulation time 219.000,000,000 s)
2025-06-06 16:07:51,543 INFO  - Already have ACK (at simulation time 219.000,000,000 s)
2025-06-06 16:07:51,548 INFO  - Already have ACK (at simulation time 220.000,000,000 s)
2025-06-06 16:07:51,548 INFO  - Already have ACK (at simulation time 220.000,000,000 s)
2025-06-06 16:07:51,548 INFO  - Already have ACK (at simulation time 220.000,000,000 s)
2025-06-06 16:07:51,548 INFO  - Already have ACK (at simulation time 220.000,000,000 s)
2025-06-06 16:07:51,548 INFO  - Already have ACK (at simulation time 220.000,000,000 s)
2025-06-06 16:07:51,549 INFO  - Already have ACK (at simulation time 220.000,000,000 s)
2025-06-06 16:07:51,549 INFO  - Already have ACK (at simulation time 220.000,000,000 s)
2025-06-06 16:07:51,549 INFO  - Already have ACK (at simulation time 220.000,000,000 s)
2025-06-06 16:07:51,549 INFO  - Already have ACK (at simulation time 220.000,000,000 s)
2025-06-06 16:07:51,549 INFO  - Already have ACK (at simulation time 220.000,000,000 s)
2025-06-06 16:07:51,549 INFO  - Already have ACK (at simulation time 220.000,000,000 s)
2025-06-06 16:07:51,549 INFO  - Already have ACK (at simulation time 220.000,000,000 s)
2025-06-06 16:07:51,549 INFO  - Already have ACK (at simulation time 220.000,000,000 s)
2025-06-06 16:07:51,549 INFO  - Already have ACK (at simulation time 220.000,000,000 s)
2025-06-06 16:07:51,549 INFO  - Already have ACK (at simulation time 220.000,000,000 s)
2025-06-06 16:07:51,549 INFO  - Already have ACK (at simulation time 220.000,000,000 s)
2025-06-06 16:07:51,549 INFO  - Already have ACK (at simulation time 220.000,000,000 s)
2025-06-06 16:07:51,549 INFO  - Already have ACK (at simulation time 220.000,000,000 s)
2025-06-06 16:07:51,549 INFO  - Already have ACK (at simulation time 220.000,000,000 s)
2025-06-06 16:07:51,549 INFO  - Already have ACK (at simulation time 220.000,000,000 s)
2025-06-06 16:07:51,549 INFO  - Already have ACK (at simulation time 220.000,000,000 s)
2025-06-06 16:07:51,550 INFO  - Already have ACK (at simulation time 220.000,000,000 s)
2025-06-06 16:07:51,550 INFO  - Already have ACK (at simulation time 220.000,000,000 s)
2025-06-06 16:07:51,550 INFO  - Already have ACK (at simulation time 220.000,000,000 s)
2025-06-06 16:07:51,550 INFO  - Already have ACK (at simulation time 220.000,000,000 s)
2025-06-06 16:07:51,550 INFO  - Already have ACK (at simulation time 220.000,000,000 s)
2025-06-06 16:07:51,550 INFO  - Already have ACK (at simulation time 220.000,000,000 s)
2025-06-06 16:07:51,550 INFO  - Already have ACK (at simulation time 220.000,000,000 s)
2025-06-06 16:07:51,550 INFO  - Already have ACK (at simulation time 220.000,000,000 s)
2025-06-06 16:07:51,550 INFO  - Already have ACK (at simulation time 220.000,000,000 s)
2025-06-06 16:07:51,550 INFO  - Already have ACK (at simulation time 220.000,000,000 s)
2025-06-06 16:07:51,550 INFO  - Already have ACK (at simulation time 220.000,000,000 s)
2025-06-06 16:07:51,550 INFO  - Already have ACK (at simulation time 220.000,000,000 s)
2025-06-06 16:07:51,550 INFO  - Already have ACK (at simulation time 220.000,000,000 s)
2025-06-06 16:07:51,550 INFO  - Already have ACK (at simulation time 220.000,000,000 s)
2025-06-06 16:07:51,550 INFO  - Already have ACK (at simulation time 220.000,000,000 s)
2025-06-06 16:07:51,550 INFO  - Already have ACK (at simulation time 220.000,000,000 s)
2025-06-06 16:07:51,550 INFO  - Already have ACK (at simulation time 220.000,000,000 s)
2025-06-06 16:07:51,551 INFO  - Already have ACK (at simulation time 220.000,000,000 s)
2025-06-06 16:07:51,551 INFO  - Already have ACK (at simulation time 220.000,000,000 s)
2025-06-06 16:07:51,553 INFO  - Received metrics from FogNode: avgR0=1.4545454545454546, avgR1=2.0 (at simulation time 220.002,300,000 s)
2025-06-06 16:07:51,555 INFO  - Sent periodic GreenWaveMsg: veh_34 on route r_0 (at simulation time 221.000,000,000 s)
2025-06-06 16:07:51,555 INFO  - Already have ACK (at simulation time 221.000,000,000 s)
2025-06-06 16:07:51,555 INFO  - Already have ACK (at simulation time 221.000,000,000 s)
2025-06-06 16:07:51,555 INFO  - Already have ACK (at simulation time 221.000,000,000 s)
2025-06-06 16:07:51,555 INFO  - Already have ACK (at simulation time 221.000,000,000 s)
2025-06-06 16:07:51,555 INFO  - Already have ACK (at simulation time 221.000,000,000 s)
2025-06-06 16:07:51,555 INFO  - Already have ACK (at simulation time 221.000,000,000 s)
2025-06-06 16:07:51,556 INFO  - Already have ACK (at simulation time 221.000,000,000 s)
2025-06-06 16:07:51,556 INFO  - Already have ACK (at simulation time 221.000,000,000 s)
2025-06-06 16:07:51,556 INFO  - Already have ACK (at simulation time 221.000,000,000 s)
2025-06-06 16:07:51,556 INFO  - Already have ACK (at simulation time 221.000,000,000 s)
2025-06-06 16:07:51,556 INFO  - Already have ACK (at simulation time 221.000,000,000 s)
2025-06-06 16:07:51,556 INFO  - Already have ACK (at simulation time 221.000,000,000 s)
2025-06-06 16:07:51,556 INFO  - Already have ACK (at simulation time 221.000,000,000 s)
2025-06-06 16:07:51,556 INFO  - Already have ACK (at simulation time 221.000,000,000 s)
2025-06-06 16:07:51,556 INFO  - Already have ACK (at simulation time 221.000,000,000 s)
2025-06-06 16:07:51,556 INFO  - Already have ACK (at simulation time 221.000,000,000 s)
2025-06-06 16:07:51,556 INFO  - Already have ACK (at simulation time 221.000,000,000 s)
2025-06-06 16:07:51,556 INFO  - Already have ACK (at simulation time 221.000,000,000 s)
2025-06-06 16:07:51,556 INFO  - Already have ACK (at simulation time 221.000,000,000 s)
2025-06-06 16:07:51,556 INFO  - Already have ACK (at simulation time 221.000,000,000 s)
2025-06-06 16:07:51,556 INFO  - Already have ACK (at simulation time 221.000,000,000 s)
2025-06-06 16:07:51,556 INFO  - Already have ACK (at simulation time 221.000,000,000 s)
2025-06-06 16:07:51,557 INFO  - Already have ACK (at simulation time 221.000,000,000 s)
2025-06-06 16:07:51,557 INFO  - Already have ACK (at simulation time 221.000,000,000 s)
2025-06-06 16:07:51,557 INFO  - Already have ACK (at simulation time 221.000,000,000 s)
2025-06-06 16:07:51,557 INFO  - Already have ACK (at simulation time 221.000,000,000 s)
2025-06-06 16:07:51,557 INFO  - Already have ACK (at simulation time 221.000,000,000 s)
2025-06-06 16:07:51,557 INFO  - Already have ACK (at simulation time 221.000,000,000 s)
2025-06-06 16:07:51,557 INFO  - Already have ACK (at simulation time 221.000,000,000 s)
2025-06-06 16:07:51,557 INFO  - Already have ACK (at simulation time 221.000,000,000 s)
2025-06-06 16:07:51,557 INFO  - Already have ACK (at simulation time 221.000,000,000 s)
2025-06-06 16:07:51,557 INFO  - Already have ACK (at simulation time 221.000,000,000 s)
2025-06-06 16:07:51,557 INFO  - Already have ACK (at simulation time 221.000,000,000 s)
2025-06-06 16:07:51,557 INFO  - Already have ACK (at simulation time 221.000,000,000 s)
2025-06-06 16:07:51,557 INFO  - Already have ACK (at simulation time 221.000,000,000 s)
2025-06-06 16:07:51,557 INFO  - Already have ACK (at simulation time 221.000,000,000 s)
2025-06-06 16:07:51,557 INFO  - Already have ACK (at simulation time 221.000,000,000 s)
2025-06-06 16:07:51,557 INFO  - Already have ACK (at simulation time 221.000,000,000 s)
2025-06-06 16:07:51,557 INFO  - Already have ACK (at simulation time 221.000,000,000 s)
2025-06-06 16:07:51,557 INFO  - Already have ACK (at simulation time 221.000,000,000 s)
2025-06-06 16:07:51,557 INFO  - Already have ACK (at simulation time 221.000,000,000 s)
2025-06-06 16:07:51,560 INFO  - Received ACK with origin at RSU from rsu_0 at 221002300000 (at simulation time 221.002,300,000 s)
2025-06-06 16:07:51,565 INFO  - Already have ACK (at simulation time 222.000,000,000 s)
2025-06-06 16:07:51,566 INFO  - Already have ACK (at simulation time 222.000,000,000 s)
2025-06-06 16:07:51,566 INFO  - Already have ACK (at simulation time 222.000,000,000 s)
2025-06-06 16:07:51,566 INFO  - Already have ACK (at simulation time 222.000,000,000 s)
2025-06-06 16:07:51,566 INFO  - Already have ACK (at simulation time 222.000,000,000 s)
2025-06-06 16:07:51,566 INFO  - Already have ACK (at simulation time 222.000,000,000 s)
2025-06-06 16:07:51,566 INFO  - Already have ACK (at simulation time 222.000,000,000 s)
2025-06-06 16:07:51,566 INFO  - Already have ACK (at simulation time 222.000,000,000 s)
2025-06-06 16:07:51,566 INFO  - Already have ACK (at simulation time 222.000,000,000 s)
2025-06-06 16:07:51,566 INFO  - Already have ACK (at simulation time 222.000,000,000 s)
2025-06-06 16:07:51,566 INFO  - Already have ACK (at simulation time 222.000,000,000 s)
2025-06-06 16:07:51,567 INFO  - Already have ACK (at simulation time 222.000,000,000 s)
2025-06-06 16:07:51,567 INFO  - Already have ACK (at simulation time 222.000,000,000 s)
2025-06-06 16:07:51,567 INFO  - Already have ACK (at simulation time 222.000,000,000 s)
2025-06-06 16:07:51,567 INFO  - Already have ACK (at simulation time 222.000,000,000 s)
2025-06-06 16:07:51,567 INFO  - Already have ACK (at simulation time 222.000,000,000 s)
2025-06-06 16:07:51,567 INFO  - Already have ACK (at simulation time 222.000,000,000 s)
2025-06-06 16:07:51,567 INFO  - Already have ACK (at simulation time 222.000,000,000 s)
2025-06-06 16:07:51,567 INFO  - Already have ACK (at simulation time 222.000,000,000 s)
2025-06-06 16:07:51,567 INFO  - Already have ACK (at simulation time 222.000,000,000 s)
2025-06-06 16:07:51,567 INFO  - Already have ACK (at simulation time 222.000,000,000 s)
2025-06-06 16:07:51,567 INFO  - Already have ACK (at simulation time 222.000,000,000 s)
2025-06-06 16:07:51,567 INFO  - Already have ACK (at simulation time 222.000,000,000 s)
2025-06-06 16:07:51,567 INFO  - Already have ACK (at simulation time 222.000,000,000 s)
2025-06-06 16:07:51,568 INFO  - Already have ACK (at simulation time 222.000,000,000 s)
2025-06-06 16:07:51,568 INFO  - Already have ACK (at simulation time 222.000,000,000 s)
2025-06-06 16:07:51,568 INFO  - Already have ACK (at simulation time 222.000,000,000 s)
2025-06-06 16:07:51,568 INFO  - Already have ACK (at simulation time 222.000,000,000 s)
2025-06-06 16:07:51,568 INFO  - Already have ACK (at simulation time 222.000,000,000 s)
2025-06-06 16:07:51,568 INFO  - Already have ACK (at simulation time 222.000,000,000 s)
2025-06-06 16:07:51,568 INFO  - Already have ACK (at simulation time 222.000,000,000 s)
2025-06-06 16:07:51,568 INFO  - Already have ACK (at simulation time 222.000,000,000 s)
2025-06-06 16:07:51,568 INFO  - Already have ACK (at simulation time 222.000,000,000 s)
2025-06-06 16:07:51,568 INFO  - Already have ACK (at simulation time 222.000,000,000 s)
2025-06-06 16:07:51,568 INFO  - Already have ACK (at simulation time 222.000,000,000 s)
2025-06-06 16:07:51,568 INFO  - Already have ACK (at simulation time 222.000,000,000 s)
2025-06-06 16:07:51,568 INFO  - Already have ACK (at simulation time 222.000,000,000 s)
2025-06-06 16:07:51,568 INFO  - Already have ACK (at simulation time 222.000,000,000 s)
2025-06-06 16:07:51,569 INFO  - Already have ACK (at simulation time 222.000,000,000 s)
2025-06-06 16:07:51,569 INFO  - Already have ACK (at simulation time 222.000,000,000 s)
2025-06-06 16:07:51,569 INFO  - Already have ACK (at simulation time 222.000,000,000 s)
2025-06-06 16:07:51,569 INFO  - Already have ACK (at simulation time 222.000,000,000 s)
2025-06-06 16:07:51,574 INFO  - Already have ACK (at simulation time 223.000,000,000 s)
2025-06-06 16:07:51,574 INFO  - Already have ACK (at simulation time 223.000,000,000 s)
2025-06-06 16:07:51,574 INFO  - Already have ACK (at simulation time 223.000,000,000 s)
2025-06-06 16:07:51,574 INFO  - Already have ACK (at simulation time 223.000,000,000 s)
2025-06-06 16:07:51,575 INFO  - Already have ACK (at simulation time 223.000,000,000 s)
2025-06-06 16:07:51,575 INFO  - Already have ACK (at simulation time 223.000,000,000 s)
2025-06-06 16:07:51,575 INFO  - Already have ACK (at simulation time 223.000,000,000 s)
2025-06-06 16:07:51,575 INFO  - Already have ACK (at simulation time 223.000,000,000 s)
2025-06-06 16:07:51,575 INFO  - Already have ACK (at simulation time 223.000,000,000 s)
2025-06-06 16:07:51,575 INFO  - Already have ACK (at simulation time 223.000,000,000 s)
2025-06-06 16:07:51,575 INFO  - Already have ACK (at simulation time 223.000,000,000 s)
2025-06-06 16:07:51,575 INFO  - Already have ACK (at simulation time 223.000,000,000 s)
2025-06-06 16:07:51,575 INFO  - Already have ACK (at simulation time 223.000,000,000 s)
2025-06-06 16:07:51,575 INFO  - Already have ACK (at simulation time 223.000,000,000 s)
2025-06-06 16:07:51,576 INFO  - Already have ACK (at simulation time 223.000,000,000 s)
2025-06-06 16:07:51,576 INFO  - Already have ACK (at simulation time 223.000,000,000 s)
2025-06-06 16:07:51,576 INFO  - Already have ACK (at simulation time 223.000,000,000 s)
2025-06-06 16:07:51,576 INFO  - Already have ACK (at simulation time 223.000,000,000 s)
2025-06-06 16:07:51,576 INFO  - Already have ACK (at simulation time 223.000,000,000 s)
2025-06-06 16:07:51,576 INFO  - Already have ACK (at simulation time 223.000,000,000 s)
2025-06-06 16:07:51,576 INFO  - Already have ACK (at simulation time 223.000,000,000 s)
2025-06-06 16:07:51,576 INFO  - Already have ACK (at simulation time 223.000,000,000 s)
2025-06-06 16:07:51,576 INFO  - Already have ACK (at simulation time 223.000,000,000 s)
2025-06-06 16:07:51,576 INFO  - Already have ACK (at simulation time 223.000,000,000 s)
2025-06-06 16:07:51,576 INFO  - Already have ACK (at simulation time 223.000,000,000 s)
2025-06-06 16:07:51,576 INFO  - Already have ACK (at simulation time 223.000,000,000 s)
2025-06-06 16:07:51,577 INFO  - Already have ACK (at simulation time 223.000,000,000 s)
2025-06-06 16:07:51,577 INFO  - Already have ACK (at simulation time 223.000,000,000 s)
2025-06-06 16:07:51,577 INFO  - Already have ACK (at simulation time 223.000,000,000 s)
2025-06-06 16:07:51,577 INFO  - Already have ACK (at simulation time 223.000,000,000 s)
2025-06-06 16:07:51,577 INFO  - Already have ACK (at simulation time 223.000,000,000 s)
2025-06-06 16:07:51,577 INFO  - Already have ACK (at simulation time 223.000,000,000 s)
2025-06-06 16:07:51,577 INFO  - Already have ACK (at simulation time 223.000,000,000 s)
2025-06-06 16:07:51,577 INFO  - Already have ACK (at simulation time 223.000,000,000 s)
2025-06-06 16:07:51,577 INFO  - Already have ACK (at simulation time 223.000,000,000 s)
2025-06-06 16:07:51,577 INFO  - Already have ACK (at simulation time 223.000,000,000 s)
2025-06-06 16:07:51,577 INFO  - Already have ACK (at simulation time 223.000,000,000 s)
2025-06-06 16:07:51,577 INFO  - Already have ACK (at simulation time 223.000,000,000 s)
2025-06-06 16:07:51,577 INFO  - Already have ACK (at simulation time 223.000,000,000 s)
2025-06-06 16:07:51,577 INFO  - Already have ACK (at simulation time 223.000,000,000 s)
2025-06-06 16:07:51,578 INFO  - Already have ACK (at simulation time 223.000,000,000 s)
2025-06-06 16:07:51,578 INFO  - Already have ACK (at simulation time 223.000,000,000 s)
2025-06-06 16:07:51,578 INFO  - Already have ACK (at simulation time 223.000,000,000 s)
2025-06-06 16:07:51,582 INFO  - Already have ACK (at simulation time 224.000,000,000 s)
2025-06-06 16:07:51,582 INFO  - Already have ACK (at simulation time 224.000,000,000 s)
2025-06-06 16:07:51,582 INFO  - Already have ACK (at simulation time 224.000,000,000 s)
2025-06-06 16:07:51,582 INFO  - Already have ACK (at simulation time 224.000,000,000 s)
2025-06-06 16:07:51,583 INFO  - Already have ACK (at simulation time 224.000,000,000 s)
2025-06-06 16:07:51,583 INFO  - Already have ACK (at simulation time 224.000,000,000 s)
2025-06-06 16:07:51,583 INFO  - Already have ACK (at simulation time 224.000,000,000 s)
2025-06-06 16:07:51,583 INFO  - Already have ACK (at simulation time 224.000,000,000 s)
2025-06-06 16:07:51,583 INFO  - Already have ACK (at simulation time 224.000,000,000 s)
2025-06-06 16:07:51,583 INFO  - Already have ACK (at simulation time 224.000,000,000 s)
2025-06-06 16:07:51,583 INFO  - Already have ACK (at simulation time 224.000,000,000 s)
2025-06-06 16:07:51,583 INFO  - Already have ACK (at simulation time 224.000,000,000 s)
2025-06-06 16:07:51,583 INFO  - Already have ACK (at simulation time 224.000,000,000 s)
2025-06-06 16:07:51,584 INFO  - Already have ACK (at simulation time 224.000,000,000 s)
2025-06-06 16:07:51,584 INFO  - Already have ACK (at simulation time 224.000,000,000 s)
2025-06-06 16:07:51,584 INFO  - Already have ACK (at simulation time 224.000,000,000 s)
2025-06-06 16:07:51,584 INFO  - Already have ACK (at simulation time 224.000,000,000 s)
2025-06-06 16:07:51,584 INFO  - Already have ACK (at simulation time 224.000,000,000 s)
2025-06-06 16:07:51,584 INFO  - Already have ACK (at simulation time 224.000,000,000 s)
2025-06-06 16:07:51,584 INFO  - Already have ACK (at simulation time 224.000,000,000 s)
2025-06-06 16:07:51,584 INFO  - Already have ACK (at simulation time 224.000,000,000 s)
2025-06-06 16:07:51,584 INFO  - Already have ACK (at simulation time 224.000,000,000 s)
2025-06-06 16:07:51,584 INFO  - Already have ACK (at simulation time 224.000,000,000 s)
2025-06-06 16:07:51,584 INFO  - Already have ACK (at simulation time 224.000,000,000 s)
2025-06-06 16:07:51,585 INFO  - Already have ACK (at simulation time 224.000,000,000 s)
2025-06-06 16:07:51,585 INFO  - Already have ACK (at simulation time 224.000,000,000 s)
2025-06-06 16:07:51,585 INFO  - Already have ACK (at simulation time 224.000,000,000 s)
2025-06-06 16:07:51,585 INFO  - Already have ACK (at simulation time 224.000,000,000 s)
2025-06-06 16:07:51,585 INFO  - Already have ACK (at simulation time 224.000,000,000 s)
2025-06-06 16:07:51,585 INFO  - Already have ACK (at simulation time 224.000,000,000 s)
2025-06-06 16:07:51,585 INFO  - Already have ACK (at simulation time 224.000,000,000 s)
2025-06-06 16:07:51,585 INFO  - Already have ACK (at simulation time 224.000,000,000 s)
2025-06-06 16:07:51,585 INFO  - Already have ACK (at simulation time 224.000,000,000 s)
2025-06-06 16:07:51,585 INFO  - Already have ACK (at simulation time 224.000,000,000 s)
2025-06-06 16:07:51,585 INFO  - Already have ACK (at simulation time 224.000,000,000 s)
2025-06-06 16:07:51,585 INFO  - Already have ACK (at simulation time 224.000,000,000 s)
2025-06-06 16:07:51,585 INFO  - Already have ACK (at simulation time 224.000,000,000 s)
2025-06-06 16:07:51,586 INFO  - Already have ACK (at simulation time 224.000,000,000 s)
2025-06-06 16:07:51,586 INFO  - Already have ACK (at simulation time 224.000,000,000 s)
2025-06-06 16:07:51,586 INFO  - Already have ACK (at simulation time 224.000,000,000 s)
2025-06-06 16:07:51,586 INFO  - Already have ACK (at simulation time 224.000,000,000 s)
2025-06-06 16:07:51,586 INFO  - Already have ACK (at simulation time 224.000,000,000 s)
2025-06-06 16:07:51,586 INFO  - Already have ACK (at simulation time 224.000,000,000 s)
2025-06-06 16:07:51,586 INFO  - Already have ACK (at simulation time 224.000,000,000 s)
2025-06-06 16:07:51,591 INFO  - Already have ACK (at simulation time 225.000,000,000 s)
2025-06-06 16:07:51,591 INFO  - Already have ACK (at simulation time 225.000,000,000 s)
2025-06-06 16:07:51,591 INFO  - Already have ACK (at simulation time 225.000,000,000 s)
2025-06-06 16:07:51,591 INFO  - Already have ACK (at simulation time 225.000,000,000 s)
2025-06-06 16:07:51,591 INFO  - Already have ACK (at simulation time 225.000,000,000 s)
2025-06-06 16:07:51,591 INFO  - Already have ACK (at simulation time 225.000,000,000 s)
2025-06-06 16:07:51,591 INFO  - Already have ACK (at simulation time 225.000,000,000 s)
2025-06-06 16:07:51,591 INFO  - Already have ACK (at simulation time 225.000,000,000 s)
2025-06-06 16:07:51,591 INFO  - Already have ACK (at simulation time 225.000,000,000 s)
2025-06-06 16:07:51,592 INFO  - Already have ACK (at simulation time 225.000,000,000 s)
2025-06-06 16:07:51,592 INFO  - Already have ACK (at simulation time 225.000,000,000 s)
2025-06-06 16:07:51,592 INFO  - Already have ACK (at simulation time 225.000,000,000 s)
2025-06-06 16:07:51,592 INFO  - Already have ACK (at simulation time 225.000,000,000 s)
2025-06-06 16:07:51,592 INFO  - Already have ACK (at simulation time 225.000,000,000 s)
2025-06-06 16:07:51,592 INFO  - Already have ACK (at simulation time 225.000,000,000 s)
2025-06-06 16:07:51,592 INFO  - Already have ACK (at simulation time 225.000,000,000 s)
2025-06-06 16:07:51,592 INFO  - Already have ACK (at simulation time 225.000,000,000 s)
2025-06-06 16:07:51,592 INFO  - Already have ACK (at simulation time 225.000,000,000 s)
2025-06-06 16:07:51,592 INFO  - Already have ACK (at simulation time 225.000,000,000 s)
2025-06-06 16:07:51,592 INFO  - Already have ACK (at simulation time 225.000,000,000 s)
2025-06-06 16:07:51,592 INFO  - Already have ACK (at simulation time 225.000,000,000 s)
2025-06-06 16:07:51,592 INFO  - Already have ACK (at simulation time 225.000,000,000 s)
2025-06-06 16:07:51,592 INFO  - Already have ACK (at simulation time 225.000,000,000 s)
2025-06-06 16:07:51,593 INFO  - Already have ACK (at simulation time 225.000,000,000 s)
2025-06-06 16:07:51,593 INFO  - Already have ACK (at simulation time 225.000,000,000 s)
2025-06-06 16:07:51,593 INFO  - Already have ACK (at simulation time 225.000,000,000 s)
2025-06-06 16:07:51,593 INFO  - Already have ACK (at simulation time 225.000,000,000 s)
2025-06-06 16:07:51,593 INFO  - Already have ACK (at simulation time 225.000,000,000 s)
2025-06-06 16:07:51,593 INFO  - Already have ACK (at simulation time 225.000,000,000 s)
2025-06-06 16:07:51,593 INFO  - Already have ACK (at simulation time 225.000,000,000 s)
2025-06-06 16:07:51,593 INFO  - Already have ACK (at simulation time 225.000,000,000 s)
2025-06-06 16:07:51,593 INFO  - Already have ACK (at simulation time 225.000,000,000 s)
2025-06-06 16:07:51,593 INFO  - Already have ACK (at simulation time 225.000,000,000 s)
2025-06-06 16:07:51,593 INFO  - Already have ACK (at simulation time 225.000,000,000 s)
2025-06-06 16:07:51,593 INFO  - Already have ACK (at simulation time 225.000,000,000 s)
2025-06-06 16:07:51,593 INFO  - Already have ACK (at simulation time 225.000,000,000 s)
2025-06-06 16:07:51,593 INFO  - Already have ACK (at simulation time 225.000,000,000 s)
2025-06-06 16:07:51,594 INFO  - Already have ACK (at simulation time 225.000,000,000 s)
2025-06-06 16:07:51,594 INFO  - Already have ACK (at simulation time 225.000,000,000 s)
2025-06-06 16:07:51,594 INFO  - Already have ACK (at simulation time 225.000,000,000 s)
2025-06-06 16:07:51,594 INFO  - Already have ACK (at simulation time 225.000,000,000 s)
2025-06-06 16:07:51,594 INFO  - Already have ACK (at simulation time 225.000,000,000 s)
2025-06-06 16:07:51,594 INFO  - Already have ACK (at simulation time 225.000,000,000 s)
2025-06-06 16:07:51,594 INFO  - Already have ACK (at simulation time 225.000,000,000 s)
2025-06-06 16:07:51,594 INFO  - Already have ACK (at simulation time 225.000,000,000 s)
2025-06-06 16:07:51,598 INFO  - Sent periodic GreenWaveMsg: veh_34 on route r_0 (at simulation time 226.000,000,000 s)
2025-06-06 16:07:51,598 INFO  - Already have ACK (at simulation time 226.000,000,000 s)
2025-06-06 16:07:51,598 INFO  - Already have ACK (at simulation time 226.000,000,000 s)
2025-06-06 16:07:51,598 INFO  - Already have ACK (at simulation time 226.000,000,000 s)
2025-06-06 16:07:51,599 INFO  - Already have ACK (at simulation time 226.000,000,000 s)
2025-06-06 16:07:51,599 INFO  - Already have ACK (at simulation time 226.000,000,000 s)
2025-06-06 16:07:51,599 INFO  - Already have ACK (at simulation time 226.000,000,000 s)
2025-06-06 16:07:51,599 INFO  - Already have ACK (at simulation time 226.000,000,000 s)
2025-06-06 16:07:51,599 INFO  - Already have ACK (at simulation time 226.000,000,000 s)
2025-06-06 16:07:51,599 INFO  - Already have ACK (at simulation time 226.000,000,000 s)
2025-06-06 16:07:51,599 INFO  - Already have ACK (at simulation time 226.000,000,000 s)
2025-06-06 16:07:51,599 INFO  - Already have ACK (at simulation time 226.000,000,000 s)
2025-06-06 16:07:51,599 INFO  - Already have ACK (at simulation time 226.000,000,000 s)
2025-06-06 16:07:51,599 INFO  - Already have ACK (at simulation time 226.000,000,000 s)
2025-06-06 16:07:51,599 INFO  - Already have ACK (at simulation time 226.000,000,000 s)
2025-06-06 16:07:51,599 INFO  - Already have ACK (at simulation time 226.000,000,000 s)
2025-06-06 16:07:51,600 INFO  - Already have ACK (at simulation time 226.000,000,000 s)
2025-06-06 16:07:51,600 INFO  - Already have ACK (at simulation time 226.000,000,000 s)
2025-06-06 16:07:51,600 INFO  - Already have ACK (at simulation time 226.000,000,000 s)
2025-06-06 16:07:51,600 INFO  - Already have ACK (at simulation time 226.000,000,000 s)
2025-06-06 16:07:51,600 INFO  - Already have ACK (at simulation time 226.000,000,000 s)
2025-06-06 16:07:51,600 INFO  - Already have ACK (at simulation time 226.000,000,000 s)
2025-06-06 16:07:51,600 INFO  - Already have ACK (at simulation time 226.000,000,000 s)
2025-06-06 16:07:51,600 INFO  - Already have ACK (at simulation time 226.000,000,000 s)
2025-06-06 16:07:51,600 INFO  - Already have ACK (at simulation time 226.000,000,000 s)
2025-06-06 16:07:51,600 INFO  - Already have ACK (at simulation time 226.000,000,000 s)
2025-06-06 16:07:51,600 INFO  - Already have ACK (at simulation time 226.000,000,000 s)
2025-06-06 16:07:51,600 INFO  - Already have ACK (at simulation time 226.000,000,000 s)
2025-06-06 16:07:51,600 INFO  - Already have ACK (at simulation time 226.000,000,000 s)
2025-06-06 16:07:51,600 INFO  - Already have ACK (at simulation time 226.000,000,000 s)
2025-06-06 16:07:51,600 INFO  - Already have ACK (at simulation time 226.000,000,000 s)
2025-06-06 16:07:51,601 INFO  - Already have ACK (at simulation time 226.000,000,000 s)
2025-06-06 16:07:51,601 INFO  - Already have ACK (at simulation time 226.000,000,000 s)
2025-06-06 16:07:51,601 INFO  - Already have ACK (at simulation time 226.000,000,000 s)
2025-06-06 16:07:51,601 INFO  - Already have ACK (at simulation time 226.000,000,000 s)
2025-06-06 16:07:51,601 INFO  - Already have ACK (at simulation time 226.000,000,000 s)
2025-06-06 16:07:51,601 INFO  - Already have ACK (at simulation time 226.000,000,000 s)
2025-06-06 16:07:51,601 INFO  - Already have ACK (at simulation time 226.000,000,000 s)
2025-06-06 16:07:51,601 INFO  - Already have ACK (at simulation time 226.000,000,000 s)
2025-06-06 16:07:51,601 INFO  - Already have ACK (at simulation time 226.000,000,000 s)
2025-06-06 16:07:51,601 INFO  - Already have ACK (at simulation time 226.000,000,000 s)
2025-06-06 16:07:51,601 INFO  - Already have ACK (at simulation time 226.000,000,000 s)
2025-06-06 16:07:51,601 INFO  - Already have ACK (at simulation time 226.000,000,000 s)
2025-06-06 16:07:51,601 INFO  - Already have ACK (at simulation time 226.000,000,000 s)
2025-06-06 16:07:51,601 INFO  - Already have ACK (at simulation time 226.000,000,000 s)
2025-06-06 16:07:51,601 INFO  - Already have ACK (at simulation time 226.000,000,000 s)
2025-06-06 16:07:51,601 INFO  - Already have ACK (at simulation time 226.000,000,000 s)
2025-06-06 16:07:51,605 INFO  - Received ACK with origin at RSU from rsu_0 at 226003800000 (at simulation time 226.003,800,000 s)
2025-06-06 16:07:51,607 INFO  - Already have ACK (at simulation time 227.000,000,000 s)
2025-06-06 16:07:51,607 INFO  - Already have ACK (at simulation time 227.000,000,000 s)
2025-06-06 16:07:51,607 INFO  - Already have ACK (at simulation time 227.000,000,000 s)
2025-06-06 16:07:51,607 INFO  - Already have ACK (at simulation time 227.000,000,000 s)
2025-06-06 16:07:51,608 INFO  - Already have ACK (at simulation time 227.000,000,000 s)
2025-06-06 16:07:51,608 INFO  - Already have ACK (at simulation time 227.000,000,000 s)
2025-06-06 16:07:51,608 INFO  - Already have ACK (at simulation time 227.000,000,000 s)
2025-06-06 16:07:51,608 INFO  - Already have ACK (at simulation time 227.000,000,000 s)
2025-06-06 16:07:51,608 INFO  - Already have ACK (at simulation time 227.000,000,000 s)
2025-06-06 16:07:51,608 INFO  - Already have ACK (at simulation time 227.000,000,000 s)
2025-06-06 16:07:51,608 INFO  - Already have ACK (at simulation time 227.000,000,000 s)
2025-06-06 16:07:51,608 INFO  - Already have ACK (at simulation time 227.000,000,000 s)
2025-06-06 16:07:51,608 INFO  - Already have ACK (at simulation time 227.000,000,000 s)
2025-06-06 16:07:51,608 INFO  - Already have ACK (at simulation time 227.000,000,000 s)
2025-06-06 16:07:51,608 INFO  - Already have ACK (at simulation time 227.000,000,000 s)
2025-06-06 16:07:51,608 INFO  - Already have ACK (at simulation time 227.000,000,000 s)
2025-06-06 16:07:51,609 INFO  - Already have ACK (at simulation time 227.000,000,000 s)
2025-06-06 16:07:51,609 INFO  - Already have ACK (at simulation time 227.000,000,000 s)
2025-06-06 16:07:51,609 INFO  - Already have ACK (at simulation time 227.000,000,000 s)
2025-06-06 16:07:51,609 INFO  - Already have ACK (at simulation time 227.000,000,000 s)
2025-06-06 16:07:51,609 INFO  - Already have ACK (at simulation time 227.000,000,000 s)
2025-06-06 16:07:51,609 INFO  - Already have ACK (at simulation time 227.000,000,000 s)
2025-06-06 16:07:51,609 INFO  - Already have ACK (at simulation time 227.000,000,000 s)
2025-06-06 16:07:51,609 INFO  - Already have ACK (at simulation time 227.000,000,000 s)
2025-06-06 16:07:51,609 INFO  - Already have ACK (at simulation time 227.000,000,000 s)
2025-06-06 16:07:51,609 INFO  - Already have ACK (at simulation time 227.000,000,000 s)
2025-06-06 16:07:51,609 INFO  - Already have ACK (at simulation time 227.000,000,000 s)
2025-06-06 16:07:51,609 INFO  - Already have ACK (at simulation time 227.000,000,000 s)
2025-06-06 16:07:51,609 INFO  - Already have ACK (at simulation time 227.000,000,000 s)
2025-06-06 16:07:51,609 INFO  - Already have ACK (at simulation time 227.000,000,000 s)
2025-06-06 16:07:51,609 INFO  - Already have ACK (at simulation time 227.000,000,000 s)
2025-06-06 16:07:51,609 INFO  - Already have ACK (at simulation time 227.000,000,000 s)
2025-06-06 16:07:51,610 INFO  - Already have ACK (at simulation time 227.000,000,000 s)
2025-06-06 16:07:51,610 INFO  - Already have ACK (at simulation time 227.000,000,000 s)
2025-06-06 16:07:51,610 INFO  - Already have ACK (at simulation time 227.000,000,000 s)
2025-06-06 16:07:51,610 INFO  - Already have ACK (at simulation time 227.000,000,000 s)
2025-06-06 16:07:51,610 INFO  - Already have ACK (at simulation time 227.000,000,000 s)
2025-06-06 16:07:51,610 INFO  - Already have ACK (at simulation time 227.000,000,000 s)
2025-06-06 16:07:51,610 INFO  - Already have ACK (at simulation time 227.000,000,000 s)
2025-06-06 16:07:51,610 INFO  - Already have ACK (at simulation time 227.000,000,000 s)
2025-06-06 16:07:51,610 INFO  - Already have ACK (at simulation time 227.000,000,000 s)
2025-06-06 16:07:51,610 INFO  - Already have ACK (at simulation time 227.000,000,000 s)
2025-06-06 16:07:51,610 INFO  - Already have ACK (at simulation time 227.000,000,000 s)
2025-06-06 16:07:51,610 INFO  - Already have ACK (at simulation time 227.000,000,000 s)
2025-06-06 16:07:51,610 INFO  - Already have ACK (at simulation time 227.000,000,000 s)
2025-06-06 16:07:51,610 INFO  - Already have ACK (at simulation time 227.000,000,000 s)
2025-06-06 16:07:51,610 INFO  - Already have ACK (at simulation time 227.000,000,000 s)
2025-06-06 16:07:51,613 INFO  - Already have ACK (at simulation time 228.000,000,000 s)
2025-06-06 16:07:51,614 INFO  - Already have ACK (at simulation time 228.000,000,000 s)
2025-06-06 16:07:51,614 INFO  - Already have ACK (at simulation time 228.000,000,000 s)
2025-06-06 16:07:51,614 INFO  - Already have ACK (at simulation time 228.000,000,000 s)
2025-06-06 16:07:51,614 INFO  - Already have ACK (at simulation time 228.000,000,000 s)
2025-06-06 16:07:51,614 INFO  - Already have ACK (at simulation time 228.000,000,000 s)
2025-06-06 16:07:51,614 INFO  - Already have ACK (at simulation time 228.000,000,000 s)
2025-06-06 16:07:51,614 INFO  - Already have ACK (at simulation time 228.000,000,000 s)
2025-06-06 16:07:51,614 INFO  - Already have ACK (at simulation time 228.000,000,000 s)
2025-06-06 16:07:51,614 INFO  - Already have ACK (at simulation time 228.000,000,000 s)
2025-06-06 16:07:51,614 INFO  - Already have ACK (at simulation time 228.000,000,000 s)
2025-06-06 16:07:51,614 INFO  - Already have ACK (at simulation time 228.000,000,000 s)
2025-06-06 16:07:51,614 INFO  - Already have ACK (at simulation time 228.000,000,000 s)
2025-06-06 16:07:51,614 INFO  - Already have ACK (at simulation time 228.000,000,000 s)
2025-06-06 16:07:51,615 INFO  - Already have ACK (at simulation time 228.000,000,000 s)
2025-06-06 16:07:51,615 INFO  - Already have ACK (at simulation time 228.000,000,000 s)
2025-06-06 16:07:51,615 INFO  - Already have ACK (at simulation time 228.000,000,000 s)
2025-06-06 16:07:51,615 INFO  - Already have ACK (at simulation time 228.000,000,000 s)
2025-06-06 16:07:51,615 INFO  - Already have ACK (at simulation time 228.000,000,000 s)
2025-06-06 16:07:51,615 INFO  - Already have ACK (at simulation time 228.000,000,000 s)
2025-06-06 16:07:51,615 INFO  - Already have ACK (at simulation time 228.000,000,000 s)
2025-06-06 16:07:51,615 INFO  - Already have ACK (at simulation time 228.000,000,000 s)
2025-06-06 16:07:51,615 INFO  - Already have ACK (at simulation time 228.000,000,000 s)
2025-06-06 16:07:51,615 INFO  - Already have ACK (at simulation time 228.000,000,000 s)
2025-06-06 16:07:51,615 INFO  - Already have ACK (at simulation time 228.000,000,000 s)
2025-06-06 16:07:51,615 INFO  - Already have ACK (at simulation time 228.000,000,000 s)
2025-06-06 16:07:51,615 INFO  - Already have ACK (at simulation time 228.000,000,000 s)
2025-06-06 16:07:51,615 INFO  - Already have ACK (at simulation time 228.000,000,000 s)
2025-06-06 16:07:51,615 INFO  - Already have ACK (at simulation time 228.000,000,000 s)
2025-06-06 16:07:51,615 INFO  - Already have ACK (at simulation time 228.000,000,000 s)
2025-06-06 16:07:51,615 INFO  - Already have ACK (at simulation time 228.000,000,000 s)
2025-06-06 16:07:51,616 INFO  - Already have ACK (at simulation time 228.000,000,000 s)
2025-06-06 16:07:51,616 INFO  - Already have ACK (at simulation time 228.000,000,000 s)
2025-06-06 16:07:51,616 INFO  - Already have ACK (at simulation time 228.000,000,000 s)
2025-06-06 16:07:51,616 INFO  - Already have ACK (at simulation time 228.000,000,000 s)
2025-06-06 16:07:51,616 INFO  - Already have ACK (at simulation time 228.000,000,000 s)
2025-06-06 16:07:51,616 INFO  - Already have ACK (at simulation time 228.000,000,000 s)
2025-06-06 16:07:51,616 INFO  - Already have ACK (at simulation time 228.000,000,000 s)
2025-06-06 16:07:51,616 INFO  - Already have ACK (at simulation time 228.000,000,000 s)
2025-06-06 16:07:51,616 INFO  - Already have ACK (at simulation time 228.000,000,000 s)
2025-06-06 16:07:51,616 INFO  - Already have ACK (at simulation time 228.000,000,000 s)
2025-06-06 16:07:51,616 INFO  - Already have ACK (at simulation time 228.000,000,000 s)
2025-06-06 16:07:51,616 INFO  - Already have ACK (at simulation time 228.000,000,000 s)
2025-06-06 16:07:51,616 INFO  - Already have ACK (at simulation time 228.000,000,000 s)
2025-06-06 16:07:51,616 INFO  - Already have ACK (at simulation time 228.000,000,000 s)
2025-06-06 16:07:51,616 INFO  - Already have ACK (at simulation time 228.000,000,000 s)
2025-06-06 16:07:51,616 INFO  - Already have ACK (at simulation time 228.000,000,000 s)
2025-06-06 16:07:51,616 INFO  - Already have ACK (at simulation time 228.000,000,000 s)
2025-06-06 16:07:51,619 INFO  - Already have ACK (at simulation time 229.000,000,000 s)
2025-06-06 16:07:51,619 INFO  - Already have ACK (at simulation time 229.000,000,000 s)
2025-06-06 16:07:51,619 INFO  - Already have ACK (at simulation time 229.000,000,000 s)
2025-06-06 16:07:51,619 INFO  - Already have ACK (at simulation time 229.000,000,000 s)
2025-06-06 16:07:51,620 INFO  - Already have ACK (at simulation time 229.000,000,000 s)
2025-06-06 16:07:51,620 INFO  - Already have ACK (at simulation time 229.000,000,000 s)
2025-06-06 16:07:51,620 INFO  - Already have ACK (at simulation time 229.000,000,000 s)
2025-06-06 16:07:51,620 INFO  - Already have ACK (at simulation time 229.000,000,000 s)
2025-06-06 16:07:51,620 INFO  - Already have ACK (at simulation time 229.000,000,000 s)
2025-06-06 16:07:51,620 INFO  - Already have ACK (at simulation time 229.000,000,000 s)
2025-06-06 16:07:51,620 INFO  - Already have ACK (at simulation time 229.000,000,000 s)
2025-06-06 16:07:51,620 INFO  - Already have ACK (at simulation time 229.000,000,000 s)
2025-06-06 16:07:51,620 INFO  - Already have ACK (at simulation time 229.000,000,000 s)
2025-06-06 16:07:51,620 INFO  - Already have ACK (at simulation time 229.000,000,000 s)
2025-06-06 16:07:51,620 INFO  - Already have ACK (at simulation time 229.000,000,000 s)
2025-06-06 16:07:51,620 INFO  - Already have ACK (at simulation time 229.000,000,000 s)
2025-06-06 16:07:51,620 INFO  - Already have ACK (at simulation time 229.000,000,000 s)
2025-06-06 16:07:51,620 INFO  - Already have ACK (at simulation time 229.000,000,000 s)
2025-06-06 16:07:51,620 INFO  - Already have ACK (at simulation time 229.000,000,000 s)
2025-06-06 16:07:51,621 INFO  - Already have ACK (at simulation time 229.000,000,000 s)
2025-06-06 16:07:51,621 INFO  - Already have ACK (at simulation time 229.000,000,000 s)
2025-06-06 16:07:51,621 INFO  - Already have ACK (at simulation time 229.000,000,000 s)
2025-06-06 16:07:51,621 INFO  - Already have ACK (at simulation time 229.000,000,000 s)
2025-06-06 16:07:51,621 INFO  - Already have ACK (at simulation time 229.000,000,000 s)
2025-06-06 16:07:51,621 INFO  - Already have ACK (at simulation time 229.000,000,000 s)
2025-06-06 16:07:51,621 INFO  - Already have ACK (at simulation time 229.000,000,000 s)
2025-06-06 16:07:51,621 INFO  - Already have ACK (at simulation time 229.000,000,000 s)
2025-06-06 16:07:51,621 INFO  - Already have ACK (at simulation time 229.000,000,000 s)
2025-06-06 16:07:51,621 INFO  - Already have ACK (at simulation time 229.000,000,000 s)
2025-06-06 16:07:51,621 INFO  - Already have ACK (at simulation time 229.000,000,000 s)
2025-06-06 16:07:51,621 INFO  - Already have ACK (at simulation time 229.000,000,000 s)
2025-06-06 16:07:51,621 INFO  - Already have ACK (at simulation time 229.000,000,000 s)
2025-06-06 16:07:51,621 INFO  - Already have ACK (at simulation time 229.000,000,000 s)
2025-06-06 16:07:51,621 INFO  - Already have ACK (at simulation time 229.000,000,000 s)
2025-06-06 16:07:51,621 INFO  - Already have ACK (at simulation time 229.000,000,000 s)
2025-06-06 16:07:51,621 INFO  - Already have ACK (at simulation time 229.000,000,000 s)
2025-06-06 16:07:51,622 INFO  - Already have ACK (at simulation time 229.000,000,000 s)
2025-06-06 16:07:51,622 INFO  - Already have ACK (at simulation time 229.000,000,000 s)
2025-06-06 16:07:51,622 INFO  - Already have ACK (at simulation time 229.000,000,000 s)
2025-06-06 16:07:51,622 INFO  - Already have ACK (at simulation time 229.000,000,000 s)
2025-06-06 16:07:51,622 INFO  - Already have ACK (at simulation time 229.000,000,000 s)
2025-06-06 16:07:51,622 INFO  - Already have ACK (at simulation time 229.000,000,000 s)
2025-06-06 16:07:51,622 INFO  - Already have ACK (at simulation time 229.000,000,000 s)
2025-06-06 16:07:51,622 INFO  - Already have ACK (at simulation time 229.000,000,000 s)
2025-06-06 16:07:51,622 INFO  - Already have ACK (at simulation time 229.000,000,000 s)
2025-06-06 16:07:51,622 INFO  - Already have ACK (at simulation time 229.000,000,000 s)
2025-06-06 16:07:51,622 INFO  - Already have ACK (at simulation time 229.000,000,000 s)
2025-06-06 16:07:51,622 INFO  - Already have ACK (at simulation time 229.000,000,000 s)
2025-06-06 16:07:51,622 INFO  - Already have ACK (at simulation time 229.000,000,000 s)
2025-06-06 16:07:51,625 INFO  - Already have ACK (at simulation time 230.000,000,000 s)
2025-06-06 16:07:51,626 INFO  - Already have ACK (at simulation time 230.000,000,000 s)
2025-06-06 16:07:51,626 INFO  - Already have ACK (at simulation time 230.000,000,000 s)
2025-06-06 16:07:51,626 INFO  - Already have ACK (at simulation time 230.000,000,000 s)
2025-06-06 16:07:51,626 INFO  - Already have ACK (at simulation time 230.000,000,000 s)
2025-06-06 16:07:51,626 INFO  - Already have ACK (at simulation time 230.000,000,000 s)
2025-06-06 16:07:51,626 INFO  - Already have ACK (at simulation time 230.000,000,000 s)
2025-06-06 16:07:51,626 INFO  - Already have ACK (at simulation time 230.000,000,000 s)
2025-06-06 16:07:51,626 INFO  - Already have ACK (at simulation time 230.000,000,000 s)
2025-06-06 16:07:51,626 INFO  - Already have ACK (at simulation time 230.000,000,000 s)
2025-06-06 16:07:51,626 INFO  - Already have ACK (at simulation time 230.000,000,000 s)
2025-06-06 16:07:51,626 INFO  - Already have ACK (at simulation time 230.000,000,000 s)
2025-06-06 16:07:51,627 INFO  - Already have ACK (at simulation time 230.000,000,000 s)
2025-06-06 16:07:51,627 INFO  - Already have ACK (at simulation time 230.000,000,000 s)
2025-06-06 16:07:51,627 INFO  - Already have ACK (at simulation time 230.000,000,000 s)
2025-06-06 16:07:51,627 INFO  - Already have ACK (at simulation time 230.000,000,000 s)
2025-06-06 16:07:51,627 INFO  - Already have ACK (at simulation time 230.000,000,000 s)
2025-06-06 16:07:51,627 INFO  - Already have ACK (at simulation time 230.000,000,000 s)
2025-06-06 16:07:51,627 INFO  - Already have ACK (at simulation time 230.000,000,000 s)
2025-06-06 16:07:51,627 INFO  - Already have ACK (at simulation time 230.000,000,000 s)
2025-06-06 16:07:51,627 INFO  - Already have ACK (at simulation time 230.000,000,000 s)
2025-06-06 16:07:51,627 INFO  - Already have ACK (at simulation time 230.000,000,000 s)
2025-06-06 16:07:51,627 INFO  - Already have ACK (at simulation time 230.000,000,000 s)
2025-06-06 16:07:51,627 INFO  - Already have ACK (at simulation time 230.000,000,000 s)
2025-06-06 16:07:51,627 INFO  - Already have ACK (at simulation time 230.000,000,000 s)
2025-06-06 16:07:51,627 INFO  - Already have ACK (at simulation time 230.000,000,000 s)
2025-06-06 16:07:51,627 INFO  - Already have ACK (at simulation time 230.000,000,000 s)
2025-06-06 16:07:51,627 INFO  - Already have ACK (at simulation time 230.000,000,000 s)
2025-06-06 16:07:51,628 INFO  - Already have ACK (at simulation time 230.000,000,000 s)
2025-06-06 16:07:51,628 INFO  - Already have ACK (at simulation time 230.000,000,000 s)
2025-06-06 16:07:51,628 INFO  - Already have ACK (at simulation time 230.000,000,000 s)
2025-06-06 16:07:51,628 INFO  - Already have ACK (at simulation time 230.000,000,000 s)
2025-06-06 16:07:51,628 INFO  - Already have ACK (at simulation time 230.000,000,000 s)
2025-06-06 16:07:51,628 INFO  - Already have ACK (at simulation time 230.000,000,000 s)
2025-06-06 16:07:51,628 INFO  - Already have ACK (at simulation time 230.000,000,000 s)
2025-06-06 16:07:51,628 INFO  - Already have ACK (at simulation time 230.000,000,000 s)
2025-06-06 16:07:51,628 INFO  - Already have ACK (at simulation time 230.000,000,000 s)
2025-06-06 16:07:51,628 INFO  - Already have ACK (at simulation time 230.000,000,000 s)
2025-06-06 16:07:51,628 INFO  - Already have ACK (at simulation time 230.000,000,000 s)
2025-06-06 16:07:51,628 INFO  - Already have ACK (at simulation time 230.000,000,000 s)
2025-06-06 16:07:51,628 INFO  - Already have ACK (at simulation time 230.000,000,000 s)
2025-06-06 16:07:51,628 INFO  - Already have ACK (at simulation time 230.000,000,000 s)
2025-06-06 16:07:51,628 INFO  - Already have ACK (at simulation time 230.000,000,000 s)
2025-06-06 16:07:51,628 INFO  - Already have ACK (at simulation time 230.000,000,000 s)
2025-06-06 16:07:51,628 INFO  - Already have ACK (at simulation time 230.000,000,000 s)
2025-06-06 16:07:51,628 INFO  - Already have ACK (at simulation time 230.000,000,000 s)
2025-06-06 16:07:51,628 INFO  - Already have ACK (at simulation time 230.000,000,000 s)
2025-06-06 16:07:51,628 INFO  - Already have ACK (at simulation time 230.000,000,000 s)
2025-06-06 16:07:51,629 INFO  - Already have ACK (at simulation time 230.000,000,000 s)
2025-06-06 16:07:51,629 INFO  - Already have ACK (at simulation time 230.000,000,000 s)
2025-06-06 16:07:51,631 INFO  - Received metrics from FogNode: avgR0=1.4782608695652173, avgR1=2.0 (at simulation time 230.003,800,000 s)
2025-06-06 16:07:51,632 INFO  - Sent periodic GreenWaveMsg: veh_34 on route r_0 (at simulation time 231.000,000,000 s)
2025-06-06 16:07:51,632 INFO  - Already have ACK (at simulation time 231.000,000,000 s)
2025-06-06 16:07:51,632 INFO  - Already have ACK (at simulation time 231.000,000,000 s)
2025-06-06 16:07:51,633 INFO  - Already have ACK (at simulation time 231.000,000,000 s)
2025-06-06 16:07:51,633 INFO  - Already have ACK (at simulation time 231.000,000,000 s)
2025-06-06 16:07:51,633 INFO  - Already have ACK (at simulation time 231.000,000,000 s)
2025-06-06 16:07:51,633 INFO  - Already have ACK (at simulation time 231.000,000,000 s)
2025-06-06 16:07:51,633 INFO  - Already have ACK (at simulation time 231.000,000,000 s)
2025-06-06 16:07:51,633 INFO  - Already have ACK (at simulation time 231.000,000,000 s)
2025-06-06 16:07:51,633 INFO  - Already have ACK (at simulation time 231.000,000,000 s)
2025-06-06 16:07:51,633 INFO  - Already have ACK (at simulation time 231.000,000,000 s)
2025-06-06 16:07:51,633 INFO  - Already have ACK (at simulation time 231.000,000,000 s)
2025-06-06 16:07:51,633 INFO  - Already have ACK (at simulation time 231.000,000,000 s)
2025-06-06 16:07:51,633 INFO  - Already have ACK (at simulation time 231.000,000,000 s)
2025-06-06 16:07:51,633 INFO  - Already have ACK (at simulation time 231.000,000,000 s)
2025-06-06 16:07:51,633 INFO  - Already have ACK (at simulation time 231.000,000,000 s)
2025-06-06 16:07:51,633 INFO  - Already have ACK (at simulation time 231.000,000,000 s)
2025-06-06 16:07:51,633 INFO  - Already have ACK (at simulation time 231.000,000,000 s)
2025-06-06 16:07:51,634 INFO  - Already have ACK (at simulation time 231.000,000,000 s)
2025-06-06 16:07:51,634 INFO  - Already have ACK (at simulation time 231.000,000,000 s)
2025-06-06 16:07:51,634 INFO  - Already have ACK (at simulation time 231.000,000,000 s)
2025-06-06 16:07:51,634 INFO  - Already have ACK (at simulation time 231.000,000,000 s)
2025-06-06 16:07:51,634 INFO  - Already have ACK (at simulation time 231.000,000,000 s)
2025-06-06 16:07:51,634 INFO  - Already have ACK (at simulation time 231.000,000,000 s)
2025-06-06 16:07:51,634 INFO  - Already have ACK (at simulation time 231.000,000,000 s)
2025-06-06 16:07:51,634 INFO  - Already have ACK (at simulation time 231.000,000,000 s)
2025-06-06 16:07:51,634 INFO  - Already have ACK (at simulation time 231.000,000,000 s)
2025-06-06 16:07:51,634 INFO  - Already have ACK (at simulation time 231.000,000,000 s)
2025-06-06 16:07:51,634 INFO  - Already have ACK (at simulation time 231.000,000,000 s)
2025-06-06 16:07:51,634 INFO  - Already have ACK (at simulation time 231.000,000,000 s)
2025-06-06 16:07:51,634 INFO  - Already have ACK (at simulation time 231.000,000,000 s)
2025-06-06 16:07:51,634 INFO  - Already have ACK (at simulation time 231.000,000,000 s)
2025-06-06 16:07:51,634 INFO  - Already have ACK (at simulation time 231.000,000,000 s)
2025-06-06 16:07:51,634 INFO  - Already have ACK (at simulation time 231.000,000,000 s)
2025-06-06 16:07:51,635 INFO  - Already have ACK (at simulation time 231.000,000,000 s)
2025-06-06 16:07:51,635 INFO  - Already have ACK (at simulation time 231.000,000,000 s)
2025-06-06 16:07:51,635 INFO  - Already have ACK (at simulation time 231.000,000,000 s)
2025-06-06 16:07:51,635 INFO  - Already have ACK (at simulation time 231.000,000,000 s)
2025-06-06 16:07:51,635 INFO  - Already have ACK (at simulation time 231.000,000,000 s)
2025-06-06 16:07:51,635 INFO  - Already have ACK (at simulation time 231.000,000,000 s)
2025-06-06 16:07:51,635 INFO  - Already have ACK (at simulation time 231.000,000,000 s)
2025-06-06 16:07:51,635 INFO  - Already have ACK (at simulation time 231.000,000,000 s)
2025-06-06 16:07:51,635 INFO  - Already have ACK (at simulation time 231.000,000,000 s)
2025-06-06 16:07:51,635 INFO  - Already have ACK (at simulation time 231.000,000,000 s)
2025-06-06 16:07:51,635 INFO  - Already have ACK (at simulation time 231.000,000,000 s)
2025-06-06 16:07:51,635 INFO  - Already have ACK (at simulation time 231.000,000,000 s)
2025-06-06 16:07:51,635 INFO  - Already have ACK (at simulation time 231.000,000,000 s)
2025-06-06 16:07:51,635 INFO  - Already have ACK (at simulation time 231.000,000,000 s)
2025-06-06 16:07:51,635 INFO  - Already have ACK (at simulation time 231.000,000,000 s)
2025-06-06 16:07:51,635 INFO  - Already have ACK (at simulation time 231.000,000,000 s)
2025-06-06 16:07:51,635 INFO  - Already have ACK (at simulation time 231.000,000,000 s)
2025-06-06 16:07:51,635 INFO  - Already have ACK (at simulation time 231.000,000,000 s)
2025-06-06 16:07:51,639 INFO  - Already have ACK (at simulation time 232.000,000,000 s)
2025-06-06 16:07:51,639 INFO  - Already have ACK (at simulation time 232.000,000,000 s)
2025-06-06 16:07:51,639 INFO  - Already have ACK (at simulation time 232.000,000,000 s)
2025-06-06 16:07:51,639 INFO  - Already have ACK (at simulation time 232.000,000,000 s)
2025-06-06 16:07:51,639 INFO  - Already have ACK (at simulation time 232.000,000,000 s)
2025-06-06 16:07:51,639 INFO  - Already have ACK (at simulation time 232.000,000,000 s)
2025-06-06 16:07:51,639 INFO  - Already have ACK (at simulation time 232.000,000,000 s)
2025-06-06 16:07:51,639 INFO  - Already have ACK (at simulation time 232.000,000,000 s)
2025-06-06 16:07:51,639 INFO  - Already have ACK (at simulation time 232.000,000,000 s)
2025-06-06 16:07:51,640 INFO  - Already have ACK (at simulation time 232.000,000,000 s)
2025-06-06 16:07:51,640 INFO  - Already have ACK (at simulation time 232.000,000,000 s)
2025-06-06 16:07:51,640 INFO  - Already have ACK (at simulation time 232.000,000,000 s)
2025-06-06 16:07:51,640 INFO  - Already have ACK (at simulation time 232.000,000,000 s)
2025-06-06 16:07:51,640 INFO  - Already have ACK (at simulation time 232.000,000,000 s)
2025-06-06 16:07:51,640 INFO  - Already have ACK (at simulation time 232.000,000,000 s)
2025-06-06 16:07:51,640 INFO  - Already have ACK (at simulation time 232.000,000,000 s)
2025-06-06 16:07:51,640 INFO  - Already have ACK (at simulation time 232.000,000,000 s)
2025-06-06 16:07:51,640 INFO  - Already have ACK (at simulation time 232.000,000,000 s)
2025-06-06 16:07:51,640 INFO  - Already have ACK (at simulation time 232.000,000,000 s)
2025-06-06 16:07:51,640 INFO  - Already have ACK (at simulation time 232.000,000,000 s)
2025-06-06 16:07:51,640 INFO  - Already have ACK (at simulation time 232.000,000,000 s)
2025-06-06 16:07:51,640 INFO  - Already have ACK (at simulation time 232.000,000,000 s)
2025-06-06 16:07:51,640 INFO  - Already have ACK (at simulation time 232.000,000,000 s)
2025-06-06 16:07:51,640 INFO  - Already have ACK (at simulation time 232.000,000,000 s)
2025-06-06 16:07:51,641 INFO  - Already have ACK (at simulation time 232.000,000,000 s)
2025-06-06 16:07:51,641 INFO  - Already have ACK (at simulation time 232.000,000,000 s)
2025-06-06 16:07:51,641 INFO  - Already have ACK (at simulation time 232.000,000,000 s)
2025-06-06 16:07:51,641 INFO  - Already have ACK (at simulation time 232.000,000,000 s)
2025-06-06 16:07:51,641 INFO  - Already have ACK (at simulation time 232.000,000,000 s)
2025-06-06 16:07:51,641 INFO  - Already have ACK (at simulation time 232.000,000,000 s)
2025-06-06 16:07:51,641 INFO  - Already have ACK (at simulation time 232.000,000,000 s)
2025-06-06 16:07:51,641 INFO  - Already have ACK (at simulation time 232.000,000,000 s)
2025-06-06 16:07:51,641 INFO  - Already have ACK (at simulation time 232.000,000,000 s)
2025-06-06 16:07:51,641 INFO  - Already have ACK (at simulation time 232.000,000,000 s)
2025-06-06 16:07:51,641 INFO  - Already have ACK (at simulation time 232.000,000,000 s)
2025-06-06 16:07:51,641 INFO  - Already have ACK (at simulation time 232.000,000,000 s)
2025-06-06 16:07:51,641 INFO  - Already have ACK (at simulation time 232.000,000,000 s)
2025-06-06 16:07:51,641 INFO  - Already have ACK (at simulation time 232.000,000,000 s)
2025-06-06 16:07:51,641 INFO  - Already have ACK (at simulation time 232.000,000,000 s)
2025-06-06 16:07:51,641 INFO  - Already have ACK (at simulation time 232.000,000,000 s)
2025-06-06 16:07:51,641 INFO  - Already have ACK (at simulation time 232.000,000,000 s)
2025-06-06 16:07:51,641 INFO  - Already have ACK (at simulation time 232.000,000,000 s)
2025-06-06 16:07:51,642 INFO  - Already have ACK (at simulation time 232.000,000,000 s)
2025-06-06 16:07:51,642 INFO  - Already have ACK (at simulation time 232.000,000,000 s)
2025-06-06 16:07:51,642 INFO  - Already have ACK (at simulation time 232.000,000,000 s)
2025-06-06 16:07:51,642 INFO  - Already have ACK (at simulation time 232.000,000,000 s)
2025-06-06 16:07:51,642 INFO  - Already have ACK (at simulation time 232.000,000,000 s)
2025-06-06 16:07:51,642 INFO  - Already have ACK (at simulation time 232.000,000,000 s)
2025-06-06 16:07:51,642 INFO  - Already have ACK (at simulation time 232.000,000,000 s)
2025-06-06 16:07:51,642 INFO  - Already have ACK (at simulation time 232.000,000,000 s)
2025-06-06 16:07:51,642 INFO  - Already have ACK (at simulation time 232.000,000,000 s)
2025-06-06 16:07:51,642 INFO  - Already have ACK (at simulation time 232.000,000,000 s)
2025-06-06 16:07:51,650 INFO  - Already have ACK (at simulation time 233.000,000,000 s)
2025-06-06 16:07:51,650 INFO  - Already have ACK (at simulation time 233.000,000,000 s)
2025-06-06 16:07:51,650 INFO  - Already have ACK (at simulation time 233.000,000,000 s)
2025-06-06 16:07:51,650 INFO  - Already have ACK (at simulation time 233.000,000,000 s)
2025-06-06 16:07:51,650 INFO  - Already have ACK (at simulation time 233.000,000,000 s)
2025-06-06 16:07:51,650 INFO  - Already have ACK (at simulation time 233.000,000,000 s)
2025-06-06 16:07:51,650 INFO  - Already have ACK (at simulation time 233.000,000,000 s)
2025-06-06 16:07:51,650 INFO  - Already have ACK (at simulation time 233.000,000,000 s)
2025-06-06 16:07:51,650 INFO  - Already have ACK (at simulation time 233.000,000,000 s)
2025-06-06 16:07:51,650 INFO  - Already have ACK (at simulation time 233.000,000,000 s)
2025-06-06 16:07:51,651 INFO  - Already have ACK (at simulation time 233.000,000,000 s)
2025-06-06 16:07:51,651 INFO  - Already have ACK (at simulation time 233.000,000,000 s)
2025-06-06 16:07:51,651 INFO  - Already have ACK (at simulation time 233.000,000,000 s)
2025-06-06 16:07:51,651 INFO  - Already have ACK (at simulation time 233.000,000,000 s)
2025-06-06 16:07:51,651 INFO  - Already have ACK (at simulation time 233.000,000,000 s)
2025-06-06 16:07:51,651 INFO  - Already have ACK (at simulation time 233.000,000,000 s)
2025-06-06 16:07:51,651 INFO  - Already have ACK (at simulation time 233.000,000,000 s)
2025-06-06 16:07:51,651 INFO  - Already have ACK (at simulation time 233.000,000,000 s)
2025-06-06 16:07:51,651 INFO  - Already have ACK (at simulation time 233.000,000,000 s)
2025-06-06 16:07:51,651 INFO  - Already have ACK (at simulation time 233.000,000,000 s)
2025-06-06 16:07:51,651 INFO  - Already have ACK (at simulation time 233.000,000,000 s)
2025-06-06 16:07:51,651 INFO  - Already have ACK (at simulation time 233.000,000,000 s)
2025-06-06 16:07:51,651 INFO  - Already have ACK (at simulation time 233.000,000,000 s)
2025-06-06 16:07:51,651 INFO  - Already have ACK (at simulation time 233.000,000,000 s)
2025-06-06 16:07:51,651 INFO  - Already have ACK (at simulation time 233.000,000,000 s)
2025-06-06 16:07:51,651 INFO  - Already have ACK (at simulation time 233.000,000,000 s)
2025-06-06 16:07:51,652 INFO  - Already have ACK (at simulation time 233.000,000,000 s)
2025-06-06 16:07:51,652 INFO  - Already have ACK (at simulation time 233.000,000,000 s)
2025-06-06 16:07:51,652 INFO  - Already have ACK (at simulation time 233.000,000,000 s)
2025-06-06 16:07:51,652 INFO  - Already have ACK (at simulation time 233.000,000,000 s)
2025-06-06 16:07:51,652 INFO  - Already have ACK (at simulation time 233.000,000,000 s)
2025-06-06 16:07:51,652 INFO  - Already have ACK (at simulation time 233.000,000,000 s)
2025-06-06 16:07:51,652 INFO  - Already have ACK (at simulation time 233.000,000,000 s)
2025-06-06 16:07:51,652 INFO  - Already have ACK (at simulation time 233.000,000,000 s)
2025-06-06 16:07:51,652 INFO  - Already have ACK (at simulation time 233.000,000,000 s)
2025-06-06 16:07:51,652 INFO  - Already have ACK (at simulation time 233.000,000,000 s)
2025-06-06 16:07:51,652 INFO  - Already have ACK (at simulation time 233.000,000,000 s)
2025-06-06 16:07:51,652 INFO  - Already have ACK (at simulation time 233.000,000,000 s)
2025-06-06 16:07:51,652 INFO  - Already have ACK (at simulation time 233.000,000,000 s)
2025-06-06 16:07:51,652 INFO  - Already have ACK (at simulation time 233.000,000,000 s)
2025-06-06 16:07:51,652 INFO  - Already have ACK (at simulation time 233.000,000,000 s)
2025-06-06 16:07:51,652 INFO  - Already have ACK (at simulation time 233.000,000,000 s)
2025-06-06 16:07:51,652 INFO  - Already have ACK (at simulation time 233.000,000,000 s)
2025-06-06 16:07:51,653 INFO  - Already have ACK (at simulation time 233.000,000,000 s)
2025-06-06 16:07:51,653 INFO  - Already have ACK (at simulation time 233.000,000,000 s)
2025-06-06 16:07:51,653 INFO  - Already have ACK (at simulation time 233.000,000,000 s)
2025-06-06 16:07:51,653 INFO  - Already have ACK (at simulation time 233.000,000,000 s)
2025-06-06 16:07:51,653 INFO  - Already have ACK (at simulation time 233.000,000,000 s)
2025-06-06 16:07:51,653 INFO  - Already have ACK (at simulation time 233.000,000,000 s)
2025-06-06 16:07:51,653 INFO  - Already have ACK (at simulation time 233.000,000,000 s)
2025-06-06 16:07:51,653 INFO  - Already have ACK (at simulation time 233.000,000,000 s)
2025-06-06 16:07:51,653 INFO  - Already have ACK (at simulation time 233.000,000,000 s)
2025-06-06 16:07:51,653 INFO  - Already have ACK (at simulation time 233.000,000,000 s)
2025-06-06 16:07:51,656 INFO  - Already have ACK (at simulation time 234.000,000,000 s)
2025-06-06 16:07:51,656 INFO  - Already have ACK (at simulation time 234.000,000,000 s)
2025-06-06 16:07:51,656 INFO  - Already have ACK (at simulation time 234.000,000,000 s)
2025-06-06 16:07:51,656 INFO  - Already have ACK (at simulation time 234.000,000,000 s)
2025-06-06 16:07:51,656 INFO  - Already have ACK (at simulation time 234.000,000,000 s)
2025-06-06 16:07:51,656 INFO  - Already have ACK (at simulation time 234.000,000,000 s)
2025-06-06 16:07:51,657 INFO  - Already have ACK (at simulation time 234.000,000,000 s)
2025-06-06 16:07:51,657 INFO  - Already have ACK (at simulation time 234.000,000,000 s)
2025-06-06 16:07:51,657 INFO  - Already have ACK (at simulation time 234.000,000,000 s)
2025-06-06 16:07:51,657 INFO  - Already have ACK (at simulation time 234.000,000,000 s)
2025-06-06 16:07:51,657 INFO  - Already have ACK (at simulation time 234.000,000,000 s)
2025-06-06 16:07:51,657 INFO  - Already have ACK (at simulation time 234.000,000,000 s)
2025-06-06 16:07:51,657 INFO  - Already have ACK (at simulation time 234.000,000,000 s)
2025-06-06 16:07:51,657 INFO  - Already have ACK (at simulation time 234.000,000,000 s)
2025-06-06 16:07:51,657 INFO  - Already have ACK (at simulation time 234.000,000,000 s)
2025-06-06 16:07:51,657 INFO  - Already have ACK (at simulation time 234.000,000,000 s)
2025-06-06 16:07:51,657 INFO  - Already have ACK (at simulation time 234.000,000,000 s)
2025-06-06 16:07:51,657 INFO  - Already have ACK (at simulation time 234.000,000,000 s)
2025-06-06 16:07:51,657 INFO  - Already have ACK (at simulation time 234.000,000,000 s)
2025-06-06 16:07:51,657 INFO  - Already have ACK (at simulation time 234.000,000,000 s)
2025-06-06 16:07:51,657 INFO  - Already have ACK (at simulation time 234.000,000,000 s)
2025-06-06 16:07:51,658 INFO  - Already have ACK (at simulation time 234.000,000,000 s)
2025-06-06 16:07:51,658 INFO  - Already have ACK (at simulation time 234.000,000,000 s)
2025-06-06 16:07:51,658 INFO  - Already have ACK (at simulation time 234.000,000,000 s)
2025-06-06 16:07:51,658 INFO  - Already have ACK (at simulation time 234.000,000,000 s)
2025-06-06 16:07:51,658 INFO  - Already have ACK (at simulation time 234.000,000,000 s)
2025-06-06 16:07:51,658 INFO  - Already have ACK (at simulation time 234.000,000,000 s)
2025-06-06 16:07:51,658 INFO  - Already have ACK (at simulation time 234.000,000,000 s)
2025-06-06 16:07:51,658 INFO  - Already have ACK (at simulation time 234.000,000,000 s)
2025-06-06 16:07:51,658 INFO  - Already have ACK (at simulation time 234.000,000,000 s)
2025-06-06 16:07:51,658 INFO  - Already have ACK (at simulation time 234.000,000,000 s)
2025-06-06 16:07:51,658 INFO  - Already have ACK (at simulation time 234.000,000,000 s)
2025-06-06 16:07:51,658 INFO  - Already have ACK (at simulation time 234.000,000,000 s)
2025-06-06 16:07:51,658 INFO  - Already have ACK (at simulation time 234.000,000,000 s)
2025-06-06 16:07:51,658 INFO  - Already have ACK (at simulation time 234.000,000,000 s)
2025-06-06 16:07:51,658 INFO  - Already have ACK (at simulation time 234.000,000,000 s)
2025-06-06 16:07:51,658 INFO  - Already have ACK (at simulation time 234.000,000,000 s)
2025-06-06 16:07:51,659 INFO  - Already have ACK (at simulation time 234.000,000,000 s)
2025-06-06 16:07:51,659 INFO  - Already have ACK (at simulation time 234.000,000,000 s)
2025-06-06 16:07:51,659 INFO  - Already have ACK (at simulation time 234.000,000,000 s)
2025-06-06 16:07:51,659 INFO  - Already have ACK (at simulation time 234.000,000,000 s)
2025-06-06 16:07:51,659 INFO  - Already have ACK (at simulation time 234.000,000,000 s)
2025-06-06 16:07:51,659 INFO  - Already have ACK (at simulation time 234.000,000,000 s)
2025-06-06 16:07:51,659 INFO  - Already have ACK (at simulation time 234.000,000,000 s)
2025-06-06 16:07:51,659 INFO  - Already have ACK (at simulation time 234.000,000,000 s)
2025-06-06 16:07:51,659 INFO  - Already have ACK (at simulation time 234.000,000,000 s)
2025-06-06 16:07:51,659 INFO  - Already have ACK (at simulation time 234.000,000,000 s)
2025-06-06 16:07:51,659 INFO  - Already have ACK (at simulation time 234.000,000,000 s)
2025-06-06 16:07:51,659 INFO  - Already have ACK (at simulation time 234.000,000,000 s)
2025-06-06 16:07:51,659 INFO  - Already have ACK (at simulation time 234.000,000,000 s)
2025-06-06 16:07:51,659 INFO  - Already have ACK (at simulation time 234.000,000,000 s)
2025-06-06 16:07:51,659 INFO  - Already have ACK (at simulation time 234.000,000,000 s)
2025-06-06 16:07:51,659 INFO  - Already have ACK (at simulation time 234.000,000,000 s)
2025-06-06 16:07:51,659 INFO  - Already have ACK (at simulation time 234.000,000,000 s)
2025-06-06 16:07:51,663 INFO  - Already have ACK (at simulation time 235.000,000,000 s)
2025-06-06 16:07:51,663 INFO  - Already have ACK (at simulation time 235.000,000,000 s)
2025-06-06 16:07:51,663 INFO  - Already have ACK (at simulation time 235.000,000,000 s)
2025-06-06 16:07:51,663 INFO  - Already have ACK (at simulation time 235.000,000,000 s)
2025-06-06 16:07:51,663 INFO  - Already have ACK (at simulation time 235.000,000,000 s)
2025-06-06 16:07:51,663 INFO  - Already have ACK (at simulation time 235.000,000,000 s)
2025-06-06 16:07:51,663 INFO  - Already have ACK (at simulation time 235.000,000,000 s)
2025-06-06 16:07:51,664 INFO  - Already have ACK (at simulation time 235.000,000,000 s)
2025-06-06 16:07:51,664 INFO  - Already have ACK (at simulation time 235.000,000,000 s)
2025-06-06 16:07:51,664 INFO  - Already have ACK (at simulation time 235.000,000,000 s)
2025-06-06 16:07:51,664 INFO  - Already have ACK (at simulation time 235.000,000,000 s)
2025-06-06 16:07:51,664 INFO  - Already have ACK (at simulation time 235.000,000,000 s)
2025-06-06 16:07:51,664 INFO  - Already have ACK (at simulation time 235.000,000,000 s)
2025-06-06 16:07:51,664 INFO  - Already have ACK (at simulation time 235.000,000,000 s)
2025-06-06 16:07:51,664 INFO  - Already have ACK (at simulation time 235.000,000,000 s)
2025-06-06 16:07:51,664 INFO  - Already have ACK (at simulation time 235.000,000,000 s)
2025-06-06 16:07:51,664 INFO  - Already have ACK (at simulation time 235.000,000,000 s)
2025-06-06 16:07:51,664 INFO  - Already have ACK (at simulation time 235.000,000,000 s)
2025-06-06 16:07:51,664 INFO  - Already have ACK (at simulation time 235.000,000,000 s)
2025-06-06 16:07:51,664 INFO  - Already have ACK (at simulation time 235.000,000,000 s)
2025-06-06 16:07:51,664 INFO  - Already have ACK (at simulation time 235.000,000,000 s)
2025-06-06 16:07:51,665 INFO  - Already have ACK (at simulation time 235.000,000,000 s)
2025-06-06 16:07:51,665 INFO  - Already have ACK (at simulation time 235.000,000,000 s)
2025-06-06 16:07:51,665 INFO  - Already have ACK (at simulation time 235.000,000,000 s)
2025-06-06 16:07:51,665 INFO  - Already have ACK (at simulation time 235.000,000,000 s)
2025-06-06 16:07:51,665 INFO  - Already have ACK (at simulation time 235.000,000,000 s)
2025-06-06 16:07:51,665 INFO  - Already have ACK (at simulation time 235.000,000,000 s)
2025-06-06 16:07:51,665 INFO  - Already have ACK (at simulation time 235.000,000,000 s)
2025-06-06 16:07:51,665 INFO  - Already have ACK (at simulation time 235.000,000,000 s)
2025-06-06 16:07:51,665 INFO  - Already have ACK (at simulation time 235.000,000,000 s)
2025-06-06 16:07:51,665 INFO  - Already have ACK (at simulation time 235.000,000,000 s)
2025-06-06 16:07:51,665 INFO  - Already have ACK (at simulation time 235.000,000,000 s)
2025-06-06 16:07:51,665 INFO  - Already have ACK (at simulation time 235.000,000,000 s)
2025-06-06 16:07:51,665 INFO  - Already have ACK (at simulation time 235.000,000,000 s)
2025-06-06 16:07:51,665 INFO  - Already have ACK (at simulation time 235.000,000,000 s)
2025-06-06 16:07:51,665 INFO  - Already have ACK (at simulation time 235.000,000,000 s)
2025-06-06 16:07:51,665 INFO  - Already have ACK (at simulation time 235.000,000,000 s)
2025-06-06 16:07:51,666 INFO  - Already have ACK (at simulation time 235.000,000,000 s)
2025-06-06 16:07:51,666 INFO  - Already have ACK (at simulation time 235.000,000,000 s)
2025-06-06 16:07:51,666 INFO  - Already have ACK (at simulation time 235.000,000,000 s)
2025-06-06 16:07:51,666 INFO  - Already have ACK (at simulation time 235.000,000,000 s)
2025-06-06 16:07:51,666 INFO  - Already have ACK (at simulation time 235.000,000,000 s)
2025-06-06 16:07:51,666 INFO  - Already have ACK (at simulation time 235.000,000,000 s)
2025-06-06 16:07:51,666 INFO  - Already have ACK (at simulation time 235.000,000,000 s)
2025-06-06 16:07:51,666 INFO  - Already have ACK (at simulation time 235.000,000,000 s)
2025-06-06 16:07:51,666 INFO  - Already have ACK (at simulation time 235.000,000,000 s)
2025-06-06 16:07:51,666 INFO  - Already have ACK (at simulation time 235.000,000,000 s)
2025-06-06 16:07:51,666 INFO  - Already have ACK (at simulation time 235.000,000,000 s)
2025-06-06 16:07:51,666 INFO  - Already have ACK (at simulation time 235.000,000,000 s)
2025-06-06 16:07:51,666 INFO  - Already have ACK (at simulation time 235.000,000,000 s)
2025-06-06 16:07:51,666 INFO  - Already have ACK (at simulation time 235.000,000,000 s)
2025-06-06 16:07:51,666 INFO  - Already have ACK (at simulation time 235.000,000,000 s)
2025-06-06 16:07:51,666 INFO  - Already have ACK (at simulation time 235.000,000,000 s)
2025-06-06 16:07:51,666 INFO  - Already have ACK (at simulation time 235.000,000,000 s)
2025-06-06 16:07:51,666 INFO  - Already have ACK (at simulation time 235.000,000,000 s)
2025-06-06 16:07:51,670 INFO  - Sent periodic GreenWaveMsg: veh_34 on route r_0 (at simulation time 236.000,000,000 s)
2025-06-06 16:07:51,670 INFO  - Already have ACK (at simulation time 236.000,000,000 s)
2025-06-06 16:07:51,670 INFO  - Already have ACK (at simulation time 236.000,000,000 s)
2025-06-06 16:07:51,670 INFO  - Already have ACK (at simulation time 236.000,000,000 s)
2025-06-06 16:07:51,670 INFO  - Already have ACK (at simulation time 236.000,000,000 s)
2025-06-06 16:07:51,670 INFO  - Already have ACK (at simulation time 236.000,000,000 s)
2025-06-06 16:07:51,670 INFO  - Already have ACK (at simulation time 236.000,000,000 s)
2025-06-06 16:07:51,670 INFO  - Already have ACK (at simulation time 236.000,000,000 s)
2025-06-06 16:07:51,670 INFO  - Already have ACK (at simulation time 236.000,000,000 s)
2025-06-06 16:07:51,671 INFO  - Already have ACK (at simulation time 236.000,000,000 s)
2025-06-06 16:07:51,671 INFO  - Already have ACK (at simulation time 236.000,000,000 s)
2025-06-06 16:07:51,671 INFO  - Already have ACK (at simulation time 236.000,000,000 s)
2025-06-06 16:07:51,671 INFO  - Already have ACK (at simulation time 236.000,000,000 s)
2025-06-06 16:07:51,671 INFO  - Already have ACK (at simulation time 236.000,000,000 s)
2025-06-06 16:07:51,671 INFO  - Already have ACK (at simulation time 236.000,000,000 s)
2025-06-06 16:07:51,671 INFO  - Already have ACK (at simulation time 236.000,000,000 s)
2025-06-06 16:07:51,671 INFO  - Already have ACK (at simulation time 236.000,000,000 s)
2025-06-06 16:07:51,671 INFO  - Already have ACK (at simulation time 236.000,000,000 s)
2025-06-06 16:07:51,671 INFO  - Already have ACK (at simulation time 236.000,000,000 s)
2025-06-06 16:07:51,671 INFO  - Already have ACK (at simulation time 236.000,000,000 s)
2025-06-06 16:07:51,671 INFO  - Already have ACK (at simulation time 236.000,000,000 s)
2025-06-06 16:07:51,671 INFO  - Already have ACK (at simulation time 236.000,000,000 s)
2025-06-06 16:07:51,672 INFO  - Already have ACK (at simulation time 236.000,000,000 s)
2025-06-06 16:07:51,672 INFO  - Already have ACK (at simulation time 236.000,000,000 s)
2025-06-06 16:07:51,672 INFO  - Already have ACK (at simulation time 236.000,000,000 s)
2025-06-06 16:07:51,672 INFO  - Already have ACK (at simulation time 236.000,000,000 s)
2025-06-06 16:07:51,672 INFO  - Already have ACK (at simulation time 236.000,000,000 s)
2025-06-06 16:07:51,672 INFO  - Already have ACK (at simulation time 236.000,000,000 s)
2025-06-06 16:07:51,672 INFO  - Already have ACK (at simulation time 236.000,000,000 s)
2025-06-06 16:07:51,672 INFO  - Already have ACK (at simulation time 236.000,000,000 s)
2025-06-06 16:07:51,672 INFO  - Already have ACK (at simulation time 236.000,000,000 s)
2025-06-06 16:07:51,672 INFO  - Already have ACK (at simulation time 236.000,000,000 s)
2025-06-06 16:07:51,672 INFO  - Already have ACK (at simulation time 236.000,000,000 s)
2025-06-06 16:07:51,672 INFO  - Already have ACK (at simulation time 236.000,000,000 s)
2025-06-06 16:07:51,672 INFO  - Already have ACK (at simulation time 236.000,000,000 s)
2025-06-06 16:07:51,672 INFO  - Already have ACK (at simulation time 236.000,000,000 s)
2025-06-06 16:07:51,672 INFO  - Already have ACK (at simulation time 236.000,000,000 s)
2025-06-06 16:07:51,672 INFO  - Already have ACK (at simulation time 236.000,000,000 s)
2025-06-06 16:07:51,672 INFO  - Already have ACK (at simulation time 236.000,000,000 s)
2025-06-06 16:07:51,673 INFO  - Already have ACK (at simulation time 236.000,000,000 s)
2025-06-06 16:07:51,673 INFO  - Already have ACK (at simulation time 236.000,000,000 s)
2025-06-06 16:07:51,673 INFO  - Already have ACK (at simulation time 236.000,000,000 s)
2025-06-06 16:07:51,673 INFO  - Already have ACK (at simulation time 236.000,000,000 s)
2025-06-06 16:07:51,673 INFO  - Already have ACK (at simulation time 236.000,000,000 s)
2025-06-06 16:07:51,673 INFO  - Already have ACK (at simulation time 236.000,000,000 s)
2025-06-06 16:07:51,673 INFO  - Already have ACK (at simulation time 236.000,000,000 s)
2025-06-06 16:07:51,673 INFO  - Already have ACK (at simulation time 236.000,000,000 s)
2025-06-06 16:07:51,673 INFO  - Already have ACK (at simulation time 236.000,000,000 s)
2025-06-06 16:07:51,673 INFO  - Already have ACK (at simulation time 236.000,000,000 s)
2025-06-06 16:07:51,673 INFO  - Already have ACK (at simulation time 236.000,000,000 s)
2025-06-06 16:07:51,673 INFO  - Already have ACK (at simulation time 236.000,000,000 s)
2025-06-06 16:07:51,673 INFO  - Already have ACK (at simulation time 236.000,000,000 s)
2025-06-06 16:07:51,673 INFO  - Already have ACK (at simulation time 236.000,000,000 s)
2025-06-06 16:07:51,673 INFO  - Already have ACK (at simulation time 236.000,000,000 s)
2025-06-06 16:07:51,673 INFO  - Already have ACK (at simulation time 236.000,000,000 s)
2025-06-06 16:07:51,673 INFO  - Already have ACK (at simulation time 236.000,000,000 s)
2025-06-06 16:07:51,673 INFO  - Already have ACK (at simulation time 236.000,000,000 s)
2025-06-06 16:07:51,677 INFO  - Already have ACK (at simulation time 237.000,000,000 s)
2025-06-06 16:07:51,677 INFO  - Already have ACK (at simulation time 237.000,000,000 s)
2025-06-06 16:07:51,677 INFO  - Already have ACK (at simulation time 237.000,000,000 s)
2025-06-06 16:07:51,677 INFO  - Already have ACK (at simulation time 237.000,000,000 s)
2025-06-06 16:07:51,678 INFO  - Already have ACK (at simulation time 237.000,000,000 s)
2025-06-06 16:07:51,678 INFO  - Already have ACK (at simulation time 237.000,000,000 s)
2025-06-06 16:07:51,678 INFO  - Already have ACK (at simulation time 237.000,000,000 s)
2025-06-06 16:07:51,678 INFO  - Already have ACK (at simulation time 237.000,000,000 s)
2025-06-06 16:07:51,678 INFO  - Already have ACK (at simulation time 237.000,000,000 s)
2025-06-06 16:07:51,678 INFO  - Already have ACK (at simulation time 237.000,000,000 s)
2025-06-06 16:07:51,678 INFO  - Already have ACK (at simulation time 237.000,000,000 s)
2025-06-06 16:07:51,678 INFO  - Already have ACK (at simulation time 237.000,000,000 s)
2025-06-06 16:07:51,678 INFO  - Already have ACK (at simulation time 237.000,000,000 s)
2025-06-06 16:07:51,678 INFO  - Already have ACK (at simulation time 237.000,000,000 s)
2025-06-06 16:07:51,678 INFO  - Already have ACK (at simulation time 237.000,000,000 s)
2025-06-06 16:07:51,678 INFO  - Already have ACK (at simulation time 237.000,000,000 s)
2025-06-06 16:07:51,678 INFO  - Already have ACK (at simulation time 237.000,000,000 s)
2025-06-06 16:07:51,678 INFO  - Already have ACK (at simulation time 237.000,000,000 s)
2025-06-06 16:07:51,679 INFO  - Already have ACK (at simulation time 237.000,000,000 s)
2025-06-06 16:07:51,679 INFO  - Already have ACK (at simulation time 237.000,000,000 s)
2025-06-06 16:07:51,679 INFO  - Already have ACK (at simulation time 237.000,000,000 s)
2025-06-06 16:07:51,679 INFO  - Already have ACK (at simulation time 237.000,000,000 s)
2025-06-06 16:07:51,679 INFO  - Already have ACK (at simulation time 237.000,000,000 s)
2025-06-06 16:07:51,679 INFO  - Already have ACK (at simulation time 237.000,000,000 s)
2025-06-06 16:07:51,679 INFO  - Already have ACK (at simulation time 237.000,000,000 s)
2025-06-06 16:07:51,679 INFO  - Already have ACK (at simulation time 237.000,000,000 s)
2025-06-06 16:07:51,679 INFO  - Already have ACK (at simulation time 237.000,000,000 s)
2025-06-06 16:07:51,679 INFO  - Already have ACK (at simulation time 237.000,000,000 s)
2025-06-06 16:07:51,679 INFO  - Already have ACK (at simulation time 237.000,000,000 s)
2025-06-06 16:07:51,679 INFO  - Already have ACK (at simulation time 237.000,000,000 s)
2025-06-06 16:07:51,679 INFO  - Already have ACK (at simulation time 237.000,000,000 s)
2025-06-06 16:07:51,679 INFO  - Already have ACK (at simulation time 237.000,000,000 s)
2025-06-06 16:07:51,679 INFO  - Already have ACK (at simulation time 237.000,000,000 s)
2025-06-06 16:07:51,680 INFO  - Already have ACK (at simulation time 237.000,000,000 s)
2025-06-06 16:07:51,680 INFO  - Already have ACK (at simulation time 237.000,000,000 s)
2025-06-06 16:07:51,680 INFO  - Already have ACK (at simulation time 237.000,000,000 s)
2025-06-06 16:07:51,680 INFO  - Already have ACK (at simulation time 237.000,000,000 s)
2025-06-06 16:07:51,680 INFO  - Already have ACK (at simulation time 237.000,000,000 s)
2025-06-06 16:07:51,680 INFO  - Already have ACK (at simulation time 237.000,000,000 s)
2025-06-06 16:07:51,680 INFO  - Already have ACK (at simulation time 237.000,000,000 s)
2025-06-06 16:07:51,680 INFO  - Already have ACK (at simulation time 237.000,000,000 s)
2025-06-06 16:07:51,680 INFO  - Already have ACK (at simulation time 237.000,000,000 s)
2025-06-06 16:07:51,680 INFO  - Already have ACK (at simulation time 237.000,000,000 s)
2025-06-06 16:07:51,680 INFO  - Already have ACK (at simulation time 237.000,000,000 s)
2025-06-06 16:07:51,680 INFO  - Already have ACK (at simulation time 237.000,000,000 s)
2025-06-06 16:07:51,680 INFO  - Already have ACK (at simulation time 237.000,000,000 s)
2025-06-06 16:07:51,680 INFO  - Already have ACK (at simulation time 237.000,000,000 s)
2025-06-06 16:07:51,680 INFO  - Already have ACK (at simulation time 237.000,000,000 s)
2025-06-06 16:07:51,680 INFO  - Already have ACK (at simulation time 237.000,000,000 s)
2025-06-06 16:07:51,680 INFO  - Already have ACK (at simulation time 237.000,000,000 s)
2025-06-06 16:07:51,680 INFO  - Already have ACK (at simulation time 237.000,000,000 s)
2025-06-06 16:07:51,681 INFO  - Already have ACK (at simulation time 237.000,000,000 s)
2025-06-06 16:07:51,681 INFO  - Already have ACK (at simulation time 237.000,000,000 s)
2025-06-06 16:07:51,681 INFO  - Already have ACK (at simulation time 237.000,000,000 s)
2025-06-06 16:07:51,681 INFO  - Already have ACK (at simulation time 237.000,000,000 s)
2025-06-06 16:07:51,681 INFO  - Already have ACK (at simulation time 237.000,000,000 s)
2025-06-06 16:07:51,681 INFO  - Already have ACK (at simulation time 237.000,000,000 s)
2025-06-06 16:07:51,684 INFO  - Already have ACK (at simulation time 238.000,000,000 s)
2025-06-06 16:07:51,684 INFO  - Already have ACK (at simulation time 238.000,000,000 s)
2025-06-06 16:07:51,684 INFO  - Already have ACK (at simulation time 238.000,000,000 s)
2025-06-06 16:07:51,685 INFO  - Already have ACK (at simulation time 238.000,000,000 s)
2025-06-06 16:07:51,685 INFO  - Already have ACK (at simulation time 238.000,000,000 s)
2025-06-06 16:07:51,685 INFO  - Already have ACK (at simulation time 238.000,000,000 s)
2025-06-06 16:07:51,685 INFO  - Already have ACK (at simulation time 238.000,000,000 s)
2025-06-06 16:07:51,685 INFO  - Already have ACK (at simulation time 238.000,000,000 s)
2025-06-06 16:07:51,685 INFO  - Already have ACK (at simulation time 238.000,000,000 s)
2025-06-06 16:07:51,685 INFO  - Already have ACK (at simulation time 238.000,000,000 s)
2025-06-06 16:07:51,685 INFO  - Already have ACK (at simulation time 238.000,000,000 s)
2025-06-06 16:07:51,685 INFO  - Already have ACK (at simulation time 238.000,000,000 s)
2025-06-06 16:07:51,685 INFO  - Already have ACK (at simulation time 238.000,000,000 s)
2025-06-06 16:07:51,685 INFO  - Already have ACK (at simulation time 238.000,000,000 s)
2025-06-06 16:07:51,685 INFO  - Already have ACK (at simulation time 238.000,000,000 s)
2025-06-06 16:07:51,686 INFO  - Already have ACK (at simulation time 238.000,000,000 s)
2025-06-06 16:07:51,686 INFO  - Already have ACK (at simulation time 238.000,000,000 s)
2025-06-06 16:07:51,686 INFO  - Already have ACK (at simulation time 238.000,000,000 s)
2025-06-06 16:07:51,686 INFO  - Already have ACK (at simulation time 238.000,000,000 s)
2025-06-06 16:07:51,686 INFO  - Already have ACK (at simulation time 238.000,000,000 s)
2025-06-06 16:07:51,686 INFO  - Already have ACK (at simulation time 238.000,000,000 s)
2025-06-06 16:07:51,686 INFO  - Already have ACK (at simulation time 238.000,000,000 s)
2025-06-06 16:07:51,686 INFO  - Already have ACK (at simulation time 238.000,000,000 s)
2025-06-06 16:07:51,686 INFO  - Already have ACK (at simulation time 238.000,000,000 s)
2025-06-06 16:07:51,686 INFO  - Already have ACK (at simulation time 238.000,000,000 s)
2025-06-06 16:07:51,686 INFO  - Already have ACK (at simulation time 238.000,000,000 s)
2025-06-06 16:07:51,686 INFO  - Already have ACK (at simulation time 238.000,000,000 s)
2025-06-06 16:07:51,686 INFO  - Already have ACK (at simulation time 238.000,000,000 s)
2025-06-06 16:07:51,686 INFO  - Already have ACK (at simulation time 238.000,000,000 s)
2025-06-06 16:07:51,686 INFO  - Already have ACK (at simulation time 238.000,000,000 s)
2025-06-06 16:07:51,687 INFO  - Already have ACK (at simulation time 238.000,000,000 s)
2025-06-06 16:07:51,687 INFO  - Already have ACK (at simulation time 238.000,000,000 s)
2025-06-06 16:07:51,687 INFO  - Already have ACK (at simulation time 238.000,000,000 s)
2025-06-06 16:07:51,687 INFO  - Already have ACK (at simulation time 238.000,000,000 s)
2025-06-06 16:07:51,687 INFO  - Already have ACK (at simulation time 238.000,000,000 s)
2025-06-06 16:07:51,687 INFO  - Already have ACK (at simulation time 238.000,000,000 s)
2025-06-06 16:07:51,687 INFO  - Already have ACK (at simulation time 238.000,000,000 s)
2025-06-06 16:07:51,687 INFO  - Already have ACK (at simulation time 238.000,000,000 s)
2025-06-06 16:07:51,687 INFO  - Already have ACK (at simulation time 238.000,000,000 s)
2025-06-06 16:07:51,687 INFO  - Already have ACK (at simulation time 238.000,000,000 s)
2025-06-06 16:07:51,687 INFO  - Already have ACK (at simulation time 238.000,000,000 s)
2025-06-06 16:07:51,687 INFO  - Already have ACK (at simulation time 238.000,000,000 s)
2025-06-06 16:07:51,687 INFO  - Already have ACK (at simulation time 238.000,000,000 s)
2025-06-06 16:07:51,687 INFO  - Already have ACK (at simulation time 238.000,000,000 s)
2025-06-06 16:07:51,687 INFO  - Already have ACK (at simulation time 238.000,000,000 s)
2025-06-06 16:07:51,687 INFO  - Already have ACK (at simulation time 238.000,000,000 s)
2025-06-06 16:07:51,687 INFO  - Already have ACK (at simulation time 238.000,000,000 s)
2025-06-06 16:07:51,687 INFO  - Already have ACK (at simulation time 238.000,000,000 s)
2025-06-06 16:07:51,688 INFO  - Already have ACK (at simulation time 238.000,000,000 s)
2025-06-06 16:07:51,688 INFO  - Already have ACK (at simulation time 238.000,000,000 s)
2025-06-06 16:07:51,688 INFO  - Already have ACK (at simulation time 238.000,000,000 s)
2025-06-06 16:07:51,688 INFO  - Already have ACK (at simulation time 238.000,000,000 s)
2025-06-06 16:07:51,688 INFO  - Already have ACK (at simulation time 238.000,000,000 s)
2025-06-06 16:07:51,688 INFO  - Already have ACK (at simulation time 238.000,000,000 s)
2025-06-06 16:07:51,688 INFO  - Already have ACK (at simulation time 238.000,000,000 s)
2025-06-06 16:07:51,688 INFO  - Already have ACK (at simulation time 238.000,000,000 s)
2025-06-06 16:07:51,688 INFO  - Already have ACK (at simulation time 238.000,000,000 s)
2025-06-06 16:07:51,688 INFO  - Already have ACK (at simulation time 238.000,000,000 s)
2025-06-06 16:07:51,691 INFO  - Already have ACK (at simulation time 239.000,000,000 s)
2025-06-06 16:07:51,691 INFO  - Already have ACK (at simulation time 239.000,000,000 s)
2025-06-06 16:07:51,691 INFO  - Already have ACK (at simulation time 239.000,000,000 s)
2025-06-06 16:07:51,691 INFO  - Already have ACK (at simulation time 239.000,000,000 s)
2025-06-06 16:07:51,691 INFO  - Already have ACK (at simulation time 239.000,000,000 s)
2025-06-06 16:07:51,691 INFO  - Already have ACK (at simulation time 239.000,000,000 s)
2025-06-06 16:07:51,691 INFO  - Already have ACK (at simulation time 239.000,000,000 s)
2025-06-06 16:07:51,691 INFO  - Already have ACK (at simulation time 239.000,000,000 s)
2025-06-06 16:07:51,691 INFO  - Already have ACK (at simulation time 239.000,000,000 s)
2025-06-06 16:07:51,692 INFO  - Already have ACK (at simulation time 239.000,000,000 s)
2025-06-06 16:07:51,692 INFO  - Already have ACK (at simulation time 239.000,000,000 s)
2025-06-06 16:07:51,692 INFO  - Already have ACK (at simulation time 239.000,000,000 s)
2025-06-06 16:07:51,692 INFO  - Already have ACK (at simulation time 239.000,000,000 s)
2025-06-06 16:07:51,692 INFO  - Already have ACK (at simulation time 239.000,000,000 s)
2025-06-06 16:07:51,692 INFO  - Already have ACK (at simulation time 239.000,000,000 s)
2025-06-06 16:07:51,692 INFO  - Already have ACK (at simulation time 239.000,000,000 s)
2025-06-06 16:07:51,692 INFO  - Already have ACK (at simulation time 239.000,000,000 s)
2025-06-06 16:07:51,692 INFO  - Already have ACK (at simulation time 239.000,000,000 s)
2025-06-06 16:07:51,692 INFO  - Already have ACK (at simulation time 239.000,000,000 s)
2025-06-06 16:07:51,692 INFO  - Already have ACK (at simulation time 239.000,000,000 s)
2025-06-06 16:07:51,692 INFO  - Already have ACK (at simulation time 239.000,000,000 s)
2025-06-06 16:07:51,692 INFO  - Already have ACK (at simulation time 239.000,000,000 s)
2025-06-06 16:07:51,692 INFO  - Already have ACK (at simulation time 239.000,000,000 s)
2025-06-06 16:07:51,692 INFO  - Already have ACK (at simulation time 239.000,000,000 s)
2025-06-06 16:07:51,693 INFO  - Already have ACK (at simulation time 239.000,000,000 s)
2025-06-06 16:07:51,693 INFO  - Already have ACK (at simulation time 239.000,000,000 s)
2025-06-06 16:07:51,693 INFO  - Already have ACK (at simulation time 239.000,000,000 s)
2025-06-06 16:07:51,693 INFO  - Already have ACK (at simulation time 239.000,000,000 s)
2025-06-06 16:07:51,693 INFO  - Already have ACK (at simulation time 239.000,000,000 s)
2025-06-06 16:07:51,693 INFO  - Already have ACK (at simulation time 239.000,000,000 s)
2025-06-06 16:07:51,693 INFO  - Already have ACK (at simulation time 239.000,000,000 s)
2025-06-06 16:07:51,693 INFO  - Already have ACK (at simulation time 239.000,000,000 s)
2025-06-06 16:07:51,693 INFO  - Already have ACK (at simulation time 239.000,000,000 s)
2025-06-06 16:07:51,693 INFO  - Already have ACK (at simulation time 239.000,000,000 s)
2025-06-06 16:07:51,693 INFO  - Already have ACK (at simulation time 239.000,000,000 s)
2025-06-06 16:07:51,693 INFO  - Already have ACK (at simulation time 239.000,000,000 s)
2025-06-06 16:07:51,693 INFO  - Already have ACK (at simulation time 239.000,000,000 s)
2025-06-06 16:07:51,693 INFO  - Already have ACK (at simulation time 239.000,000,000 s)
2025-06-06 16:07:51,693 INFO  - Already have ACK (at simulation time 239.000,000,000 s)
2025-06-06 16:07:51,693 INFO  - Already have ACK (at simulation time 239.000,000,000 s)
2025-06-06 16:07:51,693 INFO  - Already have ACK (at simulation time 239.000,000,000 s)
2025-06-06 16:07:51,693 INFO  - Already have ACK (at simulation time 239.000,000,000 s)
2025-06-06 16:07:51,694 INFO  - Already have ACK (at simulation time 239.000,000,000 s)
2025-06-06 16:07:51,694 INFO  - Already have ACK (at simulation time 239.000,000,000 s)
2025-06-06 16:07:51,694 INFO  - Already have ACK (at simulation time 239.000,000,000 s)
2025-06-06 16:07:51,694 INFO  - Already have ACK (at simulation time 239.000,000,000 s)
2025-06-06 16:07:51,694 INFO  - Already have ACK (at simulation time 239.000,000,000 s)
2025-06-06 16:07:51,694 INFO  - Already have ACK (at simulation time 239.000,000,000 s)
2025-06-06 16:07:51,694 INFO  - Already have ACK (at simulation time 239.000,000,000 s)
2025-06-06 16:07:51,694 INFO  - Already have ACK (at simulation time 239.000,000,000 s)
2025-06-06 16:07:51,694 INFO  - Already have ACK (at simulation time 239.000,000,000 s)
2025-06-06 16:07:51,694 INFO  - Already have ACK (at simulation time 239.000,000,000 s)
2025-06-06 16:07:51,694 INFO  - Already have ACK (at simulation time 239.000,000,000 s)
2025-06-06 16:07:51,694 INFO  - Already have ACK (at simulation time 239.000,000,000 s)
2025-06-06 16:07:51,694 INFO  - Already have ACK (at simulation time 239.000,000,000 s)
2025-06-06 16:07:51,694 INFO  - Already have ACK (at simulation time 239.000,000,000 s)
2025-06-06 16:07:51,694 INFO  - Already have ACK (at simulation time 239.000,000,000 s)
2025-06-06 16:07:51,694 INFO  - Already have ACK (at simulation time 239.000,000,000 s)
2025-06-06 16:07:51,694 INFO  - Already have ACK (at simulation time 239.000,000,000 s)
2025-06-06 16:07:51,697 INFO  - Already have ACK (at simulation time 240.000,000,000 s)
2025-06-06 16:07:51,698 INFO  - Already have ACK (at simulation time 240.000,000,000 s)
2025-06-06 16:07:51,698 INFO  - Already have ACK (at simulation time 240.000,000,000 s)
2025-06-06 16:07:51,698 INFO  - Already have ACK (at simulation time 240.000,000,000 s)
2025-06-06 16:07:51,698 INFO  - Already have ACK (at simulation time 240.000,000,000 s)
2025-06-06 16:07:51,698 INFO  - Already have ACK (at simulation time 240.000,000,000 s)
2025-06-06 16:07:51,698 INFO  - Already have ACK (at simulation time 240.000,000,000 s)
2025-06-06 16:07:51,698 INFO  - Already have ACK (at simulation time 240.000,000,000 s)
2025-06-06 16:07:51,698 INFO  - Already have ACK (at simulation time 240.000,000,000 s)
2025-06-06 16:07:51,698 INFO  - Already have ACK (at simulation time 240.000,000,000 s)
2025-06-06 16:07:51,698 INFO  - Already have ACK (at simulation time 240.000,000,000 s)
2025-06-06 16:07:51,698 INFO  - Already have ACK (at simulation time 240.000,000,000 s)
2025-06-06 16:07:51,698 INFO  - Already have ACK (at simulation time 240.000,000,000 s)
2025-06-06 16:07:51,698 INFO  - Already have ACK (at simulation time 240.000,000,000 s)
2025-06-06 16:07:51,698 INFO  - Already have ACK (at simulation time 240.000,000,000 s)
2025-06-06 16:07:51,699 INFO  - Already have ACK (at simulation time 240.000,000,000 s)
2025-06-06 16:07:51,699 INFO  - Already have ACK (at simulation time 240.000,000,000 s)
2025-06-06 16:07:51,699 INFO  - Already have ACK (at simulation time 240.000,000,000 s)
2025-06-06 16:07:51,699 INFO  - Already have ACK (at simulation time 240.000,000,000 s)
2025-06-06 16:07:51,699 INFO  - Already have ACK (at simulation time 240.000,000,000 s)
2025-06-06 16:07:51,699 INFO  - Already have ACK (at simulation time 240.000,000,000 s)
2025-06-06 16:07:51,699 INFO  - Already have ACK (at simulation time 240.000,000,000 s)
2025-06-06 16:07:51,699 INFO  - Already have ACK (at simulation time 240.000,000,000 s)
2025-06-06 16:07:51,699 INFO  - Already have ACK (at simulation time 240.000,000,000 s)
2025-06-06 16:07:51,699 INFO  - Already have ACK (at simulation time 240.000,000,000 s)
2025-06-06 16:07:51,699 INFO  - Already have ACK (at simulation time 240.000,000,000 s)
2025-06-06 16:07:51,699 INFO  - Already have ACK (at simulation time 240.000,000,000 s)
2025-06-06 16:07:51,699 INFO  - Already have ACK (at simulation time 240.000,000,000 s)
2025-06-06 16:07:51,699 INFO  - Already have ACK (at simulation time 240.000,000,000 s)
2025-06-06 16:07:51,699 INFO  - Already have ACK (at simulation time 240.000,000,000 s)
2025-06-06 16:07:51,699 INFO  - Already have ACK (at simulation time 240.000,000,000 s)
2025-06-06 16:07:51,699 INFO  - Already have ACK (at simulation time 240.000,000,000 s)
2025-06-06 16:07:51,700 INFO  - Already have ACK (at simulation time 240.000,000,000 s)
2025-06-06 16:07:51,700 INFO  - Already have ACK (at simulation time 240.000,000,000 s)
2025-06-06 16:07:51,700 INFO  - Already have ACK (at simulation time 240.000,000,000 s)
2025-06-06 16:07:51,700 INFO  - Already have ACK (at simulation time 240.000,000,000 s)
2025-06-06 16:07:51,700 INFO  - Already have ACK (at simulation time 240.000,000,000 s)
2025-06-06 16:07:51,700 INFO  - Already have ACK (at simulation time 240.000,000,000 s)
2025-06-06 16:07:51,700 INFO  - Already have ACK (at simulation time 240.000,000,000 s)
2025-06-06 16:07:51,700 INFO  - Already have ACK (at simulation time 240.000,000,000 s)
2025-06-06 16:07:51,700 INFO  - Already have ACK (at simulation time 240.000,000,000 s)
2025-06-06 16:07:51,700 INFO  - Already have ACK (at simulation time 240.000,000,000 s)
2025-06-06 16:07:51,700 INFO  - Already have ACK (at simulation time 240.000,000,000 s)
2025-06-06 16:07:51,700 INFO  - Already have ACK (at simulation time 240.000,000,000 s)
2025-06-06 16:07:51,700 INFO  - Already have ACK (at simulation time 240.000,000,000 s)
2025-06-06 16:07:51,700 INFO  - Already have ACK (at simulation time 240.000,000,000 s)
2025-06-06 16:07:51,700 INFO  - Already have ACK (at simulation time 240.000,000,000 s)
2025-06-06 16:07:51,700 INFO  - Already have ACK (at simulation time 240.000,000,000 s)
2025-06-06 16:07:51,700 INFO  - Already have ACK (at simulation time 240.000,000,000 s)
2025-06-06 16:07:51,700 INFO  - Already have ACK (at simulation time 240.000,000,000 s)
2025-06-06 16:07:51,700 INFO  - Already have ACK (at simulation time 240.000,000,000 s)
2025-06-06 16:07:51,700 INFO  - Already have ACK (at simulation time 240.000,000,000 s)
2025-06-06 16:07:51,700 INFO  - Already have ACK (at simulation time 240.000,000,000 s)
2025-06-06 16:07:51,700 INFO  - Already have ACK (at simulation time 240.000,000,000 s)
2025-06-06 16:07:51,700 INFO  - Already have ACK (at simulation time 240.000,000,000 s)
2025-06-06 16:07:51,700 INFO  - Already have ACK (at simulation time 240.000,000,000 s)
2025-06-06 16:07:51,701 INFO  - Already have ACK (at simulation time 240.000,000,000 s)
2025-06-06 16:07:51,701 INFO  - Already have ACK (at simulation time 240.000,000,000 s)
2025-06-06 16:07:51,701 INFO  - Already have ACK (at simulation time 240.000,000,000 s)
2025-06-06 16:07:51,701 INFO  - Already have ACK (at simulation time 240.000,000,000 s)
2025-06-06 16:07:51,702 INFO  - Received metrics from FogNode: avgR0=1.4583333333333333, avgR1=1.9583333333333333 (at simulation time 240.004,300,000 s)
2025-06-06 16:07:51,703 INFO  - Sent periodic GreenWaveMsg: veh_34 on route r_0 (at simulation time 241.000,000,000 s)
2025-06-06 16:07:51,703 INFO  - Already have ACK (at simulation time 241.000,000,000 s)
2025-06-06 16:07:51,704 INFO  - Already have ACK (at simulation time 241.000,000,000 s)
2025-06-06 16:07:51,704 INFO  - Already have ACK (at simulation time 241.000,000,000 s)
2025-06-06 16:07:51,704 INFO  - Already have ACK (at simulation time 241.000,000,000 s)
2025-06-06 16:07:51,704 INFO  - Already have ACK (at simulation time 241.000,000,000 s)
2025-06-06 16:07:51,704 INFO  - Already have ACK (at simulation time 241.000,000,000 s)
2025-06-06 16:07:51,704 INFO  - Already have ACK (at simulation time 241.000,000,000 s)
2025-06-06 16:07:51,704 INFO  - Already have ACK (at simulation time 241.000,000,000 s)
2025-06-06 16:07:51,704 INFO  - Already have ACK (at simulation time 241.000,000,000 s)
2025-06-06 16:07:51,704 INFO  - Already have ACK (at simulation time 241.000,000,000 s)
2025-06-06 16:07:51,704 INFO  - Already have ACK (at simulation time 241.000,000,000 s)
2025-06-06 16:07:51,704 INFO  - Already have ACK (at simulation time 241.000,000,000 s)
2025-06-06 16:07:51,704 INFO  - Already have ACK (at simulation time 241.000,000,000 s)
2025-06-06 16:07:51,705 INFO  - Already have ACK (at simulation time 241.000,000,000 s)
2025-06-06 16:07:51,705 INFO  - Already have ACK (at simulation time 241.000,000,000 s)
2025-06-06 16:07:51,705 INFO  - Already have ACK (at simulation time 241.000,000,000 s)
2025-06-06 16:07:51,705 INFO  - Already have ACK (at simulation time 241.000,000,000 s)
2025-06-06 16:07:51,705 INFO  - Already have ACK (at simulation time 241.000,000,000 s)
2025-06-06 16:07:51,705 INFO  - Already have ACK (at simulation time 241.000,000,000 s)
2025-06-06 16:07:51,705 INFO  - Already have ACK (at simulation time 241.000,000,000 s)
2025-06-06 16:07:51,705 INFO  - Already have ACK (at simulation time 241.000,000,000 s)
2025-06-06 16:07:51,705 INFO  - Already have ACK (at simulation time 241.000,000,000 s)
2025-06-06 16:07:51,705 INFO  - Already have ACK (at simulation time 241.000,000,000 s)
2025-06-06 16:07:51,705 INFO  - Already have ACK (at simulation time 241.000,000,000 s)
2025-06-06 16:07:51,705 INFO  - Already have ACK (at simulation time 241.000,000,000 s)
2025-06-06 16:07:51,705 INFO  - Already have ACK (at simulation time 241.000,000,000 s)
2025-06-06 16:07:51,705 INFO  - Already have ACK (at simulation time 241.000,000,000 s)
2025-06-06 16:07:51,705 INFO  - Already have ACK (at simulation time 241.000,000,000 s)
2025-06-06 16:07:51,705 INFO  - Already have ACK (at simulation time 241.000,000,000 s)
2025-06-06 16:07:51,706 INFO  - Already have ACK (at simulation time 241.000,000,000 s)
2025-06-06 16:07:51,706 INFO  - Already have ACK (at simulation time 241.000,000,000 s)
2025-06-06 16:07:51,706 INFO  - Already have ACK (at simulation time 241.000,000,000 s)
2025-06-06 16:07:51,706 INFO  - Already have ACK (at simulation time 241.000,000,000 s)
2025-06-06 16:07:51,706 INFO  - Already have ACK (at simulation time 241.000,000,000 s)
2025-06-06 16:07:51,706 INFO  - Already have ACK (at simulation time 241.000,000,000 s)
2025-06-06 16:07:51,706 INFO  - Already have ACK (at simulation time 241.000,000,000 s)
2025-06-06 16:07:51,706 INFO  - Already have ACK (at simulation time 241.000,000,000 s)
2025-06-06 16:07:51,706 INFO  - Already have ACK (at simulation time 241.000,000,000 s)
2025-06-06 16:07:51,706 INFO  - Already have ACK (at simulation time 241.000,000,000 s)
2025-06-06 16:07:51,706 INFO  - Already have ACK (at simulation time 241.000,000,000 s)
2025-06-06 16:07:51,706 INFO  - Already have ACK (at simulation time 241.000,000,000 s)
2025-06-06 16:07:51,706 INFO  - Already have ACK (at simulation time 241.000,000,000 s)
2025-06-06 16:07:51,706 INFO  - Already have ACK (at simulation time 241.000,000,000 s)
2025-06-06 16:07:51,706 INFO  - Already have ACK (at simulation time 241.000,000,000 s)
2025-06-06 16:07:51,706 INFO  - Already have ACK (at simulation time 241.000,000,000 s)
2025-06-06 16:07:51,706 INFO  - Already have ACK (at simulation time 241.000,000,000 s)
2025-06-06 16:07:51,706 INFO  - Already have ACK (at simulation time 241.000,000,000 s)
2025-06-06 16:07:51,706 INFO  - Already have ACK (at simulation time 241.000,000,000 s)
2025-06-06 16:07:51,706 INFO  - Already have ACK (at simulation time 241.000,000,000 s)
2025-06-06 16:07:51,706 INFO  - Already have ACK (at simulation time 241.000,000,000 s)
2025-06-06 16:07:51,707 INFO  - Already have ACK (at simulation time 241.000,000,000 s)
2025-06-06 16:07:51,707 INFO  - Already have ACK (at simulation time 241.000,000,000 s)
2025-06-06 16:07:51,707 INFO  - Already have ACK (at simulation time 241.000,000,000 s)
2025-06-06 16:07:51,707 INFO  - Already have ACK (at simulation time 241.000,000,000 s)
2025-06-06 16:07:51,707 INFO  - Already have ACK (at simulation time 241.000,000,000 s)
2025-06-06 16:07:51,707 INFO  - Already have ACK (at simulation time 241.000,000,000 s)
2025-06-06 16:07:51,707 INFO  - Already have ACK (at simulation time 241.000,000,000 s)
2025-06-06 16:07:51,707 INFO  - Already have ACK (at simulation time 241.000,000,000 s)
2025-06-06 16:07:51,707 INFO  - Already have ACK (at simulation time 241.000,000,000 s)
2025-06-06 16:07:51,707 INFO  - Already have ACK (at simulation time 241.000,000,000 s)
2025-06-06 16:07:51,707 INFO  - Already have ACK (at simulation time 241.000,000,000 s)
2025-06-06 16:07:51,709 INFO  - Already have ACK (at simulation time 242.000,000,000 s)
2025-06-06 16:07:51,710 INFO  - Already have ACK (at simulation time 242.000,000,000 s)
2025-06-06 16:07:51,710 INFO  - Already have ACK (at simulation time 242.000,000,000 s)
2025-06-06 16:07:51,710 INFO  - Already have ACK (at simulation time 242.000,000,000 s)
2025-06-06 16:07:51,710 INFO  - Already have ACK (at simulation time 242.000,000,000 s)
2025-06-06 16:07:51,710 INFO  - Already have ACK (at simulation time 242.000,000,000 s)
2025-06-06 16:07:51,710 INFO  - Already have ACK (at simulation time 242.000,000,000 s)
2025-06-06 16:07:51,710 INFO  - Already have ACK (at simulation time 242.000,000,000 s)
2025-06-06 16:07:51,710 INFO  - Already have ACK (at simulation time 242.000,000,000 s)
2025-06-06 16:07:51,710 INFO  - Already have ACK (at simulation time 242.000,000,000 s)
2025-06-06 16:07:51,710 INFO  - Already have ACK (at simulation time 242.000,000,000 s)
2025-06-06 16:07:51,710 INFO  - Already have ACK (at simulation time 242.000,000,000 s)
2025-06-06 16:07:51,710 INFO  - Already have ACK (at simulation time 242.000,000,000 s)
2025-06-06 16:07:51,710 INFO  - Already have ACK (at simulation time 242.000,000,000 s)
2025-06-06 16:07:51,711 INFO  - Already have ACK (at simulation time 242.000,000,000 s)
2025-06-06 16:07:51,711 INFO  - Already have ACK (at simulation time 242.000,000,000 s)
2025-06-06 16:07:51,711 INFO  - Already have ACK (at simulation time 242.000,000,000 s)
2025-06-06 16:07:51,711 INFO  - Already have ACK (at simulation time 242.000,000,000 s)
2025-06-06 16:07:51,711 INFO  - Already have ACK (at simulation time 242.000,000,000 s)
2025-06-06 16:07:51,711 INFO  - Already have ACK (at simulation time 242.000,000,000 s)
2025-06-06 16:07:51,711 INFO  - Already have ACK (at simulation time 242.000,000,000 s)
2025-06-06 16:07:51,711 INFO  - Already have ACK (at simulation time 242.000,000,000 s)
2025-06-06 16:07:51,711 INFO  - Already have ACK (at simulation time 242.000,000,000 s)
2025-06-06 16:07:51,711 INFO  - Already have ACK (at simulation time 242.000,000,000 s)
2025-06-06 16:07:51,711 INFO  - Already have ACK (at simulation time 242.000,000,000 s)
2025-06-06 16:07:51,711 INFO  - Already have ACK (at simulation time 242.000,000,000 s)
2025-06-06 16:07:51,711 INFO  - Already have ACK (at simulation time 242.000,000,000 s)
2025-06-06 16:07:51,711 INFO  - Already have ACK (at simulation time 242.000,000,000 s)
2025-06-06 16:07:51,711 INFO  - Already have ACK (at simulation time 242.000,000,000 s)
2025-06-06 16:07:51,711 INFO  - Already have ACK (at simulation time 242.000,000,000 s)
2025-06-06 16:07:51,711 INFO  - Already have ACK (at simulation time 242.000,000,000 s)
2025-06-06 16:07:51,711 INFO  - Already have ACK (at simulation time 242.000,000,000 s)
2025-06-06 16:07:51,712 INFO  - Already have ACK (at simulation time 242.000,000,000 s)
2025-06-06 16:07:51,712 INFO  - Already have ACK (at simulation time 242.000,000,000 s)
2025-06-06 16:07:51,712 INFO  - Already have ACK (at simulation time 242.000,000,000 s)
2025-06-06 16:07:51,712 INFO  - Already have ACK (at simulation time 242.000,000,000 s)
2025-06-06 16:07:51,712 INFO  - Already have ACK (at simulation time 242.000,000,000 s)
2025-06-06 16:07:51,712 INFO  - Already have ACK (at simulation time 242.000,000,000 s)
2025-06-06 16:07:51,712 INFO  - Already have ACK (at simulation time 242.000,000,000 s)
2025-06-06 16:07:51,712 INFO  - Already have ACK (at simulation time 242.000,000,000 s)
2025-06-06 16:07:51,712 INFO  - Already have ACK (at simulation time 242.000,000,000 s)
2025-06-06 16:07:51,712 INFO  - Already have ACK (at simulation time 242.000,000,000 s)
2025-06-06 16:07:51,712 INFO  - Already have ACK (at simulation time 242.000,000,000 s)
2025-06-06 16:07:51,712 INFO  - Already have ACK (at simulation time 242.000,000,000 s)
2025-06-06 16:07:51,712 INFO  - Already have ACK (at simulation time 242.000,000,000 s)
2025-06-06 16:07:51,712 INFO  - Already have ACK (at simulation time 242.000,000,000 s)
2025-06-06 16:07:51,712 INFO  - Already have ACK (at simulation time 242.000,000,000 s)
2025-06-06 16:07:51,712 INFO  - Already have ACK (at simulation time 242.000,000,000 s)
2025-06-06 16:07:51,712 INFO  - Already have ACK (at simulation time 242.000,000,000 s)
2025-06-06 16:07:51,712 INFO  - Already have ACK (at simulation time 242.000,000,000 s)
2025-06-06 16:07:51,712 INFO  - Already have ACK (at simulation time 242.000,000,000 s)
2025-06-06 16:07:51,712 INFO  - Already have ACK (at simulation time 242.000,000,000 s)
2025-06-06 16:07:51,712 INFO  - Already have ACK (at simulation time 242.000,000,000 s)
2025-06-06 16:07:51,712 INFO  - Already have ACK (at simulation time 242.000,000,000 s)
2025-06-06 16:07:51,712 INFO  - Already have ACK (at simulation time 242.000,000,000 s)
2025-06-06 16:07:51,713 INFO  - Already have ACK (at simulation time 242.000,000,000 s)
2025-06-06 16:07:51,713 INFO  - Already have ACK (at simulation time 242.000,000,000 s)
2025-06-06 16:07:51,713 INFO  - Already have ACK (at simulation time 242.000,000,000 s)
2025-06-06 16:07:51,713 INFO  - Already have ACK (at simulation time 242.000,000,000 s)
2025-06-06 16:07:51,713 INFO  - Already have ACK (at simulation time 242.000,000,000 s)
2025-06-06 16:07:51,713 INFO  - Already have ACK (at simulation time 242.000,000,000 s)
2025-06-06 16:07:51,713 INFO  - Already have ACK (at simulation time 242.000,000,000 s)
2025-06-06 16:07:51,719 INFO  - Already have ACK (at simulation time 243.000,000,000 s)
2025-06-06 16:07:51,719 INFO  - Already have ACK (at simulation time 243.000,000,000 s)
2025-06-06 16:07:51,719 INFO  - Already have ACK (at simulation time 243.000,000,000 s)
2025-06-06 16:07:51,720 INFO  - Already have ACK (at simulation time 243.000,000,000 s)
2025-06-06 16:07:51,720 INFO  - Already have ACK (at simulation time 243.000,000,000 s)
2025-06-06 16:07:51,720 INFO  - Already have ACK (at simulation time 243.000,000,000 s)
2025-06-06 16:07:51,720 INFO  - Already have ACK (at simulation time 243.000,000,000 s)
2025-06-06 16:07:51,720 INFO  - Already have ACK (at simulation time 243.000,000,000 s)
2025-06-06 16:07:51,720 INFO  - Already have ACK (at simulation time 243.000,000,000 s)
2025-06-06 16:07:51,720 INFO  - Already have ACK (at simulation time 243.000,000,000 s)
2025-06-06 16:07:51,720 INFO  - Already have ACK (at simulation time 243.000,000,000 s)
2025-06-06 16:07:51,720 INFO  - Already have ACK (at simulation time 243.000,000,000 s)
2025-06-06 16:07:51,720 INFO  - Already have ACK (at simulation time 243.000,000,000 s)
2025-06-06 16:07:51,720 INFO  - Already have ACK (at simulation time 243.000,000,000 s)
2025-06-06 16:07:51,720 INFO  - Already have ACK (at simulation time 243.000,000,000 s)
2025-06-06 16:07:51,720 INFO  - Already have ACK (at simulation time 243.000,000,000 s)
2025-06-06 16:07:51,720 INFO  - Already have ACK (at simulation time 243.000,000,000 s)
2025-06-06 16:07:51,720 INFO  - Already have ACK (at simulation time 243.000,000,000 s)
2025-06-06 16:07:51,720 INFO  - Already have ACK (at simulation time 243.000,000,000 s)
2025-06-06 16:07:51,720 INFO  - Already have ACK (at simulation time 243.000,000,000 s)
2025-06-06 16:07:51,721 INFO  - Already have ACK (at simulation time 243.000,000,000 s)
2025-06-06 16:07:51,721 INFO  - Already have ACK (at simulation time 243.000,000,000 s)
2025-06-06 16:07:51,721 INFO  - Already have ACK (at simulation time 243.000,000,000 s)
2025-06-06 16:07:51,721 INFO  - Already have ACK (at simulation time 243.000,000,000 s)
2025-06-06 16:07:51,721 INFO  - Already have ACK (at simulation time 243.000,000,000 s)
2025-06-06 16:07:51,721 INFO  - Already have ACK (at simulation time 243.000,000,000 s)
2025-06-06 16:07:51,721 INFO  - Already have ACK (at simulation time 243.000,000,000 s)
2025-06-06 16:07:51,721 INFO  - Already have ACK (at simulation time 243.000,000,000 s)
2025-06-06 16:07:51,721 INFO  - Already have ACK (at simulation time 243.000,000,000 s)
2025-06-06 16:07:51,721 INFO  - Already have ACK (at simulation time 243.000,000,000 s)
2025-06-06 16:07:51,721 INFO  - Already have ACK (at simulation time 243.000,000,000 s)
2025-06-06 16:07:51,721 INFO  - Already have ACK (at simulation time 243.000,000,000 s)
2025-06-06 16:07:51,721 INFO  - Already have ACK (at simulation time 243.000,000,000 s)
2025-06-06 16:07:51,721 INFO  - Already have ACK (at simulation time 243.000,000,000 s)
2025-06-06 16:07:51,721 INFO  - Already have ACK (at simulation time 243.000,000,000 s)
2025-06-06 16:07:51,721 INFO  - Already have ACK (at simulation time 243.000,000,000 s)
2025-06-06 16:07:51,721 INFO  - Already have ACK (at simulation time 243.000,000,000 s)
2025-06-06 16:07:51,721 INFO  - Already have ACK (at simulation time 243.000,000,000 s)
2025-06-06 16:07:51,721 INFO  - Already have ACK (at simulation time 243.000,000,000 s)
2025-06-06 16:07:51,721 INFO  - Already have ACK (at simulation time 243.000,000,000 s)
2025-06-06 16:07:51,721 INFO  - Already have ACK (at simulation time 243.000,000,000 s)
2025-06-06 16:07:51,722 INFO  - Already have ACK (at simulation time 243.000,000,000 s)
2025-06-06 16:07:51,722 INFO  - Already have ACK (at simulation time 243.000,000,000 s)
2025-06-06 16:07:51,722 INFO  - Already have ACK (at simulation time 243.000,000,000 s)
2025-06-06 16:07:51,722 INFO  - Already have ACK (at simulation time 243.000,000,000 s)
2025-06-06 16:07:51,722 INFO  - Already have ACK (at simulation time 243.000,000,000 s)
2025-06-06 16:07:51,722 INFO  - Already have ACK (at simulation time 243.000,000,000 s)
2025-06-06 16:07:51,722 INFO  - Already have ACK (at simulation time 243.000,000,000 s)
2025-06-06 16:07:51,722 INFO  - Already have ACK (at simulation time 243.000,000,000 s)
2025-06-06 16:07:51,722 INFO  - Already have ACK (at simulation time 243.000,000,000 s)
2025-06-06 16:07:51,722 INFO  - Already have ACK (at simulation time 243.000,000,000 s)
2025-06-06 16:07:51,722 INFO  - Already have ACK (at simulation time 243.000,000,000 s)
2025-06-06 16:07:51,722 INFO  - Already have ACK (at simulation time 243.000,000,000 s)
2025-06-06 16:07:51,722 INFO  - Already have ACK (at simulation time 243.000,000,000 s)
2025-06-06 16:07:51,722 INFO  - Already have ACK (at simulation time 243.000,000,000 s)
2025-06-06 16:07:51,722 INFO  - Already have ACK (at simulation time 243.000,000,000 s)
2025-06-06 16:07:51,722 INFO  - Already have ACK (at simulation time 243.000,000,000 s)
2025-06-06 16:07:51,722 INFO  - Already have ACK (at simulation time 243.000,000,000 s)
2025-06-06 16:07:51,722 INFO  - Already have ACK (at simulation time 243.000,000,000 s)
2025-06-06 16:07:51,722 INFO  - Already have ACK (at simulation time 243.000,000,000 s)
2025-06-06 16:07:51,722 INFO  - Already have ACK (at simulation time 243.000,000,000 s)
2025-06-06 16:07:51,722 INFO  - Already have ACK (at simulation time 243.000,000,000 s)
2025-06-06 16:07:51,722 INFO  - Already have ACK (at simulation time 243.000,000,000 s)
2025-06-06 16:07:51,724 INFO  - Already have ACK (at simulation time 244.000,000,000 s)
2025-06-06 16:07:51,724 INFO  - Already have ACK (at simulation time 244.000,000,000 s)
2025-06-06 16:07:51,724 INFO  - Already have ACK (at simulation time 244.000,000,000 s)
2025-06-06 16:07:51,724 INFO  - Already have ACK (at simulation time 244.000,000,000 s)
2025-06-06 16:07:51,724 INFO  - Already have ACK (at simulation time 244.000,000,000 s)
2025-06-06 16:07:51,725 INFO  - Already have ACK (at simulation time 244.000,000,000 s)
2025-06-06 16:07:51,725 INFO  - Already have ACK (at simulation time 244.000,000,000 s)
2025-06-06 16:07:51,725 INFO  - Already have ACK (at simulation time 244.000,000,000 s)
2025-06-06 16:07:51,725 INFO  - Already have ACK (at simulation time 244.000,000,000 s)
2025-06-06 16:07:51,725 INFO  - Already have ACK (at simulation time 244.000,000,000 s)
2025-06-06 16:07:51,725 INFO  - Already have ACK (at simulation time 244.000,000,000 s)
2025-06-06 16:07:51,725 INFO  - Already have ACK (at simulation time 244.000,000,000 s)
2025-06-06 16:07:51,725 INFO  - Already have ACK (at simulation time 244.000,000,000 s)
2025-06-06 16:07:51,725 INFO  - Already have ACK (at simulation time 244.000,000,000 s)
2025-06-06 16:07:51,725 INFO  - Already have ACK (at simulation time 244.000,000,000 s)
2025-06-06 16:07:51,725 INFO  - Already have ACK (at simulation time 244.000,000,000 s)
2025-06-06 16:07:51,725 INFO  - Already have ACK (at simulation time 244.000,000,000 s)
2025-06-06 16:07:51,725 INFO  - Already have ACK (at simulation time 244.000,000,000 s)
2025-06-06 16:07:51,725 INFO  - Already have ACK (at simulation time 244.000,000,000 s)
2025-06-06 16:07:51,725 INFO  - Already have ACK (at simulation time 244.000,000,000 s)
2025-06-06 16:07:51,725 INFO  - Already have ACK (at simulation time 244.000,000,000 s)
2025-06-06 16:07:51,725 INFO  - Already have ACK (at simulation time 244.000,000,000 s)
2025-06-06 16:07:51,726 INFO  - Already have ACK (at simulation time 244.000,000,000 s)
2025-06-06 16:07:51,726 INFO  - Already have ACK (at simulation time 244.000,000,000 s)
2025-06-06 16:07:51,726 INFO  - Already have ACK (at simulation time 244.000,000,000 s)
2025-06-06 16:07:51,726 INFO  - Already have ACK (at simulation time 244.000,000,000 s)
2025-06-06 16:07:51,726 INFO  - Already have ACK (at simulation time 244.000,000,000 s)
2025-06-06 16:07:51,726 INFO  - Already have ACK (at simulation time 244.000,000,000 s)
2025-06-06 16:07:51,726 INFO  - Already have ACK (at simulation time 244.000,000,000 s)
2025-06-06 16:07:51,726 INFO  - Already have ACK (at simulation time 244.000,000,000 s)
2025-06-06 16:07:51,726 INFO  - Already have ACK (at simulation time 244.000,000,000 s)
2025-06-06 16:07:51,726 INFO  - Already have ACK (at simulation time 244.000,000,000 s)
2025-06-06 16:07:51,726 INFO  - Already have ACK (at simulation time 244.000,000,000 s)
2025-06-06 16:07:51,726 INFO  - Already have ACK (at simulation time 244.000,000,000 s)
2025-06-06 16:07:51,726 INFO  - Already have ACK (at simulation time 244.000,000,000 s)
2025-06-06 16:07:51,726 INFO  - Already have ACK (at simulation time 244.000,000,000 s)
2025-06-06 16:07:51,726 INFO  - Already have ACK (at simulation time 244.000,000,000 s)
2025-06-06 16:07:51,726 INFO  - Already have ACK (at simulation time 244.000,000,000 s)
2025-06-06 16:07:51,726 INFO  - Already have ACK (at simulation time 244.000,000,000 s)
2025-06-06 16:07:51,726 INFO  - Already have ACK (at simulation time 244.000,000,000 s)
2025-06-06 16:07:51,726 INFO  - Already have ACK (at simulation time 244.000,000,000 s)
2025-06-06 16:07:51,726 INFO  - Already have ACK (at simulation time 244.000,000,000 s)
2025-06-06 16:07:51,726 INFO  - Already have ACK (at simulation time 244.000,000,000 s)
2025-06-06 16:07:51,726 INFO  - Already have ACK (at simulation time 244.000,000,000 s)
2025-06-06 16:07:51,727 INFO  - Already have ACK (at simulation time 244.000,000,000 s)
2025-06-06 16:07:51,727 INFO  - Already have ACK (at simulation time 244.000,000,000 s)
2025-06-06 16:07:51,727 INFO  - Already have ACK (at simulation time 244.000,000,000 s)
2025-06-06 16:07:51,727 INFO  - Already have ACK (at simulation time 244.000,000,000 s)
2025-06-06 16:07:51,727 INFO  - Already have ACK (at simulation time 244.000,000,000 s)
2025-06-06 16:07:51,727 INFO  - Already have ACK (at simulation time 244.000,000,000 s)
2025-06-06 16:07:51,727 INFO  - Already have ACK (at simulation time 244.000,000,000 s)
2025-06-06 16:07:51,727 INFO  - Already have ACK (at simulation time 244.000,000,000 s)
2025-06-06 16:07:51,727 INFO  - Already have ACK (at simulation time 244.000,000,000 s)
2025-06-06 16:07:51,727 INFO  - Already have ACK (at simulation time 244.000,000,000 s)
2025-06-06 16:07:51,727 INFO  - Already have ACK (at simulation time 244.000,000,000 s)
2025-06-06 16:07:51,727 INFO  - Already have ACK (at simulation time 244.000,000,000 s)
2025-06-06 16:07:51,727 INFO  - Already have ACK (at simulation time 244.000,000,000 s)
2025-06-06 16:07:51,727 INFO  - Already have ACK (at simulation time 244.000,000,000 s)
2025-06-06 16:07:51,727 INFO  - Already have ACK (at simulation time 244.000,000,000 s)
2025-06-06 16:07:51,727 INFO  - Already have ACK (at simulation time 244.000,000,000 s)
2025-06-06 16:07:51,727 INFO  - Already have ACK (at simulation time 244.000,000,000 s)
2025-06-06 16:07:51,727 INFO  - Already have ACK (at simulation time 244.000,000,000 s)
2025-06-06 16:07:51,727 INFO  - Already have ACK (at simulation time 244.000,000,000 s)
2025-06-06 16:07:51,727 INFO  - Already have ACK (at simulation time 244.000,000,000 s)
2025-06-06 16:07:51,729 INFO  - Already have ACK (at simulation time 245.000,000,000 s)
2025-06-06 16:07:51,729 INFO  - Already have ACK (at simulation time 245.000,000,000 s)
2025-06-06 16:07:51,729 INFO  - Already have ACK (at simulation time 245.000,000,000 s)
2025-06-06 16:07:51,729 INFO  - Already have ACK (at simulation time 245.000,000,000 s)
2025-06-06 16:07:51,730 INFO  - Already have ACK (at simulation time 245.000,000,000 s)
2025-06-06 16:07:51,730 INFO  - Already have ACK (at simulation time 245.000,000,000 s)
2025-06-06 16:07:51,730 INFO  - Already have ACK (at simulation time 245.000,000,000 s)
2025-06-06 16:07:51,730 INFO  - Already have ACK (at simulation time 245.000,000,000 s)
2025-06-06 16:07:51,730 INFO  - Already have ACK (at simulation time 245.000,000,000 s)
2025-06-06 16:07:51,730 INFO  - Already have ACK (at simulation time 245.000,000,000 s)
2025-06-06 16:07:51,730 INFO  - Already have ACK (at simulation time 245.000,000,000 s)
2025-06-06 16:07:51,730 INFO  - Already have ACK (at simulation time 245.000,000,000 s)
2025-06-06 16:07:51,730 INFO  - Already have ACK (at simulation time 245.000,000,000 s)
2025-06-06 16:07:51,730 INFO  - Already have ACK (at simulation time 245.000,000,000 s)
2025-06-06 16:07:51,730 INFO  - Already have ACK (at simulation time 245.000,000,000 s)
2025-06-06 16:07:51,730 INFO  - Already have ACK (at simulation time 245.000,000,000 s)
2025-06-06 16:07:51,730 INFO  - Already have ACK (at simulation time 245.000,000,000 s)
2025-06-06 16:07:51,730 INFO  - Already have ACK (at simulation time 245.000,000,000 s)
2025-06-06 16:07:51,730 INFO  - Already have ACK (at simulation time 245.000,000,000 s)
2025-06-06 16:07:51,730 INFO  - Already have ACK (at simulation time 245.000,000,000 s)
2025-06-06 16:07:51,730 INFO  - Already have ACK (at simulation time 245.000,000,000 s)
2025-06-06 16:07:51,730 INFO  - Already have ACK (at simulation time 245.000,000,000 s)
2025-06-06 16:07:51,730 INFO  - Already have ACK (at simulation time 245.000,000,000 s)
2025-06-06 16:07:51,731 INFO  - Already have ACK (at simulation time 245.000,000,000 s)
2025-06-06 16:07:51,731 INFO  - Already have ACK (at simulation time 245.000,000,000 s)
2025-06-06 16:07:51,731 INFO  - Already have ACK (at simulation time 245.000,000,000 s)
2025-06-06 16:07:51,731 INFO  - Already have ACK (at simulation time 245.000,000,000 s)
2025-06-06 16:07:51,731 INFO  - Already have ACK (at simulation time 245.000,000,000 s)
2025-06-06 16:07:51,731 INFO  - Already have ACK (at simulation time 245.000,000,000 s)
2025-06-06 16:07:51,731 INFO  - Already have ACK (at simulation time 245.000,000,000 s)
2025-06-06 16:07:51,731 INFO  - Already have ACK (at simulation time 245.000,000,000 s)
2025-06-06 16:07:51,731 INFO  - Already have ACK (at simulation time 245.000,000,000 s)
2025-06-06 16:07:51,731 INFO  - Already have ACK (at simulation time 245.000,000,000 s)
2025-06-06 16:07:51,731 INFO  - Already have ACK (at simulation time 245.000,000,000 s)
2025-06-06 16:07:51,731 INFO  - Already have ACK (at simulation time 245.000,000,000 s)
2025-06-06 16:07:51,731 INFO  - Already have ACK (at simulation time 245.000,000,000 s)
2025-06-06 16:07:51,731 INFO  - Already have ACK (at simulation time 245.000,000,000 s)
2025-06-06 16:07:51,731 INFO  - Already have ACK (at simulation time 245.000,000,000 s)
2025-06-06 16:07:51,731 INFO  - Already have ACK (at simulation time 245.000,000,000 s)
2025-06-06 16:07:51,731 INFO  - Already have ACK (at simulation time 245.000,000,000 s)
2025-06-06 16:07:51,731 INFO  - Already have ACK (at simulation time 245.000,000,000 s)
2025-06-06 16:07:51,731 INFO  - Already have ACK (at simulation time 245.000,000,000 s)
2025-06-06 16:07:51,731 INFO  - Already have ACK (at simulation time 245.000,000,000 s)
2025-06-06 16:07:51,731 INFO  - Already have ACK (at simulation time 245.000,000,000 s)
2025-06-06 16:07:51,731 INFO  - Already have ACK (at simulation time 245.000,000,000 s)
2025-06-06 16:07:51,731 INFO  - Already have ACK (at simulation time 245.000,000,000 s)
2025-06-06 16:07:51,731 INFO  - Already have ACK (at simulation time 245.000,000,000 s)
2025-06-06 16:07:51,731 INFO  - Already have ACK (at simulation time 245.000,000,000 s)
2025-06-06 16:07:51,731 INFO  - Already have ACK (at simulation time 245.000,000,000 s)
2025-06-06 16:07:51,731 INFO  - Already have ACK (at simulation time 245.000,000,000 s)
2025-06-06 16:07:51,731 INFO  - Already have ACK (at simulation time 245.000,000,000 s)
2025-06-06 16:07:51,731 INFO  - Already have ACK (at simulation time 245.000,000,000 s)
2025-06-06 16:07:51,732 INFO  - Already have ACK (at simulation time 245.000,000,000 s)
2025-06-06 16:07:51,732 INFO  - Already have ACK (at simulation time 245.000,000,000 s)
2025-06-06 16:07:51,732 INFO  - Already have ACK (at simulation time 245.000,000,000 s)
2025-06-06 16:07:51,732 INFO  - Already have ACK (at simulation time 245.000,000,000 s)
2025-06-06 16:07:51,732 INFO  - Already have ACK (at simulation time 245.000,000,000 s)
2025-06-06 16:07:51,732 INFO  - Already have ACK (at simulation time 245.000,000,000 s)
2025-06-06 16:07:51,732 INFO  - Already have ACK (at simulation time 245.000,000,000 s)
2025-06-06 16:07:51,732 INFO  - Already have ACK (at simulation time 245.000,000,000 s)
2025-06-06 16:07:51,732 INFO  - Already have ACK (at simulation time 245.000,000,000 s)
2025-06-06 16:07:51,732 INFO  - Already have ACK (at simulation time 245.000,000,000 s)
2025-06-06 16:07:51,732 INFO  - Already have ACK (at simulation time 245.000,000,000 s)
2025-06-06 16:07:51,732 INFO  - Already have ACK (at simulation time 245.000,000,000 s)
2025-06-06 16:07:51,732 INFO  - Already have ACK (at simulation time 245.000,000,000 s)
2025-06-06 16:07:51,733 INFO  - Sent periodic GreenWaveMsg: veh_34 on route r_0 (at simulation time 246.000,000,000 s)
2025-06-06 16:07:51,733 INFO  - Already have ACK (at simulation time 246.000,000,000 s)
2025-06-06 16:07:51,733 INFO  - Already have ACK (at simulation time 246.000,000,000 s)
2025-06-06 16:07:51,734 INFO  - Already have ACK (at simulation time 246.000,000,000 s)
2025-06-06 16:07:51,734 INFO  - Already have ACK (at simulation time 246.000,000,000 s)
2025-06-06 16:07:51,734 INFO  - Already have ACK (at simulation time 246.000,000,000 s)
2025-06-06 16:07:51,734 INFO  - Already have ACK (at simulation time 246.000,000,000 s)
2025-06-06 16:07:51,734 INFO  - Already have ACK (at simulation time 246.000,000,000 s)
2025-06-06 16:07:51,734 INFO  - Already have ACK (at simulation time 246.000,000,000 s)
2025-06-06 16:07:51,734 INFO  - Already have ACK (at simulation time 246.000,000,000 s)
2025-06-06 16:07:51,734 INFO  - Already have ACK (at simulation time 246.000,000,000 s)
2025-06-06 16:07:51,734 INFO  - Already have ACK (at simulation time 246.000,000,000 s)
2025-06-06 16:07:51,734 INFO  - Already have ACK (at simulation time 246.000,000,000 s)
2025-06-06 16:07:51,734 INFO  - Already have ACK (at simulation time 246.000,000,000 s)
2025-06-06 16:07:51,734 INFO  - Already have ACK (at simulation time 246.000,000,000 s)
2025-06-06 16:07:51,734 INFO  - Already have ACK (at simulation time 246.000,000,000 s)
2025-06-06 16:07:51,734 INFO  - Already have ACK (at simulation time 246.000,000,000 s)
2025-06-06 16:07:51,734 INFO  - Already have ACK (at simulation time 246.000,000,000 s)
2025-06-06 16:07:51,734 INFO  - Already have ACK (at simulation time 246.000,000,000 s)
2025-06-06 16:07:51,734 INFO  - Already have ACK (at simulation time 246.000,000,000 s)
2025-06-06 16:07:51,734 INFO  - Already have ACK (at simulation time 246.000,000,000 s)
2025-06-06 16:07:51,735 INFO  - Already have ACK (at simulation time 246.000,000,000 s)
2025-06-06 16:07:51,735 INFO  - Already have ACK (at simulation time 246.000,000,000 s)
2025-06-06 16:07:51,735 INFO  - Already have ACK (at simulation time 246.000,000,000 s)
2025-06-06 16:07:51,735 INFO  - Already have ACK (at simulation time 246.000,000,000 s)
2025-06-06 16:07:51,735 INFO  - Already have ACK (at simulation time 246.000,000,000 s)
2025-06-06 16:07:51,735 INFO  - Already have ACK (at simulation time 246.000,000,000 s)
2025-06-06 16:07:51,735 INFO  - Already have ACK (at simulation time 246.000,000,000 s)
2025-06-06 16:07:51,735 INFO  - Already have ACK (at simulation time 246.000,000,000 s)
2025-06-06 16:07:51,735 INFO  - Already have ACK (at simulation time 246.000,000,000 s)
2025-06-06 16:07:51,735 INFO  - Already have ACK (at simulation time 246.000,000,000 s)
2025-06-06 16:07:51,735 INFO  - Already have ACK (at simulation time 246.000,000,000 s)
2025-06-06 16:07:51,735 INFO  - Already have ACK (at simulation time 246.000,000,000 s)
2025-06-06 16:07:51,735 INFO  - Already have ACK (at simulation time 246.000,000,000 s)
2025-06-06 16:07:51,735 INFO  - Already have ACK (at simulation time 246.000,000,000 s)
2025-06-06 16:07:51,735 INFO  - Already have ACK (at simulation time 246.000,000,000 s)
2025-06-06 16:07:51,735 INFO  - Already have ACK (at simulation time 246.000,000,000 s)
2025-06-06 16:07:51,735 INFO  - Already have ACK (at simulation time 246.000,000,000 s)
2025-06-06 16:07:51,735 INFO  - Already have ACK (at simulation time 246.000,000,000 s)
2025-06-06 16:07:51,735 INFO  - Already have ACK (at simulation time 246.000,000,000 s)
2025-06-06 16:07:51,735 INFO  - Already have ACK (at simulation time 246.000,000,000 s)
2025-06-06 16:07:51,735 INFO  - Already have ACK (at simulation time 246.000,000,000 s)
2025-06-06 16:07:51,735 INFO  - Already have ACK (at simulation time 246.000,000,000 s)
2025-06-06 16:07:51,735 INFO  - Already have ACK (at simulation time 246.000,000,000 s)
2025-06-06 16:07:51,735 INFO  - Already have ACK (at simulation time 246.000,000,000 s)
2025-06-06 16:07:51,735 INFO  - Already have ACK (at simulation time 246.000,000,000 s)
2025-06-06 16:07:51,735 INFO  - Already have ACK (at simulation time 246.000,000,000 s)
2025-06-06 16:07:51,735 INFO  - Already have ACK (at simulation time 246.000,000,000 s)
2025-06-06 16:07:51,736 INFO  - Already have ACK (at simulation time 246.000,000,000 s)
2025-06-06 16:07:51,736 INFO  - Already have ACK (at simulation time 246.000,000,000 s)
2025-06-06 16:07:51,736 INFO  - Already have ACK (at simulation time 246.000,000,000 s)
2025-06-06 16:07:51,736 INFO  - Already have ACK (at simulation time 246.000,000,000 s)
2025-06-06 16:07:51,736 INFO  - Already have ACK (at simulation time 246.000,000,000 s)
2025-06-06 16:07:51,736 INFO  - Already have ACK (at simulation time 246.000,000,000 s)
2025-06-06 16:07:51,736 INFO  - Already have ACK (at simulation time 246.000,000,000 s)
2025-06-06 16:07:51,736 INFO  - Already have ACK (at simulation time 246.000,000,000 s)
2025-06-06 16:07:51,736 INFO  - Already have ACK (at simulation time 246.000,000,000 s)
2025-06-06 16:07:51,736 INFO  - Already have ACK (at simulation time 246.000,000,000 s)
2025-06-06 16:07:51,736 INFO  - Already have ACK (at simulation time 246.000,000,000 s)
2025-06-06 16:07:51,736 INFO  - Already have ACK (at simulation time 246.000,000,000 s)
2025-06-06 16:07:51,736 INFO  - Already have ACK (at simulation time 246.000,000,000 s)
2025-06-06 16:07:51,736 INFO  - Already have ACK (at simulation time 246.000,000,000 s)
2025-06-06 16:07:51,736 INFO  - Already have ACK (at simulation time 246.000,000,000 s)
2025-06-06 16:07:51,736 INFO  - Already have ACK (at simulation time 246.000,000,000 s)
2025-06-06 16:07:51,736 INFO  - Already have ACK (at simulation time 246.000,000,000 s)
2025-06-06 16:07:51,736 INFO  - Already have ACK (at simulation time 246.000,000,000 s)
2025-06-06 16:07:51,736 INFO  - Already have ACK (at simulation time 246.000,000,000 s)
2025-06-06 16:07:51,737 INFO  - Already have ACK (at simulation time 247.000,000,000 s)
2025-06-06 16:07:51,738 INFO  - Already have ACK (at simulation time 247.000,000,000 s)
2025-06-06 16:07:51,738 INFO  - Already have ACK (at simulation time 247.000,000,000 s)
2025-06-06 16:07:51,738 INFO  - Already have ACK (at simulation time 247.000,000,000 s)
2025-06-06 16:07:51,738 INFO  - Already have ACK (at simulation time 247.000,000,000 s)
2025-06-06 16:07:51,738 INFO  - Already have ACK (at simulation time 247.000,000,000 s)
2025-06-06 16:07:51,738 INFO  - Already have ACK (at simulation time 247.000,000,000 s)
2025-06-06 16:07:51,738 INFO  - Already have ACK (at simulation time 247.000,000,000 s)
2025-06-06 16:07:51,738 INFO  - Already have ACK (at simulation time 247.000,000,000 s)
2025-06-06 16:07:51,738 INFO  - Already have ACK (at simulation time 247.000,000,000 s)
2025-06-06 16:07:51,738 INFO  - Already have ACK (at simulation time 247.000,000,000 s)
2025-06-06 16:07:51,738 INFO  - Already have ACK (at simulation time 247.000,000,000 s)
2025-06-06 16:07:51,738 INFO  - Already have ACK (at simulation time 247.000,000,000 s)
2025-06-06 16:07:51,738 INFO  - Already have ACK (at simulation time 247.000,000,000 s)
2025-06-06 16:07:51,738 INFO  - Already have ACK (at simulation time 247.000,000,000 s)
2025-06-06 16:07:51,738 INFO  - Already have ACK (at simulation time 247.000,000,000 s)
2025-06-06 16:07:51,738 INFO  - Already have ACK (at simulation time 247.000,000,000 s)
2025-06-06 16:07:51,738 INFO  - Already have ACK (at simulation time 247.000,000,000 s)
2025-06-06 16:07:51,738 INFO  - Already have ACK (at simulation time 247.000,000,000 s)
2025-06-06 16:07:51,739 INFO  - Already have ACK (at simulation time 247.000,000,000 s)
2025-06-06 16:07:51,739 INFO  - Already have ACK (at simulation time 247.000,000,000 s)
2025-06-06 16:07:51,739 INFO  - Already have ACK (at simulation time 247.000,000,000 s)
2025-06-06 16:07:51,739 INFO  - Already have ACK (at simulation time 247.000,000,000 s)
2025-06-06 16:07:51,739 INFO  - Already have ACK (at simulation time 247.000,000,000 s)
2025-06-06 16:07:51,739 INFO  - Already have ACK (at simulation time 247.000,000,000 s)
2025-06-06 16:07:51,739 INFO  - Already have ACK (at simulation time 247.000,000,000 s)
2025-06-06 16:07:51,739 INFO  - Already have ACK (at simulation time 247.000,000,000 s)
2025-06-06 16:07:51,739 INFO  - Already have ACK (at simulation time 247.000,000,000 s)
2025-06-06 16:07:51,739 INFO  - Already have ACK (at simulation time 247.000,000,000 s)
2025-06-06 16:07:51,739 INFO  - Already have ACK (at simulation time 247.000,000,000 s)
2025-06-06 16:07:51,739 INFO  - Already have ACK (at simulation time 247.000,000,000 s)
2025-06-06 16:07:51,739 INFO  - Already have ACK (at simulation time 247.000,000,000 s)
2025-06-06 16:07:51,739 INFO  - Already have ACK (at simulation time 247.000,000,000 s)
2025-06-06 16:07:51,739 INFO  - Already have ACK (at simulation time 247.000,000,000 s)
2025-06-06 16:07:51,739 INFO  - Already have ACK (at simulation time 247.000,000,000 s)
2025-06-06 16:07:51,739 INFO  - Already have ACK (at simulation time 247.000,000,000 s)
2025-06-06 16:07:51,739 INFO  - Already have ACK (at simulation time 247.000,000,000 s)
2025-06-06 16:07:51,739 INFO  - Already have ACK (at simulation time 247.000,000,000 s)
2025-06-06 16:07:51,739 INFO  - Already have ACK (at simulation time 247.000,000,000 s)
2025-06-06 16:07:51,739 INFO  - Already have ACK (at simulation time 247.000,000,000 s)
2025-06-06 16:07:51,739 INFO  - Already have ACK (at simulation time 247.000,000,000 s)
2025-06-06 16:07:51,739 INFO  - Already have ACK (at simulation time 247.000,000,000 s)
2025-06-06 16:07:51,739 INFO  - Already have ACK (at simulation time 247.000,000,000 s)
2025-06-06 16:07:51,739 INFO  - Already have ACK (at simulation time 247.000,000,000 s)
2025-06-06 16:07:51,739 INFO  - Already have ACK (at simulation time 247.000,000,000 s)
2025-06-06 16:07:51,739 INFO  - Already have ACK (at simulation time 247.000,000,000 s)
2025-06-06 16:07:51,740 INFO  - Already have ACK (at simulation time 247.000,000,000 s)
2025-06-06 16:07:51,740 INFO  - Already have ACK (at simulation time 247.000,000,000 s)
2025-06-06 16:07:51,740 INFO  - Already have ACK (at simulation time 247.000,000,000 s)
2025-06-06 16:07:51,740 INFO  - Already have ACK (at simulation time 247.000,000,000 s)
2025-06-06 16:07:51,740 INFO  - Already have ACK (at simulation time 247.000,000,000 s)
2025-06-06 16:07:51,740 INFO  - Already have ACK (at simulation time 247.000,000,000 s)
2025-06-06 16:07:51,740 INFO  - Already have ACK (at simulation time 247.000,000,000 s)
2025-06-06 16:07:51,740 INFO  - Already have ACK (at simulation time 247.000,000,000 s)
2025-06-06 16:07:51,740 INFO  - Already have ACK (at simulation time 247.000,000,000 s)
2025-06-06 16:07:51,740 INFO  - Already have ACK (at simulation time 247.000,000,000 s)
2025-06-06 16:07:51,740 INFO  - Already have ACK (at simulation time 247.000,000,000 s)
2025-06-06 16:07:51,740 INFO  - Already have ACK (at simulation time 247.000,000,000 s)
2025-06-06 16:07:51,740 INFO  - Already have ACK (at simulation time 247.000,000,000 s)
2025-06-06 16:07:51,740 INFO  - Already have ACK (at simulation time 247.000,000,000 s)
2025-06-06 16:07:51,740 INFO  - Already have ACK (at simulation time 247.000,000,000 s)
2025-06-06 16:07:51,740 INFO  - Already have ACK (at simulation time 247.000,000,000 s)
2025-06-06 16:07:51,740 INFO  - Already have ACK (at simulation time 247.000,000,000 s)
2025-06-06 16:07:51,740 INFO  - Already have ACK (at simulation time 247.000,000,000 s)
2025-06-06 16:07:51,740 INFO  - Already have ACK (at simulation time 247.000,000,000 s)
2025-06-06 16:07:51,740 INFO  - Already have ACK (at simulation time 247.000,000,000 s)
2025-06-06 16:07:51,740 INFO  - Already have ACK (at simulation time 247.000,000,000 s)
2025-06-06 16:07:51,742 INFO  - Already have ACK (at simulation time 248.000,000,000 s)
2025-06-06 16:07:51,742 INFO  - Already have ACK (at simulation time 248.000,000,000 s)
2025-06-06 16:07:51,742 INFO  - Already have ACK (at simulation time 248.000,000,000 s)
2025-06-06 16:07:51,742 INFO  - Already have ACK (at simulation time 248.000,000,000 s)
2025-06-06 16:07:51,742 INFO  - Already have ACK (at simulation time 248.000,000,000 s)
2025-06-06 16:07:51,742 INFO  - Already have ACK (at simulation time 248.000,000,000 s)
2025-06-06 16:07:51,742 INFO  - Already have ACK (at simulation time 248.000,000,000 s)
2025-06-06 16:07:51,742 INFO  - Already have ACK (at simulation time 248.000,000,000 s)
2025-06-06 16:07:51,742 INFO  - Already have ACK (at simulation time 248.000,000,000 s)
2025-06-06 16:07:51,742 INFO  - Already have ACK (at simulation time 248.000,000,000 s)
2025-06-06 16:07:51,742 INFO  - Already have ACK (at simulation time 248.000,000,000 s)
2025-06-06 16:07:51,742 INFO  - Already have ACK (at simulation time 248.000,000,000 s)
2025-06-06 16:07:51,743 INFO  - Already have ACK (at simulation time 248.000,000,000 s)
2025-06-06 16:07:51,743 INFO  - Already have ACK (at simulation time 248.000,000,000 s)
2025-06-06 16:07:51,743 INFO  - Already have ACK (at simulation time 248.000,000,000 s)
2025-06-06 16:07:51,743 INFO  - Already have ACK (at simulation time 248.000,000,000 s)
2025-06-06 16:07:51,743 INFO  - Already have ACK (at simulation time 248.000,000,000 s)
2025-06-06 16:07:51,743 INFO  - Already have ACK (at simulation time 248.000,000,000 s)
2025-06-06 16:07:51,743 INFO  - Already have ACK (at simulation time 248.000,000,000 s)
2025-06-06 16:07:51,743 INFO  - Already have ACK (at simulation time 248.000,000,000 s)
2025-06-06 16:07:51,743 INFO  - Already have ACK (at simulation time 248.000,000,000 s)
2025-06-06 16:07:51,743 INFO  - Already have ACK (at simulation time 248.000,000,000 s)
2025-06-06 16:07:51,743 INFO  - Already have ACK (at simulation time 248.000,000,000 s)
2025-06-06 16:07:51,743 INFO  - Already have ACK (at simulation time 248.000,000,000 s)
2025-06-06 16:07:51,743 INFO  - Already have ACK (at simulation time 248.000,000,000 s)
2025-06-06 16:07:51,743 INFO  - Already have ACK (at simulation time 248.000,000,000 s)
2025-06-06 16:07:51,743 INFO  - Already have ACK (at simulation time 248.000,000,000 s)
2025-06-06 16:07:51,743 INFO  - Already have ACK (at simulation time 248.000,000,000 s)
2025-06-06 16:07:51,743 INFO  - Already have ACK (at simulation time 248.000,000,000 s)
2025-06-06 16:07:51,743 INFO  - Already have ACK (at simulation time 248.000,000,000 s)
2025-06-06 16:07:51,743 INFO  - Already have ACK (at simulation time 248.000,000,000 s)
2025-06-06 16:07:51,743 INFO  - Already have ACK (at simulation time 248.000,000,000 s)
2025-06-06 16:07:51,743 INFO  - Already have ACK (at simulation time 248.000,000,000 s)
2025-06-06 16:07:51,743 INFO  - Already have ACK (at simulation time 248.000,000,000 s)
2025-06-06 16:07:51,744 INFO  - Already have ACK (at simulation time 248.000,000,000 s)
2025-06-06 16:07:51,744 INFO  - Already have ACK (at simulation time 248.000,000,000 s)
2025-06-06 16:07:51,744 INFO  - Already have ACK (at simulation time 248.000,000,000 s)
2025-06-06 16:07:51,744 INFO  - Already have ACK (at simulation time 248.000,000,000 s)
2025-06-06 16:07:51,744 INFO  - Already have ACK (at simulation time 248.000,000,000 s)
2025-06-06 16:07:51,744 INFO  - Already have ACK (at simulation time 248.000,000,000 s)
2025-06-06 16:07:51,744 INFO  - Already have ACK (at simulation time 248.000,000,000 s)
2025-06-06 16:07:51,744 INFO  - Already have ACK (at simulation time 248.000,000,000 s)
2025-06-06 16:07:51,744 INFO  - Already have ACK (at simulation time 248.000,000,000 s)
2025-06-06 16:07:51,744 INFO  - Already have ACK (at simulation time 248.000,000,000 s)
2025-06-06 16:07:51,744 INFO  - Already have ACK (at simulation time 248.000,000,000 s)
2025-06-06 16:07:51,744 INFO  - Already have ACK (at simulation time 248.000,000,000 s)
2025-06-06 16:07:51,744 INFO  - Already have ACK (at simulation time 248.000,000,000 s)
2025-06-06 16:07:51,744 INFO  - Already have ACK (at simulation time 248.000,000,000 s)
2025-06-06 16:07:51,744 INFO  - Already have ACK (at simulation time 248.000,000,000 s)
2025-06-06 16:07:51,744 INFO  - Already have ACK (at simulation time 248.000,000,000 s)
2025-06-06 16:07:51,744 INFO  - Already have ACK (at simulation time 248.000,000,000 s)
2025-06-06 16:07:51,744 INFO  - Already have ACK (at simulation time 248.000,000,000 s)
2025-06-06 16:07:51,744 INFO  - Already have ACK (at simulation time 248.000,000,000 s)
2025-06-06 16:07:51,744 INFO  - Already have ACK (at simulation time 248.000,000,000 s)
2025-06-06 16:07:51,744 INFO  - Already have ACK (at simulation time 248.000,000,000 s)
2025-06-06 16:07:51,744 INFO  - Already have ACK (at simulation time 248.000,000,000 s)
2025-06-06 16:07:51,744 INFO  - Already have ACK (at simulation time 248.000,000,000 s)
2025-06-06 16:07:51,744 INFO  - Already have ACK (at simulation time 248.000,000,000 s)
2025-06-06 16:07:51,744 INFO  - Already have ACK (at simulation time 248.000,000,000 s)
2025-06-06 16:07:51,744 INFO  - Already have ACK (at simulation time 248.000,000,000 s)
2025-06-06 16:07:51,744 INFO  - Already have ACK (at simulation time 248.000,000,000 s)
2025-06-06 16:07:51,744 INFO  - Already have ACK (at simulation time 248.000,000,000 s)
2025-06-06 16:07:51,744 INFO  - Already have ACK (at simulation time 248.000,000,000 s)
2025-06-06 16:07:51,744 INFO  - Already have ACK (at simulation time 248.000,000,000 s)
2025-06-06 16:07:51,744 INFO  - Already have ACK (at simulation time 248.000,000,000 s)
2025-06-06 16:07:51,744 INFO  - Already have ACK (at simulation time 248.000,000,000 s)
2025-06-06 16:07:51,744 INFO  - Already have ACK (at simulation time 248.000,000,000 s)
2025-06-06 16:07:51,744 INFO  - Already have ACK (at simulation time 248.000,000,000 s)
2025-06-06 16:07:51,746 INFO  - Already have ACK (at simulation time 249.000,000,000 s)
2025-06-06 16:07:51,746 INFO  - Already have ACK (at simulation time 249.000,000,000 s)
2025-06-06 16:07:51,746 INFO  - Already have ACK (at simulation time 249.000,000,000 s)
2025-06-06 16:07:51,746 INFO  - Already have ACK (at simulation time 249.000,000,000 s)
2025-06-06 16:07:51,746 INFO  - Already have ACK (at simulation time 249.000,000,000 s)
2025-06-06 16:07:51,746 INFO  - Already have ACK (at simulation time 249.000,000,000 s)
2025-06-06 16:07:51,746 INFO  - Already have ACK (at simulation time 249.000,000,000 s)
2025-06-06 16:07:51,746 INFO  - Already have ACK (at simulation time 249.000,000,000 s)
2025-06-06 16:07:51,746 INFO  - Already have ACK (at simulation time 249.000,000,000 s)
2025-06-06 16:07:51,746 INFO  - Already have ACK (at simulation time 249.000,000,000 s)
2025-06-06 16:07:51,746 INFO  - Already have ACK (at simulation time 249.000,000,000 s)
2025-06-06 16:07:51,746 INFO  - Already have ACK (at simulation time 249.000,000,000 s)
2025-06-06 16:07:51,747 INFO  - Already have ACK (at simulation time 249.000,000,000 s)
2025-06-06 16:07:51,747 INFO  - Already have ACK (at simulation time 249.000,000,000 s)
2025-06-06 16:07:51,747 INFO  - Already have ACK (at simulation time 249.000,000,000 s)
2025-06-06 16:07:51,747 INFO  - Already have ACK (at simulation time 249.000,000,000 s)
2025-06-06 16:07:51,747 INFO  - Already have ACK (at simulation time 249.000,000,000 s)
2025-06-06 16:07:51,747 INFO  - Already have ACK (at simulation time 249.000,000,000 s)
2025-06-06 16:07:51,747 INFO  - Already have ACK (at simulation time 249.000,000,000 s)
2025-06-06 16:07:51,747 INFO  - Already have ACK (at simulation time 249.000,000,000 s)
2025-06-06 16:07:51,747 INFO  - Already have ACK (at simulation time 249.000,000,000 s)
2025-06-06 16:07:51,747 INFO  - Already have ACK (at simulation time 249.000,000,000 s)
2025-06-06 16:07:51,747 INFO  - Already have ACK (at simulation time 249.000,000,000 s)
2025-06-06 16:07:51,747 INFO  - Already have ACK (at simulation time 249.000,000,000 s)
2025-06-06 16:07:51,747 INFO  - Already have ACK (at simulation time 249.000,000,000 s)
2025-06-06 16:07:51,747 INFO  - Already have ACK (at simulation time 249.000,000,000 s)
2025-06-06 16:07:51,747 INFO  - Already have ACK (at simulation time 249.000,000,000 s)
2025-06-06 16:07:51,747 INFO  - Already have ACK (at simulation time 249.000,000,000 s)
2025-06-06 16:07:51,747 INFO  - Already have ACK (at simulation time 249.000,000,000 s)
2025-06-06 16:07:51,747 INFO  - Already have ACK (at simulation time 249.000,000,000 s)
2025-06-06 16:07:51,747 INFO  - Already have ACK (at simulation time 249.000,000,000 s)
2025-06-06 16:07:51,747 INFO  - Already have ACK (at simulation time 249.000,000,000 s)
2025-06-06 16:07:51,747 INFO  - Already have ACK (at simulation time 249.000,000,000 s)
2025-06-06 16:07:51,747 INFO  - Already have ACK (at simulation time 249.000,000,000 s)
2025-06-06 16:07:51,747 INFO  - Already have ACK (at simulation time 249.000,000,000 s)
2025-06-06 16:07:51,747 INFO  - Already have ACK (at simulation time 249.000,000,000 s)
2025-06-06 16:07:51,747 INFO  - Already have ACK (at simulation time 249.000,000,000 s)
2025-06-06 16:07:51,748 INFO  - Already have ACK (at simulation time 249.000,000,000 s)
2025-06-06 16:07:51,748 INFO  - Already have ACK (at simulation time 249.000,000,000 s)
2025-06-06 16:07:51,748 INFO  - Already have ACK (at simulation time 249.000,000,000 s)
2025-06-06 16:07:51,748 INFO  - Already have ACK (at simulation time 249.000,000,000 s)
2025-06-06 16:07:51,748 INFO  - Already have ACK (at simulation time 249.000,000,000 s)
2025-06-06 16:07:51,748 INFO  - Already have ACK (at simulation time 249.000,000,000 s)
2025-06-06 16:07:51,748 INFO  - Already have ACK (at simulation time 249.000,000,000 s)
2025-06-06 16:07:51,748 INFO  - Already have ACK (at simulation time 249.000,000,000 s)
2025-06-06 16:07:51,748 INFO  - Already have ACK (at simulation time 249.000,000,000 s)
2025-06-06 16:07:51,748 INFO  - Already have ACK (at simulation time 249.000,000,000 s)
2025-06-06 16:07:51,748 INFO  - Already have ACK (at simulation time 249.000,000,000 s)
2025-06-06 16:07:51,748 INFO  - Already have ACK (at simulation time 249.000,000,000 s)
2025-06-06 16:07:51,748 INFO  - Already have ACK (at simulation time 249.000,000,000 s)
2025-06-06 16:07:51,748 INFO  - Already have ACK (at simulation time 249.000,000,000 s)
2025-06-06 16:07:51,748 INFO  - Already have ACK (at simulation time 249.000,000,000 s)
2025-06-06 16:07:51,748 INFO  - Already have ACK (at simulation time 249.000,000,000 s)
2025-06-06 16:07:51,748 INFO  - Already have ACK (at simulation time 249.000,000,000 s)
2025-06-06 16:07:51,748 INFO  - Already have ACK (at simulation time 249.000,000,000 s)
2025-06-06 16:07:51,748 INFO  - Already have ACK (at simulation time 249.000,000,000 s)
2025-06-06 16:07:51,748 INFO  - Already have ACK (at simulation time 249.000,000,000 s)
2025-06-06 16:07:51,748 INFO  - Already have ACK (at simulation time 249.000,000,000 s)
2025-06-06 16:07:51,748 INFO  - Already have ACK (at simulation time 249.000,000,000 s)
2025-06-06 16:07:51,748 INFO  - Already have ACK (at simulation time 249.000,000,000 s)
2025-06-06 16:07:51,748 INFO  - Already have ACK (at simulation time 249.000,000,000 s)
2025-06-06 16:07:51,748 INFO  - Already have ACK (at simulation time 249.000,000,000 s)
2025-06-06 16:07:51,748 INFO  - Already have ACK (at simulation time 249.000,000,000 s)
2025-06-06 16:07:51,748 INFO  - Already have ACK (at simulation time 249.000,000,000 s)
2025-06-06 16:07:51,748 INFO  - Already have ACK (at simulation time 249.000,000,000 s)
2025-06-06 16:07:51,748 INFO  - Already have ACK (at simulation time 249.000,000,000 s)
2025-06-06 16:07:51,748 INFO  - Already have ACK (at simulation time 249.000,000,000 s)
2025-06-06 16:07:51,748 INFO  - Already have ACK (at simulation time 249.000,000,000 s)
2025-06-06 16:07:51,748 INFO  - Already have ACK (at simulation time 249.000,000,000 s)
2025-06-06 16:07:51,750 INFO  - Already have ACK (at simulation time 250.000,000,000 s)
2025-06-06 16:07:51,750 INFO  - Already have ACK (at simulation time 250.000,000,000 s)
2025-06-06 16:07:51,750 INFO  - Already have ACK (at simulation time 250.000,000,000 s)
2025-06-06 16:07:51,750 INFO  - Already have ACK (at simulation time 250.000,000,000 s)
2025-06-06 16:07:51,750 INFO  - Already have ACK (at simulation time 250.000,000,000 s)
2025-06-06 16:07:51,750 INFO  - Already have ACK (at simulation time 250.000,000,000 s)
2025-06-06 16:07:51,750 INFO  - Already have ACK (at simulation time 250.000,000,000 s)
2025-06-06 16:07:51,750 INFO  - Already have ACK (at simulation time 250.000,000,000 s)
2025-06-06 16:07:51,750 INFO  - Already have ACK (at simulation time 250.000,000,000 s)
2025-06-06 16:07:51,750 INFO  - Already have ACK (at simulation time 250.000,000,000 s)
2025-06-06 16:07:51,750 INFO  - Already have ACK (at simulation time 250.000,000,000 s)
2025-06-06 16:07:51,750 INFO  - Already have ACK (at simulation time 250.000,000,000 s)
2025-06-06 16:07:51,750 INFO  - Already have ACK (at simulation time 250.000,000,000 s)
2025-06-06 16:07:51,751 INFO  - Already have ACK (at simulation time 250.000,000,000 s)
2025-06-06 16:07:51,751 INFO  - Already have ACK (at simulation time 250.000,000,000 s)
2025-06-06 16:07:51,751 INFO  - Already have ACK (at simulation time 250.000,000,000 s)
2025-06-06 16:07:51,751 INFO  - Already have ACK (at simulation time 250.000,000,000 s)
2025-06-06 16:07:51,751 INFO  - Already have ACK (at simulation time 250.000,000,000 s)
2025-06-06 16:07:51,751 INFO  - Already have ACK (at simulation time 250.000,000,000 s)
2025-06-06 16:07:51,751 INFO  - Already have ACK (at simulation time 250.000,000,000 s)
2025-06-06 16:07:51,751 INFO  - Already have ACK (at simulation time 250.000,000,000 s)
2025-06-06 16:07:51,751 INFO  - Already have ACK (at simulation time 250.000,000,000 s)
2025-06-06 16:07:51,751 INFO  - Already have ACK (at simulation time 250.000,000,000 s)
2025-06-06 16:07:51,751 INFO  - Already have ACK (at simulation time 250.000,000,000 s)
2025-06-06 16:07:51,751 INFO  - Already have ACK (at simulation time 250.000,000,000 s)
2025-06-06 16:07:51,751 INFO  - Already have ACK (at simulation time 250.000,000,000 s)
2025-06-06 16:07:51,751 INFO  - Already have ACK (at simulation time 250.000,000,000 s)
2025-06-06 16:07:51,751 INFO  - Already have ACK (at simulation time 250.000,000,000 s)
2025-06-06 16:07:51,751 INFO  - Already have ACK (at simulation time 250.000,000,000 s)
2025-06-06 16:07:51,751 INFO  - Already have ACK (at simulation time 250.000,000,000 s)
2025-06-06 16:07:51,751 INFO  - Already have ACK (at simulation time 250.000,000,000 s)
2025-06-06 16:07:51,751 INFO  - Already have ACK (at simulation time 250.000,000,000 s)
2025-06-06 16:07:51,751 INFO  - Already have ACK (at simulation time 250.000,000,000 s)
2025-06-06 16:07:51,751 INFO  - Already have ACK (at simulation time 250.000,000,000 s)
2025-06-06 16:07:51,751 INFO  - Already have ACK (at simulation time 250.000,000,000 s)
2025-06-06 16:07:51,751 INFO  - Already have ACK (at simulation time 250.000,000,000 s)
2025-06-06 16:07:51,751 INFO  - Already have ACK (at simulation time 250.000,000,000 s)
2025-06-06 16:07:51,751 INFO  - Already have ACK (at simulation time 250.000,000,000 s)
2025-06-06 16:07:51,751 INFO  - Already have ACK (at simulation time 250.000,000,000 s)
2025-06-06 16:07:51,752 INFO  - Already have ACK (at simulation time 250.000,000,000 s)
2025-06-06 16:07:51,752 INFO  - Already have ACK (at simulation time 250.000,000,000 s)
2025-06-06 16:07:51,752 INFO  - Already have ACK (at simulation time 250.000,000,000 s)
2025-06-06 16:07:51,752 INFO  - Already have ACK (at simulation time 250.000,000,000 s)
2025-06-06 16:07:51,752 INFO  - Already have ACK (at simulation time 250.000,000,000 s)
2025-06-06 16:07:51,752 INFO  - Already have ACK (at simulation time 250.000,000,000 s)
2025-06-06 16:07:51,752 INFO  - Already have ACK (at simulation time 250.000,000,000 s)
2025-06-06 16:07:51,752 INFO  - Already have ACK (at simulation time 250.000,000,000 s)
2025-06-06 16:07:51,752 INFO  - Already have ACK (at simulation time 250.000,000,000 s)
2025-06-06 16:07:51,752 INFO  - Already have ACK (at simulation time 250.000,000,000 s)
2025-06-06 16:07:51,752 INFO  - Already have ACK (at simulation time 250.000,000,000 s)
2025-06-06 16:07:51,752 INFO  - Already have ACK (at simulation time 250.000,000,000 s)
2025-06-06 16:07:51,752 INFO  - Already have ACK (at simulation time 250.000,000,000 s)
2025-06-06 16:07:51,752 INFO  - Already have ACK (at simulation time 250.000,000,000 s)
2025-06-06 16:07:51,752 INFO  - Already have ACK (at simulation time 250.000,000,000 s)
2025-06-06 16:07:51,752 INFO  - Already have ACK (at simulation time 250.000,000,000 s)
2025-06-06 16:07:51,752 INFO  - Already have ACK (at simulation time 250.000,000,000 s)
2025-06-06 16:07:51,752 INFO  - Already have ACK (at simulation time 250.000,000,000 s)
2025-06-06 16:07:51,752 INFO  - Already have ACK (at simulation time 250.000,000,000 s)
2025-06-06 16:07:51,752 INFO  - Already have ACK (at simulation time 250.000,000,000 s)
2025-06-06 16:07:51,752 INFO  - Already have ACK (at simulation time 250.000,000,000 s)
2025-06-06 16:07:51,752 INFO  - Already have ACK (at simulation time 250.000,000,000 s)
2025-06-06 16:07:51,752 INFO  - Already have ACK (at simulation time 250.000,000,000 s)
2025-06-06 16:07:51,752 INFO  - Already have ACK (at simulation time 250.000,000,000 s)
2025-06-06 16:07:51,752 INFO  - Already have ACK (at simulation time 250.000,000,000 s)
2025-06-06 16:07:51,752 INFO  - Already have ACK (at simulation time 250.000,000,000 s)
2025-06-06 16:07:51,752 INFO  - Already have ACK (at simulation time 250.000,000,000 s)
2025-06-06 16:07:51,752 INFO  - Already have ACK (at simulation time 250.000,000,000 s)
2025-06-06 16:07:51,752 INFO  - Already have ACK (at simulation time 250.000,000,000 s)
2025-06-06 16:07:51,752 INFO  - Already have ACK (at simulation time 250.000,000,000 s)
2025-06-06 16:07:51,752 INFO  - Already have ACK (at simulation time 250.000,000,000 s)
2025-06-06 16:07:51,753 INFO  - Received metrics from FogNode: avgR0=1.44, avgR1=1.96 (at simulation time 250.002,300,000 s)
2025-06-06 16:07:51,754 INFO  - Sent periodic GreenWaveMsg: veh_34 on route r_0 (at simulation time 251.000,000,000 s)
2025-06-06 16:07:51,754 INFO  - Already have ACK (at simulation time 251.000,000,000 s)
2025-06-06 16:07:51,754 INFO  - Already have ACK (at simulation time 251.000,000,000 s)
2025-06-06 16:07:51,754 INFO  - Already have ACK (at simulation time 251.000,000,000 s)
2025-06-06 16:07:51,754 INFO  - Already have ACK (at simulation time 251.000,000,000 s)
2025-06-06 16:07:51,754 INFO  - Already have ACK (at simulation time 251.000,000,000 s)
2025-06-06 16:07:51,754 INFO  - Already have ACK (at simulation time 251.000,000,000 s)
2025-06-06 16:07:51,754 INFO  - Already have ACK (at simulation time 251.000,000,000 s)
2025-06-06 16:07:51,754 INFO  - Already have ACK (at simulation time 251.000,000,000 s)
2025-06-06 16:07:51,754 INFO  - Already have ACK (at simulation time 251.000,000,000 s)
2025-06-06 16:07:51,754 INFO  - Already have ACK (at simulation time 251.000,000,000 s)
2025-06-06 16:07:51,755 INFO  - Already have ACK (at simulation time 251.000,000,000 s)
2025-06-06 16:07:51,755 INFO  - Already have ACK (at simulation time 251.000,000,000 s)
2025-06-06 16:07:51,755 INFO  - Already have ACK (at simulation time 251.000,000,000 s)
2025-06-06 16:07:51,755 INFO  - Already have ACK (at simulation time 251.000,000,000 s)
2025-06-06 16:07:51,755 INFO  - Already have ACK (at simulation time 251.000,000,000 s)
2025-06-06 16:07:51,755 INFO  - Already have ACK (at simulation time 251.000,000,000 s)
2025-06-06 16:07:51,755 INFO  - Already have ACK (at simulation time 251.000,000,000 s)
2025-06-06 16:07:51,755 INFO  - Already have ACK (at simulation time 251.000,000,000 s)
2025-06-06 16:07:51,755 INFO  - Already have ACK (at simulation time 251.000,000,000 s)
2025-06-06 16:07:51,755 INFO  - Already have ACK (at simulation time 251.000,000,000 s)
2025-06-06 16:07:51,755 INFO  - Already have ACK (at simulation time 251.000,000,000 s)
2025-06-06 16:07:51,755 INFO  - Already have ACK (at simulation time 251.000,000,000 s)
2025-06-06 16:07:51,755 INFO  - Already have ACK (at simulation time 251.000,000,000 s)
2025-06-06 16:07:51,755 INFO  - Already have ACK (at simulation time 251.000,000,000 s)
2025-06-06 16:07:51,755 INFO  - Already have ACK (at simulation time 251.000,000,000 s)
2025-06-06 16:07:51,755 INFO  - Already have ACK (at simulation time 251.000,000,000 s)
2025-06-06 16:07:51,755 INFO  - Already have ACK (at simulation time 251.000,000,000 s)
2025-06-06 16:07:51,755 INFO  - Already have ACK (at simulation time 251.000,000,000 s)
2025-06-06 16:07:51,755 INFO  - Already have ACK (at simulation time 251.000,000,000 s)
2025-06-06 16:07:51,755 INFO  - Already have ACK (at simulation time 251.000,000,000 s)
2025-06-06 16:07:51,755 INFO  - Already have ACK (at simulation time 251.000,000,000 s)
2025-06-06 16:07:51,755 INFO  - Already have ACK (at simulation time 251.000,000,000 s)
2025-06-06 16:07:51,755 INFO  - Already have ACK (at simulation time 251.000,000,000 s)
2025-06-06 16:07:51,755 INFO  - Already have ACK (at simulation time 251.000,000,000 s)
2025-06-06 16:07:51,755 INFO  - Already have ACK (at simulation time 251.000,000,000 s)
2025-06-06 16:07:51,755 INFO  - Already have ACK (at simulation time 251.000,000,000 s)
2025-06-06 16:07:51,755 INFO  - Already have ACK (at simulation time 251.000,000,000 s)
2025-06-06 16:07:51,755 INFO  - Already have ACK (at simulation time 251.000,000,000 s)
2025-06-06 16:07:51,755 INFO  - Already have ACK (at simulation time 251.000,000,000 s)
2025-06-06 16:07:51,755 INFO  - Already have ACK (at simulation time 251.000,000,000 s)
2025-06-06 16:07:51,755 INFO  - Already have ACK (at simulation time 251.000,000,000 s)
2025-06-06 16:07:51,755 INFO  - Already have ACK (at simulation time 251.000,000,000 s)
2025-06-06 16:07:51,756 INFO  - Already have ACK (at simulation time 251.000,000,000 s)
2025-06-06 16:07:51,756 INFO  - Already have ACK (at simulation time 251.000,000,000 s)
2025-06-06 16:07:51,756 INFO  - Already have ACK (at simulation time 251.000,000,000 s)
2025-06-06 16:07:51,756 INFO  - Already have ACK (at simulation time 251.000,000,000 s)
2025-06-06 16:07:51,756 INFO  - Already have ACK (at simulation time 251.000,000,000 s)
2025-06-06 16:07:51,756 INFO  - Already have ACK (at simulation time 251.000,000,000 s)
2025-06-06 16:07:51,756 INFO  - Already have ACK (at simulation time 251.000,000,000 s)
2025-06-06 16:07:51,756 INFO  - Already have ACK (at simulation time 251.000,000,000 s)
2025-06-06 16:07:51,756 INFO  - Already have ACK (at simulation time 251.000,000,000 s)
2025-06-06 16:07:51,756 INFO  - Already have ACK (at simulation time 251.000,000,000 s)
2025-06-06 16:07:51,756 INFO  - Already have ACK (at simulation time 251.000,000,000 s)
2025-06-06 16:07:51,756 INFO  - Already have ACK (at simulation time 251.000,000,000 s)
2025-06-06 16:07:51,756 INFO  - Already have ACK (at simulation time 251.000,000,000 s)
2025-06-06 16:07:51,756 INFO  - Already have ACK (at simulation time 251.000,000,000 s)
2025-06-06 16:07:51,756 INFO  - Already have ACK (at simulation time 251.000,000,000 s)
2025-06-06 16:07:51,756 INFO  - Already have ACK (at simulation time 251.000,000,000 s)
2025-06-06 16:07:51,756 INFO  - Already have ACK (at simulation time 251.000,000,000 s)
2025-06-06 16:07:51,756 INFO  - Already have ACK (at simulation time 251.000,000,000 s)
2025-06-06 16:07:51,756 INFO  - Already have ACK (at simulation time 251.000,000,000 s)
2025-06-06 16:07:51,756 INFO  - Already have ACK (at simulation time 251.000,000,000 s)
2025-06-06 16:07:51,756 INFO  - Already have ACK (at simulation time 251.000,000,000 s)
2025-06-06 16:07:51,756 INFO  - Already have ACK (at simulation time 251.000,000,000 s)
2025-06-06 16:07:51,756 INFO  - Already have ACK (at simulation time 251.000,000,000 s)
2025-06-06 16:07:51,756 INFO  - Already have ACK (at simulation time 251.000,000,000 s)
2025-06-06 16:07:51,756 INFO  - Already have ACK (at simulation time 251.000,000,000 s)
2025-06-06 16:07:51,756 INFO  - Already have ACK (at simulation time 251.000,000,000 s)
2025-06-06 16:07:51,756 INFO  - Already have ACK (at simulation time 251.000,000,000 s)
2025-06-06 16:07:51,756 INFO  - Already have ACK (at simulation time 251.000,000,000 s)
2025-06-06 16:07:51,756 INFO  - Already have ACK (at simulation time 251.000,000,000 s)
2025-06-06 16:07:51,757 INFO  - Already have ACK (at simulation time 252.000,000,000 s)
2025-06-06 16:07:51,757 INFO  - Already have ACK (at simulation time 252.000,000,000 s)
2025-06-06 16:07:51,757 INFO  - Already have ACK (at simulation time 252.000,000,000 s)
2025-06-06 16:07:51,757 INFO  - Already have ACK (at simulation time 252.000,000,000 s)
2025-06-06 16:07:51,757 INFO  - Already have ACK (at simulation time 252.000,000,000 s)
2025-06-06 16:07:51,757 INFO  - Already have ACK (at simulation time 252.000,000,000 s)
2025-06-06 16:07:51,758 INFO  - Already have ACK (at simulation time 252.000,000,000 s)
2025-06-06 16:07:51,758 INFO  - Already have ACK (at simulation time 252.000,000,000 s)
2025-06-06 16:07:51,758 INFO  - Already have ACK (at simulation time 252.000,000,000 s)
2025-06-06 16:07:51,758 INFO  - Already have ACK (at simulation time 252.000,000,000 s)
2025-06-06 16:07:51,758 INFO  - Already have ACK (at simulation time 252.000,000,000 s)
2025-06-06 16:07:51,758 INFO  - Already have ACK (at simulation time 252.000,000,000 s)
2025-06-06 16:07:51,758 INFO  - Already have ACK (at simulation time 252.000,000,000 s)
2025-06-06 16:07:51,758 INFO  - Already have ACK (at simulation time 252.000,000,000 s)
2025-06-06 16:07:51,758 INFO  - Already have ACK (at simulation time 252.000,000,000 s)
2025-06-06 16:07:51,758 INFO  - Already have ACK (at simulation time 252.000,000,000 s)
2025-06-06 16:07:51,758 INFO  - Already have ACK (at simulation time 252.000,000,000 s)
2025-06-06 16:07:51,758 INFO  - Already have ACK (at simulation time 252.000,000,000 s)
2025-06-06 16:07:51,758 INFO  - Already have ACK (at simulation time 252.000,000,000 s)
2025-06-06 16:07:51,758 INFO  - Already have ACK (at simulation time 252.000,000,000 s)
2025-06-06 16:07:51,758 INFO  - Already have ACK (at simulation time 252.000,000,000 s)
2025-06-06 16:07:51,758 INFO  - Already have ACK (at simulation time 252.000,000,000 s)
2025-06-06 16:07:51,758 INFO  - Already have ACK (at simulation time 252.000,000,000 s)
2025-06-06 16:07:51,758 INFO  - Already have ACK (at simulation time 252.000,000,000 s)
2025-06-06 16:07:51,758 INFO  - Already have ACK (at simulation time 252.000,000,000 s)
2025-06-06 16:07:51,758 INFO  - Already have ACK (at simulation time 252.000,000,000 s)
2025-06-06 16:07:51,758 INFO  - Already have ACK (at simulation time 252.000,000,000 s)
2025-06-06 16:07:51,758 INFO  - Already have ACK (at simulation time 252.000,000,000 s)
2025-06-06 16:07:51,758 INFO  - Already have ACK (at simulation time 252.000,000,000 s)
2025-06-06 16:07:51,758 INFO  - Already have ACK (at simulation time 252.000,000,000 s)
2025-06-06 16:07:51,758 INFO  - Already have ACK (at simulation time 252.000,000,000 s)
2025-06-06 16:07:51,758 INFO  - Already have ACK (at simulation time 252.000,000,000 s)
2025-06-06 16:07:51,758 INFO  - Already have ACK (at simulation time 252.000,000,000 s)
2025-06-06 16:07:51,758 INFO  - Already have ACK (at simulation time 252.000,000,000 s)
2025-06-06 16:07:51,758 INFO  - Already have ACK (at simulation time 252.000,000,000 s)
2025-06-06 16:07:51,758 INFO  - Already have ACK (at simulation time 252.000,000,000 s)
2025-06-06 16:07:51,759 INFO  - Already have ACK (at simulation time 252.000,000,000 s)
2025-06-06 16:07:51,759 INFO  - Already have ACK (at simulation time 252.000,000,000 s)
2025-06-06 16:07:51,759 INFO  - Already have ACK (at simulation time 252.000,000,000 s)
2025-06-06 16:07:51,759 INFO  - Already have ACK (at simulation time 252.000,000,000 s)
2025-06-06 16:07:51,759 INFO  - Already have ACK (at simulation time 252.000,000,000 s)
2025-06-06 16:07:51,759 INFO  - Already have ACK (at simulation time 252.000,000,000 s)
2025-06-06 16:07:51,759 INFO  - Already have ACK (at simulation time 252.000,000,000 s)
2025-06-06 16:07:51,759 INFO  - Already have ACK (at simulation time 252.000,000,000 s)
2025-06-06 16:07:51,759 INFO  - Already have ACK (at simulation time 252.000,000,000 s)
2025-06-06 16:07:51,759 INFO  - Already have ACK (at simulation time 252.000,000,000 s)
2025-06-06 16:07:51,759 INFO  - Already have ACK (at simulation time 252.000,000,000 s)
2025-06-06 16:07:51,759 INFO  - Already have ACK (at simulation time 252.000,000,000 s)
2025-06-06 16:07:51,759 INFO  - Already have ACK (at simulation time 252.000,000,000 s)
2025-06-06 16:07:51,759 INFO  - Already have ACK (at simulation time 252.000,000,000 s)
2025-06-06 16:07:51,759 INFO  - Already have ACK (at simulation time 252.000,000,000 s)
2025-06-06 16:07:51,759 INFO  - Already have ACK (at simulation time 252.000,000,000 s)
2025-06-06 16:07:51,759 INFO  - Already have ACK (at simulation time 252.000,000,000 s)
2025-06-06 16:07:51,759 INFO  - Already have ACK (at simulation time 252.000,000,000 s)
2025-06-06 16:07:51,759 INFO  - Already have ACK (at simulation time 252.000,000,000 s)
2025-06-06 16:07:51,759 INFO  - Already have ACK (at simulation time 252.000,000,000 s)
2025-06-06 16:07:51,759 INFO  - Already have ACK (at simulation time 252.000,000,000 s)
2025-06-06 16:07:51,759 INFO  - Already have ACK (at simulation time 252.000,000,000 s)
2025-06-06 16:07:51,759 INFO  - Already have ACK (at simulation time 252.000,000,000 s)
2025-06-06 16:07:51,759 INFO  - Already have ACK (at simulation time 252.000,000,000 s)
2025-06-06 16:07:51,759 INFO  - Already have ACK (at simulation time 252.000,000,000 s)
2025-06-06 16:07:51,759 INFO  - Already have ACK (at simulation time 252.000,000,000 s)
2025-06-06 16:07:51,759 INFO  - Already have ACK (at simulation time 252.000,000,000 s)
2025-06-06 16:07:51,759 INFO  - Already have ACK (at simulation time 252.000,000,000 s)
2025-06-06 16:07:51,759 INFO  - Already have ACK (at simulation time 252.000,000,000 s)
2025-06-06 16:07:51,759 INFO  - Already have ACK (at simulation time 252.000,000,000 s)
2025-06-06 16:07:51,759 INFO  - Already have ACK (at simulation time 252.000,000,000 s)
2025-06-06 16:07:51,759 INFO  - Already have ACK (at simulation time 252.000,000,000 s)
2025-06-06 16:07:51,759 INFO  - Already have ACK (at simulation time 252.000,000,000 s)
2025-06-06 16:07:51,759 INFO  - Already have ACK (at simulation time 252.000,000,000 s)
2025-06-06 16:07:51,759 INFO  - Already have ACK (at simulation time 252.000,000,000 s)
2025-06-06 16:07:51,759 INFO  - Already have ACK (at simulation time 252.000,000,000 s)
2025-06-06 16:07:51,764 INFO  - Already have ACK (at simulation time 253.000,000,000 s)
2025-06-06 16:07:51,765 INFO  - Already have ACK (at simulation time 253.000,000,000 s)
2025-06-06 16:07:51,765 INFO  - Already have ACK (at simulation time 253.000,000,000 s)
2025-06-06 16:07:51,765 INFO  - Already have ACK (at simulation time 253.000,000,000 s)
2025-06-06 16:07:51,765 INFO  - Already have ACK (at simulation time 253.000,000,000 s)
2025-06-06 16:07:51,765 INFO  - Already have ACK (at simulation time 253.000,000,000 s)
2025-06-06 16:07:51,765 INFO  - Already have ACK (at simulation time 253.000,000,000 s)
2025-06-06 16:07:51,765 INFO  - Already have ACK (at simulation time 253.000,000,000 s)
2025-06-06 16:07:51,765 INFO  - Already have ACK (at simulation time 253.000,000,000 s)
2025-06-06 16:07:51,765 INFO  - Already have ACK (at simulation time 253.000,000,000 s)
2025-06-06 16:07:51,765 INFO  - Already have ACK (at simulation time 253.000,000,000 s)
2025-06-06 16:07:51,765 INFO  - Already have ACK (at simulation time 253.000,000,000 s)
2025-06-06 16:07:51,765 INFO  - Already have ACK (at simulation time 253.000,000,000 s)
2025-06-06 16:07:51,765 INFO  - Already have ACK (at simulation time 253.000,000,000 s)
2025-06-06 16:07:51,765 INFO  - Already have ACK (at simulation time 253.000,000,000 s)
2025-06-06 16:07:51,765 INFO  - Already have ACK (at simulation time 253.000,000,000 s)
2025-06-06 16:07:51,765 INFO  - Already have ACK (at simulation time 253.000,000,000 s)
2025-06-06 16:07:51,765 INFO  - Already have ACK (at simulation time 253.000,000,000 s)
2025-06-06 16:07:51,765 INFO  - Already have ACK (at simulation time 253.000,000,000 s)
2025-06-06 16:07:51,765 INFO  - Already have ACK (at simulation time 253.000,000,000 s)
2025-06-06 16:07:51,765 INFO  - Already have ACK (at simulation time 253.000,000,000 s)
2025-06-06 16:07:51,765 INFO  - Already have ACK (at simulation time 253.000,000,000 s)
2025-06-06 16:07:51,765 INFO  - Already have ACK (at simulation time 253.000,000,000 s)
2025-06-06 16:07:51,765 INFO  - Already have ACK (at simulation time 253.000,000,000 s)
2025-06-06 16:07:51,766 INFO  - Already have ACK (at simulation time 253.000,000,000 s)
2025-06-06 16:07:51,766 INFO  - Already have ACK (at simulation time 253.000,000,000 s)
2025-06-06 16:07:51,766 INFO  - Already have ACK (at simulation time 253.000,000,000 s)
2025-06-06 16:07:51,766 INFO  - Already have ACK (at simulation time 253.000,000,000 s)
2025-06-06 16:07:51,766 INFO  - Already have ACK (at simulation time 253.000,000,000 s)
2025-06-06 16:07:51,766 INFO  - Already have ACK (at simulation time 253.000,000,000 s)
2025-06-06 16:07:51,766 INFO  - Already have ACK (at simulation time 253.000,000,000 s)
2025-06-06 16:07:51,766 INFO  - Already have ACK (at simulation time 253.000,000,000 s)
2025-06-06 16:07:51,768 INFO  - Already have ACK (at simulation time 253.000,000,000 s)
2025-06-06 16:07:51,768 INFO  - Already have ACK (at simulation time 253.000,000,000 s)
2025-06-06 16:07:51,768 INFO  - Already have ACK (at simulation time 253.000,000,000 s)
2025-06-06 16:07:51,768 INFO  - Already have ACK (at simulation time 253.000,000,000 s)
2025-06-06 16:07:51,768 INFO  - Already have ACK (at simulation time 253.000,000,000 s)
2025-06-06 16:07:51,768 INFO  - Already have ACK (at simulation time 253.000,000,000 s)
2025-06-06 16:07:51,768 INFO  - Already have ACK (at simulation time 253.000,000,000 s)
2025-06-06 16:07:51,768 INFO  - Already have ACK (at simulation time 253.000,000,000 s)
2025-06-06 16:07:51,768 INFO  - Already have ACK (at simulation time 253.000,000,000 s)
2025-06-06 16:07:51,768 INFO  - Already have ACK (at simulation time 253.000,000,000 s)
2025-06-06 16:07:51,768 INFO  - Already have ACK (at simulation time 253.000,000,000 s)
2025-06-06 16:07:51,768 INFO  - Already have ACK (at simulation time 253.000,000,000 s)
2025-06-06 16:07:51,768 INFO  - Already have ACK (at simulation time 253.000,000,000 s)
2025-06-06 16:07:51,768 INFO  - Already have ACK (at simulation time 253.000,000,000 s)
2025-06-06 16:07:51,768 INFO  - Already have ACK (at simulation time 253.000,000,000 s)
2025-06-06 16:07:51,768 INFO  - Already have ACK (at simulation time 253.000,000,000 s)
2025-06-06 16:07:51,768 INFO  - Already have ACK (at simulation time 253.000,000,000 s)
2025-06-06 16:07:51,768 INFO  - Already have ACK (at simulation time 253.000,000,000 s)
2025-06-06 16:07:51,768 INFO  - Already have ACK (at simulation time 253.000,000,000 s)
2025-06-06 16:07:51,768 INFO  - Already have ACK (at simulation time 253.000,000,000 s)
2025-06-06 16:07:51,768 INFO  - Already have ACK (at simulation time 253.000,000,000 s)
2025-06-06 16:07:51,768 INFO  - Already have ACK (at simulation time 253.000,000,000 s)
2025-06-06 16:07:51,768 INFO  - Already have ACK (at simulation time 253.000,000,000 s)
2025-06-06 16:07:51,768 INFO  - Already have ACK (at simulation time 253.000,000,000 s)
2025-06-06 16:07:51,768 INFO  - Already have ACK (at simulation time 253.000,000,000 s)
2025-06-06 16:07:51,768 INFO  - Already have ACK (at simulation time 253.000,000,000 s)
2025-06-06 16:07:51,768 INFO  - Already have ACK (at simulation time 253.000,000,000 s)
2025-06-06 16:07:51,768 INFO  - Already have ACK (at simulation time 253.000,000,000 s)
2025-06-06 16:07:51,769 INFO  - Already have ACK (at simulation time 253.000,000,000 s)
2025-06-06 16:07:51,769 INFO  - Already have ACK (at simulation time 253.000,000,000 s)
2025-06-06 16:07:51,769 INFO  - Already have ACK (at simulation time 253.000,000,000 s)
2025-06-06 16:07:51,769 INFO  - Already have ACK (at simulation time 253.000,000,000 s)
2025-06-06 16:07:51,769 INFO  - Already have ACK (at simulation time 253.000,000,000 s)
2025-06-06 16:07:51,769 INFO  - Already have ACK (at simulation time 253.000,000,000 s)
2025-06-06 16:07:51,769 INFO  - Already have ACK (at simulation time 253.000,000,000 s)
2025-06-06 16:07:51,769 INFO  - Already have ACK (at simulation time 253.000,000,000 s)
2025-06-06 16:07:51,769 INFO  - Already have ACK (at simulation time 253.000,000,000 s)
2025-06-06 16:07:51,769 INFO  - Already have ACK (at simulation time 253.000,000,000 s)
2025-06-06 16:07:51,769 INFO  - Already have ACK (at simulation time 253.000,000,000 s)
2025-06-06 16:07:51,769 INFO  - Already have ACK (at simulation time 253.000,000,000 s)
2025-06-06 16:07:51,769 INFO  - Already have ACK (at simulation time 253.000,000,000 s)
2025-06-06 16:07:51,771 INFO  - Already have ACK (at simulation time 254.000,000,000 s)
2025-06-06 16:07:51,771 INFO  - Already have ACK (at simulation time 254.000,000,000 s)
2025-06-06 16:07:51,771 INFO  - Already have ACK (at simulation time 254.000,000,000 s)
2025-06-06 16:07:51,771 INFO  - Already have ACK (at simulation time 254.000,000,000 s)
2025-06-06 16:07:51,771 INFO  - Already have ACK (at simulation time 254.000,000,000 s)
2025-06-06 16:07:51,771 INFO  - Already have ACK (at simulation time 254.000,000,000 s)
2025-06-06 16:07:51,771 INFO  - Already have ACK (at simulation time 254.000,000,000 s)
2025-06-06 16:07:51,771 INFO  - Already have ACK (at simulation time 254.000,000,000 s)
2025-06-06 16:07:51,771 INFO  - Already have ACK (at simulation time 254.000,000,000 s)
2025-06-06 16:07:51,771 INFO  - Already have ACK (at simulation time 254.000,000,000 s)
2025-06-06 16:07:51,771 INFO  - Already have ACK (at simulation time 254.000,000,000 s)
2025-06-06 16:07:51,771 INFO  - Already have ACK (at simulation time 254.000,000,000 s)
2025-06-06 16:07:51,771 INFO  - Already have ACK (at simulation time 254.000,000,000 s)
2025-06-06 16:07:51,771 INFO  - Already have ACK (at simulation time 254.000,000,000 s)
2025-06-06 16:07:51,772 INFO  - Already have ACK (at simulation time 254.000,000,000 s)
2025-06-06 16:07:51,772 INFO  - Already have ACK (at simulation time 254.000,000,000 s)
2025-06-06 16:07:51,772 INFO  - Already have ACK (at simulation time 254.000,000,000 s)
2025-06-06 16:07:51,772 INFO  - Already have ACK (at simulation time 254.000,000,000 s)
2025-06-06 16:07:51,772 INFO  - Already have ACK (at simulation time 254.000,000,000 s)
2025-06-06 16:07:51,772 INFO  - Already have ACK (at simulation time 254.000,000,000 s)
2025-06-06 16:07:51,772 INFO  - Already have ACK (at simulation time 254.000,000,000 s)
2025-06-06 16:07:51,772 INFO  - Already have ACK (at simulation time 254.000,000,000 s)
2025-06-06 16:07:51,772 INFO  - Already have ACK (at simulation time 254.000,000,000 s)
2025-06-06 16:07:51,772 INFO  - Already have ACK (at simulation time 254.000,000,000 s)
2025-06-06 16:07:51,772 INFO  - Already have ACK (at simulation time 254.000,000,000 s)
2025-06-06 16:07:51,772 INFO  - Already have ACK (at simulation time 254.000,000,000 s)
2025-06-06 16:07:51,772 INFO  - Already have ACK (at simulation time 254.000,000,000 s)
2025-06-06 16:07:51,772 INFO  - Already have ACK (at simulation time 254.000,000,000 s)
2025-06-06 16:07:51,772 INFO  - Already have ACK (at simulation time 254.000,000,000 s)
2025-06-06 16:07:51,772 INFO  - Already have ACK (at simulation time 254.000,000,000 s)
2025-06-06 16:07:51,772 INFO  - Already have ACK (at simulation time 254.000,000,000 s)
2025-06-06 16:07:51,772 INFO  - Already have ACK (at simulation time 254.000,000,000 s)
2025-06-06 16:07:51,772 INFO  - Already have ACK (at simulation time 254.000,000,000 s)
2025-06-06 16:07:51,772 INFO  - Already have ACK (at simulation time 254.000,000,000 s)
2025-06-06 16:07:51,772 INFO  - Already have ACK (at simulation time 254.000,000,000 s)
2025-06-06 16:07:51,772 INFO  - Already have ACK (at simulation time 254.000,000,000 s)
2025-06-06 16:07:51,772 INFO  - Already have ACK (at simulation time 254.000,000,000 s)
2025-06-06 16:07:51,772 INFO  - Already have ACK (at simulation time 254.000,000,000 s)
2025-06-06 16:07:51,772 INFO  - Already have ACK (at simulation time 254.000,000,000 s)
2025-06-06 16:07:51,772 INFO  - Already have ACK (at simulation time 254.000,000,000 s)
2025-06-06 16:07:51,772 INFO  - Already have ACK (at simulation time 254.000,000,000 s)
2025-06-06 16:07:51,772 INFO  - Already have ACK (at simulation time 254.000,000,000 s)
2025-06-06 16:07:51,772 INFO  - Already have ACK (at simulation time 254.000,000,000 s)
2025-06-06 16:07:51,772 INFO  - Already have ACK (at simulation time 254.000,000,000 s)
2025-06-06 16:07:51,773 INFO  - Already have ACK (at simulation time 254.000,000,000 s)
2025-06-06 16:07:51,773 INFO  - Already have ACK (at simulation time 254.000,000,000 s)
2025-06-06 16:07:51,773 INFO  - Already have ACK (at simulation time 254.000,000,000 s)
2025-06-06 16:07:51,773 INFO  - Already have ACK (at simulation time 254.000,000,000 s)
2025-06-06 16:07:51,773 INFO  - Already have ACK (at simulation time 254.000,000,000 s)
2025-06-06 16:07:51,773 INFO  - Already have ACK (at simulation time 254.000,000,000 s)
2025-06-06 16:07:51,773 INFO  - Already have ACK (at simulation time 254.000,000,000 s)
2025-06-06 16:07:51,773 INFO  - Already have ACK (at simulation time 254.000,000,000 s)
2025-06-06 16:07:51,773 INFO  - Already have ACK (at simulation time 254.000,000,000 s)
2025-06-06 16:07:51,773 INFO  - Already have ACK (at simulation time 254.000,000,000 s)
2025-06-06 16:07:51,773 INFO  - Already have ACK (at simulation time 254.000,000,000 s)
2025-06-06 16:07:51,773 INFO  - Already have ACK (at simulation time 254.000,000,000 s)
2025-06-06 16:07:51,773 INFO  - Already have ACK (at simulation time 254.000,000,000 s)
2025-06-06 16:07:51,773 INFO  - Already have ACK (at simulation time 254.000,000,000 s)
2025-06-06 16:07:51,773 INFO  - Already have ACK (at simulation time 254.000,000,000 s)
2025-06-06 16:07:51,773 INFO  - Already have ACK (at simulation time 254.000,000,000 s)
2025-06-06 16:07:51,773 INFO  - Already have ACK (at simulation time 254.000,000,000 s)
2025-06-06 16:07:51,773 INFO  - Already have ACK (at simulation time 254.000,000,000 s)
2025-06-06 16:07:51,773 INFO  - Already have ACK (at simulation time 254.000,000,000 s)
2025-06-06 16:07:51,773 INFO  - Already have ACK (at simulation time 254.000,000,000 s)
2025-06-06 16:07:51,773 INFO  - Already have ACK (at simulation time 254.000,000,000 s)
2025-06-06 16:07:51,773 INFO  - Already have ACK (at simulation time 254.000,000,000 s)
2025-06-06 16:07:51,773 INFO  - Already have ACK (at simulation time 254.000,000,000 s)
2025-06-06 16:07:51,773 INFO  - Already have ACK (at simulation time 254.000,000,000 s)
2025-06-06 16:07:51,773 INFO  - Already have ACK (at simulation time 254.000,000,000 s)
2025-06-06 16:07:51,773 INFO  - Already have ACK (at simulation time 254.000,000,000 s)
2025-06-06 16:07:51,773 INFO  - Already have ACK (at simulation time 254.000,000,000 s)
2025-06-06 16:07:51,773 INFO  - Already have ACK (at simulation time 254.000,000,000 s)
2025-06-06 16:07:51,773 INFO  - Already have ACK (at simulation time 254.000,000,000 s)
2025-06-06 16:07:51,773 INFO  - Already have ACK (at simulation time 254.000,000,000 s)
2025-06-06 16:07:51,774 INFO  - Already have ACK (at simulation time 255.000,000,000 s)
2025-06-06 16:07:51,775 INFO  - Already have ACK (at simulation time 255.000,000,000 s)
2025-06-06 16:07:51,775 INFO  - Already have ACK (at simulation time 255.000,000,000 s)
2025-06-06 16:07:51,775 INFO  - Already have ACK (at simulation time 255.000,000,000 s)
2025-06-06 16:07:51,775 INFO  - Already have ACK (at simulation time 255.000,000,000 s)
2025-06-06 16:07:51,775 INFO  - Already have ACK (at simulation time 255.000,000,000 s)
2025-06-06 16:07:51,775 INFO  - Already have ACK (at simulation time 255.000,000,000 s)
2025-06-06 16:07:51,775 INFO  - Already have ACK (at simulation time 255.000,000,000 s)
2025-06-06 16:07:51,775 INFO  - Already have ACK (at simulation time 255.000,000,000 s)
2025-06-06 16:07:51,775 INFO  - Already have ACK (at simulation time 255.000,000,000 s)
2025-06-06 16:07:51,775 INFO  - Already have ACK (at simulation time 255.000,000,000 s)
2025-06-06 16:07:51,775 INFO  - Already have ACK (at simulation time 255.000,000,000 s)
2025-06-06 16:07:51,775 INFO  - Already have ACK (at simulation time 255.000,000,000 s)
2025-06-06 16:07:51,775 INFO  - Already have ACK (at simulation time 255.000,000,000 s)
2025-06-06 16:07:51,775 INFO  - Already have ACK (at simulation time 255.000,000,000 s)
2025-06-06 16:07:51,775 INFO  - Already have ACK (at simulation time 255.000,000,000 s)
2025-06-06 16:07:51,775 INFO  - Already have ACK (at simulation time 255.000,000,000 s)
2025-06-06 16:07:51,775 INFO  - Already have ACK (at simulation time 255.000,000,000 s)
2025-06-06 16:07:51,775 INFO  - Already have ACK (at simulation time 255.000,000,000 s)
2025-06-06 16:07:51,776 INFO  - Already have ACK (at simulation time 255.000,000,000 s)
2025-06-06 16:07:51,776 INFO  - Already have ACK (at simulation time 255.000,000,000 s)
2025-06-06 16:07:51,776 INFO  - Already have ACK (at simulation time 255.000,000,000 s)
2025-06-06 16:07:51,776 INFO  - Already have ACK (at simulation time 255.000,000,000 s)
2025-06-06 16:07:51,776 INFO  - Already have ACK (at simulation time 255.000,000,000 s)
2025-06-06 16:07:51,776 INFO  - Already have ACK (at simulation time 255.000,000,000 s)
2025-06-06 16:07:51,776 INFO  - Already have ACK (at simulation time 255.000,000,000 s)
2025-06-06 16:07:51,776 INFO  - Already have ACK (at simulation time 255.000,000,000 s)
2025-06-06 16:07:51,776 INFO  - Already have ACK (at simulation time 255.000,000,000 s)
2025-06-06 16:07:51,776 INFO  - Already have ACK (at simulation time 255.000,000,000 s)
2025-06-06 16:07:51,776 INFO  - Already have ACK (at simulation time 255.000,000,000 s)
2025-06-06 16:07:51,776 INFO  - Already have ACK (at simulation time 255.000,000,000 s)
2025-06-06 16:07:51,776 INFO  - Already have ACK (at simulation time 255.000,000,000 s)
2025-06-06 16:07:51,776 INFO  - Already have ACK (at simulation time 255.000,000,000 s)
2025-06-06 16:07:51,776 INFO  - Already have ACK (at simulation time 255.000,000,000 s)
2025-06-06 16:07:51,776 INFO  - Already have ACK (at simulation time 255.000,000,000 s)
2025-06-06 16:07:51,776 INFO  - Already have ACK (at simulation time 255.000,000,000 s)
2025-06-06 16:07:51,776 INFO  - Already have ACK (at simulation time 255.000,000,000 s)
2025-06-06 16:07:51,776 INFO  - Already have ACK (at simulation time 255.000,000,000 s)
2025-06-06 16:07:51,776 INFO  - Already have ACK (at simulation time 255.000,000,000 s)
2025-06-06 16:07:51,776 INFO  - Already have ACK (at simulation time 255.000,000,000 s)
2025-06-06 16:07:51,776 INFO  - Already have ACK (at simulation time 255.000,000,000 s)
2025-06-06 16:07:51,776 INFO  - Already have ACK (at simulation time 255.000,000,000 s)
2025-06-06 16:07:51,776 INFO  - Already have ACK (at simulation time 255.000,000,000 s)
2025-06-06 16:07:51,776 INFO  - Already have ACK (at simulation time 255.000,000,000 s)
2025-06-06 16:07:51,776 INFO  - Already have ACK (at simulation time 255.000,000,000 s)
2025-06-06 16:07:51,776 INFO  - Already have ACK (at simulation time 255.000,000,000 s)
2025-06-06 16:07:51,776 INFO  - Already have ACK (at simulation time 255.000,000,000 s)
2025-06-06 16:07:51,776 INFO  - Already have ACK (at simulation time 255.000,000,000 s)
2025-06-06 16:07:51,776 INFO  - Already have ACK (at simulation time 255.000,000,000 s)
2025-06-06 16:07:51,776 INFO  - Already have ACK (at simulation time 255.000,000,000 s)
2025-06-06 16:07:51,776 INFO  - Already have ACK (at simulation time 255.000,000,000 s)
2025-06-06 16:07:51,776 INFO  - Already have ACK (at simulation time 255.000,000,000 s)
2025-06-06 16:07:51,776 INFO  - Already have ACK (at simulation time 255.000,000,000 s)
2025-06-06 16:07:51,776 INFO  - Already have ACK (at simulation time 255.000,000,000 s)
2025-06-06 16:07:51,776 INFO  - Already have ACK (at simulation time 255.000,000,000 s)
2025-06-06 16:07:51,776 INFO  - Already have ACK (at simulation time 255.000,000,000 s)
2025-06-06 16:07:51,776 INFO  - Already have ACK (at simulation time 255.000,000,000 s)
2025-06-06 16:07:51,776 INFO  - Already have ACK (at simulation time 255.000,000,000 s)
2025-06-06 16:07:51,776 INFO  - Already have ACK (at simulation time 255.000,000,000 s)
2025-06-06 16:07:51,776 INFO  - Already have ACK (at simulation time 255.000,000,000 s)
2025-06-06 16:07:51,776 INFO  - Already have ACK (at simulation time 255.000,000,000 s)
2025-06-06 16:07:51,776 INFO  - Already have ACK (at simulation time 255.000,000,000 s)
2025-06-06 16:07:51,776 INFO  - Already have ACK (at simulation time 255.000,000,000 s)
2025-06-06 16:07:51,777 INFO  - Already have ACK (at simulation time 255.000,000,000 s)
2025-06-06 16:07:51,777 INFO  - Already have ACK (at simulation time 255.000,000,000 s)
2025-06-06 16:07:51,777 INFO  - Already have ACK (at simulation time 255.000,000,000 s)
2025-06-06 16:07:51,777 INFO  - Already have ACK (at simulation time 255.000,000,000 s)
2025-06-06 16:07:51,777 INFO  - Already have ACK (at simulation time 255.000,000,000 s)
2025-06-06 16:07:51,777 INFO  - Already have ACK (at simulation time 255.000,000,000 s)
2025-06-06 16:07:51,777 INFO  - Already have ACK (at simulation time 255.000,000,000 s)
2025-06-06 16:07:51,777 INFO  - Already have ACK (at simulation time 255.000,000,000 s)
2025-06-06 16:07:51,777 INFO  - Already have ACK (at simulation time 255.000,000,000 s)
2025-06-06 16:07:51,777 INFO  - Already have ACK (at simulation time 255.000,000,000 s)
2025-06-06 16:07:51,777 INFO  - Already have ACK (at simulation time 255.000,000,000 s)
2025-06-06 16:07:51,777 INFO  - Already have ACK (at simulation time 255.000,000,000 s)
2025-06-06 16:07:51,778 INFO  - Sent periodic GreenWaveMsg: veh_34 on route r_0 (at simulation time 256.000,000,000 s)
2025-06-06 16:07:51,778 INFO  - Already have ACK (at simulation time 256.000,000,000 s)
2025-06-06 16:07:51,778 INFO  - Already have ACK (at simulation time 256.000,000,000 s)
2025-06-06 16:07:51,778 INFO  - Already have ACK (at simulation time 256.000,000,000 s)
2025-06-06 16:07:51,778 INFO  - Already have ACK (at simulation time 256.000,000,000 s)
2025-06-06 16:07:51,778 INFO  - Already have ACK (at simulation time 256.000,000,000 s)
2025-06-06 16:07:51,778 INFO  - Already have ACK (at simulation time 256.000,000,000 s)
2025-06-06 16:07:51,778 INFO  - Already have ACK (at simulation time 256.000,000,000 s)
2025-06-06 16:07:51,778 INFO  - Already have ACK (at simulation time 256.000,000,000 s)
2025-06-06 16:07:51,778 INFO  - Already have ACK (at simulation time 256.000,000,000 s)
2025-06-06 16:07:51,778 INFO  - Already have ACK (at simulation time 256.000,000,000 s)
2025-06-06 16:07:51,778 INFO  - Already have ACK (at simulation time 256.000,000,000 s)
2025-06-06 16:07:51,778 INFO  - Already have ACK (at simulation time 256.000,000,000 s)
2025-06-06 16:07:51,778 INFO  - Already have ACK (at simulation time 256.000,000,000 s)
2025-06-06 16:07:51,778 INFO  - Already have ACK (at simulation time 256.000,000,000 s)
2025-06-06 16:07:51,778 INFO  - Already have ACK (at simulation time 256.000,000,000 s)
2025-06-06 16:07:51,778 INFO  - Already have ACK (at simulation time 256.000,000,000 s)
2025-06-06 16:07:51,779 INFO  - Already have ACK (at simulation time 256.000,000,000 s)
2025-06-06 16:07:51,779 INFO  - Already have ACK (at simulation time 256.000,000,000 s)
2025-06-06 16:07:51,779 INFO  - Already have ACK (at simulation time 256.000,000,000 s)
2025-06-06 16:07:51,779 INFO  - Already have ACK (at simulation time 256.000,000,000 s)
2025-06-06 16:07:51,779 INFO  - Already have ACK (at simulation time 256.000,000,000 s)
2025-06-06 16:07:51,779 INFO  - Already have ACK (at simulation time 256.000,000,000 s)
2025-06-06 16:07:51,779 INFO  - Already have ACK (at simulation time 256.000,000,000 s)
2025-06-06 16:07:51,779 INFO  - Already have ACK (at simulation time 256.000,000,000 s)
2025-06-06 16:07:51,779 INFO  - Already have ACK (at simulation time 256.000,000,000 s)
2025-06-06 16:07:51,779 INFO  - Already have ACK (at simulation time 256.000,000,000 s)
2025-06-06 16:07:51,779 INFO  - Already have ACK (at simulation time 256.000,000,000 s)
2025-06-06 16:07:51,779 INFO  - Already have ACK (at simulation time 256.000,000,000 s)
2025-06-06 16:07:51,779 INFO  - Already have ACK (at simulation time 256.000,000,000 s)
2025-06-06 16:07:51,779 INFO  - Already have ACK (at simulation time 256.000,000,000 s)
2025-06-06 16:07:51,779 INFO  - Already have ACK (at simulation time 256.000,000,000 s)
2025-06-06 16:07:51,779 INFO  - Already have ACK (at simulation time 256.000,000,000 s)
2025-06-06 16:07:51,779 INFO  - Already have ACK (at simulation time 256.000,000,000 s)
2025-06-06 16:07:51,779 INFO  - Already have ACK (at simulation time 256.000,000,000 s)
2025-06-06 16:07:51,779 INFO  - Already have ACK (at simulation time 256.000,000,000 s)
2025-06-06 16:07:51,779 INFO  - Already have ACK (at simulation time 256.000,000,000 s)
2025-06-06 16:07:51,779 INFO  - Already have ACK (at simulation time 256.000,000,000 s)
2025-06-06 16:07:51,779 INFO  - Already have ACK (at simulation time 256.000,000,000 s)
2025-06-06 16:07:51,779 INFO  - Already have ACK (at simulation time 256.000,000,000 s)
2025-06-06 16:07:51,779 INFO  - Already have ACK (at simulation time 256.000,000,000 s)
2025-06-06 16:07:51,779 INFO  - Already have ACK (at simulation time 256.000,000,000 s)
2025-06-06 16:07:51,779 INFO  - Already have ACK (at simulation time 256.000,000,000 s)
2025-06-06 16:07:51,779 INFO  - Already have ACK (at simulation time 256.000,000,000 s)
2025-06-06 16:07:51,779 INFO  - Already have ACK (at simulation time 256.000,000,000 s)
2025-06-06 16:07:51,779 INFO  - Already have ACK (at simulation time 256.000,000,000 s)
2025-06-06 16:07:51,779 INFO  - Already have ACK (at simulation time 256.000,000,000 s)
2025-06-06 16:07:51,779 INFO  - Already have ACK (at simulation time 256.000,000,000 s)
2025-06-06 16:07:51,779 INFO  - Already have ACK (at simulation time 256.000,000,000 s)
2025-06-06 16:07:51,779 INFO  - Already have ACK (at simulation time 256.000,000,000 s)
2025-06-06 16:07:51,779 INFO  - Already have ACK (at simulation time 256.000,000,000 s)
2025-06-06 16:07:51,779 INFO  - Already have ACK (at simulation time 256.000,000,000 s)
2025-06-06 16:07:51,779 INFO  - Already have ACK (at simulation time 256.000,000,000 s)
2025-06-06 16:07:51,779 INFO  - Already have ACK (at simulation time 256.000,000,000 s)
2025-06-06 16:07:51,780 INFO  - Already have ACK (at simulation time 256.000,000,000 s)
2025-06-06 16:07:51,780 INFO  - Already have ACK (at simulation time 256.000,000,000 s)
2025-06-06 16:07:51,780 INFO  - Already have ACK (at simulation time 256.000,000,000 s)
2025-06-06 16:07:51,780 INFO  - Already have ACK (at simulation time 256.000,000,000 s)
2025-06-06 16:07:51,780 INFO  - Already have ACK (at simulation time 256.000,000,000 s)
2025-06-06 16:07:51,780 INFO  - Already have ACK (at simulation time 256.000,000,000 s)
2025-06-06 16:07:51,780 INFO  - Already have ACK (at simulation time 256.000,000,000 s)
2025-06-06 16:07:51,780 INFO  - Already have ACK (at simulation time 256.000,000,000 s)
2025-06-06 16:07:51,780 INFO  - Already have ACK (at simulation time 256.000,000,000 s)
2025-06-06 16:07:51,780 INFO  - Already have ACK (at simulation time 256.000,000,000 s)
2025-06-06 16:07:51,780 INFO  - Already have ACK (at simulation time 256.000,000,000 s)
2025-06-06 16:07:51,780 INFO  - Already have ACK (at simulation time 256.000,000,000 s)
2025-06-06 16:07:51,780 INFO  - Already have ACK (at simulation time 256.000,000,000 s)
2025-06-06 16:07:51,780 INFO  - Already have ACK (at simulation time 256.000,000,000 s)
2025-06-06 16:07:51,780 INFO  - Already have ACK (at simulation time 256.000,000,000 s)
2025-06-06 16:07:51,780 INFO  - Already have ACK (at simulation time 256.000,000,000 s)
2025-06-06 16:07:51,780 INFO  - Already have ACK (at simulation time 256.000,000,000 s)
2025-06-06 16:07:51,780 INFO  - Already have ACK (at simulation time 256.000,000,000 s)
2025-06-06 16:07:51,780 INFO  - Already have ACK (at simulation time 256.000,000,000 s)
2025-06-06 16:07:51,780 INFO  - Already have ACK (at simulation time 256.000,000,000 s)
2025-06-06 16:07:51,780 INFO  - Already have ACK (at simulation time 256.000,000,000 s)
2025-06-06 16:07:51,780 INFO  - Already have ACK (at simulation time 256.000,000,000 s)
2025-06-06 16:07:51,780 INFO  - Already have ACK (at simulation time 256.000,000,000 s)
2025-06-06 16:07:51,781 INFO  - Already have ACK (at simulation time 257.000,000,000 s)
2025-06-06 16:07:51,781 INFO  - Already have ACK (at simulation time 257.000,000,000 s)
2025-06-06 16:07:51,781 INFO  - Already have ACK (at simulation time 257.000,000,000 s)
2025-06-06 16:07:51,781 INFO  - Already have ACK (at simulation time 257.000,000,000 s)
2025-06-06 16:07:51,781 INFO  - Already have ACK (at simulation time 257.000,000,000 s)
2025-06-06 16:07:51,781 INFO  - Already have ACK (at simulation time 257.000,000,000 s)
2025-06-06 16:07:51,781 INFO  - Already have ACK (at simulation time 257.000,000,000 s)
2025-06-06 16:07:51,781 INFO  - Already have ACK (at simulation time 257.000,000,000 s)
2025-06-06 16:07:51,781 INFO  - Already have ACK (at simulation time 257.000,000,000 s)
2025-06-06 16:07:51,781 INFO  - Already have ACK (at simulation time 257.000,000,000 s)
2025-06-06 16:07:51,781 INFO  - Already have ACK (at simulation time 257.000,000,000 s)
2025-06-06 16:07:51,781 INFO  - Already have ACK (at simulation time 257.000,000,000 s)
2025-06-06 16:07:51,781 INFO  - Already have ACK (at simulation time 257.000,000,000 s)
2025-06-06 16:07:51,782 INFO  - Already have ACK (at simulation time 257.000,000,000 s)
2025-06-06 16:07:51,782 INFO  - Already have ACK (at simulation time 257.000,000,000 s)
2025-06-06 16:07:51,782 INFO  - Already have ACK (at simulation time 257.000,000,000 s)
2025-06-06 16:07:51,782 INFO  - Already have ACK (at simulation time 257.000,000,000 s)
2025-06-06 16:07:51,782 INFO  - Already have ACK (at simulation time 257.000,000,000 s)
2025-06-06 16:07:51,782 INFO  - Already have ACK (at simulation time 257.000,000,000 s)
2025-06-06 16:07:51,782 INFO  - Already have ACK (at simulation time 257.000,000,000 s)
2025-06-06 16:07:51,782 INFO  - Already have ACK (at simulation time 257.000,000,000 s)
2025-06-06 16:07:51,782 INFO  - Already have ACK (at simulation time 257.000,000,000 s)
2025-06-06 16:07:51,782 INFO  - Already have ACK (at simulation time 257.000,000,000 s)
2025-06-06 16:07:51,782 INFO  - Already have ACK (at simulation time 257.000,000,000 s)
2025-06-06 16:07:51,782 INFO  - Already have ACK (at simulation time 257.000,000,000 s)
2025-06-06 16:07:51,782 INFO  - Already have ACK (at simulation time 257.000,000,000 s)
2025-06-06 16:07:51,782 INFO  - Already have ACK (at simulation time 257.000,000,000 s)
2025-06-06 16:07:51,782 INFO  - Already have ACK (at simulation time 257.000,000,000 s)
2025-06-06 16:07:51,782 INFO  - Already have ACK (at simulation time 257.000,000,000 s)
2025-06-06 16:07:51,782 INFO  - Already have ACK (at simulation time 257.000,000,000 s)
2025-06-06 16:07:51,782 INFO  - Already have ACK (at simulation time 257.000,000,000 s)
2025-06-06 16:07:51,782 INFO  - Already have ACK (at simulation time 257.000,000,000 s)
2025-06-06 16:07:51,782 INFO  - Already have ACK (at simulation time 257.000,000,000 s)
2025-06-06 16:07:51,782 INFO  - Already have ACK (at simulation time 257.000,000,000 s)
2025-06-06 16:07:51,782 INFO  - Already have ACK (at simulation time 257.000,000,000 s)
2025-06-06 16:07:51,782 INFO  - Already have ACK (at simulation time 257.000,000,000 s)
2025-06-06 16:07:51,782 INFO  - Already have ACK (at simulation time 257.000,000,000 s)
2025-06-06 16:07:51,782 INFO  - Already have ACK (at simulation time 257.000,000,000 s)
2025-06-06 16:07:51,782 INFO  - Already have ACK (at simulation time 257.000,000,000 s)
2025-06-06 16:07:51,782 INFO  - Already have ACK (at simulation time 257.000,000,000 s)
2025-06-06 16:07:51,782 INFO  - Already have ACK (at simulation time 257.000,000,000 s)
2025-06-06 16:07:51,782 INFO  - Already have ACK (at simulation time 257.000,000,000 s)
2025-06-06 16:07:51,782 INFO  - Already have ACK (at simulation time 257.000,000,000 s)
2025-06-06 16:07:51,782 INFO  - Already have ACK (at simulation time 257.000,000,000 s)
2025-06-06 16:07:51,782 INFO  - Already have ACK (at simulation time 257.000,000,000 s)
2025-06-06 16:07:51,783 INFO  - Already have ACK (at simulation time 257.000,000,000 s)
2025-06-06 16:07:51,783 INFO  - Already have ACK (at simulation time 257.000,000,000 s)
2025-06-06 16:07:51,783 INFO  - Already have ACK (at simulation time 257.000,000,000 s)
2025-06-06 16:07:51,783 INFO  - Already have ACK (at simulation time 257.000,000,000 s)
2025-06-06 16:07:51,783 INFO  - Already have ACK (at simulation time 257.000,000,000 s)
2025-06-06 16:07:51,783 INFO  - Already have ACK (at simulation time 257.000,000,000 s)
2025-06-06 16:07:51,783 INFO  - Already have ACK (at simulation time 257.000,000,000 s)
2025-06-06 16:07:51,783 INFO  - Already have ACK (at simulation time 257.000,000,000 s)
2025-06-06 16:07:51,783 INFO  - Already have ACK (at simulation time 257.000,000,000 s)
2025-06-06 16:07:51,783 INFO  - Already have ACK (at simulation time 257.000,000,000 s)
2025-06-06 16:07:51,783 INFO  - Already have ACK (at simulation time 257.000,000,000 s)
2025-06-06 16:07:51,783 INFO  - Already have ACK (at simulation time 257.000,000,000 s)
2025-06-06 16:07:51,783 INFO  - Already have ACK (at simulation time 257.000,000,000 s)
2025-06-06 16:07:51,783 INFO  - Already have ACK (at simulation time 257.000,000,000 s)
2025-06-06 16:07:51,783 INFO  - Already have ACK (at simulation time 257.000,000,000 s)
2025-06-06 16:07:51,783 INFO  - Already have ACK (at simulation time 257.000,000,000 s)
2025-06-06 16:07:51,783 INFO  - Already have ACK (at simulation time 257.000,000,000 s)
2025-06-06 16:07:51,783 INFO  - Already have ACK (at simulation time 257.000,000,000 s)
2025-06-06 16:07:51,783 INFO  - Already have ACK (at simulation time 257.000,000,000 s)
2025-06-06 16:07:51,783 INFO  - Already have ACK (at simulation time 257.000,000,000 s)
2025-06-06 16:07:51,783 INFO  - Already have ACK (at simulation time 257.000,000,000 s)
2025-06-06 16:07:51,783 INFO  - Already have ACK (at simulation time 257.000,000,000 s)
2025-06-06 16:07:51,783 INFO  - Already have ACK (at simulation time 257.000,000,000 s)
2025-06-06 16:07:51,783 INFO  - Already have ACK (at simulation time 257.000,000,000 s)
2025-06-06 16:07:51,783 INFO  - Already have ACK (at simulation time 257.000,000,000 s)
2025-06-06 16:07:51,783 INFO  - Already have ACK (at simulation time 257.000,000,000 s)
2025-06-06 16:07:51,783 INFO  - Already have ACK (at simulation time 257.000,000,000 s)
2025-06-06 16:07:51,783 INFO  - Already have ACK (at simulation time 257.000,000,000 s)
2025-06-06 16:07:51,783 INFO  - Already have ACK (at simulation time 257.000,000,000 s)
2025-06-06 16:07:51,783 INFO  - Already have ACK (at simulation time 257.000,000,000 s)
2025-06-06 16:07:51,783 INFO  - Already have ACK (at simulation time 257.000,000,000 s)
2025-06-06 16:07:51,783 INFO  - Already have ACK (at simulation time 257.000,000,000 s)
2025-06-06 16:07:51,784 INFO  - Already have ACK (at simulation time 258.000,000,000 s)
2025-06-06 16:07:51,784 INFO  - Already have ACK (at simulation time 258.000,000,000 s)
2025-06-06 16:07:51,784 INFO  - Already have ACK (at simulation time 258.000,000,000 s)
2025-06-06 16:07:51,784 INFO  - Already have ACK (at simulation time 258.000,000,000 s)
2025-06-06 16:07:51,784 INFO  - Already have ACK (at simulation time 258.000,000,000 s)
2025-06-06 16:07:51,784 INFO  - Already have ACK (at simulation time 258.000,000,000 s)
2025-06-06 16:07:51,785 INFO  - Already have ACK (at simulation time 258.000,000,000 s)
2025-06-06 16:07:51,785 INFO  - Already have ACK (at simulation time 258.000,000,000 s)
2025-06-06 16:07:51,785 INFO  - Already have ACK (at simulation time 258.000,000,000 s)
2025-06-06 16:07:51,785 INFO  - Already have ACK (at simulation time 258.000,000,000 s)
2025-06-06 16:07:51,785 INFO  - Already have ACK (at simulation time 258.000,000,000 s)
2025-06-06 16:07:51,785 INFO  - Already have ACK (at simulation time 258.000,000,000 s)
2025-06-06 16:07:51,785 INFO  - Already have ACK (at simulation time 258.000,000,000 s)
2025-06-06 16:07:51,785 INFO  - Already have ACK (at simulation time 258.000,000,000 s)
2025-06-06 16:07:51,785 INFO  - Already have ACK (at simulation time 258.000,000,000 s)
2025-06-06 16:07:51,785 INFO  - Already have ACK (at simulation time 258.000,000,000 s)
2025-06-06 16:07:51,785 INFO  - Already have ACK (at simulation time 258.000,000,000 s)
2025-06-06 16:07:51,785 INFO  - Already have ACK (at simulation time 258.000,000,000 s)
2025-06-06 16:07:51,785 INFO  - Already have ACK (at simulation time 258.000,000,000 s)
2025-06-06 16:07:51,785 INFO  - Already have ACK (at simulation time 258.000,000,000 s)
2025-06-06 16:07:51,785 INFO  - Already have ACK (at simulation time 258.000,000,000 s)
2025-06-06 16:07:51,785 INFO  - Already have ACK (at simulation time 258.000,000,000 s)
2025-06-06 16:07:51,785 INFO  - Already have ACK (at simulation time 258.000,000,000 s)
2025-06-06 16:07:51,785 INFO  - Already have ACK (at simulation time 258.000,000,000 s)
2025-06-06 16:07:51,785 INFO  - Already have ACK (at simulation time 258.000,000,000 s)
2025-06-06 16:07:51,785 INFO  - Already have ACK (at simulation time 258.000,000,000 s)
2025-06-06 16:07:51,785 INFO  - Already have ACK (at simulation time 258.000,000,000 s)
2025-06-06 16:07:51,785 INFO  - Already have ACK (at simulation time 258.000,000,000 s)
2025-06-06 16:07:51,785 INFO  - Already have ACK (at simulation time 258.000,000,000 s)
2025-06-06 16:07:51,785 INFO  - Already have ACK (at simulation time 258.000,000,000 s)
2025-06-06 16:07:51,785 INFO  - Already have ACK (at simulation time 258.000,000,000 s)
2025-06-06 16:07:51,786 INFO  - Already have ACK (at simulation time 258.000,000,000 s)
2025-06-06 16:07:51,786 INFO  - Already have ACK (at simulation time 258.000,000,000 s)
2025-06-06 16:07:51,786 INFO  - Already have ACK (at simulation time 258.000,000,000 s)
2025-06-06 16:07:51,786 INFO  - Already have ACK (at simulation time 258.000,000,000 s)
2025-06-06 16:07:51,786 INFO  - Already have ACK (at simulation time 258.000,000,000 s)
2025-06-06 16:07:51,786 INFO  - Already have ACK (at simulation time 258.000,000,000 s)
2025-06-06 16:07:51,786 INFO  - Already have ACK (at simulation time 258.000,000,000 s)
2025-06-06 16:07:51,786 INFO  - Already have ACK (at simulation time 258.000,000,000 s)
2025-06-06 16:07:51,786 INFO  - Already have ACK (at simulation time 258.000,000,000 s)
2025-06-06 16:07:51,786 INFO  - Already have ACK (at simulation time 258.000,000,000 s)
2025-06-06 16:07:51,786 INFO  - Already have ACK (at simulation time 258.000,000,000 s)
2025-06-06 16:07:51,786 INFO  - Already have ACK (at simulation time 258.000,000,000 s)
2025-06-06 16:07:51,786 INFO  - Already have ACK (at simulation time 258.000,000,000 s)
2025-06-06 16:07:51,786 INFO  - Already have ACK (at simulation time 258.000,000,000 s)
2025-06-06 16:07:51,786 INFO  - Already have ACK (at simulation time 258.000,000,000 s)
2025-06-06 16:07:51,786 INFO  - Already have ACK (at simulation time 258.000,000,000 s)
2025-06-06 16:07:51,786 INFO  - Already have ACK (at simulation time 258.000,000,000 s)
2025-06-06 16:07:51,786 INFO  - Already have ACK (at simulation time 258.000,000,000 s)
2025-06-06 16:07:51,786 INFO  - Already have ACK (at simulation time 258.000,000,000 s)
2025-06-06 16:07:51,786 INFO  - Already have ACK (at simulation time 258.000,000,000 s)
2025-06-06 16:07:51,786 INFO  - Already have ACK (at simulation time 258.000,000,000 s)
2025-06-06 16:07:51,786 INFO  - Already have ACK (at simulation time 258.000,000,000 s)
2025-06-06 16:07:51,786 INFO  - Already have ACK (at simulation time 258.000,000,000 s)
2025-06-06 16:07:51,786 INFO  - Already have ACK (at simulation time 258.000,000,000 s)
2025-06-06 16:07:51,786 INFO  - Already have ACK (at simulation time 258.000,000,000 s)
2025-06-06 16:07:51,786 INFO  - Already have ACK (at simulation time 258.000,000,000 s)
2025-06-06 16:07:51,786 INFO  - Already have ACK (at simulation time 258.000,000,000 s)
2025-06-06 16:07:51,786 INFO  - Already have ACK (at simulation time 258.000,000,000 s)
2025-06-06 16:07:51,786 INFO  - Already have ACK (at simulation time 258.000,000,000 s)
2025-06-06 16:07:51,786 INFO  - Already have ACK (at simulation time 258.000,000,000 s)
2025-06-06 16:07:51,786 INFO  - Already have ACK (at simulation time 258.000,000,000 s)
2025-06-06 16:07:51,786 INFO  - Already have ACK (at simulation time 258.000,000,000 s)
2025-06-06 16:07:51,786 INFO  - Already have ACK (at simulation time 258.000,000,000 s)
2025-06-06 16:07:51,786 INFO  - Already have ACK (at simulation time 258.000,000,000 s)
2025-06-06 16:07:51,786 INFO  - Already have ACK (at simulation time 258.000,000,000 s)
2025-06-06 16:07:51,786 INFO  - Already have ACK (at simulation time 258.000,000,000 s)
2025-06-06 16:07:51,786 INFO  - Already have ACK (at simulation time 258.000,000,000 s)
2025-06-06 16:07:51,786 INFO  - Already have ACK (at simulation time 258.000,000,000 s)
2025-06-06 16:07:51,786 INFO  - Already have ACK (at simulation time 258.000,000,000 s)
2025-06-06 16:07:51,786 INFO  - Already have ACK (at simulation time 258.000,000,000 s)
2025-06-06 16:07:51,786 INFO  - Already have ACK (at simulation time 258.000,000,000 s)
2025-06-06 16:07:51,786 INFO  - Already have ACK (at simulation time 258.000,000,000 s)
2025-06-06 16:07:51,786 INFO  - Already have ACK (at simulation time 258.000,000,000 s)
2025-06-06 16:07:51,786 INFO  - Already have ACK (at simulation time 258.000,000,000 s)
2025-06-06 16:07:51,786 INFO  - Already have ACK (at simulation time 258.000,000,000 s)
2025-06-06 16:07:51,786 INFO  - Already have ACK (at simulation time 258.000,000,000 s)
2025-06-06 16:07:51,786 INFO  - Already have ACK (at simulation time 258.000,000,000 s)
2025-06-06 16:07:51,787 INFO  - Already have ACK (at simulation time 259.000,000,000 s)
2025-06-06 16:07:51,788 INFO  - Already have ACK (at simulation time 259.000,000,000 s)
2025-06-06 16:07:51,788 INFO  - Already have ACK (at simulation time 259.000,000,000 s)
2025-06-06 16:07:51,788 INFO  - Already have ACK (at simulation time 259.000,000,000 s)
2025-06-06 16:07:51,788 INFO  - Already have ACK (at simulation time 259.000,000,000 s)
2025-06-06 16:07:51,788 INFO  - Already have ACK (at simulation time 259.000,000,000 s)
2025-06-06 16:07:51,788 INFO  - Already have ACK (at simulation time 259.000,000,000 s)
2025-06-06 16:07:51,788 INFO  - Already have ACK (at simulation time 259.000,000,000 s)
2025-06-06 16:07:51,788 INFO  - Already have ACK (at simulation time 259.000,000,000 s)
2025-06-06 16:07:51,788 INFO  - Already have ACK (at simulation time 259.000,000,000 s)
2025-06-06 16:07:51,788 INFO  - Already have ACK (at simulation time 259.000,000,000 s)
2025-06-06 16:07:51,788 INFO  - Already have ACK (at simulation time 259.000,000,000 s)
2025-06-06 16:07:51,788 INFO  - Already have ACK (at simulation time 259.000,000,000 s)
2025-06-06 16:07:51,788 INFO  - Already have ACK (at simulation time 259.000,000,000 s)
2025-06-06 16:07:51,788 INFO  - Already have ACK (at simulation time 259.000,000,000 s)
2025-06-06 16:07:51,788 INFO  - Already have ACK (at simulation time 259.000,000,000 s)
2025-06-06 16:07:51,788 INFO  - Already have ACK (at simulation time 259.000,000,000 s)
2025-06-06 16:07:51,788 INFO  - Already have ACK (at simulation time 259.000,000,000 s)
2025-06-06 16:07:51,788 INFO  - Already have ACK (at simulation time 259.000,000,000 s)
2025-06-06 16:07:51,789 INFO  - Already have ACK (at simulation time 259.000,000,000 s)
2025-06-06 16:07:51,789 INFO  - Already have ACK (at simulation time 259.000,000,000 s)
2025-06-06 16:07:51,789 INFO  - Already have ACK (at simulation time 259.000,000,000 s)
2025-06-06 16:07:51,789 INFO  - Already have ACK (at simulation time 259.000,000,000 s)
2025-06-06 16:07:51,789 INFO  - Already have ACK (at simulation time 259.000,000,000 s)
2025-06-06 16:07:51,789 INFO  - Already have ACK (at simulation time 259.000,000,000 s)
2025-06-06 16:07:51,789 INFO  - Already have ACK (at simulation time 259.000,000,000 s)
2025-06-06 16:07:51,789 INFO  - Already have ACK (at simulation time 259.000,000,000 s)
2025-06-06 16:07:51,789 INFO  - Already have ACK (at simulation time 259.000,000,000 s)
2025-06-06 16:07:51,789 INFO  - Already have ACK (at simulation time 259.000,000,000 s)
2025-06-06 16:07:51,789 INFO  - Already have ACK (at simulation time 259.000,000,000 s)
2025-06-06 16:07:51,789 INFO  - Already have ACK (at simulation time 259.000,000,000 s)
2025-06-06 16:07:51,789 INFO  - Already have ACK (at simulation time 259.000,000,000 s)
2025-06-06 16:07:51,789 INFO  - Already have ACK (at simulation time 259.000,000,000 s)
2025-06-06 16:07:51,789 INFO  - Already have ACK (at simulation time 259.000,000,000 s)
2025-06-06 16:07:51,789 INFO  - Already have ACK (at simulation time 259.000,000,000 s)
2025-06-06 16:07:51,789 INFO  - Already have ACK (at simulation time 259.000,000,000 s)
2025-06-06 16:07:51,789 INFO  - Already have ACK (at simulation time 259.000,000,000 s)
2025-06-06 16:07:51,789 INFO  - Already have ACK (at simulation time 259.000,000,000 s)
2025-06-06 16:07:51,789 INFO  - Already have ACK (at simulation time 259.000,000,000 s)
2025-06-06 16:07:51,789 INFO  - Already have ACK (at simulation time 259.000,000,000 s)
2025-06-06 16:07:51,789 INFO  - Already have ACK (at simulation time 259.000,000,000 s)
2025-06-06 16:07:51,789 INFO  - Already have ACK (at simulation time 259.000,000,000 s)
2025-06-06 16:07:51,789 INFO  - Already have ACK (at simulation time 259.000,000,000 s)
2025-06-06 16:07:51,789 INFO  - Already have ACK (at simulation time 259.000,000,000 s)
2025-06-06 16:07:51,789 INFO  - Already have ACK (at simulation time 259.000,000,000 s)
2025-06-06 16:07:51,789 INFO  - Already have ACK (at simulation time 259.000,000,000 s)
2025-06-06 16:07:51,789 INFO  - Already have ACK (at simulation time 259.000,000,000 s)
2025-06-06 16:07:51,789 INFO  - Already have ACK (at simulation time 259.000,000,000 s)
2025-06-06 16:07:51,789 INFO  - Already have ACK (at simulation time 259.000,000,000 s)
2025-06-06 16:07:51,789 INFO  - Already have ACK (at simulation time 259.000,000,000 s)
2025-06-06 16:07:51,789 INFO  - Already have ACK (at simulation time 259.000,000,000 s)
2025-06-06 16:07:51,789 INFO  - Already have ACK (at simulation time 259.000,000,000 s)
2025-06-06 16:07:51,789 INFO  - Already have ACK (at simulation time 259.000,000,000 s)
2025-06-06 16:07:51,789 INFO  - Already have ACK (at simulation time 259.000,000,000 s)
2025-06-06 16:07:51,789 INFO  - Already have ACK (at simulation time 259.000,000,000 s)
2025-06-06 16:07:51,790 INFO  - Already have ACK (at simulation time 259.000,000,000 s)
2025-06-06 16:07:51,790 INFO  - Already have ACK (at simulation time 259.000,000,000 s)
2025-06-06 16:07:51,790 INFO  - Already have ACK (at simulation time 259.000,000,000 s)
2025-06-06 16:07:51,790 INFO  - Already have ACK (at simulation time 259.000,000,000 s)
2025-06-06 16:07:51,790 INFO  - Already have ACK (at simulation time 259.000,000,000 s)
2025-06-06 16:07:51,790 INFO  - Already have ACK (at simulation time 259.000,000,000 s)
2025-06-06 16:07:51,790 INFO  - Already have ACK (at simulation time 259.000,000,000 s)
2025-06-06 16:07:51,790 INFO  - Already have ACK (at simulation time 259.000,000,000 s)
2025-06-06 16:07:51,790 INFO  - Already have ACK (at simulation time 259.000,000,000 s)
2025-06-06 16:07:51,790 INFO  - Already have ACK (at simulation time 259.000,000,000 s)
2025-06-06 16:07:51,790 INFO  - Already have ACK (at simulation time 259.000,000,000 s)
2025-06-06 16:07:51,790 INFO  - Already have ACK (at simulation time 259.000,000,000 s)
2025-06-06 16:07:51,790 INFO  - Already have ACK (at simulation time 259.000,000,000 s)
2025-06-06 16:07:51,790 INFO  - Already have ACK (at simulation time 259.000,000,000 s)
2025-06-06 16:07:51,790 INFO  - Already have ACK (at simulation time 259.000,000,000 s)
2025-06-06 16:07:51,790 INFO  - Already have ACK (at simulation time 259.000,000,000 s)
2025-06-06 16:07:51,790 INFO  - Already have ACK (at simulation time 259.000,000,000 s)
2025-06-06 16:07:51,790 INFO  - Already have ACK (at simulation time 259.000,000,000 s)
2025-06-06 16:07:51,790 INFO  - Already have ACK (at simulation time 259.000,000,000 s)
2025-06-06 16:07:51,790 INFO  - Already have ACK (at simulation time 259.000,000,000 s)
2025-06-06 16:07:51,790 INFO  - Already have ACK (at simulation time 259.000,000,000 s)
2025-06-06 16:07:51,790 INFO  - Already have ACK (at simulation time 259.000,000,000 s)
2025-06-06 16:07:51,790 INFO  - Already have ACK (at simulation time 259.000,000,000 s)
2025-06-06 16:07:51,790 INFO  - Already have ACK (at simulation time 259.000,000,000 s)
2025-06-06 16:07:51,791 INFO  - Already have ACK (at simulation time 260.000,000,000 s)
2025-06-06 16:07:51,791 INFO  - Already have ACK (at simulation time 260.000,000,000 s)
2025-06-06 16:07:51,791 INFO  - Already have ACK (at simulation time 260.000,000,000 s)
2025-06-06 16:07:51,791 INFO  - Already have ACK (at simulation time 260.000,000,000 s)
2025-06-06 16:07:51,791 INFO  - Already have ACK (at simulation time 260.000,000,000 s)
2025-06-06 16:07:51,791 INFO  - Already have ACK (at simulation time 260.000,000,000 s)
2025-06-06 16:07:51,791 INFO  - Already have ACK (at simulation time 260.000,000,000 s)
2025-06-06 16:07:51,791 INFO  - Already have ACK (at simulation time 260.000,000,000 s)
2025-06-06 16:07:51,792 INFO  - Already have ACK (at simulation time 260.000,000,000 s)
2025-06-06 16:07:51,792 INFO  - Already have ACK (at simulation time 260.000,000,000 s)
2025-06-06 16:07:51,792 INFO  - Already have ACK (at simulation time 260.000,000,000 s)
2025-06-06 16:07:51,792 INFO  - Already have ACK (at simulation time 260.000,000,000 s)
2025-06-06 16:07:51,792 INFO  - Already have ACK (at simulation time 260.000,000,000 s)
2025-06-06 16:07:51,792 INFO  - Already have ACK (at simulation time 260.000,000,000 s)
2025-06-06 16:07:51,792 INFO  - Already have ACK (at simulation time 260.000,000,000 s)
2025-06-06 16:07:51,792 INFO  - Already have ACK (at simulation time 260.000,000,000 s)
2025-06-06 16:07:51,792 INFO  - Already have ACK (at simulation time 260.000,000,000 s)
2025-06-06 16:07:51,792 INFO  - Already have ACK (at simulation time 260.000,000,000 s)
2025-06-06 16:07:51,792 INFO  - Already have ACK (at simulation time 260.000,000,000 s)
2025-06-06 16:07:51,792 INFO  - Already have ACK (at simulation time 260.000,000,000 s)
2025-06-06 16:07:51,792 INFO  - Already have ACK (at simulation time 260.000,000,000 s)
2025-06-06 16:07:51,792 INFO  - Already have ACK (at simulation time 260.000,000,000 s)
2025-06-06 16:07:51,792 INFO  - Already have ACK (at simulation time 260.000,000,000 s)
2025-06-06 16:07:51,792 INFO  - Already have ACK (at simulation time 260.000,000,000 s)
2025-06-06 16:07:51,792 INFO  - Already have ACK (at simulation time 260.000,000,000 s)
2025-06-06 16:07:51,792 INFO  - Already have ACK (at simulation time 260.000,000,000 s)
2025-06-06 16:07:51,792 INFO  - Already have ACK (at simulation time 260.000,000,000 s)
2025-06-06 16:07:51,792 INFO  - Already have ACK (at simulation time 260.000,000,000 s)
2025-06-06 16:07:51,792 INFO  - Already have ACK (at simulation time 260.000,000,000 s)
2025-06-06 16:07:51,792 INFO  - Already have ACK (at simulation time 260.000,000,000 s)
2025-06-06 16:07:51,792 INFO  - Already have ACK (at simulation time 260.000,000,000 s)
2025-06-06 16:07:51,792 INFO  - Already have ACK (at simulation time 260.000,000,000 s)
2025-06-06 16:07:51,792 INFO  - Already have ACK (at simulation time 260.000,000,000 s)
2025-06-06 16:07:51,793 INFO  - Already have ACK (at simulation time 260.000,000,000 s)
2025-06-06 16:07:51,793 INFO  - Already have ACK (at simulation time 260.000,000,000 s)
2025-06-06 16:07:51,793 INFO  - Already have ACK (at simulation time 260.000,000,000 s)
2025-06-06 16:07:51,793 INFO  - Already have ACK (at simulation time 260.000,000,000 s)
2025-06-06 16:07:51,793 INFO  - Already have ACK (at simulation time 260.000,000,000 s)
2025-06-06 16:07:51,793 INFO  - Already have ACK (at simulation time 260.000,000,000 s)
2025-06-06 16:07:51,793 INFO  - Already have ACK (at simulation time 260.000,000,000 s)
2025-06-06 16:07:51,793 INFO  - Already have ACK (at simulation time 260.000,000,000 s)
2025-06-06 16:07:51,793 INFO  - Already have ACK (at simulation time 260.000,000,000 s)
2025-06-06 16:07:51,793 INFO  - Already have ACK (at simulation time 260.000,000,000 s)
2025-06-06 16:07:51,793 INFO  - Already have ACK (at simulation time 260.000,000,000 s)
2025-06-06 16:07:51,793 INFO  - Already have ACK (at simulation time 260.000,000,000 s)
2025-06-06 16:07:51,793 INFO  - Already have ACK (at simulation time 260.000,000,000 s)
2025-06-06 16:07:51,793 INFO  - Already have ACK (at simulation time 260.000,000,000 s)
2025-06-06 16:07:51,793 INFO  - Already have ACK (at simulation time 260.000,000,000 s)
2025-06-06 16:07:51,793 INFO  - Already have ACK (at simulation time 260.000,000,000 s)
2025-06-06 16:07:51,793 INFO  - Already have ACK (at simulation time 260.000,000,000 s)
2025-06-06 16:07:51,793 INFO  - Already have ACK (at simulation time 260.000,000,000 s)
2025-06-06 16:07:51,793 INFO  - Already have ACK (at simulation time 260.000,000,000 s)
2025-06-06 16:07:51,793 INFO  - Already have ACK (at simulation time 260.000,000,000 s)
2025-06-06 16:07:51,793 INFO  - Already have ACK (at simulation time 260.000,000,000 s)
2025-06-06 16:07:51,793 INFO  - Already have ACK (at simulation time 260.000,000,000 s)
2025-06-06 16:07:51,793 INFO  - Already have ACK (at simulation time 260.000,000,000 s)
2025-06-06 16:07:51,793 INFO  - Already have ACK (at simulation time 260.000,000,000 s)
2025-06-06 16:07:51,793 INFO  - Already have ACK (at simulation time 260.000,000,000 s)
2025-06-06 16:07:51,793 INFO  - Already have ACK (at simulation time 260.000,000,000 s)
2025-06-06 16:07:51,793 INFO  - Already have ACK (at simulation time 260.000,000,000 s)
2025-06-06 16:07:51,793 INFO  - Already have ACK (at simulation time 260.000,000,000 s)
2025-06-06 16:07:51,793 INFO  - Already have ACK (at simulation time 260.000,000,000 s)
2025-06-06 16:07:51,793 INFO  - Already have ACK (at simulation time 260.000,000,000 s)
2025-06-06 16:07:51,793 INFO  - Already have ACK (at simulation time 260.000,000,000 s)
2025-06-06 16:07:51,793 INFO  - Already have ACK (at simulation time 260.000,000,000 s)
2025-06-06 16:07:51,793 INFO  - Already have ACK (at simulation time 260.000,000,000 s)
2025-06-06 16:07:51,793 INFO  - Already have ACK (at simulation time 260.000,000,000 s)
2025-06-06 16:07:51,793 INFO  - Already have ACK (at simulation time 260.000,000,000 s)
2025-06-06 16:07:51,793 INFO  - Already have ACK (at simulation time 260.000,000,000 s)
2025-06-06 16:07:51,793 INFO  - Already have ACK (at simulation time 260.000,000,000 s)
2025-06-06 16:07:51,793 INFO  - Already have ACK (at simulation time 260.000,000,000 s)
2025-06-06 16:07:51,793 INFO  - Already have ACK (at simulation time 260.000,000,000 s)
2025-06-06 16:07:51,793 INFO  - Already have ACK (at simulation time 260.000,000,000 s)
2025-06-06 16:07:51,793 INFO  - Already have ACK (at simulation time 260.000,000,000 s)
2025-06-06 16:07:51,793 INFO  - Already have ACK (at simulation time 260.000,000,000 s)
2025-06-06 16:07:51,793 INFO  - Already have ACK (at simulation time 260.000,000,000 s)
2025-06-06 16:07:51,793 INFO  - Already have ACK (at simulation time 260.000,000,000 s)
2025-06-06 16:07:51,793 INFO  - Already have ACK (at simulation time 260.000,000,000 s)
2025-06-06 16:07:51,793 INFO  - Already have ACK (at simulation time 260.000,000,000 s)
2025-06-06 16:07:51,793 INFO  - Already have ACK (at simulation time 260.000,000,000 s)
2025-06-06 16:07:51,794 INFO  - Received metrics from FogNode: avgR0=1.5, avgR1=2.0 (at simulation time 260.003,300,000 s)
2025-06-06 16:07:51,795 INFO  - Sent periodic GreenWaveMsg: veh_34 on route r_0 (at simulation time 261.000,000,000 s)
2025-06-06 16:07:51,795 INFO  - Already have ACK (at simulation time 261.000,000,000 s)
2025-06-06 16:07:51,795 INFO  - Already have ACK (at simulation time 261.000,000,000 s)
2025-06-06 16:07:51,795 INFO  - Already have ACK (at simulation time 261.000,000,000 s)
2025-06-06 16:07:51,795 INFO  - Already have ACK (at simulation time 261.000,000,000 s)
2025-06-06 16:07:51,795 INFO  - Already have ACK (at simulation time 261.000,000,000 s)
2025-06-06 16:07:51,795 INFO  - Already have ACK (at simulation time 261.000,000,000 s)
2025-06-06 16:07:51,795 INFO  - Already have ACK (at simulation time 261.000,000,000 s)
2025-06-06 16:07:51,795 INFO  - Already have ACK (at simulation time 261.000,000,000 s)
2025-06-06 16:07:51,795 INFO  - Already have ACK (at simulation time 261.000,000,000 s)
2025-06-06 16:07:51,795 INFO  - Already have ACK (at simulation time 261.000,000,000 s)
2025-06-06 16:07:51,795 INFO  - Already have ACK (at simulation time 261.000,000,000 s)
2025-06-06 16:07:51,795 INFO  - Already have ACK (at simulation time 261.000,000,000 s)
2025-06-06 16:07:51,795 INFO  - Already have ACK (at simulation time 261.000,000,000 s)
2025-06-06 16:07:51,795 INFO  - Already have ACK (at simulation time 261.000,000,000 s)
2025-06-06 16:07:51,795 INFO  - Already have ACK (at simulation time 261.000,000,000 s)
2025-06-06 16:07:51,796 INFO  - Already have ACK (at simulation time 261.000,000,000 s)
2025-06-06 16:07:51,796 INFO  - Already have ACK (at simulation time 261.000,000,000 s)
2025-06-06 16:07:51,796 INFO  - Already have ACK (at simulation time 261.000,000,000 s)
2025-06-06 16:07:51,796 INFO  - Already have ACK (at simulation time 261.000,000,000 s)
2025-06-06 16:07:51,796 INFO  - Already have ACK (at simulation time 261.000,000,000 s)
2025-06-06 16:07:51,796 INFO  - Already have ACK (at simulation time 261.000,000,000 s)
2025-06-06 16:07:51,796 INFO  - Already have ACK (at simulation time 261.000,000,000 s)
2025-06-06 16:07:51,796 INFO  - Already have ACK (at simulation time 261.000,000,000 s)
2025-06-06 16:07:51,796 INFO  - Already have ACK (at simulation time 261.000,000,000 s)
2025-06-06 16:07:51,796 INFO  - Already have ACK (at simulation time 261.000,000,000 s)
2025-06-06 16:07:51,796 INFO  - Already have ACK (at simulation time 261.000,000,000 s)
2025-06-06 16:07:51,796 INFO  - Already have ACK (at simulation time 261.000,000,000 s)
2025-06-06 16:07:51,796 INFO  - Already have ACK (at simulation time 261.000,000,000 s)
2025-06-06 16:07:51,796 INFO  - Already have ACK (at simulation time 261.000,000,000 s)
2025-06-06 16:07:51,796 INFO  - Already have ACK (at simulation time 261.000,000,000 s)
2025-06-06 16:07:51,796 INFO  - Already have ACK (at simulation time 261.000,000,000 s)
2025-06-06 16:07:51,796 INFO  - Already have ACK (at simulation time 261.000,000,000 s)
2025-06-06 16:07:51,796 INFO  - Already have ACK (at simulation time 261.000,000,000 s)
2025-06-06 16:07:51,796 INFO  - Already have ACK (at simulation time 261.000,000,000 s)
2025-06-06 16:07:51,796 INFO  - Already have ACK (at simulation time 261.000,000,000 s)
2025-06-06 16:07:51,796 INFO  - Already have ACK (at simulation time 261.000,000,000 s)
2025-06-06 16:07:51,796 INFO  - Already have ACK (at simulation time 261.000,000,000 s)
2025-06-06 16:07:51,796 INFO  - Already have ACK (at simulation time 261.000,000,000 s)
2025-06-06 16:07:51,796 INFO  - Already have ACK (at simulation time 261.000,000,000 s)
2025-06-06 16:07:51,796 INFO  - Already have ACK (at simulation time 261.000,000,000 s)
2025-06-06 16:07:51,796 INFO  - Already have ACK (at simulation time 261.000,000,000 s)
2025-06-06 16:07:51,796 INFO  - Already have ACK (at simulation time 261.000,000,000 s)
2025-06-06 16:07:51,796 INFO  - Already have ACK (at simulation time 261.000,000,000 s)
2025-06-06 16:07:51,796 INFO  - Already have ACK (at simulation time 261.000,000,000 s)
2025-06-06 16:07:51,797 INFO  - Already have ACK (at simulation time 261.000,000,000 s)
2025-06-06 16:07:51,797 INFO  - Already have ACK (at simulation time 261.000,000,000 s)
2025-06-06 16:07:51,797 INFO  - Already have ACK (at simulation time 261.000,000,000 s)
2025-06-06 16:07:51,797 INFO  - Already have ACK (at simulation time 261.000,000,000 s)
2025-06-06 16:07:51,797 INFO  - Already have ACK (at simulation time 261.000,000,000 s)
2025-06-06 16:07:51,797 INFO  - Already have ACK (at simulation time 261.000,000,000 s)
2025-06-06 16:07:51,797 INFO  - Already have ACK (at simulation time 261.000,000,000 s)
2025-06-06 16:07:51,797 INFO  - Already have ACK (at simulation time 261.000,000,000 s)
2025-06-06 16:07:51,797 INFO  - Already have ACK (at simulation time 261.000,000,000 s)
2025-06-06 16:07:51,797 INFO  - Already have ACK (at simulation time 261.000,000,000 s)
2025-06-06 16:07:51,797 INFO  - Already have ACK (at simulation time 261.000,000,000 s)
2025-06-06 16:07:51,797 INFO  - Already have ACK (at simulation time 261.000,000,000 s)
2025-06-06 16:07:51,797 INFO  - Already have ACK (at simulation time 261.000,000,000 s)
2025-06-06 16:07:51,797 INFO  - Already have ACK (at simulation time 261.000,000,000 s)
2025-06-06 16:07:51,797 INFO  - Already have ACK (at simulation time 261.000,000,000 s)
2025-06-06 16:07:51,797 INFO  - Already have ACK (at simulation time 261.000,000,000 s)
2025-06-06 16:07:51,797 INFO  - Already have ACK (at simulation time 261.000,000,000 s)
2025-06-06 16:07:51,797 INFO  - Already have ACK (at simulation time 261.000,000,000 s)
2025-06-06 16:07:51,797 INFO  - Already have ACK (at simulation time 261.000,000,000 s)
2025-06-06 16:07:51,797 INFO  - Already have ACK (at simulation time 261.000,000,000 s)
2025-06-06 16:07:51,797 INFO  - Already have ACK (at simulation time 261.000,000,000 s)
2025-06-06 16:07:51,797 INFO  - Already have ACK (at simulation time 261.000,000,000 s)
2025-06-06 16:07:51,797 INFO  - Already have ACK (at simulation time 261.000,000,000 s)
2025-06-06 16:07:51,797 INFO  - Already have ACK (at simulation time 261.000,000,000 s)
2025-06-06 16:07:51,797 INFO  - Already have ACK (at simulation time 261.000,000,000 s)
2025-06-06 16:07:51,797 INFO  - Already have ACK (at simulation time 261.000,000,000 s)
2025-06-06 16:07:51,797 INFO  - Already have ACK (at simulation time 261.000,000,000 s)
2025-06-06 16:07:51,797 INFO  - Already have ACK (at simulation time 261.000,000,000 s)
2025-06-06 16:07:51,797 INFO  - Already have ACK (at simulation time 261.000,000,000 s)
2025-06-06 16:07:51,797 INFO  - Already have ACK (at simulation time 261.000,000,000 s)
2025-06-06 16:07:51,797 INFO  - Already have ACK (at simulation time 261.000,000,000 s)
2025-06-06 16:07:51,797 INFO  - Already have ACK (at simulation time 261.000,000,000 s)
2025-06-06 16:07:51,797 INFO  - Already have ACK (at simulation time 261.000,000,000 s)
2025-06-06 16:07:51,797 INFO  - Already have ACK (at simulation time 261.000,000,000 s)
2025-06-06 16:07:51,797 INFO  - Already have ACK (at simulation time 261.000,000,000 s)
2025-06-06 16:07:51,797 INFO  - Already have ACK (at simulation time 261.000,000,000 s)
2025-06-06 16:07:51,797 INFO  - Already have ACK (at simulation time 261.000,000,000 s)
2025-06-06 16:07:51,798 INFO  - Already have ACK (at simulation time 262.000,000,000 s)
2025-06-06 16:07:51,798 INFO  - Already have ACK (at simulation time 262.000,000,000 s)
2025-06-06 16:07:51,798 INFO  - Already have ACK (at simulation time 262.000,000,000 s)
2025-06-06 16:07:51,798 INFO  - Already have ACK (at simulation time 262.000,000,000 s)
2025-06-06 16:07:51,798 INFO  - Already have ACK (at simulation time 262.000,000,000 s)
2025-06-06 16:07:51,798 INFO  - Already have ACK (at simulation time 262.000,000,000 s)
2025-06-06 16:07:51,798 INFO  - Already have ACK (at simulation time 262.000,000,000 s)
2025-06-06 16:07:51,798 INFO  - Already have ACK (at simulation time 262.000,000,000 s)
2025-06-06 16:07:51,798 INFO  - Already have ACK (at simulation time 262.000,000,000 s)
2025-06-06 16:07:51,799 INFO  - Already have ACK (at simulation time 262.000,000,000 s)
2025-06-06 16:07:51,799 INFO  - Already have ACK (at simulation time 262.000,000,000 s)
2025-06-06 16:07:51,799 INFO  - Already have ACK (at simulation time 262.000,000,000 s)
2025-06-06 16:07:51,799 INFO  - Already have ACK (at simulation time 262.000,000,000 s)
2025-06-06 16:07:51,799 INFO  - Already have ACK (at simulation time 262.000,000,000 s)
2025-06-06 16:07:51,799 INFO  - Already have ACK (at simulation time 262.000,000,000 s)
2025-06-06 16:07:51,799 INFO  - Already have ACK (at simulation time 262.000,000,000 s)
2025-06-06 16:07:51,799 INFO  - Already have ACK (at simulation time 262.000,000,000 s)
2025-06-06 16:07:51,799 INFO  - Already have ACK (at simulation time 262.000,000,000 s)
2025-06-06 16:07:51,799 INFO  - Already have ACK (at simulation time 262.000,000,000 s)
2025-06-06 16:07:51,799 INFO  - Already have ACK (at simulation time 262.000,000,000 s)
2025-06-06 16:07:51,799 INFO  - Already have ACK (at simulation time 262.000,000,000 s)
2025-06-06 16:07:51,799 INFO  - Already have ACK (at simulation time 262.000,000,000 s)
2025-06-06 16:07:51,799 INFO  - Already have ACK (at simulation time 262.000,000,000 s)
2025-06-06 16:07:51,799 INFO  - Already have ACK (at simulation time 262.000,000,000 s)
2025-06-06 16:07:51,799 INFO  - Already have ACK (at simulation time 262.000,000,000 s)
2025-06-06 16:07:51,799 INFO  - Already have ACK (at simulation time 262.000,000,000 s)
2025-06-06 16:07:51,799 INFO  - Already have ACK (at simulation time 262.000,000,000 s)
2025-06-06 16:07:51,799 INFO  - Already have ACK (at simulation time 262.000,000,000 s)
2025-06-06 16:07:51,799 INFO  - Already have ACK (at simulation time 262.000,000,000 s)
2025-06-06 16:07:51,799 INFO  - Already have ACK (at simulation time 262.000,000,000 s)
2025-06-06 16:07:51,799 INFO  - Already have ACK (at simulation time 262.000,000,000 s)
2025-06-06 16:07:51,799 INFO  - Already have ACK (at simulation time 262.000,000,000 s)
2025-06-06 16:07:51,799 INFO  - Already have ACK (at simulation time 262.000,000,000 s)
2025-06-06 16:07:51,800 INFO  - Already have ACK (at simulation time 262.000,000,000 s)
2025-06-06 16:07:51,800 INFO  - Already have ACK (at simulation time 262.000,000,000 s)
2025-06-06 16:07:51,800 INFO  - Already have ACK (at simulation time 262.000,000,000 s)
2025-06-06 16:07:51,800 INFO  - Already have ACK (at simulation time 262.000,000,000 s)
2025-06-06 16:07:51,800 INFO  - Already have ACK (at simulation time 262.000,000,000 s)
2025-06-06 16:07:51,800 INFO  - Already have ACK (at simulation time 262.000,000,000 s)
2025-06-06 16:07:51,800 INFO  - Already have ACK (at simulation time 262.000,000,000 s)
2025-06-06 16:07:51,800 INFO  - Already have ACK (at simulation time 262.000,000,000 s)
2025-06-06 16:07:51,800 INFO  - Already have ACK (at simulation time 262.000,000,000 s)
2025-06-06 16:07:51,800 INFO  - Already have ACK (at simulation time 262.000,000,000 s)
2025-06-06 16:07:51,800 INFO  - Already have ACK (at simulation time 262.000,000,000 s)
2025-06-06 16:07:51,800 INFO  - Already have ACK (at simulation time 262.000,000,000 s)
2025-06-06 16:07:51,800 INFO  - Already have ACK (at simulation time 262.000,000,000 s)
2025-06-06 16:07:51,800 INFO  - Already have ACK (at simulation time 262.000,000,000 s)
2025-06-06 16:07:51,800 INFO  - Already have ACK (at simulation time 262.000,000,000 s)
2025-06-06 16:07:51,800 INFO  - Already have ACK (at simulation time 262.000,000,000 s)
2025-06-06 16:07:51,800 INFO  - Already have ACK (at simulation time 262.000,000,000 s)
2025-06-06 16:07:51,800 INFO  - Already have ACK (at simulation time 262.000,000,000 s)
2025-06-06 16:07:51,800 INFO  - Already have ACK (at simulation time 262.000,000,000 s)
2025-06-06 16:07:51,800 INFO  - Already have ACK (at simulation time 262.000,000,000 s)
2025-06-06 16:07:51,800 INFO  - Already have ACK (at simulation time 262.000,000,000 s)
2025-06-06 16:07:51,800 INFO  - Already have ACK (at simulation time 262.000,000,000 s)
2025-06-06 16:07:51,800 INFO  - Already have ACK (at simulation time 262.000,000,000 s)
2025-06-06 16:07:51,800 INFO  - Already have ACK (at simulation time 262.000,000,000 s)
2025-06-06 16:07:51,800 INFO  - Already have ACK (at simulation time 262.000,000,000 s)
2025-06-06 16:07:51,800 INFO  - Already have ACK (at simulation time 262.000,000,000 s)
2025-06-06 16:07:51,800 INFO  - Already have ACK (at simulation time 262.000,000,000 s)
2025-06-06 16:07:51,800 INFO  - Already have ACK (at simulation time 262.000,000,000 s)
2025-06-06 16:07:51,800 INFO  - Already have ACK (at simulation time 262.000,000,000 s)
2025-06-06 16:07:51,800 INFO  - Already have ACK (at simulation time 262.000,000,000 s)
2025-06-06 16:07:51,800 INFO  - Already have ACK (at simulation time 262.000,000,000 s)
2025-06-06 16:07:51,800 INFO  - Already have ACK (at simulation time 262.000,000,000 s)
2025-06-06 16:07:51,800 INFO  - Already have ACK (at simulation time 262.000,000,000 s)
2025-06-06 16:07:51,800 INFO  - Already have ACK (at simulation time 262.000,000,000 s)
2025-06-06 16:07:51,800 INFO  - Already have ACK (at simulation time 262.000,000,000 s)
2025-06-06 16:07:51,800 INFO  - Already have ACK (at simulation time 262.000,000,000 s)
2025-06-06 16:07:51,800 INFO  - Already have ACK (at simulation time 262.000,000,000 s)
2025-06-06 16:07:51,800 INFO  - Already have ACK (at simulation time 262.000,000,000 s)
2025-06-06 16:07:51,800 INFO  - Already have ACK (at simulation time 262.000,000,000 s)
2025-06-06 16:07:51,800 INFO  - Already have ACK (at simulation time 262.000,000,000 s)
2025-06-06 16:07:51,800 INFO  - Already have ACK (at simulation time 262.000,000,000 s)
2025-06-06 16:07:51,800 INFO  - Already have ACK (at simulation time 262.000,000,000 s)
2025-06-06 16:07:51,800 INFO  - Already have ACK (at simulation time 262.000,000,000 s)
2025-06-06 16:07:51,800 INFO  - Already have ACK (at simulation time 262.000,000,000 s)
2025-06-06 16:07:51,800 INFO  - Already have ACK (at simulation time 262.000,000,000 s)
2025-06-06 16:07:51,800 INFO  - Already have ACK (at simulation time 262.000,000,000 s)
2025-06-06 16:07:51,800 INFO  - Already have ACK (at simulation time 262.000,000,000 s)
2025-06-06 16:07:51,800 INFO  - Already have ACK (at simulation time 262.000,000,000 s)
2025-06-06 16:07:51,800 INFO  - Already have ACK (at simulation time 262.000,000,000 s)
2025-06-06 16:07:51,802 INFO  - Already have ACK (at simulation time 263.000,000,000 s)
2025-06-06 16:07:51,802 INFO  - Already have ACK (at simulation time 263.000,000,000 s)
2025-06-06 16:07:51,802 INFO  - Already have ACK (at simulation time 263.000,000,000 s)
2025-06-06 16:07:51,802 INFO  - Already have ACK (at simulation time 263.000,000,000 s)
2025-06-06 16:07:51,802 INFO  - Already have ACK (at simulation time 263.000,000,000 s)
2025-06-06 16:07:51,802 INFO  - Already have ACK (at simulation time 263.000,000,000 s)
2025-06-06 16:07:51,802 INFO  - Already have ACK (at simulation time 263.000,000,000 s)
2025-06-06 16:07:51,802 INFO  - Already have ACK (at simulation time 263.000,000,000 s)
2025-06-06 16:07:51,802 INFO  - Already have ACK (at simulation time 263.000,000,000 s)
2025-06-06 16:07:51,802 INFO  - Already have ACK (at simulation time 263.000,000,000 s)
2025-06-06 16:07:51,802 INFO  - Already have ACK (at simulation time 263.000,000,000 s)
2025-06-06 16:07:51,802 INFO  - Already have ACK (at simulation time 263.000,000,000 s)
2025-06-06 16:07:51,802 INFO  - Already have ACK (at simulation time 263.000,000,000 s)
2025-06-06 16:07:51,802 INFO  - Already have ACK (at simulation time 263.000,000,000 s)
2025-06-06 16:07:51,802 INFO  - Already have ACK (at simulation time 263.000,000,000 s)
2025-06-06 16:07:51,802 INFO  - Already have ACK (at simulation time 263.000,000,000 s)
2025-06-06 16:07:51,803 INFO  - Already have ACK (at simulation time 263.000,000,000 s)
2025-06-06 16:07:51,803 INFO  - Already have ACK (at simulation time 263.000,000,000 s)
2025-06-06 16:07:51,803 INFO  - Already have ACK (at simulation time 263.000,000,000 s)
2025-06-06 16:07:51,803 INFO  - Already have ACK (at simulation time 263.000,000,000 s)
2025-06-06 16:07:51,803 INFO  - Already have ACK (at simulation time 263.000,000,000 s)
2025-06-06 16:07:51,803 INFO  - Already have ACK (at simulation time 263.000,000,000 s)
2025-06-06 16:07:51,803 INFO  - Already have ACK (at simulation time 263.000,000,000 s)
2025-06-06 16:07:51,803 INFO  - Already have ACK (at simulation time 263.000,000,000 s)
2025-06-06 16:07:51,803 INFO  - Already have ACK (at simulation time 263.000,000,000 s)
2025-06-06 16:07:51,803 INFO  - Already have ACK (at simulation time 263.000,000,000 s)
2025-06-06 16:07:51,803 INFO  - Already have ACK (at simulation time 263.000,000,000 s)
2025-06-06 16:07:51,803 INFO  - Already have ACK (at simulation time 263.000,000,000 s)
2025-06-06 16:07:51,803 INFO  - Already have ACK (at simulation time 263.000,000,000 s)
2025-06-06 16:07:51,803 INFO  - Already have ACK (at simulation time 263.000,000,000 s)
2025-06-06 16:07:51,803 INFO  - Already have ACK (at simulation time 263.000,000,000 s)
2025-06-06 16:07:51,803 INFO  - Already have ACK (at simulation time 263.000,000,000 s)
2025-06-06 16:07:51,803 INFO  - Already have ACK (at simulation time 263.000,000,000 s)
2025-06-06 16:07:51,803 INFO  - Already have ACK (at simulation time 263.000,000,000 s)
2025-06-06 16:07:51,803 INFO  - Already have ACK (at simulation time 263.000,000,000 s)
2025-06-06 16:07:51,803 INFO  - Already have ACK (at simulation time 263.000,000,000 s)
2025-06-06 16:07:51,803 INFO  - Already have ACK (at simulation time 263.000,000,000 s)
2025-06-06 16:07:51,803 INFO  - Already have ACK (at simulation time 263.000,000,000 s)
2025-06-06 16:07:51,803 INFO  - Already have ACK (at simulation time 263.000,000,000 s)
2025-06-06 16:07:51,803 INFO  - Already have ACK (at simulation time 263.000,000,000 s)
2025-06-06 16:07:51,803 INFO  - Already have ACK (at simulation time 263.000,000,000 s)
2025-06-06 16:07:51,803 INFO  - Already have ACK (at simulation time 263.000,000,000 s)
2025-06-06 16:07:51,803 INFO  - Already have ACK (at simulation time 263.000,000,000 s)
2025-06-06 16:07:51,804 INFO  - Already have ACK (at simulation time 263.000,000,000 s)
2025-06-06 16:07:51,804 INFO  - Already have ACK (at simulation time 263.000,000,000 s)
2025-06-06 16:07:51,804 INFO  - Already have ACK (at simulation time 263.000,000,000 s)
2025-06-06 16:07:51,804 INFO  - Already have ACK (at simulation time 263.000,000,000 s)
2025-06-06 16:07:51,804 INFO  - Already have ACK (at simulation time 263.000,000,000 s)
2025-06-06 16:07:51,804 INFO  - Already have ACK (at simulation time 263.000,000,000 s)
2025-06-06 16:07:51,804 INFO  - Already have ACK (at simulation time 263.000,000,000 s)
2025-06-06 16:07:51,804 INFO  - Already have ACK (at simulation time 263.000,000,000 s)
2025-06-06 16:07:51,804 INFO  - Already have ACK (at simulation time 263.000,000,000 s)
2025-06-06 16:07:51,804 INFO  - Already have ACK (at simulation time 263.000,000,000 s)
2025-06-06 16:07:51,804 INFO  - Already have ACK (at simulation time 263.000,000,000 s)
2025-06-06 16:07:51,804 INFO  - Already have ACK (at simulation time 263.000,000,000 s)
2025-06-06 16:07:51,804 INFO  - Already have ACK (at simulation time 263.000,000,000 s)
2025-06-06 16:07:51,804 INFO  - Already have ACK (at simulation time 263.000,000,000 s)
2025-06-06 16:07:51,804 INFO  - Already have ACK (at simulation time 263.000,000,000 s)
2025-06-06 16:07:51,804 INFO  - Already have ACK (at simulation time 263.000,000,000 s)
2025-06-06 16:07:51,804 INFO  - Already have ACK (at simulation time 263.000,000,000 s)
2025-06-06 16:07:51,804 INFO  - Already have ACK (at simulation time 263.000,000,000 s)
2025-06-06 16:07:51,804 INFO  - Already have ACK (at simulation time 263.000,000,000 s)
2025-06-06 16:07:51,804 INFO  - Already have ACK (at simulation time 263.000,000,000 s)
2025-06-06 16:07:51,804 INFO  - Already have ACK (at simulation time 263.000,000,000 s)
2025-06-06 16:07:51,804 INFO  - Already have ACK (at simulation time 263.000,000,000 s)
2025-06-06 16:07:51,804 INFO  - Already have ACK (at simulation time 263.000,000,000 s)
2025-06-06 16:07:51,804 INFO  - Already have ACK (at simulation time 263.000,000,000 s)
2025-06-06 16:07:51,804 INFO  - Already have ACK (at simulation time 263.000,000,000 s)
2025-06-06 16:07:51,804 INFO  - Already have ACK (at simulation time 263.000,000,000 s)
2025-06-06 16:07:51,804 INFO  - Already have ACK (at simulation time 263.000,000,000 s)
2025-06-06 16:07:51,804 INFO  - Already have ACK (at simulation time 263.000,000,000 s)
2025-06-06 16:07:51,804 INFO  - Already have ACK (at simulation time 263.000,000,000 s)
2025-06-06 16:07:51,804 INFO  - Already have ACK (at simulation time 263.000,000,000 s)
2025-06-06 16:07:51,804 INFO  - Already have ACK (at simulation time 263.000,000,000 s)
2025-06-06 16:07:51,804 INFO  - Already have ACK (at simulation time 263.000,000,000 s)
2025-06-06 16:07:51,804 INFO  - Already have ACK (at simulation time 263.000,000,000 s)
2025-06-06 16:07:51,804 INFO  - Already have ACK (at simulation time 263.000,000,000 s)
2025-06-06 16:07:51,804 INFO  - Already have ACK (at simulation time 263.000,000,000 s)
2025-06-06 16:07:51,804 INFO  - Already have ACK (at simulation time 263.000,000,000 s)
2025-06-06 16:07:51,804 INFO  - Already have ACK (at simulation time 263.000,000,000 s)
2025-06-06 16:07:51,804 INFO  - Already have ACK (at simulation time 263.000,000,000 s)
2025-06-06 16:07:51,804 INFO  - Already have ACK (at simulation time 263.000,000,000 s)
2025-06-06 16:07:51,804 INFO  - Already have ACK (at simulation time 263.000,000,000 s)
2025-06-06 16:07:51,810 INFO  - Already have ACK (at simulation time 264.000,000,000 s)
2025-06-06 16:07:51,810 INFO  - Already have ACK (at simulation time 264.000,000,000 s)
2025-06-06 16:07:51,810 INFO  - Already have ACK (at simulation time 264.000,000,000 s)
2025-06-06 16:07:51,810 INFO  - Already have ACK (at simulation time 264.000,000,000 s)
2025-06-06 16:07:51,810 INFO  - Already have ACK (at simulation time 264.000,000,000 s)
2025-06-06 16:07:51,810 INFO  - Already have ACK (at simulation time 264.000,000,000 s)
2025-06-06 16:07:51,810 INFO  - Already have ACK (at simulation time 264.000,000,000 s)
2025-06-06 16:07:51,810 INFO  - Already have ACK (at simulation time 264.000,000,000 s)
2025-06-06 16:07:51,811 INFO  - Already have ACK (at simulation time 264.000,000,000 s)
2025-06-06 16:07:51,811 INFO  - Already have ACK (at simulation time 264.000,000,000 s)
2025-06-06 16:07:51,811 INFO  - Already have ACK (at simulation time 264.000,000,000 s)
2025-06-06 16:07:51,811 INFO  - Already have ACK (at simulation time 264.000,000,000 s)
2025-06-06 16:07:51,811 INFO  - Already have ACK (at simulation time 264.000,000,000 s)
2025-06-06 16:07:51,811 INFO  - Already have ACK (at simulation time 264.000,000,000 s)
2025-06-06 16:07:51,811 INFO  - Already have ACK (at simulation time 264.000,000,000 s)
2025-06-06 16:07:51,811 INFO  - Already have ACK (at simulation time 264.000,000,000 s)
2025-06-06 16:07:51,811 INFO  - Already have ACK (at simulation time 264.000,000,000 s)
2025-06-06 16:07:51,811 INFO  - Already have ACK (at simulation time 264.000,000,000 s)
2025-06-06 16:07:51,811 INFO  - Already have ACK (at simulation time 264.000,000,000 s)
2025-06-06 16:07:51,811 INFO  - Already have ACK (at simulation time 264.000,000,000 s)
2025-06-06 16:07:51,811 INFO  - Already have ACK (at simulation time 264.000,000,000 s)
2025-06-06 16:07:51,811 INFO  - Already have ACK (at simulation time 264.000,000,000 s)
2025-06-06 16:07:51,811 INFO  - Already have ACK (at simulation time 264.000,000,000 s)
2025-06-06 16:07:51,811 INFO  - Already have ACK (at simulation time 264.000,000,000 s)
2025-06-06 16:07:51,811 INFO  - Already have ACK (at simulation time 264.000,000,000 s)
2025-06-06 16:07:51,811 INFO  - Already have ACK (at simulation time 264.000,000,000 s)
2025-06-06 16:07:51,811 INFO  - Already have ACK (at simulation time 264.000,000,000 s)
2025-06-06 16:07:51,811 INFO  - Already have ACK (at simulation time 264.000,000,000 s)
2025-06-06 16:07:51,811 INFO  - Already have ACK (at simulation time 264.000,000,000 s)
2025-06-06 16:07:51,812 INFO  - Already have ACK (at simulation time 264.000,000,000 s)
2025-06-06 16:07:51,812 INFO  - Already have ACK (at simulation time 264.000,000,000 s)
2025-06-06 16:07:51,812 INFO  - Already have ACK (at simulation time 264.000,000,000 s)
2025-06-06 16:07:51,812 INFO  - Already have ACK (at simulation time 264.000,000,000 s)
2025-06-06 16:07:51,812 INFO  - Already have ACK (at simulation time 264.000,000,000 s)
2025-06-06 16:07:51,812 INFO  - Already have ACK (at simulation time 264.000,000,000 s)
2025-06-06 16:07:51,812 INFO  - Already have ACK (at simulation time 264.000,000,000 s)
2025-06-06 16:07:51,812 INFO  - Already have ACK (at simulation time 264.000,000,000 s)
2025-06-06 16:07:51,812 INFO  - Already have ACK (at simulation time 264.000,000,000 s)
2025-06-06 16:07:51,812 INFO  - Already have ACK (at simulation time 264.000,000,000 s)
2025-06-06 16:07:51,812 INFO  - Already have ACK (at simulation time 264.000,000,000 s)
2025-06-06 16:07:51,812 INFO  - Already have ACK (at simulation time 264.000,000,000 s)
2025-06-06 16:07:51,812 INFO  - Already have ACK (at simulation time 264.000,000,000 s)
2025-06-06 16:07:51,812 INFO  - Already have ACK (at simulation time 264.000,000,000 s)
2025-06-06 16:07:51,812 INFO  - Already have ACK (at simulation time 264.000,000,000 s)
2025-06-06 16:07:51,812 INFO  - Already have ACK (at simulation time 264.000,000,000 s)
2025-06-06 16:07:51,812 INFO  - Already have ACK (at simulation time 264.000,000,000 s)
2025-06-06 16:07:51,812 INFO  - Already have ACK (at simulation time 264.000,000,000 s)
2025-06-06 16:07:51,812 INFO  - Already have ACK (at simulation time 264.000,000,000 s)
2025-06-06 16:07:51,812 INFO  - Already have ACK (at simulation time 264.000,000,000 s)
2025-06-06 16:07:51,812 INFO  - Already have ACK (at simulation time 264.000,000,000 s)
2025-06-06 16:07:51,812 INFO  - Already have ACK (at simulation time 264.000,000,000 s)
2025-06-06 16:07:51,812 INFO  - Already have ACK (at simulation time 264.000,000,000 s)
2025-06-06 16:07:51,812 INFO  - Already have ACK (at simulation time 264.000,000,000 s)
2025-06-06 16:07:51,812 INFO  - Already have ACK (at simulation time 264.000,000,000 s)
2025-06-06 16:07:51,812 INFO  - Already have ACK (at simulation time 264.000,000,000 s)
2025-06-06 16:07:51,812 INFO  - Already have ACK (at simulation time 264.000,000,000 s)
2025-06-06 16:07:51,812 INFO  - Already have ACK (at simulation time 264.000,000,000 s)
2025-06-06 16:07:51,812 INFO  - Already have ACK (at simulation time 264.000,000,000 s)
2025-06-06 16:07:51,812 INFO  - Already have ACK (at simulation time 264.000,000,000 s)
2025-06-06 16:07:51,812 INFO  - Already have ACK (at simulation time 264.000,000,000 s)
2025-06-06 16:07:51,812 INFO  - Already have ACK (at simulation time 264.000,000,000 s)
2025-06-06 16:07:51,812 INFO  - Already have ACK (at simulation time 264.000,000,000 s)
2025-06-06 16:07:51,812 INFO  - Already have ACK (at simulation time 264.000,000,000 s)
2025-06-06 16:07:51,812 INFO  - Already have ACK (at simulation time 264.000,000,000 s)
2025-06-06 16:07:51,812 INFO  - Already have ACK (at simulation time 264.000,000,000 s)
2025-06-06 16:07:51,812 INFO  - Already have ACK (at simulation time 264.000,000,000 s)
2025-06-06 16:07:51,812 INFO  - Already have ACK (at simulation time 264.000,000,000 s)
2025-06-06 16:07:51,812 INFO  - Already have ACK (at simulation time 264.000,000,000 s)
2025-06-06 16:07:51,812 INFO  - Already have ACK (at simulation time 264.000,000,000 s)
2025-06-06 16:07:51,812 INFO  - Already have ACK (at simulation time 264.000,000,000 s)
2025-06-06 16:07:51,812 INFO  - Already have ACK (at simulation time 264.000,000,000 s)
2025-06-06 16:07:51,812 INFO  - Already have ACK (at simulation time 264.000,000,000 s)
2025-06-06 16:07:51,812 INFO  - Already have ACK (at simulation time 264.000,000,000 s)
2025-06-06 16:07:51,813 INFO  - Already have ACK (at simulation time 264.000,000,000 s)
2025-06-06 16:07:51,813 INFO  - Already have ACK (at simulation time 264.000,000,000 s)
2025-06-06 16:07:51,813 INFO  - Already have ACK (at simulation time 264.000,000,000 s)
2025-06-06 16:07:51,813 INFO  - Already have ACK (at simulation time 264.000,000,000 s)
2025-06-06 16:07:51,813 INFO  - Already have ACK (at simulation time 264.000,000,000 s)
2025-06-06 16:07:51,813 INFO  - Already have ACK (at simulation time 264.000,000,000 s)
2025-06-06 16:07:51,813 INFO  - Already have ACK (at simulation time 264.000,000,000 s)
2025-06-06 16:07:51,813 INFO  - Already have ACK (at simulation time 264.000,000,000 s)
2025-06-06 16:07:51,813 INFO  - Already have ACK (at simulation time 264.000,000,000 s)
2025-06-06 16:07:51,813 INFO  - Already have ACK (at simulation time 264.000,000,000 s)
2025-06-06 16:07:51,813 INFO  - Already have ACK (at simulation time 264.000,000,000 s)
2025-06-06 16:07:51,814 INFO  - Already have ACK (at simulation time 265.000,000,000 s)
2025-06-06 16:07:51,814 INFO  - Already have ACK (at simulation time 265.000,000,000 s)
2025-06-06 16:07:51,814 INFO  - Already have ACK (at simulation time 265.000,000,000 s)
2025-06-06 16:07:51,814 INFO  - Already have ACK (at simulation time 265.000,000,000 s)
2025-06-06 16:07:51,814 INFO  - Already have ACK (at simulation time 265.000,000,000 s)
2025-06-06 16:07:51,814 INFO  - Already have ACK (at simulation time 265.000,000,000 s)
2025-06-06 16:07:51,814 INFO  - Already have ACK (at simulation time 265.000,000,000 s)
2025-06-06 16:07:51,814 INFO  - Already have ACK (at simulation time 265.000,000,000 s)
2025-06-06 16:07:51,815 INFO  - Already have ACK (at simulation time 265.000,000,000 s)
2025-06-06 16:07:51,815 INFO  - Already have ACK (at simulation time 265.000,000,000 s)
2025-06-06 16:07:51,815 INFO  - Already have ACK (at simulation time 265.000,000,000 s)
2025-06-06 16:07:51,815 INFO  - Already have ACK (at simulation time 265.000,000,000 s)
2025-06-06 16:07:51,815 INFO  - Already have ACK (at simulation time 265.000,000,000 s)
2025-06-06 16:07:51,815 INFO  - Already have ACK (at simulation time 265.000,000,000 s)
2025-06-06 16:07:51,815 INFO  - Already have ACK (at simulation time 265.000,000,000 s)
2025-06-06 16:07:51,815 INFO  - Already have ACK (at simulation time 265.000,000,000 s)
2025-06-06 16:07:51,815 INFO  - Already have ACK (at simulation time 265.000,000,000 s)
2025-06-06 16:07:51,815 INFO  - Already have ACK (at simulation time 265.000,000,000 s)
2025-06-06 16:07:51,815 INFO  - Already have ACK (at simulation time 265.000,000,000 s)
2025-06-06 16:07:51,815 INFO  - Already have ACK (at simulation time 265.000,000,000 s)
2025-06-06 16:07:51,815 INFO  - Already have ACK (at simulation time 265.000,000,000 s)
2025-06-06 16:07:51,815 INFO  - Already have ACK (at simulation time 265.000,000,000 s)
2025-06-06 16:07:51,815 INFO  - Already have ACK (at simulation time 265.000,000,000 s)
2025-06-06 16:07:51,815 INFO  - Already have ACK (at simulation time 265.000,000,000 s)
2025-06-06 16:07:51,815 INFO  - Already have ACK (at simulation time 265.000,000,000 s)
2025-06-06 16:07:51,815 INFO  - Already have ACK (at simulation time 265.000,000,000 s)
2025-06-06 16:07:51,815 INFO  - Already have ACK (at simulation time 265.000,000,000 s)
2025-06-06 16:07:51,815 INFO  - Already have ACK (at simulation time 265.000,000,000 s)
2025-06-06 16:07:51,815 INFO  - Already have ACK (at simulation time 265.000,000,000 s)
2025-06-06 16:07:51,815 INFO  - Already have ACK (at simulation time 265.000,000,000 s)
2025-06-06 16:07:51,816 INFO  - Already have ACK (at simulation time 265.000,000,000 s)
2025-06-06 16:07:51,816 INFO  - Already have ACK (at simulation time 265.000,000,000 s)
2025-06-06 16:07:51,816 INFO  - Already have ACK (at simulation time 265.000,000,000 s)
2025-06-06 16:07:51,816 INFO  - Already have ACK (at simulation time 265.000,000,000 s)
2025-06-06 16:07:51,816 INFO  - Already have ACK (at simulation time 265.000,000,000 s)
2025-06-06 16:07:51,816 INFO  - Already have ACK (at simulation time 265.000,000,000 s)
2025-06-06 16:07:51,816 INFO  - Already have ACK (at simulation time 265.000,000,000 s)
2025-06-06 16:07:51,816 INFO  - Already have ACK (at simulation time 265.000,000,000 s)
2025-06-06 16:07:51,816 INFO  - Already have ACK (at simulation time 265.000,000,000 s)
2025-06-06 16:07:51,816 INFO  - Already have ACK (at simulation time 265.000,000,000 s)
2025-06-06 16:07:51,816 INFO  - Already have ACK (at simulation time 265.000,000,000 s)
2025-06-06 16:07:51,816 INFO  - Already have ACK (at simulation time 265.000,000,000 s)
2025-06-06 16:07:51,816 INFO  - Already have ACK (at simulation time 265.000,000,000 s)
2025-06-06 16:07:51,816 INFO  - Already have ACK (at simulation time 265.000,000,000 s)
2025-06-06 16:07:51,816 INFO  - Already have ACK (at simulation time 265.000,000,000 s)
2025-06-06 16:07:51,816 INFO  - Already have ACK (at simulation time 265.000,000,000 s)
2025-06-06 16:07:51,816 INFO  - Already have ACK (at simulation time 265.000,000,000 s)
2025-06-06 16:07:51,816 INFO  - Already have ACK (at simulation time 265.000,000,000 s)
2025-06-06 16:07:51,816 INFO  - Already have ACK (at simulation time 265.000,000,000 s)
2025-06-06 16:07:51,816 INFO  - Already have ACK (at simulation time 265.000,000,000 s)
2025-06-06 16:07:51,816 INFO  - Already have ACK (at simulation time 265.000,000,000 s)
2025-06-06 16:07:51,816 INFO  - Already have ACK (at simulation time 265.000,000,000 s)
2025-06-06 16:07:51,816 INFO  - Already have ACK (at simulation time 265.000,000,000 s)
2025-06-06 16:07:51,816 INFO  - Already have ACK (at simulation time 265.000,000,000 s)
2025-06-06 16:07:51,816 INFO  - Already have ACK (at simulation time 265.000,000,000 s)
2025-06-06 16:07:51,816 INFO  - Already have ACK (at simulation time 265.000,000,000 s)
2025-06-06 16:07:51,816 INFO  - Already have ACK (at simulation time 265.000,000,000 s)
2025-06-06 16:07:51,816 INFO  - Already have ACK (at simulation time 265.000,000,000 s)
2025-06-06 16:07:51,816 INFO  - Already have ACK (at simulation time 265.000,000,000 s)
2025-06-06 16:07:51,816 INFO  - Already have ACK (at simulation time 265.000,000,000 s)
2025-06-06 16:07:51,816 INFO  - Already have ACK (at simulation time 265.000,000,000 s)
2025-06-06 16:07:51,816 INFO  - Already have ACK (at simulation time 265.000,000,000 s)
2025-06-06 16:07:51,816 INFO  - Already have ACK (at simulation time 265.000,000,000 s)
2025-06-06 16:07:51,816 INFO  - Already have ACK (at simulation time 265.000,000,000 s)
2025-06-06 16:07:51,816 INFO  - Already have ACK (at simulation time 265.000,000,000 s)
2025-06-06 16:07:51,816 INFO  - Already have ACK (at simulation time 265.000,000,000 s)
2025-06-06 16:07:51,816 INFO  - Already have ACK (at simulation time 265.000,000,000 s)
2025-06-06 16:07:51,816 INFO  - Already have ACK (at simulation time 265.000,000,000 s)
2025-06-06 16:07:51,816 INFO  - Already have ACK (at simulation time 265.000,000,000 s)
2025-06-06 16:07:51,816 INFO  - Already have ACK (at simulation time 265.000,000,000 s)
2025-06-06 16:07:51,816 INFO  - Already have ACK (at simulation time 265.000,000,000 s)
2025-06-06 16:07:51,816 INFO  - Already have ACK (at simulation time 265.000,000,000 s)
2025-06-06 16:07:51,816 INFO  - Already have ACK (at simulation time 265.000,000,000 s)
2025-06-06 16:07:51,817 INFO  - Already have ACK (at simulation time 265.000,000,000 s)
2025-06-06 16:07:51,817 INFO  - Already have ACK (at simulation time 265.000,000,000 s)
2025-06-06 16:07:51,817 INFO  - Already have ACK (at simulation time 265.000,000,000 s)
2025-06-06 16:07:51,817 INFO  - Already have ACK (at simulation time 265.000,000,000 s)
2025-06-06 16:07:51,817 INFO  - Already have ACK (at simulation time 265.000,000,000 s)
2025-06-06 16:07:51,817 INFO  - Already have ACK (at simulation time 265.000,000,000 s)
2025-06-06 16:07:51,817 INFO  - Already have ACK (at simulation time 265.000,000,000 s)
2025-06-06 16:07:51,817 INFO  - Already have ACK (at simulation time 265.000,000,000 s)
2025-06-06 16:07:51,817 INFO  - Already have ACK (at simulation time 265.000,000,000 s)
2025-06-06 16:07:51,817 INFO  - Already have ACK (at simulation time 265.000,000,000 s)
2025-06-06 16:07:51,817 INFO  - Already have ACK (at simulation time 265.000,000,000 s)
2025-06-06 16:07:51,817 INFO  - Already have ACK (at simulation time 265.000,000,000 s)
2025-06-06 16:07:51,818 INFO  - Sent periodic GreenWaveMsg: veh_34 on route r_0 (at simulation time 266.000,000,000 s)
2025-06-06 16:07:51,818 INFO  - Already have ACK (at simulation time 266.000,000,000 s)
2025-06-06 16:07:51,818 INFO  - Already have ACK (at simulation time 266.000,000,000 s)
2025-06-06 16:07:51,818 INFO  - Already have ACK (at simulation time 266.000,000,000 s)
2025-06-06 16:07:51,818 INFO  - Already have ACK (at simulation time 266.000,000,000 s)
2025-06-06 16:07:51,818 INFO  - Already have ACK (at simulation time 266.000,000,000 s)
2025-06-06 16:07:51,818 INFO  - Already have ACK (at simulation time 266.000,000,000 s)
2025-06-06 16:07:51,818 INFO  - Already have ACK (at simulation time 266.000,000,000 s)
2025-06-06 16:07:51,818 INFO  - Already have ACK (at simulation time 266.000,000,000 s)
2025-06-06 16:07:51,818 INFO  - Already have ACK (at simulation time 266.000,000,000 s)
2025-06-06 16:07:51,818 INFO  - Already have ACK (at simulation time 266.000,000,000 s)
2025-06-06 16:07:51,818 INFO  - Already have ACK (at simulation time 266.000,000,000 s)
2025-06-06 16:07:51,818 INFO  - Already have ACK (at simulation time 266.000,000,000 s)
2025-06-06 16:07:51,818 INFO  - Already have ACK (at simulation time 266.000,000,000 s)
2025-06-06 16:07:51,818 INFO  - Already have ACK (at simulation time 266.000,000,000 s)
2025-06-06 16:07:51,818 INFO  - Already have ACK (at simulation time 266.000,000,000 s)
2025-06-06 16:07:51,819 INFO  - Already have ACK (at simulation time 266.000,000,000 s)
2025-06-06 16:07:51,819 INFO  - Already have ACK (at simulation time 266.000,000,000 s)
2025-06-06 16:07:51,819 INFO  - Already have ACK (at simulation time 266.000,000,000 s)
2025-06-06 16:07:51,819 INFO  - Already have ACK (at simulation time 266.000,000,000 s)
2025-06-06 16:07:51,819 INFO  - Already have ACK (at simulation time 266.000,000,000 s)
2025-06-06 16:07:51,819 INFO  - Already have ACK (at simulation time 266.000,000,000 s)
2025-06-06 16:07:51,819 INFO  - Already have ACK (at simulation time 266.000,000,000 s)
2025-06-06 16:07:51,819 INFO  - Already have ACK (at simulation time 266.000,000,000 s)
2025-06-06 16:07:51,819 INFO  - Already have ACK (at simulation time 266.000,000,000 s)
2025-06-06 16:07:51,819 INFO  - Already have ACK (at simulation time 266.000,000,000 s)
2025-06-06 16:07:51,819 INFO  - Already have ACK (at simulation time 266.000,000,000 s)
2025-06-06 16:07:51,819 INFO  - Already have ACK (at simulation time 266.000,000,000 s)
2025-06-06 16:07:51,819 INFO  - Already have ACK (at simulation time 266.000,000,000 s)
2025-06-06 16:07:51,819 INFO  - Already have ACK (at simulation time 266.000,000,000 s)
2025-06-06 16:07:51,819 INFO  - Already have ACK (at simulation time 266.000,000,000 s)
2025-06-06 16:07:51,819 INFO  - Already have ACK (at simulation time 266.000,000,000 s)
2025-06-06 16:07:51,819 INFO  - Already have ACK (at simulation time 266.000,000,000 s)
2025-06-06 16:07:51,819 INFO  - Already have ACK (at simulation time 266.000,000,000 s)
2025-06-06 16:07:51,819 INFO  - Already have ACK (at simulation time 266.000,000,000 s)
2025-06-06 16:07:51,819 INFO  - Already have ACK (at simulation time 266.000,000,000 s)
2025-06-06 16:07:51,819 INFO  - Already have ACK (at simulation time 266.000,000,000 s)
2025-06-06 16:07:51,819 INFO  - Already have ACK (at simulation time 266.000,000,000 s)
2025-06-06 16:07:51,819 INFO  - Already have ACK (at simulation time 266.000,000,000 s)
2025-06-06 16:07:51,819 INFO  - Already have ACK (at simulation time 266.000,000,000 s)
2025-06-06 16:07:51,819 INFO  - Already have ACK (at simulation time 266.000,000,000 s)
2025-06-06 16:07:51,819 INFO  - Already have ACK (at simulation time 266.000,000,000 s)
2025-06-06 16:07:51,820 INFO  - Already have ACK (at simulation time 266.000,000,000 s)
2025-06-06 16:07:51,820 INFO  - Already have ACK (at simulation time 266.000,000,000 s)
2025-06-06 16:07:51,820 INFO  - Already have ACK (at simulation time 266.000,000,000 s)
2025-06-06 16:07:51,820 INFO  - Already have ACK (at simulation time 266.000,000,000 s)
2025-06-06 16:07:51,820 INFO  - Already have ACK (at simulation time 266.000,000,000 s)
2025-06-06 16:07:51,820 INFO  - Already have ACK (at simulation time 266.000,000,000 s)
2025-06-06 16:07:51,820 INFO  - Already have ACK (at simulation time 266.000,000,000 s)
2025-06-06 16:07:51,820 INFO  - Already have ACK (at simulation time 266.000,000,000 s)
2025-06-06 16:07:51,820 INFO  - Already have ACK (at simulation time 266.000,000,000 s)
2025-06-06 16:07:51,820 INFO  - Already have ACK (at simulation time 266.000,000,000 s)
2025-06-06 16:07:51,820 INFO  - Already have ACK (at simulation time 266.000,000,000 s)
2025-06-06 16:07:51,820 INFO  - Already have ACK (at simulation time 266.000,000,000 s)
2025-06-06 16:07:51,820 INFO  - Already have ACK (at simulation time 266.000,000,000 s)
2025-06-06 16:07:51,820 INFO  - Already have ACK (at simulation time 266.000,000,000 s)
2025-06-06 16:07:51,820 INFO  - Already have ACK (at simulation time 266.000,000,000 s)
2025-06-06 16:07:51,820 INFO  - Already have ACK (at simulation time 266.000,000,000 s)
2025-06-06 16:07:51,820 INFO  - Already have ACK (at simulation time 266.000,000,000 s)
2025-06-06 16:07:51,820 INFO  - Already have ACK (at simulation time 266.000,000,000 s)
2025-06-06 16:07:51,820 INFO  - Already have ACK (at simulation time 266.000,000,000 s)
2025-06-06 16:07:51,820 INFO  - Already have ACK (at simulation time 266.000,000,000 s)
2025-06-06 16:07:51,820 INFO  - Already have ACK (at simulation time 266.000,000,000 s)
2025-06-06 16:07:51,820 INFO  - Already have ACK (at simulation time 266.000,000,000 s)
2025-06-06 16:07:51,820 INFO  - Already have ACK (at simulation time 266.000,000,000 s)
2025-06-06 16:07:51,820 INFO  - Already have ACK (at simulation time 266.000,000,000 s)
2025-06-06 16:07:51,820 INFO  - Already have ACK (at simulation time 266.000,000,000 s)
2025-06-06 16:07:51,820 INFO  - Already have ACK (at simulation time 266.000,000,000 s)
2025-06-06 16:07:51,820 INFO  - Already have ACK (at simulation time 266.000,000,000 s)
2025-06-06 16:07:51,820 INFO  - Already have ACK (at simulation time 266.000,000,000 s)
2025-06-06 16:07:51,820 INFO  - Already have ACK (at simulation time 266.000,000,000 s)
2025-06-06 16:07:51,820 INFO  - Already have ACK (at simulation time 266.000,000,000 s)
2025-06-06 16:07:51,820 INFO  - Already have ACK (at simulation time 266.000,000,000 s)
2025-06-06 16:07:51,820 INFO  - Already have ACK (at simulation time 266.000,000,000 s)
2025-06-06 16:07:51,820 INFO  - Already have ACK (at simulation time 266.000,000,000 s)
2025-06-06 16:07:51,820 INFO  - Already have ACK (at simulation time 266.000,000,000 s)
2025-06-06 16:07:51,820 INFO  - Already have ACK (at simulation time 266.000,000,000 s)
2025-06-06 16:07:51,820 INFO  - Already have ACK (at simulation time 266.000,000,000 s)
2025-06-06 16:07:51,820 INFO  - Already have ACK (at simulation time 266.000,000,000 s)
2025-06-06 16:07:51,820 INFO  - Already have ACK (at simulation time 266.000,000,000 s)
2025-06-06 16:07:51,820 INFO  - Already have ACK (at simulation time 266.000,000,000 s)
2025-06-06 16:07:51,820 INFO  - Already have ACK (at simulation time 266.000,000,000 s)
2025-06-06 16:07:51,820 INFO  - Already have ACK (at simulation time 266.000,000,000 s)
2025-06-06 16:07:51,820 INFO  - Already have ACK (at simulation time 266.000,000,000 s)
2025-06-06 16:07:51,820 INFO  - Already have ACK (at simulation time 266.000,000,000 s)
2025-06-06 16:07:51,820 INFO  - Already have ACK (at simulation time 266.000,000,000 s)
2025-06-06 16:07:51,820 INFO  - Already have ACK (at simulation time 266.000,000,000 s)
2025-06-06 16:07:51,821 INFO  - Already have ACK (at simulation time 267.000,000,000 s)
2025-06-06 16:07:51,821 INFO  - Already have ACK (at simulation time 267.000,000,000 s)
2025-06-06 16:07:51,822 INFO  - Already have ACK (at simulation time 267.000,000,000 s)
2025-06-06 16:07:51,822 INFO  - Already have ACK (at simulation time 267.000,000,000 s)
2025-06-06 16:07:51,822 INFO  - Already have ACK (at simulation time 267.000,000,000 s)
2025-06-06 16:07:51,822 INFO  - Already have ACK (at simulation time 267.000,000,000 s)
2025-06-06 16:07:51,822 INFO  - Already have ACK (at simulation time 267.000,000,000 s)
2025-06-06 16:07:51,822 INFO  - Already have ACK (at simulation time 267.000,000,000 s)
2025-06-06 16:07:51,822 INFO  - Already have ACK (at simulation time 267.000,000,000 s)
2025-06-06 16:07:51,822 INFO  - Already have ACK (at simulation time 267.000,000,000 s)
2025-06-06 16:07:51,822 INFO  - Already have ACK (at simulation time 267.000,000,000 s)
2025-06-06 16:07:51,822 INFO  - Already have ACK (at simulation time 267.000,000,000 s)
2025-06-06 16:07:51,822 INFO  - Already have ACK (at simulation time 267.000,000,000 s)
2025-06-06 16:07:51,822 INFO  - Already have ACK (at simulation time 267.000,000,000 s)
2025-06-06 16:07:51,822 INFO  - Already have ACK (at simulation time 267.000,000,000 s)
2025-06-06 16:07:51,822 INFO  - Already have ACK (at simulation time 267.000,000,000 s)
2025-06-06 16:07:51,822 INFO  - Already have ACK (at simulation time 267.000,000,000 s)
2025-06-06 16:07:51,823 INFO  - Already have ACK (at simulation time 267.000,000,000 s)
2025-06-06 16:07:51,823 INFO  - Already have ACK (at simulation time 267.000,000,000 s)
2025-06-06 16:07:51,823 INFO  - Already have ACK (at simulation time 267.000,000,000 s)
2025-06-06 16:07:51,823 INFO  - Already have ACK (at simulation time 267.000,000,000 s)
2025-06-06 16:07:51,823 INFO  - Already have ACK (at simulation time 267.000,000,000 s)
2025-06-06 16:07:51,823 INFO  - Already have ACK (at simulation time 267.000,000,000 s)
2025-06-06 16:07:51,823 INFO  - Already have ACK (at simulation time 267.000,000,000 s)
2025-06-06 16:07:51,823 INFO  - Already have ACK (at simulation time 267.000,000,000 s)
2025-06-06 16:07:51,823 INFO  - Already have ACK (at simulation time 267.000,000,000 s)
2025-06-06 16:07:51,823 INFO  - Already have ACK (at simulation time 267.000,000,000 s)
2025-06-06 16:07:51,823 INFO  - Already have ACK (at simulation time 267.000,000,000 s)
2025-06-06 16:07:51,823 INFO  - Already have ACK (at simulation time 267.000,000,000 s)
2025-06-06 16:07:51,823 INFO  - Already have ACK (at simulation time 267.000,000,000 s)
2025-06-06 16:07:51,823 INFO  - Already have ACK (at simulation time 267.000,000,000 s)
2025-06-06 16:07:51,823 INFO  - Already have ACK (at simulation time 267.000,000,000 s)
2025-06-06 16:07:51,823 INFO  - Already have ACK (at simulation time 267.000,000,000 s)
2025-06-06 16:07:51,823 INFO  - Already have ACK (at simulation time 267.000,000,000 s)
2025-06-06 16:07:51,823 INFO  - Already have ACK (at simulation time 267.000,000,000 s)
2025-06-06 16:07:51,823 INFO  - Already have ACK (at simulation time 267.000,000,000 s)
2025-06-06 16:07:51,823 INFO  - Already have ACK (at simulation time 267.000,000,000 s)
2025-06-06 16:07:51,823 INFO  - Already have ACK (at simulation time 267.000,000,000 s)
2025-06-06 16:07:51,823 INFO  - Already have ACK (at simulation time 267.000,000,000 s)
2025-06-06 16:07:51,824 INFO  - Already have ACK (at simulation time 267.000,000,000 s)
2025-06-06 16:07:51,824 INFO  - Already have ACK (at simulation time 267.000,000,000 s)
2025-06-06 16:07:51,824 INFO  - Already have ACK (at simulation time 267.000,000,000 s)
2025-06-06 16:07:51,824 INFO  - Already have ACK (at simulation time 267.000,000,000 s)
2025-06-06 16:07:51,824 INFO  - Already have ACK (at simulation time 267.000,000,000 s)
2025-06-06 16:07:51,824 INFO  - Already have ACK (at simulation time 267.000,000,000 s)
2025-06-06 16:07:51,824 INFO  - Already have ACK (at simulation time 267.000,000,000 s)
2025-06-06 16:07:51,824 INFO  - Already have ACK (at simulation time 267.000,000,000 s)
2025-06-06 16:07:51,824 INFO  - Already have ACK (at simulation time 267.000,000,000 s)
2025-06-06 16:07:51,824 INFO  - Already have ACK (at simulation time 267.000,000,000 s)
2025-06-06 16:07:51,824 INFO  - Already have ACK (at simulation time 267.000,000,000 s)
2025-06-06 16:07:51,824 INFO  - Already have ACK (at simulation time 267.000,000,000 s)
2025-06-06 16:07:51,824 INFO  - Already have ACK (at simulation time 267.000,000,000 s)
2025-06-06 16:07:51,824 INFO  - Already have ACK (at simulation time 267.000,000,000 s)
2025-06-06 16:07:51,824 INFO  - Already have ACK (at simulation time 267.000,000,000 s)
2025-06-06 16:07:51,824 INFO  - Already have ACK (at simulation time 267.000,000,000 s)
2025-06-06 16:07:51,824 INFO  - Already have ACK (at simulation time 267.000,000,000 s)
2025-06-06 16:07:51,824 INFO  - Already have ACK (at simulation time 267.000,000,000 s)
2025-06-06 16:07:51,824 INFO  - Already have ACK (at simulation time 267.000,000,000 s)
2025-06-06 16:07:51,824 INFO  - Already have ACK (at simulation time 267.000,000,000 s)
2025-06-06 16:07:51,824 INFO  - Already have ACK (at simulation time 267.000,000,000 s)
2025-06-06 16:07:51,824 INFO  - Already have ACK (at simulation time 267.000,000,000 s)
2025-06-06 16:07:51,824 INFO  - Already have ACK (at simulation time 267.000,000,000 s)
2025-06-06 16:07:51,824 INFO  - Already have ACK (at simulation time 267.000,000,000 s)
2025-06-06 16:07:51,824 INFO  - Already have ACK (at simulation time 267.000,000,000 s)
2025-06-06 16:07:51,824 INFO  - Already have ACK (at simulation time 267.000,000,000 s)
2025-06-06 16:07:51,824 INFO  - Already have ACK (at simulation time 267.000,000,000 s)
2025-06-06 16:07:51,824 INFO  - Already have ACK (at simulation time 267.000,000,000 s)
2025-06-06 16:07:51,824 INFO  - Already have ACK (at simulation time 267.000,000,000 s)
2025-06-06 16:07:51,824 INFO  - Already have ACK (at simulation time 267.000,000,000 s)
2025-06-06 16:07:51,824 INFO  - Already have ACK (at simulation time 267.000,000,000 s)
2025-06-06 16:07:51,824 INFO  - Already have ACK (at simulation time 267.000,000,000 s)
2025-06-06 16:07:51,824 INFO  - Already have ACK (at simulation time 267.000,000,000 s)
2025-06-06 16:07:51,824 INFO  - Already have ACK (at simulation time 267.000,000,000 s)
2025-06-06 16:07:51,824 INFO  - Already have ACK (at simulation time 267.000,000,000 s)
2025-06-06 16:07:51,824 INFO  - Already have ACK (at simulation time 267.000,000,000 s)
2025-06-06 16:07:51,824 INFO  - Already have ACK (at simulation time 267.000,000,000 s)
2025-06-06 16:07:51,824 INFO  - Already have ACK (at simulation time 267.000,000,000 s)
2025-06-06 16:07:51,824 INFO  - Already have ACK (at simulation time 267.000,000,000 s)
2025-06-06 16:07:51,824 INFO  - Already have ACK (at simulation time 267.000,000,000 s)
2025-06-06 16:07:51,824 INFO  - Already have ACK (at simulation time 267.000,000,000 s)
2025-06-06 16:07:51,824 INFO  - Already have ACK (at simulation time 267.000,000,000 s)
2025-06-06 16:07:51,824 INFO  - Already have ACK (at simulation time 267.000,000,000 s)
2025-06-06 16:07:51,824 INFO  - Already have ACK (at simulation time 267.000,000,000 s)
2025-06-06 16:07:51,824 INFO  - Already have ACK (at simulation time 267.000,000,000 s)
2025-06-06 16:07:51,824 INFO  - Already have ACK (at simulation time 267.000,000,000 s)
2025-06-06 16:07:51,824 INFO  - Already have ACK (at simulation time 267.000,000,000 s)
2025-06-06 16:07:51,824 INFO  - Already have ACK (at simulation time 267.000,000,000 s)
2025-06-06 16:07:51,826 INFO  - Already have ACK (at simulation time 268.000,000,000 s)
2025-06-06 16:07:51,827 INFO  - Already have ACK (at simulation time 268.000,000,000 s)
2025-06-06 16:07:51,827 INFO  - Already have ACK (at simulation time 268.000,000,000 s)
2025-06-06 16:07:51,827 INFO  - Already have ACK (at simulation time 268.000,000,000 s)
2025-06-06 16:07:51,827 INFO  - Already have ACK (at simulation time 268.000,000,000 s)
2025-06-06 16:07:51,827 INFO  - Already have ACK (at simulation time 268.000,000,000 s)
2025-06-06 16:07:51,827 INFO  - Already have ACK (at simulation time 268.000,000,000 s)
2025-06-06 16:07:51,827 INFO  - Already have ACK (at simulation time 268.000,000,000 s)
2025-06-06 16:07:51,827 INFO  - Already have ACK (at simulation time 268.000,000,000 s)
2025-06-06 16:07:51,827 INFO  - Already have ACK (at simulation time 268.000,000,000 s)
2025-06-06 16:07:51,827 INFO  - Already have ACK (at simulation time 268.000,000,000 s)
2025-06-06 16:07:51,827 INFO  - Already have ACK (at simulation time 268.000,000,000 s)
2025-06-06 16:07:51,827 INFO  - Already have ACK (at simulation time 268.000,000,000 s)
2025-06-06 16:07:51,827 INFO  - Already have ACK (at simulation time 268.000,000,000 s)
2025-06-06 16:07:51,827 INFO  - Already have ACK (at simulation time 268.000,000,000 s)
2025-06-06 16:07:51,827 INFO  - Already have ACK (at simulation time 268.000,000,000 s)
2025-06-06 16:07:51,828 INFO  - Already have ACK (at simulation time 268.000,000,000 s)
2025-06-06 16:07:51,828 INFO  - Already have ACK (at simulation time 268.000,000,000 s)
2025-06-06 16:07:51,828 INFO  - Already have ACK (at simulation time 268.000,000,000 s)
2025-06-06 16:07:51,828 INFO  - Already have ACK (at simulation time 268.000,000,000 s)
2025-06-06 16:07:51,828 INFO  - Already have ACK (at simulation time 268.000,000,000 s)
2025-06-06 16:07:51,828 INFO  - Already have ACK (at simulation time 268.000,000,000 s)
2025-06-06 16:07:51,828 INFO  - Already have ACK (at simulation time 268.000,000,000 s)
2025-06-06 16:07:51,828 INFO  - Already have ACK (at simulation time 268.000,000,000 s)
2025-06-06 16:07:51,828 INFO  - Already have ACK (at simulation time 268.000,000,000 s)
2025-06-06 16:07:51,828 INFO  - Already have ACK (at simulation time 268.000,000,000 s)
2025-06-06 16:07:51,828 INFO  - Already have ACK (at simulation time 268.000,000,000 s)
2025-06-06 16:07:51,828 INFO  - Already have ACK (at simulation time 268.000,000,000 s)
2025-06-06 16:07:51,828 INFO  - Already have ACK (at simulation time 268.000,000,000 s)
2025-06-06 16:07:51,828 INFO  - Already have ACK (at simulation time 268.000,000,000 s)
2025-06-06 16:07:51,828 INFO  - Already have ACK (at simulation time 268.000,000,000 s)
2025-06-06 16:07:51,828 INFO  - Already have ACK (at simulation time 268.000,000,000 s)
2025-06-06 16:07:51,828 INFO  - Already have ACK (at simulation time 268.000,000,000 s)
2025-06-06 16:07:51,828 INFO  - Already have ACK (at simulation time 268.000,000,000 s)
2025-06-06 16:07:51,828 INFO  - Already have ACK (at simulation time 268.000,000,000 s)
2025-06-06 16:07:51,828 INFO  - Already have ACK (at simulation time 268.000,000,000 s)
2025-06-06 16:07:51,828 INFO  - Already have ACK (at simulation time 268.000,000,000 s)
2025-06-06 16:07:51,828 INFO  - Already have ACK (at simulation time 268.000,000,000 s)
2025-06-06 16:07:51,829 INFO  - Already have ACK (at simulation time 268.000,000,000 s)
2025-06-06 16:07:51,829 INFO  - Already have ACK (at simulation time 268.000,000,000 s)
2025-06-06 16:07:51,829 INFO  - Already have ACK (at simulation time 268.000,000,000 s)
2025-06-06 16:07:51,829 INFO  - Already have ACK (at simulation time 268.000,000,000 s)
2025-06-06 16:07:51,829 INFO  - Already have ACK (at simulation time 268.000,000,000 s)
2025-06-06 16:07:51,829 INFO  - Already have ACK (at simulation time 268.000,000,000 s)
2025-06-06 16:07:51,829 INFO  - Already have ACK (at simulation time 268.000,000,000 s)
2025-06-06 16:07:51,829 INFO  - Already have ACK (at simulation time 268.000,000,000 s)
2025-06-06 16:07:51,829 INFO  - Already have ACK (at simulation time 268.000,000,000 s)
2025-06-06 16:07:51,829 INFO  - Already have ACK (at simulation time 268.000,000,000 s)
2025-06-06 16:07:51,829 INFO  - Already have ACK (at simulation time 268.000,000,000 s)
2025-06-06 16:07:51,829 INFO  - Already have ACK (at simulation time 268.000,000,000 s)
2025-06-06 16:07:51,829 INFO  - Already have ACK (at simulation time 268.000,000,000 s)
2025-06-06 16:07:51,829 INFO  - Already have ACK (at simulation time 268.000,000,000 s)
2025-06-06 16:07:51,829 INFO  - Already have ACK (at simulation time 268.000,000,000 s)
2025-06-06 16:07:51,829 INFO  - Already have ACK (at simulation time 268.000,000,000 s)
2025-06-06 16:07:51,829 INFO  - Already have ACK (at simulation time 268.000,000,000 s)
2025-06-06 16:07:51,829 INFO  - Already have ACK (at simulation time 268.000,000,000 s)
2025-06-06 16:07:51,829 INFO  - Already have ACK (at simulation time 268.000,000,000 s)
2025-06-06 16:07:51,829 INFO  - Already have ACK (at simulation time 268.000,000,000 s)
2025-06-06 16:07:51,829 INFO  - Already have ACK (at simulation time 268.000,000,000 s)
2025-06-06 16:07:51,829 INFO  - Already have ACK (at simulation time 268.000,000,000 s)
2025-06-06 16:07:51,829 INFO  - Already have ACK (at simulation time 268.000,000,000 s)
2025-06-06 16:07:51,829 INFO  - Already have ACK (at simulation time 268.000,000,000 s)
2025-06-06 16:07:51,829 INFO  - Already have ACK (at simulation time 268.000,000,000 s)
2025-06-06 16:07:51,829 INFO  - Already have ACK (at simulation time 268.000,000,000 s)
2025-06-06 16:07:51,829 INFO  - Already have ACK (at simulation time 268.000,000,000 s)
2025-06-06 16:07:51,829 INFO  - Already have ACK (at simulation time 268.000,000,000 s)
2025-06-06 16:07:51,829 INFO  - Already have ACK (at simulation time 268.000,000,000 s)
2025-06-06 16:07:51,829 INFO  - Already have ACK (at simulation time 268.000,000,000 s)
2025-06-06 16:07:51,829 INFO  - Already have ACK (at simulation time 268.000,000,000 s)
2025-06-06 16:07:51,829 INFO  - Already have ACK (at simulation time 268.000,000,000 s)
2025-06-06 16:07:51,829 INFO  - Already have ACK (at simulation time 268.000,000,000 s)
2025-06-06 16:07:51,829 INFO  - Already have ACK (at simulation time 268.000,000,000 s)
2025-06-06 16:07:51,829 INFO  - Already have ACK (at simulation time 268.000,000,000 s)
2025-06-06 16:07:51,829 INFO  - Already have ACK (at simulation time 268.000,000,000 s)
2025-06-06 16:07:51,829 INFO  - Already have ACK (at simulation time 268.000,000,000 s)
2025-06-06 16:07:51,829 INFO  - Already have ACK (at simulation time 268.000,000,000 s)
2025-06-06 16:07:51,829 INFO  - Already have ACK (at simulation time 268.000,000,000 s)
2025-06-06 16:07:51,829 INFO  - Already have ACK (at simulation time 268.000,000,000 s)
2025-06-06 16:07:51,829 INFO  - Already have ACK (at simulation time 268.000,000,000 s)
2025-06-06 16:07:51,829 INFO  - Already have ACK (at simulation time 268.000,000,000 s)
2025-06-06 16:07:51,829 INFO  - Already have ACK (at simulation time 268.000,000,000 s)
2025-06-06 16:07:51,829 INFO  - Already have ACK (at simulation time 268.000,000,000 s)
2025-06-06 16:07:51,829 INFO  - Already have ACK (at simulation time 268.000,000,000 s)
2025-06-06 16:07:51,830 INFO  - Already have ACK (at simulation time 268.000,000,000 s)
2025-06-06 16:07:51,830 INFO  - Already have ACK (at simulation time 268.000,000,000 s)
2025-06-06 16:07:51,830 INFO  - Already have ACK (at simulation time 268.000,000,000 s)
2025-06-06 16:07:51,830 INFO  - Already have ACK (at simulation time 268.000,000,000 s)
2025-06-06 16:07:51,830 INFO  - Already have ACK (at simulation time 268.000,000,000 s)
2025-06-06 16:07:51,831 INFO  - Already have ACK (at simulation time 269.000,000,000 s)
2025-06-06 16:07:51,831 INFO  - Already have ACK (at simulation time 269.000,000,000 s)
2025-06-06 16:07:51,831 INFO  - Already have ACK (at simulation time 269.000,000,000 s)
2025-06-06 16:07:51,831 INFO  - Already have ACK (at simulation time 269.000,000,000 s)
2025-06-06 16:07:51,831 INFO  - Already have ACK (at simulation time 269.000,000,000 s)
2025-06-06 16:07:51,831 INFO  - Already have ACK (at simulation time 269.000,000,000 s)
2025-06-06 16:07:51,831 INFO  - Already have ACK (at simulation time 269.000,000,000 s)
2025-06-06 16:07:51,831 INFO  - Already have ACK (at simulation time 269.000,000,000 s)
2025-06-06 16:07:51,831 INFO  - Already have ACK (at simulation time 269.000,000,000 s)
2025-06-06 16:07:51,831 INFO  - Already have ACK (at simulation time 269.000,000,000 s)
2025-06-06 16:07:51,831 INFO  - Already have ACK (at simulation time 269.000,000,000 s)
2025-06-06 16:07:51,832 INFO  - Already have ACK (at simulation time 269.000,000,000 s)
2025-06-06 16:07:51,832 INFO  - Already have ACK (at simulation time 269.000,000,000 s)
2025-06-06 16:07:51,832 INFO  - Already have ACK (at simulation time 269.000,000,000 s)
2025-06-06 16:07:51,832 INFO  - Already have ACK (at simulation time 269.000,000,000 s)
2025-06-06 16:07:51,832 INFO  - Already have ACK (at simulation time 269.000,000,000 s)
2025-06-06 16:07:51,832 INFO  - Already have ACK (at simulation time 269.000,000,000 s)
2025-06-06 16:07:51,832 INFO  - Already have ACK (at simulation time 269.000,000,000 s)
2025-06-06 16:07:51,832 INFO  - Already have ACK (at simulation time 269.000,000,000 s)
2025-06-06 16:07:51,832 INFO  - Already have ACK (at simulation time 269.000,000,000 s)
2025-06-06 16:07:51,832 INFO  - Already have ACK (at simulation time 269.000,000,000 s)
2025-06-06 16:07:51,832 INFO  - Already have ACK (at simulation time 269.000,000,000 s)
2025-06-06 16:07:51,832 INFO  - Already have ACK (at simulation time 269.000,000,000 s)
2025-06-06 16:07:51,832 INFO  - Already have ACK (at simulation time 269.000,000,000 s)
2025-06-06 16:07:51,832 INFO  - Already have ACK (at simulation time 269.000,000,000 s)
2025-06-06 16:07:51,832 INFO  - Already have ACK (at simulation time 269.000,000,000 s)
2025-06-06 16:07:51,832 INFO  - Already have ACK (at simulation time 269.000,000,000 s)
2025-06-06 16:07:51,832 INFO  - Already have ACK (at simulation time 269.000,000,000 s)
2025-06-06 16:07:51,832 INFO  - Already have ACK (at simulation time 269.000,000,000 s)
2025-06-06 16:07:51,832 INFO  - Already have ACK (at simulation time 269.000,000,000 s)
2025-06-06 16:07:51,832 INFO  - Already have ACK (at simulation time 269.000,000,000 s)
2025-06-06 16:07:51,832 INFO  - Already have ACK (at simulation time 269.000,000,000 s)
2025-06-06 16:07:51,833 INFO  - Already have ACK (at simulation time 269.000,000,000 s)
2025-06-06 16:07:51,833 INFO  - Already have ACK (at simulation time 269.000,000,000 s)
2025-06-06 16:07:51,833 INFO  - Already have ACK (at simulation time 269.000,000,000 s)
2025-06-06 16:07:51,833 INFO  - Already have ACK (at simulation time 269.000,000,000 s)
2025-06-06 16:07:51,833 INFO  - Already have ACK (at simulation time 269.000,000,000 s)
2025-06-06 16:07:51,833 INFO  - Already have ACK (at simulation time 269.000,000,000 s)
2025-06-06 16:07:51,833 INFO  - Already have ACK (at simulation time 269.000,000,000 s)
2025-06-06 16:07:51,833 INFO  - Already have ACK (at simulation time 269.000,000,000 s)
2025-06-06 16:07:51,833 INFO  - Already have ACK (at simulation time 269.000,000,000 s)
2025-06-06 16:07:51,833 INFO  - Already have ACK (at simulation time 269.000,000,000 s)
2025-06-06 16:07:51,833 INFO  - Already have ACK (at simulation time 269.000,000,000 s)
2025-06-06 16:07:51,833 INFO  - Already have ACK (at simulation time 269.000,000,000 s)
2025-06-06 16:07:51,833 INFO  - Already have ACK (at simulation time 269.000,000,000 s)
2025-06-06 16:07:51,833 INFO  - Already have ACK (at simulation time 269.000,000,000 s)
2025-06-06 16:07:51,833 INFO  - Already have ACK (at simulation time 269.000,000,000 s)
2025-06-06 16:07:51,833 INFO  - Already have ACK (at simulation time 269.000,000,000 s)
2025-06-06 16:07:51,833 INFO  - Already have ACK (at simulation time 269.000,000,000 s)
2025-06-06 16:07:51,833 INFO  - Already have ACK (at simulation time 269.000,000,000 s)
2025-06-06 16:07:51,833 INFO  - Already have ACK (at simulation time 269.000,000,000 s)
2025-06-06 16:07:51,833 INFO  - Already have ACK (at simulation time 269.000,000,000 s)
2025-06-06 16:07:51,833 INFO  - Already have ACK (at simulation time 269.000,000,000 s)
2025-06-06 16:07:51,833 INFO  - Already have ACK (at simulation time 269.000,000,000 s)
2025-06-06 16:07:51,833 INFO  - Already have ACK (at simulation time 269.000,000,000 s)
2025-06-06 16:07:51,833 INFO  - Already have ACK (at simulation time 269.000,000,000 s)
2025-06-06 16:07:51,833 INFO  - Already have ACK (at simulation time 269.000,000,000 s)
2025-06-06 16:07:51,833 INFO  - Already have ACK (at simulation time 269.000,000,000 s)
2025-06-06 16:07:51,833 INFO  - Already have ACK (at simulation time 269.000,000,000 s)
2025-06-06 16:07:51,833 INFO  - Already have ACK (at simulation time 269.000,000,000 s)
2025-06-06 16:07:51,833 INFO  - Already have ACK (at simulation time 269.000,000,000 s)
2025-06-06 16:07:51,833 INFO  - Already have ACK (at simulation time 269.000,000,000 s)
2025-06-06 16:07:51,833 INFO  - Already have ACK (at simulation time 269.000,000,000 s)
2025-06-06 16:07:51,833 INFO  - Already have ACK (at simulation time 269.000,000,000 s)
2025-06-06 16:07:51,833 INFO  - Already have ACK (at simulation time 269.000,000,000 s)
2025-06-06 16:07:51,833 INFO  - Already have ACK (at simulation time 269.000,000,000 s)
2025-06-06 16:07:51,833 INFO  - Already have ACK (at simulation time 269.000,000,000 s)
2025-06-06 16:07:51,833 INFO  - Already have ACK (at simulation time 269.000,000,000 s)
2025-06-06 16:07:51,833 INFO  - Already have ACK (at simulation time 269.000,000,000 s)
2025-06-06 16:07:51,833 INFO  - Already have ACK (at simulation time 269.000,000,000 s)
2025-06-06 16:07:51,833 INFO  - Already have ACK (at simulation time 269.000,000,000 s)
2025-06-06 16:07:51,833 INFO  - Already have ACK (at simulation time 269.000,000,000 s)
2025-06-06 16:07:51,833 INFO  - Already have ACK (at simulation time 269.000,000,000 s)
2025-06-06 16:07:51,833 INFO  - Already have ACK (at simulation time 269.000,000,000 s)
2025-06-06 16:07:51,834 INFO  - Already have ACK (at simulation time 269.000,000,000 s)
2025-06-06 16:07:51,834 INFO  - Already have ACK (at simulation time 269.000,000,000 s)
2025-06-06 16:07:51,834 INFO  - Already have ACK (at simulation time 269.000,000,000 s)
2025-06-06 16:07:51,834 INFO  - Already have ACK (at simulation time 269.000,000,000 s)
2025-06-06 16:07:51,834 INFO  - Already have ACK (at simulation time 269.000,000,000 s)
2025-06-06 16:07:51,834 INFO  - Already have ACK (at simulation time 269.000,000,000 s)
2025-06-06 16:07:51,834 INFO  - Already have ACK (at simulation time 269.000,000,000 s)
2025-06-06 16:07:51,834 INFO  - Already have ACK (at simulation time 269.000,000,000 s)
2025-06-06 16:07:51,834 INFO  - Already have ACK (at simulation time 269.000,000,000 s)
2025-06-06 16:07:51,834 INFO  - Already have ACK (at simulation time 269.000,000,000 s)
2025-06-06 16:07:51,834 INFO  - Already have ACK (at simulation time 269.000,000,000 s)
2025-06-06 16:07:51,834 INFO  - Already have ACK (at simulation time 269.000,000,000 s)
2025-06-06 16:07:51,834 INFO  - Already have ACK (at simulation time 269.000,000,000 s)
2025-06-06 16:07:51,834 INFO  - Already have ACK (at simulation time 269.000,000,000 s)
2025-06-06 16:07:51,834 INFO  - Already have ACK (at simulation time 269.000,000,000 s)
2025-06-06 16:07:51,835 INFO  - Already have ACK (at simulation time 270.000,000,000 s)
2025-06-06 16:07:51,835 INFO  - Already have ACK (at simulation time 270.000,000,000 s)
2025-06-06 16:07:51,835 INFO  - Already have ACK (at simulation time 270.000,000,000 s)
2025-06-06 16:07:51,835 INFO  - Already have ACK (at simulation time 270.000,000,000 s)
2025-06-06 16:07:51,835 INFO  - Already have ACK (at simulation time 270.000,000,000 s)
2025-06-06 16:07:51,835 INFO  - Already have ACK (at simulation time 270.000,000,000 s)
2025-06-06 16:07:51,835 INFO  - Already have ACK (at simulation time 270.000,000,000 s)
2025-06-06 16:07:51,836 INFO  - Already have ACK (at simulation time 270.000,000,000 s)
2025-06-06 16:07:51,836 INFO  - Already have ACK (at simulation time 270.000,000,000 s)
2025-06-06 16:07:51,836 INFO  - Already have ACK (at simulation time 270.000,000,000 s)
2025-06-06 16:07:51,836 INFO  - Already have ACK (at simulation time 270.000,000,000 s)
2025-06-06 16:07:51,836 INFO  - Already have ACK (at simulation time 270.000,000,000 s)
2025-06-06 16:07:51,836 INFO  - Already have ACK (at simulation time 270.000,000,000 s)
2025-06-06 16:07:51,836 INFO  - Already have ACK (at simulation time 270.000,000,000 s)
2025-06-06 16:07:51,836 INFO  - Already have ACK (at simulation time 270.000,000,000 s)
2025-06-06 16:07:51,836 INFO  - Already have ACK (at simulation time 270.000,000,000 s)
2025-06-06 16:07:51,836 INFO  - Already have ACK (at simulation time 270.000,000,000 s)
2025-06-06 16:07:51,836 INFO  - Already have ACK (at simulation time 270.000,000,000 s)
2025-06-06 16:07:51,836 INFO  - Already have ACK (at simulation time 270.000,000,000 s)
2025-06-06 16:07:51,836 INFO  - Already have ACK (at simulation time 270.000,000,000 s)
2025-06-06 16:07:51,836 INFO  - Already have ACK (at simulation time 270.000,000,000 s)
2025-06-06 16:07:51,836 INFO  - Already have ACK (at simulation time 270.000,000,000 s)
2025-06-06 16:07:51,836 INFO  - Already have ACK (at simulation time 270.000,000,000 s)
2025-06-06 16:07:51,836 INFO  - Already have ACK (at simulation time 270.000,000,000 s)
2025-06-06 16:07:51,836 INFO  - Already have ACK (at simulation time 270.000,000,000 s)
2025-06-06 16:07:51,836 INFO  - Already have ACK (at simulation time 270.000,000,000 s)
2025-06-06 16:07:51,836 INFO  - Already have ACK (at simulation time 270.000,000,000 s)
2025-06-06 16:07:51,837 INFO  - Already have ACK (at simulation time 270.000,000,000 s)
2025-06-06 16:07:51,837 INFO  - Already have ACK (at simulation time 270.000,000,000 s)
2025-06-06 16:07:51,837 INFO  - Already have ACK (at simulation time 270.000,000,000 s)
2025-06-06 16:07:51,837 INFO  - Already have ACK (at simulation time 270.000,000,000 s)
2025-06-06 16:07:51,837 INFO  - Already have ACK (at simulation time 270.000,000,000 s)
2025-06-06 16:07:51,837 INFO  - Already have ACK (at simulation time 270.000,000,000 s)
2025-06-06 16:07:51,837 INFO  - Already have ACK (at simulation time 270.000,000,000 s)
2025-06-06 16:07:51,837 INFO  - Already have ACK (at simulation time 270.000,000,000 s)
2025-06-06 16:07:51,837 INFO  - Already have ACK (at simulation time 270.000,000,000 s)
2025-06-06 16:07:51,837 INFO  - Already have ACK (at simulation time 270.000,000,000 s)
2025-06-06 16:07:51,837 INFO  - Already have ACK (at simulation time 270.000,000,000 s)
2025-06-06 16:07:51,837 INFO  - Already have ACK (at simulation time 270.000,000,000 s)
2025-06-06 16:07:51,837 INFO  - Already have ACK (at simulation time 270.000,000,000 s)
2025-06-06 16:07:51,837 INFO  - Already have ACK (at simulation time 270.000,000,000 s)
2025-06-06 16:07:51,837 INFO  - Already have ACK (at simulation time 270.000,000,000 s)
2025-06-06 16:07:51,837 INFO  - Already have ACK (at simulation time 270.000,000,000 s)
2025-06-06 16:07:51,837 INFO  - Already have ACK (at simulation time 270.000,000,000 s)
2025-06-06 16:07:51,837 INFO  - Already have ACK (at simulation time 270.000,000,000 s)
2025-06-06 16:07:51,837 INFO  - Already have ACK (at simulation time 270.000,000,000 s)
2025-06-06 16:07:51,837 INFO  - Already have ACK (at simulation time 270.000,000,000 s)
2025-06-06 16:07:51,837 INFO  - Already have ACK (at simulation time 270.000,000,000 s)
2025-06-06 16:07:51,837 INFO  - Already have ACK (at simulation time 270.000,000,000 s)
2025-06-06 16:07:51,837 INFO  - Already have ACK (at simulation time 270.000,000,000 s)
2025-06-06 16:07:51,837 INFO  - Already have ACK (at simulation time 270.000,000,000 s)
2025-06-06 16:07:51,837 INFO  - Already have ACK (at simulation time 270.000,000,000 s)
2025-06-06 16:07:51,837 INFO  - Already have ACK (at simulation time 270.000,000,000 s)
2025-06-06 16:07:51,837 INFO  - Already have ACK (at simulation time 270.000,000,000 s)
2025-06-06 16:07:51,837 INFO  - Already have ACK (at simulation time 270.000,000,000 s)
2025-06-06 16:07:51,837 INFO  - Already have ACK (at simulation time 270.000,000,000 s)
2025-06-06 16:07:51,837 INFO  - Already have ACK (at simulation time 270.000,000,000 s)
2025-06-06 16:07:51,837 INFO  - Already have ACK (at simulation time 270.000,000,000 s)
2025-06-06 16:07:51,837 INFO  - Already have ACK (at simulation time 270.000,000,000 s)
2025-06-06 16:07:51,837 INFO  - Already have ACK (at simulation time 270.000,000,000 s)
2025-06-06 16:07:51,837 INFO  - Already have ACK (at simulation time 270.000,000,000 s)
2025-06-06 16:07:51,838 INFO  - Already have ACK (at simulation time 270.000,000,000 s)
2025-06-06 16:07:51,838 INFO  - Already have ACK (at simulation time 270.000,000,000 s)
2025-06-06 16:07:51,838 INFO  - Already have ACK (at simulation time 270.000,000,000 s)
2025-06-06 16:07:51,838 INFO  - Already have ACK (at simulation time 270.000,000,000 s)
2025-06-06 16:07:51,838 INFO  - Already have ACK (at simulation time 270.000,000,000 s)
2025-06-06 16:07:51,838 INFO  - Already have ACK (at simulation time 270.000,000,000 s)
2025-06-06 16:07:51,838 INFO  - Already have ACK (at simulation time 270.000,000,000 s)
2025-06-06 16:07:51,838 INFO  - Already have ACK (at simulation time 270.000,000,000 s)
2025-06-06 16:07:51,838 INFO  - Already have ACK (at simulation time 270.000,000,000 s)
2025-06-06 16:07:51,838 INFO  - Already have ACK (at simulation time 270.000,000,000 s)
2025-06-06 16:07:51,838 INFO  - Already have ACK (at simulation time 270.000,000,000 s)
2025-06-06 16:07:51,838 INFO  - Already have ACK (at simulation time 270.000,000,000 s)
2025-06-06 16:07:51,838 INFO  - Already have ACK (at simulation time 270.000,000,000 s)
2025-06-06 16:07:51,838 INFO  - Already have ACK (at simulation time 270.000,000,000 s)
2025-06-06 16:07:51,838 INFO  - Already have ACK (at simulation time 270.000,000,000 s)
2025-06-06 16:07:51,838 INFO  - Already have ACK (at simulation time 270.000,000,000 s)
2025-06-06 16:07:51,838 INFO  - Already have ACK (at simulation time 270.000,000,000 s)
2025-06-06 16:07:51,838 INFO  - Already have ACK (at simulation time 270.000,000,000 s)
2025-06-06 16:07:51,838 INFO  - Already have ACK (at simulation time 270.000,000,000 s)
2025-06-06 16:07:51,838 INFO  - Already have ACK (at simulation time 270.000,000,000 s)
2025-06-06 16:07:51,838 INFO  - Already have ACK (at simulation time 270.000,000,000 s)
2025-06-06 16:07:51,838 INFO  - Already have ACK (at simulation time 270.000,000,000 s)
2025-06-06 16:07:51,838 INFO  - Already have ACK (at simulation time 270.000,000,000 s)
2025-06-06 16:07:51,838 INFO  - Already have ACK (at simulation time 270.000,000,000 s)
2025-06-06 16:07:51,838 INFO  - Already have ACK (at simulation time 270.000,000,000 s)
2025-06-06 16:07:51,838 INFO  - Already have ACK (at simulation time 270.000,000,000 s)
2025-06-06 16:07:51,838 INFO  - Already have ACK (at simulation time 270.000,000,000 s)
2025-06-06 16:07:51,838 INFO  - Already have ACK (at simulation time 270.000,000,000 s)
2025-06-06 16:07:51,838 INFO  - Already have ACK (at simulation time 270.000,000,000 s)
2025-06-06 16:07:51,838 INFO  - Received metrics from FogNode: avgR0=1.4444444444444444, avgR1=2.037037037037037 (at simulation time 270.002,300,000 s)
2025-06-06 16:07:51,839 INFO  - Sent periodic GreenWaveMsg: veh_34 on route r_0 (at simulation time 271.000,000,000 s)
2025-06-06 16:07:51,839 INFO  - Already have ACK (at simulation time 271.000,000,000 s)
2025-06-06 16:07:51,840 INFO  - Already have ACK (at simulation time 271.000,000,000 s)
2025-06-06 16:07:51,840 INFO  - Already have ACK (at simulation time 271.000,000,000 s)
2025-06-06 16:07:51,840 INFO  - Already have ACK (at simulation time 271.000,000,000 s)
2025-06-06 16:07:51,840 INFO  - Already have ACK (at simulation time 271.000,000,000 s)
2025-06-06 16:07:51,840 INFO  - Already have ACK (at simulation time 271.000,000,000 s)
2025-06-06 16:07:51,840 INFO  - Already have ACK (at simulation time 271.000,000,000 s)
2025-06-06 16:07:51,840 INFO  - Already have ACK (at simulation time 271.000,000,000 s)
2025-06-06 16:07:51,840 INFO  - Already have ACK (at simulation time 271.000,000,000 s)
2025-06-06 16:07:51,840 INFO  - Already have ACK (at simulation time 271.000,000,000 s)
2025-06-06 16:07:51,840 INFO  - Already have ACK (at simulation time 271.000,000,000 s)
2025-06-06 16:07:51,840 INFO  - Already have ACK (at simulation time 271.000,000,000 s)
2025-06-06 16:07:51,840 INFO  - Already have ACK (at simulation time 271.000,000,000 s)
2025-06-06 16:07:51,840 INFO  - Already have ACK (at simulation time 271.000,000,000 s)
2025-06-06 16:07:51,840 INFO  - Already have ACK (at simulation time 271.000,000,000 s)
2025-06-06 16:07:51,840 INFO  - Already have ACK (at simulation time 271.000,000,000 s)
2025-06-06 16:07:51,840 INFO  - Already have ACK (at simulation time 271.000,000,000 s)
2025-06-06 16:07:51,840 INFO  - Already have ACK (at simulation time 271.000,000,000 s)
2025-06-06 16:07:51,841 INFO  - Already have ACK (at simulation time 271.000,000,000 s)
2025-06-06 16:07:51,841 INFO  - Already have ACK (at simulation time 271.000,000,000 s)
2025-06-06 16:07:51,841 INFO  - Already have ACK (at simulation time 271.000,000,000 s)
2025-06-06 16:07:51,841 INFO  - Already have ACK (at simulation time 271.000,000,000 s)
2025-06-06 16:07:51,841 INFO  - Already have ACK (at simulation time 271.000,000,000 s)
2025-06-06 16:07:51,841 INFO  - Already have ACK (at simulation time 271.000,000,000 s)
2025-06-06 16:07:51,841 INFO  - Already have ACK (at simulation time 271.000,000,000 s)
2025-06-06 16:07:51,841 INFO  - Already have ACK (at simulation time 271.000,000,000 s)
2025-06-06 16:07:51,841 INFO  - Already have ACK (at simulation time 271.000,000,000 s)
2025-06-06 16:07:51,841 INFO  - Already have ACK (at simulation time 271.000,000,000 s)
2025-06-06 16:07:51,841 INFO  - Already have ACK (at simulation time 271.000,000,000 s)
2025-06-06 16:07:51,841 INFO  - Already have ACK (at simulation time 271.000,000,000 s)
2025-06-06 16:07:51,841 INFO  - Already have ACK (at simulation time 271.000,000,000 s)
2025-06-06 16:07:51,841 INFO  - Already have ACK (at simulation time 271.000,000,000 s)
2025-06-06 16:07:51,841 INFO  - Already have ACK (at simulation time 271.000,000,000 s)
2025-06-06 16:07:51,841 INFO  - Already have ACK (at simulation time 271.000,000,000 s)
2025-06-06 16:07:51,841 INFO  - Already have ACK (at simulation time 271.000,000,000 s)
2025-06-06 16:07:51,841 INFO  - Already have ACK (at simulation time 271.000,000,000 s)
2025-06-06 16:07:51,841 INFO  - Already have ACK (at simulation time 271.000,000,000 s)
2025-06-06 16:07:51,841 INFO  - Already have ACK (at simulation time 271.000,000,000 s)
2025-06-06 16:07:51,841 INFO  - Already have ACK (at simulation time 271.000,000,000 s)
2025-06-06 16:07:51,841 INFO  - Already have ACK (at simulation time 271.000,000,000 s)
2025-06-06 16:07:51,841 INFO  - Already have ACK (at simulation time 271.000,000,000 s)
2025-06-06 16:07:51,842 INFO  - Already have ACK (at simulation time 271.000,000,000 s)
2025-06-06 16:07:51,842 INFO  - Already have ACK (at simulation time 271.000,000,000 s)
2025-06-06 16:07:51,842 INFO  - Already have ACK (at simulation time 271.000,000,000 s)
2025-06-06 16:07:51,842 INFO  - Already have ACK (at simulation time 271.000,000,000 s)
2025-06-06 16:07:51,842 INFO  - Already have ACK (at simulation time 271.000,000,000 s)
2025-06-06 16:07:51,842 INFO  - Already have ACK (at simulation time 271.000,000,000 s)
2025-06-06 16:07:51,842 INFO  - Already have ACK (at simulation time 271.000,000,000 s)
2025-06-06 16:07:51,842 INFO  - Already have ACK (at simulation time 271.000,000,000 s)
2025-06-06 16:07:51,842 INFO  - Already have ACK (at simulation time 271.000,000,000 s)
2025-06-06 16:07:51,842 INFO  - Already have ACK (at simulation time 271.000,000,000 s)
2025-06-06 16:07:51,842 INFO  - Already have ACK (at simulation time 271.000,000,000 s)
2025-06-06 16:07:51,842 INFO  - Already have ACK (at simulation time 271.000,000,000 s)
2025-06-06 16:07:51,842 INFO  - Already have ACK (at simulation time 271.000,000,000 s)
2025-06-06 16:07:51,842 INFO  - Already have ACK (at simulation time 271.000,000,000 s)
2025-06-06 16:07:51,842 INFO  - Already have ACK (at simulation time 271.000,000,000 s)
2025-06-06 16:07:51,842 INFO  - Already have ACK (at simulation time 271.000,000,000 s)
2025-06-06 16:07:51,842 INFO  - Already have ACK (at simulation time 271.000,000,000 s)
2025-06-06 16:07:51,842 INFO  - Already have ACK (at simulation time 271.000,000,000 s)
2025-06-06 16:07:51,842 INFO  - Already have ACK (at simulation time 271.000,000,000 s)
2025-06-06 16:07:51,842 INFO  - Already have ACK (at simulation time 271.000,000,000 s)
2025-06-06 16:07:51,842 INFO  - Already have ACK (at simulation time 271.000,000,000 s)
2025-06-06 16:07:51,842 INFO  - Already have ACK (at simulation time 271.000,000,000 s)
2025-06-06 16:07:51,842 INFO  - Already have ACK (at simulation time 271.000,000,000 s)
2025-06-06 16:07:51,842 INFO  - Already have ACK (at simulation time 271.000,000,000 s)
2025-06-06 16:07:51,842 INFO  - Already have ACK (at simulation time 271.000,000,000 s)
2025-06-06 16:07:51,842 INFO  - Already have ACK (at simulation time 271.000,000,000 s)
2025-06-06 16:07:51,842 INFO  - Already have ACK (at simulation time 271.000,000,000 s)
2025-06-06 16:07:51,842 INFO  - Already have ACK (at simulation time 271.000,000,000 s)
2025-06-06 16:07:51,842 INFO  - Already have ACK (at simulation time 271.000,000,000 s)
2025-06-06 16:07:51,842 INFO  - Already have ACK (at simulation time 271.000,000,000 s)
2025-06-06 16:07:51,842 INFO  - Already have ACK (at simulation time 271.000,000,000 s)
2025-06-06 16:07:51,842 INFO  - Already have ACK (at simulation time 271.000,000,000 s)
2025-06-06 16:07:51,842 INFO  - Already have ACK (at simulation time 271.000,000,000 s)
2025-06-06 16:07:51,842 INFO  - Already have ACK (at simulation time 271.000,000,000 s)
2025-06-06 16:07:51,842 INFO  - Already have ACK (at simulation time 271.000,000,000 s)
2025-06-06 16:07:51,842 INFO  - Already have ACK (at simulation time 271.000,000,000 s)
2025-06-06 16:07:51,842 INFO  - Already have ACK (at simulation time 271.000,000,000 s)
2025-06-06 16:07:51,842 INFO  - Already have ACK (at simulation time 271.000,000,000 s)
2025-06-06 16:07:51,842 INFO  - Already have ACK (at simulation time 271.000,000,000 s)
2025-06-06 16:07:51,842 INFO  - Already have ACK (at simulation time 271.000,000,000 s)
2025-06-06 16:07:51,842 INFO  - Already have ACK (at simulation time 271.000,000,000 s)
2025-06-06 16:07:51,842 INFO  - Already have ACK (at simulation time 271.000,000,000 s)
2025-06-06 16:07:51,842 INFO  - Already have ACK (at simulation time 271.000,000,000 s)
2025-06-06 16:07:51,842 INFO  - Already have ACK (at simulation time 271.000,000,000 s)
2025-06-06 16:07:51,842 INFO  - Already have ACK (at simulation time 271.000,000,000 s)
2025-06-06 16:07:51,842 INFO  - Already have ACK (at simulation time 271.000,000,000 s)
2025-06-06 16:07:51,842 INFO  - Already have ACK (at simulation time 271.000,000,000 s)
2025-06-06 16:07:51,842 INFO  - Already have ACK (at simulation time 271.000,000,000 s)
2025-06-06 16:07:51,842 INFO  - Already have ACK (at simulation time 271.000,000,000 s)
2025-06-06 16:07:51,842 INFO  - Already have ACK (at simulation time 271.000,000,000 s)
2025-06-06 16:07:51,844 INFO  - Already have ACK (at simulation time 272.000,000,000 s)
2025-06-06 16:07:51,844 INFO  - Already have ACK (at simulation time 272.000,000,000 s)
2025-06-06 16:07:51,844 INFO  - Already have ACK (at simulation time 272.000,000,000 s)
2025-06-06 16:07:51,844 INFO  - Already have ACK (at simulation time 272.000,000,000 s)
2025-06-06 16:07:51,844 INFO  - Already have ACK (at simulation time 272.000,000,000 s)
2025-06-06 16:07:51,845 INFO  - Already have ACK (at simulation time 272.000,000,000 s)
2025-06-06 16:07:51,845 INFO  - Already have ACK (at simulation time 272.000,000,000 s)
2025-06-06 16:07:51,845 INFO  - Already have ACK (at simulation time 272.000,000,000 s)
2025-06-06 16:07:51,845 INFO  - Already have ACK (at simulation time 272.000,000,000 s)
2025-06-06 16:07:51,845 INFO  - Already have ACK (at simulation time 272.000,000,000 s)
2025-06-06 16:07:51,845 INFO  - Already have ACK (at simulation time 272.000,000,000 s)
2025-06-06 16:07:51,845 INFO  - Already have ACK (at simulation time 272.000,000,000 s)
2025-06-06 16:07:51,845 INFO  - Already have ACK (at simulation time 272.000,000,000 s)
2025-06-06 16:07:51,845 INFO  - Already have ACK (at simulation time 272.000,000,000 s)
2025-06-06 16:07:51,845 INFO  - Already have ACK (at simulation time 272.000,000,000 s)
2025-06-06 16:07:51,845 INFO  - Already have ACK (at simulation time 272.000,000,000 s)
2025-06-06 16:07:51,845 INFO  - Already have ACK (at simulation time 272.000,000,000 s)
2025-06-06 16:07:51,845 INFO  - Already have ACK (at simulation time 272.000,000,000 s)
2025-06-06 16:07:51,845 INFO  - Already have ACK (at simulation time 272.000,000,000 s)
2025-06-06 16:07:51,845 INFO  - Already have ACK (at simulation time 272.000,000,000 s)
2025-06-06 16:07:51,845 INFO  - Already have ACK (at simulation time 272.000,000,000 s)
2025-06-06 16:07:51,845 INFO  - Already have ACK (at simulation time 272.000,000,000 s)
2025-06-06 16:07:51,845 INFO  - Already have ACK (at simulation time 272.000,000,000 s)
2025-06-06 16:07:51,846 INFO  - Already have ACK (at simulation time 272.000,000,000 s)
2025-06-06 16:07:51,846 INFO  - Already have ACK (at simulation time 272.000,000,000 s)
2025-06-06 16:07:51,846 INFO  - Already have ACK (at simulation time 272.000,000,000 s)
2025-06-06 16:07:51,846 INFO  - Already have ACK (at simulation time 272.000,000,000 s)
2025-06-06 16:07:51,846 INFO  - Already have ACK (at simulation time 272.000,000,000 s)
2025-06-06 16:07:51,846 INFO  - Already have ACK (at simulation time 272.000,000,000 s)
2025-06-06 16:07:51,846 INFO  - Already have ACK (at simulation time 272.000,000,000 s)
2025-06-06 16:07:51,846 INFO  - Already have ACK (at simulation time 272.000,000,000 s)
2025-06-06 16:07:51,846 INFO  - Already have ACK (at simulation time 272.000,000,000 s)
2025-06-06 16:07:51,846 INFO  - Already have ACK (at simulation time 272.000,000,000 s)
2025-06-06 16:07:51,846 INFO  - Already have ACK (at simulation time 272.000,000,000 s)
2025-06-06 16:07:51,846 INFO  - Already have ACK (at simulation time 272.000,000,000 s)
2025-06-06 16:07:51,846 INFO  - Already have ACK (at simulation time 272.000,000,000 s)
2025-06-06 16:07:51,846 INFO  - Already have ACK (at simulation time 272.000,000,000 s)
2025-06-06 16:07:51,846 INFO  - Already have ACK (at simulation time 272.000,000,000 s)
2025-06-06 16:07:51,846 INFO  - Already have ACK (at simulation time 272.000,000,000 s)
2025-06-06 16:07:51,846 INFO  - Already have ACK (at simulation time 272.000,000,000 s)
2025-06-06 16:07:51,846 INFO  - Already have ACK (at simulation time 272.000,000,000 s)
2025-06-06 16:07:51,846 INFO  - Already have ACK (at simulation time 272.000,000,000 s)
2025-06-06 16:07:51,846 INFO  - Already have ACK (at simulation time 272.000,000,000 s)
2025-06-06 16:07:51,846 INFO  - Already have ACK (at simulation time 272.000,000,000 s)
2025-06-06 16:07:51,846 INFO  - Already have ACK (at simulation time 272.000,000,000 s)
2025-06-06 16:07:51,846 INFO  - Already have ACK (at simulation time 272.000,000,000 s)
2025-06-06 16:07:51,846 INFO  - Already have ACK (at simulation time 272.000,000,000 s)
2025-06-06 16:07:51,846 INFO  - Already have ACK (at simulation time 272.000,000,000 s)
2025-06-06 16:07:51,846 INFO  - Already have ACK (at simulation time 272.000,000,000 s)
2025-06-06 16:07:51,846 INFO  - Already have ACK (at simulation time 272.000,000,000 s)
2025-06-06 16:07:51,847 INFO  - Already have ACK (at simulation time 272.000,000,000 s)
2025-06-06 16:07:51,847 INFO  - Already have ACK (at simulation time 272.000,000,000 s)
2025-06-06 16:07:51,847 INFO  - Already have ACK (at simulation time 272.000,000,000 s)
2025-06-06 16:07:51,847 INFO  - Already have ACK (at simulation time 272.000,000,000 s)
2025-06-06 16:07:51,847 INFO  - Already have ACK (at simulation time 272.000,000,000 s)
2025-06-06 16:07:51,847 INFO  - Already have ACK (at simulation time 272.000,000,000 s)
2025-06-06 16:07:51,847 INFO  - Already have ACK (at simulation time 272.000,000,000 s)
2025-06-06 16:07:51,847 INFO  - Already have ACK (at simulation time 272.000,000,000 s)
2025-06-06 16:07:51,847 INFO  - Already have ACK (at simulation time 272.000,000,000 s)
2025-06-06 16:07:51,847 INFO  - Already have ACK (at simulation time 272.000,000,000 s)
2025-06-06 16:07:51,847 INFO  - Already have ACK (at simulation time 272.000,000,000 s)
2025-06-06 16:07:51,847 INFO  - Already have ACK (at simulation time 272.000,000,000 s)
2025-06-06 16:07:51,847 INFO  - Already have ACK (at simulation time 272.000,000,000 s)
2025-06-06 16:07:51,847 INFO  - Already have ACK (at simulation time 272.000,000,000 s)
2025-06-06 16:07:51,847 INFO  - Already have ACK (at simulation time 272.000,000,000 s)
2025-06-06 16:07:51,847 INFO  - Already have ACK (at simulation time 272.000,000,000 s)
2025-06-06 16:07:51,847 INFO  - Already have ACK (at simulation time 272.000,000,000 s)
2025-06-06 16:07:51,847 INFO  - Already have ACK (at simulation time 272.000,000,000 s)
2025-06-06 16:07:51,847 INFO  - Already have ACK (at simulation time 272.000,000,000 s)
2025-06-06 16:07:51,847 INFO  - Already have ACK (at simulation time 272.000,000,000 s)
2025-06-06 16:07:51,847 INFO  - Already have ACK (at simulation time 272.000,000,000 s)
2025-06-06 16:07:51,847 INFO  - Already have ACK (at simulation time 272.000,000,000 s)
2025-06-06 16:07:51,847 INFO  - Already have ACK (at simulation time 272.000,000,000 s)
2025-06-06 16:07:51,847 INFO  - Already have ACK (at simulation time 272.000,000,000 s)
2025-06-06 16:07:51,847 INFO  - Already have ACK (at simulation time 272.000,000,000 s)
2025-06-06 16:07:51,847 INFO  - Already have ACK (at simulation time 272.000,000,000 s)
2025-06-06 16:07:51,847 INFO  - Already have ACK (at simulation time 272.000,000,000 s)
2025-06-06 16:07:51,847 INFO  - Already have ACK (at simulation time 272.000,000,000 s)
2025-06-06 16:07:51,847 INFO  - Already have ACK (at simulation time 272.000,000,000 s)
2025-06-06 16:07:51,847 INFO  - Already have ACK (at simulation time 272.000,000,000 s)
2025-06-06 16:07:51,847 INFO  - Already have ACK (at simulation time 272.000,000,000 s)
2025-06-06 16:07:51,847 INFO  - Already have ACK (at simulation time 272.000,000,000 s)
2025-06-06 16:07:51,847 INFO  - Already have ACK (at simulation time 272.000,000,000 s)
2025-06-06 16:07:51,847 INFO  - Already have ACK (at simulation time 272.000,000,000 s)
2025-06-06 16:07:51,847 INFO  - Already have ACK (at simulation time 272.000,000,000 s)
2025-06-06 16:07:51,847 INFO  - Already have ACK (at simulation time 272.000,000,000 s)
2025-06-06 16:07:51,847 INFO  - Already have ACK (at simulation time 272.000,000,000 s)
2025-06-06 16:07:51,847 INFO  - Already have ACK (at simulation time 272.000,000,000 s)
2025-06-06 16:07:51,847 INFO  - Already have ACK (at simulation time 272.000,000,000 s)
2025-06-06 16:07:51,847 INFO  - Already have ACK (at simulation time 272.000,000,000 s)
2025-06-06 16:07:51,847 INFO  - Already have ACK (at simulation time 272.000,000,000 s)
2025-06-06 16:07:51,847 INFO  - Already have ACK (at simulation time 272.000,000,000 s)
2025-06-06 16:07:51,849 INFO  - Already have ACK (at simulation time 273.000,000,000 s)
2025-06-06 16:07:51,849 INFO  - Already have ACK (at simulation time 273.000,000,000 s)
2025-06-06 16:07:51,849 INFO  - Already have ACK (at simulation time 273.000,000,000 s)
2025-06-06 16:07:51,849 INFO  - Already have ACK (at simulation time 273.000,000,000 s)
2025-06-06 16:07:51,849 INFO  - Already have ACK (at simulation time 273.000,000,000 s)
2025-06-06 16:07:51,849 INFO  - Already have ACK (at simulation time 273.000,000,000 s)
2025-06-06 16:07:51,849 INFO  - Already have ACK (at simulation time 273.000,000,000 s)
2025-06-06 16:07:51,849 INFO  - Already have ACK (at simulation time 273.000,000,000 s)
2025-06-06 16:07:51,849 INFO  - Already have ACK (at simulation time 273.000,000,000 s)
2025-06-06 16:07:51,849 INFO  - Already have ACK (at simulation time 273.000,000,000 s)
2025-06-06 16:07:51,849 INFO  - Already have ACK (at simulation time 273.000,000,000 s)
2025-06-06 16:07:51,849 INFO  - Already have ACK (at simulation time 273.000,000,000 s)
2025-06-06 16:07:51,849 INFO  - Already have ACK (at simulation time 273.000,000,000 s)
2025-06-06 16:07:51,849 INFO  - Already have ACK (at simulation time 273.000,000,000 s)
2025-06-06 16:07:51,850 INFO  - Already have ACK (at simulation time 273.000,000,000 s)
2025-06-06 16:07:51,850 INFO  - Already have ACK (at simulation time 273.000,000,000 s)
2025-06-06 16:07:51,850 INFO  - Already have ACK (at simulation time 273.000,000,000 s)
2025-06-06 16:07:51,850 INFO  - Already have ACK (at simulation time 273.000,000,000 s)
2025-06-06 16:07:51,850 INFO  - Already have ACK (at simulation time 273.000,000,000 s)
2025-06-06 16:07:51,850 INFO  - Already have ACK (at simulation time 273.000,000,000 s)
2025-06-06 16:07:51,850 INFO  - Already have ACK (at simulation time 273.000,000,000 s)
2025-06-06 16:07:51,850 INFO  - Already have ACK (at simulation time 273.000,000,000 s)
2025-06-06 16:07:51,850 INFO  - Already have ACK (at simulation time 273.000,000,000 s)
2025-06-06 16:07:51,850 INFO  - Already have ACK (at simulation time 273.000,000,000 s)
2025-06-06 16:07:51,850 INFO  - Already have ACK (at simulation time 273.000,000,000 s)
2025-06-06 16:07:51,850 INFO  - Already have ACK (at simulation time 273.000,000,000 s)
2025-06-06 16:07:51,850 INFO  - Already have ACK (at simulation time 273.000,000,000 s)
2025-06-06 16:07:51,850 INFO  - Already have ACK (at simulation time 273.000,000,000 s)
2025-06-06 16:07:51,850 INFO  - Already have ACK (at simulation time 273.000,000,000 s)
2025-06-06 16:07:51,850 INFO  - Already have ACK (at simulation time 273.000,000,000 s)
2025-06-06 16:07:51,850 INFO  - Already have ACK (at simulation time 273.000,000,000 s)
2025-06-06 16:07:51,850 INFO  - Already have ACK (at simulation time 273.000,000,000 s)
2025-06-06 16:07:51,850 INFO  - Already have ACK (at simulation time 273.000,000,000 s)
2025-06-06 16:07:51,850 INFO  - Already have ACK (at simulation time 273.000,000,000 s)
2025-06-06 16:07:51,850 INFO  - Already have ACK (at simulation time 273.000,000,000 s)
2025-06-06 16:07:51,850 INFO  - Already have ACK (at simulation time 273.000,000,000 s)
2025-06-06 16:07:51,850 INFO  - Already have ACK (at simulation time 273.000,000,000 s)
2025-06-06 16:07:51,851 INFO  - Already have ACK (at simulation time 273.000,000,000 s)
2025-06-06 16:07:51,851 INFO  - Already have ACK (at simulation time 273.000,000,000 s)
2025-06-06 16:07:51,851 INFO  - Already have ACK (at simulation time 273.000,000,000 s)
2025-06-06 16:07:51,851 INFO  - Already have ACK (at simulation time 273.000,000,000 s)
2025-06-06 16:07:51,851 INFO  - Already have ACK (at simulation time 273.000,000,000 s)
2025-06-06 16:07:51,851 INFO  - Already have ACK (at simulation time 273.000,000,000 s)
2025-06-06 16:07:51,851 INFO  - Already have ACK (at simulation time 273.000,000,000 s)
2025-06-06 16:07:51,851 INFO  - Already have ACK (at simulation time 273.000,000,000 s)
2025-06-06 16:07:51,851 INFO  - Already have ACK (at simulation time 273.000,000,000 s)
2025-06-06 16:07:51,851 INFO  - Already have ACK (at simulation time 273.000,000,000 s)
2025-06-06 16:07:51,851 INFO  - Already have ACK (at simulation time 273.000,000,000 s)
2025-06-06 16:07:51,851 INFO  - Already have ACK (at simulation time 273.000,000,000 s)
2025-06-06 16:07:51,851 INFO  - Already have ACK (at simulation time 273.000,000,000 s)
2025-06-06 16:07:51,851 INFO  - Already have ACK (at simulation time 273.000,000,000 s)
2025-06-06 16:07:51,851 INFO  - Already have ACK (at simulation time 273.000,000,000 s)
2025-06-06 16:07:51,851 INFO  - Already have ACK (at simulation time 273.000,000,000 s)
2025-06-06 16:07:51,851 INFO  - Already have ACK (at simulation time 273.000,000,000 s)
2025-06-06 16:07:51,851 INFO  - Already have ACK (at simulation time 273.000,000,000 s)
2025-06-06 16:07:51,851 INFO  - Already have ACK (at simulation time 273.000,000,000 s)
2025-06-06 16:07:51,851 INFO  - Already have ACK (at simulation time 273.000,000,000 s)
2025-06-06 16:07:51,851 INFO  - Already have ACK (at simulation time 273.000,000,000 s)
2025-06-06 16:07:51,851 INFO  - Already have ACK (at simulation time 273.000,000,000 s)
2025-06-06 16:07:51,851 INFO  - Already have ACK (at simulation time 273.000,000,000 s)
2025-06-06 16:07:51,851 INFO  - Already have ACK (at simulation time 273.000,000,000 s)
2025-06-06 16:07:51,851 INFO  - Already have ACK (at simulation time 273.000,000,000 s)
2025-06-06 16:07:51,851 INFO  - Already have ACK (at simulation time 273.000,000,000 s)
2025-06-06 16:07:51,851 INFO  - Already have ACK (at simulation time 273.000,000,000 s)
2025-06-06 16:07:51,851 INFO  - Already have ACK (at simulation time 273.000,000,000 s)
2025-06-06 16:07:51,851 INFO  - Already have ACK (at simulation time 273.000,000,000 s)
2025-06-06 16:07:51,851 INFO  - Already have ACK (at simulation time 273.000,000,000 s)
2025-06-06 16:07:51,851 INFO  - Already have ACK (at simulation time 273.000,000,000 s)
2025-06-06 16:07:51,851 INFO  - Already have ACK (at simulation time 273.000,000,000 s)
2025-06-06 16:07:51,851 INFO  - Already have ACK (at simulation time 273.000,000,000 s)
2025-06-06 16:07:51,851 INFO  - Already have ACK (at simulation time 273.000,000,000 s)
2025-06-06 16:07:51,851 INFO  - Already have ACK (at simulation time 273.000,000,000 s)
2025-06-06 16:07:51,851 INFO  - Already have ACK (at simulation time 273.000,000,000 s)
2025-06-06 16:07:51,851 INFO  - Already have ACK (at simulation time 273.000,000,000 s)
2025-06-06 16:07:51,851 INFO  - Already have ACK (at simulation time 273.000,000,000 s)
2025-06-06 16:07:51,851 INFO  - Already have ACK (at simulation time 273.000,000,000 s)
2025-06-06 16:07:51,851 INFO  - Already have ACK (at simulation time 273.000,000,000 s)
2025-06-06 16:07:51,851 INFO  - Already have ACK (at simulation time 273.000,000,000 s)
2025-06-06 16:07:51,852 INFO  - Already have ACK (at simulation time 273.000,000,000 s)
2025-06-06 16:07:51,852 INFO  - Already have ACK (at simulation time 273.000,000,000 s)
2025-06-06 16:07:51,852 INFO  - Already have ACK (at simulation time 273.000,000,000 s)
2025-06-06 16:07:51,852 INFO  - Already have ACK (at simulation time 273.000,000,000 s)
2025-06-06 16:07:51,852 INFO  - Already have ACK (at simulation time 273.000,000,000 s)
2025-06-06 16:07:51,852 INFO  - Already have ACK (at simulation time 273.000,000,000 s)
2025-06-06 16:07:51,852 INFO  - Already have ACK (at simulation time 273.000,000,000 s)
2025-06-06 16:07:51,852 INFO  - Already have ACK (at simulation time 273.000,000,000 s)
2025-06-06 16:07:51,852 INFO  - Already have ACK (at simulation time 273.000,000,000 s)
2025-06-06 16:07:51,852 INFO  - Already have ACK (at simulation time 273.000,000,000 s)
2025-06-06 16:07:51,852 INFO  - Already have ACK (at simulation time 273.000,000,000 s)
2025-06-06 16:07:51,852 INFO  - Already have ACK (at simulation time 273.000,000,000 s)
2025-06-06 16:07:51,852 INFO  - Already have ACK (at simulation time 273.000,000,000 s)
2025-06-06 16:07:51,852 INFO  - Already have ACK (at simulation time 273.000,000,000 s)
2025-06-06 16:07:51,852 INFO  - Already have ACK (at simulation time 273.000,000,000 s)
2025-06-06 16:07:51,857 INFO  - Already have ACK (at simulation time 274.000,000,000 s)
2025-06-06 16:07:51,858 INFO  - Already have ACK (at simulation time 274.000,000,000 s)
2025-06-06 16:07:51,858 INFO  - Already have ACK (at simulation time 274.000,000,000 s)
2025-06-06 16:07:51,858 INFO  - Already have ACK (at simulation time 274.000,000,000 s)
2025-06-06 16:07:51,858 INFO  - Already have ACK (at simulation time 274.000,000,000 s)
2025-06-06 16:07:51,858 INFO  - Already have ACK (at simulation time 274.000,000,000 s)
2025-06-06 16:07:51,858 INFO  - Already have ACK (at simulation time 274.000,000,000 s)
2025-06-06 16:07:51,858 INFO  - Already have ACK (at simulation time 274.000,000,000 s)
2025-06-06 16:07:51,858 INFO  - Already have ACK (at simulation time 274.000,000,000 s)
2025-06-06 16:07:51,858 INFO  - Already have ACK (at simulation time 274.000,000,000 s)
2025-06-06 16:07:51,858 INFO  - Already have ACK (at simulation time 274.000,000,000 s)
2025-06-06 16:07:51,858 INFO  - Already have ACK (at simulation time 274.000,000,000 s)
2025-06-06 16:07:51,858 INFO  - Already have ACK (at simulation time 274.000,000,000 s)
2025-06-06 16:07:51,858 INFO  - Already have ACK (at simulation time 274.000,000,000 s)
2025-06-06 16:07:51,859 INFO  - Already have ACK (at simulation time 274.000,000,000 s)
2025-06-06 16:07:51,859 INFO  - Already have ACK (at simulation time 274.000,000,000 s)
2025-06-06 16:07:51,859 INFO  - Already have ACK (at simulation time 274.000,000,000 s)
2025-06-06 16:07:51,859 INFO  - Already have ACK (at simulation time 274.000,000,000 s)
2025-06-06 16:07:51,859 INFO  - Already have ACK (at simulation time 274.000,000,000 s)
2025-06-06 16:07:51,859 INFO  - Already have ACK (at simulation time 274.000,000,000 s)
2025-06-06 16:07:51,859 INFO  - Already have ACK (at simulation time 274.000,000,000 s)
2025-06-06 16:07:51,859 INFO  - Already have ACK (at simulation time 274.000,000,000 s)
2025-06-06 16:07:51,859 INFO  - Already have ACK (at simulation time 274.000,000,000 s)
2025-06-06 16:07:51,859 INFO  - Already have ACK (at simulation time 274.000,000,000 s)
2025-06-06 16:07:51,859 INFO  - Already have ACK (at simulation time 274.000,000,000 s)
2025-06-06 16:07:51,859 INFO  - Already have ACK (at simulation time 274.000,000,000 s)
2025-06-06 16:07:51,859 INFO  - Already have ACK (at simulation time 274.000,000,000 s)
2025-06-06 16:07:51,859 INFO  - Already have ACK (at simulation time 274.000,000,000 s)
2025-06-06 16:07:51,859 INFO  - Already have ACK (at simulation time 274.000,000,000 s)
2025-06-06 16:07:51,859 INFO  - Already have ACK (at simulation time 274.000,000,000 s)
2025-06-06 16:07:51,859 INFO  - Already have ACK (at simulation time 274.000,000,000 s)
2025-06-06 16:07:51,859 INFO  - Already have ACK (at simulation time 274.000,000,000 s)
2025-06-06 16:07:51,859 INFO  - Already have ACK (at simulation time 274.000,000,000 s)
2025-06-06 16:07:51,859 INFO  - Already have ACK (at simulation time 274.000,000,000 s)
2025-06-06 16:07:51,859 INFO  - Already have ACK (at simulation time 274.000,000,000 s)
2025-06-06 16:07:51,860 INFO  - Already have ACK (at simulation time 274.000,000,000 s)
2025-06-06 16:07:51,860 INFO  - Already have ACK (at simulation time 274.000,000,000 s)
2025-06-06 16:07:51,860 INFO  - Already have ACK (at simulation time 274.000,000,000 s)
2025-06-06 16:07:51,860 INFO  - Already have ACK (at simulation time 274.000,000,000 s)
2025-06-06 16:07:51,860 INFO  - Already have ACK (at simulation time 274.000,000,000 s)
2025-06-06 16:07:51,860 INFO  - Already have ACK (at simulation time 274.000,000,000 s)
2025-06-06 16:07:51,860 INFO  - Already have ACK (at simulation time 274.000,000,000 s)
2025-06-06 16:07:51,860 INFO  - Already have ACK (at simulation time 274.000,000,000 s)
2025-06-06 16:07:51,860 INFO  - Already have ACK (at simulation time 274.000,000,000 s)
2025-06-06 16:07:51,860 INFO  - Already have ACK (at simulation time 274.000,000,000 s)
2025-06-06 16:07:51,860 INFO  - Already have ACK (at simulation time 274.000,000,000 s)
2025-06-06 16:07:51,860 INFO  - Already have ACK (at simulation time 274.000,000,000 s)
2025-06-06 16:07:51,860 INFO  - Already have ACK (at simulation time 274.000,000,000 s)
2025-06-06 16:07:51,860 INFO  - Already have ACK (at simulation time 274.000,000,000 s)
2025-06-06 16:07:51,860 INFO  - Already have ACK (at simulation time 274.000,000,000 s)
2025-06-06 16:07:51,860 INFO  - Already have ACK (at simulation time 274.000,000,000 s)
2025-06-06 16:07:51,860 INFO  - Already have ACK (at simulation time 274.000,000,000 s)
2025-06-06 16:07:51,860 INFO  - Already have ACK (at simulation time 274.000,000,000 s)
2025-06-06 16:07:51,860 INFO  - Already have ACK (at simulation time 274.000,000,000 s)
2025-06-06 16:07:51,860 INFO  - Already have ACK (at simulation time 274.000,000,000 s)
2025-06-06 16:07:51,860 INFO  - Already have ACK (at simulation time 274.000,000,000 s)
2025-06-06 16:07:51,860 INFO  - Already have ACK (at simulation time 274.000,000,000 s)
2025-06-06 16:07:51,860 INFO  - Already have ACK (at simulation time 274.000,000,000 s)
2025-06-06 16:07:51,860 INFO  - Already have ACK (at simulation time 274.000,000,000 s)
2025-06-06 16:07:51,860 INFO  - Already have ACK (at simulation time 274.000,000,000 s)
2025-06-06 16:07:51,860 INFO  - Already have ACK (at simulation time 274.000,000,000 s)
2025-06-06 16:07:51,860 INFO  - Already have ACK (at simulation time 274.000,000,000 s)
2025-06-06 16:07:51,860 INFO  - Already have ACK (at simulation time 274.000,000,000 s)
2025-06-06 16:07:51,860 INFO  - Already have ACK (at simulation time 274.000,000,000 s)
2025-06-06 16:07:51,860 INFO  - Already have ACK (at simulation time 274.000,000,000 s)
2025-06-06 16:07:51,860 INFO  - Already have ACK (at simulation time 274.000,000,000 s)
2025-06-06 16:07:51,860 INFO  - Already have ACK (at simulation time 274.000,000,000 s)
2025-06-06 16:07:51,860 INFO  - Already have ACK (at simulation time 274.000,000,000 s)
2025-06-06 16:07:51,860 INFO  - Already have ACK (at simulation time 274.000,000,000 s)
2025-06-06 16:07:51,860 INFO  - Already have ACK (at simulation time 274.000,000,000 s)
2025-06-06 16:07:51,860 INFO  - Already have ACK (at simulation time 274.000,000,000 s)
2025-06-06 16:07:51,860 INFO  - Already have ACK (at simulation time 274.000,000,000 s)
2025-06-06 16:07:51,860 INFO  - Already have ACK (at simulation time 274.000,000,000 s)
2025-06-06 16:07:51,861 INFO  - Already have ACK (at simulation time 274.000,000,000 s)
2025-06-06 16:07:51,861 INFO  - Already have ACK (at simulation time 274.000,000,000 s)
2025-06-06 16:07:51,861 INFO  - Already have ACK (at simulation time 274.000,000,000 s)
2025-06-06 16:07:51,861 INFO  - Already have ACK (at simulation time 274.000,000,000 s)
2025-06-06 16:07:51,861 INFO  - Already have ACK (at simulation time 274.000,000,000 s)
2025-06-06 16:07:51,861 INFO  - Already have ACK (at simulation time 274.000,000,000 s)
2025-06-06 16:07:51,861 INFO  - Already have ACK (at simulation time 274.000,000,000 s)
2025-06-06 16:07:51,861 INFO  - Already have ACK (at simulation time 274.000,000,000 s)
2025-06-06 16:07:51,861 INFO  - Already have ACK (at simulation time 274.000,000,000 s)
2025-06-06 16:07:51,861 INFO  - Already have ACK (at simulation time 274.000,000,000 s)
2025-06-06 16:07:51,861 INFO  - Already have ACK (at simulation time 274.000,000,000 s)
2025-06-06 16:07:51,861 INFO  - Already have ACK (at simulation time 274.000,000,000 s)
2025-06-06 16:07:51,861 INFO  - Already have ACK (at simulation time 274.000,000,000 s)
2025-06-06 16:07:51,861 INFO  - Already have ACK (at simulation time 274.000,000,000 s)
2025-06-06 16:07:51,861 INFO  - Already have ACK (at simulation time 274.000,000,000 s)
2025-06-06 16:07:51,861 INFO  - Already have ACK (at simulation time 274.000,000,000 s)
2025-06-06 16:07:51,861 INFO  - Already have ACK (at simulation time 274.000,000,000 s)
2025-06-06 16:07:51,861 INFO  - Already have ACK (at simulation time 274.000,000,000 s)
2025-06-06 16:07:51,861 INFO  - Already have ACK (at simulation time 274.000,000,000 s)
2025-06-06 16:07:51,861 INFO  - Already have ACK (at simulation time 274.000,000,000 s)
2025-06-06 16:07:51,861 INFO  - Already have ACK (at simulation time 274.000,000,000 s)
2025-06-06 16:07:51,862 INFO  - Already have ACK (at simulation time 275.000,000,000 s)
2025-06-06 16:07:51,863 INFO  - Already have ACK (at simulation time 275.000,000,000 s)
2025-06-06 16:07:51,863 INFO  - Already have ACK (at simulation time 275.000,000,000 s)
2025-06-06 16:07:51,863 INFO  - Already have ACK (at simulation time 275.000,000,000 s)
2025-06-06 16:07:51,863 INFO  - Already have ACK (at simulation time 275.000,000,000 s)
2025-06-06 16:07:51,863 INFO  - Already have ACK (at simulation time 275.000,000,000 s)
2025-06-06 16:07:51,863 INFO  - Already have ACK (at simulation time 275.000,000,000 s)
2025-06-06 16:07:51,863 INFO  - Already have ACK (at simulation time 275.000,000,000 s)
2025-06-06 16:07:51,863 INFO  - Already have ACK (at simulation time 275.000,000,000 s)
2025-06-06 16:07:51,863 INFO  - Already have ACK (at simulation time 275.000,000,000 s)
2025-06-06 16:07:51,863 INFO  - Already have ACK (at simulation time 275.000,000,000 s)
2025-06-06 16:07:51,863 INFO  - Already have ACK (at simulation time 275.000,000,000 s)
2025-06-06 16:07:51,863 INFO  - Already have ACK (at simulation time 275.000,000,000 s)
2025-06-06 16:07:51,863 INFO  - Already have ACK (at simulation time 275.000,000,000 s)
2025-06-06 16:07:51,863 INFO  - Already have ACK (at simulation time 275.000,000,000 s)
2025-06-06 16:07:51,863 INFO  - Already have ACK (at simulation time 275.000,000,000 s)
2025-06-06 16:07:51,863 INFO  - Already have ACK (at simulation time 275.000,000,000 s)
2025-06-06 16:07:51,863 INFO  - Already have ACK (at simulation time 275.000,000,000 s)
2025-06-06 16:07:51,863 INFO  - Already have ACK (at simulation time 275.000,000,000 s)
2025-06-06 16:07:51,863 INFO  - Already have ACK (at simulation time 275.000,000,000 s)
2025-06-06 16:07:51,864 INFO  - Already have ACK (at simulation time 275.000,000,000 s)
2025-06-06 16:07:51,864 INFO  - Already have ACK (at simulation time 275.000,000,000 s)
2025-06-06 16:07:51,864 INFO  - Already have ACK (at simulation time 275.000,000,000 s)
2025-06-06 16:07:51,864 INFO  - Already have ACK (at simulation time 275.000,000,000 s)
2025-06-06 16:07:51,864 INFO  - Already have ACK (at simulation time 275.000,000,000 s)
2025-06-06 16:07:51,864 INFO  - Already have ACK (at simulation time 275.000,000,000 s)
2025-06-06 16:07:51,864 INFO  - Already have ACK (at simulation time 275.000,000,000 s)
2025-06-06 16:07:51,864 INFO  - Already have ACK (at simulation time 275.000,000,000 s)
2025-06-06 16:07:51,864 INFO  - Already have ACK (at simulation time 275.000,000,000 s)
2025-06-06 16:07:51,864 INFO  - Already have ACK (at simulation time 275.000,000,000 s)
2025-06-06 16:07:51,864 INFO  - Already have ACK (at simulation time 275.000,000,000 s)
2025-06-06 16:07:51,864 INFO  - Already have ACK (at simulation time 275.000,000,000 s)
2025-06-06 16:07:51,864 INFO  - Already have ACK (at simulation time 275.000,000,000 s)
2025-06-06 16:07:51,864 INFO  - Already have ACK (at simulation time 275.000,000,000 s)
2025-06-06 16:07:51,864 INFO  - Already have ACK (at simulation time 275.000,000,000 s)
2025-06-06 16:07:51,864 INFO  - Already have ACK (at simulation time 275.000,000,000 s)
2025-06-06 16:07:51,864 INFO  - Already have ACK (at simulation time 275.000,000,000 s)
2025-06-06 16:07:51,864 INFO  - Already have ACK (at simulation time 275.000,000,000 s)
2025-06-06 16:07:51,864 INFO  - Already have ACK (at simulation time 275.000,000,000 s)
2025-06-06 16:07:51,864 INFO  - Already have ACK (at simulation time 275.000,000,000 s)
2025-06-06 16:07:51,864 INFO  - Already have ACK (at simulation time 275.000,000,000 s)
2025-06-06 16:07:51,864 INFO  - Already have ACK (at simulation time 275.000,000,000 s)
2025-06-06 16:07:51,864 INFO  - Already have ACK (at simulation time 275.000,000,000 s)
2025-06-06 16:07:51,864 INFO  - Already have ACK (at simulation time 275.000,000,000 s)
2025-06-06 16:07:51,864 INFO  - Already have ACK (at simulation time 275.000,000,000 s)
2025-06-06 16:07:51,864 INFO  - Already have ACK (at simulation time 275.000,000,000 s)
2025-06-06 16:07:51,865 INFO  - Already have ACK (at simulation time 275.000,000,000 s)
2025-06-06 16:07:51,865 INFO  - Already have ACK (at simulation time 275.000,000,000 s)
2025-06-06 16:07:51,865 INFO  - Already have ACK (at simulation time 275.000,000,000 s)
2025-06-06 16:07:51,865 INFO  - Already have ACK (at simulation time 275.000,000,000 s)
2025-06-06 16:07:51,865 INFO  - Already have ACK (at simulation time 275.000,000,000 s)
2025-06-06 16:07:51,865 INFO  - Already have ACK (at simulation time 275.000,000,000 s)
2025-06-06 16:07:51,865 INFO  - Already have ACK (at simulation time 275.000,000,000 s)
2025-06-06 16:07:51,865 INFO  - Already have ACK (at simulation time 275.000,000,000 s)
2025-06-06 16:07:51,865 INFO  - Already have ACK (at simulation time 275.000,000,000 s)
2025-06-06 16:07:51,865 INFO  - Already have ACK (at simulation time 275.000,000,000 s)
2025-06-06 16:07:51,865 INFO  - Already have ACK (at simulation time 275.000,000,000 s)
2025-06-06 16:07:51,865 INFO  - Already have ACK (at simulation time 275.000,000,000 s)
2025-06-06 16:07:51,865 INFO  - Already have ACK (at simulation time 275.000,000,000 s)
2025-06-06 16:07:51,865 INFO  - Already have ACK (at simulation time 275.000,000,000 s)
2025-06-06 16:07:51,865 INFO  - Already have ACK (at simulation time 275.000,000,000 s)
2025-06-06 16:07:51,865 INFO  - Already have ACK (at simulation time 275.000,000,000 s)
2025-06-06 16:07:51,865 INFO  - Already have ACK (at simulation time 275.000,000,000 s)
2025-06-06 16:07:51,865 INFO  - Already have ACK (at simulation time 275.000,000,000 s)
2025-06-06 16:07:51,865 INFO  - Already have ACK (at simulation time 275.000,000,000 s)
2025-06-06 16:07:51,865 INFO  - Already have ACK (at simulation time 275.000,000,000 s)
2025-06-06 16:07:51,865 INFO  - Already have ACK (at simulation time 275.000,000,000 s)
2025-06-06 16:07:51,865 INFO  - Already have ACK (at simulation time 275.000,000,000 s)
2025-06-06 16:07:51,865 INFO  - Already have ACK (at simulation time 275.000,000,000 s)
2025-06-06 16:07:51,865 INFO  - Already have ACK (at simulation time 275.000,000,000 s)
2025-06-06 16:07:51,865 INFO  - Already have ACK (at simulation time 275.000,000,000 s)
2025-06-06 16:07:51,865 INFO  - Already have ACK (at simulation time 275.000,000,000 s)
2025-06-06 16:07:51,865 INFO  - Already have ACK (at simulation time 275.000,000,000 s)
2025-06-06 16:07:51,865 INFO  - Already have ACK (at simulation time 275.000,000,000 s)
2025-06-06 16:07:51,865 INFO  - Already have ACK (at simulation time 275.000,000,000 s)
2025-06-06 16:07:51,865 INFO  - Already have ACK (at simulation time 275.000,000,000 s)
2025-06-06 16:07:51,865 INFO  - Already have ACK (at simulation time 275.000,000,000 s)
2025-06-06 16:07:51,865 INFO  - Already have ACK (at simulation time 275.000,000,000 s)
2025-06-06 16:07:51,865 INFO  - Already have ACK (at simulation time 275.000,000,000 s)
2025-06-06 16:07:51,865 INFO  - Already have ACK (at simulation time 275.000,000,000 s)
2025-06-06 16:07:51,865 INFO  - Already have ACK (at simulation time 275.000,000,000 s)
2025-06-06 16:07:51,865 INFO  - Already have ACK (at simulation time 275.000,000,000 s)
2025-06-06 16:07:51,865 INFO  - Already have ACK (at simulation time 275.000,000,000 s)
2025-06-06 16:07:51,865 INFO  - Already have ACK (at simulation time 275.000,000,000 s)
2025-06-06 16:07:51,865 INFO  - Already have ACK (at simulation time 275.000,000,000 s)
2025-06-06 16:07:51,865 INFO  - Already have ACK (at simulation time 275.000,000,000 s)
2025-06-06 16:07:51,865 INFO  - Already have ACK (at simulation time 275.000,000,000 s)
2025-06-06 16:07:51,865 INFO  - Already have ACK (at simulation time 275.000,000,000 s)
2025-06-06 16:07:51,865 INFO  - Already have ACK (at simulation time 275.000,000,000 s)
2025-06-06 16:07:51,865 INFO  - Already have ACK (at simulation time 275.000,000,000 s)
2025-06-06 16:07:51,865 INFO  - Already have ACK (at simulation time 275.000,000,000 s)
2025-06-06 16:07:51,865 INFO  - Already have ACK (at simulation time 275.000,000,000 s)
2025-06-06 16:07:51,865 INFO  - Already have ACK (at simulation time 275.000,000,000 s)
2025-06-06 16:07:51,865 INFO  - Already have ACK (at simulation time 275.000,000,000 s)
2025-06-06 16:07:51,865 INFO  - Already have ACK (at simulation time 275.000,000,000 s)
2025-06-06 16:07:51,866 INFO  - Sent periodic GreenWaveMsg: veh_34 on route r_0 (at simulation time 276.000,000,000 s)
2025-06-06 16:07:51,866 INFO  - Already have ACK (at simulation time 276.000,000,000 s)
2025-06-06 16:07:51,866 INFO  - Already have ACK (at simulation time 276.000,000,000 s)
2025-06-06 16:07:51,866 INFO  - Already have ACK (at simulation time 276.000,000,000 s)
2025-06-06 16:07:51,866 INFO  - Already have ACK (at simulation time 276.000,000,000 s)
2025-06-06 16:07:51,867 INFO  - Already have ACK (at simulation time 276.000,000,000 s)
2025-06-06 16:07:51,867 INFO  - Already have ACK (at simulation time 276.000,000,000 s)
2025-06-06 16:07:51,867 INFO  - Already have ACK (at simulation time 276.000,000,000 s)
2025-06-06 16:07:51,867 INFO  - Already have ACK (at simulation time 276.000,000,000 s)
2025-06-06 16:07:51,867 INFO  - Already have ACK (at simulation time 276.000,000,000 s)
2025-06-06 16:07:51,867 INFO  - Already have ACK (at simulation time 276.000,000,000 s)
2025-06-06 16:07:51,867 INFO  - Already have ACK (at simulation time 276.000,000,000 s)
2025-06-06 16:07:51,867 INFO  - Already have ACK (at simulation time 276.000,000,000 s)
2025-06-06 16:07:51,867 INFO  - Already have ACK (at simulation time 276.000,000,000 s)
2025-06-06 16:07:51,867 INFO  - Already have ACK (at simulation time 276.000,000,000 s)
2025-06-06 16:07:51,867 INFO  - Already have ACK (at simulation time 276.000,000,000 s)
2025-06-06 16:07:51,867 INFO  - Already have ACK (at simulation time 276.000,000,000 s)
2025-06-06 16:07:51,867 INFO  - Already have ACK (at simulation time 276.000,000,000 s)
2025-06-06 16:07:51,867 INFO  - Already have ACK (at simulation time 276.000,000,000 s)
2025-06-06 16:07:51,867 INFO  - Already have ACK (at simulation time 276.000,000,000 s)
2025-06-06 16:07:51,867 INFO  - Already have ACK (at simulation time 276.000,000,000 s)
2025-06-06 16:07:51,867 INFO  - Already have ACK (at simulation time 276.000,000,000 s)
2025-06-06 16:07:51,867 INFO  - Already have ACK (at simulation time 276.000,000,000 s)
2025-06-06 16:07:51,867 INFO  - Already have ACK (at simulation time 276.000,000,000 s)
2025-06-06 16:07:51,867 INFO  - Already have ACK (at simulation time 276.000,000,000 s)
2025-06-06 16:07:51,868 INFO  - Already have ACK (at simulation time 276.000,000,000 s)
2025-06-06 16:07:51,868 INFO  - Already have ACK (at simulation time 276.000,000,000 s)
2025-06-06 16:07:51,868 INFO  - Already have ACK (at simulation time 276.000,000,000 s)
2025-06-06 16:07:51,868 INFO  - Already have ACK (at simulation time 276.000,000,000 s)
2025-06-06 16:07:51,868 INFO  - Already have ACK (at simulation time 276.000,000,000 s)
2025-06-06 16:07:51,868 INFO  - Already have ACK (at simulation time 276.000,000,000 s)
2025-06-06 16:07:51,868 INFO  - Already have ACK (at simulation time 276.000,000,000 s)
2025-06-06 16:07:51,868 INFO  - Already have ACK (at simulation time 276.000,000,000 s)
2025-06-06 16:07:51,868 INFO  - Already have ACK (at simulation time 276.000,000,000 s)
2025-06-06 16:07:51,868 INFO  - Already have ACK (at simulation time 276.000,000,000 s)
2025-06-06 16:07:51,868 INFO  - Already have ACK (at simulation time 276.000,000,000 s)
2025-06-06 16:07:51,868 INFO  - Already have ACK (at simulation time 276.000,000,000 s)
2025-06-06 16:07:51,868 INFO  - Already have ACK (at simulation time 276.000,000,000 s)
2025-06-06 16:07:51,868 INFO  - Already have ACK (at simulation time 276.000,000,000 s)
2025-06-06 16:07:51,868 INFO  - Already have ACK (at simulation time 276.000,000,000 s)
2025-06-06 16:07:51,868 INFO  - Already have ACK (at simulation time 276.000,000,000 s)
2025-06-06 16:07:51,868 INFO  - Already have ACK (at simulation time 276.000,000,000 s)
2025-06-06 16:07:51,868 INFO  - Already have ACK (at simulation time 276.000,000,000 s)
2025-06-06 16:07:51,868 INFO  - Already have ACK (at simulation time 276.000,000,000 s)
2025-06-06 16:07:51,868 INFO  - Already have ACK (at simulation time 276.000,000,000 s)
2025-06-06 16:07:51,868 INFO  - Already have ACK (at simulation time 276.000,000,000 s)
2025-06-06 16:07:51,868 INFO  - Already have ACK (at simulation time 276.000,000,000 s)
2025-06-06 16:07:51,868 INFO  - Already have ACK (at simulation time 276.000,000,000 s)
2025-06-06 16:07:51,868 INFO  - Already have ACK (at simulation time 276.000,000,000 s)
2025-06-06 16:07:51,868 INFO  - Already have ACK (at simulation time 276.000,000,000 s)
2025-06-06 16:07:51,868 INFO  - Already have ACK (at simulation time 276.000,000,000 s)
2025-06-06 16:07:51,868 INFO  - Already have ACK (at simulation time 276.000,000,000 s)
2025-06-06 16:07:51,868 INFO  - Already have ACK (at simulation time 276.000,000,000 s)
2025-06-06 16:07:51,868 INFO  - Already have ACK (at simulation time 276.000,000,000 s)
2025-06-06 16:07:51,869 INFO  - Already have ACK (at simulation time 276.000,000,000 s)
2025-06-06 16:07:51,869 INFO  - Already have ACK (at simulation time 276.000,000,000 s)
2025-06-06 16:07:51,869 INFO  - Already have ACK (at simulation time 276.000,000,000 s)
2025-06-06 16:07:51,869 INFO  - Already have ACK (at simulation time 276.000,000,000 s)
2025-06-06 16:07:51,869 INFO  - Already have ACK (at simulation time 276.000,000,000 s)
2025-06-06 16:07:51,869 INFO  - Already have ACK (at simulation time 276.000,000,000 s)
2025-06-06 16:07:51,869 INFO  - Already have ACK (at simulation time 276.000,000,000 s)
2025-06-06 16:07:51,869 INFO  - Already have ACK (at simulation time 276.000,000,000 s)
2025-06-06 16:07:51,869 INFO  - Already have ACK (at simulation time 276.000,000,000 s)
2025-06-06 16:07:51,869 INFO  - Already have ACK (at simulation time 276.000,000,000 s)
2025-06-06 16:07:51,869 INFO  - Already have ACK (at simulation time 276.000,000,000 s)
2025-06-06 16:07:51,869 INFO  - Already have ACK (at simulation time 276.000,000,000 s)
2025-06-06 16:07:51,869 INFO  - Already have ACK (at simulation time 276.000,000,000 s)
2025-06-06 16:07:51,869 INFO  - Already have ACK (at simulation time 276.000,000,000 s)
2025-06-06 16:07:51,869 INFO  - Already have ACK (at simulation time 276.000,000,000 s)
2025-06-06 16:07:51,869 INFO  - Already have ACK (at simulation time 276.000,000,000 s)
2025-06-06 16:07:51,869 INFO  - Already have ACK (at simulation time 276.000,000,000 s)
2025-06-06 16:07:51,869 INFO  - Already have ACK (at simulation time 276.000,000,000 s)
2025-06-06 16:07:51,869 INFO  - Already have ACK (at simulation time 276.000,000,000 s)
2025-06-06 16:07:51,869 INFO  - Already have ACK (at simulation time 276.000,000,000 s)
2025-06-06 16:07:51,869 INFO  - Already have ACK (at simulation time 276.000,000,000 s)
2025-06-06 16:07:51,869 INFO  - Already have ACK (at simulation time 276.000,000,000 s)
2025-06-06 16:07:51,869 INFO  - Already have ACK (at simulation time 276.000,000,000 s)
2025-06-06 16:07:51,869 INFO  - Already have ACK (at simulation time 276.000,000,000 s)
2025-06-06 16:07:51,869 INFO  - Already have ACK (at simulation time 276.000,000,000 s)
2025-06-06 16:07:51,869 INFO  - Already have ACK (at simulation time 276.000,000,000 s)
2025-06-06 16:07:51,869 INFO  - Already have ACK (at simulation time 276.000,000,000 s)
2025-06-06 16:07:51,869 INFO  - Already have ACK (at simulation time 276.000,000,000 s)
2025-06-06 16:07:51,869 INFO  - Already have ACK (at simulation time 276.000,000,000 s)
2025-06-06 16:07:51,869 INFO  - Already have ACK (at simulation time 276.000,000,000 s)
2025-06-06 16:07:51,869 INFO  - Already have ACK (at simulation time 276.000,000,000 s)
2025-06-06 16:07:51,869 INFO  - Already have ACK (at simulation time 276.000,000,000 s)
2025-06-06 16:07:51,869 INFO  - Already have ACK (at simulation time 276.000,000,000 s)
2025-06-06 16:07:51,869 INFO  - Already have ACK (at simulation time 276.000,000,000 s)
2025-06-06 16:07:51,869 INFO  - Already have ACK (at simulation time 276.000,000,000 s)
2025-06-06 16:07:51,869 INFO  - Already have ACK (at simulation time 276.000,000,000 s)
2025-06-06 16:07:51,869 INFO  - Already have ACK (at simulation time 276.000,000,000 s)
2025-06-06 16:07:51,869 INFO  - Already have ACK (at simulation time 276.000,000,000 s)
2025-06-06 16:07:51,869 INFO  - Already have ACK (at simulation time 276.000,000,000 s)
2025-06-06 16:07:51,869 INFO  - Already have ACK (at simulation time 276.000,000,000 s)
2025-06-06 16:07:51,869 INFO  - Already have ACK (at simulation time 276.000,000,000 s)
2025-06-06 16:07:51,869 INFO  - Already have ACK (at simulation time 276.000,000,000 s)
2025-06-06 16:07:51,869 INFO  - Already have ACK (at simulation time 276.000,000,000 s)
2025-06-06 16:07:51,870 INFO  - Already have ACK (at simulation time 277.000,000,000 s)
2025-06-06 16:07:51,870 INFO  - Already have ACK (at simulation time 277.000,000,000 s)
2025-06-06 16:07:51,870 INFO  - Already have ACK (at simulation time 277.000,000,000 s)
2025-06-06 16:07:51,870 INFO  - Already have ACK (at simulation time 277.000,000,000 s)
2025-06-06 16:07:51,870 INFO  - Already have ACK (at simulation time 277.000,000,000 s)
2025-06-06 16:07:51,870 INFO  - Already have ACK (at simulation time 277.000,000,000 s)
2025-06-06 16:07:51,870 INFO  - Already have ACK (at simulation time 277.000,000,000 s)
2025-06-06 16:07:51,870 INFO  - Already have ACK (at simulation time 277.000,000,000 s)
2025-06-06 16:07:51,871 INFO  - Already have ACK (at simulation time 277.000,000,000 s)
2025-06-06 16:07:51,871 INFO  - Already have ACK (at simulation time 277.000,000,000 s)
2025-06-06 16:07:51,871 INFO  - Already have ACK (at simulation time 277.000,000,000 s)
2025-06-06 16:07:51,871 INFO  - Already have ACK (at simulation time 277.000,000,000 s)
2025-06-06 16:07:51,871 INFO  - Already have ACK (at simulation time 277.000,000,000 s)
2025-06-06 16:07:51,871 INFO  - Already have ACK (at simulation time 277.000,000,000 s)
2025-06-06 16:07:51,871 INFO  - Already have ACK (at simulation time 277.000,000,000 s)
2025-06-06 16:07:51,871 INFO  - Already have ACK (at simulation time 277.000,000,000 s)
2025-06-06 16:07:51,871 INFO  - Already have ACK (at simulation time 277.000,000,000 s)
2025-06-06 16:07:51,871 INFO  - Already have ACK (at simulation time 277.000,000,000 s)
2025-06-06 16:07:51,871 INFO  - Already have ACK (at simulation time 277.000,000,000 s)
2025-06-06 16:07:51,871 INFO  - Already have ACK (at simulation time 277.000,000,000 s)
2025-06-06 16:07:51,871 INFO  - Already have ACK (at simulation time 277.000,000,000 s)
2025-06-06 16:07:51,871 INFO  - Already have ACK (at simulation time 277.000,000,000 s)
2025-06-06 16:07:51,871 INFO  - Already have ACK (at simulation time 277.000,000,000 s)
2025-06-06 16:07:51,871 INFO  - Already have ACK (at simulation time 277.000,000,000 s)
2025-06-06 16:07:51,871 INFO  - Already have ACK (at simulation time 277.000,000,000 s)
2025-06-06 16:07:51,871 INFO  - Already have ACK (at simulation time 277.000,000,000 s)
2025-06-06 16:07:51,871 INFO  - Already have ACK (at simulation time 277.000,000,000 s)
2025-06-06 16:07:51,871 INFO  - Already have ACK (at simulation time 277.000,000,000 s)
2025-06-06 16:07:51,871 INFO  - Already have ACK (at simulation time 277.000,000,000 s)
2025-06-06 16:07:51,872 INFO  - Already have ACK (at simulation time 277.000,000,000 s)
2025-06-06 16:07:51,872 INFO  - Already have ACK (at simulation time 277.000,000,000 s)
2025-06-06 16:07:51,872 INFO  - Already have ACK (at simulation time 277.000,000,000 s)
2025-06-06 16:07:51,872 INFO  - Already have ACK (at simulation time 277.000,000,000 s)
2025-06-06 16:07:51,872 INFO  - Already have ACK (at simulation time 277.000,000,000 s)
2025-06-06 16:07:51,872 INFO  - Already have ACK (at simulation time 277.000,000,000 s)
2025-06-06 16:07:51,872 INFO  - Already have ACK (at simulation time 277.000,000,000 s)
2025-06-06 16:07:51,872 INFO  - Already have ACK (at simulation time 277.000,000,000 s)
2025-06-06 16:07:51,872 INFO  - Already have ACK (at simulation time 277.000,000,000 s)
2025-06-06 16:07:51,872 INFO  - Already have ACK (at simulation time 277.000,000,000 s)
2025-06-06 16:07:51,872 INFO  - Already have ACK (at simulation time 277.000,000,000 s)
2025-06-06 16:07:51,872 INFO  - Already have ACK (at simulation time 277.000,000,000 s)
2025-06-06 16:07:51,872 INFO  - Already have ACK (at simulation time 277.000,000,000 s)
2025-06-06 16:07:51,872 INFO  - Already have ACK (at simulation time 277.000,000,000 s)
2025-06-06 16:07:51,872 INFO  - Already have ACK (at simulation time 277.000,000,000 s)
2025-06-06 16:07:51,872 INFO  - Already have ACK (at simulation time 277.000,000,000 s)
2025-06-06 16:07:51,872 INFO  - Already have ACK (at simulation time 277.000,000,000 s)
2025-06-06 16:07:51,872 INFO  - Already have ACK (at simulation time 277.000,000,000 s)
2025-06-06 16:07:51,872 INFO  - Already have ACK (at simulation time 277.000,000,000 s)
2025-06-06 16:07:51,872 INFO  - Already have ACK (at simulation time 277.000,000,000 s)
2025-06-06 16:07:51,872 INFO  - Already have ACK (at simulation time 277.000,000,000 s)
2025-06-06 16:07:51,872 INFO  - Already have ACK (at simulation time 277.000,000,000 s)
2025-06-06 16:07:51,872 INFO  - Already have ACK (at simulation time 277.000,000,000 s)
2025-06-06 16:07:51,872 INFO  - Already have ACK (at simulation time 277.000,000,000 s)
2025-06-06 16:07:51,872 INFO  - Already have ACK (at simulation time 277.000,000,000 s)
2025-06-06 16:07:51,872 INFO  - Already have ACK (at simulation time 277.000,000,000 s)
2025-06-06 16:07:51,872 INFO  - Already have ACK (at simulation time 277.000,000,000 s)
2025-06-06 16:07:51,872 INFO  - Already have ACK (at simulation time 277.000,000,000 s)
2025-06-06 16:07:51,872 INFO  - Already have ACK (at simulation time 277.000,000,000 s)
2025-06-06 16:07:51,872 INFO  - Already have ACK (at simulation time 277.000,000,000 s)
2025-06-06 16:07:51,872 INFO  - Already have ACK (at simulation time 277.000,000,000 s)
2025-06-06 16:07:51,872 INFO  - Already have ACK (at simulation time 277.000,000,000 s)
2025-06-06 16:07:51,872 INFO  - Already have ACK (at simulation time 277.000,000,000 s)
2025-06-06 16:07:51,873 INFO  - Already have ACK (at simulation time 277.000,000,000 s)
2025-06-06 16:07:51,873 INFO  - Already have ACK (at simulation time 277.000,000,000 s)
2025-06-06 16:07:51,873 INFO  - Already have ACK (at simulation time 277.000,000,000 s)
2025-06-06 16:07:51,873 INFO  - Already have ACK (at simulation time 277.000,000,000 s)
2025-06-06 16:07:51,873 INFO  - Already have ACK (at simulation time 277.000,000,000 s)
2025-06-06 16:07:51,873 INFO  - Already have ACK (at simulation time 277.000,000,000 s)
2025-06-06 16:07:51,873 INFO  - Already have ACK (at simulation time 277.000,000,000 s)
2025-06-06 16:07:51,873 INFO  - Already have ACK (at simulation time 277.000,000,000 s)
2025-06-06 16:07:51,873 INFO  - Already have ACK (at simulation time 277.000,000,000 s)
2025-06-06 16:07:51,873 INFO  - Already have ACK (at simulation time 277.000,000,000 s)
2025-06-06 16:07:51,873 INFO  - Already have ACK (at simulation time 277.000,000,000 s)
2025-06-06 16:07:51,873 INFO  - Already have ACK (at simulation time 277.000,000,000 s)
2025-06-06 16:07:51,873 INFO  - Already have ACK (at simulation time 277.000,000,000 s)
2025-06-06 16:07:51,873 INFO  - Already have ACK (at simulation time 277.000,000,000 s)
2025-06-06 16:07:51,873 INFO  - Already have ACK (at simulation time 277.000,000,000 s)
2025-06-06 16:07:51,873 INFO  - Already have ACK (at simulation time 277.000,000,000 s)
2025-06-06 16:07:51,873 INFO  - Already have ACK (at simulation time 277.000,000,000 s)
2025-06-06 16:07:51,873 INFO  - Already have ACK (at simulation time 277.000,000,000 s)
2025-06-06 16:07:51,873 INFO  - Already have ACK (at simulation time 277.000,000,000 s)
2025-06-06 16:07:51,873 INFO  - Already have ACK (at simulation time 277.000,000,000 s)
2025-06-06 16:07:51,873 INFO  - Already have ACK (at simulation time 277.000,000,000 s)
2025-06-06 16:07:51,873 INFO  - Already have ACK (at simulation time 277.000,000,000 s)
2025-06-06 16:07:51,873 INFO  - Already have ACK (at simulation time 277.000,000,000 s)
2025-06-06 16:07:51,873 INFO  - Already have ACK (at simulation time 277.000,000,000 s)
2025-06-06 16:07:51,873 INFO  - Already have ACK (at simulation time 277.000,000,000 s)
2025-06-06 16:07:51,873 INFO  - Already have ACK (at simulation time 277.000,000,000 s)
2025-06-06 16:07:51,873 INFO  - Already have ACK (at simulation time 277.000,000,000 s)
2025-06-06 16:07:51,873 INFO  - Already have ACK (at simulation time 277.000,000,000 s)
2025-06-06 16:07:51,873 INFO  - Already have ACK (at simulation time 277.000,000,000 s)
2025-06-06 16:07:51,873 INFO  - Already have ACK (at simulation time 277.000,000,000 s)
2025-06-06 16:07:51,873 INFO  - Already have ACK (at simulation time 277.000,000,000 s)
2025-06-06 16:07:51,873 INFO  - Already have ACK (at simulation time 277.000,000,000 s)
2025-06-06 16:07:51,873 INFO  - Already have ACK (at simulation time 277.000,000,000 s)
2025-06-06 16:07:51,873 INFO  - Already have ACK (at simulation time 277.000,000,000 s)
2025-06-06 16:07:51,873 INFO  - Already have ACK (at simulation time 277.000,000,000 s)
2025-06-06 16:07:51,874 INFO  - Already have ACK (at simulation time 278.000,000,000 s)
2025-06-06 16:07:51,875 INFO  - Already have ACK (at simulation time 278.000,000,000 s)
2025-06-06 16:07:51,875 INFO  - Already have ACK (at simulation time 278.000,000,000 s)
2025-06-06 16:07:51,875 INFO  - Already have ACK (at simulation time 278.000,000,000 s)
2025-06-06 16:07:51,875 INFO  - Already have ACK (at simulation time 278.000,000,000 s)
2025-06-06 16:07:51,875 INFO  - Already have ACK (at simulation time 278.000,000,000 s)
2025-06-06 16:07:51,875 INFO  - Already have ACK (at simulation time 278.000,000,000 s)
2025-06-06 16:07:51,875 INFO  - Already have ACK (at simulation time 278.000,000,000 s)
2025-06-06 16:07:51,875 INFO  - Already have ACK (at simulation time 278.000,000,000 s)
2025-06-06 16:07:51,875 INFO  - Already have ACK (at simulation time 278.000,000,000 s)
2025-06-06 16:07:51,875 INFO  - Already have ACK (at simulation time 278.000,000,000 s)
2025-06-06 16:07:51,875 INFO  - Already have ACK (at simulation time 278.000,000,000 s)
2025-06-06 16:07:51,875 INFO  - Already have ACK (at simulation time 278.000,000,000 s)
2025-06-06 16:07:51,875 INFO  - Already have ACK (at simulation time 278.000,000,000 s)
2025-06-06 16:07:51,875 INFO  - Already have ACK (at simulation time 278.000,000,000 s)
2025-06-06 16:07:51,876 INFO  - Already have ACK (at simulation time 278.000,000,000 s)
2025-06-06 16:07:51,876 INFO  - Already have ACK (at simulation time 278.000,000,000 s)
2025-06-06 16:07:51,876 INFO  - Already have ACK (at simulation time 278.000,000,000 s)
2025-06-06 16:07:51,876 INFO  - Already have ACK (at simulation time 278.000,000,000 s)
2025-06-06 16:07:51,876 INFO  - Already have ACK (at simulation time 278.000,000,000 s)
2025-06-06 16:07:51,876 INFO  - Already have ACK (at simulation time 278.000,000,000 s)
2025-06-06 16:07:51,876 INFO  - Already have ACK (at simulation time 278.000,000,000 s)
2025-06-06 16:07:51,876 INFO  - Already have ACK (at simulation time 278.000,000,000 s)
2025-06-06 16:07:51,876 INFO  - Already have ACK (at simulation time 278.000,000,000 s)
2025-06-06 16:07:51,876 INFO  - Already have ACK (at simulation time 278.000,000,000 s)
2025-06-06 16:07:51,876 INFO  - Already have ACK (at simulation time 278.000,000,000 s)
2025-06-06 16:07:51,876 INFO  - Already have ACK (at simulation time 278.000,000,000 s)
2025-06-06 16:07:51,876 INFO  - Already have ACK (at simulation time 278.000,000,000 s)
2025-06-06 16:07:51,876 INFO  - Already have ACK (at simulation time 278.000,000,000 s)
2025-06-06 16:07:51,876 INFO  - Already have ACK (at simulation time 278.000,000,000 s)
2025-06-06 16:07:51,876 INFO  - Already have ACK (at simulation time 278.000,000,000 s)
2025-06-06 16:07:51,876 INFO  - Already have ACK (at simulation time 278.000,000,000 s)
2025-06-06 16:07:51,876 INFO  - Already have ACK (at simulation time 278.000,000,000 s)
2025-06-06 16:07:51,876 INFO  - Already have ACK (at simulation time 278.000,000,000 s)
2025-06-06 16:07:51,876 INFO  - Already have ACK (at simulation time 278.000,000,000 s)
2025-06-06 16:07:51,876 INFO  - Already have ACK (at simulation time 278.000,000,000 s)
2025-06-06 16:07:51,876 INFO  - Already have ACK (at simulation time 278.000,000,000 s)
2025-06-06 16:07:51,876 INFO  - Already have ACK (at simulation time 278.000,000,000 s)
2025-06-06 16:07:51,876 INFO  - Already have ACK (at simulation time 278.000,000,000 s)
2025-06-06 16:07:51,877 INFO  - Already have ACK (at simulation time 278.000,000,000 s)
2025-06-06 16:07:51,877 INFO  - Already have ACK (at simulation time 278.000,000,000 s)
2025-06-06 16:07:51,877 INFO  - Already have ACK (at simulation time 278.000,000,000 s)
2025-06-06 16:07:51,877 INFO  - Already have ACK (at simulation time 278.000,000,000 s)
2025-06-06 16:07:51,877 INFO  - Already have ACK (at simulation time 278.000,000,000 s)
2025-06-06 16:07:51,877 INFO  - Already have ACK (at simulation time 278.000,000,000 s)
2025-06-06 16:07:51,877 INFO  - Already have ACK (at simulation time 278.000,000,000 s)
2025-06-06 16:07:51,877 INFO  - Already have ACK (at simulation time 278.000,000,000 s)
2025-06-06 16:07:51,877 INFO  - Already have ACK (at simulation time 278.000,000,000 s)
2025-06-06 16:07:51,877 INFO  - Already have ACK (at simulation time 278.000,000,000 s)
2025-06-06 16:07:51,877 INFO  - Already have ACK (at simulation time 278.000,000,000 s)
2025-06-06 16:07:51,877 INFO  - Already have ACK (at simulation time 278.000,000,000 s)
2025-06-06 16:07:51,877 INFO  - Already have ACK (at simulation time 278.000,000,000 s)
2025-06-06 16:07:51,877 INFO  - Already have ACK (at simulation time 278.000,000,000 s)
2025-06-06 16:07:51,877 INFO  - Already have ACK (at simulation time 278.000,000,000 s)
2025-06-06 16:07:51,877 INFO  - Already have ACK (at simulation time 278.000,000,000 s)
2025-06-06 16:07:51,877 INFO  - Already have ACK (at simulation time 278.000,000,000 s)
2025-06-06 16:07:51,877 INFO  - Already have ACK (at simulation time 278.000,000,000 s)
2025-06-06 16:07:51,877 INFO  - Already have ACK (at simulation time 278.000,000,000 s)
2025-06-06 16:07:51,877 INFO  - Already have ACK (at simulation time 278.000,000,000 s)
2025-06-06 16:07:51,877 INFO  - Already have ACK (at simulation time 278.000,000,000 s)
2025-06-06 16:07:51,877 INFO  - Already have ACK (at simulation time 278.000,000,000 s)
2025-06-06 16:07:51,877 INFO  - Already have ACK (at simulation time 278.000,000,000 s)
2025-06-06 16:07:51,877 INFO  - Already have ACK (at simulation time 278.000,000,000 s)
2025-06-06 16:07:51,877 INFO  - Already have ACK (at simulation time 278.000,000,000 s)
2025-06-06 16:07:51,877 INFO  - Already have ACK (at simulation time 278.000,000,000 s)
2025-06-06 16:07:51,877 INFO  - Already have ACK (at simulation time 278.000,000,000 s)
2025-06-06 16:07:51,877 INFO  - Already have ACK (at simulation time 278.000,000,000 s)
2025-06-06 16:07:51,877 INFO  - Already have ACK (at simulation time 278.000,000,000 s)
2025-06-06 16:07:51,877 INFO  - Already have ACK (at simulation time 278.000,000,000 s)
2025-06-06 16:07:51,877 INFO  - Already have ACK (at simulation time 278.000,000,000 s)
2025-06-06 16:07:51,877 INFO  - Already have ACK (at simulation time 278.000,000,000 s)
2025-06-06 16:07:51,877 INFO  - Already have ACK (at simulation time 278.000,000,000 s)
2025-06-06 16:07:51,877 INFO  - Already have ACK (at simulation time 278.000,000,000 s)
2025-06-06 16:07:51,877 INFO  - Already have ACK (at simulation time 278.000,000,000 s)
2025-06-06 16:07:51,877 INFO  - Already have ACK (at simulation time 278.000,000,000 s)
2025-06-06 16:07:51,877 INFO  - Already have ACK (at simulation time 278.000,000,000 s)
2025-06-06 16:07:51,877 INFO  - Already have ACK (at simulation time 278.000,000,000 s)
2025-06-06 16:07:51,877 INFO  - Already have ACK (at simulation time 278.000,000,000 s)
2025-06-06 16:07:51,877 INFO  - Already have ACK (at simulation time 278.000,000,000 s)
2025-06-06 16:07:51,877 INFO  - Already have ACK (at simulation time 278.000,000,000 s)
2025-06-06 16:07:51,877 INFO  - Already have ACK (at simulation time 278.000,000,000 s)
2025-06-06 16:07:51,877 INFO  - Already have ACK (at simulation time 278.000,000,000 s)
2025-06-06 16:07:51,877 INFO  - Already have ACK (at simulation time 278.000,000,000 s)
2025-06-06 16:07:51,877 INFO  - Already have ACK (at simulation time 278.000,000,000 s)
2025-06-06 16:07:51,877 INFO  - Already have ACK (at simulation time 278.000,000,000 s)
2025-06-06 16:07:51,877 INFO  - Already have ACK (at simulation time 278.000,000,000 s)
2025-06-06 16:07:51,877 INFO  - Already have ACK (at simulation time 278.000,000,000 s)
2025-06-06 16:07:51,877 INFO  - Already have ACK (at simulation time 278.000,000,000 s)
2025-06-06 16:07:51,877 INFO  - Already have ACK (at simulation time 278.000,000,000 s)
2025-06-06 16:07:51,877 INFO  - Already have ACK (at simulation time 278.000,000,000 s)
2025-06-06 16:07:51,877 INFO  - Already have ACK (at simulation time 278.000,000,000 s)
2025-06-06 16:07:51,877 INFO  - Already have ACK (at simulation time 278.000,000,000 s)
2025-06-06 16:07:51,877 INFO  - Already have ACK (at simulation time 278.000,000,000 s)
2025-06-06 16:07:51,878 INFO  - Already have ACK (at simulation time 278.000,000,000 s)
2025-06-06 16:07:51,878 INFO  - Already have ACK (at simulation time 278.000,000,000 s)
2025-06-06 16:07:51,878 INFO  - Already have ACK (at simulation time 278.000,000,000 s)
2025-06-06 16:07:51,878 INFO  - Already have ACK (at simulation time 278.000,000,000 s)
2025-06-06 16:07:51,878 INFO  - Already have ACK (at simulation time 278.000,000,000 s)
2025-06-06 16:07:51,879 INFO  - Already have ACK (at simulation time 279.000,000,000 s)
2025-06-06 16:07:51,880 INFO  - Already have ACK (at simulation time 279.000,000,000 s)
2025-06-06 16:07:51,880 INFO  - Already have ACK (at simulation time 279.000,000,000 s)
2025-06-06 16:07:51,880 INFO  - Already have ACK (at simulation time 279.000,000,000 s)
2025-06-06 16:07:51,880 INFO  - Already have ACK (at simulation time 279.000,000,000 s)
2025-06-06 16:07:51,880 INFO  - Already have ACK (at simulation time 279.000,000,000 s)
2025-06-06 16:07:51,880 INFO  - Already have ACK (at simulation time 279.000,000,000 s)
2025-06-06 16:07:51,880 INFO  - Already have ACK (at simulation time 279.000,000,000 s)
2025-06-06 16:07:51,880 INFO  - Already have ACK (at simulation time 279.000,000,000 s)
2025-06-06 16:07:51,880 INFO  - Already have ACK (at simulation time 279.000,000,000 s)
2025-06-06 16:07:51,880 INFO  - Already have ACK (at simulation time 279.000,000,000 s)
2025-06-06 16:07:51,880 INFO  - Already have ACK (at simulation time 279.000,000,000 s)
2025-06-06 16:07:51,880 INFO  - Already have ACK (at simulation time 279.000,000,000 s)
2025-06-06 16:07:51,880 INFO  - Already have ACK (at simulation time 279.000,000,000 s)
2025-06-06 16:07:51,880 INFO  - Already have ACK (at simulation time 279.000,000,000 s)
2025-06-06 16:07:51,880 INFO  - Already have ACK (at simulation time 279.000,000,000 s)
2025-06-06 16:07:51,880 INFO  - Already have ACK (at simulation time 279.000,000,000 s)
2025-06-06 16:07:51,880 INFO  - Already have ACK (at simulation time 279.000,000,000 s)
2025-06-06 16:07:51,881 INFO  - Already have ACK (at simulation time 279.000,000,000 s)
2025-06-06 16:07:51,881 INFO  - Already have ACK (at simulation time 279.000,000,000 s)
2025-06-06 16:07:51,881 INFO  - Already have ACK (at simulation time 279.000,000,000 s)
2025-06-06 16:07:51,881 INFO  - Already have ACK (at simulation time 279.000,000,000 s)
2025-06-06 16:07:51,881 INFO  - Already have ACK (at simulation time 279.000,000,000 s)
2025-06-06 16:07:51,881 INFO  - Already have ACK (at simulation time 279.000,000,000 s)
2025-06-06 16:07:51,881 INFO  - Already have ACK (at simulation time 279.000,000,000 s)
2025-06-06 16:07:51,881 INFO  - Already have ACK (at simulation time 279.000,000,000 s)
2025-06-06 16:07:51,881 INFO  - Already have ACK (at simulation time 279.000,000,000 s)
2025-06-06 16:07:51,881 INFO  - Already have ACK (at simulation time 279.000,000,000 s)
2025-06-06 16:07:51,881 INFO  - Already have ACK (at simulation time 279.000,000,000 s)
2025-06-06 16:07:51,881 INFO  - Already have ACK (at simulation time 279.000,000,000 s)
2025-06-06 16:07:51,881 INFO  - Already have ACK (at simulation time 279.000,000,000 s)
2025-06-06 16:07:51,881 INFO  - Already have ACK (at simulation time 279.000,000,000 s)
2025-06-06 16:07:51,881 INFO  - Already have ACK (at simulation time 279.000,000,000 s)
2025-06-06 16:07:51,881 INFO  - Already have ACK (at simulation time 279.000,000,000 s)
2025-06-06 16:07:51,881 INFO  - Already have ACK (at simulation time 279.000,000,000 s)
2025-06-06 16:07:51,881 INFO  - Already have ACK (at simulation time 279.000,000,000 s)
2025-06-06 16:07:51,881 INFO  - Already have ACK (at simulation time 279.000,000,000 s)
2025-06-06 16:07:51,881 INFO  - Already have ACK (at simulation time 279.000,000,000 s)
2025-06-06 16:07:51,881 INFO  - Already have ACK (at simulation time 279.000,000,000 s)
2025-06-06 16:07:51,881 INFO  - Already have ACK (at simulation time 279.000,000,000 s)
2025-06-06 16:07:51,881 INFO  - Already have ACK (at simulation time 279.000,000,000 s)
2025-06-06 16:07:51,882 INFO  - Already have ACK (at simulation time 279.000,000,000 s)
2025-06-06 16:07:51,882 INFO  - Already have ACK (at simulation time 279.000,000,000 s)
2025-06-06 16:07:51,882 INFO  - Already have ACK (at simulation time 279.000,000,000 s)
2025-06-06 16:07:51,882 INFO  - Already have ACK (at simulation time 279.000,000,000 s)
2025-06-06 16:07:51,882 INFO  - Already have ACK (at simulation time 279.000,000,000 s)
2025-06-06 16:07:51,882 INFO  - Already have ACK (at simulation time 279.000,000,000 s)
2025-06-06 16:07:51,882 INFO  - Already have ACK (at simulation time 279.000,000,000 s)
2025-06-06 16:07:51,882 INFO  - Already have ACK (at simulation time 279.000,000,000 s)
2025-06-06 16:07:51,882 INFO  - Already have ACK (at simulation time 279.000,000,000 s)
2025-06-06 16:07:51,882 INFO  - Already have ACK (at simulation time 279.000,000,000 s)
2025-06-06 16:07:51,882 INFO  - Already have ACK (at simulation time 279.000,000,000 s)
2025-06-06 16:07:51,882 INFO  - Already have ACK (at simulation time 279.000,000,000 s)
2025-06-06 16:07:51,882 INFO  - Already have ACK (at simulation time 279.000,000,000 s)
2025-06-06 16:07:51,882 INFO  - Already have ACK (at simulation time 279.000,000,000 s)
2025-06-06 16:07:51,882 INFO  - Already have ACK (at simulation time 279.000,000,000 s)
2025-06-06 16:07:51,882 INFO  - Already have ACK (at simulation time 279.000,000,000 s)
2025-06-06 16:07:51,882 INFO  - Already have ACK (at simulation time 279.000,000,000 s)
2025-06-06 16:07:51,882 INFO  - Already have ACK (at simulation time 279.000,000,000 s)
2025-06-06 16:07:51,882 INFO  - Already have ACK (at simulation time 279.000,000,000 s)
2025-06-06 16:07:51,882 INFO  - Already have ACK (at simulation time 279.000,000,000 s)
2025-06-06 16:07:51,882 INFO  - Already have ACK (at simulation time 279.000,000,000 s)
2025-06-06 16:07:51,882 INFO  - Already have ACK (at simulation time 279.000,000,000 s)
2025-06-06 16:07:51,882 INFO  - Already have ACK (at simulation time 279.000,000,000 s)
2025-06-06 16:07:51,882 INFO  - Already have ACK (at simulation time 279.000,000,000 s)
2025-06-06 16:07:51,882 INFO  - Already have ACK (at simulation time 279.000,000,000 s)
2025-06-06 16:07:51,882 INFO  - Already have ACK (at simulation time 279.000,000,000 s)
2025-06-06 16:07:51,882 INFO  - Already have ACK (at simulation time 279.000,000,000 s)
2025-06-06 16:07:51,882 INFO  - Already have ACK (at simulation time 279.000,000,000 s)
2025-06-06 16:07:51,882 INFO  - Already have ACK (at simulation time 279.000,000,000 s)
2025-06-06 16:07:51,882 INFO  - Already have ACK (at simulation time 279.000,000,000 s)
2025-06-06 16:07:51,882 INFO  - Already have ACK (at simulation time 279.000,000,000 s)
2025-06-06 16:07:51,882 INFO  - Already have ACK (at simulation time 279.000,000,000 s)
2025-06-06 16:07:51,882 INFO  - Already have ACK (at simulation time 279.000,000,000 s)
2025-06-06 16:07:51,882 INFO  - Already have ACK (at simulation time 279.000,000,000 s)
2025-06-06 16:07:51,882 INFO  - Already have ACK (at simulation time 279.000,000,000 s)
2025-06-06 16:07:51,882 INFO  - Already have ACK (at simulation time 279.000,000,000 s)
2025-06-06 16:07:51,882 INFO  - Already have ACK (at simulation time 279.000,000,000 s)
2025-06-06 16:07:51,882 INFO  - Already have ACK (at simulation time 279.000,000,000 s)
2025-06-06 16:07:51,882 INFO  - Already have ACK (at simulation time 279.000,000,000 s)
2025-06-06 16:07:51,882 INFO  - Already have ACK (at simulation time 279.000,000,000 s)
2025-06-06 16:07:51,882 INFO  - Already have ACK (at simulation time 279.000,000,000 s)
2025-06-06 16:07:51,882 INFO  - Already have ACK (at simulation time 279.000,000,000 s)
2025-06-06 16:07:51,882 INFO  - Already have ACK (at simulation time 279.000,000,000 s)
2025-06-06 16:07:51,882 INFO  - Already have ACK (at simulation time 279.000,000,000 s)
2025-06-06 16:07:51,882 INFO  - Already have ACK (at simulation time 279.000,000,000 s)
2025-06-06 16:07:51,882 INFO  - Already have ACK (at simulation time 279.000,000,000 s)
2025-06-06 16:07:51,882 INFO  - Already have ACK (at simulation time 279.000,000,000 s)
2025-06-06 16:07:51,882 INFO  - Already have ACK (at simulation time 279.000,000,000 s)
2025-06-06 16:07:51,882 INFO  - Already have ACK (at simulation time 279.000,000,000 s)
2025-06-06 16:07:51,882 INFO  - Already have ACK (at simulation time 279.000,000,000 s)
2025-06-06 16:07:51,882 INFO  - Already have ACK (at simulation time 279.000,000,000 s)
2025-06-06 16:07:51,882 INFO  - Already have ACK (at simulation time 279.000,000,000 s)
2025-06-06 16:07:51,882 INFO  - Already have ACK (at simulation time 279.000,000,000 s)
2025-06-06 16:07:51,882 INFO  - Already have ACK (at simulation time 279.000,000,000 s)
2025-06-06 16:07:51,882 INFO  - Already have ACK (at simulation time 279.000,000,000 s)
2025-06-06 16:07:51,882 INFO  - Already have ACK (at simulation time 279.000,000,000 s)
2025-06-06 16:07:51,882 INFO  - Already have ACK (at simulation time 279.000,000,000 s)
2025-06-06 16:07:51,882 INFO  - Already have ACK (at simulation time 279.000,000,000 s)
2025-06-06 16:07:51,884 INFO  - Already have ACK (at simulation time 280.000,000,000 s)
2025-06-06 16:07:51,884 INFO  - Already have ACK (at simulation time 280.000,000,000 s)
2025-06-06 16:07:51,884 INFO  - Already have ACK (at simulation time 280.000,000,000 s)
2025-06-06 16:07:51,884 INFO  - Already have ACK (at simulation time 280.000,000,000 s)
2025-06-06 16:07:51,884 INFO  - Already have ACK (at simulation time 280.000,000,000 s)
2025-06-06 16:07:51,884 INFO  - Already have ACK (at simulation time 280.000,000,000 s)
2025-06-06 16:07:51,884 INFO  - Already have ACK (at simulation time 280.000,000,000 s)
2025-06-06 16:07:51,884 INFO  - Already have ACK (at simulation time 280.000,000,000 s)
2025-06-06 16:07:51,884 INFO  - Already have ACK (at simulation time 280.000,000,000 s)
2025-06-06 16:07:51,884 INFO  - Already have ACK (at simulation time 280.000,000,000 s)
2025-06-06 16:07:51,884 INFO  - Already have ACK (at simulation time 280.000,000,000 s)
2025-06-06 16:07:51,884 INFO  - Already have ACK (at simulation time 280.000,000,000 s)
2025-06-06 16:07:51,884 INFO  - Already have ACK (at simulation time 280.000,000,000 s)
2025-06-06 16:07:51,885 INFO  - Already have ACK (at simulation time 280.000,000,000 s)
2025-06-06 16:07:51,885 INFO  - Already have ACK (at simulation time 280.000,000,000 s)
2025-06-06 16:07:51,885 INFO  - Already have ACK (at simulation time 280.000,000,000 s)
2025-06-06 16:07:51,885 INFO  - Already have ACK (at simulation time 280.000,000,000 s)
2025-06-06 16:07:51,885 INFO  - Already have ACK (at simulation time 280.000,000,000 s)
2025-06-06 16:07:51,885 INFO  - Already have ACK (at simulation time 280.000,000,000 s)
2025-06-06 16:07:51,885 INFO  - Already have ACK (at simulation time 280.000,000,000 s)
2025-06-06 16:07:51,885 INFO  - Already have ACK (at simulation time 280.000,000,000 s)
2025-06-06 16:07:51,885 INFO  - Already have ACK (at simulation time 280.000,000,000 s)
2025-06-06 16:07:51,885 INFO  - Already have ACK (at simulation time 280.000,000,000 s)
2025-06-06 16:07:51,885 INFO  - Already have ACK (at simulation time 280.000,000,000 s)
2025-06-06 16:07:51,885 INFO  - Already have ACK (at simulation time 280.000,000,000 s)
2025-06-06 16:07:51,885 INFO  - Already have ACK (at simulation time 280.000,000,000 s)
2025-06-06 16:07:51,885 INFO  - Already have ACK (at simulation time 280.000,000,000 s)
2025-06-06 16:07:51,885 INFO  - Already have ACK (at simulation time 280.000,000,000 s)
2025-06-06 16:07:51,885 INFO  - Already have ACK (at simulation time 280.000,000,000 s)
2025-06-06 16:07:51,885 INFO  - Already have ACK (at simulation time 280.000,000,000 s)
2025-06-06 16:07:51,885 INFO  - Already have ACK (at simulation time 280.000,000,000 s)
2025-06-06 16:07:51,885 INFO  - Already have ACK (at simulation time 280.000,000,000 s)
2025-06-06 16:07:51,885 INFO  - Already have ACK (at simulation time 280.000,000,000 s)
2025-06-06 16:07:51,885 INFO  - Already have ACK (at simulation time 280.000,000,000 s)
2025-06-06 16:07:51,886 INFO  - Already have ACK (at simulation time 280.000,000,000 s)
2025-06-06 16:07:51,886 INFO  - Already have ACK (at simulation time 280.000,000,000 s)
2025-06-06 16:07:51,886 INFO  - Already have ACK (at simulation time 280.000,000,000 s)
2025-06-06 16:07:51,886 INFO  - Already have ACK (at simulation time 280.000,000,000 s)
2025-06-06 16:07:51,886 INFO  - Already have ACK (at simulation time 280.000,000,000 s)
2025-06-06 16:07:51,886 INFO  - Already have ACK (at simulation time 280.000,000,000 s)
2025-06-06 16:07:51,886 INFO  - Already have ACK (at simulation time 280.000,000,000 s)
2025-06-06 16:07:51,886 INFO  - Already have ACK (at simulation time 280.000,000,000 s)
2025-06-06 16:07:51,886 INFO  - Already have ACK (at simulation time 280.000,000,000 s)
2025-06-06 16:07:51,886 INFO  - Already have ACK (at simulation time 280.000,000,000 s)
2025-06-06 16:07:51,886 INFO  - Already have ACK (at simulation time 280.000,000,000 s)
2025-06-06 16:07:51,886 INFO  - Already have ACK (at simulation time 280.000,000,000 s)
2025-06-06 16:07:51,886 INFO  - Already have ACK (at simulation time 280.000,000,000 s)
2025-06-06 16:07:51,886 INFO  - Already have ACK (at simulation time 280.000,000,000 s)
2025-06-06 16:07:51,886 INFO  - Already have ACK (at simulation time 280.000,000,000 s)
2025-06-06 16:07:51,886 INFO  - Already have ACK (at simulation time 280.000,000,000 s)
2025-06-06 16:07:51,886 INFO  - Already have ACK (at simulation time 280.000,000,000 s)
2025-06-06 16:07:51,886 INFO  - Already have ACK (at simulation time 280.000,000,000 s)
2025-06-06 16:07:51,886 INFO  - Already have ACK (at simulation time 280.000,000,000 s)
2025-06-06 16:07:51,886 INFO  - Already have ACK (at simulation time 280.000,000,000 s)
2025-06-06 16:07:51,886 INFO  - Already have ACK (at simulation time 280.000,000,000 s)
2025-06-06 16:07:51,886 INFO  - Already have ACK (at simulation time 280.000,000,000 s)
2025-06-06 16:07:51,886 INFO  - Already have ACK (at simulation time 280.000,000,000 s)
2025-06-06 16:07:51,886 INFO  - Already have ACK (at simulation time 280.000,000,000 s)
2025-06-06 16:07:51,886 INFO  - Already have ACK (at simulation time 280.000,000,000 s)
2025-06-06 16:07:51,886 INFO  - Already have ACK (at simulation time 280.000,000,000 s)
2025-06-06 16:07:51,886 INFO  - Already have ACK (at simulation time 280.000,000,000 s)
2025-06-06 16:07:51,886 INFO  - Already have ACK (at simulation time 280.000,000,000 s)
2025-06-06 16:07:51,886 INFO  - Already have ACK (at simulation time 280.000,000,000 s)
2025-06-06 16:07:51,886 INFO  - Already have ACK (at simulation time 280.000,000,000 s)
2025-06-06 16:07:51,886 INFO  - Already have ACK (at simulation time 280.000,000,000 s)
2025-06-06 16:07:51,886 INFO  - Already have ACK (at simulation time 280.000,000,000 s)
2025-06-06 16:07:51,886 INFO  - Already have ACK (at simulation time 280.000,000,000 s)
2025-06-06 16:07:51,886 INFO  - Already have ACK (at simulation time 280.000,000,000 s)
2025-06-06 16:07:51,886 INFO  - Already have ACK (at simulation time 280.000,000,000 s)
2025-06-06 16:07:51,886 INFO  - Already have ACK (at simulation time 280.000,000,000 s)
2025-06-06 16:07:51,887 INFO  - Already have ACK (at simulation time 280.000,000,000 s)
2025-06-06 16:07:51,887 INFO  - Already have ACK (at simulation time 280.000,000,000 s)
2025-06-06 16:07:51,887 INFO  - Already have ACK (at simulation time 280.000,000,000 s)
2025-06-06 16:07:51,887 INFO  - Already have ACK (at simulation time 280.000,000,000 s)
2025-06-06 16:07:51,887 INFO  - Already have ACK (at simulation time 280.000,000,000 s)
2025-06-06 16:07:51,887 INFO  - Already have ACK (at simulation time 280.000,000,000 s)
2025-06-06 16:07:51,887 INFO  - Already have ACK (at simulation time 280.000,000,000 s)
2025-06-06 16:07:51,887 INFO  - Already have ACK (at simulation time 280.000,000,000 s)
2025-06-06 16:07:51,887 INFO  - Already have ACK (at simulation time 280.000,000,000 s)
2025-06-06 16:07:51,887 INFO  - Already have ACK (at simulation time 280.000,000,000 s)
2025-06-06 16:07:51,887 INFO  - Already have ACK (at simulation time 280.000,000,000 s)
2025-06-06 16:07:51,887 INFO  - Already have ACK (at simulation time 280.000,000,000 s)
2025-06-06 16:07:51,887 INFO  - Already have ACK (at simulation time 280.000,000,000 s)
2025-06-06 16:07:51,887 INFO  - Already have ACK (at simulation time 280.000,000,000 s)
2025-06-06 16:07:51,887 INFO  - Already have ACK (at simulation time 280.000,000,000 s)
2025-06-06 16:07:51,887 INFO  - Already have ACK (at simulation time 280.000,000,000 s)
2025-06-06 16:07:51,887 INFO  - Already have ACK (at simulation time 280.000,000,000 s)
2025-06-06 16:07:51,887 INFO  - Already have ACK (at simulation time 280.000,000,000 s)
2025-06-06 16:07:51,887 INFO  - Already have ACK (at simulation time 280.000,000,000 s)
2025-06-06 16:07:51,887 INFO  - Already have ACK (at simulation time 280.000,000,000 s)
2025-06-06 16:07:51,887 INFO  - Already have ACK (at simulation time 280.000,000,000 s)
2025-06-06 16:07:51,887 INFO  - Already have ACK (at simulation time 280.000,000,000 s)
2025-06-06 16:07:51,887 INFO  - Already have ACK (at simulation time 280.000,000,000 s)
2025-06-06 16:07:51,887 INFO  - Already have ACK (at simulation time 280.000,000,000 s)
2025-06-06 16:07:51,887 INFO  - Already have ACK (at simulation time 280.000,000,000 s)
2025-06-06 16:07:51,887 INFO  - Already have ACK (at simulation time 280.000,000,000 s)
2025-06-06 16:07:51,887 INFO  - Already have ACK (at simulation time 280.000,000,000 s)
2025-06-06 16:07:51,887 INFO  - Already have ACK (at simulation time 280.000,000,000 s)
2025-06-06 16:07:51,887 INFO  - Already have ACK (at simulation time 280.000,000,000 s)
2025-06-06 16:07:51,887 INFO  - Already have ACK (at simulation time 280.000,000,000 s)
2025-06-06 16:07:51,887 INFO  - Received metrics from FogNode: avgR0=1.4285714285714286, avgR1=2.0 (at simulation time 280.001,300,000 s)
2025-06-06 16:07:51,888 INFO  - Sent periodic GreenWaveMsg: veh_34 on route r_0 (at simulation time 281.000,000,000 s)
2025-06-06 16:07:51,888 INFO  - Already have ACK (at simulation time 281.000,000,000 s)
2025-06-06 16:07:51,888 INFO  - Already have ACK (at simulation time 281.000,000,000 s)
2025-06-06 16:07:51,889 INFO  - Already have ACK (at simulation time 281.000,000,000 s)
2025-06-06 16:07:51,889 INFO  - Already have ACK (at simulation time 281.000,000,000 s)
2025-06-06 16:07:51,889 INFO  - Already have ACK (at simulation time 281.000,000,000 s)
2025-06-06 16:07:51,889 INFO  - Already have ACK (at simulation time 281.000,000,000 s)
2025-06-06 16:07:51,889 INFO  - Already have ACK (at simulation time 281.000,000,000 s)
2025-06-06 16:07:51,889 INFO  - Already have ACK (at simulation time 281.000,000,000 s)
2025-06-06 16:07:51,889 INFO  - Already have ACK (at simulation time 281.000,000,000 s)
2025-06-06 16:07:51,889 INFO  - Already have ACK (at simulation time 281.000,000,000 s)
2025-06-06 16:07:51,889 INFO  - Already have ACK (at simulation time 281.000,000,000 s)
2025-06-06 16:07:51,889 INFO  - Already have ACK (at simulation time 281.000,000,000 s)
2025-06-06 16:07:51,889 INFO  - Already have ACK (at simulation time 281.000,000,000 s)
2025-06-06 16:07:51,889 INFO  - Already have ACK (at simulation time 281.000,000,000 s)
2025-06-06 16:07:51,889 INFO  - Already have ACK (at simulation time 281.000,000,000 s)
2025-06-06 16:07:51,889 INFO  - Already have ACK (at simulation time 281.000,000,000 s)
2025-06-06 16:07:51,889 INFO  - Already have ACK (at simulation time 281.000,000,000 s)
2025-06-06 16:07:51,889 INFO  - Already have ACK (at simulation time 281.000,000,000 s)
2025-06-06 16:07:51,889 INFO  - Already have ACK (at simulation time 281.000,000,000 s)
2025-06-06 16:07:51,889 INFO  - Already have ACK (at simulation time 281.000,000,000 s)
2025-06-06 16:07:51,890 INFO  - Already have ACK (at simulation time 281.000,000,000 s)
2025-06-06 16:07:51,890 INFO  - Already have ACK (at simulation time 281.000,000,000 s)
2025-06-06 16:07:51,890 INFO  - Already have ACK (at simulation time 281.000,000,000 s)
2025-06-06 16:07:51,890 INFO  - Already have ACK (at simulation time 281.000,000,000 s)
2025-06-06 16:07:51,890 INFO  - Already have ACK (at simulation time 281.000,000,000 s)
2025-06-06 16:07:51,890 INFO  - Already have ACK (at simulation time 281.000,000,000 s)
2025-06-06 16:07:51,890 INFO  - Already have ACK (at simulation time 281.000,000,000 s)
2025-06-06 16:07:51,890 INFO  - Already have ACK (at simulation time 281.000,000,000 s)
2025-06-06 16:07:51,890 INFO  - Already have ACK (at simulation time 281.000,000,000 s)
2025-06-06 16:07:51,890 INFO  - Already have ACK (at simulation time 281.000,000,000 s)
2025-06-06 16:07:51,890 INFO  - Already have ACK (at simulation time 281.000,000,000 s)
2025-06-06 16:07:51,890 INFO  - Already have ACK (at simulation time 281.000,000,000 s)
2025-06-06 16:07:51,890 INFO  - Already have ACK (at simulation time 281.000,000,000 s)
2025-06-06 16:07:51,890 INFO  - Already have ACK (at simulation time 281.000,000,000 s)
2025-06-06 16:07:51,890 INFO  - Already have ACK (at simulation time 281.000,000,000 s)
2025-06-06 16:07:51,890 INFO  - Already have ACK (at simulation time 281.000,000,000 s)
2025-06-06 16:07:51,890 INFO  - Already have ACK (at simulation time 281.000,000,000 s)
2025-06-06 16:07:51,890 INFO  - Already have ACK (at simulation time 281.000,000,000 s)
2025-06-06 16:07:51,891 INFO  - Already have ACK (at simulation time 281.000,000,000 s)
2025-06-06 16:07:51,891 INFO  - Already have ACK (at simulation time 281.000,000,000 s)
2025-06-06 16:07:51,891 INFO  - Already have ACK (at simulation time 281.000,000,000 s)
2025-06-06 16:07:51,891 INFO  - Already have ACK (at simulation time 281.000,000,000 s)
2025-06-06 16:07:51,891 INFO  - Already have ACK (at simulation time 281.000,000,000 s)
2025-06-06 16:07:51,891 INFO  - Already have ACK (at simulation time 281.000,000,000 s)
2025-06-06 16:07:51,891 INFO  - Already have ACK (at simulation time 281.000,000,000 s)
2025-06-06 16:07:51,891 INFO  - Already have ACK (at simulation time 281.000,000,000 s)
2025-06-06 16:07:51,891 INFO  - Already have ACK (at simulation time 281.000,000,000 s)
2025-06-06 16:07:51,891 INFO  - Already have ACK (at simulation time 281.000,000,000 s)
2025-06-06 16:07:51,891 INFO  - Already have ACK (at simulation time 281.000,000,000 s)
2025-06-06 16:07:51,891 INFO  - Already have ACK (at simulation time 281.000,000,000 s)
2025-06-06 16:07:51,891 INFO  - Already have ACK (at simulation time 281.000,000,000 s)
2025-06-06 16:07:51,891 INFO  - Already have ACK (at simulation time 281.000,000,000 s)
2025-06-06 16:07:51,891 INFO  - Already have ACK (at simulation time 281.000,000,000 s)
2025-06-06 16:07:51,891 INFO  - Already have ACK (at simulation time 281.000,000,000 s)
2025-06-06 16:07:51,891 INFO  - Already have ACK (at simulation time 281.000,000,000 s)
2025-06-06 16:07:51,891 INFO  - Already have ACK (at simulation time 281.000,000,000 s)
2025-06-06 16:07:51,891 INFO  - Already have ACK (at simulation time 281.000,000,000 s)
2025-06-06 16:07:51,891 INFO  - Already have ACK (at simulation time 281.000,000,000 s)
2025-06-06 16:07:51,891 INFO  - Already have ACK (at simulation time 281.000,000,000 s)
2025-06-06 16:07:51,891 INFO  - Already have ACK (at simulation time 281.000,000,000 s)
2025-06-06 16:07:51,891 INFO  - Already have ACK (at simulation time 281.000,000,000 s)
2025-06-06 16:07:51,891 INFO  - Already have ACK (at simulation time 281.000,000,000 s)
2025-06-06 16:07:51,891 INFO  - Already have ACK (at simulation time 281.000,000,000 s)
2025-06-06 16:07:51,891 INFO  - Already have ACK (at simulation time 281.000,000,000 s)
2025-06-06 16:07:51,891 INFO  - Already have ACK (at simulation time 281.000,000,000 s)
2025-06-06 16:07:51,892 INFO  - Already have ACK (at simulation time 281.000,000,000 s)
2025-06-06 16:07:51,892 INFO  - Already have ACK (at simulation time 281.000,000,000 s)
2025-06-06 16:07:51,892 INFO  - Already have ACK (at simulation time 281.000,000,000 s)
2025-06-06 16:07:51,892 INFO  - Already have ACK (at simulation time 281.000,000,000 s)
2025-06-06 16:07:51,892 INFO  - Already have ACK (at simulation time 281.000,000,000 s)
2025-06-06 16:07:51,892 INFO  - Already have ACK (at simulation time 281.000,000,000 s)
2025-06-06 16:07:51,892 INFO  - Already have ACK (at simulation time 281.000,000,000 s)
2025-06-06 16:07:51,892 INFO  - Already have ACK (at simulation time 281.000,000,000 s)
2025-06-06 16:07:51,892 INFO  - Already have ACK (at simulation time 281.000,000,000 s)
2025-06-06 16:07:51,892 INFO  - Already have ACK (at simulation time 281.000,000,000 s)
2025-06-06 16:07:51,892 INFO  - Already have ACK (at simulation time 281.000,000,000 s)
2025-06-06 16:07:51,892 INFO  - Already have ACK (at simulation time 281.000,000,000 s)
2025-06-06 16:07:51,892 INFO  - Already have ACK (at simulation time 281.000,000,000 s)
2025-06-06 16:07:51,892 INFO  - Already have ACK (at simulation time 281.000,000,000 s)
2025-06-06 16:07:51,892 INFO  - Already have ACK (at simulation time 281.000,000,000 s)
2025-06-06 16:07:51,892 INFO  - Already have ACK (at simulation time 281.000,000,000 s)
2025-06-06 16:07:51,892 INFO  - Already have ACK (at simulation time 281.000,000,000 s)
2025-06-06 16:07:51,892 INFO  - Already have ACK (at simulation time 281.000,000,000 s)
2025-06-06 16:07:51,892 INFO  - Already have ACK (at simulation time 281.000,000,000 s)
2025-06-06 16:07:51,892 INFO  - Already have ACK (at simulation time 281.000,000,000 s)
2025-06-06 16:07:51,892 INFO  - Already have ACK (at simulation time 281.000,000,000 s)
2025-06-06 16:07:51,892 INFO  - Already have ACK (at simulation time 281.000,000,000 s)
2025-06-06 16:07:51,892 INFO  - Already have ACK (at simulation time 281.000,000,000 s)
2025-06-06 16:07:51,892 INFO  - Already have ACK (at simulation time 281.000,000,000 s)
2025-06-06 16:07:51,892 INFO  - Already have ACK (at simulation time 281.000,000,000 s)
2025-06-06 16:07:51,892 INFO  - Already have ACK (at simulation time 281.000,000,000 s)
2025-06-06 16:07:51,892 INFO  - Already have ACK (at simulation time 281.000,000,000 s)
2025-06-06 16:07:51,892 INFO  - Already have ACK (at simulation time 281.000,000,000 s)
2025-06-06 16:07:51,892 INFO  - Already have ACK (at simulation time 281.000,000,000 s)
2025-06-06 16:07:51,892 INFO  - Already have ACK (at simulation time 281.000,000,000 s)
2025-06-06 16:07:51,892 INFO  - Already have ACK (at simulation time 281.000,000,000 s)
2025-06-06 16:07:51,892 INFO  - Already have ACK (at simulation time 281.000,000,000 s)
2025-06-06 16:07:51,892 INFO  - Already have ACK (at simulation time 281.000,000,000 s)
2025-06-06 16:07:51,892 INFO  - Already have ACK (at simulation time 281.000,000,000 s)
2025-06-06 16:07:51,892 INFO  - Already have ACK (at simulation time 281.000,000,000 s)
2025-06-06 16:07:51,892 INFO  - Already have ACK (at simulation time 281.000,000,000 s)
2025-06-06 16:07:51,893 INFO  - Already have ACK (at simulation time 282.000,000,000 s)
2025-06-06 16:07:51,893 INFO  - Already have ACK (at simulation time 282.000,000,000 s)
2025-06-06 16:07:51,893 INFO  - Already have ACK (at simulation time 282.000,000,000 s)
2025-06-06 16:07:51,893 INFO  - Already have ACK (at simulation time 282.000,000,000 s)
2025-06-06 16:07:51,893 INFO  - Already have ACK (at simulation time 282.000,000,000 s)
2025-06-06 16:07:51,893 INFO  - Already have ACK (at simulation time 282.000,000,000 s)
2025-06-06 16:07:51,893 INFO  - Already have ACK (at simulation time 282.000,000,000 s)
2025-06-06 16:07:51,894 INFO  - Already have ACK (at simulation time 282.000,000,000 s)
2025-06-06 16:07:51,894 INFO  - Already have ACK (at simulation time 282.000,000,000 s)
2025-06-06 16:07:51,894 INFO  - Already have ACK (at simulation time 282.000,000,000 s)
2025-06-06 16:07:51,894 INFO  - Already have ACK (at simulation time 282.000,000,000 s)
2025-06-06 16:07:51,894 INFO  - Already have ACK (at simulation time 282.000,000,000 s)
2025-06-06 16:07:51,894 INFO  - Already have ACK (at simulation time 282.000,000,000 s)
2025-06-06 16:07:51,894 INFO  - Already have ACK (at simulation time 282.000,000,000 s)
2025-06-06 16:07:51,894 INFO  - Already have ACK (at simulation time 282.000,000,000 s)
2025-06-06 16:07:51,894 INFO  - Already have ACK (at simulation time 282.000,000,000 s)
2025-06-06 16:07:51,894 INFO  - Already have ACK (at simulation time 282.000,000,000 s)
2025-06-06 16:07:51,894 INFO  - Already have ACK (at simulation time 282.000,000,000 s)
2025-06-06 16:07:51,894 INFO  - Already have ACK (at simulation time 282.000,000,000 s)
2025-06-06 16:07:51,894 INFO  - Already have ACK (at simulation time 282.000,000,000 s)
2025-06-06 16:07:51,894 INFO  - Already have ACK (at simulation time 282.000,000,000 s)
2025-06-06 16:07:51,894 INFO  - Already have ACK (at simulation time 282.000,000,000 s)
2025-06-06 16:07:51,894 INFO  - Already have ACK (at simulation time 282.000,000,000 s)
2025-06-06 16:07:51,894 INFO  - Already have ACK (at simulation time 282.000,000,000 s)
2025-06-06 16:07:51,894 INFO  - Already have ACK (at simulation time 282.000,000,000 s)
2025-06-06 16:07:51,894 INFO  - Already have ACK (at simulation time 282.000,000,000 s)
2025-06-06 16:07:51,894 INFO  - Already have ACK (at simulation time 282.000,000,000 s)
2025-06-06 16:07:51,894 INFO  - Already have ACK (at simulation time 282.000,000,000 s)
2025-06-06 16:07:51,894 INFO  - Already have ACK (at simulation time 282.000,000,000 s)
2025-06-06 16:07:51,895 INFO  - Already have ACK (at simulation time 282.000,000,000 s)
2025-06-06 16:07:51,895 INFO  - Already have ACK (at simulation time 282.000,000,000 s)
2025-06-06 16:07:51,895 INFO  - Already have ACK (at simulation time 282.000,000,000 s)
2025-06-06 16:07:51,895 INFO  - Already have ACK (at simulation time 282.000,000,000 s)
2025-06-06 16:07:51,895 INFO  - Already have ACK (at simulation time 282.000,000,000 s)
2025-06-06 16:07:51,895 INFO  - Already have ACK (at simulation time 282.000,000,000 s)
2025-06-06 16:07:51,895 INFO  - Already have ACK (at simulation time 282.000,000,000 s)
2025-06-06 16:07:51,895 INFO  - Already have ACK (at simulation time 282.000,000,000 s)
2025-06-06 16:07:51,895 INFO  - Already have ACK (at simulation time 282.000,000,000 s)
2025-06-06 16:07:51,895 INFO  - Already have ACK (at simulation time 282.000,000,000 s)
2025-06-06 16:07:51,895 INFO  - Already have ACK (at simulation time 282.000,000,000 s)
2025-06-06 16:07:51,895 INFO  - Already have ACK (at simulation time 282.000,000,000 s)
2025-06-06 16:07:51,895 INFO  - Already have ACK (at simulation time 282.000,000,000 s)
2025-06-06 16:07:51,895 INFO  - Already have ACK (at simulation time 282.000,000,000 s)
2025-06-06 16:07:51,895 INFO  - Already have ACK (at simulation time 282.000,000,000 s)
2025-06-06 16:07:51,895 INFO  - Already have ACK (at simulation time 282.000,000,000 s)
2025-06-06 16:07:51,895 INFO  - Already have ACK (at simulation time 282.000,000,000 s)
2025-06-06 16:07:51,895 INFO  - Already have ACK (at simulation time 282.000,000,000 s)
2025-06-06 16:07:51,895 INFO  - Already have ACK (at simulation time 282.000,000,000 s)
2025-06-06 16:07:51,895 INFO  - Already have ACK (at simulation time 282.000,000,000 s)
2025-06-06 16:07:51,895 INFO  - Already have ACK (at simulation time 282.000,000,000 s)
2025-06-06 16:07:51,895 INFO  - Already have ACK (at simulation time 282.000,000,000 s)
2025-06-06 16:07:51,895 INFO  - Already have ACK (at simulation time 282.000,000,000 s)
2025-06-06 16:07:51,895 INFO  - Already have ACK (at simulation time 282.000,000,000 s)
2025-06-06 16:07:51,895 INFO  - Already have ACK (at simulation time 282.000,000,000 s)
2025-06-06 16:07:51,895 INFO  - Already have ACK (at simulation time 282.000,000,000 s)
2025-06-06 16:07:51,895 INFO  - Already have ACK (at simulation time 282.000,000,000 s)
2025-06-06 16:07:51,895 INFO  - Already have ACK (at simulation time 282.000,000,000 s)
2025-06-06 16:07:51,896 INFO  - Already have ACK (at simulation time 282.000,000,000 s)
2025-06-06 16:07:51,896 INFO  - Already have ACK (at simulation time 282.000,000,000 s)
2025-06-06 16:07:51,896 INFO  - Already have ACK (at simulation time 282.000,000,000 s)
2025-06-06 16:07:51,896 INFO  - Already have ACK (at simulation time 282.000,000,000 s)
2025-06-06 16:07:51,896 INFO  - Already have ACK (at simulation time 282.000,000,000 s)
2025-06-06 16:07:51,896 INFO  - Already have ACK (at simulation time 282.000,000,000 s)
2025-06-06 16:07:51,896 INFO  - Already have ACK (at simulation time 282.000,000,000 s)
2025-06-06 16:07:51,896 INFO  - Already have ACK (at simulation time 282.000,000,000 s)
2025-06-06 16:07:51,896 INFO  - Already have ACK (at simulation time 282.000,000,000 s)
2025-06-06 16:07:51,896 INFO  - Already have ACK (at simulation time 282.000,000,000 s)
2025-06-06 16:07:51,896 INFO  - Already have ACK (at simulation time 282.000,000,000 s)
2025-06-06 16:07:51,896 INFO  - Already have ACK (at simulation time 282.000,000,000 s)
2025-06-06 16:07:51,896 INFO  - Already have ACK (at simulation time 282.000,000,000 s)
2025-06-06 16:07:51,896 INFO  - Already have ACK (at simulation time 282.000,000,000 s)
2025-06-06 16:07:51,896 INFO  - Already have ACK (at simulation time 282.000,000,000 s)
2025-06-06 16:07:51,896 INFO  - Already have ACK (at simulation time 282.000,000,000 s)
2025-06-06 16:07:51,896 INFO  - Already have ACK (at simulation time 282.000,000,000 s)
2025-06-06 16:07:51,896 INFO  - Already have ACK (at simulation time 282.000,000,000 s)
2025-06-06 16:07:51,896 INFO  - Already have ACK (at simulation time 282.000,000,000 s)
2025-06-06 16:07:51,896 INFO  - Already have ACK (at simulation time 282.000,000,000 s)
2025-06-06 16:07:51,896 INFO  - Already have ACK (at simulation time 282.000,000,000 s)
2025-06-06 16:07:51,896 INFO  - Already have ACK (at simulation time 282.000,000,000 s)
2025-06-06 16:07:51,896 INFO  - Already have ACK (at simulation time 282.000,000,000 s)
2025-06-06 16:07:51,896 INFO  - Already have ACK (at simulation time 282.000,000,000 s)
2025-06-06 16:07:51,896 INFO  - Already have ACK (at simulation time 282.000,000,000 s)
2025-06-06 16:07:51,896 INFO  - Already have ACK (at simulation time 282.000,000,000 s)
2025-06-06 16:07:51,896 INFO  - Already have ACK (at simulation time 282.000,000,000 s)
2025-06-06 16:07:51,896 INFO  - Already have ACK (at simulation time 282.000,000,000 s)
2025-06-06 16:07:51,896 INFO  - Already have ACK (at simulation time 282.000,000,000 s)
2025-06-06 16:07:51,896 INFO  - Already have ACK (at simulation time 282.000,000,000 s)
2025-06-06 16:07:51,896 INFO  - Already have ACK (at simulation time 282.000,000,000 s)
2025-06-06 16:07:51,896 INFO  - Already have ACK (at simulation time 282.000,000,000 s)
2025-06-06 16:07:51,896 INFO  - Already have ACK (at simulation time 282.000,000,000 s)
2025-06-06 16:07:51,896 INFO  - Already have ACK (at simulation time 282.000,000,000 s)
2025-06-06 16:07:51,896 INFO  - Already have ACK (at simulation time 282.000,000,000 s)
2025-06-06 16:07:51,896 INFO  - Already have ACK (at simulation time 282.000,000,000 s)
2025-06-06 16:07:51,896 INFO  - Already have ACK (at simulation time 282.000,000,000 s)
2025-06-06 16:07:51,896 INFO  - Already have ACK (at simulation time 282.000,000,000 s)
2025-06-06 16:07:51,896 INFO  - Already have ACK (at simulation time 282.000,000,000 s)
2025-06-06 16:07:51,896 INFO  - Already have ACK (at simulation time 282.000,000,000 s)
2025-06-06 16:07:51,896 INFO  - Already have ACK (at simulation time 282.000,000,000 s)
2025-06-06 16:07:51,896 INFO  - Already have ACK (at simulation time 282.000,000,000 s)
2025-06-06 16:07:51,896 INFO  - Already have ACK (at simulation time 282.000,000,000 s)
2025-06-06 16:07:51,896 INFO  - Already have ACK (at simulation time 282.000,000,000 s)
2025-06-06 16:07:51,896 INFO  - Already have ACK (at simulation time 282.000,000,000 s)
2025-06-06 16:07:51,897 INFO  - Already have ACK (at simulation time 283.000,000,000 s)
2025-06-06 16:07:51,898 INFO  - Already have ACK (at simulation time 283.000,000,000 s)
2025-06-06 16:07:51,898 INFO  - Already have ACK (at simulation time 283.000,000,000 s)
2025-06-06 16:07:51,898 INFO  - Already have ACK (at simulation time 283.000,000,000 s)
2025-06-06 16:07:51,898 INFO  - Already have ACK (at simulation time 283.000,000,000 s)
2025-06-06 16:07:51,898 INFO  - Already have ACK (at simulation time 283.000,000,000 s)
2025-06-06 16:07:51,898 INFO  - Already have ACK (at simulation time 283.000,000,000 s)
2025-06-06 16:07:51,898 INFO  - Already have ACK (at simulation time 283.000,000,000 s)
2025-06-06 16:07:51,898 INFO  - Already have ACK (at simulation time 283.000,000,000 s)
2025-06-06 16:07:51,898 INFO  - Already have ACK (at simulation time 283.000,000,000 s)
2025-06-06 16:07:51,898 INFO  - Already have ACK (at simulation time 283.000,000,000 s)
2025-06-06 16:07:51,898 INFO  - Already have ACK (at simulation time 283.000,000,000 s)
2025-06-06 16:07:51,898 INFO  - Already have ACK (at simulation time 283.000,000,000 s)
2025-06-06 16:07:51,898 INFO  - Already have ACK (at simulation time 283.000,000,000 s)
2025-06-06 16:07:51,898 INFO  - Already have ACK (at simulation time 283.000,000,000 s)
2025-06-06 16:07:51,898 INFO  - Already have ACK (at simulation time 283.000,000,000 s)
2025-06-06 16:07:51,898 INFO  - Already have ACK (at simulation time 283.000,000,000 s)
2025-06-06 16:07:51,898 INFO  - Already have ACK (at simulation time 283.000,000,000 s)
2025-06-06 16:07:51,898 INFO  - Already have ACK (at simulation time 283.000,000,000 s)
2025-06-06 16:07:51,898 INFO  - Already have ACK (at simulation time 283.000,000,000 s)
2025-06-06 16:07:51,899 INFO  - Already have ACK (at simulation time 283.000,000,000 s)
2025-06-06 16:07:51,899 INFO  - Already have ACK (at simulation time 283.000,000,000 s)
2025-06-06 16:07:51,899 INFO  - Already have ACK (at simulation time 283.000,000,000 s)
2025-06-06 16:07:51,899 INFO  - Already have ACK (at simulation time 283.000,000,000 s)
2025-06-06 16:07:51,899 INFO  - Already have ACK (at simulation time 283.000,000,000 s)
2025-06-06 16:07:51,899 INFO  - Already have ACK (at simulation time 283.000,000,000 s)
2025-06-06 16:07:51,899 INFO  - Already have ACK (at simulation time 283.000,000,000 s)
2025-06-06 16:07:51,899 INFO  - Already have ACK (at simulation time 283.000,000,000 s)
2025-06-06 16:07:51,899 INFO  - Already have ACK (at simulation time 283.000,000,000 s)
2025-06-06 16:07:51,899 INFO  - Already have ACK (at simulation time 283.000,000,000 s)
2025-06-06 16:07:51,899 INFO  - Already have ACK (at simulation time 283.000,000,000 s)
2025-06-06 16:07:51,899 INFO  - Already have ACK (at simulation time 283.000,000,000 s)
2025-06-06 16:07:51,899 INFO  - Already have ACK (at simulation time 283.000,000,000 s)
2025-06-06 16:07:51,899 INFO  - Already have ACK (at simulation time 283.000,000,000 s)
2025-06-06 16:07:51,899 INFO  - Already have ACK (at simulation time 283.000,000,000 s)
2025-06-06 16:07:51,899 INFO  - Already have ACK (at simulation time 283.000,000,000 s)
2025-06-06 16:07:51,899 INFO  - Already have ACK (at simulation time 283.000,000,000 s)
2025-06-06 16:07:51,899 INFO  - Already have ACK (at simulation time 283.000,000,000 s)
2025-06-06 16:07:51,899 INFO  - Already have ACK (at simulation time 283.000,000,000 s)
2025-06-06 16:07:51,899 INFO  - Already have ACK (at simulation time 283.000,000,000 s)
2025-06-06 16:07:51,899 INFO  - Already have ACK (at simulation time 283.000,000,000 s)
2025-06-06 16:07:51,899 INFO  - Already have ACK (at simulation time 283.000,000,000 s)
2025-06-06 16:07:51,899 INFO  - Already have ACK (at simulation time 283.000,000,000 s)
2025-06-06 16:07:51,899 INFO  - Already have ACK (at simulation time 283.000,000,000 s)
2025-06-06 16:07:51,900 INFO  - Already have ACK (at simulation time 283.000,000,000 s)
2025-06-06 16:07:51,900 INFO  - Already have ACK (at simulation time 283.000,000,000 s)
2025-06-06 16:07:51,900 INFO  - Already have ACK (at simulation time 283.000,000,000 s)
2025-06-06 16:07:51,900 INFO  - Already have ACK (at simulation time 283.000,000,000 s)
2025-06-06 16:07:51,900 INFO  - Already have ACK (at simulation time 283.000,000,000 s)
2025-06-06 16:07:51,900 INFO  - Already have ACK (at simulation time 283.000,000,000 s)
2025-06-06 16:07:51,900 INFO  - Already have ACK (at simulation time 283.000,000,000 s)
2025-06-06 16:07:51,900 INFO  - Already have ACK (at simulation time 283.000,000,000 s)
2025-06-06 16:07:51,900 INFO  - Already have ACK (at simulation time 283.000,000,000 s)
2025-06-06 16:07:51,900 INFO  - Already have ACK (at simulation time 283.000,000,000 s)
2025-06-06 16:07:51,900 INFO  - Already have ACK (at simulation time 283.000,000,000 s)
2025-06-06 16:07:51,900 INFO  - Already have ACK (at simulation time 283.000,000,000 s)
2025-06-06 16:07:51,900 INFO  - Already have ACK (at simulation time 283.000,000,000 s)
2025-06-06 16:07:51,900 INFO  - Already have ACK (at simulation time 283.000,000,000 s)
2025-06-06 16:07:51,900 INFO  - Already have ACK (at simulation time 283.000,000,000 s)
2025-06-06 16:07:51,900 INFO  - Already have ACK (at simulation time 283.000,000,000 s)
2025-06-06 16:07:51,900 INFO  - Already have ACK (at simulation time 283.000,000,000 s)
2025-06-06 16:07:51,900 INFO  - Already have ACK (at simulation time 283.000,000,000 s)
2025-06-06 16:07:51,900 INFO  - Already have ACK (at simulation time 283.000,000,000 s)
2025-06-06 16:07:51,900 INFO  - Already have ACK (at simulation time 283.000,000,000 s)
2025-06-06 16:07:51,900 INFO  - Already have ACK (at simulation time 283.000,000,000 s)
2025-06-06 16:07:51,900 INFO  - Already have ACK (at simulation time 283.000,000,000 s)
2025-06-06 16:07:51,900 INFO  - Already have ACK (at simulation time 283.000,000,000 s)
2025-06-06 16:07:51,900 INFO  - Already have ACK (at simulation time 283.000,000,000 s)
2025-06-06 16:07:51,900 INFO  - Already have ACK (at simulation time 283.000,000,000 s)
2025-06-06 16:07:51,900 INFO  - Already have ACK (at simulation time 283.000,000,000 s)
2025-06-06 16:07:51,900 INFO  - Already have ACK (at simulation time 283.000,000,000 s)
2025-06-06 16:07:51,900 INFO  - Already have ACK (at simulation time 283.000,000,000 s)
2025-06-06 16:07:51,900 INFO  - Already have ACK (at simulation time 283.000,000,000 s)
2025-06-06 16:07:51,900 INFO  - Already have ACK (at simulation time 283.000,000,000 s)
2025-06-06 16:07:51,900 INFO  - Already have ACK (at simulation time 283.000,000,000 s)
2025-06-06 16:07:51,900 INFO  - Already have ACK (at simulation time 283.000,000,000 s)
2025-06-06 16:07:51,900 INFO  - Already have ACK (at simulation time 283.000,000,000 s)
2025-06-06 16:07:51,900 INFO  - Already have ACK (at simulation time 283.000,000,000 s)
2025-06-06 16:07:51,900 INFO  - Already have ACK (at simulation time 283.000,000,000 s)
2025-06-06 16:07:51,900 INFO  - Already have ACK (at simulation time 283.000,000,000 s)
2025-06-06 16:07:51,900 INFO  - Already have ACK (at simulation time 283.000,000,000 s)
2025-06-06 16:07:51,900 INFO  - Already have ACK (at simulation time 283.000,000,000 s)
2025-06-06 16:07:51,900 INFO  - Already have ACK (at simulation time 283.000,000,000 s)
2025-06-06 16:07:51,900 INFO  - Already have ACK (at simulation time 283.000,000,000 s)
2025-06-06 16:07:51,900 INFO  - Already have ACK (at simulation time 283.000,000,000 s)
2025-06-06 16:07:51,900 INFO  - Already have ACK (at simulation time 283.000,000,000 s)
2025-06-06 16:07:51,900 INFO  - Already have ACK (at simulation time 283.000,000,000 s)
2025-06-06 16:07:51,900 INFO  - Already have ACK (at simulation time 283.000,000,000 s)
2025-06-06 16:07:51,900 INFO  - Already have ACK (at simulation time 283.000,000,000 s)
2025-06-06 16:07:51,900 INFO  - Already have ACK (at simulation time 283.000,000,000 s)
2025-06-06 16:07:51,900 INFO  - Already have ACK (at simulation time 283.000,000,000 s)
2025-06-06 16:07:51,900 INFO  - Already have ACK (at simulation time 283.000,000,000 s)
2025-06-06 16:07:51,900 INFO  - Already have ACK (at simulation time 283.000,000,000 s)
2025-06-06 16:07:51,900 INFO  - Already have ACK (at simulation time 283.000,000,000 s)
2025-06-06 16:07:51,900 INFO  - Already have ACK (at simulation time 283.000,000,000 s)
2025-06-06 16:07:51,901 INFO  - Already have ACK (at simulation time 283.000,000,000 s)
2025-06-06 16:07:51,901 INFO  - Already have ACK (at simulation time 283.000,000,000 s)
2025-06-06 16:07:51,901 INFO  - Already have ACK (at simulation time 283.000,000,000 s)
2025-06-06 16:07:51,901 INFO  - Already have ACK (at simulation time 283.000,000,000 s)
2025-06-06 16:07:51,901 INFO  - Already have ACK (at simulation time 283.000,000,000 s)
2025-06-06 16:07:51,901 INFO  - Already have ACK (at simulation time 283.000,000,000 s)
2025-06-06 16:07:51,901 INFO  - Already have ACK (at simulation time 283.000,000,000 s)
2025-06-06 16:07:51,901 INFO  - Already have ACK (at simulation time 283.000,000,000 s)
2025-06-06 16:07:51,906 INFO  - Already have ACK (at simulation time 284.000,000,000 s)
2025-06-06 16:07:51,906 INFO  - Already have ACK (at simulation time 284.000,000,000 s)
2025-06-06 16:07:51,906 INFO  - Already have ACK (at simulation time 284.000,000,000 s)
2025-06-06 16:07:51,906 INFO  - Already have ACK (at simulation time 284.000,000,000 s)
2025-06-06 16:07:51,906 INFO  - Already have ACK (at simulation time 284.000,000,000 s)
2025-06-06 16:07:51,906 INFO  - Already have ACK (at simulation time 284.000,000,000 s)
2025-06-06 16:07:51,906 INFO  - Already have ACK (at simulation time 284.000,000,000 s)
2025-06-06 16:07:51,906 INFO  - Already have ACK (at simulation time 284.000,000,000 s)
2025-06-06 16:07:51,906 INFO  - Already have ACK (at simulation time 284.000,000,000 s)
2025-06-06 16:07:51,906 INFO  - Already have ACK (at simulation time 284.000,000,000 s)
2025-06-06 16:07:51,906 INFO  - Already have ACK (at simulation time 284.000,000,000 s)
2025-06-06 16:07:51,906 INFO  - Already have ACK (at simulation time 284.000,000,000 s)
2025-06-06 16:07:51,907 INFO  - Already have ACK (at simulation time 284.000,000,000 s)
2025-06-06 16:07:51,907 INFO  - Already have ACK (at simulation time 284.000,000,000 s)
2025-06-06 16:07:51,907 INFO  - Already have ACK (at simulation time 284.000,000,000 s)
2025-06-06 16:07:51,907 INFO  - Already have ACK (at simulation time 284.000,000,000 s)
2025-06-06 16:07:51,907 INFO  - Already have ACK (at simulation time 284.000,000,000 s)
2025-06-06 16:07:51,907 INFO  - Already have ACK (at simulation time 284.000,000,000 s)
2025-06-06 16:07:51,907 INFO  - Already have ACK (at simulation time 284.000,000,000 s)
2025-06-06 16:07:51,907 INFO  - Already have ACK (at simulation time 284.000,000,000 s)
2025-06-06 16:07:51,907 INFO  - Already have ACK (at simulation time 284.000,000,000 s)
2025-06-06 16:07:51,907 INFO  - Already have ACK (at simulation time 284.000,000,000 s)
2025-06-06 16:07:51,907 INFO  - Already have ACK (at simulation time 284.000,000,000 s)
2025-06-06 16:07:51,907 INFO  - Already have ACK (at simulation time 284.000,000,000 s)
2025-06-06 16:07:51,907 INFO  - Already have ACK (at simulation time 284.000,000,000 s)
2025-06-06 16:07:51,907 INFO  - Already have ACK (at simulation time 284.000,000,000 s)
2025-06-06 16:07:51,907 INFO  - Already have ACK (at simulation time 284.000,000,000 s)
2025-06-06 16:07:51,907 INFO  - Already have ACK (at simulation time 284.000,000,000 s)
2025-06-06 16:07:51,907 INFO  - Already have ACK (at simulation time 284.000,000,000 s)
2025-06-06 16:07:51,907 INFO  - Already have ACK (at simulation time 284.000,000,000 s)
2025-06-06 16:07:51,907 INFO  - Already have ACK (at simulation time 284.000,000,000 s)
2025-06-06 16:07:51,907 INFO  - Already have ACK (at simulation time 284.000,000,000 s)
2025-06-06 16:07:51,907 INFO  - Already have ACK (at simulation time 284.000,000,000 s)
2025-06-06 16:07:51,907 INFO  - Already have ACK (at simulation time 284.000,000,000 s)
2025-06-06 16:07:51,908 INFO  - Already have ACK (at simulation time 284.000,000,000 s)
2025-06-06 16:07:51,908 INFO  - Already have ACK (at simulation time 284.000,000,000 s)
2025-06-06 16:07:51,908 INFO  - Already have ACK (at simulation time 284.000,000,000 s)
2025-06-06 16:07:51,908 INFO  - Already have ACK (at simulation time 284.000,000,000 s)
2025-06-06 16:07:51,908 INFO  - Already have ACK (at simulation time 284.000,000,000 s)
2025-06-06 16:07:51,908 INFO  - Already have ACK (at simulation time 284.000,000,000 s)
2025-06-06 16:07:51,908 INFO  - Already have ACK (at simulation time 284.000,000,000 s)
2025-06-06 16:07:51,908 INFO  - Already have ACK (at simulation time 284.000,000,000 s)
2025-06-06 16:07:51,908 INFO  - Already have ACK (at simulation time 284.000,000,000 s)
2025-06-06 16:07:51,908 INFO  - Already have ACK (at simulation time 284.000,000,000 s)
2025-06-06 16:07:51,908 INFO  - Already have ACK (at simulation time 284.000,000,000 s)
2025-06-06 16:07:51,908 INFO  - Already have ACK (at simulation time 284.000,000,000 s)
2025-06-06 16:07:51,908 INFO  - Already have ACK (at simulation time 284.000,000,000 s)
2025-06-06 16:07:51,908 INFO  - Already have ACK (at simulation time 284.000,000,000 s)
2025-06-06 16:07:51,908 INFO  - Already have ACK (at simulation time 284.000,000,000 s)
2025-06-06 16:07:51,908 INFO  - Already have ACK (at simulation time 284.000,000,000 s)
2025-06-06 16:07:51,908 INFO  - Already have ACK (at simulation time 284.000,000,000 s)
2025-06-06 16:07:51,908 INFO  - Already have ACK (at simulation time 284.000,000,000 s)
2025-06-06 16:07:51,908 INFO  - Already have ACK (at simulation time 284.000,000,000 s)
2025-06-06 16:07:51,908 INFO  - Already have ACK (at simulation time 284.000,000,000 s)
2025-06-06 16:07:51,908 INFO  - Already have ACK (at simulation time 284.000,000,000 s)
2025-06-06 16:07:51,908 INFO  - Already have ACK (at simulation time 284.000,000,000 s)
2025-06-06 16:07:51,908 INFO  - Already have ACK (at simulation time 284.000,000,000 s)
2025-06-06 16:07:51,908 INFO  - Already have ACK (at simulation time 284.000,000,000 s)
2025-06-06 16:07:51,908 INFO  - Already have ACK (at simulation time 284.000,000,000 s)
2025-06-06 16:07:51,908 INFO  - Already have ACK (at simulation time 284.000,000,000 s)
2025-06-06 16:07:51,908 INFO  - Already have ACK (at simulation time 284.000,000,000 s)
2025-06-06 16:07:51,908 INFO  - Already have ACK (at simulation time 284.000,000,000 s)
2025-06-06 16:07:51,908 INFO  - Already have ACK (at simulation time 284.000,000,000 s)
2025-06-06 16:07:51,908 INFO  - Already have ACK (at simulation time 284.000,000,000 s)
2025-06-06 16:07:51,909 INFO  - Already have ACK (at simulation time 284.000,000,000 s)
2025-06-06 16:07:51,909 INFO  - Already have ACK (at simulation time 284.000,000,000 s)
2025-06-06 16:07:51,909 INFO  - Already have ACK (at simulation time 284.000,000,000 s)
2025-06-06 16:07:51,909 INFO  - Already have ACK (at simulation time 284.000,000,000 s)
2025-06-06 16:07:51,909 INFO  - Already have ACK (at simulation time 284.000,000,000 s)
2025-06-06 16:07:51,909 INFO  - Already have ACK (at simulation time 284.000,000,000 s)
2025-06-06 16:07:51,909 INFO  - Already have ACK (at simulation time 284.000,000,000 s)
2025-06-06 16:07:51,909 INFO  - Already have ACK (at simulation time 284.000,000,000 s)
2025-06-06 16:07:51,909 INFO  - Already have ACK (at simulation time 284.000,000,000 s)
2025-06-06 16:07:51,909 INFO  - Already have ACK (at simulation time 284.000,000,000 s)
2025-06-06 16:07:51,909 INFO  - Already have ACK (at simulation time 284.000,000,000 s)
2025-06-06 16:07:51,909 INFO  - Already have ACK (at simulation time 284.000,000,000 s)
2025-06-06 16:07:51,909 INFO  - Already have ACK (at simulation time 284.000,000,000 s)
2025-06-06 16:07:51,909 INFO  - Already have ACK (at simulation time 284.000,000,000 s)
2025-06-06 16:07:51,909 INFO  - Already have ACK (at simulation time 284.000,000,000 s)
2025-06-06 16:07:51,909 INFO  - Already have ACK (at simulation time 284.000,000,000 s)
2025-06-06 16:07:51,909 INFO  - Already have ACK (at simulation time 284.000,000,000 s)
2025-06-06 16:07:51,909 INFO  - Already have ACK (at simulation time 284.000,000,000 s)
2025-06-06 16:07:51,909 INFO  - Already have ACK (at simulation time 284.000,000,000 s)
2025-06-06 16:07:51,909 INFO  - Already have ACK (at simulation time 284.000,000,000 s)
2025-06-06 16:07:51,909 INFO  - Already have ACK (at simulation time 284.000,000,000 s)
2025-06-06 16:07:51,909 INFO  - Already have ACK (at simulation time 284.000,000,000 s)
2025-06-06 16:07:51,909 INFO  - Already have ACK (at simulation time 284.000,000,000 s)
2025-06-06 16:07:51,909 INFO  - Already have ACK (at simulation time 284.000,000,000 s)
2025-06-06 16:07:51,909 INFO  - Already have ACK (at simulation time 284.000,000,000 s)
2025-06-06 16:07:51,909 INFO  - Already have ACK (at simulation time 284.000,000,000 s)
2025-06-06 16:07:51,909 INFO  - Already have ACK (at simulation time 284.000,000,000 s)
2025-06-06 16:07:51,909 INFO  - Already have ACK (at simulation time 284.000,000,000 s)
2025-06-06 16:07:51,909 INFO  - Already have ACK (at simulation time 284.000,000,000 s)
2025-06-06 16:07:51,909 INFO  - Already have ACK (at simulation time 284.000,000,000 s)
2025-06-06 16:07:51,909 INFO  - Already have ACK (at simulation time 284.000,000,000 s)
2025-06-06 16:07:51,909 INFO  - Already have ACK (at simulation time 284.000,000,000 s)
2025-06-06 16:07:51,909 INFO  - Already have ACK (at simulation time 284.000,000,000 s)
2025-06-06 16:07:51,909 INFO  - Already have ACK (at simulation time 284.000,000,000 s)
2025-06-06 16:07:51,909 INFO  - Already have ACK (at simulation time 284.000,000,000 s)
2025-06-06 16:07:51,909 INFO  - Already have ACK (at simulation time 284.000,000,000 s)
2025-06-06 16:07:51,909 INFO  - Already have ACK (at simulation time 284.000,000,000 s)
2025-06-06 16:07:51,909 INFO  - Already have ACK (at simulation time 284.000,000,000 s)
2025-06-06 16:07:51,909 INFO  - Already have ACK (at simulation time 284.000,000,000 s)
2025-06-06 16:07:51,909 INFO  - Already have ACK (at simulation time 284.000,000,000 s)
2025-06-06 16:07:51,910 INFO  - Already have ACK (at simulation time 285.000,000,000 s)
2025-06-06 16:07:51,911 INFO  - Already have ACK (at simulation time 285.000,000,000 s)
2025-06-06 16:07:51,911 INFO  - Already have ACK (at simulation time 285.000,000,000 s)
2025-06-06 16:07:51,911 INFO  - Already have ACK (at simulation time 285.000,000,000 s)
2025-06-06 16:07:51,911 INFO  - Already have ACK (at simulation time 285.000,000,000 s)
2025-06-06 16:07:51,911 INFO  - Already have ACK (at simulation time 285.000,000,000 s)
2025-06-06 16:07:51,911 INFO  - Already have ACK (at simulation time 285.000,000,000 s)
2025-06-06 16:07:51,911 INFO  - Already have ACK (at simulation time 285.000,000,000 s)
2025-06-06 16:07:51,911 INFO  - Already have ACK (at simulation time 285.000,000,000 s)
2025-06-06 16:07:51,911 INFO  - Already have ACK (at simulation time 285.000,000,000 s)
2025-06-06 16:07:51,911 INFO  - Already have ACK (at simulation time 285.000,000,000 s)
2025-06-06 16:07:51,911 INFO  - Already have ACK (at simulation time 285.000,000,000 s)
2025-06-06 16:07:51,911 INFO  - Already have ACK (at simulation time 285.000,000,000 s)
2025-06-06 16:07:51,911 INFO  - Already have ACK (at simulation time 285.000,000,000 s)
2025-06-06 16:07:51,911 INFO  - Already have ACK (at simulation time 285.000,000,000 s)
2025-06-06 16:07:51,911 INFO  - Already have ACK (at simulation time 285.000,000,000 s)
2025-06-06 16:07:51,911 INFO  - Already have ACK (at simulation time 285.000,000,000 s)
2025-06-06 16:07:51,911 INFO  - Already have ACK (at simulation time 285.000,000,000 s)
2025-06-06 16:07:51,911 INFO  - Already have ACK (at simulation time 285.000,000,000 s)
2025-06-06 16:07:51,912 INFO  - Already have ACK (at simulation time 285.000,000,000 s)
2025-06-06 16:07:51,912 INFO  - Already have ACK (at simulation time 285.000,000,000 s)
2025-06-06 16:07:51,912 INFO  - Already have ACK (at simulation time 285.000,000,000 s)
2025-06-06 16:07:51,912 INFO  - Already have ACK (at simulation time 285.000,000,000 s)
2025-06-06 16:07:51,912 INFO  - Already have ACK (at simulation time 285.000,000,000 s)
2025-06-06 16:07:51,912 INFO  - Already have ACK (at simulation time 285.000,000,000 s)
2025-06-06 16:07:51,912 INFO  - Already have ACK (at simulation time 285.000,000,000 s)
2025-06-06 16:07:51,912 INFO  - Already have ACK (at simulation time 285.000,000,000 s)
2025-06-06 16:07:51,912 INFO  - Already have ACK (at simulation time 285.000,000,000 s)
2025-06-06 16:07:51,912 INFO  - Already have ACK (at simulation time 285.000,000,000 s)
2025-06-06 16:07:51,912 INFO  - Already have ACK (at simulation time 285.000,000,000 s)
2025-06-06 16:07:51,912 INFO  - Already have ACK (at simulation time 285.000,000,000 s)
2025-06-06 16:07:51,912 INFO  - Already have ACK (at simulation time 285.000,000,000 s)
2025-06-06 16:07:51,912 INFO  - Already have ACK (at simulation time 285.000,000,000 s)
2025-06-06 16:07:51,912 INFO  - Already have ACK (at simulation time 285.000,000,000 s)
2025-06-06 16:07:51,912 INFO  - Already have ACK (at simulation time 285.000,000,000 s)
2025-06-06 16:07:51,912 INFO  - Already have ACK (at simulation time 285.000,000,000 s)
2025-06-06 16:07:51,912 INFO  - Already have ACK (at simulation time 285.000,000,000 s)
2025-06-06 16:07:51,912 INFO  - Already have ACK (at simulation time 285.000,000,000 s)
2025-06-06 16:07:51,912 INFO  - Already have ACK (at simulation time 285.000,000,000 s)
2025-06-06 16:07:51,912 INFO  - Already have ACK (at simulation time 285.000,000,000 s)
2025-06-06 16:07:51,912 INFO  - Already have ACK (at simulation time 285.000,000,000 s)
2025-06-06 16:07:51,912 INFO  - Already have ACK (at simulation time 285.000,000,000 s)
2025-06-06 16:07:51,913 INFO  - Already have ACK (at simulation time 285.000,000,000 s)
2025-06-06 16:07:51,913 INFO  - Already have ACK (at simulation time 285.000,000,000 s)
2025-06-06 16:07:51,913 INFO  - Already have ACK (at simulation time 285.000,000,000 s)
2025-06-06 16:07:51,913 INFO  - Already have ACK (at simulation time 285.000,000,000 s)
2025-06-06 16:07:51,913 INFO  - Already have ACK (at simulation time 285.000,000,000 s)
2025-06-06 16:07:51,913 INFO  - Already have ACK (at simulation time 285.000,000,000 s)
2025-06-06 16:07:51,913 INFO  - Already have ACK (at simulation time 285.000,000,000 s)
2025-06-06 16:07:51,913 INFO  - Already have ACK (at simulation time 285.000,000,000 s)
2025-06-06 16:07:51,913 INFO  - Already have ACK (at simulation time 285.000,000,000 s)
2025-06-06 16:07:51,913 INFO  - Already have ACK (at simulation time 285.000,000,000 s)
2025-06-06 16:07:51,913 INFO  - Already have ACK (at simulation time 285.000,000,000 s)
2025-06-06 16:07:51,913 INFO  - Already have ACK (at simulation time 285.000,000,000 s)
2025-06-06 16:07:51,913 INFO  - Already have ACK (at simulation time 285.000,000,000 s)
2025-06-06 16:07:51,913 INFO  - Already have ACK (at simulation time 285.000,000,000 s)
2025-06-06 16:07:51,913 INFO  - Already have ACK (at simulation time 285.000,000,000 s)
2025-06-06 16:07:51,913 INFO  - Already have ACK (at simulation time 285.000,000,000 s)
2025-06-06 16:07:51,913 INFO  - Already have ACK (at simulation time 285.000,000,000 s)
2025-06-06 16:07:51,913 INFO  - Already have ACK (at simulation time 285.000,000,000 s)
2025-06-06 16:07:51,913 INFO  - Already have ACK (at simulation time 285.000,000,000 s)
2025-06-06 16:07:51,913 INFO  - Already have ACK (at simulation time 285.000,000,000 s)
2025-06-06 16:07:51,913 INFO  - Already have ACK (at simulation time 285.000,000,000 s)
2025-06-06 16:07:51,913 INFO  - Already have ACK (at simulation time 285.000,000,000 s)
2025-06-06 16:07:51,913 INFO  - Already have ACK (at simulation time 285.000,000,000 s)
2025-06-06 16:07:51,913 INFO  - Already have ACK (at simulation time 285.000,000,000 s)
2025-06-06 16:07:51,913 INFO  - Already have ACK (at simulation time 285.000,000,000 s)
2025-06-06 16:07:51,913 INFO  - Already have ACK (at simulation time 285.000,000,000 s)
2025-06-06 16:07:51,913 INFO  - Already have ACK (at simulation time 285.000,000,000 s)
2025-06-06 16:07:51,913 INFO  - Already have ACK (at simulation time 285.000,000,000 s)
2025-06-06 16:07:51,913 INFO  - Already have ACK (at simulation time 285.000,000,000 s)
2025-06-06 16:07:51,913 INFO  - Already have ACK (at simulation time 285.000,000,000 s)
2025-06-06 16:07:51,913 INFO  - Already have ACK (at simulation time 285.000,000,000 s)
2025-06-06 16:07:51,913 INFO  - Already have ACK (at simulation time 285.000,000,000 s)
2025-06-06 16:07:51,913 INFO  - Already have ACK (at simulation time 285.000,000,000 s)
2025-06-06 16:07:51,913 INFO  - Already have ACK (at simulation time 285.000,000,000 s)
2025-06-06 16:07:51,913 INFO  - Already have ACK (at simulation time 285.000,000,000 s)
2025-06-06 16:07:51,913 INFO  - Already have ACK (at simulation time 285.000,000,000 s)
2025-06-06 16:07:51,913 INFO  - Already have ACK (at simulation time 285.000,000,000 s)
2025-06-06 16:07:51,913 INFO  - Already have ACK (at simulation time 285.000,000,000 s)
2025-06-06 16:07:51,913 INFO  - Already have ACK (at simulation time 285.000,000,000 s)
2025-06-06 16:07:51,913 INFO  - Already have ACK (at simulation time 285.000,000,000 s)
2025-06-06 16:07:51,913 INFO  - Already have ACK (at simulation time 285.000,000,000 s)
2025-06-06 16:07:51,914 INFO  - Already have ACK (at simulation time 285.000,000,000 s)
2025-06-06 16:07:51,914 INFO  - Already have ACK (at simulation time 285.000,000,000 s)
2025-06-06 16:07:51,914 INFO  - Already have ACK (at simulation time 285.000,000,000 s)
2025-06-06 16:07:51,914 INFO  - Already have ACK (at simulation time 285.000,000,000 s)
2025-06-06 16:07:51,914 INFO  - Already have ACK (at simulation time 285.000,000,000 s)
2025-06-06 16:07:51,914 INFO  - Already have ACK (at simulation time 285.000,000,000 s)
2025-06-06 16:07:51,914 INFO  - Already have ACK (at simulation time 285.000,000,000 s)
2025-06-06 16:07:51,914 INFO  - Already have ACK (at simulation time 285.000,000,000 s)
2025-06-06 16:07:51,914 INFO  - Already have ACK (at simulation time 285.000,000,000 s)
2025-06-06 16:07:51,914 INFO  - Already have ACK (at simulation time 285.000,000,000 s)
2025-06-06 16:07:51,914 INFO  - Already have ACK (at simulation time 285.000,000,000 s)
2025-06-06 16:07:51,914 INFO  - Already have ACK (at simulation time 285.000,000,000 s)
2025-06-06 16:07:51,914 INFO  - Already have ACK (at simulation time 285.000,000,000 s)
2025-06-06 16:07:51,914 INFO  - Already have ACK (at simulation time 285.000,000,000 s)
2025-06-06 16:07:51,914 INFO  - Already have ACK (at simulation time 285.000,000,000 s)
2025-06-06 16:07:51,914 INFO  - Already have ACK (at simulation time 285.000,000,000 s)
2025-06-06 16:07:51,914 INFO  - Already have ACK (at simulation time 285.000,000,000 s)
2025-06-06 16:07:51,914 INFO  - Already have ACK (at simulation time 285.000,000,000 s)
2025-06-06 16:07:51,914 INFO  - Already have ACK (at simulation time 285.000,000,000 s)
2025-06-06 16:07:51,914 INFO  - Already have ACK (at simulation time 285.000,000,000 s)
2025-06-06 16:07:51,914 INFO  - Already have ACK (at simulation time 285.000,000,000 s)
2025-06-06 16:07:51,914 INFO  - Already have ACK (at simulation time 285.000,000,000 s)
2025-06-06 16:07:51,915 INFO  - Sent periodic GreenWaveMsg: veh_34 on route r_0 (at simulation time 286.000,000,000 s)
2025-06-06 16:07:51,915 INFO  - Already have ACK (at simulation time 286.000,000,000 s)
2025-06-06 16:07:51,915 INFO  - Already have ACK (at simulation time 286.000,000,000 s)
2025-06-06 16:07:51,915 INFO  - Already have ACK (at simulation time 286.000,000,000 s)
2025-06-06 16:07:51,915 INFO  - Already have ACK (at simulation time 286.000,000,000 s)
2025-06-06 16:07:51,915 INFO  - Already have ACK (at simulation time 286.000,000,000 s)
2025-06-06 16:07:51,915 INFO  - Already have ACK (at simulation time 286.000,000,000 s)
2025-06-06 16:07:51,915 INFO  - Already have ACK (at simulation time 286.000,000,000 s)
2025-06-06 16:07:51,916 INFO  - Already have ACK (at simulation time 286.000,000,000 s)
2025-06-06 16:07:51,916 INFO  - Already have ACK (at simulation time 286.000,000,000 s)
2025-06-06 16:07:51,916 INFO  - Already have ACK (at simulation time 286.000,000,000 s)
2025-06-06 16:07:51,916 INFO  - Already have ACK (at simulation time 286.000,000,000 s)
2025-06-06 16:07:51,916 INFO  - Already have ACK (at simulation time 286.000,000,000 s)
2025-06-06 16:07:51,916 INFO  - Already have ACK (at simulation time 286.000,000,000 s)
2025-06-06 16:07:51,916 INFO  - Already have ACK (at simulation time 286.000,000,000 s)
2025-06-06 16:07:51,916 INFO  - Already have ACK (at simulation time 286.000,000,000 s)
2025-06-06 16:07:51,916 INFO  - Already have ACK (at simulation time 286.000,000,000 s)
2025-06-06 16:07:51,916 INFO  - Already have ACK (at simulation time 286.000,000,000 s)
2025-06-06 16:07:51,916 INFO  - Already have ACK (at simulation time 286.000,000,000 s)
2025-06-06 16:07:51,916 INFO  - Already have ACK (at simulation time 286.000,000,000 s)
2025-06-06 16:07:51,916 INFO  - Already have ACK (at simulation time 286.000,000,000 s)
2025-06-06 16:07:51,916 INFO  - Already have ACK (at simulation time 286.000,000,000 s)
2025-06-06 16:07:51,916 INFO  - Already have ACK (at simulation time 286.000,000,000 s)
2025-06-06 16:07:51,916 INFO  - Already have ACK (at simulation time 286.000,000,000 s)
2025-06-06 16:07:51,916 INFO  - Already have ACK (at simulation time 286.000,000,000 s)
2025-06-06 16:07:51,916 INFO  - Already have ACK (at simulation time 286.000,000,000 s)
2025-06-06 16:07:51,916 INFO  - Already have ACK (at simulation time 286.000,000,000 s)
2025-06-06 16:07:51,916 INFO  - Already have ACK (at simulation time 286.000,000,000 s)
2025-06-06 16:07:51,917 INFO  - Already have ACK (at simulation time 286.000,000,000 s)
2025-06-06 16:07:51,917 INFO  - Already have ACK (at simulation time 286.000,000,000 s)
2025-06-06 16:07:51,917 INFO  - Already have ACK (at simulation time 286.000,000,000 s)
2025-06-06 16:07:51,917 INFO  - Already have ACK (at simulation time 286.000,000,000 s)
2025-06-06 16:07:51,917 INFO  - Already have ACK (at simulation time 286.000,000,000 s)
2025-06-06 16:07:51,917 INFO  - Already have ACK (at simulation time 286.000,000,000 s)
2025-06-06 16:07:51,917 INFO  - Already have ACK (at simulation time 286.000,000,000 s)
2025-06-06 16:07:51,917 INFO  - Already have ACK (at simulation time 286.000,000,000 s)
2025-06-06 16:07:51,917 INFO  - Already have ACK (at simulation time 286.000,000,000 s)
2025-06-06 16:07:51,917 INFO  - Already have ACK (at simulation time 286.000,000,000 s)
2025-06-06 16:07:51,917 INFO  - Already have ACK (at simulation time 286.000,000,000 s)
2025-06-06 16:07:51,917 INFO  - Already have ACK (at simulation time 286.000,000,000 s)
2025-06-06 16:07:51,917 INFO  - Already have ACK (at simulation time 286.000,000,000 s)
2025-06-06 16:07:51,917 INFO  - Already have ACK (at simulation time 286.000,000,000 s)
2025-06-06 16:07:51,917 INFO  - Already have ACK (at simulation time 286.000,000,000 s)
2025-06-06 16:07:51,917 INFO  - Already have ACK (at simulation time 286.000,000,000 s)
2025-06-06 16:07:51,917 INFO  - Already have ACK (at simulation time 286.000,000,000 s)
2025-06-06 16:07:51,917 INFO  - Already have ACK (at simulation time 286.000,000,000 s)
2025-06-06 16:07:51,917 INFO  - Already have ACK (at simulation time 286.000,000,000 s)
2025-06-06 16:07:51,917 INFO  - Already have ACK (at simulation time 286.000,000,000 s)
2025-06-06 16:07:51,917 INFO  - Already have ACK (at simulation time 286.000,000,000 s)
2025-06-06 16:07:51,917 INFO  - Already have ACK (at simulation time 286.000,000,000 s)
2025-06-06 16:07:51,917 INFO  - Already have ACK (at simulation time 286.000,000,000 s)
2025-06-06 16:07:51,917 INFO  - Already have ACK (at simulation time 286.000,000,000 s)
2025-06-06 16:07:51,917 INFO  - Already have ACK (at simulation time 286.000,000,000 s)
2025-06-06 16:07:51,917 INFO  - Already have ACK (at simulation time 286.000,000,000 s)
2025-06-06 16:07:51,918 INFO  - Already have ACK (at simulation time 286.000,000,000 s)
2025-06-06 16:07:51,918 INFO  - Already have ACK (at simulation time 286.000,000,000 s)
2025-06-06 16:07:51,918 INFO  - Already have ACK (at simulation time 286.000,000,000 s)
2025-06-06 16:07:51,918 INFO  - Already have ACK (at simulation time 286.000,000,000 s)
2025-06-06 16:07:51,918 INFO  - Already have ACK (at simulation time 286.000,000,000 s)
2025-06-06 16:07:51,918 INFO  - Already have ACK (at simulation time 286.000,000,000 s)
2025-06-06 16:07:51,918 INFO  - Already have ACK (at simulation time 286.000,000,000 s)
2025-06-06 16:07:51,918 INFO  - Already have ACK (at simulation time 286.000,000,000 s)
2025-06-06 16:07:51,918 INFO  - Already have ACK (at simulation time 286.000,000,000 s)
2025-06-06 16:07:51,918 INFO  - Already have ACK (at simulation time 286.000,000,000 s)
2025-06-06 16:07:51,918 INFO  - Already have ACK (at simulation time 286.000,000,000 s)
2025-06-06 16:07:51,918 INFO  - Already have ACK (at simulation time 286.000,000,000 s)
2025-06-06 16:07:51,918 INFO  - Already have ACK (at simulation time 286.000,000,000 s)
2025-06-06 16:07:51,918 INFO  - Already have ACK (at simulation time 286.000,000,000 s)
2025-06-06 16:07:51,918 INFO  - Already have ACK (at simulation time 286.000,000,000 s)
2025-06-06 16:07:51,918 INFO  - Already have ACK (at simulation time 286.000,000,000 s)
2025-06-06 16:07:51,918 INFO  - Already have ACK (at simulation time 286.000,000,000 s)
2025-06-06 16:07:51,918 INFO  - Already have ACK (at simulation time 286.000,000,000 s)
2025-06-06 16:07:51,918 INFO  - Already have ACK (at simulation time 286.000,000,000 s)
2025-06-06 16:07:51,918 INFO  - Already have ACK (at simulation time 286.000,000,000 s)
2025-06-06 16:07:51,918 INFO  - Already have ACK (at simulation time 286.000,000,000 s)
2025-06-06 16:07:51,918 INFO  - Already have ACK (at simulation time 286.000,000,000 s)
2025-06-06 16:07:51,918 INFO  - Already have ACK (at simulation time 286.000,000,000 s)
2025-06-06 16:07:51,918 INFO  - Already have ACK (at simulation time 286.000,000,000 s)
2025-06-06 16:07:51,918 INFO  - Already have ACK (at simulation time 286.000,000,000 s)
2025-06-06 16:07:51,918 INFO  - Already have ACK (at simulation time 286.000,000,000 s)
2025-06-06 16:07:51,918 INFO  - Already have ACK (at simulation time 286.000,000,000 s)
2025-06-06 16:07:51,918 INFO  - Already have ACK (at simulation time 286.000,000,000 s)
2025-06-06 16:07:51,918 INFO  - Already have ACK (at simulation time 286.000,000,000 s)
2025-06-06 16:07:51,918 INFO  - Already have ACK (at simulation time 286.000,000,000 s)
2025-06-06 16:07:51,918 INFO  - Already have ACK (at simulation time 286.000,000,000 s)
2025-06-06 16:07:51,918 INFO  - Already have ACK (at simulation time 286.000,000,000 s)
2025-06-06 16:07:51,918 INFO  - Already have ACK (at simulation time 286.000,000,000 s)
2025-06-06 16:07:51,918 INFO  - Already have ACK (at simulation time 286.000,000,000 s)
2025-06-06 16:07:51,918 INFO  - Already have ACK (at simulation time 286.000,000,000 s)
2025-06-06 16:07:51,918 INFO  - Already have ACK (at simulation time 286.000,000,000 s)
2025-06-06 16:07:51,918 INFO  - Already have ACK (at simulation time 286.000,000,000 s)
2025-06-06 16:07:51,918 INFO  - Already have ACK (at simulation time 286.000,000,000 s)
2025-06-06 16:07:51,918 INFO  - Already have ACK (at simulation time 286.000,000,000 s)
2025-06-06 16:07:51,918 INFO  - Already have ACK (at simulation time 286.000,000,000 s)
2025-06-06 16:07:51,918 INFO  - Already have ACK (at simulation time 286.000,000,000 s)
2025-06-06 16:07:51,918 INFO  - Already have ACK (at simulation time 286.000,000,000 s)
2025-06-06 16:07:51,918 INFO  - Already have ACK (at simulation time 286.000,000,000 s)
2025-06-06 16:07:51,918 INFO  - Already have ACK (at simulation time 286.000,000,000 s)
2025-06-06 16:07:51,918 INFO  - Already have ACK (at simulation time 286.000,000,000 s)
2025-06-06 16:07:51,918 INFO  - Already have ACK (at simulation time 286.000,000,000 s)
2025-06-06 16:07:51,918 INFO  - Already have ACK (at simulation time 286.000,000,000 s)
2025-06-06 16:07:51,918 INFO  - Already have ACK (at simulation time 286.000,000,000 s)
2025-06-06 16:07:51,918 INFO  - Already have ACK (at simulation time 286.000,000,000 s)
2025-06-06 16:07:51,918 INFO  - Already have ACK (at simulation time 286.000,000,000 s)
2025-06-06 16:07:51,918 INFO  - Already have ACK (at simulation time 286.000,000,000 s)
2025-06-06 16:07:51,918 INFO  - Already have ACK (at simulation time 286.000,000,000 s)
2025-06-06 16:07:51,918 INFO  - Already have ACK (at simulation time 286.000,000,000 s)
2025-06-06 16:07:51,919 INFO  - Already have ACK (at simulation time 287.000,000,000 s)
2025-06-06 16:07:51,920 INFO  - Already have ACK (at simulation time 287.000,000,000 s)
2025-06-06 16:07:51,920 INFO  - Already have ACK (at simulation time 287.000,000,000 s)
2025-06-06 16:07:51,920 INFO  - Already have ACK (at simulation time 287.000,000,000 s)
2025-06-06 16:07:51,920 INFO  - Already have ACK (at simulation time 287.000,000,000 s)
2025-06-06 16:07:51,920 INFO  - Already have ACK (at simulation time 287.000,000,000 s)
2025-06-06 16:07:51,920 INFO  - Already have ACK (at simulation time 287.000,000,000 s)
2025-06-06 16:07:51,920 INFO  - Already have ACK (at simulation time 287.000,000,000 s)
2025-06-06 16:07:51,920 INFO  - Already have ACK (at simulation time 287.000,000,000 s)
2025-06-06 16:07:51,920 INFO  - Already have ACK (at simulation time 287.000,000,000 s)
2025-06-06 16:07:51,920 INFO  - Already have ACK (at simulation time 287.000,000,000 s)
2025-06-06 16:07:51,920 INFO  - Already have ACK (at simulation time 287.000,000,000 s)
2025-06-06 16:07:51,920 INFO  - Already have ACK (at simulation time 287.000,000,000 s)
2025-06-06 16:07:51,920 INFO  - Already have ACK (at simulation time 287.000,000,000 s)
2025-06-06 16:07:51,920 INFO  - Already have ACK (at simulation time 287.000,000,000 s)
2025-06-06 16:07:51,920 INFO  - Already have ACK (at simulation time 287.000,000,000 s)
2025-06-06 16:07:51,920 INFO  - Already have ACK (at simulation time 287.000,000,000 s)
2025-06-06 16:07:51,920 INFO  - Already have ACK (at simulation time 287.000,000,000 s)
2025-06-06 16:07:51,920 INFO  - Already have ACK (at simulation time 287.000,000,000 s)
2025-06-06 16:07:51,921 INFO  - Already have ACK (at simulation time 287.000,000,000 s)
2025-06-06 16:07:51,921 INFO  - Already have ACK (at simulation time 287.000,000,000 s)
2025-06-06 16:07:51,921 INFO  - Already have ACK (at simulation time 287.000,000,000 s)
2025-06-06 16:07:51,921 INFO  - Already have ACK (at simulation time 287.000,000,000 s)
2025-06-06 16:07:51,921 INFO  - Already have ACK (at simulation time 287.000,000,000 s)
2025-06-06 16:07:51,921 INFO  - Already have ACK (at simulation time 287.000,000,000 s)
2025-06-06 16:07:51,921 INFO  - Already have ACK (at simulation time 287.000,000,000 s)
2025-06-06 16:07:51,921 INFO  - Already have ACK (at simulation time 287.000,000,000 s)
2025-06-06 16:07:51,921 INFO  - Already have ACK (at simulation time 287.000,000,000 s)
2025-06-06 16:07:51,921 INFO  - Already have ACK (at simulation time 287.000,000,000 s)
2025-06-06 16:07:51,921 INFO  - Already have ACK (at simulation time 287.000,000,000 s)
2025-06-06 16:07:51,921 INFO  - Already have ACK (at simulation time 287.000,000,000 s)
2025-06-06 16:07:51,921 INFO  - Already have ACK (at simulation time 287.000,000,000 s)
2025-06-06 16:07:51,921 INFO  - Already have ACK (at simulation time 287.000,000,000 s)
2025-06-06 16:07:51,921 INFO  - Already have ACK (at simulation time 287.000,000,000 s)
2025-06-06 16:07:51,921 INFO  - Already have ACK (at simulation time 287.000,000,000 s)
2025-06-06 16:07:51,921 INFO  - Already have ACK (at simulation time 287.000,000,000 s)
2025-06-06 16:07:51,921 INFO  - Already have ACK (at simulation time 287.000,000,000 s)
2025-06-06 16:07:51,921 INFO  - Already have ACK (at simulation time 287.000,000,000 s)
2025-06-06 16:07:51,921 INFO  - Already have ACK (at simulation time 287.000,000,000 s)
2025-06-06 16:07:51,921 INFO  - Already have ACK (at simulation time 287.000,000,000 s)
2025-06-06 16:07:51,921 INFO  - Already have ACK (at simulation time 287.000,000,000 s)
2025-06-06 16:07:51,921 INFO  - Already have ACK (at simulation time 287.000,000,000 s)
2025-06-06 16:07:51,922 INFO  - Already have ACK (at simulation time 287.000,000,000 s)
2025-06-06 16:07:51,922 INFO  - Already have ACK (at simulation time 287.000,000,000 s)
2025-06-06 16:07:51,922 INFO  - Already have ACK (at simulation time 287.000,000,000 s)
2025-06-06 16:07:51,922 INFO  - Already have ACK (at simulation time 287.000,000,000 s)
2025-06-06 16:07:51,922 INFO  - Already have ACK (at simulation time 287.000,000,000 s)
2025-06-06 16:07:51,922 INFO  - Already have ACK (at simulation time 287.000,000,000 s)
2025-06-06 16:07:51,922 INFO  - Already have ACK (at simulation time 287.000,000,000 s)
2025-06-06 16:07:51,922 INFO  - Already have ACK (at simulation time 287.000,000,000 s)
2025-06-06 16:07:51,922 INFO  - Already have ACK (at simulation time 287.000,000,000 s)
2025-06-06 16:07:51,922 INFO  - Already have ACK (at simulation time 287.000,000,000 s)
2025-06-06 16:07:51,922 INFO  - Already have ACK (at simulation time 287.000,000,000 s)
2025-06-06 16:07:51,922 INFO  - Already have ACK (at simulation time 287.000,000,000 s)
2025-06-06 16:07:51,922 INFO  - Already have ACK (at simulation time 287.000,000,000 s)
2025-06-06 16:07:51,922 INFO  - Already have ACK (at simulation time 287.000,000,000 s)
2025-06-06 16:07:51,922 INFO  - Already have ACK (at simulation time 287.000,000,000 s)
2025-06-06 16:07:51,922 INFO  - Already have ACK (at simulation time 287.000,000,000 s)
2025-06-06 16:07:51,922 INFO  - Already have ACK (at simulation time 287.000,000,000 s)
2025-06-06 16:07:51,922 INFO  - Already have ACK (at simulation time 287.000,000,000 s)
2025-06-06 16:07:51,922 INFO  - Already have ACK (at simulation time 287.000,000,000 s)
2025-06-06 16:07:51,922 INFO  - Already have ACK (at simulation time 287.000,000,000 s)
2025-06-06 16:07:51,922 INFO  - Already have ACK (at simulation time 287.000,000,000 s)
2025-06-06 16:07:51,922 INFO  - Already have ACK (at simulation time 287.000,000,000 s)
2025-06-06 16:07:51,922 INFO  - Already have ACK (at simulation time 287.000,000,000 s)
2025-06-06 16:07:51,922 INFO  - Already have ACK (at simulation time 287.000,000,000 s)
2025-06-06 16:07:51,922 INFO  - Already have ACK (at simulation time 287.000,000,000 s)
2025-06-06 16:07:51,922 INFO  - Already have ACK (at simulation time 287.000,000,000 s)
2025-06-06 16:07:51,922 INFO  - Already have ACK (at simulation time 287.000,000,000 s)
2025-06-06 16:07:51,922 INFO  - Already have ACK (at simulation time 287.000,000,000 s)
2025-06-06 16:07:51,922 INFO  - Already have ACK (at simulation time 287.000,000,000 s)
2025-06-06 16:07:51,922 INFO  - Already have ACK (at simulation time 287.000,000,000 s)
2025-06-06 16:07:51,922 INFO  - Already have ACK (at simulation time 287.000,000,000 s)
2025-06-06 16:07:51,922 INFO  - Already have ACK (at simulation time 287.000,000,000 s)
2025-06-06 16:07:51,922 INFO  - Already have ACK (at simulation time 287.000,000,000 s)
2025-06-06 16:07:51,922 INFO  - Already have ACK (at simulation time 287.000,000,000 s)
2025-06-06 16:07:51,922 INFO  - Already have ACK (at simulation time 287.000,000,000 s)
2025-06-06 16:07:51,922 INFO  - Already have ACK (at simulation time 287.000,000,000 s)
2025-06-06 16:07:51,922 INFO  - Already have ACK (at simulation time 287.000,000,000 s)
2025-06-06 16:07:51,923 INFO  - Already have ACK (at simulation time 287.000,000,000 s)
2025-06-06 16:07:51,923 INFO  - Already have ACK (at simulation time 287.000,000,000 s)
2025-06-06 16:07:51,923 INFO  - Already have ACK (at simulation time 287.000,000,000 s)
2025-06-06 16:07:51,923 INFO  - Already have ACK (at simulation time 287.000,000,000 s)
2025-06-06 16:07:51,923 INFO  - Already have ACK (at simulation time 287.000,000,000 s)
2025-06-06 16:07:51,923 INFO  - Already have ACK (at simulation time 287.000,000,000 s)
2025-06-06 16:07:51,923 INFO  - Already have ACK (at simulation time 287.000,000,000 s)
2025-06-06 16:07:51,923 INFO  - Already have ACK (at simulation time 287.000,000,000 s)
2025-06-06 16:07:51,923 INFO  - Already have ACK (at simulation time 287.000,000,000 s)
2025-06-06 16:07:51,923 INFO  - Already have ACK (at simulation time 287.000,000,000 s)
2025-06-06 16:07:51,923 INFO  - Already have ACK (at simulation time 287.000,000,000 s)
2025-06-06 16:07:51,923 INFO  - Already have ACK (at simulation time 287.000,000,000 s)
2025-06-06 16:07:51,923 INFO  - Already have ACK (at simulation time 287.000,000,000 s)
2025-06-06 16:07:51,923 INFO  - Already have ACK (at simulation time 287.000,000,000 s)
2025-06-06 16:07:51,923 INFO  - Already have ACK (at simulation time 287.000,000,000 s)
2025-06-06 16:07:51,923 INFO  - Already have ACK (at simulation time 287.000,000,000 s)
2025-06-06 16:07:51,923 INFO  - Already have ACK (at simulation time 287.000,000,000 s)
2025-06-06 16:07:51,923 INFO  - Already have ACK (at simulation time 287.000,000,000 s)
2025-06-06 16:07:51,923 INFO  - Already have ACK (at simulation time 287.000,000,000 s)
2025-06-06 16:07:51,923 INFO  - Already have ACK (at simulation time 287.000,000,000 s)
2025-06-06 16:07:51,923 INFO  - Already have ACK (at simulation time 287.000,000,000 s)
2025-06-06 16:07:51,923 INFO  - Already have ACK (at simulation time 287.000,000,000 s)
2025-06-06 16:07:51,923 INFO  - Already have ACK (at simulation time 287.000,000,000 s)
2025-06-06 16:07:51,923 INFO  - Already have ACK (at simulation time 287.000,000,000 s)
2025-06-06 16:07:51,923 INFO  - Already have ACK (at simulation time 287.000,000,000 s)
2025-06-06 16:07:51,923 INFO  - Already have ACK (at simulation time 287.000,000,000 s)
2025-06-06 16:07:51,923 INFO  - Already have ACK (at simulation time 287.000,000,000 s)
2025-06-06 16:07:51,923 INFO  - Already have ACK (at simulation time 287.000,000,000 s)
2025-06-06 16:07:51,924 INFO  - Already have ACK (at simulation time 288.000,000,000 s)
2025-06-06 16:07:51,924 INFO  - Already have ACK (at simulation time 288.000,000,000 s)
2025-06-06 16:07:51,924 INFO  - Already have ACK (at simulation time 288.000,000,000 s)
2025-06-06 16:07:51,924 INFO  - Already have ACK (at simulation time 288.000,000,000 s)
2025-06-06 16:07:51,924 INFO  - Already have ACK (at simulation time 288.000,000,000 s)
2025-06-06 16:07:51,924 INFO  - Already have ACK (at simulation time 288.000,000,000 s)
2025-06-06 16:07:51,924 INFO  - Already have ACK (at simulation time 288.000,000,000 s)
2025-06-06 16:07:51,924 INFO  - Already have ACK (at simulation time 288.000,000,000 s)
2025-06-06 16:07:51,924 INFO  - Already have ACK (at simulation time 288.000,000,000 s)
2025-06-06 16:07:51,925 INFO  - Already have ACK (at simulation time 288.000,000,000 s)
2025-06-06 16:07:51,925 INFO  - Already have ACK (at simulation time 288.000,000,000 s)
2025-06-06 16:07:51,925 INFO  - Already have ACK (at simulation time 288.000,000,000 s)
2025-06-06 16:07:51,925 INFO  - Already have ACK (at simulation time 288.000,000,000 s)
2025-06-06 16:07:51,925 INFO  - Already have ACK (at simulation time 288.000,000,000 s)
2025-06-06 16:07:51,925 INFO  - Already have ACK (at simulation time 288.000,000,000 s)
2025-06-06 16:07:51,925 INFO  - Already have ACK (at simulation time 288.000,000,000 s)
2025-06-06 16:07:51,925 INFO  - Already have ACK (at simulation time 288.000,000,000 s)
2025-06-06 16:07:51,925 INFO  - Already have ACK (at simulation time 288.000,000,000 s)
2025-06-06 16:07:51,925 INFO  - Already have ACK (at simulation time 288.000,000,000 s)
2025-06-06 16:07:51,925 INFO  - Already have ACK (at simulation time 288.000,000,000 s)
2025-06-06 16:07:51,925 INFO  - Already have ACK (at simulation time 288.000,000,000 s)
2025-06-06 16:07:51,925 INFO  - Already have ACK (at simulation time 288.000,000,000 s)
2025-06-06 16:07:51,925 INFO  - Already have ACK (at simulation time 288.000,000,000 s)
2025-06-06 16:07:51,925 INFO  - Already have ACK (at simulation time 288.000,000,000 s)
2025-06-06 16:07:51,925 INFO  - Already have ACK (at simulation time 288.000,000,000 s)
2025-06-06 16:07:51,925 INFO  - Already have ACK (at simulation time 288.000,000,000 s)
2025-06-06 16:07:51,925 INFO  - Already have ACK (at simulation time 288.000,000,000 s)
2025-06-06 16:07:51,925 INFO  - Already have ACK (at simulation time 288.000,000,000 s)
2025-06-06 16:07:51,925 INFO  - Already have ACK (at simulation time 288.000,000,000 s)
2025-06-06 16:07:51,926 INFO  - Already have ACK (at simulation time 288.000,000,000 s)
2025-06-06 16:07:51,926 INFO  - Already have ACK (at simulation time 288.000,000,000 s)
2025-06-06 16:07:51,926 INFO  - Already have ACK (at simulation time 288.000,000,000 s)
2025-06-06 16:07:51,926 INFO  - Already have ACK (at simulation time 288.000,000,000 s)
2025-06-06 16:07:51,926 INFO  - Already have ACK (at simulation time 288.000,000,000 s)
2025-06-06 16:07:51,926 INFO  - Already have ACK (at simulation time 288.000,000,000 s)
2025-06-06 16:07:51,926 INFO  - Already have ACK (at simulation time 288.000,000,000 s)
2025-06-06 16:07:51,926 INFO  - Already have ACK (at simulation time 288.000,000,000 s)
2025-06-06 16:07:51,926 INFO  - Already have ACK (at simulation time 288.000,000,000 s)
2025-06-06 16:07:51,926 INFO  - Already have ACK (at simulation time 288.000,000,000 s)
2025-06-06 16:07:51,926 INFO  - Already have ACK (at simulation time 288.000,000,000 s)
2025-06-06 16:07:51,926 INFO  - Already have ACK (at simulation time 288.000,000,000 s)
2025-06-06 16:07:51,926 INFO  - Already have ACK (at simulation time 288.000,000,000 s)
2025-06-06 16:07:51,926 INFO  - Already have ACK (at simulation time 288.000,000,000 s)
2025-06-06 16:07:51,926 INFO  - Already have ACK (at simulation time 288.000,000,000 s)
2025-06-06 16:07:51,926 INFO  - Already have ACK (at simulation time 288.000,000,000 s)
2025-06-06 16:07:51,926 INFO  - Already have ACK (at simulation time 288.000,000,000 s)
2025-06-06 16:07:51,926 INFO  - Already have ACK (at simulation time 288.000,000,000 s)
2025-06-06 16:07:51,926 INFO  - Already have ACK (at simulation time 288.000,000,000 s)
2025-06-06 16:07:51,926 INFO  - Already have ACK (at simulation time 288.000,000,000 s)
2025-06-06 16:07:51,926 INFO  - Already have ACK (at simulation time 288.000,000,000 s)
2025-06-06 16:07:51,926 INFO  - Already have ACK (at simulation time 288.000,000,000 s)
2025-06-06 16:07:51,926 INFO  - Already have ACK (at simulation time 288.000,000,000 s)
2025-06-06 16:07:51,926 INFO  - Already have ACK (at simulation time 288.000,000,000 s)
2025-06-06 16:07:51,927 INFO  - Already have ACK (at simulation time 288.000,000,000 s)
2025-06-06 16:07:51,927 INFO  - Already have ACK (at simulation time 288.000,000,000 s)
2025-06-06 16:07:51,927 INFO  - Already have ACK (at simulation time 288.000,000,000 s)
2025-06-06 16:07:51,927 INFO  - Already have ACK (at simulation time 288.000,000,000 s)
2025-06-06 16:07:51,927 INFO  - Already have ACK (at simulation time 288.000,000,000 s)
2025-06-06 16:07:51,927 INFO  - Already have ACK (at simulation time 288.000,000,000 s)
2025-06-06 16:07:51,927 INFO  - Already have ACK (at simulation time 288.000,000,000 s)
2025-06-06 16:07:51,927 INFO  - Already have ACK (at simulation time 288.000,000,000 s)
2025-06-06 16:07:51,927 INFO  - Already have ACK (at simulation time 288.000,000,000 s)
2025-06-06 16:07:51,927 INFO  - Already have ACK (at simulation time 288.000,000,000 s)
2025-06-06 16:07:51,927 INFO  - Already have ACK (at simulation time 288.000,000,000 s)
2025-06-06 16:07:51,927 INFO  - Already have ACK (at simulation time 288.000,000,000 s)
2025-06-06 16:07:51,927 INFO  - Already have ACK (at simulation time 288.000,000,000 s)
2025-06-06 16:07:51,927 INFO  - Already have ACK (at simulation time 288.000,000,000 s)
2025-06-06 16:07:51,927 INFO  - Already have ACK (at simulation time 288.000,000,000 s)
2025-06-06 16:07:51,927 INFO  - Already have ACK (at simulation time 288.000,000,000 s)
2025-06-06 16:07:51,927 INFO  - Already have ACK (at simulation time 288.000,000,000 s)
2025-06-06 16:07:51,927 INFO  - Already have ACK (at simulation time 288.000,000,000 s)
2025-06-06 16:07:51,927 INFO  - Already have ACK (at simulation time 288.000,000,000 s)
2025-06-06 16:07:51,927 INFO  - Already have ACK (at simulation time 288.000,000,000 s)
2025-06-06 16:07:51,927 INFO  - Already have ACK (at simulation time 288.000,000,000 s)
2025-06-06 16:07:51,927 INFO  - Already have ACK (at simulation time 288.000,000,000 s)
2025-06-06 16:07:51,927 INFO  - Already have ACK (at simulation time 288.000,000,000 s)
2025-06-06 16:07:51,927 INFO  - Already have ACK (at simulation time 288.000,000,000 s)
2025-06-06 16:07:51,927 INFO  - Already have ACK (at simulation time 288.000,000,000 s)
2025-06-06 16:07:51,927 INFO  - Already have ACK (at simulation time 288.000,000,000 s)
2025-06-06 16:07:51,927 INFO  - Already have ACK (at simulation time 288.000,000,000 s)
2025-06-06 16:07:51,927 INFO  - Already have ACK (at simulation time 288.000,000,000 s)
2025-06-06 16:07:51,927 INFO  - Already have ACK (at simulation time 288.000,000,000 s)
2025-06-06 16:07:51,927 INFO  - Already have ACK (at simulation time 288.000,000,000 s)
2025-06-06 16:07:51,927 INFO  - Already have ACK (at simulation time 288.000,000,000 s)
2025-06-06 16:07:51,927 INFO  - Already have ACK (at simulation time 288.000,000,000 s)
2025-06-06 16:07:51,927 INFO  - Already have ACK (at simulation time 288.000,000,000 s)
2025-06-06 16:07:51,927 INFO  - Already have ACK (at simulation time 288.000,000,000 s)
2025-06-06 16:07:51,927 INFO  - Already have ACK (at simulation time 288.000,000,000 s)
2025-06-06 16:07:51,927 INFO  - Already have ACK (at simulation time 288.000,000,000 s)
2025-06-06 16:07:51,927 INFO  - Already have ACK (at simulation time 288.000,000,000 s)
2025-06-06 16:07:51,927 INFO  - Already have ACK (at simulation time 288.000,000,000 s)
2025-06-06 16:07:51,927 INFO  - Already have ACK (at simulation time 288.000,000,000 s)
2025-06-06 16:07:51,927 INFO  - Already have ACK (at simulation time 288.000,000,000 s)
2025-06-06 16:07:51,927 INFO  - Already have ACK (at simulation time 288.000,000,000 s)
2025-06-06 16:07:51,927 INFO  - Already have ACK (at simulation time 288.000,000,000 s)
2025-06-06 16:07:51,927 INFO  - Already have ACK (at simulation time 288.000,000,000 s)
2025-06-06 16:07:51,927 INFO  - Already have ACK (at simulation time 288.000,000,000 s)
2025-06-06 16:07:51,927 INFO  - Already have ACK (at simulation time 288.000,000,000 s)
2025-06-06 16:07:51,927 INFO  - Already have ACK (at simulation time 288.000,000,000 s)
2025-06-06 16:07:51,927 INFO  - Already have ACK (at simulation time 288.000,000,000 s)
2025-06-06 16:07:51,927 INFO  - Already have ACK (at simulation time 288.000,000,000 s)
2025-06-06 16:07:51,927 INFO  - Already have ACK (at simulation time 288.000,000,000 s)
2025-06-06 16:07:51,927 INFO  - Already have ACK (at simulation time 288.000,000,000 s)
2025-06-06 16:07:51,927 INFO  - Already have ACK (at simulation time 288.000,000,000 s)
2025-06-06 16:07:51,927 INFO  - Already have ACK (at simulation time 288.000,000,000 s)
2025-06-06 16:07:51,927 INFO  - Already have ACK (at simulation time 288.000,000,000 s)
2025-06-06 16:07:51,927 INFO  - Already have ACK (at simulation time 288.000,000,000 s)
2025-06-06 16:07:51,927 INFO  - Already have ACK (at simulation time 288.000,000,000 s)
2025-06-06 16:07:51,929 INFO  - Already have ACK (at simulation time 289.000,000,000 s)
2025-06-06 16:07:51,929 INFO  - Already have ACK (at simulation time 289.000,000,000 s)
2025-06-06 16:07:51,929 INFO  - Already have ACK (at simulation time 289.000,000,000 s)
2025-06-06 16:07:51,930 INFO  - Already have ACK (at simulation time 289.000,000,000 s)
2025-06-06 16:07:51,930 INFO  - Already have ACK (at simulation time 289.000,000,000 s)
2025-06-06 16:07:51,930 INFO  - Already have ACK (at simulation time 289.000,000,000 s)
2025-06-06 16:07:51,930 INFO  - Already have ACK (at simulation time 289.000,000,000 s)
2025-06-06 16:07:51,930 INFO  - Already have ACK (at simulation time 289.000,000,000 s)
2025-06-06 16:07:51,930 INFO  - Already have ACK (at simulation time 289.000,000,000 s)
2025-06-06 16:07:51,930 INFO  - Already have ACK (at simulation time 289.000,000,000 s)
2025-06-06 16:07:51,930 INFO  - Already have ACK (at simulation time 289.000,000,000 s)
2025-06-06 16:07:51,930 INFO  - Already have ACK (at simulation time 289.000,000,000 s)
2025-06-06 16:07:51,930 INFO  - Already have ACK (at simulation time 289.000,000,000 s)
2025-06-06 16:07:51,930 INFO  - Already have ACK (at simulation time 289.000,000,000 s)
2025-06-06 16:07:51,930 INFO  - Already have ACK (at simulation time 289.000,000,000 s)
2025-06-06 16:07:51,930 INFO  - Already have ACK (at simulation time 289.000,000,000 s)
2025-06-06 16:07:51,930 INFO  - Already have ACK (at simulation time 289.000,000,000 s)
2025-06-06 16:07:51,930 INFO  - Already have ACK (at simulation time 289.000,000,000 s)
2025-06-06 16:07:51,930 INFO  - Already have ACK (at simulation time 289.000,000,000 s)
2025-06-06 16:07:51,930 INFO  - Already have ACK (at simulation time 289.000,000,000 s)
2025-06-06 16:07:51,931 INFO  - Already have ACK (at simulation time 289.000,000,000 s)
2025-06-06 16:07:51,931 INFO  - Already have ACK (at simulation time 289.000,000,000 s)
2025-06-06 16:07:51,931 INFO  - Already have ACK (at simulation time 289.000,000,000 s)
2025-06-06 16:07:51,931 INFO  - Already have ACK (at simulation time 289.000,000,000 s)
2025-06-06 16:07:51,931 INFO  - Already have ACK (at simulation time 289.000,000,000 s)
2025-06-06 16:07:51,931 INFO  - Already have ACK (at simulation time 289.000,000,000 s)
2025-06-06 16:07:51,931 INFO  - Already have ACK (at simulation time 289.000,000,000 s)
2025-06-06 16:07:51,931 INFO  - Already have ACK (at simulation time 289.000,000,000 s)
2025-06-06 16:07:51,931 INFO  - Already have ACK (at simulation time 289.000,000,000 s)
2025-06-06 16:07:51,931 INFO  - Already have ACK (at simulation time 289.000,000,000 s)
2025-06-06 16:07:51,931 INFO  - Already have ACK (at simulation time 289.000,000,000 s)
2025-06-06 16:07:51,931 INFO  - Already have ACK (at simulation time 289.000,000,000 s)
2025-06-06 16:07:51,931 INFO  - Already have ACK (at simulation time 289.000,000,000 s)
2025-06-06 16:07:51,931 INFO  - Already have ACK (at simulation time 289.000,000,000 s)
2025-06-06 16:07:51,931 INFO  - Already have ACK (at simulation time 289.000,000,000 s)
2025-06-06 16:07:51,931 INFO  - Already have ACK (at simulation time 289.000,000,000 s)
2025-06-06 16:07:51,931 INFO  - Already have ACK (at simulation time 289.000,000,000 s)
2025-06-06 16:07:51,931 INFO  - Already have ACK (at simulation time 289.000,000,000 s)
2025-06-06 16:07:51,931 INFO  - Already have ACK (at simulation time 289.000,000,000 s)
2025-06-06 16:07:51,931 INFO  - Already have ACK (at simulation time 289.000,000,000 s)
2025-06-06 16:07:51,931 INFO  - Already have ACK (at simulation time 289.000,000,000 s)
2025-06-06 16:07:51,931 INFO  - Already have ACK (at simulation time 289.000,000,000 s)
2025-06-06 16:07:51,931 INFO  - Already have ACK (at simulation time 289.000,000,000 s)
2025-06-06 16:07:51,932 INFO  - Already have ACK (at simulation time 289.000,000,000 s)
2025-06-06 16:07:51,932 INFO  - Already have ACK (at simulation time 289.000,000,000 s)
2025-06-06 16:07:51,932 INFO  - Already have ACK (at simulation time 289.000,000,000 s)
2025-06-06 16:07:51,932 INFO  - Already have ACK (at simulation time 289.000,000,000 s)
2025-06-06 16:07:51,932 INFO  - Already have ACK (at simulation time 289.000,000,000 s)
2025-06-06 16:07:51,932 INFO  - Already have ACK (at simulation time 289.000,000,000 s)
2025-06-06 16:07:51,932 INFO  - Already have ACK (at simulation time 289.000,000,000 s)
2025-06-06 16:07:51,932 INFO  - Already have ACK (at simulation time 289.000,000,000 s)
2025-06-06 16:07:51,932 INFO  - Already have ACK (at simulation time 289.000,000,000 s)
2025-06-06 16:07:51,932 INFO  - Already have ACK (at simulation time 289.000,000,000 s)
2025-06-06 16:07:51,932 INFO  - Already have ACK (at simulation time 289.000,000,000 s)
2025-06-06 16:07:51,932 INFO  - Already have ACK (at simulation time 289.000,000,000 s)
2025-06-06 16:07:51,932 INFO  - Already have ACK (at simulation time 289.000,000,000 s)
2025-06-06 16:07:51,932 INFO  - Already have ACK (at simulation time 289.000,000,000 s)
2025-06-06 16:07:51,932 INFO  - Already have ACK (at simulation time 289.000,000,000 s)
2025-06-06 16:07:51,932 INFO  - Already have ACK (at simulation time 289.000,000,000 s)
2025-06-06 16:07:51,932 INFO  - Already have ACK (at simulation time 289.000,000,000 s)
2025-06-06 16:07:51,932 INFO  - Already have ACK (at simulation time 289.000,000,000 s)
2025-06-06 16:07:51,932 INFO  - Already have ACK (at simulation time 289.000,000,000 s)
2025-06-06 16:07:51,932 INFO  - Already have ACK (at simulation time 289.000,000,000 s)
2025-06-06 16:07:51,932 INFO  - Already have ACK (at simulation time 289.000,000,000 s)
2025-06-06 16:07:51,932 INFO  - Already have ACK (at simulation time 289.000,000,000 s)
2025-06-06 16:07:51,932 INFO  - Already have ACK (at simulation time 289.000,000,000 s)
2025-06-06 16:07:51,932 INFO  - Already have ACK (at simulation time 289.000,000,000 s)
2025-06-06 16:07:51,932 INFO  - Already have ACK (at simulation time 289.000,000,000 s)
2025-06-06 16:07:51,932 INFO  - Already have ACK (at simulation time 289.000,000,000 s)
2025-06-06 16:07:51,932 INFO  - Already have ACK (at simulation time 289.000,000,000 s)
2025-06-06 16:07:51,932 INFO  - Already have ACK (at simulation time 289.000,000,000 s)
2025-06-06 16:07:51,932 INFO  - Already have ACK (at simulation time 289.000,000,000 s)
2025-06-06 16:07:51,932 INFO  - Already have ACK (at simulation time 289.000,000,000 s)
2025-06-06 16:07:51,932 INFO  - Already have ACK (at simulation time 289.000,000,000 s)
2025-06-06 16:07:51,932 INFO  - Already have ACK (at simulation time 289.000,000,000 s)
2025-06-06 16:07:51,932 INFO  - Already have ACK (at simulation time 289.000,000,000 s)
2025-06-06 16:07:51,933 INFO  - Already have ACK (at simulation time 289.000,000,000 s)
2025-06-06 16:07:51,933 INFO  - Already have ACK (at simulation time 289.000,000,000 s)
2025-06-06 16:07:51,933 INFO  - Already have ACK (at simulation time 289.000,000,000 s)
2025-06-06 16:07:51,933 INFO  - Already have ACK (at simulation time 289.000,000,000 s)
2025-06-06 16:07:51,933 INFO  - Already have ACK (at simulation time 289.000,000,000 s)
2025-06-06 16:07:51,933 INFO  - Already have ACK (at simulation time 289.000,000,000 s)
2025-06-06 16:07:51,933 INFO  - Already have ACK (at simulation time 289.000,000,000 s)
2025-06-06 16:07:51,933 INFO  - Already have ACK (at simulation time 289.000,000,000 s)
2025-06-06 16:07:51,933 INFO  - Already have ACK (at simulation time 289.000,000,000 s)
2025-06-06 16:07:51,933 INFO  - Already have ACK (at simulation time 289.000,000,000 s)
2025-06-06 16:07:51,933 INFO  - Already have ACK (at simulation time 289.000,000,000 s)
2025-06-06 16:07:51,933 INFO  - Already have ACK (at simulation time 289.000,000,000 s)
2025-06-06 16:07:51,933 INFO  - Already have ACK (at simulation time 289.000,000,000 s)
2025-06-06 16:07:51,933 INFO  - Already have ACK (at simulation time 289.000,000,000 s)
2025-06-06 16:07:51,933 INFO  - Already have ACK (at simulation time 289.000,000,000 s)
2025-06-06 16:07:51,933 INFO  - Already have ACK (at simulation time 289.000,000,000 s)
2025-06-06 16:07:51,933 INFO  - Already have ACK (at simulation time 289.000,000,000 s)
2025-06-06 16:07:51,933 INFO  - Already have ACK (at simulation time 289.000,000,000 s)
2025-06-06 16:07:51,933 INFO  - Already have ACK (at simulation time 289.000,000,000 s)
2025-06-06 16:07:51,933 INFO  - Already have ACK (at simulation time 289.000,000,000 s)
2025-06-06 16:07:51,933 INFO  - Already have ACK (at simulation time 289.000,000,000 s)
2025-06-06 16:07:51,933 INFO  - Already have ACK (at simulation time 289.000,000,000 s)
2025-06-06 16:07:51,933 INFO  - Already have ACK (at simulation time 289.000,000,000 s)
2025-06-06 16:07:51,933 INFO  - Already have ACK (at simulation time 289.000,000,000 s)
2025-06-06 16:07:51,933 INFO  - Already have ACK (at simulation time 289.000,000,000 s)
2025-06-06 16:07:51,933 INFO  - Already have ACK (at simulation time 289.000,000,000 s)
2025-06-06 16:07:51,933 INFO  - Already have ACK (at simulation time 289.000,000,000 s)
2025-06-06 16:07:51,933 INFO  - Already have ACK (at simulation time 289.000,000,000 s)
2025-06-06 16:07:51,933 INFO  - Already have ACK (at simulation time 289.000,000,000 s)
2025-06-06 16:07:51,933 INFO  - Already have ACK (at simulation time 289.000,000,000 s)
2025-06-06 16:07:51,933 INFO  - Already have ACK (at simulation time 289.000,000,000 s)
2025-06-06 16:07:51,933 INFO  - Already have ACK (at simulation time 289.000,000,000 s)
2025-06-06 16:07:51,933 INFO  - Already have ACK (at simulation time 289.000,000,000 s)
2025-06-06 16:07:51,934 INFO  - Already have ACK (at simulation time 290.000,000,000 s)
2025-06-06 16:07:51,935 INFO  - Already have ACK (at simulation time 290.000,000,000 s)
2025-06-06 16:07:51,935 INFO  - Already have ACK (at simulation time 290.000,000,000 s)
2025-06-06 16:07:51,935 INFO  - Already have ACK (at simulation time 290.000,000,000 s)
2025-06-06 16:07:51,935 INFO  - Already have ACK (at simulation time 290.000,000,000 s)
2025-06-06 16:07:51,935 INFO  - Already have ACK (at simulation time 290.000,000,000 s)
2025-06-06 16:07:51,935 INFO  - Already have ACK (at simulation time 290.000,000,000 s)
2025-06-06 16:07:51,935 INFO  - Already have ACK (at simulation time 290.000,000,000 s)
2025-06-06 16:07:51,935 INFO  - Already have ACK (at simulation time 290.000,000,000 s)
2025-06-06 16:07:51,935 INFO  - Already have ACK (at simulation time 290.000,000,000 s)
2025-06-06 16:07:51,935 INFO  - Already have ACK (at simulation time 290.000,000,000 s)
2025-06-06 16:07:51,935 INFO  - Already have ACK (at simulation time 290.000,000,000 s)
2025-06-06 16:07:51,935 INFO  - Already have ACK (at simulation time 290.000,000,000 s)
2025-06-06 16:07:51,935 INFO  - Already have ACK (at simulation time 290.000,000,000 s)
2025-06-06 16:07:51,935 INFO  - Already have ACK (at simulation time 290.000,000,000 s)
2025-06-06 16:07:51,935 INFO  - Already have ACK (at simulation time 290.000,000,000 s)
2025-06-06 16:07:51,935 INFO  - Already have ACK (at simulation time 290.000,000,000 s)
2025-06-06 16:07:51,936 INFO  - Already have ACK (at simulation time 290.000,000,000 s)
2025-06-06 16:07:51,936 INFO  - Already have ACK (at simulation time 290.000,000,000 s)
2025-06-06 16:07:51,936 INFO  - Already have ACK (at simulation time 290.000,000,000 s)
2025-06-06 16:07:51,936 INFO  - Already have ACK (at simulation time 290.000,000,000 s)
2025-06-06 16:07:51,936 INFO  - Already have ACK (at simulation time 290.000,000,000 s)
2025-06-06 16:07:51,936 INFO  - Already have ACK (at simulation time 290.000,000,000 s)
2025-06-06 16:07:51,936 INFO  - Already have ACK (at simulation time 290.000,000,000 s)
2025-06-06 16:07:51,936 INFO  - Already have ACK (at simulation time 290.000,000,000 s)
2025-06-06 16:07:51,936 INFO  - Already have ACK (at simulation time 290.000,000,000 s)
2025-06-06 16:07:51,936 INFO  - Already have ACK (at simulation time 290.000,000,000 s)
2025-06-06 16:07:51,936 INFO  - Already have ACK (at simulation time 290.000,000,000 s)
2025-06-06 16:07:51,936 INFO  - Already have ACK (at simulation time 290.000,000,000 s)
2025-06-06 16:07:51,936 INFO  - Already have ACK (at simulation time 290.000,000,000 s)
2025-06-06 16:07:51,936 INFO  - Already have ACK (at simulation time 290.000,000,000 s)
2025-06-06 16:07:51,936 INFO  - Already have ACK (at simulation time 290.000,000,000 s)
2025-06-06 16:07:51,936 INFO  - Already have ACK (at simulation time 290.000,000,000 s)
2025-06-06 16:07:51,936 INFO  - Already have ACK (at simulation time 290.000,000,000 s)
2025-06-06 16:07:51,936 INFO  - Already have ACK (at simulation time 290.000,000,000 s)
2025-06-06 16:07:51,936 INFO  - Already have ACK (at simulation time 290.000,000,000 s)
2025-06-06 16:07:51,936 INFO  - Already have ACK (at simulation time 290.000,000,000 s)
2025-06-06 16:07:51,936 INFO  - Already have ACK (at simulation time 290.000,000,000 s)
2025-06-06 16:07:51,936 INFO  - Already have ACK (at simulation time 290.000,000,000 s)
2025-06-06 16:07:51,937 INFO  - Already have ACK (at simulation time 290.000,000,000 s)
2025-06-06 16:07:51,937 INFO  - Already have ACK (at simulation time 290.000,000,000 s)
2025-06-06 16:07:51,937 INFO  - Already have ACK (at simulation time 290.000,000,000 s)
2025-06-06 16:07:51,937 INFO  - Already have ACK (at simulation time 290.000,000,000 s)
2025-06-06 16:07:51,937 INFO  - Already have ACK (at simulation time 290.000,000,000 s)
2025-06-06 16:07:51,937 INFO  - Already have ACK (at simulation time 290.000,000,000 s)
2025-06-06 16:07:51,937 INFO  - Already have ACK (at simulation time 290.000,000,000 s)
2025-06-06 16:07:51,937 INFO  - Already have ACK (at simulation time 290.000,000,000 s)
2025-06-06 16:07:51,937 INFO  - Already have ACK (at simulation time 290.000,000,000 s)
2025-06-06 16:07:51,937 INFO  - Already have ACK (at simulation time 290.000,000,000 s)
2025-06-06 16:07:51,937 INFO  - Already have ACK (at simulation time 290.000,000,000 s)
2025-06-06 16:07:51,937 INFO  - Already have ACK (at simulation time 290.000,000,000 s)
2025-06-06 16:07:51,937 INFO  - Already have ACK (at simulation time 290.000,000,000 s)
2025-06-06 16:07:51,937 INFO  - Already have ACK (at simulation time 290.000,000,000 s)
2025-06-06 16:07:51,937 INFO  - Already have ACK (at simulation time 290.000,000,000 s)
2025-06-06 16:07:51,937 INFO  - Already have ACK (at simulation time 290.000,000,000 s)
2025-06-06 16:07:51,937 INFO  - Already have ACK (at simulation time 290.000,000,000 s)
2025-06-06 16:07:51,937 INFO  - Already have ACK (at simulation time 290.000,000,000 s)
2025-06-06 16:07:51,937 INFO  - Already have ACK (at simulation time 290.000,000,000 s)
2025-06-06 16:07:51,937 INFO  - Already have ACK (at simulation time 290.000,000,000 s)
2025-06-06 16:07:51,937 INFO  - Already have ACK (at simulation time 290.000,000,000 s)
2025-06-06 16:07:51,937 INFO  - Already have ACK (at simulation time 290.000,000,000 s)
2025-06-06 16:07:51,937 INFO  - Already have ACK (at simulation time 290.000,000,000 s)
2025-06-06 16:07:51,937 INFO  - Already have ACK (at simulation time 290.000,000,000 s)
2025-06-06 16:07:51,937 INFO  - Already have ACK (at simulation time 290.000,000,000 s)
2025-06-06 16:07:51,937 INFO  - Already have ACK (at simulation time 290.000,000,000 s)
2025-06-06 16:07:51,937 INFO  - Already have ACK (at simulation time 290.000,000,000 s)
2025-06-06 16:07:51,937 INFO  - Already have ACK (at simulation time 290.000,000,000 s)
2025-06-06 16:07:51,937 INFO  - Already have ACK (at simulation time 290.000,000,000 s)
2025-06-06 16:07:51,938 INFO  - Already have ACK (at simulation time 290.000,000,000 s)
2025-06-06 16:07:51,938 INFO  - Already have ACK (at simulation time 290.000,000,000 s)
2025-06-06 16:07:51,938 INFO  - Already have ACK (at simulation time 290.000,000,000 s)
2025-06-06 16:07:51,938 INFO  - Already have ACK (at simulation time 290.000,000,000 s)
2025-06-06 16:07:51,938 INFO  - Already have ACK (at simulation time 290.000,000,000 s)
2025-06-06 16:07:51,938 INFO  - Already have ACK (at simulation time 290.000,000,000 s)
2025-06-06 16:07:51,938 INFO  - Already have ACK (at simulation time 290.000,000,000 s)
2025-06-06 16:07:51,938 INFO  - Already have ACK (at simulation time 290.000,000,000 s)
2025-06-06 16:07:51,938 INFO  - Already have ACK (at simulation time 290.000,000,000 s)
2025-06-06 16:07:51,938 INFO  - Already have ACK (at simulation time 290.000,000,000 s)
2025-06-06 16:07:51,938 INFO  - Already have ACK (at simulation time 290.000,000,000 s)
2025-06-06 16:07:51,938 INFO  - Already have ACK (at simulation time 290.000,000,000 s)
2025-06-06 16:07:51,938 INFO  - Already have ACK (at simulation time 290.000,000,000 s)
2025-06-06 16:07:51,938 INFO  - Already have ACK (at simulation time 290.000,000,000 s)
2025-06-06 16:07:51,938 INFO  - Already have ACK (at simulation time 290.000,000,000 s)
2025-06-06 16:07:51,938 INFO  - Already have ACK (at simulation time 290.000,000,000 s)
2025-06-06 16:07:51,938 INFO  - Already have ACK (at simulation time 290.000,000,000 s)
2025-06-06 16:07:51,938 INFO  - Already have ACK (at simulation time 290.000,000,000 s)
2025-06-06 16:07:51,938 INFO  - Already have ACK (at simulation time 290.000,000,000 s)
2025-06-06 16:07:51,938 INFO  - Already have ACK (at simulation time 290.000,000,000 s)
2025-06-06 16:07:51,938 INFO  - Already have ACK (at simulation time 290.000,000,000 s)
2025-06-06 16:07:51,938 INFO  - Already have ACK (at simulation time 290.000,000,000 s)
2025-06-06 16:07:51,938 INFO  - Already have ACK (at simulation time 290.000,000,000 s)
2025-06-06 16:07:51,938 INFO  - Already have ACK (at simulation time 290.000,000,000 s)
2025-06-06 16:07:51,938 INFO  - Already have ACK (at simulation time 290.000,000,000 s)
2025-06-06 16:07:51,938 INFO  - Already have ACK (at simulation time 290.000,000,000 s)
2025-06-06 16:07:51,938 INFO  - Already have ACK (at simulation time 290.000,000,000 s)
2025-06-06 16:07:51,938 INFO  - Already have ACK (at simulation time 290.000,000,000 s)
2025-06-06 16:07:51,938 INFO  - Already have ACK (at simulation time 290.000,000,000 s)
2025-06-06 16:07:51,938 INFO  - Already have ACK (at simulation time 290.000,000,000 s)
2025-06-06 16:07:51,938 INFO  - Already have ACK (at simulation time 290.000,000,000 s)
2025-06-06 16:07:51,938 INFO  - Already have ACK (at simulation time 290.000,000,000 s)
2025-06-06 16:07:51,938 INFO  - Already have ACK (at simulation time 290.000,000,000 s)
2025-06-06 16:07:51,938 INFO  - Already have ACK (at simulation time 290.000,000,000 s)
2025-06-06 16:07:51,938 INFO  - Already have ACK (at simulation time 290.000,000,000 s)
2025-06-06 16:07:51,938 INFO  - Already have ACK (at simulation time 290.000,000,000 s)
2025-06-06 16:07:51,938 INFO  - Already have ACK (at simulation time 290.000,000,000 s)
2025-06-06 16:07:51,938 INFO  - Already have ACK (at simulation time 290.000,000,000 s)
2025-06-06 16:07:51,938 INFO  - Already have ACK (at simulation time 290.000,000,000 s)
2025-06-06 16:07:51,938 INFO  - Already have ACK (at simulation time 290.000,000,000 s)
2025-06-06 16:07:51,938 INFO  - Already have ACK (at simulation time 290.000,000,000 s)
2025-06-06 16:07:51,938 INFO  - Already have ACK (at simulation time 290.000,000,000 s)
2025-06-06 16:07:51,940 INFO  - Sent periodic GreenWaveMsg: veh_34 on route r_0 (at simulation time 291.000,000,000 s)
2025-06-06 16:07:51,940 INFO  - Already have ACK (at simulation time 291.000,000,000 s)
2025-06-06 16:07:51,940 INFO  - Already have ACK (at simulation time 291.000,000,000 s)
2025-06-06 16:07:51,940 INFO  - Already have ACK (at simulation time 291.000,000,000 s)
2025-06-06 16:07:51,940 INFO  - Already have ACK (at simulation time 291.000,000,000 s)
2025-06-06 16:07:51,940 INFO  - Already have ACK (at simulation time 291.000,000,000 s)
2025-06-06 16:07:51,940 INFO  - Already have ACK (at simulation time 291.000,000,000 s)
2025-06-06 16:07:51,940 INFO  - Already have ACK (at simulation time 291.000,000,000 s)
2025-06-06 16:07:51,940 INFO  - Already have ACK (at simulation time 291.000,000,000 s)
2025-06-06 16:07:51,940 INFO  - Already have ACK (at simulation time 291.000,000,000 s)
2025-06-06 16:07:51,940 INFO  - Already have ACK (at simulation time 291.000,000,000 s)
2025-06-06 16:07:51,941 INFO  - Already have ACK (at simulation time 291.000,000,000 s)
2025-06-06 16:07:51,941 INFO  - Already have ACK (at simulation time 291.000,000,000 s)
2025-06-06 16:07:51,941 INFO  - Already have ACK (at simulation time 291.000,000,000 s)
2025-06-06 16:07:51,941 INFO  - Already have ACK (at simulation time 291.000,000,000 s)
2025-06-06 16:07:51,941 INFO  - Already have ACK (at simulation time 291.000,000,000 s)
2025-06-06 16:07:51,941 INFO  - Already have ACK (at simulation time 291.000,000,000 s)
2025-06-06 16:07:51,941 INFO  - Already have ACK (at simulation time 291.000,000,000 s)
2025-06-06 16:07:51,941 INFO  - Already have ACK (at simulation time 291.000,000,000 s)
2025-06-06 16:07:51,941 INFO  - Already have ACK (at simulation time 291.000,000,000 s)
2025-06-06 16:07:51,941 INFO  - Already have ACK (at simulation time 291.000,000,000 s)
2025-06-06 16:07:51,941 INFO  - Already have ACK (at simulation time 291.000,000,000 s)
2025-06-06 16:07:51,941 INFO  - Already have ACK (at simulation time 291.000,000,000 s)
2025-06-06 16:07:51,941 INFO  - Already have ACK (at simulation time 291.000,000,000 s)
2025-06-06 16:07:51,941 INFO  - Already have ACK (at simulation time 291.000,000,000 s)
2025-06-06 16:07:51,941 INFO  - Already have ACK (at simulation time 291.000,000,000 s)
2025-06-06 16:07:51,941 INFO  - Already have ACK (at simulation time 291.000,000,000 s)
2025-06-06 16:07:51,941 INFO  - Already have ACK (at simulation time 291.000,000,000 s)
2025-06-06 16:07:51,941 INFO  - Already have ACK (at simulation time 291.000,000,000 s)
2025-06-06 16:07:51,941 INFO  - Already have ACK (at simulation time 291.000,000,000 s)
2025-06-06 16:07:51,942 INFO  - Already have ACK (at simulation time 291.000,000,000 s)
2025-06-06 16:07:51,942 INFO  - Already have ACK (at simulation time 291.000,000,000 s)
2025-06-06 16:07:51,942 INFO  - Already have ACK (at simulation time 291.000,000,000 s)
2025-06-06 16:07:51,942 INFO  - Already have ACK (at simulation time 291.000,000,000 s)
2025-06-06 16:07:51,942 INFO  - Already have ACK (at simulation time 291.000,000,000 s)
2025-06-06 16:07:51,942 INFO  - Already have ACK (at simulation time 291.000,000,000 s)
2025-06-06 16:07:51,942 INFO  - Already have ACK (at simulation time 291.000,000,000 s)
2025-06-06 16:07:51,942 INFO  - Already have ACK (at simulation time 291.000,000,000 s)
2025-06-06 16:07:51,942 INFO  - Already have ACK (at simulation time 291.000,000,000 s)
2025-06-06 16:07:51,942 INFO  - Already have ACK (at simulation time 291.000,000,000 s)
2025-06-06 16:07:51,942 INFO  - Already have ACK (at simulation time 291.000,000,000 s)
2025-06-06 16:07:51,942 INFO  - Already have ACK (at simulation time 291.000,000,000 s)
2025-06-06 16:07:51,942 INFO  - Already have ACK (at simulation time 291.000,000,000 s)
2025-06-06 16:07:51,942 INFO  - Already have ACK (at simulation time 291.000,000,000 s)
2025-06-06 16:07:51,942 INFO  - Already have ACK (at simulation time 291.000,000,000 s)
2025-06-06 16:07:51,942 INFO  - Already have ACK (at simulation time 291.000,000,000 s)
2025-06-06 16:07:51,942 INFO  - Already have ACK (at simulation time 291.000,000,000 s)
2025-06-06 16:07:51,942 INFO  - Already have ACK (at simulation time 291.000,000,000 s)
2025-06-06 16:07:51,942 INFO  - Already have ACK (at simulation time 291.000,000,000 s)
2025-06-06 16:07:51,942 INFO  - Already have ACK (at simulation time 291.000,000,000 s)
2025-06-06 16:07:51,942 INFO  - Already have ACK (at simulation time 291.000,000,000 s)
2025-06-06 16:07:51,942 INFO  - Already have ACK (at simulation time 291.000,000,000 s)
2025-06-06 16:07:51,942 INFO  - Already have ACK (at simulation time 291.000,000,000 s)
2025-06-06 16:07:51,943 INFO  - Already have ACK (at simulation time 291.000,000,000 s)
2025-06-06 16:07:51,943 INFO  - Already have ACK (at simulation time 291.000,000,000 s)
2025-06-06 16:07:51,943 INFO  - Already have ACK (at simulation time 291.000,000,000 s)
2025-06-06 16:07:51,943 INFO  - Already have ACK (at simulation time 291.000,000,000 s)
2025-06-06 16:07:51,943 INFO  - Already have ACK (at simulation time 291.000,000,000 s)
2025-06-06 16:07:51,943 INFO  - Already have ACK (at simulation time 291.000,000,000 s)
2025-06-06 16:07:51,943 INFO  - Already have ACK (at simulation time 291.000,000,000 s)
2025-06-06 16:07:51,943 INFO  - Already have ACK (at simulation time 291.000,000,000 s)
2025-06-06 16:07:51,943 INFO  - Already have ACK (at simulation time 291.000,000,000 s)
2025-06-06 16:07:51,943 INFO  - Already have ACK (at simulation time 291.000,000,000 s)
2025-06-06 16:07:51,943 INFO  - Already have ACK (at simulation time 291.000,000,000 s)
2025-06-06 16:07:51,943 INFO  - Already have ACK (at simulation time 291.000,000,000 s)
2025-06-06 16:07:51,943 INFO  - Already have ACK (at simulation time 291.000,000,000 s)
2025-06-06 16:07:51,943 INFO  - Already have ACK (at simulation time 291.000,000,000 s)
2025-06-06 16:07:51,943 INFO  - Already have ACK (at simulation time 291.000,000,000 s)
2025-06-06 16:07:51,943 INFO  - Already have ACK (at simulation time 291.000,000,000 s)
2025-06-06 16:07:51,943 INFO  - Already have ACK (at simulation time 291.000,000,000 s)
2025-06-06 16:07:51,943 INFO  - Already have ACK (at simulation time 291.000,000,000 s)
2025-06-06 16:07:51,943 INFO  - Already have ACK (at simulation time 291.000,000,000 s)
2025-06-06 16:07:51,943 INFO  - Already have ACK (at simulation time 291.000,000,000 s)
2025-06-06 16:07:51,943 INFO  - Already have ACK (at simulation time 291.000,000,000 s)
2025-06-06 16:07:51,943 INFO  - Already have ACK (at simulation time 291.000,000,000 s)
2025-06-06 16:07:51,943 INFO  - Already have ACK (at simulation time 291.000,000,000 s)
2025-06-06 16:07:51,943 INFO  - Already have ACK (at simulation time 291.000,000,000 s)
2025-06-06 16:07:51,943 INFO  - Already have ACK (at simulation time 291.000,000,000 s)
2025-06-06 16:07:51,943 INFO  - Already have ACK (at simulation time 291.000,000,000 s)
2025-06-06 16:07:51,943 INFO  - Already have ACK (at simulation time 291.000,000,000 s)
2025-06-06 16:07:51,943 INFO  - Already have ACK (at simulation time 291.000,000,000 s)
2025-06-06 16:07:51,943 INFO  - Already have ACK (at simulation time 291.000,000,000 s)
2025-06-06 16:07:51,943 INFO  - Already have ACK (at simulation time 291.000,000,000 s)
2025-06-06 16:07:51,943 INFO  - Already have ACK (at simulation time 291.000,000,000 s)
2025-06-06 16:07:51,943 INFO  - Already have ACK (at simulation time 291.000,000,000 s)
2025-06-06 16:07:51,943 INFO  - Already have ACK (at simulation time 291.000,000,000 s)
2025-06-06 16:07:51,943 INFO  - Already have ACK (at simulation time 291.000,000,000 s)
2025-06-06 16:07:51,943 INFO  - Already have ACK (at simulation time 291.000,000,000 s)
2025-06-06 16:07:51,943 INFO  - Already have ACK (at simulation time 291.000,000,000 s)
2025-06-06 16:07:51,943 INFO  - Already have ACK (at simulation time 291.000,000,000 s)
2025-06-06 16:07:51,943 INFO  - Already have ACK (at simulation time 291.000,000,000 s)
2025-06-06 16:07:51,943 INFO  - Already have ACK (at simulation time 291.000,000,000 s)
2025-06-06 16:07:51,943 INFO  - Already have ACK (at simulation time 291.000,000,000 s)
2025-06-06 16:07:51,943 INFO  - Already have ACK (at simulation time 291.000,000,000 s)
2025-06-06 16:07:51,943 INFO  - Already have ACK (at simulation time 291.000,000,000 s)
2025-06-06 16:07:51,943 INFO  - Already have ACK (at simulation time 291.000,000,000 s)
2025-06-06 16:07:51,943 INFO  - Already have ACK (at simulation time 291.000,000,000 s)
2025-06-06 16:07:51,943 INFO  - Already have ACK (at simulation time 291.000,000,000 s)
2025-06-06 16:07:51,943 INFO  - Already have ACK (at simulation time 291.000,000,000 s)
2025-06-06 16:07:51,943 INFO  - Already have ACK (at simulation time 291.000,000,000 s)
2025-06-06 16:07:51,943 INFO  - Already have ACK (at simulation time 291.000,000,000 s)
2025-06-06 16:07:51,943 INFO  - Already have ACK (at simulation time 291.000,000,000 s)
2025-06-06 16:07:51,943 INFO  - Already have ACK (at simulation time 291.000,000,000 s)
2025-06-06 16:07:51,943 INFO  - Already have ACK (at simulation time 291.000,000,000 s)
2025-06-06 16:07:51,943 INFO  - Already have ACK (at simulation time 291.000,000,000 s)
2025-06-06 16:07:51,944 INFO  - Already have ACK (at simulation time 291.000,000,000 s)
2025-06-06 16:07:51,944 INFO  - Already have ACK (at simulation time 291.000,000,000 s)
2025-06-06 16:07:51,944 INFO  - Already have ACK (at simulation time 291.000,000,000 s)
2025-06-06 16:07:51,944 INFO  - Already have ACK (at simulation time 291.000,000,000 s)
2025-06-06 16:07:51,944 INFO  - Already have ACK (at simulation time 291.000,000,000 s)
2025-06-06 16:07:51,944 INFO  - Already have ACK (at simulation time 291.000,000,000 s)
2025-06-06 16:07:51,944 INFO  - Already have ACK (at simulation time 291.000,000,000 s)
2025-06-06 16:07:51,945 INFO  - Already have ACK (at simulation time 292.000,000,000 s)
2025-06-06 16:07:51,945 INFO  - Already have ACK (at simulation time 292.000,000,000 s)
2025-06-06 16:07:51,945 INFO  - Already have ACK (at simulation time 292.000,000,000 s)
2025-06-06 16:07:51,945 INFO  - Already have ACK (at simulation time 292.000,000,000 s)
2025-06-06 16:07:51,945 INFO  - Already have ACK (at simulation time 292.000,000,000 s)
2025-06-06 16:07:51,945 INFO  - Already have ACK (at simulation time 292.000,000,000 s)
2025-06-06 16:07:51,945 INFO  - Already have ACK (at simulation time 292.000,000,000 s)
2025-06-06 16:07:51,945 INFO  - Already have ACK (at simulation time 292.000,000,000 s)
2025-06-06 16:07:51,945 INFO  - Already have ACK (at simulation time 292.000,000,000 s)
2025-06-06 16:07:51,945 INFO  - Already have ACK (at simulation time 292.000,000,000 s)
2025-06-06 16:07:51,946 INFO  - Already have ACK (at simulation time 292.000,000,000 s)
2025-06-06 16:07:51,946 INFO  - Already have ACK (at simulation time 292.000,000,000 s)
2025-06-06 16:07:51,946 INFO  - Already have ACK (at simulation time 292.000,000,000 s)
2025-06-06 16:07:51,946 INFO  - Already have ACK (at simulation time 292.000,000,000 s)
2025-06-06 16:07:51,946 INFO  - Already have ACK (at simulation time 292.000,000,000 s)
2025-06-06 16:07:51,946 INFO  - Already have ACK (at simulation time 292.000,000,000 s)
2025-06-06 16:07:51,946 INFO  - Already have ACK (at simulation time 292.000,000,000 s)
2025-06-06 16:07:51,946 INFO  - Already have ACK (at simulation time 292.000,000,000 s)
2025-06-06 16:07:51,946 INFO  - Already have ACK (at simulation time 292.000,000,000 s)
2025-06-06 16:07:51,946 INFO  - Already have ACK (at simulation time 292.000,000,000 s)
2025-06-06 16:07:51,946 INFO  - Already have ACK (at simulation time 292.000,000,000 s)
2025-06-06 16:07:51,946 INFO  - Already have ACK (at simulation time 292.000,000,000 s)
2025-06-06 16:07:51,946 INFO  - Already have ACK (at simulation time 292.000,000,000 s)
2025-06-06 16:07:51,946 INFO  - Already have ACK (at simulation time 292.000,000,000 s)
2025-06-06 16:07:51,946 INFO  - Already have ACK (at simulation time 292.000,000,000 s)
2025-06-06 16:07:51,946 INFO  - Already have ACK (at simulation time 292.000,000,000 s)
2025-06-06 16:07:51,946 INFO  - Already have ACK (at simulation time 292.000,000,000 s)
2025-06-06 16:07:51,946 INFO  - Already have ACK (at simulation time 292.000,000,000 s)
2025-06-06 16:07:51,946 INFO  - Already have ACK (at simulation time 292.000,000,000 s)
2025-06-06 16:07:51,947 INFO  - Already have ACK (at simulation time 292.000,000,000 s)
2025-06-06 16:07:51,947 INFO  - Already have ACK (at simulation time 292.000,000,000 s)
2025-06-06 16:07:51,947 INFO  - Already have ACK (at simulation time 292.000,000,000 s)
2025-06-06 16:07:51,947 INFO  - Already have ACK (at simulation time 292.000,000,000 s)
2025-06-06 16:07:51,947 INFO  - Already have ACK (at simulation time 292.000,000,000 s)
2025-06-06 16:07:51,947 INFO  - Already have ACK (at simulation time 292.000,000,000 s)
2025-06-06 16:07:51,947 INFO  - Already have ACK (at simulation time 292.000,000,000 s)
2025-06-06 16:07:51,947 INFO  - Already have ACK (at simulation time 292.000,000,000 s)
2025-06-06 16:07:51,947 INFO  - Already have ACK (at simulation time 292.000,000,000 s)
2025-06-06 16:07:51,947 INFO  - Already have ACK (at simulation time 292.000,000,000 s)
2025-06-06 16:07:51,947 INFO  - Already have ACK (at simulation time 292.000,000,000 s)
2025-06-06 16:07:51,947 INFO  - Already have ACK (at simulation time 292.000,000,000 s)
2025-06-06 16:07:51,947 INFO  - Already have ACK (at simulation time 292.000,000,000 s)
2025-06-06 16:07:51,947 INFO  - Already have ACK (at simulation time 292.000,000,000 s)
2025-06-06 16:07:51,947 INFO  - Already have ACK (at simulation time 292.000,000,000 s)
2025-06-06 16:07:51,947 INFO  - Already have ACK (at simulation time 292.000,000,000 s)
2025-06-06 16:07:51,947 INFO  - Already have ACK (at simulation time 292.000,000,000 s)
2025-06-06 16:07:51,947 INFO  - Already have ACK (at simulation time 292.000,000,000 s)
2025-06-06 16:07:51,947 INFO  - Already have ACK (at simulation time 292.000,000,000 s)
2025-06-06 16:07:51,947 INFO  - Already have ACK (at simulation time 292.000,000,000 s)
2025-06-06 16:07:51,947 INFO  - Already have ACK (at simulation time 292.000,000,000 s)
2025-06-06 16:07:51,947 INFO  - Already have ACK (at simulation time 292.000,000,000 s)
2025-06-06 16:07:51,947 INFO  - Already have ACK (at simulation time 292.000,000,000 s)
2025-06-06 16:07:51,947 INFO  - Already have ACK (at simulation time 292.000,000,000 s)
2025-06-06 16:07:51,948 INFO  - Already have ACK (at simulation time 292.000,000,000 s)
2025-06-06 16:07:51,948 INFO  - Already have ACK (at simulation time 292.000,000,000 s)
2025-06-06 16:07:51,948 INFO  - Already have ACK (at simulation time 292.000,000,000 s)
2025-06-06 16:07:51,948 INFO  - Already have ACK (at simulation time 292.000,000,000 s)
2025-06-06 16:07:51,948 INFO  - Already have ACK (at simulation time 292.000,000,000 s)
2025-06-06 16:07:51,948 INFO  - Already have ACK (at simulation time 292.000,000,000 s)
2025-06-06 16:07:51,948 INFO  - Already have ACK (at simulation time 292.000,000,000 s)
2025-06-06 16:07:51,948 INFO  - Already have ACK (at simulation time 292.000,000,000 s)
2025-06-06 16:07:51,948 INFO  - Already have ACK (at simulation time 292.000,000,000 s)
2025-06-06 16:07:51,948 INFO  - Already have ACK (at simulation time 292.000,000,000 s)
2025-06-06 16:07:51,948 INFO  - Already have ACK (at simulation time 292.000,000,000 s)
2025-06-06 16:07:51,948 INFO  - Already have ACK (at simulation time 292.000,000,000 s)
2025-06-06 16:07:51,948 INFO  - Already have ACK (at simulation time 292.000,000,000 s)
2025-06-06 16:07:51,948 INFO  - Already have ACK (at simulation time 292.000,000,000 s)
2025-06-06 16:07:51,948 INFO  - Already have ACK (at simulation time 292.000,000,000 s)
2025-06-06 16:07:51,948 INFO  - Already have ACK (at simulation time 292.000,000,000 s)
2025-06-06 16:07:51,948 INFO  - Already have ACK (at simulation time 292.000,000,000 s)
2025-06-06 16:07:51,948 INFO  - Already have ACK (at simulation time 292.000,000,000 s)
2025-06-06 16:07:51,948 INFO  - Already have ACK (at simulation time 292.000,000,000 s)
2025-06-06 16:07:51,948 INFO  - Already have ACK (at simulation time 292.000,000,000 s)
2025-06-06 16:07:51,948 INFO  - Already have ACK (at simulation time 292.000,000,000 s)
2025-06-06 16:07:51,948 INFO  - Already have ACK (at simulation time 292.000,000,000 s)
2025-06-06 16:07:51,948 INFO  - Already have ACK (at simulation time 292.000,000,000 s)
2025-06-06 16:07:51,948 INFO  - Already have ACK (at simulation time 292.000,000,000 s)
2025-06-06 16:07:51,948 INFO  - Already have ACK (at simulation time 292.000,000,000 s)
2025-06-06 16:07:51,948 INFO  - Already have ACK (at simulation time 292.000,000,000 s)
2025-06-06 16:07:51,948 INFO  - Already have ACK (at simulation time 292.000,000,000 s)
2025-06-06 16:07:51,948 INFO  - Already have ACK (at simulation time 292.000,000,000 s)
2025-06-06 16:07:51,948 INFO  - Already have ACK (at simulation time 292.000,000,000 s)
2025-06-06 16:07:51,948 INFO  - Already have ACK (at simulation time 292.000,000,000 s)
2025-06-06 16:07:51,948 INFO  - Already have ACK (at simulation time 292.000,000,000 s)
2025-06-06 16:07:51,948 INFO  - Already have ACK (at simulation time 292.000,000,000 s)
2025-06-06 16:07:51,948 INFO  - Already have ACK (at simulation time 292.000,000,000 s)
2025-06-06 16:07:51,948 INFO  - Already have ACK (at simulation time 292.000,000,000 s)
2025-06-06 16:07:51,948 INFO  - Already have ACK (at simulation time 292.000,000,000 s)
2025-06-06 16:07:51,948 INFO  - Already have ACK (at simulation time 292.000,000,000 s)
2025-06-06 16:07:51,948 INFO  - Already have ACK (at simulation time 292.000,000,000 s)
2025-06-06 16:07:51,948 INFO  - Already have ACK (at simulation time 292.000,000,000 s)
2025-06-06 16:07:51,948 INFO  - Already have ACK (at simulation time 292.000,000,000 s)
2025-06-06 16:07:51,948 INFO  - Already have ACK (at simulation time 292.000,000,000 s)
2025-06-06 16:07:51,948 INFO  - Already have ACK (at simulation time 292.000,000,000 s)
2025-06-06 16:07:51,948 INFO  - Already have ACK (at simulation time 292.000,000,000 s)
2025-06-06 16:07:51,948 INFO  - Already have ACK (at simulation time 292.000,000,000 s)
2025-06-06 16:07:51,948 INFO  - Already have ACK (at simulation time 292.000,000,000 s)
2025-06-06 16:07:51,948 INFO  - Already have ACK (at simulation time 292.000,000,000 s)
2025-06-06 16:07:51,948 INFO  - Already have ACK (at simulation time 292.000,000,000 s)
2025-06-06 16:07:51,948 INFO  - Already have ACK (at simulation time 292.000,000,000 s)
2025-06-06 16:07:51,948 INFO  - Already have ACK (at simulation time 292.000,000,000 s)
2025-06-06 16:07:51,948 INFO  - Already have ACK (at simulation time 292.000,000,000 s)
2025-06-06 16:07:51,948 INFO  - Already have ACK (at simulation time 292.000,000,000 s)
2025-06-06 16:07:51,948 INFO  - Already have ACK (at simulation time 292.000,000,000 s)
2025-06-06 16:07:51,948 INFO  - Already have ACK (at simulation time 292.000,000,000 s)
2025-06-06 16:07:51,949 INFO  - Already have ACK (at simulation time 292.000,000,000 s)
2025-06-06 16:07:51,949 INFO  - Already have ACK (at simulation time 292.000,000,000 s)
2025-06-06 16:07:51,949 INFO  - Already have ACK (at simulation time 292.000,000,000 s)
2025-06-06 16:07:51,949 INFO  - Already have ACK (at simulation time 292.000,000,000 s)
2025-06-06 16:07:51,949 INFO  - Already have ACK (at simulation time 292.000,000,000 s)
2025-06-06 16:07:51,949 INFO  - Already have ACK (at simulation time 292.000,000,000 s)
2025-06-06 16:07:51,949 INFO  - Already have ACK (at simulation time 292.000,000,000 s)
2025-06-06 16:07:51,950 INFO  - Already have ACK (at simulation time 293.000,000,000 s)
2025-06-06 16:07:51,950 INFO  - Already have ACK (at simulation time 293.000,000,000 s)
2025-06-06 16:07:51,950 INFO  - Already have ACK (at simulation time 293.000,000,000 s)
2025-06-06 16:07:51,950 INFO  - Already have ACK (at simulation time 293.000,000,000 s)
2025-06-06 16:07:51,950 INFO  - Already have ACK (at simulation time 293.000,000,000 s)
2025-06-06 16:07:51,951 INFO  - Already have ACK (at simulation time 293.000,000,000 s)
2025-06-06 16:07:51,951 INFO  - Already have ACK (at simulation time 293.000,000,000 s)
2025-06-06 16:07:51,951 INFO  - Already have ACK (at simulation time 293.000,000,000 s)
2025-06-06 16:07:51,951 INFO  - Already have ACK (at simulation time 293.000,000,000 s)
2025-06-06 16:07:51,951 INFO  - Already have ACK (at simulation time 293.000,000,000 s)
2025-06-06 16:07:51,951 INFO  - Already have ACK (at simulation time 293.000,000,000 s)
2025-06-06 16:07:51,951 INFO  - Already have ACK (at simulation time 293.000,000,000 s)
2025-06-06 16:07:51,951 INFO  - Already have ACK (at simulation time 293.000,000,000 s)
2025-06-06 16:07:51,951 INFO  - Already have ACK (at simulation time 293.000,000,000 s)
2025-06-06 16:07:51,951 INFO  - Already have ACK (at simulation time 293.000,000,000 s)
2025-06-06 16:07:51,951 INFO  - Already have ACK (at simulation time 293.000,000,000 s)
2025-06-06 16:07:51,951 INFO  - Already have ACK (at simulation time 293.000,000,000 s)
2025-06-06 16:07:51,951 INFO  - Already have ACK (at simulation time 293.000,000,000 s)
2025-06-06 16:07:51,951 INFO  - Already have ACK (at simulation time 293.000,000,000 s)
2025-06-06 16:07:51,951 INFO  - Already have ACK (at simulation time 293.000,000,000 s)
2025-06-06 16:07:51,951 INFO  - Already have ACK (at simulation time 293.000,000,000 s)
2025-06-06 16:07:51,951 INFO  - Already have ACK (at simulation time 293.000,000,000 s)
2025-06-06 16:07:51,952 INFO  - Already have ACK (at simulation time 293.000,000,000 s)
2025-06-06 16:07:51,952 INFO  - Already have ACK (at simulation time 293.000,000,000 s)
2025-06-06 16:07:51,952 INFO  - Already have ACK (at simulation time 293.000,000,000 s)
2025-06-06 16:07:51,952 INFO  - Already have ACK (at simulation time 293.000,000,000 s)
2025-06-06 16:07:51,952 INFO  - Already have ACK (at simulation time 293.000,000,000 s)
2025-06-06 16:07:51,952 INFO  - Already have ACK (at simulation time 293.000,000,000 s)
2025-06-06 16:07:51,952 INFO  - Already have ACK (at simulation time 293.000,000,000 s)
2025-06-06 16:07:51,952 INFO  - Already have ACK (at simulation time 293.000,000,000 s)
2025-06-06 16:07:51,952 INFO  - Already have ACK (at simulation time 293.000,000,000 s)
2025-06-06 16:07:51,952 INFO  - Already have ACK (at simulation time 293.000,000,000 s)
2025-06-06 16:07:51,952 INFO  - Already have ACK (at simulation time 293.000,000,000 s)
2025-06-06 16:07:51,952 INFO  - Already have ACK (at simulation time 293.000,000,000 s)
2025-06-06 16:07:51,952 INFO  - Already have ACK (at simulation time 293.000,000,000 s)
2025-06-06 16:07:51,952 INFO  - Already have ACK (at simulation time 293.000,000,000 s)
2025-06-06 16:07:51,952 INFO  - Already have ACK (at simulation time 293.000,000,000 s)
2025-06-06 16:07:51,952 INFO  - Already have ACK (at simulation time 293.000,000,000 s)
2025-06-06 16:07:51,952 INFO  - Already have ACK (at simulation time 293.000,000,000 s)
2025-06-06 16:07:51,952 INFO  - Already have ACK (at simulation time 293.000,000,000 s)
2025-06-06 16:07:51,952 INFO  - Already have ACK (at simulation time 293.000,000,000 s)
2025-06-06 16:07:51,952 INFO  - Already have ACK (at simulation time 293.000,000,000 s)
2025-06-06 16:07:51,952 INFO  - Already have ACK (at simulation time 293.000,000,000 s)
2025-06-06 16:07:51,952 INFO  - Already have ACK (at simulation time 293.000,000,000 s)
2025-06-06 16:07:51,953 INFO  - Already have ACK (at simulation time 293.000,000,000 s)
2025-06-06 16:07:51,953 INFO  - Already have ACK (at simulation time 293.000,000,000 s)
2025-06-06 16:07:51,953 INFO  - Already have ACK (at simulation time 293.000,000,000 s)
2025-06-06 16:07:51,953 INFO  - Already have ACK (at simulation time 293.000,000,000 s)
2025-06-06 16:07:51,953 INFO  - Already have ACK (at simulation time 293.000,000,000 s)
2025-06-06 16:07:51,953 INFO  - Already have ACK (at simulation time 293.000,000,000 s)
2025-06-06 16:07:51,953 INFO  - Already have ACK (at simulation time 293.000,000,000 s)
2025-06-06 16:07:51,953 INFO  - Already have ACK (at simulation time 293.000,000,000 s)
2025-06-06 16:07:51,953 INFO  - Already have ACK (at simulation time 293.000,000,000 s)
2025-06-06 16:07:51,953 INFO  - Already have ACK (at simulation time 293.000,000,000 s)
2025-06-06 16:07:51,953 INFO  - Already have ACK (at simulation time 293.000,000,000 s)
2025-06-06 16:07:51,953 INFO  - Already have ACK (at simulation time 293.000,000,000 s)
2025-06-06 16:07:51,953 INFO  - Already have ACK (at simulation time 293.000,000,000 s)
2025-06-06 16:07:51,953 INFO  - Already have ACK (at simulation time 293.000,000,000 s)
2025-06-06 16:07:51,953 INFO  - Already have ACK (at simulation time 293.000,000,000 s)
2025-06-06 16:07:51,953 INFO  - Already have ACK (at simulation time 293.000,000,000 s)
2025-06-06 16:07:51,953 INFO  - Already have ACK (at simulation time 293.000,000,000 s)
2025-06-06 16:07:51,953 INFO  - Already have ACK (at simulation time 293.000,000,000 s)
2025-06-06 16:07:51,953 INFO  - Already have ACK (at simulation time 293.000,000,000 s)
2025-06-06 16:07:51,953 INFO  - Already have ACK (at simulation time 293.000,000,000 s)
2025-06-06 16:07:51,953 INFO  - Already have ACK (at simulation time 293.000,000,000 s)
2025-06-06 16:07:51,953 INFO  - Already have ACK (at simulation time 293.000,000,000 s)
2025-06-06 16:07:51,953 INFO  - Already have ACK (at simulation time 293.000,000,000 s)
2025-06-06 16:07:51,953 INFO  - Already have ACK (at simulation time 293.000,000,000 s)
2025-06-06 16:07:51,953 INFO  - Already have ACK (at simulation time 293.000,000,000 s)
2025-06-06 16:07:51,953 INFO  - Already have ACK (at simulation time 293.000,000,000 s)
2025-06-06 16:07:51,953 INFO  - Already have ACK (at simulation time 293.000,000,000 s)
2025-06-06 16:07:51,953 INFO  - Already have ACK (at simulation time 293.000,000,000 s)
2025-06-06 16:07:51,953 INFO  - Already have ACK (at simulation time 293.000,000,000 s)
2025-06-06 16:07:51,953 INFO  - Already have ACK (at simulation time 293.000,000,000 s)
2025-06-06 16:07:51,953 INFO  - Already have ACK (at simulation time 293.000,000,000 s)
2025-06-06 16:07:51,953 INFO  - Already have ACK (at simulation time 293.000,000,000 s)
2025-06-06 16:07:51,954 INFO  - Already have ACK (at simulation time 293.000,000,000 s)
2025-06-06 16:07:51,954 INFO  - Already have ACK (at simulation time 293.000,000,000 s)
2025-06-06 16:07:51,954 INFO  - Already have ACK (at simulation time 293.000,000,000 s)
2025-06-06 16:07:51,954 INFO  - Already have ACK (at simulation time 293.000,000,000 s)
2025-06-06 16:07:51,954 INFO  - Already have ACK (at simulation time 293.000,000,000 s)
2025-06-06 16:07:51,954 INFO  - Already have ACK (at simulation time 293.000,000,000 s)
2025-06-06 16:07:51,954 INFO  - Already have ACK (at simulation time 293.000,000,000 s)
2025-06-06 16:07:51,954 INFO  - Already have ACK (at simulation time 293.000,000,000 s)
2025-06-06 16:07:51,954 INFO  - Already have ACK (at simulation time 293.000,000,000 s)
2025-06-06 16:07:51,954 INFO  - Already have ACK (at simulation time 293.000,000,000 s)
2025-06-06 16:07:51,954 INFO  - Already have ACK (at simulation time 293.000,000,000 s)
2025-06-06 16:07:51,954 INFO  - Already have ACK (at simulation time 293.000,000,000 s)
2025-06-06 16:07:51,954 INFO  - Already have ACK (at simulation time 293.000,000,000 s)
2025-06-06 16:07:51,954 INFO  - Already have ACK (at simulation time 293.000,000,000 s)
2025-06-06 16:07:51,954 INFO  - Already have ACK (at simulation time 293.000,000,000 s)
2025-06-06 16:07:51,954 INFO  - Already have ACK (at simulation time 293.000,000,000 s)
2025-06-06 16:07:51,954 INFO  - Already have ACK (at simulation time 293.000,000,000 s)
2025-06-06 16:07:51,954 INFO  - Already have ACK (at simulation time 293.000,000,000 s)
2025-06-06 16:07:51,954 INFO  - Already have ACK (at simulation time 293.000,000,000 s)
2025-06-06 16:07:51,954 INFO  - Already have ACK (at simulation time 293.000,000,000 s)
2025-06-06 16:07:51,954 INFO  - Already have ACK (at simulation time 293.000,000,000 s)
2025-06-06 16:07:51,954 INFO  - Already have ACK (at simulation time 293.000,000,000 s)
2025-06-06 16:07:51,954 INFO  - Already have ACK (at simulation time 293.000,000,000 s)
2025-06-06 16:07:51,954 INFO  - Already have ACK (at simulation time 293.000,000,000 s)
2025-06-06 16:07:51,954 INFO  - Already have ACK (at simulation time 293.000,000,000 s)
2025-06-06 16:07:51,954 INFO  - Already have ACK (at simulation time 293.000,000,000 s)
2025-06-06 16:07:51,954 INFO  - Already have ACK (at simulation time 293.000,000,000 s)
2025-06-06 16:07:51,954 INFO  - Already have ACK (at simulation time 293.000,000,000 s)
2025-06-06 16:07:51,954 INFO  - Already have ACK (at simulation time 293.000,000,000 s)
2025-06-06 16:07:51,954 INFO  - Already have ACK (at simulation time 293.000,000,000 s)
2025-06-06 16:07:51,954 INFO  - Already have ACK (at simulation time 293.000,000,000 s)
2025-06-06 16:07:51,954 INFO  - Already have ACK (at simulation time 293.000,000,000 s)
2025-06-06 16:07:51,954 INFO  - Already have ACK (at simulation time 293.000,000,000 s)
2025-06-06 16:07:51,954 INFO  - Already have ACK (at simulation time 293.000,000,000 s)
2025-06-06 16:07:51,954 INFO  - Already have ACK (at simulation time 293.000,000,000 s)
2025-06-06 16:07:51,954 INFO  - Already have ACK (at simulation time 293.000,000,000 s)
2025-06-06 16:07:51,954 INFO  - Already have ACK (at simulation time 293.000,000,000 s)
2025-06-06 16:07:51,960 INFO  - Shutdown application (at simulation time 294.000,000,000 s)
