2025-06-06 17:30:51,975 INFO  - Initialize veh_117 application (at simulation time 603.000,000,000 s)
2025-06-06 17:30:51,976 INFO  - Sent periodic GreenWaveMsg: veh_117 on route r_1 (at simulation time 603.000,000,000 s)
2025-06-06 17:30:51,976 INFO  - I have no neighbours to send! (at simulation time 603.000,000,000 s)
2025-06-06 17:30:51,979 INFO  - I have no neighbours to send! (at simulation time 604.000,000,000 s)
2025-06-06 17:30:51,979 INFO  - I have no neighbours to send! (at simulation time 604.000,000,000 s)
2025-06-06 17:30:51,982 INFO  - I have no neighbours to send! (at simulation time 605.000,000,000 s)
2025-06-06 17:30:51,983 INFO  - I have no neighbours to send! (at simulation time 605.000,000,000 s)
2025-06-06 17:30:51,983 INFO  - I have no neighbours to send! (at simulation time 605.000,000,000 s)
2025-06-06 17:30:51,986 INFO  - I have no neighbours to send! (at simulation time 606.000,000,000 s)
2025-06-06 17:30:51,986 INFO  - I have no neighbours to send! (at simulation time 606.000,000,000 s)
2025-06-06 17:30:51,986 INFO  - I have no neighbours to send! (at simulation time 606.000,000,000 s)
2025-06-06 17:30:51,986 INFO  - I have no neighbours to send! (at simulation time 606.000,000,000 s)
2025-06-06 17:30:51,989 INFO  - I have no neighbours to send! (at simulation time 607.000,000,000 s)
2025-06-06 17:30:51,989 INFO  - I have no neighbours to send! (at simulation time 607.000,000,000 s)
2025-06-06 17:30:51,989 INFO  - I have no neighbours to send! (at simulation time 607.000,000,000 s)
2025-06-06 17:30:51,989 INFO  - I have no neighbours to send! (at simulation time 607.000,000,000 s)
2025-06-06 17:30:51,989 INFO  - I have no neighbours to send! (at simulation time 607.000,000,000 s)
2025-06-06 17:30:51,993 INFO  - Sent periodic GreenWaveMsg: veh_117 on route r_1 (at simulation time 608.000,000,000 s)
2025-06-06 17:30:51,993 INFO  - I have no neighbours to send! (at simulation time 608.000,000,000 s)
2025-06-06 17:30:51,993 INFO  - I have no neighbours to send! (at simulation time 608.000,000,000 s)
2025-06-06 17:30:51,993 INFO  - I have no neighbours to send! (at simulation time 608.000,000,000 s)
2025-06-06 17:30:51,993 INFO  - I have no neighbours to send! (at simulation time 608.000,000,000 s)
2025-06-06 17:30:51,993 INFO  - I have no neighbours to send! (at simulation time 608.000,000,000 s)
2025-06-06 17:30:51,993 INFO  - I have no neighbours to send! (at simulation time 608.000,000,000 s)
2025-06-06 17:30:51,996 INFO  - I have no neighbours to send! (at simulation time 609.000,000,000 s)
2025-06-06 17:30:51,996 INFO  - I have no neighbours to send! (at simulation time 609.000,000,000 s)
2025-06-06 17:30:51,996 INFO  - I have no neighbours to send! (at simulation time 609.000,000,000 s)
2025-06-06 17:30:51,996 INFO  - I have no neighbours to send! (at simulation time 609.000,000,000 s)
2025-06-06 17:30:51,996 INFO  - I have no neighbours to send! (at simulation time 609.000,000,000 s)
2025-06-06 17:30:51,996 INFO  - I have no neighbours to send! (at simulation time 609.000,000,000 s)
2025-06-06 17:30:51,996 INFO  - I have no neighbours to send! (at simulation time 609.000,000,000 s)
2025-06-06 17:30:51,999 INFO  - I have no neighbours to send! (at simulation time 610.000,000,000 s)
2025-06-06 17:30:51,999 INFO  - I have no neighbours to send! (at simulation time 610.000,000,000 s)
2025-06-06 17:30:51,999 INFO  - I have no neighbours to send! (at simulation time 610.000,000,000 s)
2025-06-06 17:30:51,999 INFO  - I have no neighbours to send! (at simulation time 610.000,000,000 s)
2025-06-06 17:30:51,999 INFO  - I have no neighbours to send! (at simulation time 610.000,000,000 s)
2025-06-06 17:30:51,999 INFO  - I have no neighbours to send! (at simulation time 610.000,000,000 s)
2025-06-06 17:30:51,999 INFO  - I have no neighbours to send! (at simulation time 610.000,000,000 s)
2025-06-06 17:30:51,999 INFO  - I have no neighbours to send! (at simulation time 610.000,000,000 s)
2025-06-06 17:30:52,001 INFO  - Received metrics from FogNode: avgR0=1.3278688524590163, avgR1=2.098360655737705 (at simulation time 610.003,300,000 s)
2025-06-06 17:30:52,002 INFO  - I have no neighbours to send! (at simulation time 611.000,000,000 s)
2025-06-06 17:30:52,002 INFO  - I have no neighbours to send! (at simulation time 611.000,000,000 s)
2025-06-06 17:30:52,002 INFO  - I have no neighbours to send! (at simulation time 611.000,000,000 s)
2025-06-06 17:30:52,002 INFO  - I have no neighbours to send! (at simulation time 611.000,000,000 s)
2025-06-06 17:30:52,002 INFO  - I have no neighbours to send! (at simulation time 611.000,000,000 s)
2025-06-06 17:30:52,002 INFO  - I have no neighbours to send! (at simulation time 611.000,000,000 s)
2025-06-06 17:30:52,002 INFO  - I have no neighbours to send! (at simulation time 611.000,000,000 s)
2025-06-06 17:30:52,003 INFO  - I have no neighbours to send! (at simulation time 611.000,000,000 s)
2025-06-06 17:30:52,003 INFO  - I have no neighbours to send! (at simulation time 611.000,000,000 s)
2025-06-06 17:30:52,006 INFO  - I have no neighbours to send! (at simulation time 612.000,000,000 s)
2025-06-06 17:30:52,006 INFO  - I have no neighbours to send! (at simulation time 612.000,000,000 s)
2025-06-06 17:30:52,006 INFO  - I have no neighbours to send! (at simulation time 612.000,000,000 s)
2025-06-06 17:30:52,006 INFO  - I have no neighbours to send! (at simulation time 612.000,000,000 s)
2025-06-06 17:30:52,006 INFO  - I have no neighbours to send! (at simulation time 612.000,000,000 s)
2025-06-06 17:30:52,006 INFO  - I have no neighbours to send! (at simulation time 612.000,000,000 s)
2025-06-06 17:30:52,006 INFO  - I have no neighbours to send! (at simulation time 612.000,000,000 s)
2025-06-06 17:30:52,006 INFO  - I have no neighbours to send! (at simulation time 612.000,000,000 s)
2025-06-06 17:30:52,006 INFO  - I have no neighbours to send! (at simulation time 612.000,000,000 s)
2025-06-06 17:30:52,006 INFO  - I have no neighbours to send! (at simulation time 612.000,000,000 s)
2025-06-06 17:30:52,012 INFO  - Sent periodic GreenWaveMsg: veh_117 on route r_1 (at simulation time 613.000,000,000 s)
2025-06-06 17:30:52,012 INFO  - I have no neighbours to send! (at simulation time 613.000,000,000 s)
2025-06-06 17:30:52,012 INFO  - I have no neighbours to send! (at simulation time 613.000,000,000 s)
2025-06-06 17:30:52,012 INFO  - I have no neighbours to send! (at simulation time 613.000,000,000 s)
2025-06-06 17:30:52,012 INFO  - I have no neighbours to send! (at simulation time 613.000,000,000 s)
2025-06-06 17:30:52,013 INFO  - I have no neighbours to send! (at simulation time 613.000,000,000 s)
2025-06-06 17:30:52,013 INFO  - I have no neighbours to send! (at simulation time 613.000,000,000 s)
2025-06-06 17:30:52,013 INFO  - I have no neighbours to send! (at simulation time 613.000,000,000 s)
2025-06-06 17:30:52,013 INFO  - I have no neighbours to send! (at simulation time 613.000,000,000 s)
2025-06-06 17:30:52,013 INFO  - I have no neighbours to send! (at simulation time 613.000,000,000 s)
2025-06-06 17:30:52,013 INFO  - I have no neighbours to send! (at simulation time 613.000,000,000 s)
2025-06-06 17:30:52,013 INFO  - I have no neighbours to send! (at simulation time 613.000,000,000 s)
2025-06-06 17:30:52,015 INFO  - I have no neighbours to send! (at simulation time 614.000,000,000 s)
2025-06-06 17:30:52,016 INFO  - I have no neighbours to send! (at simulation time 614.000,000,000 s)
2025-06-06 17:30:52,016 INFO  - I have no neighbours to send! (at simulation time 614.000,000,000 s)
2025-06-06 17:30:52,016 INFO  - I have no neighbours to send! (at simulation time 614.000,000,000 s)
2025-06-06 17:30:52,016 INFO  - I have no neighbours to send! (at simulation time 614.000,000,000 s)
2025-06-06 17:30:52,016 INFO  - I have no neighbours to send! (at simulation time 614.000,000,000 s)
2025-06-06 17:30:52,016 INFO  - I have no neighbours to send! (at simulation time 614.000,000,000 s)
2025-06-06 17:30:52,016 INFO  - I have no neighbours to send! (at simulation time 614.000,000,000 s)
2025-06-06 17:30:52,016 INFO  - I have no neighbours to send! (at simulation time 614.000,000,000 s)
2025-06-06 17:30:52,016 INFO  - I have no neighbours to send! (at simulation time 614.000,000,000 s)
2025-06-06 17:30:52,016 INFO  - I have no neighbours to send! (at simulation time 614.000,000,000 s)
2025-06-06 17:30:52,016 INFO  - I have no neighbours to send! (at simulation time 614.000,000,000 s)
2025-06-06 17:30:52,019 INFO  - I have no neighbours to send! (at simulation time 615.000,000,000 s)
2025-06-06 17:30:52,019 INFO  - I have no neighbours to send! (at simulation time 615.000,000,000 s)
2025-06-06 17:30:52,019 INFO  - I have no neighbours to send! (at simulation time 615.000,000,000 s)
2025-06-06 17:30:52,019 INFO  - I have no neighbours to send! (at simulation time 615.000,000,000 s)
2025-06-06 17:30:52,019 INFO  - I have no neighbours to send! (at simulation time 615.000,000,000 s)
2025-06-06 17:30:52,019 INFO  - I have no neighbours to send! (at simulation time 615.000,000,000 s)
2025-06-06 17:30:52,019 INFO  - I have no neighbours to send! (at simulation time 615.000,000,000 s)
2025-06-06 17:30:52,019 INFO  - I have no neighbours to send! (at simulation time 615.000,000,000 s)
2025-06-06 17:30:52,019 INFO  - I have no neighbours to send! (at simulation time 615.000,000,000 s)
2025-06-06 17:30:52,019 INFO  - I have no neighbours to send! (at simulation time 615.000,000,000 s)
2025-06-06 17:30:52,019 INFO  - I have no neighbours to send! (at simulation time 615.000,000,000 s)
2025-06-06 17:30:52,020 INFO  - I have no neighbours to send! (at simulation time 615.000,000,000 s)
2025-06-06 17:30:52,020 INFO  - I have no neighbours to send! (at simulation time 615.000,000,000 s)
2025-06-06 17:30:52,022 INFO  - I have no neighbours to send! (at simulation time 616.000,000,000 s)
2025-06-06 17:30:52,022 INFO  - I have no neighbours to send! (at simulation time 616.000,000,000 s)
2025-06-06 17:30:52,022 INFO  - I have no neighbours to send! (at simulation time 616.000,000,000 s)
2025-06-06 17:30:52,022 INFO  - I have no neighbours to send! (at simulation time 616.000,000,000 s)
2025-06-06 17:30:52,022 INFO  - I have no neighbours to send! (at simulation time 616.000,000,000 s)
2025-06-06 17:30:52,022 INFO  - I have no neighbours to send! (at simulation time 616.000,000,000 s)
2025-06-06 17:30:52,022 INFO  - I have no neighbours to send! (at simulation time 616.000,000,000 s)
2025-06-06 17:30:52,023 INFO  - I have no neighbours to send! (at simulation time 616.000,000,000 s)
2025-06-06 17:30:52,023 INFO  - I have no neighbours to send! (at simulation time 616.000,000,000 s)
2025-06-06 17:30:52,023 INFO  - I have no neighbours to send! (at simulation time 616.000,000,000 s)
2025-06-06 17:30:52,023 INFO  - I have no neighbours to send! (at simulation time 616.000,000,000 s)
2025-06-06 17:30:52,023 INFO  - I have no neighbours to send! (at simulation time 616.000,000,000 s)
2025-06-06 17:30:52,023 INFO  - I have no neighbours to send! (at simulation time 616.000,000,000 s)
2025-06-06 17:30:52,023 INFO  - I have no neighbours to send! (at simulation time 616.000,000,000 s)
2025-06-06 17:30:52,025 INFO  - I have no neighbours to send! (at simulation time 617.000,000,000 s)
2025-06-06 17:30:52,025 INFO  - I have no neighbours to send! (at simulation time 617.000,000,000 s)
2025-06-06 17:30:52,026 INFO  - I have no neighbours to send! (at simulation time 617.000,000,000 s)
2025-06-06 17:30:52,026 INFO  - I have no neighbours to send! (at simulation time 617.000,000,000 s)
2025-06-06 17:30:52,026 INFO  - I have no neighbours to send! (at simulation time 617.000,000,000 s)
2025-06-06 17:30:52,026 INFO  - I have no neighbours to send! (at simulation time 617.000,000,000 s)
2025-06-06 17:30:52,026 INFO  - I have no neighbours to send! (at simulation time 617.000,000,000 s)
2025-06-06 17:30:52,026 INFO  - I have no neighbours to send! (at simulation time 617.000,000,000 s)
2025-06-06 17:30:52,026 INFO  - I have no neighbours to send! (at simulation time 617.000,000,000 s)
2025-06-06 17:30:52,026 INFO  - I have no neighbours to send! (at simulation time 617.000,000,000 s)
2025-06-06 17:30:52,026 INFO  - I have no neighbours to send! (at simulation time 617.000,000,000 s)
2025-06-06 17:30:52,026 INFO  - I have no neighbours to send! (at simulation time 617.000,000,000 s)
2025-06-06 17:30:52,026 INFO  - I have no neighbours to send! (at simulation time 617.000,000,000 s)
2025-06-06 17:30:52,026 INFO  - I have no neighbours to send! (at simulation time 617.000,000,000 s)
2025-06-06 17:30:52,026 INFO  - I have no neighbours to send! (at simulation time 617.000,000,000 s)
2025-06-06 17:30:52,030 INFO  - Sent periodic GreenWaveMsg: veh_117 on route r_1 (at simulation time 618.000,000,000 s)
2025-06-06 17:30:52,030 INFO  - I have no neighbours to send! (at simulation time 618.000,000,000 s)
2025-06-06 17:30:52,030 INFO  - I have no neighbours to send! (at simulation time 618.000,000,000 s)
2025-06-06 17:30:52,030 INFO  - I have no neighbours to send! (at simulation time 618.000,000,000 s)
2025-06-06 17:30:52,030 INFO  - I have no neighbours to send! (at simulation time 618.000,000,000 s)
2025-06-06 17:30:52,031 INFO  - I have no neighbours to send! (at simulation time 618.000,000,000 s)
2025-06-06 17:30:52,031 INFO  - I have no neighbours to send! (at simulation time 618.000,000,000 s)
2025-06-06 17:30:52,031 INFO  - I have no neighbours to send! (at simulation time 618.000,000,000 s)
2025-06-06 17:30:52,031 INFO  - I have no neighbours to send! (at simulation time 618.000,000,000 s)
2025-06-06 17:30:52,031 INFO  - I have no neighbours to send! (at simulation time 618.000,000,000 s)
2025-06-06 17:30:52,031 INFO  - I have no neighbours to send! (at simulation time 618.000,000,000 s)
2025-06-06 17:30:52,031 INFO  - I have no neighbours to send! (at simulation time 618.000,000,000 s)
2025-06-06 17:30:52,031 INFO  - I have no neighbours to send! (at simulation time 618.000,000,000 s)
2025-06-06 17:30:52,031 INFO  - I have no neighbours to send! (at simulation time 618.000,000,000 s)
2025-06-06 17:30:52,031 INFO  - I have no neighbours to send! (at simulation time 618.000,000,000 s)
2025-06-06 17:30:52,031 INFO  - I have no neighbours to send! (at simulation time 618.000,000,000 s)
2025-06-06 17:30:52,031 INFO  - I have no neighbours to send! (at simulation time 618.000,000,000 s)
2025-06-06 17:30:52,034 INFO  - I have no neighbours to send! (at simulation time 619.000,000,000 s)
2025-06-06 17:30:52,034 INFO  - I have no neighbours to send! (at simulation time 619.000,000,000 s)
2025-06-06 17:30:52,034 INFO  - I have no neighbours to send! (at simulation time 619.000,000,000 s)
2025-06-06 17:30:52,034 INFO  - I have no neighbours to send! (at simulation time 619.000,000,000 s)
2025-06-06 17:30:52,034 INFO  - I have no neighbours to send! (at simulation time 619.000,000,000 s)
2025-06-06 17:30:52,034 INFO  - I have no neighbours to send! (at simulation time 619.000,000,000 s)
2025-06-06 17:30:52,034 INFO  - I have no neighbours to send! (at simulation time 619.000,000,000 s)
2025-06-06 17:30:52,034 INFO  - I have no neighbours to send! (at simulation time 619.000,000,000 s)
2025-06-06 17:30:52,034 INFO  - I have no neighbours to send! (at simulation time 619.000,000,000 s)
2025-06-06 17:30:52,034 INFO  - I have no neighbours to send! (at simulation time 619.000,000,000 s)
2025-06-06 17:30:52,034 INFO  - I have no neighbours to send! (at simulation time 619.000,000,000 s)
2025-06-06 17:30:52,034 INFO  - I have no neighbours to send! (at simulation time 619.000,000,000 s)
2025-06-06 17:30:52,034 INFO  - I have no neighbours to send! (at simulation time 619.000,000,000 s)
2025-06-06 17:30:52,034 INFO  - I have no neighbours to send! (at simulation time 619.000,000,000 s)
2025-06-06 17:30:52,034 INFO  - I have no neighbours to send! (at simulation time 619.000,000,000 s)
2025-06-06 17:30:52,035 INFO  - I have no neighbours to send! (at simulation time 619.000,000,000 s)
2025-06-06 17:30:52,035 INFO  - I have no neighbours to send! (at simulation time 619.000,000,000 s)
2025-06-06 17:30:52,037 INFO  - I have no neighbours to send! (at simulation time 620.000,000,000 s)
2025-06-06 17:30:52,037 INFO  - I have no neighbours to send! (at simulation time 620.000,000,000 s)
2025-06-06 17:30:52,037 INFO  - I have no neighbours to send! (at simulation time 620.000,000,000 s)
2025-06-06 17:30:52,038 INFO  - I have no neighbours to send! (at simulation time 620.000,000,000 s)
2025-06-06 17:30:52,038 INFO  - I have no neighbours to send! (at simulation time 620.000,000,000 s)
2025-06-06 17:30:52,038 INFO  - I have no neighbours to send! (at simulation time 620.000,000,000 s)
2025-06-06 17:30:52,038 INFO  - I have no neighbours to send! (at simulation time 620.000,000,000 s)
2025-06-06 17:30:52,038 INFO  - I have no neighbours to send! (at simulation time 620.000,000,000 s)
2025-06-06 17:30:52,038 INFO  - I have no neighbours to send! (at simulation time 620.000,000,000 s)
2025-06-06 17:30:52,038 INFO  - I have no neighbours to send! (at simulation time 620.000,000,000 s)
2025-06-06 17:30:52,038 INFO  - I have no neighbours to send! (at simulation time 620.000,000,000 s)
2025-06-06 17:30:52,038 INFO  - I have no neighbours to send! (at simulation time 620.000,000,000 s)
2025-06-06 17:30:52,038 INFO  - I have no neighbours to send! (at simulation time 620.000,000,000 s)
2025-06-06 17:30:52,038 INFO  - I have no neighbours to send! (at simulation time 620.000,000,000 s)
2025-06-06 17:30:52,038 INFO  - I have no neighbours to send! (at simulation time 620.000,000,000 s)
2025-06-06 17:30:52,038 INFO  - I have no neighbours to send! (at simulation time 620.000,000,000 s)
2025-06-06 17:30:52,038 INFO  - I have no neighbours to send! (at simulation time 620.000,000,000 s)
2025-06-06 17:30:52,038 INFO  - I have no neighbours to send! (at simulation time 620.000,000,000 s)
2025-06-06 17:30:52,040 INFO  - Received metrics from FogNode: avgR0=1.3064516129032258, avgR1=2.064516129032258 (at simulation time 620.001,800,000 s)
2025-06-06 17:30:52,041 INFO  - I have no neighbours to send! (at simulation time 621.000,000,000 s)
2025-06-06 17:30:52,041 INFO  - I have no neighbours to send! (at simulation time 621.000,000,000 s)
2025-06-06 17:30:52,041 INFO  - I have no neighbours to send! (at simulation time 621.000,000,000 s)
2025-06-06 17:30:52,041 INFO  - I have no neighbours to send! (at simulation time 621.000,000,000 s)
2025-06-06 17:30:52,041 INFO  - I have no neighbours to send! (at simulation time 621.000,000,000 s)
2025-06-06 17:30:52,042 INFO  - I have no neighbours to send! (at simulation time 621.000,000,000 s)
2025-06-06 17:30:52,042 INFO  - I have no neighbours to send! (at simulation time 621.000,000,000 s)
2025-06-06 17:30:52,042 INFO  - I have no neighbours to send! (at simulation time 621.000,000,000 s)
2025-06-06 17:30:52,042 INFO  - I have no neighbours to send! (at simulation time 621.000,000,000 s)
2025-06-06 17:30:52,042 INFO  - I have no neighbours to send! (at simulation time 621.000,000,000 s)
2025-06-06 17:30:52,042 INFO  - I have no neighbours to send! (at simulation time 621.000,000,000 s)
2025-06-06 17:30:52,042 INFO  - I have no neighbours to send! (at simulation time 621.000,000,000 s)
2025-06-06 17:30:52,042 INFO  - I have no neighbours to send! (at simulation time 621.000,000,000 s)
2025-06-06 17:30:52,042 INFO  - I have no neighbours to send! (at simulation time 621.000,000,000 s)
2025-06-06 17:30:52,042 INFO  - I have no neighbours to send! (at simulation time 621.000,000,000 s)
2025-06-06 17:30:52,042 INFO  - I have no neighbours to send! (at simulation time 621.000,000,000 s)
2025-06-06 17:30:52,042 INFO  - I have no neighbours to send! (at simulation time 621.000,000,000 s)
2025-06-06 17:30:52,042 INFO  - I have no neighbours to send! (at simulation time 621.000,000,000 s)
2025-06-06 17:30:52,042 INFO  - I have no neighbours to send! (at simulation time 621.000,000,000 s)
2025-06-06 17:30:52,045 INFO  - I have no neighbours to send! (at simulation time 622.000,000,000 s)
2025-06-06 17:30:52,045 INFO  - I have no neighbours to send! (at simulation time 622.000,000,000 s)
2025-06-06 17:30:52,045 INFO  - I have no neighbours to send! (at simulation time 622.000,000,000 s)
2025-06-06 17:30:52,045 INFO  - I have no neighbours to send! (at simulation time 622.000,000,000 s)
2025-06-06 17:30:52,045 INFO  - I have no neighbours to send! (at simulation time 622.000,000,000 s)
2025-06-06 17:30:52,045 INFO  - I have no neighbours to send! (at simulation time 622.000,000,000 s)
2025-06-06 17:30:52,045 INFO  - I have no neighbours to send! (at simulation time 622.000,000,000 s)
2025-06-06 17:30:52,045 INFO  - I have no neighbours to send! (at simulation time 622.000,000,000 s)
2025-06-06 17:30:52,045 INFO  - I have no neighbours to send! (at simulation time 622.000,000,000 s)
2025-06-06 17:30:52,045 INFO  - I have no neighbours to send! (at simulation time 622.000,000,000 s)
2025-06-06 17:30:52,045 INFO  - I have no neighbours to send! (at simulation time 622.000,000,000 s)
2025-06-06 17:30:52,045 INFO  - I have no neighbours to send! (at simulation time 622.000,000,000 s)
2025-06-06 17:30:52,046 INFO  - I have no neighbours to send! (at simulation time 622.000,000,000 s)
2025-06-06 17:30:52,046 INFO  - I have no neighbours to send! (at simulation time 622.000,000,000 s)
2025-06-06 17:30:52,046 INFO  - I have no neighbours to send! (at simulation time 622.000,000,000 s)
2025-06-06 17:30:52,046 INFO  - I have no neighbours to send! (at simulation time 622.000,000,000 s)
2025-06-06 17:30:52,046 INFO  - I have no neighbours to send! (at simulation time 622.000,000,000 s)
2025-06-06 17:30:52,046 INFO  - I have no neighbours to send! (at simulation time 622.000,000,000 s)
2025-06-06 17:30:52,046 INFO  - I have no neighbours to send! (at simulation time 622.000,000,000 s)
2025-06-06 17:30:52,046 INFO  - I have no neighbours to send! (at simulation time 622.000,000,000 s)
2025-06-06 17:30:52,048 INFO  - I have no neighbours to send! (at simulation time 622.000,400,000 s)
2025-06-06 17:30:52,048 INFO  - I have no neighbours to send! (at simulation time 622.000,900,000 s)
2025-06-06 17:30:52,048 INFO  - I have no neighbours to send! (at simulation time 622.000,900,000 s)
2025-06-06 17:30:52,048 INFO  - I have no neighbours to send! (at simulation time 622.001,400,000 s)
2025-06-06 17:30:52,049 INFO  - Sent periodic GreenWaveMsg: veh_117 on route r_1 (at simulation time 623.000,000,000 s)
2025-06-06 17:30:52,049 INFO  - I have no neighbours to send! (at simulation time 623.000,000,000 s)
2025-06-06 17:30:52,049 INFO  - I have no neighbours to send! (at simulation time 623.000,000,000 s)
2025-06-06 17:30:52,049 INFO  - I have no neighbours to send! (at simulation time 623.000,000,000 s)
2025-06-06 17:30:52,049 INFO  - I have no neighbours to send! (at simulation time 623.000,000,000 s)
2025-06-06 17:30:52,049 INFO  - I have no neighbours to send! (at simulation time 623.000,000,000 s)
2025-06-06 17:30:52,049 INFO  - I have no neighbours to send! (at simulation time 623.000,000,000 s)
2025-06-06 17:30:52,049 INFO  - I have no neighbours to send! (at simulation time 623.000,000,000 s)
2025-06-06 17:30:52,049 INFO  - I have no neighbours to send! (at simulation time 623.000,000,000 s)
2025-06-06 17:30:52,049 INFO  - I have no neighbours to send! (at simulation time 623.000,000,000 s)
2025-06-06 17:30:52,049 INFO  - I have no neighbours to send! (at simulation time 623.000,000,000 s)
2025-06-06 17:30:52,049 INFO  - I have no neighbours to send! (at simulation time 623.000,000,000 s)
2025-06-06 17:30:52,049 INFO  - I have no neighbours to send! (at simulation time 623.000,000,000 s)
2025-06-06 17:30:52,050 INFO  - I have no neighbours to send! (at simulation time 623.000,000,000 s)
2025-06-06 17:30:52,050 INFO  - I have no neighbours to send! (at simulation time 623.000,000,000 s)
2025-06-06 17:30:52,050 INFO  - I have no neighbours to send! (at simulation time 623.000,000,000 s)
2025-06-06 17:30:52,050 INFO  - I have no neighbours to send! (at simulation time 623.000,000,000 s)
2025-06-06 17:30:52,050 INFO  - I have no neighbours to send! (at simulation time 623.000,000,000 s)
2025-06-06 17:30:52,050 INFO  - I have no neighbours to send! (at simulation time 623.000,000,000 s)
2025-06-06 17:30:52,050 INFO  - I have no neighbours to send! (at simulation time 623.000,000,000 s)
2025-06-06 17:30:52,050 INFO  - I have no neighbours to send! (at simulation time 623.000,000,000 s)
2025-06-06 17:30:52,050 INFO  - I have no neighbours to send! (at simulation time 623.000,000,000 s)
2025-06-06 17:30:52,052 INFO  - I have no neighbours to send! (at simulation time 623.000,900,000 s)
2025-06-06 17:30:52,056 INFO  - I have no neighbours to send! (at simulation time 624.000,000,000 s)
2025-06-06 17:30:52,056 INFO  - I have no neighbours to send! (at simulation time 624.000,000,000 s)
2025-06-06 17:30:52,056 INFO  - I have no neighbours to send! (at simulation time 624.000,000,000 s)
2025-06-06 17:30:52,056 INFO  - I have no neighbours to send! (at simulation time 624.000,000,000 s)
2025-06-06 17:30:52,056 INFO  - I have no neighbours to send! (at simulation time 624.000,000,000 s)
2025-06-06 17:30:52,056 INFO  - I have no neighbours to send! (at simulation time 624.000,000,000 s)
2025-06-06 17:30:52,056 INFO  - I have no neighbours to send! (at simulation time 624.000,000,000 s)
2025-06-06 17:30:52,056 INFO  - I have no neighbours to send! (at simulation time 624.000,000,000 s)
2025-06-06 17:30:52,056 INFO  - I have no neighbours to send! (at simulation time 624.000,000,000 s)
2025-06-06 17:30:52,056 INFO  - I have no neighbours to send! (at simulation time 624.000,000,000 s)
2025-06-06 17:30:52,057 INFO  - I have no neighbours to send! (at simulation time 624.000,000,000 s)
2025-06-06 17:30:52,057 INFO  - I have no neighbours to send! (at simulation time 624.000,000,000 s)
2025-06-06 17:30:52,057 INFO  - I have no neighbours to send! (at simulation time 624.000,000,000 s)
2025-06-06 17:30:52,057 INFO  - I have no neighbours to send! (at simulation time 624.000,000,000 s)
2025-06-06 17:30:52,057 INFO  - I have no neighbours to send! (at simulation time 624.000,000,000 s)
2025-06-06 17:30:52,057 INFO  - I have no neighbours to send! (at simulation time 624.000,000,000 s)
2025-06-06 17:30:52,057 INFO  - I have no neighbours to send! (at simulation time 624.000,000,000 s)
2025-06-06 17:30:52,057 INFO  - I have no neighbours to send! (at simulation time 624.000,000,000 s)
2025-06-06 17:30:52,057 INFO  - I have no neighbours to send! (at simulation time 624.000,000,000 s)
2025-06-06 17:30:52,057 INFO  - I have no neighbours to send! (at simulation time 624.000,000,000 s)
2025-06-06 17:30:52,057 INFO  - I have no neighbours to send! (at simulation time 624.000,000,000 s)
2025-06-06 17:30:52,057 INFO  - I have no neighbours to send! (at simulation time 624.000,000,000 s)
2025-06-06 17:30:52,060 INFO  - I have no neighbours to send! (at simulation time 625.000,000,000 s)
2025-06-06 17:30:52,060 INFO  - I have no neighbours to send! (at simulation time 625.000,000,000 s)
2025-06-06 17:30:52,060 INFO  - I have no neighbours to send! (at simulation time 625.000,000,000 s)
2025-06-06 17:30:52,060 INFO  - I have no neighbours to send! (at simulation time 625.000,000,000 s)
2025-06-06 17:30:52,060 INFO  - I have no neighbours to send! (at simulation time 625.000,000,000 s)
2025-06-06 17:30:52,060 INFO  - I have no neighbours to send! (at simulation time 625.000,000,000 s)
2025-06-06 17:30:52,060 INFO  - I have no neighbours to send! (at simulation time 625.000,000,000 s)
2025-06-06 17:30:52,061 INFO  - I have no neighbours to send! (at simulation time 625.000,000,000 s)
2025-06-06 17:30:52,061 INFO  - I have no neighbours to send! (at simulation time 625.000,000,000 s)
2025-06-06 17:30:52,061 INFO  - I have no neighbours to send! (at simulation time 625.000,000,000 s)
2025-06-06 17:30:52,061 INFO  - I have no neighbours to send! (at simulation time 625.000,000,000 s)
2025-06-06 17:30:52,061 INFO  - I have no neighbours to send! (at simulation time 625.000,000,000 s)
2025-06-06 17:30:52,061 INFO  - I have no neighbours to send! (at simulation time 625.000,000,000 s)
2025-06-06 17:30:52,061 INFO  - I have no neighbours to send! (at simulation time 625.000,000,000 s)
2025-06-06 17:30:52,061 INFO  - I have no neighbours to send! (at simulation time 625.000,000,000 s)
2025-06-06 17:30:52,061 INFO  - I have no neighbours to send! (at simulation time 625.000,000,000 s)
2025-06-06 17:30:52,061 INFO  - I have no neighbours to send! (at simulation time 625.000,000,000 s)
2025-06-06 17:30:52,061 INFO  - I have no neighbours to send! (at simulation time 625.000,000,000 s)
2025-06-06 17:30:52,061 INFO  - I have no neighbours to send! (at simulation time 625.000,000,000 s)
2025-06-06 17:30:52,061 INFO  - I have no neighbours to send! (at simulation time 625.000,000,000 s)
2025-06-06 17:30:52,061 INFO  - I have no neighbours to send! (at simulation time 625.000,000,000 s)
2025-06-06 17:30:52,061 INFO  - I have no neighbours to send! (at simulation time 625.000,000,000 s)
2025-06-06 17:30:52,061 INFO  - I have no neighbours to send! (at simulation time 625.000,000,000 s)
2025-06-06 17:30:52,064 INFO  - I have no neighbours to send! (at simulation time 626.000,000,000 s)
2025-06-06 17:30:52,064 INFO  - I have no neighbours to send! (at simulation time 626.000,000,000 s)
2025-06-06 17:30:52,064 INFO  - I have no neighbours to send! (at simulation time 626.000,000,000 s)
2025-06-06 17:30:52,064 INFO  - I have no neighbours to send! (at simulation time 626.000,000,000 s)
2025-06-06 17:30:52,064 INFO  - I have no neighbours to send! (at simulation time 626.000,000,000 s)
2025-06-06 17:30:52,064 INFO  - I have no neighbours to send! (at simulation time 626.000,000,000 s)
2025-06-06 17:30:52,064 INFO  - I have no neighbours to send! (at simulation time 626.000,000,000 s)
2025-06-06 17:30:52,064 INFO  - I have no neighbours to send! (at simulation time 626.000,000,000 s)
2025-06-06 17:30:52,064 INFO  - I have no neighbours to send! (at simulation time 626.000,000,000 s)
2025-06-06 17:30:52,064 INFO  - I have no neighbours to send! (at simulation time 626.000,000,000 s)
2025-06-06 17:30:52,065 INFO  - I have no neighbours to send! (at simulation time 626.000,000,000 s)
2025-06-06 17:30:52,065 INFO  - I have no neighbours to send! (at simulation time 626.000,000,000 s)
2025-06-06 17:30:52,065 INFO  - I have no neighbours to send! (at simulation time 626.000,000,000 s)
2025-06-06 17:30:52,065 INFO  - I have no neighbours to send! (at simulation time 626.000,000,000 s)
2025-06-06 17:30:52,065 INFO  - I have no neighbours to send! (at simulation time 626.000,000,000 s)
2025-06-06 17:30:52,065 INFO  - I have no neighbours to send! (at simulation time 626.000,000,000 s)
2025-06-06 17:30:52,065 INFO  - I have no neighbours to send! (at simulation time 626.000,000,000 s)
2025-06-06 17:30:52,065 INFO  - I have no neighbours to send! (at simulation time 626.000,000,000 s)
2025-06-06 17:30:52,065 INFO  - I have no neighbours to send! (at simulation time 626.000,000,000 s)
2025-06-06 17:30:52,065 INFO  - I have no neighbours to send! (at simulation time 626.000,000,000 s)
2025-06-06 17:30:52,065 INFO  - I have no neighbours to send! (at simulation time 626.000,000,000 s)
2025-06-06 17:30:52,065 INFO  - I have no neighbours to send! (at simulation time 626.000,000,000 s)
2025-06-06 17:30:52,065 INFO  - I have no neighbours to send! (at simulation time 626.000,000,000 s)
2025-06-06 17:30:52,065 INFO  - I have no neighbours to send! (at simulation time 626.000,000,000 s)
2025-06-06 17:30:52,073 INFO  - Sent periodic GreenWaveMsg: veh_117 on route r_1 (at simulation time 628.000,000,000 s)
2025-06-06 17:30:52,084 INFO  - Received metrics from FogNode: avgR0=1.3015873015873016, avgR1=2.0952380952380953 (at simulation time 630.001,800,000 s)
2025-06-06 17:30:52,095 INFO  - Sent periodic GreenWaveMsg: veh_117 on route r_1 (at simulation time 633.000,000,000 s)
2025-06-06 17:30:52,122 INFO  - Sent periodic GreenWaveMsg: veh_117 on route r_1 (at simulation time 638.000,000,000 s)
2025-06-06 17:30:52,126 INFO  - Received ACK with origin at RSU from rsu_0 at 638002800000 (at simulation time 638.002,800,000 s)
2025-06-06 17:30:52,127 INFO  - Already have ACK (at simulation time 639.000,000,000 s)
2025-06-06 17:30:52,127 INFO  - Already have ACK (at simulation time 639.000,000,000 s)
2025-06-06 17:30:52,127 INFO  - Already have ACK (at simulation time 639.000,000,000 s)
2025-06-06 17:30:52,127 INFO  - Already have ACK (at simulation time 639.000,000,000 s)
2025-06-06 17:30:52,127 INFO  - Already have ACK (at simulation time 639.000,000,000 s)
2025-06-06 17:30:52,127 INFO  - Already have ACK (at simulation time 639.000,000,000 s)
2025-06-06 17:30:52,127 INFO  - Already have ACK (at simulation time 639.000,000,000 s)
2025-06-06 17:30:52,128 INFO  - Already have ACK (at simulation time 639.000,000,000 s)
2025-06-06 17:30:52,128 INFO  - Already have ACK (at simulation time 639.000,000,000 s)
2025-06-06 17:30:52,128 INFO  - Already have ACK (at simulation time 639.000,000,000 s)
2025-06-06 17:30:52,128 INFO  - Already have ACK (at simulation time 639.000,000,000 s)
2025-06-06 17:30:52,128 INFO  - Already have ACK (at simulation time 639.000,000,000 s)
2025-06-06 17:30:52,128 INFO  - Already have ACK (at simulation time 639.000,000,000 s)
2025-06-06 17:30:52,128 INFO  - Already have ACK (at simulation time 639.000,000,000 s)
2025-06-06 17:30:52,128 INFO  - Already have ACK (at simulation time 639.000,000,000 s)
2025-06-06 17:30:52,128 INFO  - Already have ACK (at simulation time 639.000,000,000 s)
2025-06-06 17:30:52,128 INFO  - Already have ACK (at simulation time 639.000,000,000 s)
2025-06-06 17:30:52,128 INFO  - Already have ACK (at simulation time 639.000,000,000 s)
2025-06-06 17:30:52,128 INFO  - Already have ACK (at simulation time 639.000,000,000 s)
2025-06-06 17:30:52,128 INFO  - Already have ACK (at simulation time 639.000,000,000 s)
2025-06-06 17:30:52,128 INFO  - Already have ACK (at simulation time 639.000,000,000 s)
2025-06-06 17:30:52,128 INFO  - Already have ACK (at simulation time 639.000,000,000 s)
2025-06-06 17:30:52,128 INFO  - Already have ACK (at simulation time 639.000,000,000 s)
2025-06-06 17:30:52,128 INFO  - Already have ACK (at simulation time 639.000,000,000 s)
2025-06-06 17:30:52,129 INFO  - Already have ACK (at simulation time 639.000,000,000 s)
2025-06-06 17:30:52,129 INFO  - Already have ACK (at simulation time 639.000,000,000 s)
2025-06-06 17:30:52,129 INFO  - Already have ACK (at simulation time 639.000,000,000 s)
2025-06-06 17:30:52,129 INFO  - Already have ACK (at simulation time 639.000,000,000 s)
2025-06-06 17:30:52,129 INFO  - Already have ACK (at simulation time 639.000,000,000 s)
2025-06-06 17:30:52,129 INFO  - Already have ACK (at simulation time 639.000,000,000 s)
2025-06-06 17:30:52,129 INFO  - Already have ACK (at simulation time 639.000,000,000 s)
2025-06-06 17:30:52,129 INFO  - Already have ACK (at simulation time 639.000,000,000 s)
2025-06-06 17:30:52,129 INFO  - Already have ACK (at simulation time 639.000,000,000 s)
2025-06-06 17:30:52,129 INFO  - Already have ACK (at simulation time 639.000,000,000 s)
2025-06-06 17:30:52,129 INFO  - Already have ACK (at simulation time 639.000,000,000 s)
2025-06-06 17:30:52,129 INFO  - Already have ACK (at simulation time 639.000,000,000 s)
2025-06-06 17:30:52,129 INFO  - Already have ACK (at simulation time 639.000,000,000 s)
2025-06-06 17:30:52,132 INFO  - Already have ACK (at simulation time 640.000,000,000 s)
2025-06-06 17:30:52,132 INFO  - Already have ACK (at simulation time 640.000,000,000 s)
2025-06-06 17:30:52,133 INFO  - Already have ACK (at simulation time 640.000,000,000 s)
2025-06-06 17:30:52,133 INFO  - Already have ACK (at simulation time 640.000,000,000 s)
2025-06-06 17:30:52,133 INFO  - Already have ACK (at simulation time 640.000,000,000 s)
2025-06-06 17:30:52,133 INFO  - Already have ACK (at simulation time 640.000,000,000 s)
2025-06-06 17:30:52,133 INFO  - Already have ACK (at simulation time 640.000,000,000 s)
2025-06-06 17:30:52,133 INFO  - Already have ACK (at simulation time 640.000,000,000 s)
2025-06-06 17:30:52,133 INFO  - Already have ACK (at simulation time 640.000,000,000 s)
2025-06-06 17:30:52,133 INFO  - Already have ACK (at simulation time 640.000,000,000 s)
2025-06-06 17:30:52,133 INFO  - Already have ACK (at simulation time 640.000,000,000 s)
2025-06-06 17:30:52,133 INFO  - Already have ACK (at simulation time 640.000,000,000 s)
2025-06-06 17:30:52,133 INFO  - Already have ACK (at simulation time 640.000,000,000 s)
2025-06-06 17:30:52,133 INFO  - Already have ACK (at simulation time 640.000,000,000 s)
2025-06-06 17:30:52,133 INFO  - Already have ACK (at simulation time 640.000,000,000 s)
2025-06-06 17:30:52,133 INFO  - Already have ACK (at simulation time 640.000,000,000 s)
2025-06-06 17:30:52,133 INFO  - Already have ACK (at simulation time 640.000,000,000 s)
2025-06-06 17:30:52,134 INFO  - Already have ACK (at simulation time 640.000,000,000 s)
2025-06-06 17:30:52,134 INFO  - Already have ACK (at simulation time 640.000,000,000 s)
2025-06-06 17:30:52,134 INFO  - Already have ACK (at simulation time 640.000,000,000 s)
2025-06-06 17:30:52,134 INFO  - Already have ACK (at simulation time 640.000,000,000 s)
2025-06-06 17:30:52,134 INFO  - Already have ACK (at simulation time 640.000,000,000 s)
2025-06-06 17:30:52,134 INFO  - Already have ACK (at simulation time 640.000,000,000 s)
2025-06-06 17:30:52,134 INFO  - Already have ACK (at simulation time 640.000,000,000 s)
2025-06-06 17:30:52,134 INFO  - Already have ACK (at simulation time 640.000,000,000 s)
2025-06-06 17:30:52,134 INFO  - Already have ACK (at simulation time 640.000,000,000 s)
2025-06-06 17:30:52,134 INFO  - Already have ACK (at simulation time 640.000,000,000 s)
2025-06-06 17:30:52,134 INFO  - Already have ACK (at simulation time 640.000,000,000 s)
2025-06-06 17:30:52,134 INFO  - Already have ACK (at simulation time 640.000,000,000 s)
2025-06-06 17:30:52,134 INFO  - Already have ACK (at simulation time 640.000,000,000 s)
2025-06-06 17:30:52,134 INFO  - Already have ACK (at simulation time 640.000,000,000 s)
2025-06-06 17:30:52,134 INFO  - Already have ACK (at simulation time 640.000,000,000 s)
2025-06-06 17:30:52,134 INFO  - Already have ACK (at simulation time 640.000,000,000 s)
2025-06-06 17:30:52,134 INFO  - Already have ACK (at simulation time 640.000,000,000 s)
2025-06-06 17:30:52,134 INFO  - Already have ACK (at simulation time 640.000,000,000 s)
2025-06-06 17:30:52,134 INFO  - Already have ACK (at simulation time 640.000,000,000 s)
2025-06-06 17:30:52,135 INFO  - Already have ACK (at simulation time 640.000,000,000 s)
2025-06-06 17:30:52,135 INFO  - Already have ACK (at simulation time 640.000,000,000 s)
2025-06-06 17:30:52,137 INFO  - Received metrics from FogNode: avgR0=1.328125, avgR1=2.125 (at simulation time 640.002,300,000 s)
2025-06-06 17:30:52,138 INFO  - Already have ACK (at simulation time 641.000,000,000 s)
2025-06-06 17:30:52,138 INFO  - Already have ACK (at simulation time 641.000,000,000 s)
2025-06-06 17:30:52,138 INFO  - Already have ACK (at simulation time 641.000,000,000 s)
2025-06-06 17:30:52,138 INFO  - Already have ACK (at simulation time 641.000,000,000 s)
2025-06-06 17:30:52,138 INFO  - Already have ACK (at simulation time 641.000,000,000 s)
2025-06-06 17:30:52,138 INFO  - Already have ACK (at simulation time 641.000,000,000 s)
2025-06-06 17:30:52,138 INFO  - Already have ACK (at simulation time 641.000,000,000 s)
2025-06-06 17:30:52,139 INFO  - Already have ACK (at simulation time 641.000,000,000 s)
2025-06-06 17:30:52,139 INFO  - Already have ACK (at simulation time 641.000,000,000 s)
2025-06-06 17:30:52,139 INFO  - Already have ACK (at simulation time 641.000,000,000 s)
2025-06-06 17:30:52,139 INFO  - Already have ACK (at simulation time 641.000,000,000 s)
2025-06-06 17:30:52,139 INFO  - Already have ACK (at simulation time 641.000,000,000 s)
2025-06-06 17:30:52,139 INFO  - Already have ACK (at simulation time 641.000,000,000 s)
2025-06-06 17:30:52,139 INFO  - Already have ACK (at simulation time 641.000,000,000 s)
2025-06-06 17:30:52,139 INFO  - Already have ACK (at simulation time 641.000,000,000 s)
2025-06-06 17:30:52,139 INFO  - Already have ACK (at simulation time 641.000,000,000 s)
2025-06-06 17:30:52,139 INFO  - Already have ACK (at simulation time 641.000,000,000 s)
2025-06-06 17:30:52,139 INFO  - Already have ACK (at simulation time 641.000,000,000 s)
2025-06-06 17:30:52,139 INFO  - Already have ACK (at simulation time 641.000,000,000 s)
2025-06-06 17:30:52,139 INFO  - Already have ACK (at simulation time 641.000,000,000 s)
2025-06-06 17:30:52,139 INFO  - Already have ACK (at simulation time 641.000,000,000 s)
2025-06-06 17:30:52,139 INFO  - Already have ACK (at simulation time 641.000,000,000 s)
2025-06-06 17:30:52,139 INFO  - Already have ACK (at simulation time 641.000,000,000 s)
2025-06-06 17:30:52,139 INFO  - Already have ACK (at simulation time 641.000,000,000 s)
2025-06-06 17:30:52,140 INFO  - Already have ACK (at simulation time 641.000,000,000 s)
2025-06-06 17:30:52,140 INFO  - Already have ACK (at simulation time 641.000,000,000 s)
2025-06-06 17:30:52,140 INFO  - Already have ACK (at simulation time 641.000,000,000 s)
2025-06-06 17:30:52,140 INFO  - Already have ACK (at simulation time 641.000,000,000 s)
2025-06-06 17:30:52,140 INFO  - Already have ACK (at simulation time 641.000,000,000 s)
2025-06-06 17:30:52,142 INFO  - Already have ACK (at simulation time 641.000,000,000 s)
2025-06-06 17:30:52,142 INFO  - Already have ACK (at simulation time 641.000,000,000 s)
2025-06-06 17:30:52,142 INFO  - Already have ACK (at simulation time 641.000,000,000 s)
2025-06-06 17:30:52,142 INFO  - Already have ACK (at simulation time 641.000,000,000 s)
2025-06-06 17:30:52,142 INFO  - Already have ACK (at simulation time 641.000,000,000 s)
2025-06-06 17:30:52,142 INFO  - Already have ACK (at simulation time 641.000,000,000 s)
2025-06-06 17:30:52,142 INFO  - Already have ACK (at simulation time 641.000,000,000 s)
2025-06-06 17:30:52,142 INFO  - Already have ACK (at simulation time 641.000,000,000 s)
2025-06-06 17:30:52,142 INFO  - Already have ACK (at simulation time 641.000,000,000 s)
2025-06-06 17:30:52,142 INFO  - Already have ACK (at simulation time 641.000,000,000 s)
2025-06-06 17:30:52,145 INFO  - Already have ACK (at simulation time 642.000,000,000 s)
2025-06-06 17:30:52,145 INFO  - Already have ACK (at simulation time 642.000,000,000 s)
2025-06-06 17:30:52,145 INFO  - Already have ACK (at simulation time 642.000,000,000 s)
2025-06-06 17:30:52,145 INFO  - Already have ACK (at simulation time 642.000,000,000 s)
2025-06-06 17:30:52,145 INFO  - Already have ACK (at simulation time 642.000,000,000 s)
2025-06-06 17:30:52,145 INFO  - Already have ACK (at simulation time 642.000,000,000 s)
2025-06-06 17:30:52,146 INFO  - Already have ACK (at simulation time 642.000,000,000 s)
2025-06-06 17:30:52,146 INFO  - Already have ACK (at simulation time 642.000,000,000 s)
2025-06-06 17:30:52,146 INFO  - Already have ACK (at simulation time 642.000,000,000 s)
2025-06-06 17:30:52,146 INFO  - Already have ACK (at simulation time 642.000,000,000 s)
2025-06-06 17:30:52,146 INFO  - Already have ACK (at simulation time 642.000,000,000 s)
2025-06-06 17:30:52,146 INFO  - Already have ACK (at simulation time 642.000,000,000 s)
2025-06-06 17:30:52,146 INFO  - Already have ACK (at simulation time 642.000,000,000 s)
2025-06-06 17:30:52,146 INFO  - Already have ACK (at simulation time 642.000,000,000 s)
2025-06-06 17:30:52,146 INFO  - Already have ACK (at simulation time 642.000,000,000 s)
2025-06-06 17:30:52,146 INFO  - Already have ACK (at simulation time 642.000,000,000 s)
2025-06-06 17:30:52,146 INFO  - Already have ACK (at simulation time 642.000,000,000 s)
2025-06-06 17:30:52,146 INFO  - Already have ACK (at simulation time 642.000,000,000 s)
2025-06-06 17:30:52,146 INFO  - Already have ACK (at simulation time 642.000,000,000 s)
2025-06-06 17:30:52,146 INFO  - Already have ACK (at simulation time 642.000,000,000 s)
2025-06-06 17:30:52,146 INFO  - Already have ACK (at simulation time 642.000,000,000 s)
2025-06-06 17:30:52,146 INFO  - Already have ACK (at simulation time 642.000,000,000 s)
2025-06-06 17:30:52,146 INFO  - Already have ACK (at simulation time 642.000,000,000 s)
2025-06-06 17:30:52,147 INFO  - Already have ACK (at simulation time 642.000,000,000 s)
2025-06-06 17:30:52,147 INFO  - Already have ACK (at simulation time 642.000,000,000 s)
2025-06-06 17:30:52,147 INFO  - Already have ACK (at simulation time 642.000,000,000 s)
2025-06-06 17:30:52,147 INFO  - Already have ACK (at simulation time 642.000,000,000 s)
2025-06-06 17:30:52,147 INFO  - Already have ACK (at simulation time 642.000,000,000 s)
2025-06-06 17:30:52,147 INFO  - Already have ACK (at simulation time 642.000,000,000 s)
2025-06-06 17:30:52,147 INFO  - Already have ACK (at simulation time 642.000,000,000 s)
2025-06-06 17:30:52,147 INFO  - Already have ACK (at simulation time 642.000,000,000 s)
2025-06-06 17:30:52,147 INFO  - Already have ACK (at simulation time 642.000,000,000 s)
2025-06-06 17:30:52,147 INFO  - Already have ACK (at simulation time 642.000,000,000 s)
2025-06-06 17:30:52,147 INFO  - Already have ACK (at simulation time 642.000,000,000 s)
2025-06-06 17:30:52,147 INFO  - Already have ACK (at simulation time 642.000,000,000 s)
2025-06-06 17:30:52,147 INFO  - Already have ACK (at simulation time 642.000,000,000 s)
2025-06-06 17:30:52,147 INFO  - Already have ACK (at simulation time 642.000,000,000 s)
2025-06-06 17:30:52,147 INFO  - Already have ACK (at simulation time 642.000,000,000 s)
2025-06-06 17:30:52,147 INFO  - Already have ACK (at simulation time 642.000,000,000 s)
2025-06-06 17:30:52,147 INFO  - Already have ACK (at simulation time 642.000,000,000 s)
2025-06-06 17:30:52,151 INFO  - Sent periodic GreenWaveMsg: veh_117 on route r_1 (at simulation time 643.000,000,000 s)
2025-06-06 17:30:52,151 INFO  - Already have ACK (at simulation time 643.000,000,000 s)
2025-06-06 17:30:52,151 INFO  - Already have ACK (at simulation time 643.000,000,000 s)
2025-06-06 17:30:52,151 INFO  - Already have ACK (at simulation time 643.000,000,000 s)
2025-06-06 17:30:52,151 INFO  - Already have ACK (at simulation time 643.000,000,000 s)
2025-06-06 17:30:52,152 INFO  - Already have ACK (at simulation time 643.000,000,000 s)
2025-06-06 17:30:52,152 INFO  - Already have ACK (at simulation time 643.000,000,000 s)
2025-06-06 17:30:52,152 INFO  - Already have ACK (at simulation time 643.000,000,000 s)
2025-06-06 17:30:52,152 INFO  - Already have ACK (at simulation time 643.000,000,000 s)
2025-06-06 17:30:52,152 INFO  - Already have ACK (at simulation time 643.000,000,000 s)
2025-06-06 17:30:52,152 INFO  - Already have ACK (at simulation time 643.000,000,000 s)
2025-06-06 17:30:52,152 INFO  - Already have ACK (at simulation time 643.000,000,000 s)
2025-06-06 17:30:52,152 INFO  - Already have ACK (at simulation time 643.000,000,000 s)
2025-06-06 17:30:52,152 INFO  - Already have ACK (at simulation time 643.000,000,000 s)
2025-06-06 17:30:52,152 INFO  - Already have ACK (at simulation time 643.000,000,000 s)
2025-06-06 17:30:52,152 INFO  - Already have ACK (at simulation time 643.000,000,000 s)
2025-06-06 17:30:52,152 INFO  - Already have ACK (at simulation time 643.000,000,000 s)
2025-06-06 17:30:52,152 INFO  - Already have ACK (at simulation time 643.000,000,000 s)
2025-06-06 17:30:52,152 INFO  - Already have ACK (at simulation time 643.000,000,000 s)
2025-06-06 17:30:52,152 INFO  - Already have ACK (at simulation time 643.000,000,000 s)
2025-06-06 17:30:52,153 INFO  - Already have ACK (at simulation time 643.000,000,000 s)
2025-06-06 17:30:52,153 INFO  - Already have ACK (at simulation time 643.000,000,000 s)
2025-06-06 17:30:52,153 INFO  - Already have ACK (at simulation time 643.000,000,000 s)
2025-06-06 17:30:52,153 INFO  - Already have ACK (at simulation time 643.000,000,000 s)
2025-06-06 17:30:52,153 INFO  - Already have ACK (at simulation time 643.000,000,000 s)
2025-06-06 17:30:52,153 INFO  - Already have ACK (at simulation time 643.000,000,000 s)
2025-06-06 17:30:52,153 INFO  - Already have ACK (at simulation time 643.000,000,000 s)
2025-06-06 17:30:52,153 INFO  - Already have ACK (at simulation time 643.000,000,000 s)
2025-06-06 17:30:52,153 INFO  - Already have ACK (at simulation time 643.000,000,000 s)
2025-06-06 17:30:52,153 INFO  - Already have ACK (at simulation time 643.000,000,000 s)
2025-06-06 17:30:52,153 INFO  - Already have ACK (at simulation time 643.000,000,000 s)
2025-06-06 17:30:52,153 INFO  - Already have ACK (at simulation time 643.000,000,000 s)
2025-06-06 17:30:52,153 INFO  - Already have ACK (at simulation time 643.000,000,000 s)
2025-06-06 17:30:52,153 INFO  - Already have ACK (at simulation time 643.000,000,000 s)
2025-06-06 17:30:52,153 INFO  - Already have ACK (at simulation time 643.000,000,000 s)
2025-06-06 17:30:52,153 INFO  - Already have ACK (at simulation time 643.000,000,000 s)
2025-06-06 17:30:52,153 INFO  - Already have ACK (at simulation time 643.000,000,000 s)
2025-06-06 17:30:52,153 INFO  - Already have ACK (at simulation time 643.000,000,000 s)
2025-06-06 17:30:52,153 INFO  - Already have ACK (at simulation time 643.000,000,000 s)
2025-06-06 17:30:52,154 INFO  - Already have ACK (at simulation time 643.000,000,000 s)
2025-06-06 17:30:52,154 INFO  - Already have ACK (at simulation time 643.000,000,000 s)
2025-06-06 17:30:52,154 INFO  - Already have ACK (at simulation time 643.000,000,000 s)
2025-06-06 17:30:52,161 INFO  - Already have ACK (at simulation time 644.000,000,000 s)
2025-06-06 17:30:52,161 INFO  - Already have ACK (at simulation time 644.000,000,000 s)
2025-06-06 17:30:52,161 INFO  - Already have ACK (at simulation time 644.000,000,000 s)
2025-06-06 17:30:52,161 INFO  - Already have ACK (at simulation time 644.000,000,000 s)
2025-06-06 17:30:52,161 INFO  - Already have ACK (at simulation time 644.000,000,000 s)
2025-06-06 17:30:52,161 INFO  - Already have ACK (at simulation time 644.000,000,000 s)
2025-06-06 17:30:52,161 INFO  - Already have ACK (at simulation time 644.000,000,000 s)
2025-06-06 17:30:52,161 INFO  - Already have ACK (at simulation time 644.000,000,000 s)
2025-06-06 17:30:52,161 INFO  - Already have ACK (at simulation time 644.000,000,000 s)
2025-06-06 17:30:52,162 INFO  - Already have ACK (at simulation time 644.000,000,000 s)
2025-06-06 17:30:52,162 INFO  - Already have ACK (at simulation time 644.000,000,000 s)
2025-06-06 17:30:52,162 INFO  - Already have ACK (at simulation time 644.000,000,000 s)
2025-06-06 17:30:52,162 INFO  - Already have ACK (at simulation time 644.000,000,000 s)
2025-06-06 17:30:52,162 INFO  - Already have ACK (at simulation time 644.000,000,000 s)
2025-06-06 17:30:52,162 INFO  - Already have ACK (at simulation time 644.000,000,000 s)
2025-06-06 17:30:52,162 INFO  - Already have ACK (at simulation time 644.000,000,000 s)
2025-06-06 17:30:52,162 INFO  - Already have ACK (at simulation time 644.000,000,000 s)
2025-06-06 17:30:52,162 INFO  - Already have ACK (at simulation time 644.000,000,000 s)
2025-06-06 17:30:52,162 INFO  - Already have ACK (at simulation time 644.000,000,000 s)
2025-06-06 17:30:52,162 INFO  - Already have ACK (at simulation time 644.000,000,000 s)
2025-06-06 17:30:52,162 INFO  - Already have ACK (at simulation time 644.000,000,000 s)
2025-06-06 17:30:52,162 INFO  - Already have ACK (at simulation time 644.000,000,000 s)
2025-06-06 17:30:52,162 INFO  - Already have ACK (at simulation time 644.000,000,000 s)
2025-06-06 17:30:52,162 INFO  - Already have ACK (at simulation time 644.000,000,000 s)
2025-06-06 17:30:52,162 INFO  - Already have ACK (at simulation time 644.000,000,000 s)
2025-06-06 17:30:52,163 INFO  - Already have ACK (at simulation time 644.000,000,000 s)
2025-06-06 17:30:52,163 INFO  - Already have ACK (at simulation time 644.000,000,000 s)
2025-06-06 17:30:52,163 INFO  - Already have ACK (at simulation time 644.000,000,000 s)
2025-06-06 17:30:52,163 INFO  - Already have ACK (at simulation time 644.000,000,000 s)
2025-06-06 17:30:52,163 INFO  - Already have ACK (at simulation time 644.000,000,000 s)
2025-06-06 17:30:52,163 INFO  - Already have ACK (at simulation time 644.000,000,000 s)
2025-06-06 17:30:52,163 INFO  - Already have ACK (at simulation time 644.000,000,000 s)
2025-06-06 17:30:52,163 INFO  - Already have ACK (at simulation time 644.000,000,000 s)
2025-06-06 17:30:52,163 INFO  - Already have ACK (at simulation time 644.000,000,000 s)
2025-06-06 17:30:52,163 INFO  - Already have ACK (at simulation time 644.000,000,000 s)
2025-06-06 17:30:52,163 INFO  - Already have ACK (at simulation time 644.000,000,000 s)
2025-06-06 17:30:52,163 INFO  - Already have ACK (at simulation time 644.000,000,000 s)
2025-06-06 17:30:52,163 INFO  - Already have ACK (at simulation time 644.000,000,000 s)
2025-06-06 17:30:52,163 INFO  - Already have ACK (at simulation time 644.000,000,000 s)
2025-06-06 17:30:52,163 INFO  - Already have ACK (at simulation time 644.000,000,000 s)
2025-06-06 17:30:52,163 INFO  - Already have ACK (at simulation time 644.000,000,000 s)
2025-06-06 17:30:52,163 INFO  - Already have ACK (at simulation time 644.000,000,000 s)
2025-06-06 17:30:52,167 INFO  - Already have ACK (at simulation time 645.000,000,000 s)
2025-06-06 17:30:52,167 INFO  - Already have ACK (at simulation time 645.000,000,000 s)
2025-06-06 17:30:52,167 INFO  - Already have ACK (at simulation time 645.000,000,000 s)
2025-06-06 17:30:52,167 INFO  - Already have ACK (at simulation time 645.000,000,000 s)
2025-06-06 17:30:52,167 INFO  - Already have ACK (at simulation time 645.000,000,000 s)
2025-06-06 17:30:52,167 INFO  - Already have ACK (at simulation time 645.000,000,000 s)
2025-06-06 17:30:52,167 INFO  - Already have ACK (at simulation time 645.000,000,000 s)
2025-06-06 17:30:52,167 INFO  - Already have ACK (at simulation time 645.000,000,000 s)
2025-06-06 17:30:52,167 INFO  - Already have ACK (at simulation time 645.000,000,000 s)
2025-06-06 17:30:52,167 INFO  - Already have ACK (at simulation time 645.000,000,000 s)
2025-06-06 17:30:52,167 INFO  - Already have ACK (at simulation time 645.000,000,000 s)
2025-06-06 17:30:52,167 INFO  - Already have ACK (at simulation time 645.000,000,000 s)
2025-06-06 17:30:52,168 INFO  - Already have ACK (at simulation time 645.000,000,000 s)
2025-06-06 17:30:52,168 INFO  - Already have ACK (at simulation time 645.000,000,000 s)
2025-06-06 17:30:52,168 INFO  - Already have ACK (at simulation time 645.000,000,000 s)
2025-06-06 17:30:52,168 INFO  - Already have ACK (at simulation time 645.000,000,000 s)
2025-06-06 17:30:52,168 INFO  - Already have ACK (at simulation time 645.000,000,000 s)
2025-06-06 17:30:52,168 INFO  - Already have ACK (at simulation time 645.000,000,000 s)
2025-06-06 17:30:52,168 INFO  - Already have ACK (at simulation time 645.000,000,000 s)
2025-06-06 17:30:52,168 INFO  - Already have ACK (at simulation time 645.000,000,000 s)
2025-06-06 17:30:52,168 INFO  - Already have ACK (at simulation time 645.000,000,000 s)
2025-06-06 17:30:52,168 INFO  - Already have ACK (at simulation time 645.000,000,000 s)
2025-06-06 17:30:52,168 INFO  - Already have ACK (at simulation time 645.000,000,000 s)
2025-06-06 17:30:52,168 INFO  - Already have ACK (at simulation time 645.000,000,000 s)
2025-06-06 17:30:52,168 INFO  - Already have ACK (at simulation time 645.000,000,000 s)
2025-06-06 17:30:52,168 INFO  - Already have ACK (at simulation time 645.000,000,000 s)
2025-06-06 17:30:52,168 INFO  - Already have ACK (at simulation time 645.000,000,000 s)
2025-06-06 17:30:52,168 INFO  - Already have ACK (at simulation time 645.000,000,000 s)
2025-06-06 17:30:52,168 INFO  - Already have ACK (at simulation time 645.000,000,000 s)
2025-06-06 17:30:52,169 INFO  - Already have ACK (at simulation time 645.000,000,000 s)
2025-06-06 17:30:52,169 INFO  - Already have ACK (at simulation time 645.000,000,000 s)
2025-06-06 17:30:52,169 INFO  - Already have ACK (at simulation time 645.000,000,000 s)
2025-06-06 17:30:52,169 INFO  - Already have ACK (at simulation time 645.000,000,000 s)
2025-06-06 17:30:52,169 INFO  - Already have ACK (at simulation time 645.000,000,000 s)
2025-06-06 17:30:52,169 INFO  - Already have ACK (at simulation time 645.000,000,000 s)
2025-06-06 17:30:52,169 INFO  - Already have ACK (at simulation time 645.000,000,000 s)
2025-06-06 17:30:52,169 INFO  - Already have ACK (at simulation time 645.000,000,000 s)
2025-06-06 17:30:52,169 INFO  - Already have ACK (at simulation time 645.000,000,000 s)
2025-06-06 17:30:52,169 INFO  - Already have ACK (at simulation time 645.000,000,000 s)
2025-06-06 17:30:52,169 INFO  - Already have ACK (at simulation time 645.000,000,000 s)
2025-06-06 17:30:52,169 INFO  - Already have ACK (at simulation time 645.000,000,000 s)
2025-06-06 17:30:52,169 INFO  - Already have ACK (at simulation time 645.000,000,000 s)
2025-06-06 17:30:52,169 INFO  - Already have ACK (at simulation time 645.000,000,000 s)
2025-06-06 17:30:52,172 INFO  - Already have ACK (at simulation time 646.000,000,000 s)
2025-06-06 17:30:52,172 INFO  - Already have ACK (at simulation time 646.000,000,000 s)
2025-06-06 17:30:52,172 INFO  - Already have ACK (at simulation time 646.000,000,000 s)
2025-06-06 17:30:52,172 INFO  - Already have ACK (at simulation time 646.000,000,000 s)
2025-06-06 17:30:52,172 INFO  - Already have ACK (at simulation time 646.000,000,000 s)
2025-06-06 17:30:52,173 INFO  - Already have ACK (at simulation time 646.000,000,000 s)
2025-06-06 17:30:52,173 INFO  - Already have ACK (at simulation time 646.000,000,000 s)
2025-06-06 17:30:52,173 INFO  - Already have ACK (at simulation time 646.000,000,000 s)
2025-06-06 17:30:52,173 INFO  - Already have ACK (at simulation time 646.000,000,000 s)
2025-06-06 17:30:52,173 INFO  - Already have ACK (at simulation time 646.000,000,000 s)
2025-06-06 17:30:52,173 INFO  - Already have ACK (at simulation time 646.000,000,000 s)
2025-06-06 17:30:52,173 INFO  - Already have ACK (at simulation time 646.000,000,000 s)
2025-06-06 17:30:52,173 INFO  - Already have ACK (at simulation time 646.000,000,000 s)
2025-06-06 17:30:52,173 INFO  - Already have ACK (at simulation time 646.000,000,000 s)
2025-06-06 17:30:52,173 INFO  - Already have ACK (at simulation time 646.000,000,000 s)
2025-06-06 17:30:52,173 INFO  - Already have ACK (at simulation time 646.000,000,000 s)
2025-06-06 17:30:52,173 INFO  - Already have ACK (at simulation time 646.000,000,000 s)
2025-06-06 17:30:52,173 INFO  - Already have ACK (at simulation time 646.000,000,000 s)
2025-06-06 17:30:52,173 INFO  - Already have ACK (at simulation time 646.000,000,000 s)
2025-06-06 17:30:52,173 INFO  - Already have ACK (at simulation time 646.000,000,000 s)
2025-06-06 17:30:52,173 INFO  - Already have ACK (at simulation time 646.000,000,000 s)
2025-06-06 17:30:52,174 INFO  - Already have ACK (at simulation time 646.000,000,000 s)
2025-06-06 17:30:52,174 INFO  - Already have ACK (at simulation time 646.000,000,000 s)
2025-06-06 17:30:52,174 INFO  - Already have ACK (at simulation time 646.000,000,000 s)
2025-06-06 17:30:52,174 INFO  - Already have ACK (at simulation time 646.000,000,000 s)
2025-06-06 17:30:52,174 INFO  - Already have ACK (at simulation time 646.000,000,000 s)
2025-06-06 17:30:52,174 INFO  - Already have ACK (at simulation time 646.000,000,000 s)
2025-06-06 17:30:52,174 INFO  - Already have ACK (at simulation time 646.000,000,000 s)
2025-06-06 17:30:52,174 INFO  - Already have ACK (at simulation time 646.000,000,000 s)
2025-06-06 17:30:52,174 INFO  - Already have ACK (at simulation time 646.000,000,000 s)
2025-06-06 17:30:52,174 INFO  - Already have ACK (at simulation time 646.000,000,000 s)
2025-06-06 17:30:52,174 INFO  - Already have ACK (at simulation time 646.000,000,000 s)
2025-06-06 17:30:52,174 INFO  - Already have ACK (at simulation time 646.000,000,000 s)
2025-06-06 17:30:52,174 INFO  - Already have ACK (at simulation time 646.000,000,000 s)
2025-06-06 17:30:52,174 INFO  - Already have ACK (at simulation time 646.000,000,000 s)
2025-06-06 17:30:52,174 INFO  - Already have ACK (at simulation time 646.000,000,000 s)
2025-06-06 17:30:52,174 INFO  - Already have ACK (at simulation time 646.000,000,000 s)
2025-06-06 17:30:52,174 INFO  - Already have ACK (at simulation time 646.000,000,000 s)
2025-06-06 17:30:52,174 INFO  - Already have ACK (at simulation time 646.000,000,000 s)
2025-06-06 17:30:52,174 INFO  - Already have ACK (at simulation time 646.000,000,000 s)
2025-06-06 17:30:52,175 INFO  - Already have ACK (at simulation time 646.000,000,000 s)
2025-06-06 17:30:52,175 INFO  - Already have ACK (at simulation time 646.000,000,000 s)
2025-06-06 17:30:52,175 INFO  - Already have ACK (at simulation time 646.000,000,000 s)
2025-06-06 17:30:52,175 INFO  - Already have ACK (at simulation time 646.000,000,000 s)
2025-06-06 17:30:52,178 INFO  - Already have ACK (at simulation time 647.000,000,000 s)
2025-06-06 17:30:52,178 INFO  - Already have ACK (at simulation time 647.000,000,000 s)
2025-06-06 17:30:52,178 INFO  - Already have ACK (at simulation time 647.000,000,000 s)
2025-06-06 17:30:52,178 INFO  - Already have ACK (at simulation time 647.000,000,000 s)
2025-06-06 17:30:52,178 INFO  - Already have ACK (at simulation time 647.000,000,000 s)
2025-06-06 17:30:52,178 INFO  - Already have ACK (at simulation time 647.000,000,000 s)
2025-06-06 17:30:52,178 INFO  - Already have ACK (at simulation time 647.000,000,000 s)
2025-06-06 17:30:52,178 INFO  - Already have ACK (at simulation time 647.000,000,000 s)
2025-06-06 17:30:52,178 INFO  - Already have ACK (at simulation time 647.000,000,000 s)
2025-06-06 17:30:52,178 INFO  - Already have ACK (at simulation time 647.000,000,000 s)
2025-06-06 17:30:52,178 INFO  - Already have ACK (at simulation time 647.000,000,000 s)
2025-06-06 17:30:52,178 INFO  - Already have ACK (at simulation time 647.000,000,000 s)
2025-06-06 17:30:52,178 INFO  - Already have ACK (at simulation time 647.000,000,000 s)
2025-06-06 17:30:52,179 INFO  - Already have ACK (at simulation time 647.000,000,000 s)
2025-06-06 17:30:52,179 INFO  - Already have ACK (at simulation time 647.000,000,000 s)
2025-06-06 17:30:52,179 INFO  - Already have ACK (at simulation time 647.000,000,000 s)
2025-06-06 17:30:52,179 INFO  - Already have ACK (at simulation time 647.000,000,000 s)
2025-06-06 17:30:52,179 INFO  - Already have ACK (at simulation time 647.000,000,000 s)
2025-06-06 17:30:52,179 INFO  - Already have ACK (at simulation time 647.000,000,000 s)
2025-06-06 17:30:52,179 INFO  - Already have ACK (at simulation time 647.000,000,000 s)
2025-06-06 17:30:52,179 INFO  - Already have ACK (at simulation time 647.000,000,000 s)
2025-06-06 17:30:52,179 INFO  - Already have ACK (at simulation time 647.000,000,000 s)
2025-06-06 17:30:52,179 INFO  - Already have ACK (at simulation time 647.000,000,000 s)
2025-06-06 17:30:52,179 INFO  - Already have ACK (at simulation time 647.000,000,000 s)
2025-06-06 17:30:52,179 INFO  - Already have ACK (at simulation time 647.000,000,000 s)
2025-06-06 17:30:52,179 INFO  - Already have ACK (at simulation time 647.000,000,000 s)
2025-06-06 17:30:52,179 INFO  - Already have ACK (at simulation time 647.000,000,000 s)
2025-06-06 17:30:52,179 INFO  - Already have ACK (at simulation time 647.000,000,000 s)
2025-06-06 17:30:52,179 INFO  - Already have ACK (at simulation time 647.000,000,000 s)
2025-06-06 17:30:52,180 INFO  - Already have ACK (at simulation time 647.000,000,000 s)
2025-06-06 17:30:52,180 INFO  - Already have ACK (at simulation time 647.000,000,000 s)
2025-06-06 17:30:52,180 INFO  - Already have ACK (at simulation time 647.000,000,000 s)
2025-06-06 17:30:52,180 INFO  - Already have ACK (at simulation time 647.000,000,000 s)
2025-06-06 17:30:52,180 INFO  - Already have ACK (at simulation time 647.000,000,000 s)
2025-06-06 17:30:52,180 INFO  - Already have ACK (at simulation time 647.000,000,000 s)
2025-06-06 17:30:52,180 INFO  - Already have ACK (at simulation time 647.000,000,000 s)
2025-06-06 17:30:52,180 INFO  - Already have ACK (at simulation time 647.000,000,000 s)
2025-06-06 17:30:52,180 INFO  - Already have ACK (at simulation time 647.000,000,000 s)
2025-06-06 17:30:52,180 INFO  - Already have ACK (at simulation time 647.000,000,000 s)
2025-06-06 17:30:52,180 INFO  - Already have ACK (at simulation time 647.000,000,000 s)
2025-06-06 17:30:52,180 INFO  - Already have ACK (at simulation time 647.000,000,000 s)
2025-06-06 17:30:52,180 INFO  - Already have ACK (at simulation time 647.000,000,000 s)
2025-06-06 17:30:52,180 INFO  - Already have ACK (at simulation time 647.000,000,000 s)
2025-06-06 17:30:52,180 INFO  - Already have ACK (at simulation time 647.000,000,000 s)
2025-06-06 17:30:52,180 INFO  - Already have ACK (at simulation time 647.000,000,000 s)
2025-06-06 17:30:52,183 INFO  - Sent periodic GreenWaveMsg: veh_117 on route r_1 (at simulation time 648.000,000,000 s)
2025-06-06 17:30:52,183 INFO  - Already have ACK (at simulation time 648.000,000,000 s)
2025-06-06 17:30:52,183 INFO  - Already have ACK (at simulation time 648.000,000,000 s)
2025-06-06 17:30:52,183 INFO  - Already have ACK (at simulation time 648.000,000,000 s)
2025-06-06 17:30:52,183 INFO  - Already have ACK (at simulation time 648.000,000,000 s)
2025-06-06 17:30:52,184 INFO  - Already have ACK (at simulation time 648.000,000,000 s)
2025-06-06 17:30:52,184 INFO  - Already have ACK (at simulation time 648.000,000,000 s)
2025-06-06 17:30:52,184 INFO  - Already have ACK (at simulation time 648.000,000,000 s)
2025-06-06 17:30:52,184 INFO  - Already have ACK (at simulation time 648.000,000,000 s)
2025-06-06 17:30:52,184 INFO  - Already have ACK (at simulation time 648.000,000,000 s)
2025-06-06 17:30:52,184 INFO  - Already have ACK (at simulation time 648.000,000,000 s)
2025-06-06 17:30:52,184 INFO  - Already have ACK (at simulation time 648.000,000,000 s)
2025-06-06 17:30:52,184 INFO  - Already have ACK (at simulation time 648.000,000,000 s)
2025-06-06 17:30:52,184 INFO  - Already have ACK (at simulation time 648.000,000,000 s)
2025-06-06 17:30:52,184 INFO  - Already have ACK (at simulation time 648.000,000,000 s)
2025-06-06 17:30:52,184 INFO  - Already have ACK (at simulation time 648.000,000,000 s)
2025-06-06 17:30:52,184 INFO  - Already have ACK (at simulation time 648.000,000,000 s)
2025-06-06 17:30:52,184 INFO  - Already have ACK (at simulation time 648.000,000,000 s)
2025-06-06 17:30:52,184 INFO  - Already have ACK (at simulation time 648.000,000,000 s)
2025-06-06 17:30:52,185 INFO  - Already have ACK (at simulation time 648.000,000,000 s)
2025-06-06 17:30:52,185 INFO  - Already have ACK (at simulation time 648.000,000,000 s)
2025-06-06 17:30:52,185 INFO  - Already have ACK (at simulation time 648.000,000,000 s)
2025-06-06 17:30:52,185 INFO  - Already have ACK (at simulation time 648.000,000,000 s)
2025-06-06 17:30:52,185 INFO  - Already have ACK (at simulation time 648.000,000,000 s)
2025-06-06 17:30:52,185 INFO  - Already have ACK (at simulation time 648.000,000,000 s)
2025-06-06 17:30:52,185 INFO  - Already have ACK (at simulation time 648.000,000,000 s)
2025-06-06 17:30:52,185 INFO  - Already have ACK (at simulation time 648.000,000,000 s)
2025-06-06 17:30:52,185 INFO  - Already have ACK (at simulation time 648.000,000,000 s)
2025-06-06 17:30:52,185 INFO  - Already have ACK (at simulation time 648.000,000,000 s)
2025-06-06 17:30:52,185 INFO  - Already have ACK (at simulation time 648.000,000,000 s)
2025-06-06 17:30:52,185 INFO  - Already have ACK (at simulation time 648.000,000,000 s)
2025-06-06 17:30:52,185 INFO  - Already have ACK (at simulation time 648.000,000,000 s)
2025-06-06 17:30:52,185 INFO  - Already have ACK (at simulation time 648.000,000,000 s)
2025-06-06 17:30:52,185 INFO  - Already have ACK (at simulation time 648.000,000,000 s)
2025-06-06 17:30:52,185 INFO  - Already have ACK (at simulation time 648.000,000,000 s)
2025-06-06 17:30:52,185 INFO  - Already have ACK (at simulation time 648.000,000,000 s)
2025-06-06 17:30:52,186 INFO  - Already have ACK (at simulation time 648.000,000,000 s)
2025-06-06 17:30:52,186 INFO  - Already have ACK (at simulation time 648.000,000,000 s)
2025-06-06 17:30:52,186 INFO  - Already have ACK (at simulation time 648.000,000,000 s)
2025-06-06 17:30:52,186 INFO  - Already have ACK (at simulation time 648.000,000,000 s)
2025-06-06 17:30:52,186 INFO  - Already have ACK (at simulation time 648.000,000,000 s)
2025-06-06 17:30:52,186 INFO  - Already have ACK (at simulation time 648.000,000,000 s)
2025-06-06 17:30:52,186 INFO  - Already have ACK (at simulation time 648.000,000,000 s)
2025-06-06 17:30:52,186 INFO  - Already have ACK (at simulation time 648.000,000,000 s)
2025-06-06 17:30:52,186 INFO  - Already have ACK (at simulation time 648.000,000,000 s)
2025-06-06 17:30:52,186 INFO  - Already have ACK (at simulation time 648.000,000,000 s)
2025-06-06 17:30:52,186 INFO  - Already have ACK (at simulation time 648.000,000,000 s)
2025-06-06 17:30:52,189 INFO  - Already have ACK (at simulation time 649.000,000,000 s)
2025-06-06 17:30:52,190 INFO  - Already have ACK (at simulation time 649.000,000,000 s)
2025-06-06 17:30:52,190 INFO  - Already have ACK (at simulation time 649.000,000,000 s)
2025-06-06 17:30:52,190 INFO  - Already have ACK (at simulation time 649.000,000,000 s)
2025-06-06 17:30:52,190 INFO  - Already have ACK (at simulation time 649.000,000,000 s)
2025-06-06 17:30:52,190 INFO  - Already have ACK (at simulation time 649.000,000,000 s)
2025-06-06 17:30:52,190 INFO  - Already have ACK (at simulation time 649.000,000,000 s)
2025-06-06 17:30:52,190 INFO  - Already have ACK (at simulation time 649.000,000,000 s)
2025-06-06 17:30:52,190 INFO  - Already have ACK (at simulation time 649.000,000,000 s)
2025-06-06 17:30:52,190 INFO  - Already have ACK (at simulation time 649.000,000,000 s)
2025-06-06 17:30:52,190 INFO  - Already have ACK (at simulation time 649.000,000,000 s)
2025-06-06 17:30:52,190 INFO  - Already have ACK (at simulation time 649.000,000,000 s)
2025-06-06 17:30:52,190 INFO  - Already have ACK (at simulation time 649.000,000,000 s)
2025-06-06 17:30:52,190 INFO  - Already have ACK (at simulation time 649.000,000,000 s)
2025-06-06 17:30:52,191 INFO  - Already have ACK (at simulation time 649.000,000,000 s)
2025-06-06 17:30:52,191 INFO  - Already have ACK (at simulation time 649.000,000,000 s)
2025-06-06 17:30:52,191 INFO  - Already have ACK (at simulation time 649.000,000,000 s)
2025-06-06 17:30:52,191 INFO  - Already have ACK (at simulation time 649.000,000,000 s)
2025-06-06 17:30:52,191 INFO  - Already have ACK (at simulation time 649.000,000,000 s)
2025-06-06 17:30:52,191 INFO  - Already have ACK (at simulation time 649.000,000,000 s)
2025-06-06 17:30:52,191 INFO  - Already have ACK (at simulation time 649.000,000,000 s)
2025-06-06 17:30:52,191 INFO  - Already have ACK (at simulation time 649.000,000,000 s)
2025-06-06 17:30:52,191 INFO  - Already have ACK (at simulation time 649.000,000,000 s)
2025-06-06 17:30:52,191 INFO  - Already have ACK (at simulation time 649.000,000,000 s)
2025-06-06 17:30:52,191 INFO  - Already have ACK (at simulation time 649.000,000,000 s)
2025-06-06 17:30:52,191 INFO  - Already have ACK (at simulation time 649.000,000,000 s)
2025-06-06 17:30:52,191 INFO  - Already have ACK (at simulation time 649.000,000,000 s)
2025-06-06 17:30:52,191 INFO  - Already have ACK (at simulation time 649.000,000,000 s)
2025-06-06 17:30:52,191 INFO  - Already have ACK (at simulation time 649.000,000,000 s)
2025-06-06 17:30:52,191 INFO  - Already have ACK (at simulation time 649.000,000,000 s)
2025-06-06 17:30:52,192 INFO  - Already have ACK (at simulation time 649.000,000,000 s)
2025-06-06 17:30:52,192 INFO  - Already have ACK (at simulation time 649.000,000,000 s)
2025-06-06 17:30:52,192 INFO  - Already have ACK (at simulation time 649.000,000,000 s)
2025-06-06 17:30:52,192 INFO  - Already have ACK (at simulation time 649.000,000,000 s)
2025-06-06 17:30:52,192 INFO  - Already have ACK (at simulation time 649.000,000,000 s)
2025-06-06 17:30:52,192 INFO  - Already have ACK (at simulation time 649.000,000,000 s)
2025-06-06 17:30:52,192 INFO  - Already have ACK (at simulation time 649.000,000,000 s)
2025-06-06 17:30:52,192 INFO  - Already have ACK (at simulation time 649.000,000,000 s)
2025-06-06 17:30:52,192 INFO  - Already have ACK (at simulation time 649.000,000,000 s)
2025-06-06 17:30:52,192 INFO  - Already have ACK (at simulation time 649.000,000,000 s)
2025-06-06 17:30:52,192 INFO  - Already have ACK (at simulation time 649.000,000,000 s)
2025-06-06 17:30:52,192 INFO  - Already have ACK (at simulation time 649.000,000,000 s)
2025-06-06 17:30:52,192 INFO  - Already have ACK (at simulation time 649.000,000,000 s)
2025-06-06 17:30:52,192 INFO  - Already have ACK (at simulation time 649.000,000,000 s)
2025-06-06 17:30:52,192 INFO  - Already have ACK (at simulation time 649.000,000,000 s)
2025-06-06 17:30:52,192 INFO  - Already have ACK (at simulation time 649.000,000,000 s)
2025-06-06 17:30:52,192 INFO  - Already have ACK (at simulation time 649.000,000,000 s)
2025-06-06 17:30:52,196 INFO  - Already have ACK (at simulation time 650.000,000,000 s)
2025-06-06 17:30:52,196 INFO  - Already have ACK (at simulation time 650.000,000,000 s)
2025-06-06 17:30:52,196 INFO  - Already have ACK (at simulation time 650.000,000,000 s)
2025-06-06 17:30:52,196 INFO  - Already have ACK (at simulation time 650.000,000,000 s)
2025-06-06 17:30:52,196 INFO  - Already have ACK (at simulation time 650.000,000,000 s)
2025-06-06 17:30:52,196 INFO  - Already have ACK (at simulation time 650.000,000,000 s)
2025-06-06 17:30:52,196 INFO  - Already have ACK (at simulation time 650.000,000,000 s)
2025-06-06 17:30:52,197 INFO  - Already have ACK (at simulation time 650.000,000,000 s)
2025-06-06 17:30:52,197 INFO  - Already have ACK (at simulation time 650.000,000,000 s)
2025-06-06 17:30:52,197 INFO  - Already have ACK (at simulation time 650.000,000,000 s)
2025-06-06 17:30:52,197 INFO  - Already have ACK (at simulation time 650.000,000,000 s)
2025-06-06 17:30:52,197 INFO  - Already have ACK (at simulation time 650.000,000,000 s)
2025-06-06 17:30:52,197 INFO  - Already have ACK (at simulation time 650.000,000,000 s)
2025-06-06 17:30:52,197 INFO  - Already have ACK (at simulation time 650.000,000,000 s)
2025-06-06 17:30:52,197 INFO  - Already have ACK (at simulation time 650.000,000,000 s)
2025-06-06 17:30:52,197 INFO  - Already have ACK (at simulation time 650.000,000,000 s)
2025-06-06 17:30:52,197 INFO  - Already have ACK (at simulation time 650.000,000,000 s)
2025-06-06 17:30:52,197 INFO  - Already have ACK (at simulation time 650.000,000,000 s)
2025-06-06 17:30:52,197 INFO  - Already have ACK (at simulation time 650.000,000,000 s)
2025-06-06 17:30:52,197 INFO  - Already have ACK (at simulation time 650.000,000,000 s)
2025-06-06 17:30:52,197 INFO  - Already have ACK (at simulation time 650.000,000,000 s)
2025-06-06 17:30:52,197 INFO  - Already have ACK (at simulation time 650.000,000,000 s)
2025-06-06 17:30:52,197 INFO  - Already have ACK (at simulation time 650.000,000,000 s)
2025-06-06 17:30:52,198 INFO  - Already have ACK (at simulation time 650.000,000,000 s)
2025-06-06 17:30:52,198 INFO  - Already have ACK (at simulation time 650.000,000,000 s)
2025-06-06 17:30:52,198 INFO  - Already have ACK (at simulation time 650.000,000,000 s)
2025-06-06 17:30:52,198 INFO  - Already have ACK (at simulation time 650.000,000,000 s)
2025-06-06 17:30:52,198 INFO  - Already have ACK (at simulation time 650.000,000,000 s)
2025-06-06 17:30:52,198 INFO  - Already have ACK (at simulation time 650.000,000,000 s)
2025-06-06 17:30:52,198 INFO  - Already have ACK (at simulation time 650.000,000,000 s)
2025-06-06 17:30:52,198 INFO  - Already have ACK (at simulation time 650.000,000,000 s)
2025-06-06 17:30:52,198 INFO  - Already have ACK (at simulation time 650.000,000,000 s)
2025-06-06 17:30:52,198 INFO  - Already have ACK (at simulation time 650.000,000,000 s)
2025-06-06 17:30:52,198 INFO  - Already have ACK (at simulation time 650.000,000,000 s)
2025-06-06 17:30:52,198 INFO  - Already have ACK (at simulation time 650.000,000,000 s)
2025-06-06 17:30:52,198 INFO  - Already have ACK (at simulation time 650.000,000,000 s)
2025-06-06 17:30:52,198 INFO  - Already have ACK (at simulation time 650.000,000,000 s)
2025-06-06 17:30:52,198 INFO  - Already have ACK (at simulation time 650.000,000,000 s)
2025-06-06 17:30:52,198 INFO  - Already have ACK (at simulation time 650.000,000,000 s)
2025-06-06 17:30:52,198 INFO  - Already have ACK (at simulation time 650.000,000,000 s)
2025-06-06 17:30:52,198 INFO  - Already have ACK (at simulation time 650.000,000,000 s)
2025-06-06 17:30:52,199 INFO  - Already have ACK (at simulation time 650.000,000,000 s)
2025-06-06 17:30:52,199 INFO  - Already have ACK (at simulation time 650.000,000,000 s)
2025-06-06 17:30:52,199 INFO  - Already have ACK (at simulation time 650.000,000,000 s)
2025-06-06 17:30:52,199 INFO  - Already have ACK (at simulation time 650.000,000,000 s)
2025-06-06 17:30:52,199 INFO  - Already have ACK (at simulation time 650.000,000,000 s)
2025-06-06 17:30:52,199 INFO  - Already have ACK (at simulation time 650.000,000,000 s)
2025-06-06 17:30:52,199 INFO  - Already have ACK (at simulation time 650.000,000,000 s)
2025-06-06 17:30:52,201 INFO  - Received metrics from FogNode: avgR0=1.353846153846154, avgR1=2.1076923076923078 (at simulation time 650.002,800,000 s)
2025-06-06 17:30:52,202 INFO  - Already have ACK (at simulation time 651.000,000,000 s)
2025-06-06 17:30:52,202 INFO  - Already have ACK (at simulation time 651.000,000,000 s)
2025-06-06 17:30:52,203 INFO  - Already have ACK (at simulation time 651.000,000,000 s)
2025-06-06 17:30:52,203 INFO  - Already have ACK (at simulation time 651.000,000,000 s)
2025-06-06 17:30:52,203 INFO  - Already have ACK (at simulation time 651.000,000,000 s)
2025-06-06 17:30:52,203 INFO  - Already have ACK (at simulation time 651.000,000,000 s)
2025-06-06 17:30:52,203 INFO  - Already have ACK (at simulation time 651.000,000,000 s)
2025-06-06 17:30:52,203 INFO  - Already have ACK (at simulation time 651.000,000,000 s)
2025-06-06 17:30:52,203 INFO  - Already have ACK (at simulation time 651.000,000,000 s)
2025-06-06 17:30:52,203 INFO  - Already have ACK (at simulation time 651.000,000,000 s)
2025-06-06 17:30:52,203 INFO  - Already have ACK (at simulation time 651.000,000,000 s)
2025-06-06 17:30:52,203 INFO  - Already have ACK (at simulation time 651.000,000,000 s)
2025-06-06 17:30:52,203 INFO  - Already have ACK (at simulation time 651.000,000,000 s)
2025-06-06 17:30:52,203 INFO  - Already have ACK (at simulation time 651.000,000,000 s)
2025-06-06 17:30:52,204 INFO  - Already have ACK (at simulation time 651.000,000,000 s)
2025-06-06 17:30:52,204 INFO  - Already have ACK (at simulation time 651.000,000,000 s)
2025-06-06 17:30:52,204 INFO  - Already have ACK (at simulation time 651.000,000,000 s)
2025-06-06 17:30:52,204 INFO  - Already have ACK (at simulation time 651.000,000,000 s)
2025-06-06 17:30:52,204 INFO  - Already have ACK (at simulation time 651.000,000,000 s)
2025-06-06 17:30:52,204 INFO  - Already have ACK (at simulation time 651.000,000,000 s)
2025-06-06 17:30:52,204 INFO  - Already have ACK (at simulation time 651.000,000,000 s)
2025-06-06 17:30:52,204 INFO  - Already have ACK (at simulation time 651.000,000,000 s)
2025-06-06 17:30:52,204 INFO  - Already have ACK (at simulation time 651.000,000,000 s)
2025-06-06 17:30:52,204 INFO  - Already have ACK (at simulation time 651.000,000,000 s)
2025-06-06 17:30:52,204 INFO  - Already have ACK (at simulation time 651.000,000,000 s)
2025-06-06 17:30:52,204 INFO  - Already have ACK (at simulation time 651.000,000,000 s)
2025-06-06 17:30:52,204 INFO  - Already have ACK (at simulation time 651.000,000,000 s)
2025-06-06 17:30:52,204 INFO  - Already have ACK (at simulation time 651.000,000,000 s)
2025-06-06 17:30:52,204 INFO  - Already have ACK (at simulation time 651.000,000,000 s)
2025-06-06 17:30:52,204 INFO  - Already have ACK (at simulation time 651.000,000,000 s)
2025-06-06 17:30:52,204 INFO  - Already have ACK (at simulation time 651.000,000,000 s)
2025-06-06 17:30:52,205 INFO  - Already have ACK (at simulation time 651.000,000,000 s)
2025-06-06 17:30:52,205 INFO  - Already have ACK (at simulation time 651.000,000,000 s)
2025-06-06 17:30:52,205 INFO  - Already have ACK (at simulation time 651.000,000,000 s)
2025-06-06 17:30:52,205 INFO  - Already have ACK (at simulation time 651.000,000,000 s)
2025-06-06 17:30:52,205 INFO  - Already have ACK (at simulation time 651.000,000,000 s)
2025-06-06 17:30:52,205 INFO  - Already have ACK (at simulation time 651.000,000,000 s)
2025-06-06 17:30:52,205 INFO  - Already have ACK (at simulation time 651.000,000,000 s)
2025-06-06 17:30:52,205 INFO  - Already have ACK (at simulation time 651.000,000,000 s)
2025-06-06 17:30:52,205 INFO  - Already have ACK (at simulation time 651.000,000,000 s)
2025-06-06 17:30:52,205 INFO  - Already have ACK (at simulation time 651.000,000,000 s)
2025-06-06 17:30:52,205 INFO  - Already have ACK (at simulation time 651.000,000,000 s)
2025-06-06 17:30:52,205 INFO  - Already have ACK (at simulation time 651.000,000,000 s)
2025-06-06 17:30:52,205 INFO  - Already have ACK (at simulation time 651.000,000,000 s)
2025-06-06 17:30:52,205 INFO  - Already have ACK (at simulation time 651.000,000,000 s)
2025-06-06 17:30:52,205 INFO  - Already have ACK (at simulation time 651.000,000,000 s)
2025-06-06 17:30:52,205 INFO  - Already have ACK (at simulation time 651.000,000,000 s)
2025-06-06 17:30:52,205 INFO  - Already have ACK (at simulation time 651.000,000,000 s)
2025-06-06 17:30:52,205 INFO  - Already have ACK (at simulation time 651.000,000,000 s)
2025-06-06 17:30:52,208 INFO  - Already have ACK (at simulation time 652.000,000,000 s)
2025-06-06 17:30:52,208 INFO  - Already have ACK (at simulation time 652.000,000,000 s)
2025-06-06 17:30:52,208 INFO  - Already have ACK (at simulation time 652.000,000,000 s)
2025-06-06 17:30:52,208 INFO  - Already have ACK (at simulation time 652.000,000,000 s)
2025-06-06 17:30:52,208 INFO  - Already have ACK (at simulation time 652.000,000,000 s)
2025-06-06 17:30:52,208 INFO  - Already have ACK (at simulation time 652.000,000,000 s)
2025-06-06 17:30:52,208 INFO  - Already have ACK (at simulation time 652.000,000,000 s)
2025-06-06 17:30:52,209 INFO  - Already have ACK (at simulation time 652.000,000,000 s)
2025-06-06 17:30:52,209 INFO  - Already have ACK (at simulation time 652.000,000,000 s)
2025-06-06 17:30:52,209 INFO  - Already have ACK (at simulation time 652.000,000,000 s)
2025-06-06 17:30:52,209 INFO  - Already have ACK (at simulation time 652.000,000,000 s)
2025-06-06 17:30:52,209 INFO  - Already have ACK (at simulation time 652.000,000,000 s)
2025-06-06 17:30:52,209 INFO  - Already have ACK (at simulation time 652.000,000,000 s)
2025-06-06 17:30:52,209 INFO  - Already have ACK (at simulation time 652.000,000,000 s)
2025-06-06 17:30:52,209 INFO  - Already have ACK (at simulation time 652.000,000,000 s)
2025-06-06 17:30:52,209 INFO  - Already have ACK (at simulation time 652.000,000,000 s)
2025-06-06 17:30:52,209 INFO  - Already have ACK (at simulation time 652.000,000,000 s)
2025-06-06 17:30:52,209 INFO  - Already have ACK (at simulation time 652.000,000,000 s)
2025-06-06 17:30:52,209 INFO  - Already have ACK (at simulation time 652.000,000,000 s)
2025-06-06 17:30:52,209 INFO  - Already have ACK (at simulation time 652.000,000,000 s)
2025-06-06 17:30:52,209 INFO  - Already have ACK (at simulation time 652.000,000,000 s)
2025-06-06 17:30:52,209 INFO  - Already have ACK (at simulation time 652.000,000,000 s)
2025-06-06 17:30:52,209 INFO  - Already have ACK (at simulation time 652.000,000,000 s)
2025-06-06 17:30:52,210 INFO  - Already have ACK (at simulation time 652.000,000,000 s)
2025-06-06 17:30:52,210 INFO  - Already have ACK (at simulation time 652.000,000,000 s)
2025-06-06 17:30:52,210 INFO  - Already have ACK (at simulation time 652.000,000,000 s)
2025-06-06 17:30:52,210 INFO  - Already have ACK (at simulation time 652.000,000,000 s)
2025-06-06 17:30:52,210 INFO  - Already have ACK (at simulation time 652.000,000,000 s)
2025-06-06 17:30:52,210 INFO  - Already have ACK (at simulation time 652.000,000,000 s)
2025-06-06 17:30:52,210 INFO  - Already have ACK (at simulation time 652.000,000,000 s)
2025-06-06 17:30:52,210 INFO  - Already have ACK (at simulation time 652.000,000,000 s)
2025-06-06 17:30:52,210 INFO  - Already have ACK (at simulation time 652.000,000,000 s)
2025-06-06 17:30:52,210 INFO  - Already have ACK (at simulation time 652.000,000,000 s)
2025-06-06 17:30:52,210 INFO  - Already have ACK (at simulation time 652.000,000,000 s)
2025-06-06 17:30:52,210 INFO  - Already have ACK (at simulation time 652.000,000,000 s)
2025-06-06 17:30:52,210 INFO  - Already have ACK (at simulation time 652.000,000,000 s)
2025-06-06 17:30:52,210 INFO  - Already have ACK (at simulation time 652.000,000,000 s)
2025-06-06 17:30:52,210 INFO  - Already have ACK (at simulation time 652.000,000,000 s)
2025-06-06 17:30:52,210 INFO  - Already have ACK (at simulation time 652.000,000,000 s)
2025-06-06 17:30:52,210 INFO  - Already have ACK (at simulation time 652.000,000,000 s)
2025-06-06 17:30:52,210 INFO  - Already have ACK (at simulation time 652.000,000,000 s)
2025-06-06 17:30:52,210 INFO  - Already have ACK (at simulation time 652.000,000,000 s)
2025-06-06 17:30:52,210 INFO  - Already have ACK (at simulation time 652.000,000,000 s)
2025-06-06 17:30:52,211 INFO  - Already have ACK (at simulation time 652.000,000,000 s)
2025-06-06 17:30:52,211 INFO  - Already have ACK (at simulation time 652.000,000,000 s)
2025-06-06 17:30:52,211 INFO  - Already have ACK (at simulation time 652.000,000,000 s)
2025-06-06 17:30:52,211 INFO  - Already have ACK (at simulation time 652.000,000,000 s)
2025-06-06 17:30:52,211 INFO  - Already have ACK (at simulation time 652.000,000,000 s)
2025-06-06 17:30:52,211 INFO  - Already have ACK (at simulation time 652.000,000,000 s)
2025-06-06 17:30:52,211 INFO  - Already have ACK (at simulation time 652.000,000,000 s)
2025-06-06 17:30:52,214 INFO  - Sent periodic GreenWaveMsg: veh_117 on route r_1 (at simulation time 653.000,000,000 s)
2025-06-06 17:30:52,214 INFO  - Already have ACK (at simulation time 653.000,000,000 s)
2025-06-06 17:30:52,214 INFO  - Already have ACK (at simulation time 653.000,000,000 s)
2025-06-06 17:30:52,214 INFO  - Already have ACK (at simulation time 653.000,000,000 s)
2025-06-06 17:30:52,214 INFO  - Already have ACK (at simulation time 653.000,000,000 s)
2025-06-06 17:30:52,214 INFO  - Already have ACK (at simulation time 653.000,000,000 s)
2025-06-06 17:30:52,214 INFO  - Already have ACK (at simulation time 653.000,000,000 s)
2025-06-06 17:30:52,214 INFO  - Already have ACK (at simulation time 653.000,000,000 s)
2025-06-06 17:30:52,214 INFO  - Already have ACK (at simulation time 653.000,000,000 s)
2025-06-06 17:30:52,214 INFO  - Already have ACK (at simulation time 653.000,000,000 s)
2025-06-06 17:30:52,214 INFO  - Already have ACK (at simulation time 653.000,000,000 s)
2025-06-06 17:30:52,214 INFO  - Already have ACK (at simulation time 653.000,000,000 s)
2025-06-06 17:30:52,214 INFO  - Already have ACK (at simulation time 653.000,000,000 s)
2025-06-06 17:30:52,215 INFO  - Already have ACK (at simulation time 653.000,000,000 s)
2025-06-06 17:30:52,215 INFO  - Already have ACK (at simulation time 653.000,000,000 s)
2025-06-06 17:30:52,215 INFO  - Already have ACK (at simulation time 653.000,000,000 s)
2025-06-06 17:30:52,215 INFO  - Already have ACK (at simulation time 653.000,000,000 s)
2025-06-06 17:30:52,215 INFO  - Already have ACK (at simulation time 653.000,000,000 s)
2025-06-06 17:30:52,215 INFO  - Already have ACK (at simulation time 653.000,000,000 s)
2025-06-06 17:30:52,215 INFO  - Already have ACK (at simulation time 653.000,000,000 s)
2025-06-06 17:30:52,215 INFO  - Already have ACK (at simulation time 653.000,000,000 s)
2025-06-06 17:30:52,215 INFO  - Already have ACK (at simulation time 653.000,000,000 s)
2025-06-06 17:30:52,215 INFO  - Already have ACK (at simulation time 653.000,000,000 s)
2025-06-06 17:30:52,215 INFO  - Already have ACK (at simulation time 653.000,000,000 s)
2025-06-06 17:30:52,215 INFO  - Already have ACK (at simulation time 653.000,000,000 s)
2025-06-06 17:30:52,215 INFO  - Already have ACK (at simulation time 653.000,000,000 s)
2025-06-06 17:30:52,215 INFO  - Already have ACK (at simulation time 653.000,000,000 s)
2025-06-06 17:30:52,215 INFO  - Already have ACK (at simulation time 653.000,000,000 s)
2025-06-06 17:30:52,215 INFO  - Already have ACK (at simulation time 653.000,000,000 s)
2025-06-06 17:30:52,215 INFO  - Already have ACK (at simulation time 653.000,000,000 s)
2025-06-06 17:30:52,215 INFO  - Already have ACK (at simulation time 653.000,000,000 s)
2025-06-06 17:30:52,216 INFO  - Already have ACK (at simulation time 653.000,000,000 s)
2025-06-06 17:30:52,216 INFO  - Already have ACK (at simulation time 653.000,000,000 s)
2025-06-06 17:30:52,216 INFO  - Already have ACK (at simulation time 653.000,000,000 s)
2025-06-06 17:30:52,216 INFO  - Already have ACK (at simulation time 653.000,000,000 s)
2025-06-06 17:30:52,216 INFO  - Already have ACK (at simulation time 653.000,000,000 s)
2025-06-06 17:30:52,216 INFO  - Already have ACK (at simulation time 653.000,000,000 s)
2025-06-06 17:30:52,216 INFO  - Already have ACK (at simulation time 653.000,000,000 s)
2025-06-06 17:30:52,216 INFO  - Already have ACK (at simulation time 653.000,000,000 s)
2025-06-06 17:30:52,216 INFO  - Already have ACK (at simulation time 653.000,000,000 s)
2025-06-06 17:30:52,216 INFO  - Already have ACK (at simulation time 653.000,000,000 s)
2025-06-06 17:30:52,216 INFO  - Already have ACK (at simulation time 653.000,000,000 s)
2025-06-06 17:30:52,216 INFO  - Already have ACK (at simulation time 653.000,000,000 s)
2025-06-06 17:30:52,216 INFO  - Already have ACK (at simulation time 653.000,000,000 s)
2025-06-06 17:30:52,216 INFO  - Already have ACK (at simulation time 653.000,000,000 s)
2025-06-06 17:30:52,216 INFO  - Already have ACK (at simulation time 653.000,000,000 s)
2025-06-06 17:30:52,216 INFO  - Already have ACK (at simulation time 653.000,000,000 s)
2025-06-06 17:30:52,216 INFO  - Already have ACK (at simulation time 653.000,000,000 s)
2025-06-06 17:30:52,216 INFO  - Already have ACK (at simulation time 653.000,000,000 s)
2025-06-06 17:30:52,216 INFO  - Already have ACK (at simulation time 653.000,000,000 s)
2025-06-06 17:30:52,216 INFO  - Already have ACK (at simulation time 653.000,000,000 s)
2025-06-06 17:30:52,216 INFO  - Already have ACK (at simulation time 653.000,000,000 s)
2025-06-06 17:30:52,223 INFO  - Already have ACK (at simulation time 654.000,000,000 s)
2025-06-06 17:30:52,224 INFO  - Already have ACK (at simulation time 654.000,000,000 s)
2025-06-06 17:30:52,224 INFO  - Already have ACK (at simulation time 654.000,000,000 s)
2025-06-06 17:30:52,224 INFO  - Already have ACK (at simulation time 654.000,000,000 s)
2025-06-06 17:30:52,224 INFO  - Already have ACK (at simulation time 654.000,000,000 s)
2025-06-06 17:30:52,224 INFO  - Already have ACK (at simulation time 654.000,000,000 s)
2025-06-06 17:30:52,224 INFO  - Already have ACK (at simulation time 654.000,000,000 s)
2025-06-06 17:30:52,224 INFO  - Already have ACK (at simulation time 654.000,000,000 s)
2025-06-06 17:30:52,224 INFO  - Already have ACK (at simulation time 654.000,000,000 s)
2025-06-06 17:30:52,224 INFO  - Already have ACK (at simulation time 654.000,000,000 s)
2025-06-06 17:30:52,224 INFO  - Already have ACK (at simulation time 654.000,000,000 s)
2025-06-06 17:30:52,224 INFO  - Already have ACK (at simulation time 654.000,000,000 s)
2025-06-06 17:30:52,224 INFO  - Already have ACK (at simulation time 654.000,000,000 s)
2025-06-06 17:30:52,224 INFO  - Already have ACK (at simulation time 654.000,000,000 s)
2025-06-06 17:30:52,224 INFO  - Already have ACK (at simulation time 654.000,000,000 s)
2025-06-06 17:30:52,225 INFO  - Already have ACK (at simulation time 654.000,000,000 s)
2025-06-06 17:30:52,225 INFO  - Already have ACK (at simulation time 654.000,000,000 s)
2025-06-06 17:30:52,225 INFO  - Already have ACK (at simulation time 654.000,000,000 s)
2025-06-06 17:30:52,225 INFO  - Already have ACK (at simulation time 654.000,000,000 s)
2025-06-06 17:30:52,225 INFO  - Already have ACK (at simulation time 654.000,000,000 s)
2025-06-06 17:30:52,225 INFO  - Already have ACK (at simulation time 654.000,000,000 s)
2025-06-06 17:30:52,225 INFO  - Already have ACK (at simulation time 654.000,000,000 s)
2025-06-06 17:30:52,225 INFO  - Already have ACK (at simulation time 654.000,000,000 s)
2025-06-06 17:30:52,225 INFO  - Already have ACK (at simulation time 654.000,000,000 s)
2025-06-06 17:30:52,225 INFO  - Already have ACK (at simulation time 654.000,000,000 s)
2025-06-06 17:30:52,225 INFO  - Already have ACK (at simulation time 654.000,000,000 s)
2025-06-06 17:30:52,225 INFO  - Already have ACK (at simulation time 654.000,000,000 s)
2025-06-06 17:30:52,225 INFO  - Already have ACK (at simulation time 654.000,000,000 s)
2025-06-06 17:30:52,225 INFO  - Already have ACK (at simulation time 654.000,000,000 s)
2025-06-06 17:30:52,225 INFO  - Already have ACK (at simulation time 654.000,000,000 s)
2025-06-06 17:30:52,225 INFO  - Already have ACK (at simulation time 654.000,000,000 s)
2025-06-06 17:30:52,225 INFO  - Already have ACK (at simulation time 654.000,000,000 s)
2025-06-06 17:30:52,225 INFO  - Already have ACK (at simulation time 654.000,000,000 s)
2025-06-06 17:30:52,226 INFO  - Already have ACK (at simulation time 654.000,000,000 s)
2025-06-06 17:30:52,226 INFO  - Already have ACK (at simulation time 654.000,000,000 s)
2025-06-06 17:30:52,226 INFO  - Already have ACK (at simulation time 654.000,000,000 s)
2025-06-06 17:30:52,226 INFO  - Already have ACK (at simulation time 654.000,000,000 s)
2025-06-06 17:30:52,226 INFO  - Already have ACK (at simulation time 654.000,000,000 s)
2025-06-06 17:30:52,226 INFO  - Already have ACK (at simulation time 654.000,000,000 s)
2025-06-06 17:30:52,226 INFO  - Already have ACK (at simulation time 654.000,000,000 s)
2025-06-06 17:30:52,226 INFO  - Already have ACK (at simulation time 654.000,000,000 s)
2025-06-06 17:30:52,226 INFO  - Already have ACK (at simulation time 654.000,000,000 s)
2025-06-06 17:30:52,226 INFO  - Already have ACK (at simulation time 654.000,000,000 s)
2025-06-06 17:30:52,226 INFO  - Already have ACK (at simulation time 654.000,000,000 s)
2025-06-06 17:30:52,226 INFO  - Already have ACK (at simulation time 654.000,000,000 s)
2025-06-06 17:30:52,226 INFO  - Already have ACK (at simulation time 654.000,000,000 s)
2025-06-06 17:30:52,226 INFO  - Already have ACK (at simulation time 654.000,000,000 s)
2025-06-06 17:30:52,226 INFO  - Already have ACK (at simulation time 654.000,000,000 s)
2025-06-06 17:30:52,226 INFO  - Already have ACK (at simulation time 654.000,000,000 s)
2025-06-06 17:30:52,226 INFO  - Already have ACK (at simulation time 654.000,000,000 s)
2025-06-06 17:30:52,226 INFO  - Already have ACK (at simulation time 654.000,000,000 s)
2025-06-06 17:30:52,226 INFO  - Already have ACK (at simulation time 654.000,000,000 s)
2025-06-06 17:30:52,229 INFO  - Already have ACK (at simulation time 655.000,000,000 s)
2025-06-06 17:30:52,230 INFO  - Already have ACK (at simulation time 655.000,000,000 s)
2025-06-06 17:30:52,230 INFO  - Already have ACK (at simulation time 655.000,000,000 s)
2025-06-06 17:30:52,230 INFO  - Already have ACK (at simulation time 655.000,000,000 s)
2025-06-06 17:30:52,230 INFO  - Already have ACK (at simulation time 655.000,000,000 s)
2025-06-06 17:30:52,230 INFO  - Already have ACK (at simulation time 655.000,000,000 s)
2025-06-06 17:30:52,230 INFO  - Already have ACK (at simulation time 655.000,000,000 s)
2025-06-06 17:30:52,230 INFO  - Already have ACK (at simulation time 655.000,000,000 s)
2025-06-06 17:30:52,230 INFO  - Already have ACK (at simulation time 655.000,000,000 s)
2025-06-06 17:30:52,230 INFO  - Already have ACK (at simulation time 655.000,000,000 s)
2025-06-06 17:30:52,230 INFO  - Already have ACK (at simulation time 655.000,000,000 s)
2025-06-06 17:30:52,230 INFO  - Already have ACK (at simulation time 655.000,000,000 s)
2025-06-06 17:30:52,230 INFO  - Already have ACK (at simulation time 655.000,000,000 s)
2025-06-06 17:30:52,230 INFO  - Already have ACK (at simulation time 655.000,000,000 s)
2025-06-06 17:30:52,231 INFO  - Already have ACK (at simulation time 655.000,000,000 s)
2025-06-06 17:30:52,231 INFO  - Already have ACK (at simulation time 655.000,000,000 s)
2025-06-06 17:30:52,231 INFO  - Already have ACK (at simulation time 655.000,000,000 s)
2025-06-06 17:30:52,231 INFO  - Already have ACK (at simulation time 655.000,000,000 s)
2025-06-06 17:30:52,231 INFO  - Already have ACK (at simulation time 655.000,000,000 s)
2025-06-06 17:30:52,231 INFO  - Already have ACK (at simulation time 655.000,000,000 s)
2025-06-06 17:30:52,231 INFO  - Already have ACK (at simulation time 655.000,000,000 s)
2025-06-06 17:30:52,231 INFO  - Already have ACK (at simulation time 655.000,000,000 s)
2025-06-06 17:30:52,231 INFO  - Already have ACK (at simulation time 655.000,000,000 s)
2025-06-06 17:30:52,231 INFO  - Already have ACK (at simulation time 655.000,000,000 s)
2025-06-06 17:30:52,231 INFO  - Already have ACK (at simulation time 655.000,000,000 s)
2025-06-06 17:30:52,231 INFO  - Already have ACK (at simulation time 655.000,000,000 s)
2025-06-06 17:30:52,231 INFO  - Already have ACK (at simulation time 655.000,000,000 s)
2025-06-06 17:30:52,231 INFO  - Already have ACK (at simulation time 655.000,000,000 s)
2025-06-06 17:30:52,231 INFO  - Already have ACK (at simulation time 655.000,000,000 s)
2025-06-06 17:30:52,231 INFO  - Already have ACK (at simulation time 655.000,000,000 s)
2025-06-06 17:30:52,231 INFO  - Already have ACK (at simulation time 655.000,000,000 s)
2025-06-06 17:30:52,232 INFO  - Already have ACK (at simulation time 655.000,000,000 s)
2025-06-06 17:30:52,232 INFO  - Already have ACK (at simulation time 655.000,000,000 s)
2025-06-06 17:30:52,232 INFO  - Already have ACK (at simulation time 655.000,000,000 s)
2025-06-06 17:30:52,232 INFO  - Already have ACK (at simulation time 655.000,000,000 s)
2025-06-06 17:30:52,232 INFO  - Already have ACK (at simulation time 655.000,000,000 s)
2025-06-06 17:30:52,232 INFO  - Already have ACK (at simulation time 655.000,000,000 s)
2025-06-06 17:30:52,232 INFO  - Already have ACK (at simulation time 655.000,000,000 s)
2025-06-06 17:30:52,232 INFO  - Already have ACK (at simulation time 655.000,000,000 s)
2025-06-06 17:30:52,232 INFO  - Already have ACK (at simulation time 655.000,000,000 s)
2025-06-06 17:30:52,232 INFO  - Already have ACK (at simulation time 655.000,000,000 s)
2025-06-06 17:30:52,232 INFO  - Already have ACK (at simulation time 655.000,000,000 s)
2025-06-06 17:30:52,232 INFO  - Already have ACK (at simulation time 655.000,000,000 s)
2025-06-06 17:30:52,232 INFO  - Already have ACK (at simulation time 655.000,000,000 s)
2025-06-06 17:30:52,232 INFO  - Already have ACK (at simulation time 655.000,000,000 s)
2025-06-06 17:30:52,232 INFO  - Already have ACK (at simulation time 655.000,000,000 s)
2025-06-06 17:30:52,232 INFO  - Already have ACK (at simulation time 655.000,000,000 s)
2025-06-06 17:30:52,232 INFO  - Already have ACK (at simulation time 655.000,000,000 s)
2025-06-06 17:30:52,232 INFO  - Already have ACK (at simulation time 655.000,000,000 s)
2025-06-06 17:30:52,232 INFO  - Already have ACK (at simulation time 655.000,000,000 s)
2025-06-06 17:30:52,233 INFO  - Already have ACK (at simulation time 655.000,000,000 s)
2025-06-06 17:30:52,233 INFO  - Already have ACK (at simulation time 655.000,000,000 s)
2025-06-06 17:30:52,233 INFO  - Already have ACK (at simulation time 655.000,000,000 s)
2025-06-06 17:30:52,235 INFO  - Already have ACK (at simulation time 656.000,000,000 s)
2025-06-06 17:30:52,235 INFO  - Already have ACK (at simulation time 656.000,000,000 s)
2025-06-06 17:30:52,235 INFO  - Already have ACK (at simulation time 656.000,000,000 s)
2025-06-06 17:30:52,235 INFO  - Already have ACK (at simulation time 656.000,000,000 s)
2025-06-06 17:30:52,235 INFO  - Already have ACK (at simulation time 656.000,000,000 s)
2025-06-06 17:30:52,236 INFO  - Already have ACK (at simulation time 656.000,000,000 s)
2025-06-06 17:30:52,236 INFO  - Already have ACK (at simulation time 656.000,000,000 s)
2025-06-06 17:30:52,236 INFO  - Already have ACK (at simulation time 656.000,000,000 s)
2025-06-06 17:30:52,236 INFO  - Already have ACK (at simulation time 656.000,000,000 s)
2025-06-06 17:30:52,236 INFO  - Already have ACK (at simulation time 656.000,000,000 s)
2025-06-06 17:30:52,236 INFO  - Already have ACK (at simulation time 656.000,000,000 s)
2025-06-06 17:30:52,236 INFO  - Already have ACK (at simulation time 656.000,000,000 s)
2025-06-06 17:30:52,236 INFO  - Already have ACK (at simulation time 656.000,000,000 s)
2025-06-06 17:30:52,236 INFO  - Already have ACK (at simulation time 656.000,000,000 s)
2025-06-06 17:30:52,236 INFO  - Already have ACK (at simulation time 656.000,000,000 s)
2025-06-06 17:30:52,236 INFO  - Already have ACK (at simulation time 656.000,000,000 s)
2025-06-06 17:30:52,236 INFO  - Already have ACK (at simulation time 656.000,000,000 s)
2025-06-06 17:30:52,236 INFO  - Already have ACK (at simulation time 656.000,000,000 s)
2025-06-06 17:30:52,236 INFO  - Already have ACK (at simulation time 656.000,000,000 s)
2025-06-06 17:30:52,236 INFO  - Already have ACK (at simulation time 656.000,000,000 s)
2025-06-06 17:30:52,237 INFO  - Already have ACK (at simulation time 656.000,000,000 s)
2025-06-06 17:30:52,237 INFO  - Already have ACK (at simulation time 656.000,000,000 s)
2025-06-06 17:30:52,237 INFO  - Already have ACK (at simulation time 656.000,000,000 s)
2025-06-06 17:30:52,237 INFO  - Already have ACK (at simulation time 656.000,000,000 s)
2025-06-06 17:30:52,237 INFO  - Already have ACK (at simulation time 656.000,000,000 s)
2025-06-06 17:30:52,237 INFO  - Already have ACK (at simulation time 656.000,000,000 s)
2025-06-06 17:30:52,237 INFO  - Already have ACK (at simulation time 656.000,000,000 s)
2025-06-06 17:30:52,237 INFO  - Already have ACK (at simulation time 656.000,000,000 s)
2025-06-06 17:30:52,237 INFO  - Already have ACK (at simulation time 656.000,000,000 s)
2025-06-06 17:30:52,237 INFO  - Already have ACK (at simulation time 656.000,000,000 s)
2025-06-06 17:30:52,237 INFO  - Already have ACK (at simulation time 656.000,000,000 s)
2025-06-06 17:30:52,237 INFO  - Already have ACK (at simulation time 656.000,000,000 s)
2025-06-06 17:30:52,237 INFO  - Already have ACK (at simulation time 656.000,000,000 s)
2025-06-06 17:30:52,237 INFO  - Already have ACK (at simulation time 656.000,000,000 s)
2025-06-06 17:30:52,237 INFO  - Already have ACK (at simulation time 656.000,000,000 s)
2025-06-06 17:30:52,237 INFO  - Already have ACK (at simulation time 656.000,000,000 s)
2025-06-06 17:30:52,237 INFO  - Already have ACK (at simulation time 656.000,000,000 s)
2025-06-06 17:30:52,238 INFO  - Already have ACK (at simulation time 656.000,000,000 s)
2025-06-06 17:30:52,238 INFO  - Already have ACK (at simulation time 656.000,000,000 s)
2025-06-06 17:30:52,238 INFO  - Already have ACK (at simulation time 656.000,000,000 s)
2025-06-06 17:30:52,238 INFO  - Already have ACK (at simulation time 656.000,000,000 s)
2025-06-06 17:30:52,238 INFO  - Already have ACK (at simulation time 656.000,000,000 s)
2025-06-06 17:30:52,238 INFO  - Already have ACK (at simulation time 656.000,000,000 s)
2025-06-06 17:30:52,238 INFO  - Already have ACK (at simulation time 656.000,000,000 s)
2025-06-06 17:30:52,238 INFO  - Already have ACK (at simulation time 656.000,000,000 s)
2025-06-06 17:30:52,238 INFO  - Already have ACK (at simulation time 656.000,000,000 s)
2025-06-06 17:30:52,238 INFO  - Already have ACK (at simulation time 656.000,000,000 s)
2025-06-06 17:30:52,238 INFO  - Already have ACK (at simulation time 656.000,000,000 s)
2025-06-06 17:30:52,238 INFO  - Already have ACK (at simulation time 656.000,000,000 s)
2025-06-06 17:30:52,238 INFO  - Already have ACK (at simulation time 656.000,000,000 s)
2025-06-06 17:30:52,238 INFO  - Already have ACK (at simulation time 656.000,000,000 s)
2025-06-06 17:30:52,238 INFO  - Already have ACK (at simulation time 656.000,000,000 s)
2025-06-06 17:30:52,238 INFO  - Already have ACK (at simulation time 656.000,000,000 s)
2025-06-06 17:30:52,238 INFO  - Already have ACK (at simulation time 656.000,000,000 s)
2025-06-06 17:30:52,241 INFO  - Already have ACK (at simulation time 657.000,000,000 s)
2025-06-06 17:30:52,241 INFO  - Already have ACK (at simulation time 657.000,000,000 s)
2025-06-06 17:30:52,241 INFO  - Already have ACK (at simulation time 657.000,000,000 s)
2025-06-06 17:30:52,241 INFO  - Already have ACK (at simulation time 657.000,000,000 s)
2025-06-06 17:30:52,241 INFO  - Already have ACK (at simulation time 657.000,000,000 s)
2025-06-06 17:30:52,241 INFO  - Already have ACK (at simulation time 657.000,000,000 s)
2025-06-06 17:30:52,241 INFO  - Already have ACK (at simulation time 657.000,000,000 s)
2025-06-06 17:30:52,241 INFO  - Already have ACK (at simulation time 657.000,000,000 s)
2025-06-06 17:30:52,241 INFO  - Already have ACK (at simulation time 657.000,000,000 s)
2025-06-06 17:30:52,242 INFO  - Already have ACK (at simulation time 657.000,000,000 s)
2025-06-06 17:30:52,242 INFO  - Already have ACK (at simulation time 657.000,000,000 s)
2025-06-06 17:30:52,242 INFO  - Already have ACK (at simulation time 657.000,000,000 s)
2025-06-06 17:30:52,242 INFO  - Already have ACK (at simulation time 657.000,000,000 s)
2025-06-06 17:30:52,242 INFO  - Already have ACK (at simulation time 657.000,000,000 s)
2025-06-06 17:30:52,242 INFO  - Already have ACK (at simulation time 657.000,000,000 s)
2025-06-06 17:30:52,242 INFO  - Already have ACK (at simulation time 657.000,000,000 s)
2025-06-06 17:30:52,242 INFO  - Already have ACK (at simulation time 657.000,000,000 s)
2025-06-06 17:30:52,242 INFO  - Already have ACK (at simulation time 657.000,000,000 s)
2025-06-06 17:30:52,242 INFO  - Already have ACK (at simulation time 657.000,000,000 s)
2025-06-06 17:30:52,242 INFO  - Already have ACK (at simulation time 657.000,000,000 s)
2025-06-06 17:30:52,242 INFO  - Already have ACK (at simulation time 657.000,000,000 s)
2025-06-06 17:30:52,242 INFO  - Already have ACK (at simulation time 657.000,000,000 s)
2025-06-06 17:30:52,242 INFO  - Already have ACK (at simulation time 657.000,000,000 s)
2025-06-06 17:30:52,242 INFO  - Already have ACK (at simulation time 657.000,000,000 s)
2025-06-06 17:30:52,242 INFO  - Already have ACK (at simulation time 657.000,000,000 s)
2025-06-06 17:30:52,243 INFO  - Already have ACK (at simulation time 657.000,000,000 s)
2025-06-06 17:30:52,243 INFO  - Already have ACK (at simulation time 657.000,000,000 s)
2025-06-06 17:30:52,243 INFO  - Already have ACK (at simulation time 657.000,000,000 s)
2025-06-06 17:30:52,243 INFO  - Already have ACK (at simulation time 657.000,000,000 s)
2025-06-06 17:30:52,243 INFO  - Already have ACK (at simulation time 657.000,000,000 s)
2025-06-06 17:30:52,243 INFO  - Already have ACK (at simulation time 657.000,000,000 s)
2025-06-06 17:30:52,243 INFO  - Already have ACK (at simulation time 657.000,000,000 s)
2025-06-06 17:30:52,243 INFO  - Already have ACK (at simulation time 657.000,000,000 s)
2025-06-06 17:30:52,243 INFO  - Already have ACK (at simulation time 657.000,000,000 s)
2025-06-06 17:30:52,243 INFO  - Already have ACK (at simulation time 657.000,000,000 s)
2025-06-06 17:30:52,243 INFO  - Already have ACK (at simulation time 657.000,000,000 s)
2025-06-06 17:30:52,243 INFO  - Already have ACK (at simulation time 657.000,000,000 s)
2025-06-06 17:30:52,243 INFO  - Already have ACK (at simulation time 657.000,000,000 s)
2025-06-06 17:30:52,243 INFO  - Already have ACK (at simulation time 657.000,000,000 s)
2025-06-06 17:30:52,243 INFO  - Already have ACK (at simulation time 657.000,000,000 s)
2025-06-06 17:30:52,243 INFO  - Already have ACK (at simulation time 657.000,000,000 s)
2025-06-06 17:30:52,243 INFO  - Already have ACK (at simulation time 657.000,000,000 s)
2025-06-06 17:30:52,243 INFO  - Already have ACK (at simulation time 657.000,000,000 s)
2025-06-06 17:30:52,243 INFO  - Already have ACK (at simulation time 657.000,000,000 s)
2025-06-06 17:30:52,243 INFO  - Already have ACK (at simulation time 657.000,000,000 s)
2025-06-06 17:30:52,244 INFO  - Already have ACK (at simulation time 657.000,000,000 s)
2025-06-06 17:30:52,244 INFO  - Already have ACK (at simulation time 657.000,000,000 s)
2025-06-06 17:30:52,244 INFO  - Already have ACK (at simulation time 657.000,000,000 s)
2025-06-06 17:30:52,244 INFO  - Already have ACK (at simulation time 657.000,000,000 s)
2025-06-06 17:30:52,244 INFO  - Already have ACK (at simulation time 657.000,000,000 s)
2025-06-06 17:30:52,244 INFO  - Already have ACK (at simulation time 657.000,000,000 s)
2025-06-06 17:30:52,244 INFO  - Already have ACK (at simulation time 657.000,000,000 s)
2025-06-06 17:30:52,244 INFO  - Already have ACK (at simulation time 657.000,000,000 s)
2025-06-06 17:30:52,244 INFO  - Already have ACK (at simulation time 657.000,000,000 s)
2025-06-06 17:30:52,244 INFO  - Already have ACK (at simulation time 657.000,000,000 s)
2025-06-06 17:30:52,246 INFO  - Sent periodic GreenWaveMsg: veh_117 on route r_1 (at simulation time 658.000,000,000 s)
2025-06-06 17:30:52,246 INFO  - Already have ACK (at simulation time 658.000,000,000 s)
2025-06-06 17:30:52,246 INFO  - Already have ACK (at simulation time 658.000,000,000 s)
2025-06-06 17:30:52,246 INFO  - Already have ACK (at simulation time 658.000,000,000 s)
2025-06-06 17:30:52,246 INFO  - Already have ACK (at simulation time 658.000,000,000 s)
2025-06-06 17:30:52,246 INFO  - Already have ACK (at simulation time 658.000,000,000 s)
2025-06-06 17:30:52,247 INFO  - Already have ACK (at simulation time 658.000,000,000 s)
2025-06-06 17:30:52,247 INFO  - Already have ACK (at simulation time 658.000,000,000 s)
2025-06-06 17:30:52,247 INFO  - Already have ACK (at simulation time 658.000,000,000 s)
2025-06-06 17:30:52,247 INFO  - Already have ACK (at simulation time 658.000,000,000 s)
2025-06-06 17:30:52,247 INFO  - Already have ACK (at simulation time 658.000,000,000 s)
2025-06-06 17:30:52,247 INFO  - Already have ACK (at simulation time 658.000,000,000 s)
2025-06-06 17:30:52,247 INFO  - Already have ACK (at simulation time 658.000,000,000 s)
2025-06-06 17:30:52,247 INFO  - Already have ACK (at simulation time 658.000,000,000 s)
2025-06-06 17:30:52,247 INFO  - Already have ACK (at simulation time 658.000,000,000 s)
2025-06-06 17:30:52,247 INFO  - Already have ACK (at simulation time 658.000,000,000 s)
2025-06-06 17:30:52,247 INFO  - Already have ACK (at simulation time 658.000,000,000 s)
2025-06-06 17:30:52,247 INFO  - Already have ACK (at simulation time 658.000,000,000 s)
2025-06-06 17:30:52,247 INFO  - Already have ACK (at simulation time 658.000,000,000 s)
2025-06-06 17:30:52,247 INFO  - Already have ACK (at simulation time 658.000,000,000 s)
2025-06-06 17:30:52,247 INFO  - Already have ACK (at simulation time 658.000,000,000 s)
2025-06-06 17:30:52,247 INFO  - Already have ACK (at simulation time 658.000,000,000 s)
2025-06-06 17:30:52,248 INFO  - Already have ACK (at simulation time 658.000,000,000 s)
2025-06-06 17:30:52,248 INFO  - Already have ACK (at simulation time 658.000,000,000 s)
2025-06-06 17:30:52,248 INFO  - Already have ACK (at simulation time 658.000,000,000 s)
2025-06-06 17:30:52,248 INFO  - Already have ACK (at simulation time 658.000,000,000 s)
2025-06-06 17:30:52,248 INFO  - Already have ACK (at simulation time 658.000,000,000 s)
2025-06-06 17:30:52,248 INFO  - Already have ACK (at simulation time 658.000,000,000 s)
2025-06-06 17:30:52,248 INFO  - Already have ACK (at simulation time 658.000,000,000 s)
2025-06-06 17:30:52,248 INFO  - Already have ACK (at simulation time 658.000,000,000 s)
2025-06-06 17:30:52,248 INFO  - Already have ACK (at simulation time 658.000,000,000 s)
2025-06-06 17:30:52,248 INFO  - Already have ACK (at simulation time 658.000,000,000 s)
2025-06-06 17:30:52,248 INFO  - Already have ACK (at simulation time 658.000,000,000 s)
2025-06-06 17:30:52,248 INFO  - Already have ACK (at simulation time 658.000,000,000 s)
2025-06-06 17:30:52,248 INFO  - Already have ACK (at simulation time 658.000,000,000 s)
2025-06-06 17:30:52,248 INFO  - Already have ACK (at simulation time 658.000,000,000 s)
2025-06-06 17:30:52,248 INFO  - Already have ACK (at simulation time 658.000,000,000 s)
2025-06-06 17:30:52,248 INFO  - Already have ACK (at simulation time 658.000,000,000 s)
2025-06-06 17:30:52,248 INFO  - Already have ACK (at simulation time 658.000,000,000 s)
2025-06-06 17:30:52,248 INFO  - Already have ACK (at simulation time 658.000,000,000 s)
2025-06-06 17:30:52,248 INFO  - Already have ACK (at simulation time 658.000,000,000 s)
2025-06-06 17:30:52,248 INFO  - Already have ACK (at simulation time 658.000,000,000 s)
2025-06-06 17:30:52,249 INFO  - Already have ACK (at simulation time 658.000,000,000 s)
2025-06-06 17:30:52,249 INFO  - Already have ACK (at simulation time 658.000,000,000 s)
2025-06-06 17:30:52,249 INFO  - Already have ACK (at simulation time 658.000,000,000 s)
2025-06-06 17:30:52,249 INFO  - Already have ACK (at simulation time 658.000,000,000 s)
2025-06-06 17:30:52,249 INFO  - Already have ACK (at simulation time 658.000,000,000 s)
2025-06-06 17:30:52,249 INFO  - Already have ACK (at simulation time 658.000,000,000 s)
2025-06-06 17:30:52,249 INFO  - Already have ACK (at simulation time 658.000,000,000 s)
2025-06-06 17:30:52,249 INFO  - Already have ACK (at simulation time 658.000,000,000 s)
2025-06-06 17:30:52,249 INFO  - Already have ACK (at simulation time 658.000,000,000 s)
2025-06-06 17:30:52,249 INFO  - Already have ACK (at simulation time 658.000,000,000 s)
2025-06-06 17:30:52,249 INFO  - Already have ACK (at simulation time 658.000,000,000 s)
2025-06-06 17:30:52,249 INFO  - Already have ACK (at simulation time 658.000,000,000 s)
2025-06-06 17:30:52,249 INFO  - Already have ACK (at simulation time 658.000,000,000 s)
2025-06-06 17:30:52,249 INFO  - Already have ACK (at simulation time 658.000,000,000 s)
2025-06-06 17:30:52,249 INFO  - Already have ACK (at simulation time 658.000,000,000 s)
2025-06-06 17:30:52,251 INFO  - Already have ACK (at simulation time 659.000,000,000 s)
2025-06-06 17:30:52,252 INFO  - Already have ACK (at simulation time 659.000,000,000 s)
2025-06-06 17:30:52,252 INFO  - Already have ACK (at simulation time 659.000,000,000 s)
2025-06-06 17:30:52,252 INFO  - Already have ACK (at simulation time 659.000,000,000 s)
2025-06-06 17:30:52,252 INFO  - Already have ACK (at simulation time 659.000,000,000 s)
2025-06-06 17:30:52,252 INFO  - Already have ACK (at simulation time 659.000,000,000 s)
2025-06-06 17:30:52,252 INFO  - Already have ACK (at simulation time 659.000,000,000 s)
2025-06-06 17:30:52,252 INFO  - Already have ACK (at simulation time 659.000,000,000 s)
2025-06-06 17:30:52,252 INFO  - Already have ACK (at simulation time 659.000,000,000 s)
2025-06-06 17:30:52,252 INFO  - Already have ACK (at simulation time 659.000,000,000 s)
2025-06-06 17:30:52,252 INFO  - Already have ACK (at simulation time 659.000,000,000 s)
2025-06-06 17:30:52,253 INFO  - Already have ACK (at simulation time 659.000,000,000 s)
2025-06-06 17:30:52,253 INFO  - Already have ACK (at simulation time 659.000,000,000 s)
2025-06-06 17:30:52,253 INFO  - Already have ACK (at simulation time 659.000,000,000 s)
2025-06-06 17:30:52,253 INFO  - Already have ACK (at simulation time 659.000,000,000 s)
2025-06-06 17:30:52,253 INFO  - Already have ACK (at simulation time 659.000,000,000 s)
2025-06-06 17:30:52,253 INFO  - Already have ACK (at simulation time 659.000,000,000 s)
2025-06-06 17:30:52,253 INFO  - Already have ACK (at simulation time 659.000,000,000 s)
2025-06-06 17:30:52,253 INFO  - Already have ACK (at simulation time 659.000,000,000 s)
2025-06-06 17:30:52,253 INFO  - Already have ACK (at simulation time 659.000,000,000 s)
2025-06-06 17:30:52,253 INFO  - Already have ACK (at simulation time 659.000,000,000 s)
2025-06-06 17:30:52,253 INFO  - Already have ACK (at simulation time 659.000,000,000 s)
2025-06-06 17:30:52,253 INFO  - Already have ACK (at simulation time 659.000,000,000 s)
2025-06-06 17:30:52,253 INFO  - Already have ACK (at simulation time 659.000,000,000 s)
2025-06-06 17:30:52,253 INFO  - Already have ACK (at simulation time 659.000,000,000 s)
2025-06-06 17:30:52,253 INFO  - Already have ACK (at simulation time 659.000,000,000 s)
2025-06-06 17:30:52,254 INFO  - Already have ACK (at simulation time 659.000,000,000 s)
2025-06-06 17:30:52,254 INFO  - Already have ACK (at simulation time 659.000,000,000 s)
2025-06-06 17:30:52,254 INFO  - Already have ACK (at simulation time 659.000,000,000 s)
2025-06-06 17:30:52,254 INFO  - Already have ACK (at simulation time 659.000,000,000 s)
2025-06-06 17:30:52,254 INFO  - Already have ACK (at simulation time 659.000,000,000 s)
2025-06-06 17:30:52,254 INFO  - Already have ACK (at simulation time 659.000,000,000 s)
2025-06-06 17:30:52,254 INFO  - Already have ACK (at simulation time 659.000,000,000 s)
2025-06-06 17:30:52,254 INFO  - Already have ACK (at simulation time 659.000,000,000 s)
2025-06-06 17:30:52,254 INFO  - Already have ACK (at simulation time 659.000,000,000 s)
2025-06-06 17:30:52,254 INFO  - Already have ACK (at simulation time 659.000,000,000 s)
2025-06-06 17:30:52,254 INFO  - Already have ACK (at simulation time 659.000,000,000 s)
2025-06-06 17:30:52,254 INFO  - Already have ACK (at simulation time 659.000,000,000 s)
2025-06-06 17:30:52,254 INFO  - Already have ACK (at simulation time 659.000,000,000 s)
2025-06-06 17:30:52,254 INFO  - Already have ACK (at simulation time 659.000,000,000 s)
2025-06-06 17:30:52,254 INFO  - Already have ACK (at simulation time 659.000,000,000 s)
2025-06-06 17:30:52,254 INFO  - Already have ACK (at simulation time 659.000,000,000 s)
2025-06-06 17:30:52,255 INFO  - Already have ACK (at simulation time 659.000,000,000 s)
2025-06-06 17:30:52,255 INFO  - Already have ACK (at simulation time 659.000,000,000 s)
2025-06-06 17:30:52,255 INFO  - Already have ACK (at simulation time 659.000,000,000 s)
2025-06-06 17:30:52,255 INFO  - Already have ACK (at simulation time 659.000,000,000 s)
2025-06-06 17:30:52,255 INFO  - Already have ACK (at simulation time 659.000,000,000 s)
2025-06-06 17:30:52,255 INFO  - Already have ACK (at simulation time 659.000,000,000 s)
2025-06-06 17:30:52,255 INFO  - Already have ACK (at simulation time 659.000,000,000 s)
2025-06-06 17:30:52,255 INFO  - Already have ACK (at simulation time 659.000,000,000 s)
2025-06-06 17:30:52,255 INFO  - Already have ACK (at simulation time 659.000,000,000 s)
2025-06-06 17:30:52,255 INFO  - Already have ACK (at simulation time 659.000,000,000 s)
2025-06-06 17:30:52,255 INFO  - Already have ACK (at simulation time 659.000,000,000 s)
2025-06-06 17:30:52,255 INFO  - Already have ACK (at simulation time 659.000,000,000 s)
2025-06-06 17:30:52,255 INFO  - Already have ACK (at simulation time 659.000,000,000 s)
2025-06-06 17:30:52,255 INFO  - Already have ACK (at simulation time 659.000,000,000 s)
2025-06-06 17:30:52,255 INFO  - Already have ACK (at simulation time 659.000,000,000 s)
2025-06-06 17:30:52,258 INFO  - Already have ACK (at simulation time 660.000,000,000 s)
2025-06-06 17:30:52,259 INFO  - Already have ACK (at simulation time 660.000,000,000 s)
2025-06-06 17:30:52,259 INFO  - Already have ACK (at simulation time 660.000,000,000 s)
2025-06-06 17:30:52,259 INFO  - Already have ACK (at simulation time 660.000,000,000 s)
2025-06-06 17:30:52,259 INFO  - Already have ACK (at simulation time 660.000,000,000 s)
2025-06-06 17:30:52,259 INFO  - Already have ACK (at simulation time 660.000,000,000 s)
2025-06-06 17:30:52,259 INFO  - Already have ACK (at simulation time 660.000,000,000 s)
2025-06-06 17:30:52,259 INFO  - Already have ACK (at simulation time 660.000,000,000 s)
2025-06-06 17:30:52,259 INFO  - Already have ACK (at simulation time 660.000,000,000 s)
2025-06-06 17:30:52,259 INFO  - Already have ACK (at simulation time 660.000,000,000 s)
2025-06-06 17:30:52,259 INFO  - Already have ACK (at simulation time 660.000,000,000 s)
2025-06-06 17:30:52,259 INFO  - Already have ACK (at simulation time 660.000,000,000 s)
2025-06-06 17:30:52,259 INFO  - Already have ACK (at simulation time 660.000,000,000 s)
2025-06-06 17:30:52,259 INFO  - Already have ACK (at simulation time 660.000,000,000 s)
2025-06-06 17:30:52,259 INFO  - Already have ACK (at simulation time 660.000,000,000 s)
2025-06-06 17:30:52,260 INFO  - Already have ACK (at simulation time 660.000,000,000 s)
2025-06-06 17:30:52,260 INFO  - Already have ACK (at simulation time 660.000,000,000 s)
2025-06-06 17:30:52,260 INFO  - Already have ACK (at simulation time 660.000,000,000 s)
2025-06-06 17:30:52,260 INFO  - Already have ACK (at simulation time 660.000,000,000 s)
2025-06-06 17:30:52,260 INFO  - Already have ACK (at simulation time 660.000,000,000 s)
2025-06-06 17:30:52,260 INFO  - Already have ACK (at simulation time 660.000,000,000 s)
2025-06-06 17:30:52,260 INFO  - Already have ACK (at simulation time 660.000,000,000 s)
2025-06-06 17:30:52,260 INFO  - Already have ACK (at simulation time 660.000,000,000 s)
2025-06-06 17:30:52,260 INFO  - Already have ACK (at simulation time 660.000,000,000 s)
2025-06-06 17:30:52,260 INFO  - Already have ACK (at simulation time 660.000,000,000 s)
2025-06-06 17:30:52,260 INFO  - Already have ACK (at simulation time 660.000,000,000 s)
2025-06-06 17:30:52,260 INFO  - Already have ACK (at simulation time 660.000,000,000 s)
2025-06-06 17:30:52,260 INFO  - Already have ACK (at simulation time 660.000,000,000 s)
2025-06-06 17:30:52,260 INFO  - Already have ACK (at simulation time 660.000,000,000 s)
2025-06-06 17:30:52,260 INFO  - Already have ACK (at simulation time 660.000,000,000 s)
2025-06-06 17:30:52,260 INFO  - Already have ACK (at simulation time 660.000,000,000 s)
2025-06-06 17:30:52,260 INFO  - Already have ACK (at simulation time 660.000,000,000 s)
2025-06-06 17:30:52,260 INFO  - Already have ACK (at simulation time 660.000,000,000 s)
2025-06-06 17:30:52,260 INFO  - Already have ACK (at simulation time 660.000,000,000 s)
2025-06-06 17:30:52,260 INFO  - Already have ACK (at simulation time 660.000,000,000 s)
2025-06-06 17:30:52,261 INFO  - Already have ACK (at simulation time 660.000,000,000 s)
2025-06-06 17:30:52,261 INFO  - Already have ACK (at simulation time 660.000,000,000 s)
2025-06-06 17:30:52,261 INFO  - Already have ACK (at simulation time 660.000,000,000 s)
2025-06-06 17:30:52,261 INFO  - Already have ACK (at simulation time 660.000,000,000 s)
2025-06-06 17:30:52,261 INFO  - Already have ACK (at simulation time 660.000,000,000 s)
2025-06-06 17:30:52,261 INFO  - Already have ACK (at simulation time 660.000,000,000 s)
2025-06-06 17:30:52,261 INFO  - Already have ACK (at simulation time 660.000,000,000 s)
2025-06-06 17:30:52,261 INFO  - Already have ACK (at simulation time 660.000,000,000 s)
2025-06-06 17:30:52,261 INFO  - Already have ACK (at simulation time 660.000,000,000 s)
2025-06-06 17:30:52,261 INFO  - Already have ACK (at simulation time 660.000,000,000 s)
2025-06-06 17:30:52,261 INFO  - Already have ACK (at simulation time 660.000,000,000 s)
2025-06-06 17:30:52,261 INFO  - Already have ACK (at simulation time 660.000,000,000 s)
2025-06-06 17:30:52,261 INFO  - Already have ACK (at simulation time 660.000,000,000 s)
2025-06-06 17:30:52,261 INFO  - Already have ACK (at simulation time 660.000,000,000 s)
2025-06-06 17:30:52,261 INFO  - Already have ACK (at simulation time 660.000,000,000 s)
2025-06-06 17:30:52,261 INFO  - Already have ACK (at simulation time 660.000,000,000 s)
2025-06-06 17:30:52,261 INFO  - Already have ACK (at simulation time 660.000,000,000 s)
2025-06-06 17:30:52,261 INFO  - Already have ACK (at simulation time 660.000,000,000 s)
2025-06-06 17:30:52,261 INFO  - Already have ACK (at simulation time 660.000,000,000 s)
2025-06-06 17:30:52,261 INFO  - Already have ACK (at simulation time 660.000,000,000 s)
2025-06-06 17:30:52,261 INFO  - Already have ACK (at simulation time 660.000,000,000 s)
2025-06-06 17:30:52,261 INFO  - Already have ACK (at simulation time 660.000,000,000 s)
2025-06-06 17:30:52,261 INFO  - Already have ACK (at simulation time 660.000,000,000 s)
2025-06-06 17:30:52,262 INFO  - Received metrics from FogNode: avgR0=1.3333333333333333, avgR1=2.090909090909091 (at simulation time 660.000,800,000 s)
2025-06-06 17:30:52,264 INFO  - Already have ACK (at simulation time 661.000,000,000 s)
2025-06-06 17:30:52,264 INFO  - Already have ACK (at simulation time 661.000,000,000 s)
2025-06-06 17:30:52,264 INFO  - Already have ACK (at simulation time 661.000,000,000 s)
2025-06-06 17:30:52,264 INFO  - Already have ACK (at simulation time 661.000,000,000 s)
2025-06-06 17:30:52,264 INFO  - Already have ACK (at simulation time 661.000,000,000 s)
2025-06-06 17:30:52,264 INFO  - Already have ACK (at simulation time 661.000,000,000 s)
2025-06-06 17:30:52,264 INFO  - Already have ACK (at simulation time 661.000,000,000 s)
2025-06-06 17:30:52,264 INFO  - Already have ACK (at simulation time 661.000,000,000 s)
2025-06-06 17:30:52,264 INFO  - Already have ACK (at simulation time 661.000,000,000 s)
2025-06-06 17:30:52,264 INFO  - Already have ACK (at simulation time 661.000,000,000 s)
2025-06-06 17:30:52,264 INFO  - Already have ACK (at simulation time 661.000,000,000 s)
2025-06-06 17:30:52,264 INFO  - Already have ACK (at simulation time 661.000,000,000 s)
2025-06-06 17:30:52,264 INFO  - Already have ACK (at simulation time 661.000,000,000 s)
2025-06-06 17:30:52,265 INFO  - Already have ACK (at simulation time 661.000,000,000 s)
2025-06-06 17:30:52,265 INFO  - Already have ACK (at simulation time 661.000,000,000 s)
2025-06-06 17:30:52,265 INFO  - Already have ACK (at simulation time 661.000,000,000 s)
2025-06-06 17:30:52,265 INFO  - Already have ACK (at simulation time 661.000,000,000 s)
2025-06-06 17:30:52,265 INFO  - Already have ACK (at simulation time 661.000,000,000 s)
2025-06-06 17:30:52,265 INFO  - Already have ACK (at simulation time 661.000,000,000 s)
2025-06-06 17:30:52,265 INFO  - Already have ACK (at simulation time 661.000,000,000 s)
2025-06-06 17:30:52,265 INFO  - Already have ACK (at simulation time 661.000,000,000 s)
2025-06-06 17:30:52,265 INFO  - Already have ACK (at simulation time 661.000,000,000 s)
2025-06-06 17:30:52,265 INFO  - Already have ACK (at simulation time 661.000,000,000 s)
2025-06-06 17:30:52,265 INFO  - Already have ACK (at simulation time 661.000,000,000 s)
2025-06-06 17:30:52,265 INFO  - Already have ACK (at simulation time 661.000,000,000 s)
2025-06-06 17:30:52,265 INFO  - Already have ACK (at simulation time 661.000,000,000 s)
2025-06-06 17:30:52,265 INFO  - Already have ACK (at simulation time 661.000,000,000 s)
2025-06-06 17:30:52,265 INFO  - Already have ACK (at simulation time 661.000,000,000 s)
2025-06-06 17:30:52,265 INFO  - Already have ACK (at simulation time 661.000,000,000 s)
2025-06-06 17:30:52,265 INFO  - Already have ACK (at simulation time 661.000,000,000 s)
2025-06-06 17:30:52,265 INFO  - Already have ACK (at simulation time 661.000,000,000 s)
2025-06-06 17:30:52,265 INFO  - Already have ACK (at simulation time 661.000,000,000 s)
2025-06-06 17:30:52,266 INFO  - Already have ACK (at simulation time 661.000,000,000 s)
2025-06-06 17:30:52,266 INFO  - Already have ACK (at simulation time 661.000,000,000 s)
2025-06-06 17:30:52,266 INFO  - Already have ACK (at simulation time 661.000,000,000 s)
2025-06-06 17:30:52,266 INFO  - Already have ACK (at simulation time 661.000,000,000 s)
2025-06-06 17:30:52,266 INFO  - Already have ACK (at simulation time 661.000,000,000 s)
2025-06-06 17:30:52,266 INFO  - Already have ACK (at simulation time 661.000,000,000 s)
2025-06-06 17:30:52,266 INFO  - Already have ACK (at simulation time 661.000,000,000 s)
2025-06-06 17:30:52,266 INFO  - Already have ACK (at simulation time 661.000,000,000 s)
2025-06-06 17:30:52,266 INFO  - Already have ACK (at simulation time 661.000,000,000 s)
2025-06-06 17:30:52,266 INFO  - Already have ACK (at simulation time 661.000,000,000 s)
2025-06-06 17:30:52,266 INFO  - Already have ACK (at simulation time 661.000,000,000 s)
2025-06-06 17:30:52,266 INFO  - Already have ACK (at simulation time 661.000,000,000 s)
2025-06-06 17:30:52,266 INFO  - Already have ACK (at simulation time 661.000,000,000 s)
2025-06-06 17:30:52,266 INFO  - Already have ACK (at simulation time 661.000,000,000 s)
2025-06-06 17:30:52,266 INFO  - Already have ACK (at simulation time 661.000,000,000 s)
2025-06-06 17:30:52,266 INFO  - Already have ACK (at simulation time 661.000,000,000 s)
2025-06-06 17:30:52,266 INFO  - Already have ACK (at simulation time 661.000,000,000 s)
2025-06-06 17:30:52,266 INFO  - Already have ACK (at simulation time 661.000,000,000 s)
2025-06-06 17:30:52,266 INFO  - Already have ACK (at simulation time 661.000,000,000 s)
2025-06-06 17:30:52,266 INFO  - Already have ACK (at simulation time 661.000,000,000 s)
2025-06-06 17:30:52,266 INFO  - Already have ACK (at simulation time 661.000,000,000 s)
2025-06-06 17:30:52,266 INFO  - Already have ACK (at simulation time 661.000,000,000 s)
2025-06-06 17:30:52,266 INFO  - Already have ACK (at simulation time 661.000,000,000 s)
2025-06-06 17:30:52,266 INFO  - Already have ACK (at simulation time 661.000,000,000 s)
2025-06-06 17:30:52,266 INFO  - Already have ACK (at simulation time 661.000,000,000 s)
2025-06-06 17:30:52,266 INFO  - Already have ACK (at simulation time 661.000,000,000 s)
2025-06-06 17:30:52,266 INFO  - Already have ACK (at simulation time 661.000,000,000 s)
2025-06-06 17:30:52,268 INFO  - Already have ACK (at simulation time 662.000,000,000 s)
2025-06-06 17:30:52,268 INFO  - Already have ACK (at simulation time 662.000,000,000 s)
2025-06-06 17:30:52,269 INFO  - Already have ACK (at simulation time 662.000,000,000 s)
2025-06-06 17:30:52,269 INFO  - Already have ACK (at simulation time 662.000,000,000 s)
2025-06-06 17:30:52,269 INFO  - Already have ACK (at simulation time 662.000,000,000 s)
2025-06-06 17:30:52,269 INFO  - Already have ACK (at simulation time 662.000,000,000 s)
2025-06-06 17:30:52,269 INFO  - Already have ACK (at simulation time 662.000,000,000 s)
2025-06-06 17:30:52,269 INFO  - Already have ACK (at simulation time 662.000,000,000 s)
2025-06-06 17:30:52,269 INFO  - Already have ACK (at simulation time 662.000,000,000 s)
2025-06-06 17:30:52,269 INFO  - Already have ACK (at simulation time 662.000,000,000 s)
2025-06-06 17:30:52,269 INFO  - Already have ACK (at simulation time 662.000,000,000 s)
2025-06-06 17:30:52,269 INFO  - Already have ACK (at simulation time 662.000,000,000 s)
2025-06-06 17:30:52,269 INFO  - Already have ACK (at simulation time 662.000,000,000 s)
2025-06-06 17:30:52,269 INFO  - Already have ACK (at simulation time 662.000,000,000 s)
2025-06-06 17:30:52,269 INFO  - Already have ACK (at simulation time 662.000,000,000 s)
2025-06-06 17:30:52,269 INFO  - Already have ACK (at simulation time 662.000,000,000 s)
2025-06-06 17:30:52,269 INFO  - Already have ACK (at simulation time 662.000,000,000 s)
2025-06-06 17:30:52,269 INFO  - Already have ACK (at simulation time 662.000,000,000 s)
2025-06-06 17:30:52,270 INFO  - Already have ACK (at simulation time 662.000,000,000 s)
2025-06-06 17:30:52,270 INFO  - Already have ACK (at simulation time 662.000,000,000 s)
2025-06-06 17:30:52,270 INFO  - Already have ACK (at simulation time 662.000,000,000 s)
2025-06-06 17:30:52,270 INFO  - Already have ACK (at simulation time 662.000,000,000 s)
2025-06-06 17:30:52,270 INFO  - Already have ACK (at simulation time 662.000,000,000 s)
2025-06-06 17:30:52,270 INFO  - Already have ACK (at simulation time 662.000,000,000 s)
2025-06-06 17:30:52,270 INFO  - Already have ACK (at simulation time 662.000,000,000 s)
2025-06-06 17:30:52,270 INFO  - Already have ACK (at simulation time 662.000,000,000 s)
2025-06-06 17:30:52,270 INFO  - Already have ACK (at simulation time 662.000,000,000 s)
2025-06-06 17:30:52,270 INFO  - Already have ACK (at simulation time 662.000,000,000 s)
2025-06-06 17:30:52,270 INFO  - Already have ACK (at simulation time 662.000,000,000 s)
2025-06-06 17:30:52,270 INFO  - Already have ACK (at simulation time 662.000,000,000 s)
2025-06-06 17:30:52,270 INFO  - Already have ACK (at simulation time 662.000,000,000 s)
2025-06-06 17:30:52,270 INFO  - Already have ACK (at simulation time 662.000,000,000 s)
2025-06-06 17:30:52,270 INFO  - Already have ACK (at simulation time 662.000,000,000 s)
2025-06-06 17:30:52,270 INFO  - Already have ACK (at simulation time 662.000,000,000 s)
2025-06-06 17:30:52,270 INFO  - Already have ACK (at simulation time 662.000,000,000 s)
2025-06-06 17:30:52,270 INFO  - Already have ACK (at simulation time 662.000,000,000 s)
2025-06-06 17:30:52,270 INFO  - Already have ACK (at simulation time 662.000,000,000 s)
2025-06-06 17:30:52,270 INFO  - Already have ACK (at simulation time 662.000,000,000 s)
2025-06-06 17:30:52,270 INFO  - Already have ACK (at simulation time 662.000,000,000 s)
2025-06-06 17:30:52,271 INFO  - Already have ACK (at simulation time 662.000,000,000 s)
2025-06-06 17:30:52,271 INFO  - Already have ACK (at simulation time 662.000,000,000 s)
2025-06-06 17:30:52,271 INFO  - Already have ACK (at simulation time 662.000,000,000 s)
2025-06-06 17:30:52,271 INFO  - Already have ACK (at simulation time 662.000,000,000 s)
2025-06-06 17:30:52,271 INFO  - Already have ACK (at simulation time 662.000,000,000 s)
2025-06-06 17:30:52,271 INFO  - Already have ACK (at simulation time 662.000,000,000 s)
2025-06-06 17:30:52,271 INFO  - Already have ACK (at simulation time 662.000,000,000 s)
2025-06-06 17:30:52,271 INFO  - Already have ACK (at simulation time 662.000,000,000 s)
2025-06-06 17:30:52,271 INFO  - Already have ACK (at simulation time 662.000,000,000 s)
2025-06-06 17:30:52,271 INFO  - Already have ACK (at simulation time 662.000,000,000 s)
2025-06-06 17:30:52,271 INFO  - Already have ACK (at simulation time 662.000,000,000 s)
2025-06-06 17:30:52,271 INFO  - Already have ACK (at simulation time 662.000,000,000 s)
2025-06-06 17:30:52,271 INFO  - Already have ACK (at simulation time 662.000,000,000 s)
2025-06-06 17:30:52,271 INFO  - Already have ACK (at simulation time 662.000,000,000 s)
2025-06-06 17:30:52,271 INFO  - Already have ACK (at simulation time 662.000,000,000 s)
2025-06-06 17:30:52,271 INFO  - Already have ACK (at simulation time 662.000,000,000 s)
2025-06-06 17:30:52,271 INFO  - Already have ACK (at simulation time 662.000,000,000 s)
2025-06-06 17:30:52,271 INFO  - Already have ACK (at simulation time 662.000,000,000 s)
2025-06-06 17:30:52,271 INFO  - Already have ACK (at simulation time 662.000,000,000 s)
2025-06-06 17:30:52,271 INFO  - Already have ACK (at simulation time 662.000,000,000 s)
2025-06-06 17:30:52,271 INFO  - Already have ACK (at simulation time 662.000,000,000 s)
2025-06-06 17:30:52,273 INFO  - Sent periodic GreenWaveMsg: veh_117 on route r_1 (at simulation time 663.000,000,000 s)
2025-06-06 17:30:52,273 INFO  - Already have ACK (at simulation time 663.000,000,000 s)
2025-06-06 17:30:52,273 INFO  - Already have ACK (at simulation time 663.000,000,000 s)
2025-06-06 17:30:52,273 INFO  - Already have ACK (at simulation time 663.000,000,000 s)
2025-06-06 17:30:52,274 INFO  - Already have ACK (at simulation time 663.000,000,000 s)
2025-06-06 17:30:52,274 INFO  - Already have ACK (at simulation time 663.000,000,000 s)
2025-06-06 17:30:52,274 INFO  - Already have ACK (at simulation time 663.000,000,000 s)
2025-06-06 17:30:52,274 INFO  - Already have ACK (at simulation time 663.000,000,000 s)
2025-06-06 17:30:52,274 INFO  - Already have ACK (at simulation time 663.000,000,000 s)
2025-06-06 17:30:52,274 INFO  - Already have ACK (at simulation time 663.000,000,000 s)
2025-06-06 17:30:52,274 INFO  - Already have ACK (at simulation time 663.000,000,000 s)
2025-06-06 17:30:52,274 INFO  - Already have ACK (at simulation time 663.000,000,000 s)
2025-06-06 17:30:52,274 INFO  - Already have ACK (at simulation time 663.000,000,000 s)
2025-06-06 17:30:52,274 INFO  - Already have ACK (at simulation time 663.000,000,000 s)
2025-06-06 17:30:52,274 INFO  - Already have ACK (at simulation time 663.000,000,000 s)
2025-06-06 17:30:52,274 INFO  - Already have ACK (at simulation time 663.000,000,000 s)
2025-06-06 17:30:52,274 INFO  - Already have ACK (at simulation time 663.000,000,000 s)
2025-06-06 17:30:52,274 INFO  - Already have ACK (at simulation time 663.000,000,000 s)
2025-06-06 17:30:52,274 INFO  - Already have ACK (at simulation time 663.000,000,000 s)
2025-06-06 17:30:52,274 INFO  - Already have ACK (at simulation time 663.000,000,000 s)
2025-06-06 17:30:52,274 INFO  - Already have ACK (at simulation time 663.000,000,000 s)
2025-06-06 17:30:52,274 INFO  - Already have ACK (at simulation time 663.000,000,000 s)
2025-06-06 17:30:52,275 INFO  - Already have ACK (at simulation time 663.000,000,000 s)
2025-06-06 17:30:52,275 INFO  - Already have ACK (at simulation time 663.000,000,000 s)
2025-06-06 17:30:52,275 INFO  - Already have ACK (at simulation time 663.000,000,000 s)
2025-06-06 17:30:52,275 INFO  - Already have ACK (at simulation time 663.000,000,000 s)
2025-06-06 17:30:52,275 INFO  - Already have ACK (at simulation time 663.000,000,000 s)
2025-06-06 17:30:52,275 INFO  - Already have ACK (at simulation time 663.000,000,000 s)
2025-06-06 17:30:52,275 INFO  - Already have ACK (at simulation time 663.000,000,000 s)
2025-06-06 17:30:52,275 INFO  - Already have ACK (at simulation time 663.000,000,000 s)
2025-06-06 17:30:52,275 INFO  - Already have ACK (at simulation time 663.000,000,000 s)
2025-06-06 17:30:52,275 INFO  - Already have ACK (at simulation time 663.000,000,000 s)
2025-06-06 17:30:52,275 INFO  - Already have ACK (at simulation time 663.000,000,000 s)
2025-06-06 17:30:52,275 INFO  - Already have ACK (at simulation time 663.000,000,000 s)
2025-06-06 17:30:52,275 INFO  - Already have ACK (at simulation time 663.000,000,000 s)
2025-06-06 17:30:52,275 INFO  - Already have ACK (at simulation time 663.000,000,000 s)
2025-06-06 17:30:52,275 INFO  - Already have ACK (at simulation time 663.000,000,000 s)
2025-06-06 17:30:52,275 INFO  - Already have ACK (at simulation time 663.000,000,000 s)
2025-06-06 17:30:52,275 INFO  - Already have ACK (at simulation time 663.000,000,000 s)
2025-06-06 17:30:52,275 INFO  - Already have ACK (at simulation time 663.000,000,000 s)
2025-06-06 17:30:52,275 INFO  - Already have ACK (at simulation time 663.000,000,000 s)
2025-06-06 17:30:52,275 INFO  - Already have ACK (at simulation time 663.000,000,000 s)
2025-06-06 17:30:52,275 INFO  - Already have ACK (at simulation time 663.000,000,000 s)
2025-06-06 17:30:52,275 INFO  - Already have ACK (at simulation time 663.000,000,000 s)
2025-06-06 17:30:52,275 INFO  - Already have ACK (at simulation time 663.000,000,000 s)
2025-06-06 17:30:52,276 INFO  - Already have ACK (at simulation time 663.000,000,000 s)
2025-06-06 17:30:52,276 INFO  - Already have ACK (at simulation time 663.000,000,000 s)
2025-06-06 17:30:52,276 INFO  - Already have ACK (at simulation time 663.000,000,000 s)
2025-06-06 17:30:52,276 INFO  - Already have ACK (at simulation time 663.000,000,000 s)
2025-06-06 17:30:52,276 INFO  - Already have ACK (at simulation time 663.000,000,000 s)
2025-06-06 17:30:52,276 INFO  - Already have ACK (at simulation time 663.000,000,000 s)
2025-06-06 17:30:52,276 INFO  - Already have ACK (at simulation time 663.000,000,000 s)
2025-06-06 17:30:52,276 INFO  - Already have ACK (at simulation time 663.000,000,000 s)
2025-06-06 17:30:52,276 INFO  - Already have ACK (at simulation time 663.000,000,000 s)
2025-06-06 17:30:52,276 INFO  - Already have ACK (at simulation time 663.000,000,000 s)
2025-06-06 17:30:52,276 INFO  - Already have ACK (at simulation time 663.000,000,000 s)
2025-06-06 17:30:52,276 INFO  - Already have ACK (at simulation time 663.000,000,000 s)
2025-06-06 17:30:52,276 INFO  - Already have ACK (at simulation time 663.000,000,000 s)
2025-06-06 17:30:52,276 INFO  - Already have ACK (at simulation time 663.000,000,000 s)
2025-06-06 17:30:52,276 INFO  - Already have ACK (at simulation time 663.000,000,000 s)
2025-06-06 17:30:52,276 INFO  - Already have ACK (at simulation time 663.000,000,000 s)
2025-06-06 17:30:52,276 INFO  - Already have ACK (at simulation time 663.000,000,000 s)
2025-06-06 17:30:52,278 INFO  - Already have ACK (at simulation time 664.000,000,000 s)
2025-06-06 17:30:52,278 INFO  - Already have ACK (at simulation time 664.000,000,000 s)
2025-06-06 17:30:52,278 INFO  - Already have ACK (at simulation time 664.000,000,000 s)
2025-06-06 17:30:52,278 INFO  - Already have ACK (at simulation time 664.000,000,000 s)
2025-06-06 17:30:52,278 INFO  - Already have ACK (at simulation time 664.000,000,000 s)
2025-06-06 17:30:52,278 INFO  - Already have ACK (at simulation time 664.000,000,000 s)
2025-06-06 17:30:52,278 INFO  - Already have ACK (at simulation time 664.000,000,000 s)
2025-06-06 17:30:52,279 INFO  - Already have ACK (at simulation time 664.000,000,000 s)
2025-06-06 17:30:52,279 INFO  - Already have ACK (at simulation time 664.000,000,000 s)
2025-06-06 17:30:52,279 INFO  - Already have ACK (at simulation time 664.000,000,000 s)
2025-06-06 17:30:52,279 INFO  - Already have ACK (at simulation time 664.000,000,000 s)
2025-06-06 17:30:52,279 INFO  - Already have ACK (at simulation time 664.000,000,000 s)
2025-06-06 17:30:52,279 INFO  - Already have ACK (at simulation time 664.000,000,000 s)
2025-06-06 17:30:52,279 INFO  - Already have ACK (at simulation time 664.000,000,000 s)
2025-06-06 17:30:52,279 INFO  - Already have ACK (at simulation time 664.000,000,000 s)
2025-06-06 17:30:52,279 INFO  - Already have ACK (at simulation time 664.000,000,000 s)
2025-06-06 17:30:52,279 INFO  - Already have ACK (at simulation time 664.000,000,000 s)
2025-06-06 17:30:52,279 INFO  - Already have ACK (at simulation time 664.000,000,000 s)
2025-06-06 17:30:52,279 INFO  - Already have ACK (at simulation time 664.000,000,000 s)
2025-06-06 17:30:52,279 INFO  - Already have ACK (at simulation time 664.000,000,000 s)
2025-06-06 17:30:52,279 INFO  - Already have ACK (at simulation time 664.000,000,000 s)
2025-06-06 17:30:52,279 INFO  - Already have ACK (at simulation time 664.000,000,000 s)
2025-06-06 17:30:52,279 INFO  - Already have ACK (at simulation time 664.000,000,000 s)
2025-06-06 17:30:52,279 INFO  - Already have ACK (at simulation time 664.000,000,000 s)
2025-06-06 17:30:52,279 INFO  - Already have ACK (at simulation time 664.000,000,000 s)
2025-06-06 17:30:52,279 INFO  - Already have ACK (at simulation time 664.000,000,000 s)
2025-06-06 17:30:52,279 INFO  - Already have ACK (at simulation time 664.000,000,000 s)
2025-06-06 17:30:52,280 INFO  - Already have ACK (at simulation time 664.000,000,000 s)
2025-06-06 17:30:52,280 INFO  - Already have ACK (at simulation time 664.000,000,000 s)
2025-06-06 17:30:52,280 INFO  - Already have ACK (at simulation time 664.000,000,000 s)
2025-06-06 17:30:52,280 INFO  - Already have ACK (at simulation time 664.000,000,000 s)
2025-06-06 17:30:52,280 INFO  - Already have ACK (at simulation time 664.000,000,000 s)
2025-06-06 17:30:52,280 INFO  - Already have ACK (at simulation time 664.000,000,000 s)
2025-06-06 17:30:52,280 INFO  - Already have ACK (at simulation time 664.000,000,000 s)
2025-06-06 17:30:52,280 INFO  - Already have ACK (at simulation time 664.000,000,000 s)
2025-06-06 17:30:52,280 INFO  - Already have ACK (at simulation time 664.000,000,000 s)
2025-06-06 17:30:52,280 INFO  - Already have ACK (at simulation time 664.000,000,000 s)
2025-06-06 17:30:52,280 INFO  - Already have ACK (at simulation time 664.000,000,000 s)
2025-06-06 17:30:52,280 INFO  - Already have ACK (at simulation time 664.000,000,000 s)
2025-06-06 17:30:52,280 INFO  - Already have ACK (at simulation time 664.000,000,000 s)
2025-06-06 17:30:52,280 INFO  - Already have ACK (at simulation time 664.000,000,000 s)
2025-06-06 17:30:52,280 INFO  - Already have ACK (at simulation time 664.000,000,000 s)
2025-06-06 17:30:52,280 INFO  - Already have ACK (at simulation time 664.000,000,000 s)
2025-06-06 17:30:52,280 INFO  - Already have ACK (at simulation time 664.000,000,000 s)
2025-06-06 17:30:52,280 INFO  - Already have ACK (at simulation time 664.000,000,000 s)
2025-06-06 17:30:52,280 INFO  - Already have ACK (at simulation time 664.000,000,000 s)
2025-06-06 17:30:52,280 INFO  - Already have ACK (at simulation time 664.000,000,000 s)
2025-06-06 17:30:52,280 INFO  - Already have ACK (at simulation time 664.000,000,000 s)
2025-06-06 17:30:52,280 INFO  - Already have ACK (at simulation time 664.000,000,000 s)
2025-06-06 17:30:52,280 INFO  - Already have ACK (at simulation time 664.000,000,000 s)
2025-06-06 17:30:52,280 INFO  - Already have ACK (at simulation time 664.000,000,000 s)
2025-06-06 17:30:52,280 INFO  - Already have ACK (at simulation time 664.000,000,000 s)
2025-06-06 17:30:52,280 INFO  - Already have ACK (at simulation time 664.000,000,000 s)
2025-06-06 17:30:52,280 INFO  - Already have ACK (at simulation time 664.000,000,000 s)
2025-06-06 17:30:52,280 INFO  - Already have ACK (at simulation time 664.000,000,000 s)
2025-06-06 17:30:52,280 INFO  - Already have ACK (at simulation time 664.000,000,000 s)
2025-06-06 17:30:52,281 INFO  - Already have ACK (at simulation time 664.000,000,000 s)
2025-06-06 17:30:52,281 INFO  - Already have ACK (at simulation time 664.000,000,000 s)
2025-06-06 17:30:52,281 INFO  - Already have ACK (at simulation time 664.000,000,000 s)
2025-06-06 17:30:52,281 INFO  - Already have ACK (at simulation time 664.000,000,000 s)
2025-06-06 17:30:52,281 INFO  - Already have ACK (at simulation time 664.000,000,000 s)
2025-06-06 17:30:52,281 INFO  - Already have ACK (at simulation time 664.000,000,000 s)
2025-06-06 17:30:52,286 INFO  - Already have ACK (at simulation time 665.000,000,000 s)
2025-06-06 17:30:52,286 INFO  - Already have ACK (at simulation time 665.000,000,000 s)
2025-06-06 17:30:52,286 INFO  - Already have ACK (at simulation time 665.000,000,000 s)
2025-06-06 17:30:52,286 INFO  - Already have ACK (at simulation time 665.000,000,000 s)
2025-06-06 17:30:52,286 INFO  - Already have ACK (at simulation time 665.000,000,000 s)
2025-06-06 17:30:52,286 INFO  - Already have ACK (at simulation time 665.000,000,000 s)
2025-06-06 17:30:52,286 INFO  - Already have ACK (at simulation time 665.000,000,000 s)
2025-06-06 17:30:52,286 INFO  - Already have ACK (at simulation time 665.000,000,000 s)
2025-06-06 17:30:52,286 INFO  - Already have ACK (at simulation time 665.000,000,000 s)
2025-06-06 17:30:52,286 INFO  - Already have ACK (at simulation time 665.000,000,000 s)
2025-06-06 17:30:52,286 INFO  - Already have ACK (at simulation time 665.000,000,000 s)
2025-06-06 17:30:52,287 INFO  - Already have ACK (at simulation time 665.000,000,000 s)
2025-06-06 17:30:52,287 INFO  - Already have ACK (at simulation time 665.000,000,000 s)
2025-06-06 17:30:52,287 INFO  - Already have ACK (at simulation time 665.000,000,000 s)
2025-06-06 17:30:52,287 INFO  - Already have ACK (at simulation time 665.000,000,000 s)
2025-06-06 17:30:52,287 INFO  - Already have ACK (at simulation time 665.000,000,000 s)
2025-06-06 17:30:52,287 INFO  - Already have ACK (at simulation time 665.000,000,000 s)
2025-06-06 17:30:52,287 INFO  - Already have ACK (at simulation time 665.000,000,000 s)
2025-06-06 17:30:52,287 INFO  - Already have ACK (at simulation time 665.000,000,000 s)
2025-06-06 17:30:52,287 INFO  - Already have ACK (at simulation time 665.000,000,000 s)
2025-06-06 17:30:52,287 INFO  - Already have ACK (at simulation time 665.000,000,000 s)
2025-06-06 17:30:52,287 INFO  - Already have ACK (at simulation time 665.000,000,000 s)
2025-06-06 17:30:52,287 INFO  - Already have ACK (at simulation time 665.000,000,000 s)
2025-06-06 17:30:52,287 INFO  - Already have ACK (at simulation time 665.000,000,000 s)
2025-06-06 17:30:52,287 INFO  - Already have ACK (at simulation time 665.000,000,000 s)
2025-06-06 17:30:52,287 INFO  - Already have ACK (at simulation time 665.000,000,000 s)
2025-06-06 17:30:52,287 INFO  - Already have ACK (at simulation time 665.000,000,000 s)
2025-06-06 17:30:52,287 INFO  - Already have ACK (at simulation time 665.000,000,000 s)
2025-06-06 17:30:52,287 INFO  - Already have ACK (at simulation time 665.000,000,000 s)
2025-06-06 17:30:52,287 INFO  - Already have ACK (at simulation time 665.000,000,000 s)
2025-06-06 17:30:52,287 INFO  - Already have ACK (at simulation time 665.000,000,000 s)
2025-06-06 17:30:52,288 INFO  - Already have ACK (at simulation time 665.000,000,000 s)
2025-06-06 17:30:52,288 INFO  - Already have ACK (at simulation time 665.000,000,000 s)
2025-06-06 17:30:52,288 INFO  - Already have ACK (at simulation time 665.000,000,000 s)
2025-06-06 17:30:52,288 INFO  - Already have ACK (at simulation time 665.000,000,000 s)
2025-06-06 17:30:52,288 INFO  - Already have ACK (at simulation time 665.000,000,000 s)
2025-06-06 17:30:52,288 INFO  - Already have ACK (at simulation time 665.000,000,000 s)
2025-06-06 17:30:52,288 INFO  - Already have ACK (at simulation time 665.000,000,000 s)
2025-06-06 17:30:52,288 INFO  - Already have ACK (at simulation time 665.000,000,000 s)
2025-06-06 17:30:52,288 INFO  - Already have ACK (at simulation time 665.000,000,000 s)
2025-06-06 17:30:52,288 INFO  - Already have ACK (at simulation time 665.000,000,000 s)
2025-06-06 17:30:52,288 INFO  - Already have ACK (at simulation time 665.000,000,000 s)
2025-06-06 17:30:52,288 INFO  - Already have ACK (at simulation time 665.000,000,000 s)
2025-06-06 17:30:52,288 INFO  - Already have ACK (at simulation time 665.000,000,000 s)
2025-06-06 17:30:52,288 INFO  - Already have ACK (at simulation time 665.000,000,000 s)
2025-06-06 17:30:52,288 INFO  - Already have ACK (at simulation time 665.000,000,000 s)
2025-06-06 17:30:52,288 INFO  - Already have ACK (at simulation time 665.000,000,000 s)
2025-06-06 17:30:52,288 INFO  - Already have ACK (at simulation time 665.000,000,000 s)
2025-06-06 17:30:52,288 INFO  - Already have ACK (at simulation time 665.000,000,000 s)
2025-06-06 17:30:52,288 INFO  - Already have ACK (at simulation time 665.000,000,000 s)
2025-06-06 17:30:52,288 INFO  - Already have ACK (at simulation time 665.000,000,000 s)
2025-06-06 17:30:52,288 INFO  - Already have ACK (at simulation time 665.000,000,000 s)
2025-06-06 17:30:52,288 INFO  - Already have ACK (at simulation time 665.000,000,000 s)
2025-06-06 17:30:52,288 INFO  - Already have ACK (at simulation time 665.000,000,000 s)
2025-06-06 17:30:52,288 INFO  - Already have ACK (at simulation time 665.000,000,000 s)
2025-06-06 17:30:52,288 INFO  - Already have ACK (at simulation time 665.000,000,000 s)
2025-06-06 17:30:52,288 INFO  - Already have ACK (at simulation time 665.000,000,000 s)
2025-06-06 17:30:52,288 INFO  - Already have ACK (at simulation time 665.000,000,000 s)
2025-06-06 17:30:52,288 INFO  - Already have ACK (at simulation time 665.000,000,000 s)
2025-06-06 17:30:52,288 INFO  - Already have ACK (at simulation time 665.000,000,000 s)
2025-06-06 17:30:52,288 INFO  - Already have ACK (at simulation time 665.000,000,000 s)
2025-06-06 17:30:52,288 INFO  - Already have ACK (at simulation time 665.000,000,000 s)
2025-06-06 17:30:52,288 INFO  - Already have ACK (at simulation time 665.000,000,000 s)
2025-06-06 17:30:52,290 INFO  - Already have ACK (at simulation time 666.000,000,000 s)
2025-06-06 17:30:52,290 INFO  - Already have ACK (at simulation time 666.000,000,000 s)
2025-06-06 17:30:52,290 INFO  - Already have ACK (at simulation time 666.000,000,000 s)
2025-06-06 17:30:52,290 INFO  - Already have ACK (at simulation time 666.000,000,000 s)
2025-06-06 17:30:52,290 INFO  - Already have ACK (at simulation time 666.000,000,000 s)
2025-06-06 17:30:52,290 INFO  - Already have ACK (at simulation time 666.000,000,000 s)
2025-06-06 17:30:52,291 INFO  - Already have ACK (at simulation time 666.000,000,000 s)
2025-06-06 17:30:52,291 INFO  - Already have ACK (at simulation time 666.000,000,000 s)
2025-06-06 17:30:52,291 INFO  - Already have ACK (at simulation time 666.000,000,000 s)
2025-06-06 17:30:52,291 INFO  - Already have ACK (at simulation time 666.000,000,000 s)
2025-06-06 17:30:52,291 INFO  - Already have ACK (at simulation time 666.000,000,000 s)
2025-06-06 17:30:52,291 INFO  - Already have ACK (at simulation time 666.000,000,000 s)
2025-06-06 17:30:52,291 INFO  - Already have ACK (at simulation time 666.000,000,000 s)
2025-06-06 17:30:52,291 INFO  - Already have ACK (at simulation time 666.000,000,000 s)
2025-06-06 17:30:52,291 INFO  - Already have ACK (at simulation time 666.000,000,000 s)
2025-06-06 17:30:52,291 INFO  - Already have ACK (at simulation time 666.000,000,000 s)
2025-06-06 17:30:52,291 INFO  - Already have ACK (at simulation time 666.000,000,000 s)
2025-06-06 17:30:52,291 INFO  - Already have ACK (at simulation time 666.000,000,000 s)
2025-06-06 17:30:52,291 INFO  - Already have ACK (at simulation time 666.000,000,000 s)
2025-06-06 17:30:52,291 INFO  - Already have ACK (at simulation time 666.000,000,000 s)
2025-06-06 17:30:52,291 INFO  - Already have ACK (at simulation time 666.000,000,000 s)
2025-06-06 17:30:52,291 INFO  - Already have ACK (at simulation time 666.000,000,000 s)
2025-06-06 17:30:52,291 INFO  - Already have ACK (at simulation time 666.000,000,000 s)
2025-06-06 17:30:52,291 INFO  - Already have ACK (at simulation time 666.000,000,000 s)
2025-06-06 17:30:52,291 INFO  - Already have ACK (at simulation time 666.000,000,000 s)
2025-06-06 17:30:52,292 INFO  - Already have ACK (at simulation time 666.000,000,000 s)
2025-06-06 17:30:52,292 INFO  - Already have ACK (at simulation time 666.000,000,000 s)
2025-06-06 17:30:52,292 INFO  - Already have ACK (at simulation time 666.000,000,000 s)
2025-06-06 17:30:52,292 INFO  - Already have ACK (at simulation time 666.000,000,000 s)
2025-06-06 17:30:52,292 INFO  - Already have ACK (at simulation time 666.000,000,000 s)
2025-06-06 17:30:52,292 INFO  - Already have ACK (at simulation time 666.000,000,000 s)
2025-06-06 17:30:52,292 INFO  - Already have ACK (at simulation time 666.000,000,000 s)
2025-06-06 17:30:52,292 INFO  - Already have ACK (at simulation time 666.000,000,000 s)
2025-06-06 17:30:52,292 INFO  - Already have ACK (at simulation time 666.000,000,000 s)
2025-06-06 17:30:52,292 INFO  - Already have ACK (at simulation time 666.000,000,000 s)
2025-06-06 17:30:52,292 INFO  - Already have ACK (at simulation time 666.000,000,000 s)
2025-06-06 17:30:52,292 INFO  - Already have ACK (at simulation time 666.000,000,000 s)
2025-06-06 17:30:52,292 INFO  - Already have ACK (at simulation time 666.000,000,000 s)
2025-06-06 17:30:52,292 INFO  - Already have ACK (at simulation time 666.000,000,000 s)
2025-06-06 17:30:52,292 INFO  - Already have ACK (at simulation time 666.000,000,000 s)
2025-06-06 17:30:52,292 INFO  - Already have ACK (at simulation time 666.000,000,000 s)
2025-06-06 17:30:52,292 INFO  - Already have ACK (at simulation time 666.000,000,000 s)
2025-06-06 17:30:52,292 INFO  - Already have ACK (at simulation time 666.000,000,000 s)
2025-06-06 17:30:52,292 INFO  - Already have ACK (at simulation time 666.000,000,000 s)
2025-06-06 17:30:52,292 INFO  - Already have ACK (at simulation time 666.000,000,000 s)
2025-06-06 17:30:52,292 INFO  - Already have ACK (at simulation time 666.000,000,000 s)
2025-06-06 17:30:52,292 INFO  - Already have ACK (at simulation time 666.000,000,000 s)
2025-06-06 17:30:52,292 INFO  - Already have ACK (at simulation time 666.000,000,000 s)
2025-06-06 17:30:52,292 INFO  - Already have ACK (at simulation time 666.000,000,000 s)
2025-06-06 17:30:52,292 INFO  - Already have ACK (at simulation time 666.000,000,000 s)
2025-06-06 17:30:52,292 INFO  - Already have ACK (at simulation time 666.000,000,000 s)
2025-06-06 17:30:52,292 INFO  - Already have ACK (at simulation time 666.000,000,000 s)
2025-06-06 17:30:52,293 INFO  - Already have ACK (at simulation time 666.000,000,000 s)
2025-06-06 17:30:52,293 INFO  - Already have ACK (at simulation time 666.000,000,000 s)
2025-06-06 17:30:52,293 INFO  - Already have ACK (at simulation time 666.000,000,000 s)
2025-06-06 17:30:52,293 INFO  - Already have ACK (at simulation time 666.000,000,000 s)
2025-06-06 17:30:52,293 INFO  - Already have ACK (at simulation time 666.000,000,000 s)
2025-06-06 17:30:52,293 INFO  - Already have ACK (at simulation time 666.000,000,000 s)
2025-06-06 17:30:52,293 INFO  - Already have ACK (at simulation time 666.000,000,000 s)
2025-06-06 17:30:52,293 INFO  - Already have ACK (at simulation time 666.000,000,000 s)
2025-06-06 17:30:52,293 INFO  - Already have ACK (at simulation time 666.000,000,000 s)
2025-06-06 17:30:52,293 INFO  - Already have ACK (at simulation time 666.000,000,000 s)
2025-06-06 17:30:52,293 INFO  - Already have ACK (at simulation time 666.000,000,000 s)
2025-06-06 17:30:52,293 INFO  - Already have ACK (at simulation time 666.000,000,000 s)
2025-06-06 17:30:52,294 INFO  - Already have ACK (at simulation time 667.000,000,000 s)
2025-06-06 17:30:52,294 INFO  - Already have ACK (at simulation time 667.000,000,000 s)
2025-06-06 17:30:52,295 INFO  - Already have ACK (at simulation time 667.000,000,000 s)
2025-06-06 17:30:52,295 INFO  - Already have ACK (at simulation time 667.000,000,000 s)
2025-06-06 17:30:52,295 INFO  - Already have ACK (at simulation time 667.000,000,000 s)
2025-06-06 17:30:52,295 INFO  - Already have ACK (at simulation time 667.000,000,000 s)
2025-06-06 17:30:52,295 INFO  - Already have ACK (at simulation time 667.000,000,000 s)
2025-06-06 17:30:52,295 INFO  - Already have ACK (at simulation time 667.000,000,000 s)
2025-06-06 17:30:52,295 INFO  - Already have ACK (at simulation time 667.000,000,000 s)
2025-06-06 17:30:52,295 INFO  - Already have ACK (at simulation time 667.000,000,000 s)
2025-06-06 17:30:52,295 INFO  - Already have ACK (at simulation time 667.000,000,000 s)
2025-06-06 17:30:52,295 INFO  - Already have ACK (at simulation time 667.000,000,000 s)
2025-06-06 17:30:52,295 INFO  - Already have ACK (at simulation time 667.000,000,000 s)
2025-06-06 17:30:52,295 INFO  - Already have ACK (at simulation time 667.000,000,000 s)
2025-06-06 17:30:52,295 INFO  - Already have ACK (at simulation time 667.000,000,000 s)
2025-06-06 17:30:52,295 INFO  - Already have ACK (at simulation time 667.000,000,000 s)
2025-06-06 17:30:52,295 INFO  - Already have ACK (at simulation time 667.000,000,000 s)
2025-06-06 17:30:52,295 INFO  - Already have ACK (at simulation time 667.000,000,000 s)
2025-06-06 17:30:52,295 INFO  - Already have ACK (at simulation time 667.000,000,000 s)
2025-06-06 17:30:52,295 INFO  - Already have ACK (at simulation time 667.000,000,000 s)
2025-06-06 17:30:52,296 INFO  - Already have ACK (at simulation time 667.000,000,000 s)
2025-06-06 17:30:52,296 INFO  - Already have ACK (at simulation time 667.000,000,000 s)
2025-06-06 17:30:52,296 INFO  - Already have ACK (at simulation time 667.000,000,000 s)
2025-06-06 17:30:52,296 INFO  - Already have ACK (at simulation time 667.000,000,000 s)
2025-06-06 17:30:52,296 INFO  - Already have ACK (at simulation time 667.000,000,000 s)
2025-06-06 17:30:52,296 INFO  - Already have ACK (at simulation time 667.000,000,000 s)
2025-06-06 17:30:52,296 INFO  - Already have ACK (at simulation time 667.000,000,000 s)
2025-06-06 17:30:52,296 INFO  - Already have ACK (at simulation time 667.000,000,000 s)
2025-06-06 17:30:52,296 INFO  - Already have ACK (at simulation time 667.000,000,000 s)
2025-06-06 17:30:52,296 INFO  - Already have ACK (at simulation time 667.000,000,000 s)
2025-06-06 17:30:52,296 INFO  - Already have ACK (at simulation time 667.000,000,000 s)
2025-06-06 17:30:52,296 INFO  - Already have ACK (at simulation time 667.000,000,000 s)
2025-06-06 17:30:52,296 INFO  - Already have ACK (at simulation time 667.000,000,000 s)
2025-06-06 17:30:52,296 INFO  - Already have ACK (at simulation time 667.000,000,000 s)
2025-06-06 17:30:52,296 INFO  - Already have ACK (at simulation time 667.000,000,000 s)
2025-06-06 17:30:52,296 INFO  - Already have ACK (at simulation time 667.000,000,000 s)
2025-06-06 17:30:52,296 INFO  - Already have ACK (at simulation time 667.000,000,000 s)
2025-06-06 17:30:52,296 INFO  - Already have ACK (at simulation time 667.000,000,000 s)
2025-06-06 17:30:52,296 INFO  - Already have ACK (at simulation time 667.000,000,000 s)
2025-06-06 17:30:52,296 INFO  - Already have ACK (at simulation time 667.000,000,000 s)
2025-06-06 17:30:52,296 INFO  - Already have ACK (at simulation time 667.000,000,000 s)
2025-06-06 17:30:52,296 INFO  - Already have ACK (at simulation time 667.000,000,000 s)
2025-06-06 17:30:52,296 INFO  - Already have ACK (at simulation time 667.000,000,000 s)
2025-06-06 17:30:52,297 INFO  - Already have ACK (at simulation time 667.000,000,000 s)
2025-06-06 17:30:52,297 INFO  - Already have ACK (at simulation time 667.000,000,000 s)
2025-06-06 17:30:52,297 INFO  - Already have ACK (at simulation time 667.000,000,000 s)
2025-06-06 17:30:52,297 INFO  - Already have ACK (at simulation time 667.000,000,000 s)
2025-06-06 17:30:52,297 INFO  - Already have ACK (at simulation time 667.000,000,000 s)
2025-06-06 17:30:52,297 INFO  - Already have ACK (at simulation time 667.000,000,000 s)
2025-06-06 17:30:52,297 INFO  - Already have ACK (at simulation time 667.000,000,000 s)
2025-06-06 17:30:52,297 INFO  - Already have ACK (at simulation time 667.000,000,000 s)
2025-06-06 17:30:52,297 INFO  - Already have ACK (at simulation time 667.000,000,000 s)
2025-06-06 17:30:52,297 INFO  - Already have ACK (at simulation time 667.000,000,000 s)
2025-06-06 17:30:52,297 INFO  - Already have ACK (at simulation time 667.000,000,000 s)
2025-06-06 17:30:52,297 INFO  - Already have ACK (at simulation time 667.000,000,000 s)
2025-06-06 17:30:52,297 INFO  - Already have ACK (at simulation time 667.000,000,000 s)
2025-06-06 17:30:52,297 INFO  - Already have ACK (at simulation time 667.000,000,000 s)
2025-06-06 17:30:52,297 INFO  - Already have ACK (at simulation time 667.000,000,000 s)
2025-06-06 17:30:52,297 INFO  - Already have ACK (at simulation time 667.000,000,000 s)
2025-06-06 17:30:52,297 INFO  - Already have ACK (at simulation time 667.000,000,000 s)
2025-06-06 17:30:52,297 INFO  - Already have ACK (at simulation time 667.000,000,000 s)
2025-06-06 17:30:52,297 INFO  - Already have ACK (at simulation time 667.000,000,000 s)
2025-06-06 17:30:52,297 INFO  - Already have ACK (at simulation time 667.000,000,000 s)
2025-06-06 17:30:52,297 INFO  - Already have ACK (at simulation time 667.000,000,000 s)
2025-06-06 17:30:52,297 INFO  - Already have ACK (at simulation time 667.000,000,000 s)
2025-06-06 17:30:52,299 INFO  - Sent periodic GreenWaveMsg: veh_117 on route r_1 (at simulation time 668.000,000,000 s)
2025-06-06 17:30:52,299 INFO  - Already have ACK (at simulation time 668.000,000,000 s)
2025-06-06 17:30:52,299 INFO  - Already have ACK (at simulation time 668.000,000,000 s)
2025-06-06 17:30:52,299 INFO  - Already have ACK (at simulation time 668.000,000,000 s)
2025-06-06 17:30:52,299 INFO  - Already have ACK (at simulation time 668.000,000,000 s)
2025-06-06 17:30:52,299 INFO  - Already have ACK (at simulation time 668.000,000,000 s)
2025-06-06 17:30:52,299 INFO  - Already have ACK (at simulation time 668.000,000,000 s)
2025-06-06 17:30:52,299 INFO  - Already have ACK (at simulation time 668.000,000,000 s)
2025-06-06 17:30:52,299 INFO  - Already have ACK (at simulation time 668.000,000,000 s)
2025-06-06 17:30:52,299 INFO  - Already have ACK (at simulation time 668.000,000,000 s)
2025-06-06 17:30:52,299 INFO  - Already have ACK (at simulation time 668.000,000,000 s)
2025-06-06 17:30:52,299 INFO  - Already have ACK (at simulation time 668.000,000,000 s)
2025-06-06 17:30:52,299 INFO  - Already have ACK (at simulation time 668.000,000,000 s)
2025-06-06 17:30:52,299 INFO  - Already have ACK (at simulation time 668.000,000,000 s)
2025-06-06 17:30:52,299 INFO  - Already have ACK (at simulation time 668.000,000,000 s)
2025-06-06 17:30:52,300 INFO  - Already have ACK (at simulation time 668.000,000,000 s)
2025-06-06 17:30:52,300 INFO  - Already have ACK (at simulation time 668.000,000,000 s)
2025-06-06 17:30:52,300 INFO  - Already have ACK (at simulation time 668.000,000,000 s)
2025-06-06 17:30:52,300 INFO  - Already have ACK (at simulation time 668.000,000,000 s)
2025-06-06 17:30:52,300 INFO  - Already have ACK (at simulation time 668.000,000,000 s)
2025-06-06 17:30:52,300 INFO  - Already have ACK (at simulation time 668.000,000,000 s)
2025-06-06 17:30:52,300 INFO  - Already have ACK (at simulation time 668.000,000,000 s)
2025-06-06 17:30:52,300 INFO  - Already have ACK (at simulation time 668.000,000,000 s)
2025-06-06 17:30:52,300 INFO  - Already have ACK (at simulation time 668.000,000,000 s)
2025-06-06 17:30:52,300 INFO  - Already have ACK (at simulation time 668.000,000,000 s)
2025-06-06 17:30:52,300 INFO  - Already have ACK (at simulation time 668.000,000,000 s)
2025-06-06 17:30:52,300 INFO  - Already have ACK (at simulation time 668.000,000,000 s)
2025-06-06 17:30:52,300 INFO  - Already have ACK (at simulation time 668.000,000,000 s)
2025-06-06 17:30:52,300 INFO  - Already have ACK (at simulation time 668.000,000,000 s)
2025-06-06 17:30:52,300 INFO  - Already have ACK (at simulation time 668.000,000,000 s)
2025-06-06 17:30:52,300 INFO  - Already have ACK (at simulation time 668.000,000,000 s)
2025-06-06 17:30:52,300 INFO  - Already have ACK (at simulation time 668.000,000,000 s)
2025-06-06 17:30:52,300 INFO  - Already have ACK (at simulation time 668.000,000,000 s)
2025-06-06 17:30:52,300 INFO  - Already have ACK (at simulation time 668.000,000,000 s)
2025-06-06 17:30:52,300 INFO  - Already have ACK (at simulation time 668.000,000,000 s)
2025-06-06 17:30:52,300 INFO  - Already have ACK (at simulation time 668.000,000,000 s)
2025-06-06 17:30:52,301 INFO  - Already have ACK (at simulation time 668.000,000,000 s)
2025-06-06 17:30:52,301 INFO  - Already have ACK (at simulation time 668.000,000,000 s)
2025-06-06 17:30:52,301 INFO  - Already have ACK (at simulation time 668.000,000,000 s)
2025-06-06 17:30:52,301 INFO  - Already have ACK (at simulation time 668.000,000,000 s)
2025-06-06 17:30:52,301 INFO  - Already have ACK (at simulation time 668.000,000,000 s)
2025-06-06 17:30:52,301 INFO  - Already have ACK (at simulation time 668.000,000,000 s)
2025-06-06 17:30:52,301 INFO  - Already have ACK (at simulation time 668.000,000,000 s)
2025-06-06 17:30:52,301 INFO  - Already have ACK (at simulation time 668.000,000,000 s)
2025-06-06 17:30:52,301 INFO  - Already have ACK (at simulation time 668.000,000,000 s)
2025-06-06 17:30:52,301 INFO  - Already have ACK (at simulation time 668.000,000,000 s)
2025-06-06 17:30:52,301 INFO  - Already have ACK (at simulation time 668.000,000,000 s)
2025-06-06 17:30:52,301 INFO  - Already have ACK (at simulation time 668.000,000,000 s)
2025-06-06 17:30:52,301 INFO  - Already have ACK (at simulation time 668.000,000,000 s)
2025-06-06 17:30:52,301 INFO  - Already have ACK (at simulation time 668.000,000,000 s)
2025-06-06 17:30:52,301 INFO  - Already have ACK (at simulation time 668.000,000,000 s)
2025-06-06 17:30:52,301 INFO  - Already have ACK (at simulation time 668.000,000,000 s)
2025-06-06 17:30:52,301 INFO  - Already have ACK (at simulation time 668.000,000,000 s)
2025-06-06 17:30:52,301 INFO  - Already have ACK (at simulation time 668.000,000,000 s)
2025-06-06 17:30:52,301 INFO  - Already have ACK (at simulation time 668.000,000,000 s)
2025-06-06 17:30:52,301 INFO  - Already have ACK (at simulation time 668.000,000,000 s)
2025-06-06 17:30:52,301 INFO  - Already have ACK (at simulation time 668.000,000,000 s)
2025-06-06 17:30:52,301 INFO  - Already have ACK (at simulation time 668.000,000,000 s)
2025-06-06 17:30:52,301 INFO  - Already have ACK (at simulation time 668.000,000,000 s)
2025-06-06 17:30:52,301 INFO  - Already have ACK (at simulation time 668.000,000,000 s)
2025-06-06 17:30:52,301 INFO  - Already have ACK (at simulation time 668.000,000,000 s)
2025-06-06 17:30:52,301 INFO  - Already have ACK (at simulation time 668.000,000,000 s)
2025-06-06 17:30:52,301 INFO  - Already have ACK (at simulation time 668.000,000,000 s)
2025-06-06 17:30:52,301 INFO  - Already have ACK (at simulation time 668.000,000,000 s)
2025-06-06 17:30:52,301 INFO  - Already have ACK (at simulation time 668.000,000,000 s)
2025-06-06 17:30:52,301 INFO  - Already have ACK (at simulation time 668.000,000,000 s)
2025-06-06 17:30:52,301 INFO  - Already have ACK (at simulation time 668.000,000,000 s)
2025-06-06 17:30:52,303 INFO  - Already have ACK (at simulation time 669.000,000,000 s)
2025-06-06 17:30:52,303 INFO  - Already have ACK (at simulation time 669.000,000,000 s)
2025-06-06 17:30:52,303 INFO  - Already have ACK (at simulation time 669.000,000,000 s)
2025-06-06 17:30:52,303 INFO  - Already have ACK (at simulation time 669.000,000,000 s)
2025-06-06 17:30:52,303 INFO  - Already have ACK (at simulation time 669.000,000,000 s)
2025-06-06 17:30:52,303 INFO  - Already have ACK (at simulation time 669.000,000,000 s)
2025-06-06 17:30:52,303 INFO  - Already have ACK (at simulation time 669.000,000,000 s)
2025-06-06 17:30:52,304 INFO  - Already have ACK (at simulation time 669.000,000,000 s)
2025-06-06 17:30:52,304 INFO  - Already have ACK (at simulation time 669.000,000,000 s)
2025-06-06 17:30:52,304 INFO  - Already have ACK (at simulation time 669.000,000,000 s)
2025-06-06 17:30:52,304 INFO  - Already have ACK (at simulation time 669.000,000,000 s)
2025-06-06 17:30:52,304 INFO  - Already have ACK (at simulation time 669.000,000,000 s)
2025-06-06 17:30:52,304 INFO  - Already have ACK (at simulation time 669.000,000,000 s)
2025-06-06 17:30:52,304 INFO  - Already have ACK (at simulation time 669.000,000,000 s)
2025-06-06 17:30:52,304 INFO  - Already have ACK (at simulation time 669.000,000,000 s)
2025-06-06 17:30:52,304 INFO  - Already have ACK (at simulation time 669.000,000,000 s)
2025-06-06 17:30:52,304 INFO  - Already have ACK (at simulation time 669.000,000,000 s)
2025-06-06 17:30:52,304 INFO  - Already have ACK (at simulation time 669.000,000,000 s)
2025-06-06 17:30:52,304 INFO  - Already have ACK (at simulation time 669.000,000,000 s)
2025-06-06 17:30:52,304 INFO  - Already have ACK (at simulation time 669.000,000,000 s)
2025-06-06 17:30:52,304 INFO  - Already have ACK (at simulation time 669.000,000,000 s)
2025-06-06 17:30:52,304 INFO  - Already have ACK (at simulation time 669.000,000,000 s)
2025-06-06 17:30:52,304 INFO  - Already have ACK (at simulation time 669.000,000,000 s)
2025-06-06 17:30:52,304 INFO  - Already have ACK (at simulation time 669.000,000,000 s)
2025-06-06 17:30:52,304 INFO  - Already have ACK (at simulation time 669.000,000,000 s)
2025-06-06 17:30:52,304 INFO  - Already have ACK (at simulation time 669.000,000,000 s)
2025-06-06 17:30:52,304 INFO  - Already have ACK (at simulation time 669.000,000,000 s)
2025-06-06 17:30:52,304 INFO  - Already have ACK (at simulation time 669.000,000,000 s)
2025-06-06 17:30:52,305 INFO  - Already have ACK (at simulation time 669.000,000,000 s)
2025-06-06 17:30:52,305 INFO  - Already have ACK (at simulation time 669.000,000,000 s)
2025-06-06 17:30:52,305 INFO  - Already have ACK (at simulation time 669.000,000,000 s)
2025-06-06 17:30:52,305 INFO  - Already have ACK (at simulation time 669.000,000,000 s)
2025-06-06 17:30:52,305 INFO  - Already have ACK (at simulation time 669.000,000,000 s)
2025-06-06 17:30:52,305 INFO  - Already have ACK (at simulation time 669.000,000,000 s)
2025-06-06 17:30:52,305 INFO  - Already have ACK (at simulation time 669.000,000,000 s)
2025-06-06 17:30:52,305 INFO  - Already have ACK (at simulation time 669.000,000,000 s)
2025-06-06 17:30:52,305 INFO  - Already have ACK (at simulation time 669.000,000,000 s)
2025-06-06 17:30:52,305 INFO  - Already have ACK (at simulation time 669.000,000,000 s)
2025-06-06 17:30:52,305 INFO  - Already have ACK (at simulation time 669.000,000,000 s)
2025-06-06 17:30:52,305 INFO  - Already have ACK (at simulation time 669.000,000,000 s)
2025-06-06 17:30:52,305 INFO  - Already have ACK (at simulation time 669.000,000,000 s)
2025-06-06 17:30:52,305 INFO  - Already have ACK (at simulation time 669.000,000,000 s)
2025-06-06 17:30:52,305 INFO  - Already have ACK (at simulation time 669.000,000,000 s)
2025-06-06 17:30:52,305 INFO  - Already have ACK (at simulation time 669.000,000,000 s)
2025-06-06 17:30:52,305 INFO  - Already have ACK (at simulation time 669.000,000,000 s)
2025-06-06 17:30:52,305 INFO  - Already have ACK (at simulation time 669.000,000,000 s)
2025-06-06 17:30:52,305 INFO  - Already have ACK (at simulation time 669.000,000,000 s)
2025-06-06 17:30:52,305 INFO  - Already have ACK (at simulation time 669.000,000,000 s)
2025-06-06 17:30:52,305 INFO  - Already have ACK (at simulation time 669.000,000,000 s)
2025-06-06 17:30:52,305 INFO  - Already have ACK (at simulation time 669.000,000,000 s)
2025-06-06 17:30:52,305 INFO  - Already have ACK (at simulation time 669.000,000,000 s)
2025-06-06 17:30:52,305 INFO  - Already have ACK (at simulation time 669.000,000,000 s)
2025-06-06 17:30:52,305 INFO  - Already have ACK (at simulation time 669.000,000,000 s)
2025-06-06 17:30:52,305 INFO  - Already have ACK (at simulation time 669.000,000,000 s)
2025-06-06 17:30:52,305 INFO  - Already have ACK (at simulation time 669.000,000,000 s)
2025-06-06 17:30:52,305 INFO  - Already have ACK (at simulation time 669.000,000,000 s)
2025-06-06 17:30:52,305 INFO  - Already have ACK (at simulation time 669.000,000,000 s)
2025-06-06 17:30:52,305 INFO  - Already have ACK (at simulation time 669.000,000,000 s)
2025-06-06 17:30:52,306 INFO  - Already have ACK (at simulation time 669.000,000,000 s)
2025-06-06 17:30:52,306 INFO  - Already have ACK (at simulation time 669.000,000,000 s)
2025-06-06 17:30:52,306 INFO  - Already have ACK (at simulation time 669.000,000,000 s)
2025-06-06 17:30:52,306 INFO  - Already have ACK (at simulation time 669.000,000,000 s)
2025-06-06 17:30:52,306 INFO  - Already have ACK (at simulation time 669.000,000,000 s)
2025-06-06 17:30:52,306 INFO  - Already have ACK (at simulation time 669.000,000,000 s)
2025-06-06 17:30:52,306 INFO  - Already have ACK (at simulation time 669.000,000,000 s)
2025-06-06 17:30:52,306 INFO  - Already have ACK (at simulation time 669.000,000,000 s)
2025-06-06 17:30:52,306 INFO  - Already have ACK (at simulation time 669.000,000,000 s)
2025-06-06 17:30:52,309 INFO  - Already have ACK (at simulation time 670.000,000,000 s)
2025-06-06 17:30:52,309 INFO  - Already have ACK (at simulation time 670.000,000,000 s)
2025-06-06 17:30:52,309 INFO  - Already have ACK (at simulation time 670.000,000,000 s)
2025-06-06 17:30:52,309 INFO  - Already have ACK (at simulation time 670.000,000,000 s)
2025-06-06 17:30:52,309 INFO  - Already have ACK (at simulation time 670.000,000,000 s)
2025-06-06 17:30:52,309 INFO  - Already have ACK (at simulation time 670.000,000,000 s)
2025-06-06 17:30:52,309 INFO  - Already have ACK (at simulation time 670.000,000,000 s)
2025-06-06 17:30:52,309 INFO  - Already have ACK (at simulation time 670.000,000,000 s)
2025-06-06 17:30:52,309 INFO  - Already have ACK (at simulation time 670.000,000,000 s)
2025-06-06 17:30:52,309 INFO  - Already have ACK (at simulation time 670.000,000,000 s)
2025-06-06 17:30:52,309 INFO  - Already have ACK (at simulation time 670.000,000,000 s)
2025-06-06 17:30:52,310 INFO  - Already have ACK (at simulation time 670.000,000,000 s)
2025-06-06 17:30:52,310 INFO  - Already have ACK (at simulation time 670.000,000,000 s)
2025-06-06 17:30:52,310 INFO  - Already have ACK (at simulation time 670.000,000,000 s)
2025-06-06 17:30:52,310 INFO  - Already have ACK (at simulation time 670.000,000,000 s)
2025-06-06 17:30:52,310 INFO  - Already have ACK (at simulation time 670.000,000,000 s)
2025-06-06 17:30:52,310 INFO  - Already have ACK (at simulation time 670.000,000,000 s)
2025-06-06 17:30:52,310 INFO  - Already have ACK (at simulation time 670.000,000,000 s)
2025-06-06 17:30:52,310 INFO  - Already have ACK (at simulation time 670.000,000,000 s)
2025-06-06 17:30:52,310 INFO  - Already have ACK (at simulation time 670.000,000,000 s)
2025-06-06 17:30:52,310 INFO  - Already have ACK (at simulation time 670.000,000,000 s)
2025-06-06 17:30:52,310 INFO  - Already have ACK (at simulation time 670.000,000,000 s)
2025-06-06 17:30:52,310 INFO  - Already have ACK (at simulation time 670.000,000,000 s)
2025-06-06 17:30:52,310 INFO  - Already have ACK (at simulation time 670.000,000,000 s)
2025-06-06 17:30:52,310 INFO  - Already have ACK (at simulation time 670.000,000,000 s)
2025-06-06 17:30:52,310 INFO  - Already have ACK (at simulation time 670.000,000,000 s)
2025-06-06 17:30:52,310 INFO  - Already have ACK (at simulation time 670.000,000,000 s)
2025-06-06 17:30:52,310 INFO  - Already have ACK (at simulation time 670.000,000,000 s)
2025-06-06 17:30:52,310 INFO  - Already have ACK (at simulation time 670.000,000,000 s)
2025-06-06 17:30:52,310 INFO  - Already have ACK (at simulation time 670.000,000,000 s)
2025-06-06 17:30:52,311 INFO  - Already have ACK (at simulation time 670.000,000,000 s)
2025-06-06 17:30:52,311 INFO  - Already have ACK (at simulation time 670.000,000,000 s)
2025-06-06 17:30:52,311 INFO  - Already have ACK (at simulation time 670.000,000,000 s)
2025-06-06 17:30:52,311 INFO  - Already have ACK (at simulation time 670.000,000,000 s)
2025-06-06 17:30:52,311 INFO  - Already have ACK (at simulation time 670.000,000,000 s)
2025-06-06 17:30:52,311 INFO  - Already have ACK (at simulation time 670.000,000,000 s)
2025-06-06 17:30:52,311 INFO  - Already have ACK (at simulation time 670.000,000,000 s)
2025-06-06 17:30:52,311 INFO  - Already have ACK (at simulation time 670.000,000,000 s)
2025-06-06 17:30:52,311 INFO  - Already have ACK (at simulation time 670.000,000,000 s)
2025-06-06 17:30:52,311 INFO  - Already have ACK (at simulation time 670.000,000,000 s)
2025-06-06 17:30:52,311 INFO  - Already have ACK (at simulation time 670.000,000,000 s)
2025-06-06 17:30:52,311 INFO  - Already have ACK (at simulation time 670.000,000,000 s)
2025-06-06 17:30:52,311 INFO  - Already have ACK (at simulation time 670.000,000,000 s)
2025-06-06 17:30:52,311 INFO  - Already have ACK (at simulation time 670.000,000,000 s)
2025-06-06 17:30:52,311 INFO  - Already have ACK (at simulation time 670.000,000,000 s)
2025-06-06 17:30:52,311 INFO  - Already have ACK (at simulation time 670.000,000,000 s)
2025-06-06 17:30:52,311 INFO  - Already have ACK (at simulation time 670.000,000,000 s)
2025-06-06 17:30:52,311 INFO  - Already have ACK (at simulation time 670.000,000,000 s)
2025-06-06 17:30:52,311 INFO  - Already have ACK (at simulation time 670.000,000,000 s)
2025-06-06 17:30:52,311 INFO  - Already have ACK (at simulation time 670.000,000,000 s)
2025-06-06 17:30:52,311 INFO  - Already have ACK (at simulation time 670.000,000,000 s)
2025-06-06 17:30:52,311 INFO  - Already have ACK (at simulation time 670.000,000,000 s)
2025-06-06 17:30:52,311 INFO  - Already have ACK (at simulation time 670.000,000,000 s)
2025-06-06 17:30:52,311 INFO  - Already have ACK (at simulation time 670.000,000,000 s)
2025-06-06 17:30:52,311 INFO  - Already have ACK (at simulation time 670.000,000,000 s)
2025-06-06 17:30:52,311 INFO  - Already have ACK (at simulation time 670.000,000,000 s)
2025-06-06 17:30:52,311 INFO  - Already have ACK (at simulation time 670.000,000,000 s)
2025-06-06 17:30:52,311 INFO  - Already have ACK (at simulation time 670.000,000,000 s)
2025-06-06 17:30:52,311 INFO  - Already have ACK (at simulation time 670.000,000,000 s)
2025-06-06 17:30:52,311 INFO  - Already have ACK (at simulation time 670.000,000,000 s)
2025-06-06 17:30:52,311 INFO  - Already have ACK (at simulation time 670.000,000,000 s)
2025-06-06 17:30:52,311 INFO  - Already have ACK (at simulation time 670.000,000,000 s)
2025-06-06 17:30:52,312 INFO  - Already have ACK (at simulation time 670.000,000,000 s)
2025-06-06 17:30:52,312 INFO  - Already have ACK (at simulation time 670.000,000,000 s)
2025-06-06 17:30:52,312 INFO  - Already have ACK (at simulation time 670.000,000,000 s)
2025-06-06 17:30:52,312 INFO  - Already have ACK (at simulation time 670.000,000,000 s)
2025-06-06 17:30:52,312 INFO  - Already have ACK (at simulation time 670.000,000,000 s)
2025-06-06 17:30:52,312 INFO  - Already have ACK (at simulation time 670.000,000,000 s)
2025-06-06 17:30:52,312 INFO  - Received metrics from FogNode: avgR0=1.328358208955224, avgR1=2.08955223880597 (at simulation time 670.001,800,000 s)
2025-06-06 17:30:52,313 INFO  - Already have ACK (at simulation time 671.000,000,000 s)
2025-06-06 17:30:52,314 INFO  - Already have ACK (at simulation time 671.000,000,000 s)
2025-06-06 17:30:52,314 INFO  - Already have ACK (at simulation time 671.000,000,000 s)
2025-06-06 17:30:52,314 INFO  - Already have ACK (at simulation time 671.000,000,000 s)
2025-06-06 17:30:52,314 INFO  - Already have ACK (at simulation time 671.000,000,000 s)
2025-06-06 17:30:52,314 INFO  - Already have ACK (at simulation time 671.000,000,000 s)
2025-06-06 17:30:52,314 INFO  - Already have ACK (at simulation time 671.000,000,000 s)
2025-06-06 17:30:52,314 INFO  - Already have ACK (at simulation time 671.000,000,000 s)
2025-06-06 17:30:52,314 INFO  - Already have ACK (at simulation time 671.000,000,000 s)
2025-06-06 17:30:52,314 INFO  - Already have ACK (at simulation time 671.000,000,000 s)
2025-06-06 17:30:52,314 INFO  - Already have ACK (at simulation time 671.000,000,000 s)
2025-06-06 17:30:52,314 INFO  - Already have ACK (at simulation time 671.000,000,000 s)
2025-06-06 17:30:52,314 INFO  - Already have ACK (at simulation time 671.000,000,000 s)
2025-06-06 17:30:52,314 INFO  - Already have ACK (at simulation time 671.000,000,000 s)
2025-06-06 17:30:52,314 INFO  - Already have ACK (at simulation time 671.000,000,000 s)
2025-06-06 17:30:52,314 INFO  - Already have ACK (at simulation time 671.000,000,000 s)
2025-06-06 17:30:52,314 INFO  - Already have ACK (at simulation time 671.000,000,000 s)
2025-06-06 17:30:52,315 INFO  - Already have ACK (at simulation time 671.000,000,000 s)
2025-06-06 17:30:52,315 INFO  - Already have ACK (at simulation time 671.000,000,000 s)
2025-06-06 17:30:52,315 INFO  - Already have ACK (at simulation time 671.000,000,000 s)
2025-06-06 17:30:52,315 INFO  - Already have ACK (at simulation time 671.000,000,000 s)
2025-06-06 17:30:52,315 INFO  - Already have ACK (at simulation time 671.000,000,000 s)
2025-06-06 17:30:52,315 INFO  - Already have ACK (at simulation time 671.000,000,000 s)
2025-06-06 17:30:52,315 INFO  - Already have ACK (at simulation time 671.000,000,000 s)
2025-06-06 17:30:52,315 INFO  - Already have ACK (at simulation time 671.000,000,000 s)
2025-06-06 17:30:52,315 INFO  - Already have ACK (at simulation time 671.000,000,000 s)
2025-06-06 17:30:52,315 INFO  - Already have ACK (at simulation time 671.000,000,000 s)
2025-06-06 17:30:52,315 INFO  - Already have ACK (at simulation time 671.000,000,000 s)
2025-06-06 17:30:52,315 INFO  - Already have ACK (at simulation time 671.000,000,000 s)
2025-06-06 17:30:52,315 INFO  - Already have ACK (at simulation time 671.000,000,000 s)
2025-06-06 17:30:52,315 INFO  - Already have ACK (at simulation time 671.000,000,000 s)
2025-06-06 17:30:52,315 INFO  - Already have ACK (at simulation time 671.000,000,000 s)
2025-06-06 17:30:52,315 INFO  - Already have ACK (at simulation time 671.000,000,000 s)
2025-06-06 17:30:52,315 INFO  - Already have ACK (at simulation time 671.000,000,000 s)
2025-06-06 17:30:52,315 INFO  - Already have ACK (at simulation time 671.000,000,000 s)
2025-06-06 17:30:52,315 INFO  - Already have ACK (at simulation time 671.000,000,000 s)
2025-06-06 17:30:52,315 INFO  - Already have ACK (at simulation time 671.000,000,000 s)
2025-06-06 17:30:52,315 INFO  - Already have ACK (at simulation time 671.000,000,000 s)
2025-06-06 17:30:52,315 INFO  - Already have ACK (at simulation time 671.000,000,000 s)
2025-06-06 17:30:52,315 INFO  - Already have ACK (at simulation time 671.000,000,000 s)
2025-06-06 17:30:52,315 INFO  - Already have ACK (at simulation time 671.000,000,000 s)
2025-06-06 17:30:52,315 INFO  - Already have ACK (at simulation time 671.000,000,000 s)
2025-06-06 17:30:52,316 INFO  - Already have ACK (at simulation time 671.000,000,000 s)
2025-06-06 17:30:52,316 INFO  - Already have ACK (at simulation time 671.000,000,000 s)
2025-06-06 17:30:52,316 INFO  - Already have ACK (at simulation time 671.000,000,000 s)
2025-06-06 17:30:52,316 INFO  - Already have ACK (at simulation time 671.000,000,000 s)
2025-06-06 17:30:52,316 INFO  - Already have ACK (at simulation time 671.000,000,000 s)
2025-06-06 17:30:52,316 INFO  - Already have ACK (at simulation time 671.000,000,000 s)
2025-06-06 17:30:52,316 INFO  - Already have ACK (at simulation time 671.000,000,000 s)
2025-06-06 17:30:52,316 INFO  - Already have ACK (at simulation time 671.000,000,000 s)
2025-06-06 17:30:52,316 INFO  - Already have ACK (at simulation time 671.000,000,000 s)
2025-06-06 17:30:52,316 INFO  - Already have ACK (at simulation time 671.000,000,000 s)
2025-06-06 17:30:52,316 INFO  - Already have ACK (at simulation time 671.000,000,000 s)
2025-06-06 17:30:52,316 INFO  - Already have ACK (at simulation time 671.000,000,000 s)
2025-06-06 17:30:52,316 INFO  - Already have ACK (at simulation time 671.000,000,000 s)
2025-06-06 17:30:52,316 INFO  - Already have ACK (at simulation time 671.000,000,000 s)
2025-06-06 17:30:52,316 INFO  - Already have ACK (at simulation time 671.000,000,000 s)
2025-06-06 17:30:52,316 INFO  - Already have ACK (at simulation time 671.000,000,000 s)
2025-06-06 17:30:52,316 INFO  - Already have ACK (at simulation time 671.000,000,000 s)
2025-06-06 17:30:52,316 INFO  - Already have ACK (at simulation time 671.000,000,000 s)
2025-06-06 17:30:52,316 INFO  - Already have ACK (at simulation time 671.000,000,000 s)
2025-06-06 17:30:52,316 INFO  - Already have ACK (at simulation time 671.000,000,000 s)
2025-06-06 17:30:52,316 INFO  - Already have ACK (at simulation time 671.000,000,000 s)
2025-06-06 17:30:52,316 INFO  - Already have ACK (at simulation time 671.000,000,000 s)
2025-06-06 17:30:52,316 INFO  - Already have ACK (at simulation time 671.000,000,000 s)
2025-06-06 17:30:52,316 INFO  - Already have ACK (at simulation time 671.000,000,000 s)
2025-06-06 17:30:52,316 INFO  - Already have ACK (at simulation time 671.000,000,000 s)
2025-06-06 17:30:52,316 INFO  - Already have ACK (at simulation time 671.000,000,000 s)
2025-06-06 17:30:52,316 INFO  - Already have ACK (at simulation time 671.000,000,000 s)
2025-06-06 17:30:52,317 INFO  - Shutdown application (at simulation time 672.000,000,000 s)
